Basename,Row,Col,Pos,median_score,Adam,Caroline,Clem,Emma,Indira,JoshB,JoshW,Mark,Raf,Yuxuan
DSC_0103.TIF,1,1,1,3.0,,,,,,,2.0,,3.0,3.0
DSC_0103.TIF,1,1,2,4.0,,,,,,,4.0,,4.0,4.0
DSC_0103.TIF,1,1,3,3.0,,,,,,,3.0,,3.0,3.0
DSC_0103.TIF,1,1,5,3.0,,,,,,,3.0,,3.0,3.0
DSC_0103.TIF,1,3,1,2.0,,,,,,,2.0,,4.0,2.0
DSC_0103.TIF,1,3,4,5.0,,,,,,,5.0,,5.0,4.0
DSC_0103.TIF,1,3,5,5.0,,,,,,,5.0,,5.0,5.0
DSC_0103.TIF,1,3,6,5.0,,,,,,,6.0,,5.0,4.0
DSC_0103.TIF,2,2,1,3.0,,,,,,,2.0,,3.0,3.0
DSC_0103.TIF,2,2,2,3.0,,,,,,,2.0,,3.0,3.0
DSC_0103.TIF,2,2,3,4.0,,,,,,,2.0,,4.0,4.0
DSC_0103.TIF,2,2,4,1.0,,,,,,,1.0,,2.0,1.0
DSC_0103.TIF,3,1,1,3.0,,,,,,,1.0,,3.0,3.0
DSC_0103.TIF,3,1,4,3.0,,,,,,,3.0,,4.0,3.0
DSC_0103.TIF,3,1,5,4.0,,,,,,,3.0,,4.0,4.0
DSC_0103.TIF,3,1,6,4.0,,,,,,,2.0,,4.0,4.0
DSC_0103.TIF,3,3,2,2.0,,,,,,,2.0,,3.0,2.0
DSC_0103.TIF,3,3,4,3.0,,,,,,,3.0,,4.0,3.0
DSC_0103.TIF,3,3,5,5.0,,,,,,,4.0,,5.0,6.0
DSC_0103.TIF,3,3,6,4.0,,,,,,,3.0,,4.0,4.0
DSC_0104.TIF,1,1,2,1.0,,1.0,,1.0,,1.0,,,,
DSC_0104.TIF,1,1,4,2.0,,4.0,,2.0,,2.0,,,,
DSC_0104.TIF,1,1,5,2.0,,4.0,,2.0,,2.0,,,,
DSC_0104.TIF,1,1,6,2.0,,4.0,,1.0,,2.0,,,,
DSC_0104.TIF,1,3,1,4.0,,5.0,,4.0,,3.0,,,,
DSC_0104.TIF,1,3,2,4.0,,5.0,,4.0,,4.0,,,,
DSC_0104.TIF,1,3,3,3.0,,3.0,,3.0,,3.0,,,,
DSC_0104.TIF,1,3,4,2.0,,1.0,,2.0,,2.0,,,,
DSC_0104.TIF,2,2,1,2.0,,1.0,,2.0,,2.0,,,,
DSC_0104.TIF,2,2,2,2.0,,2.0,,4.0,,2.0,,,,
DSC_0104.TIF,2,2,3,3.0,,3.0,,4.0,,3.0,,,,
DSC_0104.TIF,2,2,4,3.0,,2.0,,3.0,,3.0,,,,
DSC_0104.TIF,3,1,2,2.0,,2.0,,3.0,,1.0,,,,
DSC_0104.TIF,3,1,4,4.0,,4.0,,4.0,,4.0,,,,
DSC_0104.TIF,3,1,5,4.0,,4.0,,4.0,,4.0,,,,
DSC_0104.TIF,3,1,6,3.0,,3.0,,3.0,,3.0,,,,
DSC_0104.TIF,3,3,1,3.0,,3.0,,3.0,,4.0,,,,
DSC_0104.TIF,3,3,2,4.0,,4.0,,4.0,,4.0,,,,
DSC_0104.TIF,3,3,3,4.0,,4.0,,4.0,,4.0,,,,
DSC_0104.TIF,3,3,4,4.0,,4.0,,4.0,,4.0,,,,
DSC_0105.TIF,1,1,3,0.0,,,,,,,0.0,,0.0,0.0
DSC_0105.TIF,1,1,4,0.0,,,,,,,0.0,,0.0,0.0
DSC_0105.TIF,1,3,2,0.0,,,,,,,0.0,,0.0,0.0
DSC_0105.TIF,1,3,5,0.0,,,,,,,0.0,,0.0,0.0
DSC_0105.TIF,2,2,1,0.0,,,,,,,0.0,,0.0,0.0
DSC_0105.TIF,2,2,6,0.0,,,,,,,0.0,,0.0,0.0
DSC_0105.TIF,3,1,2,1.0,,,,,,,1.0,,1.0,1.0
DSC_0105.TIF,3,1,5,0.0,,,,,,,0.0,,0.0,0.0
DSC_0105.TIF,3,3,1,0.0,,,,,,,0.0,,0.0,0.0
DSC_0105.TIF,3,3,6,0.0,,,,,,,0.0,,0.0,0.0
DSC_0106.TIF,1,1,3,0.0,,,,,,,,,0.0,0.0
DSC_0106.TIF,1,1,4,1.0,1.0,,,,,,,,0.0,1.0
DSC_0106.TIF,1,3,1,0.0,0.0,,,,,,,,0.0,0.0
DSC_0106.TIF,1,3,6,0.0,0.0,,,,,,,,0.0,0.0
DSC_0106.TIF,2,2,1,1.0,1.0,,,,,,,,0.0,1.0
DSC_0106.TIF,2,2,6,0.0,0.0,,,,,,,,0.0,0.0
DSC_0106.TIF,3,1,2,0.0,0.0,,,,,,,,0.0,0.0
DSC_0106.TIF,3,1,5,0.0,0.0,,,,,,,,0.0,0.0
DSC_0106.TIF,3,3,3,0.0,0.0,,,,,,,,0.0,0.0
DSC_0106.TIF,3,3,4,0.0,0.0,,,,,,,,0.0,0.0
DSC_0107.TIF,1,1,2,0.0,,,,,,0.0,0.0,,0.0,
DSC_0107.TIF,1,1,5,2.0,,,,,,,2.0,,2.0,
DSC_0107.TIF,1,3,3,1.0,,,,,,1.0,1.0,,1.0,
DSC_0107.TIF,1,3,4,1.0,,,,,,1.0,1.0,,1.0,
DSC_0107.TIF,2,2,3,0.0,,,,,,0.0,0.0,,0.0,
DSC_0107.TIF,2,2,4,1.0,,,,,,1.0,1.0,,1.0,
DSC_0107.TIF,3,1,2,0.0,,,,,,0.0,0.0,,0.0,
DSC_0107.TIF,3,1,5,0.0,,,,,,0.0,0.0,,0.0,
DSC_0107.TIF,3,3,3,0.0,,,,,,0.0,0.0,,0.0,
DSC_0107.TIF,3,3,4,0.0,,,,,,0.0,0.0,,0.0,
DSC_0108.TIF,1,1,1,0.0,,0.0,,0.0,,,,0.0,,
DSC_0108.TIF,1,1,6,1.0,,1.0,,1.0,,,,1.0,,
DSC_0108.TIF,1,3,2,0.0,,0.0,,0.0,,,,0.0,,
DSC_0108.TIF,1,3,5,3.0,,3.0,,4.0,,,,2.0,,
DSC_0108.TIF,2,2,1,0.0,,0.0,,,,,,0.0,,
DSC_0108.TIF,2,2,2,4.0,,4.0,,4.0,,,,2.0,,
DSC_0108.TIF,2,2,5,0.0,,1.0,,0.0,,,,0.0,,
DSC_0108.TIF,3,1,3,1.0,,1.0,,1.0,,,,1.0,,
DSC_0108.TIF,3,1,4,0.0,,0.0,,0.0,,,,1.0,,
DSC_0108.TIF,3,3,2,0.0,,0.0,,0.0,,,,0.0,,
DSC_0108.TIF,3,3,5,0.0,,0.0,,0.0,,,,0.0,,
DSC_0109.TIF,1,1,3,5.0,6.0,,,,,,,5.0,,5.0
DSC_0109.TIF,1,1,4,5.0,5.0,,,,,,,5.0,,4.0
DSC_0109.TIF,1,3,1,3.0,4.0,,,,,,,3.0,,2.0
DSC_0109.TIF,1,3,6,3.0,4.0,,,,,,,3.0,,3.0
DSC_0109.TIF,2,2,2,3.0,4.0,,,,,,,2.0,,3.0
DSC_0109.TIF,2,2,5,5.0,6.0,,,,,,,5.0,,5.0
DSC_0109.TIF,3,1,3,3.0,4.0,,,,,,,3.0,,3.0
DSC_0109.TIF,3,1,4,2.0,3.0,,,,,,,2.0,,1.0
DSC_0109.TIF,3,3,1,1.0,2.0,,,,,,,1.0,,1.0
DSC_0109.TIF,3,3,6,2.0,3.0,,,,,,,1.0,,2.0
DSC_0110.TIF,1,1,3,4.0,,,,,,4.0,3.0,,5.0,
DSC_0110.TIF,1,1,4,3.0,,,,,,3.0,2.0,,4.0,
DSC_0110.TIF,1,3,2,5.0,,,,,,5.0,3.0,,5.0,
DSC_0110.TIF,1,3,5,5.0,,,,,,5.0,3.0,,5.0,
DSC_0110.TIF,2,2,2,3.0,,,,,,3.0,2.0,,4.0,
DSC_0110.TIF,2,2,5,2.0,,,,,,2.0,1.0,,2.0,
DSC_0110.TIF,3,1,1,2.0,,,,,,2.0,0.0,,2.0,
DSC_0110.TIF,3,1,6,2.0,,,,,,2.0,1.0,,2.0,
DSC_0110.TIF,3,3,2,2.0,,,,,,3.0,1.0,,2.0,
DSC_0110.TIF,3,3,5,2.0,,,,,,4.0,1.0,,2.0,
DSC_0111.TIF,1,1,2,2.0,,1.0,,2.0,,,,2.0,,
DSC_0111.TIF,1,1,4,2.0,,1.0,,2.0,,,,2.0,,
DSC_0111.TIF,1,1,5,4.0,,3.0,,4.0,,,,4.0,,
DSC_0111.TIF,1,1,6,2.0,,2.0,,2.0,,,,2.0,,
DSC_0111.TIF,1,3,1,1.0,,0.0,,1.0,,,,1.0,,
DSC_0111.TIF,1,3,2,1.0,,0.0,,1.0,,,,1.0,,
DSC_0111.TIF,1,3,3,5.0,,3.0,,5.0,,,,5.0,,
DSC_0111.TIF,2,2,1,3.0,,1.0,,3.0,,,,3.0,,
DSC_0111.TIF,2,2,2,2.0,,1.0,,2.0,,,,2.0,,
DSC_0111.TIF,2,2,3,3.0,,2.0,,4.0,,,,3.0,,
DSC_0111.TIF,2,2,4,1.0,,1.0,,1.0,,,,3.0,,
DSC_0111.TIF,3,1,2,0.0,,0.0,,0.0,,,,,,
DSC_0111.TIF,3,1,4,1.0,,1.0,,1.0,,,,2.0,,
DSC_0111.TIF,3,1,5,3.0,,2.0,,3.0,,,,3.0,,
DSC_0111.TIF,3,1,6,0.0,,0.0,,0.0,,,,1.0,,
DSC_0111.TIF,3,3,1,0.0,,0.0,,0.0,,,,1.0,,
DSC_0111.TIF,3,3,2,1.0,,1.0,,1.0,,,,1.0,,
DSC_0111.TIF,3,3,3,2.0,,1.0,,2.0,,,,3.0,,
DSC_0111.TIF,3,3,4,0.0,,0.0,,1.0,,,,0.0,,
DSC_0112.TIF,1,1,2,4.0,,,,,,,4.0,,5.0,4.0
DSC_0112.TIF,1,1,4,1.0,,,,,,,1.0,,1.0,2.0
DSC_0112.TIF,1,1,5,4.0,,,,,,,3.0,,4.0,4.0
DSC_0112.TIF,1,1,6,3.0,,,,,,,2.0,,3.0,3.0
DSC_0112.TIF,1,3,1,3.0,,,,,,,1.0,,3.0,3.0
DSC_0112.TIF,1,3,2,3.0,,,,,,,1.0,,3.0,4.0
DSC_0112.TIF,1,3,3,3.0,,,,,,,2.0,,3.0,4.0
DSC_0112.TIF,1,3,6,3.0,,,,,,,1.0,,3.0,3.0
DSC_0112.TIF,2,2,2,0.0,,,,,,,0.0,,0.0,0.0
DSC_0112.TIF,2,2,4,1.0,,,,,,,0.0,,1.0,1.0
DSC_0112.TIF,2,2,5,3.0,,,,,,,1.0,,3.0,4.0
DSC_0112.TIF,2,2,6,0.0,,,,,,,0.0,,0.0,0.0
DSC_0112.TIF,3,1,1,1.0,,,,,,,1.0,,2.0,1.0
DSC_0112.TIF,3,1,2,4.0,,,,,,,2.0,,4.0,4.0
DSC_0112.TIF,3,1,3,1.0,,,,,,,1.0,,2.0,1.0
DSC_0112.TIF,3,1,5,3.0,,,,,,,2.0,,3.0,3.0
DSC_0112.TIF,3,3,3,1.0,,,,,,,0.0,,1.0,1.0
DSC_0112.TIF,3,3,4,4.0,,,,,,,1.0,,4.0,4.0
DSC_0112.TIF,3,3,5,3.0,,,,,,,1.0,,3.0,3.0
DSC_0112.TIF,3,3,6,2.0,,,,,,,1.0,,2.0,2.0
DSC_0113.TIF,1,1,1,0.0,,,,,,,,0.0,,0.0
DSC_0113.TIF,1,1,2,0.0,,,,,,,,0.0,,0.0
DSC_0113.TIF,1,1,3,3.0,3.0,,,,,,,3.0,,3.0
DSC_0113.TIF,1,1,4,0.0,0.0,,,,,,,0.0,,0.0
DSC_0113.TIF,1,3,2,0.0,,,,,,,,0.0,,0.0
DSC_0113.TIF,1,3,5,0.0,0.0,,,,,,,0.0,,0.0
DSC_0113.TIF,2,2,1,0.0,0.0,,,,,,,,,0.0
DSC_0113.TIF,2,2,4,0.0,2.0,,,,,,,0.0,,0.0
DSC_0113.TIF,2,2,5,1.0,3.0,,,,,,,0.0,,1.0
DSC_0113.TIF,2,2,6,1.0,3.0,,,,,,,1.0,,1.0
DSC_0113.TIF,3,1,5,3.0,3.0,,,,,,,1.0,,3.0
DSC_0113.TIF,3,3,2,0.0,0.0,,,,,,,0.0,,0.0
DSC_0113.TIF,3,3,5,2.0,3.0,,,,,,,2.0,,2.0
DSC_0113.TIF,3,3,6,2.0,,,,,,,,2.0,,2.0
DSC_0114.TIF,1,1,2,0.0,0.0,,,,,,,,0.0,0.0
DSC_0114.TIF,1,1,4,1.0,3.0,,,,,,,,1.0,1.0
DSC_0114.TIF,1,1,5,1.0,4.0,,,,,,,,0.0,1.0
DSC_0114.TIF,1,1,6,1.0,4.0,,,,,,,,0.0,1.0
DSC_0114.TIF,1,3,1,1.0,,,,,,,,,1.0,1.0
DSC_0114.TIF,1,3,5,0.0,,,,,,,,,0.0,0.0
DSC_0114.TIF,2,2,1,3.0,6.0,,,,,,,,1.0,3.0
DSC_0114.TIF,2,2,2,3.0,5.0,,,,,,,,1.0,3.0
DSC_0114.TIF,2,2,3,1.0,5.0,,,,,,,,1.0,1.0
DSC_0114.TIF,2,2,4,0.0,0.0,,,,,,,,0.0,0.0
DSC_0114.TIF,3,1,3,0.0,0.0,,,,,,,,0.0,0.0
DSC_0114.TIF,3,1,6,0.0,,,,,,,,,0.0,0.0
DSC_0114.TIF,3,3,1,0.0,,,,,,,,,0.0,0.0
DSC_0114.TIF,3,3,6,0.0,,,,,,,,,0.0,0.0
DSC_0207.TIF,1,1,1,5.0,6.0,,,,,,,,5.0,4.0
DSC_0207.TIF,1,1,2,5.0,,,,,,,,,5.0,5.0
DSC_0207.TIF,1,1,5,6.0,6.0,,,,,,,,6.0,6.0
DSC_0207.TIF,1,3,2,6.0,6.0,,,,,,,,6.0,6.0
DSC_0207.TIF,1,3,4,6.0,6.0,,,,,,,,6.0,4.0
DSC_0207.TIF,1,3,5,6.0,6.0,,,,,,,,6.0,6.0
DSC_0207.TIF,1,3,6,5.0,6.0,,,,,,,,5.0,4.0
DSC_0207.TIF,2,2,2,6.0,6.0,,,,,,,,6.0,6.0
DSC_0207.TIF,2,2,3,6.0,6.0,,,,,,,,6.0,6.0
DSC_0207.TIF,2,2,4,5.0,6.0,,,,,,,,5.0,5.0
DSC_0207.TIF,2,2,5,6.0,6.0,,,,,,,,6.0,6.0
DSC_0207.TIF,2,2,6,5.0,6.0,,,,,,,,5.0,4.0
DSC_0207.TIF,3,1,1,4.0,6.0,,,,,,,,4.0,4.0
DSC_0207.TIF,3,1,2,6.0,6.0,,,,,,,,6.0,6.0
DSC_0207.TIF,3,1,3,6.0,6.0,,,,,,,,5.0,6.0
DSC_0207.TIF,3,1,6,4.0,5.0,,,,,,,,3.0,4.0
DSC_0207.TIF,3,3,2,4.0,5.0,,,,,,,,4.0,4.0
DSC_0207.TIF,3,3,4,4.0,4.0,,,,,,,,4.0,3.0
DSC_0207.TIF,3,3,5,5.0,6.0,,,,,,,,5.0,5.0
DSC_0207.TIF,3,3,6,4.0,5.0,,,,,,,,3.0,4.0
DSC_0208.TIF,1,1,1,5.0,,4.0,,6.0,,,,5.0,,
DSC_0208.TIF,1,1,2,5.0,,4.0,,6.0,,,,5.0,,
DSC_0208.TIF,1,1,3,4.0,,3.0,,5.0,,,,4.0,,
DSC_0208.TIF,1,1,6,4.0,,2.0,,5.0,,,,4.0,,
DSC_0208.TIF,1,3,1,4.0,,4.0,,6.0,,,,4.0,,
DSC_0208.TIF,1,3,2,5.0,,4.0,,6.0,,,,5.0,,
DSC_0208.TIF,1,3,3,5.0,,4.0,,6.0,,,,5.0,,
DSC_0208.TIF,1,3,6,3.0,,3.0,,4.0,,,,3.0,,
DSC_0208.TIF,2,2,3,6.0,,6.0,,6.0,,,,6.0,,
DSC_0208.TIF,2,2,4,6.0,,5.0,,6.0,,,,6.0,,
DSC_0208.TIF,2,2,5,6.0,,5.0,,6.0,,,,6.0,,
DSC_0208.TIF,2,2,6,6.0,,6.0,,6.0,,,,6.0,,
DSC_0208.TIF,3,1,1,2.0,,1.0,,3.0,,,,2.0,,
DSC_0208.TIF,3,1,2,3.0,,1.0,,3.0,,,,3.0,,
DSC_0208.TIF,3,1,3,4.0,,2.0,,4.0,,,,5.0,,
DSC_0208.TIF,3,1,4,4.0,,2.0,,4.0,,,,5.0,,
DSC_0208.TIF,3,3,2,2.0,,2.0,,3.0,,,,2.0,,
DSC_0208.TIF,3,3,4,3.0,,2.0,,3.0,,,,3.0,,
DSC_0208.TIF,3,3,5,5.0,,3.0,,5.0,,,,5.0,,
DSC_0208.TIF,3,3,6,3.0,,2.0,,3.0,,,,3.0,,
DSC_0209.TIF,1,1,1,0.0,,0.0,,,,0.0,0.0,,,
DSC_0209.TIF,1,1,6,0.0,,0.0,,,,0.0,0.0,,,
DSC_0209.TIF,1,3,2,0.0,,0.0,,,,0.0,0.0,,,
DSC_0209.TIF,1,3,5,0.0,,1.0,,,,0.0,0.0,,,
DSC_0209.TIF,2,2,2,1.0,,1.0,,,,1.0,0.0,,,
DSC_0209.TIF,2,2,5,0.0,,1.0,,,,0.0,0.0,,,
DSC_0209.TIF,3,1,1,0.0,,0.0,,,,0.0,0.0,,,
DSC_0209.TIF,3,1,6,1.0,,1.0,,,,1.0,0.0,,,
DSC_0209.TIF,3,3,1,1.0,,1.0,,,,1.0,0.0,,,
DSC_0209.TIF,3,3,6,0.0,,0.0,,,,0.0,0.0,,,
DSC_0210.TIF,1,1,2,1.0,2.0,,,,,,,1.0,,1.0
DSC_0210.TIF,1,1,5,1.0,3.0,,,,,,,1.0,,1.0
DSC_0210.TIF,1,3,1,1.0,1.0,,,,,,,1.0,,1.0
DSC_0210.TIF,1,3,6,1.0,1.0,,,,,,,1.0,,0.0
DSC_0210.TIF,2,2,2,1.0,2.0,,,,,,,1.0,,1.0
DSC_0210.TIF,2,2,5,3.0,5.0,,,,,,,2.0,,3.0
DSC_0210.TIF,3,1,2,0.0,0.0,,,,,,,0.0,,0.0
DSC_0210.TIF,3,1,5,0.0,0.0,,,,,,,0.0,,0.0
DSC_0210.TIF,3,3,1,0.0,0.0,,,,,,,0.0,,0.0
DSC_0210.TIF,3,3,6,0.0,0.0,,,,,,,0.0,,0.0
DSC_0211.TIF,1,1,2,3.0,5.0,,,,,,,2.0,,3.0
DSC_0211.TIF,1,1,5,1.0,1.0,,,,,,,1.0,,0.0
DSC_0211.TIF,1,3,3,0.0,0.0,,,,,,,0.0,,0.0
DSC_0211.TIF,1,3,4,2.0,2.0,,,,,,,1.0,,2.0
DSC_0211.TIF,2,2,1,1.0,2.0,,,,,,,1.0,,1.0
DSC_0211.TIF,2,2,6,4.0,4.0,,,,,,,3.0,,5.0
DSC_0211.TIF,3,1,2,1.0,2.0,,,,,,,0.0,,1.0
DSC_0211.TIF,3,1,5,3.0,4.0,,,,,,,3.0,,3.0
DSC_0211.TIF,3,3,3,4.0,5.0,,,,,,,3.0,,4.0
DSC_0211.TIF,3,3,4,3.0,3.0,,,,,,,2.0,,3.0
DSC_0212.TIF,1,1,1,5.0,,4.0,,5.0,,,,5.0,,
DSC_0212.TIF,1,1,2,4.0,,3.0,,4.0,,,,4.0,,
DSC_0212.TIF,1,1,3,4.0,,3.0,,4.0,,,,4.0,,
DSC_0212.TIF,1,1,6,2.0,,2.0,,2.0,,,,3.0,,
DSC_0212.TIF,1,3,3,1.0,,1.0,,1.0,,,,3.0,,
DSC_0212.TIF,1,3,4,4.0,,4.0,,5.0,,,,4.0,,
DSC_0212.TIF,1,3,5,2.0,,2.0,,2.0,,,,3.0,,
DSC_0212.TIF,1,3,6,0.0,,0.0,,0.0,,,,0.0,,
DSC_0212.TIF,2,2,1,3.0,,2.0,,3.0,,,,3.0,,
DSC_0212.TIF,2,2,6,1.0,,1.0,,1.0,,,,2.0,,
DSC_0212.TIF,3,1,2,2.0,,1.0,,2.0,,,,3.0,,
DSC_0212.TIF,3,1,5,4.0,,3.0,,4.0,,,,4.0,,
DSC_0212.TIF,3,3,1,1.0,,1.0,,,,,,1.0,,
DSC_0212.TIF,3,3,2,1.0,,1.0,,,,,,1.0,,
DSC_0212.TIF,3,3,3,3.0,,3.0,,3.0,,,,4.0,,
DSC_0213.TIF,1,1,1,6.0,,,,,,,6.0,,6.0,6.0
DSC_0213.TIF,1,1,6,5.0,,,,,,,5.0,,6.0,5.0
DSC_0213.TIF,1,3,2,4.0,,,,,,,4.0,,5.0,4.0
DSC_0213.TIF,1,3,5,5.0,,,,,,,5.0,,5.0,5.0
DSC_0213.TIF,2,2,3,6.0,,,,,,,6.0,,6.0,6.0
DSC_0213.TIF,2,2,4,5.0,,,,,,,5.0,,6.0,5.0
DSC_0213.TIF,3,1,2,4.0,,,,,,,4.0,,5.0,4.0
DSC_0213.TIF,3,1,5,4.0,,,,,,,3.0,,4.0,4.0
DSC_0213.TIF,3,3,3,3.0,,,,,,,2.0,,3.0,3.0
DSC_0213.TIF,3,3,4,3.0,,,,,,,3.0,,3.0,3.0
DSC_0214.TIF,1,1,2,6.0,,,,,,6.0,6.0,,6.0,
DSC_0214.TIF,1,1,5,4.0,,,,,,4.0,4.0,,5.0,
DSC_0214.TIF,1,3,3,4.0,,,,,,4.0,3.0,,5.0,
DSC_0214.TIF,1,3,4,6.0,,,,,,6.0,4.0,,6.0,
DSC_0214.TIF,2,2,3,4.0,,,,,,4.0,3.0,,4.0,
DSC_0214.TIF,2,2,4,3.0,,,,,,3.0,2.0,,3.0,
DSC_0214.TIF,3,1,3,1.0,,,,,,1.0,1.0,,2.0,
DSC_0214.TIF,3,1,4,3.0,,,,,,3.0,3.0,,3.0,
DSC_0214.TIF,3,3,2,4.0,,,,,,4.0,3.0,,6.0,
DSC_0214.TIF,3,3,5,4.0,,,,,,4.0,4.0,,6.0,
DSC_0215.TIF,1,1,1,3.0,3.0,,,4.0,,,,2.0,,
DSC_0215.TIF,1,1,2,3.0,4.0,,,3.0,,,,2.0,,
DSC_0215.TIF,1,1,3,5.0,5.0,,,5.0,,,,3.0,,
DSC_0215.TIF,1,1,4,3.0,4.0,,,3.0,,,,2.0,,
DSC_0215.TIF,1,3,2,4.0,4.0,,,4.0,,,,3.0,,
DSC_0215.TIF,1,3,4,3.0,3.0,,,3.0,,,,3.0,,
DSC_0215.TIF,1,3,5,5.0,5.0,,,5.0,,,,4.0,,
DSC_0215.TIF,1,3,6,3.0,4.0,,,3.0,,,,3.0,,
DSC_0215.TIF,2,2,1,0.0,1.0,,,0.0,,,,0.0,,
DSC_0215.TIF,2,2,2,3.0,5.0,,,3.0,,,,3.0,,
DSC_0215.TIF,2,2,3,3.0,3.0,,,3.0,,,,3.0,,
DSC_0215.TIF,2,2,5,2.0,3.0,,,1.0,,,,2.0,,
DSC_0215.TIF,3,1,1,3.0,5.0,,,3.0,,,,3.0,,
DSC_0215.TIF,3,1,2,5.0,6.0,,,5.0,,,,5.0,,
DSC_0215.TIF,3,1,3,5.0,5.0,,,5.0,,,,4.0,,
DSC_0215.TIF,3,1,5,4.0,4.0,,,4.0,,,,3.0,,
DSC_0215.TIF,3,3,3,3.0,3.0,,,3.0,,,,2.0,,
DSC_0215.TIF,3,3,4,4.0,5.0,,,4.0,,,,3.0,,
DSC_0215.TIF,3,3,5,4.0,5.0,,,4.0,,,,3.0,,
DSC_0215.TIF,3,3,6,4.0,5.0,,,4.0,,,,4.0,,
DSC_0216.TIF,1,1,3,4.0,,3.0,,4.0,,4.0,,,,
DSC_0216.TIF,1,1,4,4.0,,4.0,,5.0,,4.0,,,,
DSC_0216.TIF,1,1,5,3.0,,3.0,,4.0,,3.0,,,,
DSC_0216.TIF,1,1,6,3.0,,3.0,,3.0,,3.0,,,,
DSC_0216.TIF,1,3,1,3.0,,3.0,,3.0,,3.0,,,,
DSC_0216.TIF,1,3,2,4.0,,3.0,,5.0,,4.0,,,,
DSC_0216.TIF,1,3,5,2.0,,1.0,,2.0,,3.0,,,,
DSC_0216.TIF,1,3,6,3.0,,3.0,,3.0,,4.0,,,,
DSC_0216.TIF,2,2,1,2.0,,2.0,,2.0,,2.0,,,,
DSC_0216.TIF,2,2,2,3.0,,3.0,,3.0,,2.0,,,,
DSC_0216.TIF,2,2,3,3.0,,3.0,,4.0,,3.0,,,,
DSC_0216.TIF,2,2,4,3.0,,2.0,,3.0,,4.0,,,,
DSC_0216.TIF,3,1,1,3.0,,2.0,,3.0,,4.0,,,,
DSC_0216.TIF,3,1,4,4.0,,3.0,,4.0,,5.0,,,,
DSC_0216.TIF,3,1,5,3.0,,3.0,,3.0,,4.0,,,,
DSC_0216.TIF,3,1,6,4.0,,4.0,,4.0,,5.0,,,,
DSC_0216.TIF,3,3,1,1.0,,1.0,,1.0,,1.0,,,,
DSC_0216.TIF,3,3,2,2.0,,2.0,,3.0,,2.0,,,,
DSC_0216.TIF,3,3,3,3.0,,2.0,,3.0,,3.0,,,,
DSC_0216.TIF,3,3,5,3.0,,2.0,,3.0,,4.0,,,,
DSC_0217.TIF,1,1,1,4.0,,4.0,,,,4.0,3.0,,,
DSC_0217.TIF,1,1,2,3.0,,3.0,,,,4.0,3.0,,,
DSC_0217.TIF,1,1,3,3.0,,3.0,,,,5.0,3.0,,,
DSC_0217.TIF,1,1,5,0.0,,0.0,,,,0.0,0.0,,,
DSC_0217.TIF,1,3,3,0.0,,0.0,,,,,0.0,,,
DSC_0217.TIF,1,3,4,1.0,,1.0,,,,2.0,1.0,,,
DSC_0217.TIF,1,3,5,1.0,,1.0,,,,2.0,1.0,,,
DSC_0217.TIF,1,3,6,1.0,,1.0,,,,1.0,1.0,,,
DSC_0217.TIF,2,2,1,2.0,,2.0,,,,2.0,1.0,,,
DSC_0217.TIF,2,2,2,2.0,,2.0,,,,3.0,2.0,,,
DSC_0217.TIF,2,2,3,2.0,,2.0,,,,3.0,2.0,,,
DSC_0217.TIF,2,2,6,0.0,,0.0,,,,0.0,0.0,,,
DSC_0217.TIF,3,1,1,2.0,,2.0,,,,5.0,2.0,,,
DSC_0217.TIF,3,1,2,2.0,,2.0,,,,4.0,2.0,,,
DSC_0217.TIF,3,1,3,2.0,,2.0,,,,3.0,2.0,,,
DSC_0217.TIF,3,1,6,0.0,,0.0,,,,0.0,0.0,,,
DSC_0217.TIF,3,3,1,2.0,,2.0,,,,2.0,2.0,,,
DSC_0217.TIF,3,3,2,1.0,,1.0,,,,1.0,0.0,,,
DSC_0217.TIF,3,3,3,1.0,,1.0,,,,1.0,,,,
DSC_0217.TIF,3,3,5,0.0,,0.0,,,,0.0,0.0,,,
DSC_0218.TIF,1,1,1,0.0,0.0,,,0.0,,,,0.0,,
DSC_0218.TIF,1,1,4,2.0,3.0,,,2.0,,,,1.0,,
DSC_0218.TIF,1,1,5,3.0,4.0,,,3.0,,,,2.0,,
DSC_0218.TIF,1,1,6,4.0,4.0,,,4.0,,,,3.0,,
DSC_0218.TIF,1,3,1,3.0,3.0,,,3.0,,,,2.0,,
DSC_0218.TIF,1,3,2,3.0,4.0,,,3.0,,,,2.0,,
DSC_0218.TIF,1,3,6,0.0,0.0,,,0.0,,,,0.0,,
DSC_0218.TIF,2,2,1,2.0,4.0,,,2.0,,,,2.0,,
DSC_0218.TIF,2,2,2,3.0,4.0,,,3.0,,,,3.0,,
DSC_0218.TIF,2,2,3,2.0,4.0,,,2.0,,,,2.0,,
DSC_0218.TIF,2,2,5,0.0,0.0,,,0.0,,,,,,
DSC_0218.TIF,3,1,1,0.0,0.0,,,0.0,,,,0.0,,
DSC_0218.TIF,3,1,4,2.0,3.0,,,2.0,,,,2.0,,
DSC_0218.TIF,3,1,5,4.0,4.0,,,4.0,,,,3.0,,
DSC_0218.TIF,3,1,6,4.0,5.0,,,4.0,,,,4.0,,
DSC_0218.TIF,3,3,1,3.0,5.0,,,3.0,,,,3.0,,
DSC_0218.TIF,3,3,2,4.0,6.0,,,4.0,,,,4.0,,
DSC_0218.TIF,3,3,3,3.0,4.0,,,3.0,,,,3.0,,
DSC_0218.TIF,3,3,4,0.0,0.0,,,0.0,,,,0.0,,
DSC_0803.tif,1,1,1,4.0,,4.0,,,4.0,,,,5.0,
DSC_0803.tif,1,1,2,0.0,,0.0,,,0.0,,,,0.0,
DSC_0803.tif,1,1,3,0.0,,0.0,,,0.0,,,,0.0,
DSC_0803.tif,1,1,4,0.0,,0.0,,,0.0,,,,0.0,
DSC_0803.tif,1,1,5,3.0,,3.0,,,3.0,,,,4.0,
DSC_0803.tif,1,1,6,4.0,,3.0,,,4.0,,,,5.0,
DSC_0803.tif,1,3,1,4.0,,3.0,,,4.0,,,,5.0,
DSC_0803.tif,1,3,2,6.0,,6.0,,,6.0,,,,6.0,
DSC_0803.tif,1,3,4,0.0,,0.0,,,0.0,,,,0.0,
DSC_0803.tif,1,3,5,0.0,,0.0,,,0.0,,,,0.0,
DSC_0803.tif,1,3,6,4.0,,3.0,,,4.0,,,,5.0,
DSC_0803.tif,2,2,1,3.0,,3.0,,,3.0,,,,4.0,
DSC_0803.tif,2,2,2,5.0,,5.0,,,4.0,,,,5.0,
DSC_0803.tif,2,2,3,6.0,,6.0,,,5.0,,,,6.0,
DSC_0803.tif,2,2,4,0.0,,0.0,,,0.0,,,,0.0,
DSC_0803.tif,2,2,5,0.0,,0.0,,,0.0,,,,0.0,
DSC_0803.tif,2,2,6,0.0,,0.0,,,0.0,,,,0.0,
DSC_0803.tif,3,1,1,0.0,,0.0,,,0.0,,,,0.0,
DSC_0803.tif,3,1,2,3.0,,3.0,,,3.0,,,,3.0,
DSC_0803.tif,3,1,3,4.0,,4.0,,,4.0,,,,4.0,
DSC_0803.tif,3,1,4,5.0,,5.0,,,5.0,,,,5.0,
DSC_0803.tif,3,1,5,0.0,,0.0,,,0.0,,,,0.0,
DSC_0803.tif,3,1,6,0.0,,0.0,,,0.0,,,,0.0,
DSC_0803.tif,3,3,1,0.0,,0.0,,,0.0,,,,0.0,
DSC_0803.tif,3,3,2,0.0,,0.0,,,0.0,,,,0.0,
DSC_0803.tif,3,3,3,2.0,,3.0,,,2.0,,,,2.0,
DSC_0803.tif,3,3,4,5.0,,5.0,,,4.0,,,,5.0,
DSC_0803.tif,3,3,5,6.0,,6.0,,,5.0,,,,6.0,
DSC_0803.tif,3,3,6,0.0,,0.0,,,,,,,0.0,
DSC_0804.tif,1,1,1,0.0,,,0.0,,,,0.0,0.0,,
DSC_0804.tif,1,1,2,0.0,,,0.0,,,,0.0,0.0,,
DSC_0804.tif,1,1,3,0.0,,,0.0,,,,0.0,0.0,,
DSC_0804.tif,1,1,4,3.0,,,4.0,,,,2.0,3.0,,
DSC_0804.tif,1,1,5,5.0,,,6.0,,,,5.0,5.0,,
DSC_0804.tif,1,1,6,5.0,,,6.0,,,,5.0,5.0,,
DSC_0804.tif,1,3,1,6.0,,,6.0,,,,6.0,6.0,,
DSC_0804.tif,1,3,2,0.0,,,0.0,,,,0.0,0.0,,
DSC_0804.tif,1,3,3,0.0,,,0.0,,,,0.0,0.0,,
DSC_0804.tif,1,3,4,0.0,,,0.0,,,,0.0,0.0,,
DSC_0804.tif,1,3,5,3.0,,,4.0,,,,2.0,3.0,,
DSC_0804.tif,1,3,6,4.0,,,4.0,,,,3.0,4.0,,
DSC_0804.tif,2,2,1,5.0,,,6.0,,,,4.0,5.0,,
DSC_0804.tif,2,2,2,6.0,,,6.0,,,,6.0,6.0,,
DSC_0804.tif,2,2,3,0.0,,,0.0,,,,0.0,0.0,,
DSC_0804.tif,2,2,4,0.0,,,0.0,,,,0.0,0.0,,
DSC_0804.tif,2,2,5,0.0,,,0.0,,,,0.0,0.0,,
DSC_0804.tif,2,2,6,2.0,,,2.0,,,,3.0,2.0,,
DSC_0804.tif,3,1,1,0.0,,,0.0,,,,0.0,0.0,,
DSC_0804.tif,3,1,2,2.0,,,2.0,,,,2.0,2.0,,
DSC_0804.tif,3,1,3,3.0,,,3.0,,,,3.0,3.0,,
DSC_0804.tif,3,1,4,0.0,,,0.0,,,,0.0,0.0,,
DSC_0804.tif,3,1,5,0.0,,,0.0,,,,0.0,0.0,,
DSC_0804.tif,3,1,6,0.0,,,0.0,,,,0.0,0.0,,
DSC_0804.tif,3,3,1,0.0,,,0.0,,,,0.0,0.0,,
DSC_0804.tif,3,3,2,2.0,,,3.0,,,,2.0,2.0,,
DSC_0804.tif,3,3,3,5.0,,,5.0,,,,4.0,5.0,,
DSC_0804.tif,3,3,4,3.0,,,3.0,,,,2.0,3.0,,
DSC_0804.tif,3,3,5,0.0,,,0.0,,,,0.0,0.0,,
DSC_0804.tif,3,3,6,0.0,,,0.0,,,,0.0,0.0,,
DSC_0805.tif,1,1,1,0.0,,,0.0,,,,0.0,0.0,,
DSC_0805.tif,1,1,2,0.0,,,0.0,,,,0.0,0.0,,
DSC_0805.tif,1,1,3,0.0,,,0.0,,,,0.0,0.0,,
DSC_0805.tif,1,1,4,3.0,,,5.0,,,,2.0,3.0,,
DSC_0805.tif,1,1,5,5.0,,,5.0,,,,5.0,5.0,,
DSC_0805.tif,1,1,6,6.0,,,6.0,,,,6.0,6.0,,
DSC_0805.tif,1,3,1,0.0,,,0.0,,,,0.0,0.0,,
DSC_0805.tif,1,3,2,0.0,,,0.0,,,,0.0,0.0,,
DSC_0805.tif,1,3,3,4.0,,,4.0,,,,3.0,4.0,,
DSC_0805.tif,1,3,4,5.0,,,5.0,,,,4.0,5.0,,
DSC_0805.tif,1,3,5,5.0,,,5.0,,,,5.0,6.0,,
DSC_0805.tif,1,3,6,0.0,,,0.0,,,,0.0,0.0,,
DSC_0805.tif,2,2,1,6.0,,,5.0,,,,6.0,6.0,,
DSC_0805.tif,2,2,2,0.0,,,0.0,,,,0.0,0.0,,
DSC_0805.tif,2,2,3,0.0,,,0.0,,,,0.0,0.0,,
DSC_0805.tif,2,2,4,0.0,,,0.0,,,,0.0,0.0,,
DSC_0805.tif,2,2,5,4.0,,,5.0,,,,2.0,4.0,,
DSC_0805.tif,2,2,6,5.0,,,5.0,,,,3.0,6.0,,
DSC_0805.tif,3,1,1,6.0,,,6.0,,,,6.0,5.0,,
DSC_0805.tif,3,1,2,6.0,,,,,,,6.0,6.0,,
DSC_0805.tif,3,1,3,0.0,,,0.0,,,,0.0,1.0,,
DSC_0805.tif,3,1,4,0.0,,,0.0,,,,0.0,0.0,,
DSC_0805.tif,3,1,5,0.0,,,0.0,,,,0.0,0.0,,
DSC_0805.tif,3,1,6,3.0,,,3.0,,,,3.0,4.0,,
DSC_0805.tif,3,3,1,3.0,,,3.0,,,,2.0,3.0,,
DSC_0805.tif,3,3,2,5.0,,,4.0,,,,5.0,5.0,,
DSC_0805.tif,3,3,3,4.0,,,4.0,,,,4.0,5.0,,
DSC_0805.tif,3,3,4,0.0,,,0.0,,,,0.0,0.0,,
DSC_0805.tif,3,3,5,0.0,,,0.0,,,,0.0,0.0,,
DSC_0805.tif,3,3,6,0.0,,,0.0,,,,0.0,0.0,,
DSC_0806.tif,1,1,1,0.0,,,,,0.0,,,,0.0,0.0
DSC_0806.tif,1,1,2,4.0,,,,,3.0,,,,4.0,4.0
DSC_0806.tif,1,1,3,4.0,,,,,4.0,,,,5.0,4.0
DSC_0806.tif,1,1,4,5.0,,,,,5.0,,,,5.0,5.0
DSC_0806.tif,1,1,5,0.0,,,,,0.0,,,,0.0,0.0
DSC_0806.tif,1,1,6,0.0,,,,,0.0,,,,0.0,0.0
DSC_0806.tif,1,3,1,0.0,,,,,0.0,,,,0.0,0.0
DSC_0806.tif,1,3,2,0.0,,,,,0.0,,,,0.0,0.0
DSC_0806.tif,1,3,3,3.0,,,,,3.0,,,,3.0,3.0
DSC_0806.tif,1,3,4,6.0,,,,,5.0,,,,6.0,6.0
DSC_0806.tif,1,3,5,6.0,,,,,5.0,,,,6.0,6.0
DSC_0806.tif,1,3,6,0.0,,,,,0.0,,,,0.0,0.0
DSC_0806.tif,2,2,1,0.0,,,,,0.0,,,,0.0,0.0
DSC_0806.tif,2,2,2,0.0,,,,,0.0,,,,0.0,0.0
DSC_0806.tif,2,2,3,0.0,,,,,0.0,,,,0.0,0.0
DSC_0806.tif,2,2,4,2.0,,,,,2.0,,,,1.0,2.0
DSC_0806.tif,2,2,5,5.0,,,,,4.0,,,,5.0,5.0
DSC_0806.tif,2,2,6,5.0,,,,,4.0,,,,5.0,5.0
DSC_0806.tif,3,1,1,6.0,,,,,4.0,,,,6.0,6.0
DSC_0806.tif,3,1,2,0.0,,,,,0.0,,,,0.0,0.0
DSC_0806.tif,3,1,3,0.0,,,,,0.0,,,,0.0,0.0
DSC_0806.tif,3,1,4,0.0,,,,,0.0,,,,0.0,0.0
DSC_0806.tif,3,1,5,3.0,,,,,3.0,,,,3.0,3.0
DSC_0806.tif,3,1,6,4.0,,,,,4.0,,,,4.0,4.0
DSC_0806.tif,3,3,1,5.0,,,,,4.0,,,,5.0,5.0
DSC_0806.tif,3,3,2,4.0,,,,,4.0,,,,6.0,4.0
DSC_0806.tif,3,3,3,0.0,,,,,0.0,,,,0.0,0.0
DSC_0806.tif,3,3,4,0.0,,,,,0.0,,,,0.0,0.0
DSC_0806.tif,3,3,5,0.0,,,,,0.0,,,,0.0,0.0
DSC_0806.tif,3,3,6,3.0,,,,,3.0,,,,3.0,2.0
DSC_0807.tif,1,1,1,6.0,,,6.0,,,5.0,6.0,,,
DSC_0807.tif,1,1,2,6.0,,,6.0,,,5.0,6.0,,,
DSC_0807.tif,1,1,3,2.0,,,2.0,,,2.0,2.0,,,
DSC_0807.tif,1,1,4,0.0,,,0.0,,,0.0,0.0,,,
DSC_0807.tif,1,1,5,4.0,,,5.0,,,4.0,4.0,,,
DSC_0807.tif,1,1,6,4.0,,,4.0,,,4.0,4.0,,,
DSC_0807.tif,1,3,1,5.0,,,5.0,,,5.0,4.0,,,
DSC_0807.tif,1,3,2,6.0,,,6.0,,,6.0,6.0,,,
DSC_0807.tif,1,3,3,5.0,,,6.0,,,5.0,5.0,,,
DSC_0807.tif,1,3,4,0.0,,,0.0,,,0.0,0.0,,,
DSC_0807.tif,1,3,5,0.0,,,0.0,,,0.0,0.0,,,
DSC_0807.tif,1,3,6,4.0,,,4.0,,,4.0,4.0,,,
DSC_0807.tif,2,2,1,2.0,,,2.0,,,2.0,2.0,,,
DSC_0807.tif,2,2,2,3.0,,,3.0,,,3.0,2.0,,,
DSC_0807.tif,2,2,3,4.0,,,4.0,,,4.0,4.0,,,
DSC_0807.tif,2,2,4,4.0,,,4.0,,,4.0,3.0,,,
DSC_0807.tif,2,2,5,0.0,,,0.0,,,0.0,0.0,,,
DSC_0807.tif,2,2,6,0.0,,,0.0,,,0.0,0.0,,,
DSC_0807.tif,3,1,1,0.0,,,0.0,,,0.0,0.0,,,
DSC_0807.tif,3,1,2,6.0,,,6.0,,,6.0,6.0,,,
DSC_0807.tif,3,1,3,6.0,,,6.0,,,6.0,6.0,,,
DSC_0807.tif,3,1,4,6.0,,,6.0,,,6.0,6.0,,,
DSC_0807.tif,3,1,5,6.0,,,6.0,,,6.0,6.0,,,
DSC_0807.tif,3,1,6,0.0,,,0.0,,,0.0,0.0,,,
DSC_0807.tif,3,3,1,0.0,,,0.0,,,0.0,0.0,,,
DSC_0807.tif,3,3,2,0.0,,,0.0,,,0.0,0.0,,,
DSC_0807.tif,3,3,3,3.0,,,3.0,,,3.0,2.0,,,
DSC_0807.tif,3,3,4,4.0,,,6.0,,,4.0,4.0,,,
DSC_0807.tif,3,3,5,6.0,,,6.0,,,6.0,5.0,,,
DSC_0807.tif,3,3,6,6.0,,,6.0,,,6.0,5.0,,,
DSC_0808.tif,1,1,1,5.0,,,5.0,,,5.0,5.0,,,
DSC_0808.tif,1,1,2,0.0,,,0.0,,,0.0,0.0,,,
DSC_0808.tif,1,1,3,0.0,,,0.0,,,0.0,0.0,,,
DSC_0808.tif,1,1,4,2.0,,,4.0,,,2.0,2.0,,,
DSC_0808.tif,1,1,5,5.0,,,5.0,,,5.0,4.0,,,
DSC_0808.tif,1,1,6,6.0,,,5.0,,,6.0,6.0,,,
DSC_0808.tif,1,3,1,6.0,,,6.0,,,6.0,6.0,,,
DSC_0808.tif,1,3,2,6.0,,,6.0,,,6.0,6.0,,,
DSC_0808.tif,1,3,3,0.0,,,0.0,,,0.0,0.0,,,
DSC_0808.tif,1,3,4,0.0,,,0.0,,,0.0,0.0,,,
DSC_0808.tif,1,3,5,5.0,,,6.0,,,5.0,5.0,,,
DSC_0808.tif,1,3,6,5.0,,,5.0,,,5.0,5.0,,,
DSC_0808.tif,2,2,1,4.0,,,5.0,,,4.0,4.0,,,
DSC_0808.tif,2,2,2,4.0,,,5.0,,,4.0,4.0,,,
DSC_0808.tif,2,2,4,0.0,,,0.0,,,0.0,0.0,,,
DSC_0808.tif,2,2,5,0.0,,,0.0,,,0.0,0.0,,,
DSC_0808.tif,2,2,6,5.0,,,5.0,,,5.0,4.0,,,
DSC_0808.tif,3,1,1,5.0,,,5.0,,,5.0,3.0,,,
DSC_0808.tif,3,1,2,4.0,,,5.0,,,4.0,4.0,,,
DSC_0808.tif,3,1,3,4.0,,,5.0,,,4.0,4.0,,,
DSC_0808.tif,3,1,4,5.0,,,5.0,,,6.0,4.0,,,
DSC_0808.tif,3,1,5,0.0,,,0.0,,,0.0,0.0,,,
DSC_0808.tif,3,1,6,0.0,,,0.0,,,0.0,0.0,,,
DSC_0808.tif,3,3,1,0.0,,,0.0,,,0.0,0.0,,,
DSC_0808.tif,3,3,2,6.0,,,6.0,,,6.0,5.0,,,
DSC_0808.tif,3,3,3,6.0,,,6.0,,,6.0,4.0,,,
DSC_0808.tif,3,3,4,6.0,,,6.0,,,6.0,5.0,,,
DSC_0808.tif,3,3,5,6.0,,,6.0,,,5.0,6.0,,,
DSC_0808.tif,3,3,6,0.0,,,0.0,,,0.0,0.0,,,
DSC_0810.tif,1,1,1,0.0,,,0.0,,,,0.0,0.0,,
DSC_0810.tif,1,1,2,5.0,,,6.0,,,,4.0,5.0,,
DSC_0810.tif,1,1,3,4.0,,,4.0,,,,3.0,5.0,,
DSC_0810.tif,1,1,4,5.0,,,6.0,,,,4.0,5.0,,
DSC_0810.tif,1,1,5,6.0,,,6.0,,,,5.0,6.0,,
DSC_0810.tif,1,1,6,0.0,,,0.0,,,,0.0,0.0,,
DSC_0810.tif,1,3,1,0.0,,,0.0,,,,0.0,0.0,,
DSC_0810.tif,1,3,2,0.0,,,0.0,,,,0.0,0.0,,
DSC_0810.tif,1,3,3,3.0,,,3.0,,,,3.0,3.0,,
DSC_0810.tif,1,3,4,5.0,,,6.0,,,,4.0,5.0,,
DSC_0810.tif,1,3,5,6.0,,,6.0,,,,6.0,6.0,,
DSC_0810.tif,1,3,6,6.0,,,6.0,,,,6.0,6.0,,
DSC_0810.tif,2,2,1,6.0,,,6.0,,,,6.0,6.0,,
DSC_0810.tif,2,2,2,0.0,,,0.0,,,,0.0,0.0,,
DSC_0810.tif,2,2,3,0.0,,,0.0,,,,0.0,1.0,,
DSC_0810.tif,2,2,4,2.0,,,2.0,,,,1.0,2.0,,
DSC_0810.tif,2,2,5,3.0,,,3.0,,,,3.0,3.0,,
DSC_0810.tif,3,1,1,4.0,,,5.0,,,,4.0,4.0,,
DSC_0810.tif,3,1,2,5.0,,,5.0,,,,4.0,5.0,,
DSC_0810.tif,3,1,3,0.0,,,0.0,,,,0.0,0.0,,
DSC_0810.tif,3,1,4,0.0,,,0.0,,,,0.0,0.0,,
DSC_0810.tif,3,1,5,4.0,,,4.0,,,,3.0,4.0,,
DSC_0810.tif,3,1,6,4.0,,,4.0,,,,3.0,4.0,,
DSC_0810.tif,3,3,1,5.0,,,5.0,,,,4.0,5.0,,
DSC_0810.tif,3,3,2,4.0,,,5.0,,,,3.0,4.0,,
DSC_0810.tif,3,3,3,4.0,,,5.0,,,,3.0,4.0,,
DSC_0810.tif,3,3,4,0.0,,,0.0,,,,0.0,0.0,,
DSC_0810.tif,3,3,5,0.0,,,0.0,,,,0.0,0.0,,
DSC_0810.tif,3,3,6,5.0,,,5.0,,,,3.0,5.0,,
DSC_1173.tif,1,1,1,6.0,,,,6.0,6.0,,,,,6.0
DSC_1173.tif,1,1,2,0.0,,,,0.0,0.0,,,,,0.0
DSC_1173.tif,1,1,3,0.0,,,,0.0,0.0,,,,,0.0
DSC_1173.tif,1,1,4,0.0,,,,0.0,0.0,,,,,0.0
DSC_1173.tif,1,1,5,4.0,,,,4.0,4.0,,,,,4.0
DSC_1173.tif,1,1,6,4.0,,,,4.0,4.0,,,,,5.0
DSC_1173.tif,1,3,1,6.0,,,,6.0,5.0,,,,,6.0
DSC_1173.tif,1,3,2,6.0,,,,6.0,5.0,,,,,6.0
DSC_1173.tif,1,3,3,0.0,,,,0.0,0.0,,,,,0.0
DSC_1173.tif,1,3,4,0.0,,,,0.0,0.0,,,,,0.0
DSC_1173.tif,1,3,5,1.0,,,,1.0,0.0,,,,,1.0
DSC_1173.tif,1,3,6,6.0,,,,6.0,6.0,,,,,6.0
DSC_1173.tif,2,2,1,4.0,,,,4.0,3.0,,,,,4.0
DSC_1173.tif,2,2,2,4.0,,,,4.0,4.0,,,,,5.0
DSC_1173.tif,2,2,3,6.0,,,,6.0,6.0,,,,,6.0
DSC_1173.tif,2,2,4,0.0,,,,0.0,0.0,,,,,0.0
DSC_1173.tif,2,2,5,0.0,,,,0.0,0.0,,,,,0.0
DSC_1173.tif,2,2,6,0.0,,,,0.0,0.0,,,,,0.0
DSC_1173.tif,3,1,1,0.0,,,,0.0,0.0,,,,,0.0
DSC_1173.tif,3,1,2,4.0,,,,4.0,3.0,,,,,4.0
DSC_1173.tif,3,1,3,5.0,,,,5.0,4.0,,,,,5.0
DSC_1173.tif,3,1,4,6.0,,,,6.0,6.0,,,,,6.0
DSC_1173.tif,3,1,5,0.0,,,,0.0,0.0,,,,,0.0
DSC_1173.tif,3,1,6,0.0,,,,0.0,0.0,,,,,0.0
DSC_1173.tif,3,3,1,0.0,,,,0.0,0.0,,,,,0.0
DSC_1173.tif,3,3,2,0.0,,,,0.0,0.0,,,,,0.0
DSC_1173.tif,3,3,3,3.0,,,,3.0,3.0,,,,,3.0
DSC_1173.tif,3,3,4,5.0,,,,5.0,4.0,,,,,5.0
DSC_1173.tif,3,3,5,6.0,,,,6.0,5.0,,,,,6.0
DSC_1173.tif,3,3,6,0.0,,,,0.0,0.0,,,,,0.0
DSC_1174.tif,1,1,1,0.0,,1.0,,,0.0,,,,0.0,
DSC_1174.tif,1,1,2,0.0,,0.0,,,0.0,,,,0.0,
DSC_1174.tif,1,1,3,0.0,,0.0,,,0.0,,,,0.0,
DSC_1174.tif,1,1,4,2.0,,3.0,,,1.0,,,,2.0,
DSC_1174.tif,1,1,5,6.0,,6.0,,,5.0,,,,6.0,
DSC_1174.tif,1,1,6,6.0,,6.0,,,6.0,,,,6.0,
DSC_1174.tif,1,3,2,0.0,,0.0,,,0.0,,,,0.0,
DSC_1174.tif,1,3,3,0.0,,0.0,,,0.0,,,,0.0,
DSC_1174.tif,1,3,4,0.0,,0.0,,,0.0,,,,0.0,
DSC_1174.tif,1,3,5,4.0,,4.0,,,4.0,,,,5.0,
DSC_1174.tif,1,3,6,5.0,,5.0,,,5.0,,,,6.0,
DSC_1174.tif,2,2,1,6.0,,,,,6.0,,,,6.0,
DSC_1174.tif,2,2,2,6.0,,,,,6.0,,,,6.0,
DSC_1174.tif,2,2,3,0.0,,0.0,,,0.0,,,,0.0,
DSC_1174.tif,2,2,4,0.0,,0.0,,,0.0,,,,0.0,
DSC_1174.tif,2,2,5,0.0,,0.0,,,0.0,,,,0.0,
DSC_1174.tif,2,2,6,4.0,,,,,4.0,,,,4.0,
DSC_1174.tif,3,1,1,1.0,,2.0,,,1.0,,,,1.0,
DSC_1174.tif,3,1,2,4.0,,4.0,,,4.0,,,,5.0,
DSC_1174.tif,3,1,3,5.0,,5.0,,,5.0,,,,6.0,
DSC_1174.tif,3,1,4,0.0,,0.0,,,0.0,,,,0.0,
DSC_1174.tif,3,1,5,0.0,,0.0,,,0.0,,,,0.0,
DSC_1174.tif,3,1,6,0.0,,0.0,,,0.0,,,,0.0,
DSC_1174.tif,3,3,1,0.0,,0.0,,,0.0,,,,0.0,
DSC_1174.tif,3,3,2,1.0,,2.0,,,1.0,,,,1.0,
DSC_1174.tif,3,3,3,1.0,,,,,1.0,,,,1.0,
DSC_1174.tif,3,3,4,5.0,,5.0,,,5.0,,,,6.0,
DSC_1174.tif,3,3,5,0.0,,0.0,,,0.0,,,,0.0,
DSC_1174.tif,3,3,6,0.0,,0.0,,,0.0,,,,0.0,
DSC_1175.tif,1,1,1,0.0,,,0.0,,,,0.0,0.0,,
DSC_1175.tif,1,1,2,0.0,,,0.0,,,,0.0,0.0,,
DSC_1175.tif,1,1,3,3.0,,,3.0,,,,2.0,3.0,,
DSC_1175.tif,1,1,4,5.0,,,6.0,,,,5.0,5.0,,
DSC_1175.tif,1,1,5,6.0,,,6.0,,,,6.0,6.0,,
DSC_1175.tif,1,1,6,0.0,,,0.0,,,,0.0,0.0,,
DSC_1175.tif,1,3,1,0.0,,,0.0,,,,0.0,0.0,,
DSC_1175.tif,1,3,2,0.0,,,0.0,,,,0.0,0.0,,
DSC_1175.tif,1,3,3,0.0,,,0.0,,,,0.0,0.0,,
DSC_1175.tif,1,3,4,2.0,,,1.0,,,,2.0,2.0,,
DSC_1175.tif,1,3,5,6.0,,,6.0,,,,6.0,6.0,,
DSC_1175.tif,1,3,6,6.0,,,6.0,,,,6.0,6.0,,
DSC_1175.tif,2,2,1,6.0,,,6.0,,,,6.0,6.0,,
DSC_1175.tif,2,2,2,0.0,,,0.0,,,,0.0,0.0,,
DSC_1175.tif,2,2,3,0.0,,,0.0,,,,0.0,0.0,,
DSC_1175.tif,2,2,4,0.0,,,0.0,,,,0.0,0.0,,
DSC_1175.tif,2,2,5,4.0,,,4.0,,,,3.0,4.0,,
DSC_1175.tif,2,2,6,4.0,,,4.0,,,,4.0,5.0,,
DSC_1175.tif,3,1,1,6.0,,,6.0,,,,6.0,5.0,,
DSC_1175.tif,3,1,2,6.0,,,6.0,,,,6.0,6.0,,
DSC_1175.tif,3,1,3,0.0,,,0.0,,,,0.0,0.0,,
DSC_1175.tif,3,1,4,0.0,,,0.0,,,,0.0,0.0,,
DSC_1175.tif,3,1,5,0.0,,,0.0,,,,0.0,0.0,,
DSC_1175.tif,3,1,6,4.0,,,4.0,,,,4.0,4.0,,
DSC_1175.tif,3,3,1,0.0,,,1.0,,,,0.0,0.0,,
DSC_1175.tif,3,3,2,5.0,,,5.0,,,,4.0,6.0,,
DSC_1175.tif,3,3,3,6.0,,,5.0,,,,6.0,6.0,,
DSC_1175.tif,3,3,4,0.0,,,0.0,,,,0.0,0.0,,
DSC_1175.tif,3,3,5,0.0,,,0.0,,,,0.0,0.0,,
DSC_1175.tif,3,3,6,0.0,,,0.0,,,,0.0,0.0,,
DSC_1176.tif,1,1,1,0.0,,,,0.0,,,,0.0,,0.0
DSC_1176.tif,1,1,2,3.0,,,,4.0,,,,3.0,,3.0
DSC_1176.tif,1,1,3,5.0,,,,5.0,,,,5.0,,3.0
DSC_1176.tif,1,1,4,5.0,,,,5.0,,,,5.0,,4.0
DSC_1176.tif,1,1,5,0.0,,,,0.0,,,,0.0,,0.0
DSC_1176.tif,1,1,6,0.0,,,,0.0,,,,0.0,,0.0
DSC_1176.tif,1,3,1,0.0,,,,0.0,,,,0.0,,0.0
DSC_1176.tif,1,3,2,0.0,,,,0.0,,,,0.0,,0.0
DSC_1176.tif,1,3,3,3.0,,,,3.0,,,,2.0,,3.0
DSC_1176.tif,1,3,4,5.0,,,,5.0,,,,5.0,,5.0
DSC_1176.tif,1,3,5,6.0,,,,6.0,,,,6.0,,6.0
DSC_1176.tif,1,3,6,0.0,,,,0.0,,,,0.0,,0.0
DSC_1176.tif,2,2,1,0.0,,,,0.0,,,,0.0,,0.0
DSC_1176.tif,2,2,2,0.0,,,,0.0,,,,0.0,,0.0
DSC_1176.tif,2,2,3,0.0,,,,0.0,,,,0.0,,0.0
DSC_1176.tif,2,2,4,1.0,,,,2.0,,,,1.0,,1.0
DSC_1176.tif,2,2,5,4.0,,,,4.0,,,,5.0,,4.0
DSC_1176.tif,2,2,6,6.0,,,,6.0,,,,6.0,,6.0
DSC_1176.tif,3,1,1,6.0,,,,6.0,,,,6.0,,6.0
DSC_1176.tif,3,1,2,0.0,,,,0.0,,,,0.0,,0.0
DSC_1176.tif,3,1,3,0.0,,,,0.0,,,,0.0,,0.0
DSC_1176.tif,3,1,4,0.0,,,,0.0,,,,0.0,,0.0
DSC_1176.tif,3,1,5,5.0,,,,5.0,,,,5.0,,4.0
DSC_1176.tif,3,1,6,6.0,,,,6.0,,,,6.0,,6.0
DSC_1176.tif,3,3,1,5.0,,,,5.0,,,,5.0,,4.0
DSC_1176.tif,3,3,2,5.0,,,,6.0,,,,5.0,,5.0
DSC_1176.tif,3,3,3,0.0,,,,0.0,,,,0.0,,0.0
DSC_1176.tif,3,3,4,0.0,,,,0.0,,,,0.0,,0.0
DSC_1176.tif,3,3,5,0.0,,,,0.0,,,,0.0,,0.0
DSC_1176.tif,3,3,6,3.0,,,,3.0,,,,3.0,,2.0
DSC_1177.tif,1,1,1,5.0,,5.0,,,,6.0,,,5.0,
DSC_1177.tif,1,1,2,6.0,,5.0,,,,6.0,,,6.0,
DSC_1177.tif,1,1,3,0.0,,0.0,,,,0.0,,,0.0,
DSC_1177.tif,1,1,4,0.0,,0.0,,,,0.0,,,0.0,
DSC_1177.tif,1,1,5,4.0,,4.0,,,,4.0,,,5.0,
DSC_1177.tif,1,1,6,5.0,,4.0,,,,6.0,,,5.0,
DSC_1177.tif,1,3,1,6.0,,5.0,,,,6.0,,,6.0,
DSC_1177.tif,1,3,2,5.0,,4.0,,,,6.0,,,5.0,
DSC_1177.tif,1,3,3,3.0,,3.0,,,,3.0,,,3.0,
DSC_1177.tif,1,3,4,0.0,,0.0,,,,0.0,,,0.0,
DSC_1177.tif,1,3,5,0.0,,0.0,,,,0.0,,,0.0,
DSC_1177.tif,1,3,6,4.0,,3.0,,,,4.0,,,4.0,
DSC_1177.tif,2,2,1,4.0,,4.0,,,,4.0,,,5.0,
DSC_1177.tif,2,2,3,5.0,,3.0,,,,5.0,,,5.0,
DSC_1177.tif,2,2,4,3.0,,3.0,,,,3.0,,,3.0,
DSC_1177.tif,2,2,5,0.0,,0.0,,,,0.0,,,0.0,
DSC_1177.tif,2,2,6,0.0,,0.0,,,,0.0,,,0.0,
DSC_1177.tif,3,1,1,0.0,,0.0,,,,0.0,,,0.0,
DSC_1177.tif,3,1,2,4.0,,4.0,,,,3.0,,,4.0,
DSC_1177.tif,3,1,3,4.0,,4.0,,,,3.0,,,4.0,
DSC_1177.tif,3,1,4,4.0,,4.0,,,,3.0,,,4.0,
DSC_1177.tif,3,1,5,3.0,,3.0,,,,3.0,,,5.0,
DSC_1177.tif,3,1,6,0.0,,0.0,,,,0.0,,,0.0,
DSC_1177.tif,3,3,1,0.0,,0.0,,,,0.0,,,0.0,
DSC_1177.tif,3,3,2,0.0,,0.0,,,,0.0,,,0.0,
DSC_1177.tif,3,3,3,5.0,,5.0,,,,4.0,,,6.0,
DSC_1177.tif,3,3,4,5.0,,4.0,,,,5.0,,,5.0,
DSC_1177.tif,3,3,5,5.0,,5.0,,,,5.0,,,5.0,
DSC_1177.tif,3,3,6,4.0,,4.0,,,,4.0,,,5.0,
DSC_1178.tif,1,1,1,6.0,,,,6.0,,,,6.0,,
DSC_1178.tif,1,1,2,0.0,,,0.0,0.0,,,,,,
DSC_1178.tif,1,1,3,0.0,,,0.0,0.0,,,,0.0,,
DSC_1178.tif,1,1,4,4.0,,,4.0,4.0,,,,3.0,,
DSC_1178.tif,1,1,5,6.0,,,5.0,6.0,,,,6.0,,
DSC_1178.tif,1,1,6,6.0,,,6.0,6.0,,,,6.0,,
DSC_1178.tif,1,3,1,5.0,,,5.0,5.0,,,,6.0,,
DSC_1178.tif,1,3,2,6.0,,,6.0,6.0,,,,6.0,,
DSC_1178.tif,1,3,3,0.0,,,0.0,0.0,,,,0.0,,
DSC_1178.tif,1,3,4,0.0,,,0.0,0.0,,,,0.0,,
DSC_1178.tif,1,3,5,6.0,,,5.0,6.0,,,,6.0,,
DSC_1178.tif,1,3,6,6.0,,,6.0,6.0,,,,6.0,,
DSC_1178.tif,2,2,1,5.0,,,5.0,6.0,,,,5.0,,
DSC_1178.tif,2,2,2,4.0,,,4.0,5.0,,,,4.0,,
DSC_1178.tif,2,2,4,0.0,,,0.0,0.0,,,,0.0,,
DSC_1178.tif,2,2,5,0.0,,,0.0,0.0,,,,0.0,,
DSC_1178.tif,2,2,6,3.0,,,3.0,4.0,,,,3.0,,
DSC_1178.tif,3,1,1,5.0,,,5.0,4.0,,,,5.0,,
DSC_1178.tif,3,1,2,6.0,,,6.0,5.0,,,,6.0,,
DSC_1178.tif,3,1,3,6.0,,,5.0,6.0,,,,6.0,,
DSC_1178.tif,3,1,4,4.0,,,4.0,4.0,,,,4.0,,
DSC_1178.tif,3,1,5,0.0,,,0.0,0.0,,,,0.0,,
DSC_1178.tif,3,1,6,0.0,,,0.0,0.0,,,,0.0,,
DSC_1178.tif,3,3,1,0.0,,,0.0,0.0,,,,0.0,,
DSC_1178.tif,3,3,2,4.0,,,4.0,4.0,,,,4.0,,
DSC_1178.tif,3,3,3,5.0,,,4.0,5.0,,,,5.0,,
DSC_1178.tif,3,3,4,5.0,,,4.0,5.0,,,,5.0,,
DSC_1178.tif,3,3,5,5.0,,,5.0,6.0,,,,5.0,,
DSC_1178.tif,3,3,6,0.0,,,0.0,,,,,0.0,,
DSC_1179.tif,1,1,1,0.0,,,0.0,,,0.0,0.0,,,
DSC_1179.tif,1,1,2,0.0,,,0.0,,,0.0,0.0,,,
DSC_1179.tif,1,1,3,5.0,,,5.0,,,5.0,3.0,,,
DSC_1179.tif,1,1,4,5.0,,,6.0,,,4.0,5.0,,,
DSC_1179.tif,1,1,5,6.0,,,6.0,,,5.0,6.0,,,
DSC_1179.tif,1,1,6,6.0,,,6.0,,,6.0,5.0,,,
DSC_1179.tif,1,3,1,5.0,,,6.0,,,5.0,5.0,,,
DSC_1179.tif,1,3,2,0.0,,,0.0,,,0.0,0.0,,,
DSC_1179.tif,1,3,3,0.0,,,0.0,,,0.0,0.0,,,
DSC_1179.tif,1,3,4,3.0,,,5.0,,,3.0,3.0,,,
DSC_1179.tif,1,3,5,6.0,,,6.0,,,5.0,6.0,,,
DSC_1179.tif,1,3,6,6.0,,,6.0,,,6.0,4.0,,,
DSC_1179.tif,2,2,1,5.0,,,6.0,,,5.0,5.0,,,
DSC_1179.tif,2,2,2,5.0,,,5.0,,,4.0,5.0,,,
DSC_1179.tif,2,2,3,0.0,,,0.0,,,0.0,0.0,,,
DSC_1179.tif,2,2,4,0.0,,,0.0,,,0.0,0.0,,,
DSC_1179.tif,2,2,5,6.0,,,6.0,,,5.0,6.0,,,
DSC_1179.tif,2,2,6,4.0,,,6.0,,,4.0,3.0,,,
DSC_1179.tif,3,1,1,6.0,,,6.0,,,6.0,5.0,,,
DSC_1179.tif,3,1,2,6.0,,,6.0,,,6.0,4.0,,,
DSC_1179.tif,3,1,3,3.0,,,4.0,,,3.0,2.0,,,
DSC_1179.tif,3,1,4,0.0,,,0.0,,,0.0,0.0,,,
DSC_1179.tif,3,1,5,0.0,,,0.0,,,0.0,0.0,,,
DSC_1179.tif,3,1,6,6.0,,,6.0,,,6.0,6.0,,,
DSC_1179.tif,3,3,1,0.0,,,0.0,,,0.0,0.0,,,
DSC_1179.tif,3,3,2,4.0,,,5.0,,,4.0,4.0,,,
DSC_1179.tif,3,3,3,4.0,,,5.0,,,4.0,3.0,,,
DSC_1179.tif,3,3,4,4.0,,,5.0,,,4.0,3.0,,,
DSC_1179.tif,3,3,5,5.0,,,5.0,,,5.0,3.0,,,
DSC_1179.tif,3,3,6,0.0,,,0.0,,,0.0,0.0,,,
DSC_1180.tif,1,1,1,6.0,,,6.0,5.0,,,,6.0,,
DSC_1180.tif,1,1,2,6.0,,,6.0,6.0,,,,6.0,,
DSC_1180.tif,1,1,4,5.0,,,5.0,4.0,,,,6.0,,
DSC_1180.tif,1,1,5,0.0,,,0.0,0.0,,,,0.0,,
DSC_1180.tif,1,1,6,0.0,,,0.0,1.0,,,,0.0,,
DSC_1180.tif,1,3,1,0.0,,,0.0,0.0,,,,0.0,,
DSC_1180.tif,1,3,2,0.0,,,0.0,0.0,,,,0.0,,
DSC_1180.tif,1,3,4,6.0,,,6.0,6.0,,,,6.0,,
DSC_1180.tif,1,3,5,6.0,,,6.0,6.0,,,,6.0,,
DSC_1180.tif,1,3,6,5.0,,,6.0,5.0,,,,5.0,,
DSC_1180.tif,2,2,1,5.0,,,,5.0,,,,5.0,,
DSC_1180.tif,2,2,2,0.0,,,0.0,0.0,,,,0.0,,
DSC_1180.tif,2,2,3,0.0,,,0.0,0.0,,,,0.0,,
DSC_1180.tif,2,2,4,3.0,,,3.0,3.0,,,,3.0,,
DSC_1180.tif,2,2,5,6.0,,,5.0,6.0,,,,6.0,,
DSC_1180.tif,2,2,6,5.0,,,5.0,5.0,,,,,,
DSC_1180.tif,3,1,1,6.0,,,5.0,6.0,,,,6.0,,
DSC_1180.tif,3,1,2,6.0,,,6.0,6.0,,,,6.0,,
DSC_1180.tif,3,1,3,0.0,,,0.0,0.0,,,,0.0,,
DSC_1180.tif,3,1,4,0.0,,,0.0,0.0,,,,0.0,,
DSC_1180.tif,3,1,5,6.0,,,6.0,6.0,,,,6.0,,
DSC_1180.tif,3,1,6,6.0,,,6.0,6.0,,,,6.0,,
DSC_1180.tif,3,3,1,6.0,,,6.0,6.0,,,,5.0,,
DSC_1180.tif,3,3,2,5.0,,,4.0,5.0,,,,5.0,,
DSC_1180.tif,3,3,3,4.0,,,4.0,4.0,,,,4.0,,
DSC_1180.tif,3,3,4,0.0,,,0.0,0.0,,,,0.0,,
DSC_1180.tif,3,3,5,0.0,,,0.0,0.0,,,,0.0,,
DSC_1180.tif,3,3,6,5.0,,,5.0,6.0,,,,5.0,,
DSC_1344.tif,1,1,1,6.0,,,,,,6.0,6.0,,,
DSC_1344.tif,1,1,2,0.0,,0.0,,,,0.0,0.0,,,
DSC_1344.tif,1,1,3,0.0,,0.0,,,,0.0,0.0,,,
DSC_1344.tif,1,1,4,0.0,,0.0,,,,0.0,0.0,,,
DSC_1344.tif,1,1,5,5.0,,5.0,,,,4.0,5.0,,,
DSC_1344.tif,1,3,1,5.0,,5.0,,,,5.0,5.0,,,
DSC_1344.tif,1,3,2,5.0,,,,,,5.0,5.0,,,
DSC_1344.tif,1,3,3,0.0,,0.0,,,,0.0,0.0,,,
DSC_1344.tif,1,3,4,0.0,,0.0,,,,0.0,0.0,,,
DSC_1344.tif,1,3,5,0.0,,0.0,,,,0.0,0.0,,,
DSC_1344.tif,1,3,6,2.0,,2.0,,,,2.0,3.0,,,
DSC_1344.tif,2,2,1,1.0,,1.0,,,,2.0,1.0,,,
DSC_1344.tif,2,2,2,3.0,,3.0,,,,3.0,3.0,,,
DSC_1344.tif,2,2,3,3.0,,4.0,,,,3.0,3.0,,,
DSC_1344.tif,2,2,4,0.0,,0.0,,,,0.0,0.0,,,
DSC_1344.tif,2,2,5,0.0,,0.0,,,,0.0,0.0,,,
DSC_1344.tif,2,2,6,0.0,,0.0,,,,0.0,0.0,,,
DSC_1344.tif,3,1,1,0.0,,,,,,0.0,0.0,,,
DSC_1344.tif,3,1,4,4.0,,3.0,,,,4.0,5.0,,,
DSC_1344.tif,3,1,5,0.0,,0.0,,,,0.0,0.0,,,
DSC_1344.tif,3,1,6,0.0,,0.0,,,,0.0,0.0,,,
DSC_1344.tif,3,3,1,0.0,,0.0,,,,0.0,0.0,,,
DSC_1344.tif,3,3,2,0.0,,0.0,,,,0.0,0.0,,,
DSC_1344.tif,3,3,3,3.0,,4.0,,,,3.0,3.0,,,
DSC_1344.tif,3,3,4,5.0,,5.0,,,,5.0,5.0,,,
DSC_1344.tif,3,3,5,6.0,,6.0,,,,6.0,5.0,,,
DSC_1344.tif,3,3,6,0.0,,0.0,,,,0.0,0.0,,,
DSC_1345.tif,1,1,1,0.0,,,,,0.0,,,,0.0,
DSC_1345.tif,1,1,2,0.0,,0.0,,,0.0,,,,0.0,
DSC_1345.tif,1,1,3,0.0,,,,,0.0,,,,0.0,
DSC_1345.tif,1,1,4,1.0,,1.0,,,1.0,,,,1.0,
DSC_1345.tif,1,1,5,4.0,,3.0,,,4.0,,,,4.0,
DSC_1345.tif,1,3,1,6.0,,,,,6.0,,,,6.0,
DSC_1345.tif,1,3,2,0.0,,0.0,,,0.0,,,,0.0,
DSC_1345.tif,1,3,3,0.0,,0.0,,,0.0,,,,0.0,
DSC_1345.tif,1,3,4,0.0,,0.0,,,0.0,,,,0.0,
DSC_1345.tif,1,3,5,3.0,,3.0,,,4.0,,,,3.0,
DSC_1345.tif,1,3,6,5.0,,4.0,,,5.0,,,,5.0,
DSC_1345.tif,2,2,1,3.0,,3.0,,,3.0,,,,4.0,
DSC_1345.tif,2,2,2,5.0,,4.0,,,5.0,,,,5.0,
DSC_1345.tif,2,2,3,0.0,,0.0,,,0.0,,,,0.0,
DSC_1345.tif,2,2,4,0.0,,0.0,,,0.0,,,,0.0,
DSC_1345.tif,2,2,5,0.0,,0.0,,,0.0,,,,0.0,
DSC_1345.tif,2,2,6,2.0,,2.0,,,2.0,,,,2.0,
DSC_1345.tif,3,1,1,4.0,,4.0,,,,,,,4.0,
DSC_1345.tif,3,1,2,5.0,,4.0,,,5.0,,,,5.0,
DSC_1345.tif,3,1,3,6.0,,6.0,,,6.0,,,,6.0,
DSC_1345.tif,3,1,4,0.0,,0.0,,,0.0,,,,0.0,
DSC_1345.tif,3,1,5,0.0,,0.0,,,0.0,,,,0.0,
DSC_1345.tif,3,1,6,0.0,,0.0,,,0.0,,,,0.0,
DSC_1345.tif,3,3,1,0.0,,0.0,,,0.0,,,,0.0,
DSC_1345.tif,3,3,2,3.0,,3.0,,,3.0,,,,4.0,
DSC_1345.tif,3,3,3,4.0,,4.0,,,4.0,,,,5.0,
DSC_1345.tif,3,3,4,4.0,,4.0,,,4.0,,,,4.0,
DSC_1345.tif,3,3,5,0.0,,0.0,,,0.0,,,,0.0,
DSC_1345.tif,3,3,6,0.0,,0.0,,,0.0,,,,0.0,
DSC_1346.tif,1,1,1,0.0,,,,0.0,,,,0.0,,0.0
DSC_1346.tif,1,1,2,0.0,,,,0.0,,,,0.0,,0.0
DSC_1346.tif,1,1,3,3.0,,,,3.0,,,,3.0,,3.0
DSC_1346.tif,1,1,4,5.0,,,,5.0,,,,5.0,,5.0
DSC_1346.tif,1,1,5,6.0,,,,6.0,,,,6.0,,6.0
DSC_1346.tif,1,1,6,0.0,,,,0.0,,,,0.0,,0.0
DSC_1346.tif,1,3,1,0.0,,,,0.0,,,,0.0,,0.0
DSC_1346.tif,1,3,2,0.0,,,,0.0,,,,0.0,,0.0
DSC_1346.tif,1,3,3,0.0,,,,0.0,,,,0.0,,0.0
DSC_1346.tif,1,3,4,3.0,,,,3.0,,,,3.0,,2.0
DSC_1346.tif,1,3,5,6.0,,,,6.0,,,,6.0,,5.0
DSC_1346.tif,1,3,6,6.0,,,,6.0,,,,6.0,,6.0
DSC_1346.tif,2,2,1,6.0,,,,6.0,,,,6.0,,6.0
DSC_1346.tif,2,2,2,0.0,,,,0.0,,,,0.0,,0.0
DSC_1346.tif,2,2,3,0.0,,,,0.0,,,,0.0,,0.0
DSC_1346.tif,2,2,4,0.0,,,,0.0,,,,0.0,,0.0
DSC_1346.tif,2,2,5,5.0,,,,5.0,,,,5.0,,4.0
DSC_1346.tif,2,2,6,6.0,,,,6.0,,,,6.0,,5.0
DSC_1346.tif,3,1,1,4.0,,,,4.0,,,,5.0,,4.0
DSC_1346.tif,3,1,2,5.0,,,,5.0,,,,5.0,,4.0
DSC_1346.tif,3,1,3,0.0,,,,0.0,,,,0.0,,0.0
DSC_1346.tif,3,1,4,0.0,,,,0.0,,,,0.0,,0.0
DSC_1346.tif,3,1,5,0.0,,,,0.0,,,,0.0,,0.0
DSC_1346.tif,3,1,6,1.0,,,,2.0,,,,1.0,,1.0
DSC_1346.tif,3,3,1,3.0,,,,3.0,,,,3.0,,3.0
DSC_1346.tif,3,3,2,5.0,,,,5.0,,,,5.0,,5.0
DSC_1346.tif,3,3,3,4.0,,,,4.0,,,,4.0,,4.0
DSC_1346.tif,3,3,4,0.0,,,,0.0,,,,0.0,,0.0
DSC_1346.tif,3,3,5,0.0,,,,0.0,,,,0.0,,0.0
DSC_1346.tif,3,3,6,0.0,,,,0.0,,,,0.0,,0.0
DSC_1347.tif,1,1,1,0.0,,,,0.0,0.0,,,,,0.0
DSC_1347.tif,1,1,2,3.0,,,,3.0,3.0,,,,,2.0
DSC_1347.tif,1,1,3,3.0,,,,3.0,3.0,,,,,3.0
DSC_1347.tif,1,1,4,4.0,,,,4.0,4.0,,,,,3.0
DSC_1347.tif,1,1,5,0.0,,,,0.0,0.0,,,,,0.0
DSC_1347.tif,1,1,6,0.0,,,,0.0,0.0,,,,,0.0
DSC_1347.tif,1,3,1,0.0,,,,0.0,0.0,,,,,0.0
DSC_1347.tif,1,3,2,0.0,,,,0.0,0.0,,,,,0.0
DSC_1347.tif,1,3,3,1.0,,,,1.0,1.0,,,,,0.0
DSC_1347.tif,1,3,4,4.0,,,,5.0,4.0,,,,,4.0
DSC_1347.tif,1,3,5,5.0,,,,6.0,5.0,,,,,5.0
DSC_1347.tif,1,3,6,0.0,,,,0.0,0.0,,,,,0.0
DSC_1347.tif,2,2,1,0.0,,,,0.0,0.0,,,,,0.0
DSC_1347.tif,2,2,2,0.0,,,,0.0,0.0,,,,,0.0
DSC_1347.tif,2,2,3,0.0,,,,0.0,0.0,,,,,0.0
DSC_1347.tif,2,2,4,1.0,,,,2.0,1.0,,,,,1.0
DSC_1347.tif,2,2,5,4.0,,,,4.0,4.0,,,,,4.0
DSC_1347.tif,2,2,6,6.0,,,,6.0,5.0,,,,,6.0
DSC_1347.tif,3,1,1,6.0,,,,6.0,5.0,,,,,6.0
DSC_1347.tif,3,1,2,0.0,,,,0.0,0.0,,,,,0.0
DSC_1347.tif,3,1,3,0.0,,,,0.0,0.0,,,,,0.0
DSC_1347.tif,3,1,4,0.0,,,,0.0,0.0,,,,,0.0
DSC_1347.tif,3,1,5,3.0,,,,3.0,3.0,,,,,3.0
DSC_1347.tif,3,1,6,4.0,,,,4.0,4.0,,,,,5.0
DSC_1347.tif,3,3,1,5.0,,,,5.0,4.0,,,,,5.0
DSC_1347.tif,3,3,2,6.0,,,,6.0,5.0,,,,,6.0
DSC_1347.tif,3,3,3,0.0,,,,0.0,0.0,,,,,0.0
DSC_1347.tif,3,3,4,0.0,,,,0.0,0.0,,,,,0.0
DSC_1347.tif,3,3,5,0.0,,,,0.0,0.0,,,,,0.0
DSC_1347.tif,3,3,6,3.0,,,,3.0,3.0,,,,,3.0
DSC_1348.tif,1,1,1,6.0,,,,,,6.0,6.0,,,
DSC_1348.tif,1,1,3,0.0,,0.0,,,,0.0,0.0,,,
DSC_1348.tif,1,1,4,0.0,,0.0,,,,0.0,0.0,,,
DSC_1348.tif,1,1,5,6.0,,6.0,,,,6.0,5.0,,,
DSC_1348.tif,1,1,6,6.0,,6.0,,,,6.0,5.0,,,
DSC_1348.tif,1,3,1,6.0,,,,,,6.0,6.0,,,
DSC_1348.tif,1,3,3,5.0,,4.0,,,,6.0,5.0,,,
DSC_1348.tif,1,3,4,0.0,,0.0,,,,0.0,0.0,,,
DSC_1348.tif,1,3,5,0.0,,0.0,,,,0.0,0.0,,,
DSC_1348.tif,1,3,6,6.0,,5.0,,,,6.0,6.0,,,
DSC_1348.tif,2,2,1,2.0,,2.0,,,,2.0,2.0,,,
DSC_1348.tif,2,2,2,4.0,,4.0,,,,4.0,4.0,,,
DSC_1348.tif,2,2,3,4.0,,4.0,,,,5.0,4.0,,,
DSC_1348.tif,2,2,4,5.0,,5.0,,,,6.0,4.0,,,
DSC_1348.tif,2,2,5,0.0,,0.0,,,,0.0,0.0,,,
DSC_1348.tif,2,2,6,0.0,,0.0,,,,0.0,0.0,,,
DSC_1348.tif,3,1,1,0.0,,,,,,0.0,0.0,,,
DSC_1348.tif,3,1,2,4.0,,4.0,,,,4.0,3.0,,,
DSC_1348.tif,3,1,3,4.0,,4.0,,,,4.0,2.0,,,
DSC_1348.tif,3,1,4,3.0,,3.0,,,,4.0,3.0,,,
DSC_1348.tif,3,1,5,5.0,,5.0,,,,5.0,4.0,,,
DSC_1348.tif,3,1,6,0.0,,0.0,,,,0.0,0.0,,,
DSC_1348.tif,3,3,1,0.0,,,,,,0.0,0.0,,,
DSC_1348.tif,3,3,2,0.0,,0.0,,,,0.0,0.0,,,
DSC_1348.tif,3,3,4,5.0,,5.0,,,,6.0,5.0,,,
DSC_1348.tif,3,3,5,6.0,,6.0,,,,6.0,6.0,,,
DSC_1348.tif,3,3,6,6.0,,6.0,,,,6.0,6.0,,,
DSC_1349.tif,1,1,1,6.0,,,6.0,6.0,,,,5.0,,
DSC_1349.tif,1,1,2,0.0,,,0.0,0.0,,,,0.0,,
DSC_1349.tif,1,1,3,0.0,,,0.0,0.0,,,,0.0,,
DSC_1349.tif,1,1,4,4.0,,,4.0,4.0,,,,5.0,,
DSC_1349.tif,1,1,5,5.0,,,5.0,5.0,,,,5.0,,
DSC_1349.tif,1,1,6,6.0,,,6.0,6.0,,,,6.0,,
DSC_1349.tif,1,3,1,5.0,,,6.0,5.0,,,,5.0,,
DSC_1349.tif,1,3,2,6.0,,,6.0,6.0,,,,6.0,,
DSC_1349.tif,1,3,3,0.0,,,0.0,0.0,,,,0.0,,
DSC_1349.tif,1,3,4,0.0,,,0.0,0.0,,,,0.0,,
DSC_1349.tif,1,3,5,5.0,,,6.0,5.0,,,,5.0,,
DSC_1349.tif,1,3,6,6.0,,,6.0,6.0,,,,6.0,,
DSC_1349.tif,2,2,1,6.0,,,6.0,6.0,,,,6.0,,
DSC_1349.tif,2,2,2,6.0,,,6.0,6.0,,,,6.0,,
DSC_1349.tif,2,2,3,6.0,,,6.0,5.0,,,,6.0,,
DSC_1349.tif,2,2,4,0.0,,,0.0,0.0,,,,0.0,,
DSC_1349.tif,2,2,5,0.0,,,0.0,0.0,,,,0.0,,
DSC_1349.tif,2,2,6,6.0,,,6.0,6.0,,,,6.0,,
DSC_1349.tif,3,1,1,1.0,,,1.0,2.0,,,,1.0,,
DSC_1349.tif,3,1,2,4.0,,,4.0,5.0,,,,4.0,,
DSC_1349.tif,3,1,3,4.0,,,4.0,4.0,,,,3.0,,
DSC_1349.tif,3,1,4,5.0,,,6.0,5.0,,,,4.0,,
DSC_1349.tif,3,1,5,0.0,,,0.0,0.0,,,,0.0,,
DSC_1349.tif,3,1,6,0.0,,,0.0,0.0,,,,0.0,,
DSC_1349.tif,3,3,1,0.0,,,0.0,0.0,,,,0.0,,
DSC_1349.tif,3,3,2,6.0,,,6.0,6.0,,,,6.0,,
DSC_1349.tif,3,3,3,6.0,,,6.0,6.0,,,,6.0,,
DSC_1349.tif,3,3,4,5.0,,,5.0,6.0,,,,5.0,,
DSC_1349.tif,3,3,5,6.0,,,5.0,6.0,,,,6.0,,
DSC_1349.tif,3,3,6,0.0,,,0.0,0.0,,,,0.0,,
DSC_1350.tif,1,1,1,0.0,,,0.0,0.0,,,,0.0,,
DSC_1350.tif,1,1,2,0.0,,,0.0,0.0,,,,0.0,,
DSC_1350.tif,1,1,3,6.0,,,6.0,6.0,,,,6.0,,
DSC_1350.tif,1,1,4,6.0,,,6.0,6.0,,,,6.0,,
DSC_1350.tif,1,1,5,6.0,,,6.0,5.0,,,,6.0,,
DSC_1350.tif,1,1,6,6.0,,,6.0,6.0,,,,6.0,,
DSC_1350.tif,1,3,1,6.0,,,6.0,6.0,,,,6.0,,
DSC_1350.tif,1,3,2,0.0,,,0.0,0.0,,,,0.0,,
DSC_1350.tif,1,3,3,0.0,,,0.0,0.0,,,,0.0,,
DSC_1350.tif,1,3,4,5.0,,,4.0,5.0,,,,5.0,,
DSC_1350.tif,1,3,5,6.0,,,6.0,6.0,,,,6.0,,
DSC_1350.tif,1,3,6,6.0,,,6.0,6.0,,,,6.0,,
DSC_1350.tif,2,2,1,6.0,,,6.0,6.0,,,,6.0,,
DSC_1350.tif,2,2,2,6.0,,,6.0,6.0,,,,6.0,,
DSC_1350.tif,2,2,3,0.0,,,0.0,0.0,,,,0.0,,
DSC_1350.tif,2,2,4,0.0,,,0.0,0.0,,,,0.0,,
DSC_1350.tif,2,2,5,6.0,,,6.0,5.0,,,,6.0,,
DSC_1350.tif,2,2,6,6.0,,,6.0,5.0,,,,6.0,,
DSC_1350.tif,3,1,1,6.0,,,6.0,6.0,,,,6.0,,
DSC_1350.tif,3,1,2,6.0,,,6.0,6.0,,,,6.0,,
DSC_1350.tif,3,1,3,5.0,,,5.0,4.0,,,,5.0,,
DSC_1350.tif,3,1,4,0.0,,,0.0,0.0,,,,0.0,,
DSC_1350.tif,3,1,5,0.0,,,0.0,0.0,,,,0.0,,
DSC_1350.tif,3,1,6,6.0,,,6.0,6.0,,,,6.0,,
DSC_1350.tif,3,3,1,5.0,,,5.0,5.0,,,,6.0,,
DSC_1350.tif,3,3,2,6.0,,,6.0,6.0,,,,6.0,,
DSC_1350.tif,3,3,3,6.0,,,6.0,6.0,,,,6.0,,
DSC_1350.tif,3,3,4,6.0,,,6.0,6.0,,,,6.0,,
DSC_1350.tif,3,3,5,0.0,,,0.0,0.0,,,,0.0,,
DSC_1350.tif,3,3,6,0.0,,,0.0,0.0,,,,0.0,,
DSC_1351.tif,1,1,1,0.0,,,0.0,,,0.0,0.0,,,
DSC_1351.tif,1,1,2,4.0,,,4.0,,,4.0,3.0,,,
DSC_1351.tif,1,1,3,4.0,,,4.0,,,4.0,2.0,,,
DSC_1351.tif,1,1,4,6.0,,,6.0,,,6.0,6.0,,,
DSC_1351.tif,1,1,5,6.0,,,6.0,,,6.0,6.0,,,
DSC_1351.tif,1,1,6,0.0,,,0.0,,,0.0,0.0,,,
DSC_1351.tif,1,3,1,0.0,,,0.0,,,0.0,0.0,,,
DSC_1351.tif,1,3,2,0.0,,,0.0,,,0.0,0.0,,,
DSC_1351.tif,1,3,3,5.0,,,5.0,,,5.0,5.0,,,
DSC_1351.tif,1,3,4,6.0,,,6.0,,,6.0,5.0,,,
DSC_1351.tif,1,3,5,6.0,,,6.0,,,6.0,6.0,,,
DSC_1351.tif,1,3,6,6.0,,,6.0,,,6.0,5.0,,,
DSC_1351.tif,2,2,1,6.0,,,6.0,,,6.0,5.0,,,
DSC_1351.tif,2,2,2,0.0,,,0.0,,,0.0,0.0,,,
DSC_1351.tif,2,2,3,0.0,,,0.0,,,0.0,0.0,,,
DSC_1351.tif,2,2,4,3.0,,,4.0,,,3.0,3.0,,,
DSC_1351.tif,2,2,5,6.0,,,6.0,,,5.0,6.0,,,
DSC_1351.tif,2,2,6,6.0,,,6.0,,,6.0,6.0,,,
DSC_1351.tif,3,1,1,6.0,,,6.0,,,6.0,6.0,,,
DSC_1351.tif,3,1,2,6.0,,,6.0,,,6.0,6.0,,,
DSC_1351.tif,3,1,3,0.0,,,0.0,,,0.0,0.0,,,
DSC_1351.tif,3,1,4,0.0,,,0.0,,,0.0,0.0,,,
DSC_1351.tif,3,1,5,6.0,,,6.0,,,6.0,6.0,,,
DSC_1351.tif,3,1,6,6.0,,,6.0,,,6.0,5.0,,,
DSC_1351.tif,3,3,1,6.0,,,6.0,,,6.0,5.0,,,
DSC_1351.tif,3,3,2,6.0,,,6.0,,,6.0,5.0,,,
DSC_1351.tif,3,3,3,6.0,,,6.0,,,6.0,5.0,,,
DSC_1351.tif,3,3,4,0.0,,,0.0,,,0.0,0.0,,,
DSC_1351.tif,3,3,5,0.0,,,0.0,,,0.0,0.0,,,
DSC_1351.tif,3,3,6,5.0,,,5.0,,,6.0,4.0,,,
DSC_1556.tif,1,1,1,6.0,,,6.0,,,,6.0,6.0,,
DSC_1556.tif,1,1,2,0.0,,,0.0,,,,0.0,0.0,,
DSC_1556.tif,1,1,3,0.0,,,0.0,,,,0.0,0.0,,
DSC_1556.tif,1,1,4,6.0,,,6.0,,,,6.0,6.0,,
DSC_1556.tif,1,1,5,6.0,,,6.0,,,,6.0,6.0,,
DSC_1556.tif,1,1,6,0.0,,,0.0,,,,0.0,0.0,,
DSC_1556.tif,1,2,1,0.0,,,0.0,,,,0.0,0.0,,
DSC_1556.tif,1,2,2,6.0,,,6.0,,,,5.0,6.0,,
DSC_1556.tif,1,2,3,0.0,,,,,,,0.0,0.0,,
DSC_1556.tif,1,2,4,0.0,,,0.0,,,,0.0,0.0,,
DSC_1556.tif,1,2,5,5.0,,,5.0,,,,4.0,5.0,,
DSC_1556.tif,1,2,6,6.0,,,6.0,,,,5.0,6.0,,
DSC_1556.tif,1,3,1,4.0,,,4.0,,,,4.0,5.0,,
DSC_1556.tif,1,3,2,2.0,,,2.0,,,,1.0,2.0,,
DSC_1556.tif,1,3,3,2.0,,,2.0,,,,2.0,2.0,,
DSC_1556.tif,1,3,4,0.0,,,0.0,,,,0.0,0.0,,
DSC_1556.tif,1,3,5,0.0,,,0.0,,,,0.0,0.0,,
DSC_1556.tif,1,3,6,3.0,,,3.0,,,,3.0,2.0,,
DSC_1556.tif,1,4,1,5.0,,,5.0,,,,5.0,4.0,,
DSC_1556.tif,1,4,2,5.0,,,5.0,,,,6.0,5.0,,
DSC_1556.tif,1,4,3,0.0,,,0.0,,,,0.0,0.0,,
DSC_1556.tif,1,4,4,3.0,,,3.0,,,,3.0,3.0,,
DSC_1556.tif,1,4,5,0.0,,,0.0,,,,0.0,0.0,,
DSC_1556.tif,1,4,6,0.0,,,0.0,,,,0.0,0.0,,
DSC_1556.tif,1,5,1,0.0,,,0.0,,,,0.0,0.0,,
DSC_1556.tif,1,5,2,3.0,,,3.0,,,,3.0,3.0,,
DSC_1556.tif,1,5,3,1.0,,,1.0,,,,1.0,1.0,,
DSC_1556.tif,1,5,4,0.0,,,0.0,,,,0.0,0.0,,
DSC_1556.tif,1,5,5,2.0,,,2.0,,,,2.0,2.0,,
DSC_1556.tif,1,5,6,0.0,,,0.0,,,,0.0,0.0,,
DSC_1556.tif,2,1,1,0.0,,,0.0,,,,0.0,0.0,,
DSC_1556.tif,2,1,2,0.0,,,0.0,,,,0.0,0.0,,
DSC_1556.tif,2,1,3,2.0,,,3.0,,,,1.0,2.0,,
DSC_1556.tif,2,1,4,3.0,,,4.0,,,,3.0,3.0,,
DSC_1556.tif,2,1,5,0.0,,,0.0,,,,0.0,0.0,,
DSC_1556.tif,2,1,6,5.0,,,5.0,,,,5.0,5.0,,
DSC_1556.tif,2,2,1,6.0,,,5.0,,,,6.0,6.0,,
DSC_1556.tif,2,2,2,0.0,,,0.0,,,,0.0,0.0,,
DSC_1556.tif,2,2,3,0.0,,,0.0,,,,0.0,0.0,,
DSC_1556.tif,2,2,4,2.0,,,3.0,,,,2.0,1.0,,
DSC_1556.tif,2,2,5,5.0,,,5.0,,,,0.0,6.0,,
DSC_1556.tif,2,2,6,0.0,,,0.0,,,,0.0,0.0,,
DSC_1556.tif,2,3,1,0.0,,,0.0,,,,0.0,0.0,,
DSC_1556.tif,2,3,2,4.0,,,3.0,,,,5.0,4.0,,
DSC_1556.tif,2,3,3,0.0,,,0.0,,,,0.0,0.0,,
DSC_1556.tif,2,3,4,0.0,,,0.0,,,,0.0,0.0,,
DSC_1556.tif,2,3,5,4.0,,,3.0,,,,4.0,5.0,,
DSC_1556.tif,2,3,6,4.0,,,4.0,,,,4.0,6.0,,
DSC_1556.tif,2,4,1,3.0,,,3.0,,,,3.0,5.0,,
DSC_1556.tif,2,4,2,0.0,,,0.0,,,,0.0,0.0,,
DSC_1556.tif,2,4,3,3.0,,,3.0,,,,2.0,3.0,,
DSC_1556.tif,2,4,4,0.0,,,0.0,,,,0.0,0.0,,
DSC_1556.tif,2,4,5,0.0,,,0.0,,,,0.0,0.0,,
DSC_1556.tif,2,4,6,4.0,,,4.0,,,,4.0,5.0,,
DSC_1556.tif,2,5,1,3.0,,,3.0,,,,3.0,4.0,,
DSC_1556.tif,2,5,2,4.0,,,4.0,,,,4.0,4.0,,
DSC_1556.tif,2,5,3,0.0,,,0.0,,,,0.0,0.0,,
DSC_1556.tif,2,5,4,3.0,,,3.0,,,,2.0,3.0,,
DSC_1556.tif,2,5,5,0.0,,,0.0,,,,0.0,0.0,,
DSC_1556.tif,2,5,6,0.0,,,0.0,,,,0.0,0.0,,
DSC_1558.tif,1,1,1,3.0,,,,,,3.0,,,3.0,
DSC_1558.tif,1,1,2,0.0,,0.0,,,,0.0,,,0.0,
DSC_1558.tif,1,1,3,0.0,,0.0,,,,0.0,,,0.0,
DSC_1558.tif,1,1,4,0.0,,0.0,,,,0.0,,,0.0,
DSC_1558.tif,1,2,2,0.0,,0.0,,,,0.0,,,1.0,
DSC_1558.tif,1,2,3,0.0,,0.0,,,,0.0,,,0.0,
DSC_1558.tif,1,2,4,0.0,,0.0,,,,0.0,,,0.0,
DSC_1558.tif,1,2,5,0.0,,0.0,,,,0.0,,,0.0,
DSC_1558.tif,1,3,1,5.0,,5.0,,,,5.0,,,5.0,
DSC_1558.tif,1,3,2,5.0,,4.0,,,,5.0,,,5.0,
DSC_1558.tif,1,3,3,3.0,,3.0,,,,4.0,,,3.0,
DSC_1558.tif,1,3,4,0.0,,0.0,,,,0.0,,,0.0,
DSC_1558.tif,1,3,5,0.0,,0.0,,,,0.0,,,0.0,
DSC_1558.tif,1,3,6,0.0,,0.0,,,,0.0,,,0.0,
DSC_1558.tif,1,4,1,0.0,,0.0,,,,0.0,,,0.0,
DSC_1558.tif,1,4,2,5.0,,4.0,,,,5.0,,,5.0,
DSC_1558.tif,1,4,3,4.0,,3.0,,,,4.0,,,4.0,
DSC_1558.tif,1,4,4,1.0,,1.0,,,,1.0,,,1.0,
DSC_1558.tif,1,4,5,1.0,,2.0,,,,1.0,,,1.0,
DSC_1558.tif,1,4,6,0.0,,0.0,,,,0.0,,,0.0,
DSC_1558.tif,1,5,1,0.0,,0.0,,,,0.0,,,0.0,
DSC_1558.tif,1,5,2,0.0,,0.0,,,,0.0,,,0.0,
DSC_1558.tif,1,5,3,4.0,,4.0,,,,4.0,,,4.0,
DSC_1558.tif,1,5,4,3.0,,3.0,,,,3.0,,,2.0,
DSC_1558.tif,1,5,5,2.0,,2.0,,,,2.0,,,1.0,
DSC_1558.tif,1,5,6,1.0,,1.0,,,,0.0,,,1.0,
DSC_1558.tif,2,1,2,0.0,,1.0,,,,0.0,,,0.0,
DSC_1558.tif,2,1,3,0.0,,1.0,,,,0.0,,,0.0,
DSC_1558.tif,2,1,4,3.0,,3.0,,,,3.0,,,3.0,
DSC_1558.tif,2,1,5,4.0,,,,,,4.0,,,4.0,
DSC_1558.tif,2,2,1,4.0,,3.0,,,,5.0,,,4.0,
DSC_1558.tif,2,2,2,0.0,,1.0,,,,0.0,,,0.0,
DSC_1558.tif,2,2,3,0.0,,1.0,,,,0.0,,,0.0,
DSC_1558.tif,2,2,4,0.0,,1.0,,,,0.0,,,0.0,
DSC_1558.tif,2,2,5,5.0,,4.0,,,,6.0,,,5.0,
DSC_1558.tif,2,2,6,5.0,,4.0,,,,6.0,,,5.0,
DSC_1558.tif,2,3,2,0.0,,0.0,,,,0.0,,,0.0,
DSC_1558.tif,2,3,3,0.0,,0.0,,,,0.0,,,0.0,
DSC_1558.tif,2,3,4,0.0,,0.0,,,,0.0,,,0.0,
DSC_1558.tif,2,3,5,3.0,,3.0,,,,1.0,,,3.0,
DSC_1558.tif,2,3,6,5.0,,,,,,5.0,,,5.0,
DSC_1558.tif,2,4,1,5.0,,5.0,,,,5.0,,,5.0,
DSC_1558.tif,2,4,2,4.0,,4.0,,,,4.0,,,4.0,
DSC_1558.tif,2,4,3,0.0,,0.0,,,,0.0,,,0.0,
DSC_1558.tif,2,4,4,0.0,,1.0,,,,0.0,,,0.0,
DSC_1558.tif,2,4,5,0.0,,1.0,,,,0.0,,,0.0,
DSC_1558.tif,2,4,6,0.0,,1.0,,,,0.0,,,0.0,
DSC_1558.tif,2,5,1,0.0,,1.0,,,,0.0,,,0.0,
DSC_1558.tif,2,5,2,4.0,,4.0,,,,4.0,,,4.0,
DSC_1558.tif,2,5,3,3.0,,3.0,,,,4.0,,,3.0,
DSC_1558.tif,2,5,4,1.0,,1.0,,,,1.0,,,1.0,
DSC_1558.tif,2,5,5,0.0,,1.0,,,,0.0,,,0.0,
DSC_1558.tif,2,5,6,0.0,,,,,,0.0,,,0.0,
DSC_1592.tif,1,1,1,1.0,,,1.0,,,,1.0,1.0,,
DSC_1592.tif,1,1,2,0.0,,,0.0,,,,0.0,0.0,,
DSC_1592.tif,1,1,3,0.0,,,0.0,,,,0.0,0.0,,
DSC_1592.tif,1,1,4,0.0,,,0.0,,,,0.0,0.0,,
DSC_1592.tif,1,1,5,5.0,,,5.0,,,,5.0,4.0,,
DSC_1592.tif,1,1,6,4.0,,,5.0,,,,4.0,4.0,,
DSC_1592.tif,1,2,1,5.0,,,6.0,,,,5.0,5.0,,
DSC_1592.tif,1,2,2,0.0,,,0.0,,,,0.0,0.0,,
DSC_1592.tif,1,2,3,0.0,,,,,,,0.0,0.0,,
DSC_1592.tif,1,2,4,0.0,,,0.0,,,,0.0,0.0,,
DSC_1592.tif,1,2,5,0.0,,,0.0,,,,0.0,0.0,,
DSC_1592.tif,1,2,6,3.0,,,5.0,,,,3.0,3.0,,
DSC_1592.tif,1,3,1,5.0,,,5.0,,,,5.0,5.0,,
DSC_1592.tif,1,3,2,5.0,,,5.0,,,,4.0,5.0,,
DSC_1592.tif,1,3,3,2.0,,,1.0,,,,2.0,2.0,,
DSC_1592.tif,1,3,4,0.0,,,0.0,,,,0.0,0.0,,
DSC_1592.tif,1,3,5,0.0,,,0.0,,,,0.0,0.0,,
DSC_1592.tif,1,3,6,0.0,,,0.0,,,,0.0,0.0,,
DSC_1592.tif,1,4,1,0.0,,,0.0,,,,0.0,0.0,,
DSC_1592.tif,1,4,2,4.0,,,3.0,,,,4.0,4.0,,
DSC_1592.tif,1,4,3,3.0,,,3.0,,,,3.0,3.0,,
DSC_1592.tif,1,4,4,0.0,,,0.0,,,,0.0,0.0,,
DSC_1592.tif,1,4,5,0.0,,,0.0,,,,0.0,0.0,,
DSC_1592.tif,1,4,6,0.0,,,0.0,,,,,0.0,,
DSC_1592.tif,1,5,1,0.0,,,0.0,,,,0.0,0.0,,
DSC_1592.tif,1,5,2,0.0,,,0.0,,,,0.0,0.0,,
DSC_1592.tif,1,5,3,4.0,,,4.0,,,,4.0,4.0,,
DSC_1592.tif,1,5,4,5.0,,,5.0,,,,4.0,5.0,,
DSC_1592.tif,1,5,5,3.0,,,4.0,,,,3.0,3.0,,
DSC_1592.tif,1,5,6,5.0,,,6.0,,,,5.0,5.0,,
DSC_1592.tif,2,1,1,0.0,,,0.0,,,,0.0,0.0,,
DSC_1592.tif,2,1,2,0.0,,,0.0,,,,0.0,0.0,,
DSC_1592.tif,2,1,3,0.0,,,0.0,,,,0.0,0.0,,
DSC_1592.tif,2,1,4,3.0,,,4.0,,,,3.0,3.0,,
DSC_1592.tif,2,1,5,6.0,,,6.0,,,,5.0,6.0,,
DSC_1592.tif,2,1,6,6.0,,,6.0,,,,5.0,6.0,,
DSC_1592.tif,2,2,1,3.0,,,3.0,,,,2.0,3.0,,
DSC_1592.tif,2,2,2,0.0,,,0.0,,,,1.0,0.0,,
DSC_1592.tif,2,2,3,0.0,,,0.0,,,,0.0,0.0,,
DSC_1592.tif,2,2,4,0.0,,,0.0,,,,0.0,0.0,,
DSC_1592.tif,2,2,5,4.0,,,3.0,,,,4.0,4.0,,
DSC_1592.tif,2,2,6,5.0,,,5.0,,,,5.0,5.0,,
DSC_1592.tif,2,3,1,6.0,,,6.0,,,,6.0,6.0,,
DSC_1592.tif,2,3,2,0.0,,,0.0,,,,0.0,0.0,,
DSC_1592.tif,2,3,3,0.0,,,,,,,0.0,0.0,,
DSC_1592.tif,2,3,4,0.0,,,,,,,0.0,0.0,,
DSC_1592.tif,2,3,5,0.0,,,0.0,,,,0.0,0.0,,
DSC_1592.tif,2,3,6,5.0,,,6.0,,,,4.0,5.0,,
DSC_1592.tif,2,4,1,6.0,,,6.0,,,,6.0,6.0,,
DSC_1592.tif,2,4,2,5.0,,,5.0,,,,4.0,5.0,,
DSC_1592.tif,2,4,3,0.0,,,0.0,,,,0.0,0.0,,
DSC_1592.tif,2,4,4,0.0,,,0.0,,,,0.0,0.0,,
DSC_1592.tif,2,4,5,0.0,,,0.0,,,,0.0,0.0,,
DSC_1592.tif,2,4,6,0.0,,,0.0,,,,0.0,0.0,,
DSC_1592.tif,2,5,1,0.0,,,0.0,,,,0.0,0.0,,
DSC_1592.tif,2,5,2,3.0,,,3.0,,,,3.0,4.0,,
DSC_1592.tif,2,5,3,3.0,,,3.0,,,,0.0,3.0,,
DSC_1592.tif,2,5,4,1.0,,,0.0,,,,1.0,2.0,,
DSC_1592.tif,2,5,5,0.0,,,0.0,,,,0.0,1.0,,
DSC_1592.tif,2,5,6,0.0,,,0.0,,,,0.0,0.0,,
DSC_1593.tif,1,1,1,4.0,,,5.0,,,3.0,4.0,,,
DSC_1593.tif,1,1,2,0.0,,,0.0,,,0.0,0.0,,,
DSC_1593.tif,1,1,3,0.0,,,0.0,,,0.0,0.0,,,
DSC_1593.tif,1,1,4,4.0,,,0.0,,,4.0,4.0,,,
DSC_1593.tif,1,1,5,5.0,,,5.0,,,5.0,5.0,,,
DSC_1593.tif,1,1,6,0.0,,,4.0,,,0.0,0.0,,,
DSC_1593.tif,1,2,1,0.0,,,0.0,,,0.0,0.0,,,
DSC_1593.tif,1,2,2,4.0,,,4.0,,,3.0,4.0,,,
DSC_1593.tif,1,2,3,0.0,,,0.0,,,0.0,0.0,,,
DSC_1593.tif,1,2,4,0.0,,,0.0,,,0.0,0.0,,,
DSC_1593.tif,1,2,5,2.0,,,1.0,,,2.0,2.0,,,
DSC_1593.tif,1,2,6,5.0,,,5.0,,,4.0,5.0,,,
DSC_1593.tif,1,3,1,4.0,,,4.0,,,4.0,4.0,,,
DSC_1593.tif,1,3,2,0.0,,,0.0,,,0.0,0.0,,,
DSC_1593.tif,1,3,3,3.0,,,3.0,,,4.0,3.0,,,
DSC_1593.tif,1,3,4,0.0,,,0.0,,,0.0,0.0,,,
DSC_1593.tif,1,3,5,0.0,,,0.0,,,0.0,0.0,,,
DSC_1593.tif,1,3,6,3.0,,,3.0,,,4.0,3.0,,,
DSC_1593.tif,1,4,1,3.0,,,3.0,,,5.0,3.0,,,
DSC_1593.tif,1,4,2,3.0,,,3.0,,,3.0,2.0,,,
DSC_1593.tif,1,4,3,0.0,,,0.0,,,0.0,0.0,,,
DSC_1593.tif,1,4,4,1.0,,,0.0,,,2.0,1.0,,,
DSC_1593.tif,1,4,5,0.0,,,0.0,,,0.0,0.0,,,
DSC_1593.tif,1,4,6,0.0,,,1.0,,,0.0,0.0,,,
DSC_1593.tif,1,5,1,0.0,,,0.0,,,0.0,0.0,,,
DSC_1593.tif,1,5,2,5.0,,,5.0,,,5.0,5.0,,,
DSC_1593.tif,1,5,3,3.0,,,5.0,,,3.0,3.0,,,
DSC_1593.tif,1,5,4,0.0,,,0.0,,,0.0,0.0,,,
DSC_1593.tif,1,5,5,4.0,,,4.0,,,4.0,4.0,,,
DSC_1593.tif,1,5,6,0.0,,,0.0,,,0.0,0.0,,,
DSC_1593.tif,2,1,1,0.0,,,0.0,,,0.0,0.0,,,
DSC_1593.tif,2,1,2,0.0,,,0.0,,,0.0,0.0,,,
DSC_1593.tif,2,1,3,1.0,,,1.0,,,0.0,1.0,,,
DSC_1593.tif,2,1,4,1.0,,,4.0,,,1.0,1.0,,,
DSC_1593.tif,2,1,5,0.0,,,0.0,,,0.0,,,,
DSC_1593.tif,2,1,6,3.0,,,1.0,,,3.0,3.0,,,
DSC_1593.tif,2,2,1,6.0,,,5.0,,,6.0,6.0,,,
DSC_1593.tif,2,2,2,0.0,,,0.0,,,0.0,0.0,,,
DSC_1593.tif,2,2,3,0.0,,,0.0,,,0.0,0.0,,,
DSC_1593.tif,2,2,4,5.0,,,5.0,,,5.0,5.0,,,
DSC_1593.tif,2,2,5,5.0,,,4.0,,,5.0,6.0,,,
DSC_1593.tif,2,2,6,0.0,,,0.0,,,0.0,0.0,,,
DSC_1593.tif,2,3,1,0.0,,,0.0,,,0.0,0.0,,,
DSC_1593.tif,2,3,2,4.0,,,4.0,,,3.0,4.0,,,
DSC_1593.tif,2,3,3,0.0,,,0.0,,,0.0,0.0,,,
DSC_1593.tif,2,3,4,0.0,,,0.0,,,0.0,0.0,,,
DSC_1593.tif,2,3,5,5.0,,,5.0,,,5.0,6.0,,,
DSC_1593.tif,2,3,6,4.0,,,3.0,,,5.0,4.0,,,
DSC_1593.tif,2,4,1,5.0,,,5.0,,,5.0,5.0,,,
DSC_1593.tif,2,4,2,0.0,,,0.0,,,0.0,0.0,,,
DSC_1593.tif,2,4,3,2.0,,,2.0,,,2.0,3.0,,,
DSC_1593.tif,2,4,4,0.0,,,0.0,,,0.0,0.0,,,
DSC_1593.tif,2,4,5,0.0,,,0.0,,,0.0,0.0,,,
DSC_1593.tif,2,4,6,4.0,,,3.0,,,6.0,4.0,,,
DSC_1593.tif,2,5,1,4.0,,,4.0,,,5.0,4.0,,,
DSC_1593.tif,2,5,2,4.0,,,4.0,,,5.0,4.0,,,
DSC_1593.tif,2,5,3,0.0,,,0.0,,,0.0,0.0,,,
DSC_1593.tif,2,5,4,3.0,,,3.0,,,3.0,3.0,,,
DSC_1593.tif,2,5,5,0.0,,,0.0,,,0.0,0.0,,,
DSC_1593.tif,2,5,6,0.0,,,0.0,,,0.0,0.0,,,
DSC_2394.tif,1,1,1,3.0,,,,3.0,,,,4.0,,3.0
DSC_2394.tif,1,1,2,0.0,,,,0.0,,,,0.0,,0.0
DSC_2394.tif,1,1,3,0.0,,,,0.0,,,,0.0,,0.0
DSC_2394.tif,1,1,4,0.0,,,,0.0,,,,0.0,,0.0
DSC_2394.tif,1,1,5,5.0,,,,5.0,,,,4.0,,5.0
DSC_2394.tif,1,3,1,5.0,,,,5.0,,,,6.0,,5.0
DSC_2394.tif,1,3,2,1.0,,,,1.0,,,,0.0,,1.0
DSC_2394.tif,1,3,3,0.0,,,,0.0,,,,0.0,,0.0
DSC_2394.tif,1,3,4,0.0,,,,0.0,,,,0.0,,0.0
DSC_2394.tif,1,3,5,0.0,,,,1.0,,,,0.0,,0.0
DSC_2394.tif,2,2,1,0.0,,,,0.0,,,,0.0,,0.0
DSC_2394.tif,2,2,2,3.0,,,,4.0,,,,2.0,,3.0
DSC_2394.tif,2,2,3,0.0,,,,0.0,,,,0.0,,0.0
DSC_2394.tif,2,2,4,0.0,,,,0.0,,,,0.0,,0.0
DSC_2394.tif,2,2,5,0.0,,,,0.0,,,,0.0,,0.0
DSC_2394.tif,3,1,1,0.0,,,,0.0,,,,0.0,,0.0
DSC_2394.tif,3,1,2,0.0,,,,0.0,,,,0.0,,0.0
DSC_2394.tif,3,1,3,4.0,,,,4.0,,,,4.0,,3.0
DSC_2394.tif,3,1,4,0.0,,,,0.0,,,,0.0,,0.0
DSC_2394.tif,3,1,5,0.0,,,,0.0,,,,0.0,,0.0
DSC_2394.tif,3,3,1,0.0,,,,0.0,,,,0.0,,0.0
DSC_2394.tif,3,3,2,0.0,,,,0.0,,,,0.0,,0.0
DSC_2394.tif,3,3,3,0.0,,,,0.0,,,,0.0,,0.0
DSC_2394.tif,3,3,4,6.0,,,,6.0,,,,6.0,,5.0
DSC_2394.tif,3,3,5,5.0,,,,5.0,,,,5.0,,4.0
DSC_2395.tif,1,1,1,3.0,,3.0,,,4.0,,,,3.0,
DSC_2395.tif,1,1,2,0.0,,0.0,,,0.0,,,,0.0,
DSC_2395.tif,1,1,3,0.0,,0.0,,,0.0,,,,,
DSC_2395.tif,1,1,4,0.0,,1.0,,,0.0,,,,0.0,
DSC_2395.tif,1,1,5,6.0,,6.0,,,6.0,,,,5.0,
DSC_2395.tif,1,3,1,5.0,,6.0,,,5.0,,,,5.0,
DSC_2395.tif,1,3,2,2.0,,3.0,,,2.0,,,,1.0,
DSC_2395.tif,1,3,3,0.0,,0.0,,,0.0,,,,0.0,
DSC_2395.tif,1,3,4,0.0,,0.0,,,0.0,,,,0.0,
DSC_2395.tif,1,3,5,0.0,,0.0,,,0.0,,,,0.0,
DSC_2395.tif,2,2,1,0.0,,0.0,,,0.0,,,,0.0,
DSC_2395.tif,2,2,2,6.0,,6.0,,,5.0,,,,6.0,
DSC_2395.tif,2,2,3,0.0,,,,,0.0,,,,0.0,
DSC_2395.tif,2,2,4,0.0,,0.0,,,0.0,,,,0.0,
DSC_2395.tif,2,2,5,0.0,,0.0,,,0.0,,,,0.0,
DSC_2395.tif,3,1,1,0.0,,0.0,,,0.0,,,,0.0,
DSC_2395.tif,3,1,2,0.0,,0.0,,,0.0,,,,0.0,
DSC_2395.tif,3,1,3,5.0,,5.0,,,5.0,,,,5.0,
DSC_2395.tif,3,1,4,1.0,,2.0,,,0.0,,,,1.0,
DSC_2395.tif,3,1,5,0.0,,0.0,,,0.0,,,,0.0,
DSC_2395.tif,3,3,1,0.0,,0.0,,,0.0,,,,0.0,
DSC_2395.tif,3,3,2,0.0,,0.0,,,0.0,,,,0.0,
DSC_2395.tif,3,3,3,0.0,,0.0,,,0.0,,,,0.0,
DSC_2395.tif,3,3,4,5.0,,5.0,,,4.0,,,,5.0,
DSC_2395.tif,3,3,5,4.0,,3.0,,,4.0,,,,4.0,
DSC_2396.tif,1,1,1,3.0,,,,3.0,,,,4.0,,3.0
DSC_2396.tif,1,1,2,0.0,,,,1.0,,,,0.0,,0.0
DSC_2396.tif,1,1,3,0.0,,,,0.0,,,,0.0,,0.0
DSC_2396.tif,1,1,4,0.0,,,,0.0,,,,,,0.0
DSC_2396.tif,1,1,5,0.0,,,,0.0,,,,0.0,,0.0
DSC_2396.tif,1,3,1,4.0,,,,4.0,,,,5.0,,3.0
DSC_2396.tif,1,3,2,0.0,,,,0.0,,,,0.0,,0.0
DSC_2396.tif,1,3,3,0.0,,,,0.0,,,,0.0,,0.0
DSC_2396.tif,1,3,4,0.0,,,,0.0,,,,0.0,,0.0
DSC_2396.tif,1,3,5,5.0,,,,5.0,,,,6.0,,5.0
DSC_2396.tif,2,2,1,0.0,,,,0.0,,,,0.0,,0.0
DSC_2396.tif,2,2,2,5.0,,,,5.0,,,,6.0,,5.0
DSC_2396.tif,2,2,3,3.0,,,,2.0,,,,3.0,,3.0
DSC_2396.tif,2,2,4,0.0,,,,0.0,,,,0.0,,0.0
DSC_2396.tif,2,2,5,0.0,,,,0.0,,,,0.0,,0.0
DSC_2396.tif,3,1,1,0.0,,,,0.0,,,,0.0,,0.0
DSC_2396.tif,3,1,2,0.0,,,,0.0,,,,0.0,,0.0
DSC_2396.tif,3,1,3,4.0,,,,4.0,,,,4.0,,3.0
DSC_2396.tif,3,1,4,0.0,,,,1.0,,,,0.0,,0.0
DSC_2396.tif,3,1,5,0.0,,,,0.0,,,,0.0,,0.0
DSC_2396.tif,3,3,1,0.0,,,,0.0,,,,0.0,,0.0
DSC_2396.tif,3,3,2,0.0,,,,0.0,,,,0.0,,0.0
DSC_2396.tif,3,3,3,0.0,,,,0.0,,,,0.0,,0.0
DSC_2396.tif,3,3,4,4.0,,,,4.0,,,,4.0,,4.0
DSC_2396.tif,3,3,5,0.0,,,,1.0,,,,0.0,,0.0
DSC_2397.tif,1,1,1,0.0,,0.0,,,0.0,,,,0.0,
DSC_2397.tif,1,1,2,0.0,,0.0,,,0.0,,,,0.0,
DSC_2397.tif,1,1,3,0.0,,0.0,,,0.0,,,,0.0,
DSC_2397.tif,1,1,4,0.0,,0.0,,,0.0,,,,0.0,
DSC_2397.tif,1,1,5,5.0,,5.0,,,4.0,,,,5.0,
DSC_2397.tif,1,3,1,5.0,,4.0,,,5.0,,,,5.0,
DSC_2397.tif,1,3,2,2.0,,2.0,,,2.0,,,,2.0,
DSC_2397.tif,1,3,3,0.0,,0.0,,,0.0,,,,0.0,
DSC_2397.tif,1,3,4,0.0,,0.0,,,0.0,,,,0.0,
DSC_2397.tif,1,3,5,0.0,,0.0,,,0.0,,,,0.0,
DSC_2397.tif,2,2,1,0.0,,0.0,,,0.0,,,,0.0,
DSC_2397.tif,2,2,2,4.0,,4.0,,,4.0,,,,5.0,
DSC_2397.tif,2,2,3,0.0,,0.0,,,0.0,,,,0.0,
DSC_2397.tif,2,2,4,0.0,,0.0,,,0.0,,,,0.0,
DSC_2397.tif,2,2,5,0.0,,0.0,,,0.0,,,,0.0,
DSC_2397.tif,3,1,1,0.0,,1.0,,,0.0,,,,0.0,
DSC_2397.tif,3,1,2,0.0,,,,,0.0,,,,0.0,
DSC_2397.tif,3,1,3,4.0,,4.0,,,4.0,,,,5.0,
DSC_2397.tif,3,1,4,3.0,,3.0,,,2.0,,,,3.0,
DSC_2397.tif,3,1,5,0.0,,0.0,,,0.0,,,,0.0,
DSC_2397.tif,3,3,1,0.0,,0.0,,,0.0,,,,0.0,
DSC_2397.tif,3,3,2,0.0,,0.0,,,0.0,,,,0.0,
DSC_2397.tif,3,3,3,0.0,,0.0,,,0.0,,,,0.0,
DSC_2397.tif,3,3,4,5.0,,5.0,,,5.0,,,,5.0,
DSC_2397.tif,3,3,5,4.0,,4.0,,,3.0,,,,4.0,
DSC_2451.tif,1,1,1,2.0,,,,3.0,2.0,,,,,2.0
DSC_2451.tif,1,1,2,1.0,,,,1.0,1.0,,,,,0.0
DSC_2451.tif,1,1,3,0.0,,,,0.0,0.0,,,,,0.0
DSC_2451.tif,1,1,4,0.0,,,,1.0,0.0,,,,,0.0
DSC_2451.tif,1,1,5,6.0,,,,6.0,6.0,,,,,6.0
DSC_2451.tif,1,3,1,6.0,,,,6.0,6.0,,,,,6.0
DSC_2451.tif,1,3,2,4.0,,,,4.0,4.0,,,,,3.0
DSC_2451.tif,1,3,3,0.0,,,,0.0,0.0,,,,,0.0
DSC_2451.tif,1,3,4,0.0,,,,0.0,0.0,,,,,0.0
DSC_2451.tif,1,3,5,0.0,,,,0.0,0.0,,,,,0.0
DSC_2451.tif,2,2,1,0.0,,,,0.0,0.0,,,,,0.0
DSC_2451.tif,2,2,2,6.0,,,,6.0,6.0,,,,,6.0
DSC_2451.tif,2,2,3,3.0,,,,4.0,3.0,,,,,3.0
DSC_2451.tif,2,2,4,0.0,,,,0.0,0.0,,,,,0.0
DSC_2451.tif,2,2,5,0.0,,,,0.0,0.0,,,,,0.0
DSC_2451.tif,3,1,1,0.0,,,,0.0,0.0,,,,,0.0
DSC_2451.tif,3,1,2,0.0,,,,0.0,0.0,,,,,0.0
DSC_2451.tif,3,1,3,6.0,,,,6.0,6.0,,,,,6.0
DSC_2451.tif,3,1,4,4.0,,,,4.0,4.0,,,,,3.0
DSC_2451.tif,3,1,5,0.0,,,,0.0,0.0,,,,,0.0
DSC_2451.tif,3,3,1,0.0,,,,0.0,0.0,,,,,0.0
DSC_2451.tif,3,3,2,0.0,,,,0.0,0.0,,,,,0.0
DSC_2451.tif,3,3,3,0.0,,,,0.0,0.0,,,,,0.0
DSC_2451.tif,3,3,4,6.0,,,,6.0,6.0,,,,,5.0
DSC_2451.tif,3,3,5,4.0,,,,4.0,4.0,,,,,4.0
DSC_2452.tif,1,1,1,5.0,,,5.0,,,6.0,5.0,,,
DSC_2452.tif,1,1,2,0.0,,,0.0,,,0.0,0.0,,,
DSC_2452.tif,1,1,3,0.0,,,0.0,,,0.0,0.0,,,
DSC_2452.tif,1,1,4,0.0,,,0.0,,,0.0,0.0,,,
DSC_2452.tif,1,1,5,6.0,,,6.0,,,6.0,6.0,,,
DSC_2452.tif,1,3,1,4.0,,,4.0,,,4.0,3.0,,,
DSC_2452.tif,1,3,2,3.0,,,3.0,,,3.0,2.0,,,
DSC_2452.tif,1,3,3,0.0,,,0.0,,,0.0,0.0,,,
DSC_2452.tif,1,3,4,0.0,,,0.0,,,0.0,0.0,,,
DSC_2452.tif,1,3,5,0.0,,,0.0,,,0.0,0.0,,,
DSC_2452.tif,2,2,1,6.0,,,6.0,,,6.0,5.0,,,
DSC_2452.tif,2,2,2,6.0,,,6.0,,,6.0,5.0,,,
DSC_2452.tif,2,2,3,0.0,,,0.0,,,0.0,0.0,,,
DSC_2452.tif,2,2,4,0.0,,,0.0,,,0.0,0.0,,,
DSC_2452.tif,2,2,5,0.0,,,,,,0.0,0.0,,,
DSC_2452.tif,3,1,1,0.0,,,0.0,,,0.0,0.0,,,
DSC_2452.tif,3,1,2,5.0,,,,,,5.0,5.0,,,
DSC_2452.tif,3,1,3,6.0,,,6.0,,,6.0,5.0,,,
DSC_2452.tif,3,1,5,0.0,,,0.0,,,0.0,0.0,,,
DSC_2452.tif,3,3,1,0.0,,,0.0,,,0.0,0.0,,,
DSC_2452.tif,3,3,2,0.0,,,0.0,,,0.0,0.0,,,
DSC_2452.tif,3,3,3,0.0,,,0.0,,,0.0,0.0,,,
DSC_2452.tif,3,3,4,6.0,,,6.0,,,6.0,6.0,,,
DSC_2452.tif,3,3,5,4.0,,,4.0,,,4.0,3.0,,,
DSC_2453.tif,1,1,1,4.0,,,,4.0,,,,4.0,,3.0
DSC_2453.tif,1,1,2,0.0,,,,0.0,,,,0.0,,0.0
DSC_2453.tif,1,1,3,0.0,,,,0.0,,,,0.0,,0.0
DSC_2453.tif,1,1,4,0.0,,,,0.0,,,,0.0,,0.0
DSC_2453.tif,1,1,5,6.0,,,,6.0,,,,6.0,,6.0
DSC_2453.tif,1,3,1,6.0,,,,6.0,,,,6.0,,6.0
DSC_2453.tif,1,3,2,5.0,,,,4.0,,,,5.0,,5.0
DSC_2453.tif,1,3,3,0.0,,,,0.0,,,,0.0,,0.0
DSC_2453.tif,1,3,4,0.0,,,,0.0,,,,0.0,,0.0
DSC_2453.tif,1,3,5,0.0,,,,0.0,,,,0.0,,0.0
DSC_2453.tif,2,2,1,0.0,,,,0.0,,,,0.0,,0.0
DSC_2453.tif,2,2,2,6.0,,,,5.0,,,,6.0,,6.0
DSC_2453.tif,2,2,3,0.0,,,,0.0,,,,0.0,,0.0
DSC_2453.tif,2,2,4,0.0,,,,0.0,,,,0.0,,0.0
DSC_2453.tif,2,2,5,0.0,,,,0.0,,,,0.0,,0.0
DSC_2453.tif,3,1,1,0.0,,,,0.0,,,,0.0,,0.0
DSC_2453.tif,3,1,2,0.0,,,,0.0,,,,0.0,,0.0
DSC_2453.tif,3,1,3,5.0,,,,5.0,,,,6.0,,5.0
DSC_2453.tif,3,1,4,4.0,,,,4.0,,,,4.0,,3.0
DSC_2453.tif,3,1,5,0.0,,,,0.0,,,,0.0,,0.0
DSC_2453.tif,3,3,1,0.0,,,,0.0,,,,0.0,,0.0
DSC_2453.tif,3,3,2,0.0,,,,0.0,,,,0.0,,0.0
DSC_2453.tif,3,3,3,0.0,,,,0.0,,,,0.0,,0.0
DSC_2453.tif,3,3,4,5.0,,,,5.0,,,,6.0,,5.0
DSC_2454.tif,1,1,1,5.0,,4.0,,,5.0,,,,5.0,
DSC_2454.tif,1,1,2,0.0,,0.0,,,0.0,,,,0.0,
DSC_2454.tif,1,1,3,0.0,,0.0,,,0.0,,,,0.0,
DSC_2454.tif,1,1,4,0.0,,0.0,,,0.0,,,,0.0,
DSC_2454.tif,1,3,1,6.0,,6.0,,,6.0,,,,6.0,
DSC_2454.tif,1,3,2,5.0,,4.0,,,5.0,,,,5.0,
DSC_2454.tif,1,3,3,0.0,,0.0,,,0.0,,,,0.0,
DSC_2454.tif,1,3,4,0.0,,0.0,,,0.0,,,,0.0,
DSC_2454.tif,1,3,5,0.0,,0.0,,,0.0,,,,0.0,
DSC_2454.tif,2,2,1,0.0,,0.0,,,0.0,,,,0.0,
DSC_2454.tif,2,2,2,5.0,,5.0,,,6.0,,,,5.0,
DSC_2454.tif,2,2,3,1.0,,1.0,,,1.0,,,,0.0,
DSC_2454.tif,2,2,4,0.0,,0.0,,,0.0,,,,0.0,
DSC_2454.tif,2,2,5,0.0,,0.0,,,0.0,,,,0.0,
DSC_2454.tif,3,1,1,0.0,,0.0,,,0.0,,,,0.0,
DSC_2454.tif,3,1,2,1.0,,1.0,,,0.0,,,,1.0,
DSC_2454.tif,3,1,3,4.0,,4.0,,,4.0,,,,3.0,
DSC_2454.tif,3,1,4,3.0,,3.0,,,3.0,,,,3.0,
DSC_2454.tif,3,1,5,0.0,,0.0,,,0.0,,,,0.0,
DSC_2454.tif,3,3,1,0.0,,0.0,,,0.0,,,,0.0,
DSC_2454.tif,3,3,2,0.0,,0.0,,,0.0,,,,0.0,
DSC_2454.tif,3,3,3,0.0,,0.0,,,0.0,,,,0.0,
DSC_2454.tif,3,3,4,5.0,,5.0,,,5.0,,,,5.0,
DSC_2454.tif,3,3,5,3.0,,3.0,,,3.0,,,,2.0,
DSC_2827.TIF,1,1,1,5.0,,,5.0,,,6.0,5.0,,,
DSC_2827.TIF,1,1,2,0.0,,,0.0,,,0.0,0.0,,,
DSC_2827.TIF,1,1,3,0.0,,,0.0,,,0.0,0.0,,,
DSC_2827.TIF,1,1,4,0.0,,,0.0,,,0.0,0.0,,,
DSC_2827.TIF,1,1,5,0.0,,,0.0,,,0.0,0.0,,,
DSC_2827.TIF,1,1,6,0.0,,,0.0,,,0.0,0.0,,,
DSC_2827.TIF,1,3,1,0.0,,,0.0,,,0.0,0.0,,,
DSC_2827.TIF,1,3,2,6.0,,,6.0,,,5.0,6.0,,,
DSC_2827.TIF,1,3,3,2.0,,,4.0,,,2.0,2.0,,,
DSC_2827.TIF,1,3,4,0.0,,,0.0,,,0.0,0.0,,,
DSC_2827.TIF,1,3,5,0.0,,,0.0,,,0.0,0.0,,,
DSC_2827.TIF,1,3,6,0.0,,,0.0,,,0.0,0.0,,,
DSC_2827.TIF,2,2,1,0.0,,,0.0,,,0.0,0.0,,,
DSC_2827.TIF,2,2,2,0.0,,,0.0,,,0.0,0.0,,,
DSC_2827.TIF,2,2,3,6.0,,,6.0,,,6.0,6.0,,,
DSC_2827.TIF,2,2,4,0.0,,,0.0,,,0.0,0.0,,,
DSC_2827.TIF,2,2,5,0.0,,,0.0,,,0.0,0.0,,,
DSC_2827.TIF,2,2,6,0.0,,,0.0,,,0.0,0.0,,,
DSC_2827.TIF,3,1,1,0.0,,,0.0,,,0.0,0.0,,,
DSC_2827.TIF,3,1,2,0.0,,,0.0,,,0.0,0.0,,,
DSC_2827.TIF,3,1,3,0.0,,,0.0,,,0.0,0.0,,,
DSC_2827.TIF,3,1,4,4.0,,,4.0,,,4.0,4.0,,,
DSC_2827.TIF,3,1,5,0.0,,,0.0,,,0.0,0.0,,,
DSC_2827.TIF,3,1,6,0.0,,,0.0,,,0.0,0.0,,,
DSC_2827.TIF,3,3,1,4.0,,,4.0,,,4.0,2.0,,,
DSC_2827.TIF,3,3,2,0.0,,,0.0,,,0.0,0.0,,,
DSC_2827.TIF,3,3,3,0.0,,,0.0,,,0.0,0.0,,,
DSC_2827.TIF,3,3,4,0.0,,,0.0,,,0.0,0.0,,,
DSC_2827.TIF,3,3,5,6.0,,,6.0,,,6.0,6.0,,,
DSC_2827.TIF,3,3,6,5.0,,,5.0,,,5.0,3.0,,,
DSC_2828.TIF,1,1,1,3.0,,3.0,,,,3.0,,,3.0,
DSC_2828.TIF,1,1,2,0.0,,2.0,,,,0.0,,,0.0,
DSC_2828.TIF,1,1,3,0.0,,1.0,,,,0.0,,,0.0,
DSC_2828.TIF,1,1,4,0.0,,0.0,,,,0.0,,,0.0,
DSC_2828.TIF,1,1,5,0.0,,0.0,,,,0.0,,,0.0,
DSC_2828.TIF,1,1,6,6.0,,6.0,,,,6.0,,,6.0,
DSC_2828.TIF,1,3,1,4.0,,4.0,,,,4.0,,,5.0,
DSC_2828.TIF,1,3,2,0.0,,0.0,,,,0.0,,,0.0,
DSC_2828.TIF,1,3,3,0.0,,0.0,,,,0.0,,,0.0,
DSC_2828.TIF,1,3,4,0.0,,0.0,,,,0.0,,,0.0,
DSC_2828.TIF,1,3,5,0.0,,0.0,,,,0.0,,,0.0,
DSC_2828.TIF,1,3,6,0.0,,0.0,,,,0.0,,,0.0,
DSC_2828.TIF,2,2,1,0.0,,0.0,,,,0.0,,,0.0,
DSC_2828.TIF,2,2,2,5.0,,6.0,,,,5.0,,,5.0,
DSC_2828.TIF,2,2,3,1.0,,1.0,,,,0.0,,,1.0,
DSC_2828.TIF,2,2,4,0.0,,1.0,,,,0.0,,,0.0,
DSC_2828.TIF,2,2,5,0.0,,0.0,,,,0.0,,,0.0,
DSC_2828.TIF,2,2,6,0.0,,0.0,,,,0.0,,,0.0,
DSC_2828.TIF,3,1,1,0.0,,0.0,,,,0.0,,,0.0,
DSC_2828.TIF,3,1,2,0.0,,0.0,,,,0.0,,,0.0,
DSC_2828.TIF,3,1,3,5.0,,4.0,,,,5.0,,,5.0,
DSC_2828.TIF,3,1,4,0.0,,0.0,,,,0.0,,,0.0,
DSC_2828.TIF,3,1,5,0.0,,0.0,,,,0.0,,,0.0,
DSC_2828.TIF,3,1,6,0.0,,0.0,,,,0.0,,,0.0,
DSC_2828.TIF,3,3,1,0.0,,0.0,,,,0.0,,,0.0,
DSC_2828.TIF,3,3,2,0.0,,0.0,,,,0.0,,,0.0,
DSC_2828.TIF,3,3,3,0.0,,1.0,,,,0.0,,,0.0,
DSC_2828.TIF,3,3,4,5.0,,3.0,,,,5.0,,,5.0,
DSC_2828.TIF,3,3,5,0.0,,0.0,,,,0.0,,,0.0,
DSC_2828.TIF,3,3,6,0.0,,0.0,,,,0.0,,,0.0,
DSC_2867.tif,1,1,1,2.0,,2.0,,,,1.0,,,2.0,
DSC_2867.tif,1,1,2,0.0,,0.0,,,,0.0,,,1.0,
DSC_2867.tif,1,1,3,0.0,,0.0,,,,0.0,,,1.0,
DSC_2867.tif,1,1,4,1.0,,1.0,,,,0.0,,,1.0,
DSC_2867.tif,1,3,1,5.0,,,,,,5.0,,,5.0,
DSC_2867.tif,1,3,2,2.0,,2.0,,,,1.0,,,2.0,
DSC_2867.tif,1,3,3,0.0,,0.0,,,,0.0,,,0.0,
DSC_2867.tif,1,3,4,0.0,,0.0,,,,0.0,,,0.0,
DSC_2867.tif,1,3,5,0.0,,1.0,,,,0.0,,,0.0,
DSC_2867.tif,2,2,1,0.0,,0.0,,,,0.0,,,0.0,
DSC_2867.tif,2,2,2,4.0,,4.0,,,,4.0,,,4.0,
DSC_2867.tif,2,2,3,0.0,,2.0,,,,0.0,,,0.0,
DSC_2867.tif,2,2,4,0.0,,0.0,,,,0.0,,,0.0,
DSC_2867.tif,2,2,5,0.0,,1.0,,,,0.0,,,0.0,
DSC_2867.tif,3,1,1,0.0,,0.0,,,,0.0,,,0.0,
DSC_2867.tif,3,1,2,0.0,,0.0,,,,0.0,,,0.0,
DSC_2867.tif,3,1,3,3.0,,3.0,,,,4.0,,,3.0,
DSC_2867.tif,3,1,4,0.0,,0.0,,,,0.0,,,0.0,
DSC_2867.tif,3,1,5,0.0,,0.0,,,,0.0,,,0.0,
DSC_2867.tif,3,3,1,0.0,,1.0,,,,0.0,,,0.0,
DSC_2867.tif,3,3,2,1.0,,1.0,,,,0.0,,,1.0,
DSC_2867.tif,3,3,3,0.0,,1.0,,,,0.0,,,0.0,
DSC_2867.tif,3,3,4,4.0,,4.0,,,,4.0,,,5.0,
DSC_2867.tif,3,3,5,3.0,,3.0,,,,3.0,,,3.0,
DSC_2868.tif,1,1,2,1.0,,,,1.0,1.0,,,,,1.0
DSC_2868.tif,1,1,3,1.0,,,,1.0,1.0,,,,,1.0
DSC_2868.tif,1,1,4,1.0,,,,0.0,1.0,,,,,1.0
DSC_2868.tif,1,1,5,5.0,,,,5.0,4.0,,,,,6.0
DSC_2868.tif,1,3,1,4.0,,,,5.0,4.0,,,,,4.0
DSC_2868.tif,1,3,2,3.0,,,,3.0,3.0,,,,,3.0
DSC_2868.tif,1,3,3,0.0,,,,0.0,0.0,,,,,0.0
DSC_2868.tif,1,3,4,0.0,,,,0.0,0.0,,,,,0.0
DSC_2868.tif,1,3,5,0.0,,,,0.0,0.0,,,,,0.0
DSC_2868.tif,2,2,1,0.0,,,,0.0,0.0,,,,,0.0
DSC_2868.tif,2,2,2,4.0,,,,5.0,4.0,,,,,4.0
DSC_2868.tif,2,2,3,1.0,,,,1.0,0.0,,,,,1.0
DSC_2868.tif,2,2,4,0.0,,,,0.0,0.0,,,,,0.0
DSC_2868.tif,2,2,5,0.0,,,,0.0,0.0,,,,,0.0
DSC_2868.tif,3,1,1,0.0,,,,0.0,0.0,,,,,0.0
DSC_2868.tif,3,1,2,2.0,,,,2.0,2.0,,,,,2.0
DSC_2868.tif,3,1,3,5.0,,,,5.0,4.0,,,,,5.0
DSC_2868.tif,3,1,4,3.0,,,,3.0,3.0,,,,,3.0
DSC_2868.tif,3,1,5,0.0,,,,0.0,0.0,,,,,0.0
DSC_2868.tif,3,3,1,0.0,,,,0.0,0.0,,,,,0.0
DSC_2868.tif,3,3,2,0.0,,,,0.0,0.0,,,,,0.0
DSC_2868.tif,3,3,3,0.0,,,,0.0,0.0,,,,,0.0
DSC_2868.tif,3,3,4,4.0,,,,5.0,4.0,,,,,4.0
DSC_2868.tif,3,3,5,1.0,,,,2.0,1.0,,,,,1.0
DSC_2869.tif,1,1,1,3.0,,3.0,,,3.0,,,,3.0,
DSC_2869.tif,1,1,2,0.0,,1.0,,,0.0,,,,0.0,
DSC_2869.tif,1,1,3,0.0,,1.0,,,0.0,,,,0.0,
DSC_2869.tif,1,1,4,0.0,,1.0,,,0.0,,,,0.0,
DSC_2869.tif,1,1,5,5.0,,4.0,,,5.0,,,,5.0,
DSC_2869.tif,1,3,1,6.0,,5.0,,,6.0,,,,6.0,
DSC_2869.tif,1,3,2,0.0,,1.0,,,0.0,,,,0.0,
DSC_2869.tif,1,3,3,0.0,,0.0,,,0.0,,,,0.0,
DSC_2869.tif,1,3,4,0.0,,0.0,,,0.0,,,,0.0,
DSC_2869.tif,1,3,5,0.0,,0.0,,,0.0,,,,0.0,
DSC_2869.tif,2,2,1,0.0,,0.0,,,0.0,,,,0.0,
DSC_2869.tif,2,2,2,4.0,,4.0,,,4.0,,,,5.0,
DSC_2869.tif,2,2,3,2.0,,2.0,,,2.0,,,,2.0,
DSC_2869.tif,2,2,4,0.0,,0.0,,,0.0,,,,0.0,
DSC_2869.tif,2,2,5,0.0,,0.0,,,0.0,,,,0.0,
DSC_2869.tif,3,1,1,0.0,,0.0,,,0.0,,,,0.0,
DSC_2869.tif,3,1,2,0.0,,0.0,,,0.0,,,,0.0,
DSC_2869.tif,3,1,3,4.0,,4.0,,,4.0,,,,3.0,
DSC_2869.tif,3,1,4,3.0,,3.0,,,3.0,,,,2.0,
DSC_2869.tif,3,1,5,0.0,,0.0,,,0.0,,,,0.0,
DSC_2869.tif,3,3,1,0.0,,0.0,,,0.0,,,,0.0,
DSC_2869.tif,3,3,2,0.0,,1.0,,,0.0,,,,0.0,
DSC_2869.tif,3,3,3,1.0,,1.0,,,1.0,,,,1.0,
DSC_2869.tif,3,3,4,5.0,,5.0,,,5.0,,,,5.0,
DSC_2869.tif,3,3,5,1.0,,3.0,,,1.0,,,,1.0,
DSC_2870.tif,1,1,1,0.0,,0.0,,,1.0,,,,0.0,
DSC_2870.tif,1,1,2,0.0,,0.0,,,0.0,,,,0.0,
DSC_2870.tif,1,1,3,0.0,,0.0,,,0.0,,,,0.0,
DSC_2870.tif,1,1,4,0.0,,0.0,,,0.0,,,,0.0,
DSC_2870.tif,1,3,1,5.0,,5.0,,,5.0,,,,5.0,
DSC_2870.tif,1,3,2,2.0,,3.0,,,2.0,,,,2.0,
DSC_2870.tif,1,3,3,0.0,,1.0,,,0.0,,,,0.0,
DSC_2870.tif,1,3,4,1.0,,1.0,,,1.0,,,,0.0,
DSC_2870.tif,1,3,5,1.0,,1.0,,,1.0,,,,0.0,
DSC_2870.tif,2,2,1,0.0,,0.0,,,0.0,,,,0.0,
DSC_2870.tif,2,2,2,6.0,,6.0,,,5.0,,,,6.0,
DSC_2870.tif,2,2,3,0.0,,0.0,,,0.0,,,,0.0,
DSC_2870.tif,2,2,4,0.0,,0.0,,,0.0,,,,0.0,
DSC_2870.tif,2,2,5,0.0,,0.0,,,0.0,,,,0.0,
DSC_2870.tif,3,1,1,0.0,,1.0,,,0.0,,,,0.0,
DSC_2870.tif,3,1,2,1.0,,3.0,,,1.0,,,,1.0,
DSC_2870.tif,3,1,3,4.0,,5.0,,,4.0,,,,4.0,
DSC_2870.tif,3,1,4,0.0,,1.0,,,0.0,,,,0.0,
DSC_2870.tif,3,1,5,0.0,,1.0,,,0.0,,,,0.0,
DSC_2870.tif,3,3,1,0.0,,0.0,,,0.0,,,,0.0,
DSC_2870.tif,3,3,2,0.0,,0.0,,,0.0,,,,0.0,
DSC_2870.tif,3,3,3,0.0,,0.0,,,0.0,,,,,
DSC_2870.tif,3,3,4,5.0,,5.0,,,5.0,,,,5.0,
DSC_2870.tif,3,3,5,3.0,,3.0,,,3.0,,,,2.0,
DSC_2871.tif,1,1,1,0.0,,,0.0,1.0,,,,0.0,,
DSC_2871.tif,1,1,2,0.0,,,0.0,0.0,,,,0.0,,
DSC_2871.tif,1,1,3,0.0,,,0.0,0.0,,,,0.0,,
DSC_2871.tif,1,1,4,5.0,,,5.0,4.0,,,,5.0,,
DSC_2871.tif,1,2,1,0.0,,,0.0,0.0,,,,0.0,,
DSC_2871.tif,1,2,2,0.0,,,0.0,0.0,,,,0.0,,
DSC_2871.tif,1,2,3,0.0,,,0.0,0.0,,,,0.0,,
DSC_2871.tif,1,2,4,5.0,,,5.0,5.0,,,,5.0,,
DSC_3611.tif,1,2,4,2.0,4.0,,,2.0,,,,2.0,,
DSC_3611.tif,1,2,5,3.0,5.0,,,3.0,,,,2.0,,
DSC_3611.tif,1,2,6,3.0,5.0,,,3.0,,,,3.0,,
DSC_3611.tif,2,1,4,2.0,3.0,,,2.0,,,,2.0,,
DSC_3611.tif,2,1,5,3.0,4.0,,,3.0,,,,2.0,,
DSC_3611.tif,2,1,6,3.0,4.0,,,3.0,,,,2.0,,
DSC_3611.tif,2,3,1,3.0,4.0,,,3.0,,,,2.0,,
DSC_3611.tif,2,3,2,2.0,3.0,,,1.0,,,,2.0,,
DSC_3611.tif,2,3,3,1.0,3.0,,,0.0,,,,1.0,,
DSC_3611.tif,3,1,4,3.0,4.0,,,3.0,,,,2.0,,
DSC_3611.tif,3,1,5,3.0,4.0,,,3.0,,,,3.0,,
DSC_3611.tif,3,1,6,3.0,4.0,,,3.0,,,,2.0,,
DSC_3611.tif,3,3,1,3.0,4.0,,,3.0,,,,3.0,,
DSC_3611.tif,3,3,2,2.0,4.0,,,2.0,,,,2.0,,
DSC_3611.tif,3,3,3,2.0,3.0,,,0.0,,,,2.0,,
DSC_3612.tif,1,2,1,3.0,4.0,,,,,,,2.0,,3.0
DSC_3612.tif,1,2,2,1.0,3.0,,,,,,,1.0,,1.0
DSC_3612.tif,1,2,3,1.0,2.0,,,,,,,1.0,,1.0
DSC_3612.tif,2,1,1,1.0,4.0,,,,,,,1.0,,1.0
DSC_3612.tif,2,1,2,1.0,4.0,,,,,,,1.0,,1.0
DSC_3612.tif,2,1,3,0.0,,,,,,,,0.0,,0.0
DSC_3612.tif,2,3,4,2.0,4.0,,,,,,,2.0,,1.0
DSC_3612.tif,2,3,5,2.0,4.0,,,,,,,2.0,,1.0
DSC_3612.tif,2,3,6,3.0,5.0,,,,,,,2.0,,3.0
DSC_3612.tif,3,1,4,3.0,5.0,,,,,,,2.0,,3.0
DSC_3612.tif,3,1,5,3.0,5.0,,,,,,,2.0,,3.0
DSC_3612.tif,3,1,6,4.0,6.0,,,,,,,3.0,,4.0
DSC_3612.tif,3,3,1,2.0,3.0,,,,,,,2.0,,2.0
DSC_3612.tif,3,3,2,2.0,2.0,,,,,,,2.0,,
DSC_3613.tif,1,2,1,4.0,,4.0,,4.0,,4.0,,,,
DSC_3613.tif,1,2,2,4.0,,4.0,,5.0,,4.0,,,,
DSC_3613.tif,1,2,3,4.0,,4.0,,4.0,,4.0,,,,
DSC_3613.tif,2,1,4,3.0,,3.0,,4.0,,3.0,,,,
DSC_3613.tif,2,1,5,4.0,,4.0,,5.0,,2.0,,,,
DSC_3613.tif,2,1,6,3.0,,3.0,,4.0,,2.0,,,,
DSC_3613.tif,2,3,4,3.0,,3.0,,3.0,,2.0,,,,
DSC_3613.tif,2,3,5,4.0,,4.0,,4.0,,,,,,
DSC_3613.tif,2,3,6,4.0,,4.0,,4.0,,5.0,,,,
DSC_3613.tif,3,1,1,4.0,,4.0,,4.0,,4.0,,,,
DSC_3613.tif,3,1,2,4.0,,4.0,,4.0,,3.0,,,,
DSC_3613.tif,3,1,3,3.0,,4.0,,3.0,,3.0,,,,
DSC_3613.tif,3,3,1,4.0,,4.0,,4.0,,4.0,,,,
DSC_3613.tif,3,3,2,3.0,,3.0,,3.0,,3.0,,,,
DSC_3613.tif,3,3,3,3.0,,3.0,,2.0,,3.0,,,,
DSC_3614.tif,1,2,4,3.0,6.0,,,,,,,3.0,,3.0
DSC_3614.tif,1,2,5,4.0,6.0,,,,,,,3.0,,4.0
DSC_3614.tif,1,2,6,4.0,6.0,,,,,,,4.0,,4.0
DSC_3614.tif,2,1,4,2.0,4.0,,,,,,,2.0,,2.0
DSC_3614.tif,2,1,5,4.0,5.0,,,,,,,3.0,,4.0
DSC_3614.tif,2,1,6,5.0,6.0,,,,,,,4.0,,5.0
DSC_3614.tif,2,3,1,3.0,6.0,,,,,,,3.0,,3.0
DSC_3614.tif,2,3,2,3.0,6.0,,,,,,,3.0,,3.0
DSC_3614.tif,2,3,3,3.0,6.0,,,,,,,3.0,,3.0
DSC_3614.tif,3,1,4,4.0,6.0,,,,,,,3.0,,4.0
DSC_3614.tif,3,1,5,5.0,6.0,,,,,,,4.0,,5.0
DSC_3614.tif,3,1,6,5.0,6.0,,,,,,,4.0,,5.0
DSC_3614.tif,3,3,1,4.0,6.0,,,,,,,3.0,,4.0
DSC_3614.tif,3,3,2,4.0,6.0,,,,,,,3.0,,4.0
DSC_3614.tif,3,3,3,4.0,6.0,,,,,,,3.0,,4.0
DSC_3615.tif,1,2,4,1.0,,,,,,2.0,0.0,,1.0,
DSC_3615.tif,1,2,5,1.0,,,,,,2.0,1.0,,1.0,
DSC_3615.tif,1,2,6,1.0,,,,,,2.0,1.0,,1.0,
DSC_3615.tif,2,1,1,2.0,,,,,,3.0,2.0,,1.0,
DSC_3615.tif,2,1,2,1.0,,,,,,1.0,1.0,,1.0,
DSC_3615.tif,2,1,3,0.0,,,,,,,0.0,,0.0,
DSC_3615.tif,2,3,4,1.0,,,,,,1.0,1.0,,2.0,
DSC_3615.tif,2,3,5,2.0,,,,,,2.0,1.0,,2.0,
DSC_3615.tif,2,3,6,2.0,,,,,,2.0,1.0,,2.0,
DSC_3615.tif,3,1,4,2.0,,,,,,3.0,1.0,,2.0,
DSC_3615.tif,3,1,5,2.0,,,,,,4.0,2.0,,2.0,
DSC_3615.tif,3,1,6,2.0,,,,,,2.0,2.0,,2.0,
DSC_3615.tif,3,3,1,2.0,,,,,,1.0,2.0,,2.0,
DSC_3615.tif,3,3,3,1.0,,,,,,1.0,0.0,,2.0,
DSC_3616.tif,1,2,4,2.0,,,,,,4.0,1.0,,2.0,
DSC_3616.tif,1,2,5,2.0,,,,,,4.0,2.0,,2.0,
DSC_3616.tif,1,2,6,3.0,,,,,,5.0,3.0,,3.0,
DSC_3616.tif,2,1,1,3.0,,,,,,5.0,1.0,,3.0,
DSC_3616.tif,2,1,2,1.0,,,,,,2.0,1.0,,1.0,
DSC_3616.tif,2,1,3,1.0,,,,,,2.0,0.0,,1.0,
DSC_3616.tif,2,3,1,1.0,,,,,,5.0,1.0,,1.0,
DSC_3616.tif,2,3,2,1.0,,,,,,3.0,1.0,,0.0,
DSC_3616.tif,2,3,3,0.0,,,,,,2.0,0.0,,0.0,
DSC_3616.tif,3,1,1,1.0,,,,,,3.0,0.0,,1.0,
DSC_3616.tif,3,1,2,0.0,,,,,,2.0,0.0,,0.0,
DSC_3616.tif,3,1,3,0.0,,,,,,1.0,0.0,,0.0,
DSC_3616.tif,3,3,4,1.0,,,,,,3.0,1.0,,1.0,
DSC_3616.tif,3,3,5,3.0,,,,,,4.0,1.0,,3.0,
DSC_3616.tif,3,3,6,4.0,,,,,,4.0,2.0,,4.0,
DSC_3617.tif,1,2,1,4.0,,,,,,4.0,4.0,,4.0,
DSC_3617.tif,1,2,2,2.0,,,,,,3.0,1.0,,2.0,
DSC_3617.tif,1,2,3,1.0,,,,,,2.0,1.0,,1.0,
DSC_3617.tif,2,1,4,4.0,,,,,,4.0,4.0,,3.0,
DSC_3617.tif,2,1,5,4.0,,,,,,4.0,4.0,,3.0,
DSC_3617.tif,2,1,6,4.0,,,,,,4.0,4.0,,4.0,
DSC_3617.tif,2,3,1,4.0,,,,,,4.0,3.0,,4.0,
DSC_3617.tif,2,3,2,4.0,,,,,,4.0,4.0,,3.0,
DSC_3617.tif,2,3,3,3.0,,,,,,4.0,3.0,,3.0,
DSC_3617.tif,3,1,4,2.0,,,,,,3.0,2.0,,2.0,
DSC_3617.tif,3,1,5,3.0,,,,,,3.0,3.0,,3.0,
DSC_3617.tif,3,1,6,4.0,,,,,,4.0,4.0,,4.0,
DSC_3617.tif,3,3,4,3.0,,,,,,3.0,2.0,,3.0,
DSC_3617.tif,3,3,5,3.0,,,,,,3.0,3.0,,3.0,
DSC_3617.tif,3,3,6,3.0,,,,,,3.0,4.0,,3.0,
DSC_3618.tif,1,2,1,3.0,,2.0,,,,3.0,4.0,,,
DSC_3618.tif,1,2,2,3.0,,2.0,,,,3.0,4.0,,,
DSC_3618.tif,1,2,3,4.0,,3.0,,,,4.0,4.0,,,
DSC_3618.tif,2,1,1,3.0,,2.0,,,,3.0,3.0,,,
DSC_3618.tif,2,1,2,2.0,,1.0,,,,3.0,2.0,,,
DSC_3618.tif,2,1,3,2.0,,1.0,,,,2.0,2.0,,,
DSC_3618.tif,2,3,1,4.0,,4.0,,,,4.0,4.0,,,
DSC_3618.tif,2,3,2,4.0,,4.0,,,,3.0,4.0,,,
DSC_3618.tif,2,3,3,3.0,,3.0,,,,3.0,2.0,,,
DSC_3618.tif,3,1,2,3.0,,3.0,,,,3.0,2.0,,,
DSC_3618.tif,3,1,3,3.0,,3.0,,,,3.0,2.0,,,
DSC_3618.tif,3,3,4,2.0,,2.0,,,,3.0,1.0,,,
DSC_3618.tif,3,3,5,2.0,,2.0,,,,3.0,1.0,,,
DSC_3618.tif,3,3,6,2.0,,2.0,,,,4.0,2.0,,,
DSC_4387.TIF,1,1,1,3.0,,,4.0,3.0,,,,3.0,,
DSC_4387.TIF,1,1,2,0.0,,,0.0,0.0,,,,0.0,,
DSC_4387.TIF,1,1,3,0.0,,,0.0,0.0,,,,0.0,,
DSC_4387.TIF,1,1,4,0.0,,,0.0,0.0,,,,0.0,,
DSC_4387.TIF,1,1,5,2.0,,,2.0,3.0,,,,1.0,,
DSC_4387.TIF,1,1,6,5.0,,,6.0,5.0,,,,5.0,,
DSC_4387.TIF,1,3,2,6.0,,,6.0,6.0,,,,5.0,,
DSC_4387.TIF,1,3,3,0.0,,,0.0,0.0,,,,0.0,,
DSC_4387.TIF,1,3,4,0.0,,,0.0,0.0,,,,0.0,,
DSC_4387.TIF,1,3,5,0.0,,,0.0,0.0,,,,0.0,,
DSC_4387.TIF,1,3,6,4.0,,,5.0,4.0,,,,3.0,,
DSC_4387.TIF,2,2,1,5.0,,,6.0,5.0,,,,5.0,,
DSC_4387.TIF,2,2,2,6.0,,,6.0,6.0,,,,5.0,,
DSC_4387.TIF,2,2,3,4.0,,,4.0,4.0,,,,4.0,,
DSC_4387.TIF,2,2,4,0.0,,,0.0,0.0,,,,0.0,,
DSC_4387.TIF,2,2,5,0.0,,,0.0,0.0,,,,0.0,,
DSC_4387.TIF,2,2,6,0.0,,,0.0,0.0,,,,0.0,,
DSC_4387.TIF,3,1,1,0.0,,,0.0,0.0,,,,0.0,,
DSC_4387.TIF,3,1,2,2.0,,,2.0,3.0,,,,2.0,,
DSC_4387.TIF,3,1,3,4.0,,,4.0,4.0,,,,3.0,,
DSC_4387.TIF,3,1,4,5.0,,,5.0,5.0,,,,4.0,,
DSC_4387.TIF,3,1,5,0.0,,,0.0,0.0,,,,0.0,,
DSC_4387.TIF,3,1,6,0.0,,,0.0,0.0,,,,0.0,,
DSC_4387.TIF,3,3,1,0.0,,,0.0,0.0,,,,0.0,,
DSC_4387.TIF,3,3,2,0.0,,,0.0,0.0,,,,0.0,,
DSC_4387.TIF,3,3,3,0.0,,,0.0,0.0,,,,0.0,,
DSC_4387.TIF,3,3,4,4.0,,,5.0,3.0,,,,4.0,,
DSC_4387.TIF,3,3,5,6.0,,,6.0,5.0,,,,6.0,,
DSC_4388.TIF,1,1,1,0.0,,,,0.0,,,,0.0,,0.0
DSC_4388.TIF,1,1,2,0.0,,,,0.0,,,,0.0,,0.0
DSC_4388.TIF,1,1,3,1.0,,,,2.0,,,,1.0,,1.0
DSC_4388.TIF,1,1,4,4.0,,,,5.0,,,,4.0,,4.0
DSC_4388.TIF,1,1,5,5.0,,,,6.0,,,,5.0,,5.0
DSC_4388.TIF,1,1,6,0.0,,,,0.0,,,,0.0,,0.0
DSC_4388.TIF,1,3,1,4.0,,,,4.0,,,,4.0,,4.0
DSC_4388.TIF,1,3,2,0.0,,,,0.0,,,,0.0,,0.0
DSC_4388.TIF,1,3,3,0.0,,,,0.0,,,,0.0,,0.0
DSC_4388.TIF,1,3,4,0.0,,,,0.0,,,,0.0,,0.0
DSC_4388.TIF,1,3,6,5.0,,,,5.0,,,,6.0,,4.0
DSC_4388.TIF,2,2,1,5.0,,,,5.0,,,,5.0,,5.0
DSC_4388.TIF,2,2,2,6.0,,,,5.0,,,,6.0,,6.0
DSC_4388.TIF,2,2,3,0.0,,,,0.0,,,,0.0,,0.0
DSC_4388.TIF,2,2,4,0.0,,,,0.0,,,,0.0,,0.0
DSC_4388.TIF,2,2,5,0.0,,,,0.0,,,,0.0,,0.0
DSC_4388.TIF,2,2,6,2.0,,,,2.0,,,,2.0,,2.0
DSC_4388.TIF,3,1,1,3.0,,,,3.0,,,,4.0,,2.0
DSC_4388.TIF,3,1,2,6.0,,,,6.0,,,,6.0,,6.0
DSC_4388.TIF,3,1,3,5.0,,,,5.0,,,,6.0,,5.0
DSC_4388.TIF,3,1,4,0.0,,,,0.0,,,,0.0,,0.0
DSC_4388.TIF,3,1,5,0.0,,,,0.0,,,,0.0,,0.0
DSC_4388.TIF,3,1,6,0.0,,,,0.0,,,,0.0,,0.0
DSC_4388.TIF,3,3,1,0.0,,,,0.0,,,,0.0,,0.0
DSC_4388.TIF,3,3,2,1.0,,,,1.0,,,,1.0,,2.0
DSC_4388.TIF,3,3,3,3.0,,,,3.0,,,,2.0,,3.0
DSC_4388.TIF,3,3,4,3.0,,,,3.0,,,,3.0,,3.0
DSC_4388.TIF,3,3,5,0.0,,,,0.0,,,,0.0,,0.0
DSC_4388.TIF,3,3,6,0.0,,,,0.0,,,,0.0,,0.0
DSC_4389.TIF,1,1,1,0.0,,,,0.0,0.0,,,,,1.0
DSC_4389.TIF,1,1,2,0.0,,,,0.0,0.0,,,,,0.0
DSC_4389.TIF,1,1,3,0.0,,,,0.0,0.0,,,,,0.0
DSC_4389.TIF,1,1,4,0.0,,,,0.0,0.0,,,,,1.0
DSC_4389.TIF,1,1,5,4.0,,,,4.0,3.0,,,,,4.0
DSC_4389.TIF,1,1,6,1.0,,,,1.0,1.0,,,,,2.0
DSC_4389.TIF,1,3,1,0.0,,,,0.0,0.0,,,,,0.0
DSC_4389.TIF,1,3,2,0.0,,,,0.0,0.0,,,,,0.0
DSC_4389.TIF,1,3,3,0.0,,,,0.0,0.0,,,,,0.0
DSC_4389.TIF,1,3,4,3.0,,,,3.0,3.0,,,,,3.0
DSC_4389.TIF,1,3,5,3.0,,,,3.0,3.0,,,,,3.0
DSC_4389.TIF,1,3,6,0.0,,,,0.0,0.0,,,,,0.0
DSC_4389.TIF,2,2,1,4.0,,,,4.0,4.0,,,,,4.0
DSC_4389.TIF,2,2,2,0.0,,,,0.0,0.0,,,,,0.0
DSC_4389.TIF,2,2,3,0.0,,,,0.0,0.0,,,,,0.0
DSC_4389.TIF,2,2,4,0.0,,,,0.0,0.0,,,,,0.0
DSC_4389.TIF,2,2,5,3.0,,,,2.0,3.0,,,,,3.0
DSC_4389.TIF,2,2,6,4.0,,,,5.0,4.0,,,,,4.0
DSC_4389.TIF,3,1,1,4.0,,,,4.0,3.0,,,,,4.0
DSC_4389.TIF,3,1,2,2.0,,,,3.0,2.0,,,,,2.0
DSC_4389.TIF,3,1,3,0.0,,,,0.0,0.0,,,,,0.0
DSC_4389.TIF,3,1,4,0.0,,,,0.0,0.0,,,,,0.0
DSC_4389.TIF,3,1,5,0.0,,,,0.0,0.0,,,,,0.0
DSC_4389.TIF,3,1,6,1.0,,,,1.0,1.0,,,,,1.0
DSC_4389.TIF,3,3,1,4.0,,,,4.0,3.0,,,,,4.0
DSC_4389.TIF,3,3,2,5.0,,,,5.0,4.0,,,,,5.0
DSC_4389.TIF,3,3,3,5.0,,,,5.0,4.0,,,,,5.0
DSC_4389.TIF,3,3,4,0.0,,,,0.0,0.0,,,,,0.0
DSC_4389.TIF,3,3,5,0.0,,,,0.0,0.0,,,,,0.0
DSC_4389.TIF,3,3,6,0.0,,,,0.0,0.0,,,,,0.0
DSC_4390.TIF,1,1,1,0.0,,,0.0,,,0.0,0.0,,,
DSC_4390.TIF,1,1,2,3.0,,,4.0,,,3.0,2.0,,,
DSC_4390.TIF,1,1,3,0.0,,,,,,0.0,0.0,,,
DSC_4390.TIF,1,1,4,3.0,,,5.0,,,3.0,3.0,,,
DSC_4390.TIF,1,1,5,0.0,,,0.0,,,0.0,0.0,,,
DSC_4390.TIF,1,1,6,0.0,,,0.0,,,0.0,0.0,,,
DSC_4390.TIF,1,3,1,0.0,,,0.0,,,0.0,0.0,,,
DSC_4390.TIF,1,3,2,0.0,,,0.0,,,0.0,0.0,,,
DSC_4390.TIF,1,3,3,0.0,,,0.0,,,1.0,0.0,,,
DSC_4390.TIF,1,3,4,5.0,,,6.0,,,4.0,5.0,,,
DSC_4390.TIF,1,3,5,5.0,,,6.0,,,5.0,5.0,,,
DSC_4390.TIF,1,3,6,0.0,,,0.0,,,0.0,0.0,,,
DSC_4390.TIF,2,2,1,0.0,,,0.0,,,0.0,0.0,,,
DSC_4390.TIF,2,2,2,0.0,,,0.0,,,0.0,0.0,,,
DSC_4390.TIF,2,2,3,0.0,,,0.0,,,0.0,0.0,,,
DSC_4390.TIF,2,2,4,2.0,,,2.0,,,1.0,2.0,,,
DSC_4390.TIF,2,2,5,5.0,,,5.0,,,4.0,6.0,,,
DSC_4390.TIF,2,2,6,6.0,,,6.0,,,5.0,6.0,,,
DSC_4390.TIF,3,1,1,6.0,,,6.0,,,4.0,6.0,,,
DSC_4390.TIF,3,1,2,0.0,,,0.0,,,0.0,0.0,,,
DSC_4390.TIF,3,1,3,0.0,,,0.0,,,0.0,0.0,,,
DSC_4390.TIF,3,1,4,0.0,,,0.0,,,0.0,0.0,,,
DSC_4390.TIF,3,1,5,3.0,,,3.0,,,2.0,3.0,,,
DSC_4390.TIF,3,1,6,6.0,,,6.0,,,4.0,6.0,,,
DSC_4390.TIF,3,3,1,5.0,,,6.0,,,5.0,3.0,,,
DSC_4390.TIF,3,3,2,6.0,,,6.0,,,5.0,6.0,,,
DSC_4390.TIF,3,3,3,0.0,,,0.0,,,0.0,0.0,,,
DSC_4390.TIF,3,3,4,0.0,,,0.0,,,0.0,0.0,,,
DSC_4390.TIF,3,3,5,0.0,,,0.0,,,0.0,0.0,,,
DSC_4390.TIF,3,3,6,3.0,,,3.0,,,2.0,3.0,,,
DSC_4391.TIF,1,1,1,4.0,,,,,4.0,,,,5.0,4.0
DSC_4391.TIF,1,1,2,5.0,,,,,4.0,,,,5.0,5.0
DSC_4391.TIF,1,1,3,0.0,,,,,0.0,,,,0.0,0.0
DSC_4391.TIF,1,1,4,0.0,,,,,0.0,,,,0.0,0.0
DSC_4391.TIF,1,1,5,4.0,,,,,4.0,,,,5.0,4.0
DSC_4391.TIF,1,1,6,5.0,,,,,4.0,,,,5.0,5.0
DSC_4391.TIF,1,3,1,6.0,,,,,6.0,,,,5.0,6.0
DSC_4391.TIF,1,3,2,4.0,,,,,4.0,,,,,4.0
DSC_4391.TIF,1,3,3,2.0,,,,,3.0,,,,1.0,2.0
DSC_4391.TIF,1,3,4,0.0,,,,,0.0,,,,0.0,0.0
DSC_4391.TIF,1,3,5,0.0,,,,,0.0,,,,0.0,0.0
DSC_4391.TIF,1,3,6,5.0,,,,,5.0,,,,5.0,4.0
DSC_4391.TIF,2,2,1,4.0,,,,,4.0,,,,4.0,4.0
DSC_4391.TIF,2,2,2,4.0,,,,,4.0,,,,5.0,4.0
DSC_4391.TIF,2,2,3,5.0,,,,,5.0,,,,5.0,4.0
DSC_4391.TIF,2,2,4,4.0,,,,,4.0,,,,5.0,4.0
DSC_4391.TIF,2,2,5,0.0,,,,,0.0,,,,0.0,0.0
DSC_4391.TIF,2,2,6,0.0,,,,,0.0,,,,0.0,0.0
DSC_4391.TIF,3,1,1,0.0,,,,,0.0,,,,0.0,0.0
DSC_4391.TIF,3,1,2,4.0,,,,,3.0,,,,5.0,4.0
DSC_4391.TIF,3,1,3,3.0,,,,,3.0,,,,4.0,3.0
DSC_4391.TIF,3,1,4,5.0,,,,,4.0,,,,5.0,5.0
DSC_4391.TIF,3,1,5,5.0,,,,,5.0,,,,5.0,5.0
DSC_4391.TIF,3,1,6,0.0,,,,,0.0,,,,0.0,0.0
DSC_4391.TIF,3,3,1,0.0,,,,,0.0,,,,0.0,0.0
DSC_4391.TIF,3,3,2,0.0,,,,,0.0,,,,0.0,0.0
DSC_4391.TIF,3,3,3,3.0,,,,,3.0,,,,3.0,3.0
DSC_4391.TIF,3,3,4,4.0,,,,,3.0,,,,5.0,4.0
DSC_4391.TIF,3,3,5,5.0,,,,,5.0,,,,6.0,5.0
DSC_4391.TIF,3,3,6,5.0,,,,,5.0,,,,6.0,4.0
DSC_4392.TIF,1,1,1,6.0,,,5.0,,,6.0,6.0,,,
DSC_4392.TIF,1,1,2,0.0,,,0.0,,,0.0,0.0,,,
DSC_4392.TIF,1,1,3,0.0,,,0.0,,,0.0,0.0,,,
DSC_4392.TIF,1,1,4,4.0,,,4.0,,,4.0,3.0,,,
DSC_4392.TIF,1,1,5,5.0,,,6.0,,,5.0,5.0,,,
DSC_4392.TIF,1,3,1,6.0,,,6.0,,,6.0,6.0,,,
DSC_4392.TIF,1,3,2,6.0,,,6.0,,,6.0,6.0,,,
DSC_4392.TIF,1,3,3,0.0,,,0.0,,,0.0,0.0,,,
DSC_4392.TIF,1,3,4,0.0,,,0.0,,,0.0,0.0,,,
DSC_4392.TIF,1,3,5,4.0,,,4.0,,,4.0,4.0,,,
DSC_4392.TIF,1,3,6,4.0,,,4.0,,,4.0,4.0,,,
DSC_4392.TIF,2,2,1,5.0,,,5.0,,,6.0,5.0,,,
DSC_4392.TIF,2,2,2,6.0,,,6.0,,,4.0,6.0,,,
DSC_4392.TIF,2,2,3,6.0,,,6.0,,,5.0,6.0,,,
DSC_4392.TIF,2,2,4,0.0,,,0.0,,,0.0,0.0,,,
DSC_4392.TIF,2,2,5,0.0,,,0.0,,,0.0,0.0,,,
DSC_4392.TIF,2,2,6,6.0,,,6.0,,,6.0,6.0,,,
DSC_4392.TIF,3,1,1,6.0,,,6.0,,,6.0,5.0,,,
DSC_4392.TIF,3,1,2,6.0,,,6.0,,,6.0,6.0,,,
DSC_4392.TIF,3,1,3,6.0,,,6.0,,,6.0,5.0,,,
DSC_4392.TIF,3,1,4,5.0,,,6.0,,,5.0,4.0,,,
DSC_4392.TIF,3,1,5,0.0,,,0.0,,,0.0,0.0,,,
DSC_4392.TIF,3,1,6,0.0,,,0.0,,,0.0,0.0,,,
DSC_4392.TIF,3,3,1,0.0,,,0.0,,,0.0,0.0,,,
DSC_4392.TIF,3,3,2,4.0,,,4.0,,,4.0,4.0,,,
DSC_4392.TIF,3,3,3,4.0,,,4.0,,,4.0,4.0,,,
DSC_4392.TIF,3,3,4,5.0,,,5.0,,,5.0,5.0,,,
DSC_4392.TIF,3,3,5,5.0,,,5.0,,,6.0,5.0,,,
DSC_4392.TIF,3,3,6,0.0,,,0.0,,,0.0,0.0,,,
DSC_4393.TIF,1,1,1,0.0,,,,,0.0,,,,0.0,0.0
DSC_4393.TIF,1,1,2,0.0,,,,,0.0,,,,0.0,0.0
DSC_4393.TIF,1,1,3,4.0,,,,,4.0,,,,4.0,4.0
DSC_4393.TIF,1,1,4,5.0,,,,,5.0,,,,5.0,4.0
DSC_4393.TIF,1,1,5,5.0,,,,,5.0,,,,5.0,4.0
DSC_4393.TIF,1,1,6,5.0,,,,,5.0,,,,5.0,4.0
DSC_4393.TIF,1,3,1,5.0,,,,,5.0,,,,6.0,5.0
DSC_4393.TIF,1,3,2,0.0,,,,,0.0,,,,0.0,0.0
DSC_4393.TIF,1,3,3,0.0,,,,,0.0,,,,0.0,0.0
DSC_4393.TIF,1,3,4,5.0,,,,,5.0,,,,5.0,4.0
DSC_4393.TIF,1,3,5,5.0,,,,,5.0,,,,5.0,5.0
DSC_4393.TIF,1,3,6,5.0,,,,,5.0,,,,5.0,5.0
DSC_4393.TIF,2,2,1,5.0,,,,,5.0,,,,5.0,5.0
DSC_4393.TIF,2,2,2,4.0,,,,,4.0,,,,4.0,4.0
DSC_4393.TIF,2,2,3,0.0,,,,,0.0,,,,0.0,0.0
DSC_4393.TIF,2,2,4,0.0,,,,,0.0,,,,0.0,0.0
DSC_4393.TIF,2,2,5,5.0,,,,,5.0,,,,5.0,4.0
DSC_4393.TIF,2,2,6,5.0,,,,,5.0,,,,5.0,4.0
DSC_4393.TIF,3,1,3,0.0,,,,,,,,,0.0,0.0
DSC_4393.TIF,3,1,4,0.0,,,,,0.0,,,,0.0,0.0
DSC_4393.TIF,3,1,5,0.0,,,,,0.0,,,,0.0,0.0
DSC_4393.TIF,3,1,6,5.0,,,,,5.0,,,,5.0,4.0
DSC_4393.TIF,3,3,1,4.0,,,,,4.0,,,,5.0,3.0
DSC_4393.TIF,3,3,2,5.0,,,,,5.0,,,,6.0,5.0
DSC_4393.TIF,3,3,3,5.0,,,,,5.0,,,,5.0,4.0
DSC_4393.TIF,3,3,4,5.0,,,,,5.0,,,,5.0,4.0
DSC_4393.TIF,3,3,5,0.0,,,,,0.0,,,,0.0,0.0
DSC_4393.TIF,3,3,6,0.0,,,,,0.0,,,,0.0,0.0
DSC_4394.TIF,1,1,1,0.0,,0.0,,,0.0,,,,0.0,
DSC_4394.TIF,1,1,2,4.0,,4.0,,,4.0,,,,4.0,
DSC_4394.TIF,1,1,3,4.0,,4.0,,,4.0,,,,5.0,
DSC_4394.TIF,1,1,4,4.0,,4.0,,,4.0,,,,5.0,
DSC_4394.TIF,1,1,5,4.0,,4.0,,,4.0,,,,5.0,
DSC_4394.TIF,1,1,6,0.0,,0.0,,,0.0,,,,0.0,
DSC_4394.TIF,1,3,1,0.0,,0.0,,,0.0,,,,0.0,
DSC_4394.TIF,1,3,2,0.0,,0.0,,,0.0,,,,0.0,
DSC_4394.TIF,1,3,3,4.0,,4.0,,,4.0,,,,4.0,
DSC_4394.TIF,1,3,4,4.0,,4.0,,,4.0,,,,5.0,
DSC_4394.TIF,1,3,5,5.0,,6.0,,,5.0,,,,5.0,
DSC_4394.TIF,1,3,6,5.0,,6.0,,,5.0,,,,5.0,
DSC_4394.TIF,2,2,1,5.0,,6.0,,,5.0,,,,5.0,
DSC_4394.TIF,2,2,2,0.0,,0.0,,,0.0,,,,0.0,
DSC_4394.TIF,2,2,3,0.0,,0.0,,,0.0,,,,0.0,
DSC_4394.TIF,2,2,4,4.0,,4.0,,,4.0,,,,5.0,
DSC_4394.TIF,2,2,5,4.0,,4.0,,,4.0,,,,5.0,
DSC_4394.TIF,2,2,6,5.0,,5.0,,,5.0,,,,6.0,
DSC_4394.TIF,3,1,1,5.0,,6.0,,,5.0,,,,5.0,
DSC_4394.TIF,3,1,2,5.0,,6.0,,,5.0,,,,5.0,
DSC_4394.TIF,3,1,3,0.0,,0.0,,,0.0,,,,0.0,
DSC_4394.TIF,3,1,4,0.0,,0.0,,,0.0,,,,0.0,
DSC_4394.TIF,3,1,5,5.0,,6.0,,,5.0,,,,5.0,
DSC_4394.TIF,3,1,6,5.0,,6.0,,,5.0,,,,5.0,
DSC_4394.TIF,3,3,1,5.0,,5.0,,,5.0,,,,5.0,
DSC_4394.TIF,3,3,2,5.0,,5.0,,,5.0,,,,5.0,
DSC_4394.TIF,3,3,3,5.0,,5.0,,,5.0,,,,6.0,
DSC_4394.TIF,3,3,4,0.0,,0.0,,,0.0,,,,0.0,
DSC_4394.TIF,3,3,5,0.0,,0.0,,,0.0,,,,0.0,
DSC_4394.TIF,3,3,6,5.0,,4.0,,,5.0,,,,6.0,
DSC_4538.TIF,1,1,1,4.0,,4.0,,,,4.0,4.0,,,
DSC_4538.TIF,1,1,2,0.0,,0.0,,,,0.0,0.0,,,
DSC_4538.TIF,1,1,3,0.0,,0.0,,,,0.0,0.0,,,
DSC_4538.TIF,1,1,4,0.0,,0.0,,,,0.0,0.0,,,
DSC_4538.TIF,1,1,5,0.0,,1.0,,,,0.0,0.0,,,
DSC_4538.TIF,1,1,6,3.0,,4.0,,,,3.0,3.0,,,
DSC_4538.TIF,1,3,1,4.0,,4.0,,,,5.0,4.0,,,
DSC_4538.TIF,1,3,2,5.0,,5.0,,,,6.0,4.0,,,
DSC_4538.TIF,1,3,3,0.0,,0.0,,,,0.0,0.0,,,
DSC_4538.TIF,1,3,4,0.0,,0.0,,,,0.0,0.0,,,
DSC_4538.TIF,1,3,5,0.0,,0.0,,,,0.0,0.0,,,
DSC_4538.TIF,1,3,6,2.0,,3.0,,,,1.0,2.0,,,
DSC_4538.TIF,2,2,1,1.0,,3.0,,,,1.0,1.0,,,
DSC_4538.TIF,2,2,2,3.0,,4.0,,,,3.0,3.0,,,
DSC_4538.TIF,2,2,3,3.0,,4.0,,,,3.0,3.0,,,
DSC_4538.TIF,2,2,4,0.0,,0.0,,,,0.0,0.0,,,
DSC_4538.TIF,2,2,5,0.0,,0.0,,,,0.0,0.0,,,
DSC_4538.TIF,2,2,6,0.0,,0.0,,,,0.0,0.0,,,
DSC_4538.TIF,3,1,1,0.0,,0.0,,,,0.0,0.0,,,
DSC_4538.TIF,3,1,2,2.0,,3.0,,,,2.0,1.0,,,
DSC_4538.TIF,3,1,3,3.0,,4.0,,,,3.0,3.0,,,
DSC_4538.TIF,3,1,4,4.0,,4.0,,,,4.0,4.0,,,
DSC_4538.TIF,3,1,5,0.0,,0.0,,,,0.0,0.0,,,
DSC_4538.TIF,3,1,6,0.0,,0.0,,,,0.0,0.0,,,
DSC_4538.TIF,3,3,1,0.0,,0.0,,,,0.0,0.0,,,
DSC_4538.TIF,3,3,2,0.0,,0.0,,,,0.0,0.0,,,
DSC_4538.TIF,3,3,3,1.0,,2.0,,,,1.0,0.0,,,
DSC_4538.TIF,3,3,4,3.0,,5.0,,,,3.0,3.0,,,
DSC_4538.TIF,3,3,5,4.0,,5.0,,,,4.0,3.0,,,
DSC_4538.TIF,3,3,6,0.0,,0.0,,,,0.0,0.0,,,
DSC_4539.TIF,1,1,1,0.0,,,0.0,0.0,,,,0.0,,
DSC_4539.TIF,1,1,2,0.0,,,0.0,0.0,,,,0.0,,
DSC_4539.TIF,1,1,3,0.0,,,0.0,0.0,,,,0.0,,
DSC_4539.TIF,1,1,4,1.0,,,1.0,1.0,,,,0.0,,
DSC_4539.TIF,1,1,5,5.0,,,5.0,4.0,,,,5.0,,
DSC_4539.TIF,1,3,1,0.0,,,0.0,0.0,,,,0.0,,
DSC_4539.TIF,1,3,2,0.0,,,,0.0,,,,0.0,,
DSC_4539.TIF,1,3,3,1.0,,,1.0,1.0,,,,0.0,,
DSC_4539.TIF,1,3,4,3.0,,,4.0,3.0,,,,1.0,,
DSC_4539.TIF,1,3,5,4.0,,,5.0,4.0,,,,3.0,,
DSC_4539.TIF,1,3,6,0.0,,,0.0,0.0,,,,0.0,,
DSC_4539.TIF,2,2,1,0.0,,,0.0,0.0,,,,0.0,,
DSC_4539.TIF,2,2,2,0.0,,,0.0,0.0,,,,0.0,,
DSC_4539.TIF,2,2,3,0.0,,,0.0,0.0,,,,0.0,,
DSC_4539.TIF,2,2,4,0.0,,,0.0,1.0,,,,0.0,,
DSC_4539.TIF,2,2,5,4.0,,,5.0,4.0,,,,2.0,,
DSC_4539.TIF,3,1,1,1.0,,,0.0,1.0,,,,1.0,,
DSC_4539.TIF,3,1,2,4.0,,,4.0,4.0,,,,3.0,,
DSC_4539.TIF,3,1,3,3.0,,,3.0,3.0,,,,3.0,,
DSC_4539.TIF,3,1,4,0.0,,,0.0,0.0,,,,0.0,,
DSC_4539.TIF,3,1,5,0.0,,,0.0,0.0,,,,0.0,,
DSC_4539.TIF,3,1,6,0.0,,,0.0,0.0,,,,0.0,,
DSC_4539.TIF,3,3,1,0.0,,,0.0,0.0,,,,0.0,,
DSC_4539.TIF,3,3,2,0.0,,,0.0,1.0,,,,0.0,,
DSC_4539.TIF,3,3,5,0.0,,,0.0,0.0,,,,0.0,,
DSC_4539.TIF,3,3,6,0.0,,,0.0,0.0,,,,0.0,,
DSC_4540.TIF,1,1,1,0.0,,,,0.0,0.0,,,,,0.0
DSC_4540.TIF,1,1,2,0.0,,,,0.0,0.0,,,,,0.0
DSC_4540.TIF,1,1,3,1.0,,,,1.0,1.0,,,,,1.0
DSC_4540.TIF,1,1,4,3.0,,,,4.0,3.0,,,,,2.0
DSC_4540.TIF,1,1,5,4.0,,,,4.0,4.0,,,,,3.0
DSC_4540.TIF,1,1,6,0.0,,,,0.0,0.0,,,,,
DSC_4540.TIF,1,3,1,0.0,,,,0.0,1.0,,,,,0.0
DSC_4540.TIF,1,3,2,0.0,,,,0.0,1.0,,,,,0.0
DSC_4540.TIF,1,3,3,0.0,,,,0.0,1.0,,,,,0.0
DSC_4540.TIF,1,3,4,1.0,,,,1.0,2.0,,,,,1.0
DSC_4540.TIF,1,3,5,3.0,,,,3.0,3.0,,,,,2.0
DSC_4540.TIF,1,3,6,3.0,,,,3.0,3.0,,,,,3.0
DSC_4540.TIF,2,2,1,3.0,,,,3.0,4.0,,,,,3.0
DSC_4540.TIF,2,2,2,0.0,,,,0.0,0.0,,,,,
DSC_4540.TIF,2,2,3,0.0,,,,0.0,0.0,,,,,
DSC_4540.TIF,2,2,4,0.0,,,,0.0,0.0,,,,,
DSC_4540.TIF,2,2,5,2.0,,,,2.0,2.0,,,,,2.0
DSC_4540.TIF,2,2,6,3.0,,,,3.0,4.0,,,,,3.0
DSC_4540.TIF,3,1,1,3.0,,,,3.0,3.0,,,,,2.0
DSC_4540.TIF,3,1,2,3.0,,,,3.0,3.0,,,,,3.0
DSC_4540.TIF,3,1,3,0.0,,,,0.0,0.0,,,,,0.0
DSC_4540.TIF,3,1,4,0.0,,,,0.0,0.0,,,,,0.0
DSC_4540.TIF,3,1,5,0.0,,,,0.0,0.0,,,,,
DSC_4540.TIF,3,1,6,1.0,,,,1.0,1.0,,,,,0.0
DSC_4540.TIF,3,3,1,1.0,,,,1.0,1.0,,,,,0.0
DSC_4540.TIF,3,3,2,4.0,,,,4.0,4.0,,,,,3.0
DSC_4540.TIF,3,3,3,3.0,,,,3.0,4.0,,,,,3.0
DSC_4540.TIF,3,3,4,0.0,,,,0.0,0.0,,,,,0.0
DSC_4540.TIF,3,3,5,0.0,,,,0.0,0.0,,,,,0.0
DSC_4540.TIF,3,3,6,0.0,,,,0.0,0.0,,,,,
DSC_4541.TIF,1,1,1,0.0,,,,1.0,,,,0.0,,0.0
DSC_4541.TIF,1,1,2,1.0,,,,2.0,,,,1.0,,1.0
DSC_4541.TIF,1,1,3,2.0,,,,3.0,,,,2.0,,2.0
DSC_4541.TIF,1,1,4,4.0,,,,4.0,,,,4.0,,2.0
DSC_4541.TIF,1,1,5,0.0,,,,0.0,,,,0.0,,0.0
DSC_4541.TIF,1,1,6,0.0,,,,0.0,,,,0.0,,0.0
DSC_4541.TIF,1,3,1,0.0,,,,0.0,,,,0.0,,0.0
DSC_4541.TIF,1,3,2,0.0,,,,0.0,,,,0.0,,
DSC_4541.TIF,1,3,3,2.0,,,,3.0,,,,2.0,,2.0
DSC_4541.TIF,1,3,4,3.0,,,,4.0,,,,3.0,,3.0
DSC_4541.TIF,1,3,5,3.0,,,,4.0,,,,3.0,,3.0
DSC_4541.TIF,1,3,6,0.0,,,,0.0,,,,0.0,,0.0
DSC_4541.TIF,2,2,1,0.0,,,,0.0,,,,0.0,,0.0
DSC_4541.TIF,2,2,2,0.0,,,,0.0,,,,0.0,,0.0
DSC_4541.TIF,2,2,3,0.0,,,,0.0,,,,0.0,,0.0
DSC_4541.TIF,2,2,4,1.0,,,,1.0,,,,0.0,,1.0
DSC_4541.TIF,2,2,5,5.0,,,,5.0,,,,5.0,,4.0
DSC_4541.TIF,3,1,1,3.0,,,,4.0,,,,3.0,,3.0
DSC_4541.TIF,3,1,2,0.0,,,,0.0,,,,0.0,,0.0
DSC_4541.TIF,3,1,3,0.0,,,,0.0,,,,0.0,,0.0
DSC_4541.TIF,3,1,4,0.0,,,,0.0,,,,0.0,,0.0
DSC_4541.TIF,3,1,5,0.0,,,,1.0,,,,0.0,,0.0
DSC_4541.TIF,3,1,6,3.0,,,,3.0,,,,2.0,,3.0
DSC_4541.TIF,3,3,1,3.0,,,,3.0,,,,,,3.0
DSC_4541.TIF,3,3,2,3.0,,,,3.0,,,,3.0,,3.0
DSC_4541.TIF,3,3,3,0.0,,,,0.0,,,,0.0,,0.0
DSC_4541.TIF,3,3,4,0.0,,,,0.0,,,,0.0,,0.0
DSC_4541.TIF,3,3,5,0.0,,,,0.0,,,,0.0,,0.0
DSC_4541.TIF,3,3,6,1.0,,,,1.0,,,,0.0,,1.0
DSC_4542.TIF,1,1,1,4.0,,4.0,,,,4.0,,,4.0,
DSC_4542.TIF,1,1,2,4.0,,4.0,,,,4.0,,,4.0,
DSC_4542.TIF,1,1,3,0.0,,0.0,,,,0.0,,,0.0,
DSC_4542.TIF,1,1,4,0.0,,0.0,,,,0.0,,,0.0,
DSC_4542.TIF,1,1,5,4.0,,4.0,,,,3.0,,,4.0,
DSC_4542.TIF,1,1,6,4.0,,4.0,,,,4.0,,,4.0,
DSC_4542.TIF,1,3,1,4.0,,3.0,,,,4.0,,,4.0,
DSC_4542.TIF,1,3,2,3.0,,3.0,,,,4.0,,,3.0,
DSC_4542.TIF,1,3,3,1.0,,1.0,,,,1.0,,,1.0,
DSC_4542.TIF,1,3,4,0.0,,0.0,,,,0.0,,,0.0,
DSC_4542.TIF,1,3,5,0.0,,0.0,,,,0.0,,,0.0,
DSC_4542.TIF,1,3,6,4.0,,4.0,,,,4.0,,,3.0,
DSC_4542.TIF,2,2,1,3.0,,3.0,,,,2.0,,,3.0,
DSC_4542.TIF,2,2,2,3.0,,4.0,,,,3.0,,,3.0,
DSC_4542.TIF,2,2,3,4.0,,4.0,,,,4.0,,,3.0,
DSC_4542.TIF,2,2,4,4.0,,4.0,,,,4.0,,,3.0,
DSC_4542.TIF,2,2,5,0.0,,0.0,,,,0.0,,,0.0,
DSC_4542.TIF,2,2,6,0.0,,0.0,,,,0.0,,,0.0,
DSC_4542.TIF,3,1,1,0.0,,0.0,,,,0.0,,,0.0,
DSC_4542.TIF,3,1,2,4.0,,5.0,,,,4.0,,,4.0,
DSC_4542.TIF,3,1,3,4.0,,4.0,,,,4.0,,,3.0,
DSC_4542.TIF,3,1,4,4.0,,4.0,,,,4.0,,,3.0,
DSC_4542.TIF,3,1,5,3.0,,4.0,,,,3.0,,,1.0,
DSC_4542.TIF,3,1,6,0.0,,0.0,,,,0.0,,,0.0,
DSC_4542.TIF,3,3,1,0.0,,0.0,,,,0.0,,,0.0,
DSC_4542.TIF,3,3,2,0.0,,0.0,,,,0.0,,,0.0,
DSC_4542.TIF,3,3,3,3.0,,3.0,,,,4.0,,,1.0,
DSC_4542.TIF,3,3,4,4.0,,4.0,,,,4.0,,,3.0,
DSC_4542.TIF,3,3,5,4.0,,4.0,,,,4.0,,,3.0,
DSC_4542.TIF,3,3,6,4.0,,4.0,,,,4.0,,,3.0,
DSC_4543.TIF,1,1,1,4.0,,,4.0,,,,4.0,3.0,,
DSC_4543.TIF,1,1,2,0.0,,,0.0,,,,0.0,0.0,,
DSC_4543.TIF,1,1,3,0.0,,,0.0,,,,0.0,0.0,,
DSC_4543.TIF,1,1,4,4.0,,,4.0,,,,3.0,4.0,,
DSC_4543.TIF,1,1,5,4.0,,,4.0,,,,3.0,4.0,,
DSC_4543.TIF,1,1,6,4.0,,,4.0,,,,3.0,4.0,,
DSC_4543.TIF,1,3,1,3.0,,,3.0,,,,3.0,4.0,,
DSC_4543.TIF,1,3,2,5.0,,,5.0,,,,5.0,5.0,,
DSC_4543.TIF,1,3,3,0.0,,,0.0,,,,0.0,0.0,,
DSC_4543.TIF,1,3,4,0.0,,,0.0,,,,0.0,0.0,,
DSC_4543.TIF,1,3,5,5.0,,,6.0,,,,4.0,5.0,,
DSC_4543.TIF,1,3,6,4.0,,,6.0,,,,4.0,4.0,,
DSC_4543.TIF,2,2,1,5.0,,,5.0,,,,4.0,5.0,,
DSC_4543.TIF,2,2,2,4.0,,,4.0,,,,3.0,4.0,,
DSC_4543.TIF,2,2,3,0.0,,,0.0,,,,2.0,0.0,,
DSC_4543.TIF,2,2,4,0.0,,,0.0,,,,0.0,0.0,,
DSC_4543.TIF,2,2,5,0.0,,,0.0,,,,0.0,0.0,,
DSC_4543.TIF,2,2,6,4.0,,,5.0,,,,3.0,4.0,,
DSC_4543.TIF,3,1,1,3.0,,,3.0,,,,2.0,4.0,,
DSC_4543.TIF,3,1,2,4.0,,,4.0,,,,3.0,4.0,,
DSC_4543.TIF,3,1,3,4.0,,,4.0,,,,3.0,4.0,,
DSC_4543.TIF,3,1,4,4.0,,,4.0,,,,4.0,5.0,,
DSC_4543.TIF,3,1,5,0.0,,,0.0,,,,0.0,0.0,,
DSC_4543.TIF,3,1,6,0.0,,,0.0,,,,0.0,0.0,,
DSC_4543.TIF,3,3,1,0.0,,,0.0,,,,0.0,0.0,,
DSC_4543.TIF,3,3,2,3.0,,,3.0,,,,3.0,3.0,,
DSC_4543.TIF,3,3,3,3.0,,,3.0,,,,3.0,3.0,,
DSC_4543.TIF,3,3,4,3.0,,,4.0,,,,3.0,3.0,,
DSC_4543.TIF,3,3,5,4.0,,,4.0,,,,4.0,4.0,,
DSC_4543.TIF,3,3,6,0.0,,,0.0,,,,0.0,0.0,,
DSC_4545.TIF,1,1,1,0.0,,,0.0,0.0,,,,0.0,,
DSC_4545.TIF,1,1,2,0.0,,,0.0,0.0,,,,0.0,,
DSC_4545.TIF,1,1,3,4.0,,,3.0,4.0,,,,4.0,,
DSC_4545.TIF,1,1,4,4.0,,,4.0,4.0,,,,5.0,,
DSC_4545.TIF,1,1,5,5.0,,,4.0,5.0,,,,5.0,,
DSC_4545.TIF,1,1,6,4.0,,,4.0,4.0,,,,4.0,,
DSC_4545.TIF,1,3,1,4.0,,,5.0,4.0,,,,4.0,,
DSC_4545.TIF,1,3,2,0.0,,,0.0,0.0,,,,0.0,,
DSC_4545.TIF,1,3,3,0.0,,,0.0,0.0,,,,0.0,,
DSC_4545.TIF,1,3,4,2.0,,,2.0,2.0,,,,1.0,,
DSC_4545.TIF,1,3,5,3.0,,,4.0,3.0,,,,2.0,,
DSC_4545.TIF,1,3,6,4.0,,,4.0,5.0,,,,4.0,,
DSC_4545.TIF,2,2,1,3.0,,,3.0,3.0,,,,3.0,,
DSC_4545.TIF,2,2,2,5.0,,,5.0,4.0,,,,5.0,,
DSC_4545.TIF,2,2,3,0.0,,,0.0,0.0,,,,0.0,,
DSC_4545.TIF,2,2,4,0.0,,,0.0,0.0,,,,0.0,,
DSC_4545.TIF,2,2,5,4.0,,,5.0,3.0,,,,4.0,,
DSC_4545.TIF,2,2,6,3.0,,,5.0,3.0,,,,3.0,,
DSC_4545.TIF,3,1,1,3.0,,,5.0,3.0,,,,3.0,,
DSC_4545.TIF,3,1,2,4.0,,,5.0,4.0,,,,4.0,,
DSC_4545.TIF,3,1,3,4.0,,,5.0,4.0,,,,4.0,,
DSC_4545.TIF,3,1,4,0.0,,,0.0,0.0,,,,0.0,,
DSC_4545.TIF,3,1,5,0.0,,,0.0,0.0,,,,0.0,,
DSC_4545.TIF,3,1,6,4.0,,,4.0,3.0,,,,4.0,,
DSC_4545.TIF,3,3,1,2.0,,,4.0,2.0,,,,2.0,,
DSC_4545.TIF,3,3,2,3.0,,,5.0,3.0,,,,3.0,,
DSC_4545.TIF,3,3,3,5.0,,,6.0,5.0,,,,5.0,,
DSC_4545.TIF,3,3,4,4.0,,,6.0,4.0,,,,4.0,,
DSC_4545.TIF,3,3,5,0.0,,,0.0,0.0,,,,0.0,,
DSC_4545.TIF,3,3,6,0.0,,,0.0,0.0,,,,0.0,,
DSC_4547.TIF,1,1,1,4.0,,4.0,,,,4.0,,,4.0,
DSC_4547.TIF,1,1,2,4.0,,4.0,,,,4.0,,,4.0,
DSC_4547.TIF,1,1,3,0.0,,0.0,,,,0.0,,,0.0,
DSC_4547.TIF,1,1,4,0.0,,0.0,,,,0.0,,,0.0,
DSC_4547.TIF,1,1,5,4.0,,4.0,,,,4.0,,,3.0,
DSC_4547.TIF,1,1,6,4.0,,4.0,,,,4.0,,,3.0,
DSC_4547.TIF,1,3,1,0.0,,0.0,,,,0.0,,,0.0,
DSC_4547.TIF,1,3,2,3.0,,4.0,,,,3.0,,,3.0,
DSC_4547.TIF,1,3,3,2.0,,4.0,,,,2.0,,,2.0,
DSC_4547.TIF,1,3,4,3.0,,4.0,,,,3.0,,,2.0,
DSC_4547.TIF,1,3,5,4.0,,4.0,,,,4.0,,,3.0,
DSC_4547.TIF,1,3,6,0.0,,0.0,,,,0.0,,,0.0,
DSC_4547.TIF,2,2,1,0.0,,0.0,,,,0.0,,,0.0,
DSC_4547.TIF,2,2,2,0.0,,0.0,,,,0.0,,,0.0,
DSC_4547.TIF,2,2,3,2.0,,3.0,,,,2.0,,,1.0,
DSC_4547.TIF,2,2,4,3.0,,3.0,,,,3.0,,,3.0,
DSC_4547.TIF,2,2,5,4.0,,4.0,,,,4.0,,,3.0,
DSC_4547.TIF,2,2,6,4.0,,4.0,,,,4.0,,,4.0,
DSC_4547.TIF,3,1,1,4.0,,4.0,,,,4.0,,,3.0,
DSC_4547.TIF,3,1,2,0.0,,0.0,,,,0.0,,,0.0,
DSC_4547.TIF,3,1,3,0.0,,0.0,,,,0.0,,,0.0,
DSC_4547.TIF,3,1,4,2.0,,4.0,,,,2.0,,,2.0,
DSC_4547.TIF,3,1,5,4.0,,4.0,,,,4.0,,,4.0,
DSC_4547.TIF,3,1,6,4.0,,3.0,,,,4.0,,,4.0,
DSC_4547.TIF,3,3,1,4.0,,4.0,,,,5.0,,,3.0,
DSC_4547.TIF,3,3,2,4.0,,4.0,,,,5.0,,,4.0,
DSC_4547.TIF,3,3,3,2.0,,3.0,,,,2.0,,,2.0,
DSC_4547.TIF,3,3,4,0.0,,0.0,,,,0.0,,,0.0,
DSC_4547.TIF,3,3,5,0.0,,0.0,,,,0.0,,,0.0,
DSC_5085.TIF,1,2,1,2.0,,2.0,,,,2.0,,,2.0,
DSC_5085.TIF,1,2,2,4.0,,4.0,,,,5.0,,,4.0,
DSC_5085.TIF,1,2,3,0.0,,0.0,,,,0.0,,,0.0,
DSC_5085.TIF,1,2,4,0.0,,0.0,,,,0.0,,,0.0,
DSC_5085.TIF,1,2,5,0.0,,0.0,,,,0.0,,,0.0,
DSC_5085.TIF,1,2,6,4.0,,4.0,,,,5.0,,,3.0,
DSC_5085.TIF,2,1,1,2.0,,3.0,,,,2.0,,,1.0,
DSC_5085.TIF,2,1,2,0.0,,0.0,,,,0.0,,,0.0,
DSC_5085.TIF,2,1,3,1.0,,1.0,,,,1.0,,,0.0,
DSC_5085.TIF,2,1,4,3.0,,3.0,,,,2.0,,,3.0,
DSC_5085.TIF,2,1,5,0.0,,0.0,,,,1.0,,,0.0,
DSC_5085.TIF,2,1,6,6.0,,6.0,,,,6.0,,,6.0,
DSC_5085.TIF,2,3,1,3.0,,3.0,,,,3.0,,,1.0,
DSC_5085.TIF,2,3,2,0.0,,1.0,,,,0.0,,,0.0,
DSC_5085.TIF,2,3,3,4.0,,4.0,,,,4.0,,,4.0,
DSC_5085.TIF,2,3,4,1.0,,2.0,,,,1.0,,,0.0,
DSC_5085.TIF,2,3,5,3.0,,,,,,3.0,,,3.0,
DSC_5085.TIF,2,3,6,3.0,,3.0,,,,3.0,,,3.0,
DSC_5085.TIF,3,1,1,3.0,,4.0,,,,3.0,,,3.0,
DSC_5085.TIF,3,1,2,3.0,,3.0,,,,3.0,,,2.0,
DSC_5085.TIF,3,1,3,4.0,,4.0,,,,5.0,,,4.0,
DSC_5085.TIF,3,1,4,0.0,,0.0,,,,0.0,,,0.0,
DSC_5085.TIF,3,1,5,1.0,,1.0,,,,0.0,,,1.0,
DSC_5085.TIF,3,1,6,5.0,,5.0,,,,5.0,,,4.0,
DSC_5085.TIF,3,3,1,2.0,,1.0,,,,2.0,,,2.0,
DSC_5085.TIF,3,3,2,4.0,,4.0,,,,4.0,,,4.0,
DSC_5085.TIF,3,3,3,0.0,,1.0,,,,0.0,,,0.0,
DSC_5085.TIF,3,3,4,0.0,,1.0,,,,0.0,,,0.0,
DSC_5085.TIF,3,3,5,4.0,,4.0,,,,4.0,,,4.0,
DSC_5085.TIF,3,3,6,0.0,,1.0,,,,0.0,,,0.0,
DSC_5086.TIF,1,2,1,0.0,,,0.0,0.0,,,,0.0,,
DSC_5086.TIF,1,2,2,1.0,,,1.0,1.0,,,,1.0,,
DSC_5086.TIF,1,2,3,3.0,,,4.0,3.0,,,,3.0,,
DSC_5086.TIF,1,2,4,0.0,,,0.0,0.0,,,,0.0,,
DSC_5086.TIF,1,2,5,5.0,,,5.0,4.0,,,,5.0,,
DSC_5086.TIF,1,2,6,0.0,,,0.0,0.0,,,,0.0,,
DSC_5086.TIF,2,1,1,2.0,,,2.0,3.0,,,,2.0,,
DSC_5086.TIF,2,1,2,0.0,,,0.0,0.0,,,,0.0,,
DSC_5086.TIF,2,1,3,0.0,,,0.0,0.0,,,,0.0,,
DSC_5086.TIF,2,1,4,3.0,,,3.0,3.0,,,,3.0,,
DSC_5086.TIF,2,1,5,0.0,,,0.0,0.0,,,,0.0,,
DSC_5086.TIF,2,1,6,6.0,,,6.0,5.0,,,,6.0,,
DSC_5086.TIF,2,3,1,6.0,,,6.0,4.0,,,,6.0,,
DSC_5086.TIF,2,3,2,5.0,,,5.0,5.0,,,,6.0,,
DSC_5086.TIF,2,3,3,0.0,,,,0.0,,,,0.0,,
DSC_5086.TIF,2,3,4,0.0,,,0.0,0.0,,,,0.0,,
DSC_5086.TIF,2,3,5,1.0,,,1.0,1.0,,,,0.0,,
DSC_5086.TIF,2,3,6,2.0,,,1.0,2.0,,,,2.0,,
DSC_5086.TIF,3,1,1,6.0,,,6.0,5.0,,,,6.0,,
DSC_5086.TIF,3,1,2,1.0,,,1.0,1.0,,,,0.0,,
DSC_5086.TIF,3,1,3,0.0,,,0.0,1.0,,,,0.0,,
DSC_5086.TIF,3,1,4,0.0,,,0.0,0.0,,,,0.0,,
DSC_5086.TIF,3,1,5,4.0,,,4.0,4.0,,,,4.0,,
DSC_5086.TIF,3,3,1,3.0,,,3.0,3.0,,,,1.0,,
DSC_5086.TIF,3,3,2,0.0,,,0.0,1.0,,,,0.0,,
DSC_5086.TIF,3,3,3,4.0,,,4.0,4.0,,,,3.0,,
DSC_5086.TIF,3,3,4,0.0,,,0.0,0.0,,,,0.0,,
DSC_5086.TIF,3,3,5,4.0,,,6.0,4.0,,,,4.0,,
DSC_5086.TIF,3,3,6,1.0,,,1.0,2.0,,,,1.0,,
DSC_5087.TIF,1,2,1,4.0,,,,,4.0,,,,4.0,4.0
DSC_5087.TIF,1,2,2,0.0,,,,,0.0,,,,0.0,0.0
DSC_5087.TIF,1,2,3,1.0,,,,,1.0,,,,0.0,1.0
DSC_5087.TIF,1,2,4,2.0,,,,,2.0,,,,1.0,2.0
DSC_5087.TIF,1,2,5,0.0,,,,,0.0,,,,0.0,0.0
DSC_5087.TIF,1,2,6,3.0,,,,,3.0,,,,2.0,3.0
DSC_5087.TIF,2,1,1,5.0,,,,,6.0,,,,5.0,5.0
DSC_5087.TIF,2,1,2,0.0,,,,,1.0,,,,0.0,0.0
DSC_5087.TIF,2,1,3,0.0,,,,,0.0,,,,0.0,0.0
DSC_5087.TIF,2,1,4,0.0,,,,,0.0,,,,0.0,0.0
DSC_5087.TIF,2,1,5,0.0,,,,,0.0,,,,0.0,0.0
DSC_5087.TIF,2,1,6,5.0,,,,,6.0,,,,5.0,5.0
DSC_5087.TIF,2,3,1,5.0,,,,,5.0,,,,5.0,4.0
DSC_5087.TIF,2,3,2,0.0,,,,,0.0,,,,0.0,0.0
DSC_5087.TIF,2,3,3,0.0,,,,,0.0,,,,0.0,0.0
DSC_5087.TIF,2,3,4,0.0,,,,,0.0,,,,0.0,0.0
DSC_5087.TIF,2,3,5,0.0,,,,,1.0,,,,0.0,0.0
DSC_5087.TIF,2,3,6,5.0,,,,,5.0,,,,4.0,5.0
DSC_5087.TIF,3,1,1,4.0,,,,,4.0,,,,4.0,4.0
DSC_5087.TIF,3,1,2,0.0,,,,,0.0,,,,0.0,0.0
DSC_5087.TIF,3,1,3,0.0,,,,,0.0,,,,0.0,0.0
DSC_5087.TIF,3,1,4,1.0,,,,,1.0,,,,1.0,1.0
DSC_5087.TIF,3,1,5,1.0,,,,,1.0,,,,1.0,2.0
DSC_5087.TIF,3,1,6,3.0,,,,,4.0,,,,3.0,3.0
DSC_5087.TIF,3,3,1,3.0,,,,,3.0,,,,3.0,3.0
DSC_5087.TIF,3,3,2,4.0,,,,,4.0,,,,4.0,4.0
DSC_5087.TIF,3,3,3,1.0,,,,,1.0,,,,1.0,2.0
DSC_5087.TIF,3,3,4,4.0,,,,,3.0,,,,4.0,4.0
DSC_5087.TIF,3,3,5,0.0,,,,,0.0,,,,0.0,
DSC_5087.TIF,3,3,6,3.0,,,,,3.0,,,,2.0,3.0
DSC_5088.TIF,1,2,1,6.0,,6.0,,,,6.0,,,4.0,
DSC_5088.TIF,1,2,2,0.0,,0.0,,,,0.0,,,0.0,
DSC_5088.TIF,1,2,3,4.0,,4.0,,,,4.0,,,4.0,
DSC_5088.TIF,1,2,4,0.0,,1.0,,,,0.0,,,0.0,
DSC_5088.TIF,1,2,5,1.0,,2.0,,,,1.0,,,0.0,
DSC_5088.TIF,1,2,6,0.0,,0.0,,,,0.0,,,0.0,
DSC_5088.TIF,2,1,1,5.0,,5.0,,,,5.0,,,5.0,
DSC_5088.TIF,2,1,2,0.0,,1.0,,,,0.0,,,0.0,
DSC_5088.TIF,2,1,3,0.0,,1.0,,,,0.0,,,0.0,
DSC_5088.TIF,2,1,4,0.0,,1.0,,,,0.0,,,0.0,
DSC_5088.TIF,2,1,5,3.0,,4.0,,,,3.0,,,3.0,
DSC_5088.TIF,2,1,6,2.0,,3.0,,,,2.0,,,2.0,
DSC_5088.TIF,2,3,1,1.0,,2.0,,,,1.0,,,1.0,
DSC_5088.TIF,2,3,2,0.0,,1.0,,,,0.0,,,0.0,
DSC_5088.TIF,2,3,3,4.0,,4.0,,,,4.0,,,4.0,
DSC_5088.TIF,2,3,4,3.0,,3.0,,,,4.0,,,2.0,
DSC_5088.TIF,2,3,5,2.0,,2.0,,,,2.0,,,0.0,
DSC_5088.TIF,2,3,6,0.0,,0.0,,,,0.0,,,0.0,
DSC_5088.TIF,3,1,1,4.0,,4.0,,,,4.0,,,4.0,
DSC_5088.TIF,3,1,2,3.0,,3.0,,,,3.0,,,3.0,
DSC_5088.TIF,3,1,3,0.0,,0.0,,,,0.0,,,0.0,
DSC_5088.TIF,3,1,4,3.0,,3.0,,,,3.0,,,2.0,
DSC_5088.TIF,3,1,5,1.0,,1.0,,,,2.0,,,1.0,
DSC_5088.TIF,3,1,6,1.0,,1.0,,,,1.0,,,1.0,
DSC_5088.TIF,3,3,1,4.0,,4.0,,,,6.0,,,4.0,
DSC_5088.TIF,3,3,2,3.0,,3.0,,,,3.0,,,2.0,
DSC_5088.TIF,3,3,3,1.0,,1.0,,,,0.0,,,1.0,
DSC_5088.TIF,3,3,4,0.0,,1.0,,,,0.0,,,0.0,
DSC_5088.TIF,3,3,5,0.0,,1.0,,,,0.0,,,0.0,
DSC_5088.TIF,3,3,6,0.0,,1.0,,,,0.0,,,0.0,
DSC_6261.tif,1,2,1,5.0,,5.0,,,,6.0,,,5.0,
DSC_6261.tif,1,2,2,0.0,,1.0,,,,0.0,,,0.0,
DSC_6261.tif,1,2,3,4.0,,4.0,,,,0.0,,,5.0,
DSC_6261.tif,1,2,4,5.0,,5.0,,,,0.0,,,5.0,
DSC_6261.tif,2,1,1,5.0,,6.0,,,,0.0,,,5.0,
DSC_6261.tif,2,1,2,0.0,,1.0,,,,0.0,,,0.0,
DSC_6261.tif,2,1,3,6.0,,5.0,,,,6.0,,,6.0,
DSC_6261.tif,2,1,4,5.0,,5.0,,,,6.0,,,5.0,
DSC_6261.tif,2,3,1,5.0,,5.0,,,,6.0,,,5.0,
DSC_6261.tif,2,3,2,0.0,,0.0,,,,0.0,,,0.0,
DSC_6261.tif,2,3,3,6.0,,4.0,,,,6.0,,,6.0,
DSC_6261.tif,2,3,4,5.0,,5.0,,,,6.0,,,5.0,
DSC_6337.tif,1,1,1,0.0,,,,0.0,,,,0.0,,0.0
DSC_6337.tif,1,1,2,0.0,,,,0.0,,,,0.0,,0.0
DSC_6337.tif,1,1,3,2.0,,,,3.0,,,,2.0,,2.0
DSC_6337.tif,1,1,4,3.0,,,,3.0,,,,3.0,,2.0
DSC_6337.tif,1,1,5,0.0,,,,0.0,,,,0.0,,0.0
DSC_6337.tif,1,1,6,0.0,,,,0.0,,,,0.0,,0.0
DSC_6337.tif,1,3,1,0.0,,,,0.0,,,,0.0,,0.0
DSC_6337.tif,1,3,2,0.0,,,,0.0,,,,0.0,,0.0
DSC_6337.tif,1,3,3,0.0,,,,0.0,,,,0.0,,0.0
DSC_6337.tif,1,3,4,1.0,,,,2.0,,,,1.0,,1.0
DSC_6337.tif,1,3,5,3.0,,,,3.0,,,,3.0,,2.0
DSC_6337.tif,1,3,6,0.0,,,,0.0,,,,0.0,,0.0
DSC_6337.tif,2,2,1,0.0,,,,0.0,,,,,,0.0
DSC_6337.tif,2,2,2,0.0,,,,0.0,,,,0.0,,0.0
DSC_6337.tif,2,2,3,0.0,,,,0.0,,,,0.0,,0.0
DSC_6337.tif,2,2,4,0.0,,,,0.0,,,,0.0,,0.0
DSC_6337.tif,2,2,5,6.0,,,,6.0,,,,6.0,,4.0
DSC_6337.tif,2,2,6,6.0,,,,6.0,,,,6.0,,5.0
DSC_6337.tif,3,1,1,4.0,,,,4.0,,,,5.0,,3.0
DSC_6337.tif,3,1,2,0.0,,,,0.0,,,,0.0,,0.0
DSC_6337.tif,3,1,3,0.0,,,,0.0,,,,0.0,,0.0
DSC_6337.tif,3,1,4,0.0,,,,0.0,,,,0.0,,0.0
DSC_6337.tif,3,1,5,0.0,,,,0.0,,,,0.0,,0.0
DSC_6337.tif,3,1,6,5.0,,,,5.0,,,,5.0,,4.0
DSC_6337.tif,3,3,1,6.0,,,,6.0,,,,6.0,,5.0
DSC_6337.tif,3,3,2,6.0,,,,6.0,,,,6.0,,5.0
DSC_6337.tif,3,3,3,0.0,,,,0.0,,,,0.0,,0.0
DSC_6337.tif,3,3,4,0.0,,,,0.0,,,,0.0,,0.0
DSC_6337.tif,3,3,5,0.0,,,,0.0,,,,0.0,,0.0
DSC_6337.tif,3,3,6,0.0,,,,0.0,,,,0.0,,0.0
DSC_6338.tif,1,1,1,0.0,,0.0,,,,0.0,0.0,,,
DSC_6338.tif,1,1,2,4.0,,3.0,,,,5.0,4.0,,,
DSC_6338.tif,1,1,3,4.0,,3.0,,,,5.0,4.0,,,
DSC_6338.tif,1,1,4,0.0,,1.0,,,,0.0,0.0,,,
DSC_6338.tif,1,1,5,0.0,,0.0,,,,0.0,0.0,,,
DSC_6338.tif,1,1,6,0.0,,0.0,,,,0.0,0.0,,,
DSC_6338.tif,1,3,1,0.0,,0.0,,,,0.0,0.0,,,
DSC_6338.tif,1,3,2,0.0,,0.0,,,,0.0,0.0,,,
DSC_6338.tif,1,3,3,1.0,,1.0,,,,0.0,1.0,,,
DSC_6338.tif,1,3,4,1.0,,1.0,,,,1.0,0.0,,,
DSC_6338.tif,1,3,5,0.0,,1.0,,,,0.0,0.0,,,
DSC_6338.tif,1,3,6,0.0,,1.0,,,,0.0,0.0,,,
DSC_6338.tif,2,2,1,0.0,,0.0,,,,0.0,0.0,,,
DSC_6338.tif,2,2,2,0.0,,0.0,,,,0.0,0.0,,,
DSC_6338.tif,2,2,3,0.0,,0.0,,,,0.0,0.0,,,
DSC_6338.tif,2,2,4,0.0,,1.0,,,,0.0,0.0,,,
DSC_6338.tif,2,2,5,1.0,,1.0,,,,1.0,0.0,,,
DSC_6338.tif,2,2,6,0.0,,0.0,,,,0.0,0.0,,,
DSC_6338.tif,3,1,1,0.0,,1.0,,,,0.0,0.0,,,
DSC_6338.tif,3,1,2,0.0,,0.0,,,,0.0,0.0,,,
DSC_6338.tif,3,1,3,0.0,,0.0,,,,0.0,0.0,,,
DSC_6338.tif,3,1,4,0.0,,0.0,,,,0.0,0.0,,,
DSC_6338.tif,3,1,5,5.0,,5.0,,,,4.0,5.0,,,
DSC_6338.tif,3,3,1,4.0,,5.0,,,,4.0,4.0,,,
DSC_6338.tif,3,3,2,0.0,,1.0,,,,0.0,0.0,,,
DSC_6338.tif,3,3,3,0.0,,1.0,,,,0.0,0.0,,,
DSC_6338.tif,3,3,4,0.0,,1.0,,,,0.0,0.0,,,
DSC_6338.tif,3,3,5,0.0,,1.0,,,,0.0,0.0,,,
DSC_6338.tif,3,3,6,5.0,,5.0,,,,5.0,5.0,,,
DSC_6339.tif,1,1,1,4.0,,4.0,,,5.0,,,,4.0,
DSC_6339.tif,1,1,2,5.0,,5.0,,,5.0,,,,4.0,
DSC_6339.tif,1,1,3,0.0,,0.0,,,0.0,,,,0.0,
DSC_6339.tif,1,1,4,0.0,,0.0,,,0.0,,,,0.0,
DSC_6339.tif,1,1,5,0.0,,0.0,,,0.0,,,,0.0,
DSC_6339.tif,1,1,6,0.0,,,,,0.0,,,,0.0,
DSC_6339.tif,1,3,1,0.0,,0.0,,,0.0,,,,0.0,
DSC_6339.tif,1,3,2,4.0,,4.0,,,4.0,,,,4.0,
DSC_6339.tif,1,3,3,3.0,,3.0,,,3.0,,,,2.0,
DSC_6339.tif,1,3,4,0.0,,0.0,,,0.0,,,,0.0,
DSC_6339.tif,1,3,5,0.0,,0.0,,,0.0,,,,0.0,
DSC_6339.tif,1,3,6,0.0,,0.0,,,0.0,,,,0.0,
DSC_6339.tif,2,2,1,0.0,,0.0,,,0.0,,,,0.0,
DSC_6339.tif,2,2,2,0.0,,0.0,,,0.0,,,,0.0,
DSC_6339.tif,2,2,3,4.0,,4.0,,,4.0,,,,3.0,
DSC_6339.tif,2,2,4,4.0,,4.0,,,4.0,,,,3.0,
DSC_6339.tif,2,2,5,0.0,,0.0,,,0.0,,,,0.0,
DSC_6339.tif,2,2,6,0.0,,0.0,,,0.0,,,,0.0,
DSC_6339.tif,3,1,1,0.0,,0.0,,,0.0,,,,0.0,
DSC_6339.tif,3,1,2,0.0,,0.0,,,0.0,,,,0.0,
DSC_6339.tif,3,1,3,0.0,,0.0,,,0.0,,,,0.0,
DSC_6339.tif,3,1,4,1.0,,1.0,,,1.0,,,,1.0,
DSC_6339.tif,3,1,5,1.0,,1.0,,,1.0,,,,0.0,
DSC_6339.tif,3,1,6,0.0,,0.0,,,0.0,,,,0.0,
DSC_6339.tif,3,3,1,0.0,,,,,0.0,,,,0.0,
DSC_6339.tif,3,3,2,0.0,,0.0,,,0.0,,,,0.0,
DSC_6339.tif,3,3,3,0.0,,0.0,,,0.0,,,,0.0,
DSC_6339.tif,3,3,4,0.0,,0.0,,,0.0,,,,0.0,
DSC_6339.tif,3,3,5,6.0,,6.0,,,6.0,,,,6.0,
DSC_6340.tif,1,1,1,6.0,,,,6.0,,,,6.0,,6.0
DSC_6340.tif,1,1,2,0.0,,,,0.0,,,,0.0,,0.0
DSC_6340.tif,1,1,3,0.0,,,,0.0,,,,0.0,,0.0
DSC_6340.tif,1,1,4,0.0,,,,0.0,,,,0.0,,0.0
DSC_6340.tif,1,1,5,0.0,,,,0.0,,,,0.0,,0.0
DSC_6340.tif,1,1,6,6.0,,,,6.0,,,,6.0,,5.0
DSC_6340.tif,1,3,1,6.0,,,,6.0,,,,6.0,,5.0
DSC_6340.tif,1,3,2,6.0,,,,6.0,,,,6.0,,5.0
DSC_6340.tif,1,3,3,0.0,,,,0.0,,,,0.0,,0.0
DSC_6340.tif,1,3,4,0.0,,,,0.0,,,,0.0,,0.0
DSC_6340.tif,1,3,5,0.0,,,,0.0,,,,0.0,,0.0
DSC_6340.tif,1,3,6,0.0,,,,0.0,,,,0.0,,0.0
DSC_6340.tif,2,2,1,0.0,,,,0.0,,,,0.0,,0.0
DSC_6340.tif,2,2,2,5.0,,,,5.0,,,,6.0,,5.0
DSC_6340.tif,2,2,3,5.0,,,,5.0,,,,5.0,,4.0
DSC_6340.tif,2,2,4,0.0,,,,0.0,,,,0.0,,0.0
DSC_6340.tif,2,2,5,0.0,,,,0.0,,,,0.0,,0.0
DSC_6340.tif,2,2,6,0.0,,,,0.0,,,,0.0,,0.0
DSC_6340.tif,3,1,1,0.0,,,,0.0,,,,0.0,,0.0
DSC_6340.tif,3,1,2,0.0,,,,0.0,,,,0.0,,
DSC_6340.tif,3,1,3,6.0,,,,6.0,,,,6.0,,5.0
DSC_6340.tif,3,1,4,6.0,,,,6.0,,,,6.0,,5.0
DSC_6340.tif,3,1,5,0.0,,,,0.0,,,,0.0,,0.0
DSC_6340.tif,3,1,6,0.0,,,,1.0,,,,0.0,,0.0
DSC_6340.tif,3,3,1,0.0,,,,0.0,,,,0.0,,0.0
DSC_6340.tif,3,3,2,0.0,,,,0.0,,,,0.0,,0.0
DSC_6340.tif,3,3,3,0.0,,,,0.0,,,,0.0,,0.0
DSC_6340.tif,3,3,4,3.0,,,,3.0,,,,3.0,,3.0
DSC_6340.tif,3,3,5,6.0,,,,6.0,,,,6.0,,4.0
DSC_6340.tif,3,3,6,0.0,,,,1.0,,,,0.0,,0.0
DSC_6617.tif,1,1,1,0.0,,,0.0,,,1.0,0.0,,,
DSC_6617.tif,1,1,2,0.0,,,0.0,,,1.0,0.0,,,
DSC_6617.tif,1,1,3,4.0,,,5.0,,,4.0,4.0,,,
DSC_6617.tif,1,1,4,4.0,,,5.0,,,4.0,4.0,,,
DSC_6617.tif,1,1,5,0.0,,,0.0,,,0.0,0.0,,,
DSC_6617.tif,1,1,6,0.0,,,0.0,,,0.0,0.0,,,
DSC_6617.tif,1,3,1,0.0,,,0.0,,,0.0,0.0,,,
DSC_6617.tif,1,3,2,0.0,,,0.0,,,0.0,0.0,,,
DSC_6617.tif,1,3,3,0.0,,,0.0,,,0.0,0.0,,,
DSC_6617.tif,1,3,4,3.0,,,4.0,,,2.0,3.0,,,
DSC_6617.tif,1,3,5,6.0,,,6.0,,,5.0,6.0,,,
DSC_6617.tif,1,3,6,0.0,,,0.0,,,0.0,0.0,,,
DSC_6617.tif,2,2,1,0.0,,,0.0,,,0.0,0.0,,,
DSC_6617.tif,2,2,2,0.0,,,0.0,,,0.0,0.0,,,
DSC_6617.tif,2,2,3,0.0,,,0.0,,,0.0,0.0,,,
DSC_6617.tif,2,2,4,0.0,,,0.0,,,0.0,0.0,,,
DSC_6617.tif,2,2,5,5.0,,,6.0,,,5.0,5.0,,,
DSC_6617.tif,2,2,6,6.0,,,6.0,,,6.0,6.0,,,
DSC_6617.tif,3,1,1,4.0,,,5.0,,,3.0,4.0,,,
DSC_6617.tif,3,1,2,0.0,,,0.0,,,0.0,0.0,,,
DSC_6617.tif,3,1,3,0.0,,,0.0,,,0.0,0.0,,,
DSC_6617.tif,3,1,4,0.0,,,0.0,,,0.0,0.0,,,
DSC_6617.tif,3,1,5,0.0,,,0.0,,,0.0,0.0,,,
DSC_6617.tif,3,1,6,3.0,,,5.0,,,3.0,3.0,,,
DSC_6617.tif,3,3,1,6.0,,,6.0,,,6.0,5.0,,,
DSC_6617.tif,3,3,2,6.0,,,6.0,,,6.0,5.0,,,
DSC_6617.tif,3,3,3,0.0,,,0.0,,,0.0,0.0,,,
DSC_6617.tif,3,3,4,0.0,,,0.0,,,0.0,0.0,,,
DSC_6617.tif,3,3,5,0.0,,,0.0,,,0.0,0.0,,,
DSC_6617.tif,3,3,6,0.0,,,0.0,,,0.0,0.0,,,
DSC_6618.tif,1,1,1,0.0,,0.0,,,,0.0,,,0.0,
DSC_6618.tif,1,1,2,5.0,,5.0,,,,6.0,,,5.0,
DSC_6618.tif,1,1,3,4.0,,4.0,,,,3.0,,,4.0,
DSC_6618.tif,1,1,4,0.0,,,,,,0.0,,,0.0,
DSC_6618.tif,1,1,5,0.0,,0.0,,,,0.0,,,0.0,
DSC_6618.tif,1,1,6,0.0,,0.0,,,,0.0,,,0.0,
DSC_6618.tif,1,3,1,0.0,,0.0,,,,0.0,,,0.0,
DSC_6618.tif,1,3,2,0.0,,0.0,,,,0.0,,,0.0,
DSC_6618.tif,1,3,3,1.0,,2.0,,,,1.0,,,0.0,
DSC_6618.tif,1,3,4,4.0,,4.0,,,,4.0,,,5.0,
DSC_6618.tif,1,3,5,0.0,,1.0,,,,0.0,,,0.0,
DSC_6618.tif,1,3,6,0.0,,0.0,,,,0.0,,,0.0,
DSC_6618.tif,2,2,1,0.0,,0.0,,,,0.0,,,0.0,
DSC_6618.tif,2,2,2,0.0,,0.0,,,,0.0,,,0.0,
DSC_6618.tif,2,2,3,0.0,,0.0,,,,0.0,,,0.0,
DSC_6618.tif,2,2,4,1.0,,3.0,,,,1.0,,,1.0,
DSC_6618.tif,2,2,5,4.0,,4.0,,,,3.0,,,5.0,
DSC_6618.tif,2,2,6,0.0,,0.0,,,,0.0,,,0.0,
DSC_6618.tif,3,1,1,0.0,,0.0,,,,0.0,,,0.0,
DSC_6618.tif,3,1,2,0.0,,0.0,,,,0.0,,,0.0,
DSC_6618.tif,3,1,3,0.0,,0.0,,,,0.0,,,0.0,
DSC_6618.tif,3,1,4,0.0,,0.0,,,,0.0,,,0.0,
DSC_6618.tif,3,1,5,2.0,,2.0,,,,2.0,,,3.0,
DSC_6618.tif,3,1,6,4.0,,3.0,,,,4.0,,,4.0,
DSC_6618.tif,3,3,1,4.0,,4.0,,,,4.0,,,5.0,
DSC_6618.tif,3,3,2,0.0,,0.0,,,,0.0,,,0.0,
DSC_6618.tif,3,3,3,0.0,,1.0,,,,0.0,,,0.0,
DSC_6618.tif,3,3,4,0.0,,0.0,,,,0.0,,,0.0,
DSC_6618.tif,3,3,5,0.0,,0.0,,,,0.0,,,0.0,
DSC_6618.tif,3,3,6,4.0,,4.0,,,,4.0,,,4.0,
DSC_6619.tif,1,1,1,4.0,,,,4.0,4.0,,,,,4.0
DSC_6619.tif,1,1,2,4.0,,,,5.0,4.0,,,,,4.0
DSC_6619.tif,1,1,3,0.0,,,,0.0,0.0,,,,,0.0
DSC_6619.tif,1,1,4,0.0,,,,0.0,0.0,,,,,0.0
DSC_6619.tif,1,1,5,0.0,,,,0.0,0.0,,,,,0.0
DSC_6619.tif,1,1,6,0.0,,,,0.0,0.0,,,,,0.0
DSC_6619.tif,1,3,1,0.0,,,,0.0,0.0,,,,,0.0
DSC_6619.tif,1,3,2,3.0,,,,3.0,4.0,,,,,3.0
DSC_6619.tif,1,3,3,3.0,,,,3.0,3.0,,,,,2.0
DSC_6619.tif,1,3,4,0.0,,,,0.0,0.0,,,,,0.0
DSC_6619.tif,1,3,5,0.0,,,,0.0,0.0,,,,,0.0
DSC_6619.tif,1,3,6,0.0,,,,0.0,0.0,,,,,0.0
DSC_6619.tif,2,2,1,0.0,,,,0.0,0.0,,,,,0.0
DSC_6619.tif,2,2,2,0.0,,,,0.0,0.0,,,,,0.0
DSC_6619.tif,2,2,4,5.0,,,,5.0,6.0,,,,,4.0
DSC_6619.tif,2,2,5,0.0,,,,0.0,0.0,,,,,0.0
DSC_6619.tif,2,2,6,0.0,,,,0.0,0.0,,,,,0.0
DSC_6619.tif,3,1,1,0.0,,,,0.0,0.0,,,,,0.0
DSC_6619.tif,3,1,2,0.0,,,,0.0,0.0,,,,,0.0
DSC_6619.tif,3,1,3,0.0,,,,0.0,0.0,,,,,0.0
DSC_6619.tif,3,1,4,2.0,,,,2.0,3.0,,,,,2.0
DSC_6619.tif,3,1,5,6.0,,,,6.0,6.0,,,,,4.0
DSC_6619.tif,3,3,1,0.0,,,,0.0,0.0,,,,,0.0
DSC_6619.tif,3,3,2,0.0,,,,0.0,0.0,,,,,0.0
DSC_6619.tif,3,3,3,0.0,,,,0.0,0.0,,,,,0.0
DSC_6619.tif,3,3,4,0.0,,,,0.0,0.0,,,,,0.0
DSC_6619.tif,3,3,5,4.0,,,,4.0,4.0,,,,,4.0
DSC_6619.tif,3,3,6,4.0,,,,4.0,5.0,,,,,4.0
DSC_7489.TIF,1,2,1,0.0,,0.0,,,0.0,,,,0.0,
DSC_7489.TIF,1,2,2,0.0,,0.0,,,0.0,,,,0.0,
DSC_7489.TIF,1,2,3,0.0,,0.0,,,0.0,,,,0.0,
DSC_7489.TIF,1,2,4,0.0,,0.0,,,0.0,,,,0.0,
DSC_7489.TIF,1,2,5,0.0,,0.0,,,0.0,,,,0.0,
DSC_7489.TIF,1,2,6,0.0,,0.0,,,0.0,,,,0.0,
DSC_7489.TIF,2,1,1,0.0,,,,,0.0,,,,0.0,
DSC_7489.TIF,2,1,2,0.0,,0.0,,,0.0,,,,0.0,
DSC_7489.TIF,2,1,3,0.0,,0.0,,,0.0,,,,0.0,
DSC_7489.TIF,2,1,4,0.0,,0.0,,,0.0,,,,0.0,
DSC_7489.TIF,2,1,5,0.0,,0.0,,,0.0,,,,0.0,
DSC_7489.TIF,2,1,6,0.0,,0.0,,,0.0,,,,0.0,
DSC_7489.TIF,2,3,1,0.0,,0.0,,,0.0,,,,0.0,
DSC_7489.TIF,2,3,2,0.0,,0.0,,,0.0,,,,0.0,
DSC_7489.TIF,2,3,3,0.0,,0.0,,,0.0,,,,0.0,
DSC_7489.TIF,2,3,4,0.0,,0.0,,,0.0,,,,0.0,
DSC_7489.TIF,2,3,5,0.0,,0.0,,,0.0,,,,0.0,
DSC_7489.TIF,2,3,6,1.0,,1.0,,,1.0,,,,0.0,
DSC_7489.TIF,3,1,1,0.0,,0.0,,,0.0,,,,0.0,
DSC_7489.TIF,3,1,2,0.0,,0.0,,,0.0,,,,0.0,
DSC_7489.TIF,3,1,3,0.0,,0.0,,,0.0,,,,0.0,
DSC_7489.TIF,3,1,4,0.0,,0.0,,,0.0,,,,0.0,
DSC_7489.TIF,3,1,5,0.0,,,,,0.0,,,,0.0,
DSC_7489.TIF,3,1,6,0.0,,0.0,,,0.0,,,,0.0,
DSC_7489.TIF,3,3,1,0.0,,0.0,,,0.0,,,,0.0,
DSC_7489.TIF,3,3,2,0.0,,0.0,,,0.0,,,,0.0,
DSC_7489.TIF,3,3,3,0.0,,0.0,,,0.0,,,,0.0,
DSC_7489.TIF,3,3,4,0.0,,0.0,,,1.0,,,,0.0,
DSC_7489.TIF,3,3,5,2.0,,3.0,,,2.0,,,,2.0,
DSC_7489.TIF,3,3,6,2.0,,3.0,,,2.0,,,,2.0,
DSC_7490.TIF,1,2,1,0.0,,,0.0,,,,0.0,0.0,,
DSC_7490.TIF,1,2,2,0.0,,,0.0,,,,0.0,0.0,,
DSC_7490.TIF,1,2,3,0.0,,,0.0,,,,0.0,0.0,,
DSC_7490.TIF,1,2,4,0.0,,,0.0,,,,0.0,0.0,,
DSC_7490.TIF,1,2,5,0.0,,,0.0,,,,0.0,0.0,,
DSC_7490.TIF,1,2,6,2.0,,,2.0,,,,2.0,2.0,,
DSC_7490.TIF,2,1,1,0.0,,,0.0,,,,0.0,0.0,,
DSC_7490.TIF,2,1,2,0.0,,,0.0,,,,0.0,0.0,,
DSC_7490.TIF,2,1,3,0.0,,,0.0,,,,0.0,0.0,,
DSC_7490.TIF,2,1,4,0.0,,,0.0,,,,0.0,0.0,,
DSC_7490.TIF,2,1,5,0.0,,,0.0,,,,0.0,0.0,,
DSC_7490.TIF,2,1,6,1.0,,,3.0,,,,1.0,1.0,,
DSC_7490.TIF,2,3,1,1.0,,,1.0,,,,0.0,1.0,,
DSC_7490.TIF,2,3,2,0.0,,,0.0,,,,0.0,0.0,,
DSC_7490.TIF,2,3,3,0.0,,,0.0,,,,0.0,0.0,,
DSC_7490.TIF,2,3,4,0.0,,,0.0,,,,0.0,0.0,,
DSC_7490.TIF,2,3,5,0.0,,,0.0,,,,0.0,0.0,,
DSC_7490.TIF,2,3,6,0.0,,,0.0,,,,0.0,0.0,,
DSC_7490.TIF,3,1,1,0.0,,,0.0,,,,0.0,0.0,,
DSC_7490.TIF,3,1,2,0.0,,,0.0,,,,0.0,0.0,,
DSC_7490.TIF,3,1,3,0.0,,,0.0,,,,0.0,0.0,,
DSC_7490.TIF,3,1,4,0.0,,,0.0,,,,0.0,0.0,,
DSC_7490.TIF,3,1,5,0.0,,,0.0,,,,0.0,0.0,,
DSC_7490.TIF,3,3,1,0.0,,,0.0,,,,0.0,0.0,,
DSC_7490.TIF,3,3,2,0.0,,,0.0,,,,0.0,0.0,,
DSC_7490.TIF,3,3,3,0.0,,,0.0,,,,0.0,0.0,,
DSC_7490.TIF,3,3,4,0.0,,,0.0,,,,0.0,0.0,,
DSC_7490.TIF,3,3,5,0.0,,,0.0,,,,0.0,0.0,,
DSC_7490.TIF,3,3,6,0.0,,,0.0,,,,0.0,0.0,,
DSC_7491.TIF,1,2,1,5.0,,,,,5.0,,,,6.0,5.0
DSC_7491.TIF,1,2,2,5.0,,,,,5.0,,,,5.0,5.0
DSC_7491.TIF,1,2,3,5.0,,,,,4.0,,,,6.0,5.0
DSC_7491.TIF,1,2,4,5.0,,,,,5.0,,,,6.0,4.0
DSC_7491.TIF,1,2,5,6.0,,,,,6.0,,,,6.0,5.0
DSC_7491.TIF,1,2,6,5.0,,,,,5.0,,,,6.0,5.0
DSC_7491.TIF,2,1,1,6.0,,,,,6.0,,,,5.0,6.0
DSC_7491.TIF,2,1,2,5.0,,,,,6.0,,,,5.0,5.0
DSC_7491.TIF,2,1,3,5.0,,,,,6.0,,,,5.0,5.0
DSC_7491.TIF,2,1,4,4.0,,,,,5.0,,,,4.0,4.0
DSC_7491.TIF,2,1,5,5.0,,,,,5.0,,,,6.0,4.0
DSC_7491.TIF,2,1,6,5.0,,,,,6.0,,,,5.0,4.0
DSC_7491.TIF,2,3,1,4.0,,,,,4.0,,,,5.0,3.0
DSC_7491.TIF,2,3,2,5.0,,,,,5.0,,,,6.0,4.0
DSC_7491.TIF,2,3,3,4.0,,,,,4.0,,,,4.0,3.0
DSC_7491.TIF,2,3,4,4.0,,,,,5.0,,,,4.0,3.0
DSC_7491.TIF,2,3,5,4.0,,,,,6.0,,,,4.0,4.0
DSC_7491.TIF,2,3,6,5.0,,,,,5.0,,,,4.0,5.0
DSC_7491.TIF,3,1,1,4.0,,,,,4.0,,,,4.0,4.0
DSC_7491.TIF,3,1,3,4.0,,,,,4.0,,,,4.0,3.0
DSC_7491.TIF,3,1,4,4.0,,,,,4.0,,,,4.0,3.0
DSC_7491.TIF,3,1,5,5.0,,,,,5.0,,,,5.0,4.0
DSC_7491.TIF,3,1,6,6.0,,,,,6.0,,,,6.0,6.0
DSC_7491.TIF,3,3,1,5.0,,,,,5.0,,,,5.0,4.0
DSC_7491.TIF,3,3,2,5.0,,,,,5.0,,,,6.0,5.0
DSC_7491.TIF,3,3,3,4.0,,,,,4.0,,,,5.0,4.0
DSC_7491.TIF,3,3,4,4.0,,,,,4.0,,,,5.0,4.0
DSC_7491.TIF,3,3,5,5.0,,,,,5.0,,,,6.0,5.0
DSC_7491.TIF,3,3,6,5.0,,,,,5.0,,,,6.0,5.0
DSC_7492.TIF,1,2,1,5.0,,4.0,,,,5.0,,,5.0,
DSC_7492.TIF,1,2,2,5.0,,4.0,,,,6.0,,,5.0,
DSC_7492.TIF,1,2,3,5.0,,3.0,,,,6.0,,,5.0,
DSC_7492.TIF,1,2,4,6.0,,5.0,,,,6.0,,,6.0,
DSC_7492.TIF,1,2,5,6.0,,5.0,,,,6.0,,,6.0,
DSC_7492.TIF,1,2,6,5.0,,5.0,,,,6.0,,,5.0,
DSC_7492.TIF,2,1,1,6.0,,5.0,,,,6.0,,,6.0,
DSC_7492.TIF,2,1,2,6.0,,4.0,,,,6.0,,,6.0,
DSC_7492.TIF,2,1,3,5.0,,4.0,,,,6.0,,,5.0,
DSC_7492.TIF,2,1,4,5.0,,4.0,,,,5.0,,,5.0,
DSC_7492.TIF,2,1,5,6.0,,5.0,,,,6.0,,,6.0,
DSC_7492.TIF,2,1,6,6.0,,5.0,,,,6.0,,,6.0,
DSC_7492.TIF,2,3,1,6.0,,6.0,,,,6.0,,,6.0,
DSC_7492.TIF,2,3,2,6.0,,6.0,,,,6.0,,,6.0,
DSC_7492.TIF,2,3,3,6.0,,5.0,,,,6.0,,,6.0,
DSC_7492.TIF,2,3,4,5.0,,4.0,,,,5.0,,,5.0,
DSC_7492.TIF,2,3,5,5.0,,5.0,,,,5.0,,,5.0,
DSC_7492.TIF,2,3,6,6.0,,6.0,,,,6.0,,,5.0,
DSC_7492.TIF,3,1,1,5.0,,5.0,,,,5.0,,,5.0,
DSC_7492.TIF,3,1,2,4.0,,4.0,,,,5.0,,,4.0,
DSC_7492.TIF,3,1,3,4.0,,4.0,,,,5.0,,,4.0,
DSC_7492.TIF,3,1,5,5.0,,5.0,,,,5.0,,,5.0,
DSC_7492.TIF,3,1,6,5.0,,5.0,,,,5.0,,,5.0,
DSC_7492.TIF,3,3,1,6.0,,6.0,,,,6.0,,,6.0,
DSC_7492.TIF,3,3,2,5.0,,4.0,,,,6.0,,,5.0,
DSC_7492.TIF,3,3,3,4.0,,3.0,,,,5.0,,,4.0,
DSC_7492.TIF,3,3,4,5.0,,4.0,,,,6.0,,,5.0,
DSC_7492.TIF,3,3,5,5.0,,4.0,,,,6.0,,,5.0,
DSC_7492.TIF,3,3,6,5.0,,5.0,,,,6.0,,,5.0,
DSC_7493.TIF,1,2,1,3.0,,,,3.0,,,,3.0,,1.0
DSC_7493.TIF,1,2,3,1.0,,,,2.0,,,,1.0,,0.0
DSC_7493.TIF,1,2,4,0.0,,,,0.0,,,,0.0,,0.0
DSC_7493.TIF,1,2,5,0.0,,,,0.0,,,,0.0,,0.0
DSC_7493.TIF,1,2,6,0.0,,,,0.0,,,,0.0,,0.0
DSC_7493.TIF,2,1,1,0.0,,,,0.0,,,,0.0,,0.0
DSC_7493.TIF,2,1,2,0.0,,,,0.0,,,,0.0,,0.0
DSC_7493.TIF,2,1,3,0.0,,,,0.0,,,,0.0,,0.0
DSC_7493.TIF,2,1,4,3.0,,,,4.0,,,,3.0,,2.0
DSC_7493.TIF,2,1,5,2.0,,,,2.0,,,,2.0,,2.0
DSC_7493.TIF,2,1,6,2.0,,,,3.0,,,,2.0,,2.0
DSC_7493.TIF,2,3,1,1.0,,,,3.0,,,,1.0,,1.0
DSC_7493.TIF,2,3,2,1.0,,,,1.0,,,,1.0,,1.0
DSC_7493.TIF,2,3,3,1.0,,,,1.0,,,,0.0,,1.0
DSC_7493.TIF,2,3,4,0.0,,,,0.0,,,,0.0,,0.0
DSC_7493.TIF,2,3,5,0.0,,,,0.0,,,,0.0,,0.0
DSC_7493.TIF,2,3,6,0.0,,,,0.0,,,,0.0,,0.0
DSC_7493.TIF,3,1,1,0.0,,,,0.0,,,,0.0,,0.0
DSC_7493.TIF,3,1,2,0.0,,,,0.0,,,,0.0,,0.0
DSC_7493.TIF,3,1,3,0.0,,,,0.0,,,,0.0,,0.0
DSC_7493.TIF,3,1,4,2.0,,,,2.0,,,,2.0,,1.0
DSC_7493.TIF,3,1,5,2.0,,,,3.0,,,,1.0,,2.0
DSC_7493.TIF,3,1,6,3.0,,,,4.0,,,,3.0,,3.0
DSC_7493.TIF,3,3,1,0.0,,,,0.0,,,,0.0,,
DSC_7493.TIF,3,3,2,0.0,,,,0.0,,,,0.0,,
DSC_7493.TIF,3,3,3,0.0,,,,0.0,,,,0.0,,
DSC_7494.TIF,1,2,1,0.0,,0.0,,,,0.0,0.0,,,
DSC_7494.TIF,1,2,2,0.0,,0.0,,,,0.0,0.0,,,
DSC_7494.TIF,1,2,3,0.0,,0.0,,,,0.0,0.0,,,
DSC_7494.TIF,1,2,4,0.0,,0.0,,,,1.0,0.0,,,
DSC_7494.TIF,1,2,5,2.0,,2.0,,,,2.0,1.0,,,
DSC_7494.TIF,1,2,6,3.0,,2.0,,,,3.0,3.0,,,
DSC_7494.TIF,2,1,1,2.0,,2.0,,,,3.0,2.0,,,
DSC_7494.TIF,2,1,2,2.0,,2.0,,,,2.0,1.0,,,
DSC_7494.TIF,2,1,3,1.0,,1.0,,,,1.0,1.0,,,
DSC_7494.TIF,2,1,4,0.0,,0.0,,,,0.0,0.0,,,
DSC_7494.TIF,2,1,5,0.0,,0.0,,,,0.0,0.0,,,
DSC_7494.TIF,2,1,6,0.0,,0.0,,,,0.0,0.0,,,
DSC_7494.TIF,2,3,1,3.0,,4.0,,,,3.0,3.0,,,
DSC_7494.TIF,2,3,2,3.0,,4.0,,,,3.0,3.0,,,
DSC_7494.TIF,2,3,3,1.0,,2.0,,,,1.0,0.0,,,
DSC_7494.TIF,2,3,4,0.0,,0.0,,,,0.0,0.0,,,
DSC_7494.TIF,2,3,5,0.0,,0.0,,,,0.0,0.0,,,
DSC_7494.TIF,2,3,6,0.0,,,,,,0.0,0.0,,,
DSC_7494.TIF,3,1,1,0.0,,0.0,,,,0.0,0.0,,,
DSC_7494.TIF,3,1,2,0.0,,0.0,,,,0.0,0.0,,,
DSC_7494.TIF,3,1,3,0.0,,0.0,,,,0.0,0.0,,,
DSC_7494.TIF,3,1,4,1.0,,1.0,,,,1.0,1.0,,,
DSC_7494.TIF,3,1,5,2.0,,2.0,,,,3.0,2.0,,,
DSC_7494.TIF,3,1,6,2.0,,2.0,,,,2.0,3.0,,,
DSC_7494.TIF,3,3,1,0.0,,0.0,,,,0.0,0.0,,,
DSC_7494.TIF,3,3,2,0.0,,0.0,,,,0.0,0.0,,,
DSC_7494.TIF,3,3,3,0.0,,0.0,,,,0.0,0.0,,,
DSC_7494.TIF,3,3,4,1.0,,1.0,,,,1.0,1.0,,,
DSC_7494.TIF,3,3,5,2.0,,2.0,,,,2.0,2.0,,,
DSC_7494.TIF,3,3,6,3.0,,3.0,,,,3.0,3.0,,,
DSC_7583.TIF,1,2,1,0.0,,,,,0.0,,,,0.0,0.0
DSC_7583.TIF,1,2,2,0.0,,,,,0.0,,,,0.0,0.0
DSC_7583.TIF,1,2,3,0.0,,,,,0.0,,,,0.0,0.0
DSC_7583.TIF,1,2,4,0.0,,,,,0.0,,,,0.0,0.0
DSC_7583.TIF,1,2,5,0.0,,,,,0.0,,,,0.0,0.0
DSC_7583.TIF,1,2,6,0.0,,,,,0.0,,,,0.0,0.0
DSC_7583.TIF,2,1,1,0.0,,,,,0.0,,,,0.0,0.0
DSC_7583.TIF,2,1,2,0.0,,,,,0.0,,,,0.0,0.0
DSC_7583.TIF,2,1,3,0.0,,,,,0.0,,,,0.0,0.0
DSC_7583.TIF,2,1,4,0.0,,,,,0.0,,,,0.0,0.0
DSC_7583.TIF,2,1,5,0.0,,,,,0.0,,,,0.0,0.0
DSC_7583.TIF,2,1,6,0.0,,,,,0.0,,,,0.0,0.0
DSC_7583.TIF,2,3,1,0.0,,,,,0.0,,,,0.0,0.0
DSC_7583.TIF,2,3,2,0.0,,,,,0.0,,,,0.0,0.0
DSC_7583.TIF,2,3,3,0.0,,,,,0.0,,,,0.0,0.0
DSC_7583.TIF,2,3,4,0.0,,,,,0.0,,,,0.0,0.0
DSC_7583.TIF,2,3,5,0.0,,,,,0.0,,,,0.0,0.0
DSC_7583.TIF,2,3,6,0.0,,,,,0.0,,,,0.0,0.0
DSC_7583.TIF,3,1,1,0.0,,,,,0.0,,,,0.0,0.0
DSC_7583.TIF,3,1,2,0.0,,,,,0.0,,,,0.0,0.0
DSC_7583.TIF,3,1,3,0.0,,,,,0.0,,,,0.0,0.0
DSC_7583.TIF,3,1,4,0.0,,,,,0.0,,,,0.0,0.0
DSC_7583.TIF,3,1,5,0.0,,,,,0.0,,,,0.0,0.0
DSC_7583.TIF,3,1,6,0.0,,,,,0.0,,,,0.0,
DSC_7583.TIF,3,3,1,0.0,,,,,0.0,,,,0.0,0.0
DSC_7583.TIF,3,3,2,0.0,,,,,0.0,,,,0.0,0.0
DSC_7583.TIF,3,3,3,0.0,,,,,0.0,,,,0.0,0.0
DSC_7583.TIF,3,3,4,0.0,,,,,0.0,,,,0.0,0.0
DSC_7583.TIF,3,3,5,0.0,,,,,0.0,,,,0.0,0.0
DSC_7583.TIF,3,3,6,0.0,,,,,0.0,,,,0.0,0.0
DSC_7584.TIF,1,2,1,0.0,,,0.0,,,,0.0,0.0,,
DSC_7584.TIF,1,2,2,0.0,,,0.0,,,,0.0,0.0,,
DSC_7584.TIF,1,2,3,0.0,,,0.0,,,,0.0,0.0,,
DSC_7584.TIF,1,2,4,0.0,,,0.0,,,,0.0,0.0,,
DSC_7584.TIF,1,2,5,0.0,,,0.0,,,,0.0,0.0,,
DSC_7584.TIF,1,2,6,0.0,,,0.0,,,,0.0,0.0,,
DSC_7584.TIF,2,1,1,0.0,,,0.0,,,,0.0,0.0,,
DSC_7584.TIF,2,1,2,0.0,,,0.0,,,,0.0,0.0,,
DSC_7584.TIF,2,1,3,0.0,,,0.0,,,,0.0,0.0,,
DSC_7584.TIF,2,1,4,0.0,,,0.0,,,,0.0,0.0,,
DSC_7584.TIF,2,1,5,0.0,,,0.0,,,,0.0,0.0,,
DSC_7584.TIF,2,1,6,0.0,,,0.0,,,,0.0,0.0,,
DSC_7584.TIF,2,3,1,0.0,,,0.0,,,,0.0,0.0,,
DSC_7584.TIF,2,3,2,0.0,,,0.0,,,,0.0,0.0,,
DSC_7584.TIF,2,3,3,0.0,,,0.0,,,,0.0,0.0,,
DSC_7584.TIF,2,3,4,0.0,,,0.0,,,,0.0,0.0,,
DSC_7584.TIF,2,3,5,0.0,,,0.0,,,,0.0,0.0,,
DSC_7584.TIF,2,3,6,0.0,,,0.0,,,,0.0,0.0,,
DSC_7584.TIF,3,1,1,0.0,,,0.0,,,,0.0,0.0,,
DSC_7584.TIF,3,1,2,0.0,,,0.0,,,,0.0,0.0,,
DSC_7584.TIF,3,1,3,0.0,,,0.0,,,,0.0,0.0,,
DSC_7584.TIF,3,1,4,0.0,,,0.0,,,,0.0,0.0,,
DSC_7584.TIF,3,1,5,0.0,,,0.0,,,,0.0,0.0,,
DSC_7584.TIF,3,1,6,0.0,,,0.0,,,,0.0,0.0,,
DSC_7584.TIF,3,3,1,0.0,,,0.0,,,,0.0,0.0,,
DSC_7584.TIF,3,3,2,0.0,,,0.0,,,,0.0,0.0,,
DSC_7584.TIF,3,3,3,0.0,,,0.0,,,,0.0,0.0,,
DSC_7584.TIF,3,3,4,0.0,,,0.0,,,,0.0,0.0,,
DSC_7584.TIF,3,3,5,0.0,,,0.0,,,,0.0,0.0,,
DSC_7584.TIF,3,3,6,0.0,,,0.0,,,,1.0,0.0,,
DSC_7585.TIF,1,2,1,4.0,,,4.0,4.0,,,,4.0,,
DSC_7585.TIF,1,2,2,3.0,,,3.0,3.0,,,,4.0,,
DSC_7585.TIF,1,2,3,2.0,,,3.0,2.0,,,,2.0,,
DSC_7585.TIF,1,2,4,2.0,,,3.0,2.0,,,,2.0,,
DSC_7585.TIF,1,2,5,3.0,,,3.0,3.0,,,,2.0,,
DSC_7585.TIF,1,2,6,4.0,,,5.0,4.0,,,,3.0,,
DSC_7585.TIF,2,1,1,4.0,,,5.0,4.0,,,,4.0,,
DSC_7585.TIF,2,1,2,3.0,,,4.0,3.0,,,,3.0,,
DSC_7585.TIF,2,1,3,1.0,,,0.0,1.0,,,,2.0,,
DSC_7585.TIF,2,1,4,2.0,,,1.0,2.0,,,,2.0,,
DSC_7585.TIF,2,1,5,4.0,,,4.0,4.0,,,,4.0,,
DSC_7585.TIF,2,1,6,4.0,,,5.0,4.0,,,,3.0,,
DSC_7585.TIF,2,3,1,5.0,,,5.0,4.0,,,,5.0,,
DSC_7585.TIF,2,3,2,3.0,,,3.0,3.0,,,,3.0,,
DSC_7585.TIF,2,3,3,1.0,,,2.0,1.0,,,,1.0,,
DSC_7585.TIF,2,3,4,0.0,,,0.0,0.0,,,,0.0,,
DSC_7585.TIF,2,3,5,3.0,,,3.0,3.0,,,,2.0,,
DSC_7585.TIF,2,3,6,3.0,,,3.0,3.0,,,,2.0,,
DSC_7585.TIF,3,1,2,4.0,,,4.0,4.0,,,,3.0,,
DSC_7585.TIF,3,1,3,3.0,,,4.0,3.0,,,,3.0,,
DSC_7585.TIF,3,1,4,4.0,,,4.0,4.0,,,,4.0,,
DSC_7585.TIF,3,1,5,4.0,,,4.0,4.0,,,,3.0,,
DSC_7585.TIF,3,1,6,4.0,,,5.0,4.0,,,,4.0,,
DSC_7585.TIF,3,3,1,3.0,,,3.0,2.0,,,,3.0,,
DSC_7585.TIF,3,3,2,4.0,,,4.0,3.0,,,,4.0,,
DSC_7585.TIF,3,3,3,2.0,,,1.0,2.0,,,,2.0,,
DSC_7585.TIF,3,3,4,1.0,,,0.0,1.0,,,,1.0,,
DSC_7585.TIF,3,3,6,2.0,,,3.0,2.0,,,,2.0,,
DSC_7586.TIF,1,2,1,4.0,,4.0,,,,4.0,4.0,,,
DSC_7586.TIF,1,2,2,3.0,,4.0,,,,2.0,3.0,,,
DSC_7586.TIF,1,2,3,2.0,,3.0,,,,2.0,1.0,,,
DSC_7586.TIF,1,2,4,3.0,,3.0,,,,4.0,3.0,,,
DSC_7586.TIF,1,2,5,4.0,,4.0,,,,4.0,3.0,,,
DSC_7586.TIF,1,2,6,4.0,,4.0,,,,4.0,4.0,,,
DSC_7586.TIF,2,1,1,4.0,,4.0,,,,4.0,3.0,,,
DSC_7586.TIF,2,1,2,4.0,,4.0,,,,4.0,3.0,,,
DSC_7586.TIF,2,1,3,3.0,,3.0,,,,4.0,3.0,,,
DSC_7586.TIF,2,1,4,2.0,,3.0,,,,2.0,2.0,,,
DSC_7586.TIF,2,1,5,4.0,,4.0,,,,4.0,3.0,,,
DSC_7586.TIF,2,1,6,5.0,,5.0,,,,5.0,5.0,,,
DSC_7586.TIF,2,3,1,1.0,,1.0,,,,1.0,0.0,,,
DSC_7586.TIF,2,3,2,1.0,,1.0,,,,1.0,0.0,,,
DSC_7586.TIF,2,3,3,0.0,,1.0,,,,0.0,0.0,,,
DSC_7586.TIF,2,3,4,1.0,,1.0,,,,1.0,0.0,,,
DSC_7586.TIF,2,3,5,3.0,,3.0,,,,5.0,3.0,,,
DSC_7586.TIF,2,3,6,4.0,,4.0,,,,5.0,3.0,,,
DSC_7586.TIF,3,1,1,4.0,,4.0,,,,4.0,4.0,,,
DSC_7586.TIF,3,1,2,3.0,,4.0,,,,2.0,3.0,,,
DSC_7586.TIF,3,1,3,3.0,,3.0,,,,1.0,3.0,,,
DSC_7586.TIF,3,1,4,2.0,,3.0,,,,2.0,2.0,,,
DSC_7586.TIF,3,1,5,4.0,,4.0,,,,4.0,3.0,,,
DSC_7586.TIF,3,1,6,4.0,,4.0,,,,4.0,2.0,,,
DSC_7586.TIF,3,3,1,4.0,,4.0,,,,5.0,4.0,,,
DSC_7586.TIF,3,3,2,3.0,,4.0,,,,3.0,3.0,,,
DSC_7586.TIF,3,3,3,3.0,,3.0,,,,3.0,2.0,,,
DSC_7586.TIF,3,3,4,1.0,,2.0,,,,1.0,1.0,,,
DSC_7586.TIF,3,3,5,4.0,,4.0,,,,5.0,4.0,,,
DSC_7586.TIF,3,3,6,5.0,,5.0,,,,5.0,3.0,,,
DSC_7587.TIF,1,2,1,1.0,,1.0,,,,1.0,0.0,,,
DSC_7587.TIF,1,2,2,0.0,,0.0,,,,0.0,0.0,,,
DSC_7587.TIF,1,2,3,0.0,,0.0,,,,0.0,0.0,,,
DSC_7587.TIF,1,2,4,0.0,,0.0,,,,0.0,0.0,,,
DSC_7587.TIF,1,2,5,0.0,,0.0,,,,0.0,0.0,,,
DSC_7587.TIF,1,2,6,0.0,,0.0,,,,0.0,0.0,,,
DSC_7587.TIF,2,1,1,0.0,,0.0,,,,0.0,0.0,,,
DSC_7587.TIF,2,1,2,0.0,,0.0,,,,0.0,0.0,,,
DSC_7587.TIF,2,1,3,0.0,,0.0,,,,0.0,0.0,,,
DSC_7587.TIF,2,1,4,0.0,,0.0,,,,0.0,0.0,,,
DSC_7587.TIF,2,1,5,0.0,,0.0,,,,0.0,0.0,,,
DSC_7587.TIF,2,1,6,0.0,,0.0,,,,0.0,0.0,,,
DSC_7587.TIF,2,3,1,0.0,,0.0,,,,0.0,0.0,,,
DSC_7587.TIF,2,3,2,0.0,,0.0,,,,0.0,0.0,,,
DSC_7587.TIF,2,3,3,0.0,,1.0,,,,0.0,0.0,,,
DSC_7587.TIF,2,3,4,0.0,,0.0,,,,0.0,0.0,,,
DSC_7587.TIF,2,3,5,0.0,,1.0,,,,0.0,0.0,,,
DSC_7587.TIF,2,3,6,1.0,,2.0,,,,1.0,1.0,,,
DSC_7587.TIF,3,1,1,0.0,,0.0,,,,0.0,0.0,,,
DSC_7587.TIF,3,1,2,0.0,,0.0,,,,0.0,0.0,,,
DSC_7587.TIF,3,1,3,0.0,,0.0,,,,0.0,0.0,,,
DSC_7587.TIF,3,1,4,0.0,,1.0,,,,0.0,0.0,,,
DSC_7587.TIF,3,1,5,1.0,,1.0,,,,1.0,1.0,,,
DSC_7587.TIF,3,1,6,2.0,,2.0,,,,2.0,2.0,,,
DSC_7587.TIF,3,3,1,0.0,,1.0,,,,0.0,0.0,,,
DSC_7587.TIF,3,3,2,0.0,,0.0,,,,0.0,0.0,,,
DSC_7587.TIF,3,3,3,0.0,,0.0,,,,0.0,0.0,,,
DSC_7587.TIF,3,3,4,0.0,,0.0,,,,0.0,0.0,,,
DSC_7587.TIF,3,3,5,0.0,,0.0,,,,0.0,0.0,,,
DSC_7587.TIF,3,3,6,0.0,,0.0,,,,0.0,0.0,,,
DSC_7588.TIF,1,2,1,2.0,,,2.0,,,2.0,1.0,,,
DSC_7588.TIF,1,2,2,0.0,,,0.0,,,0.0,0.0,,,
DSC_7588.TIF,1,2,3,0.0,,,0.0,,,0.0,0.0,,,
DSC_7588.TIF,1,2,4,0.0,,,0.0,,,0.0,0.0,,,
DSC_7588.TIF,1,2,5,0.0,,,0.0,,,0.0,0.0,,,
DSC_7588.TIF,1,2,6,0.0,,,0.0,,,0.0,0.0,,,
DSC_7588.TIF,2,1,1,0.0,,,0.0,,,0.0,0.0,,,
DSC_7588.TIF,2,1,2,0.0,,,0.0,,,0.0,0.0,,,
DSC_7588.TIF,2,1,3,0.0,,,0.0,,,0.0,0.0,,,
DSC_7588.TIF,2,1,4,0.0,,,0.0,,,0.0,0.0,,,
DSC_7588.TIF,2,1,5,0.0,,,0.0,,,0.0,0.0,,,
DSC_7588.TIF,2,1,6,0.0,,,0.0,,,0.0,0.0,,,
DSC_7588.TIF,2,3,1,0.0,,,0.0,,,0.0,0.0,,,
DSC_7588.TIF,2,3,2,0.0,,,0.0,,,0.0,0.0,,,
DSC_7588.TIF,2,3,3,0.0,,,0.0,,,0.0,0.0,,,
DSC_7588.TIF,2,3,4,0.0,,,0.0,,,0.0,0.0,,,
DSC_7588.TIF,2,3,5,0.0,,,0.0,,,0.0,0.0,,,
DSC_7588.TIF,2,3,6,1.0,,,2.0,,,1.0,1.0,,,
DSC_7588.TIF,3,1,1,0.0,,,0.0,,,0.0,0.0,,,
DSC_7588.TIF,3,1,2,0.0,,,0.0,,,0.0,0.0,,,
DSC_7588.TIF,3,1,3,0.0,,,0.0,,,0.0,0.0,,,
DSC_7588.TIF,3,1,4,1.0,,,2.0,,,1.0,1.0,,,
DSC_7588.TIF,3,1,5,2.0,,,2.0,,,2.0,1.0,,,
DSC_7588.TIF,3,1,6,1.0,,,2.0,,,1.0,1.0,,,
DSC_7588.TIF,3,3,1,1.0,,,3.0,,,1.0,1.0,,,
DSC_7588.TIF,3,3,2,0.0,,,0.0,,,0.0,0.0,,,
DSC_7588.TIF,3,3,3,0.0,,,0.0,,,0.0,0.0,,,
DSC_7588.TIF,3,3,4,0.0,,,0.0,,,0.0,0.0,,,
DSC_7588.TIF,3,3,5,0.0,,,0.0,,,0.0,0.0,,,
DSC_7588.TIF,3,3,6,0.0,,,0.0,,,0.0,0.0,,,
DSC_7708.TIF,1,2,1,0.0,,0.0,,,,1.0,0.0,,,
DSC_7708.TIF,1,2,2,0.0,,0.0,,,,0.0,0.0,,,
DSC_7708.TIF,1,2,3,0.0,,,,,,0.0,0.0,,,
DSC_7708.TIF,1,2,4,0.0,,0.0,,,,0.0,0.0,,,
DSC_7708.TIF,1,2,5,1.0,,1.0,,,,1.0,0.0,,,
DSC_7708.TIF,1,2,6,1.0,,1.0,,,,1.0,0.0,,,
DSC_7708.TIF,2,1,1,0.0,,1.0,,,,0.0,0.0,,,
DSC_7708.TIF,2,1,2,0.0,,1.0,,,,0.0,0.0,,,
DSC_7708.TIF,2,1,3,0.0,,1.0,,,,0.0,0.0,,,
DSC_7708.TIF,2,1,4,0.0,,0.0,,,,0.0,0.0,,,
DSC_7708.TIF,2,1,5,0.0,,0.0,,,,0.0,0.0,,,
DSC_7708.TIF,2,1,6,0.0,,0.0,,,,0.0,0.0,,,
DSC_7708.TIF,2,3,1,1.0,,1.0,,,,1.0,0.0,,,
DSC_7708.TIF,2,3,2,0.0,,0.0,,,,1.0,0.0,,,
DSC_7708.TIF,2,3,3,0.0,,0.0,,,,0.0,0.0,,,
DSC_7708.TIF,2,3,4,0.0,,0.0,,,,0.0,0.0,,,
DSC_7708.TIF,2,3,5,0.0,,0.0,,,,0.0,0.0,,,
DSC_7708.TIF,2,3,6,0.0,,0.0,,,,0.0,0.0,,,
DSC_7708.TIF,3,1,1,0.0,,0.0,,,,0.0,0.0,,,
DSC_7708.TIF,3,1,2,0.0,,0.0,,,,0.0,0.0,,,
DSC_7708.TIF,3,1,3,0.0,,0.0,,,,0.0,0.0,,,
DSC_7708.TIF,3,1,4,2.0,,3.0,,,,2.0,2.0,,,
DSC_7708.TIF,3,1,5,3.0,,4.0,,,,2.0,3.0,,,
DSC_7708.TIF,3,1,6,2.0,,4.0,,,,2.0,2.0,,,
DSC_7708.TIF,3,3,1,0.0,,0.0,,,,0.0,0.0,,,
DSC_7708.TIF,3,3,2,0.0,,0.0,,,,0.0,0.0,,,
DSC_7708.TIF,3,3,3,0.0,,0.0,,,,0.0,0.0,,,
DSC_7708.TIF,3,3,4,0.0,,0.0,,,,0.0,0.0,,,
DSC_7708.TIF,3,3,5,0.0,,0.0,,,,0.0,0.0,,,
DSC_7708.TIF,3,3,6,0.0,,0.0,,,,0.0,0.0,,,
DSC_7709.TIF,1,2,1,0.0,,,,,0.0,,,,0.0,0.0
DSC_7709.TIF,1,2,2,0.0,,,,,0.0,,,,0.0,0.0
DSC_7709.TIF,1,2,3,0.0,,,,,0.0,,,,0.0,0.0
DSC_7709.TIF,1,2,4,0.0,,,,,0.0,,,,0.0,0.0
DSC_7709.TIF,1,2,5,2.0,,,,,2.0,,,,2.0,2.0
DSC_7709.TIF,1,2,6,2.0,,,,,2.0,,,,2.0,3.0
DSC_7709.TIF,2,1,1,0.0,,,,,0.0,,,,0.0,0.0
DSC_7709.TIF,2,1,2,0.0,,,,,0.0,,,,0.0,0.0
DSC_7709.TIF,2,1,3,0.0,,,,,0.0,,,,0.0,0.0
DSC_7709.TIF,2,1,4,0.0,,,,,0.0,,,,0.0,0.0
DSC_7709.TIF,2,1,5,0.0,,,,,0.0,,,,0.0,0.0
DSC_7709.TIF,2,1,6,0.0,,,,,0.0,,,,0.0,0.0
DSC_7709.TIF,2,3,1,0.0,,,,,0.0,,,,0.0,0.0
DSC_7709.TIF,2,3,2,0.0,,,,,0.0,,,,0.0,0.0
DSC_7709.TIF,2,3,3,0.0,,,,,0.0,,,,0.0,0.0
DSC_7709.TIF,2,3,4,0.0,,,,,0.0,,,,0.0,0.0
DSC_7709.TIF,2,3,5,0.0,,,,,0.0,,,,0.0,0.0
DSC_7709.TIF,2,3,6,1.0,,,,,1.0,,,,1.0,0.0
DSC_7709.TIF,3,1,1,1.0,,,,,1.0,,,,1.0,1.0
DSC_7709.TIF,3,1,2,0.0,,,,,1.0,,,,0.0,0.0
DSC_7709.TIF,3,1,3,0.0,,,,,1.0,,,,0.0,0.0
DSC_7709.TIF,3,1,4,0.0,,,,,0.0,,,,0.0,0.0
DSC_7709.TIF,3,1,5,0.0,,,,,0.0,,,,0.0,0.0
DSC_7709.TIF,3,1,6,0.0,,,,,0.0,,,,0.0,0.0
DSC_7709.TIF,3,3,1,2.0,,,,,2.0,,,,2.0,
DSC_7709.TIF,3,3,2,2.0,,,,,2.0,,,,2.0,3.0
DSC_7709.TIF,3,3,3,2.0,,,,,2.0,,,,1.0,2.0
DSC_7709.TIF,3,3,4,0.0,,,,,0.0,,,,0.0,0.0
DSC_7709.TIF,3,3,5,0.0,,,,,0.0,,,,0.0,0.0
DSC_7709.TIF,3,3,6,0.0,,,,,0.0,,,,0.0,0.0
DSC_7710.TIF,1,2,1,6.0,,,6.0,,,,5.0,6.0,,
DSC_7710.TIF,1,2,2,4.0,,,5.0,,,,3.0,4.0,,
DSC_7710.TIF,1,2,3,4.0,,,5.0,,,,3.0,4.0,,
DSC_7710.TIF,1,2,5,4.0,,,5.0,,,,3.0,4.0,,
DSC_7710.TIF,1,2,6,5.0,,,5.0,,,,4.0,5.0,,
DSC_7710.TIF,2,1,1,6.0,,,6.0,,,,6.0,6.0,,
DSC_7710.TIF,2,1,2,4.0,,,5.0,,,,3.0,4.0,,
DSC_7710.TIF,2,1,3,5.0,,,6.0,,,,4.0,5.0,,
DSC_7710.TIF,2,1,4,3.0,,,4.0,,,,1.0,3.0,,
DSC_7710.TIF,2,1,5,4.0,,,5.0,,,,3.0,4.0,,
DSC_7710.TIF,2,1,6,5.0,,,6.0,,,,4.0,5.0,,
DSC_7710.TIF,2,3,1,6.0,,,6.0,,,,5.0,6.0,,
DSC_7710.TIF,2,3,2,6.0,,,6.0,,,,5.0,6.0,,
DSC_7710.TIF,2,3,3,6.0,,,6.0,,,,5.0,6.0,,
DSC_7710.TIF,2,3,5,6.0,,,6.0,,,,5.0,6.0,,
DSC_7710.TIF,2,3,6,6.0,,,6.0,,,,5.0,6.0,,
DSC_7710.TIF,3,1,1,6.0,,,6.0,,,,6.0,6.0,,
DSC_7710.TIF,3,1,2,6.0,,,6.0,,,,6.0,6.0,,
DSC_7710.TIF,3,1,3,6.0,,,6.0,,,,5.0,6.0,,
DSC_7710.TIF,3,1,4,5.0,,,6.0,,,,5.0,5.0,,
DSC_7710.TIF,3,1,5,6.0,,,6.0,,,,5.0,6.0,,
DSC_7710.TIF,3,1,6,6.0,,,6.0,,,,6.0,6.0,,
DSC_7710.TIF,3,3,1,5.0,,,5.0,,,,5.0,6.0,,
DSC_7710.TIF,3,3,2,5.0,,,5.0,,,,5.0,5.0,,
DSC_7710.TIF,3,3,3,4.0,,,4.0,,,,4.0,4.0,,
DSC_7710.TIF,3,3,4,2.0,,,4.0,,,,2.0,2.0,,
DSC_7710.TIF,3,3,5,5.0,,,5.0,,,,4.0,5.0,,
DSC_7710.TIF,3,3,6,6.0,,,6.0,,,,5.0,6.0,,
DSC_7711.TIF,1,2,1,5.0,,5.0,,,,6.0,5.0,,,
DSC_7711.TIF,1,2,2,5.0,,5.0,,,,6.0,5.0,,,
DSC_7711.TIF,1,2,3,6.0,,5.0,,,,6.0,6.0,,,
DSC_7711.TIF,1,2,4,6.0,,4.0,,,,6.0,6.0,,,
DSC_7711.TIF,1,2,5,4.0,,4.0,,,,6.0,4.0,,,
DSC_7711.TIF,1,2,6,5.0,,4.0,,,,6.0,5.0,,,
DSC_7711.TIF,2,1,1,6.0,,6.0,,,,6.0,5.0,,,
DSC_7711.TIF,2,1,2,6.0,,6.0,,,,6.0,6.0,,,
DSC_7711.TIF,2,1,3,6.0,,6.0,,,,6.0,6.0,,,
DSC_7711.TIF,2,1,4,4.0,,4.0,,,,4.0,4.0,,,
DSC_7711.TIF,2,1,5,6.0,,6.0,,,,6.0,6.0,,,
DSC_7711.TIF,2,1,6,6.0,,6.0,,,,6.0,6.0,,,
DSC_7711.TIF,2,3,1,6.0,,4.0,,,,6.0,6.0,,,
DSC_7711.TIF,2,3,2,6.0,,5.0,,,,6.0,6.0,,,
DSC_7711.TIF,2,3,3,5.0,,5.0,,,,6.0,5.0,,,
DSC_7711.TIF,2,3,4,5.0,,5.0,,,,6.0,5.0,,,
DSC_7711.TIF,2,3,5,6.0,,5.0,,,,6.0,6.0,,,
DSC_7711.TIF,2,3,6,6.0,,5.0,,,,6.0,6.0,,,
DSC_7711.TIF,3,1,1,6.0,,6.0,,,,6.0,6.0,,,
DSC_7711.TIF,3,1,2,6.0,,6.0,,,,6.0,6.0,,,
DSC_7711.TIF,3,1,3,6.0,,6.0,,,,6.0,5.0,,,
DSC_7711.TIF,3,1,4,5.0,,5.0,,,,6.0,3.0,,,
DSC_7711.TIF,3,1,5,5.0,,5.0,,,,6.0,5.0,,,
DSC_7711.TIF,3,1,6,6.0,,6.0,,,,6.0,6.0,,,
DSC_7711.TIF,3,3,1,6.0,,6.0,,,,6.0,6.0,,,
DSC_7711.TIF,3,3,2,6.0,,6.0,,,,6.0,6.0,,,
DSC_7711.TIF,3,3,3,6.0,,5.0,,,,6.0,6.0,,,
DSC_7711.TIF,3,3,4,4.0,,4.0,,,,6.0,4.0,,,
DSC_7711.TIF,3,3,5,6.0,,5.0,,,,6.0,6.0,,,
DSC_7711.TIF,3,3,6,6.0,,5.0,,,,6.0,6.0,,,
DSC_7712.TIF,1,2,1,0.0,,,0.0,0.0,,,,0.0,,
DSC_7712.TIF,1,2,2,0.0,,,0.0,0.0,,,,0.0,,
DSC_7712.TIF,1,2,3,0.0,,,0.0,0.0,,,,0.0,,
DSC_7712.TIF,1,2,4,0.0,,,0.0,0.0,,,,0.0,,
DSC_7712.TIF,1,2,5,0.0,,,0.0,0.0,,,,0.0,,
DSC_7712.TIF,1,2,6,3.0,,,3.0,3.0,,,,2.0,,
DSC_7712.TIF,2,1,1,3.0,,,3.0,2.0,,,,3.0,,
DSC_7712.TIF,2,1,2,3.0,,,3.0,3.0,,,,3.0,,
DSC_7712.TIF,2,1,3,1.0,,,1.0,1.0,,,,1.0,,
DSC_7712.TIF,2,1,4,0.0,,,0.0,0.0,,,,0.0,,
DSC_7712.TIF,2,1,5,0.0,,,0.0,0.0,,,,0.0,,
DSC_7712.TIF,2,1,6,0.0,,,0.0,0.0,,,,0.0,,
DSC_7712.TIF,2,3,1,3.0,,,3.0,3.0,,,,3.0,,
DSC_7712.TIF,2,3,2,1.0,,,1.0,1.0,,,,1.0,,
DSC_7712.TIF,2,3,3,1.0,,,1.0,2.0,,,,1.0,,
DSC_7712.TIF,2,3,4,0.0,,,0.0,0.0,,,,0.0,,
DSC_7712.TIF,2,3,5,0.0,,,0.0,0.0,,,,0.0,,
DSC_7712.TIF,2,3,6,0.0,,,0.0,0.0,,,,,,
DSC_7712.TIF,3,1,1,0.0,,,0.0,1.0,,,,0.0,,
DSC_7712.TIF,3,1,2,0.0,,,0.0,1.0,,,,0.0,,
DSC_7712.TIF,3,1,3,0.0,,,0.0,1.0,,,,0.0,,
DSC_7712.TIF,3,1,4,2.0,,,3.0,2.0,,,,2.0,,
DSC_7712.TIF,3,1,5,3.0,,,4.0,2.0,,,,3.0,,
DSC_7712.TIF,3,1,6,3.0,,,4.0,3.0,,,,3.0,,
DSC_7712.TIF,3,3,1,2.0,,,3.0,2.0,,,,2.0,,
DSC_7712.TIF,3,3,2,2.0,,,3.0,2.0,,,,2.0,,
DSC_7712.TIF,3,3,3,1.0,,,3.0,1.0,,,,1.0,,
DSC_7712.TIF,3,3,4,3.0,,,4.0,3.0,,,,2.0,,
DSC_7712.TIF,3,3,5,5.0,,,5.0,5.0,,,,5.0,,
DSC_7712.TIF,3,3,6,5.0,,,6.0,5.0,,,,4.0,,
DSC_7713.TIF,1,2,1,0.0,,,,,0.0,,,,0.0,0.0
DSC_7713.TIF,1,2,2,0.0,,,,,0.0,,,,0.0,0.0
DSC_7713.TIF,1,2,3,0.0,,,,,0.0,,,,0.0,0.0
DSC_7713.TIF,1,2,4,0.0,,,,,0.0,,,,0.0,0.0
DSC_7713.TIF,1,2,5,2.0,,,,,2.0,,,,1.0,2.0
DSC_7713.TIF,1,2,6,3.0,,,,,3.0,,,,2.0,3.0
DSC_7713.TIF,2,1,1,0.0,,,,,0.0,,,,0.0,0.0
DSC_7713.TIF,2,1,2,0.0,,,,,0.0,,,,0.0,0.0
DSC_7713.TIF,2,1,3,0.0,,,,,0.0,,,,0.0,0.0
DSC_7713.TIF,2,1,4,0.0,,,,,1.0,,,,0.0,0.0
DSC_7713.TIF,2,1,5,4.0,,,,,3.0,,,,4.0,4.0
DSC_7713.TIF,2,1,6,4.0,,,,,3.0,,,,4.0,4.0
DSC_7713.TIF,2,3,1,0.0,,,,,0.0,,,,0.0,0.0
DSC_7713.TIF,2,3,2,0.0,,,,,0.0,,,,0.0,0.0
DSC_7713.TIF,2,3,3,0.0,,,,,0.0,,,,0.0,0.0
DSC_7713.TIF,2,3,4,0.0,,,,,0.0,,,,0.0,0.0
DSC_7713.TIF,2,3,5,1.0,,,,,1.0,,,,1.0,1.0
DSC_7713.TIF,2,3,6,2.0,,,,,2.0,,,,2.0,2.0
DSC_7713.TIF,3,1,1,0.0,,,,,0.0,,,,0.0,0.0
DSC_7713.TIF,3,1,2,0.0,,,,,0.0,,,,0.0,0.0
DSC_7713.TIF,3,1,3,0.0,,,,,0.0,,,,0.0,0.0
DSC_7713.TIF,3,1,4,1.0,,,,,2.0,,,,1.0,1.0
DSC_7713.TIF,3,1,5,2.0,,,,,2.0,,,,2.0,2.0
DSC_7713.TIF,3,1,6,2.0,,,,,2.0,,,,2.0,3.0
DSC_7713.TIF,3,3,1,3.0,,,,,3.0,,,,3.0,4.0
DSC_7713.TIF,3,3,2,4.0,,,,,4.0,,,,4.0,4.0
DSC_7713.TIF,3,3,3,3.0,,,,,3.0,,,,2.0,3.0
DSC_7713.TIF,3,3,4,0.0,,,,,0.0,,,,0.0,0.0
DSC_7713.TIF,3,3,5,0.0,,,,,0.0,,,,0.0,0.0
DSC_7713.TIF,3,3,6,1.0,,,,,1.0,,,,1.0,2.0
DSC_7811.tif,1,1,1,0.0,,,0.0,,,,0.0,0.0,,
DSC_7811.tif,1,1,2,0.0,,,0.0,,,,0.0,0.0,,
DSC_7811.tif,1,1,3,2.0,,,2.0,,,,2.0,3.0,,
DSC_7811.tif,1,2,1,0.0,,,0.0,,,,0.0,0.0,,
DSC_7811.tif,1,2,2,0.0,,,0.0,,,,0.0,0.0,,
DSC_7811.tif,1,2,3,1.0,,,1.0,,,,1.0,1.0,,
DSC_7811.tif,1,2,4,3.0,,,3.0,,,,1.0,3.0,,
DSC_7811.tif,2,1,1,0.0,,,0.0,,,,0.0,0.0,,
DSC_7811.tif,2,1,2,0.0,,,0.0,,,,0.0,0.0,,
DSC_7811.tif,2,1,3,1.0,,,1.0,,,,0.0,1.0,,
DSC_7811.tif,2,1,4,0.0,,,0.0,,,,0.0,0.0,,
DSC_7811.tif,2,2,1,0.0,,,0.0,,,,0.0,0.0,,
DSC_7811.tif,2,2,2,3.0,,,3.0,,,,2.0,3.0,,
DSC_7811.tif,2,2,3,5.0,,,5.0,,,,4.0,5.0,,
DSC_7811.tif,2,2,4,5.0,,,5.0,,,,4.0,5.0,,
DSC_8263.tif,1,1,1,6.0,,,6.0,6.0,,,,6.0,,
DSC_8263.tif,1,1,2,0.0,,,0.0,0.0,,,,0.0,,
DSC_8263.tif,1,1,3,0.0,,,0.0,0.0,,,,0.0,,
DSC_8263.tif,1,1,4,0.0,,,0.0,0.0,,,,0.0,,
DSC_8263.tif,1,1,5,3.0,,,3.0,3.0,,,,4.0,,
DSC_8263.tif,1,1,6,5.0,,,5.0,5.0,,,,5.0,,
DSC_8263.tif,1,3,5,0.0,,,0.0,0.0,,,,0.0,,
DSC_8263.tif,1,3,6,3.0,,,3.0,3.0,,,,4.0,,
DSC_8263.tif,2,2,1,5.0,,,5.0,5.0,,,,5.0,,
DSC_8263.tif,2,2,2,5.0,,,6.0,5.0,,,,5.0,,
DSC_8263.tif,2,2,3,6.0,,,6.0,6.0,,,,5.0,,
DSC_8263.tif,2,2,4,0.0,,,0.0,0.0,,,,0.0,,
DSC_8263.tif,2,2,5,0.0,,,0.0,0.0,,,,0.0,,
DSC_8263.tif,2,2,6,0.0,,,0.0,1.0,,,,0.0,,
DSC_8263.tif,3,1,1,0.0,,,0.0,0.0,,,,0.0,,
DSC_8263.tif,3,1,2,4.0,,,5.0,4.0,,,,4.0,,
DSC_8263.tif,3,1,3,5.0,,,5.0,5.0,,,,5.0,,
DSC_8263.tif,3,1,4,6.0,,,6.0,6.0,,,,6.0,,
DSC_8263.tif,3,1,5,0.0,,,0.0,0.0,,,,0.0,,
DSC_8263.tif,3,1,6,0.0,,,0.0,0.0,,,,0.0,,
DSC_8263.tif,3,3,1,0.0,,,0.0,0.0,,,,0.0,,
DSC_8263.tif,3,3,2,0.0,,,0.0,0.0,,,,0.0,,
DSC_8263.tif,3,3,3,2.0,,,2.0,2.0,,,,2.0,,
DSC_8263.tif,3,3,4,6.0,,,6.0,5.0,,,,6.0,,
DSC_8263.tif,3,3,5,6.0,,,6.0,6.0,,,,6.0,,
DSC_8263.tif,3,3,6,0.0,,,0.0,0.0,,,,0.0,,
DSC_8264.tif,1,1,1,0.0,,,0.0,0.0,,,,0.0,,
DSC_8264.tif,1,1,2,0.0,,,0.0,0.0,,,,0.0,,
DSC_8264.tif,1,1,3,0.0,,,0.0,0.0,,,,0.0,,
DSC_8264.tif,1,1,4,2.0,,,2.0,3.0,,,,2.0,,
DSC_8264.tif,1,1,5,5.0,,,5.0,5.0,,,,6.0,,
DSC_8264.tif,1,1,6,5.0,,,5.0,5.0,,,,6.0,,
DSC_8264.tif,1,3,1,6.0,,,6.0,6.0,,,,6.0,,
DSC_8264.tif,1,3,2,0.0,,,0.0,0.0,,,,0.0,,
DSC_8264.tif,1,3,3,0.0,,,0.0,0.0,,,,0.0,,
DSC_8264.tif,1,3,4,0.0,,,0.0,0.0,,,,0.0,,
DSC_8264.tif,1,3,5,6.0,,,6.0,5.0,,,,6.0,,
DSC_8264.tif,1,3,6,6.0,,,6.0,6.0,,,,6.0,,
DSC_8264.tif,2,2,1,5.0,,,5.0,4.0,,,,5.0,,
DSC_8264.tif,2,2,2,5.0,,,5.0,4.0,,,,6.0,,
DSC_8264.tif,2,2,3,0.0,,,0.0,0.0,,,,0.0,,
DSC_8264.tif,2,2,4,0.0,,,,0.0,,,,0.0,,
DSC_8264.tif,2,2,5,0.0,,,0.0,0.0,,,,0.0,,
DSC_8264.tif,2,2,6,3.0,,,3.0,3.0,,,,3.0,,
DSC_8264.tif,3,1,1,3.0,,,3.0,4.0,,,,3.0,,
DSC_8264.tif,3,1,2,4.0,,,4.0,5.0,,,,4.0,,
DSC_8264.tif,3,1,3,4.0,,,4.0,4.0,,,,3.0,,
DSC_8264.tif,3,1,4,0.0,,,0.0,0.0,,,,0.0,,
DSC_8264.tif,3,1,5,0.0,,,0.0,0.0,,,,0.0,,
DSC_8264.tif,3,1,6,2.0,,,2.0,2.0,,,,2.0,,
DSC_8264.tif,3,3,1,0.0,,,0.0,0.0,,,,0.0,,
DSC_8264.tif,3,3,2,1.0,,,1.0,2.0,,,,1.0,,
DSC_8264.tif,3,3,4,3.0,,,4.0,3.0,,,,3.0,,
DSC_8264.tif,3,3,5,0.0,,,0.0,0.0,,,,0.0,,
DSC_8264.tif,3,3,6,0.0,,,,0.0,,,,0.0,,
DSC_8265.tif,1,1,1,0.0,,,,1.0,0.0,,,,,0.0
DSC_8265.tif,1,1,2,0.0,,,,0.0,0.0,,,,,0.0
DSC_8265.tif,1,1,3,2.0,,,,2.0,2.0,,,,,1.0
DSC_8265.tif,1,1,4,5.0,,,,5.0,4.0,,,,,5.0
DSC_8265.tif,1,1,5,6.0,,,,6.0,5.0,,,,,6.0
DSC_8265.tif,1,1,6,0.0,,,,0.0,0.0,,,,,0.0
DSC_8265.tif,1,3,1,0.0,,,,0.0,0.0,,,,,0.0
DSC_8265.tif,1,3,2,0.0,,,,0.0,0.0,,,,,0.0
DSC_8265.tif,1,3,3,2.0,,,,2.0,2.0,,,,,1.0
DSC_8265.tif,1,3,4,3.0,,,,3.0,3.0,,,,,3.0
DSC_8265.tif,1,3,5,4.0,,,,4.0,5.0,,,,,4.0
DSC_8265.tif,1,3,6,5.0,,,,5.0,5.0,,,,,6.0
DSC_8265.tif,2,2,1,4.0,,,,4.0,4.0,,,,,3.0
DSC_8265.tif,2,2,2,0.0,,,,0.0,0.0,,,,,0.0
DSC_8265.tif,2,2,3,0.0,,,,0.0,0.0,,,,,0.0
DSC_8265.tif,2,2,4,0.0,,,,0.0,0.0,,,,,0.0
DSC_8265.tif,2,2,5,3.0,,,,4.0,3.0,,,,,3.0
DSC_8265.tif,2,2,6,4.0,,,,4.0,4.0,,,,,4.0
DSC_8265.tif,3,1,1,5.0,,,,5.0,5.0,,,,,4.0
DSC_8265.tif,3,1,2,5.0,,,,5.0,5.0,,,,,5.0
DSC_8265.tif,3,1,3,0.0,,,,0.0,0.0,,,,,0.0
DSC_8265.tif,3,1,4,0.0,,,,0.0,0.0,,,,,0.0
DSC_8265.tif,3,1,5,0.0,,,,0.0,0.0,,,,,
DSC_8265.tif,3,1,6,4.0,,,,4.0,4.0,,,,,4.0
DSC_8265.tif,3,3,1,3.0,,,,3.0,3.0,,,,,3.0
DSC_8265.tif,3,3,2,5.0,,,,4.0,5.0,,,,,5.0
DSC_8265.tif,3,3,3,4.0,,,,4.0,4.0,,,,,5.0
DSC_8265.tif,3,3,4,0.0,,,,0.0,0.0,,,,,0.0
DSC_8265.tif,3,3,5,0.0,,,,0.0,0.0,,,,,0.0
DSC_8265.tif,3,3,6,0.0,,,,0.0,0.0,,,,,0.0
DSC_8266.tif,1,1,1,0.0,,,0.0,0.0,,,,0.0,,
DSC_8266.tif,1,1,2,2.0,,,3.0,2.0,,,,2.0,,
DSC_8266.tif,1,1,3,4.0,,,4.0,4.0,,,,4.0,,
DSC_8266.tif,1,1,4,3.0,,,4.0,3.0,,,,3.0,,
DSC_8266.tif,1,1,5,0.0,,,0.0,0.0,,,,0.0,,
DSC_8266.tif,1,1,6,0.0,,,0.0,1.0,,,,0.0,,
DSC_8266.tif,1,3,1,0.0,,,0.0,0.0,,,,0.0,,
DSC_8266.tif,1,3,2,0.0,,,0.0,0.0,,,,0.0,,
DSC_8266.tif,1,3,3,3.0,,,3.0,3.0,,,,3.0,,
DSC_8266.tif,1,3,4,5.0,,,5.0,6.0,,,,5.0,,
DSC_8266.tif,1,3,5,6.0,,,6.0,6.0,,,,6.0,,
DSC_8266.tif,1,3,6,0.0,,,0.0,0.0,,,,0.0,,
DSC_8266.tif,2,2,1,0.0,,,0.0,0.0,,,,0.0,,
DSC_8266.tif,2,2,2,0.0,,,0.0,0.0,,,,0.0,,
DSC_8266.tif,2,2,3,0.0,,,0.0,0.0,,,,0.0,,
DSC_8266.tif,2,2,4,2.0,,,2.0,3.0,,,,2.0,,
DSC_8266.tif,2,2,5,5.0,,,5.0,6.0,,,,5.0,,
DSC_8266.tif,2,2,6,6.0,,,5.0,6.0,,,,6.0,,
DSC_8266.tif,3,1,1,4.0,,,4.0,4.0,,,,5.0,,
DSC_8266.tif,3,1,2,0.0,,,0.0,0.0,,,,0.0,,
DSC_8266.tif,3,1,3,0.0,,,0.0,0.0,,,,0.0,,
DSC_8266.tif,3,1,4,0.0,,,0.0,0.0,,,,0.0,,
DSC_8266.tif,3,1,5,4.0,,,4.0,4.0,,,,5.0,,
DSC_8266.tif,3,1,6,6.0,,,6.0,4.0,,,,6.0,,
DSC_8266.tif,3,3,1,5.0,,,5.0,5.0,,,,6.0,,
DSC_8266.tif,3,3,2,5.0,,,5.0,5.0,,,,5.0,,
DSC_8266.tif,3,3,3,0.0,,,0.0,0.0,,,,0.0,,
DSC_8266.tif,3,3,4,0.0,,,0.0,0.0,,,,0.0,,
DSC_8266.tif,3,3,5,0.0,,,0.0,0.0,,,,0.0,,
DSC_8266.tif,3,3,6,5.0,,,5.0,,,,,5.0,,
DSC_8267.tif,1,1,1,5.0,,,,5.0,6.0,,,,,5.0
DSC_8267.tif,1,1,2,5.0,,,,5.0,5.0,,,,,4.0
DSC_8267.tif,1,1,3,2.0,,,,2.0,2.0,,,,,2.0
DSC_8267.tif,1,1,4,0.0,,,,0.0,0.0,,,,,0.0
DSC_8267.tif,1,1,5,5.0,,,,5.0,5.0,,,,,5.0
DSC_8267.tif,1,1,6,5.0,,,,5.0,5.0,,,,,5.0
DSC_8267.tif,1,3,1,6.0,,,,6.0,5.0,,,,,6.0
DSC_8267.tif,1,3,2,6.0,,,,6.0,6.0,,,,,6.0
DSC_8267.tif,1,3,3,6.0,,,,6.0,5.0,,,,,6.0
DSC_8267.tif,1,3,4,0.0,,,,0.0,0.0,,,,,0.0
DSC_8267.tif,1,3,5,0.0,,,,0.0,0.0,,,,,0.0
DSC_8267.tif,1,3,6,6.0,,,,6.0,5.0,,,,,6.0
DSC_8267.tif,2,2,1,5.0,,,,6.0,5.0,,,,,4.0
DSC_8267.tif,2,2,2,5.0,,,,6.0,5.0,,,,,4.0
DSC_8267.tif,2,2,3,5.0,,,,6.0,5.0,,,,,5.0
DSC_8267.tif,2,2,4,5.0,,,,5.0,5.0,,,,,5.0
DSC_8267.tif,2,2,5,0.0,,,,0.0,0.0,,,,,0.0
DSC_8267.tif,2,2,6,1.0,,,,1.0,1.0,,,,,2.0
DSC_8267.tif,3,1,1,1.0,,,,1.0,1.0,,,,,1.0
DSC_8267.tif,3,1,2,5.0,,,,6.0,4.0,,,,,5.0
DSC_8267.tif,3,1,3,5.0,,,,6.0,4.0,,,,,5.0
DSC_8267.tif,3,1,4,5.0,,,,6.0,5.0,,,,,5.0
DSC_8267.tif,3,1,5,5.0,,,,6.0,4.0,,,,,5.0
DSC_8267.tif,3,1,6,0.0,,,,0.0,0.0,,,,,0.0
DSC_8267.tif,3,3,1,1.0,,,,1.0,1.0,,,,,1.0
DSC_8267.tif,3,3,2,1.0,,,,1.0,1.0,,,,,1.0
DSC_8267.tif,3,3,3,4.0,,,,4.0,4.0,,,,,4.0
DSC_8267.tif,3,3,4,4.0,,,,5.0,4.0,,,,,4.0
DSC_8267.tif,3,3,5,5.0,,,,5.0,5.0,,,,,4.0
DSC_8267.tif,3,3,6,4.0,,,,5.0,4.0,,,,,4.0
DSC_8268.tif,1,1,1,5.0,,,,,5.0,,,,5.0,4.0
DSC_8268.tif,1,1,2,0.0,,,,,0.0,,,,0.0,0.0
DSC_8268.tif,1,1,3,0.0,,,,,0.0,,,,0.0,0.0
DSC_8268.tif,1,1,4,6.0,,,,,6.0,,,,6.0,4.0
DSC_8268.tif,1,1,5,6.0,,,,,6.0,,,,6.0,5.0
DSC_8268.tif,1,1,6,5.0,,,,,5.0,,,,5.0,5.0
DSC_8268.tif,1,3,1,5.0,,,,,5.0,,,,5.0,4.0
DSC_8268.tif,1,3,2,5.0,,,,,5.0,,,,5.0,5.0
DSC_8268.tif,1,3,3,5.0,,,,,5.0,,,,5.0,5.0
DSC_8268.tif,1,3,4,0.0,,,,,0.0,,,,0.0,0.0
DSC_8268.tif,1,3,5,0.0,,,,,0.0,,,,0.0,0.0
DSC_8268.tif,1,3,6,5.0,,,,,5.0,,,,5.0,4.0
DSC_8268.tif,2,2,1,5.0,,,,,5.0,,,,6.0,5.0
DSC_8268.tif,2,2,2,5.0,,,,,5.0,,,,6.0,5.0
DSC_8268.tif,2,2,3,0.0,,,,,0.0,,,,0.0,0.0
DSC_8268.tif,2,2,4,0.0,,,,,0.0,,,,0.0,0.0
DSC_8268.tif,2,2,5,5.0,,,,,5.0,,,,5.0,5.0
DSC_8268.tif,2,2,6,5.0,,,,,5.0,,,,5.0,5.0
DSC_8268.tif,3,1,1,6.0,,,,,5.0,,,,6.0,6.0
DSC_8268.tif,3,1,2,6.0,,,,,5.0,,,,6.0,6.0
DSC_8268.tif,3,1,3,5.0,,,,,5.0,,,,5.0,6.0
DSC_8268.tif,3,1,4,5.0,,,,,4.0,,,,5.0,5.0
DSC_8268.tif,3,1,5,0.0,,,,,0.0,,,,0.0,0.0
DSC_8268.tif,3,1,6,0.0,,,,,0.0,,,,0.0,0.0
DSC_8268.tif,3,3,1,0.0,,,,,,,,,0.0,0.0
DSC_8268.tif,3,3,2,6.0,,,,,5.0,,,,6.0,6.0
DSC_8268.tif,3,3,3,5.0,,,,,5.0,,,,5.0,5.0
DSC_8268.tif,3,3,4,5.0,,,,,5.0,,,,6.0,5.0
DSC_8268.tif,3,3,5,5.0,,,,,5.0,,,,6.0,5.0
DSC_8269.tif,1,1,1,0.0,,,0.0,,,,0.0,0.0,,
DSC_8269.tif,1,1,2,0.0,,,0.0,,,,0.0,0.0,,
DSC_8269.tif,1,1,3,6.0,,,6.0,,,,6.0,6.0,,
DSC_8269.tif,1,1,4,6.0,,,6.0,,,,6.0,6.0,,
DSC_8269.tif,1,1,5,6.0,,,6.0,,,,6.0,6.0,,
DSC_8269.tif,1,1,6,6.0,,,6.0,,,,5.0,6.0,,
DSC_8269.tif,1,3,1,6.0,,,6.0,,,,6.0,6.0,,
DSC_8269.tif,1,3,2,0.0,,,0.0,,,,0.0,0.0,,
DSC_8269.tif,1,3,3,0.0,,,0.0,,,,0.0,0.0,,
DSC_8269.tif,1,3,4,6.0,,,6.0,,,,6.0,6.0,,
DSC_8269.tif,1,3,5,6.0,,,6.0,,,,6.0,6.0,,
DSC_8269.tif,1,3,6,6.0,,,6.0,,,,6.0,6.0,,
DSC_8269.tif,2,2,1,6.0,,,5.0,,,,6.0,6.0,,
DSC_8269.tif,2,2,2,5.0,,,5.0,,,,5.0,6.0,,
DSC_8269.tif,2,2,3,6.0,,,6.0,,,,4.0,6.0,,
DSC_8269.tif,2,2,4,0.0,,,0.0,,,,0.0,0.0,,
DSC_8269.tif,2,2,5,6.0,,,5.0,,,,6.0,6.0,,
DSC_8269.tif,2,2,6,5.0,,,5.0,,,,5.0,6.0,,
DSC_8269.tif,3,1,1,5.0,,,5.0,,,,5.0,6.0,,
DSC_8269.tif,3,1,2,6.0,,,6.0,,,,6.0,6.0,,
DSC_8269.tif,3,1,3,6.0,,,6.0,,,,5.0,6.0,,
DSC_8269.tif,3,1,4,0.0,,,0.0,,,,0.0,0.0,,
DSC_8269.tif,3,1,5,0.0,,,0.0,,,,0.0,0.0,,
DSC_8269.tif,3,3,1,5.0,,,5.0,,,,5.0,6.0,,
DSC_8269.tif,3,3,2,6.0,,,5.0,,,,6.0,6.0,,
DSC_8269.tif,3,3,3,6.0,,,5.0,,,,6.0,6.0,,
DSC_8269.tif,3,3,4,6.0,,,6.0,,,,6.0,6.0,,
DSC_8269.tif,3,3,5,0.0,,,0.0,,,,0.0,0.0,,
DSC_8269.tif,3,3,6,0.0,,,0.0,,,,0.0,0.0,,
DSC_8270.tif,1,1,1,0.0,,,,0.0,,,,0.0,,0.0
DSC_8270.tif,1,1,2,6.0,,,,6.0,,,,6.0,,6.0
DSC_8270.tif,1,1,3,5.0,,,,5.0,,,,6.0,,5.0
DSC_8270.tif,1,1,4,6.0,,,,6.0,,,,6.0,,5.0
DSC_8270.tif,1,1,5,6.0,,,,6.0,,,,6.0,,6.0
DSC_8270.tif,1,1,6,0.0,,,,1.0,,,,0.0,,0.0
DSC_8270.tif,1,3,1,0.0,,,,1.0,,,,0.0,,0.0
DSC_8270.tif,1,3,2,0.0,,,,1.0,,,,0.0,,0.0
DSC_8270.tif,1,3,3,4.0,,,,4.0,,,,6.0,,4.0
DSC_8270.tif,1,3,4,4.0,,,,4.0,,,,6.0,,4.0
DSC_8270.tif,1,3,5,5.0,,,,5.0,,,,6.0,,5.0
DSC_8270.tif,1,3,6,6.0,,,,6.0,,,,6.0,,5.0
DSC_8270.tif,2,2,1,5.0,,,,5.0,,,,6.0,,4.0
DSC_8270.tif,2,2,2,0.0,,,,0.0,,,,0.0,,0.0
DSC_8270.tif,2,2,3,0.0,,,,0.0,,,,0.0,,0.0
DSC_8270.tif,2,2,4,5.0,,,,5.0,,,,6.0,,4.0
DSC_8270.tif,2,2,5,6.0,,,,6.0,,,,6.0,,5.0
DSC_8270.tif,2,2,6,6.0,,,,6.0,,,,6.0,,5.0
DSC_8270.tif,3,1,1,6.0,,,,5.0,,,,6.0,,6.0
DSC_8270.tif,3,1,2,6.0,,,,5.0,,,,6.0,,6.0
DSC_8270.tif,3,1,3,0.0,,,,1.0,,,,0.0,,0.0
DSC_8270.tif,3,1,4,0.0,,,,1.0,,,,0.0,,0.0
DSC_8270.tif,3,1,5,5.0,,,,5.0,,,,6.0,,5.0
DSC_8270.tif,3,1,6,5.0,,,,5.0,,,,6.0,,5.0
DSC_8270.tif,3,3,1,5.0,,,,5.0,,,,6.0,,4.0
DSC_8270.tif,3,3,2,6.0,,,,6.0,,,,6.0,,5.0
DSC_8270.tif,3,3,3,5.0,,,,5.0,,,,6.0,,4.0
DSC_8270.tif,3,3,4,0.0,,,,0.0,,,,0.0,,0.0
DSC_8270.tif,3,3,5,0.0,,,,0.0,,,,0.0,,0.0
DSC_8270.tif,3,3,6,6.0,,,,6.0,,,,6.0,,5.0
DSC_8534.tif,1,2,1,0.0,,,,0.0,0.0,,,,,0.0
DSC_8534.tif,1,2,2,0.0,,,,0.0,0.0,,,,,0.0
DSC_8534.tif,1,2,3,2.0,,,,3.0,2.0,,,,,2.0
DSC_8534.tif,1,2,4,0.0,,,,1.0,0.0,,,,,0.0
DSC_8534.tif,2,1,1,0.0,,,,0.0,0.0,,,,,0.0
DSC_8534.tif,2,1,2,2.0,,,,3.0,2.0,,,,,1.0
DSC_8534.tif,2,1,3,5.0,,,,5.0,5.0,,,,,6.0
DSC_8534.tif,2,1,4,4.0,,,,4.0,3.0,,,,,4.0
DSC_8534.tif,2,3,1,0.0,,,,0.0,0.0,,,,,0.0
DSC_8534.tif,2,3,2,0.0,,,,0.0,0.0,,,,,0.0
DSC_8534.tif,2,3,3,4.0,,,,4.0,5.0,,,,,4.0
DSC_8534.tif,2,3,4,3.0,,,,3.0,3.0,,,,,3.0
DSC_8534.tif,3,1,1,0.0,,,,0.0,0.0,,,,,0.0
DSC_8534.tif,3,1,2,1.0,,,,1.0,2.0,,,,,1.0
DSC_8534.tif,3,1,3,5.0,,,,5.0,5.0,,,,,4.0
DSC_8534.tif,3,1,4,4.0,,,,4.0,4.0,,,,,3.0
DSC_8534.tif,3,3,1,0.0,,,,0.0,0.0,,,,,0.0
DSC_8534.tif,3,3,2,1.0,,,,1.0,1.0,,,,,0.0
DSC_8534.tif,3,3,3,4.0,,,,4.0,4.0,,,,,5.0
DSC_8534.tif,3,3,4,0.0,,,,,0.0,,,,,0.0
DSC_9227_s2.TIF,1,1,1,0.0,,,,,0.0,,,,0.0,0.0
DSC_9227_s2.TIF,1,1,2,0.0,,,,,0.0,,,,0.0,0.0
DSC_9227_s2.TIF,1,1,3,0.0,,,,,0.0,,,,0.0,0.0
DSC_9227_s2.TIF,1,1,4,5.0,,,,,5.0,,,,6.0,5.0
DSC_9227_s2.TIF,1,1,5,6.0,,,,,5.0,,,,6.0,6.0
DSC_9227_s2.TIF,1,1,6,3.0,,,,,2.0,,,,3.0,3.0
DSC_9227_s2.TIF,1,3,1,4.0,,,,,4.0,,,,4.0,5.0
DSC_9227_s2.TIF,1,3,2,0.0,,,,,0.0,,,,0.0,0.0
DSC_9227_s2.TIF,1,3,3,0.0,,,,,0.0,,,,0.0,0.0
DSC_9227_s2.TIF,1,3,4,0.0,,,,,0.0,,,,0.0,0.0
DSC_9227_s2.TIF,1,3,5,6.0,,,,,5.0,,,,6.0,6.0
DSC_9227_s2.TIF,1,3,6,6.0,,,,,5.0,,,,6.0,6.0
DSC_9227_s2.TIF,2,2,1,6.0,,,,,6.0,,,,6.0,6.0
DSC_9227_s2.TIF,2,2,2,3.0,,,,,3.0,,,,4.0,3.0
DSC_9227_s2.TIF,2,2,3,0.0,,,,,0.0,,,,0.0,0.0
DSC_9227_s2.TIF,2,2,4,0.0,,,,,0.0,,,,0.0,0.0
DSC_9227_s2.TIF,2,2,5,0.0,,,,,0.0,,,,0.0,0.0
DSC_9227_s2.TIF,2,2,6,5.0,,,,,5.0,,,,5.0,6.0
DSC_9227_s2.TIF,3,1,1,5.0,,,,,5.0,,,,5.0,5.0
DSC_9227_s2.TIF,3,1,2,6.0,,,,,6.0,,,,6.0,6.0
DSC_9227_s2.TIF,3,1,3,3.0,,,,,2.0,,,,3.0,3.0
DSC_9227_s2.TIF,3,1,4,0.0,,,,,0.0,,,,0.0,0.0
DSC_9227_s2.TIF,3,1,5,0.0,,,,,0.0,,,,0.0,0.0
DSC_9227_s2.TIF,3,1,6,0.0,,,,,0.0,,,,0.0,
DSC_9227_s2.TIF,3,3,1,0.0,,,,,0.0,,,,0.0,
DSC_9227_s2.TIF,3,3,2,5.0,,,,,5.0,,,,5.0,5.0
DSC_9227_s2.TIF,3,3,3,5.0,,,,,5.0,,,,5.0,4.0
DSC_9227_s2.TIF,3,3,4,2.0,,,,,2.0,,,,2.0,2.0
DSC_9227_s2.TIF,3,3,5,0.0,,,,,0.0,,,,0.0,0.0
DSC_9227_s2.TIF,3,3,6,0.0,,,,,0.0,,,,0.0,0.0
DSC_9228_s1.TIF,1,1,1,3.0,,3.0,,,,2.0,3.0,,,
DSC_9228_s1.TIF,1,1,2,0.0,,0.0,,,,0.0,0.0,,,
DSC_9228_s1.TIF,1,1,3,0.0,,0.0,,,,0.0,0.0,,,
DSC_9228_s1.TIF,1,1,4,0.0,,0.0,,,,0.0,0.0,,,
DSC_9228_s1.TIF,1,1,5,5.0,,5.0,,,,5.0,6.0,,,
DSC_9228_s1.TIF,1,1,6,6.0,,6.0,,,,4.0,6.0,,,
DSC_9228_s1.TIF,1,3,1,3.0,,,,,,3.0,3.0,,,
DSC_9228_s1.TIF,1,3,2,2.0,,3.0,,,,2.0,2.0,,,
DSC_9228_s1.TIF,1,3,3,0.0,,0.0,,,,0.0,0.0,,,
DSC_9228_s1.TIF,1,3,4,0.0,,0.0,,,,0.0,0.0,,,
DSC_9228_s1.TIF,1,3,5,0.0,,0.0,,,,0.0,0.0,,,
DSC_9228_s1.TIF,1,3,6,5.0,,5.0,,,,6.0,5.0,,,
DSC_9228_s1.TIF,2,2,1,6.0,,6.0,,,,5.0,6.0,,,
DSC_9228_s1.TIF,2,2,2,6.0,,6.0,,,,5.0,6.0,,,
DSC_9228_s1.TIF,2,2,3,2.0,,3.0,,,,2.0,2.0,,,
DSC_9228_s1.TIF,2,2,4,0.0,,0.0,,,,0.0,0.0,,,
DSC_9228_s1.TIF,2,2,5,0.0,,0.0,,,,0.0,0.0,,,
DSC_9228_s1.TIF,2,2,6,1.0,,1.0,,,,1.0,1.0,,,
DSC_9228_s1.TIF,3,1,1,0.0,,,,,,0.0,0.0,,,
DSC_9228_s1.TIF,3,1,2,6.0,,6.0,,,,5.0,6.0,,,
DSC_9228_s1.TIF,3,1,3,5.0,,5.0,,,,5.0,5.0,,,
DSC_9228_s1.TIF,3,1,4,2.0,,2.0,,,,2.0,2.0,,,
DSC_9228_s1.TIF,3,1,5,0.0,,0.0,,,,0.0,0.0,,,
DSC_9228_s1.TIF,3,1,6,0.0,,0.0,,,,0.0,1.0,,,
DSC_9228_s1.TIF,3,3,1,0.0,,0.0,,,,0.0,0.0,,,
DSC_9228_s1.TIF,3,3,2,0.0,,0.0,,,,0.0,0.0,,,
DSC_9228_s1.TIF,3,3,3,6.0,,5.0,,,,6.0,6.0,,,
DSC_9228_s1.TIF,3,3,4,6.0,,5.0,,,,6.0,6.0,,,
DSC_9228_s1.TIF,3,3,5,3.0,,3.0,,,,2.0,4.0,,,
DSC_9228_s1.TIF,3,3,6,0.0,,0.0,,,,,0.0,,,
DSC_9231.TIF,1,1,1,6.0,,,,,,6.0,6.0,,5.0,
DSC_9231.TIF,1,1,2,5.0,,,,,,5.0,6.0,,5.0,
DSC_9231.TIF,1,1,3,5.0,,,,,,5.0,6.0,,5.0,
DSC_9231.TIF,1,1,5,4.0,,,,,,3.0,4.0,,4.0,
DSC_9231.TIF,1,3,1,2.0,,,,,,3.0,1.0,,2.0,
DSC_9231.TIF,1,3,4,4.0,,,,,,4.0,4.0,,4.0,
DSC_9231.TIF,1,3,5,4.0,,,,,,4.0,4.0,,4.0,
DSC_9231.TIF,1,3,6,4.0,,,,,,4.0,4.0,,4.0,
DSC_9231.TIF,2,2,1,5.0,,,,,,5.0,6.0,,5.0,
DSC_9231.TIF,2,2,2,6.0,,,,,,6.0,6.0,,6.0,
DSC_9231.TIF,2,2,3,4.0,,,,,,4.0,3.0,,4.0,
DSC_9231.TIF,2,2,5,5.0,,,,,,5.0,5.0,,5.0,
DSC_9231.TIF,3,1,1,5.0,,,,,,4.0,5.0,,5.0,
DSC_9231.TIF,3,1,2,4.0,,,,,,3.0,4.0,,4.0,
DSC_9231.TIF,3,1,3,3.0,,,,,,2.0,3.0,,3.0,
DSC_9231.TIF,3,1,6,3.0,,,,,,3.0,3.0,,3.0,
DSC_9231.TIF,3,3,2,2.0,,,,,,3.0,2.0,,2.0,
DSC_9231.TIF,3,3,4,6.0,,,,,,5.0,6.0,,6.0,
DSC_9231.TIF,3,3,5,5.0,,,,,,4.0,6.0,,5.0,
DSC_9231.TIF,3,3,6,5.0,,,,,,4.0,5.0,,5.0,
DSC_9232.TIF,1,1,2,3.0,6.0,,,,,,,,3.0,3.0
DSC_9232.TIF,1,1,4,6.0,6.0,,,,,,,,6.0,5.0
DSC_9232.TIF,1,1,5,6.0,6.0,,,,,,,,6.0,6.0
DSC_9232.TIF,1,1,6,5.0,6.0,,,,,,,,5.0,4.0
DSC_9232.TIF,1,3,1,4.0,6.0,,,,,,,,4.0,4.0
DSC_9232.TIF,1,3,2,5.0,6.0,,,,,,,,5.0,5.0
DSC_9232.TIF,1,3,3,6.0,6.0,,,,,,,,5.0,6.0
DSC_9232.TIF,1,3,4,3.0,3.0,,,,,,,,3.0,3.0
DSC_9232.TIF,2,2,1,5.0,6.0,,,,,,,,5.0,5.0
DSC_9232.TIF,2,2,2,5.0,6.0,,,,,,,,5.0,4.0
DSC_9232.TIF,2,2,3,4.0,6.0,,,,,,,,4.0,4.0
DSC_9232.TIF,2,2,6,3.0,3.0,,,,,,,,3.0,2.0
DSC_9232.TIF,3,1,1,4.0,6.0,,,,,,,,4.0,4.0
DSC_9232.TIF,3,1,2,5.0,6.0,,,,,,,,4.0,5.0
DSC_9232.TIF,3,1,3,5.0,6.0,,,,,,,,4.0,5.0
DSC_9232.TIF,3,1,5,2.0,3.0,,,,,,,,2.0,2.0
DSC_9232.TIF,3,3,1,5.0,6.0,,,,,,,,5.0,5.0
DSC_9232.TIF,3,3,4,6.0,6.0,,,,,,,,6.0,5.0
DSC_9232.TIF,3,3,5,6.0,6.0,,,,,,,,6.0,6.0
DSC_9232.TIF,3,3,6,6.0,6.0,,,,,,,,5.0,6.0
DSC_9233.TIF,1,1,1,0.0,0.0,,,,,,,0.0,,0.0
DSC_9233.TIF,1,1,6,4.0,6.0,,,,,,,4.0,,4.0
DSC_9233.TIF,1,3,1,0.0,0.0,,,,,,,0.0,,0.0
DSC_9233.TIF,1,3,6,2.0,6.0,,,,,,,2.0,,2.0
DSC_9233.TIF,2,2,2,2.0,3.0,,,,,,,2.0,,2.0
DSC_9233.TIF,2,2,5,0.0,0.0,,,,,,,0.0,,0.0
DSC_9233.TIF,3,1,2,0.0,1.0,,,,,,,0.0,,0.0
DSC_9233.TIF,3,1,5,0.0,0.0,,,,,,,0.0,,0.0
DSC_9233.TIF,3,3,1,0.0,0.0,,,,,,,0.0,,0.0
DSC_9233.TIF,3,3,6,2.0,4.0,,,,,,,2.0,,1.0
DSC_9234.TIF,1,1,2,0.0,0.0,,,,,,,0.0,,0.0
DSC_9234.TIF,1,1,5,3.0,4.0,,,,,,,3.0,,3.0
DSC_9234.TIF,1,3,2,3.0,4.0,,,,,,,3.0,,3.0
DSC_9234.TIF,1,3,5,0.0,1.0,,,,,,,0.0,,0.0
DSC_9234.TIF,2,2,2,3.0,4.0,,,,,,,3.0,,3.0
DSC_9234.TIF,2,2,5,0.0,0.0,,,,,,,0.0,,0.0
DSC_9234.TIF,3,1,2,0.0,0.0,,,,,,,0.0,,0.0
DSC_9234.TIF,3,1,5,3.0,4.0,,,,,,,3.0,,3.0
DSC_9234.TIF,3,3,2,0.0,0.0,,,,,,,0.0,,0.0
DSC_9234.TIF,3,3,5,4.0,6.0,,,,,,,4.0,,4.0
DSC_9235.TIF,1,1,1,3.0,4.0,,,,,,,2.0,,3.0
DSC_9235.TIF,1,1,5,3.0,5.0,,,,,,,2.0,,3.0
DSC_9235.TIF,1,1,6,3.0,4.0,,,,,,,3.0,,3.0
DSC_9235.TIF,1,3,1,2.0,4.0,,,,,,,2.0,,2.0
DSC_9235.TIF,2,2,3,2.0,3.0,,,,,,,2.0,,2.0
DSC_9235.TIF,2,2,4,2.0,3.0,,,,,,,2.0,,2.0
DSC_9235.TIF,3,1,2,2.0,2.0,,,,,,,1.0,,2.0
DSC_9235.TIF,3,1,5,4.0,6.0,,,,,,,4.0,,4.0
DSC_9235.TIF,3,3,2,3.0,3.0,,,,,,,2.0,,3.0
DSC_9235.TIF,3,3,3,1.0,1.0,,,,,,,,,1.0
DSC_9235.TIF,3,3,5,3.0,4.0,,,,,,,3.0,,3.0
DSC_9236.TIF,1,1,2,3.0,4.0,,,,,,,2.0,,3.0
DSC_9236.TIF,1,1,5,4.0,5.0,,,,,,,4.0,,4.0
DSC_9236.TIF,1,3,2,2.0,3.0,,,,,,,2.0,,2.0
DSC_9236.TIF,1,3,5,3.0,4.0,,,,,,,3.0,,3.0
DSC_9236.TIF,2,2,2,3.0,3.0,,,,,,,2.0,,3.0
DSC_9236.TIF,2,2,5,3.0,4.0,,,,,,,3.0,,3.0
DSC_9236.TIF,3,1,1,3.0,4.0,,,,,,,3.0,,3.0
DSC_9236.TIF,3,1,6,3.0,3.0,,,,,,,2.0,,3.0
DSC_9236.TIF,3,3,2,3.0,3.0,,,,,,,3.0,,3.0
DSC_9236.TIF,3,3,5,5.0,6.0,,,,,,,5.0,,5.0
DSC_9237.TIF,1,1,1,5.0,,4.0,,5.0,,,,6.0,,
DSC_9237.TIF,1,1,6,6.0,,5.0,,6.0,,,,6.0,,
DSC_9237.TIF,1,3,2,3.0,,3.0,,3.0,,,,4.0,,
DSC_9237.TIF,1,3,5,4.0,,3.0,,4.0,,,,4.0,,
DSC_9237.TIF,2,2,1,2.0,,2.0,,2.0,,,,3.0,,
DSC_9237.TIF,2,2,6,3.0,,1.0,,3.0,,,,3.0,,
DSC_9237.TIF,3,1,1,4.0,,3.0,,4.0,,,,4.0,,
DSC_9237.TIF,3,1,6,5.0,,4.0,,5.0,,,,6.0,,
DSC_9237.TIF,3,3,2,2.0,,2.0,,3.0,,,,2.0,,
DSC_9237.TIF,3,3,5,3.0,,3.0,,3.0,,,,4.0,,
DSC_9238.TIF,1,1,1,4.0,6.0,,,,,,,,4.0,4.0
DSC_9238.TIF,1,1,6,4.0,6.0,,,,,,,,4.0,4.0
DSC_9238.TIF,1,3,1,3.0,4.0,,,,,,,,1.0,3.0
DSC_9238.TIF,1,3,6,3.0,4.0,,,,,,,,2.0,3.0
DSC_9238.TIF,3,1,2,2.0,3.0,,,,,,,,1.0,2.0
DSC_9238.TIF,3,1,5,3.0,4.0,,,,,,,,1.0,3.0
DSC_9238.TIF,3,3,3,3.0,3.0,,,,,,,,2.0,3.0
DSC_9238.TIF,3,3,4,4.0,5.0,,,,,,,,4.0,4.0
DSC_9239.TIF,1,1,1,2.0,,,,,,4.0,2.0,,2.0,
DSC_9239.TIF,1,1,2,2.0,,,,,,4.0,2.0,,2.0,
DSC_9239.TIF,1,1,3,1.0,,,,,,3.0,1.0,,1.0,
DSC_9239.TIF,1,1,5,1.0,,,,,,4.0,1.0,,1.0,
DSC_9239.TIF,1,3,1,4.0,,,,,,5.0,3.0,,4.0,
DSC_9239.TIF,1,3,2,1.0,,,,,,2.0,0.0,,1.0,
DSC_9239.TIF,1,3,3,0.0,,,,,,1.0,0.0,,0.0,
DSC_9239.TIF,1,3,6,3.0,,,,,,5.0,2.0,,3.0,
DSC_9239.TIF,2,2,3,2.0,,,,,,3.0,1.0,,2.0,
DSC_9239.TIF,2,2,4,1.0,,,,,,3.0,1.0,,1.0,
DSC_9239.TIF,2,2,5,3.0,,,,,,3.0,2.0,,3.0,
DSC_9239.TIF,2,2,6,4.0,,,,,,4.0,4.0,,4.0,
DSC_9239.TIF,3,1,1,3.0,,,,,,4.0,2.0,,3.0,
DSC_9239.TIF,3,1,4,1.0,,,,,,2.0,1.0,,1.0,
DSC_9239.TIF,3,1,5,3.0,,,,,,3.0,3.0,,3.0,
DSC_9239.TIF,3,1,6,3.0,,,,,,4.0,3.0,,2.0,
DSC_9239.TIF,3,3,1,1.0,,,,,,2.0,1.0,,1.0,
DSC_9239.TIF,3,3,2,2.0,,,,,,3.0,1.0,,2.0,
DSC_9239.TIF,3,3,3,1.0,,,,,,2.0,1.0,,1.0,
DSC_9239.TIF,3,3,5,3.0,,,,,,4.0,2.0,,3.0,
DSC_9240.TIF,1,1,3,4.0,6.0,,,4.0,,,,4.0,,
DSC_9240.TIF,1,1,4,4.0,6.0,,,3.0,,,,4.0,,
DSC_9240.TIF,1,1,5,4.0,5.0,,,4.0,,,,4.0,,
DSC_9240.TIF,1,1,6,4.0,4.0,,,3.0,,,,4.0,,
DSC_9240.TIF,1,3,1,4.0,4.0,,,3.0,,,,4.0,,
DSC_9240.TIF,1,3,2,3.0,4.0,,,3.0,,,,3.0,,
DSC_9240.TIF,1,3,3,3.0,4.0,,,2.0,,,,3.0,,
DSC_9240.TIF,1,3,6,3.0,4.0,,,2.0,,,,3.0,,
DSC_9240.TIF,2,2,1,1.0,1.0,,,1.0,,,,1.0,,
DSC_9240.TIF,2,2,3,3.0,3.0,,,3.0,,,,3.0,,
DSC_9240.TIF,2,2,4,3.0,3.0,,,3.0,,,,2.0,,
DSC_9240.TIF,3,1,2,2.0,3.0,,,2.0,,,,1.0,,
DSC_9240.TIF,3,1,4,1.0,1.0,,,1.0,,,,1.0,,
DSC_9240.TIF,3,1,5,3.0,3.0,,,3.0,,,,2.0,,
DSC_9240.TIF,3,1,6,1.0,2.0,,,1.0,,,,1.0,,
DSC_9240.TIF,3,3,1,1.0,2.0,,,0.0,,,,1.0,,
DSC_9240.TIF,3,3,2,2.0,3.0,,,2.0,,,,1.0,,
DSC_9240.TIF,3,3,3,4.0,4.0,,,4.0,,,,3.0,,
DSC_9240.TIF,3,3,4,3.0,3.0,,,3.0,,,,2.0,,
DSC_9241.TIF,1,1,2,3.0,4.0,,,3.0,,,,3.0,,
DSC_9241.TIF,1,1,4,3.0,3.0,,,4.0,,,,3.0,,
DSC_9241.TIF,1,1,5,3.0,4.0,,,3.0,,,,3.0,,
DSC_9241.TIF,1,1,6,3.0,4.0,,,3.0,,,,3.0,,
DSC_9241.TIF,1,3,2,1.0,2.0,,,1.0,,,,1.0,,
DSC_9241.TIF,1,3,5,3.0,3.0,,,3.0,,,,,,
DSC_9241.TIF,2,2,3,2.0,3.0,,,2.0,,,,2.0,,
DSC_9241.TIF,2,2,5,4.0,4.0,,,4.0,,,,3.0,,
DSC_9241.TIF,2,2,6,4.0,5.0,,,4.0,,,,3.0,,
DSC_9241.TIF,3,1,1,4.0,4.0,,,4.0,,,,4.0,,
DSC_9241.TIF,3,1,2,3.0,3.0,,,3.0,,,,3.0,,
DSC_9241.TIF,3,1,3,3.0,4.0,,,3.0,,,,3.0,,
DSC_9241.TIF,3,3,1,4.0,4.0,,,4.0,,,,3.0,,
DSC_9241.TIF,3,3,2,3.0,4.0,,,3.0,,,,3.0,,
DSC_9241.TIF,3,3,3,2.0,4.0,,,1.0,,,,2.0,,
DSC_9241.TIF,3,3,4,4.0,5.0,,,4.0,,,,4.0,,
DSC_9242.TIF,1,1,2,2.0,,,,,,,2.0,,2.0,3.0
DSC_9242.TIF,1,1,4,3.0,,,,,,,3.0,,2.0,4.0
DSC_9242.TIF,1,1,5,2.0,,,,,,,2.0,,1.0,3.0
DSC_9242.TIF,1,1,6,2.0,,,,,,,2.0,,2.0,3.0
DSC_9242.TIF,1,3,1,0.0,,,,,,,1.0,,0.0,0.0
DSC_9242.TIF,1,3,2,1.0,,,,,,,2.0,,1.0,1.0
DSC_9242.TIF,1,3,3,1.0,,,,,,,1.0,,1.0,1.0
DSC_9242.TIF,1,3,6,1.0,,,,,,,1.0,,1.0,1.0
DSC_9242.TIF,2,2,1,4.0,,,,,,,4.0,,4.0,3.0
DSC_9242.TIF,2,2,4,3.0,,,,,,,3.0,,4.0,3.0
DSC_9242.TIF,2,2,5,4.0,,,,,,,4.0,,5.0,4.0
DSC_9242.TIF,2,2,6,0.0,,,,,,,0.0,,0.0,0.0
DSC_9242.TIF,3,1,3,5.0,,,,,,,5.0,,5.0,5.0
DSC_9242.TIF,3,1,4,4.0,,,,,,,4.0,,5.0,4.0
DSC_9242.TIF,3,1,5,6.0,,,,,,,6.0,,6.0,6.0
DSC_9242.TIF,3,1,6,6.0,,,,,,,6.0,,6.0,5.0
DSC_9242.TIF,3,3,1,1.0,,,,,,,1.0,,1.0,0.0
DSC_9242.TIF,3,3,2,0.0,,,,,,,0.0,,1.0,0.0
DSC_9242.TIF,3,3,3,0.0,,,,,,,0.0,,1.0,0.0
DSC_9242.TIF,3,3,6,1.0,,,,,,,1.0,,1.0,1.0
_DSC0023.tif,1,1,1,3.0,,3.0,,,,2.0,3.0,,,
_DSC0023.tif,1,1,2,0.0,,0.0,,,,0.0,0.0,,,
_DSC0023.tif,1,1,3,2.0,,2.0,,,,2.0,1.0,,,
_DSC0023.tif,1,1,4,0.0,,0.0,,,,0.0,0.0,,,
_DSC0023.tif,1,1,5,0.0,,0.0,,,,0.0,0.0,,,
_DSC0023.tif,1,1,6,0.0,,1.0,,,,0.0,0.0,,,
_DSC0023.tif,1,1,7,0.0,,0.0,,,,0.0,0.0,,,
_DSC0023.tif,1,1,8,0.0,,1.0,,,,0.0,0.0,,,
_DSC0023.tif,1,2,1,3.0,,3.0,,,,3.0,3.0,,,
_DSC0023.tif,1,2,2,0.0,,0.0,,,,0.0,0.0,,,
_DSC0023.tif,1,2,3,0.0,,0.0,,,,0.0,0.0,,,
_DSC0023.tif,1,2,4,0.0,,0.0,,,,0.0,0.0,,,
_DSC0023.tif,1,2,5,0.0,,0.0,,,,0.0,0.0,,,
_DSC0023.tif,1,2,6,0.0,,0.0,,,,0.0,0.0,,,
_DSC0023.tif,1,2,7,0.0,,0.0,,,,0.0,0.0,,,
_DSC0023.tif,1,2,8,0.0,,0.0,,,,0.0,0.0,,,
_DSC0023.tif,1,3,1,0.0,,0.0,,,,0.0,0.0,,,
_DSC0023.tif,1,3,2,4.0,,4.0,,,,4.0,4.0,,,
_DSC0023.tif,1,3,3,0.0,,0.0,,,,0.0,0.0,,,
_DSC0023.tif,1,3,4,0.0,,0.0,,,,0.0,0.0,,,
_DSC0023.tif,1,3,5,0.0,,0.0,,,,0.0,0.0,,,
_DSC0023.tif,1,3,6,1.0,,1.0,,,,1.0,1.0,,,
_DSC0023.tif,1,3,7,0.0,,1.0,,,,0.0,0.0,,,
_DSC0023.tif,1,3,8,0.0,,0.0,,,,0.0,0.0,,,
_DSC0023.tif,1,4,1,0.0,,0.0,,,,0.0,0.0,,,
_DSC0023.tif,1,4,2,1.0,,2.0,,,,1.0,1.0,,,
_DSC0023.tif,1,4,3,0.0,,0.0,,,,0.0,0.0,,,
_DSC0023.tif,1,4,4,0.0,,1.0,,,,0.0,0.0,,,
_DSC0023.tif,1,4,5,0.0,,1.0,,,,0.0,0.0,,,
_DSC0023.tif,1,4,6,0.0,,1.0,,,,0.0,0.0,,,
_DSC0023.tif,1,4,7,0.0,,1.0,,,,0.0,0.0,,,
_DSC0023.tif,1,4,8,0.0,,1.0,,,,0.0,0.0,,,
_DSC0023.tif,2,1,1,0.0,,0.0,,,,0.0,0.0,,,
_DSC0023.tif,2,1,2,0.0,,1.0,,,,0.0,0.0,,,
_DSC0023.tif,2,1,3,3.0,,3.0,,,,3.0,3.0,,,
_DSC0023.tif,2,1,4,0.0,,1.0,,,,0.0,0.0,,,
_DSC0023.tif,2,1,5,0.0,,1.0,,,,0.0,0.0,,,
_DSC0023.tif,2,1,6,0.0,,1.0,,,,0.0,0.0,,,
_DSC0023.tif,2,1,7,1.0,,1.0,,,,1.0,0.0,,,
_DSC0023.tif,2,1,8,0.0,,0.0,,,,0.0,0.0,,,
_DSC0023.tif,2,2,1,0.0,,0.0,,,,0.0,0.0,,,
_DSC0023.tif,2,2,2,0.0,,0.0,,,,0.0,0.0,,,
_DSC0023.tif,2,2,3,3.0,,3.0,,,,3.0,3.0,,,
_DSC0023.tif,2,2,4,0.0,,1.0,,,,0.0,0.0,,,
_DSC0023.tif,2,2,5,0.0,,1.0,,,,0.0,0.0,,,
_DSC0023.tif,2,2,6,0.0,,0.0,,,,0.0,0.0,,,
_DSC0023.tif,2,2,7,1.0,,2.0,,,,1.0,1.0,,,
_DSC0023.tif,2,2,8,0.0,,1.0,,,,0.0,0.0,,,
_DSC0023.tif,2,3,1,1.0,,1.0,,,,1.0,0.0,,,
_DSC0023.tif,2,3,2,0.0,,0.0,,,,0.0,0.0,,,
_DSC0023.tif,2,3,3,0.0,,0.0,,,,0.0,0.0,,,
_DSC0023.tif,2,3,4,0.0,,0.0,,,,0.0,0.0,,,
_DSC0023.tif,2,3,5,2.0,,2.0,,,,2.0,2.0,,,
_DSC0023.tif,2,3,6,0.0,,2.0,,,,0.0,0.0,,,
_DSC0023.tif,2,3,7,0.0,,1.0,,,,0.0,0.0,,,
_DSC0023.tif,2,3,8,0.0,,0.0,,,,0.0,0.0,,,
_DSC0023.tif,2,4,1,0.0,,1.0,,,,0.0,0.0,,,
_DSC0023.tif,2,4,2,0.0,,0.0,,,,0.0,0.0,,,
_DSC0023.tif,2,4,3,0.0,,1.0,,,,0.0,0.0,,,
_DSC0023.tif,2,4,4,0.0,,1.0,,,,0.0,0.0,,,
_DSC0023.tif,2,4,5,2.0,,2.0,,,,2.0,1.0,,,
_DSC0023.tif,2,4,6,0.0,,1.0,,,,0.0,0.0,,,
_DSC0023.tif,2,4,7,1.0,,1.0,,,,1.0,0.0,,,
_DSC0023.tif,2,4,8,0.0,,1.0,,,,0.0,0.0,,,
_DSC0024.tif,1,1,1,0.0,,,,,,,0.0,,0.0,0.0
_DSC0024.tif,1,1,2,0.0,,,,,,,0.0,,0.0,0.0
_DSC0024.tif,1,1,3,0.0,,,,,,,0.0,,0.0,0.0
_DSC0024.tif,1,1,4,4.0,,,,,,,3.0,,4.0,4.0
_DSC0024.tif,1,1,5,0.0,,,,,,,0.0,,0.0,0.0
_DSC0024.tif,1,1,6,0.0,,,,,,,0.0,,0.0,0.0
_DSC0024.tif,1,1,7,0.0,,,,,,,0.0,,0.0,0.0
_DSC0024.tif,1,1,8,0.0,,,,,,,0.0,,0.0,0.0
_DSC0024.tif,1,2,1,1.0,,,,,,,1.0,,0.0,2.0
_DSC0024.tif,1,2,2,0.0,,,,,,,0.0,,0.0,0.0
_DSC0024.tif,1,2,3,0.0,,,,,,,0.0,,0.0,0.0
_DSC0024.tif,1,2,4,3.0,,,,,,,2.0,,5.0,3.0
_DSC0024.tif,1,2,5,1.0,,,,,,,1.0,,1.0,2.0
_DSC0024.tif,1,2,6,0.0,,,,,,,0.0,,0.0,0.0
_DSC0024.tif,1,2,7,0.0,,,,,,,0.0,,0.0,0.0
_DSC0024.tif,1,2,8,1.0,,,,,,,1.0,,1.0,2.0
_DSC0024.tif,1,3,1,0.0,,,,,,,0.0,,0.0,0.0
_DSC0024.tif,1,3,2,0.0,,,,,,,0.0,,0.0,0.0
_DSC0024.tif,1,3,3,0.0,,,,,,,0.0,,0.0,0.0
_DSC0024.tif,1,3,4,0.0,,,,,,,0.0,,0.0,0.0
_DSC0024.tif,1,3,5,0.0,,,,,,,0.0,,0.0,0.0
_DSC0024.tif,1,3,6,5.0,,,,,,,4.0,,5.0,5.0
_DSC0024.tif,1,3,7,0.0,,,,,,,0.0,,0.0,0.0
_DSC0024.tif,1,3,8,0.0,,,,,,,0.0,,0.0,0.0
_DSC0024.tif,1,4,1,0.0,,,,,,,0.0,,0.0,0.0
_DSC0024.tif,1,4,2,0.0,,,,,,,0.0,,0.0,0.0
_DSC0024.tif,1,4,3,0.0,,,,,,,0.0,,0.0,0.0
_DSC0024.tif,1,4,4,2.0,,,,,,,1.0,,4.0,2.0
_DSC0024.tif,1,4,5,0.0,,,,,,,0.0,,0.0,0.0
_DSC0024.tif,1,4,6,3.0,,,,,,,3.0,,5.0,2.0
_DSC0024.tif,1,4,7,0.0,,,,,,,0.0,,0.0,0.0
_DSC0024.tif,1,4,8,0.0,,,,,,,0.0,,0.0,0.0
_DSC0024.tif,2,1,1,2.0,,,,,,,2.0,,4.0,2.0
_DSC0024.tif,2,1,2,0.0,,,,,,,0.0,,0.0,0.0
_DSC0024.tif,2,1,3,0.0,,,,,,,0.0,,0.0,0.0
_DSC0024.tif,2,1,4,0.0,,,,,,,0.0,,0.0,0.0
_DSC0024.tif,2,1,5,0.0,,,,,,,0.0,,0.0,0.0
_DSC0024.tif,2,1,6,0.0,,,,,,,0.0,,0.0,0.0
_DSC0024.tif,2,1,7,3.0,,,,,,,3.0,,5.0,2.0
_DSC0024.tif,2,1,8,0.0,,,,,,,0.0,,0.0,0.0
_DSC0024.tif,2,2,1,0.0,,,,,,,0.0,,0.0,0.0
_DSC0024.tif,2,2,2,0.0,,,,,,,0.0,,0.0,0.0
_DSC0024.tif,2,2,3,0.0,,,,,,,0.0,,0.0,0.0
_DSC0024.tif,2,2,4,0.0,,,,,,,0.0,,0.0,0.0
_DSC0024.tif,2,2,5,0.0,,,,,,,0.0,,0.0,0.0
_DSC0024.tif,2,2,6,0.0,,,,,,,0.0,,0.0,0.0
_DSC0024.tif,2,2,7,3.0,,,,,,,3.0,,5.0,3.0
_DSC0024.tif,2,2,8,0.0,,,,,,,0.0,,0.0,0.0
_DSC0024.tif,2,3,1,1.0,,,,,,,0.0,,1.0,1.0
_DSC0024.tif,2,3,2,0.0,,,,,,,0.0,,0.0,1.0
_DSC0024.tif,2,3,3,0.0,,,,,,,0.0,,0.0,0.0
_DSC0024.tif,2,3,4,0.0,,,,,,,0.0,,0.0,0.0
_DSC0024.tif,2,3,5,0.0,,,,,,,0.0,,0.0,0.0
_DSC0024.tif,2,3,6,0.0,,,,,,,0.0,,0.0,0.0
_DSC0024.tif,2,3,7,0.0,,,,,,,0.0,,0.0,0.0
_DSC0024.tif,2,3,8,4.0,,,,,,,4.0,,5.0,4.0
_DSC0024.tif,2,4,1,0.0,,,,,,,0.0,,0.0,0.0
_DSC0024.tif,2,4,2,3.0,,,,,,,3.0,,4.0,3.0
_DSC0024.tif,2,4,3,0.0,,,,,,,0.0,,0.0,0.0
_DSC0024.tif,2,4,4,0.0,,,,,,,0.0,,0.0,1.0
_DSC0024.tif,2,4,5,0.0,,,,,,,0.0,,0.0,0.0
_DSC0024.tif,2,4,6,0.0,,,,,,,0.0,,0.0,0.0
_DSC0024.tif,2,4,7,0.0,,,,,,,0.0,,0.0,0.0
_DSC0024.tif,2,4,8,4.0,,,,,,,3.0,,5.0,4.0
_DSC0025-AVRPib.tif,1,1,1,0.0,,,,,,0.0,0.0,,0.0,
_DSC0025-AVRPib.tif,1,1,2,0.0,,,,,,0.0,0.0,,0.0,
_DSC0025-AVRPib.tif,1,2,1,1.0,,,,,,2.0,1.0,,1.0,
_DSC0025-AVRPib.tif,1,2,2,0.0,,,,,,0.0,0.0,,0.0,
_DSC0025-AVRPib.tif,1,3,1,0.0,,,,,,2.0,0.0,,0.0,
_DSC0025-AVRPib.tif,1,3,2,0.0,,,,,,0.0,0.0,,0.0,
_DSC0025-AVRPib.tif,1,4,1,0.0,,,,,,0.0,0.0,,0.0,
_DSC0025-AVRPib.tif,1,4,2,0.0,,,,,,0.0,0.0,,0.0,
_DSC0138.tif,1,1,1,5.0,6.0,,,5.0,,,,5.0,,
_DSC0138.tif,1,1,2,0.0,0.0,,,0.0,,,,0.0,,
_DSC0138.tif,1,1,3,0.0,0.0,,,0.0,,,,0.0,,
_DSC0138.tif,1,1,4,0.0,0.0,,,0.0,,,,0.0,,
_DSC0138.tif,1,1,5,0.0,0.0,,,0.0,,,,0.0,,
_DSC0138.tif,1,1,6,0.0,0.0,,,0.0,,,,0.0,,
_DSC0138.tif,1,1,7,0.0,0.0,,,0.0,,,,0.0,,
_DSC0138.tif,1,1,8,0.0,0.0,,,0.0,,,,0.0,,
_DSC0138.tif,1,2,1,6.0,6.0,,,6.0,,,,5.0,,
_DSC0138.tif,1,2,2,0.0,0.0,,,,,,,0.0,,
_DSC0138.tif,1,2,3,0.0,0.0,,,0.0,,,,0.0,,
_DSC0138.tif,1,2,4,0.0,0.0,,,0.0,,,,0.0,,
_DSC0138.tif,1,2,5,0.0,0.0,,,0.0,,,,0.0,,
_DSC0138.tif,1,2,6,0.0,0.0,,,0.0,,,,0.0,,
_DSC0138.tif,1,2,7,0.0,0.0,,,0.0,,,,0.0,,
_DSC0138.tif,1,2,8,0.0,0.0,,,0.0,,,,0.0,,
_DSC0138.tif,1,3,1,0.0,0.0,,,0.0,,,,0.0,,
_DSC0138.tif,1,3,2,5.0,5.0,,,5.0,,,,5.0,,
_DSC0138.tif,1,3,3,0.0,0.0,,,0.0,,,,0.0,,
_DSC0138.tif,1,3,4,0.0,0.0,,,0.0,,,,0.0,,
_DSC0138.tif,1,3,5,0.0,0.0,,,0.0,,,,0.0,,
_DSC0138.tif,1,3,6,0.0,1.0,,,0.0,,,,0.0,,
_DSC0138.tif,1,3,7,0.0,0.0,,,0.0,,,,0.0,,
_DSC0138.tif,1,3,8,0.0,0.0,,,0.0,,,,0.0,,
_DSC0138.tif,1,4,1,0.0,0.0,,,0.0,,,,0.0,,
_DSC0138.tif,1,4,2,3.0,3.0,,,4.0,,,,3.0,,
_DSC0138.tif,1,4,3,0.0,0.0,,,0.0,,,,0.0,,
_DSC0138.tif,1,4,4,0.0,0.0,,,0.0,,,,0.0,,
_DSC0138.tif,1,4,5,0.0,0.0,,,0.0,,,,0.0,,
_DSC0138.tif,1,4,6,0.0,0.0,,,0.0,,,,0.0,,
_DSC0138.tif,1,4,7,0.0,0.0,,,0.0,,,,0.0,,
_DSC0138.tif,1,4,8,0.0,0.0,,,0.0,,,,0.0,,
_DSC0138.tif,2,1,1,0.0,0.0,,,0.0,,,,0.0,,
_DSC0138.tif,2,1,2,0.0,0.0,,,0.0,,,,0.0,,
_DSC0138.tif,2,1,3,4.0,4.0,,,5.0,,,,4.0,,
_DSC0138.tif,2,1,4,0.0,0.0,,,0.0,,,,0.0,,
_DSC0138.tif,2,1,5,0.0,0.0,,,0.0,,,,0.0,,
_DSC0138.tif,2,1,6,0.0,0.0,,,0.0,,,,0.0,,
_DSC0138.tif,2,1,7,2.0,2.0,,,2.0,,,,1.0,,
_DSC0138.tif,2,1,8,0.0,0.0,,,0.0,,,,0.0,,
_DSC0138.tif,2,2,1,0.0,0.0,,,0.0,,,,0.0,,
_DSC0138.tif,2,2,2,0.0,0.0,,,0.0,,,,0.0,,
_DSC0138.tif,2,2,3,5.0,5.0,,,5.0,,,,5.0,,
_DSC0138.tif,2,2,4,0.0,1.0,,,0.0,,,,0.0,,
_DSC0138.tif,2,2,5,1.0,1.0,,,1.0,,,,0.0,,
_DSC0138.tif,2,2,6,0.0,0.0,,,0.0,,,,0.0,,
_DSC0138.tif,2,2,8,0.0,0.0,,,0.0,,,,0.0,,
_DSC0138.tif,2,3,1,0.0,0.0,,,0.0,,,,0.0,,
_DSC0138.tif,2,3,2,0.0,0.0,,,0.0,,,,0.0,,
_DSC0138.tif,2,3,3,0.0,0.0,,,0.0,,,,0.0,,
_DSC0138.tif,2,3,4,6.0,6.0,,,6.0,,,,6.0,,
_DSC0138.tif,2,3,5,0.0,0.0,,,0.0,,,,0.0,,
_DSC0138.tif,2,3,6,0.0,1.0,,,0.0,,,,0.0,,
_DSC0138.tif,2,3,7,0.0,0.0,,,0.0,,,,0.0,,
_DSC0138.tif,2,3,8,1.0,2.0,,,1.0,,,,1.0,,
_DSC0138.tif,2,4,1,0.0,0.0,,,0.0,,,,0.0,,
_DSC0138.tif,2,4,2,0.0,0.0,,,0.0,,,,0.0,,
_DSC0138.tif,2,4,3,0.0,0.0,,,0.0,,,,0.0,,
_DSC0138.tif,2,4,4,4.0,4.0,,,4.0,,,,4.0,,
_DSC0138.tif,2,4,5,0.0,0.0,,,0.0,,,,0.0,,
_DSC0138.tif,2,4,6,1.0,1.0,,,1.0,,,,0.0,,
_DSC0138.tif,2,4,7,0.0,0.0,,,0.0,,,,0.0,,
_DSC0138.tif,2,4,8,2.0,2.0,,,2.0,,,,1.0,,
_DSC0139.tif,1,1,1,1.0,1.0,,,1.0,,,,2.0,,
_DSC0139.tif,1,1,2,0.0,0.0,,,0.0,,,,0.0,,
_DSC0139.tif,1,1,3,0.0,0.0,,,0.0,,,,0.0,,
_DSC0139.tif,1,1,4,0.0,0.0,,,0.0,,,,0.0,,
_DSC0139.tif,1,1,5,3.0,4.0,,,3.0,,,,3.0,,
_DSC0139.tif,1,1,6,0.0,0.0,,,0.0,,,,0.0,,
_DSC0139.tif,1,1,7,0.0,0.0,,,0.0,,,,0.0,,
_DSC0139.tif,1,1,8,0.0,0.0,,,0.0,,,,0.0,,
_DSC0139.tif,1,2,1,1.0,1.0,,,1.0,,,,1.0,,
_DSC0139.tif,1,2,2,0.0,0.0,,,0.0,,,,0.0,,
_DSC0139.tif,1,2,3,0.0,0.0,,,0.0,,,,0.0,,
_DSC0139.tif,1,2,4,0.0,0.0,,,0.0,,,,0.0,,
_DSC0139.tif,1,2,5,4.0,4.0,,,3.0,,,,5.0,,
_DSC0139.tif,1,2,6,0.0,0.0,,,0.0,,,,0.0,,
_DSC0139.tif,1,2,7,0.0,0.0,,,0.0,,,,0.0,,
_DSC0139.tif,1,2,8,0.0,0.0,,,0.0,,,,0.0,,
_DSC0139.tif,1,3,1,0.0,0.0,,,0.0,,,,0.0,,
_DSC0139.tif,1,3,2,2.0,2.0,,,2.0,,,,1.0,,
_DSC0139.tif,1,3,3,0.0,0.0,,,0.0,,,,0.0,,
_DSC0139.tif,1,3,4,0.0,0.0,,,0.0,,,,0.0,,
_DSC0139.tif,1,3,5,0.0,0.0,,,0.0,,,,0.0,,
_DSC0139.tif,1,3,6,4.0,4.0,,,4.0,,,,4.0,,
_DSC0139.tif,1,3,7,0.0,0.0,,,0.0,,,,0.0,,
_DSC0139.tif,1,3,8,1.0,1.0,,,1.0,,,,1.0,,
_DSC0139.tif,1,4,1,0.0,0.0,,,0.0,,,,0.0,,
_DSC0139.tif,1,4,2,1.0,2.0,,,1.0,,,,1.0,,
_DSC0139.tif,1,4,3,0.0,0.0,,,0.0,,,,0.0,,
_DSC0139.tif,1,4,4,0.0,0.0,,,0.0,,,,0.0,,
_DSC0139.tif,1,4,5,0.0,0.0,,,0.0,,,,0.0,,
_DSC0139.tif,1,4,6,6.0,5.0,,,6.0,,,,6.0,,
_DSC0139.tif,1,4,7,0.0,0.0,,,0.0,,,,0.0,,
_DSC0139.tif,1,4,8,2.0,2.0,,,2.0,,,,2.0,,
_DSC0139.tif,2,1,1,0.0,0.0,,,0.0,,,,0.0,,
_DSC0139.tif,2,1,2,0.0,0.0,,,1.0,,,,0.0,,
_DSC0139.tif,2,1,3,2.0,2.0,,,2.0,,,,1.0,,
_DSC0139.tif,2,1,4,0.0,0.0,,,0.0,,,,0.0,,
_DSC0139.tif,2,1,5,0.0,0.0,,,0.0,,,,0.0,,
_DSC0139.tif,2,1,6,0.0,0.0,,,0.0,,,,0.0,,
_DSC0139.tif,2,1,7,6.0,6.0,,,6.0,,,,6.0,,
_DSC0139.tif,2,1,8,0.0,0.0,,,0.0,,,,0.0,,
_DSC0139.tif,2,2,1,1.0,1.0,,,1.0,,,,1.0,,
_DSC0139.tif,2,2,2,0.0,0.0,,,0.0,,,,0.0,,
_DSC0139.tif,2,2,3,1.0,1.0,,,1.0,,,,1.0,,
_DSC0139.tif,2,2,4,0.0,0.0,,,0.0,,,,0.0,,
_DSC0139.tif,2,2,5,0.0,0.0,,,0.0,,,,0.0,,
_DSC0139.tif,2,2,6,0.0,0.0,,,0.0,,,,0.0,,
_DSC0139.tif,2,2,7,5.0,6.0,,,5.0,,,,5.0,,
_DSC0139.tif,2,2,8,0.0,0.0,,,0.0,,,,0.0,,
_DSC0139.tif,2,3,1,0.0,0.0,,,0.0,,,,0.0,,
_DSC0139.tif,2,3,2,0.0,1.0,,,0.0,,,,0.0,,
_DSC0139.tif,2,3,3,0.0,0.0,,,0.0,,,,0.0,,
_DSC0139.tif,2,3,4,0.0,1.0,,,0.0,,,,0.0,,
_DSC0139.tif,2,3,5,0.0,0.0,,,0.0,,,,0.0,,
_DSC0139.tif,2,3,6,0.0,1.0,,,0.0,,,,0.0,,
_DSC0139.tif,2,3,7,0.0,0.0,,,0.0,,,,0.0,,
_DSC0139.tif,2,3,8,5.0,6.0,,,4.0,,,,5.0,,
_DSC0139.tif,2,4,1,0.0,0.0,,,0.0,,,,,,
_DSC0139.tif,2,4,2,1.0,2.0,,,1.0,,,,0.0,,
_DSC0139.tif,2,4,3,0.0,1.0,,,0.0,,,,0.0,,
_DSC0139.tif,2,4,4,0.0,0.0,,,0.0,,,,0.0,,
_DSC0139.tif,2,4,5,0.0,0.0,,,1.0,,,,0.0,,
_DSC0139.tif,2,4,6,0.0,1.0,,,0.0,,,,0.0,,
_DSC0139.tif,2,4,7,0.0,0.0,,,0.0,,,,0.0,,
_DSC0139.tif,2,4,8,6.0,5.0,,,6.0,,,,6.0,,
_DSC0170.tif,1,1,1,2.0,,,,,,,2.0,,4.0,2.0
_DSC0170.tif,1,1,2,5.0,,,,,,,5.0,,6.0,4.0
_DSC0170.tif,1,1,3,5.0,,,,,,,5.0,,6.0,4.0
_DSC0170.tif,1,1,4,4.0,,,,,,,4.0,,6.0,4.0
_DSC0170.tif,1,1,5,0.0,,,,,,,0.0,,0.0,0.0
_DSC0170.tif,1,1,6,4.0,,,,,,,4.0,,6.0,4.0
_DSC0170.tif,1,1,7,3.0,,,,,,,3.0,,5.0,3.0
_DSC0170.tif,1,1,8,4.0,,,,,,,4.0,,4.0,4.0
_DSC0170.tif,1,2,1,0.0,,,,,,,0.0,,0.0,0.0
_DSC0170.tif,1,2,2,6.0,,,,,,,6.0,,6.0,5.0
_DSC0170.tif,1,2,3,2.0,,,,,,,0.0,,2.0,2.0
_DSC0170.tif,1,2,4,3.0,,,,,,,3.0,,4.0,3.0
_DSC0170.tif,1,2,5,0.0,,,,,,,0.0,,0.0,0.0
_DSC0170.tif,1,2,6,3.0,,,,,,,3.0,,5.0,3.0
_DSC0170.tif,1,2,7,5.0,,,,,,,4.0,,5.0,5.0
_DSC0170.tif,1,2,8,5.0,,,,,,,5.0,,6.0,4.0
_DSC0170.tif,1,3,1,6.0,,,,,,,5.0,,6.0,6.0
_DSC0170.tif,1,3,2,0.0,,,,,,,0.0,,0.0,1.0
_DSC0170.tif,1,3,3,4.0,,,,,,,3.0,,5.0,4.0
_DSC0170.tif,1,3,4,3.0,,,,,,,2.0,,4.0,3.0
_DSC0170.tif,1,3,5,4.0,,,,,,,4.0,,5.0,4.0
_DSC0170.tif,1,3,6,0.0,,,,,,,0.0,,0.0,0.0
_DSC0170.tif,1,3,7,4.0,,,,,,,3.0,,5.0,4.0
_DSC0170.tif,1,4,1,6.0,,,,,,,6.0,,6.0,5.0
_DSC0170.tif,1,4,2,0.0,,,,,,,0.0,,0.0,0.0
_DSC0170.tif,1,4,3,5.0,,,,,,,6.0,,5.0,4.0
_DSC0170.tif,1,4,4,4.0,,,,,,,4.0,,4.0,4.0
_DSC0170.tif,1,4,5,5.0,,,,,,,5.0,,6.0,5.0
_DSC0170.tif,1,4,6,0.0,,,,,,,0.0,,0.0,0.0
_DSC0170.tif,1,4,7,5.0,,,,,,,5.0,,5.0,5.0
_DSC0170.tif,1,4,8,5.0,,,,,,,4.0,,5.0,5.0
_DSC0170.tif,2,1,2,6.0,,,,,,,5.0,,6.0,6.0
_DSC0170.tif,2,1,3,3.0,,,,,,,2.0,,3.0,4.0
_DSC0170.tif,2,1,5,2.0,,,,,,,1.0,,2.0,3.0
_DSC0170.tif,2,1,6,6.0,,,,,,,6.0,,5.0,6.0
_DSC0170.tif,2,1,7,0.0,,,,,,,0.0,,0.0,0.0
_DSC0170.tif,2,1,8,5.0,,,,,,,5.0,,5.0,6.0
_DSC0170.tif,2,2,1,3.0,,,,,,,3.0,,2.0,4.0
_DSC0170.tif,2,2,2,3.0,,,,,,,3.0,,3.0,4.0
_DSC0170.tif,2,2,3,0.0,,,,,,,0.0,,0.0,0.0
_DSC0170.tif,2,2,4,4.0,,,,,,,3.0,,4.0,4.0
_DSC0170.tif,2,2,5,2.0,,,,,,,1.0,,2.0,2.0
_DSC0170.tif,2,2,6,3.0,,,,,,,2.0,,3.0,3.0
_DSC0170.tif,2,2,7,0.0,,,,,,,0.0,,0.0,0.0
_DSC0170.tif,2,2,8,4.0,,,,,,,3.0,,4.0,4.0
_DSC0170.tif,2,3,1,5.0,,,,,,,5.0,,5.0,6.0
_DSC0170.tif,2,3,2,5.0,,,,,,,5.0,,5.0,4.0
_DSC0170.tif,2,3,3,6.0,,,,,,,6.0,,6.0,5.0
_DSC0170.tif,2,3,4,0.0,,,,,,,1.0,,0.0,0.0
_DSC0170.tif,2,3,5,3.0,,,,,,,3.0,,4.0,3.0
_DSC0170.tif,2,3,6,0.0,,,,,,,0.0,,0.0,2.0
_DSC0170.tif,2,3,7,3.0,,,,,,,3.0,,5.0,3.0
_DSC0170.tif,2,3,8,0.0,,,,,,,0.0,,0.0,0.0
_DSC0170.tif,2,4,1,4.0,,,,,,,4.0,,5.0,4.0
_DSC0170.tif,2,4,2,4.0,,,,,,,3.0,,5.0,4.0
_DSC0170.tif,2,4,3,4.0,,,,,,,3.0,,4.0,4.0
_DSC0170.tif,2,4,4,0.0,,,,,,,0.0,,0.0,0.0
_DSC0170.tif,2,4,5,5.0,,,,,,,6.0,,5.0,5.0
_DSC0170.tif,2,4,6,4.0,,,,,,,4.0,,3.0,4.0
_DSC0170.tif,2,4,7,6.0,,,,,,,6.0,,5.0,6.0
_DSC0170.tif,2,4,8,0.0,,,,,,,0.0,,0.0,1.0
_DSC0170.tif,3,2,1,4.0,,,,,,,4.0,,5.0,4.0
_DSC0170.tif,3,2,2,6.0,,,,,,,6.0,,6.0,6.0
_DSC0170.tif,3,2,3,4.0,,,,,,,3.0,,5.0,4.0
_DSC0170.tif,3,2,4,5.0,,,,,,,4.0,,6.0,5.0
_DSC0170.tif,3,2,5,0.0,,,,,,,0.0,,0.0,0.0
_DSC0170.tif,3,2,6,5.0,,,,,,,5.0,,6.0,5.0
_DSC0170.tif,3,2,7,6.0,,,,,,,5.0,,6.0,6.0
_DSC0170.tif,3,2,8,6.0,,,,,,,6.0,,6.0,6.0
_DSC0170.tif,3,3,1,4.0,,,,,,,3.0,,4.0,4.0
_DSC0170.tif,3,3,2,5.0,,,,,,,4.0,,5.0,5.0
_DSC0170.tif,3,3,3,4.0,,,,,,,4.0,,4.0,4.0
_DSC0170.tif,3,3,4,3.0,,,,,,,3.0,,3.0,4.0
_DSC0170.tif,3,3,5,0.0,,,,,,,0.0,,0.0,0.0
_DSC0170.tif,3,3,6,6.0,,,,,,,6.0,,5.0,6.0
_DSC0170.tif,3,3,7,4.0,,,,,,,5.0,,4.0,4.0
_DSC0175.tif,1,1,1,4.0,,4.0,,,,4.0,4.0,,,
_DSC0175.tif,1,1,2,0.0,,0.0,,,,0.0,0.0,,,
_DSC0175.tif,1,1,3,0.0,,0.0,,,,0.0,0.0,,,
_DSC0175.tif,1,1,4,0.0,,0.0,,,,0.0,0.0,,,
_DSC0175.tif,1,1,5,0.0,,0.0,,,,0.0,0.0,,,
_DSC0175.tif,1,1,6,0.0,,0.0,,,,0.0,0.0,,,
_DSC0175.tif,1,1,7,0.0,,0.0,,,,0.0,0.0,,,
_DSC0175.tif,1,2,1,5.0,,2.0,,,,5.0,5.0,,,
_DSC0175.tif,1,2,2,0.0,,0.0,,,,0.0,0.0,,,
_DSC0175.tif,1,2,3,0.0,,0.0,,,,0.0,0.0,,,
_DSC0175.tif,1,2,4,0.0,,0.0,,,,0.0,0.0,,,
_DSC0175.tif,1,2,5,0.0,,0.0,,,,1.0,0.0,,,
_DSC0175.tif,1,2,6,0.0,,0.0,,,,0.0,0.0,,,
_DSC0175.tif,1,2,7,0.0,,1.0,,,,0.0,0.0,,,
_DSC0175.tif,1,2,8,0.0,,1.0,,,,0.0,0.0,,,
_DSC0175.tif,1,3,1,0.0,,0.0,,,,0.0,0.0,,,
_DSC0175.tif,1,3,2,4.0,,3.0,,,,4.0,4.0,,,
_DSC0175.tif,1,3,3,0.0,,1.0,,,,0.0,0.0,,,
_DSC0175.tif,1,3,4,1.0,,1.0,,,,1.0,0.0,,,
_DSC0175.tif,1,3,5,0.0,,1.0,,,,0.0,0.0,,,
_DSC0175.tif,1,3,6,2.0,,2.0,,,,2.0,1.0,,,
_DSC0175.tif,1,3,7,0.0,,0.0,,,,0.0,0.0,,,
_DSC0175.tif,1,3,8,0.0,,0.0,,,,0.0,0.0,,,
_DSC0175.tif,1,4,1,0.0,,0.0,,,,0.0,0.0,,,
_DSC0175.tif,1,4,2,4.0,,3.0,,,,4.0,4.0,,,
_DSC0175.tif,1,4,3,0.0,,0.0,,,,0.0,0.0,,,
_DSC0175.tif,1,4,4,0.0,,1.0,,,,0.0,0.0,,,
_DSC0175.tif,1,4,5,0.0,,0.0,,,,0.0,0.0,,,
_DSC0175.tif,1,4,6,3.0,,3.0,,,,3.0,3.0,,,
_DSC0175.tif,1,4,7,1.0,,1.0,,,,1.0,0.0,,,
_DSC0175.tif,1,4,8,1.0,,1.0,,,,1.0,0.0,,,
_DSC0175.tif,1,5,1,0.0,,0.0,,,,0.0,0.0,,,
_DSC0175.tif,1,5,2,0.0,,0.0,,,,0.0,0.0,,,
_DSC0175.tif,1,5,3,5.0,,3.0,,,,5.0,5.0,,,
_DSC0175.tif,1,5,4,0.0,,1.0,,,,0.0,0.0,,,
_DSC0175.tif,1,5,5,0.0,,1.0,,,,0.0,0.0,,,
_DSC0175.tif,1,5,6,1.0,,1.0,,,,1.0,0.0,,,
_DSC0175.tif,1,5,7,3.0,,3.0,,,,3.0,3.0,,,
_DSC0175.tif,1,5,8,0.0,,1.0,,,,0.0,0.0,,,
_DSC0175.tif,1,6,1,0.0,,0.0,,,,0.0,0.0,,,
_DSC0175.tif,1,6,2,0.0,,0.0,,,,0.0,0.0,,,
_DSC0175.tif,1,6,3,5.0,,5.0,,,,5.0,6.0,,,
_DSC0175.tif,1,6,4,0.0,,0.0,,,,0.0,0.0,,,
_DSC0175.tif,1,6,5,0.0,,0.0,,,,0.0,0.0,,,
_DSC0175.tif,1,6,6,0.0,,0.0,,,,0.0,0.0,,,
_DSC0175.tif,1,6,7,3.0,,3.0,,,,3.0,3.0,,,
_DSC0175.tif,1,6,8,1.0,,1.0,,,,2.0,0.0,,,
_DSC0175.tif,2,1,1,3.0,,3.0,,,,5.0,3.0,,,
_DSC0175.tif,2,1,2,0.0,,0.0,,,,0.0,0.0,,,
_DSC0175.tif,2,1,3,0.0,,0.0,,,,0.0,0.0,,,
_DSC0175.tif,2,1,4,5.0,,5.0,,,,5.0,4.0,,,
_DSC0175.tif,2,1,5,1.0,,1.0,,,,1.0,0.0,,,
_DSC0175.tif,2,1,6,2.0,,2.0,,,,2.0,1.0,,,
_DSC0175.tif,2,1,7,0.0,,0.0,,,,0.0,0.0,,,
_DSC0175.tif,2,1,8,3.0,,2.0,,,,3.0,3.0,,,
_DSC0175.tif,2,2,1,0.0,,0.0,,,,0.0,0.0,,,
_DSC0175.tif,2,2,2,0.0,,0.0,,,,0.0,0.0,,,
_DSC0175.tif,2,2,3,0.0,,0.0,,,,0.0,0.0,,,
_DSC0175.tif,2,2,4,5.0,,4.0,,,,5.0,5.0,,,
_DSC0175.tif,2,2,5,2.0,,2.0,,,,3.0,2.0,,,
_DSC0175.tif,2,2,6,4.0,,4.0,,,,4.0,3.0,,,
_DSC0175.tif,2,2,7,0.0,,0.0,,,,0.0,0.0,,,
_DSC0175.tif,2,2,8,4.0,,4.0,,,,4.0,4.0,,,
_DSC0175.tif,2,3,3,0.0,,0.0,,,,0.0,0.0,,,
_DSC0175.tif,2,3,4,0.0,,0.0,,,,0.0,0.0,,,
_DSC0175.tif,2,3,5,0.0,,1.0,,,,0.0,0.0,,,
_DSC0175.tif,2,3,6,0.0,,0.0,,,,0.0,0.0,,,
_DSC0175.tif,2,3,7,0.0,,1.0,,,,0.0,0.0,,,
_DSC0175.tif,2,3,8,2.0,,2.0,,,,2.0,0.0,,,
_DSC0175.tif,2,4,1,2.0,,2.0,,,,2.0,1.0,,,
_DSC0175.tif,2,4,2,0.0,,0.0,,,,0.0,0.0,,,
_DSC0175.tif,2,4,3,0.0,,0.0,,,,0.0,0.0,,,
_DSC0175.tif,2,4,4,0.0,,0.0,,,,0.0,0.0,,,
_DSC0175.tif,2,4,5,3.0,,2.0,,,,5.0,3.0,,,
_DSC0175.tif,2,4,6,0.0,,0.0,,,,0.0,0.0,,,
_DSC0175.tif,2,4,7,0.0,,1.0,,,,0.0,0.0,,,
_DSC0175.tif,2,4,8,0.0,,0.0,,,,0.0,0.0,,,
_DSC0175.tif,2,5,1,3.0,,3.0,,,,4.0,3.0,,,
_DSC0175.tif,2,5,2,0.0,,0.0,,,,0.0,0.0,,,
_DSC0175.tif,2,5,3,0.0,,0.0,,,,0.0,0.0,,,
_DSC0175.tif,2,5,4,0.0,,0.0,,,,0.0,0.0,,,
_DSC0175.tif,2,5,5,5.0,,5.0,,,,5.0,6.0,,,
_DSC0175.tif,2,5,6,0.0,,0.0,,,,0.0,0.0,,,
_DSC0175.tif,2,5,7,0.0,,0.0,,,,1.0,0.0,,,
_DSC0175.tif,2,5,8,0.0,,0.0,,,,0.0,0.0,,,
_DSC0175.tif,3,2,1,0.0,,0.0,,,,0.0,0.0,,,
_DSC0175.tif,3,2,2,0.0,,0.0,,,,0.0,0.0,,,
_DSC0175.tif,3,2,3,4.0,,4.0,,,,4.0,4.0,,,
_DSC0175.tif,3,2,4,0.0,,0.0,,,,0.0,0.0,,,
_DSC0175.tif,3,2,5,0.0,,0.0,,,,0.0,0.0,,,
_DSC0175.tif,3,2,6,0.0,,0.0,,,,0.0,0.0,,,
_DSC0175.tif,3,2,7,4.0,,4.0,,,,4.0,3.0,,,
_DSC0175.tif,3,2,8,0.0,,0.0,,,,0.0,0.0,,,
_DSC0175.tif,3,3,1,0.0,,0.0,,,,,0.0,,,
_DSC0175.tif,3,3,2,1.0,,1.0,,,,1.0,0.0,,,
_DSC0175.tif,3,3,3,0.0,,0.0,,,,0.0,0.0,,,
_DSC0175.tif,3,3,4,0.0,,0.0,,,,0.0,0.0,,,
_DSC0175.tif,3,3,5,0.0,,0.0,,,,0.0,0.0,,,
_DSC0175.tif,3,3,6,0.0,,0.0,,,,0.0,0.0,,,
_DSC0175.tif,3,3,7,0.0,,0.0,,,,0.0,0.0,,,
_DSC0175.tif,3,3,8,4.0,,4.0,,,,5.0,4.0,,,
_DSC0175.tif,3,4,1,0.0,,0.0,,,,0.0,0.0,,,
_DSC0175.tif,3,4,2,1.0,,1.0,,,,1.0,0.0,,,
_DSC0175.tif,3,4,3,0.0,,0.0,,,,0.0,0.0,,,
_DSC0175.tif,3,4,4,1.0,,1.0,,,,1.0,1.0,,,
_DSC0175.tif,3,4,5,0.0,,0.0,,,,0.0,0.0,,,
_DSC0175.tif,3,4,6,0.0,,0.0,,,,0.0,0.0,,,
_DSC0175.tif,3,4,7,0.0,,0.0,,,,0.0,0.0,,,
_DSC0175.tif,3,4,8,4.0,,4.0,,,,5.0,4.0,,,
_DSC0764.tif,1,2,1,2.0,,2.0,,2.0,,,,2.0,,
_DSC0764.tif,1,2,2,2.0,,2.0,,3.0,,,,2.0,,
_DSC0764.tif,1,2,3,2.0,,2.0,,3.0,,,,2.0,,
_DSC0764.tif,2,1,1,1.0,,1.0,,1.0,,,,1.0,,
_DSC0764.tif,2,1,2,2.0,,1.0,,2.0,,,,2.0,,
_DSC0764.tif,2,1,3,2.0,,1.0,,2.0,,,,2.0,,
_DSC0764.tif,2,3,4,1.0,,1.0,,1.0,,,,2.0,,
_DSC0764.tif,2,3,5,2.0,,1.0,,2.0,,,,3.0,,
_DSC0764.tif,2,3,6,2.0,,1.0,,2.0,,,,2.0,,
_DSC0764.tif,3,1,4,1.0,,1.0,,0.0,,,,1.0,,
_DSC0764.tif,3,1,5,2.0,,2.0,,2.0,,,,3.0,,
_DSC0764.tif,3,1,6,2.0,,2.0,,2.0,,,,2.0,,
_DSC0764.tif,3,3,4,2.0,,2.0,,2.0,,,,2.0,,
_DSC0764.tif,3,3,5,3.0,,2.0,,3.0,,,,3.0,,
_DSC0764.tif,3,3,6,3.0,,2.0,,3.0,,,,3.0,,
_DSC0765.tif,1,2,1,3.0,,1.0,,3.0,,,,3.0,,
_DSC0765.tif,1,2,2,3.0,,1.0,,3.0,,,,3.0,,
_DSC0765.tif,1,2,3,2.0,,1.0,,2.0,,,,2.0,,
_DSC0765.tif,2,1,1,2.0,,1.0,,2.0,,,,2.0,,
_DSC0765.tif,2,1,2,1.0,,1.0,,1.0,,,,1.0,,
_DSC0765.tif,2,1,3,1.0,,1.0,,0.0,,,,1.0,,
_DSC0765.tif,2,3,4,0.0,,0.0,,0.0,,,,0.0,,
_DSC0765.tif,2,3,5,1.0,,1.0,,2.0,,,,1.0,,
_DSC0765.tif,2,3,6,1.0,,1.0,,2.0,,,,1.0,,
_DSC0765.tif,3,1,4,0.0,,0.0,,1.0,,,,0.0,,
_DSC0765.tif,3,1,5,1.0,,1.0,,2.0,,,,1.0,,
_DSC0765.tif,3,1,6,1.0,,1.0,,1.0,,,,1.0,,
_DSC0765.tif,3,3,1,2.0,,1.0,,3.0,,,,2.0,,
_DSC0765.tif,3,3,2,2.0,,1.0,,3.0,,,,2.0,,
_DSC0766.tif,1,2,1,3.0,6.0,,,,,,,,3.0,3.0
_DSC0766.tif,1,2,2,3.0,6.0,,,,,,,,3.0,3.0
_DSC0766.tif,1,2,3,3.0,6.0,,,,,,,,3.0,3.0
_DSC0766.tif,2,1,4,3.0,6.0,,,,,,,,3.0,3.0
_DSC0766.tif,2,1,5,4.0,6.0,,,,,,,,3.0,4.0
_DSC0766.tif,2,1,6,4.0,6.0,,,,,,,,3.0,4.0
_DSC0766.tif,2,3,1,4.0,6.0,,,,,,,,3.0,4.0
_DSC0766.tif,2,3,2,4.0,5.0,,,,,,,,2.0,4.0
_DSC0766.tif,2,3,3,2.0,4.0,,,,,,,,1.0,2.0
_DSC0766.tif,3,1,4,3.0,5.0,,,,,,,,3.0,3.0
_DSC0766.tif,3,1,5,5.0,6.0,,,,,,,,5.0,4.0
_DSC0766.tif,3,1,6,5.0,6.0,,,,,,,,4.0,5.0
_DSC0766.tif,3,3,4,4.0,5.0,,,,,,,,2.0,4.0
_DSC0766.tif,3,3,5,4.0,5.0,,,,,,,,3.0,4.0
_DSC0766.tif,3,3,6,4.0,4.0,,,,,,,,2.0,4.0
_DSC0767.tif,1,2,4,4.0,6.0,,,,,,,3.0,,4.0
_DSC0767.tif,1,2,5,4.0,6.0,,,,,,,3.0,,4.0
_DSC0767.tif,1,2,6,4.0,6.0,,,,,,,3.0,,4.0
_DSC0767.tif,2,1,1,4.0,4.0,,,,,,,3.0,,4.0
_DSC0767.tif,2,1,2,4.0,4.0,,,,,,,3.0,,4.0
_DSC0767.tif,2,1,3,4.0,4.0,,,,,,,3.0,,4.0
_DSC0767.tif,2,3,1,4.0,5.0,,,,,,,3.0,,4.0
_DSC0767.tif,2,3,2,4.0,5.0,,,,,,,3.0,,4.0
_DSC0767.tif,2,3,3,4.0,5.0,,,,,,,3.0,,4.0
_DSC0767.tif,3,1,1,4.0,5.0,,,,,,,3.0,,4.0
_DSC0767.tif,3,1,2,4.0,5.0,,,,,,,3.0,,4.0
_DSC0767.tif,3,1,3,4.0,5.0,,,,,,,3.0,,4.0
_DSC0767.tif,3,3,1,2.0,3.0,,,,,,,2.0,,1.0
_DSC0767.tif,3,3,2,2.0,3.0,,,,,,,2.0,,1.0
_DSC0767.tif,3,3,3,2.0,3.0,,,,,,,2.0,,1.0
_DSC0768.tif,1,2,1,3.0,5.0,,,3.0,,,,3.0,,
_DSC0768.tif,1,2,2,3.0,5.0,,,3.0,,,,3.0,,
_DSC0768.tif,1,2,3,3.0,3.0,,,2.0,,,,3.0,,
_DSC0768.tif,2,1,4,2.0,3.0,,,2.0,,,,2.0,,
_DSC0768.tif,2,1,5,2.0,3.0,,,2.0,,,,2.0,,
_DSC0768.tif,2,1,6,2.0,3.0,,,2.0,,,,2.0,,
_DSC0768.tif,2,3,1,3.0,4.0,,,3.0,,,,3.0,,
_DSC0768.tif,2,3,2,3.0,4.0,,,3.0,,,,3.0,,
_DSC0768.tif,2,3,3,2.0,4.0,,,1.0,,,,2.0,,
_DSC0768.tif,3,1,4,2.0,4.0,,,1.0,,,,2.0,,
_DSC0768.tif,3,1,5,3.0,4.0,,,2.0,,,,3.0,,
_DSC0768.tif,3,3,1,3.0,4.0,,,3.0,,,,2.0,,
_DSC0768.tif,3,3,2,3.0,4.0,,,3.0,,,,2.0,,
_DSC0769.tif,1,2,4,0.0,1.0,,,,,,,0.0,,0.0
_DSC0769.tif,1,2,5,1.0,3.0,,,,,,,1.0,,1.0
_DSC0769.tif,1,2,6,2.0,4.0,,,,,,,2.0,,1.0
_DSC0769.tif,2,1,1,1.0,3.0,,,,,,,1.0,,1.0
_DSC0769.tif,2,1,2,2.0,4.0,,,,,,,2.0,,1.0
_DSC0769.tif,2,1,3,1.0,3.0,,,,,,,1.0,,1.0
_DSC0769.tif,2,3,4,2.0,4.0,,,,,,,2.0,,1.0
_DSC0769.tif,2,3,5,2.0,5.0,,,,,,,2.0,,1.0
_DSC0769.tif,2,3,6,2.0,5.0,,,,,,,2.0,,1.0
_DSC0769.tif,3,1,1,3.0,6.0,,,,,,,3.0,,3.0
_DSC0769.tif,3,1,2,3.0,5.0,,,,,,,2.0,,3.0
_DSC0769.tif,3,1,3,3.0,5.0,,,,,,,2.0,,3.0
_DSC0769.tif,3,3,4,0.0,0.0,,,,,,,0.0,,0.0
_DSC0769.tif,3,3,5,1.0,4.0,,,,,,,1.0,,1.0
_DSC0769.tif,3,3,6,2.0,3.0,,,,,,,2.0,,1.0
_DSC0770.tif,1,2,1,3.0,,1.0,,3.0,,4.0,,,,
_DSC0770.tif,1,2,2,3.0,,1.0,,3.0,,4.0,,,,
_DSC0770.tif,2,1,4,1.0,,0.0,,1.0,,1.0,,,,
_DSC0770.tif,2,1,5,2.0,,1.0,,2.0,,2.0,,,,
_DSC0770.tif,2,1,6,3.0,,1.0,,4.0,,3.0,,,,
_DSC0770.tif,2,3,1,3.0,,1.0,,3.0,,3.0,,,,
_DSC0770.tif,2,3,2,2.0,,1.0,,2.0,,2.0,,,,
_DSC0770.tif,2,3,3,1.0,,1.0,,2.0,,1.0,,,,
_DSC0770.tif,3,1,4,1.0,,0.0,,1.0,,2.0,,,,
_DSC0770.tif,3,1,5,2.0,,1.0,,3.0,,2.0,,,,
_DSC0770.tif,3,1,6,2.0,,1.0,,4.0,,2.0,,,,
_DSC0770.tif,3,3,4,2.0,,1.0,,3.0,,2.0,,,,
_DSC0770.tif,3,3,5,2.0,,1.0,,3.0,,2.0,,,,
_DSC0770.tif,3,3,6,2.0,,1.0,,3.0,,2.0,,,,
_DSC0771.tif,1,2,1,3.0,6.0,,,,,,,,3.0,3.0
_DSC0771.tif,1,2,2,3.0,4.0,,,,,,,,2.0,3.0
_DSC0771.tif,1,2,3,3.0,5.0,,,,,,,,2.0,3.0
_DSC0771.tif,2,1,1,2.0,4.0,,,,,,,,2.0,2.0
_DSC0771.tif,2,1,2,1.0,4.0,,,,,,,,1.0,1.0
_DSC0771.tif,2,1,3,1.0,4.0,,,,,,,,1.0,1.0
_DSC0771.tif,2,3,4,1.0,4.0,,,,,,,,1.0,1.0
_DSC0771.tif,2,3,5,2.0,5.0,,,,,,,,2.0,2.0
_DSC0771.tif,2,3,6,3.0,6.0,,,,,,,,3.0,3.0
_DSC0771.tif,3,1,1,3.0,5.0,,,,,,,,3.0,3.0
_DSC0771.tif,3,1,2,3.0,5.0,,,,,,,,3.0,3.0
_DSC0771.tif,3,1,3,4.0,6.0,,,,,,,,4.0,4.0
_DSC0771.tif,3,3,4,2.0,4.0,,,,,,,,2.0,1.0
_DSC0771.tif,3,3,5,4.0,5.0,,,,,,,,3.0,4.0
_DSC0771.tif,3,3,6,3.0,5.0,,,,,,,,3.0,3.0
_DSC1014.TIF,1,1,1,4.0,,,,,,5.0,4.0,,4.0,
_DSC1014.TIF,1,1,2,3.0,,,,,,3.0,3.0,,3.0,
_DSC1014.TIF,1,1,3,2.0,,,,,,2.0,2.0,,2.0,
_DSC1014.TIF,1,1,6,3.0,,,,,,3.0,2.0,,3.0,
_DSC1014.TIF,1,3,2,6.0,,,,,,6.0,6.0,,6.0,
_DSC1014.TIF,1,3,4,6.0,,,,,,6.0,6.0,,6.0,
_DSC1014.TIF,1,3,5,6.0,,,,,,6.0,6.0,,5.0,
_DSC1014.TIF,1,3,6,4.0,,,,,,6.0,4.0,,4.0,
_DSC1014.TIF,2,2,3,4.0,,,,,,4.0,4.0,,5.0,
_DSC1014.TIF,2,2,4,5.0,,,,,,5.0,4.0,,5.0,
_DSC1014.TIF,2,2,5,3.0,,,,,,3.0,3.0,,4.0,
_DSC1014.TIF,2,2,6,2.0,,,,,,2.0,2.0,,2.0,
_DSC1014.TIF,3,1,2,5.0,,,,,,6.0,5.0,,4.0,
_DSC1014.TIF,3,1,4,3.0,,,,,,3.0,2.0,,3.0,
_DSC1014.TIF,3,1,5,5.0,,,,,,5.0,5.0,,5.0,
_DSC1014.TIF,3,1,6,4.0,,,,,,4.0,3.0,,4.0,
_DSC1014.TIF,3,3,1,4.0,,,,,,3.0,5.0,,4.0,
_DSC1014.TIF,3,3,2,4.0,,,,,,4.0,5.0,,4.0,
_DSC1014.TIF,3,3,3,5.0,,,,,,5.0,5.0,,5.0,
_DSC1014.TIF,3,3,6,4.0,,,,,,4.0,5.0,,4.0,
_DSC1015.TIF,1,1,2,6.0,,4.0,,6.0,,6.0,,,,
_DSC1015.TIF,1,1,4,6.0,,4.0,,6.0,,6.0,,,,
_DSC1015.TIF,1,1,5,6.0,,4.0,,6.0,,6.0,,,,
_DSC1015.TIF,1,1,6,6.0,,3.0,,6.0,,6.0,,,,
_DSC1015.TIF,1,3,1,4.0,,3.0,,4.0,,4.0,,,,
_DSC1015.TIF,1,3,2,4.0,,3.0,,4.0,,4.0,,,,
_DSC1015.TIF,1,3,3,5.0,,3.0,,5.0,,5.0,,,,
_DSC1015.TIF,1,3,4,5.0,,4.0,,5.0,,5.0,,,,
_DSC1015.TIF,2,2,1,5.0,,4.0,,5.0,,6.0,,,,
_DSC1015.TIF,2,2,2,6.0,,4.0,,6.0,,6.0,,,,
_DSC1015.TIF,2,2,3,4.0,,3.0,,5.0,,4.0,,,,
_DSC1015.TIF,2,2,6,4.0,,3.0,,4.0,,5.0,,,,
_DSC1015.TIF,3,1,2,3.0,,3.0,,4.0,,3.0,,,,
_DSC1015.TIF,3,1,4,3.0,,3.0,,3.0,,4.0,,,,
_DSC1015.TIF,3,1,5,5.0,,4.0,,5.0,,5.0,,,,
_DSC1015.TIF,3,1,6,4.0,,3.0,,4.0,,4.0,,,,
_DSC1015.TIF,3,3,2,4.0,,4.0,,5.0,,4.0,,,,
_DSC1015.TIF,3,3,3,4.0,,3.0,,4.0,,5.0,,,,
_DSC1015.TIF,3,3,4,5.0,,4.0,,5.0,,5.0,,,,
_DSC1015.TIF,3,3,5,5.0,,5.0,,6.0,,5.0,,,,
_DSC1015.TIF,3,3,6,4.0,,4.0,,6.0,,4.0,,,,
_DSC1016.TIF,1,1,2,3.0,,,,,,3.0,3.0,,3.0,
_DSC1016.TIF,1,1,5,2.0,,,,,,2.0,1.0,,2.0,
_DSC1016.TIF,1,3,2,0.0,,,,,,1.0,0.0,,0.0,
_DSC1016.TIF,1,3,5,3.0,,,,,,4.0,3.0,,3.0,
_DSC1016.TIF,2,2,1,1.0,,,,,,1.0,0.0,,1.0,
_DSC1016.TIF,2,2,6,3.0,,,,,,3.0,2.0,,4.0,
_DSC1016.TIF,3,1,1,5.0,,,,,,5.0,6.0,,5.0,
_DSC1016.TIF,3,1,6,3.0,,,,,,3.0,3.0,,3.0,
_DSC1016.TIF,3,3,3,1.0,,,,,,1.0,1.0,,1.0,
_DSC1016.TIF,3,3,4,4.0,,,,,,4.0,3.0,,5.0,
_DSC1017.TIF,1,1,3,2.0,,,,2.0,,,,2.0,,
_DSC1017.TIF,1,1,4,5.0,6.0,,,5.0,,,,5.0,,
_DSC1017.TIF,1,3,1,5.0,6.0,,,5.0,,,,5.0,,
_DSC1017.TIF,1,3,6,3.0,6.0,,,3.0,,,,3.0,,
_DSC1017.TIF,2,2,2,2.0,2.0,,,,,,,2.0,,
_DSC1017.TIF,2,2,3,3.0,4.0,,,3.0,,,,3.0,,
_DSC1017.TIF,2,2,4,1.0,2.0,,,0.0,,,,1.0,,
_DSC1017.TIF,3,1,3,3.0,3.0,,,3.0,,,,2.0,,
_DSC1017.TIF,3,1,4,4.0,5.0,,,4.0,,,,3.0,,
_DSC1017.TIF,3,3,2,2.0,3.0,,,2.0,,,,2.0,,
_DSC1017.TIF,3,3,5,5.0,6.0,,,5.0,,,,4.0,,
_DSC1017.TIF,3,3,6,1.0,1.0,,,,,,,1.0,,
_DSC1157.TIF,1,2,1,4.0,6.0,,,,,,,,4.0,3.0
_DSC1157.TIF,1,2,4,3.0,4.0,,,,,,,,2.0,3.0
_DSC1157.TIF,1,2,5,4.0,6.0,,,,,,,,4.0,4.0
_DSC1157.TIF,1,2,6,3.0,6.0,,,,,,,,3.0,3.0
_DSC1157.TIF,2,1,2,5.0,6.0,,,,,,,,5.0,4.0
_DSC1157.TIF,2,1,4,1.0,3.0,,,,,,,,1.0,1.0
_DSC1157.TIF,2,1,5,5.0,6.0,,,,,,,,5.0,5.0
_DSC1157.TIF,2,1,6,3.0,4.0,,,,,,,,3.0,3.0
_DSC1157.TIF,2,3,2,5.0,6.0,,,,,,,,5.0,5.0
_DSC1157.TIF,2,3,4,3.0,4.0,,,,,,,,3.0,3.0
_DSC1157.TIF,2,3,5,4.0,6.0,,,,,,,,4.0,3.0
_DSC1157.TIF,2,3,6,4.0,6.0,,,,,,,,4.0,3.0
_DSC1157.TIF,3,1,2,1.0,4.0,,,,,,,,1.0,1.0
_DSC1157.TIF,3,1,4,3.0,5.0,,,,,,,,3.0,3.0
_DSC1157.TIF,3,1,5,3.0,5.0,,,,,,,,3.0,3.0
_DSC1157.TIF,3,1,6,3.0,4.0,,,,,,,,2.0,3.0
_DSC1157.TIF,3,3,1,3.0,6.0,,,,,,,,3.0,3.0
_DSC1157.TIF,3,3,4,3.0,3.0,,,,,,,,4.0,3.0
_DSC1157.TIF,3,3,5,5.0,6.0,,,,,,,,5.0,5.0
_DSC1157.TIF,3,3,6,3.0,5.0,,,,,,,,3.0,3.0
_DSC1158.TIF,1,2,3,2.0,,1.0,,2.0,,2.0,,,,
_DSC1158.TIF,1,2,4,4.0,,3.0,,4.0,,4.0,,,,
_DSC1158.TIF,1,2,5,3.0,,3.0,,4.0,,3.0,,,,
_DSC1158.TIF,1,2,6,3.0,,3.0,,3.0,,3.0,,,,
_DSC1158.TIF,2,1,3,2.0,,2.0,,3.0,,2.0,,,,
_DSC1158.TIF,2,1,4,3.0,,3.0,,4.0,,3.0,,,,
_DSC1158.TIF,2,1,5,3.0,,3.0,,4.0,,3.0,,,,
_DSC1158.TIF,2,1,6,2.0,,2.0,,3.0,,2.0,,,,
_DSC1158.TIF,2,3,2,5.0,,4.0,,5.0,,5.0,,,,
_DSC1158.TIF,2,3,4,2.0,,3.0,,2.0,,2.0,,,,
_DSC1158.TIF,2,3,5,5.0,,4.0,,6.0,,5.0,,,,
_DSC1158.TIF,2,3,6,4.0,,3.0,,4.0,,4.0,,,,
_DSC1158.TIF,3,1,2,4.0,,4.0,,4.0,,5.0,,,,
_DSC1158.TIF,3,1,4,2.0,,3.0,,2.0,,2.0,,,,
_DSC1158.TIF,3,1,5,5.0,,4.0,,5.0,,5.0,,,,
_DSC1158.TIF,3,1,6,3.0,,3.0,,3.0,,3.0,,,,
_DSC1158.TIF,3,3,2,2.0,,2.0,,2.0,,1.0,,,,
_DSC1158.TIF,3,3,4,3.0,,3.0,,3.0,,3.0,,,,
_DSC1158.TIF,3,3,5,4.0,,3.0,,4.0,,4.0,,,,
_DSC1158.TIF,3,3,6,3.0,,2.0,,3.0,,4.0,,,,
_DSC1159.TIF,1,2,3,1.0,3.0,,,,,,,,1.0,1.0
_DSC1159.TIF,1,2,4,4.0,5.0,,,,,,,,2.0,4.0
_DSC1159.TIF,1,2,5,1.0,1.0,,,,,,,,,1.0
_DSC1159.TIF,2,1,1,1.0,3.0,,,,,,,,1.0,0.0
_DSC1159.TIF,2,1,6,3.0,5.0,,,,,,,,2.0,3.0
_DSC1159.TIF,2,3,1,1.0,3.0,,,,,,,,1.0,1.0
_DSC1159.TIF,2,3,6,3.0,5.0,,,,,,,,2.0,3.0
_DSC1159.TIF,3,1,2,1.0,2.0,,,,,,,,1.0,1.0
_DSC1159.TIF,3,1,5,4.0,5.0,,,,,,,,4.0,3.0
_DSC1159.TIF,3,3,3,3.0,3.0,,,,,,,,1.0,3.0
_DSC1159.TIF,3,3,4,4.0,5.0,,,,,,,,4.0,4.0
_DSC1160.TIF,1,2,3,2.0,,1.0,,,,3.0,2.0,,,
_DSC1160.TIF,1,2,4,2.0,,2.0,,,,3.0,2.0,,,
_DSC1160.TIF,2,1,2,1.0,,1.0,,,,2.0,1.0,,,
_DSC1160.TIF,2,1,5,2.0,,2.0,,,,3.0,2.0,,,
_DSC1160.TIF,2,3,2,1.0,,1.0,,,,1.0,1.0,,,
_DSC1160.TIF,2,3,5,4.0,,4.0,,,,4.0,5.0,,,
_DSC1160.TIF,3,1,1,1.0,,1.0,,,,2.0,1.0,,,
_DSC1160.TIF,3,1,4,0.0,,0.0,,,,0.0,,,,
_DSC1160.TIF,3,1,5,0.0,,0.0,,,,0.0,,,,
_DSC1160.TIF,3,1,6,2.0,,1.0,,,,2.0,2.0,,,
_DSC1160.TIF,3,3,2,1.0,,1.0,,,,1.0,0.0,,,
_DSC1160.TIF,3,3,5,4.0,,4.0,,,,5.0,4.0,,,
_DSC1332.TIF,1,2,1,4.0,6.0,,,4.0,,,,4.0,,
_DSC1332.TIF,1,2,2,6.0,6.0,,,5.0,,,,6.0,,
_DSC1332.TIF,1,2,3,5.0,6.0,,,4.0,,,,5.0,,
_DSC1332.TIF,1,2,5,4.0,6.0,,,4.0,,,,4.0,,
_DSC1332.TIF,2,1,1,5.0,6.0,,,5.0,,,,4.0,,
_DSC1332.TIF,2,1,2,3.0,5.0,,,3.0,,,,3.0,,
_DSC1332.TIF,2,1,3,3.0,6.0,,,3.0,,,,2.0,,
_DSC1332.TIF,2,1,6,4.0,6.0,,,4.0,,,,3.0,,
_DSC1332.TIF,2,3,1,4.0,5.0,,,4.0,,,,4.0,,
_DSC1332.TIF,2,3,2,5.0,6.0,,,5.0,,,,5.0,,
_DSC1332.TIF,2,3,3,3.0,5.0,,,2.0,,,,3.0,,
_DSC1332.TIF,2,3,5,5.0,6.0,,,5.0,,,,5.0,,
_DSC1332.TIF,3,1,1,5.0,6.0,,,5.0,,,,5.0,,
_DSC1332.TIF,3,1,4,1.0,1.0,,,0.0,,,,1.0,,
_DSC1332.TIF,3,1,5,3.0,3.0,,,3.0,,,,2.0,,
_DSC1332.TIF,3,3,1,5.0,6.0,,,5.0,,,,4.0,,
_DSC1332.TIF,3,3,2,3.0,4.0,,,3.0,,,,3.0,,
_DSC1332.TIF,3,3,3,3.0,4.0,,,2.0,,,,3.0,,
_DSC1332.TIF,3,3,6,4.0,6.0,,,4.0,,,,3.0,,
_DSC1333.TIF,1,2,2,5.0,,3.0,,5.0,,,,5.0,,
_DSC1333.TIF,1,2,4,1.0,,1.0,,1.0,,,,2.0,,
_DSC1333.TIF,1,2,5,4.0,,3.0,,4.0,,,,5.0,,
_DSC1333.TIF,1,2,6,4.0,,2.0,,4.0,,,,5.0,,
_DSC1333.TIF,2,1,1,4.0,,3.0,,4.0,,,,4.0,,
_DSC1333.TIF,2,1,4,3.0,,2.0,,3.0,,,,3.0,,
_DSC1333.TIF,2,1,5,4.0,,3.0,,5.0,,,,4.0,,
_DSC1333.TIF,2,1,6,4.0,,3.0,,4.0,,,,4.0,,
_DSC1333.TIF,2,3,1,4.0,,4.0,,4.0,,,,5.0,,
_DSC1333.TIF,2,3,2,4.0,,4.0,,4.0,,,,5.0,,
_DSC1333.TIF,2,3,3,1.0,,2.0,,1.0,,,,1.0,,
_DSC1333.TIF,2,3,5,4.0,,4.0,,5.0,,,,4.0,,
_DSC1333.TIF,3,1,2,6.0,,5.0,,6.0,,,,6.0,,
_DSC1333.TIF,3,1,4,0.0,,0.0,,0.0,,,,1.0,,
_DSC1333.TIF,3,1,5,6.0,,5.0,,6.0,,,,6.0,,
_DSC1333.TIF,3,1,6,4.0,,3.0,,4.0,,,,5.0,,
_DSC1333.TIF,3,3,3,4.0,,1.0,,4.0,,,,4.0,,
_DSC1333.TIF,3,3,4,4.0,,2.0,,4.0,,,,4.0,,
_DSC1333.TIF,3,3,5,3.0,,2.0,,3.0,,,,3.0,,
_DSC1333.TIF,3,3,6,2.0,,1.0,,2.0,,,,2.0,,
_DSC1334.TIF,1,2,1,6.0,6.0,,,6.0,,,,5.0,,
_DSC1334.TIF,1,2,6,3.0,3.0,,,2.0,,,,3.0,,
_DSC1334.TIF,2,1,1,5.0,6.0,,,5.0,,,,5.0,,
_DSC1334.TIF,2,3,1,1.0,2.0,,,1.0,,,,0.0,,
_DSC1334.TIF,2,3,6,4.0,5.0,,,4.0,,,,4.0,,
_DSC1334.TIF,3,1,2,1.0,3.0,,,1.0,,,,1.0,,
_DSC1334.TIF,3,1,5,4.0,5.0,,,3.0,,,,4.0,,
_DSC1334.TIF,3,3,2,2.0,3.0,,,1.0,,,,2.0,,
_DSC1334.TIF,3,3,5,6.0,6.0,,,6.0,,,,5.0,,
_DSC1335.TIF,1,2,3,3.0,3.0,,,,,,,,2.0,3.0
_DSC1335.TIF,1,2,4,1.0,2.0,,,,,,,,0.0,1.0
_DSC1335.TIF,2,1,2,1.0,1.0,,,,,,,,0.0,1.0
_DSC1335.TIF,2,1,5,4.0,5.0,,,,,,,,4.0,3.0
_DSC1335.TIF,2,3,2,2.0,3.0,,,,,,,,2.0,1.0
_DSC1335.TIF,2,3,5,4.0,5.0,,,,,,,,4.0,4.0
_DSC1335.TIF,3,1,1,3.0,4.0,,,,,,,,3.0,3.0
_DSC1335.TIF,3,1,6,1.0,1.0,,,,,,,,0.0,1.0
_DSC1335.TIF,3,3,3,3.0,4.0,,,,,,,,3.0,3.0
_DSC1335.TIF,3,3,4,1.0,2.0,,,,,,,,0.0,1.0
_DSC1646.tif,1,1,1,3.0,,,,,,3.0,2.0,,4.0,
_DSC1646.tif,1,1,2,0.0,,,,,,0.0,0.0,,0.0,
_DSC1646.tif,1,1,3,4.0,,,,,,4.0,5.0,,4.0,
_DSC1646.tif,1,1,4,0.0,,,,,,0.0,0.0,,0.0,
_DSC1646.tif,1,1,5,2.0,,,,,,2.0,2.0,,1.0,
_DSC1646.tif,1,1,6,1.0,,,,,,2.0,0.0,,1.0,
_DSC1646.tif,1,1,7,4.0,,,,,,4.0,4.0,,4.0,
_DSC1646.tif,1,1,8,0.0,,,,,,0.0,0.0,,0.0,
_DSC1646.tif,1,2,1,4.0,,,,,,3.0,4.0,,4.0,
_DSC1646.tif,1,2,2,0.0,,,,,,0.0,0.0,,0.0,
_DSC1646.tif,1,2,3,5.0,,,,,,4.0,6.0,,5.0,
_DSC1646.tif,1,2,4,0.0,,,,,,0.0,0.0,,0.0,
_DSC1646.tif,1,2,5,4.0,,,,,,4.0,4.0,,4.0,
_DSC1646.tif,1,2,6,0.0,,,,,,0.0,0.0,,0.0,
_DSC1646.tif,1,2,7,5.0,,,,,,4.0,5.0,,5.0,
_DSC1646.tif,1,2,8,0.0,,,,,,0.0,0.0,,0.0,
_DSC1646.tif,1,3,1,0.0,,,,,,0.0,0.0,,0.0,
_DSC1646.tif,1,3,2,4.0,,,,,,3.0,4.0,,4.0,
_DSC1646.tif,1,3,3,0.0,,,,,,0.0,0.0,,0.0,
_DSC1646.tif,1,3,4,1.0,,,,,,1.0,2.0,,1.0,
_DSC1646.tif,1,3,5,0.0,,,,,,0.0,0.0,,0.0,
_DSC1646.tif,1,3,6,5.0,,,,,,4.0,5.0,,5.0,
_DSC1646.tif,1,3,7,0.0,,,,,,0.0,0.0,,0.0,
_DSC1646.tif,1,3,8,4.0,,,,,,4.0,3.0,,4.0,
_DSC1646.tif,1,4,1,0.0,,,,,,0.0,0.0,,0.0,
_DSC1646.tif,1,4,2,3.0,,,,,,3.0,3.0,,4.0,
_DSC1646.tif,1,4,3,0.0,,,,,,0.0,0.0,,0.0,
_DSC1646.tif,1,4,4,4.0,,,,,,4.0,4.0,,4.0,
_DSC1646.tif,1,4,5,0.0,,,,,,0.0,0.0,,0.0,
_DSC1646.tif,1,4,6,4.0,,,,,,4.0,3.0,,4.0,
_DSC1646.tif,1,4,7,0.0,,,,,,0.0,0.0,,0.0,
_DSC1646.tif,1,4,8,5.0,,,,,,5.0,4.0,,5.0,
_DSC1646.tif,2,1,1,1.0,,,,,,2.0,0.0,,1.0,
_DSC1646.tif,2,1,2,0.0,,,,,,0.0,0.0,,0.0,
_DSC1646.tif,2,1,3,1.0,,,,,,1.0,0.0,,1.0,
_DSC1646.tif,2,1,4,0.0,,,,,,1.0,0.0,,0.0,
_DSC1646.tif,2,1,5,3.0,,,,,,3.0,3.0,,4.0,
_DSC1646.tif,2,1,6,0.0,,,,,,0.0,0.0,,0.0,
_DSC1646.tif,2,1,7,3.0,,,,,,3.0,3.0,,4.0,
_DSC1646.tif,2,1,8,0.0,,,,,,0.0,0.0,,0.0,
_DSC1646.tif,2,2,1,3.0,,,,,,2.0,3.0,,4.0,
_DSC1646.tif,2,2,2,1.0,,,,,,1.0,0.0,,1.0,
_DSC1646.tif,2,2,3,2.0,,,,,,2.0,2.0,,3.0,
_DSC1646.tif,2,2,4,1.0,,,,,,1.0,0.0,,1.0,
_DSC1646.tif,2,2,5,3.0,,,,,,3.0,3.0,,3.0,
_DSC1646.tif,2,2,6,0.0,,,,,,0.0,0.0,,0.0,
_DSC1646.tif,2,2,7,3.0,,,,,,3.0,3.0,,4.0,
_DSC1646.tif,2,2,8,0.0,,,,,,0.0,0.0,,0.0,
_DSC1646.tif,2,3,1,0.0,,,,,,0.0,0.0,,0.0,
_DSC1646.tif,2,3,2,4.0,,,,,,4.0,5.0,,4.0,
_DSC1646.tif,2,3,3,0.0,,,,,,0.0,0.0,,0.0,
_DSC1646.tif,2,3,4,2.0,,,,,,2.0,2.0,,2.0,
_DSC1646.tif,2,3,5,0.0,,,,,,0.0,0.0,,0.0,
_DSC1646.tif,2,3,6,5.0,,,,,,5.0,5.0,,5.0,
_DSC1646.tif,2,3,7,0.0,,,,,,0.0,0.0,,0.0,
_DSC1646.tif,2,3,8,5.0,,,,,,5.0,6.0,,5.0,
_DSC1646.tif,3,1,1,5.0,,,,,,4.0,5.0,,5.0,
_DSC1646.tif,3,1,2,0.0,,,,,,0.0,0.0,,0.0,
_DSC1646.tif,3,1,3,5.0,,,,,,4.0,6.0,,5.0,
_DSC1646.tif,3,1,4,0.0,,,,,,0.0,0.0,,0.0,
_DSC1646.tif,3,1,5,5.0,,,,,,5.0,5.0,,5.0,
_DSC1646.tif,3,1,6,0.0,,,,,,0.0,0.0,,0.0,
_DSC1646.tif,3,1,7,5.0,,,,,,4.0,5.0,,5.0,
_DSC1646.tif,3,1,8,0.0,,,,,,0.0,0.0,,0.0,
_DSC1646.tif,3,2,1,3.0,,,,,,3.0,1.0,,3.0,
_DSC1646.tif,3,2,2,0.0,,,,,,0.0,0.0,,0.0,
_DSC1646.tif,3,2,3,3.0,,,,,,3.0,3.0,,4.0,
_DSC1646.tif,3,2,4,0.0,,,,,,0.0,0.0,,0.0,
_DSC1646.tif,3,2,5,3.0,,,,,,3.0,2.0,,3.0,
_DSC1646.tif,3,2,6,0.0,,,,,,0.0,0.0,,0.0,
_DSC1646.tif,3,2,7,5.0,,,,,,5.0,4.0,,5.0,
_DSC1646.tif,3,2,8,0.0,,,,,,0.0,0.0,,0.0,
_DSC1646.tif,3,3,1,0.0,,,,,,0.0,0.0,,0.0,
_DSC1646.tif,3,3,2,2.0,,,,,,2.0,1.0,,2.0,
_DSC1646.tif,3,3,3,0.0,,,,,,0.0,0.0,,0.0,
_DSC1646.tif,3,3,4,1.0,,,,,,1.0,0.0,,1.0,
_DSC1646.tif,3,3,5,0.0,,,,,,0.0,0.0,,0.0,
_DSC1646.tif,3,3,6,0.0,,,,,,0.0,0.0,,0.0,
_DSC1646.tif,3,3,7,0.0,,,,,,1.0,0.0,,0.0,
_DSC1646.tif,3,3,8,4.0,,,,,,4.0,3.0,,4.0,
_DSC1646.tif,3,4,1,0.0,,,,,,0.0,0.0,,0.0,
_DSC1646.tif,3,4,2,3.0,,,,,,3.0,3.0,,3.0,
_DSC1646.tif,3,4,3,0.0,,,,,,0.0,0.0,,0.0,
_DSC1646.tif,3,4,4,3.0,,,,,,3.0,4.0,,3.0,
_DSC1646.tif,3,4,5,0.0,,,,,,0.0,0.0,,0.0,
_DSC1646.tif,3,4,6,4.0,,,,,,4.0,4.0,,4.0,
_DSC1646.tif,3,4,7,0.0,,,,,,0.0,0.0,,0.0,
_DSC1646.tif,3,4,8,3.0,,,,,,3.0,4.0,,3.0,
_DSC1646.tif,4,1,1,4.0,,,,,,4.0,4.0,,4.0,
_DSC1646.tif,4,1,2,0.0,,,,,,0.0,0.0,,0.0,
_DSC1646.tif,4,1,3,5.0,,,,,,5.0,4.0,,5.0,
_DSC1646.tif,4,1,4,0.0,,,,,,0.0,0.0,,0.0,
_DSC1646.tif,4,1,5,4.0,,,,,,,4.0,,4.0,
_DSC1646.tif,4,1,6,0.0,,,,,,,0.0,,0.0,
_DSC1646.tif,4,1,8,0.0,,,,,,,0.0,,0.0,
_DSC1646.tif,4,2,1,4.0,,,,,,4.0,4.0,,5.0,
_DSC1646.tif,4,2,2,0.0,,,,,,0.0,0.0,,0.0,
_DSC1646.tif,4,2,3,1.0,,,,,,2.0,1.0,,1.0,
_DSC1646.tif,4,2,4,0.0,,,,,,0.0,0.0,,0.0,
_DSC1646.tif,4,2,5,1.0,,,,,,2.0,0.0,,1.0,
_DSC1646.tif,4,2,6,0.0,,,,,,0.0,0.0,,0.0,
_DSC1646.tif,4,2,7,2.0,,,,,,2.0,2.0,,2.0,
_DSC1646.tif,4,2,8,0.0,,,,,,0.0,0.0,,0.0,
_DSC1646.tif,4,3,1,0.0,,,,,,1.0,0.0,,0.0,
_DSC1646.tif,4,3,2,4.0,,,,,,4.0,4.0,,4.0,
_DSC1646.tif,4,3,3,0.0,,,,,,1.0,0.0,,0.0,
_DSC1646.tif,4,3,4,2.0,,,,,,2.0,2.0,,2.0,
_DSC1646.tif,4,3,5,0.0,,,,,,0.0,0.0,,0.0,
_DSC1646.tif,4,3,6,4.0,,,,,,4.0,4.0,,4.0,
_DSC1646.tif,4,3,7,0.0,,,,,,0.0,0.0,,0.0,
_DSC1646.tif,4,3,8,3.0,,,,,,4.0,3.0,,3.0,
_DSC1646.tif,4,4,1,0.0,,,,,,0.0,0.0,,0.0,
_DSC1646.tif,4,4,2,4.0,,,,,,4.0,4.0,,4.0,
_DSC1646.tif,4,4,3,0.0,,,,,,0.0,0.0,,0.0,
_DSC1646.tif,4,4,4,4.0,,,,,,4.0,3.0,,4.0,
_DSC1646.tif,4,4,5,0.0,,,,,,0.0,0.0,,0.0,
_DSC1646.tif,4,4,6,5.0,,,,,,5.0,5.0,,5.0,
_DSC1646.tif,4,4,7,0.0,,,,,,0.0,0.0,,0.0,
_DSC1646.tif,4,4,8,5.0,,,,,,5.0,4.0,,5.0,
_DSC1647.tif,1,1,1,6.0,,4.0,,,,6.0,6.0,,,
_DSC1647.tif,1,1,2,1.0,,1.0,,,,1.0,0.0,,,
_DSC1647.tif,1,1,3,6.0,,4.0,,,,6.0,6.0,,,
_DSC1647.tif,1,1,4,4.0,,3.0,,,,4.0,4.0,,,
_DSC1647.tif,1,1,5,4.0,,3.0,,,,5.0,4.0,,,
_DSC1647.tif,1,1,6,0.0,,0.0,,,,0.0,0.0,,,
_DSC1647.tif,1,1,7,5.0,,5.0,,,,5.0,6.0,,,
_DSC1647.tif,1,1,8,5.0,,5.0,,,,5.0,6.0,,,
_DSC1647.tif,1,2,1,4.0,,3.0,,,,5.0,4.0,,,
_DSC1647.tif,1,2,2,0.0,,0.0,,,,0.0,0.0,,,
_DSC1647.tif,1,2,3,2.0,,1.0,,,,3.0,2.0,,,
_DSC1647.tif,1,2,4,2.0,,2.0,,,,4.0,2.0,,,
_DSC1647.tif,1,2,5,1.0,,1.0,,,,1.0,0.0,,,
_DSC1647.tif,1,2,6,0.0,,0.0,,,,0.0,0.0,,,
_DSC1647.tif,1,2,7,6.0,,4.0,,,,6.0,6.0,,,
_DSC1647.tif,1,2,8,3.0,,3.0,,,,5.0,3.0,,,
_DSC1647.tif,1,3,1,5.0,,4.0,,,,5.0,5.0,,,
_DSC1647.tif,1,3,2,5.0,,4.0,,,,5.0,5.0,,,
_DSC1647.tif,1,3,3,0.0,,0.0,,,,1.0,0.0,,,
_DSC1647.tif,1,3,4,5.0,,4.0,,,,5.0,6.0,,,
_DSC1647.tif,1,3,5,3.0,,3.0,,,,3.0,3.0,,,
_DSC1647.tif,1,3,6,4.0,,4.0,,,,5.0,4.0,,,
_DSC1647.tif,1,3,7,0.0,,0.0,,,,0.0,0.0,,,
_DSC1647.tif,1,3,8,4.0,,4.0,,,,5.0,4.0,,,
_DSC1647.tif,1,4,1,3.0,,3.0,,,,,3.0,,,
_DSC1647.tif,1,4,2,3.0,,3.0,,,,4.0,3.0,,,
_DSC1647.tif,1,4,3,0.0,,0.0,,,,0.0,0.0,,,
_DSC1647.tif,1,4,4,3.0,,4.0,,,,3.0,3.0,,,
_DSC1647.tif,1,4,5,2.0,,2.0,,,,3.0,2.0,,,
_DSC1647.tif,1,4,6,3.0,,3.0,,,,4.0,3.0,,,
_DSC1647.tif,1,4,7,0.0,,0.0,,,,0.0,0.0,,,
_DSC1647.tif,1,4,8,5.0,,4.0,,,,5.0,5.0,,,
_DSC1647.tif,2,1,1,5.0,,4.0,,,,5.0,5.0,,,
_DSC1647.tif,2,1,2,5.0,,4.0,,,,5.0,6.0,,,
_DSC1647.tif,2,1,3,4.0,,4.0,,,,4.0,4.0,,,
_DSC1647.tif,2,1,4,1.0,,1.0,,,,2.0,1.0,,,
_DSC1647.tif,2,1,5,4.0,,3.0,,,,4.0,4.0,,,
_DSC1647.tif,2,1,6,4.0,,4.0,,,,4.0,4.0,,,
_DSC1647.tif,2,1,7,4.0,,4.0,,,,4.0,4.0,,,
_DSC1647.tif,2,1,8,2.0,,3.0,,,,2.0,2.0,,,
_DSC1647.tif,2,2,1,6.0,,5.0,,,,6.0,6.0,,,
_DSC1647.tif,2,2,2,4.0,,4.0,,,,5.0,4.0,,,
_DSC1647.tif,2,2,3,4.0,,3.0,,,,4.0,4.0,,,
_DSC1647.tif,2,2,4,0.0,,0.0,,,,0.0,0.0,,,
_DSC1647.tif,2,2,5,3.0,,3.0,,,,3.0,3.0,,,
_DSC1647.tif,2,2,6,4.0,,3.0,,,,4.0,4.0,,,
_DSC1647.tif,2,2,7,4.0,,3.0,,,,4.0,4.0,,,
_DSC1647.tif,2,2,8,1.0,,1.0,,,,1.0,0.0,,,
_DSC1647.tif,2,3,1,1.0,,1.0,,,,1.0,0.0,,,
_DSC1647.tif,2,3,2,5.0,,4.0,,,,5.0,6.0,,,
_DSC1647.tif,2,3,3,5.0,,4.0,,,,5.0,6.0,,,
_DSC1647.tif,2,3,4,4.0,,4.0,,,,4.0,6.0,,,
_DSC1647.tif,2,3,5,0.0,,0.0,,,,0.0,0.0,,,
_DSC1647.tif,2,3,6,4.0,,4.0,,,,4.0,4.0,,,
_DSC1647.tif,2,3,7,4.0,,4.0,,,,4.0,5.0,,,
_DSC1647.tif,2,3,8,4.0,,4.0,,,,4.0,5.0,,,
_DSC1647.tif,2,4,1,0.0,,0.0,,,,0.0,0.0,,,
_DSC1647.tif,2,4,2,4.0,,4.0,,,,4.0,5.0,,,
_DSC1647.tif,2,4,3,3.0,,3.0,,,,3.0,4.0,,,
_DSC1647.tif,2,4,4,3.0,,3.0,,,,3.0,3.0,,,
_DSC1647.tif,2,4,5,0.0,,0.0,,,,0.0,0.0,,,
_DSC1647.tif,2,4,6,6.0,,4.0,,,,6.0,6.0,,,
_DSC1647.tif,2,4,7,3.0,,3.0,,,,4.0,3.0,,,
_DSC1647.tif,2,4,8,3.0,,3.0,,,,4.0,3.0,,,
_DSC1647.tif,3,1,1,6.0,,4.0,,,,6.0,6.0,,,
_DSC1647.tif,3,1,2,1.0,,1.0,,,,1.0,0.0,,,
_DSC1647.tif,3,1,3,5.0,,4.0,,,,5.0,6.0,,,
_DSC1647.tif,3,1,4,3.0,,3.0,,,,3.0,3.0,,,
_DSC1647.tif,3,1,5,4.0,,4.0,,,,4.0,3.0,,,
_DSC1647.tif,3,1,6,0.0,,0.0,,,,0.0,0.0,,,
_DSC1647.tif,3,1,7,5.0,,4.0,,,,5.0,5.0,,,
_DSC1647.tif,3,1,8,5.0,,4.0,,,,6.0,5.0,,,
_DSC1647.tif,3,2,1,4.0,,3.0,,,,4.0,5.0,,,
_DSC1647.tif,3,2,2,0.0,,0.0,,,,0.0,0.0,,,
_DSC1647.tif,3,2,3,2.0,,2.0,,,,3.0,2.0,,,
_DSC1647.tif,3,2,4,2.0,,2.0,,,,2.0,2.0,,,
_DSC1647.tif,3,2,5,2.0,,1.0,,,,2.0,2.0,,,
_DSC1647.tif,3,2,6,0.0,,0.0,,,,0.0,0.0,,,
_DSC1647.tif,3,2,7,4.0,,3.0,,,,4.0,4.0,,,
_DSC1647.tif,3,2,8,5.0,,4.0,,,,5.0,5.0,,,
_DSC1647.tif,3,3,1,4.0,,4.0,,,,4.0,4.0,,,
_DSC1647.tif,3,3,2,4.0,,4.0,,,,4.0,4.0,,,
_DSC1647.tif,3,3,3,0.0,,0.0,,,,0.0,0.0,,,
_DSC1647.tif,3,3,4,4.0,,4.0,,,,3.0,4.0,,,
_DSC1647.tif,3,3,5,4.0,,4.0,,,,4.0,4.0,,,
_DSC1647.tif,3,3,6,5.0,,4.0,,,,5.0,5.0,,,
_DSC1647.tif,3,3,7,0.0,,0.0,,,,0.0,0.0,,,
_DSC1647.tif,3,3,8,4.0,,4.0,,,,4.0,4.0,,,
_DSC1647.tif,3,4,1,5.0,,4.0,,,,5.0,5.0,,,
_DSC1647.tif,3,4,2,4.0,,4.0,,,,5.0,4.0,,,
_DSC1647.tif,3,4,3,0.0,,0.0,,,,0.0,0.0,,,
_DSC1647.tif,3,4,4,5.0,,5.0,,,,5.0,3.0,,,
_DSC1647.tif,3,4,5,2.0,,3.0,,,,2.0,2.0,,,
_DSC1647.tif,3,4,6,4.0,,5.0,,,,4.0,4.0,,,
_DSC1647.tif,3,4,7,0.0,,0.0,,,,0.0,0.0,,,
_DSC1647.tif,3,4,8,5.0,,5.0,,,,6.0,4.0,,,
_DSC1647.tif,4,1,1,4.0,,4.0,,,,4.0,4.0,,,
_DSC1647.tif,4,1,2,6.0,,6.0,,,,6.0,5.0,,,
_DSC1647.tif,4,1,3,3.0,,3.0,,,,4.0,3.0,,,
_DSC1647.tif,4,1,4,0.0,,1.0,,,,0.0,0.0,,,
_DSC1647.tif,4,1,5,5.0,,4.0,,,,6.0,5.0,,,
_DSC1647.tif,4,1,6,5.0,,4.0,,,,6.0,5.0,,,
_DSC1647.tif,4,1,7,6.0,,4.0,,,,6.0,6.0,,,
_DSC1647.tif,4,1,8,0.0,,0.0,,,,0.0,0.0,,,
_DSC1647.tif,4,2,1,6.0,,6.0,,,,6.0,6.0,,,
_DSC1647.tif,4,2,2,5.0,,5.0,,,,5.0,5.0,,,
_DSC1647.tif,4,2,3,4.0,,4.0,,,,4.0,4.0,,,
_DSC1647.tif,4,2,4,0.0,,1.0,,,,0.0,0.0,,,
_DSC1647.tif,4,2,5,5.0,,5.0,,,,6.0,5.0,,,
_DSC1647.tif,4,2,6,6.0,,5.0,,,,6.0,6.0,,,
_DSC1647.tif,4,2,7,4.0,,4.0,,,,4.0,3.0,,,
_DSC1647.tif,4,2,8,0.0,,0.0,,,,0.0,0.0,,,
_DSC1647.tif,4,3,1,0.0,,0.0,,,,0.0,0.0,,,
_DSC1647.tif,4,3,2,5.0,,5.0,,,,5.0,4.0,,,
_DSC1647.tif,4,3,3,3.0,,3.0,,,,3.0,2.0,,,
_DSC1647.tif,4,3,4,1.0,,2.0,,,,1.0,1.0,,,
_DSC1647.tif,4,3,5,0.0,,0.0,,,,0.0,0.0,,,
_DSC1647.tif,4,3,6,3.0,,4.0,,,,3.0,3.0,,,
_DSC1647.tif,4,3,7,4.0,,4.0,,,,4.0,3.0,,,
_DSC1647.tif,4,3,8,4.0,,4.0,,,,4.0,3.0,,,
_DSC1647.tif,4,4,1,2.0,,2.0,,,,2.0,2.0,,,
_DSC1647.tif,4,4,2,5.0,,4.0,,,,5.0,6.0,,,
_DSC1647.tif,4,4,3,4.0,,4.0,,,,4.0,5.0,,,
_DSC1647.tif,4,4,4,5.0,,4.0,,,,5.0,5.0,,,
_DSC1647.tif,4,4,5,0.0,,0.0,,,,0.0,0.0,,,
_DSC1647.tif,4,4,6,5.0,,5.0,,,,4.0,6.0,,,
_DSC1647.tif,4,4,7,5.0,,5.0,,,,5.0,6.0,,,
_DSC1647.tif,4,4,8,5.0,,4.0,,,,6.0,5.0,,,
_DSC1648.tif,1,1,1,0.0,,0.0,,0.0,,0.0,,,,
_DSC1648.tif,1,1,2,5.0,,5.0,,5.0,,5.0,,,,
_DSC1648.tif,1,1,3,3.0,,3.0,,4.0,,3.0,,,,
_DSC1648.tif,1,1,4,2.0,,2.0,,1.0,,3.0,,,,
_DSC1648.tif,1,1,5,0.0,,1.0,,0.0,,0.0,,,,
_DSC1648.tif,1,1,6,3.0,,3.0,,3.0,,3.0,,,,
_DSC1648.tif,1,1,7,3.0,,3.0,,3.0,,4.0,,,,
_DSC1648.tif,1,1,8,5.0,,4.0,,6.0,,5.0,,,,
_DSC1648.tif,1,2,1,2.0,,2.0,,2.0,,1.0,,,,
_DSC1648.tif,1,2,2,4.0,,4.0,,4.0,,4.0,,,,
_DSC1648.tif,1,2,3,4.0,,4.0,,4.0,,4.0,,,,
_DSC1648.tif,1,2,4,4.0,,4.0,,4.0,,4.0,,,,
_DSC1648.tif,1,2,5,0.0,,0.0,,0.0,,0.0,,,,
_DSC1648.tif,1,2,6,4.0,,4.0,,4.0,,4.0,,,,
_DSC1648.tif,1,2,7,4.0,,3.0,,4.0,,4.0,,,,
_DSC1648.tif,1,2,8,4.0,,4.0,,3.0,,4.0,,,,
_DSC1648.tif,1,3,1,4.0,,4.0,,4.0,,4.0,,,,
_DSC1648.tif,1,3,2,1.0,,1.0,,0.0,,1.0,,,,
_DSC1648.tif,1,3,3,4.0,,4.0,,5.0,,4.0,,,,
_DSC1648.tif,1,3,4,3.0,,3.0,,4.0,,3.0,,,,
_DSC1648.tif,1,3,5,4.0,,4.0,,5.0,,4.0,,,,
_DSC1648.tif,1,3,6,1.0,,1.0,,1.0,,1.0,,,,
_DSC1648.tif,1,3,7,4.0,,4.0,,4.0,,4.0,,,,
_DSC1648.tif,1,3,8,4.0,,4.0,,4.0,,4.0,,,,
_DSC1648.tif,1,4,1,5.0,,5.0,,5.0,,5.0,,,,
_DSC1648.tif,1,4,2,2.0,,2.0,,2.0,,1.0,,,,
_DSC1648.tif,1,4,3,4.0,,3.0,,4.0,,4.0,,,,
_DSC1648.tif,1,4,4,2.0,,2.0,,2.0,,2.0,,,,
_DSC1648.tif,1,4,5,3.0,,3.0,,3.0,,3.0,,,,
_DSC1648.tif,1,4,6,0.0,,0.0,,0.0,,0.0,,,,
_DSC1648.tif,1,4,7,5.0,,4.0,,5.0,,5.0,,,,
_DSC1648.tif,1,4,8,5.0,,4.0,,5.0,,5.0,,,,
_DSC1648.tif,2,1,1,4.0,,4.0,,4.0,,4.0,,,,
_DSC1648.tif,2,1,2,5.0,,4.0,,5.0,,5.0,,,,
_DSC1648.tif,2,1,3,0.0,,0.0,,0.0,,0.0,,,,
_DSC1648.tif,2,1,4,3.0,,3.0,,3.0,,3.0,,,,
_DSC1648.tif,2,1,5,3.0,,2.0,,3.0,,3.0,,,,
_DSC1648.tif,2,1,6,4.0,,4.0,,5.0,,4.0,,,,
_DSC1648.tif,2,1,7,0.0,,0.0,,0.0,,0.0,,,,
_DSC1648.tif,2,1,8,4.0,,4.0,,4.0,,4.0,,,,
_DSC1648.tif,2,2,1,3.0,,3.0,,3.0,,3.0,,,,
_DSC1648.tif,2,2,2,3.0,,3.0,,4.0,,3.0,,,,
_DSC1648.tif,2,2,3,1.0,,1.0,,0.0,,1.0,,,,
_DSC1648.tif,2,2,4,1.0,,2.0,,1.0,,1.0,,,,
_DSC1648.tif,2,2,5,1.0,,1.0,,1.0,,1.0,,,,
_DSC1648.tif,2,2,6,3.0,,3.0,,3.0,,3.0,,,,
_DSC1648.tif,2,2,7,0.0,,0.0,,0.0,,0.0,,,,
_DSC1648.tif,2,3,1,4.0,,4.0,,4.0,,5.0,,,,
_DSC1648.tif,2,3,2,3.0,,3.0,,3.0,,3.0,,,,
_DSC1648.tif,2,3,3,0.0,,0.0,,0.0,,0.0,,,,
_DSC1648.tif,2,3,5,2.0,,2.0,,3.0,,2.0,,,,
_DSC1648.tif,2,3,6,3.0,,2.0,,3.0,,3.0,,,,
_DSC1648.tif,2,3,7,4.0,,4.0,,5.0,,4.0,,,,
_DSC1648.tif,2,3,8,0.0,,2.0,,0.0,,0.0,,,,
_DSC1648.tif,2,4,1,5.0,,4.0,,5.0,,5.0,,,,
_DSC1648.tif,2,4,2,4.0,,4.0,,4.0,,4.0,,,,
_DSC1648.tif,2,4,3,4.0,,4.0,,5.0,,4.0,,,,
_DSC1648.tif,2,4,4,2.0,,3.0,,2.0,,2.0,,,,
_DSC1648.tif,2,4,5,4.0,,4.0,,4.0,,3.0,,,,
_DSC1648.tif,2,4,6,5.0,,5.0,,5.0,,4.0,,,,
_DSC1648.tif,2,4,7,5.0,,5.0,,5.0,,4.0,,,,
_DSC1648.tif,2,4,8,2.0,,2.0,,2.0,,2.0,,,,
_DSC1648.tif,3,1,1,3.0,,3.0,,3.0,,2.0,,,,
_DSC1648.tif,3,1,2,4.0,,4.0,,5.0,,4.0,,,,
_DSC1648.tif,3,1,3,5.0,,5.0,,5.0,,4.0,,,,
_DSC1648.tif,3,1,4,5.0,,5.0,,5.0,,5.0,,,,
_DSC1648.tif,3,1,5,3.0,,3.0,,4.0,,2.0,,,,
_DSC1648.tif,3,1,6,4.0,,4.0,,6.0,,4.0,,,,
_DSC1648.tif,3,1,7,5.0,,4.0,,5.0,,5.0,,,,
_DSC1648.tif,3,1,8,4.0,,4.0,,4.0,,4.0,,,,
_DSC1648.tif,3,2,1,0.0,,0.0,,0.0,,0.0,,,,
_DSC1648.tif,3,2,2,4.0,,4.0,,5.0,,4.0,,,,
_DSC1648.tif,3,2,3,4.0,,4.0,,4.0,,4.0,,,,
_DSC1648.tif,3,2,4,3.0,,3.0,,3.0,,3.0,,,,
_DSC1648.tif,3,2,5,0.0,,0.0,,0.0,,0.0,,,,
_DSC1648.tif,3,2,6,3.0,,4.0,,3.0,,3.0,,,,
_DSC1648.tif,3,2,7,4.0,,5.0,,4.0,,4.0,,,,
_DSC1648.tif,3,2,8,5.0,,6.0,,5.0,,5.0,,,,
_DSC1648.tif,3,3,1,6.0,,6.0,,6.0,,5.0,,,,
_DSC1648.tif,3,3,2,1.0,,2.0,,1.0,,0.0,,,,
_DSC1648.tif,3,3,3,5.0,,5.0,,6.0,,5.0,,,,
_DSC1648.tif,3,3,4,2.0,,2.0,,2.0,,1.0,,,,
_DSC1648.tif,3,3,5,3.0,,3.0,,3.0,,3.0,,,,
_DSC1648.tif,3,3,6,0.0,,1.0,,0.0,,0.0,,,,
_DSC1648.tif,3,3,7,5.0,,5.0,,6.0,,5.0,,,,
_DSC1648.tif,3,3,8,5.0,,5.0,,6.0,,5.0,,,,
_DSC1648.tif,3,4,1,5.0,,5.0,,5.0,,5.0,,,,
_DSC1648.tif,3,4,2,1.0,,2.0,,1.0,,1.0,,,,
_DSC1648.tif,3,4,3,4.0,,4.0,,4.0,,4.0,,,,
_DSC1648.tif,3,4,4,3.0,,3.0,,4.0,,3.0,,,,
_DSC1648.tif,3,4,5,4.0,,4.0,,4.0,,4.0,,,,
_DSC1648.tif,3,4,6,0.0,,0.0,,0.0,,1.0,,,,
_DSC1648.tif,3,4,7,4.0,,4.0,,4.0,,4.0,,,,
_DSC1648.tif,3,4,8,4.0,,4.0,,4.0,,4.0,,,,
_DSC1648.tif,4,1,1,5.0,,4.0,,5.0,,5.0,,,,
_DSC1648.tif,4,1,2,5.0,,5.0,,5.0,,5.0,,,,
_DSC1648.tif,4,1,3,0.0,,0.0,,0.0,,0.0,,,,
_DSC1648.tif,4,1,4,2.0,,2.0,,2.0,,2.0,,,,
_DSC1648.tif,4,1,5,3.0,,3.0,,3.0,,3.0,,,,
_DSC1648.tif,4,1,6,5.0,,5.0,,5.0,,4.0,,,,
_DSC1648.tif,4,1,7,1.0,,2.0,,1.0,,1.0,,,,
_DSC1648.tif,4,1,8,5.0,,4.0,,5.0,,5.0,,,,
_DSC1648.tif,4,2,1,3.0,,3.0,,4.0,,2.0,,,,
_DSC1648.tif,4,2,2,2.0,,2.0,,3.0,,2.0,,,,
_DSC1648.tif,4,2,3,0.0,,0.0,,0.0,,0.0,,,,
_DSC1648.tif,4,2,4,2.0,,1.0,,2.0,,3.0,,,,
_DSC1648.tif,4,2,5,1.0,,1.0,,1.0,,2.0,,,,
_DSC1648.tif,4,2,6,3.0,,3.0,,3.0,,3.0,,,,
_DSC1648.tif,4,2,7,1.0,,0.0,,1.0,,1.0,,,,
_DSC1648.tif,4,2,8,4.0,,4.0,,4.0,,4.0,,,,
_DSC1648.tif,4,3,1,5.0,,4.0,,5.0,,5.0,,,,
_DSC1648.tif,4,3,2,5.0,,4.0,,5.0,,5.0,,,,
_DSC1648.tif,4,3,3,4.0,,4.0,,4.0,,5.0,,,,
_DSC1648.tif,4,3,4,0.0,,0.0,,0.0,,0.0,,,,
_DSC1648.tif,4,3,5,3.0,,3.0,,3.0,,2.0,,,,
_DSC1648.tif,4,3,6,3.0,,3.0,,3.0,,3.0,,,,
_DSC1648.tif,4,3,7,4.0,,4.0,,4.0,,5.0,,,,
_DSC1648.tif,4,3,8,0.0,,0.0,,0.0,,0.0,,,,
_DSC1648.tif,4,4,1,4.0,,4.0,,4.0,,4.0,,,,
_DSC1648.tif,4,4,2,4.0,,4.0,,4.0,,4.0,,,,
_DSC1648.tif,4,4,3,4.0,,3.0,,4.0,,4.0,,,,
_DSC1648.tif,4,4,4,3.0,,2.0,,3.0,,4.0,,,,
_DSC1648.tif,4,4,5,3.0,,3.0,,2.0,,3.0,,,,
_DSC1648.tif,4,4,6,3.0,,3.0,,3.0,,3.0,,,,
_DSC1648.tif,4,4,7,4.0,,4.0,,4.0,,4.0,,,,
_DSC1648.tif,4,4,8,2.0,,2.0,,1.0,,2.0,,,,
_DSC1804.tif,1,1,1,0.0,0.0,,,,,,,0.0,,0.0
_DSC1804.tif,1,1,2,6.0,6.0,,,,,,,6.0,,6.0
_DSC1804.tif,1,1,3,0.0,0.0,,,,,,,0.0,,0.0
_DSC1804.tif,1,1,4,6.0,6.0,,,,,,,6.0,,6.0
_DSC1804.tif,1,1,5,0.0,0.0,,,,,,,0.0,,0.0
_DSC1804.tif,1,1,6,6.0,6.0,,,,,,,6.0,,5.0
_DSC1804.tif,1,1,7,0.0,0.0,,,,,,,0.0,,0.0
_DSC1804.tif,1,1,8,6.0,6.0,,,,,,,6.0,,6.0
_DSC1804.tif,1,2,1,0.0,0.0,,,,,,,0.0,,0.0
_DSC1804.tif,1,2,2,5.0,6.0,,,,,,,5.0,,3.0
_DSC1804.tif,1,2,3,0.0,0.0,,,,,,,0.0,,0.0
_DSC1804.tif,1,2,4,6.0,6.0,,,,,,,6.0,,4.0
_DSC1804.tif,1,2,5,0.0,0.0,,,,,,,0.0,,0.0
_DSC1804.tif,1,2,6,5.0,6.0,,,,,,,5.0,,4.0
_DSC1804.tif,1,2,7,1.0,1.0,,,,,,,0.0,,1.0
_DSC1804.tif,1,2,8,6.0,6.0,,,,,,,6.0,,5.0
_DSC1804.tif,1,3,1,6.0,6.0,,,,,,,6.0,,6.0
_DSC1804.tif,1,3,2,0.0,0.0,,,,,,,0.0,,0.0
_DSC1804.tif,1,3,3,6.0,6.0,,,,,,,6.0,,4.0
_DSC1804.tif,1,3,4,0.0,0.0,,,,,,,0.0,,0.0
_DSC1804.tif,1,3,5,6.0,6.0,,,,,,,6.0,,5.0
_DSC1804.tif,1,3,6,0.0,0.0,,,,,,,0.0,,0.0
_DSC1804.tif,1,3,7,6.0,6.0,,,,,,,6.0,,5.0
_DSC1804.tif,1,3,8,0.0,0.0,,,,,,,0.0,,0.0
_DSC1804.tif,1,4,1,6.0,6.0,,,,,,,6.0,,6.0
_DSC1804.tif,1,4,2,0.0,0.0,,,,,,,0.0,,0.0
_DSC1804.tif,1,4,3,5.0,6.0,,,,,,,5.0,,5.0
_DSC1804.tif,1,4,4,0.0,1.0,,,,,,,0.0,,0.0
_DSC1804.tif,1,4,5,5.0,6.0,,,,,,,5.0,,4.0
_DSC1804.tif,1,4,6,0.0,0.0,,,,,,,,,0.0
_DSC1804.tif,1,4,7,5.0,6.0,,,,,,,5.0,,4.0
_DSC1804.tif,1,4,8,0.0,0.0,,,,,,,0.0,,0.0
_DSC1804.tif,2,1,1,0.0,1.0,,,,,,,0.0,,0.0
_DSC1804.tif,2,1,2,6.0,6.0,,,,,,,6.0,,6.0
_DSC1804.tif,2,1,3,0.0,0.0,,,,,,,0.0,,0.0
_DSC1804.tif,2,1,4,4.0,5.0,,,,,,,4.0,,3.0
_DSC1804.tif,2,1,5,0.0,1.0,,,,,,,0.0,,0.0
_DSC1804.tif,2,1,6,5.0,6.0,,,,,,,5.0,,4.0
_DSC1804.tif,2,1,7,0.0,0.0,,,,,,,0.0,,0.0
_DSC1804.tif,2,1,8,5.0,5.0,,,,,,,5.0,,3.0
_DSC1804.tif,2,2,1,0.0,0.0,,,,,,,0.0,,0.0
_DSC1804.tif,2,2,2,6.0,6.0,,,,,,,6.0,,5.0
_DSC1804.tif,2,2,3,0.0,0.0,,,,,,,0.0,,0.0
_DSC1804.tif,2,2,4,5.0,6.0,,,,,,,5.0,,5.0
_DSC1804.tif,2,2,5,0.0,0.0,,,,,,,0.0,,0.0
_DSC1804.tif,2,2,6,6.0,6.0,,,,,,,6.0,,6.0
_DSC1804.tif,2,2,7,0.0,0.0,,,,,,,0.0,,0.0
_DSC1804.tif,2,2,8,5.0,6.0,,,,,,,5.0,,4.0
_DSC1804.tif,2,3,1,5.0,6.0,,,,,,,5.0,,5.0
_DSC1804.tif,2,3,2,0.0,0.0,,,,,,,0.0,,0.0
_DSC1804.tif,2,3,3,6.0,6.0,,,,,,,6.0,,6.0
_DSC1804.tif,2,3,4,0.0,0.0,,,,,,,0.0,,0.0
_DSC1804.tif,2,3,5,5.0,6.0,,,,,,,5.0,,4.0
_DSC1804.tif,2,3,6,0.0,0.0,,,,,,,0.0,,0.0
_DSC1804.tif,2,3,7,6.0,6.0,,,,,,,6.0,,5.0
_DSC1804.tif,2,3,8,0.0,0.0,,,,,,,0.0,,0.0
_DSC1804.tif,2,4,1,6.0,6.0,,,,,,,6.0,,5.0
_DSC1804.tif,2,4,2,0.0,,,,,,,,0.0,,0.0
_DSC1804.tif,2,4,3,6.0,6.0,,,,,,,6.0,,6.0
_DSC1804.tif,2,4,4,0.0,0.0,,,,,,,0.0,,0.0
_DSC1804.tif,2,4,5,5.0,6.0,,,,,,,5.0,,4.0
_DSC1804.tif,2,4,6,0.0,0.0,,,,,,,0.0,,0.0
_DSC1804.tif,2,4,7,6.0,6.0,,,,,,,6.0,,6.0
_DSC1804.tif,2,4,8,0.0,0.0,,,,,,,0.0,,0.0
_DSC1804.tif,3,1,1,4.0,4.0,,,,,,,4.0,,3.0
_DSC1804.tif,3,1,2,5.0,6.0,,,,,,,5.0,,4.0
_DSC1804.tif,3,1,3,0.0,0.0,,,,,,,0.0,,0.0
_DSC1804.tif,3,1,4,6.0,6.0,,,,,,,6.0,,6.0
_DSC1804.tif,3,1,5,0.0,0.0,,,,,,,0.0,,0.0
_DSC1804.tif,3,1,6,5.0,6.0,,,,,,,5.0,,5.0
_DSC1804.tif,3,1,7,0.0,0.0,,,,,,,0.0,,0.0
_DSC1804.tif,3,1,8,6.0,6.0,,,,,,,6.0,,6.0
_DSC1804.tif,3,2,1,0.0,0.0,,,,,,,0.0,,0.0
_DSC1804.tif,3,2,2,4.0,5.0,,,,,,,4.0,,4.0
_DSC1804.tif,3,2,3,0.0,0.0,,,,,,,0.0,,0.0
_DSC1804.tif,3,2,4,6.0,6.0,,,,,,,5.0,,6.0
_DSC1804.tif,3,2,5,0.0,0.0,,,,,,,0.0,,0.0
_DSC1804.tif,3,2,6,5.0,5.0,,,,,,,5.0,,4.0
_DSC1804.tif,3,2,7,0.0,0.0,,,,,,,0.0,,0.0
_DSC1804.tif,3,2,8,6.0,6.0,,,,,,,6.0,,6.0
_DSC1804.tif,3,3,1,6.0,6.0,,,,,,,6.0,,6.0
_DSC1804.tif,3,3,2,0.0,0.0,,,,,,,0.0,,0.0
_DSC1804.tif,3,3,3,5.0,6.0,,,,,,,5.0,,3.0
_DSC1804.tif,3,3,4,0.0,0.0,,,,,,,0.0,,1.0
_DSC1804.tif,3,3,5,6.0,6.0,,,,,,,6.0,,4.0
_DSC1804.tif,3,3,6,0.0,0.0,,,,,,,0.0,,0.0
_DSC1804.tif,3,3,7,5.0,6.0,,,,,,,5.0,,5.0
_DSC1804.tif,3,3,8,0.0,,,,,,,,0.0,,0.0
_DSC1804.tif,3,4,1,6.0,6.0,,,,,,,6.0,,6.0
_DSC1804.tif,3,4,2,0.0,0.0,,,,,,,0.0,,0.0
_DSC1804.tif,3,4,3,6.0,6.0,,,,,,,6.0,,5.0
_DSC1804.tif,3,4,4,0.0,0.0,,,,,,,0.0,,0.0
_DSC1804.tif,3,4,5,6.0,6.0,,,,,,,6.0,,5.0
_DSC1804.tif,3,4,6,0.0,0.0,,,,,,,0.0,,0.0
_DSC1804.tif,3,4,7,6.0,6.0,,,,,,,6.0,,6.0
_DSC1804.tif,3,4,8,0.0,0.0,,,,,,,0.0,,0.0
_DSC1804.tif,4,1,2,6.0,6.0,,,,,,,6.0,,6.0
_DSC1804.tif,4,1,3,0.0,0.0,,,,,,,0.0,,0.0
_DSC1804.tif,4,1,4,5.0,6.0,,,,,,,5.0,,5.0
_DSC1804.tif,4,1,5,0.0,0.0,,,,,,,0.0,,0.0
_DSC1804.tif,4,1,6,6.0,6.0,,,,,,,6.0,,6.0
_DSC1804.tif,4,1,7,0.0,0.0,,,,,,,0.0,,0.0
_DSC1804.tif,4,1,8,6.0,6.0,,,,,,,6.0,,5.0
_DSC1804.tif,4,2,1,0.0,,,,,,,,0.0,,0.0
_DSC1804.tif,4,2,2,5.0,6.0,,,,,,,5.0,,5.0
_DSC1804.tif,4,2,3,1.0,1.0,,,,,,,0.0,,1.0
_DSC1804.tif,4,2,4,5.0,5.0,,,,,,,5.0,,4.0
_DSC1804.tif,4,2,5,0.0,0.0,,,,,,,0.0,,0.0
_DSC1804.tif,4,2,6,6.0,6.0,,,,,,,6.0,,5.0
_DSC1804.tif,4,2,7,0.0,0.0,,,,,,,0.0,,0.0
_DSC1804.tif,4,2,8,5.0,6.0,,,,,,,5.0,,5.0
_DSC1804.tif,4,3,1,4.0,4.0,,,,,,,4.0,,3.0
_DSC1804.tif,4,3,2,0.0,0.0,,,,,,,0.0,,0.0
_DSC1804.tif,4,3,3,5.0,6.0,,,,,,,5.0,,4.0
_DSC1804.tif,4,3,4,0.0,0.0,,,,,,,0.0,,0.0
_DSC1804.tif,4,3,5,4.0,6.0,,,,,,,4.0,,4.0
_DSC1804.tif,4,3,6,0.0,0.0,,,,,,,0.0,,0.0
_DSC1804.tif,4,3,7,6.0,6.0,,,,,,,6.0,,5.0
_DSC1804.tif,4,3,8,0.0,0.0,,,,,,,0.0,,0.0
_DSC1804.tif,4,4,1,5.0,6.0,,,,,,,5.0,,4.0
_DSC1804.tif,4,4,2,0.0,0.0,,,,,,,0.0,,0.0
_DSC1804.tif,4,4,3,5.0,6.0,,,,,,,5.0,,5.0
_DSC1804.tif,4,4,4,0.0,0.0,,,,,,,0.0,,0.0
_DSC1804.tif,4,4,5,5.0,6.0,,,,,,,5.0,,5.0
_DSC1804.tif,4,4,6,0.0,1.0,,,,,,,0.0,,0.0
_DSC1804.tif,4,4,7,5.0,6.0,,,,,,,5.0,,5.0
_DSC1804.tif,4,4,8,0.0,0.0,,,,,,,0.0,,0.0
_DSC1805.tif,1,1,1,3.0,,,,,,,3.0,,5.0,3.0
_DSC1805.tif,1,1,2,6.0,,,,,,,6.0,,6.0,5.0
_DSC1805.tif,1,1,3,6.0,,,,,,,6.0,,6.0,6.0
_DSC1805.tif,1,1,4,6.0,,,,,,,5.0,,6.0,6.0
_DSC1805.tif,1,1,5,0.0,,,,,,,0.0,,0.0,0.0
_DSC1805.tif,1,1,6,6.0,,,,,,,6.0,,6.0,4.0
_DSC1805.tif,1,1,7,5.0,,,,,,,5.0,,6.0,5.0
_DSC1805.tif,1,2,2,5.0,,,,,,,6.0,,5.0,4.0
_DSC1805.tif,1,2,3,6.0,,,,,,,6.0,,6.0,5.0
_DSC1805.tif,1,2,4,5.0,,,,,,,5.0,,6.0,5.0
_DSC1805.tif,1,2,5,0.0,,,,,,,0.0,,0.0,1.0
_DSC1805.tif,1,2,6,4.0,,,,,,,4.0,,4.0,3.0
_DSC1805.tif,1,2,7,4.0,,,,,,,4.0,,5.0,3.0
_DSC1805.tif,1,2,8,3.0,,,,,,,3.0,,,3.0
_DSC1805.tif,1,3,1,5.0,,,,,,,6.0,,5.0,5.0
_DSC1805.tif,1,3,2,0.0,,,,,,,0.0,,0.0,0.0
_DSC1805.tif,1,3,3,3.0,,,,,,,3.0,,,3.0
_DSC1805.tif,1,3,4,3.0,,,,,,,3.0,,4.0,3.0
_DSC1805.tif,1,3,5,6.0,,,,,,,6.0,,6.0,5.0
_DSC1805.tif,1,3,6,0.0,,,,,,,0.0,,0.0,0.0
_DSC1805.tif,1,3,7,5.0,,,,,,,6.0,,5.0,5.0
_DSC1805.tif,1,3,8,5.0,,,,,,,5.0,,5.0,4.0
_DSC1805.tif,1,4,1,6.0,,,,,,,6.0,,6.0,6.0
_DSC1805.tif,1,4,2,2.0,,,,,,,2.0,,3.0,2.0
_DSC1805.tif,1,4,3,5.0,,,,,,,5.0,,5.0,4.0
_DSC1805.tif,1,4,4,5.0,,,,,,,6.0,,5.0,4.0
_DSC1805.tif,1,4,5,6.0,,,,,,,6.0,,6.0,6.0
_DSC1805.tif,1,4,6,0.0,,,,,,,0.0,,0.0,0.0
_DSC1805.tif,1,4,7,5.0,,,,,,,5.0,,6.0,5.0
_DSC1805.tif,2,1,1,6.0,,,,,,,5.0,,6.0,6.0
_DSC1805.tif,2,1,2,6.0,,,,,,,6.0,,6.0,6.0
_DSC1805.tif,2,1,3,0.0,,,,,,,0.0,,0.0,0.0
_DSC1805.tif,2,1,4,5.0,,,,,,,6.0,,5.0,5.0
_DSC1805.tif,2,1,5,4.0,,,,,,,3.0,,5.0,4.0
_DSC1805.tif,2,1,6,6.0,,,,,,,6.0,,6.0,6.0
_DSC1805.tif,2,1,7,0.0,,,,,,,0.0,,0.0,1.0
_DSC1805.tif,2,2,1,5.0,,,,,,,5.0,,6.0,5.0
_DSC1805.tif,2,2,2,6.0,,,,,,,6.0,,6.0,6.0
_DSC1805.tif,2,2,3,1.0,,,,,,,1.0,,2.0,1.0
_DSC1805.tif,2,2,4,5.0,,,,,,,5.0,,5.0,4.0
_DSC1805.tif,2,2,5,6.0,,,,,,,6.0,,6.0,5.0
_DSC1805.tif,2,2,6,6.0,,,,,,,6.0,,6.0,6.0
_DSC1805.tif,2,2,7,0.0,,,,,,,0.0,,0.0,0.0
_DSC1805.tif,2,2,8,4.0,,,,,,,4.0,,5.0,4.0
_DSC1805.tif,2,3,1,5.0,,,,,,,5.0,,5.0,5.0
_DSC1805.tif,2,3,2,5.0,,,,,,,5.0,,5.0,5.0
_DSC1805.tif,2,3,3,6.0,,,,,,,6.0,,6.0,6.0
_DSC1805.tif,2,3,4,0.0,,,,,,,0.0,,0.0,0.0
_DSC1805.tif,2,3,5,3.0,,,,,,,3.0,,3.0,2.0
_DSC1805.tif,2,3,6,4.0,,,,,,,4.0,,5.0,3.0
_DSC1805.tif,2,3,7,6.0,,,,,,,6.0,,6.0,5.0
_DSC1805.tif,2,3,8,0.0,,,,,,,0.0,,0.0,0.0
_DSC1805.tif,2,4,2,6.0,,,,,,,6.0,,6.0,6.0
_DSC1805.tif,2,4,3,6.0,,,,,,,6.0,,6.0,6.0
_DSC1805.tif,2,4,4,0.0,,,,,,,0.0,,0.0,0.0
_DSC1805.tif,2,4,5,5.0,,,,,,,5.0,,4.0,5.0
_DSC1805.tif,2,4,6,4.0,,,,,,,5.0,,4.0,4.0
_DSC1805.tif,2,4,7,6.0,,,,,,,6.0,,6.0,6.0
_DSC1805.tif,2,4,8,0.0,,,,,,,0.0,,,0.0
_DSC1805.tif,3,1,2,5.0,,,,,,,5.0,,5.0,5.0
_DSC1805.tif,3,1,3,6.0,,,,,,,6.0,,6.0,6.0
_DSC1805.tif,3,1,4,6.0,,,,,,,6.0,,6.0,6.0
_DSC1805.tif,3,1,5,0.0,,,,,,,0.0,,0.0,0.0
_DSC1805.tif,3,1,6,5.0,,,,,,,4.0,,5.0,5.0
_DSC1805.tif,3,1,7,6.0,,,,,,,6.0,,6.0,6.0
_DSC1805.tif,3,1,8,6.0,,,,,,,6.0,,6.0,6.0
_DSC1805.tif,3,2,1,1.0,,,,,,,1.0,,1.0,1.0
_DSC1805.tif,3,2,2,3.0,,,,,,,3.0,,4.0,3.0
_DSC1805.tif,3,2,3,6.0,,,,,,,6.0,,6.0,5.0
_DSC1805.tif,3,2,4,6.0,,,,,,,6.0,,6.0,6.0
_DSC1805.tif,3,2,5,3.0,,,,,,,3.0,,3.0,2.0
_DSC1805.tif,3,2,6,5.0,,,,,,,5.0,,6.0,5.0
_DSC1805.tif,3,2,7,6.0,,,,,,,6.0,,6.0,5.0
_DSC1805.tif,3,2,8,6.0,,,,,,,6.0,,6.0,5.0
_DSC1805.tif,3,3,1,6.0,,,,,,,6.0,,6.0,5.0
_DSC1805.tif,3,3,2,2.0,,,,,,,1.0,,3.0,2.0
_DSC1805.tif,3,3,3,5.0,,,,,,,5.0,,5.0,4.0
_DSC1805.tif,3,3,4,5.0,,,,,,,4.0,,5.0,5.0
_DSC1805.tif,3,3,5,6.0,,,,,,,6.0,,6.0,6.0
_DSC1805.tif,3,3,6,0.0,,,,,,,0.0,,0.0,0.0
_DSC1805.tif,3,3,7,5.0,,,,,,,4.0,,5.0,5.0
_DSC1805.tif,3,3,8,6.0,,,,,,,6.0,,6.0,5.0
_DSC1805.tif,3,4,1,5.0,,,,,,,6.0,,5.0,5.0
_DSC1805.tif,3,4,2,3.0,,,,,,,3.0,,2.0,4.0
_DSC1805.tif,3,4,3,5.0,,,,,,,5.0,,5.0,5.0
_DSC1805.tif,3,4,4,5.0,,,,,,,5.0,,5.0,5.0
_DSC1805.tif,3,4,5,6.0,,,,,,,6.0,,6.0,6.0
_DSC1805.tif,3,4,6,1.0,,,,,,,1.0,,1.0,2.0
_DSC1805.tif,3,4,7,4.0,,,,,,,4.0,,4.0,5.0
_DSC1805.tif,3,4,8,6.0,,,,,,,6.0,,6.0,5.0
_DSC1805.tif,4,1,1,6.0,,,,,,,6.0,,6.0,5.0
_DSC1805.tif,4,1,2,6.0,,,,,,,6.0,,6.0,6.0
_DSC1805.tif,4,1,3,3.0,,,,,,,4.0,,3.0,3.0
_DSC1805.tif,4,1,4,4.0,,,,,,,4.0,,3.0,4.0
_DSC1805.tif,4,1,5,5.0,,,,,,,6.0,,5.0,5.0
_DSC1805.tif,4,1,6,6.0,,,,,,,6.0,,6.0,6.0
_DSC1805.tif,4,1,7,2.0,,,,,,,0.0,,2.0,2.0
_DSC1805.tif,4,1,8,4.0,,,,,,,5.0,,4.0,4.0
_DSC1805.tif,4,2,2,6.0,,,,,,,6.0,,6.0,5.0
_DSC1805.tif,4,2,3,3.0,,,,,,,3.0,,3.0,4.0
_DSC1805.tif,4,2,4,4.0,,,,,,,4.0,,4.0,5.0
_DSC1805.tif,4,2,5,5.0,,,,,,,6.0,,5.0,5.0
_DSC1805.tif,4,2,6,6.0,,,,,,,6.0,,5.0,6.0
_DSC1805.tif,4,2,8,4.0,,,,,,,5.0,,4.0,4.0
_DSC1805.tif,4,3,1,5.0,,,,,,,6.0,,5.0,5.0
_DSC1805.tif,4,3,2,5.0,,,,,,,6.0,,5.0,5.0
_DSC1805.tif,4,3,3,6.0,,,,,,,6.0,,6.0,6.0
_DSC1805.tif,4,3,4,0.0,,,,,,,0.0,,0.0,0.0
_DSC1805.tif,4,3,5,4.0,,,,,,,4.0,,3.0,4.0
_DSC1805.tif,4,3,6,6.0,,,,,,,6.0,,6.0,6.0
_DSC1805.tif,4,3,7,6.0,,,,,,,6.0,,6.0,6.0
_DSC1805.tif,4,3,8,1.0,,,,,,,1.0,,1.0,3.0
_DSC1805.tif,4,4,1,5.0,,,,,,,5.0,,5.0,5.0
_DSC1805.tif,4,4,2,5.0,,,,,,,6.0,,5.0,5.0
_DSC1805.tif,4,4,3,5.0,,,,,,,6.0,,5.0,5.0
_DSC1805.tif,4,4,4,2.0,,,,,,,2.0,,2.0,3.0
_DSC1805.tif,4,4,5,5.0,,,,,,,6.0,,4.0,5.0
_DSC1805.tif,4,4,6,6.0,,,,,,,6.0,,6.0,6.0
_DSC1805.tif,4,4,7,6.0,,,,,,,6.0,,6.0,6.0
_DSC1805.tif,4,4,8,1.0,,,,,,,0.0,,1.0,1.0
_DSC2689.tif,1,1,1,0.0,,,0.0,,,0.0,0.0,,,
_DSC2689.tif,1,1,2,0.0,,,0.0,,,0.0,0.0,,,
_DSC2689.tif,1,1,3,0.0,,,0.0,,,0.0,0.0,,,
_DSC2689.tif,1,1,4,1.0,,,1.0,,,1.0,0.0,,,
_DSC2689.tif,1,1,5,0.0,,,0.0,,,0.0,0.0,,,
_DSC2689.tif,1,1,6,0.0,,,0.0,,,0.0,0.0,,,
_DSC2689.tif,1,3,1,0.0,,,0.0,,,0.0,0.0,,,
_DSC2689.tif,1,3,2,0.0,,,0.0,,,0.0,0.0,,,
_DSC2689.tif,1,3,3,0.0,,,0.0,,,0.0,0.0,,,
_DSC2689.tif,1,3,4,0.0,,,0.0,,,0.0,0.0,,,
_DSC2689.tif,1,3,5,0.0,,,0.0,,,0.0,0.0,,,
_DSC2689.tif,1,3,6,0.0,,,0.0,,,0.0,0.0,,,
_DSC2689.tif,2,2,1,0.0,,,0.0,,,0.0,0.0,,,
_DSC2689.tif,2,2,2,0.0,,,0.0,,,0.0,0.0,,,
_DSC2689.tif,2,2,3,0.0,,,0.0,,,0.0,0.0,,,
_DSC2689.tif,2,2,4,0.0,,,0.0,,,0.0,0.0,,,
_DSC2689.tif,2,2,5,3.0,,,3.0,,,3.0,2.0,,,
_DSC2689.tif,2,2,6,3.0,,,3.0,,,3.0,2.0,,,
_DSC2689.tif,3,1,1,1.0,,,1.0,,,2.0,1.0,,,
_DSC2689.tif,3,1,2,0.0,,,0.0,,,0.0,0.0,,,
_DSC2689.tif,3,1,3,0.0,,,0.0,,,0.0,0.0,,,
_DSC2689.tif,3,1,4,0.0,,,0.0,,,0.0,0.0,,,
_DSC2689.tif,3,1,5,0.0,,,0.0,,,0.0,0.0,,,
_DSC2689.tif,3,1,6,0.0,,,0.0,,,0.0,0.0,,,
_DSC2689.tif,3,3,1,4.0,,,4.0,,,4.0,3.0,,,
_DSC2689.tif,3,3,2,4.0,,,4.0,,,4.0,3.0,,,
_DSC2689.tif,3,3,3,0.0,,,0.0,,,,0.0,,,
_DSC2689.tif,3,3,4,0.0,,,0.0,,,0.0,0.0,,,
_DSC2689.tif,3,3,5,0.0,,,0.0,,,0.0,0.0,,,
_DSC2689.tif,3,3,6,0.0,,,0.0,,,0.0,0.0,,,
_DSC2690.tif,1,1,1,0.0,,,,,0.0,,,,0.0,0.0
_DSC2690.tif,1,1,2,1.0,,,,,1.0,,,,1.0,
_DSC2690.tif,1,1,3,0.0,,,,,0.0,,,,0.0,0.0
_DSC2690.tif,1,1,4,0.0,,,,,0.0,,,,0.0,0.0
_DSC2690.tif,1,1,5,0.0,,,,,0.0,,,,0.0,0.0
_DSC2690.tif,1,1,6,0.0,,,,,0.0,,,,0.0,0.0
_DSC2690.tif,1,3,1,0.0,,,,,0.0,,,,0.0,0.0
_DSC2690.tif,1,3,2,0.0,,,,,0.0,,,,0.0,0.0
_DSC2690.tif,1,3,3,0.0,,,,,0.0,,,,0.0,0.0
_DSC2690.tif,1,3,4,1.0,,,,,1.0,,,,1.0,1.0
_DSC2690.tif,1,3,5,0.0,,,,,0.0,,,,0.0,0.0
_DSC2690.tif,1,3,6,0.0,,,,,0.0,,,,0.0,0.0
_DSC2690.tif,2,2,1,0.0,,,,,0.0,,,,0.0,0.0
_DSC2690.tif,2,2,2,0.0,,,,,0.0,,,,0.0,0.0
_DSC2690.tif,2,2,3,0.0,,,,,0.0,,,,0.0,0.0
_DSC2690.tif,2,2,4,0.0,,,,,0.0,,,,0.0,0.0
_DSC2690.tif,2,2,5,0.0,,,,,0.0,,,,0.0,0.0
_DSC2690.tif,2,2,6,0.0,,,,,0.0,,,,0.0,0.0
_DSC2690.tif,3,1,1,0.0,,,,,0.0,,,,0.0,0.0
_DSC2690.tif,3,1,2,0.0,,,,,0.0,,,,0.0,0.0
_DSC2690.tif,3,1,3,0.0,,,,,0.0,,,,0.0,0.0
_DSC2690.tif,3,1,4,0.0,,,,,0.0,,,,0.0,0.0
_DSC2690.tif,3,1,5,2.0,,,,,2.0,,,,1.0,2.0
_DSC2690.tif,3,1,6,2.0,,,,,2.0,,,,2.0,2.0
_DSC2690.tif,3,3,1,1.0,,,,,1.0,,,,1.0,1.0
_DSC2690.tif,3,3,2,0.0,,,,,1.0,,,,0.0,0.0
_DSC2690.tif,3,3,3,0.0,,,,,1.0,,,,0.0,0.0
_DSC2690.tif,3,3,4,1.0,,,,,1.0,,,,1.0,0.0
_DSC2690.tif,3,3,5,0.0,,,,,0.0,,,,0.0,0.0
_DSC2690.tif,3,3,6,2.0,,,,,0.0,,,,2.0,2.0
_DSC2691.tif,1,1,1,3.0,,3.0,,,,2.0,3.0,,,
_DSC2691.tif,1,1,2,2.0,,3.0,,,,1.0,2.0,,,
_DSC2691.tif,1,1,3,0.0,,0.0,,,,0.0,0.0,,,
_DSC2691.tif,1,1,4,0.0,,0.0,,,,0.0,0.0,,,
_DSC2691.tif,1,1,5,0.0,,0.0,,,,0.0,0.0,,,
_DSC2691.tif,1,1,6,0.0,,0.0,,,,0.0,0.0,,,
_DSC2691.tif,1,3,1,0.0,,0.0,,,,0.0,0.0,,,
_DSC2691.tif,1,3,2,1.0,,1.0,,,,1.0,0.0,,,
_DSC2691.tif,1,3,3,0.0,,1.0,,,,0.0,0.0,,,
_DSC2691.tif,1,3,4,0.0,,0.0,,,,0.0,0.0,,,
_DSC2691.tif,1,3,5,0.0,,0.0,,,,0.0,0.0,,,
_DSC2691.tif,1,3,6,0.0,,0.0,,,,0.0,0.0,,,
_DSC2691.tif,2,2,1,0.0,,0.0,,,,0.0,0.0,,,
_DSC2691.tif,2,2,2,0.0,,0.0,,,,0.0,0.0,,,
_DSC2691.tif,2,2,3,1.0,,1.0,,,,1.0,0.0,,,
_DSC2691.tif,2,2,4,1.0,,3.0,,,,1.0,0.0,,,
_DSC2691.tif,2,2,5,0.0,,0.0,,,,0.0,0.0,,,
_DSC2691.tif,2,2,6,0.0,,0.0,,,,0.0,0.0,,,
_DSC2691.tif,3,1,1,0.0,,0.0,,,,0.0,0.0,,,
_DSC2691.tif,3,1,2,0.0,,0.0,,,,0.0,0.0,,,
_DSC2691.tif,3,1,3,0.0,,0.0,,,,0.0,0.0,,,
_DSC2691.tif,3,1,4,1.0,,1.0,,,,1.0,0.0,,,
_DSC2691.tif,3,1,5,1.0,,1.0,,,,1.0,0.0,,,
_DSC2691.tif,3,1,6,0.0,,,,,,0.0,0.0,,,
_DSC2691.tif,3,3,1,0.0,,0.0,,,,0.0,0.0,,,
_DSC2691.tif,3,3,2,0.0,,0.0,,,,0.0,0.0,,,
_DSC2691.tif,3,3,3,0.0,,0.0,,,,0.0,0.0,,,
_DSC2691.tif,3,3,4,0.0,,0.0,,,,0.0,0.0,,,
_DSC2691.tif,3,3,5,3.0,,3.0,,,,3.0,3.0,,,
_DSC2691.tif,3,3,6,4.0,,4.0,,,,4.0,4.0,,,
_DSC2692.tif,1,1,1,2.0,,,,,2.0,,,,3.0,2.0
_DSC2692.tif,1,1,2,0.0,,,,,0.0,,,,0.0,0.0
_DSC2692.tif,1,1,3,0.0,,,,,0.0,,,,0.0,0.0
_DSC2692.tif,1,1,4,0.0,,,,,0.0,,,,0.0,0.0
_DSC2692.tif,1,1,5,0.0,,,,,0.0,,,,0.0,0.0
_DSC2692.tif,1,1,6,3.0,,,,,2.0,,,,3.0,3.0
_DSC2692.tif,1,3,1,1.0,,,,,1.0,,,,1.0,0.0
_DSC2692.tif,1,3,2,0.0,,,,,1.0,,,,0.0,0.0
_DSC2692.tif,1,3,3,0.0,,,,,0.0,,,,0.0,0.0
_DSC2692.tif,1,3,4,0.0,,,,,0.0,,,,0.0,0.0
_DSC2692.tif,1,3,5,0.0,,,,,0.0,,,,0.0,0.0
_DSC2692.tif,1,3,6,0.0,,,,,0.0,,,,0.0,0.0
_DSC2692.tif,2,2,1,0.0,,,,,0.0,,,,0.0,0.0
_DSC2692.tif,2,2,2,0.0,,,,,0.0,,,,0.0,0.0
_DSC2692.tif,2,2,3,0.0,,,,,0.0,,,,0.0,0.0
_DSC2692.tif,2,2,4,0.0,,,,,0.0,,,,0.0,0.0
_DSC2692.tif,2,2,5,0.0,,,,,0.0,,,,0.0,0.0
_DSC2692.tif,2,2,6,0.0,,,,,0.0,,,,0.0,0.0
_DSC2692.tif,3,1,1,0.0,,,,,0.0,,,,0.0,0.0
_DSC2692.tif,3,1,2,0.0,,,,,0.0,,,,0.0,0.0
_DSC2692.tif,3,1,3,3.0,,,,,2.0,,,,3.0,3.0
_DSC2692.tif,3,1,4,3.0,,,,,2.0,,,,3.0,3.0
_DSC2692.tif,3,1,5,0.0,,,,,0.0,,,,0.0,0.0
_DSC2692.tif,3,1,6,0.0,,,,,0.0,,,,0.0,0.0
_DSC2692.tif,3,3,1,0.0,,,,,0.0,,,,0.0,0.0
_DSC2692.tif,3,3,2,0.0,,,,,0.0,,,,0.0,0.0
_DSC2692.tif,3,3,3,0.0,,,,,0.0,,,,0.0,0.0
_DSC2692.tif,3,3,4,1.0,,,,,1.0,,,,0.0,1.0
_DSC2692.tif,3,3,5,1.0,,,,,1.0,,,,1.0,1.0
_DSC2692.tif,3,3,6,0.0,,,,,0.0,,,,0.0,0.0
_DSC3040.TIF,1,1,1,3.0,,,,3.0,3.0,,,,,3.0
_DSC3040.TIF,1,1,2,1.0,,,,1.0,2.0,,,,,0.0
_DSC3040.TIF,1,1,3,0.0,,,,0.0,0.0,,,,,0.0
_DSC3040.TIF,1,1,4,1.0,,,,1.0,1.0,,,,,0.0
_DSC3040.TIF,1,1,5,1.0,,,,1.0,1.0,,,,,0.0
_DSC3040.TIF,1,2,1,4.0,,,,4.0,4.0,,,,,3.0
_DSC3040.TIF,1,2,2,0.0,,,,0.0,0.0,,,,,0.0
_DSC3040.TIF,1,2,3,0.0,,,,0.0,0.0,,,,,0.0
_DSC3040.TIF,1,2,4,2.0,,,,2.0,3.0,,,,,2.0
_DSC3040.TIF,1,2,5,4.0,,,,4.0,5.0,,,,,4.0
_DSC3040.TIF,1,2,6,2.0,,,,2.0,2.0,,,,,1.0
_DSC3040.TIF,2,1,1,0.0,,,,0.0,0.0,,,,,
_DSC3040.TIF,2,1,2,3.0,,,,3.0,3.0,,,,,1.0
_DSC3040.TIF,2,1,3,4.0,,,,4.0,4.0,,,,,4.0
_DSC3040.TIF,2,1,4,1.0,,,,1.0,3.0,,,,,0.0
_DSC3040.TIF,2,1,5,0.0,,,,0.0,0.0,,,,,0.0
_DSC3040.TIF,2,1,6,2.0,,,,2.0,2.0,,,,,1.0
_DSC3040.TIF,2,2,1,0.0,,,,0.0,0.0,,,,,0.0
_DSC3040.TIF,2,2,2,3.0,,,,3.0,3.0,,,,,3.0
_DSC3040.TIF,2,2,3,1.0,,,,1.0,3.0,,,,,0.0
_DSC3040.TIF,2,2,4,5.0,,,,5.0,6.0,,,,,5.0
_DSC3040.TIF,2,2,5,0.0,,,,0.0,0.0,,,,,0.0
_DSC3040.TIF,2,2,6,4.0,,,,4.0,5.0,,,,,4.0
_DSC3040.TIF,3,1,1,5.0,,,,5.0,5.0,,,,,6.0
_DSC3040.TIF,3,1,2,1.0,,,,1.0,2.0,,,,,1.0
_DSC3040.TIF,3,1,3,0.0,,,,0.0,1.0,,,,,0.0
_DSC3040.TIF,3,1,4,4.0,,,,4.0,4.0,,,,,4.0
_DSC3040.TIF,3,1,5,0.0,,,,0.0,0.0,,,,,0.0
_DSC3040.TIF,3,1,6,4.0,,,,4.0,4.0,,,,,4.0
_DSC3040.TIF,3,2,2,1.0,,,,1.0,2.0,,,,,1.0
_DSC3040.TIF,3,2,3,0.0,,,,0.0,0.0,,,,,0.0
_DSC3040.TIF,3,2,4,0.0,,,,0.0,1.0,,,,,0.0
_DSC3040.TIF,3,2,5,3.0,,,,3.0,3.0,,,,,3.0
_DSC3040.TIF,3,2,6,5.0,,,,4.0,5.0,,,,,5.0
_DSC3041.TIF,1,1,1,2.0,,,,,2.0,,,,3.0,2.0
_DSC3041.TIF,1,1,2,2.0,,,,,2.0,,,,3.0,2.0
_DSC3041.TIF,1,1,3,3.0,,,,,3.0,,,,3.0,3.0
_DSC3041.TIF,1,1,4,0.0,,,,,0.0,,,,0.0,0.0
_DSC3041.TIF,1,1,5,0.0,,,,,0.0,,,,0.0,0.0
_DSC3041.TIF,1,1,6,0.0,,,,,1.0,,,,0.0,0.0
_DSC3041.TIF,1,2,1,0.0,,,,,0.0,,,,0.0,0.0
_DSC3041.TIF,1,2,2,1.0,,,,,2.0,,,,1.0,1.0
_DSC3041.TIF,1,2,3,3.0,,,,,3.0,,,,3.0,3.0
_DSC3041.TIF,1,2,4,0.0,,,,,0.0,,,,0.0,0.0
_DSC3041.TIF,1,2,5,0.0,,,,,0.0,,,,0.0,0.0
_DSC3041.TIF,1,2,6,0.0,,,,,0.0,,,,0.0,0.0
_DSC3041.TIF,2,1,1,1.0,,,,,1.0,,,,1.0,1.0
_DSC3041.TIF,2,1,2,0.0,,,,,0.0,,,,0.0,0.0
_DSC3041.TIF,2,1,3,0.0,,,,,0.0,,,,0.0,0.0
_DSC3041.TIF,2,1,4,1.0,,,,,2.0,,,,1.0,0.0
_DSC3041.TIF,2,1,5,0.0,,,,,0.0,,,,0.0,
_DSC3041.TIF,2,1,6,5.0,,,,,5.0,,,,6.0,5.0
_DSC3041.TIF,2,2,1,1.0,,,,,1.0,,,,1.0,0.0
_DSC3041.TIF,2,2,2,0.0,,,,,0.0,,,,0.0,0.0
_DSC3041.TIF,2,2,3,0.0,,,,,0.0,,,,0.0,0.0
_DSC3041.TIF,2,2,4,0.0,,,,,0.0,,,,0.0,0.0
_DSC3041.TIF,2,2,5,3.0,,,,,3.0,,,,4.0,3.0
_DSC3041.TIF,2,2,6,0.0,,,,,0.0,,,,0.0,0.0
_DSC3041.TIF,3,1,1,3.0,,,,,3.0,,,,2.0,3.0
_DSC3041.TIF,3,1,2,4.0,,,,,4.0,,,,3.0,4.0
_DSC3041.TIF,3,1,3,4.0,,,,,5.0,,,,4.0,4.0
_DSC3041.TIF,3,1,4,0.0,,,,,,,,,0.0,0.0
_DSC3041.TIF,3,1,5,3.0,,,,,3.0,,,,4.0,3.0
_DSC3041.TIF,3,1,6,0.0,,,,,0.0,,,,0.0,0.0
_DSC3041.TIF,3,2,1,0.0,,,,,0.0,,,,0.0,0.0
_DSC3041.TIF,3,2,2,6.0,,,,,6.0,,,,6.0,6.0
_DSC3041.TIF,3,2,3,0.0,,,,,1.0,,,,0.0,0.0
_DSC3041.TIF,3,2,4,3.0,,,,,3.0,,,,3.0,3.0
_DSC3041.TIF,3,2,5,1.0,,,,,2.0,,,,1.0,1.0
_DSC3041.TIF,3,2,6,0.0,,,,,0.0,,,,0.0,0.0
_DSC3042.TIF,1,1,1,2.0,,,4.0,,,,2.0,2.0,,
_DSC3042.TIF,1,1,2,0.0,,,0.0,,,,0.0,0.0,,
_DSC3042.TIF,1,1,3,0.0,,,0.0,,,,0.0,0.0,,
_DSC3042.TIF,1,1,4,2.0,,,2.0,,,,2.0,2.0,,
_DSC3042.TIF,1,1,5,5.0,,,5.0,,,,4.0,5.0,,
_DSC3042.TIF,1,1,6,4.0,,,,,,,4.0,4.0,,
_DSC3042.TIF,1,3,1,3.0,,,4.0,,,,3.0,3.0,,
_DSC3042.TIF,1,3,2,0.0,,,0.0,,,,0.0,0.0,,
_DSC3042.TIF,1,3,3,2.0,,,2.0,,,,2.0,2.0,,
_DSC3042.TIF,1,3,4,0.0,,,0.0,,,,0.0,0.0,,
_DSC3042.TIF,1,3,5,0.0,,,0.0,,,,0.0,0.0,,
_DSC3042.TIF,1,3,6,5.0,,,5.0,,,,5.0,6.0,,
_DSC3042.TIF,2,2,1,6.0,,,6.0,,,,5.0,6.0,,
_DSC3042.TIF,2,2,2,1.0,,,1.0,,,,1.0,1.0,,
_DSC3042.TIF,2,2,3,0.0,,,0.0,,,,0.0,0.0,,
_DSC3042.TIF,2,2,4,1.0,,,3.0,,,,1.0,1.0,,
_DSC3042.TIF,2,2,5,2.0,,,3.0,,,,2.0,2.0,,
_DSC3042.TIF,2,2,6,0.0,,,0.0,,,,0.0,0.0,,
_DSC3042.TIF,3,1,1,3.0,,,3.0,,,,2.0,3.0,,
_DSC3042.TIF,3,1,2,6.0,,,6.0,,,,6.0,6.0,,
_DSC3042.TIF,3,1,4,0.0,,,0.0,,,,0.0,0.0,,
_DSC3042.TIF,3,1,5,0.0,,,0.0,,,,0.0,0.0,,
_DSC3042.TIF,3,1,6,3.0,,,3.0,,,,2.0,3.0,,
_DSC3042.TIF,3,3,1,5.0,,,5.0,,,,4.0,6.0,,
_DSC3042.TIF,3,3,2,1.0,,,1.0,,,,1.0,1.0,,
_DSC3042.TIF,3,3,3,0.0,,,0.0,,,,0.0,0.0,,
_DSC3042.TIF,3,3,4,0.0,,,1.0,,,,0.0,0.0,,
_DSC3042.TIF,3,3,5,0.0,,,0.0,,,,0.0,0.0,,
_DSC3042.TIF,3,3,6,0.0,,,0.0,,,,0.0,0.0,,
_DSC3043.TIF,1,1,1,2.0,,,,3.0,,,,2.0,,2.0
_DSC3043.TIF,1,1,2,2.0,,,,3.0,,,,2.0,,2.0
_DSC3043.TIF,1,1,4,0.0,,,,0.0,,,,0.0,,0.0
_DSC3043.TIF,1,1,5,6.0,,,,6.0,,,,6.0,,6.0
_DSC3043.TIF,1,1,6,0.0,,,,0.0,,,,0.0,,0.0
_DSC3043.TIF,1,2,1,0.0,,,,0.0,,,,0.0,,0.0
_DSC3043.TIF,1,2,2,1.0,,,,1.0,,,,1.0,,1.0
_DSC3043.TIF,1,2,3,3.0,,,,4.0,,,,3.0,,3.0
_DSC3043.TIF,1,2,4,0.0,,,,0.0,,,,0.0,,0.0
_DSC3043.TIF,1,2,5,1.0,,,,1.0,,,,1.0,,1.0
_DSC3043.TIF,1,2,6,4.0,,,,4.0,,,,3.0,,4.0
_DSC3043.TIF,2,1,1,0.0,,,,0.0,,,,0.0,,
_DSC3043.TIF,2,1,2,1.0,,,,1.0,,,,0.0,,1.0
_DSC3043.TIF,2,1,3,1.0,,,,1.0,,,,0.0,,1.0
_DSC3043.TIF,2,1,4,0.0,,,,0.0,,,,0.0,,0.0
_DSC3043.TIF,2,1,5,0.0,,,,0.0,,,,0.0,,0.0
_DSC3043.TIF,2,1,6,6.0,,,,6.0,,,,6.0,,5.0
_DSC3043.TIF,2,2,1,0.0,,,,0.0,,,,0.0,,0.0
_DSC3043.TIF,2,2,2,3.0,,,,3.0,,,,2.0,,3.0
_DSC3043.TIF,2,2,3,1.0,,,,1.0,,,,1.0,,0.0
_DSC3043.TIF,2,2,4,0.0,,,,0.0,,,,0.0,,0.0
_DSC3043.TIF,2,2,5,6.0,,,,6.0,,,,6.0,,5.0
_DSC3043.TIF,2,2,6,1.0,,,,2.0,,,,1.0,,1.0
_DSC3043.TIF,3,1,1,6.0,,,,5.0,,,,6.0,,6.0
_DSC3043.TIF,3,1,2,1.0,,,,1.0,,,,1.0,,1.0
_DSC3043.TIF,3,1,4,0.0,,,,0.0,,,,0.0,,0.0
_DSC3043.TIF,3,1,5,1.0,,,,1.0,,,,1.0,,
_DSC3043.TIF,3,1,6,2.0,,,,2.0,,,,1.0,,2.0
_DSC3043.TIF,3,2,1,3.0,,,,4.0,,,,3.0,,3.0
_DSC3043.TIF,3,2,2,0.0,,,,0.0,,,,0.0,,0.0
_DSC3043.TIF,3,2,3,2.0,,,,1.0,,,,2.0,,2.0
_DSC3043.TIF,3,2,4,4.0,,,,5.0,,,,4.0,,4.0
_DSC3043.TIF,3,2,5,0.0,,,,0.0,,,,0.0,,0.0
_DSC3043.TIF,3,2,6,1.0,,,,1.0,,,,1.0,,1.0
_DSC3044.TIF,1,1,1,1.0,,,,2.0,,,,1.0,,1.0
_DSC3044.TIF,1,1,2,2.0,,,,2.0,,,,1.0,,2.0
_DSC3044.TIF,1,1,3,0.0,,,,0.0,,,,1.0,,0.0
_DSC3044.TIF,1,1,4,2.0,,,,2.0,,,,2.0,,1.0
_DSC3044.TIF,1,1,5,0.0,,,,0.0,,,,0.0,,0.0
_DSC3044.TIF,1,1,6,5.0,,,,5.0,,,,6.0,,5.0
_DSC3044.TIF,1,3,1,4.0,,,,4.0,,,,5.0,,4.0
_DSC3044.TIF,1,3,2,2.0,,,,3.0,,,,1.0,,2.0
_DSC3044.TIF,1,3,4,5.0,,,,5.0,,,,6.0,,4.0
_DSC3044.TIF,1,3,5,4.0,,,,4.0,,,,4.0,,4.0
_DSC3044.TIF,1,3,6,4.0,,,,4.0,,,,4.0,,4.0
_DSC3044.TIF,2,2,1,4.0,,,,4.0,,,,5.0,,4.0
_DSC3044.TIF,2,2,2,0.0,,,,0.0,,,,0.0,,0.0
_DSC3044.TIF,2,2,3,2.0,,,,2.0,,,,3.0,,2.0
_DSC3044.TIF,2,2,4,1.0,,,,1.0,,,,1.0,,1.0
_DSC3044.TIF,2,2,5,0.0,,,,0.0,,,,0.0,,0.0
_DSC3044.TIF,2,2,6,1.0,,,,2.0,,,,1.0,,1.0
_DSC3044.TIF,3,1,2,5.0,,,,4.0,,,,6.0,,5.0
_DSC3044.TIF,3,1,3,1.0,,,,1.0,,,,0.0,,1.0
_DSC3044.TIF,3,1,4,3.0,,,,3.0,,,,3.0,,3.0
_DSC3044.TIF,3,1,5,1.0,,,,1.0,,,,0.0,,1.0
_DSC3044.TIF,3,1,6,2.0,,,,3.0,,,,1.0,,2.0
_DSC3044.TIF,3,3,1,3.0,,,,3.0,,,,1.0,,3.0
_DSC3044.TIF,3,3,2,0.0,,,,0.0,,,,0.0,,0.0
_DSC3044.TIF,3,3,3,3.0,,,,3.0,,,,3.0,,3.0
_DSC3044.TIF,3,3,4,5.0,,,,6.0,,,,5.0,,5.0
_DSC3044.TIF,3,3,5,2.0,,,,2.0,,,,1.0,,2.0
_DSC3044.TIF,3,3,6,0.0,,,,,,,,0.0,,0.0
_DSC3535.TIF,1,2,1,4.0,,,,,4.0,,,,4.0,3.0
_DSC3535.TIF,1,2,2,3.0,,,,,3.0,,,,2.0,3.0
_DSC3535.TIF,1,2,3,0.0,,,,,0.0,,,,0.0,0.0
_DSC3535.TIF,1,2,4,0.0,,,,,0.0,,,,0.0,0.0
_DSC3535.TIF,1,2,5,0.0,,,,,0.0,,,,0.0,0.0
_DSC3535.TIF,1,2,6,4.0,,,,,4.0,,,,4.0,3.0
_DSC3535.TIF,2,1,1,5.0,,,,,5.0,,,,5.0,4.0
_DSC3535.TIF,2,1,2,4.0,,,,,4.0,,,,4.0,3.0
_DSC3535.TIF,2,1,3,0.0,,,,,0.0,,,,0.0,0.0
_DSC3535.TIF,2,1,4,0.0,,,,,0.0,,,,0.0,0.0
_DSC3535.TIF,2,1,5,1.0,,,,,1.0,,,,1.0,2.0
_DSC3535.TIF,2,1,6,1.0,,,,,1.0,,,,1.0,2.0
_DSC3535.TIF,2,3,1,0.0,,,,,0.0,,,,0.0,0.0
_DSC3535.TIF,2,3,2,5.0,,,,,5.0,,,,5.0,5.0
_DSC3535.TIF,2,3,3,3.0,,,,,3.0,,,,1.0,3.0
_DSC3535.TIF,2,3,4,3.0,,,,,3.0,,,,3.0,3.0
_DSC3535.TIF,2,3,5,0.0,,,,,0.0,,,,0.0,0.0
_DSC3535.TIF,2,3,6,1.0,,,,,1.0,,,,0.0,1.0
_DSC3535.TIF,3,1,1,0.0,,,,,0.0,,,,0.0,0.0
_DSC3535.TIF,3,1,2,3.0,,,,,3.0,,,,3.0,3.0
_DSC3535.TIF,3,1,3,3.0,,,,,3.0,,,,2.0,3.0
_DSC3535.TIF,3,1,4,4.0,,,,,4.0,,,,4.0,4.0
_DSC3535.TIF,3,1,5,0.0,,,,,0.0,,,,0.0,0.0
_DSC3535.TIF,3,1,6,1.0,,,,,1.0,,,,1.0,2.0
_DSC3535.TIF,3,3,1,0.0,,,,,0.0,,,,0.0,0.0
_DSC3535.TIF,3,3,2,3.0,,,,,3.0,,,,2.0,3.0
_DSC3535.TIF,3,3,3,4.0,,,,,4.0,,,,3.0,4.0
_DSC3535.TIF,3,3,4,2.0,,,,,2.0,,,,1.0,2.0
_DSC3535.TIF,3,3,5,4.0,,,,,4.0,,,,4.0,4.0
_DSC3535.TIF,3,3,6,2.0,,,,,2.0,,,,2.0,2.0
_DSC3536.TIF,1,2,1,2.0,,,,2.0,3.0,,,,,2.0
_DSC3536.TIF,1,2,2,4.0,,,,4.0,4.0,,,,,3.0
_DSC3536.TIF,1,2,3,0.0,,,,0.0,1.0,,,,,0.0
_DSC3536.TIF,1,2,4,0.0,,,,0.0,0.0,,,,,0.0
_DSC3536.TIF,1,2,5,1.0,,,,1.0,1.0,,,,,0.0
_DSC3536.TIF,1,2,6,6.0,,,,6.0,6.0,,,,,5.0
_DSC3536.TIF,2,1,1,4.0,,,,4.0,4.0,,,,,4.0
_DSC3536.TIF,2,1,2,0.0,,,,0.0,0.0,,,,,0.0
_DSC3536.TIF,2,1,3,0.0,,,,0.0,0.0,,,,,0.0
_DSC3536.TIF,2,1,4,5.0,,,,4.0,5.0,,,,,5.0
_DSC3536.TIF,2,1,5,3.0,,,,3.0,2.0,,,,,3.0
_DSC3536.TIF,2,1,6,4.0,,,,4.0,4.0,,,,,3.0
_DSC3536.TIF,2,3,1,2.0,,,,2.0,2.0,,,,,2.0
_DSC3536.TIF,2,3,2,4.0,,,,4.0,4.0,,,,,4.0
_DSC3536.TIF,2,3,3,4.0,,,,4.0,4.0,,,,,5.0
_DSC3536.TIF,2,3,4,0.0,,,,0.0,1.0,,,,,0.0
_DSC3536.TIF,2,3,5,1.0,,,,1.0,2.0,,,,,1.0
_DSC3536.TIF,2,3,6,0.0,,,,0.0,0.0,,,,,0.0
_DSC3536.TIF,3,1,1,2.0,,,,2.0,2.0,,,,,2.0
_DSC3536.TIF,3,1,2,4.0,,,,4.0,4.0,,,,,4.0
_DSC3536.TIF,3,1,3,1.0,,,,1.0,1.0,,,,,1.0
_DSC3536.TIF,3,1,4,5.0,,,,4.0,5.0,,,,,5.0
_DSC3536.TIF,3,1,5,0.0,,,,0.0,0.0,,,,,0.0
_DSC3536.TIF,3,1,6,0.0,,,,0.0,0.0,,,,,0.0
_DSC3536.TIF,3,3,2,3.0,,,,3.0,2.0,,,,,3.0
_DSC3536.TIF,3,3,3,0.0,,,,0.0,0.0,,,,,0.0
_DSC3536.TIF,3,3,4,0.0,,,,0.0,0.0,,,,,0.0
_DSC3536.TIF,3,3,5,0.0,,,,0.0,1.0,,,,,0.0
_DSC3536.TIF,3,3,6,4.0,,,,4.0,5.0,,,,,4.0
_DSC3537.TIF,1,2,1,3.0,,3.0,,,,3.0,2.0,,,
_DSC3537.TIF,1,2,2,0.0,,0.0,,,,0.0,0.0,,,
_DSC3537.TIF,1,2,3,1.0,,3.0,,,,1.0,1.0,,,
_DSC3537.TIF,1,2,4,0.0,,0.0,,,,0.0,0.0,,,
_DSC3537.TIF,1,2,5,4.0,,4.0,,,,4.0,4.0,,,
_DSC3537.TIF,1,2,6,5.0,,5.0,,,,4.0,6.0,,,
_DSC3537.TIF,2,1,1,2.0,,4.0,,,,2.0,2.0,,,
_DSC3537.TIF,2,1,2,5.0,,5.0,,,,5.0,4.0,,,
_DSC3537.TIF,2,1,3,0.0,,1.0,,,,0.0,0.0,,,
_DSC3537.TIF,2,1,4,3.0,,4.0,,,,3.0,3.0,,,
_DSC3537.TIF,2,1,5,0.0,,1.0,,,,0.0,0.0,,,
_DSC3537.TIF,2,1,6,0.0,,1.0,,,,0.0,0.0,,,
_DSC3537.TIF,2,3,1,1.0,,1.0,,,,2.0,1.0,,,
_DSC3537.TIF,2,3,2,5.0,,6.0,,,,5.0,5.0,,,
_DSC3537.TIF,2,3,3,2.0,,3.0,,,,2.0,0.0,,,
_DSC3537.TIF,2,3,4,2.0,,3.0,,,,2.0,1.0,,,
_DSC3537.TIF,2,3,5,0.0,,0.0,,,,0.0,0.0,,,
_DSC3537.TIF,2,3,6,0.0,,0.0,,,,0.0,0.0,,,
_DSC3537.TIF,3,1,1,3.0,,3.0,,,,3.0,4.0,,,
_DSC3537.TIF,3,1,2,0.0,,0.0,,,,0.0,0.0,,,
_DSC3537.TIF,3,1,3,1.0,,1.0,,,,1.0,0.0,,,
_DSC3537.TIF,3,1,4,3.0,,4.0,,,,3.0,3.0,,,
_DSC3537.TIF,3,1,5,0.0,,0.0,,,,0.0,0.0,,,
_DSC3537.TIF,3,1,6,6.0,,6.0,,,,6.0,6.0,,,
_DSC3537.TIF,3,3,1,4.0,,4.0,,,,4.0,5.0,,,
_DSC3537.TIF,3,3,2,0.0,,0.0,,,,0.0,0.0,,,
_DSC3537.TIF,3,3,3,0.0,,0.0,,,,0.0,0.0,,,
_DSC3537.TIF,3,3,4,2.0,,2.0,,,,2.0,2.0,,,
_DSC3537.TIF,3,3,5,2.0,,2.0,,,,2.0,1.0,,,
_DSC3537.TIF,3,3,6,4.0,,4.0,,,,4.0,4.0,,,
_DSC3538.TIF,1,2,1,1.0,,3.0,,,1.0,,,,1.0,
_DSC3538.TIF,1,2,3,2.0,,3.0,,,2.0,,,,1.0,
_DSC3538.TIF,1,2,4,0.0,,0.0,,,0.0,,,,0.0,
_DSC3538.TIF,1,2,5,4.0,,4.0,,,4.0,,,,4.0,
_DSC3538.TIF,1,2,6,4.0,,4.0,,,5.0,,,,4.0,
_DSC3538.TIF,2,1,1,0.0,,0.0,,,0.0,,,,0.0,
_DSC3538.TIF,2,1,2,1.0,,1.0,,,1.0,,,,0.0,
_DSC3538.TIF,2,1,3,0.0,,0.0,,,0.0,,,,0.0,
_DSC3538.TIF,2,1,4,0.0,,0.0,,,0.0,,,,0.0,
_DSC3538.TIF,2,1,5,5.0,,5.0,,,5.0,,,,5.0,
_DSC3538.TIF,2,1,6,4.0,,4.0,,,4.0,,,,6.0,
_DSC3538.TIF,2,3,1,5.0,,5.0,,,4.0,,,,6.0,
_DSC3538.TIF,2,3,2,3.0,,3.0,,,3.0,,,,2.0,
_DSC3538.TIF,2,3,3,0.0,,0.0,,,0.0,,,,0.0,
_DSC3538.TIF,2,3,4,0.0,,0.0,,,0.0,,,,0.0,
_DSC3538.TIF,2,3,5,6.0,,6.0,,,5.0,,,,6.0,
_DSC3538.TIF,2,3,6,0.0,,0.0,,,0.0,,,,0.0,
_DSC3538.TIF,3,1,1,0.0,,0.0,,,0.0,,,,0.0,
_DSC3538.TIF,3,1,2,2.0,,1.0,,,2.0,,,,2.0,
_DSC3538.TIF,3,1,3,0.0,,0.0,,,0.0,,,,0.0,
_DSC3538.TIF,3,1,4,1.0,,1.0,,,1.0,,,,1.0,
_DSC3538.TIF,3,1,5,0.0,,0.0,,,0.0,,,,0.0,
_DSC3538.TIF,3,1,6,6.0,,6.0,,,5.0,,,,6.0,
_DSC3538.TIF,3,3,1,0.0,,0.0,,,0.0,,,,0.0,
_DSC3538.TIF,3,3,2,4.0,,4.0,,,4.0,,,,3.0,
_DSC3538.TIF,3,3,3,2.0,,2.0,,,2.0,,,,2.0,
_DSC3538.TIF,3,3,4,4.0,,4.0,,,4.0,,,,4.0,
_DSC3538.TIF,3,3,5,2.0,,3.0,,,2.0,,,,1.0,
_DSC3538.TIF,3,3,6,0.0,,0.0,,,0.0,,,,0.0,
_DSC7359.tif,1,1,1,4.0,,4.0,,,,4.0,4.0,,,
_DSC7359.tif,1,1,2,0.0,,0.0,,,,0.0,0.0,,,
_DSC7359.tif,1,1,3,0.0,,0.0,,,,0.0,0.0,,,
_DSC7359.tif,1,1,4,3.0,,3.0,,,,3.0,3.0,,,
_DSC7359.tif,1,1,5,5.0,,5.0,,,,5.0,5.0,,,
_DSC7359.tif,1,1,6,0.0,,0.0,,,,0.0,0.0,,,
_DSC7359.tif,1,2,1,0.0,,0.0,,,,0.0,0.0,,,
_DSC7359.tif,1,2,2,3.0,,3.0,,,,3.0,3.0,,,
_DSC7359.tif,1,2,3,0.0,,0.0,,,,0.0,0.0,,,
_DSC7359.tif,1,2,4,0.0,,,,,,0.0,0.0,,,
_DSC7359.tif,1,2,5,4.0,,4.0,,,,4.0,4.0,,,
_DSC7359.tif,1,2,6,5.0,,4.0,,,,5.0,5.0,,,
_DSC7359.tif,1,3,1,4.0,,3.0,,,,4.0,4.0,,,
_DSC7359.tif,1,3,2,0.0,,0.0,,,,0.0,0.0,,,
_DSC7359.tif,1,3,3,0.0,,1.0,,,,0.0,0.0,,,
_DSC7359.tif,1,3,4,0.0,,0.0,,,,0.0,0.0,,,
_DSC7359.tif,1,3,5,0.0,,0.0,,,,0.0,0.0,,,
_DSC7359.tif,1,3,6,4.0,,3.0,,,,4.0,4.0,,,
_DSC7359.tif,1,4,1,4.0,,3.0,,,,4.0,4.0,,,
_DSC7359.tif,1,4,2,4.0,,4.0,,,,2.0,4.0,,,
_DSC7359.tif,1,4,3,0.0,,0.0,,,,0.0,0.0,,,
_DSC7359.tif,1,4,4,0.0,,1.0,,,,0.0,0.0,,,
_DSC7359.tif,1,4,5,0.0,,1.0,,,,0.0,0.0,,,
_DSC7359.tif,1,4,6,0.0,,0.0,,,,0.0,0.0,,,
_DSC7359.tif,1,5,1,0.0,,0.0,,,,0.0,0.0,,,
_DSC7359.tif,1,5,2,5.0,,4.0,,,,5.0,5.0,,,
_DSC7359.tif,1,5,3,3.0,,3.0,,,,3.0,3.0,,,
_DSC7359.tif,1,5,4,0.0,,0.0,,,,0.0,0.0,,,
_DSC7359.tif,1,5,5,3.0,,3.0,,,,4.0,3.0,,,
_DSC7359.tif,1,5,6,0.0,,0.0,,,,0.0,0.0,,,
_DSC7359.tif,2,1,1,0.0,,,,,,0.0,0.0,,,
_DSC7359.tif,2,1,2,0.0,,0.0,,,,0.0,0.0,,,
_DSC7359.tif,2,1,3,3.0,,3.0,,,,3.0,3.0,,,
_DSC7359.tif,2,1,4,4.0,,4.0,,,,5.0,2.0,,,
_DSC7359.tif,2,1,5,0.0,,0.0,,,,0.0,0.0,,,
_DSC7359.tif,2,1,6,4.0,,5.0,,,,4.0,4.0,,,
_DSC7359.tif,2,2,1,4.0,,4.0,,,,4.0,4.0,,,
_DSC7359.tif,2,2,2,0.0,,1.0,,,,0.0,0.0,,,
_DSC7359.tif,2,2,3,0.0,,1.0,,,,0.0,0.0,,,
_DSC7359.tif,2,2,4,3.0,,3.0,,,,3.0,3.0,,,
_DSC7359.tif,2,2,5,5.0,,5.0,,,,5.0,6.0,,,
_DSC7359.tif,2,2,6,0.0,,,,,,0.0,0.0,,,
_DSC7359.tif,2,3,1,0.0,,,,,,0.0,0.0,,,
_DSC7359.tif,2,3,2,2.0,,3.0,,,,1.0,2.0,,,
_DSC7359.tif,2,3,3,0.0,,0.0,,,,0.0,0.0,,,
_DSC7359.tif,2,3,4,0.0,,0.0,,,,0.0,0.0,,,
_DSC7359.tif,2,3,5,5.0,,4.0,,,,5.0,5.0,,,
_DSC7359.tif,2,3,6,5.0,,4.0,,,,5.0,5.0,,,
_DSC7359.tif,2,4,1,3.0,,3.0,,,,2.0,3.0,,,
_DSC7359.tif,2,4,2,0.0,,0.0,,,,0.0,0.0,,,
_DSC7359.tif,2,4,3,0.0,,1.0,,,,0.0,0.0,,,
_DSC7359.tif,2,4,4,0.0,,0.0,,,,0.0,0.0,,,
_DSC7359.tif,2,4,5,0.0,,0.0,,,,0.0,0.0,,,
_DSC7359.tif,2,4,6,2.0,,2.0,,,,1.0,2.0,,,
_DSC7359.tif,2,5,1,5.0,,5.0,,,,4.0,5.0,,,
_DSC7359.tif,2,5,2,5.0,,5.0,,,,5.0,5.0,,,
_DSC7359.tif,2,5,3,0.0,,0.0,,,,0.0,0.0,,,
_DSC7359.tif,2,5,4,2.0,,2.0,,,,1.0,2.0,,,
_DSC7359.tif,2,5,5,0.0,,0.0,,,,0.0,0.0,,,
_DSC7359.tif,2,5,6,0.0,,0.0,,,,0.0,0.0,,,
_DSC7360.tif,1,1,1,1.0,,,,1.0,1.0,,,,,1.0
_DSC7360.tif,1,1,2,0.0,,,,0.0,0.0,,,,,0.0
_DSC7360.tif,1,1,3,0.0,,,,0.0,0.0,,,,,0.0
_DSC7360.tif,1,1,4,0.0,,,,0.0,0.0,,,,,0.0
_DSC7360.tif,1,1,5,5.0,,,,4.0,5.0,,,,,5.0
_DSC7360.tif,1,1,6,5.0,,,,4.0,5.0,,,,,5.0
_DSC7360.tif,1,2,1,5.0,,,,5.0,5.0,,,,,5.0
_DSC7360.tif,1,2,2,0.0,,,,0.0,1.0,,,,,0.0
_DSC7360.tif,1,2,3,0.0,,,,0.0,0.0,,,,,0.0
_DSC7360.tif,1,2,4,0.0,,,,0.0,0.0,,,,,0.0
_DSC7360.tif,1,2,5,0.0,,,,0.0,0.0,,,,,0.0
_DSC7360.tif,1,2,6,4.0,,,,4.0,3.0,,,,,4.0
_DSC7360.tif,1,3,1,4.0,,,,4.0,4.0,,,,,4.0
_DSC7360.tif,1,3,2,4.0,,,,4.0,4.0,,,,,5.0
_DSC7360.tif,1,3,3,1.0,,,,1.0,1.0,,,,,1.0
_DSC7360.tif,1,3,4,0.0,,,,0.0,0.0,,,,,0.0
_DSC7360.tif,1,3,5,0.0,,,,0.0,0.0,,,,,0.0
_DSC7360.tif,1,3,6,0.0,,,,0.0,0.0,,,,,0.0
_DSC7360.tif,1,4,1,0.0,,,,1.0,0.0,,,,,0.0
_DSC7360.tif,1,4,2,5.0,,,,5.0,4.0,,,,,5.0
_DSC7360.tif,1,4,3,4.0,,,,4.0,3.0,,,,,4.0
_DSC7360.tif,1,4,4,0.0,,,,0.0,0.0,,,,,0.0
_DSC7360.tif,1,4,5,0.0,,,,0.0,0.0,,,,,0.0
_DSC7360.tif,1,4,6,0.0,,,,0.0,0.0,,,,,0.0
_DSC7360.tif,1,5,1,0.0,,,,0.0,0.0,,,,,0.0
_DSC7360.tif,1,5,2,1.0,,,,1.0,1.0,,,,,0.0
_DSC7360.tif,1,5,3,3.0,,,,3.0,3.0,,,,,4.0
_DSC7360.tif,1,5,4,3.0,,,,3.0,4.0,,,,,3.0
_DSC7360.tif,1,5,5,3.0,,,,3.0,3.0,,,,,2.0
_DSC7360.tif,1,5,6,2.0,,,,3.0,2.0,,,,,2.0
_DSC7360.tif,2,1,1,1.0,,,,1.0,1.0,,,,,0.0
_DSC7360.tif,2,1,2,0.0,,,,0.0,0.0,,,,,0.0
_DSC7360.tif,2,1,3,0.0,,,,0.0,0.0,,,,,0.0
_DSC7360.tif,2,1,4,3.0,,,,3.0,3.0,,,,,4.0
_DSC7360.tif,2,1,5,5.0,,,,5.0,5.0,,,,,5.0
_DSC7360.tif,2,1,6,3.0,,,,3.0,3.0,,,,,3.0
_DSC7360.tif,2,2,1,1.0,,,,1.0,1.0,,,,,0.0
_DSC7360.tif,2,2,2,0.0,,,,0.0,0.0,,,,,0.0
_DSC7360.tif,2,2,3,0.0,,,,0.0,0.0,,,,,0.0
_DSC7360.tif,2,2,4,0.0,,,,0.0,0.0,,,,,0.0
_DSC7360.tif,2,2,5,5.0,,,,5.0,5.0,,,,,5.0
_DSC7360.tif,2,2,6,4.0,,,,4.0,4.0,,,,,5.0
_DSC7360.tif,2,3,1,4.0,,,,4.0,4.0,,,,,4.0
_DSC7360.tif,2,3,2,0.0,,,,0.0,1.0,,,,,0.0
_DSC7360.tif,2,3,3,0.0,,,,0.0,0.0,,,,,0.0
_DSC7360.tif,2,3,4,0.0,,,,0.0,0.0,,,,,0.0
_DSC7360.tif,2,3,5,0.0,,,,0.0,5.0,,,,,0.0
_DSC7360.tif,2,3,6,5.0,,,,5.0,5.0,,,,,5.0
_DSC7360.tif,2,4,1,4.0,,,,4.0,3.0,,,,,4.0
_DSC7360.tif,2,4,2,3.0,,,,3.0,3.0,,,,,3.0
_DSC7360.tif,2,4,3,0.0,,,,0.0,0.0,,,,,0.0
_DSC7360.tif,2,4,4,0.0,,,,0.0,0.0,,,,,0.0
_DSC7360.tif,2,4,5,0.0,,,,0.0,0.0,,,,,0.0
_DSC7360.tif,2,4,6,0.0,,,,0.0,0.0,,,,,0.0
_DSC7360.tif,2,5,1,0.0,,,,0.0,0.0,,,,,0.0
_DSC7360.tif,2,5,2,3.0,,,,3.0,3.0,,,,,3.0
_DSC7360.tif,2,5,3,3.0,,,,3.0,3.0,,,,,3.0
_DSC7360.tif,2,5,4,0.0,,,,1.0,0.0,,,,,0.0
_DSC7360.tif,2,5,5,0.0,,,,0.0,0.0,,,,,0.0
_DSC7360.tif,2,5,6,0.0,,,,0.0,0.0,,,,,0.0
_DSC7621.tif,1,1,1,0.0,,,0.0,,,2.0,0.0,,,
_DSC7621.tif,1,1,2,0.0,,,0.0,,,0.0,0.0,,,
_DSC7621.tif,1,1,3,0.0,,,0.0,,,0.0,0.0,,,
_DSC7621.tif,1,1,4,0.0,,,0.0,,,0.0,0.0,,,
_DSC7621.tif,1,1,5,6.0,,,6.0,,,6.0,6.0,,,
_DSC7621.tif,1,1,6,6.0,,,6.0,,,6.0,5.0,,,
_DSC7621.tif,1,3,1,6.0,,,6.0,,,6.0,5.0,,,
_DSC7621.tif,1,3,2,1.0,,,1.0,,,1.0,0.0,,,
_DSC7621.tif,1,3,3,0.0,,,0.0,,,0.0,0.0,,,
_DSC7621.tif,1,3,4,0.0,,,0.0,,,0.0,0.0,,,
_DSC7621.tif,1,3,5,0.0,,,0.0,,,0.0,0.0,,,
_DSC7621.tif,1,3,6,6.0,,,6.0,,,6.0,6.0,,,
_DSC7621.tif,2,2,1,5.0,,,5.0,,,5.0,4.0,,,
_DSC7621.tif,2,2,2,6.0,,,6.0,,,6.0,6.0,,,
_DSC7621.tif,2,2,3,0.0,,,0.0,,,1.0,0.0,,,
_DSC7621.tif,2,2,4,0.0,,,0.0,,,0.0,0.0,,,
_DSC7621.tif,2,2,5,0.0,,,0.0,,,0.0,0.0,,,
_DSC7621.tif,2,2,6,0.0,,,0.0,,,0.0,0.0,,,
_DSC7621.tif,3,1,1,0.0,,,0.0,,,0.0,0.0,,,
_DSC7621.tif,3,1,2,4.0,,,4.0,,,4.0,3.0,,,
_DSC7621.tif,3,1,3,4.0,,,4.0,,,4.0,2.0,,,
_DSC7621.tif,3,1,4,1.0,,,0.0,,,1.0,1.0,,,
_DSC7621.tif,3,1,5,0.0,,,0.0,,,0.0,0.0,,,
_DSC7621.tif,3,1,6,0.0,,,0.0,,,0.0,0.0,,,
_DSC7621.tif,3,3,1,0.0,,,0.0,,,0.0,0.0,,,
_DSC7621.tif,3,3,2,0.0,,,0.0,,,0.0,0.0,,,
_DSC7621.tif,3,3,3,5.0,,,5.0,,,5.0,3.0,,,
_DSC7621.tif,3,3,4,6.0,,,6.0,,,6.0,5.0,,,
_DSC7621.tif,3,3,5,2.0,,,4.0,,,2.0,1.0,,,
_DSC7621.tif,3,3,6,0.0,,,0.0,,,0.0,0.0,,,
_DSC7622.tif,1,1,1,0.0,,,0.0,0.0,,,,0.0,,
_DSC7622.tif,1,1,2,0.0,,,0.0,0.0,,,,0.0,,
_DSC7622.tif,1,1,3,0.0,,,0.0,0.0,,,,0.0,,
_DSC7622.tif,1,1,4,4.0,,,3.0,4.0,,,,4.0,,
_DSC7622.tif,1,1,5,5.0,,,5.0,5.0,,,,5.0,,
_DSC7622.tif,1,1,6,1.0,,,1.0,1.0,,,,1.0,,
_DSC7622.tif,1,3,1,1.0,,,0.0,1.0,,,,1.0,,
_DSC7622.tif,1,3,2,0.0,,,0.0,0.0,,,,0.0,,
_DSC7622.tif,1,3,3,0.0,,,0.0,0.0,,,,0.0,,
_DSC7622.tif,1,3,4,0.0,,,0.0,0.0,,,,0.0,,
_DSC7622.tif,1,3,5,6.0,,,6.0,6.0,,,,6.0,,
_DSC7622.tif,1,3,6,5.0,,,6.0,5.0,,,,5.0,,
_DSC7622.tif,2,2,1,4.0,,,4.0,5.0,,,,4.0,,
_DSC7622.tif,2,2,2,0.0,,,0.0,1.0,,,,0.0,,
_DSC7622.tif,2,2,3,0.0,,,0.0,0.0,,,,0.0,,
_DSC7622.tif,2,2,4,0.0,,,0.0,0.0,,,,0.0,,
_DSC7622.tif,2,2,5,0.0,,,0.0,0.0,,,,0.0,,
_DSC7622.tif,2,2,6,6.0,,,6.0,6.0,,,,6.0,,
_DSC7622.tif,3,1,1,4.0,,,4.0,4.0,,,,4.0,,
_DSC7622.tif,3,1,2,6.0,,,6.0,6.0,,,,6.0,,
_DSC7622.tif,3,1,3,0.0,,,0.0,1.0,,,,0.0,,
_DSC7622.tif,3,1,4,0.0,,,0.0,0.0,,,,0.0,,
_DSC7622.tif,3,1,5,0.0,,,0.0,0.0,,,,0.0,,
_DSC7622.tif,3,1,6,0.0,,,,0.0,,,,0.0,,
_DSC7622.tif,3,3,1,0.0,,,0.0,0.0,,,,0.0,,
_DSC7622.tif,3,3,2,6.0,,,5.0,6.0,,,,6.0,,
_DSC7622.tif,3,3,3,3.0,,,3.0,3.0,,,,3.0,,
_DSC7622.tif,3,3,4,0.0,,,0.0,0.0,,,,0.0,,
_DSC7622.tif,3,3,5,0.0,,,0.0,0.0,,,,0.0,,
_DSC7622.tif,3,3,6,0.0,,,0.0,0.0,,,,0.0,,
_DSC7623.tif,1,1,1,6.0,,,,6.0,6.0,,,,,6.0
_DSC7623.tif,1,1,2,0.0,,,,0.0,0.0,,,,,0.0
_DSC7623.tif,1,1,3,0.0,,,,0.0,0.0,,,,,0.0
_DSC7623.tif,1,1,4,0.0,,,,0.0,0.0,,,,,0.0
_DSC7623.tif,1,1,5,0.0,,,,0.0,0.0,,,,,0.0
_DSC7623.tif,1,1,6,0.0,,,,0.0,0.0,,,,,0.0
_DSC7623.tif,1,3,1,0.0,,,,0.0,0.0,,,,,0.0
_DSC7623.tif,1,3,2,6.0,,,,6.0,6.0,,,,,5.0
_DSC7623.tif,1,3,3,0.0,,,,0.0,0.0,,,,,0.0
_DSC7623.tif,1,3,4,0.0,,,,0.0,0.0,,,,,0.0
_DSC7623.tif,1,3,5,0.0,,,,0.0,0.0,,,,,0.0
_DSC7623.tif,1,3,6,0.0,,,,0.0,0.0,,,,,0.0
_DSC7623.tif,2,2,1,0.0,,,,0.0,0.0,,,,,0.0
_DSC7623.tif,2,2,2,0.0,,,,0.0,0.0,,,,,0.0
_DSC7623.tif,2,2,3,5.0,,,,5.0,6.0,,,,,4.0
_DSC7623.tif,2,2,4,0.0,,,,0.0,0.0,,,,,0.0
_DSC7623.tif,2,2,5,0.0,,,,0.0,0.0,,,,,0.0
_DSC7623.tif,2,2,6,0.0,,,,0.0,0.0,,,,,0.0
_DSC7623.tif,3,1,1,0.0,,,,0.0,0.0,,,,,0.0
_DSC7623.tif,3,1,2,0.0,,,,0.0,0.0,,,,,0.0
_DSC7623.tif,3,1,3,0.0,,,,0.0,0.0,,,,,0.0
_DSC7623.tif,3,1,4,5.0,,,,5.0,6.0,,,,,4.0
_DSC7623.tif,3,1,5,0.0,,,,0.0,0.0,,,,,0.0
_DSC7623.tif,3,1,6,0.0,,,,0.0,0.0,,,,,0.0
_DSC7623.tif,3,3,1,0.0,,,,0.0,0.0,,,,,0.0
_DSC7623.tif,3,3,2,0.0,,,,0.0,0.0,,,,,0.0
_DSC7623.tif,3,3,3,0.0,,,,0.0,0.0,,,,,0.0
_DSC7623.tif,3,3,4,1.0,,,,1.0,1.0,,,,,0.0
_DSC7623.tif,3,3,5,6.0,,,,6.0,6.0,,,,,6.0
_DSC7623.tif,3,3,6,0.0,,,,0.0,0.0,,,,,0.0
_DSC7624.tif,1,1,1,0.0,,,0.0,,,0.0,0.0,,,
_DSC7624.tif,1,1,2,0.0,,,0.0,,,1.0,0.0,,,
_DSC7624.tif,1,1,3,0.0,,,0.0,,,0.0,0.0,,,
_DSC7624.tif,1,1,4,0.0,,,0.0,,,0.0,0.0,,,
_DSC7624.tif,1,1,5,0.0,,,0.0,,,0.0,0.0,,,
_DSC7624.tif,1,1,6,5.0,,,6.0,,,5.0,5.0,,,
_DSC7624.tif,1,3,1,5.0,,,6.0,,,5.0,5.0,,,
_DSC7624.tif,1,3,2,1.0,,,1.0,,,2.0,0.0,,,
_DSC7624.tif,1,3,3,0.0,,,0.0,,,0.0,0.0,,,
_DSC7624.tif,1,3,4,0.0,,,0.0,,,0.0,0.0,,,
_DSC7624.tif,1,3,5,0.0,,,0.0,,,0.0,0.0,,,
_DSC7624.tif,1,3,6,0.0,,,0.0,,,0.0,0.0,,,
_DSC7624.tif,2,2,1,0.0,,,0.0,,,0.0,0.0,,,
_DSC7624.tif,2,2,2,6.0,,,6.0,,,6.0,6.0,,,
_DSC7624.tif,2,2,3,0.0,,,0.0,,,0.0,0.0,,,
_DSC7624.tif,2,2,4,0.0,,,0.0,,,0.0,0.0,,,
_DSC7624.tif,2,2,5,0.0,,,0.0,,,0.0,0.0,,,
_DSC7624.tif,2,2,6,0.0,,,0.0,,,1.0,0.0,,,
_DSC7624.tif,3,1,1,0.0,,,0.0,,,0.0,0.0,,,
_DSC7624.tif,3,1,2,0.0,,,0.0,,,0.0,0.0,,,
_DSC7624.tif,3,1,3,5.0,,,6.0,,,5.0,5.0,,,
_DSC7624.tif,3,1,4,0.0,,,0.0,,,0.0,0.0,,,
_DSC7624.tif,3,1,5,0.0,,,0.0,,,0.0,0.0,,,
_DSC7624.tif,3,1,6,0.0,,,0.0,,,0.0,0.0,,,
_DSC7624.tif,3,3,1,0.0,,,0.0,,,0.0,0.0,,,
_DSC7624.tif,3,3,2,0.0,,,0.0,,,0.0,0.0,,,
_DSC7624.tif,3,3,3,0.0,,,0.0,,,0.0,0.0,,,
_DSC7624.tif,3,3,4,4.0,,,5.0,,,4.0,4.0,,,
_DSC7624.tif,3,3,5,0.0,,,0.0,,,0.0,0.0,,,
_DSC7624.tif,3,3,6,0.0,,,0.0,,,0.0,0.0,,,
_DSC8103.tif,1,1,1,5.0,,5.0,,,5.0,,,,6.0,
_DSC8103.tif,1,1,2,0.0,,0.0,,,0.0,,,,0.0,
_DSC8103.tif,1,1,3,0.0,,0.0,,,0.0,,,,0.0,
_DSC8103.tif,1,1,4,0.0,,0.0,,,0.0,,,,0.0,
_DSC8103.tif,1,1,5,6.0,,6.0,,,5.0,,,,6.0,
_DSC8103.tif,1,1,6,6.0,,6.0,,,6.0,,,,6.0,
_DSC8103.tif,1,3,1,6.0,,6.0,,,5.0,,,,6.0,
_DSC8103.tif,1,3,2,4.0,,4.0,,,4.0,,,,5.0,
_DSC8103.tif,1,3,3,0.0,,0.0,,,0.0,,,,0.0,
_DSC8103.tif,1,3,4,0.0,,0.0,,,0.0,,,,0.0,
_DSC8103.tif,1,3,5,0.0,,0.0,,,0.0,,,,0.0,
_DSC8103.tif,1,3,6,6.0,,6.0,,,6.0,,,,6.0,
_DSC8103.tif,2,2,1,5.0,,6.0,,,4.0,,,,5.0,
_DSC8103.tif,2,2,2,6.0,,6.0,,,5.0,,,,6.0,
_DSC8103.tif,2,2,3,1.0,,3.0,,,1.0,,,,1.0,
_DSC8103.tif,2,2,4,0.0,,0.0,,,0.0,,,,0.0,
_DSC8103.tif,2,2,5,0.0,,0.0,,,0.0,,,,0.0,
_DSC8103.tif,2,2,6,0.0,,0.0,,,0.0,,,,0.0,
_DSC8103.tif,3,1,1,0.0,,0.0,,,0.0,,,,0.0,
_DSC8103.tif,3,1,2,4.0,,4.0,,,4.0,,,,6.0,
_DSC8103.tif,3,1,3,4.0,,4.0,,,4.0,,,,4.0,
_DSC8103.tif,3,1,4,2.0,,3.0,,,1.0,,,,2.0,
_DSC8103.tif,3,1,5,0.0,,0.0,,,0.0,,,,0.0,
_DSC8103.tif,3,1,6,0.0,,0.0,,,0.0,,,,0.0,
_DSC8103.tif,3,3,1,0.0,,0.0,,,0.0,,,,0.0,
_DSC8103.tif,3,3,2,0.0,,0.0,,,0.0,,,,0.0,
_DSC8103.tif,3,3,3,4.0,,4.0,,,3.0,,,,4.0,
_DSC8103.tif,3,3,4,5.0,,4.0,,,5.0,,,,6.0,
_DSC8103.tif,3,3,5,4.0,,4.0,,,4.0,,,,5.0,
_DSC8103.tif,3,3,6,0.0,,0.0,,,0.0,,,,0.0,
_DSC8104.tif,1,1,1,0.0,,,,0.0,,,,0.0,,6.0
_DSC8104.tif,1,1,2,0.0,,,,0.0,,,,0.0,,6.0
_DSC8104.tif,1,1,3,0.0,,,,0.0,,,,0.0,,6.0
_DSC8104.tif,1,1,4,4.0,,,,5.0,,,,4.0,,3.0
_DSC8104.tif,1,1,5,6.0,,,,6.0,,,,6.0,,5.0
_DSC8104.tif,1,1,6,5.0,,,,5.0,,,,6.0,,5.0
_DSC8104.tif,1,3,1,4.0,,,,4.0,,,,4.0,,3.0
_DSC8104.tif,1,3,2,0.0,,,,0.0,,,,0.0,,0.0
_DSC8104.tif,1,3,3,0.0,,,,0.0,,,,0.0,,0.0
_DSC8104.tif,1,3,4,0.0,,,,0.0,,,,0.0,,0.0
_DSC8104.tif,1,3,5,6.0,,,,6.0,,,,6.0,,5.0
_DSC8104.tif,1,3,6,6.0,,,,6.0,,,,6.0,,5.0
_DSC8104.tif,2,2,1,6.0,,,,6.0,,,,6.0,,6.0
_DSC8104.tif,2,2,2,4.0,,,,4.0,,,,4.0,,3.0
_DSC8104.tif,2,2,3,0.0,,,,0.0,,,,0.0,,0.0
_DSC8104.tif,2,2,4,5.0,,,,5.0,,,,5.0,,4.0
_DSC8104.tif,2,2,5,0.0,,,,0.0,,,,0.0,,0.0
_DSC8104.tif,2,2,6,6.0,,,,6.0,,,,6.0,,5.0
_DSC8104.tif,3,1,1,5.0,,,,4.0,,,,5.0,,5.0
_DSC8104.tif,3,1,2,6.0,,,,6.0,,,,6.0,,6.0
_DSC8104.tif,3,1,3,4.0,,,,4.0,,,,4.0,,4.0
_DSC8104.tif,3,1,4,0.0,,,,0.0,,,,0.0,,0.0
_DSC8104.tif,3,1,5,0.0,,,,0.0,,,,0.0,,0.0
_DSC8104.tif,3,1,6,0.0,,,,0.0,,,,0.0,,0.0
_DSC8104.tif,3,3,1,0.0,,,,0.0,,,,0.0,,0.0
_DSC8104.tif,3,3,2,6.0,,,,6.0,,,,6.0,,5.0
_DSC8104.tif,3,3,3,5.0,,,,5.0,,,,6.0,,4.0
_DSC8104.tif,3,3,4,3.0,,,,4.0,,,,3.0,,3.0
_DSC8104.tif,3,3,5,0.0,,,,0.0,,,,0.0,,0.0
_DSC8104.tif,3,3,6,0.0,,,,0.0,,,,0.0,,0.0
_DSC8105.tif,1,1,1,6.0,,6.0,,,6.0,,,,6.0,
_DSC8105.tif,1,1,2,1.0,,2.0,,,0.0,,,,1.0,
_DSC8105.tif,1,1,3,0.0,,1.0,,,0.0,,,,0.0,
_DSC8105.tif,1,1,4,0.0,,1.0,,,0.0,,,,0.0,
_DSC8105.tif,1,1,5,0.0,,0.0,,,0.0,,,,0.0,
_DSC8105.tif,1,1,6,0.0,,1.0,,,0.0,,,,0.0,
_DSC8105.tif,1,3,2,6.0,,6.0,,,6.0,,,,6.0,
_DSC8105.tif,1,3,3,1.0,,2.0,,,0.0,,,,1.0,
_DSC8105.tif,1,3,4,0.0,,0.0,,,0.0,,,,0.0,
_DSC8105.tif,1,3,5,0.0,,0.0,,,0.0,,,,0.0,
_DSC8105.tif,1,3,6,0.0,,0.0,,,0.0,,,,0.0,
_DSC8105.tif,2,2,1,0.0,,0.0,,,0.0,,,,0.0,
_DSC8105.tif,2,2,2,0.0,,0.0,,,0.0,,,,0.0,
_DSC8105.tif,2,2,3,6.0,,6.0,,,6.0,,,,6.0,
_DSC8105.tif,2,2,4,0.0,,0.0,,,0.0,,,,0.0,
_DSC8105.tif,2,2,5,0.0,,0.0,,,0.0,,,,0.0,
_DSC8105.tif,2,2,6,0.0,,0.0,,,0.0,,,,0.0,
_DSC8105.tif,3,1,1,0.0,,0.0,,,0.0,,,,0.0,
_DSC8105.tif,3,1,2,0.0,,0.0,,,0.0,,,,0.0,
_DSC8105.tif,3,1,3,0.0,,0.0,,,0.0,,,,0.0,
_DSC8105.tif,3,1,4,6.0,,6.0,,,6.0,,,,6.0,
_DSC8105.tif,3,1,5,0.0,,0.0,,,1.0,,,,0.0,
_DSC8105.tif,3,1,6,0.0,,0.0,,,0.0,,,,0.0,
_DSC8105.tif,3,3,1,0.0,,0.0,,,0.0,,,,0.0,
_DSC8105.tif,3,3,2,0.0,,0.0,,,0.0,,,,0.0,
_DSC8105.tif,3,3,3,0.0,,0.0,,,0.0,,,,0.0,
_DSC8105.tif,3,3,4,0.0,,0.0,,,0.0,,,,0.0,
_DSC8105.tif,3,3,5,6.0,,6.0,,,6.0,,,,6.0,
_DSC8105.tif,3,3,6,1.0,,0.0,,,1.0,,,,1.0,
_DSC8106.tif,1,1,1,0.0,,0.0,,,,0.0,0.0,,,
_DSC8106.tif,1,1,2,0.0,,0.0,,,,0.0,0.0,,,
_DSC8106.tif,1,1,3,0.0,,0.0,,,,0.0,0.0,,,
_DSC8106.tif,1,1,4,0.0,,0.0,,,,0.0,0.0,,,
_DSC8106.tif,1,1,5,0.0,,0.0,,,,0.0,0.0,,,
_DSC8106.tif,1,1,6,6.0,,6.0,,,,5.0,6.0,,,
_DSC8106.tif,1,3,1,6.0,,6.0,,,,4.0,6.0,,,
_DSC8106.tif,1,3,2,0.0,,0.0,,,,0.0,0.0,,,
_DSC8106.tif,1,3,3,0.0,,0.0,,,,0.0,0.0,,,
_DSC8106.tif,1,3,4,0.0,,0.0,,,,0.0,0.0,,,
_DSC8106.tif,1,3,5,0.0,,0.0,,,,0.0,0.0,,,
_DSC8106.tif,1,3,6,0.0,,0.0,,,,0.0,0.0,,,
_DSC8106.tif,2,2,1,0.0,,0.0,,,,0.0,0.0,,,
_DSC8106.tif,2,2,2,6.0,,6.0,,,,6.0,6.0,,,
_DSC8106.tif,2,2,3,0.0,,0.0,,,,0.0,0.0,,,
_DSC8106.tif,2,2,4,0.0,,0.0,,,,0.0,0.0,,,
_DSC8106.tif,2,2,5,0.0,,0.0,,,,0.0,0.0,,,
_DSC8106.tif,2,2,6,0.0,,0.0,,,,0.0,0.0,,,
_DSC8106.tif,3,1,1,0.0,,0.0,,,,0.0,0.0,,,
_DSC8106.tif,3,1,2,0.0,,0.0,,,,0.0,0.0,,,
_DSC8106.tif,3,1,3,6.0,,6.0,,,,6.0,6.0,,,
_DSC8106.tif,3,1,4,0.0,,0.0,,,,0.0,0.0,,,
_DSC8106.tif,3,1,5,0.0,,0.0,,,,0.0,0.0,,,
_DSC8106.tif,3,1,6,0.0,,0.0,,,,0.0,0.0,,,
_DSC8106.tif,3,3,1,0.0,,0.0,,,,0.0,0.0,,,
_DSC8106.tif,3,3,2,0.0,,0.0,,,,0.0,0.0,,,
_DSC8106.tif,3,3,3,0.0,,0.0,,,,0.0,0.0,,,
_DSC8106.tif,3,3,4,6.0,,6.0,,,,6.0,6.0,,,
_DSC8106.tif,3,3,5,0.0,,0.0,,,,0.0,0.0,,,
_DSC8106.tif,3,3,6,0.0,,0.0,,,,0.0,0.0,,,
_DSC8785.tif,1,1,1,0.0,,,,,,0.0,0.0,,0.0,
_DSC8785.tif,1,1,2,1.0,,,,,,1.0,1.0,,1.0,
_DSC8785.tif,1,1,3,0.0,,,,,,0.0,0.0,,0.0,
_DSC8785.tif,1,1,4,0.0,,,,,,0.0,0.0,,0.0,
_DSC8785.tif,1,1,5,0.0,,,,,,0.0,0.0,,0.0,
_DSC8785.tif,1,1,6,0.0,,,,,,3.0,0.0,,0.0,
_DSC8785.tif,1,1,7,0.0,,,,,,1.0,0.0,,0.0,
_DSC8785.tif,1,1,8,0.0,,,,,,0.0,0.0,,0.0,
_DSC8785.tif,1,2,1,2.0,,,,,,3.0,2.0,,1.0,
_DSC8785.tif,1,2,2,2.0,,,,,,2.0,3.0,,2.0,
_DSC8785.tif,1,2,3,0.0,,,,,,0.0,0.0,,0.0,
_DSC8785.tif,1,2,4,0.0,,,,,,0.0,0.0,,0.0,
_DSC8785.tif,1,2,5,0.0,,,,,,0.0,0.0,,0.0,
_DSC8785.tif,1,2,6,4.0,,,,,,4.0,3.0,,5.0,
_DSC8785.tif,1,2,7,0.0,,,,,,0.0,0.0,,0.0,
_DSC8785.tif,1,2,8,0.0,,,,,,0.0,0.0,,0.0,
_DSC8785.tif,1,3,1,0.0,,,,,,0.0,0.0,,0.0,
_DSC8785.tif,1,3,2,0.0,,,,,,0.0,0.0,,0.0,
_DSC8785.tif,1,3,3,0.0,,,,,,1.0,0.0,,0.0,
_DSC8785.tif,1,3,4,0.0,,,,,,0.0,0.0,,0.0,
_DSC8785.tif,1,3,5,0.0,,,,,,0.0,0.0,,0.0,
_DSC8785.tif,1,3,6,0.0,,,,,,0.0,0.0,,0.0,
_DSC8785.tif,1,3,7,2.0,,,,,,2.0,2.0,,1.0,
_DSC8785.tif,1,3,8,0.0,,,,,,0.0,0.0,,0.0,
_DSC8785.tif,1,4,1,1.0,,,,,,2.0,1.0,,1.0,
_DSC8785.tif,1,4,2,0.0,,,,,,0.0,0.0,,0.0,
_DSC8785.tif,1,4,3,4.0,,,,,,4.0,4.0,,5.0,
_DSC8785.tif,1,4,4,1.0,,,,,,1.0,0.0,,1.0,
_DSC8785.tif,1,4,5,0.0,,,,,,1.0,0.0,,0.0,
_DSC8785.tif,1,4,6,0.0,,,,,,1.0,0.0,,0.0,
_DSC8785.tif,1,4,7,2.0,,,,,,2.0,2.0,,2.0,
_DSC8785.tif,1,4,8,0.0,,,,,,0.0,0.0,,0.0,
_DSC8785.tif,2,1,1,0.0,,,,,,0.0,0.0,,0.0,
_DSC8785.tif,2,1,2,0.0,,,,,,1.0,0.0,,0.0,
_DSC8785.tif,2,1,3,0.0,,,,,,1.0,0.0,,0.0,
_DSC8785.tif,2,1,4,3.0,,,,,,2.0,3.0,,4.0,
_DSC8785.tif,2,1,5,0.0,,,,,,0.0,0.0,,0.0,
_DSC8785.tif,2,1,6,0.0,,,,,,1.0,0.0,,0.0,
_DSC8785.tif,2,1,7,0.0,,,,,,0.0,0.0,,0.0,
_DSC8785.tif,2,1,8,3.0,,,,,,3.0,3.0,,3.0,
_DSC8785.tif,2,2,1,0.0,,,,,,0.0,0.0,,0.0,
_DSC8785.tif,2,2,2,0.0,,,,,,1.0,0.0,,0.0,
_DSC8785.tif,2,2,3,0.0,,,,,,1.0,0.0,,0.0,
_DSC8785.tif,2,2,4,3.0,,,,,,4.0,2.0,,3.0,
_DSC8785.tif,2,2,5,0.0,,,,,,0.0,0.0,,0.0,
_DSC8785.tif,2,2,6,1.0,,,,,,1.0,1.0,,1.0,
_DSC8785.tif,2,2,7,0.0,,,,,,1.0,0.0,,0.0,
_DSC8785.tif,2,2,8,4.0,,,,,,4.0,4.0,,3.0,
_DSC8785.tif,2,3,1,5.0,,,,,,5.0,4.0,,5.0,
_DSC8785.tif,2,3,2,0.0,,,,,,0.0,0.0,,0.0,
_DSC8785.tif,2,3,3,0.0,,,,,,0.0,0.0,,0.0,
_DSC8785.tif,2,3,4,0.0,,,,,,0.0,0.0,,0.0,
_DSC8785.tif,2,3,5,0.0,,,,,,0.0,0.0,,0.0,
_DSC8785.tif,2,3,6,0.0,,,,,,0.0,0.0,,0.0,
_DSC8785.tif,2,3,7,4.0,,,,,,4.0,3.0,,5.0,
_DSC8785.tif,2,3,8,0.0,,,,,,0.0,0.0,,0.0,
_DSC8785.tif,2,4,1,2.0,,,,,,2.0,2.0,,2.0,
_DSC8785.tif,2,4,2,0.0,,,,,,1.0,0.0,,0.0,
_DSC8785.tif,2,4,3,0.0,,,,,,0.0,0.0,,0.0,
_DSC8785.tif,2,4,4,0.0,,,,,,0.0,0.0,,0.0,
_DSC8785.tif,2,4,5,0.0,,,,,,0.0,0.0,,0.0,
_DSC8785.tif,2,4,6,0.0,,,,,,0.0,0.0,,0.0,
_DSC8785.tif,2,4,7,4.0,,,,,,,4.0,,4.0,
_DSC8785.tif,2,4,8,0.0,,,,,,,0.0,,0.0,
_DSC8786.tif,1,1,1,0.0,,,,,,,0.0,,0.0,0.0
_DSC8786.tif,1,1,2,3.0,,,,,,,3.0,,2.0,3.0
_DSC8786.tif,1,1,3,0.0,,,,,,,0.0,,0.0,0.0
_DSC8786.tif,1,1,4,0.0,,,,,,,0.0,,0.0,0.0
_DSC8786.tif,1,1,5,0.0,,,,,,,0.0,,0.0,0.0
_DSC8786.tif,1,1,6,1.0,,,,,,,1.0,,1.0,1.0
_DSC8786.tif,1,1,7,0.0,,,,,,,0.0,,0.0,0.0
_DSC8786.tif,1,1,8,0.0,,,,,,,0.0,,0.0,0.0
_DSC8786.tif,1,2,1,0.0,,,,,,,0.0,,0.0,0.0
_DSC8786.tif,1,2,2,1.0,,,,,,,2.0,,1.0,1.0
_DSC8786.tif,1,2,3,0.0,,,,,,,0.0,,0.0,0.0
_DSC8786.tif,1,2,4,0.0,,,,,,,0.0,,0.0,0.0
_DSC8786.tif,1,2,5,1.0,,,,,,,1.0,,0.0,1.0
_DSC8786.tif,1,2,6,0.0,,,,,,,0.0,,0.0,0.0
_DSC8786.tif,1,2,7,0.0,,,,,,,0.0,,0.0,0.0
_DSC8786.tif,1,2,8,0.0,,,,,,,0.0,,0.0,0.0
_DSC8786.tif,1,3,1,0.0,,,,,,,0.0,,0.0,0.0
_DSC8786.tif,1,3,2,3.0,,,,,,,2.0,,3.0,3.0
_DSC8786.tif,1,3,3,3.0,,,,,,,3.0,,3.0,4.0
_DSC8786.tif,1,3,4,0.0,,,,,,,1.0,,0.0,0.0
_DSC8786.tif,1,3,5,0.0,,,,,,,0.0,,0.0,0.0
_DSC8786.tif,1,3,6,0.0,,,,,,,0.0,,0.0,0.0
_DSC8786.tif,1,3,7,4.0,,,,,,,4.0,,3.0,4.0
_DSC8786.tif,1,3,8,0.0,,,,,,,0.0,,0.0,0.0
_DSC8786.tif,1,4,1,0.0,,,,,,,0.0,,0.0,0.0
_DSC8786.tif,1,4,2,0.0,,,,,,,0.0,,0.0,0.0
_DSC8786.tif,1,4,3,0.0,,,,,,,0.0,,0.0,0.0
_DSC8786.tif,1,4,4,0.0,,,,,,,0.0,,0.0,0.0
_DSC8786.tif,1,4,5,0.0,,,,,,,0.0,,0.0,0.0
_DSC8786.tif,1,4,6,2.0,,,,,,,2.0,,1.0,2.0
_DSC8786.tif,1,4,7,2.0,,,,,,,3.0,,1.0,2.0
_DSC8786.tif,1,4,8,0.0,,,,,,,0.0,,,0.0
_DSC8786.tif,2,1,1,0.0,,,,,,,0.0,,0.0,0.0
_DSC8786.tif,2,1,2,0.0,,,,,,,0.0,,0.0,0.0
_DSC8786.tif,2,1,3,0.0,,,,,,,0.0,,0.0,0.0
_DSC8786.tif,2,1,4,0.0,,,,,,,1.0,,0.0,0.0
_DSC8786.tif,2,1,5,0.0,,,,,,,0.0,,0.0,0.0
_DSC8786.tif,2,1,6,0.0,,,,,,,0.0,,0.0,0.0
_DSC8786.tif,2,1,7,0.0,,,,,,,0.0,,0.0,0.0
_DSC8786.tif,2,1,8,3.0,,,,,,,3.0,,4.0,3.0
_DSC8786.tif,2,2,1,0.0,,,,,,,0.0,,0.0,0.0
_DSC8786.tif,2,2,2,0.0,,,,,,,0.0,,0.0,0.0
_DSC8786.tif,2,2,3,0.0,,,,,,,0.0,,0.0,0.0
_DSC8786.tif,2,2,4,1.0,,,,,,,1.0,,1.0,2.0
_DSC8786.tif,2,2,5,1.0,,,,,,,1.0,,0.0,1.0
_DSC8786.tif,2,2,6,0.0,,,,,,,0.0,,0.0,0.0
_DSC8786.tif,2,2,7,0.0,,,,,,,0.0,,0.0,0.0
_DSC8786.tif,2,2,8,1.0,,,,,,,1.0,,1.0,2.0
_DSC8786.tif,2,3,1,3.0,,,,,,,3.0,,3.0,3.0
_DSC8786.tif,2,3,2,0.0,,,,,,,0.0,,0.0,0.0
_DSC8786.tif,2,3,3,0.0,,,,,,,0.0,,0.0,0.0
_DSC8786.tif,2,3,4,0.0,,,,,,,0.0,,0.0,0.0
_DSC8786.tif,2,3,5,0.0,,,,,,,0.0,,0.0,0.0
_DSC8786.tif,2,3,6,0.0,,,,,,,0.0,,0.0,0.0
_DSC8786.tif,2,3,7,1.0,,,,,,,2.0,,1.0,1.0
_DSC8786.tif,2,4,1,3.0,,,,,,,3.0,,4.0,3.0
_DSC8786.tif,2,4,2,0.0,,,,,,,0.0,,0.0,0.0
_DSC8786.tif,2,4,3,0.0,,,,,,,0.0,,0.0,0.0
_DSC8786.tif,2,4,4,0.0,,,,,,,0.0,,0.0,0.0
_DSC8786.tif,2,4,5,0.0,,,,,,,1.0,,0.0,0.0
_DSC8786.tif,2,4,6,0.0,,,,,,,0.0,,0.0,0.0
_DSC8786.tif,2,4,7,5.0,,,,,,,6.0,,5.0,5.0
_DSC8786.tif,2,4,8,0.0,,,,,,,0.0,,0.0,1.0
_DSC8787.tif,1,1,2,5.0,,4.0,,6.0,,,,5.0,,
_DSC8787.tif,1,1,3,5.0,,4.0,,6.0,,,,5.0,,
_DSC8787.tif,1,1,4,4.0,,3.0,,4.0,,,,4.0,,
_DSC8787.tif,1,1,5,0.0,,0.0,,0.0,,,,0.0,,
_DSC8787.tif,1,1,6,6.0,,6.0,,6.0,,,,6.0,,
_DSC8787.tif,1,1,7,3.0,,2.0,,3.0,,,,4.0,,
_DSC8787.tif,1,1,8,4.0,,3.0,,4.0,,,,4.0,,
_DSC8787.tif,1,2,1,0.0,,0.0,,0.0,,,,0.0,,
_DSC8787.tif,1,2,2,3.0,,3.0,,3.0,,,,3.0,,
_DSC8787.tif,1,2,3,3.0,,3.0,,4.0,,,,3.0,,
_DSC8787.tif,1,2,4,3.0,,3.0,,4.0,,,,3.0,,
_DSC8787.tif,1,2,5,2.0,,2.0,,2.0,,,,2.0,,
_DSC8787.tif,1,2,6,5.0,,4.0,,5.0,,,,5.0,,
_DSC8787.tif,1,2,7,4.0,,3.0,,4.0,,,,4.0,,
_DSC8787.tif,1,2,8,4.0,,3.0,,4.0,,,,4.0,,
_DSC8787.tif,1,3,1,4.0,,3.0,,4.0,,,,5.0,,
_DSC8787.tif,1,3,2,1.0,,1.0,,1.0,,,,1.0,,
_DSC8787.tif,1,3,3,4.0,,2.0,,4.0,,,,4.0,,
_DSC8787.tif,1,3,4,2.0,,1.0,,3.0,,,,2.0,,
_DSC8787.tif,1,3,5,2.0,,1.0,,3.0,,,,2.0,,
_DSC8787.tif,1,3,6,2.0,,1.0,,2.0,,,,2.0,,
_DSC8787.tif,1,3,7,3.0,,2.0,,4.0,,,,3.0,,
_DSC8787.tif,1,3,8,2.0,,1.0,,3.0,,,,2.0,,
_DSC8787.tif,1,4,1,4.0,,3.0,,5.0,,,,4.0,,
_DSC8787.tif,1,4,2,2.0,,2.0,,4.0,,,,2.0,,
_DSC8787.tif,1,4,3,5.0,,4.0,,6.0,,,,5.0,,
_DSC8787.tif,1,4,4,3.0,,3.0,,3.0,,,,3.0,,
_DSC8787.tif,1,4,5,3.0,,3.0,,3.0,,,,3.0,,
_DSC8787.tif,1,4,6,0.0,,0.0,,0.0,,,,1.0,,
_DSC8787.tif,1,4,7,4.0,,4.0,,6.0,,,,4.0,,
_DSC8787.tif,1,4,8,3.0,,3.0,,4.0,,,,3.0,,
_DSC8787.tif,2,1,1,5.0,,5.0,,5.0,,,,5.0,,
_DSC8787.tif,2,1,2,2.0,,1.0,,2.0,,,,2.0,,
_DSC8787.tif,2,1,3,0.0,,0.0,,0.0,,,,0.0,,
_DSC8787.tif,2,1,4,2.0,,2.0,,2.0,,,,1.0,,
_DSC8787.tif,2,1,5,3.0,,3.0,,3.0,,,,3.0,,
_DSC8787.tif,2,1,6,2.0,,2.0,,2.0,,,,2.0,,
_DSC8787.tif,2,1,7,3.0,,3.0,,4.0,,,,3.0,,
_DSC8787.tif,2,1,8,3.0,,3.0,,4.0,,,,3.0,,
_DSC8787.tif,2,2,1,5.0,,5.0,,5.0,,,,4.0,,
_DSC8787.tif,2,2,2,4.0,,4.0,,4.0,,,,3.0,,
_DSC8787.tif,2,2,3,2.0,,2.0,,2.0,,,,1.0,,
_DSC8787.tif,2,2,4,3.0,,3.0,,4.0,,,,3.0,,
_DSC8787.tif,2,2,5,3.0,,3.0,,4.0,,,,3.0,,
_DSC8787.tif,2,2,6,4.0,,4.0,,5.0,,,,4.0,,
_DSC8787.tif,2,2,7,0.0,,0.0,,0.0,,,,1.0,,
_DSC8787.tif,2,2,8,4.0,,4.0,,5.0,,,,4.0,,
_DSC8787.tif,2,3,1,5.0,,4.0,,5.0,,,,5.0,,
_DSC8787.tif,2,3,2,5.0,,4.0,,5.0,,,,5.0,,
_DSC8787.tif,2,3,3,4.0,,4.0,,4.0,,,,5.0,,
_DSC8787.tif,2,3,4,2.0,,2.0,,2.0,,,,3.0,,
_DSC8787.tif,2,3,5,6.0,,5.0,,6.0,,,,6.0,,
_DSC8787.tif,2,3,6,4.0,,3.0,,4.0,,,,4.0,,
_DSC8787.tif,2,3,7,4.0,,3.0,,4.0,,,,4.0,,
_DSC8787.tif,2,3,8,3.0,,3.0,,3.0,,,,5.0,,
_DSC8788.tif,1,1,1,0.0,,0.0,,0.0,,0.0,,,,
_DSC8788.tif,1,1,2,5.0,,5.0,,4.0,,5.0,,,,
_DSC8788.tif,1,1,3,1.0,,1.0,,2.0,,1.0,,,,
_DSC8788.tif,1,1,4,1.0,,1.0,,1.0,,1.0,,,,
_DSC8788.tif,1,1,5,1.0,,1.0,,1.0,,1.0,,,,
_DSC8788.tif,1,1,6,4.0,,4.0,,4.0,,5.0,,,,
_DSC8788.tif,1,1,7,0.0,,1.0,,0.0,,0.0,,,,
_DSC8788.tif,1,1,8,2.0,,2.0,,1.0,,2.0,,,,
_DSC8788.tif,1,2,1,0.0,,0.0,,0.0,,0.0,,,,
_DSC8788.tif,1,2,2,4.0,,4.0,,4.0,,5.0,,,,
_DSC8788.tif,1,2,3,0.0,,0.0,,0.0,,0.0,,,,
_DSC8788.tif,1,2,4,0.0,,0.0,,0.0,,0.0,,,,
_DSC8788.tif,1,2,5,0.0,,0.0,,0.0,,0.0,,,,
_DSC8788.tif,1,2,6,4.0,,4.0,,4.0,,4.0,,,,
_DSC8788.tif,1,2,7,0.0,,1.0,,0.0,,0.0,,,,
_DSC8788.tif,1,2,8,1.0,,1.0,,1.0,,0.0,,,,
_DSC8788.tif,1,3,1,2.0,,1.0,,2.0,,2.0,,,,
_DSC8788.tif,1,3,2,1.0,,0.0,,1.0,,1.0,,,,
_DSC8788.tif,1,3,3,2.0,,2.0,,2.0,,2.0,,,,
_DSC8788.tif,1,3,4,0.0,,0.0,,0.0,,0.0,,,,
_DSC8788.tif,1,3,5,0.0,,0.0,,0.0,,0.0,,,,
_DSC8788.tif,1,3,6,0.0,,0.0,,0.0,,0.0,,,,
_DSC8788.tif,1,3,7,2.0,,2.0,,3.0,,2.0,,,,
_DSC8788.tif,1,3,8,2.0,,1.0,,2.0,,2.0,,,,
_DSC8788.tif,1,4,1,1.0,,1.0,,1.0,,1.0,,,,
_DSC8788.tif,1,4,2,0.0,,0.0,,0.0,,0.0,,,,
_DSC8788.tif,1,4,3,4.0,,4.0,,4.0,,4.0,,,,
_DSC8788.tif,1,4,4,0.0,,0.0,,0.0,,0.0,,,,
_DSC8788.tif,1,4,5,0.0,,1.0,,0.0,,0.0,,,,
_DSC8788.tif,1,4,6,0.0,,0.0,,0.0,,0.0,,,,
_DSC8788.tif,1,4,7,4.0,,4.0,,4.0,,4.0,,,,
_DSC8788.tif,1,4,8,0.0,,1.0,,0.0,,0.0,,,,
_DSC8788.tif,2,1,1,0.0,,0.0,,0.0,,0.0,,,,
_DSC8788.tif,2,1,2,0.0,,0.0,,0.0,,0.0,,,,
_DSC8788.tif,2,1,3,0.0,,0.0,,0.0,,0.0,,,,
_DSC8788.tif,2,1,4,1.0,,1.0,,1.0,,1.0,,,,
_DSC8788.tif,2,1,5,0.0,,0.0,,0.0,,0.0,,,,
_DSC8788.tif,2,1,6,0.0,,0.0,,0.0,,0.0,,,,
_DSC8788.tif,2,1,7,0.0,,0.0,,,,0.0,,,,
_DSC8788.tif,2,1,8,2.0,,2.0,,2.0,,4.0,,,,
_DSC8788.tif,2,2,1,0.0,,0.0,,0.0,,0.0,,,,
_DSC8788.tif,2,2,2,0.0,,0.0,,0.0,,0.0,,,,
_DSC8788.tif,2,2,3,0.0,,0.0,,0.0,,0.0,,,,
_DSC8788.tif,2,2,4,2.0,,2.0,,1.0,,2.0,,,,
_DSC8788.tif,2,2,5,0.0,,0.0,,0.0,,0.0,,,,
_DSC8788.tif,2,2,6,1.0,,1.0,,1.0,,1.0,,,,
_DSC8788.tif,2,2,7,0.0,,0.0,,0.0,,0.0,,,,
_DSC8788.tif,2,2,8,3.0,,4.0,,2.0,,3.0,,,,
_DSC8788.tif,2,3,1,5.0,,5.0,,4.0,,5.0,,,,
_DSC8788.tif,2,3,2,2.0,,2.0,,2.0,,3.0,,,,
_DSC8788.tif,2,3,3,2.0,,2.0,,2.0,,2.0,,,,
_DSC8788.tif,2,3,4,0.0,,0.0,,0.0,,0.0,,,,
_DSC8788.tif,2,3,5,3.0,,3.0,,3.0,,3.0,,,,
_DSC8788.tif,2,3,6,1.0,,1.0,,1.0,,1.0,,,,
_DSC8788.tif,2,3,7,1.0,,1.0,,1.0,,1.0,,,,
_DSC8788.tif,2,3,8,0.0,,0.0,,0.0,,0.0,,,,
_DSC8788.tif,2,4,1,3.0,,3.0,,3.0,,3.0,,,,
_DSC8788.tif,2,4,2,0.0,,0.0,,0.0,,1.0,,,,
_DSC8788.tif,2,4,3,0.0,,0.0,,0.0,,1.0,,,,
_DSC8788.tif,2,4,4,0.0,,0.0,,0.0,,1.0,,,,
_DSC8788.tif,2,4,5,3.0,,3.0,,3.0,,3.0,,,,
_DSC8788.tif,2,4,6,1.0,,1.0,,,,1.0,,,,
_DSC8788.tif,2,4,7,1.0,,1.0,,0.0,,1.0,,,,
_DSC8788.tif,2,4,8,0.0,,0.0,,0.0,,0.0,,,,
_DSC9258.tif,1,1,1,5.0,5.0,,,4.0,,,,5.0,,
_DSC9258.tif,1,1,2,2.0,3.0,,,2.0,,,,1.0,,
_DSC9258.tif,1,1,3,0.0,0.0,,,0.0,,,,0.0,,
_DSC9258.tif,1,1,4,5.0,6.0,,,5.0,,,,5.0,,
_DSC9258.tif,1,1,5,0.0,0.0,,,0.0,,,,0.0,,
_DSC9258.tif,1,2,1,4.0,4.0,,,4.0,,,,5.0,,
_DSC9258.tif,1,2,2,4.0,4.0,,,3.0,,,,4.0,,
_DSC9258.tif,1,2,3,0.0,0.0,,,0.0,,,,0.0,,
_DSC9258.tif,1,2,4,5.0,6.0,,,5.0,,,,5.0,,
_DSC9258.tif,1,2,5,0.0,0.0,,,0.0,,,,0.0,,
_DSC9258.tif,1,3,1,0.0,0.0,,,0.0,,,,0.0,,
_DSC9258.tif,1,3,2,6.0,6.0,,,5.0,,,,6.0,,
_DSC9258.tif,1,3,3,1.0,1.0,,,1.0,,,,0.0,,
_DSC9258.tif,1,3,4,0.0,0.0,,,0.0,,,,0.0,,
_DSC9258.tif,1,3,5,4.0,5.0,,,4.0,,,,4.0,,
_DSC9258.tif,1,4,1,0.0,0.0,,,0.0,,,,0.0,,
_DSC9258.tif,1,4,2,5.0,5.0,,,5.0,,,,5.0,,
_DSC9258.tif,1,4,3,0.0,0.0,,,1.0,,,,0.0,,
_DSC9258.tif,1,4,4,0.0,0.0,,,0.0,,,,0.0,,
_DSC9258.tif,1,4,5,4.0,6.0,,,4.0,,,,4.0,,
_DSC9258.tif,2,1,1,6.0,6.0,,,6.0,,,,6.0,,
_DSC9258.tif,2,1,2,0.0,0.0,,,0.0,,,,0.0,,
_DSC9258.tif,2,1,3,2.0,4.0,,,2.0,,,,2.0,,
_DSC9258.tif,2,1,4,0.0,2.0,,,0.0,,,,0.0,,
_DSC9258.tif,2,1,5,0.0,0.0,,,0.0,,,,0.0,,
_DSC9258.tif,2,2,1,5.0,6.0,,,5.0,,,,5.0,,
_DSC9258.tif,2,2,2,0.0,0.0,,,0.0,,,,0.0,,
_DSC9258.tif,2,2,3,2.0,3.0,,,2.0,,,,2.0,,
_DSC9258.tif,2,2,4,3.0,3.0,,,3.0,,,,3.0,,
_DSC9258.tif,2,2,5,0.0,0.0,,,0.0,,,,0.0,,
_DSC9258.tif,2,3,1,0.0,0.0,,,0.0,,,,0.0,,
_DSC9258.tif,2,3,2,5.0,6.0,,,5.0,,,,5.0,,
_DSC9258.tif,2,3,3,0.0,0.0,,,0.0,,,,0.0,,
_DSC9258.tif,2,3,4,3.0,4.0,,,3.0,,,,3.0,,
_DSC9258.tif,2,3,5,2.0,3.0,,,2.0,,,,2.0,,
_DSC9258.tif,2,4,1,0.0,0.0,,,0.0,,,,0.0,,
_DSC9258.tif,2,4,2,4.0,4.0,,,4.0,,,,3.0,,
_DSC9258.tif,2,4,3,0.0,1.0,,,0.0,,,,0.0,,
_DSC9258.tif,2,4,4,2.0,2.0,,,2.0,,,,2.0,,
_DSC9258.tif,2,4,5,2.0,3.0,,,2.0,,,,2.0,,
_DSC9258.tif,3,2,1,4.0,4.0,,,4.0,,,,4.0,,
_DSC9258.tif,3,2,2,0.0,0.0,,,0.0,,,,0.0,,
_DSC9258.tif,3,2,3,4.0,5.0,,,4.0,,,,4.0,,
_DSC9258.tif,3,2,4,0.0,0.0,,,0.0,,,,0.0,,
_DSC9258.tif,3,2,5,5.0,6.0,,,3.0,,,,5.0,,
_DSC9258.tif,3,3,1,2.0,4.0,,,2.0,,,,2.0,,
_DSC9258.tif,3,3,2,0.0,0.0,,,0.0,,,,0.0,,
_DSC9258.tif,3,3,3,3.0,5.0,,,3.0,,,,3.0,,
_DSC9258.tif,3,3,4,0.0,0.0,,,0.0,,,,0.0,,
_DSC9258.tif,3,3,5,3.0,3.0,,,3.0,,,,3.0,,
_DSC9259.tif,1,1,1,3.0,4.0,,,,,,,,2.0,3.0
_DSC9259.tif,1,1,2,2.0,2.0,,,,,,,,1.0,2.0
_DSC9259.tif,1,1,3,0.0,0.0,,,,,,,,0.0,0.0
_DSC9259.tif,1,1,4,4.0,6.0,,,,,,,,4.0,4.0
_DSC9259.tif,1,1,5,0.0,0.0,,,,,,,,0.0,0.0
_DSC9259.tif,1,2,1,5.0,6.0,,,,,,,,5.0,5.0
_DSC9259.tif,1,2,2,3.0,4.0,,,,,,,,3.0,3.0
_DSC9259.tif,1,2,3,0.0,0.0,,,,,,,,0.0,0.0
_DSC9259.tif,1,2,4,4.0,5.0,,,,,,,,4.0,4.0
_DSC9259.tif,1,2,5,0.0,0.0,,,,,,,,0.0,0.0
_DSC9259.tif,1,3,1,0.0,0.0,,,,,,,,0.0,0.0
_DSC9259.tif,1,3,2,3.0,4.0,,,,,,,,3.0,3.0
_DSC9259.tif,1,3,3,0.0,0.0,,,,,,,,0.0,0.0
_DSC9259.tif,1,3,4,0.0,0.0,,,,,,,,0.0,0.0
_DSC9259.tif,1,4,1,0.0,0.0,,,,,,,,0.0,0.0
_DSC9259.tif,1,4,2,5.0,6.0,,,,,,,,5.0,5.0
_DSC9259.tif,1,4,3,2.0,2.0,,,,,,,,1.0,2.0
_DSC9259.tif,1,4,4,0.0,0.0,,,,,,,,0.0,0.0
_DSC9259.tif,1,4,5,5.0,6.0,,,,,,,,5.0,4.0
_DSC9259.tif,2,1,1,5.0,6.0,,,,,,,,5.0,4.0
_DSC9259.tif,2,1,2,0.0,0.0,,,,,,,,0.0,0.0
_DSC9259.tif,2,1,3,2.0,2.0,,,,,,,,1.0,5.0
_DSC9259.tif,2,1,4,3.0,3.0,,,,,,,,2.0,5.0
_DSC9259.tif,2,1,5,0.0,0.0,,,,,,,,0.0,0.0
_DSC9259.tif,2,2,1,6.0,6.0,,,,,,,,6.0,5.0
_DSC9259.tif,2,2,2,0.0,0.0,,,,,,,,0.0,0.0
_DSC9259.tif,2,2,3,2.0,2.0,,,,,,,,1.0,2.0
_DSC9259.tif,2,2,4,0.0,1.0,,,,,,,,0.0,0.0
_DSC9259.tif,2,2,5,0.0,0.0,,,,,,,,0.0,0.0
_DSC9259.tif,2,3,1,0.0,0.0,,,,,,,,0.0,0.0
_DSC9259.tif,2,3,2,4.0,4.0,,,,,,,,4.0,3.0
_DSC9259.tif,2,3,3,0.0,0.0,,,,,,,,0.0,0.0
_DSC9259.tif,2,3,4,3.0,3.0,,,,,,,,3.0,2.0
_DSC9259.tif,2,3,5,3.0,4.0,,,,,,,,3.0,3.0
_DSC9259.tif,2,4,1,0.0,0.0,,,,,,,,0.0,0.0
_DSC9259.tif,2,4,2,3.0,4.0,,,,,,,,3.0,3.0
_DSC9259.tif,2,4,3,0.0,0.0,,,,,,,,0.0,0.0
_DSC9259.tif,2,4,4,4.0,4.0,,,,,,,,4.0,3.0
_DSC9259.tif,2,4,5,4.0,4.0,,,,,,,,4.0,3.0
_DSC9259.tif,3,2,1,1.0,1.0,,,,,,,,1.0,1.0
_DSC9259.tif,3,2,2,0.0,0.0,,,,,,,,0.0,0.0
_DSC9259.tif,3,2,3,3.0,3.0,,,,,,,,3.0,3.0
_DSC9259.tif,3,2,4,0.0,0.0,,,,,,,,0.0,0.0
_DSC9259.tif,3,2,5,2.0,2.0,,,,,,,,2.0,2.0
_DSC9259.tif,3,3,1,1.0,2.0,,,,,,,,1.0,1.0
_DSC9259.tif,3,3,2,0.0,0.0,,,,,,,,0.0,0.0
_DSC9259.tif,3,3,3,2.0,3.0,,,,,,,,2.0,2.0
_DSC9259.tif,3,3,4,0.0,0.0,,,,,,,,0.0,0.0
_DSC9259.tif,3,3,5,1.0,2.0,,,,,,,,1.0,1.0
_DSC9260.tif,1,2,1,2.0,,3.0,,2.0,,2.0,,,,
_DSC9260.tif,1,2,2,0.0,,0.0,,0.0,,0.0,,,,
_DSC9260.tif,1,2,3,3.0,,4.0,,3.0,,3.0,,,,
_DSC9260.tif,1,2,4,3.0,,3.0,,2.0,,3.0,,,,
_DSC9260.tif,1,2,5,1.0,,2.0,,1.0,,1.0,,,,
_DSC9260.tif,1,3,1,4.0,,4.0,,4.0,,4.0,,,,
_DSC9260.tif,1,3,2,0.0,,0.0,,0.0,,0.0,,,,
_DSC9260.tif,1,3,3,4.0,,4.0,,4.0,,4.0,,,,
_DSC9260.tif,1,3,4,4.0,,4.0,,5.0,,4.0,,,,
_DSC9260.tif,1,3,5,4.0,,4.0,,6.0,,4.0,,,,
_DSC9260.tif,2,1,1,0.0,,0.0,,0.0,,0.0,,,,
_DSC9260.tif,2,1,2,4.0,,4.0,,4.0,,3.0,,,,
_DSC9260.tif,2,1,3,2.0,,3.0,,2.0,,2.0,,,,
_DSC9260.tif,2,1,4,1.0,,1.0,,1.0,,1.0,,,,
_DSC9260.tif,2,1,5,2.0,,2.0,,2.0,,2.0,,,,
_DSC9260.tif,2,2,1,0.0,,0.0,,0.0,,0.0,,,,
_DSC9260.tif,2,2,2,4.0,,3.0,,4.0,,4.0,,,,
_DSC9260.tif,2,2,3,3.0,,3.0,,3.0,,3.0,,,,
_DSC9260.tif,2,2,4,3.0,,3.0,,3.0,,3.0,,,,
_DSC9260.tif,2,2,5,2.0,,3.0,,2.0,,2.0,,,,
_DSC9260.tif,2,3,1,4.0,,4.0,,4.0,,4.0,,,,
_DSC9260.tif,2,3,2,4.0,,4.0,,4.0,,4.0,,,,
_DSC9260.tif,2,3,3,2.0,,3.0,,2.0,,2.0,,,,
_DSC9260.tif,2,3,4,3.0,,4.0,,2.0,,3.0,,,,
_DSC9260.tif,2,3,5,0.0,,0.0,,0.0,,0.0,,,,
_DSC9260.tif,2,4,1,6.0,,6.0,,6.0,,4.0,,,,
_DSC9260.tif,2,4,2,4.0,,5.0,,4.0,,3.0,,,,
_DSC9260.tif,2,4,3,1.0,,3.0,,1.0,,1.0,,,,
_DSC9260.tif,2,4,4,3.0,,4.0,,3.0,,3.0,,,,
_DSC9260.tif,2,4,5,0.0,,0.0,,0.0,,0.0,,,,
_DSC9260.tif,3,1,1,4.0,,4.0,,4.0,,5.0,,,,
_DSC9260.tif,3,1,2,2.0,,2.0,,2.0,,2.0,,,,
_DSC9260.tif,3,1,3,2.0,,2.0,,2.0,,2.0,,,,
_DSC9260.tif,3,1,4,0.0,,1.0,,0.0,,0.0,,,,
_DSC9260.tif,3,1,5,5.0,,5.0,,5.0,,4.0,,,,
_DSC9260.tif,3,2,1,4.0,,4.0,,4.0,,4.0,,,,
_DSC9260.tif,3,2,2,4.0,,4.0,,3.0,,4.0,,,,
_DSC9260.tif,3,2,3,3.0,,3.0,,3.0,,3.0,,,,
_DSC9260.tif,3,2,4,0.0,,1.0,,0.0,,0.0,,,,
_DSC9260.tif,3,2,5,4.0,,5.0,,4.0,,4.0,,,,
_DSC9260.tif,3,3,1,4.0,,4.0,,4.0,,4.0,,,,
_DSC9260.tif,3,3,2,3.0,,4.0,,2.0,,3.0,,,,
_DSC9260.tif,3,3,3,0.0,,1.0,,0.0,,0.0,,,,
_DSC9260.tif,3,3,4,4.0,,4.0,,4.0,,3.0,,,,
_DSC9260.tif,3,3,5,4.0,,4.0,,4.0,,4.0,,,,
_DSC9260.tif,3,4,1,1.0,,2.0,,1.0,,1.0,,,,
_DSC9260.tif,3,4,2,2.0,,3.0,,2.0,,2.0,,,,
_DSC9260.tif,3,4,3,0.0,,1.0,,0.0,,0.0,,,,
_DSC9260.tif,3,4,4,2.0,,2.0,,2.0,,2.0,,,,
_DSC9260.tif,3,4,5,2.0,,2.0,,2.0,,2.0,,,,
_DSC9261.tif,1,2,1,4.0,,4.0,,4.0,,,,4.0,,
_DSC9261.tif,1,2,2,0.0,,0.0,,0.0,,,,0.0,,
_DSC9261.tif,1,2,3,4.0,,4.0,,4.0,,,,4.0,,
_DSC9261.tif,1,2,4,3.0,,3.0,,3.0,,,,3.0,,
_DSC9261.tif,1,2,5,3.0,,3.0,,3.0,,,,4.0,,
_DSC9261.tif,1,3,1,3.0,,3.0,,3.0,,,,3.0,,
_DSC9261.tif,1,3,2,0.0,,0.0,,0.0,,,,0.0,,
_DSC9261.tif,1,3,3,3.0,,3.0,,3.0,,,,3.0,,
_DSC9261.tif,1,3,4,5.0,,5.0,,6.0,,,,5.0,,
_DSC9261.tif,1,3,5,5.0,,4.0,,5.0,,,,5.0,,
_DSC9261.tif,2,1,1,2.0,,1.0,,2.0,,,,2.0,,
_DSC9261.tif,2,1,2,5.0,,5.0,,6.0,,,,5.0,,
_DSC9261.tif,2,1,3,3.0,,3.0,,3.0,,,,4.0,,
_DSC9261.tif,2,1,4,3.0,,3.0,,3.0,,,,3.0,,
_DSC9261.tif,2,1,5,4.0,,4.0,,4.0,,,,4.0,,
_DSC9261.tif,2,2,1,0.0,,0.0,,0.0,,,,1.0,,
_DSC9261.tif,2,2,2,4.0,,4.0,,5.0,,,,4.0,,
_DSC9261.tif,2,2,3,4.0,,3.0,,4.0,,,,5.0,,
_DSC9261.tif,2,2,4,4.0,,3.0,,4.0,,,,5.0,,
_DSC9261.tif,2,2,5,4.0,,4.0,,4.0,,,,5.0,,
_DSC9261.tif,2,3,1,6.0,,6.0,,6.0,,,,6.0,,
_DSC9261.tif,2,3,2,5.0,,5.0,,5.0,,,,5.0,,
_DSC9261.tif,2,3,3,4.0,,4.0,,3.0,,,,4.0,,
_DSC9261.tif,2,3,4,3.0,,3.0,,3.0,,,,2.0,,
_DSC9261.tif,2,3,5,0.0,,0.0,,0.0,,,,1.0,,
_DSC9261.tif,2,4,1,5.0,,4.0,,5.0,,,,5.0,,
_DSC9261.tif,2,4,2,2.0,,2.0,,3.0,,,,2.0,,
_DSC9261.tif,2,4,3,0.0,,0.0,,0.0,,,,1.0,,
_DSC9261.tif,2,4,4,3.0,,3.0,,3.0,,,,3.0,,
_DSC9261.tif,2,4,5,0.0,,0.0,,0.0,,,,0.0,,
_DSC9261.tif,3,1,1,4.0,,4.0,,4.0,,,,3.0,,
_DSC9261.tif,3,1,2,4.0,,3.0,,4.0,,,,5.0,,
_DSC9261.tif,3,1,3,3.0,,3.0,,4.0,,,,2.0,,
_DSC9261.tif,3,1,4,0.0,,0.0,,0.0,,,,0.0,,
_DSC9261.tif,3,1,5,3.0,,3.0,,4.0,,,,3.0,,
_DSC9261.tif,3,2,1,4.0,,4.0,,5.0,,,,4.0,,
_DSC9261.tif,3,2,2,5.0,,5.0,,5.0,,,,4.0,,
_DSC9261.tif,3,2,3,3.0,,4.0,,2.0,,,,3.0,,
_DSC9261.tif,3,2,4,0.0,,0.0,,0.0,,,,0.0,,
_DSC9261.tif,3,2,5,5.0,,5.0,,5.0,,,,4.0,,
_DSC9261.tif,3,3,1,2.0,,2.0,,2.0,,,,1.0,,
_DSC9261.tif,3,3,2,2.0,,2.0,,2.0,,,,2.0,,
_DSC9261.tif,3,3,3,0.0,,0.0,,0.0,,,,0.0,,
_DSC9261.tif,3,3,4,3.0,,3.0,,3.0,,,,3.0,,
_DSC9261.tif,3,3,5,3.0,,3.0,,3.0,,,,3.0,,
_DSC9261.tif,3,4,1,6.0,,5.0,,6.0,,,,6.0,,
_DSC9261.tif,3,4,2,4.0,,3.0,,4.0,,,,4.0,,
_DSC9261.tif,3,4,3,0.0,,0.0,,0.0,,,,0.0,,
_DSC9261.tif,3,4,4,5.0,,5.0,,5.0,,,,5.0,,
_DSC9261.tif,3,4,5,5.0,,5.0,,5.0,,,,4.0,,
_DSC9854.tif,1,1,1,4.0,,4.0,,4.0,,5.0,,,,
_DSC9854.tif,1,1,2,1.0,,1.0,,1.0,,1.0,,,,
_DSC9854.tif,1,1,3,1.0,,1.0,,1.0,,1.0,,,,
_DSC9854.tif,1,1,4,1.0,,1.0,,2.0,,1.0,,,,
_DSC9854.tif,1,1,5,1.0,,1.0,,0.0,,1.0,,,,
_DSC9854.tif,1,2,1,4.0,,3.0,,4.0,,4.0,,,,
_DSC9854.tif,1,2,2,0.0,,0.0,,0.0,,0.0,,,,
_DSC9854.tif,1,2,3,0.0,,1.0,,0.0,,0.0,,,,
_DSC9854.tif,1,2,4,2.0,,2.0,,2.0,,1.0,,,,
_DSC9854.tif,1,2,5,0.0,,1.0,,0.0,,0.0,,,,
_DSC9854.tif,1,3,1,0.0,,0.0,,0.0,,0.0,,,,
_DSC9854.tif,1,3,2,3.0,,2.0,,3.0,,4.0,,,,
_DSC9854.tif,1,3,3,0.0,,1.0,,0.0,,0.0,,,,
_DSC9854.tif,1,3,4,0.0,,1.0,,0.0,,0.0,,,,
_DSC9854.tif,1,3,5,3.0,,4.0,,3.0,,3.0,,,,
_DSC9854.tif,1,4,1,0.0,,0.0,,0.0,,0.0,,,,
_DSC9854.tif,1,4,2,2.0,,2.0,,3.0,,2.0,,,,
_DSC9854.tif,1,4,3,0.0,,1.0,,0.0,,0.0,,,,
_DSC9854.tif,1,4,4,0.0,,1.0,,0.0,,0.0,,,,
_DSC9854.tif,1,4,5,3.0,,2.0,,3.0,,3.0,,,,
_DSC9854.tif,2,1,1,4.0,,4.0,,5.0,,4.0,,,,
_DSC9854.tif,2,1,2,3.0,,4.0,,3.0,,2.0,,,,
_DSC9854.tif,2,1,3,4.0,,4.0,,4.0,,3.0,,,,
_DSC9854.tif,2,1,4,2.0,,3.0,,2.0,,2.0,,,,
_DSC9854.tif,2,1,5,0.0,,0.0,,0.0,,0.0,,,,
_DSC9854.tif,2,2,1,3.0,,3.0,,3.0,,4.0,,,,
_DSC9854.tif,2,2,2,0.0,,0.0,,0.0,,0.0,,,,
_DSC9854.tif,2,2,3,3.0,,3.0,,3.0,,3.0,,,,
_DSC9854.tif,2,2,4,1.0,,1.0,,1.0,,1.0,,,,
_DSC9854.tif,2,2,5,0.0,,1.0,,0.0,,0.0,,,,
_DSC9854.tif,2,3,1,0.0,,0.0,,0.0,,0.0,,,,
_DSC9854.tif,2,3,2,1.0,,1.0,,2.0,,1.0,,,,
_DSC9854.tif,2,3,3,0.0,,1.0,,0.0,,0.0,,,,
_DSC9854.tif,2,3,4,3.0,,3.0,,3.0,,2.0,,,,
_DSC9854.tif,2,3,5,0.0,,0.0,,0.0,,0.0,,,,
_DSC9854.tif,2,4,1,0.0,,0.0,,0.0,,0.0,,,,
_DSC9854.tif,2,4,2,2.0,,2.0,,2.0,,2.0,,,,
_DSC9854.tif,2,4,3,0.0,,1.0,,0.0,,0.0,,,,
_DSC9854.tif,2,4,4,4.0,,4.0,,4.0,,4.0,,,,
_DSC9854.tif,2,4,5,1.0,,2.0,,1.0,,1.0,,,,
_DSC9856.tif,1,1,1,0.0,,0.0,,0.0,,,,0.0,,
_DSC9856.tif,1,1,2,0.0,,0.0,,0.0,,,,0.0,,
_DSC9856.tif,1,1,3,0.0,,0.0,,1.0,,,,0.0,,
_DSC9856.tif,1,1,4,0.0,,0.0,,0.0,,,,0.0,,
_DSC9856.tif,1,1,5,4.0,,4.0,,4.0,,,,3.0,,
_DSC9856.tif,1,2,1,0.0,,0.0,,0.0,,,,0.0,,
_DSC9856.tif,1,2,2,0.0,,0.0,,0.0,,,,0.0,,
_DSC9856.tif,1,2,3,2.0,,2.0,,2.0,,,,1.0,,
_DSC9856.tif,1,2,4,0.0,,1.0,,0.0,,,,0.0,,
_DSC9856.tif,1,2,5,2.0,,2.0,,3.0,,,,1.0,,
_DSC9856.tif,1,3,1,3.0,,3.0,,4.0,,,,3.0,,
_DSC9856.tif,1,3,2,2.0,,2.0,,,,,,2.0,,
_DSC9856.tif,1,3,3,0.0,,0.0,,0.0,,,,0.0,,
_DSC9856.tif,1,3,4,1.0,,1.0,,1.0,,,,2.0,,
_DSC9856.tif,1,3,5,0.0,,1.0,,0.0,,,,0.0,,
_DSC9856.tif,1,4,1,4.0,,4.0,,5.0,,,,4.0,,
_DSC9856.tif,1,4,2,0.0,,0.0,,0.0,,,,0.0,,
_DSC9856.tif,1,4,3,0.0,,0.0,,0.0,,,,0.0,,
_DSC9856.tif,1,4,4,4.0,,3.0,,4.0,,,,4.0,,
_DSC9856.tif,1,4,5,0.0,,0.0,,0.0,,,,0.0,,
_DSC9856.tif,2,1,1,0.0,,0.0,,0.0,,,,0.0,,
_DSC9856.tif,2,1,2,5.0,,4.0,,5.0,,,,5.0,,
_DSC9856.tif,2,1,3,0.0,,1.0,,0.0,,,,0.0,,
_DSC9856.tif,2,1,4,0.0,,1.0,,0.0,,,,0.0,,
_DSC9856.tif,2,1,5,0.0,,0.0,,0.0,,,,1.0,,
_DSC9856.tif,2,2,1,0.0,,0.0,,0.0,,,,0.0,,
_DSC9856.tif,2,2,2,3.0,,3.0,,3.0,,,,3.0,,
_DSC9856.tif,2,2,3,0.0,,1.0,,0.0,,,,0.0,,
_DSC9856.tif,2,2,4,0.0,,1.0,,0.0,,,,0.0,,
_DSC9856.tif,2,2,5,2.0,,2.0,,2.0,,,,2.0,,
_DSC9856.tif,2,3,1,2.0,,2.0,,2.0,,,,3.0,,
_DSC9856.tif,2,3,2,0.0,,1.0,,0.0,,,,0.0,,
_DSC9856.tif,2,3,3,4.0,,3.0,,4.0,,,,4.0,,
_DSC9856.tif,2,3,4,0.0,,1.0,,0.0,,,,0.0,,
_DSC9856.tif,2,3,5,0.0,,1.0,,0.0,,,,0.0,,
_DSC9856.tif,2,4,1,4.0,,4.0,,3.0,,,,4.0,,
_DSC9856.tif,2,4,2,0.0,,1.0,,0.0,,,,0.0,,
_DSC9856.tif,2,4,3,4.0,,3.0,,4.0,,,,5.0,,
_DSC9856.tif,2,4,4,1.0,,1.0,,1.0,,,,0.0,,
_DSC9856.tif,2,4,5,0.0,,1.0,,0.0,,,,0.0,,
_DSC9857.tif,1,1,1,0.0,0.0,,,,,,,,0.0,0.0
_DSC9857.tif,1,1,2,3.0,3.0,,,,,,,,3.0,3.0
_DSC9857.tif,1,1,3,0.0,0.0,,,,,,,,0.0,0.0
_DSC9857.tif,1,1,4,2.0,2.0,,,,,,,,2.0,1.0
_DSC9857.tif,1,1,5,0.0,0.0,,,,,,,,0.0,0.0
_DSC9857.tif,1,2,1,0.0,0.0,,,,,,,,0.0,0.0
_DSC9857.tif,1,2,2,0.0,1.0,,,,,,,,0.0,0.0
_DSC9857.tif,1,2,3,0.0,0.0,,,,,,,,0.0,0.0
_DSC9857.tif,1,2,4,1.0,2.0,,,,,,,,1.0,1.0
_DSC9857.tif,1,2,5,0.0,0.0,,,,,,,,0.0,0.0
_DSC9857.tif,1,3,1,0.0,0.0,,,,,,,,0.0,0.0
_DSC9857.tif,1,3,2,0.0,0.0,,,,,,,,0.0,0.0
_DSC9857.tif,1,3,3,1.0,2.0,,,,,,,,1.0,1.0
_DSC9857.tif,1,3,4,0.0,0.0,,,,,,,,0.0,0.0
_DSC9857.tif,1,3,5,4.0,5.0,,,,,,,,4.0,3.0
_DSC9857.tif,1,4,1,0.0,0.0,,,,,,,,0.0,0.0
_DSC9857.tif,1,4,2,0.0,0.0,,,,,,,,0.0,0.0
_DSC9857.tif,1,4,3,0.0,0.0,,,,,,,,0.0,0.0
_DSC9857.tif,1,4,4,0.0,0.0,,,,,,,,0.0,0.0
_DSC9858.tif,1,1,1,2.0,,2.0,,2.0,,,,3.0,,
_DSC9858.tif,1,1,2,4.0,,3.0,,4.0,,,,5.0,,
_DSC9858.tif,1,1,3,5.0,,4.0,,5.0,,,,6.0,,
_DSC9858.tif,1,1,4,4.0,,3.0,,4.0,,,,4.0,,
_DSC9858.tif,1,1,5,0.0,,1.0,,0.0,,,,0.0,,
_DSC9858.tif,1,1,6,5.0,,4.0,,5.0,,,,5.0,,
_DSC9858.tif,1,1,7,6.0,,4.0,,6.0,,,,6.0,,
_DSC9858.tif,1,1,8,4.0,,4.0,,4.0,,,,4.0,,
_DSC9858.tif,1,2,2,4.0,,3.0,,5.0,,,,4.0,,
_DSC9858.tif,1,2,3,5.0,,4.0,,5.0,,,,6.0,,
_DSC9858.tif,1,2,4,2.0,,2.0,,2.0,,,,2.0,,
_DSC9858.tif,1,2,5,0.0,,0.0,,0.0,,,,0.0,,
_DSC9858.tif,1,2,6,3.0,,3.0,,3.0,,,,4.0,,
_DSC9858.tif,1,2,7,4.0,,3.0,,4.0,,,,4.0,,
_DSC9858.tif,1,2,8,4.0,,3.0,,4.0,,,,4.0,,
_DSC9858.tif,1,3,1,4.0,,4.0,,5.0,,,,3.0,,
_DSC9858.tif,1,3,2,1.0,,1.0,,1.0,,,,0.0,,
_DSC9858.tif,1,3,3,5.0,,5.0,,5.0,,,,4.0,,
_DSC9858.tif,1,3,4,4.0,,4.0,,4.0,,,,3.0,,
_DSC9858.tif,1,3,5,3.0,,3.0,,4.0,,,,3.0,,
_DSC9858.tif,1,3,6,0.0,,1.0,,0.0,,,,0.0,,
_DSC9858.tif,1,3,7,4.0,,4.0,,5.0,,,,4.0,,
_DSC9858.tif,1,3,8,5.0,,4.0,,5.0,,,,5.0,,
_DSC9858.tif,1,4,1,4.0,,3.0,,5.0,,,,4.0,,
_DSC9858.tif,1,4,2,0.0,,0.0,,0.0,,,,0.0,,
_DSC9858.tif,1,4,3,3.0,,3.0,,4.0,,,,3.0,,
_DSC9858.tif,1,4,4,3.0,,3.0,,4.0,,,,2.0,,
_DSC9858.tif,1,4,5,2.0,,1.0,,3.0,,,,2.0,,
_DSC9858.tif,1,4,6,0.0,,1.0,,0.0,,,,0.0,,
_DSC9858.tif,1,4,7,5.0,,4.0,,6.0,,,,5.0,,
_DSC9858.tif,1,4,8,5.0,,4.0,,5.0,,,,5.0,,
_DSC9858.tif,2,1,1,5.0,,5.0,,5.0,,,,4.0,,
_DSC9858.tif,2,1,2,4.0,,4.0,,4.0,,,,4.0,,
_DSC9858.tif,2,1,3,0.0,,0.0,,0.0,,,,0.0,,
_DSC9858.tif,2,1,4,2.0,,1.0,,3.0,,,,2.0,,
_DSC9858.tif,2,1,5,2.0,,2.0,,3.0,,,,2.0,,
_DSC9858.tif,2,1,6,3.0,,3.0,,4.0,,,,3.0,,
_DSC9858.tif,2,1,7,0.0,,0.0,,0.0,,,,0.0,,
_DSC9858.tif,2,1,8,4.0,,4.0,,6.0,,,,4.0,,
_DSC9858.tif,2,2,1,5.0,,5.0,,6.0,,,,4.0,,
_DSC9858.tif,2,2,2,4.0,,4.0,,5.0,,,,4.0,,
_DSC9858.tif,2,2,3,0.0,,0.0,,0.0,,,,0.0,,
_DSC9858.tif,2,2,4,4.0,,4.0,,4.0,,,,3.0,,
_DSC9858.tif,2,2,5,3.0,,3.0,,4.0,,,,3.0,,
_DSC9858.tif,2,2,6,4.0,,4.0,,5.0,,,,4.0,,
_DSC9858.tif,2,2,7,1.0,,1.0,,1.0,,,,1.0,,
_DSC9858.tif,2,2,8,4.0,,4.0,,5.0,,,,4.0,,
_DSC9858.tif,2,3,1,4.0,,4.0,,5.0,,,,3.0,,
_DSC9858.tif,2,3,2,4.0,,4.0,,5.0,,,,3.0,,
_DSC9858.tif,2,3,3,3.0,,3.0,,4.0,,,,3.0,,
_DSC9858.tif,2,3,4,0.0,,0.0,,0.0,,,,0.0,,
_DSC9858.tif,2,3,5,3.0,,2.0,,3.0,,,,3.0,,
_DSC9858.tif,2,3,6,5.0,,4.0,,6.0,,,,5.0,,
_DSC9858.tif,2,3,7,4.0,,3.0,,5.0,,,,4.0,,
_DSC9858.tif,2,3,8,0.0,,1.0,,0.0,,,,0.0,,
_DSC9858.tif,2,4,1,4.0,,4.0,,5.0,,,,4.0,,
_DSC9858.tif,2,4,2,4.0,,4.0,,5.0,,,,4.0,,
_DSC9858.tif,2,4,3,4.0,,4.0,,4.0,,,,3.0,,
_DSC9858.tif,2,4,4,0.0,,1.0,,0.0,,,,0.0,,
_DSC9858.tif,2,4,5,4.0,,4.0,,4.0,,,,3.0,,
_DSC9858.tif,2,4,6,4.0,,4.0,,4.0,,,,4.0,,
_DSC9858.tif,2,4,7,4.0,,4.0,,4.0,,,,4.0,,
_DSC9858.tif,2,4,8,1.0,,2.0,,1.0,,,,1.0,,
_DSC9859.tif,1,1,1,2.0,,2.0,,,,1.0,2.0,,,
_DSC9859.tif,1,1,2,5.0,,5.0,,,,5.0,6.0,,,
_DSC9859.tif,1,1,3,5.0,,5.0,,,,5.0,6.0,,,
_DSC9859.tif,1,1,4,3.0,,3.0,,,,3.0,4.0,,,
_DSC9859.tif,1,1,5,0.0,,0.0,,,,0.0,0.0,,,
_DSC9859.tif,1,1,6,4.0,,4.0,,,,4.0,4.0,,,
_DSC9859.tif,1,1,7,4.0,,4.0,,,,5.0,4.0,,,
_DSC9859.tif,1,1,8,4.0,,4.0,,,,4.0,5.0,,,
_DSC9859.tif,1,2,1,0.0,,0.0,,,,0.0,0.0,,,
_DSC9859.tif,1,2,2,5.0,,4.0,,,,5.0,5.0,,,
_DSC9859.tif,1,2,3,4.0,,3.0,,,,4.0,4.0,,,
_DSC9859.tif,1,2,4,3.0,,3.0,,,,4.0,3.0,,,
_DSC9859.tif,1,2,5,0.0,,0.0,,,,0.0,0.0,,,
_DSC9859.tif,1,2,6,5.0,,5.0,,,,6.0,4.0,,,
_DSC9859.tif,1,2,7,5.0,,4.0,,,,5.0,5.0,,,
_DSC9859.tif,1,2,8,4.0,,4.0,,,,5.0,3.0,,,
_DSC9859.tif,1,3,1,4.0,,4.0,,,,4.0,5.0,,,
_DSC9859.tif,1,3,2,1.0,,2.0,,,,1.0,0.0,,,
_DSC9859.tif,1,3,3,5.0,,4.0,,,,5.0,6.0,,,
_DSC9859.tif,1,3,4,3.0,,3.0,,,,3.0,3.0,,,
_DSC9859.tif,1,3,5,3.0,,3.0,,,,4.0,3.0,,,
_DSC9859.tif,1,3,6,2.0,,2.0,,,,2.0,3.0,,,
_DSC9859.tif,1,3,7,6.0,,6.0,,,,5.0,6.0,,,
_DSC9859.tif,1,3,8,3.0,,3.0,,,,4.0,3.0,,,
_DSC9859.tif,2,1,1,6.0,,6.0,,,,6.0,6.0,,,
_DSC9859.tif,2,1,2,4.0,,5.0,,,,4.0,4.0,,,
_DSC9859.tif,2,1,3,0.0,,1.0,,,,0.0,0.0,,,
_DSC9859.tif,2,1,4,3.0,,3.0,,,,3.0,3.0,,,
_DSC9859.tif,2,1,5,3.0,,3.0,,,,3.0,3.0,,,
_DSC9859.tif,2,1,6,4.0,,4.0,,,,4.0,3.0,,,
_DSC9859.tif,2,1,7,0.0,,0.0,,,,0.0,0.0,,,
_DSC9859.tif,2,1,8,5.0,,5.0,,,,6.0,5.0,,,
_DSC9859.tif,2,2,1,6.0,,6.0,,,,5.0,6.0,,,
_DSC9859.tif,2,2,2,5.0,,5.0,,,,5.0,4.0,,,
_DSC9859.tif,2,2,3,0.0,,1.0,,,,0.0,0.0,,,
_DSC9859.tif,2,2,4,3.0,,3.0,,,,3.0,3.0,,,
_DSC9859.tif,2,2,5,3.0,,3.0,,,,4.0,3.0,,,
_DSC9859.tif,2,2,6,3.0,,3.0,,,,4.0,3.0,,,
_DSC9859.tif,2,2,7,0.0,,1.0,,,,0.0,0.0,,,
_DSC9859.tif,2,2,8,5.0,,5.0,,,,5.0,5.0,,,
_DSC9859.tif,2,3,1,4.0,,4.0,,,,5.0,4.0,,,
_DSC9859.tif,2,3,2,4.0,,4.0,,,,5.0,4.0,,,
_DSC9859.tif,2,3,3,2.0,,2.0,,,,2.0,2.0,,,
_DSC9859.tif,2,3,4,0.0,,1.0,,,,0.0,0.0,,,
_DSC9859.tif,2,3,5,2.0,,2.0,,,,2.0,2.0,,,
_DSC9859.tif,2,3,6,3.0,,3.0,,,,3.0,2.0,,,
_DSC9859.tif,2,3,7,3.0,,3.0,,,,3.0,3.0,,,
_DSC9859.tif,2,3,8,0.0,,0.0,,,,1.0,0.0,,,
_DSC9859.tif,2,4,1,5.0,,4.0,,,,6.0,5.0,,,
_DSC9859.tif,2,4,2,4.0,,4.0,,,,4.0,4.0,,,
_DSC9859.tif,2,4,3,4.0,,4.0,,,,4.0,4.0,,,
_DSC9859.tif,2,4,4,0.0,,0.0,,,,0.0,0.0,,,
_DSC9859.tif,2,4,5,4.0,,4.0,,,,4.0,3.0,,,
_DSC9859.tif,2,4,6,4.0,,4.0,,,,5.0,4.0,,,
_DSC9859.tif,2,4,7,5.0,,4.0,,,,5.0,5.0,,,
_DSC9859.tif,2,4,8,3.0,,3.0,,,,3.0,1.0,,,
