img,maxrow,maxcol,row,col,pos,score,x1,x2,y1,y2
\\nbi-ufiles\shared\Research-Groups\Mark-Banfield\Josh_Williams\Scoring_5May\Caroline\DSC_0104.TIF,3,3,1,1,2,1,170,478,616,924
\\nbi-ufiles\shared\Research-Groups\Mark-Banfield\Josh_Williams\Scoring_5May\Caroline\DSC_0104.TIF,3,3,1,1,4,4,710,1012,914,1216
\\nbi-ufiles\shared\Research-Groups\Mark-Banfield\Josh_Williams\Scoring_5May\Caroline\DSC_0104.TIF,3,3,1,1,5,4,794,1062,646,914
\\nbi-ufiles\shared\Research-Groups\Mark-Banfield\Josh_Williams\Scoring_5May\Caroline\DSC_0104.TIF,3,3,1,1,6,4,619,921,316,618
\\nbi-ufiles\shared\Research-Groups\Mark-Banfield\Josh_Williams\Scoring_5May\Caroline\DSC_0104.TIF,3,3,1,3,1,5,2096,2342,310,556
\\nbi-ufiles\shared\Research-Groups\Mark-Banfield\Josh_Williams\Scoring_5May\Caroline\DSC_0104.TIF,3,3,1,3,2,5,1988,2276,576,864
\\nbi-ufiles\shared\Research-Groups\Mark-Banfield\Josh_Williams\Scoring_5May\Caroline\DSC_0104.TIF,3,3,1,3,3,3,1834,2164,816,1146
\\nbi-ufiles\shared\Research-Groups\Mark-Banfield\Josh_Williams\Scoring_5May\Caroline\DSC_0104.TIF,3,3,1,3,4,1,2444,2766,872,1194
\\nbi-ufiles\shared\Research-Groups\Mark-Banfield\Josh_Williams\Scoring_5May\Caroline\DSC_0104.TIF,3,3,2,2,1,1,1146,1404,1806,2064
\\nbi-ufiles\shared\Research-Groups\Mark-Banfield\Josh_Williams\Scoring_5May\Caroline\DSC_0104.TIF,3,3,2,2,2,2,1040,1384,2054,2398
\\nbi-ufiles\shared\Research-Groups\Mark-Banfield\Josh_Williams\Scoring_5May\Caroline\DSC_0104.TIF,3,3,2,2,3,3,1033,1341,2430,2738
\\nbi-ufiles\shared\Research-Groups\Mark-Banfield\Josh_Williams\Scoring_5May\Caroline\DSC_0104.TIF,3,3,2,2,4,2,1532,1854,2388,2710
\\nbi-ufiles\shared\Research-Groups\Mark-Banfield\Josh_Williams\Scoring_5May\Caroline\DSC_0104.TIF,3,3,3,1,2,2,288,548,3244,3504
\\nbi-ufiles\shared\Research-Groups\Mark-Banfield\Josh_Williams\Scoring_5May\Caroline\DSC_0104.TIF,3,3,3,1,4,4,702,1018,3606,3922
\\nbi-ufiles\shared\Research-Groups\Mark-Banfield\Josh_Williams\Scoring_5May\Caroline\DSC_0104.TIF,3,3,3,1,5,4,808,1090,3321,3603
\\nbi-ufiles\shared\Research-Groups\Mark-Banfield\Josh_Williams\Scoring_5May\Caroline\DSC_0104.TIF,3,3,3,1,6,3,702,1012,3030,3340
\\nbi-ufiles\shared\Research-Groups\Mark-Banfield\Josh_Williams\Scoring_5May\Caroline\DSC_0104.TIF,3,3,3,3,1,3,1967,2191,3104,3328
\\nbi-ufiles\shared\Research-Groups\Mark-Banfield\Josh_Williams\Scoring_5May\Caroline\DSC_0104.TIF,3,3,3,3,2,4,1890,2184,3325,3619
\\nbi-ufiles\shared\Research-Groups\Mark-Banfield\Josh_Williams\Scoring_5May\Caroline\DSC_0104.TIF,3,3,3,3,3,4,1848,2142,3588,3882
\\nbi-ufiles\shared\Research-Groups\Mark-Banfield\Josh_Williams\Scoring_5May\Caroline\DSC_0104.TIF,3,3,3,3,4,4,2332,2604,3582,3854
\\nbi-ufiles\shared\Research-Groups\Mark-Banfield\Josh_Williams\Scoring_5May\Caroline\DSC_0108.TIF,3,3,1,1,1,0,497,819,240,562
\\nbi-ufiles\shared\Research-Groups\Mark-Banfield\Josh_Williams\Scoring_5May\Caroline\DSC_0108.TIF,3,3,1,1,6,1,812,1128,176,492
\\nbi-ufiles\shared\Research-Groups\Mark-Banfield\Josh_Williams\Scoring_5May\Caroline\DSC_0108.TIF,3,3,1,3,2,0,2026,2482,626,1082
\\nbi-ufiles\shared\Research-Groups\Mark-Banfield\Josh_Williams\Scoring_5May\Caroline\DSC_0108.TIF,3,3,1,3,5,3,2693,3043,718,1068
\\nbi-ufiles\shared\Research-Groups\Mark-Banfield\Josh_Williams\Scoring_5May\Caroline\DSC_0108.TIF,3,3,2,2,1,0,1268,1584,1510,1826
\\nbi-ufiles\shared\Research-Groups\Mark-Banfield\Josh_Williams\Scoring_5May\Caroline\DSC_0108.TIF,3,3,2,2,2,4,1191,1549,1840,2198
\\nbi-ufiles\shared\Research-Groups\Mark-Banfield\Josh_Williams\Scoring_5May\Caroline\DSC_0108.TIF,3,3,2,2,5,1,1739,2075,1876,2212
\\nbi-ufiles\shared\Research-Groups\Mark-Banfield\Josh_Williams\Scoring_5May\Caroline\DSC_0108.TIF,3,3,3,1,3,1,388,808,3589,4009
\\nbi-ufiles\shared\Research-Groups\Mark-Banfield\Josh_Williams\Scoring_5May\Caroline\DSC_0108.TIF,3,3,3,1,4,0,1032,1412,3574,3954
\\nbi-ufiles\shared\Research-Groups\Mark-Banfield\Josh_Williams\Scoring_5May\Caroline\DSC_0108.TIF,3,3,3,3,2,0,1946,2248,3322,3624
\\nbi-ufiles\shared\Research-Groups\Mark-Banfield\Josh_Williams\Scoring_5May\Caroline\DSC_0108.TIF,3,3,3,3,5,0,2528,2866,3317,3655
\\nbi-ufiles\shared\Research-Groups\Mark-Banfield\Josh_Williams\Scoring_5May\Caroline\DSC_0111.TIF,3,3,1,1,2,1,303,625,682,1004
\\nbi-ufiles\shared\Research-Groups\Mark-Banfield\Josh_Williams\Scoring_5May\Caroline\DSC_0111.TIF,3,3,1,1,4,1,882,1240,1012,1370
\\nbi-ufiles\shared\Research-Groups\Mark-Banfield\Josh_Williams\Scoring_5May\Caroline\DSC_0111.TIF,3,3,1,1,5,3,945,1283,702,1040
\\nbi-ufiles\shared\Research-Groups\Mark-Banfield\Josh_Williams\Scoring_5May\Caroline\DSC_0111.TIF,3,3,1,1,6,2,819,1121,450,752
\\nbi-ufiles\shared\Research-Groups\Mark-Banfield\Josh_Williams\Scoring_5May\Caroline\DSC_0111.TIF,3,3,1,3,1,0,2121,2361,492,732
\\nbi-ufiles\shared\Research-Groups\Mark-Banfield\Josh_Williams\Scoring_5May\Caroline\DSC_0111.TIF,3,3,1,3,2,0,2002,2276,784,1058
\\nbi-ufiles\shared\Research-Groups\Mark-Banfield\Josh_Williams\Scoring_5May\Caroline\DSC_0111.TIF,3,3,1,3,3,3,1938,2254,1068,1384
\\nbi-ufiles\shared\Research-Groups\Mark-Banfield\Josh_Williams\Scoring_5May\Caroline\DSC_0111.TIF,3,3,1,3,4,1,2402,2752,1093,1443
\\nbi-ufiles\shared\Research-Groups\Mark-Banfield\Josh_Williams\Scoring_5May\Caroline\DSC_0111.TIF,3,3,2,2,1,1,1240,1528,1834,2122
\\nbi-ufiles\shared\Research-Groups\Mark-Banfield\Josh_Williams\Scoring_5May\Caroline\DSC_0111.TIF,3,3,2,2,2,1,1145,1461,2114,2430
\\nbi-ufiles\shared\Research-Groups\Mark-Banfield\Josh_Williams\Scoring_5May\Caroline\DSC_0111.TIF,3,3,2,2,3,2,1090,1420,2391,2721
\\nbi-ufiles\shared\Research-Groups\Mark-Banfield\Josh_Williams\Scoring_5May\Caroline\DSC_0111.TIF,3,3,2,2,4,1,1686,2008,2399,2721
\\nbi-ufiles\shared\Research-Groups\Mark-Banfield\Josh_Williams\Scoring_5May\Caroline\DSC_0111.TIF,3,3,3,1,2,0,436,794,3245,3603
\\nbi-ufiles\shared\Research-Groups\Mark-Banfield\Josh_Williams\Scoring_5May\Caroline\DSC_0111.TIF,3,3,3,1,4,1,1058,1402,3652,3996
\\nbi-ufiles\shared\Research-Groups\Mark-Banfield\Josh_Williams\Scoring_5May\Caroline\DSC_0111.TIF,3,3,3,1,5,2,1057,1353,3328,3624
\\nbi-ufiles\shared\Research-Groups\Mark-Banfield\Josh_Williams\Scoring_5May\Caroline\DSC_0111.TIF,3,3,3,1,6,0,914,1174,3040,3300
\\nbi-ufiles\shared\Research-Groups\Mark-Banfield\Josh_Williams\Scoring_5May\Caroline\DSC_0111.TIF,3,3,3,3,1,0,2142,2422,3157,3437
\\nbi-ufiles\shared\Research-Groups\Mark-Banfield\Josh_Williams\Scoring_5May\Caroline\DSC_0111.TIF,3,3,3,3,2,1,1980,2310,3444,3774
\\nbi-ufiles\shared\Research-Groups\Mark-Banfield\Josh_Williams\Scoring_5May\Caroline\DSC_0111.TIF,3,3,3,3,3,1,1960,2276,3823,4139
\\nbi-ufiles\shared\Research-Groups\Mark-Banfield\Josh_Williams\Scoring_5May\Caroline\DSC_0111.TIF,3,3,3,3,4,0,2511,2877,3756,4122
\\nbi-ufiles\shared\Research-Groups\Mark-Banfield\Josh_Williams\Scoring_5May\Caroline\DSC_0208.TIF,3,3,1,1,1,4,678,882,1054,1258
\\nbi-ufiles\shared\Research-Groups\Mark-Banfield\Josh_Williams\Scoring_5May\Caroline\DSC_0208.TIF,3,3,1,1,2,4,542,788,1313,1559
\\nbi-ufiles\shared\Research-Groups\Mark-Banfield\Josh_Williams\Scoring_5May\Caroline\DSC_0208.TIF,3,3,1,1,3,3,584,844,1521,1781
\\nbi-ufiles\shared\Research-Groups\Mark-Banfield\Josh_Williams\Scoring_5May\Caroline\DSC_0208.TIF,3,3,1,1,6,2,920,1160,1007,1247
\\nbi-ufiles\shared\Research-Groups\Mark-Banfield\Josh_Williams\Scoring_5May\Caroline\DSC_0208.TIF,3,3,1,3,1,4,2310,2500,1275,1465
\\nbi-ufiles\shared\Research-Groups\Mark-Banfield\Josh_Williams\Scoring_5May\Caroline\DSC_0208.TIF,3,3,1,3,2,4,2226,2422,1486,1682
\\nbi-ufiles\shared\Research-Groups\Mark-Banfield\Josh_Williams\Scoring_5May\Caroline\DSC_0208.TIF,3,3,1,3,3,4,2220,2430,1655,1865
\\nbi-ufiles\shared\Research-Groups\Mark-Banfield\Josh_Williams\Scoring_5May\Caroline\DSC_0208.TIF,3,3,1,3,6,3,2522,2710,1212,1400
\\nbi-ufiles\shared\Research-Groups\Mark-Banfield\Josh_Williams\Scoring_5May\Caroline\DSC_0208.TIF,3,3,2,2,3,6,1462,1706,2578,2822
\\nbi-ufiles\shared\Research-Groups\Mark-Banfield\Josh_Williams\Scoring_5May\Caroline\DSC_0208.TIF,3,3,2,2,4,5,1861,2051,2626,2816
\\nbi-ufiles\shared\Research-Groups\Mark-Banfield\Josh_Williams\Scoring_5May\Caroline\DSC_0208.TIF,3,3,2,2,5,5,1812,2022,2409,2619
\\nbi-ufiles\shared\Research-Groups\Mark-Banfield\Josh_Williams\Scoring_5May\Caroline\DSC_0208.TIF,3,3,2,2,6,6,1798,1980,2230,2412
\\nbi-ufiles\shared\Research-Groups\Mark-Banfield\Josh_Williams\Scoring_5May\Caroline\DSC_0208.TIF,3,3,3,1,1,1,906,1180,3462,3736
\\nbi-ufiles\shared\Research-Groups\Mark-Banfield\Josh_Williams\Scoring_5May\Caroline\DSC_0208.TIF,3,3,3,1,2,1,788,1090,3760,4062
\\nbi-ufiles\shared\Research-Groups\Mark-Banfield\Josh_Williams\Scoring_5May\Caroline\DSC_0208.TIF,3,3,3,1,3,2,682,956,4031,4305
\\nbi-ufiles\shared\Research-Groups\Mark-Banfield\Josh_Williams\Scoring_5May\Caroline\DSC_0208.TIF,3,3,3,1,4,2,1286,1566,4076,4356
\\nbi-ufiles\shared\Research-Groups\Mark-Banfield\Josh_Williams\Scoring_5May\Caroline\DSC_0208.TIF,3,3,3,3,2,2,2100,2338,3774,4012
\\nbi-ufiles\shared\Research-Groups\Mark-Banfield\Josh_Williams\Scoring_5May\Caroline\DSC_0208.TIF,3,3,3,3,4,2,2556,2852,4051,4347
\\nbi-ufiles\shared\Research-Groups\Mark-Banfield\Josh_Williams\Scoring_5May\Caroline\DSC_0208.TIF,3,3,3,3,5,3,2602,2870,3798,4066
\\nbi-ufiles\shared\Research-Groups\Mark-Banfield\Josh_Williams\Scoring_5May\Caroline\DSC_0208.TIF,3,3,3,3,6,2,2556,2788,3620,3852
\\nbi-ufiles\shared\Research-Groups\Mark-Banfield\Josh_Williams\Scoring_5May\Caroline\DSC_0209.TIF,3,3,1,1,1,0,654,962,658,966
\\nbi-ufiles\shared\Research-Groups\Mark-Banfield\Josh_Williams\Scoring_5May\Caroline\DSC_0209.TIF,3,3,1,1,6,0,952,1232,682,962
\\nbi-ufiles\shared\Research-Groups\Mark-Banfield\Josh_Williams\Scoring_5May\Caroline\DSC_0209.TIF,3,3,1,3,2,0,2114,2402,1032,1320
\\nbi-ufiles\shared\Research-Groups\Mark-Banfield\Josh_Williams\Scoring_5May\Caroline\DSC_0209.TIF,3,3,1,3,5,1,2714,3066,990,1342
\\nbi-ufiles\shared\Research-Groups\Mark-Banfield\Josh_Williams\Scoring_5May\Caroline\DSC_0209.TIF,3,3,2,2,2,1,1300,1588,2192,2480
\\nbi-ufiles\shared\Research-Groups\Mark-Banfield\Josh_Williams\Scoring_5May\Caroline\DSC_0209.TIF,3,3,2,2,5,1,1918,2218,2136,2436
\\nbi-ufiles\shared\Research-Groups\Mark-Banfield\Josh_Williams\Scoring_5May\Caroline\DSC_0209.TIF,3,3,3,1,1,0,643,953,3230,3540
\\nbi-ufiles\shared\Research-Groups\Mark-Banfield\Josh_Williams\Scoring_5May\Caroline\DSC_0209.TIF,3,3,3,1,6,1,942,1286,3191,3535
\\nbi-ufiles\shared\Research-Groups\Mark-Banfield\Josh_Williams\Scoring_5May\Caroline\DSC_0209.TIF,3,3,3,3,1,1,2296,2592,3609,3905
\\nbi-ufiles\shared\Research-Groups\Mark-Banfield\Josh_Williams\Scoring_5May\Caroline\DSC_0209.TIF,3,3,3,3,6,0,2623,2953,3574,3904
\\nbi-ufiles\shared\Research-Groups\Mark-Banfield\Josh_Williams\Scoring_5May\Caroline\DSC_0212.TIF,3,3,1,1,1,4,604,850,840,1086
\\nbi-ufiles\shared\Research-Groups\Mark-Banfield\Josh_Williams\Scoring_5May\Caroline\DSC_0212.TIF,3,3,1,1,2,3,444,688,1111,1355
\\nbi-ufiles\shared\Research-Groups\Mark-Banfield\Josh_Williams\Scoring_5May\Caroline\DSC_0212.TIF,3,3,1,1,3,3,436,682,1380,1626
\\nbi-ufiles\shared\Research-Groups\Mark-Banfield\Josh_Williams\Scoring_5May\Caroline\DSC_0212.TIF,3,3,1,1,6,2,886,1130,788,1032
\\nbi-ufiles\shared\Research-Groups\Mark-Banfield\Josh_Williams\Scoring_5May\Caroline\DSC_0212.TIF,3,3,1,3,3,1,2110,2342,1314,1546
\\nbi-ufiles\shared\Research-Groups\Mark-Banfield\Josh_Williams\Scoring_5May\Caroline\DSC_0212.TIF,3,3,1,3,4,4,2637,2925,1384,1672
\\nbi-ufiles\shared\Research-Groups\Mark-Banfield\Josh_Williams\Scoring_5May\Caroline\DSC_0212.TIF,3,3,1,3,5,2,2626,2886,1096,1356
\\nbi-ufiles\shared\Research-Groups\Mark-Banfield\Josh_Williams\Scoring_5May\Caroline\DSC_0212.TIF,3,3,1,3,6,0,2573,2819,816,1062
\\nbi-ufiles\shared\Research-Groups\Mark-Banfield\Josh_Williams\Scoring_5May\Caroline\DSC_0212.TIF,3,3,2,2,1,2,1476,1706,2020,2250
\\nbi-ufiles\shared\Research-Groups\Mark-Banfield\Josh_Williams\Scoring_5May\Caroline\DSC_0212.TIF,3,3,2,2,4,2,1798,2064,2514,2780
\\nbi-ufiles\shared\Research-Groups\Mark-Banfield\Josh_Williams\Scoring_5May\Caroline\DSC_0212.TIF,3,3,2,2,6,1,1748,1946,2036,2234
\\nbi-ufiles\shared\Research-Groups\Mark-Banfield\Josh_Williams\Scoring_5May\Caroline\DSC_0212.TIF,3,3,3,1,2,1,646,900,3693,3947
\\nbi-ufiles\shared\Research-Groups\Mark-Banfield\Josh_Williams\Scoring_5May\Caroline\DSC_0212.TIF,3,3,3,1,5,3,1170,1458,3630,3918
\\nbi-ufiles\shared\Research-Groups\Mark-Banfield\Josh_Williams\Scoring_5May\Caroline\DSC_0212.TIF,3,3,3,3,1,1,2408,2626,3616,3834
\\nbi-ufiles\shared\Research-Groups\Mark-Banfield\Josh_Williams\Scoring_5May\Caroline\DSC_0212.TIF,3,3,3,3,2,1,2339,2627,3812,4100
\\nbi-ufiles\shared\Research-Groups\Mark-Banfield\Josh_Williams\Scoring_5May\Caroline\DSC_0212.TIF,3,3,3,3,3,3,2244,2540,4072,4368
\\nbi-ufiles\shared\Research-Groups\Mark-Banfield\Josh_Williams\Scoring_5May\Caroline\DSC_0212.TIF,3,3,3,3,4,2,2742,3038,4128,4424
\\nbi-ufiles\shared\Research-Groups\Mark-Banfield\Josh_Williams\Scoring_5May\Caroline\DSC_0216.TIF,3,3,1,1,3,3,344,612,1309,1577
\\nbi-ufiles\shared\Research-Groups\Mark-Banfield\Josh_Williams\Scoring_5May\Caroline\DSC_0216.TIF,3,3,1,1,4,4,934,1208,1362,1636
\\nbi-ufiles\shared\Research-Groups\Mark-Banfield\Josh_Williams\Scoring_5May\Caroline\DSC_0216.TIF,3,3,1,1,5,3,925,1155,1146,1376
\\nbi-ufiles\shared\Research-Groups\Mark-Banfield\Josh_Williams\Scoring_5May\Caroline\DSC_0216.TIF,3,3,1,1,6,3,909,1149,850,1090
\\nbi-ufiles\shared\Research-Groups\Mark-Banfield\Josh_Williams\Scoring_5May\Caroline\DSC_0216.TIF,3,3,1,3,1,3,2335,2581,934,1180
\\nbi-ufiles\shared\Research-Groups\Mark-Banfield\Josh_Williams\Scoring_5May\Caroline\DSC_0216.TIF,3,3,1,3,2,3,2206,2536,1188,1518
\\nbi-ufiles\shared\Research-Groups\Mark-Banfield\Josh_Williams\Scoring_5May\Caroline\DSC_0216.TIF,3,3,1,3,4,0,2676,2900,1455,1679
\\nbi-ufiles\shared\Research-Groups\Mark-Banfield\Josh_Williams\Scoring_5May\Caroline\DSC_0216.TIF,3,3,1,3,5,1,2626,2852,1176,1402
\\nbi-ufiles\shared\Research-Groups\Mark-Banfield\Josh_Williams\Scoring_5May\Caroline\DSC_0216.TIF,3,3,1,3,6,3,2570,2816,927,1173
\\nbi-ufiles\shared\Research-Groups\Mark-Banfield\Josh_Williams\Scoring_5May\Caroline\DSC_0216.TIF,3,3,2,2,1,2,1191,1437,2044,2290
\\nbi-ufiles\shared\Research-Groups\Mark-Banfield\Josh_Williams\Scoring_5May\Caroline\DSC_0216.TIF,3,3,2,2,2,3,1111,1377,2318,2584
\\nbi-ufiles\shared\Research-Groups\Mark-Banfield\Josh_Williams\Scoring_5May\Caroline\DSC_0216.TIF,3,3,2,2,3,3,1159,1419,2578,2838
\\nbi-ufiles\shared\Research-Groups\Mark-Banfield\Josh_Williams\Scoring_5May\Caroline\DSC_0216.TIF,3,3,2,2,4,2,1637,1917,2606,2886
\\nbi-ufiles\shared\Research-Groups\Mark-Banfield\Josh_Williams\Scoring_5May\Caroline\DSC_0216.TIF,3,3,3,1,1,2,787,971,3342,3526
\\nbi-ufiles\shared\Research-Groups\Mark-Banfield\Josh_Williams\Scoring_5May\Caroline\DSC_0216.TIF,3,3,3,1,4,3,1047,1307,3876,4136
\\nbi-ufiles\shared\Research-Groups\Mark-Banfield\Josh_Williams\Scoring_5May\Caroline\DSC_0216.TIF,3,3,3,1,5,3,1004,1300,3573,3869
\\nbi-ufiles\shared\Research-Groups\Mark-Banfield\Josh_Williams\Scoring_5May\Caroline\DSC_0216.TIF,3,3,3,1,6,4,987,1211,3364,3588
\\nbi-ufiles\shared\Research-Groups\Mark-Banfield\Josh_Williams\Scoring_5May\Caroline\DSC_0216.TIF,3,3,3,3,1,1,2234,2480,3342,3588
\\nbi-ufiles\shared\Research-Groups\Mark-Banfield\Josh_Williams\Scoring_5May\Caroline\DSC_0216.TIF,3,3,3,3,2,2,2039,2363,3560,3884
\\nbi-ufiles\shared\Research-Groups\Mark-Banfield\Josh_Williams\Scoring_5May\Caroline\DSC_0216.TIF,3,3,3,3,3,2,2078,2366,3851,4139
\\nbi-ufiles\shared\Research-Groups\Mark-Banfield\Josh_Williams\Scoring_5May\Caroline\DSC_0216.TIF,3,3,3,3,5,2,2620,2894,3543,3817
\\nbi-ufiles\shared\Research-Groups\Mark-Banfield\Josh_Williams\Scoring_5May\Caroline\DSC_0217.TIF,3,3,1,1,1,4,324,598,872,1146
\\nbi-ufiles\shared\Research-Groups\Mark-Banfield\Josh_Williams\Scoring_5May\Caroline\DSC_0217.TIF,3,3,1,1,2,3,166,440,1082,1356
\\nbi-ufiles\shared\Research-Groups\Mark-Banfield\Josh_Williams\Scoring_5May\Caroline\DSC_0217.TIF,3,3,1,1,3,3,177,485,1370,1678
\\nbi-ufiles\shared\Research-Groups\Mark-Banfield\Josh_Williams\Scoring_5May\Caroline\DSC_0217.TIF,3,3,1,1,5,0,843,1125,1138,1420
\\nbi-ufiles\shared\Research-Groups\Mark-Banfield\Josh_Williams\Scoring_5May\Caroline\DSC_0217.TIF,3,3,1,3,3,0,2022,2464,1338,1780
\\nbi-ufiles\shared\Research-Groups\Mark-Banfield\Josh_Williams\Scoring_5May\Caroline\DSC_0217.TIF,3,3,1,3,4,1,2756,3128,1434,1806
\\nbi-ufiles\shared\Research-Groups\Mark-Banfield\Josh_Williams\Scoring_5May\Caroline\DSC_0217.TIF,3,3,1,3,5,1,2752,3132,1054,1434
\\nbi-ufiles\shared\Research-Groups\Mark-Banfield\Josh_Williams\Scoring_5May\Caroline\DSC_0217.TIF,3,3,1,3,6,1,2634,2978,657,1001
\\nbi-ufiles\shared\Research-Groups\Mark-Banfield\Josh_Williams\Scoring_5May\Caroline\DSC_0217.TIF,3,3,2,2,1,2,1408,1718,1868,2178
\\nbi-ufiles\shared\Research-Groups\Mark-Banfield\Josh_Williams\Scoring_5May\Caroline\DSC_0217.TIF,3,3,2,2,2,2,1230,1580,2160,2510
\\nbi-ufiles\shared\Research-Groups\Mark-Banfield\Josh_Williams\Scoring_5May\Caroline\DSC_0217.TIF,3,3,2,2,3,2,1258,1588,2564,2894
\\nbi-ufiles\shared\Research-Groups\Mark-Banfield\Josh_Williams\Scoring_5May\Caroline\DSC_0217.TIF,3,3,2,2,6,0,1742,2064,1824,2146
\\nbi-ufiles\shared\Research-Groups\Mark-Banfield\Josh_Williams\Scoring_5May\Caroline\DSC_0217.TIF,3,3,3,1,1,2,1054,1300,3328,3574
\\nbi-ufiles\shared\Research-Groups\Mark-Banfield\Josh_Williams\Scoring_5May\Caroline\DSC_0217.TIF,3,3,3,1,2,2,970,1334,3582,3946
\\nbi-ufiles\shared\Research-Groups\Mark-Banfield\Josh_Williams\Scoring_5May\Caroline\DSC_0217.TIF,3,3,3,1,3,2,864,1188,3974,4298
\\nbi-ufiles\shared\Research-Groups\Mark-Banfield\Josh_Williams\Scoring_5May\Caroline\DSC_0217.TIF,3,3,3,1,6,0,1320,1658,3240,3578
\\nbi-ufiles\shared\Research-Groups\Mark-Banfield\Josh_Williams\Scoring_5May\Caroline\DSC_0217.TIF,3,3,3,3,1,2,2269,2571,3610,3912
\\nbi-ufiles\shared\Research-Groups\Mark-Banfield\Josh_Williams\Scoring_5May\Caroline\DSC_0217.TIF,3,3,3,3,2,1,2178,2508,3873,4203
\\nbi-ufiles\shared\Research-Groups\Mark-Banfield\Josh_Williams\Scoring_5May\Caroline\DSC_0217.TIF,3,3,3,3,3,1,2213,2493,4192,4472
\\nbi-ufiles\shared\Research-Groups\Mark-Banfield\Josh_Williams\Scoring_5May\Caroline\DSC_0217.TIF,3,3,3,3,5,0,2766,3110,3735,4079
\\nbi-ufiles\shared\Research-Groups\Mark-Banfield\Josh_Williams\Scoring_5May\Caroline\DSC_3613.tif,3,3,1,2,1,4,1580,1854,745,1019
\\nbi-ufiles\shared\Research-Groups\Mark-Banfield\Josh_Williams\Scoring_5May\Caroline\DSC_3613.tif,3,3,1,2,2,4,1373,1675,934,1236
\\nbi-ufiles\shared\Research-Groups\Mark-Banfield\Josh_Williams\Scoring_5May\Caroline\DSC_3613.tif,3,3,1,2,3,4,1454,1756,1236,1538
\\nbi-ufiles\shared\Research-Groups\Mark-Banfield\Josh_Williams\Scoring_5May\Caroline\DSC_3613.tif,3,3,2,1,4,3,1173,1461,2184,2472
\\nbi-ufiles\shared\Research-Groups\Mark-Banfield\Josh_Williams\Scoring_5May\Caroline\DSC_3613.tif,3,3,2,1,5,4,1201,1503,1826,2128
\\nbi-ufiles\shared\Research-Groups\Mark-Banfield\Josh_Williams\Scoring_5May\Caroline\DSC_3613.tif,3,3,2,1,6,3,1090,1390,1529,1829
\\nbi-ufiles\shared\Research-Groups\Mark-Banfield\Josh_Williams\Scoring_5May\Caroline\DSC_3613.tif,3,3,2,3,4,3,2603,2897,2290,2584
\\nbi-ufiles\shared\Research-Groups\Mark-Banfield\Josh_Williams\Scoring_5May\Caroline\DSC_3613.tif,3,3,2,3,5,4,2682,2936,1952,2206
\\nbi-ufiles\shared\Research-Groups\Mark-Banfield\Josh_Williams\Scoring_5May\Caroline\DSC_3613.tif,3,3,2,3,6,4,2542,2830,1643,1931
\\nbi-ufiles\shared\Research-Groups\Mark-Banfield\Josh_Williams\Scoring_5May\Caroline\DSC_3613.tif,3,3,3,1,1,4,674,942,2925,3193
\\nbi-ufiles\shared\Research-Groups\Mark-Banfield\Josh_Williams\Scoring_5May\Caroline\DSC_3613.tif,3,3,3,1,2,4,590,844,3159,3413
\\nbi-ufiles\shared\Research-Groups\Mark-Banfield\Josh_Williams\Scoring_5May\Caroline\DSC_3613.tif,3,3,3,1,3,4,632,934,3447,3749
\\nbi-ufiles\shared\Research-Groups\Mark-Banfield\Josh_Williams\Scoring_5May\Caroline\DSC_3613.tif,3,3,3,3,1,4,2064,2310,3124,3370
\\nbi-ufiles\shared\Research-Groups\Mark-Banfield\Josh_Williams\Scoring_5May\Caroline\DSC_3613.tif,3,3,3,3,2,3,1904,2206,3353,3655
\\nbi-ufiles\shared\Research-Groups\Mark-Banfield\Josh_Williams\Scoring_5May\Caroline\DSC_3613.tif,3,3,3,3,3,3,1932,2282,3610,3960
\\nbi-ufiles\shared\Research-Groups\Mark-Banfield\Josh_Williams\Scoring_5May\Caroline\DSC_3618.tif,3,3,1,2,1,2,1328,1588,724,984
\\nbi-ufiles\shared\Research-Groups\Mark-Banfield\Josh_Williams\Scoring_5May\Caroline\DSC_3618.tif,3,3,1,2,2,2,1220,1472,942,1194
\\nbi-ufiles\shared\Research-Groups\Mark-Banfield\Josh_Williams\Scoring_5May\Caroline\DSC_3618.tif,3,3,1,2,3,3,1142,1500,1188,1546
\\nbi-ufiles\shared\Research-Groups\Mark-Banfield\Josh_Williams\Scoring_5May\Caroline\DSC_3618.tif,3,3,2,1,1,2,872,1090,1664,1882
\\nbi-ufiles\shared\Research-Groups\Mark-Banfield\Josh_Williams\Scoring_5May\Caroline\DSC_3618.tif,3,3,2,1,2,1,643,951,1834,2142
\\nbi-ufiles\shared\Research-Groups\Mark-Banfield\Josh_Williams\Scoring_5May\Caroline\DSC_3618.tif,3,3,2,1,3,1,632,928,2102,2398
\\nbi-ufiles\shared\Research-Groups\Mark-Banfield\Josh_Williams\Scoring_5May\Caroline\DSC_3618.tif,3,3,2,3,1,4,1994,2282,1651,1939
\\nbi-ufiles\shared\Research-Groups\Mark-Banfield\Josh_Williams\Scoring_5May\Caroline\DSC_3618.tif,3,3,2,3,2,4,1784,2142,1882,2240
\\nbi-ufiles\shared\Research-Groups\Mark-Banfield\Josh_Williams\Scoring_5May\Caroline\DSC_3618.tif,3,3,2,3,3,3,1854,2170,2220,2536
\\nbi-ufiles\shared\Research-Groups\Mark-Banfield\Josh_Williams\Scoring_5May\Caroline\DSC_3618.tif,3,3,3,1,1,4,967,1219,3020,3272
\\nbi-ufiles\shared\Research-Groups\Mark-Banfield\Josh_Williams\Scoring_5May\Caroline\DSC_3618.tif,3,3,3,1,2,3,738,1054,3191,3507
\\nbi-ufiles\shared\Research-Groups\Mark-Banfield\Josh_Williams\Scoring_5May\Caroline\DSC_3618.tif,3,3,3,1,3,3,791,1071,3526,3806
\\nbi-ufiles\shared\Research-Groups\Mark-Banfield\Josh_Williams\Scoring_5May\Caroline\DSC_3618.tif,3,3,3,3,4,2,2553,2869,3504,3820
\\nbi-ufiles\shared\Research-Groups\Mark-Banfield\Josh_Williams\Scoring_5May\Caroline\DSC_3618.tif,3,3,3,3,5,2,2494,2830,3171,3507
\\nbi-ufiles\shared\Research-Groups\Mark-Banfield\Josh_Williams\Scoring_5May\Caroline\DSC_3618.tif,3,3,3,3,6,2,2296,2592,2907,3203
\\nbi-ufiles\shared\Research-Groups\Mark-Banfield\Josh_Williams\Scoring_5May\Caroline\DSC_9237.TIF,3,3,1,1,1,4,583,891,170,478
\\nbi-ufiles\shared\Research-Groups\Mark-Banfield\Josh_Williams\Scoring_5May\Caroline\DSC_9237.TIF,3,3,1,1,6,5,924,1176,206,458
\\nbi-ufiles\shared\Research-Groups\Mark-Banfield\Josh_Williams\Scoring_5May\Caroline\DSC_9237.TIF,3,3,1,3,2,3,3637,3903,440,706
\\nbi-ufiles\shared\Research-Groups\Mark-Banfield\Josh_Williams\Scoring_5May\Caroline\DSC_9237.TIF,3,3,1,3,5,3,4171,4437,454,720
\\nbi-ufiles\shared\Research-Groups\Mark-Banfield\Josh_Williams\Scoring_5May\Caroline\DSC_9237.TIF,3,3,2,2,1,2,2112,2402,821,1111
\\nbi-ufiles\shared\Research-Groups\Mark-Banfield\Josh_Williams\Scoring_5May\Caroline\DSC_9237.TIF,3,3,2,2,6,1,2430,2678,841,1089
\\nbi-ufiles\shared\Research-Groups\Mark-Banfield\Josh_Williams\Scoring_5May\Caroline\DSC_9237.TIF,3,3,3,1,1,3,772,1038,1596,1862
\\nbi-ufiles\shared\Research-Groups\Mark-Banfield\Josh_Williams\Scoring_5May\Caroline\DSC_9237.TIF,3,3,3,1,6,4,1070,1332,1571,1833
\\nbi-ufiles\shared\Research-Groups\Mark-Banfield\Josh_Williams\Scoring_5May\Caroline\DSC_9237.TIF,3,3,3,3,2,2,3514,3800,1949,2235
\\nbi-ufiles\shared\Research-Groups\Mark-Banfield\Josh_Williams\Scoring_5May\Caroline\DSC_9237.TIF,3,3,3,3,5,3,4112,4360,2024,2272
\\nbi-ufiles\shared\Research-Groups\Mark-Banfield\Josh_Williams\Scoring_5May\Caroline\_DSC0023.tif,2,4,1,1,1,3,456,688,948,1180
\\nbi-ufiles\shared\Research-Groups\Mark-Banfield\Josh_Williams\Scoring_5May\Caroline\_DSC0023.tif,2,4,1,1,2,0,312,582,1143,1413
\\nbi-ufiles\shared\Research-Groups\Mark-Banfield\Josh_Williams\Scoring_5May\Caroline\_DSC0023.tif,2,4,1,1,3,2,286,540,1378,1632
\\nbi-ufiles\shared\Research-Groups\Mark-Banfield\Josh_Williams\Scoring_5May\Caroline\_DSC0023.tif,2,4,1,1,4,0,402,636,1616,1850
\\nbi-ufiles\shared\Research-Groups\Mark-Banfield\Josh_Williams\Scoring_5May\Caroline\_DSC0023.tif,2,4,1,1,5,0,742,1000,1575,1833
\\nbi-ufiles\shared\Research-Groups\Mark-Banfield\Josh_Williams\Scoring_5May\Caroline\_DSC0023.tif,2,4,1,1,6,1,868,1128,1351,1611
\\nbi-ufiles\shared\Research-Groups\Mark-Banfield\Josh_Williams\Scoring_5May\Caroline\_DSC0023.tif,2,4,1,1,7,0,895,1105,1144,1354
\\nbi-ufiles\shared\Research-Groups\Mark-Banfield\Josh_Williams\Scoring_5May\Caroline\_DSC0023.tif,2,4,1,1,8,1,726,948,942,1164
\\nbi-ufiles\shared\Research-Groups\Mark-Banfield\Josh_Williams\Scoring_5May\Caroline\_DSC0023.tif,2,4,1,2,1,3,1706,1960,926,1180
\\nbi-ufiles\shared\Research-Groups\Mark-Banfield\Josh_Williams\Scoring_5May\Caroline\_DSC0023.tif,2,4,1,2,2,0,1492,1778,1085,1371
\\nbi-ufiles\shared\Research-Groups\Mark-Banfield\Josh_Williams\Scoring_5May\Caroline\_DSC0023.tif,2,4,1,2,3,0,1412,1736,1348,1672
\\nbi-ufiles\shared\Research-Groups\Mark-Banfield\Josh_Williams\Scoring_5May\Caroline\_DSC0023.tif,2,4,1,2,4,0,1609,1831,1560,1782
\\nbi-ufiles\shared\Research-Groups\Mark-Banfield\Josh_Williams\Scoring_5May\Caroline\_DSC0023.tif,2,4,1,2,5,0,2000,2286,1634,1920
\\nbi-ufiles\shared\Research-Groups\Mark-Banfield\Josh_Williams\Scoring_5May\Caroline\_DSC0023.tif,2,4,1,2,6,0,2169,2413,1450,1694
\\nbi-ufiles\shared\Research-Groups\Mark-Banfield\Josh_Williams\Scoring_5May\Caroline\_DSC0023.tif,2,4,1,2,7,0,2146,2384,1212,1450
\\nbi-ufiles\shared\Research-Groups\Mark-Banfield\Josh_Williams\Scoring_5May\Caroline\_DSC0023.tif,2,4,1,2,8,0,1974,2244,936,1206
\\nbi-ufiles\shared\Research-Groups\Mark-Banfield\Josh_Williams\Scoring_5May\Caroline\_DSC0023.tif,2,4,1,3,1,0,3248,3448,877,1077
\\nbi-ufiles\shared\Research-Groups\Mark-Banfield\Josh_Williams\Scoring_5May\Caroline\_DSC0023.tif,2,4,1,3,2,4,3132,3370,1033,1271
\\nbi-ufiles\shared\Research-Groups\Mark-Banfield\Josh_Williams\Scoring_5May\Caroline\_DSC0023.tif,2,4,1,3,3,0,3023,3267,1302,1546
\\nbi-ufiles\shared\Research-Groups\Mark-Banfield\Josh_Williams\Scoring_5May\Caroline\_DSC0023.tif,2,4,1,3,4,0,3105,3401,1550,1846
\\nbi-ufiles\shared\Research-Groups\Mark-Banfield\Josh_Williams\Scoring_5May\Caroline\_DSC0023.tif,2,4,1,3,5,0,3563,3885,1450,1772
\\nbi-ufiles\shared\Research-Groups\Mark-Banfield\Josh_Williams\Scoring_5May\Caroline\_DSC0023.tif,2,4,1,3,6,1,3702,3950,1275,1523
\\nbi-ufiles\shared\Research-Groups\Mark-Banfield\Josh_Williams\Scoring_5May\Caroline\_DSC0023.tif,2,4,1,3,7,1,3599,3843,1090,1334
\\nbi-ufiles\shared\Research-Groups\Mark-Banfield\Josh_Williams\Scoring_5May\Caroline\_DSC0023.tif,2,4,1,3,8,0,3446,3710,820,1084
\\nbi-ufiles\shared\Research-Groups\Mark-Banfield\Josh_Williams\Scoring_5May\Caroline\_DSC0023.tif,2,4,1,4,1,0,4522,4792,800,1070
\\nbi-ufiles\shared\Research-Groups\Mark-Banfield\Josh_Williams\Scoring_5May\Caroline\_DSC0023.tif,2,4,1,4,2,2,4426,4692,981,1247
\\nbi-ufiles\shared\Research-Groups\Mark-Banfield\Josh_Williams\Scoring_5May\Caroline\_DSC0023.tif,2,4,1,4,3,0,4274,4628,1209,1563
\\nbi-ufiles\shared\Research-Groups\Mark-Banfield\Josh_Williams\Scoring_5May\Caroline\_DSC0023.tif,2,4,1,4,4,1,4336,4622,1550,1836
\\nbi-ufiles\shared\Research-Groups\Mark-Banfield\Josh_Williams\Scoring_5May\Caroline\_DSC0023.tif,2,4,1,4,5,1,4924,5230,1556,1862
\\nbi-ufiles\shared\Research-Groups\Mark-Banfield\Josh_Williams\Scoring_5May\Caroline\_DSC0023.tif,2,4,1,4,6,1,4976,5288,1288,1600
\\nbi-ufiles\shared\Research-Groups\Mark-Banfield\Josh_Williams\Scoring_5May\Caroline\_DSC0023.tif,2,4,1,4,7,1,4892,5146,1058,1312
\\nbi-ufiles\shared\Research-Groups\Mark-Banfield\Josh_Williams\Scoring_5May\Caroline\_DSC0023.tif,2,4,1,4,8,1,4762,5012,788,1038
\\nbi-ufiles\shared\Research-Groups\Mark-Banfield\Josh_Williams\Scoring_5May\Caroline\_DSC0023.tif,2,4,2,1,1,0,392,636,2187,2431
\\nbi-ufiles\shared\Research-Groups\Mark-Banfield\Josh_Williams\Scoring_5May\Caroline\_DSC0023.tif,2,4,2,1,2,1,228,530,2435,2737
\\nbi-ufiles\shared\Research-Groups\Mark-Banfield\Josh_Williams\Scoring_5May\Caroline\_DSC0023.tif,2,4,2,1,3,3,202,440,2756,2994
\\nbi-ufiles\shared\Research-Groups\Mark-Banfield\Josh_Williams\Scoring_5May\Caroline\_DSC0023.tif,2,4,2,1,4,1,324,578,3042,3296
\\nbi-ufiles\shared\Research-Groups\Mark-Banfield\Josh_Williams\Scoring_5May\Caroline\_DSC0023.tif,2,4,2,1,5,1,810,1080,2917,3187
\\nbi-ufiles\shared\Research-Groups\Mark-Banfield\Josh_Williams\Scoring_5May\Caroline\_DSC0023.tif,2,4,2,1,6,1,894,1186,2676,2968
\\nbi-ufiles\shared\Research-Groups\Mark-Banfield\Josh_Williams\Scoring_5May\Caroline\_DSC0023.tif,2,4,2,1,7,1,844,1104,2428,2688
\\nbi-ufiles\shared\Research-Groups\Mark-Banfield\Josh_Williams\Scoring_5May\Caroline\_DSC0023.tif,2,4,2,1,8,0,672,948,2166,2442
\\nbi-ufiles\shared\Research-Groups\Mark-Banfield\Josh_Williams\Scoring_5May\Caroline\_DSC0023.tif,2,4,2,2,1,0,1646,1910,2190,2454
\\nbi-ufiles\shared\Research-Groups\Mark-Banfield\Josh_Williams\Scoring_5May\Caroline\_DSC0023.tif,2,4,2,2,2,0,1524,1842,2343,2661
\\nbi-ufiles\shared\Research-Groups\Mark-Banfield\Josh_Williams\Scoring_5May\Caroline\_DSC0023.tif,2,4,2,2,3,3,1456,1756,2598,2898
\\nbi-ufiles\shared\Research-Groups\Mark-Banfield\Josh_Williams\Scoring_5May\Caroline\_DSC0023.tif,2,4,2,2,4,1,1550,1836,2861,3147
\\nbi-ufiles\shared\Research-Groups\Mark-Banfield\Josh_Williams\Scoring_5May\Caroline\_DSC0023.tif,2,4,2,2,5,1,1941,2201,2840,3100
\\nbi-ufiles\shared\Research-Groups\Mark-Banfield\Josh_Williams\Scoring_5May\Caroline\_DSC0023.tif,2,4,2,2,6,0,2122,2348,2635,2861
\\nbi-ufiles\shared\Research-Groups\Mark-Banfield\Josh_Williams\Scoring_5May\Caroline\_DSC0023.tif,2,4,2,2,7,2,2006,2264,2392,2650
\\nbi-ufiles\shared\Research-Groups\Mark-Banfield\Josh_Williams\Scoring_5May\Caroline\_DSC0023.tif,2,4,2,2,8,1,1894,2106,2195,2407
\\nbi-ufiles\shared\Research-Groups\Mark-Banfield\Josh_Williams\Scoring_5May\Caroline\_DSC0023.tif,2,4,2,3,1,1,3152,3390,2229,2467
\\nbi-ufiles\shared\Research-Groups\Mark-Banfield\Josh_Williams\Scoring_5May\Caroline\_DSC0023.tif,2,4,2,3,2,0,2994,3284,2389,2679
\\nbi-ufiles\shared\Research-Groups\Mark-Banfield\Josh_Williams\Scoring_5May\Caroline\_DSC0023.tif,2,4,2,3,3,0,2920,3252,2604,2936
\\nbi-ufiles\shared\Research-Groups\Mark-Banfield\Josh_Williams\Scoring_5May\Caroline\_DSC0023.tif,2,4,2,3,4,0,3042,3316,2904,3178
\\nbi-ufiles\shared\Research-Groups\Mark-Banfield\Josh_Williams\Scoring_5May\Caroline\_DSC0023.tif,2,4,2,3,5,2,3448,3740,2817,3109
\\nbi-ufiles\shared\Research-Groups\Mark-Banfield\Josh_Williams\Scoring_5May\Caroline\_DSC0023.tif,2,4,2,3,6,2,3596,3856,2581,2841
\\nbi-ufiles\shared\Research-Groups\Mark-Banfield\Josh_Williams\Scoring_5May\Caroline\_DSC0023.tif,2,4,2,3,7,1,3447,3731,2376,2660
\\nbi-ufiles\shared\Research-Groups\Mark-Banfield\Josh_Williams\Scoring_5May\Caroline\_DSC0023.tif,2,4,2,3,8,0,3390,3634,2192,2436
\\nbi-ufiles\shared\Research-Groups\Mark-Banfield\Josh_Williams\Scoring_5May\Caroline\_DSC0023.tif,2,4,2,4,1,1,4406,4712,2175,2481
\\nbi-ufiles\shared\Research-Groups\Mark-Banfield\Josh_Williams\Scoring_5May\Caroline\_DSC0023.tif,2,4,2,4,2,0,4316,4606,2439,2729
\\nbi-ufiles\shared\Research-Groups\Mark-Banfield\Josh_Williams\Scoring_5May\Caroline\_DSC0023.tif,2,4,2,4,3,1,4242,4516,2680,2954
\\nbi-ufiles\shared\Research-Groups\Mark-Banfield\Josh_Williams\Scoring_5May\Caroline\_DSC0023.tif,2,4,2,4,4,1,4426,4702,2914,3190
\\nbi-ufiles\shared\Research-Groups\Mark-Banfield\Josh_Williams\Scoring_5May\Caroline\_DSC0023.tif,2,4,2,4,5,2,4762,5016,2910,3164
\\nbi-ufiles\shared\Research-Groups\Mark-Banfield\Josh_Williams\Scoring_5May\Caroline\_DSC0023.tif,2,4,2,4,6,1,4930,5220,2680,2970
\\nbi-ufiles\shared\Research-Groups\Mark-Banfield\Josh_Williams\Scoring_5May\Caroline\_DSC0023.tif,2,4,2,4,7,1,4982,5220,2409,2647
\\nbi-ufiles\shared\Research-Groups\Mark-Banfield\Josh_Williams\Scoring_5May\Caroline\_DSC0023.tif,2,4,2,4,8,1,4749,5045,2190,2486
\\nbi-ufiles\shared\Research-Groups\Mark-Banfield\Josh_Williams\Scoring_5May\Caroline\_DSC0175.tif,3,6,1,1,1,4,519,661,366,508
\\nbi-ufiles\shared\Research-Groups\Mark-Banfield\Josh_Williams\Scoring_5May\Caroline\_DSC0175.tif,3,6,1,1,2,0,384,590,488,694
\\nbi-ufiles\shared\Research-Groups\Mark-Banfield\Josh_Williams\Scoring_5May\Caroline\_DSC0175.tif,3,6,1,1,3,0,307,541,672,906
\\nbi-ufiles\shared\Research-Groups\Mark-Banfield\Josh_Williams\Scoring_5May\Caroline\_DSC0175.tif,3,6,1,1,4,0,424,662,871,1109
\\nbi-ufiles\shared\Research-Groups\Mark-Banfield\Josh_Williams\Scoring_5May\Caroline\_DSC0175.tif,3,6,1,1,5,0,774,958,932,1116
\\nbi-ufiles\shared\Research-Groups\Mark-Banfield\Josh_Williams\Scoring_5May\Caroline\_DSC0175.tif,3,6,1,1,6,0,862,1084,726,948
\\nbi-ufiles\shared\Research-Groups\Mark-Banfield\Josh_Williams\Scoring_5May\Caroline\_DSC0175.tif,3,6,1,1,7,0,731,973,504,746
\\nbi-ufiles\shared\Research-Groups\Mark-Banfield\Josh_Williams\Scoring_5May\Caroline\_DSC0175.tif,3,6,1,1,8,1,662,848,355,541
\\nbi-ufiles\shared\Research-Groups\Mark-Banfield\Josh_Williams\Scoring_5May\Caroline\_DSC0175.tif,3,6,1,2,1,2,1339,1465,472,598
\\nbi-ufiles\shared\Research-Groups\Mark-Banfield\Josh_Williams\Scoring_5May\Caroline\_DSC0175.tif,3,6,1,2,2,0,1280,1440,595,755
\\nbi-ufiles\shared\Research-Groups\Mark-Banfield\Josh_Williams\Scoring_5May\Caroline\_DSC0175.tif,3,6,1,2,3,0,1234,1408,755,929
\\nbi-ufiles\shared\Research-Groups\Mark-Banfield\Josh_Williams\Scoring_5May\Caroline\_DSC0175.tif,3,6,1,2,4,0,1339,1513,884,1058
\\nbi-ufiles\shared\Research-Groups\Mark-Banfield\Josh_Williams\Scoring_5May\Caroline\_DSC0175.tif,3,6,1,2,5,0,1534,1720,818,1004
\\nbi-ufiles\shared\Research-Groups\Mark-Banfield\Josh_Williams\Scoring_5May\Caroline\_DSC0175.tif,3,6,1,2,6,0,1646,1788,718,860
\\nbi-ufiles\shared\Research-Groups\Mark-Banfield\Josh_Williams\Scoring_5May\Caroline\_DSC0175.tif,3,6,1,2,7,1,1550,1746,566,762
\\nbi-ufiles\shared\Research-Groups\Mark-Banfield\Josh_Williams\Scoring_5May\Caroline\_DSC0175.tif,3,6,1,2,8,1,1492,1624,435,567
\\nbi-ufiles\shared\Research-Groups\Mark-Banfield\Josh_Williams\Scoring_5May\Caroline\_DSC0175.tif,3,6,1,3,1,0,2401,2593,270,462
\\nbi-ufiles\shared\Research-Groups\Mark-Banfield\Josh_Williams\Scoring_5May\Caroline\_DSC0175.tif,3,6,1,3,2,3,2335,2511,418,594
\\nbi-ufiles\shared\Research-Groups\Mark-Banfield\Josh_Williams\Scoring_5May\Caroline\_DSC0175.tif,3,6,1,3,3,1,2290,2486,614,810
\\nbi-ufiles\shared\Research-Groups\Mark-Banfield\Josh_Williams\Scoring_5May\Caroline\_DSC0175.tif,3,6,1,3,4,1,2348,2544,807,1003
\\nbi-ufiles\shared\Research-Groups\Mark-Banfield\Josh_Williams\Scoring_5May\Caroline\_DSC0175.tif,3,6,1,3,5,1,2682,2850,758,926
\\nbi-ufiles\shared\Research-Groups\Mark-Banfield\Josh_Williams\Scoring_5May\Caroline\_DSC0175.tif,3,6,1,3,6,2,2761,2957,578,774
\\nbi-ufiles\shared\Research-Groups\Mark-Banfield\Josh_Williams\Scoring_5May\Caroline\_DSC0175.tif,3,6,1,3,7,0,2698,2888,427,617
\\nbi-ufiles\shared\Research-Groups\Mark-Banfield\Josh_Williams\Scoring_5May\Caroline\_DSC0175.tif,3,6,1,3,8,0,2560,2718,242,400
\\nbi-ufiles\shared\Research-Groups\Mark-Banfield\Josh_Williams\Scoring_5May\Caroline\_DSC0175.tif,3,6,1,4,1,0,3165,3329,318,482
\\nbi-ufiles\shared\Research-Groups\Mark-Banfield\Josh_Williams\Scoring_5May\Caroline\_DSC0175.tif,3,6,1,4,2,3,3148,3300,514,666
\\nbi-ufiles\shared\Research-Groups\Mark-Banfield\Josh_Williams\Scoring_5May\Caroline\_DSC0175.tif,3,6,1,4,3,0,3110,3274,678,842
\\nbi-ufiles\shared\Research-Groups\Mark-Banfield\Josh_Williams\Scoring_5May\Caroline\_DSC0175.tif,3,6,1,4,4,1,3222,3412,820,1010
\\nbi-ufiles\shared\Research-Groups\Mark-Banfield\Josh_Williams\Scoring_5May\Caroline\_DSC0175.tif,3,6,1,4,5,0,3406,3592,759,945
\\nbi-ufiles\shared\Research-Groups\Mark-Banfield\Josh_Williams\Scoring_5May\Caroline\_DSC0175.tif,3,6,1,4,6,3,3494,3684,610,800
\\nbi-ufiles\shared\Research-Groups\Mark-Banfield\Josh_Williams\Scoring_5May\Caroline\_DSC0175.tif,3,6,1,4,7,1,3467,3647,424,604
\\nbi-ufiles\shared\Research-Groups\Mark-Banfield\Josh_Williams\Scoring_5May\Caroline\_DSC0175.tif,3,6,1,4,8,1,3383,3547,312,476
\\nbi-ufiles\shared\Research-Groups\Mark-Banfield\Josh_Williams\Scoring_5May\Caroline\_DSC0175.tif,3,6,1,5,1,0,4094,4274,299,479
\\nbi-ufiles\shared\Research-Groups\Mark-Banfield\Josh_Williams\Scoring_5May\Caroline\_DSC0175.tif,3,6,1,5,2,0,4024,4200,439,615
\\nbi-ufiles\shared\Research-Groups\Mark-Banfield\Josh_Williams\Scoring_5May\Caroline\_DSC0175.tif,3,6,1,5,3,3,3991,4197,604,810
\\nbi-ufiles\shared\Research-Groups\Mark-Banfield\Josh_Williams\Scoring_5May\Caroline\_DSC0175.tif,3,6,1,5,4,1,4099,4269,778,948
\\nbi-ufiles\shared\Research-Groups\Mark-Banfield\Josh_Williams\Scoring_5May\Caroline\_DSC0175.tif,3,6,1,5,5,1,4276,4488,736,948
\\nbi-ufiles\shared\Research-Groups\Mark-Banfield\Josh_Williams\Scoring_5May\Caroline\_DSC0175.tif,3,6,1,5,6,1,4390,4564,586,760
\\nbi-ufiles\shared\Research-Groups\Mark-Banfield\Josh_Williams\Scoring_5May\Caroline\_DSC0175.tif,3,6,1,5,7,3,4329,4519,450,640
\\nbi-ufiles\shared\Research-Groups\Mark-Banfield\Josh_Williams\Scoring_5May\Caroline\_DSC0175.tif,3,6,1,5,8,1,4279,4437,334,492
\\nbi-ufiles\shared\Research-Groups\Mark-Banfield\Josh_Williams\Scoring_5May\Caroline\_DSC0175.tif,3,6,1,6,1,0,4807,5009,312,514
\\nbi-ufiles\shared\Research-Groups\Mark-Banfield\Josh_Williams\Scoring_5May\Caroline\_DSC0175.tif,3,6,1,6,2,0,4716,4916,440,640
\\nbi-ufiles\shared\Research-Groups\Mark-Banfield\Josh_Williams\Scoring_5May\Caroline\_DSC0175.tif,3,6,1,6,3,5,4718,4914,630,826
\\nbi-ufiles\shared\Research-Groups\Mark-Banfield\Josh_Williams\Scoring_5May\Caroline\_DSC0175.tif,3,6,1,6,4,0,4794,5000,816,1022
\\nbi-ufiles\shared\Research-Groups\Mark-Banfield\Josh_Williams\Scoring_5May\Caroline\_DSC0175.tif,3,6,1,6,5,0,5020,5252,800,1032
\\nbi-ufiles\shared\Research-Groups\Mark-Banfield\Josh_Williams\Scoring_5May\Caroline\_DSC0175.tif,3,6,1,6,6,0,5186,5402,646,862
\\nbi-ufiles\shared\Research-Groups\Mark-Banfield\Josh_Williams\Scoring_5May\Caroline\_DSC0175.tif,3,6,1,6,7,3,5083,5305,466,688
\\nbi-ufiles\shared\Research-Groups\Mark-Banfield\Josh_Williams\Scoring_5May\Caroline\_DSC0175.tif,3,6,1,6,8,1,5021,5191,344,514
\\nbi-ufiles\shared\Research-Groups\Mark-Banfield\Josh_Williams\Scoring_5May\Caroline\_DSC0175.tif,3,6,2,1,1,3,504,668,1526,1690
\\nbi-ufiles\shared\Research-Groups\Mark-Banfield\Josh_Williams\Scoring_5May\Caroline\_DSC0175.tif,3,6,2,1,2,0,424,630,1633,1839
\\nbi-ufiles\shared\Research-Groups\Mark-Banfield\Josh_Williams\Scoring_5May\Caroline\_DSC0175.tif,3,6,2,1,3,0,398,652,1828,2082
\\nbi-ufiles\shared\Research-Groups\Mark-Banfield\Josh_Williams\Scoring_5May\Caroline\_DSC0175.tif,3,6,2,1,4,5,476,694,2023,2241
\\nbi-ufiles\shared\Research-Groups\Mark-Banfield\Josh_Williams\Scoring_5May\Caroline\_DSC0175.tif,3,6,2,1,5,1,774,942,1992,2160
\\nbi-ufiles\shared\Research-Groups\Mark-Banfield\Josh_Williams\Scoring_5May\Caroline\_DSC0175.tif,3,6,2,1,6,2,850,1014,1862,2026
\\nbi-ufiles\shared\Research-Groups\Mark-Banfield\Josh_Williams\Scoring_5May\Caroline\_DSC0175.tif,3,6,2,1,7,0,839,1025,1666,1852
\\nbi-ufiles\shared\Research-Groups\Mark-Banfield\Josh_Williams\Scoring_5May\Caroline\_DSC0175.tif,3,6,2,1,8,2,698,874,1518,1694
\\nbi-ufiles\shared\Research-Groups\Mark-Banfield\Josh_Williams\Scoring_5May\Caroline\_DSC0175.tif,3,6,2,2,1,0,1276,1476,1471,1671
\\nbi-ufiles\shared\Research-Groups\Mark-Banfield\Josh_Williams\Scoring_5May\Caroline\_DSC0175.tif,3,6,2,2,2,0,1154,1396,1614,1856
\\nbi-ufiles\shared\Research-Groups\Mark-Banfield\Josh_Williams\Scoring_5May\Caroline\_DSC0175.tif,3,6,2,2,3,0,1116,1354,1762,2000
\\nbi-ufiles\shared\Research-Groups\Mark-Banfield\Josh_Williams\Scoring_5May\Caroline\_DSC0175.tif,3,6,2,2,4,4,1165,1381,2006,2222
\\nbi-ufiles\shared\Research-Groups\Mark-Banfield\Josh_Williams\Scoring_5May\Caroline\_DSC0175.tif,3,6,2,2,5,2,1476,1688,2007,2219
\\nbi-ufiles\shared\Research-Groups\Mark-Banfield\Josh_Williams\Scoring_5May\Caroline\_DSC0175.tif,3,6,2,2,6,4,1634,1810,1938,2114
\\nbi-ufiles\shared\Research-Groups\Mark-Banfield\Josh_Williams\Scoring_5May\Caroline\_DSC0175.tif,3,6,2,2,7,0,1604,1836,1694,1926
\\nbi-ufiles\shared\Research-Groups\Mark-Banfield\Josh_Williams\Scoring_5May\Caroline\_DSC0175.tif,3,6,2,2,8,4,1522,1690,1540,1708
\\nbi-ufiles\shared\Research-Groups\Mark-Banfield\Josh_Williams\Scoring_5May\Caroline\_DSC0175.tif,3,6,2,3,1,0,2362,2542,1482,1662
\\nbi-ufiles\shared\Research-Groups\Mark-Banfield\Josh_Williams\Scoring_5May\Caroline\_DSC0175.tif,3,6,2,3,2,3,2338,2496,1614,1772
\\nbi-ufiles\shared\Research-Groups\Mark-Banfield\Josh_Williams\Scoring_5May\Caroline\_DSC0175.tif,3,6,2,3,3,0,2244,2476,1739,1971
\\nbi-ufiles\shared\Research-Groups\Mark-Banfield\Josh_Williams\Scoring_5May\Caroline\_DSC0175.tif,3,6,2,3,4,0,2354,2560,1944,2150
\\nbi-ufiles\shared\Research-Groups\Mark-Banfield\Josh_Williams\Scoring_5May\Caroline\_DSC0175.tif,3,6,2,3,5,1,2614,2830,1984,2200
\\nbi-ufiles\shared\Research-Groups\Mark-Banfield\Josh_Williams\Scoring_5May\Caroline\_DSC0175.tif,3,6,2,3,6,0,2698,2926,1777,2005
\\nbi-ufiles\shared\Research-Groups\Mark-Banfield\Josh_Williams\Scoring_5May\Caroline\_DSC0175.tif,3,6,2,3,7,1,2669,2901,1546,1778
\\nbi-ufiles\shared\Research-Groups\Mark-Banfield\Josh_Williams\Scoring_5May\Caroline\_DSC0175.tif,3,6,2,3,8,2,2523,2719,1412,1608
\\nbi-ufiles\shared\Research-Groups\Mark-Banfield\Josh_Williams\Scoring_5May\Caroline\_DSC0175.tif,3,6,2,4,1,2,3213,3461,1344,1592
\\nbi-ufiles\shared\Research-Groups\Mark-Banfield\Josh_Williams\Scoring_5May\Caroline\_DSC0175.tif,3,6,2,4,2,0,3090,3322,1574,1806
\\nbi-ufiles\shared\Research-Groups\Mark-Banfield\Josh_Williams\Scoring_5May\Caroline\_DSC0175.tif,3,6,2,4,3,0,3020,3274,1772,2026
\\nbi-ufiles\shared\Research-Groups\Mark-Banfield\Josh_Williams\Scoring_5May\Caroline\_DSC0175.tif,3,6,2,4,4,0,3121,3369,1968,2216
\\nbi-ufiles\shared\Research-Groups\Mark-Banfield\Josh_Williams\Scoring_5May\Caroline\_DSC0175.tif,3,6,2,4,5,2,3439,3629,2048,2238
\\nbi-ufiles\shared\Research-Groups\Mark-Banfield\Josh_Williams\Scoring_5May\Caroline\_DSC0175.tif,3,6,2,4,6,0,3490,3734,1841,2085
\\nbi-ufiles\shared\Research-Groups\Mark-Banfield\Josh_Williams\Scoring_5May\Caroline\_DSC0175.tif,3,6,2,4,7,1,3462,3726,1540,1804
\\nbi-ufiles\shared\Research-Groups\Mark-Banfield\Josh_Williams\Scoring_5May\Caroline\_DSC0175.tif,3,6,2,4,8,0,3409,3637,1354,1582
\\nbi-ufiles\shared\Research-Groups\Mark-Banfield\Josh_Williams\Scoring_5May\Caroline\_DSC0175.tif,3,6,2,5,1,3,4120,4316,1392,1588
\\nbi-ufiles\shared\Research-Groups\Mark-Banfield\Josh_Williams\Scoring_5May\Caroline\_DSC0175.tif,3,6,2,5,2,0,4060,4286,1546,1772
\\nbi-ufiles\shared\Research-Groups\Mark-Banfield\Josh_Williams\Scoring_5May\Caroline\_DSC0175.tif,3,6,2,5,3,0,4011,4245,1708,1942
\\nbi-ufiles\shared\Research-Groups\Mark-Banfield\Josh_Williams\Scoring_5May\Caroline\_DSC0175.tif,3,6,2,5,4,0,4110,4342,1886,2118
\\nbi-ufiles\shared\Research-Groups\Mark-Banfield\Josh_Williams\Scoring_5May\Caroline\_DSC0175.tif,3,6,2,5,5,5,4353,4555,1872,2074
\\nbi-ufiles\shared\Research-Groups\Mark-Banfield\Josh_Williams\Scoring_5May\Caroline\_DSC0175.tif,3,6,2,5,6,0,4416,4696,1666,1946
\\nbi-ufiles\shared\Research-Groups\Mark-Banfield\Josh_Williams\Scoring_5May\Caroline\_DSC0175.tif,3,6,2,5,7,0,4358,4548,1518,1708
\\nbi-ufiles\shared\Research-Groups\Mark-Banfield\Josh_Williams\Scoring_5May\Caroline\_DSC0175.tif,3,6,2,5,8,0,4290,4464,1384,1558
\\nbi-ufiles\shared\Research-Groups\Mark-Banfield\Josh_Williams\Scoring_5May\Caroline\_DSC0175.tif,3,6,3,2,1,0,1320,1526,2518,2724
\\nbi-ufiles\shared\Research-Groups\Mark-Banfield\Josh_Williams\Scoring_5May\Caroline\_DSC0175.tif,3,6,3,2,2,0,1217,1435,2676,2894
\\nbi-ufiles\shared\Research-Groups\Mark-Banfield\Josh_Williams\Scoring_5May\Caroline\_DSC0175.tif,3,6,3,2,3,4,1238,1396,2912,3070
\\nbi-ufiles\shared\Research-Groups\Mark-Banfield\Josh_Williams\Scoring_5May\Caroline\_DSC0175.tif,3,6,3,2,4,0,1270,1466,3078,3274
\\nbi-ufiles\shared\Research-Groups\Mark-Banfield\Josh_Williams\Scoring_5May\Caroline\_DSC0175.tif,3,6,3,2,5,0,1598,1820,2981,3203
\\nbi-ufiles\shared\Research-Groups\Mark-Banfield\Josh_Williams\Scoring_5May\Caroline\_DSC0175.tif,3,6,3,2,6,0,1672,1916,2785,3029
\\nbi-ufiles\shared\Research-Groups\Mark-Banfield\Josh_Williams\Scoring_5May\Caroline\_DSC0175.tif,3,6,3,2,7,4,1592,1778,2650,2836
\\nbi-ufiles\shared\Research-Groups\Mark-Banfield\Josh_Williams\Scoring_5May\Caroline\_DSC0175.tif,3,6,3,2,8,0,1530,1714,2484,2668
\\nbi-ufiles\shared\Research-Groups\Mark-Banfield\Josh_Williams\Scoring_5May\Caroline\_DSC0175.tif,3,6,3,3,1,0,2391,2545,2496,2650
\\nbi-ufiles\shared\Research-Groups\Mark-Banfield\Josh_Williams\Scoring_5May\Caroline\_DSC0175.tif,3,6,3,3,2,1,2274,2444,2621,2791
\\nbi-ufiles\shared\Research-Groups\Mark-Banfield\Josh_Williams\Scoring_5May\Caroline\_DSC0175.tif,3,6,3,3,3,0,2184,2402,2771,2989
\\nbi-ufiles\shared\Research-Groups\Mark-Banfield\Josh_Williams\Scoring_5May\Caroline\_DSC0175.tif,3,6,3,3,4,0,2296,2496,2978,3178
\\nbi-ufiles\shared\Research-Groups\Mark-Banfield\Josh_Williams\Scoring_5May\Caroline\_DSC0175.tif,3,6,3,3,5,0,2627,2849,2972,3194
\\nbi-ufiles\shared\Research-Groups\Mark-Banfield\Josh_Williams\Scoring_5May\Caroline\_DSC0175.tif,3,6,3,3,6,0,2756,2972,2807,3023
\\nbi-ufiles\shared\Research-Groups\Mark-Banfield\Josh_Williams\Scoring_5May\Caroline\_DSC0175.tif,3,6,3,3,7,0,2751,2947,2602,2798
\\nbi-ufiles\shared\Research-Groups\Mark-Banfield\Josh_Williams\Scoring_5May\Caroline\_DSC0175.tif,3,6,3,3,8,4,2582,2772,2497,2687
\\nbi-ufiles\shared\Research-Groups\Mark-Banfield\Josh_Williams\Scoring_5May\Caroline\_DSC0175.tif,3,6,3,4,1,0,3331,3523,2422,2614
\\nbi-ufiles\shared\Research-Groups\Mark-Banfield\Josh_Williams\Scoring_5May\Caroline\_DSC0175.tif,3,6,3,4,2,1,3216,3428,2550,2762
\\nbi-ufiles\shared\Research-Groups\Mark-Banfield\Josh_Williams\Scoring_5May\Caroline\_DSC0175.tif,3,6,3,4,3,0,3120,3396,2763,3039
\\nbi-ufiles\shared\Research-Groups\Mark-Banfield\Josh_Williams\Scoring_5May\Caroline\_DSC0175.tif,3,6,3,4,4,1,3262,3512,2972,3222
\\nbi-ufiles\shared\Research-Groups\Mark-Banfield\Josh_Williams\Scoring_5May\Caroline\_DSC0175.tif,3,6,3,4,5,0,3554,3846,2949,3241
\\nbi-ufiles\shared\Research-Groups\Mark-Banfield\Josh_Williams\Scoring_5May\Caroline\_DSC0175.tif,3,6,3,4,6,0,3693,3901,2792,3000
\\nbi-ufiles\shared\Research-Groups\Mark-Banfield\Josh_Williams\Scoring_5May\Caroline\_DSC0175.tif,3,6,3,4,7,0,3573,3821,2566,2814
\\nbi-ufiles\shared\Research-Groups\Mark-Banfield\Josh_Williams\Scoring_5May\Caroline\_DSC0175.tif,3,6,3,4,8,4,3484,3694,2392,2602
\\nbi-ufiles\shared\Research-Groups\Mark-Banfield\Josh_Williams\Scoring_5May\Caroline\_DSC0764.tif,3,3,1,2,1,2,1904,2166,984,1246
\\nbi-ufiles\shared\Research-Groups\Mark-Banfield\Josh_Williams\Scoring_5May\Caroline\_DSC0764.tif,3,3,1,2,2,2,1746,2080,1194,1528
\\nbi-ufiles\shared\Research-Groups\Mark-Banfield\Josh_Williams\Scoring_5May\Caroline\_DSC0764.tif,3,3,1,2,3,2,1746,2064,1594,1912
\\nbi-ufiles\shared\Research-Groups\Mark-Banfield\Josh_Williams\Scoring_5May\Caroline\_DSC0764.tif,3,3,2,1,1,1,1061,1345,2064,2348
\\nbi-ufiles\shared\Research-Groups\Mark-Banfield\Josh_Williams\Scoring_5May\Caroline\_DSC0764.tif,3,3,2,1,2,1,826,1200,2356,2730
\\nbi-ufiles\shared\Research-Groups\Mark-Banfield\Josh_Williams\Scoring_5May\Caroline\_DSC0764.tif,3,3,2,1,3,1,874,1262,2778,3166
\\nbi-ufiles\shared\Research-Groups\Mark-Banfield\Josh_Williams\Scoring_5May\Caroline\_DSC0764.tif,3,3,2,3,4,1,2943,3325,3054,3436
\\nbi-ufiles\shared\Research-Groups\Mark-Banfield\Josh_Williams\Scoring_5May\Caroline\_DSC0764.tif,3,3,2,3,5,1,3070,3396,2686,3012
\\nbi-ufiles\shared\Research-Groups\Mark-Banfield\Josh_Williams\Scoring_5May\Caroline\_DSC0764.tif,3,3,2,3,6,1,2848,3190,2356,2698
\\nbi-ufiles\shared\Research-Groups\Mark-Banfield\Josh_Williams\Scoring_5May\Caroline\_DSC0764.tif,3,3,3,1,4,1,1457,1845,4530,4918
\\nbi-ufiles\shared\Research-Groups\Mark-Banfield\Josh_Williams\Scoring_5May\Caroline\_DSC0764.tif,3,3,3,1,5,2,1504,1900,4054,4450
\\nbi-ufiles\shared\Research-Groups\Mark-Banfield\Josh_Williams\Scoring_5May\Caroline\_DSC0764.tif,3,3,3,1,6,2,1412,1762,3728,4078
\\nbi-ufiles\shared\Research-Groups\Mark-Banfield\Josh_Williams\Scoring_5May\Caroline\_DSC0764.tif,3,3,3,3,4,2,2904,3332,4621,5049
\\nbi-ufiles\shared\Research-Groups\Mark-Banfield\Josh_Williams\Scoring_5May\Caroline\_DSC0764.tif,3,3,3,3,5,2,2919,3317,4228,4626
\\nbi-ufiles\shared\Research-Groups\Mark-Banfield\Josh_Williams\Scoring_5May\Caroline\_DSC0764.tif,3,3,3,3,6,2,2936,3230,3943,4237
\\nbi-ufiles\shared\Research-Groups\Mark-Banfield\Josh_Williams\Scoring_5May\Caroline\_DSC0765.tif,3,3,1,2,1,1,1658,2000,916,1258
\\nbi-ufiles\shared\Research-Groups\Mark-Banfield\Josh_Williams\Scoring_5May\Caroline\_DSC0765.tif,3,3,1,2,2,1,1456,1766,1198,1508
\\nbi-ufiles\shared\Research-Groups\Mark-Banfield\Josh_Williams\Scoring_5May\Caroline\_DSC0765.tif,3,3,1,2,3,1,1508,1864,1516,1872
\\nbi-ufiles\shared\Research-Groups\Mark-Banfield\Josh_Williams\Scoring_5May\Caroline\_DSC0765.tif,3,3,2,1,1,1,508,842,1984,2318
\\nbi-ufiles\shared\Research-Groups\Mark-Banfield\Josh_Williams\Scoring_5May\Caroline\_DSC0765.tif,3,3,2,1,2,1,374,866,2340,2832
\\nbi-ufiles\shared\Research-Groups\Mark-Banfield\Josh_Williams\Scoring_5May\Caroline\_DSC0765.tif,3,3,2,1,3,1,500,866,2832,3198
\\nbi-ufiles\shared\Research-Groups\Mark-Banfield\Josh_Williams\Scoring_5May\Caroline\_DSC0765.tif,3,3,2,3,4,0,2992,3388,2888,3284
\\nbi-ufiles\shared\Research-Groups\Mark-Banfield\Josh_Williams\Scoring_5May\Caroline\_DSC0765.tif,3,3,2,3,5,1,2928,3316,2532,2920
\\nbi-ufiles\shared\Research-Groups\Mark-Banfield\Josh_Williams\Scoring_5May\Caroline\_DSC0765.tif,3,3,2,3,6,1,2825,3189,2198,2562
\\nbi-ufiles\shared\Research-Groups\Mark-Banfield\Josh_Williams\Scoring_5May\Caroline\_DSC0765.tif,3,3,3,1,4,0,1373,1763,4450,4840
\\nbi-ufiles\shared\Research-Groups\Mark-Banfield\Josh_Williams\Scoring_5May\Caroline\_DSC0765.tif,3,3,3,1,5,1,1362,1742,4062,4442
\\nbi-ufiles\shared\Research-Groups\Mark-Banfield\Josh_Williams\Scoring_5May\Caroline\_DSC0765.tif,3,3,3,1,6,1,1262,1572,3744,4054
\\nbi-ufiles\shared\Research-Groups\Mark-Banfield\Josh_Williams\Scoring_5May\Caroline\_DSC0765.tif,3,3,3,3,1,1,2432,2742,3958,4268
\\nbi-ufiles\shared\Research-Groups\Mark-Banfield\Josh_Williams\Scoring_5May\Caroline\_DSC0765.tif,3,3,3,3,2,1,2238,2570,4301,4633
\\nbi-ufiles\shared\Research-Groups\Mark-Banfield\Josh_Williams\Scoring_5May\Caroline\_DSC0765.tif,3,3,3,3,3,1,2384,2702,4696,5014
\\nbi-ufiles\shared\Research-Groups\Mark-Banfield\Josh_Williams\Scoring_5May\Caroline\_DSC0770.tif,3,3,1,2,1,1,1529,1805,1136,1412
\\nbi-ufiles\shared\Research-Groups\Mark-Banfield\Josh_Williams\Scoring_5May\Caroline\_DSC0770.tif,3,3,1,2,2,1,1412,1786,1369,1743
\\nbi-ufiles\shared\Research-Groups\Mark-Banfield\Josh_Williams\Scoring_5May\Caroline\_DSC0770.tif,3,3,1,2,3,1,1382,1818,1718,2154
\\nbi-ufiles\shared\Research-Groups\Mark-Banfield\Josh_Williams\Scoring_5May\Caroline\_DSC0770.tif,3,3,2,1,4,0,1024,1444,2733,3153
\\nbi-ufiles\shared\Research-Groups\Mark-Banfield\Josh_Williams\Scoring_5May\Caroline\_DSC0770.tif,3,3,2,1,5,1,1072,1382,2436,2746
\\nbi-ufiles\shared\Research-Groups\Mark-Banfield\Josh_Williams\Scoring_5May\Caroline\_DSC0770.tif,3,3,2,1,6,1,1049,1341,2088,2380
\\nbi-ufiles\shared\Research-Groups\Mark-Banfield\Josh_Williams\Scoring_5May\Caroline\_DSC0770.tif,3,3,2,3,1,1,2546,2816,2348,2618
\\nbi-ufiles\shared\Research-Groups\Mark-Banfield\Josh_Williams\Scoring_5May\Caroline\_DSC0770.tif,3,3,2,3,2,1,2464,2742,2578,2856
\\nbi-ufiles\shared\Research-Groups\Mark-Banfield\Josh_Williams\Scoring_5May\Caroline\_DSC0770.tif,3,3,2,3,3,1,2527,2821,2928,3222
\\nbi-ufiles\shared\Research-Groups\Mark-Banfield\Josh_Williams\Scoring_5May\Caroline\_DSC0770.tif,3,3,3,1,4,0,1310,1682,4209,4581
\\nbi-ufiles\shared\Research-Groups\Mark-Banfield\Josh_Williams\Scoring_5May\Caroline\_DSC0770.tif,3,3,3,1,5,1,1366,1698,3837,4169
\\nbi-ufiles\shared\Research-Groups\Mark-Banfield\Josh_Williams\Scoring_5May\Caroline\_DSC0770.tif,3,3,3,1,6,1,1366,1604,3622,3860
\\nbi-ufiles\shared\Research-Groups\Mark-Banfield\Josh_Williams\Scoring_5May\Caroline\_DSC0770.tif,3,3,3,3,4,1,3008,3380,4411,4783
\\nbi-ufiles\shared\Research-Groups\Mark-Banfield\Josh_Williams\Scoring_5May\Caroline\_DSC0770.tif,3,3,3,3,5,1,3058,3424,3998,4364
\\nbi-ufiles\shared\Research-Groups\Mark-Banfield\Josh_Williams\Scoring_5May\Caroline\_DSC0770.tif,3,3,3,3,6,1,2877,3257,3706,4086
\\nbi-ufiles\shared\Research-Groups\Mark-Banfield\Josh_Williams\Scoring_5May\Caroline\_DSC1015.TIF,3,3,1,1,2,4,378,742,572,936
\\nbi-ufiles\shared\Research-Groups\Mark-Banfield\Josh_Williams\Scoring_5May\Caroline\_DSC1015.TIF,3,3,1,1,4,4,960,1318,936,1294
\\nbi-ufiles\shared\Research-Groups\Mark-Banfield\Josh_Williams\Scoring_5May\Caroline\_DSC1015.TIF,3,3,1,1,5,4,1040,1318,679,957
\\nbi-ufiles\shared\Research-Groups\Mark-Banfield\Josh_Williams\Scoring_5May\Caroline\_DSC1015.TIF,3,3,1,1,6,3,890,1192,334,636
\\nbi-ufiles\shared\Research-Groups\Mark-Banfield\Josh_Williams\Scoring_5May\Caroline\_DSC1015.TIF,3,3,1,3,1,3,2420,2722,564,866
\\nbi-ufiles\shared\Research-Groups\Mark-Banfield\Josh_Williams\Scoring_5May\Caroline\_DSC1015.TIF,3,3,1,3,2,3,2404,2714,826,1136
\\nbi-ufiles\shared\Research-Groups\Mark-Banfield\Josh_Williams\Scoring_5May\Caroline\_DSC1015.TIF,3,3,1,3,3,3,2333,2689,1040,1396
\\nbi-ufiles\shared\Research-Groups\Mark-Banfield\Josh_Williams\Scoring_5May\Caroline\_DSC1015.TIF,3,3,1,3,4,4,2853,3137,1136,1420
\\nbi-ufiles\shared\Research-Groups\Mark-Banfield\Josh_Williams\Scoring_5May\Caroline\_DSC1015.TIF,3,3,2,2,1,4,1214,1500,1936,2222
\\nbi-ufiles\shared\Research-Groups\Mark-Banfield\Josh_Williams\Scoring_5May\Caroline\_DSC1015.TIF,3,3,2,2,2,4,1103,1429,2206,2532
\\nbi-ufiles\shared\Research-Groups\Mark-Banfield\Josh_Williams\Scoring_5May\Caroline\_DSC1015.TIF,3,3,2,2,3,3,1206,1492,2546,2832
\\nbi-ufiles\shared\Research-Groups\Mark-Banfield\Josh_Williams\Scoring_5May\Caroline\_DSC1015.TIF,3,3,2,2,6,3,1460,1746,1825,2111
\\nbi-ufiles\shared\Research-Groups\Mark-Banfield\Josh_Williams\Scoring_5May\Caroline\_DSC1015.TIF,3,3,3,1,2,3,414,794,3646,4026
\\nbi-ufiles\shared\Research-Groups\Mark-Banfield\Josh_Williams\Scoring_5May\Caroline\_DSC1015.TIF,3,3,3,1,4,3,1158,1460,4014,4316
\\nbi-ufiles\shared\Research-Groups\Mark-Banfield\Josh_Williams\Scoring_5May\Caroline\_DSC1015.TIF,3,3,3,1,5,4,1219,1519,3666,3966
\\nbi-ufiles\shared\Research-Groups\Mark-Banfield\Josh_Williams\Scoring_5May\Caroline\_DSC1015.TIF,3,3,3,1,6,3,976,1420,3308,3752
\\nbi-ufiles\shared\Research-Groups\Mark-Banfield\Josh_Williams\Scoring_5May\Caroline\_DSC1015.TIF,3,3,3,3,2,4,2206,2578,3657,4029
\\nbi-ufiles\shared\Research-Groups\Mark-Banfield\Josh_Williams\Scoring_5May\Caroline\_DSC1015.TIF,3,3,3,3,3,3,2155,2487,3928,4260
\\nbi-ufiles\shared\Research-Groups\Mark-Banfield\Josh_Williams\Scoring_5May\Caroline\_DSC1015.TIF,3,3,3,3,4,4,2769,3063,3974,4268
\\nbi-ufiles\shared\Research-Groups\Mark-Banfield\Josh_Williams\Scoring_5May\Caroline\_DSC1015.TIF,3,3,3,3,5,5,2809,3109,3658,3958
\\nbi-ufiles\shared\Research-Groups\Mark-Banfield\Josh_Williams\Scoring_5May\Caroline\_DSC1015.TIF,3,3,3,3,6,4,2762,3030,3433,3701
\\nbi-ufiles\shared\Research-Groups\Mark-Banfield\Josh_Williams\Scoring_5May\Caroline\_DSC1158.TIF,3,3,1,2,3,1,1864,2150,1202,1488
\\nbi-ufiles\shared\Research-Groups\Mark-Banfield\Josh_Williams\Scoring_5May\Caroline\_DSC1158.TIF,3,3,1,2,4,3,2420,2682,1182,1444
\\nbi-ufiles\shared\Research-Groups\Mark-Banfield\Josh_Williams\Scoring_5May\Caroline\_DSC1158.TIF,3,3,1,2,5,3,2368,2622,906,1160
\\nbi-ufiles\shared\Research-Groups\Mark-Banfield\Josh_Williams\Scoring_5May\Caroline\_DSC1158.TIF,3,3,1,2,6,3,2294,2532,652,890
\\nbi-ufiles\shared\Research-Groups\Mark-Banfield\Josh_Williams\Scoring_5May\Caroline\_DSC1158.TIF,3,3,2,1,3,2,628,1000,2238,2610
\\nbi-ufiles\shared\Research-Groups\Mark-Banfield\Josh_Williams\Scoring_5May\Caroline\_DSC1158.TIF,3,3,2,1,4,3,1382,1786,2123,2527
\\nbi-ufiles\shared\Research-Groups\Mark-Banfield\Josh_Williams\Scoring_5May\Caroline\_DSC1158.TIF,3,3,2,1,5,3,1342,1642,1826,2126
\\nbi-ufiles\shared\Research-Groups\Mark-Banfield\Josh_Williams\Scoring_5May\Caroline\_DSC1158.TIF,3,3,2,1,6,2,1210,1528,1412,1730
\\nbi-ufiles\shared\Research-Groups\Mark-Banfield\Josh_Williams\Scoring_5May\Caroline\_DSC1158.TIF,3,3,2,3,2,4,2254,2634,2341,2721
\\nbi-ufiles\shared\Research-Groups\Mark-Banfield\Josh_Williams\Scoring_5May\Caroline\_DSC1158.TIF,3,3,2,3,4,3,2888,3300,2730,3142
\\nbi-ufiles\shared\Research-Groups\Mark-Banfield\Josh_Williams\Scoring_5May\Caroline\_DSC1158.TIF,3,3,2,3,5,4,2883,3289,2364,2770
\\nbi-ufiles\shared\Research-Groups\Mark-Banfield\Josh_Williams\Scoring_5May\Caroline\_DSC1158.TIF,3,3,2,3,6,3,2750,3114,2040,2404
\\nbi-ufiles\shared\Research-Groups\Mark-Banfield\Josh_Williams\Scoring_5May\Caroline\_DSC1158.TIF,3,3,3,1,2,4,609,957,3658,4006
\\nbi-ufiles\shared\Research-Groups\Mark-Banfield\Josh_Williams\Scoring_5May\Caroline\_DSC1158.TIF,3,3,3,1,4,3,1246,1650,3943,4347
\\nbi-ufiles\shared\Research-Groups\Mark-Banfield\Josh_Williams\Scoring_5May\Caroline\_DSC1158.TIF,3,3,3,1,5,4,1243,1583,3626,3966
\\nbi-ufiles\shared\Research-Groups\Mark-Banfield\Josh_Williams\Scoring_5May\Caroline\_DSC1158.TIF,3,3,3,1,6,3,1128,1500,3305,3677
\\nbi-ufiles\shared\Research-Groups\Mark-Banfield\Josh_Williams\Scoring_5May\Caroline\_DSC1158.TIF,3,3,3,3,2,2,2356,2666,3875,4185
\\nbi-ufiles\shared\Research-Groups\Mark-Banfield\Josh_Williams\Scoring_5May\Caroline\_DSC1158.TIF,3,3,3,3,4,3,2963,3297,4196,4530
\\nbi-ufiles\shared\Research-Groups\Mark-Banfield\Josh_Williams\Scoring_5May\Caroline\_DSC1158.TIF,3,3,3,3,5,3,2920,3268,3832,4180
\\nbi-ufiles\shared\Research-Groups\Mark-Banfield\Josh_Williams\Scoring_5May\Caroline\_DSC1158.TIF,3,3,3,3,6,2,2792,3134,3582,3924
\\nbi-ufiles\shared\Research-Groups\Mark-Banfield\Josh_Williams\Scoring_5May\Caroline\_DSC1160.TIF,3,3,1,2,3,1,1476,1896,882,1302
\\nbi-ufiles\shared\Research-Groups\Mark-Banfield\Josh_Williams\Scoring_5May\Caroline\_DSC1160.TIF,3,3,1,2,4,2,2118,2508,952,1342
\\nbi-ufiles\shared\Research-Groups\Mark-Banfield\Josh_Williams\Scoring_5May\Caroline\_DSC1160.TIF,3,3,1,2,5,0,2111,2539,532,960
\\nbi-ufiles\shared\Research-Groups\Mark-Banfield\Josh_Williams\Scoring_5May\Caroline\_DSC1160.TIF,3,3,1,2,6,0,1960,2348,104,492
\\nbi-ufiles\shared\Research-Groups\Mark-Banfield\Josh_Williams\Scoring_5May\Caroline\_DSC1160.TIF,3,3,2,1,2,1,604,936,2028,2360
\\nbi-ufiles\shared\Research-Groups\Mark-Banfield\Josh_Williams\Scoring_5May\Caroline\_DSC1160.TIF,3,3,2,1,5,2,1286,1588,1884,2186
\\nbi-ufiles\shared\Research-Groups\Mark-Banfield\Josh_Williams\Scoring_5May\Caroline\_DSC1160.TIF,3,3,2,1,6,1,1136,1476,1588,1928
\\nbi-ufiles\shared\Research-Groups\Mark-Banfield\Josh_Williams\Scoring_5May\Caroline\_DSC1160.TIF,3,3,2,3,2,1,2198,2580,1928,2310
\\nbi-ufiles\shared\Research-Groups\Mark-Banfield\Josh_Williams\Scoring_5May\Caroline\_DSC1160.TIF,3,3,2,3,4,0,2829,3217,2246,2634
\\nbi-ufiles\shared\Research-Groups\Mark-Banfield\Josh_Williams\Scoring_5May\Caroline\_DSC1160.TIF,3,3,2,3,5,4,2920,3230,1936,2246
\\nbi-ufiles\shared\Research-Groups\Mark-Banfield\Josh_Williams\Scoring_5May\Caroline\_DSC1160.TIF,3,3,2,3,6,0,2655,3083,1540,1968
\\nbi-ufiles\shared\Research-Groups\Mark-Banfield\Josh_Williams\Scoring_5May\Caroline\_DSC1160.TIF,3,3,3,1,1,1,976,1286,3498,3808
\\nbi-ufiles\shared\Research-Groups\Mark-Banfield\Josh_Williams\Scoring_5May\Caroline\_DSC1160.TIF,3,3,3,1,4,0,1366,1698,4110,4442
\\nbi-ufiles\shared\Research-Groups\Mark-Banfield\Josh_Williams\Scoring_5May\Caroline\_DSC1160.TIF,3,3,3,1,5,0,1341,1635,3768,4062
\\nbi-ufiles\shared\Research-Groups\Mark-Banfield\Josh_Williams\Scoring_5May\Caroline\_DSC1160.TIF,3,3,3,1,6,1,1302,1612,3443,3753
\\nbi-ufiles\shared\Research-Groups\Mark-Banfield\Josh_Williams\Scoring_5May\Caroline\_DSC1160.TIF,3,3,3,3,2,1,2064,2452,3658,4046
\\nbi-ufiles\shared\Research-Groups\Mark-Banfield\Josh_Williams\Scoring_5May\Caroline\_DSC1160.TIF,3,3,3,3,4,0,2824,3300,4058,4534
\\nbi-ufiles\shared\Research-Groups\Mark-Banfield\Josh_Williams\Scoring_5May\Caroline\_DSC1160.TIF,3,3,3,3,5,4,2904,3308,3709,4113
\\nbi-ufiles\shared\Research-Groups\Mark-Banfield\Josh_Williams\Scoring_5May\Caroline\_DSC1160.TIF,3,3,3,3,6,0,2702,3154,3332,3784
\\nbi-ufiles\shared\Research-Groups\Mark-Banfield\Josh_Williams\Scoring_5May\Caroline\_DSC1333.TIF,3,3,1,2,2,3,1428,1888,734,1194
\\nbi-ufiles\shared\Research-Groups\Mark-Banfield\Josh_Williams\Scoring_5May\Caroline\_DSC1333.TIF,3,3,1,2,4,1,2126,2548,1063,1485
\\nbi-ufiles\shared\Research-Groups\Mark-Banfield\Josh_Williams\Scoring_5May\Caroline\_DSC1333.TIF,3,3,1,2,5,3,2090,2472,730,1112
\\nbi-ufiles\shared\Research-Groups\Mark-Banfield\Josh_Williams\Scoring_5May\Caroline\_DSC1333.TIF,3,3,1,2,6,2,2016,2318,409,711
\\nbi-ufiles\shared\Research-Groups\Mark-Banfield\Josh_Williams\Scoring_5May\Caroline\_DSC1333.TIF,3,3,2,1,1,3,866,1238,1822,2194
\\nbi-ufiles\shared\Research-Groups\Mark-Banfield\Josh_Williams\Scoring_5May\Caroline\_DSC1333.TIF,3,3,2,1,4,2,1366,1762,2519,2915
\\nbi-ufiles\shared\Research-Groups\Mark-Banfield\Josh_Williams\Scoring_5May\Caroline\_DSC1333.TIF,3,3,2,1,5,3,1341,1683,2110,2452
\\nbi-ufiles\shared\Research-Groups\Mark-Banfield\Josh_Williams\Scoring_5May\Caroline\_DSC1333.TIF,3,3,2,1,6,3,1222,1564,1785,2127
\\nbi-ufiles\shared\Research-Groups\Mark-Banfield\Josh_Williams\Scoring_5May\Caroline\_DSC1333.TIF,3,3,2,3,1,4,2278,2610,2028,2360
\\nbi-ufiles\shared\Research-Groups\Mark-Banfield\Josh_Williams\Scoring_5May\Caroline\_DSC1333.TIF,3,3,2,3,2,4,2174,2468,2281,2575
\\nbi-ufiles\shared\Research-Groups\Mark-Banfield\Josh_Williams\Scoring_5May\Caroline\_DSC1333.TIF,3,3,2,3,3,2,2233,2591,2578,2936
\\nbi-ufiles\shared\Research-Groups\Mark-Banfield\Josh_Williams\Scoring_5May\Caroline\_DSC1333.TIF,3,3,2,3,5,4,2824,3126,2134,2436
\\nbi-ufiles\shared\Research-Groups\Mark-Banfield\Josh_Williams\Scoring_5May\Caroline\_DSC1333.TIF,3,3,3,1,2,5,886,1218,3856,4188
\\nbi-ufiles\shared\Research-Groups\Mark-Banfield\Josh_Williams\Scoring_5May\Caroline\_DSC1333.TIF,3,3,3,1,4,0,1552,1916,4086,4450
\\nbi-ufiles\shared\Research-Groups\Mark-Banfield\Josh_Williams\Scoring_5May\Caroline\_DSC1333.TIF,3,3,3,1,5,5,1551,1877,3744,4070
\\nbi-ufiles\shared\Research-Groups\Mark-Banfield\Josh_Williams\Scoring_5May\Caroline\_DSC1333.TIF,3,3,3,1,6,3,1374,1714,3491,3831
\\nbi-ufiles\shared\Research-Groups\Mark-Banfield\Josh_Williams\Scoring_5May\Caroline\_DSC1333.TIF,3,3,3,3,3,1,2302,2682,4407,4787
\\nbi-ufiles\shared\Research-Groups\Mark-Banfield\Josh_Williams\Scoring_5May\Caroline\_DSC1333.TIF,3,3,3,3,4,2,2960,3300,4316,4656
\\nbi-ufiles\shared\Research-Groups\Mark-Banfield\Josh_Williams\Scoring_5May\Caroline\_DSC1333.TIF,3,3,3,3,5,2,2865,3229,3928,4292
\\nbi-ufiles\shared\Research-Groups\Mark-Banfield\Josh_Williams\Scoring_5May\Caroline\_DSC1333.TIF,3,3,3,3,6,1,2714,3032,3570,3888
\\nbi-ufiles\shared\Research-Groups\Mark-Banfield\Josh_Williams\Scoring_5May\Caroline\_DSC1647.tif,4,4,1,1,1,4,1244,1392,278,426
\\nbi-ufiles\shared\Research-Groups\Mark-Banfield\Josh_Williams\Scoring_5May\Caroline\_DSC1647.tif,4,4,1,1,2,1,1116,1328,366,578
\\nbi-ufiles\shared\Research-Groups\Mark-Banfield\Josh_Williams\Scoring_5May\Caroline\_DSC1647.tif,4,4,1,1,3,4,1057,1241,536,720
\\nbi-ufiles\shared\Research-Groups\Mark-Banfield\Josh_Williams\Scoring_5May\Caroline\_DSC1647.tif,4,4,1,1,4,3,1042,1254,728,940
\\nbi-ufiles\shared\Research-Groups\Mark-Banfield\Josh_Williams\Scoring_5May\Caroline\_DSC1647.tif,4,4,1,1,5,3,1440,1620,821,1001
\\nbi-ufiles\shared\Research-Groups\Mark-Banfield\Josh_Williams\Scoring_5May\Caroline\_DSC1647.tif,4,4,1,1,6,0,1486,1714,593,821
\\nbi-ufiles\shared\Research-Groups\Mark-Banfield\Josh_Williams\Scoring_5May\Caroline\_DSC1647.tif,4,4,1,1,7,5,1466,1634,428,596
\\nbi-ufiles\shared\Research-Groups\Mark-Banfield\Josh_Williams\Scoring_5May\Caroline\_DSC1647.tif,4,4,1,1,8,5,1395,1563,298,466
\\nbi-ufiles\shared\Research-Groups\Mark-Banfield\Josh_Williams\Scoring_5May\Caroline\_DSC1647.tif,4,4,1,2,1,3,2010,2138,270,398
\\nbi-ufiles\shared\Research-Groups\Mark-Banfield\Josh_Williams\Scoring_5May\Caroline\_DSC1647.tif,4,4,1,2,2,0,1946,2106,354,514
\\nbi-ufiles\shared\Research-Groups\Mark-Banfield\Josh_Williams\Scoring_5May\Caroline\_DSC1647.tif,4,4,1,2,3,1,1870,2044,466,640
\\nbi-ufiles\shared\Research-Groups\Mark-Banfield\Josh_Williams\Scoring_5May\Caroline\_DSC1647.tif,4,4,1,2,4,2,1897,2061,698,862
\\nbi-ufiles\shared\Research-Groups\Mark-Banfield\Josh_Williams\Scoring_5May\Caroline\_DSC1647.tif,4,4,1,2,5,1,2244,2396,784,936
\\nbi-ufiles\shared\Research-Groups\Mark-Banfield\Josh_Williams\Scoring_5May\Caroline\_DSC1647.tif,4,4,1,2,6,0,2258,2476,555,773
\\nbi-ufiles\shared\Research-Groups\Mark-Banfield\Josh_Williams\Scoring_5May\Caroline\_DSC1647.tif,4,4,1,2,7,4,2216,2354,427,565
\\nbi-ufiles\shared\Research-Groups\Mark-Banfield\Josh_Williams\Scoring_5May\Caroline\_DSC1647.tif,4,4,1,2,8,3,2144,2280,298,434
\\nbi-ufiles\shared\Research-Groups\Mark-Banfield\Josh_Williams\Scoring_5May\Caroline\_DSC1647.tif,4,4,1,3,1,4,3071,3267,234,430
\\nbi-ufiles\shared\Research-Groups\Mark-Banfield\Josh_Williams\Scoring_5May\Caroline\_DSC1647.tif,4,4,1,3,2,4,3010,3184,372,546
\\nbi-ufiles\shared\Research-Groups\Mark-Banfield\Josh_Williams\Scoring_5May\Caroline\_DSC1647.tif,4,4,1,3,3,0,2984,3164,551,731
\\nbi-ufiles\shared\Research-Groups\Mark-Banfield\Josh_Williams\Scoring_5May\Caroline\_DSC1647.tif,4,4,1,3,4,4,2952,3152,734,934
\\nbi-ufiles\shared\Research-Groups\Mark-Banfield\Josh_Williams\Scoring_5May\Caroline\_DSC1647.tif,4,4,1,3,5,3,3280,3476,794,990
\\nbi-ufiles\shared\Research-Groups\Mark-Banfield\Josh_Williams\Scoring_5May\Caroline\_DSC1647.tif,4,4,1,3,6,4,3342,3518,621,797
\\nbi-ufiles\shared\Research-Groups\Mark-Banfield\Josh_Williams\Scoring_5May\Caroline\_DSC1647.tif,4,4,1,3,7,0,3295,3513,392,610
\\nbi-ufiles\shared\Research-Groups\Mark-Banfield\Josh_Williams\Scoring_5May\Caroline\_DSC1647.tif,4,4,1,3,8,4,3238,3416,237,415
\\nbi-ufiles\shared\Research-Groups\Mark-Banfield\Josh_Williams\Scoring_5May\Caroline\_DSC1647.tif,4,4,1,4,1,3,3924,4104,202,382
\\nbi-ufiles\shared\Research-Groups\Mark-Banfield\Josh_Williams\Scoring_5May\Caroline\_DSC1647.tif,4,4,1,4,2,3,3898,4084,344,530
\\nbi-ufiles\shared\Research-Groups\Mark-Banfield\Josh_Williams\Scoring_5May\Caroline\_DSC1647.tif,4,4,1,4,3,0,3776,4010,450,684
\\nbi-ufiles\shared\Research-Groups\Mark-Banfield\Josh_Williams\Scoring_5May\Caroline\_DSC1647.tif,4,4,1,4,4,4,3776,3966,668,858
\\nbi-ufiles\shared\Research-Groups\Mark-Banfield\Josh_Williams\Scoring_5May\Caroline\_DSC1647.tif,4,4,1,4,5,2,4136,4358,707,929
\\nbi-ufiles\shared\Research-Groups\Mark-Banfield\Josh_Williams\Scoring_5May\Caroline\_DSC1647.tif,4,4,1,4,6,3,4213,4381,562,730
\\nbi-ufiles\shared\Research-Groups\Mark-Banfield\Josh_Williams\Scoring_5May\Caroline\_DSC1647.tif,4,4,1,4,7,0,4178,4374,397,593
\\nbi-ufiles\shared\Research-Groups\Mark-Banfield\Josh_Williams\Scoring_5May\Caroline\_DSC1647.tif,4,4,1,4,8,4,4113,4281,234,402
\\nbi-ufiles\shared\Research-Groups\Mark-Banfield\Josh_Williams\Scoring_5May\Caroline\_DSC1647.tif,4,4,2,1,1,4,1243,1401,1180,1338
\\nbi-ufiles\shared\Research-Groups\Mark-Banfield\Josh_Williams\Scoring_5May\Caroline\_DSC1647.tif,4,4,2,1,2,4,1148,1376,1267,1495
\\nbi-ufiles\shared\Research-Groups\Mark-Banfield\Josh_Williams\Scoring_5May\Caroline\_DSC1647.tif,4,4,2,1,3,4,1148,1322,1434,1608
\\nbi-ufiles\shared\Research-Groups\Mark-Banfield\Josh_Williams\Scoring_5May\Caroline\_DSC1647.tif,4,4,2,1,4,1,1234,1382,1566,1714
\\nbi-ufiles\shared\Research-Groups\Mark-Banfield\Josh_Williams\Scoring_5May\Caroline\_DSC1647.tif,4,4,2,1,5,3,1392,1572,1552,1732
\\nbi-ufiles\shared\Research-Groups\Mark-Banfield\Josh_Williams\Scoring_5May\Caroline\_DSC1647.tif,4,4,2,1,6,4,1482,1688,1432,1638
\\nbi-ufiles\shared\Research-Groups\Mark-Banfield\Josh_Williams\Scoring_5May\Caroline\_DSC1647.tif,4,4,2,1,7,4,1466,1624,1312,1470
\\nbi-ufiles\shared\Research-Groups\Mark-Banfield\Josh_Williams\Scoring_5May\Caroline\_DSC1647.tif,4,4,2,1,8,3,1385,1545,1174,1334
\\nbi-ufiles\shared\Research-Groups\Mark-Banfield\Josh_Williams\Scoring_5May\Caroline\_DSC1647.tif,4,4,2,2,1,5,1990,2142,1142,1294
\\nbi-ufiles\shared\Research-Groups\Mark-Banfield\Josh_Williams\Scoring_5May\Caroline\_DSC1647.tif,4,4,2,2,2,4,1910,2052,1270,1412
\\nbi-ufiles\shared\Research-Groups\Mark-Banfield\Josh_Williams\Scoring_5May\Caroline\_DSC1647.tif,4,4,2,2,3,3,1894,2084,1389,1579
\\nbi-ufiles\shared\Research-Groups\Mark-Banfield\Josh_Williams\Scoring_5May\Caroline\_DSC1647.tif,4,4,2,2,4,0,1888,2116,1581,1809
\\nbi-ufiles\shared\Research-Groups\Mark-Banfield\Josh_Williams\Scoring_5May\Caroline\_DSC1647.tif,4,4,2,2,5,3,2206,2376,1529,1699
\\nbi-ufiles\shared\Research-Groups\Mark-Banfield\Josh_Williams\Scoring_5May\Caroline\_DSC1647.tif,4,4,2,2,6,3,2267,2457,1370,1560
\\nbi-ufiles\shared\Research-Groups\Mark-Banfield\Josh_Williams\Scoring_5May\Caroline\_DSC1647.tif,4,4,2,2,7,3,2212,2360,1251,1399
\\nbi-ufiles\shared\Research-Groups\Mark-Banfield\Josh_Williams\Scoring_5May\Caroline\_DSC1647.tif,4,4,2,2,8,1,2126,2290,1130,1294
\\nbi-ufiles\shared\Research-Groups\Mark-Banfield\Josh_Williams\Scoring_5May\Caroline\_DSC1647.tif,4,4,2,3,1,1,3012,3182,1100,1270
\\nbi-ufiles\shared\Research-Groups\Mark-Banfield\Josh_Williams\Scoring_5May\Caroline\_DSC1647.tif,4,4,2,3,2,4,2926,3120,1234,1428
\\nbi-ufiles\shared\Research-Groups\Mark-Banfield\Josh_Williams\Scoring_5May\Caroline\_DSC1647.tif,4,4,2,3,3,4,2904,3078,1400,1574
\\nbi-ufiles\shared\Research-Groups\Mark-Banfield\Josh_Williams\Scoring_5May\Caroline\_DSC1647.tif,4,4,2,3,4,4,2872,3084,1592,1804
\\nbi-ufiles\shared\Research-Groups\Mark-Banfield\Josh_Williams\Scoring_5May\Caroline\_DSC1647.tif,4,4,2,3,5,0,3264,3476,1661,1873
\\nbi-ufiles\shared\Research-Groups\Mark-Banfield\Josh_Williams\Scoring_5May\Caroline\_DSC1647.tif,4,4,2,3,6,4,3348,3538,1463,1653
\\nbi-ufiles\shared\Research-Groups\Mark-Banfield\Josh_Williams\Scoring_5May\Caroline\_DSC1647.tif,4,4,2,3,7,4,3310,3504,1292,1486
\\nbi-ufiles\shared\Research-Groups\Mark-Banfield\Josh_Williams\Scoring_5May\Caroline\_DSC1647.tif,4,4,2,3,8,4,3205,3401,1112,1308
\\nbi-ufiles\shared\Research-Groups\Mark-Banfield\Josh_Williams\Scoring_5May\Caroline\_DSC1647.tif,4,4,2,4,1,0,3946,4104,1091,1249
\\nbi-ufiles\shared\Research-Groups\Mark-Banfield\Josh_Williams\Scoring_5May\Caroline\_DSC1647.tif,4,4,2,4,2,4,3856,4014,1226,1384
\\nbi-ufiles\shared\Research-Groups\Mark-Banfield\Josh_Williams\Scoring_5May\Caroline\_DSC1647.tif,4,4,2,4,3,3,3803,4019,1382,1598
\\nbi-ufiles\shared\Research-Groups\Mark-Banfield\Josh_Williams\Scoring_5May\Caroline\_DSC1647.tif,4,4,2,4,4,3,3846,4062,1572,1788
\\nbi-ufiles\shared\Research-Groups\Mark-Banfield\Josh_Williams\Scoring_5May\Caroline\_DSC1647.tif,4,4,2,4,5,0,4162,4400,1579,1817
\\nbi-ufiles\shared\Research-Groups\Mark-Banfield\Josh_Williams\Scoring_5May\Caroline\_DSC1647.tif,4,4,2,4,6,4,4204,4410,1397,1603
\\nbi-ufiles\shared\Research-Groups\Mark-Banfield\Josh_Williams\Scoring_5May\Caroline\_DSC1647.tif,4,4,2,4,7,3,4142,4332,1209,1399
\\nbi-ufiles\shared\Research-Groups\Mark-Banfield\Josh_Williams\Scoring_5May\Caroline\_DSC1647.tif,4,4,2,4,8,3,4104,4268,1077,1241
\\nbi-ufiles\shared\Research-Groups\Mark-Banfield\Josh_Williams\Scoring_5May\Caroline\_DSC1647.tif,4,4,3,1,1,4,1204,1372,1868,2036
\\nbi-ufiles\shared\Research-Groups\Mark-Banfield\Josh_Williams\Scoring_5May\Caroline\_DSC1647.tif,4,4,3,1,2,1,1135,1299,2032,2196
\\nbi-ufiles\shared\Research-Groups\Mark-Banfield\Josh_Williams\Scoring_5May\Caroline\_DSC1647.tif,4,4,3,1,3,4,1084,1302,2185,2403
\\nbi-ufiles\shared\Research-Groups\Mark-Banfield\Josh_Williams\Scoring_5May\Caroline\_DSC1647.tif,4,4,3,1,4,3,1128,1376,2354,2602
\\nbi-ufiles\shared\Research-Groups\Mark-Banfield\Josh_Williams\Scoring_5May\Caroline\_DSC1647.tif,4,4,3,1,5,4,1500,1700,2402,2602
\\nbi-ufiles\shared\Research-Groups\Mark-Banfield\Josh_Williams\Scoring_5May\Caroline\_DSC1647.tif,4,4,3,1,6,0,1492,1736,2168,2412
\\nbi-ufiles\shared\Research-Groups\Mark-Banfield\Josh_Williams\Scoring_5May\Caroline\_DSC1647.tif,4,4,3,1,7,4,1418,1634,1987,2203
\\nbi-ufiles\shared\Research-Groups\Mark-Banfield\Josh_Williams\Scoring_5May\Caroline\_DSC1647.tif,4,4,3,1,8,4,1392,1534,1836,1978
\\nbi-ufiles\shared\Research-Groups\Mark-Banfield\Josh_Williams\Scoring_5May\Caroline\_DSC1647.tif,4,4,3,2,1,3,2018,2156,1952,2090
\\nbi-ufiles\shared\Research-Groups\Mark-Banfield\Josh_Williams\Scoring_5May\Caroline\_DSC1647.tif,4,4,3,2,2,0,1962,2110,2055,2203
\\nbi-ufiles\shared\Research-Groups\Mark-Banfield\Josh_Williams\Scoring_5May\Caroline\_DSC1647.tif,4,4,3,2,3,2,2006,2168,2165,2327
\\nbi-ufiles\shared\Research-Groups\Mark-Banfield\Josh_Williams\Scoring_5May\Caroline\_DSC1647.tif,4,4,3,2,4,2,1961,2129,2344,2512
\\nbi-ufiles\shared\Research-Groups\Mark-Banfield\Josh_Williams\Scoring_5May\Caroline\_DSC1647.tif,4,4,3,2,5,1,2222,2364,2445,2587
\\nbi-ufiles\shared\Research-Groups\Mark-Banfield\Josh_Williams\Scoring_5May\Caroline\_DSC1647.tif,4,4,3,2,6,0,2275,2439,2270,2434
\\nbi-ufiles\shared\Research-Groups\Mark-Banfield\Josh_Williams\Scoring_5May\Caroline\_DSC1647.tif,4,4,3,2,7,3,2212,2392,2087,2267
\\nbi-ufiles\shared\Research-Groups\Mark-Banfield\Josh_Williams\Scoring_5May\Caroline\_DSC1647.tif,4,4,3,2,8,4,2164,2328,1918,2082
\\nbi-ufiles\shared\Research-Groups\Mark-Banfield\Josh_Williams\Scoring_5May\Caroline\_DSC1647.tif,4,4,3,3,1,4,3000,3184,2016,2200
\\nbi-ufiles\shared\Research-Groups\Mark-Banfield\Josh_Williams\Scoring_5May\Caroline\_DSC1647.tif,4,4,3,3,2,4,2927,3097,2190,2360
\\nbi-ufiles\shared\Research-Groups\Mark-Banfield\Josh_Williams\Scoring_5May\Caroline\_DSC1647.tif,4,4,3,3,3,0,2852,3058,2359,2565
\\nbi-ufiles\shared\Research-Groups\Mark-Banfield\Josh_Williams\Scoring_5May\Caroline\_DSC1647.tif,4,4,3,3,4,4,2814,3010,2582,2778
\\nbi-ufiles\shared\Research-Groups\Mark-Banfield\Josh_Williams\Scoring_5May\Caroline\_DSC1647.tif,4,4,3,3,5,4,3194,3444,2578,2828
\\nbi-ufiles\shared\Research-Groups\Mark-Banfield\Josh_Williams\Scoring_5May\Caroline\_DSC1647.tif,4,4,3,3,6,4,3311,3507,2412,2608
\\nbi-ufiles\shared\Research-Groups\Mark-Banfield\Josh_Williams\Scoring_5May\Caroline\_DSC1647.tif,4,4,3,3,7,0,3271,3467,2196,2392
\\nbi-ufiles\shared\Research-Groups\Mark-Banfield\Josh_Williams\Scoring_5May\Caroline\_DSC1647.tif,4,4,3,3,8,4,3200,3380,2036,2216
\\nbi-ufiles\shared\Research-Groups\Mark-Banfield\Josh_Williams\Scoring_5May\Caroline\_DSC1647.tif,4,4,3,4,1,4,3917,4091,1994,2168
\\nbi-ufiles\shared\Research-Groups\Mark-Banfield\Josh_Williams\Scoring_5May\Caroline\_DSC1647.tif,4,4,3,4,2,4,3813,3999,2126,2312
\\nbi-ufiles\shared\Research-Groups\Mark-Banfield\Josh_Williams\Scoring_5May\Caroline\_DSC1647.tif,4,4,3,4,3,0,3720,3916,2274,2470
\\nbi-ufiles\shared\Research-Groups\Mark-Banfield\Josh_Williams\Scoring_5May\Caroline\_DSC1647.tif,4,4,3,4,4,5,3761,3993,2476,2708
\\nbi-ufiles\shared\Research-Groups\Mark-Banfield\Josh_Williams\Scoring_5May\Caroline\_DSC1647.tif,4,4,3,4,5,3,4056,4278,2471,2693
\\nbi-ufiles\shared\Research-Groups\Mark-Banfield\Josh_Williams\Scoring_5May\Caroline\_DSC1647.tif,4,4,3,4,6,5,4165,4375,2318,2528
\\nbi-ufiles\shared\Research-Groups\Mark-Banfield\Josh_Williams\Scoring_5May\Caroline\_DSC1647.tif,4,4,3,4,7,0,4162,4368,2127,2333
\\nbi-ufiles\shared\Research-Groups\Mark-Banfield\Josh_Williams\Scoring_5May\Caroline\_DSC1647.tif,4,4,3,4,8,5,4103,4263,1978,2138
\\nbi-ufiles\shared\Research-Groups\Mark-Banfield\Josh_Williams\Scoring_5May\Caroline\_DSC1647.tif,4,4,4,1,1,4,1256,1442,2750,2936
\\nbi-ufiles\shared\Research-Groups\Mark-Banfield\Josh_Williams\Scoring_5May\Caroline\_DSC1647.tif,4,4,4,1,2,6,1180,1386,2889,3095
\\nbi-ufiles\shared\Research-Groups\Mark-Banfield\Josh_Williams\Scoring_5May\Caroline\_DSC1647.tif,4,4,4,1,3,3,1116,1360,3105,3349
\\nbi-ufiles\shared\Research-Groups\Mark-Banfield\Josh_Williams\Scoring_5May\Caroline\_DSC1647.tif,4,4,4,1,4,1,1116,1386,3301,3571
\\nbi-ufiles\shared\Research-Groups\Mark-Banfield\Josh_Williams\Scoring_5May\Caroline\_DSC1647.tif,4,4,4,1,5,4,1460,1672,3282,3494
\\nbi-ufiles\shared\Research-Groups\Mark-Banfield\Josh_Williams\Scoring_5May\Caroline\_DSC1647.tif,4,4,4,1,6,4,1576,1778,3105,3307
\\nbi-ufiles\shared\Research-Groups\Mark-Banfield\Josh_Williams\Scoring_5May\Caroline\_DSC1647.tif,4,4,4,1,7,4,1521,1753,2910,3142
\\nbi-ufiles\shared\Research-Groups\Mark-Banfield\Josh_Williams\Scoring_5May\Caroline\_DSC1647.tif,4,4,4,1,8,0,1418,1646,2742,2970
\\nbi-ufiles\shared\Research-Groups\Mark-Banfield\Josh_Williams\Scoring_5May\Caroline\_DSC1647.tif,4,4,4,2,1,6,2132,2290,2780,2938
\\nbi-ufiles\shared\Research-Groups\Mark-Banfield\Josh_Williams\Scoring_5May\Caroline\_DSC1647.tif,4,4,4,2,2,5,2048,2206,2875,3033
\\nbi-ufiles\shared\Research-Groups\Mark-Banfield\Josh_Williams\Scoring_5May\Caroline\_DSC1647.tif,4,4,4,2,3,4,2016,2180,3020,3184
\\nbi-ufiles\shared\Research-Groups\Mark-Banfield\Josh_Williams\Scoring_5May\Caroline\_DSC1647.tif,4,4,4,2,4,1,1984,2174,3227,3417
\\nbi-ufiles\shared\Research-Groups\Mark-Banfield\Josh_Williams\Scoring_5May\Caroline\_DSC1647.tif,4,4,4,2,5,5,2364,2496,3194,3326
\\nbi-ufiles\shared\Research-Groups\Mark-Banfield\Josh_Williams\Scoring_5May\Caroline\_DSC1647.tif,4,4,4,2,6,5,2312,2486,3042,3216
\\nbi-ufiles\shared\Research-Groups\Mark-Banfield\Josh_Williams\Scoring_5May\Caroline\_DSC1647.tif,4,4,4,2,7,4,2274,2460,2879,3065
\\nbi-ufiles\shared\Research-Groups\Mark-Banfield\Josh_Williams\Scoring_5May\Caroline\_DSC1647.tif,4,4,4,2,8,0,2274,2438,2751,2915
\\nbi-ufiles\shared\Research-Groups\Mark-Banfield\Josh_Williams\Scoring_5May\Caroline\_DSC1647.tif,4,4,4,3,1,0,3090,3248,2873,3031
\\nbi-ufiles\shared\Research-Groups\Mark-Banfield\Josh_Williams\Scoring_5May\Caroline\_DSC1647.tif,4,4,4,3,2,5,3000,3152,2976,3128
\\nbi-ufiles\shared\Research-Groups\Mark-Banfield\Josh_Williams\Scoring_5May\Caroline\_DSC1647.tif,4,4,4,3,3,3,2910,3062,3116,3268
\\nbi-ufiles\shared\Research-Groups\Mark-Banfield\Josh_Williams\Scoring_5May\Caroline\_DSC1647.tif,4,4,4,3,4,2,2866,3062,3279,3475
\\nbi-ufiles\shared\Research-Groups\Mark-Banfield\Josh_Williams\Scoring_5May\Caroline\_DSC1647.tif,4,4,4,3,5,0,3248,3416,3346,3514
\\nbi-ufiles\shared\Research-Groups\Mark-Banfield\Josh_Williams\Scoring_5May\Caroline\_DSC1647.tif,4,4,4,3,6,4,3300,3470,3197,3367
\\nbi-ufiles\shared\Research-Groups\Mark-Banfield\Josh_Williams\Scoring_5May\Caroline\_DSC1647.tif,4,4,4,3,7,4,3274,3422,3030,3178
\\nbi-ufiles\shared\Research-Groups\Mark-Banfield\Josh_Williams\Scoring_5May\Caroline\_DSC1647.tif,4,4,4,3,8,4,3227,3369,2894,3036
\\nbi-ufiles\shared\Research-Groups\Mark-Banfield\Josh_Williams\Scoring_5May\Caroline\_DSC1647.tif,4,4,4,4,1,2,3805,3969,2882,3046
\\nbi-ufiles\shared\Research-Groups\Mark-Banfield\Josh_Williams\Scoring_5May\Caroline\_DSC1647.tif,4,4,4,4,2,4,3744,3936,3038,3230
\\nbi-ufiles\shared\Research-Groups\Mark-Banfield\Josh_Williams\Scoring_5May\Caroline\_DSC1647.tif,4,4,4,4,3,4,3750,3920,3189,3359
\\nbi-ufiles\shared\Research-Groups\Mark-Banfield\Josh_Williams\Scoring_5May\Caroline\_DSC1647.tif,4,4,4,4,4,4,3816,4012,3306,3502
\\nbi-ufiles\shared\Research-Groups\Mark-Banfield\Josh_Williams\Scoring_5May\Caroline\_DSC1647.tif,4,4,4,4,5,0,4046,4268,3274,3496
\\nbi-ufiles\shared\Research-Groups\Mark-Banfield\Josh_Williams\Scoring_5May\Caroline\_DSC1647.tif,4,4,4,4,6,5,4167,4395,3110,3338
\\nbi-ufiles\shared\Research-Groups\Mark-Banfield\Josh_Williams\Scoring_5May\Caroline\_DSC1647.tif,4,4,4,4,7,5,4115,4295,2962,3142
\\nbi-ufiles\shared\Research-Groups\Mark-Banfield\Josh_Williams\Scoring_5May\Caroline\_DSC1647.tif,4,4,4,4,8,4,3982,4162,2835,3015
\\nbi-ufiles\shared\Research-Groups\Mark-Banfield\Josh_Williams\Scoring_5May\Caroline\_DSC1648.tif,4,4,1,1,1,0,1270,1428,355,513
\\nbi-ufiles\shared\Research-Groups\Mark-Banfield\Josh_Williams\Scoring_5May\Caroline\_DSC1648.tif,4,4,1,1,2,5,1234,1402,528,696
\\nbi-ufiles\shared\Research-Groups\Mark-Banfield\Josh_Williams\Scoring_5May\Caroline\_DSC1648.tif,4,4,1,1,3,3,1148,1360,616,828
\\nbi-ufiles\shared\Research-Groups\Mark-Banfield\Josh_Williams\Scoring_5May\Caroline\_DSC1648.tif,4,4,1,1,4,2,1257,1389,800,932
\\nbi-ufiles\shared\Research-Groups\Mark-Banfield\Josh_Williams\Scoring_5May\Caroline\_DSC1648.tif,4,4,1,1,5,1,1518,1688,826,996
\\nbi-ufiles\shared\Research-Groups\Mark-Banfield\Josh_Williams\Scoring_5May\Caroline\_DSC1648.tif,4,4,1,1,6,3,1560,1740,652,832
\\nbi-ufiles\shared\Research-Groups\Mark-Banfield\Josh_Williams\Scoring_5May\Caroline\_DSC1648.tif,4,4,1,1,7,3,1508,1688,495,675
\\nbi-ufiles\shared\Research-Groups\Mark-Banfield\Josh_Williams\Scoring_5May\Caroline\_DSC1648.tif,4,4,1,1,8,4,1412,1592,358,538
\\nbi-ufiles\shared\Research-Groups\Mark-Banfield\Josh_Williams\Scoring_5May\Caroline\_DSC1648.tif,4,4,1,2,1,2,2074,2244,333,503
\\nbi-ufiles\shared\Research-Groups\Mark-Banfield\Josh_Williams\Scoring_5May\Caroline\_DSC1648.tif,4,4,1,2,2,4,2010,2196,468,654
\\nbi-ufiles\shared\Research-Groups\Mark-Banfield\Josh_Williams\Scoring_5May\Caroline\_DSC1648.tif,4,4,1,2,3,4,1958,2148,652,842
\\nbi-ufiles\shared\Research-Groups\Mark-Banfield\Josh_Williams\Scoring_5May\Caroline\_DSC1648.tif,4,4,1,2,4,4,2074,2274,795,995
\\nbi-ufiles\shared\Research-Groups\Mark-Banfield\Josh_Williams\Scoring_5May\Caroline\_DSC1648.tif,4,4,1,2,5,0,2328,2540,799,1011
\\nbi-ufiles\shared\Research-Groups\Mark-Banfield\Josh_Williams\Scoring_5May\Caroline\_DSC1648.tif,4,4,1,2,6,4,2406,2592,654,840
\\nbi-ufiles\shared\Research-Groups\Mark-Banfield\Josh_Williams\Scoring_5May\Caroline\_DSC1648.tif,4,4,1,2,7,3,2354,2550,460,656
\\nbi-ufiles\shared\Research-Groups\Mark-Banfield\Josh_Williams\Scoring_5May\Caroline\_DSC1648.tif,4,4,1,2,8,4,2239,2431,312,504
\\nbi-ufiles\shared\Research-Groups\Mark-Banfield\Josh_Williams\Scoring_5May\Caroline\_DSC1648.tif,4,4,1,3,1,4,3068,3258,282,472
\\nbi-ufiles\shared\Research-Groups\Mark-Banfield\Josh_Williams\Scoring_5May\Caroline\_DSC1648.tif,4,4,1,3,2,1,2968,3194,446,672
\\nbi-ufiles\shared\Research-Groups\Mark-Banfield\Josh_Williams\Scoring_5May\Caroline\_DSC1648.tif,4,4,1,3,3,4,2920,3116,620,816
\\nbi-ufiles\shared\Research-Groups\Mark-Banfield\Josh_Williams\Scoring_5May\Caroline\_DSC1648.tif,4,4,1,3,4,3,2972,3200,778,1006
\\nbi-ufiles\shared\Research-Groups\Mark-Banfield\Josh_Williams\Scoring_5May\Caroline\_DSC1648.tif,4,4,1,3,5,4,3314,3508,758,952
\\nbi-ufiles\shared\Research-Groups\Mark-Banfield\Josh_Williams\Scoring_5May\Caroline\_DSC1648.tif,4,4,1,3,6,1,3340,3546,572,778
\\nbi-ufiles\shared\Research-Groups\Mark-Banfield\Josh_Williams\Scoring_5May\Caroline\_DSC1648.tif,4,4,1,3,7,4,3324,3488,434,598
\\nbi-ufiles\shared\Research-Groups\Mark-Banfield\Josh_Williams\Scoring_5May\Caroline\_DSC1648.tif,4,4,1,3,8,4,3264,3406,329,471
\\nbi-ufiles\shared\Research-Groups\Mark-Banfield\Josh_Williams\Scoring_5May\Caroline\_DSC1648.tif,4,4,1,4,1,5,3946,4110,305,469
\\nbi-ufiles\shared\Research-Groups\Mark-Banfield\Josh_Williams\Scoring_5May\Caroline\_DSC1648.tif,4,4,1,4,2,2,3846,4036,469,659
\\nbi-ufiles\shared\Research-Groups\Mark-Banfield\Josh_Williams\Scoring_5May\Caroline\_DSC1648.tif,4,4,1,4,3,3,3763,3949,656,842
\\nbi-ufiles\shared\Research-Groups\Mark-Banfield\Josh_Williams\Scoring_5May\Caroline\_DSC1648.tif,4,4,1,4,4,2,3792,4014,834,1056
\\nbi-ufiles\shared\Research-Groups\Mark-Banfield\Josh_Williams\Scoring_5May\Caroline\_DSC1648.tif,4,4,1,4,5,3,4094,4310,835,1051
\\nbi-ufiles\shared\Research-Groups\Mark-Banfield\Josh_Williams\Scoring_5May\Caroline\_DSC1648.tif,4,4,1,4,6,0,4158,4368,623,833
\\nbi-ufiles\shared\Research-Groups\Mark-Banfield\Josh_Williams\Scoring_5May\Caroline\_DSC1648.tif,4,4,1,4,7,4,4126,4336,459,669
\\nbi-ufiles\shared\Research-Groups\Mark-Banfield\Josh_Williams\Scoring_5May\Caroline\_DSC1648.tif,4,4,1,4,8,4,4087,4261,324,498
\\nbi-ufiles\shared\Research-Groups\Mark-Banfield\Josh_Williams\Scoring_5May\Caroline\_DSC1648.tif,4,4,2,1,1,4,1292,1456,1220,1384
\\nbi-ufiles\shared\Research-Groups\Mark-Banfield\Josh_Williams\Scoring_5May\Caroline\_DSC1648.tif,4,4,2,1,2,4,1122,1328,1328,1534
\\nbi-ufiles\shared\Research-Groups\Mark-Banfield\Josh_Williams\Scoring_5May\Caroline\_DSC1648.tif,4,4,2,1,3,0,1106,1344,1550,1788
\\nbi-ufiles\shared\Research-Groups\Mark-Banfield\Josh_Williams\Scoring_5May\Caroline\_DSC1648.tif,4,4,2,1,4,3,1244,1444,1720,1920
\\nbi-ufiles\shared\Research-Groups\Mark-Banfield\Josh_Williams\Scoring_5May\Caroline\_DSC1648.tif,4,4,2,1,5,2,1502,1768,1680,1946
\\nbi-ufiles\shared\Research-Groups\Mark-Banfield\Josh_Williams\Scoring_5May\Caroline\_DSC1648.tif,4,4,2,1,6,4,1530,1778,1484,1732
\\nbi-ufiles\shared\Research-Groups\Mark-Banfield\Josh_Williams\Scoring_5May\Caroline\_DSC1648.tif,4,4,2,1,7,0,1530,1708,1331,1509
\\nbi-ufiles\shared\Research-Groups\Mark-Banfield\Josh_Williams\Scoring_5May\Caroline\_DSC1648.tif,4,4,2,1,8,4,1434,1614,1174,1354
\\nbi-ufiles\shared\Research-Groups\Mark-Banfield\Josh_Williams\Scoring_5May\Caroline\_DSC1648.tif,4,4,2,2,1,3,2108,2272,1144,1308
\\nbi-ufiles\shared\Research-Groups\Mark-Banfield\Josh_Williams\Scoring_5May\Caroline\_DSC1648.tif,4,4,2,2,2,3,2035,2171,1260,1396
\\nbi-ufiles\shared\Research-Groups\Mark-Banfield\Josh_Williams\Scoring_5May\Caroline\_DSC1648.tif,4,4,2,2,3,1,1975,2145,1412,1582
\\nbi-ufiles\shared\Research-Groups\Mark-Banfield\Josh_Williams\Scoring_5May\Caroline\_DSC1648.tif,4,4,2,2,4,2,1979,2185,1604,1810
\\nbi-ufiles\shared\Research-Groups\Mark-Banfield\Josh_Williams\Scoring_5May\Caroline\_DSC1648.tif,4,4,2,2,5,1,2338,2544,1587,1793
\\nbi-ufiles\shared\Research-Groups\Mark-Banfield\Josh_Williams\Scoring_5May\Caroline\_DSC1648.tif,4,4,2,2,6,3,2325,2505,1376,1556
\\nbi-ufiles\shared\Research-Groups\Mark-Banfield\Josh_Williams\Scoring_5May\Caroline\_DSC1648.tif,4,4,2,2,7,0,2325,2495,1212,1382
\\nbi-ufiles\shared\Research-Groups\Mark-Banfield\Josh_Williams\Scoring_5May\Caroline\_DSC1648.tif,4,4,2,2,8,3,2262,2378,1122,1238
\\nbi-ufiles\shared\Research-Groups\Mark-Banfield\Josh_Williams\Scoring_5May\Caroline\_DSC1648.tif,4,4,2,3,1,4,3107,3245,1244,1382
\\nbi-ufiles\shared\Research-Groups\Mark-Banfield\Josh_Williams\Scoring_5May\Caroline\_DSC1648.tif,4,4,2,3,2,3,2935,3137,1386,1588
\\nbi-ufiles\shared\Research-Groups\Mark-Banfield\Josh_Williams\Scoring_5May\Caroline\_DSC1648.tif,4,4,2,3,3,0,2978,3094,1588,1704
\\nbi-ufiles\shared\Research-Groups\Mark-Banfield\Josh_Williams\Scoring_5May\Caroline\_DSC1648.tif,4,4,2,3,4,0,3058,3194,1665,1801
\\nbi-ufiles\shared\Research-Groups\Mark-Banfield\Josh_Williams\Scoring_5May\Caroline\_DSC1648.tif,4,4,2,3,5,2,3309,3505,1624,1820
\\nbi-ufiles\shared\Research-Groups\Mark-Banfield\Josh_Williams\Scoring_5May\Caroline\_DSC1648.tif,4,4,2,3,6,2,3401,3549,1466,1614
\\nbi-ufiles\shared\Research-Groups\Mark-Banfield\Josh_Williams\Scoring_5May\Caroline\_DSC1648.tif,4,4,2,3,7,4,3326,3470,1319,1463
\\nbi-ufiles\shared\Research-Groups\Mark-Banfield\Josh_Williams\Scoring_5May\Caroline\_DSC1648.tif,4,4,2,3,8,2,3263,3417,1164,1318
\\nbi-ufiles\shared\Research-Groups\Mark-Banfield\Josh_Williams\Scoring_5May\Caroline\_DSC1648.tif,4,4,2,4,1,4,3949,4101,1170,1322
\\nbi-ufiles\shared\Research-Groups\Mark-Banfield\Josh_Williams\Scoring_5May\Caroline\_DSC1648.tif,4,4,2,4,2,4,3802,3982,1243,1423
\\nbi-ufiles\shared\Research-Groups\Mark-Banfield\Josh_Williams\Scoring_5May\Caroline\_DSC1648.tif,4,4,2,4,3,4,3755,3951,1386,1582
\\nbi-ufiles\shared\Research-Groups\Mark-Banfield\Josh_Williams\Scoring_5May\Caroline\_DSC1648.tif,4,4,2,4,4,3,3724,3924,1604,1804
\\nbi-ufiles\shared\Research-Groups\Mark-Banfield\Josh_Williams\Scoring_5May\Caroline\_DSC1648.tif,4,4,2,4,5,4,4094,4284,1614,1804
\\nbi-ufiles\shared\Research-Groups\Mark-Banfield\Josh_Williams\Scoring_5May\Caroline\_DSC1648.tif,4,4,2,4,6,5,4194,4364,1460,1630
\\nbi-ufiles\shared\Research-Groups\Mark-Banfield\Josh_Williams\Scoring_5May\Caroline\_DSC1648.tif,4,4,2,4,7,5,4130,4294,1315,1479
\\nbi-ufiles\shared\Research-Groups\Mark-Banfield\Josh_Williams\Scoring_5May\Caroline\_DSC1648.tif,4,4,2,4,8,2,4082,4234,1186,1338
\\nbi-ufiles\shared\Research-Groups\Mark-Banfield\Josh_Williams\Scoring_5May\Caroline\_DSC1648.tif,4,4,3,1,1,3,1286,1456,2076,2246
\\nbi-ufiles\shared\Research-Groups\Mark-Banfield\Josh_Williams\Scoring_5May\Caroline\_DSC1648.tif,4,4,3,1,2,4,1192,1376,2180,2364
\\nbi-ufiles\shared\Research-Groups\Mark-Banfield\Josh_Williams\Scoring_5May\Caroline\_DSC1648.tif,4,4,3,1,3,5,1154,1360,2352,2558
\\nbi-ufiles\shared\Research-Groups\Mark-Banfield\Josh_Williams\Scoring_5May\Caroline\_DSC1648.tif,4,4,3,1,4,5,1264,1456,2462,2654
\\nbi-ufiles\shared\Research-Groups\Mark-Banfield\Josh_Williams\Scoring_5May\Caroline\_DSC1648.tif,4,4,3,1,5,3,1545,1719,2470,2644
\\nbi-ufiles\shared\Research-Groups\Mark-Banfield\Josh_Williams\Scoring_5May\Caroline\_DSC1648.tif,4,4,3,1,6,4,1576,1756,2299,2479
\\nbi-ufiles\shared\Research-Groups\Mark-Banfield\Josh_Williams\Scoring_5May\Caroline\_DSC1648.tif,4,4,3,1,7,4,1566,1730,2143,2307
\\nbi-ufiles\shared\Research-Groups\Mark-Banfield\Josh_Williams\Scoring_5May\Caroline\_DSC1648.tif,4,4,3,1,8,4,1466,1634,2011,2179
\\nbi-ufiles\shared\Research-Groups\Mark-Banfield\Josh_Williams\Scoring_5May\Caroline\_DSC1648.tif,4,4,3,2,1,0,2032,2200,1974,2142
\\nbi-ufiles\shared\Research-Groups\Mark-Banfield\Josh_Williams\Scoring_5May\Caroline\_DSC1648.tif,4,4,3,2,2,4,1920,2132,2082,2294
\\nbi-ufiles\shared\Research-Groups\Mark-Banfield\Josh_Williams\Scoring_5May\Caroline\_DSC1648.tif,4,4,3,2,3,4,1908,2118,2244,2454
\\nbi-ufiles\shared\Research-Groups\Mark-Banfield\Josh_Williams\Scoring_5May\Caroline\_DSC1648.tif,4,4,3,2,4,3,1946,2168,2441,2663
\\nbi-ufiles\shared\Research-Groups\Mark-Banfield\Josh_Williams\Scoring_5May\Caroline\_DSC1648.tif,4,4,3,2,5,0,2274,2480,2370,2576
\\nbi-ufiles\shared\Research-Groups\Mark-Banfield\Josh_Williams\Scoring_5May\Caroline\_DSC1648.tif,4,4,3,2,6,4,2325,2547,2174,2396
\\nbi-ufiles\shared\Research-Groups\Mark-Banfield\Josh_Williams\Scoring_5May\Caroline\_DSC1648.tif,4,4,3,2,7,5,2306,2480,2023,2197
\\nbi-ufiles\shared\Research-Groups\Mark-Banfield\Josh_Williams\Scoring_5May\Caroline\_DSC1648.tif,4,4,3,2,8,6,2228,2364,1900,2036
\\nbi-ufiles\shared\Research-Groups\Mark-Banfield\Josh_Williams\Scoring_5May\Caroline\_DSC1648.tif,4,4,3,3,1,6,3042,3194,1897,2049
\\nbi-ufiles\shared\Research-Groups\Mark-Banfield\Josh_Williams\Scoring_5May\Caroline\_DSC1648.tif,4,4,3,3,2,2,2946,3148,2004,2206
\\nbi-ufiles\shared\Research-Groups\Mark-Banfield\Josh_Williams\Scoring_5May\Caroline\_DSC1648.tif,4,4,3,3,3,5,2926,3104,2167,2345
\\nbi-ufiles\shared\Research-Groups\Mark-Banfield\Josh_Williams\Scoring_5May\Caroline\_DSC1648.tif,4,4,3,3,4,2,2986,3202,2328,2544
\\nbi-ufiles\shared\Research-Groups\Mark-Banfield\Josh_Williams\Scoring_5May\Caroline\_DSC1648.tif,4,4,3,3,5,3,3255,3435,2360,2540
\\nbi-ufiles\shared\Research-Groups\Mark-Banfield\Josh_Williams\Scoring_5May\Caroline\_DSC1648.tif,4,4,3,3,6,1,3284,3502,2144,2362
\\nbi-ufiles\shared\Research-Groups\Mark-Banfield\Josh_Williams\Scoring_5May\Caroline\_DSC1648.tif,4,4,3,3,7,5,3264,3454,2000,2190
\\nbi-ufiles\shared\Research-Groups\Mark-Banfield\Josh_Williams\Scoring_5May\Caroline\_DSC1648.tif,4,4,3,3,8,5,3159,3335,1888,2064
\\nbi-ufiles\shared\Research-Groups\Mark-Banfield\Josh_Williams\Scoring_5May\Caroline\_DSC1648.tif,4,4,3,4,1,5,3846,4024,1887,2065
\\nbi-ufiles\shared\Research-Groups\Mark-Banfield\Josh_Williams\Scoring_5May\Caroline\_DSC1648.tif,4,4,3,4,2,2,3782,3930,2066,2214
\\nbi-ufiles\shared\Research-Groups\Mark-Banfield\Josh_Williams\Scoring_5May\Caroline\_DSC1648.tif,4,4,3,4,3,4,3700,3900,2206,2406
\\nbi-ufiles\shared\Research-Groups\Mark-Banfield\Josh_Williams\Scoring_5May\Caroline\_DSC1648.tif,4,4,3,4,4,3,3774,3980,2396,2602
\\nbi-ufiles\shared\Research-Groups\Mark-Banfield\Josh_Williams\Scoring_5May\Caroline\_DSC1648.tif,4,4,3,4,5,4,4062,4242,2434,2614
\\nbi-ufiles\shared\Research-Groups\Mark-Banfield\Josh_Williams\Scoring_5May\Caroline\_DSC1648.tif,4,4,3,4,6,0,4115,4321,2228,2434
\\nbi-ufiles\shared\Research-Groups\Mark-Banfield\Josh_Williams\Scoring_5May\Caroline\_DSC1648.tif,4,4,3,4,7,4,4084,4284,2040,2240
\\nbi-ufiles\shared\Research-Groups\Mark-Banfield\Josh_Williams\Scoring_5May\Caroline\_DSC1648.tif,4,4,3,4,8,4,4041,4205,1878,2042
\\nbi-ufiles\shared\Research-Groups\Mark-Banfield\Josh_Williams\Scoring_5May\Caroline\_DSC1648.tif,4,4,4,1,1,4,1396,1546,2687,2837
\\nbi-ufiles\shared\Research-Groups\Mark-Banfield\Josh_Williams\Scoring_5May\Caroline\_DSC1648.tif,4,4,4,1,2,5,1247,1447,2804,3004
\\nbi-ufiles\shared\Research-Groups\Mark-Banfield\Josh_Williams\Scoring_5May\Caroline\_DSC1648.tif,4,4,4,1,3,0,1170,1354,3090,3274
\\nbi-ufiles\shared\Research-Groups\Mark-Banfield\Josh_Williams\Scoring_5May\Caroline\_DSC1648.tif,4,4,4,1,4,2,1326,1494,3248,3416
\\nbi-ufiles\shared\Research-Groups\Mark-Banfield\Josh_Williams\Scoring_5May\Caroline\_DSC1648.tif,4,4,4,1,5,3,1558,1754,3194,3390
\\nbi-ufiles\shared\Research-Groups\Mark-Banfield\Josh_Williams\Scoring_5May\Caroline\_DSC1648.tif,4,4,4,1,6,5,1672,1852,3026,3206
\\nbi-ufiles\shared\Research-Groups\Mark-Banfield\Josh_Williams\Scoring_5May\Caroline\_DSC1648.tif,4,4,4,1,7,2,1599,1789,2840,3030
\\nbi-ufiles\shared\Research-Groups\Mark-Banfield\Josh_Williams\Scoring_5May\Caroline\_DSC1648.tif,4,4,4,1,8,4,1530,1714,2696,2880
\\nbi-ufiles\shared\Research-Groups\Mark-Banfield\Josh_Williams\Scoring_5May\Caroline\_DSC1648.tif,4,4,4,2,1,3,2200,2354,2701,2855
\\nbi-ufiles\shared\Research-Groups\Mark-Banfield\Josh_Williams\Scoring_5May\Caroline\_DSC1648.tif,4,4,4,2,2,2,2122,2270,2809,2957
\\nbi-ufiles\shared\Research-Groups\Mark-Banfield\Josh_Williams\Scoring_5May\Caroline\_DSC1648.tif,4,4,4,2,3,0,2068,2248,2968,3148
\\nbi-ufiles\shared\Research-Groups\Mark-Banfield\Josh_Williams\Scoring_5May\Caroline\_DSC1648.tif,4,4,4,2,4,1,2166,2356,3132,3322
\\nbi-ufiles\shared\Research-Groups\Mark-Banfield\Josh_Williams\Scoring_5May\Caroline\_DSC1648.tif,4,4,4,2,5,1,2454,2672,3075,3293
\\nbi-ufiles\shared\Research-Groups\Mark-Banfield\Josh_Williams\Scoring_5May\Caroline\_DSC1648.tif,4,4,4,2,6,3,2466,2640,2931,3105
\\nbi-ufiles\shared\Research-Groups\Mark-Banfield\Josh_Williams\Scoring_5May\Caroline\_DSC1648.tif,4,4,4,2,7,0,2392,2560,2772,2940
\\nbi-ufiles\shared\Research-Groups\Mark-Banfield\Josh_Williams\Scoring_5May\Caroline\_DSC1648.tif,4,4,4,2,8,4,2330,2484,2660,2814
\\nbi-ufiles\shared\Research-Groups\Mark-Banfield\Josh_Williams\Scoring_5May\Caroline\_DSC1648.tif,4,4,4,3,1,4,3090,3222,2778,2910
\\nbi-ufiles\shared\Research-Groups\Mark-Banfield\Josh_Williams\Scoring_5May\Caroline\_DSC1648.tif,4,4,4,3,2,4,2972,3126,2895,3049
\\nbi-ufiles\shared\Research-Groups\Mark-Banfield\Josh_Williams\Scoring_5May\Caroline\_DSC1648.tif,4,4,4,3,3,4,2910,3074,3025,3189
\\nbi-ufiles\shared\Research-Groups\Mark-Banfield\Josh_Williams\Scoring_5May\Caroline\_DSC1648.tif,4,4,4,3,4,0,2978,3168,3187,3377
\\nbi-ufiles\shared\Research-Groups\Mark-Banfield\Josh_Williams\Scoring_5May\Caroline\_DSC1648.tif,4,4,4,3,5,3,3284,3454,3181,3351
\\nbi-ufiles\shared\Research-Groups\Mark-Banfield\Josh_Williams\Scoring_5May\Caroline\_DSC1648.tif,4,4,4,3,6,3,3346,3514,3010,3178
\\nbi-ufiles\shared\Research-Groups\Mark-Banfield\Josh_Williams\Scoring_5May\Caroline\_DSC1648.tif,4,4,4,3,7,4,3316,3490,2851,3025
\\nbi-ufiles\shared\Research-Groups\Mark-Banfield\Josh_Williams\Scoring_5May\Caroline\_DSC1648.tif,4,4,4,3,8,0,3237,3381,2750,2894
\\nbi-ufiles\shared\Research-Groups\Mark-Banfield\Josh_Williams\Scoring_5May\Caroline\_DSC1648.tif,4,4,4,4,1,4,3851,4031,2724,2904
\\nbi-ufiles\shared\Research-Groups\Mark-Banfield\Josh_Williams\Scoring_5May\Caroline\_DSC1648.tif,4,4,4,4,2,4,3748,3912,2852,3016
\\nbi-ufiles\shared\Research-Groups\Mark-Banfield\Josh_Williams\Scoring_5May\Caroline\_DSC1648.tif,4,4,4,4,3,3,3724,3914,2981,3171
\\nbi-ufiles\shared\Research-Groups\Mark-Banfield\Josh_Williams\Scoring_5May\Caroline\_DSC1648.tif,4,4,4,4,4,2,3788,3956,3174,3342
\\nbi-ufiles\shared\Research-Groups\Mark-Banfield\Josh_Williams\Scoring_5May\Caroline\_DSC1648.tif,4,4,4,4,5,3,4030,4220,3227,3417
\\nbi-ufiles\shared\Research-Groups\Mark-Banfield\Josh_Williams\Scoring_5May\Caroline\_DSC1648.tif,4,4,4,4,6,3,4152,4348,3068,3264
\\nbi-ufiles\shared\Research-Groups\Mark-Banfield\Josh_Williams\Scoring_5May\Caroline\_DSC1648.tif,4,4,4,4,7,4,4136,4326,2896,3086
\\nbi-ufiles\shared\Research-Groups\Mark-Banfield\Josh_Williams\Scoring_5May\Caroline\_DSC1648.tif,4,4,4,4,8,2,4022,4228,2704,2910
\\nbi-ufiles\shared\Research-Groups\Mark-Banfield\Josh_Williams\Scoring_5May\Caroline\_DSC8787.tif,2,4,1,1,2,4,726,906,1119,1299
\\nbi-ufiles\shared\Research-Groups\Mark-Banfield\Josh_Williams\Scoring_5May\Caroline\_DSC8787.tif,2,4,1,1,3,4,684,884,1281,1481
\\nbi-ufiles\shared\Research-Groups\Mark-Banfield\Josh_Williams\Scoring_5May\Caroline\_DSC8787.tif,2,4,1,1,4,3,681,893,1502,1714
\\nbi-ufiles\shared\Research-Groups\Mark-Banfield\Josh_Williams\Scoring_5May\Caroline\_DSC8787.tif,2,4,1,1,5,0,1096,1354,1535,1793
\\nbi-ufiles\shared\Research-Groups\Mark-Banfield\Josh_Williams\Scoring_5May\Caroline\_DSC8787.tif,2,4,1,1,6,6,1138,1376,1302,1540
\\nbi-ufiles\shared\Research-Groups\Mark-Banfield\Josh_Williams\Scoring_5May\Caroline\_DSC8787.tif,2,4,1,1,7,2,1160,1370,1078,1288
\\nbi-ufiles\shared\Research-Groups\Mark-Banfield\Josh_Williams\Scoring_5May\Caroline\_DSC8787.tif,2,4,1,1,8,3,1035,1225,894,1084
\\nbi-ufiles\shared\Research-Groups\Mark-Banfield\Josh_Williams\Scoring_5May\Caroline\_DSC8787.tif,2,4,1,2,1,0,1856,2032,876,1052
\\nbi-ufiles\shared\Research-Groups\Mark-Banfield\Josh_Williams\Scoring_5May\Caroline\_DSC8787.tif,2,4,1,2,2,3,1762,1962,1048,1248
\\nbi-ufiles\shared\Research-Groups\Mark-Banfield\Josh_Williams\Scoring_5May\Caroline\_DSC8787.tif,2,4,1,2,3,3,1708,1916,1266,1474
\\nbi-ufiles\shared\Research-Groups\Mark-Banfield\Josh_Williams\Scoring_5May\Caroline\_DSC8787.tif,2,4,1,2,4,3,1746,1968,1505,1727
\\nbi-ufiles\shared\Research-Groups\Mark-Banfield\Josh_Williams\Scoring_5May\Caroline\_DSC8787.tif,2,4,1,2,5,2,2106,2322,1421,1637
\\nbi-ufiles\shared\Research-Groups\Mark-Banfield\Josh_Williams\Scoring_5May\Caroline\_DSC8787.tif,2,4,1,2,6,4,2154,2370,1225,1441
\\nbi-ufiles\shared\Research-Groups\Mark-Banfield\Josh_Williams\Scoring_5May\Caroline\_DSC8787.tif,2,4,1,2,7,3,2119,2315,1058,1254
\\nbi-ufiles\shared\Research-Groups\Mark-Banfield\Josh_Williams\Scoring_5May\Caroline\_DSC8787.tif,2,4,1,2,8,3,2037,2249,836,1048
\\nbi-ufiles\shared\Research-Groups\Mark-Banfield\Josh_Williams\Scoring_5May\Caroline\_DSC8787.tif,2,4,1,3,1,3,3055,3241,942,1128
\\nbi-ufiles\shared\Research-Groups\Mark-Banfield\Josh_Williams\Scoring_5May\Caroline\_DSC8787.tif,2,4,1,3,2,1,3016,3248,1149,1381
\\nbi-ufiles\shared\Research-Groups\Mark-Banfield\Josh_Williams\Scoring_5May\Caroline\_DSC8787.tif,2,4,1,3,3,2,2933,3155,1402,1624
\\nbi-ufiles\shared\Research-Groups\Mark-Banfield\Josh_Williams\Scoring_5May\Caroline\_DSC8787.tif,2,4,1,3,4,1,3108,3288,1588,1768
\\nbi-ufiles\shared\Research-Groups\Mark-Banfield\Josh_Williams\Scoring_5May\Caroline\_DSC8787.tif,2,4,1,3,5,1,3454,3660,1516,1722
\\nbi-ufiles\shared\Research-Groups\Mark-Banfield\Josh_Williams\Scoring_5May\Caroline\_DSC8787.tif,2,4,1,3,6,1,3520,3726,1292,1498
\\nbi-ufiles\shared\Research-Groups\Mark-Banfield\Josh_Williams\Scoring_5May\Caroline\_DSC8787.tif,2,4,1,3,7,2,3406,3628,1093,1315
\\nbi-ufiles\shared\Research-Groups\Mark-Banfield\Josh_Williams\Scoring_5May\Caroline\_DSC8787.tif,2,4,1,3,8,1,3358,3528,913,1083
\\nbi-ufiles\shared\Research-Groups\Mark-Banfield\Josh_Williams\Scoring_5May\Caroline\_DSC8787.tif,2,4,1,4,1,3,4216,4426,874,1084
\\nbi-ufiles\shared\Research-Groups\Mark-Banfield\Josh_Williams\Scoring_5May\Caroline\_DSC8787.tif,2,4,1,4,2,2,4158,4348,1070,1260
\\nbi-ufiles\shared\Research-Groups\Mark-Banfield\Josh_Williams\Scoring_5May\Caroline\_DSC8787.tif,2,4,1,4,3,4,4126,4342,1286,1502
\\nbi-ufiles\shared\Research-Groups\Mark-Banfield\Josh_Williams\Scoring_5May\Caroline\_DSC8787.tif,2,4,1,4,4,3,4078,4300,1546,1768
\\nbi-ufiles\shared\Research-Groups\Mark-Banfield\Josh_Williams\Scoring_5May\Caroline\_DSC8787.tif,2,4,1,4,5,3,4580,4818,1593,1831
\\nbi-ufiles\shared\Research-Groups\Mark-Banfield\Josh_Williams\Scoring_5May\Caroline\_DSC8787.tif,2,4,1,4,6,0,4681,4903,1350,1572
\\nbi-ufiles\shared\Research-Groups\Mark-Banfield\Josh_Williams\Scoring_5May\Caroline\_DSC8787.tif,2,4,1,4,7,4,4591,4797,1106,1312
\\nbi-ufiles\shared\Research-Groups\Mark-Banfield\Josh_Williams\Scoring_5May\Caroline\_DSC8787.tif,2,4,1,4,8,3,4492,4694,868,1070
\\nbi-ufiles\shared\Research-Groups\Mark-Banfield\Josh_Williams\Scoring_5May\Caroline\_DSC8787.tif,2,4,2,1,1,5,836,1010,2399,2573
\\nbi-ufiles\shared\Research-Groups\Mark-Banfield\Josh_Williams\Scoring_5May\Caroline\_DSC8787.tif,2,4,2,1,2,1,768,926,2537,2695
\\nbi-ufiles\shared\Research-Groups\Mark-Banfield\Josh_Williams\Scoring_5May\Caroline\_DSC8787.tif,2,4,2,1,3,0,691,897,2660,2866
\\nbi-ufiles\shared\Research-Groups\Mark-Banfield\Josh_Williams\Scoring_5May\Caroline\_DSC8787.tif,2,4,2,1,4,2,813,1003,2856,3046
\\nbi-ufiles\shared\Research-Groups\Mark-Banfield\Josh_Williams\Scoring_5May\Caroline\_DSC8787.tif,2,4,2,1,5,3,1084,1244,2848,3008
\\nbi-ufiles\shared\Research-Groups\Mark-Banfield\Josh_Williams\Scoring_5May\Caroline\_DSC8787.tif,2,4,2,1,6,2,1048,1202,2676,2830
\\nbi-ufiles\shared\Research-Groups\Mark-Banfield\Josh_Williams\Scoring_5May\Caroline\_DSC8787.tif,2,4,2,1,7,3,1155,1339,2492,2676
\\nbi-ufiles\shared\Research-Groups\Mark-Banfield\Josh_Williams\Scoring_5May\Caroline\_DSC8787.tif,2,4,2,1,8,3,1001,1175,2396,2570
\\nbi-ufiles\shared\Research-Groups\Mark-Banfield\Josh_Williams\Scoring_5May\Caroline\_DSC8787.tif,2,4,2,2,1,5,1814,2016,2359,2561
\\nbi-ufiles\shared\Research-Groups\Mark-Banfield\Josh_Williams\Scoring_5May\Caroline\_DSC8787.tif,2,4,2,2,2,4,1740,1920,2512,2692
\\nbi-ufiles\shared\Research-Groups\Mark-Banfield\Josh_Williams\Scoring_5May\Caroline\_DSC8787.tif,2,4,2,2,3,2,1712,1912,2704,2904
\\nbi-ufiles\shared\Research-Groups\Mark-Banfield\Josh_Williams\Scoring_5May\Caroline\_DSC8787.tif,2,4,2,2,4,3,1728,1960,2910,3142
\\nbi-ufiles\shared\Research-Groups\Mark-Banfield\Josh_Williams\Scoring_5May\Caroline\_DSC8787.tif,2,4,2,2,5,3,2072,2272,2878,3078
\\nbi-ufiles\shared\Research-Groups\Mark-Banfield\Josh_Williams\Scoring_5May\Caroline\_DSC8787.tif,2,4,2,2,6,4,2196,2418,2690,2912
\\nbi-ufiles\shared\Research-Groups\Mark-Banfield\Josh_Williams\Scoring_5May\Caroline\_DSC8787.tif,2,4,2,2,7,0,2122,2312,2528,2718
\\nbi-ufiles\shared\Research-Groups\Mark-Banfield\Josh_Williams\Scoring_5May\Caroline\_DSC8787.tif,2,4,2,2,8,4,2064,2232,2339,2507
\\nbi-ufiles\shared\Research-Groups\Mark-Banfield\Josh_Williams\Scoring_5May\Caroline\_DSC8787.tif,2,4,2,3,1,4,3132,3316,2236,2420
\\nbi-ufiles\shared\Research-Groups\Mark-Banfield\Josh_Williams\Scoring_5May\Caroline\_DSC8787.tif,2,4,2,3,2,4,3020,3226,2336,2542
\\nbi-ufiles\shared\Research-Groups\Mark-Banfield\Josh_Williams\Scoring_5May\Caroline\_DSC8787.tif,2,4,2,3,3,4,2962,3178,2478,2694
\\nbi-ufiles\shared\Research-Groups\Mark-Banfield\Josh_Williams\Scoring_5May\Caroline\_DSC8787.tif,2,4,2,3,4,2,3092,3314,2676,2898
\\nbi-ufiles\shared\Research-Groups\Mark-Banfield\Josh_Williams\Scoring_5May\Caroline\_DSC8787.tif,2,4,2,3,5,5,3448,3624,2789,2965
\\nbi-ufiles\shared\Research-Groups\Mark-Banfield\Josh_Williams\Scoring_5May\Caroline\_DSC8787.tif,2,4,2,3,6,3,3586,3766,2560,2740
\\nbi-ufiles\shared\Research-Groups\Mark-Banfield\Josh_Williams\Scoring_5May\Caroline\_DSC8787.tif,2,4,2,3,7,3,3494,3684,2376,2566
\\nbi-ufiles\shared\Research-Groups\Mark-Banfield\Josh_Williams\Scoring_5May\Caroline\_DSC8787.tif,2,4,2,3,8,3,3367,3541,2248,2422
\\nbi-ufiles\shared\Research-Groups\Mark-Banfield\Josh_Williams\Scoring_5May\Caroline\_DSC8788.tif,2,4,1,1,1,0,824,1046,694,916
\\nbi-ufiles\shared\Research-Groups\Mark-Banfield\Josh_Williams\Scoring_5May\Caroline\_DSC8788.tif,2,4,1,1,2,5,694,890,882,1078
\\nbi-ufiles\shared\Research-Groups\Mark-Banfield\Josh_Williams\Scoring_5May\Caroline\_DSC8788.tif,2,4,1,1,3,1,640,900,1047,1307
\\nbi-ufiles\shared\Research-Groups\Mark-Banfield\Josh_Williams\Scoring_5May\Caroline\_DSC8788.tif,2,4,1,1,4,1,694,952,1284,1542
\\nbi-ufiles\shared\Research-Groups\Mark-Banfield\Josh_Williams\Scoring_5May\Caroline\_DSC8788.tif,2,4,1,1,5,1,1130,1374,1370,1614
\\nbi-ufiles\shared\Research-Groups\Mark-Banfield\Josh_Williams\Scoring_5May\Caroline\_DSC8788.tif,2,4,1,1,6,4,1291,1497,1132,1338
\\nbi-ufiles\shared\Research-Groups\Mark-Banfield\Josh_Williams\Scoring_5May\Caroline\_DSC8788.tif,2,4,1,1,7,1,1170,1392,911,1133
\\nbi-ufiles\shared\Research-Groups\Mark-Banfield\Josh_Williams\Scoring_5May\Caroline\_DSC8788.tif,2,4,1,1,8,2,1032,1260,678,906
\\nbi-ufiles\shared\Research-Groups\Mark-Banfield\Josh_Williams\Scoring_5May\Caroline\_DSC8788.tif,2,4,1,2,1,0,1913,2135,662,884
\\nbi-ufiles\shared\Research-Groups\Mark-Banfield\Josh_Williams\Scoring_5May\Caroline\_DSC8788.tif,2,4,1,2,2,4,1805,2053,884,1132
\\nbi-ufiles\shared\Research-Groups\Mark-Banfield\Josh_Williams\Scoring_5May\Caroline\_DSC8788.tif,2,4,1,2,3,0,1756,2010,1125,1379
\\nbi-ufiles\shared\Research-Groups\Mark-Banfield\Josh_Williams\Scoring_5May\Caroline\_DSC8788.tif,2,4,1,2,4,0,1920,2126,1413,1619
\\nbi-ufiles\shared\Research-Groups\Mark-Banfield\Josh_Williams\Scoring_5May\Caroline\_DSC8788.tif,2,4,1,2,5,0,2301,2533,1302,1534
\\nbi-ufiles\shared\Research-Groups\Mark-Banfield\Josh_Williams\Scoring_5May\Caroline\_DSC8788.tif,2,4,1,2,6,4,2381,2597,1022,1238
\\nbi-ufiles\shared\Research-Groups\Mark-Banfield\Josh_Williams\Scoring_5May\Caroline\_DSC8788.tif,2,4,1,2,7,1,2315,2541,832,1058
\\nbi-ufiles\shared\Research-Groups\Mark-Banfield\Josh_Williams\Scoring_5May\Caroline\_DSC8788.tif,2,4,1,2,8,1,2159,2369,684,894
\\nbi-ufiles\shared\Research-Groups\Mark-Banfield\Josh_Williams\Scoring_5May\Caroline\_DSC8788.tif,2,4,1,3,1,1,3282,3462,800,980
\\nbi-ufiles\shared\Research-Groups\Mark-Banfield\Josh_Williams\Scoring_5May\Caroline\_DSC8788.tif,2,4,1,3,2,0,3163,3349,936,1122
\\nbi-ufiles\shared\Research-Groups\Mark-Banfield\Josh_Williams\Scoring_5May\Caroline\_DSC8788.tif,2,4,1,3,3,2,3116,3322,1091,1297
\\nbi-ufiles\shared\Research-Groups\Mark-Banfield\Josh_Williams\Scoring_5May\Caroline\_DSC8788.tif,2,4,1,3,4,0,3210,3406,1318,1514
\\nbi-ufiles\shared\Research-Groups\Mark-Banfield\Josh_Williams\Scoring_5May\Caroline\_DSC8788.tif,2,4,1,3,5,0,3506,3692,1383,1569
\\nbi-ufiles\shared\Research-Groups\Mark-Banfield\Josh_Williams\Scoring_5May\Caroline\_DSC8788.tif,2,4,1,3,6,0,3624,3834,1186,1396
\\nbi-ufiles\shared\Research-Groups\Mark-Banfield\Josh_Williams\Scoring_5May\Caroline\_DSC8788.tif,2,4,1,3,7,2,3549,3755,1006,1212
\\nbi-ufiles\shared\Research-Groups\Mark-Banfield\Josh_Williams\Scoring_5May\Caroline\_DSC8788.tif,2,4,1,3,8,1,3534,3728,811,1005
\\nbi-ufiles\shared\Research-Groups\Mark-Banfield\Josh_Williams\Scoring_5May\Caroline\_DSC8788.tif,2,4,1,4,1,1,4297,4483,746,932
\\nbi-ufiles\shared\Research-Groups\Mark-Banfield\Josh_Williams\Scoring_5May\Caroline\_DSC8788.tif,2,4,1,4,2,0,4129,4371,858,1100
\\nbi-ufiles\shared\Research-Groups\Mark-Banfield\Josh_Williams\Scoring_5May\Caroline\_DSC8788.tif,2,4,1,4,3,4,4126,4326,1109,1309
\\nbi-ufiles\shared\Research-Groups\Mark-Banfield\Josh_Williams\Scoring_5May\Caroline\_DSC8788.tif,2,4,1,4,4,0,4174,4422,1328,1576
\\nbi-ufiles\shared\Research-Groups\Mark-Banfield\Josh_Williams\Scoring_5May\Caroline\_DSC8788.tif,2,4,1,4,5,1,4686,4956,1370,1640
\\nbi-ufiles\shared\Research-Groups\Mark-Banfield\Josh_Williams\Scoring_5May\Caroline\_DSC8788.tif,2,4,1,4,6,0,4749,5009,1122,1382
\\nbi-ufiles\shared\Research-Groups\Mark-Banfield\Josh_Williams\Scoring_5May\Caroline\_DSC8788.tif,2,4,1,4,7,4,4648,4892,916,1160
\\nbi-ufiles\shared\Research-Groups\Mark-Banfield\Josh_Williams\Scoring_5May\Caroline\_DSC8788.tif,2,4,1,4,8,1,4554,4766,714,926
\\nbi-ufiles\shared\Research-Groups\Mark-Banfield\Josh_Williams\Scoring_5May\Caroline\_DSC8788.tif,2,4,2,1,1,0,884,1144,1901,2161
\\nbi-ufiles\shared\Research-Groups\Mark-Banfield\Josh_Williams\Scoring_5May\Caroline\_DSC8788.tif,2,4,2,1,2,0,730,964,2089,2323
\\nbi-ufiles\shared\Research-Groups\Mark-Banfield\Josh_Williams\Scoring_5May\Caroline\_DSC8788.tif,2,4,2,1,3,0,628,902,2296,2570
\\nbi-ufiles\shared\Research-Groups\Mark-Banfield\Josh_Williams\Scoring_5May\Caroline\_DSC8788.tif,2,4,2,1,4,1,726,952,2754,2980
\\nbi-ufiles\shared\Research-Groups\Mark-Banfield\Josh_Williams\Scoring_5May\Caroline\_DSC8788.tif,2,4,2,1,5,0,1164,1424,2621,2881
\\nbi-ufiles\shared\Research-Groups\Mark-Banfield\Josh_Williams\Scoring_5May\Caroline\_DSC8788.tif,2,4,2,1,6,0,1328,1582,2428,2682
\\nbi-ufiles\shared\Research-Groups\Mark-Banfield\Josh_Williams\Scoring_5May\Caroline\_DSC8788.tif,2,4,2,1,7,0,1124,1362,2232,2470
\\nbi-ufiles\shared\Research-Groups\Mark-Banfield\Josh_Williams\Scoring_5May\Caroline\_DSC8788.tif,2,4,2,1,8,2,1175,1381,2000,2206
\\nbi-ufiles\shared\Research-Groups\Mark-Banfield\Josh_Williams\Scoring_5May\Caroline\_DSC8788.tif,2,4,2,2,1,0,2000,2206,2048,2254
\\nbi-ufiles\shared\Research-Groups\Mark-Banfield\Josh_Williams\Scoring_5May\Caroline\_DSC8788.tif,2,4,2,2,2,0,1844,2072,2238,2466
\\nbi-ufiles\shared\Research-Groups\Mark-Banfield\Josh_Williams\Scoring_5May\Caroline\_DSC8788.tif,2,4,2,2,3,0,1820,2058,2478,2716
\\nbi-ufiles\shared\Research-Groups\Mark-Banfield\Josh_Williams\Scoring_5May\Caroline\_DSC8788.tif,2,4,2,2,4,2,2010,2248,2701,2939
\\nbi-ufiles\shared\Research-Groups\Mark-Banfield\Josh_Williams\Scoring_5May\Caroline\_DSC8788.tif,2,4,2,2,5,0,2312,2554,2680,2922
\\nbi-ufiles\shared\Research-Groups\Mark-Banfield\Josh_Williams\Scoring_5May\Caroline\_DSC8788.tif,2,4,2,2,6,1,2489,2701,2476,2688
\\nbi-ufiles\shared\Research-Groups\Mark-Banfield\Josh_Williams\Scoring_5May\Caroline\_DSC8788.tif,2,4,2,2,7,0,2344,2554,2304,2514
\\nbi-ufiles\shared\Research-Groups\Mark-Banfield\Josh_Williams\Scoring_5May\Caroline\_DSC8788.tif,2,4,2,2,8,4,2239,2481,2032,2274
\\nbi-ufiles\shared\Research-Groups\Mark-Banfield\Josh_Williams\Scoring_5May\Caroline\_DSC8788.tif,2,4,2,3,1,5,3274,3476,1957,2159
\\nbi-ufiles\shared\Research-Groups\Mark-Banfield\Josh_Williams\Scoring_5May\Caroline\_DSC8788.tif,2,4,2,3,2,2,3078,3326,2140,2388
\\nbi-ufiles\shared\Research-Groups\Mark-Banfield\Josh_Williams\Scoring_5May\Caroline\_DSC8788.tif,2,4,2,3,3,2,3047,3285,2376,2614
\\nbi-ufiles\shared\Research-Groups\Mark-Banfield\Josh_Williams\Scoring_5May\Caroline\_DSC8788.tif,2,4,2,3,4,0,3168,3412,2634,2878
\\nbi-ufiles\shared\Research-Groups\Mark-Banfield\Josh_Williams\Scoring_5May\Caroline\_DSC8788.tif,2,4,2,3,5,3,3604,3848,2576,2820
\\nbi-ufiles\shared\Research-Groups\Mark-Banfield\Josh_Williams\Scoring_5May\Caroline\_DSC8788.tif,2,4,2,3,6,1,3686,3908,2346,2568
\\nbi-ufiles\shared\Research-Groups\Mark-Banfield\Josh_Williams\Scoring_5May\Caroline\_DSC8788.tif,2,4,2,3,7,1,3496,3740,2184,2428
\\nbi-ufiles\shared\Research-Groups\Mark-Banfield\Josh_Williams\Scoring_5May\Caroline\_DSC8788.tif,2,4,2,3,8,0,3512,3756,1943,2187
\\nbi-ufiles\shared\Research-Groups\Mark-Banfield\Josh_Williams\Scoring_5May\Caroline\_DSC8788.tif,2,4,2,4,1,3,4490,4702,1960,2172
\\nbi-ufiles\shared\Research-Groups\Mark-Banfield\Josh_Williams\Scoring_5May\Caroline\_DSC8788.tif,2,4,2,4,2,0,4389,4607,2158,2376
\\nbi-ufiles\shared\Research-Groups\Mark-Banfield\Josh_Williams\Scoring_5May\Caroline\_DSC8788.tif,2,4,2,4,3,0,4348,4574,2386,2612
\\nbi-ufiles\shared\Research-Groups\Mark-Banfield\Josh_Williams\Scoring_5May\Caroline\_DSC8788.tif,2,4,2,4,4,0,4374,4554,2644,2824
\\nbi-ufiles\shared\Research-Groups\Mark-Banfield\Josh_Williams\Scoring_5May\Caroline\_DSC8788.tif,2,4,2,4,5,3,4754,4992,2563,2801
\\nbi-ufiles\shared\Research-Groups\Mark-Banfield\Josh_Williams\Scoring_5May\Caroline\_DSC8788.tif,2,4,2,4,6,1,4900,5116,2344,2560
\\nbi-ufiles\shared\Research-Groups\Mark-Banfield\Josh_Williams\Scoring_5May\Caroline\_DSC8788.tif,2,4,2,4,7,1,4744,4930,2240,2426
\\nbi-ufiles\shared\Research-Groups\Mark-Banfield\Josh_Williams\Scoring_5May\Caroline\_DSC8788.tif,2,4,2,4,8,0,4770,4998,1981,2209
\\nbi-ufiles\shared\Research-Groups\Mark-Banfield\Josh_Williams\Scoring_5May\Caroline\_DSC9260.tif,3,4,1,2,1,3,2148,2370,453,675
\\nbi-ufiles\shared\Research-Groups\Mark-Banfield\Josh_Williams\Scoring_5May\Caroline\_DSC9260.tif,3,4,1,2,2,0,2126,2370,673,917
\\nbi-ufiles\shared\Research-Groups\Mark-Banfield\Josh_Williams\Scoring_5May\Caroline\_DSC9260.tif,3,4,1,2,3,4,2158,2386,928,1156
\\nbi-ufiles\shared\Research-Groups\Mark-Banfield\Josh_Williams\Scoring_5May\Caroline\_DSC9260.tif,3,4,1,2,4,3,2470,2682,788,1000
\\nbi-ufiles\shared\Research-Groups\Mark-Banfield\Josh_Williams\Scoring_5May\Caroline\_DSC9260.tif,3,4,1,2,5,2,2413,2619,482,688
\\nbi-ufiles\shared\Research-Groups\Mark-Banfield\Josh_Williams\Scoring_5May\Caroline\_DSC9260.tif,3,4,1,3,1,4,3182,3420,476,714
\\nbi-ufiles\shared\Research-Groups\Mark-Banfield\Josh_Williams\Scoring_5May\Caroline\_DSC9260.tif,3,4,1,3,2,0,3120,3312,743,935
\\nbi-ufiles\shared\Research-Groups\Mark-Banfield\Josh_Williams\Scoring_5May\Caroline\_DSC9260.tif,3,4,1,3,3,4,3210,3416,934,1140
\\nbi-ufiles\shared\Research-Groups\Mark-Banfield\Josh_Williams\Scoring_5May\Caroline\_DSC9260.tif,3,4,1,3,4,4,3496,3744,795,1043
\\nbi-ufiles\shared\Research-Groups\Mark-Banfield\Josh_Williams\Scoring_5May\Caroline\_DSC9260.tif,3,4,1,3,5,4,3451,3647,508,704
\\nbi-ufiles\shared\Research-Groups\Mark-Banfield\Josh_Williams\Scoring_5May\Caroline\_DSC9260.tif,3,4,2,1,1,0,882,1162,1434,1714
\\nbi-ufiles\shared\Research-Groups\Mark-Banfield\Josh_Williams\Scoring_5May\Caroline\_DSC9260.tif,3,4,2,1,2,4,842,1100,1717,1975
\\nbi-ufiles\shared\Research-Groups\Mark-Banfield\Josh_Williams\Scoring_5May\Caroline\_DSC9260.tif,3,4,2,1,3,3,910,1112,1946,2148
\\nbi-ufiles\shared\Research-Groups\Mark-Banfield\Josh_Williams\Scoring_5May\Caroline\_DSC9260.tif,3,4,2,1,4,1,1243,1523,1900,2180
\\nbi-ufiles\shared\Research-Groups\Mark-Banfield\Josh_Williams\Scoring_5May\Caroline\_DSC9260.tif,3,4,2,1,5,2,1244,1460,1514,1730
\\nbi-ufiles\shared\Research-Groups\Mark-Banfield\Josh_Williams\Scoring_5May\Caroline\_DSC9260.tif,3,4,2,2,1,0,2026,2212,1457,1643
\\nbi-ufiles\shared\Research-Groups\Mark-Banfield\Josh_Williams\Scoring_5May\Caroline\_DSC9260.tif,3,4,2,2,2,3,1968,2174,1730,1936
\\nbi-ufiles\shared\Research-Groups\Mark-Banfield\Josh_Williams\Scoring_5May\Caroline\_DSC9260.tif,3,4,2,2,3,3,1943,2203,1946,2206
\\nbi-ufiles\shared\Research-Groups\Mark-Banfield\Josh_Williams\Scoring_5May\Caroline\_DSC9260.tif,3,4,2,2,4,3,2388,2590,1798,2000
\\nbi-ufiles\shared\Research-Groups\Mark-Banfield\Josh_Williams\Scoring_5May\Caroline\_DSC9260.tif,3,4,2,2,5,3,2299,2531,1514,1746
\\nbi-ufiles\shared\Research-Groups\Mark-Banfield\Josh_Williams\Scoring_5May\Caroline\_DSC9260.tif,3,4,2,3,1,4,3104,3342,1555,1793
\\nbi-ufiles\shared\Research-Groups\Mark-Banfield\Josh_Williams\Scoring_5May\Caroline\_DSC9260.tif,3,4,2,3,2,4,2978,3190,1794,2006
\\nbi-ufiles\shared\Research-Groups\Mark-Banfield\Josh_Williams\Scoring_5May\Caroline\_DSC9260.tif,3,4,2,3,3,3,3116,3306,1963,2153
\\nbi-ufiles\shared\Research-Groups\Mark-Banfield\Josh_Williams\Scoring_5May\Caroline\_DSC9260.tif,3,4,2,3,4,4,3431,3657,1842,2068
\\nbi-ufiles\shared\Research-Groups\Mark-Banfield\Josh_Williams\Scoring_5May\Caroline\_DSC9260.tif,3,4,2,3,5,0,3404,3668,1530,1794
\\nbi-ufiles\shared\Research-Groups\Mark-Banfield\Josh_Williams\Scoring_5May\Caroline\_DSC9260.tif,3,4,2,4,1,6,4201,4435,1428,1662
\\nbi-ufiles\shared\Research-Groups\Mark-Banfield\Josh_Williams\Scoring_5May\Caroline\_DSC9260.tif,3,4,2,4,2,5,4104,4332,1749,1977
\\nbi-ufiles\shared\Research-Groups\Mark-Banfield\Josh_Williams\Scoring_5May\Caroline\_DSC9260.tif,3,4,2,4,3,3,4268,4458,1976,2166
\\nbi-ufiles\shared\Research-Groups\Mark-Banfield\Josh_Williams\Scoring_5May\Caroline\_DSC9260.tif,3,4,2,4,4,4,4653,4895,1768,2010
\\nbi-ufiles\shared\Research-Groups\Mark-Banfield\Josh_Williams\Scoring_5May\Caroline\_DSC9260.tif,3,4,2,4,5,0,4514,4778,1444,1708
\\nbi-ufiles\shared\Research-Groups\Mark-Banfield\Josh_Williams\Scoring_5May\Caroline\_DSC9260.tif,3,4,3,1,1,4,1058,1254,2541,2737
\\nbi-ufiles\shared\Research-Groups\Mark-Banfield\Josh_Williams\Scoring_5May\Caroline\_DSC9260.tif,3,4,3,1,2,2,980,1190,2720,2930
\\nbi-ufiles\shared\Research-Groups\Mark-Banfield\Josh_Williams\Scoring_5May\Caroline\_DSC9260.tif,3,4,3,1,3,2,952,1202,2996,3246
\\nbi-ufiles\shared\Research-Groups\Mark-Banfield\Josh_Williams\Scoring_5May\Caroline\_DSC9260.tif,3,4,3,1,4,1,1392,1614,2944,3166
\\nbi-ufiles\shared\Research-Groups\Mark-Banfield\Josh_Williams\Scoring_5May\Caroline\_DSC9260.tif,3,4,3,1,5,5,1312,1524,2718,2930
\\nbi-ufiles\shared\Research-Groups\Mark-Banfield\Josh_Williams\Scoring_5May\Caroline\_DSC9260.tif,3,4,3,2,1,4,1989,2211,2630,2852
\\nbi-ufiles\shared\Research-Groups\Mark-Banfield\Josh_Williams\Scoring_5May\Caroline\_DSC9260.tif,3,4,3,2,2,4,1923,2103,2878,3058
\\nbi-ufiles\shared\Research-Groups\Mark-Banfield\Josh_Williams\Scoring_5May\Caroline\_DSC9260.tif,3,4,3,2,3,3,1978,2154,3062,3238
\\nbi-ufiles\shared\Research-Groups\Mark-Banfield\Josh_Williams\Scoring_5May\Caroline\_DSC9260.tif,3,4,3,2,4,1,2318,2518,2950,3150
\\nbi-ufiles\shared\Research-Groups\Mark-Banfield\Josh_Williams\Scoring_5May\Caroline\_DSC9260.tif,3,4,3,2,5,5,2254,2466,2718,2930
\\nbi-ufiles\shared\Research-Groups\Mark-Banfield\Josh_Williams\Scoring_5May\Caroline\_DSC9260.tif,3,4,3,3,1,4,3117,3329,2486,2698
\\nbi-ufiles\shared\Research-Groups\Mark-Banfield\Josh_Williams\Scoring_5May\Caroline\_DSC9260.tif,3,4,3,3,2,4,3062,3296,2734,2968
\\nbi-ufiles\shared\Research-Groups\Mark-Banfield\Josh_Williams\Scoring_5May\Caroline\_DSC9260.tif,3,4,3,3,3,1,3030,3280,3011,3261
\\nbi-ufiles\shared\Research-Groups\Mark-Banfield\Josh_Williams\Scoring_5May\Caroline\_DSC9260.tif,3,4,3,3,4,4,3435,3685,2866,3116
\\nbi-ufiles\shared\Research-Groups\Mark-Banfield\Josh_Williams\Scoring_5May\Caroline\_DSC9260.tif,3,4,3,3,5,4,3380,3624,2599,2843
\\nbi-ufiles\shared\Research-Groups\Mark-Banfield\Josh_Williams\Scoring_5May\Caroline\_DSC9260.tif,3,4,3,4,1,2,4262,4480,2597,2815
\\nbi-ufiles\shared\Research-Groups\Mark-Banfield\Josh_Williams\Scoring_5May\Caroline\_DSC9260.tif,3,4,3,4,2,3,4168,4384,2830,3046
\\nbi-ufiles\shared\Research-Groups\Mark-Banfield\Josh_Williams\Scoring_5May\Caroline\_DSC9260.tif,3,4,3,4,3,1,4258,4474,3039,3255
\\nbi-ufiles\shared\Research-Groups\Mark-Banfield\Josh_Williams\Scoring_5May\Caroline\_DSC9260.tif,3,4,3,4,4,2,4599,4811,2946,3158
\\nbi-ufiles\shared\Research-Groups\Mark-Banfield\Josh_Williams\Scoring_5May\Caroline\_DSC9260.tif,3,4,3,4,5,2,4564,4786,2666,2888
\\nbi-ufiles\shared\Research-Groups\Mark-Banfield\Josh_Williams\Scoring_5May\Caroline\_DSC9261.tif,3,4,1,2,1,4,2006,2254,350,598
\\nbi-ufiles\shared\Research-Groups\Mark-Banfield\Josh_Williams\Scoring_5May\Caroline\_DSC9261.tif,3,4,1,2,2,0,1862,2106,619,863
\\nbi-ufiles\shared\Research-Groups\Mark-Banfield\Josh_Williams\Scoring_5May\Caroline\_DSC9261.tif,3,4,1,2,3,4,1990,2238,914,1162
\\nbi-ufiles\shared\Research-Groups\Mark-Banfield\Josh_Williams\Scoring_5May\Caroline\_DSC9261.tif,3,4,1,2,4,3,2338,2614,744,1020
\\nbi-ufiles\shared\Research-Groups\Mark-Banfield\Josh_Williams\Scoring_5May\Caroline\_DSC9261.tif,3,4,1,2,5,3,2304,2520,398,614
\\nbi-ufiles\shared\Research-Groups\Mark-Banfield\Josh_Williams\Scoring_5May\Caroline\_DSC9261.tif,3,4,1,3,1,3,2988,3190,455,657
\\nbi-ufiles\shared\Research-Groups\Mark-Banfield\Josh_Williams\Scoring_5May\Caroline\_DSC9261.tif,3,4,1,3,2,0,2851,3079,656,884
\\nbi-ufiles\shared\Research-Groups\Mark-Banfield\Josh_Williams\Scoring_5May\Caroline\_DSC9261.tif,3,4,1,3,3,3,2928,3154,906,1132
\\nbi-ufiles\shared\Research-Groups\Mark-Banfield\Josh_Williams\Scoring_5May\Caroline\_DSC9261.tif,3,4,1,3,4,5,3316,3522,672,878
\\nbi-ufiles\shared\Research-Groups\Mark-Banfield\Josh_Williams\Scoring_5May\Caroline\_DSC9261.tif,3,4,1,3,5,4,3184,3412,448,676
\\nbi-ufiles\shared\Research-Groups\Mark-Banfield\Josh_Williams\Scoring_5May\Caroline\_DSC9261.tif,3,4,2,1,1,1,816,1026,1458,1668
\\nbi-ufiles\shared\Research-Groups\Mark-Banfield\Josh_Williams\Scoring_5May\Caroline\_DSC9261.tif,3,4,2,1,2,5,704,916,1653,1865
\\nbi-ufiles\shared\Research-Groups\Mark-Banfield\Josh_Williams\Scoring_5May\Caroline\_DSC9261.tif,3,4,2,1,3,3,835,1027,1856,2048
\\nbi-ufiles\shared\Research-Groups\Mark-Banfield\Josh_Williams\Scoring_5May\Caroline\_DSC9261.tif,3,4,2,1,4,3,1100,1350,1724,1974
\\nbi-ufiles\shared\Research-Groups\Mark-Banfield\Josh_Williams\Scoring_5May\Caroline\_DSC9261.tif,3,4,2,1,5,4,1059,1297,1460,1698
\\nbi-ufiles\shared\Research-Groups\Mark-Banfield\Josh_Williams\Scoring_5May\Caroline\_DSC9261.tif,3,4,2,2,1,0,1756,2020,1427,1691
\\nbi-ufiles\shared\Research-Groups\Mark-Banfield\Josh_Williams\Scoring_5May\Caroline\_DSC9261.tif,3,4,2,2,2,4,1662,1894,1706,1938
\\nbi-ufiles\shared\Research-Groups\Mark-Banfield\Josh_Williams\Scoring_5May\Caroline\_DSC9261.tif,3,4,2,2,3,3,1693,1937,1904,2148
\\nbi-ufiles\shared\Research-Groups\Mark-Banfield\Josh_Williams\Scoring_5May\Caroline\_DSC9261.tif,3,4,2,2,4,3,2066,2336,1730,2000
\\nbi-ufiles\shared\Research-Groups\Mark-Banfield\Josh_Williams\Scoring_5May\Caroline\_DSC9261.tif,3,4,2,2,5,4,2006,2244,1479,1717
\\nbi-ufiles\shared\Research-Groups\Mark-Banfield\Josh_Williams\Scoring_5May\Caroline\_DSC9261.tif,3,4,2,3,1,6,3046,3258,1468,1680
\\nbi-ufiles\shared\Research-Groups\Mark-Banfield\Josh_Williams\Scoring_5May\Caroline\_DSC9261.tif,3,4,2,3,2,5,2930,3132,1698,1900
\\nbi-ufiles\shared\Research-Groups\Mark-Banfield\Josh_Williams\Scoring_5May\Caroline\_DSC9261.tif,3,4,2,3,3,4,3004,3238,1835,2069
\\nbi-ufiles\shared\Research-Groups\Mark-Banfield\Josh_Williams\Scoring_5May\Caroline\_DSC9261.tif,3,4,2,3,4,3,3345,3557,1856,2068
\\nbi-ufiles\shared\Research-Groups\Mark-Banfield\Josh_Williams\Scoring_5May\Caroline\_DSC9261.tif,3,4,2,3,5,0,3338,3576,1564,1802
\\nbi-ufiles\shared\Research-Groups\Mark-Banfield\Josh_Williams\Scoring_5May\Caroline\_DSC9261.tif,3,4,2,4,1,4,4072,4306,1267,1501
\\nbi-ufiles\shared\Research-Groups\Mark-Banfield\Josh_Williams\Scoring_5May\Caroline\_DSC9261.tif,3,4,2,4,2,2,3892,4158,1518,1784
\\nbi-ufiles\shared\Research-Groups\Mark-Banfield\Josh_Williams\Scoring_5May\Caroline\_DSC9261.tif,3,4,2,4,3,0,3978,4216,1778,2016
\\nbi-ufiles\shared\Research-Groups\Mark-Banfield\Josh_Williams\Scoring_5May\Caroline\_DSC9261.tif,3,4,2,4,4,3,4400,4602,1714,1916
\\nbi-ufiles\shared\Research-Groups\Mark-Banfield\Josh_Williams\Scoring_5May\Caroline\_DSC9261.tif,3,4,2,4,5,0,4347,4595,1376,1624
\\nbi-ufiles\shared\Research-Groups\Mark-Banfield\Josh_Williams\Scoring_5May\Caroline\_DSC9261.tif,3,4,3,1,1,4,788,1006,2367,2585
\\nbi-ufiles\shared\Research-Groups\Mark-Banfield\Josh_Williams\Scoring_5May\Caroline\_DSC9261.tif,3,4,3,1,2,3,662,874,2581,2793
\\nbi-ufiles\shared\Research-Groups\Mark-Banfield\Josh_Williams\Scoring_5May\Caroline\_DSC9261.tif,3,4,3,1,3,3,665,913,2798,3046
\\nbi-ufiles\shared\Research-Groups\Mark-Banfield\Josh_Williams\Scoring_5May\Caroline\_DSC9261.tif,3,4,3,1,4,0,1038,1354,2783,3099
\\nbi-ufiles\shared\Research-Groups\Mark-Banfield\Josh_Williams\Scoring_5May\Caroline\_DSC9261.tif,3,4,3,1,5,3,1090,1350,2499,2759
\\nbi-ufiles\shared\Research-Groups\Mark-Banfield\Josh_Williams\Scoring_5May\Caroline\_DSC9261.tif,3,4,3,2,1,4,1764,1966,2428,2630
\\nbi-ufiles\shared\Research-Groups\Mark-Banfield\Josh_Williams\Scoring_5May\Caroline\_DSC9261.tif,3,4,3,2,2,5,1630,1810,2606,2786
\\nbi-ufiles\shared\Research-Groups\Mark-Banfield\Josh_Williams\Scoring_5May\Caroline\_DSC9261.tif,3,4,3,2,3,4,1624,1852,2824,3052
\\nbi-ufiles\shared\Research-Groups\Mark-Banfield\Josh_Williams\Scoring_5May\Caroline\_DSC9261.tif,3,4,3,2,4,0,2042,2274,2786,3018
\\nbi-ufiles\shared\Research-Groups\Mark-Banfield\Josh_Williams\Scoring_5May\Caroline\_DSC9261.tif,3,4,3,2,5,5,1955,2177,2560,2782
\\nbi-ufiles\shared\Research-Groups\Mark-Banfield\Josh_Williams\Scoring_5May\Caroline\_DSC9261.tif,3,4,3,3,1,2,3052,3300,2363,2611
\\nbi-ufiles\shared\Research-Groups\Mark-Banfield\Josh_Williams\Scoring_5May\Caroline\_DSC9261.tif,3,4,3,3,2,2,2877,3147,2576,2846
\\nbi-ufiles\shared\Research-Groups\Mark-Banfield\Josh_Williams\Scoring_5May\Caroline\_DSC9261.tif,3,4,3,3,3,0,2940,3184,2909,3153
\\nbi-ufiles\shared\Research-Groups\Mark-Banfield\Josh_Williams\Scoring_5May\Caroline\_DSC9261.tif,3,4,3,3,4,3,3383,3625,2820,3062
\\nbi-ufiles\shared\Research-Groups\Mark-Banfield\Josh_Williams\Scoring_5May\Caroline\_DSC9261.tif,3,4,3,3,5,3,3335,3595,2512,2772
\\nbi-ufiles\shared\Research-Groups\Mark-Banfield\Josh_Williams\Scoring_5May\Caroline\_DSC9261.tif,3,4,3,4,1,5,4231,4469,2380,2618
\\nbi-ufiles\shared\Research-Groups\Mark-Banfield\Josh_Williams\Scoring_5May\Caroline\_DSC9261.tif,3,4,3,4,2,3,4068,4284,2508,2724
\\nbi-ufiles\shared\Research-Groups\Mark-Banfield\Josh_Williams\Scoring_5May\Caroline\_DSC9261.tif,3,4,3,4,3,0,4044,4302,2836,3094
\\nbi-ufiles\shared\Research-Groups\Mark-Banfield\Josh_Williams\Scoring_5May\Caroline\_DSC9261.tif,3,4,3,4,4,5,4490,4722,2775,3007
\\nbi-ufiles\shared\Research-Groups\Mark-Banfield\Josh_Williams\Scoring_5May\Caroline\_DSC9261.tif,3,4,3,4,5,5,4485,4755,2476,2746
\\nbi-ufiles\shared\Research-Groups\Mark-Banfield\Josh_Williams\Scoring_5May\Caroline\_DSC9854.tif,2,4,1,1,1,4,456,668,476,688
\\nbi-ufiles\shared\Research-Groups\Mark-Banfield\Josh_Williams\Scoring_5May\Caroline\_DSC9854.tif,2,4,1,1,2,1,324,668,720,1064
\\nbi-ufiles\shared\Research-Groups\Mark-Banfield\Josh_Williams\Scoring_5May\Caroline\_DSC9854.tif,2,4,1,1,3,1,342,644,1084,1386
\\nbi-ufiles\shared\Research-Groups\Mark-Banfield\Josh_Williams\Scoring_5May\Caroline\_DSC9854.tif,2,4,1,1,4,1,774,1038,1001,1265
\\nbi-ufiles\shared\Research-Groups\Mark-Banfield\Josh_Williams\Scoring_5May\Caroline\_DSC9854.tif,2,4,1,1,5,1,704,932,593,821
\\nbi-ufiles\shared\Research-Groups\Mark-Banfield\Josh_Williams\Scoring_5May\Caroline\_DSC9854.tif,2,4,1,2,1,3,1592,1830,524,762
\\nbi-ufiles\shared\Research-Groups\Mark-Banfield\Josh_Williams\Scoring_5May\Caroline\_DSC9854.tif,2,4,1,2,2,0,1423,1693,800,1070
\\nbi-ufiles\shared\Research-Groups\Mark-Banfield\Josh_Williams\Scoring_5May\Caroline\_DSC9854.tif,2,4,1,2,3,1,1540,1820,1175,1455
\\nbi-ufiles\shared\Research-Groups\Mark-Banfield\Josh_Williams\Scoring_5May\Caroline\_DSC9854.tif,2,4,1,2,4,2,1955,2247,1026,1318
\\nbi-ufiles\shared\Research-Groups\Mark-Banfield\Josh_Williams\Scoring_5May\Caroline\_DSC9854.tif,2,4,1,2,5,1,1894,2206,627,939
\\nbi-ufiles\shared\Research-Groups\Mark-Banfield\Josh_Williams\Scoring_5May\Caroline\_DSC9854.tif,2,4,1,3,1,0,3052,3300,445,693
\\nbi-ufiles\shared\Research-Groups\Mark-Banfield\Josh_Williams\Scoring_5May\Caroline\_DSC9854.tif,2,4,1,3,2,2,2935,3153,762,980
\\nbi-ufiles\shared\Research-Groups\Mark-Banfield\Josh_Williams\Scoring_5May\Caroline\_DSC9854.tif,2,4,1,3,3,1,3004,3306,990,1292
\\nbi-ufiles\shared\Research-Groups\Mark-Banfield\Josh_Williams\Scoring_5May\Caroline\_DSC9854.tif,2,4,1,3,4,1,3496,3802,930,1236
\\nbi-ufiles\shared\Research-Groups\Mark-Banfield\Josh_Williams\Scoring_5May\Caroline\_DSC9854.tif,2,4,1,3,5,4,3345,3663,498,816
\\nbi-ufiles\shared\Research-Groups\Mark-Banfield\Josh_Williams\Scoring_5May\Caroline\_DSC9854.tif,2,4,1,4,1,0,4234,4498,408,672
\\nbi-ufiles\shared\Research-Groups\Mark-Banfield\Josh_Williams\Scoring_5May\Caroline\_DSC9854.tif,2,4,1,4,2,2,4186,4466,742,1022
\\nbi-ufiles\shared\Research-Groups\Mark-Banfield\Josh_Williams\Scoring_5May\Caroline\_DSC9854.tif,2,4,1,4,3,1,4202,4466,1132,1396
\\nbi-ufiles\shared\Research-Groups\Mark-Banfield\Josh_Williams\Scoring_5May\Caroline\_DSC9854.tif,2,4,1,4,4,1,4715,5005,900,1190
\\nbi-ufiles\shared\Research-Groups\Mark-Banfield\Josh_Williams\Scoring_5May\Caroline\_DSC9854.tif,2,4,1,4,5,2,4564,4886,496,818
\\nbi-ufiles\shared\Research-Groups\Mark-Banfield\Josh_Williams\Scoring_5May\Caroline\_DSC9854.tif,2,4,2,1,1,4,476,720,2203,2447
\\nbi-ufiles\shared\Research-Groups\Mark-Banfield\Josh_Williams\Scoring_5May\Caroline\_DSC9854.tif,2,4,2,1,2,4,344,624,2446,2726
\\nbi-ufiles\shared\Research-Groups\Mark-Banfield\Josh_Williams\Scoring_5May\Caroline\_DSC9854.tif,2,4,2,1,3,4,400,648,2788,3036
\\nbi-ufiles\shared\Research-Groups\Mark-Banfield\Josh_Williams\Scoring_5May\Caroline\_DSC9854.tif,2,4,2,1,4,3,869,1127,2624,2882
\\nbi-ufiles\shared\Research-Groups\Mark-Banfield\Josh_Williams\Scoring_5May\Caroline\_DSC9854.tif,2,4,2,1,5,0,813,1061,2280,2528
\\nbi-ufiles\shared\Research-Groups\Mark-Banfield\Josh_Williams\Scoring_5May\Caroline\_DSC9854.tif,2,4,2,2,1,3,1542,1776,2126,2360
\\nbi-ufiles\shared\Research-Groups\Mark-Banfield\Josh_Williams\Scoring_5May\Caroline\_DSC9854.tif,2,4,2,2,2,0,1405,1675,2454,2724
\\nbi-ufiles\shared\Research-Groups\Mark-Banfield\Josh_Williams\Scoring_5May\Caroline\_DSC9854.tif,2,4,2,2,3,3,1460,1730,2761,3031
\\nbi-ufiles\shared\Research-Groups\Mark-Banfield\Josh_Williams\Scoring_5May\Caroline\_DSC9854.tif,2,4,2,2,4,1,1932,2248,2566,2882
\\nbi-ufiles\shared\Research-Groups\Mark-Banfield\Josh_Williams\Scoring_5May\Caroline\_DSC9854.tif,2,4,2,2,5,1,1791,2119,2200,2528
\\nbi-ufiles\shared\Research-Groups\Mark-Banfield\Josh_Williams\Scoring_5May\Caroline\_DSC9854.tif,2,4,2,3,1,0,2991,3271,2138,2418
\\nbi-ufiles\shared\Research-Groups\Mark-Banfield\Josh_Williams\Scoring_5May\Caroline\_DSC9854.tif,2,4,2,3,2,1,2770,3086,2392,2708
\\nbi-ufiles\shared\Research-Groups\Mark-Banfield\Josh_Williams\Scoring_5May\Caroline\_DSC9854.tif,2,4,2,3,3,1,2889,3153,2740,3004
\\nbi-ufiles\shared\Research-Groups\Mark-Banfield\Josh_Williams\Scoring_5May\Caroline\_DSC9854.tif,2,4,2,3,4,3,3332,3602,2700,2970
\\nbi-ufiles\shared\Research-Groups\Mark-Banfield\Josh_Williams\Scoring_5May\Caroline\_DSC9854.tif,2,4,2,3,5,0,3306,3592,2317,2603
\\nbi-ufiles\shared\Research-Groups\Mark-Banfield\Josh_Williams\Scoring_5May\Caroline\_DSC9854.tif,2,4,2,4,1,0,4245,4547,2052,2354
\\nbi-ufiles\shared\Research-Groups\Mark-Banfield\Josh_Williams\Scoring_5May\Caroline\_DSC9854.tif,2,4,2,4,2,2,4012,4356,2412,2756
\\nbi-ufiles\shared\Research-Groups\Mark-Banfield\Josh_Williams\Scoring_5May\Caroline\_DSC9854.tif,2,4,2,4,3,1,4059,4345,2856,3142
\\nbi-ufiles\shared\Research-Groups\Mark-Banfield\Josh_Williams\Scoring_5May\Caroline\_DSC9854.tif,2,4,2,4,4,4,4671,4935,2650,2914
\\nbi-ufiles\shared\Research-Groups\Mark-Banfield\Josh_Williams\Scoring_5May\Caroline\_DSC9854.tif,2,4,2,4,5,2,4586,4892,2174,2480
\\nbi-ufiles\shared\Research-Groups\Mark-Banfield\Josh_Williams\Scoring_5May\Caroline\_DSC9856.tif,2,4,1,1,1,0,550,778,535,763
\\nbi-ufiles\shared\Research-Groups\Mark-Banfield\Josh_Williams\Scoring_5May\Caroline\_DSC9856.tif,2,4,1,1,2,0,308,604,758,1054
\\nbi-ufiles\shared\Research-Groups\Mark-Banfield\Josh_Williams\Scoring_5May\Caroline\_DSC9856.tif,2,4,1,1,3,0,289,633,1138,1482
\\nbi-ufiles\shared\Research-Groups\Mark-Banfield\Josh_Williams\Scoring_5May\Caroline\_DSC9856.tif,2,4,1,1,4,0,922,1260,1067,1405
\\nbi-ufiles\shared\Research-Groups\Mark-Banfield\Josh_Williams\Scoring_5May\Caroline\_DSC9856.tif,2,4,1,1,5,4,852,1112,762,1022
\\nbi-ufiles\shared\Research-Groups\Mark-Banfield\Josh_Williams\Scoring_5May\Caroline\_DSC9856.tif,2,4,1,2,1,0,1802,2066,456,720
\\nbi-ufiles\shared\Research-Groups\Mark-Banfield\Josh_Williams\Scoring_5May\Caroline\_DSC9856.tif,2,4,1,2,2,0,1616,1934,788,1106
\\nbi-ufiles\shared\Research-Groups\Mark-Banfield\Josh_Williams\Scoring_5May\Caroline\_DSC9856.tif,2,4,1,2,3,2,1767,2079,1106,1418
\\nbi-ufiles\shared\Research-Groups\Mark-Banfield\Josh_Williams\Scoring_5May\Caroline\_DSC9856.tif,2,4,1,2,4,1,2222,2518,995,1291
\\nbi-ufiles\shared\Research-Groups\Mark-Banfield\Josh_Williams\Scoring_5May\Caroline\_DSC9856.tif,2,4,1,2,5,2,2244,2480,655,891
\\nbi-ufiles\shared\Research-Groups\Mark-Banfield\Josh_Williams\Scoring_5May\Caroline\_DSC9856.tif,2,4,1,3,1,3,3386,3634,469,717
\\nbi-ufiles\shared\Research-Groups\Mark-Banfield\Josh_Williams\Scoring_5May\Caroline\_DSC9856.tif,2,4,1,3,2,2,3187,3409,746,968
\\nbi-ufiles\shared\Research-Groups\Mark-Banfield\Josh_Williams\Scoring_5May\Caroline\_DSC9856.tif,2,4,1,3,3,0,3216,3586,1024,1394
\\nbi-ufiles\shared\Research-Groups\Mark-Banfield\Josh_Williams\Scoring_5May\Caroline\_DSC9856.tif,2,4,1,3,4,1,3824,4120,1067,1363
\\nbi-ufiles\shared\Research-Groups\Mark-Banfield\Josh_Williams\Scoring_5May\Caroline\_DSC9856.tif,2,4,1,3,5,1,3798,4088,668,958
\\nbi-ufiles\shared\Research-Groups\Mark-Banfield\Josh_Williams\Scoring_5May\Caroline\_DSC9856.tif,2,4,1,4,1,4,4648,4876,447,675
\\nbi-ufiles\shared\Research-Groups\Mark-Banfield\Josh_Williams\Scoring_5May\Caroline\_DSC9856.tif,2,4,1,4,2,0,4406,4680,834,1108
\\nbi-ufiles\shared\Research-Groups\Mark-Banfield\Josh_Williams\Scoring_5May\Caroline\_DSC9856.tif,2,4,1,4,3,0,4527,4839,1112,1424
\\nbi-ufiles\shared\Research-Groups\Mark-Banfield\Josh_Williams\Scoring_5May\Caroline\_DSC9856.tif,2,4,1,4,4,3,4988,5246,1030,1288
\\nbi-ufiles\shared\Research-Groups\Mark-Banfield\Josh_Williams\Scoring_5May\Caroline\_DSC9856.tif,2,4,1,4,5,0,4927,5233,594,900
\\nbi-ufiles\shared\Research-Groups\Mark-Banfield\Josh_Williams\Scoring_5May\Caroline\_DSC9856.tif,2,4,2,1,1,0,540,842,2224,2526
\\nbi-ufiles\shared\Research-Groups\Mark-Banfield\Josh_Williams\Scoring_5May\Caroline\_DSC9856.tif,2,4,2,1,2,4,440,694,2573,2827
\\nbi-ufiles\shared\Research-Groups\Mark-Banfield\Josh_Williams\Scoring_5May\Caroline\_DSC9856.tif,2,4,2,1,3,1,459,739,2846,3126
\\nbi-ufiles\shared\Research-Groups\Mark-Banfield\Josh_Williams\Scoring_5May\Caroline\_DSC9856.tif,2,4,2,1,4,1,1006,1264,2680,2938
\\nbi-ufiles\shared\Research-Groups\Mark-Banfield\Josh_Williams\Scoring_5May\Caroline\_DSC9856.tif,2,4,2,1,5,0,932,1218,2351,2637
\\nbi-ufiles\shared\Research-Groups\Mark-Banfield\Josh_Williams\Scoring_5May\Caroline\_DSC9856.tif,2,4,2,2,1,0,1872,2180,2049,2357
\\nbi-ufiles\shared\Research-Groups\Mark-Banfield\Josh_Williams\Scoring_5May\Caroline\_DSC9856.tif,2,4,2,2,2,3,1736,1978,2452,2694
\\nbi-ufiles\shared\Research-Groups\Mark-Banfield\Josh_Williams\Scoring_5May\Caroline\_DSC9856.tif,2,4,2,2,3,1,1836,2164,2766,3094
\\nbi-ufiles\shared\Research-Groups\Mark-Banfield\Josh_Williams\Scoring_5May\Caroline\_DSC9856.tif,2,4,2,2,4,1,2338,2608,2656,2926
\\nbi-ufiles\shared\Research-Groups\Mark-Banfield\Josh_Williams\Scoring_5May\Caroline\_DSC9856.tif,2,4,2,2,5,2,2275,2545,2164,2434
\\nbi-ufiles\shared\Research-Groups\Mark-Banfield\Josh_Williams\Scoring_5May\Caroline\_DSC9856.tif,2,4,2,3,1,2,3306,3564,2077,2335
\\nbi-ufiles\shared\Research-Groups\Mark-Banfield\Josh_Williams\Scoring_5May\Caroline\_DSC9856.tif,2,4,2,3,2,1,3219,3499,2360,2640
\\nbi-ufiles\shared\Research-Groups\Mark-Banfield\Josh_Williams\Scoring_5May\Caroline\_DSC9856.tif,2,4,2,3,3,3,3322,3554,2727,2959
\\nbi-ufiles\shared\Research-Groups\Mark-Banfield\Josh_Williams\Scoring_5May\Caroline\_DSC9856.tif,2,4,2,3,4,1,3721,4007,2428,2714
\\nbi-ufiles\shared\Research-Groups\Mark-Banfield\Josh_Williams\Scoring_5May\Caroline\_DSC9856.tif,2,4,2,3,5,1,3608,3866,2080,2338
\\nbi-ufiles\shared\Research-Groups\Mark-Banfield\Josh_Williams\Scoring_5May\Caroline\_DSC9856.tif,2,4,2,4,1,4,4596,4886,2040,2330
\\nbi-ufiles\shared\Research-Groups\Mark-Banfield\Josh_Williams\Scoring_5May\Caroline\_DSC9856.tif,2,4,2,4,2,1,4464,4792,2317,2645
\\nbi-ufiles\shared\Research-Groups\Mark-Banfield\Josh_Williams\Scoring_5May\Caroline\_DSC9856.tif,2,4,2,4,3,3,4586,4818,2622,2854
\\nbi-ufiles\shared\Research-Groups\Mark-Banfield\Josh_Williams\Scoring_5May\Caroline\_DSC9856.tif,2,4,2,4,4,1,5072,5358,2552,2838
\\nbi-ufiles\shared\Research-Groups\Mark-Banfield\Josh_Williams\Scoring_5May\Caroline\_DSC9856.tif,2,4,2,4,5,1,4976,5316,2168,2508
\\nbi-ufiles\shared\Research-Groups\Mark-Banfield\Josh_Williams\Scoring_5May\Caroline\_DSC9858.tif,2,4,1,1,1,2,609,805,720,916
\\nbi-ufiles\shared\Research-Groups\Mark-Banfield\Josh_Williams\Scoring_5May\Caroline\_DSC9858.tif,2,4,1,1,2,3,466,672,877,1083
\\nbi-ufiles\shared\Research-Groups\Mark-Banfield\Josh_Williams\Scoring_5May\Caroline\_DSC9858.tif,2,4,1,1,3,4,424,630,1074,1280
\\nbi-ufiles\shared\Research-Groups\Mark-Banfield\Josh_Williams\Scoring_5May\Caroline\_DSC9858.tif,2,4,1,1,4,3,376,620,1283,1527
\\nbi-ufiles\shared\Research-Groups\Mark-Banfield\Josh_Williams\Scoring_5May\Caroline\_DSC9858.tif,2,4,1,1,5,1,874,1138,1291,1555
\\nbi-ufiles\shared\Research-Groups\Mark-Banfield\Josh_Williams\Scoring_5May\Caroline\_DSC9858.tif,2,4,1,1,6,4,1038,1280,1060,1302
\\nbi-ufiles\shared\Research-Groups\Mark-Banfield\Josh_Williams\Scoring_5May\Caroline\_DSC9858.tif,2,4,1,1,7,4,913,1135,900,1122
\\nbi-ufiles\shared\Research-Groups\Mark-Banfield\Josh_Williams\Scoring_5May\Caroline\_DSC9858.tif,2,4,1,1,8,4,816,1048,684,916
\\nbi-ufiles\shared\Research-Groups\Mark-Banfield\Josh_Williams\Scoring_5May\Caroline\_DSC9858.tif,2,4,1,2,2,3,1682,1862,847,1027
\\nbi-ufiles\shared\Research-Groups\Mark-Banfield\Josh_Williams\Scoring_5May\Caroline\_DSC9858.tif,2,4,1,2,3,4,1621,1833,1022,1234
\\nbi-ufiles\shared\Research-Groups\Mark-Banfield\Josh_Williams\Scoring_5May\Caroline\_DSC9858.tif,2,4,1,2,4,2,1661,1867,1334,1540
\\nbi-ufiles\shared\Research-Groups\Mark-Banfield\Josh_Williams\Scoring_5May\Caroline\_DSC9858.tif,2,4,1,2,5,0,2148,2406,1315,1573
\\nbi-ufiles\shared\Research-Groups\Mark-Banfield\Josh_Williams\Scoring_5May\Caroline\_DSC9858.tif,2,4,1,2,6,3,2158,2392,1047,1281
\\nbi-ufiles\shared\Research-Groups\Mark-Banfield\Josh_Williams\Scoring_5May\Caroline\_DSC9858.tif,2,4,1,2,7,3,2080,2302,784,1006
\\nbi-ufiles\shared\Research-Groups\Mark-Banfield\Josh_Williams\Scoring_5May\Caroline\_DSC9858.tif,2,4,1,2,8,3,1984,2148,662,826
\\nbi-ufiles\shared\Research-Groups\Mark-Banfield\Josh_Williams\Scoring_5May\Caroline\_DSC9858.tif,2,4,1,3,1,4,3215,3449,582,816
\\nbi-ufiles\shared\Research-Groups\Mark-Banfield\Josh_Williams\Scoring_5May\Caroline\_DSC9858.tif,2,4,1,3,2,1,3058,3306,781,1029
\\nbi-ufiles\shared\Research-Groups\Mark-Banfield\Josh_Williams\Scoring_5May\Caroline\_DSC9858.tif,2,4,1,3,3,5,3015,3269,1016,1270
\\nbi-ufiles\shared\Research-Groups\Mark-Banfield\Josh_Williams\Scoring_5May\Caroline\_DSC9858.tif,2,4,1,3,4,4,3080,3350,1302,1572
\\nbi-ufiles\shared\Research-Groups\Mark-Banfield\Josh_Williams\Scoring_5May\Caroline\_DSC9858.tif,2,4,1,3,5,3,3584,3790,1350,1556
\\nbi-ufiles\shared\Research-Groups\Mark-Banfield\Josh_Williams\Scoring_5May\Caroline\_DSC9858.tif,2,4,1,3,6,1,3708,3914,1122,1328
\\nbi-ufiles\shared\Research-Groups\Mark-Banfield\Josh_Williams\Scoring_5May\Caroline\_DSC9858.tif,2,4,1,3,7,4,3646,3848,868,1070
\\nbi-ufiles\shared\Research-Groups\Mark-Banfield\Josh_Williams\Scoring_5May\Caroline\_DSC9858.tif,2,4,1,3,8,4,3530,3752,652,874
\\nbi-ufiles\shared\Research-Groups\Mark-Banfield\Josh_Williams\Scoring_5May\Caroline\_DSC9858.tif,2,4,1,4,1,3,4488,4700,530,742
\\nbi-ufiles\shared\Research-Groups\Mark-Banfield\Josh_Williams\Scoring_5May\Caroline\_DSC9858.tif,2,4,1,4,2,0,4361,4583,726,948
\\nbi-ufiles\shared\Research-Groups\Mark-Banfield\Josh_Williams\Scoring_5May\Caroline\_DSC9858.tif,2,4,1,4,3,3,4284,4512,1000,1228
\\nbi-ufiles\shared\Research-Groups\Mark-Banfield\Josh_Williams\Scoring_5May\Caroline\_DSC9858.tif,2,4,1,4,4,3,4308,4552,1248,1492
\\nbi-ufiles\shared\Research-Groups\Mark-Banfield\Josh_Williams\Scoring_5May\Caroline\_DSC9858.tif,2,4,1,4,5,1,4750,5004,1342,1596
\\nbi-ufiles\shared\Research-Groups\Mark-Banfield\Josh_Williams\Scoring_5May\Caroline\_DSC9858.tif,2,4,1,4,6,1,4914,5194,1014,1294
\\nbi-ufiles\shared\Research-Groups\Mark-Banfield\Josh_Williams\Scoring_5May\Caroline\_DSC9858.tif,2,4,1,4,7,4,4827,5079,774,1026
\\nbi-ufiles\shared\Research-Groups\Mark-Banfield\Josh_Williams\Scoring_5May\Caroline\_DSC9858.tif,2,4,1,4,8,4,4700,4942,546,788
\\nbi-ufiles\shared\Research-Groups\Mark-Banfield\Josh_Williams\Scoring_5May\Caroline\_DSC9858.tif,2,4,2,1,1,5,694,900,2047,2253
\\nbi-ufiles\shared\Research-Groups\Mark-Banfield\Josh_Williams\Scoring_5May\Caroline\_DSC9858.tif,2,4,2,1,2,4,574,770,2200,2396
\\nbi-ufiles\shared\Research-Groups\Mark-Banfield\Josh_Williams\Scoring_5May\Caroline\_DSC9858.tif,2,4,2,1,3,0,450,720,2420,2690
\\nbi-ufiles\shared\Research-Groups\Mark-Banfield\Josh_Williams\Scoring_5May\Caroline\_DSC9858.tif,2,4,2,1,4,1,540,768,2743,2971
\\nbi-ufiles\shared\Research-Groups\Mark-Banfield\Josh_Williams\Scoring_5May\Caroline\_DSC9858.tif,2,4,2,1,5,2,984,1212,2772,3000
\\nbi-ufiles\shared\Research-Groups\Mark-Banfield\Josh_Williams\Scoring_5May\Caroline\_DSC9858.tif,2,4,2,1,6,3,1093,1315,2540,2762
\\nbi-ufiles\shared\Research-Groups\Mark-Banfield\Josh_Williams\Scoring_5May\Caroline\_DSC9858.tif,2,4,2,1,7,0,1024,1304,2228,2508
\\nbi-ufiles\shared\Research-Groups\Mark-Banfield\Josh_Williams\Scoring_5May\Caroline\_DSC9858.tif,2,4,2,1,8,4,958,1164,1987,2193
\\nbi-ufiles\shared\Research-Groups\Mark-Banfield\Josh_Williams\Scoring_5May\Caroline\_DSC9858.tif,2,4,2,2,1,5,1875,2093,2036,2254
\\nbi-ufiles\shared\Research-Groups\Mark-Banfield\Josh_Williams\Scoring_5May\Caroline\_DSC9858.tif,2,4,2,2,2,4,1634,1900,2181,2447
\\nbi-ufiles\shared\Research-Groups\Mark-Banfield\Josh_Williams\Scoring_5May\Caroline\_DSC9858.tif,2,4,2,2,3,0,1620,1868,2434,2682
\\nbi-ufiles\shared\Research-Groups\Mark-Banfield\Josh_Williams\Scoring_5May\Caroline\_DSC9858.tif,2,4,2,2,4,4,1714,1936,2688,2910
\\nbi-ufiles\shared\Research-Groups\Mark-Banfield\Josh_Williams\Scoring_5May\Caroline\_DSC9858.tif,2,4,2,2,5,3,2110,2338,2637,2865
\\nbi-ufiles\shared\Research-Groups\Mark-Banfield\Josh_Williams\Scoring_5May\Caroline\_DSC9858.tif,2,4,2,2,6,4,2198,2462,2386,2650
\\nbi-ufiles\shared\Research-Groups\Mark-Banfield\Josh_Williams\Scoring_5May\Caroline\_DSC9858.tif,2,4,2,2,7,1,2274,2476,2158,2360
\\nbi-ufiles\shared\Research-Groups\Mark-Banfield\Josh_Williams\Scoring_5May\Caroline\_DSC9858.tif,2,4,2,2,8,4,2127,2275,2026,2174
\\nbi-ufiles\shared\Research-Groups\Mark-Banfield\Josh_Williams\Scoring_5May\Caroline\_DSC9858.tif,2,4,2,3,1,4,3165,3377,2036,2248
\\nbi-ufiles\shared\Research-Groups\Mark-Banfield\Josh_Williams\Scoring_5May\Caroline\_DSC9858.tif,2,4,2,3,2,4,2989,3221,2238,2470
\\nbi-ufiles\shared\Research-Groups\Mark-Banfield\Josh_Williams\Scoring_5May\Caroline\_DSC9858.tif,2,4,2,3,3,3,2888,3122,2454,2688
\\nbi-ufiles\shared\Research-Groups\Mark-Banfield\Josh_Williams\Scoring_5May\Caroline\_DSC9858.tif,2,4,2,3,4,0,2934,3202,2762,3030
\\nbi-ufiles\shared\Research-Groups\Mark-Banfield\Josh_Williams\Scoring_5May\Caroline\_DSC9858.tif,2,4,2,3,5,2,3493,3715,2740,2962
\\nbi-ufiles\shared\Research-Groups\Mark-Banfield\Josh_Williams\Scoring_5May\Caroline\_DSC9858.tif,2,4,2,3,6,4,3592,3834,2474,2716
\\nbi-ufiles\shared\Research-Groups\Mark-Banfield\Josh_Williams\Scoring_5May\Caroline\_DSC9858.tif,2,4,2,3,7,3,3533,3777,2222,2466
\\nbi-ufiles\shared\Research-Groups\Mark-Banfield\Josh_Williams\Scoring_5May\Caroline\_DSC9858.tif,2,4,2,3,8,1,3417,3645,2026,2254
\\nbi-ufiles\shared\Research-Groups\Mark-Banfield\Josh_Williams\Scoring_5May\Caroline\_DSC9858.tif,2,4,2,4,1,4,4363,4595,2106,2338
\\nbi-ufiles\shared\Research-Groups\Mark-Banfield\Josh_Williams\Scoring_5May\Caroline\_DSC9858.tif,2,4,2,4,2,4,4213,4419,2338,2544
\\nbi-ufiles\shared\Research-Groups\Mark-Banfield\Josh_Williams\Scoring_5May\Caroline\_DSC9858.tif,2,4,2,4,3,4,4189,4411,2582,2804
\\nbi-ufiles\shared\Research-Groups\Mark-Banfield\Josh_Williams\Scoring_5May\Caroline\_DSC9858.tif,2,4,2,4,4,1,4277,4509,2804,3036
\\nbi-ufiles\shared\Research-Groups\Mark-Banfield\Josh_Williams\Scoring_5May\Caroline\_DSC9858.tif,2,4,2,4,5,4,4712,4930,2772,2990
\\nbi-ufiles\shared\Research-Groups\Mark-Banfield\Josh_Williams\Scoring_5May\Caroline\_DSC9858.tif,2,4,2,4,6,4,4850,5072,2524,2746
\\nbi-ufiles\shared\Research-Groups\Mark-Banfield\Josh_Williams\Scoring_5May\Caroline\_DSC9858.tif,2,4,2,4,7,4,4810,5006,2280,2476
\\nbi-ufiles\shared\Research-Groups\Mark-Banfield\Josh_Williams\Scoring_5May\Caroline\_DSC9858.tif,2,4,2,4,8,2,4691,4855,2080,2244
\\nbi-ufiles\shared\Research-Groups\Mark-Banfield\Josh_Williams\Scoring_5May\Caroline\_DSC9859.tif,2,4,1,1,1,2,730,910,688,868
\\nbi-ufiles\shared\Research-Groups\Mark-Banfield\Josh_Williams\Scoring_5May\Caroline\_DSC9859.tif,2,4,1,1,2,5,566,762,847,1043
\\nbi-ufiles\shared\Research-Groups\Mark-Banfield\Josh_Williams\Scoring_5May\Caroline\_DSC9859.tif,2,4,1,1,3,5,508,742,1042,1276
\\nbi-ufiles\shared\Research-Groups\Mark-Banfield\Josh_Williams\Scoring_5May\Caroline\_DSC9859.tif,2,4,1,1,4,3,601,829,1280,1508
\\nbi-ufiles\shared\Research-Groups\Mark-Banfield\Josh_Williams\Scoring_5May\Caroline\_DSC9859.tif,2,4,1,1,5,0,990,1228,1289,1527
\\nbi-ufiles\shared\Research-Groups\Mark-Banfield\Josh_Williams\Scoring_5May\Caroline\_DSC9859.tif,2,4,1,1,6,4,1087,1315,1042,1270
\\nbi-ufiles\shared\Research-Groups\Mark-Banfield\Josh_Williams\Scoring_5May\Caroline\_DSC9859.tif,2,4,1,1,7,4,1048,1254,836,1042
\\nbi-ufiles\shared\Research-Groups\Mark-Banfield\Josh_Williams\Scoring_5May\Caroline\_DSC9859.tif,2,4,1,1,8,4,974,1160,646,832
\\nbi-ufiles\shared\Research-Groups\Mark-Banfield\Josh_Williams\Scoring_5May\Caroline\_DSC9859.tif,2,4,1,2,1,0,1788,1974,624,810
\\nbi-ufiles\shared\Research-Groups\Mark-Banfield\Josh_Williams\Scoring_5May\Caroline\_DSC9859.tif,2,4,1,2,2,4,1661,1879,788,1006
\\nbi-ufiles\shared\Research-Groups\Mark-Banfield\Josh_Williams\Scoring_5May\Caroline\_DSC9859.tif,2,4,1,2,3,3,1576,1768,1013,1205
\\nbi-ufiles\shared\Research-Groups\Mark-Banfield\Josh_Williams\Scoring_5May\Caroline\_DSC9859.tif,2,4,1,2,4,3,1592,1820,1286,1514
\\nbi-ufiles\shared\Research-Groups\Mark-Banfield\Josh_Williams\Scoring_5May\Caroline\_DSC9859.tif,2,4,1,2,5,0,2116,2360,1262,1506
\\nbi-ufiles\shared\Research-Groups\Mark-Banfield\Josh_Williams\Scoring_5May\Caroline\_DSC9859.tif,2,4,1,2,6,5,2169,2375,984,1190
\\nbi-ufiles\shared\Research-Groups\Mark-Banfield\Josh_Williams\Scoring_5May\Caroline\_DSC9859.tif,2,4,1,2,7,4,2049,2277,762,990
\\nbi-ufiles\shared\Research-Groups\Mark-Banfield\Josh_Williams\Scoring_5May\Caroline\_DSC9859.tif,2,4,1,2,8,4,2005,2179,630,804
\\nbi-ufiles\shared\Research-Groups\Mark-Banfield\Josh_Williams\Scoring_5May\Caroline\_DSC9859.tif,2,4,1,3,1,4,3483,3709,636,862
\\nbi-ufiles\shared\Research-Groups\Mark-Banfield\Josh_Williams\Scoring_5May\Caroline\_DSC9859.tif,2,4,1,3,2,2,3319,3531,794,1006
\\nbi-ufiles\shared\Research-Groups\Mark-Banfield\Josh_Williams\Scoring_5May\Caroline\_DSC9859.tif,2,4,1,3,3,4,3181,3399,984,1202
\\nbi-ufiles\shared\Research-Groups\Mark-Banfield\Josh_Williams\Scoring_5May\Caroline\_DSC9859.tif,2,4,1,3,4,3,3148,3422,1244,1518
\\nbi-ufiles\shared\Research-Groups\Mark-Banfield\Josh_Williams\Scoring_5May\Caroline\_DSC9859.tif,2,4,1,3,5,3,3624,3788,1292,1456
\\nbi-ufiles\shared\Research-Groups\Mark-Banfield\Josh_Williams\Scoring_5May\Caroline\_DSC9859.tif,2,4,1,3,6,2,3718,3950,1096,1328
\\nbi-ufiles\shared\Research-Groups\Mark-Banfield\Josh_Williams\Scoring_5May\Caroline\_DSC9859.tif,2,4,1,3,7,6,3660,3834,979,1153
\\nbi-ufiles\shared\Research-Groups\Mark-Banfield\Josh_Williams\Scoring_5May\Caroline\_DSC9859.tif,2,4,1,3,8,3,3625,3843,746,964
\\nbi-ufiles\shared\Research-Groups\Mark-Banfield\Josh_Williams\Scoring_5May\Caroline\_DSC9859.tif,2,4,2,1,1,6,630,832,2063,2265
\\nbi-ufiles\shared\Research-Groups\Mark-Banfield\Josh_Williams\Scoring_5May\Caroline\_DSC9859.tif,2,4,2,1,2,5,506,724,2232,2450
\\nbi-ufiles\shared\Research-Groups\Mark-Banfield\Josh_Williams\Scoring_5May\Caroline\_DSC9859.tif,2,4,2,1,3,1,340,668,2405,2733
\\nbi-ufiles\shared\Research-Groups\Mark-Banfield\Josh_Williams\Scoring_5May\Caroline\_DSC9859.tif,2,4,2,1,4,3,443,711,2688,2956
\\nbi-ufiles\shared\Research-Groups\Mark-Banfield\Josh_Williams\Scoring_5May\Caroline\_DSC9859.tif,2,4,2,1,5,3,910,1160,2663,2913
\\nbi-ufiles\shared\Research-Groups\Mark-Banfield\Josh_Williams\Scoring_5May\Caroline\_DSC9859.tif,2,4,2,1,6,4,1048,1322,2447,2721
\\nbi-ufiles\shared\Research-Groups\Mark-Banfield\Josh_Williams\Scoring_5May\Caroline\_DSC9859.tif,2,4,2,1,7,0,985,1217,2244,2476
\\nbi-ufiles\shared\Research-Groups\Mark-Banfield\Josh_Williams\Scoring_5May\Caroline\_DSC9859.tif,2,4,2,1,8,5,836,1026,2066,2256
\\nbi-ufiles\shared\Research-Groups\Mark-Banfield\Josh_Williams\Scoring_5May\Caroline\_DSC9859.tif,2,4,2,2,1,6,1794,2010,2082,2298
\\nbi-ufiles\shared\Research-Groups\Mark-Banfield\Josh_Williams\Scoring_5May\Caroline\_DSC9859.tif,2,4,2,2,2,5,1606,1844,2228,2466
\\nbi-ufiles\shared\Research-Groups\Mark-Banfield\Josh_Williams\Scoring_5May\Caroline\_DSC9859.tif,2,4,2,2,3,1,1574,1764,2524,2714
\\nbi-ufiles\shared\Research-Groups\Mark-Banfield\Josh_Williams\Scoring_5May\Caroline\_DSC9859.tif,2,4,2,2,4,3,1620,1794,2740,2914
\\nbi-ufiles\shared\Research-Groups\Mark-Banfield\Josh_Williams\Scoring_5May\Caroline\_DSC9859.tif,2,4,2,2,5,3,2026,2290,2655,2919
\\nbi-ufiles\shared\Research-Groups\Mark-Banfield\Josh_Williams\Scoring_5May\Caroline\_DSC9859.tif,2,4,2,2,6,3,2218,2452,2480,2714
\\nbi-ufiles\shared\Research-Groups\Mark-Banfield\Josh_Williams\Scoring_5May\Caroline\_DSC9859.tif,2,4,2,2,7,1,2180,2354,2251,2425
\\nbi-ufiles\shared\Research-Groups\Mark-Banfield\Josh_Williams\Scoring_5May\Caroline\_DSC9859.tif,2,4,2,2,8,5,2035,2229,2080,2274
\\nbi-ufiles\shared\Research-Groups\Mark-Banfield\Josh_Williams\Scoring_5May\Caroline\_DSC9859.tif,2,4,2,3,1,4,3284,3470,1939,2125
\\nbi-ufiles\shared\Research-Groups\Mark-Banfield\Josh_Williams\Scoring_5May\Caroline\_DSC9859.tif,2,4,2,3,2,4,3203,3435,2132,2364
\\nbi-ufiles\shared\Research-Groups\Mark-Banfield\Josh_Williams\Scoring_5May\Caroline\_DSC9859.tif,2,4,2,3,3,2,3159,3391,2370,2602
\\nbi-ufiles\shared\Research-Groups\Mark-Banfield\Josh_Williams\Scoring_5May\Caroline\_DSC9859.tif,2,4,2,3,4,1,3184,3418,2660,2894
\\nbi-ufiles\shared\Research-Groups\Mark-Banfield\Josh_Williams\Scoring_5May\Caroline\_DSC9859.tif,2,4,2,3,5,2,3596,3898,2517,2819
\\nbi-ufiles\shared\Research-Groups\Mark-Banfield\Josh_Williams\Scoring_5May\Caroline\_DSC9859.tif,2,4,2,3,6,3,3705,3933,2312,2540
\\nbi-ufiles\shared\Research-Groups\Mark-Banfield\Josh_Williams\Scoring_5May\Caroline\_DSC9859.tif,2,4,2,3,7,3,3681,3867,2116,2302
\\nbi-ufiles\shared\Research-Groups\Mark-Banfield\Josh_Williams\Scoring_5May\Caroline\_DSC9859.tif,2,4,2,3,8,0,3538,3724,1949,2135
\\nbi-ufiles\shared\Research-Groups\Mark-Banfield\Josh_Williams\Scoring_5May\Caroline\_DSC9859.tif,2,4,2,4,1,4,4477,4679,2110,2312
\\nbi-ufiles\shared\Research-Groups\Mark-Banfield\Josh_Williams\Scoring_5May\Caroline\_DSC9859.tif,2,4,2,4,2,4,4348,4570,2266,2488
\\nbi-ufiles\shared\Research-Groups\Mark-Banfield\Josh_Williams\Scoring_5May\Caroline\_DSC9859.tif,2,4,2,4,3,4,4337,4527,2460,2650
\\nbi-ufiles\shared\Research-Groups\Mark-Banfield\Josh_Williams\Scoring_5May\Caroline\_DSC9859.tif,2,4,2,4,4,0,4457,4647,2666,2856
\\nbi-ufiles\shared\Research-Groups\Mark-Banfield\Josh_Williams\Scoring_5May\Caroline\_DSC9859.tif,2,4,2,4,5,4,4766,4988,2568,2790
\\nbi-ufiles\shared\Research-Groups\Mark-Banfield\Josh_Williams\Scoring_5May\Caroline\_DSC9859.tif,2,4,2,4,6,4,4860,5066,2386,2592
\\nbi-ufiles\shared\Research-Groups\Mark-Banfield\Josh_Williams\Scoring_5May\Caroline\_DSC9859.tif,2,4,2,4,7,4,4829,5035,2200,2406
\\nbi-ufiles\shared\Research-Groups\Mark-Banfield\Josh_Williams\Scoring_5May\Caroline\_DSC9859.tif,2,4,2,4,8,3,4707,4887,2052,2232
