img,maxrow,maxcol,row,col,pos,score,x1,x2,y1,y2
/Volumes/Mark-Banfield/Josh_Williams/Scoring_5May/Emma/_DSC8788.tif,2,4,1,1,1,0,800,1066,688,954
/Volumes/Mark-Banfield/Josh_Williams/Scoring_5May/Emma/_DSC8788.tif,2,4,1,1,2,4,662,920,843,1101
/Volumes/Mark-Banfield/Josh_Williams/Scoring_5May/Emma/_DSC8788.tif,2,4,1,1,3,2,612,904,1054,1346
/Volumes/Mark-Banfield/Josh_Williams/Scoring_5May/Emma/_DSC8788.tif,2,4,1,1,4,1,662,972,1273,1583
/Volumes/Mark-Banfield/Josh_Williams/Scoring_5May/Emma/_DSC8788.tif,2,4,1,1,5,1,1092,1410,1333,1651
/Volumes/Mark-Banfield/Josh_Williams/Scoring_5May/Emma/_DSC8788.tif,2,4,1,1,6,4,1246,1522,1105,1381
/Volumes/Mark-Banfield/Josh_Williams/Scoring_5May/Emma/_DSC8788.tif,2,4,1,1,7,0,1144,1436,886,1178
/Volumes/Mark-Banfield/Josh_Williams/Scoring_5May/Emma/_DSC8788.tif,2,4,1,1,8,1,1032,1316,654,938
/Volumes/Mark-Banfield/Josh_Williams/Scoring_5May/Emma/_DSC8788.tif,2,4,1,2,1,0,1892,2150,658,916
/Volumes/Mark-Banfield/Josh_Williams/Scoring_5May/Emma/_DSC8788.tif,2,4,1,2,2,4,1772,2072,843,1143
/Volumes/Mark-Banfield/Josh_Williams/Scoring_5May/Emma/_DSC8788.tif,2,4,1,2,3,0,1710,2038,1087,1415
/Volumes/Mark-Banfield/Josh_Williams/Scoring_5May/Emma/_DSC8788.tif,2,4,1,2,4,0,1856,2174,1363,1681
/Volumes/Mark-Banfield/Josh_Williams/Scoring_5May/Emma/_DSC8788.tif,2,4,1,2,5,0,2270,2562,1281,1573
/Volumes/Mark-Banfield/Josh_Williams/Scoring_5May/Emma/_DSC8788.tif,2,4,1,2,6,4,2364,2630,1024,1290
/Volumes/Mark-Banfield/Josh_Williams/Scoring_5May/Emma/_DSC8788.tif,2,4,1,2,7,0,2312,2544,826,1058
/Volumes/Mark-Banfield/Josh_Williams/Scoring_5May/Emma/_DSC8788.tif,2,4,1,2,8,1,2150,2398,672,920
/Volumes/Mark-Banfield/Josh_Williams/Scoring_5May/Emma/_DSC8788.tif,2,4,1,3,1,2,3258,3472,792,1006
/Volumes/Mark-Banfield/Josh_Williams/Scoring_5May/Emma/_DSC8788.tif,2,4,1,3,2,1,3154,3360,924,1130
/Volumes/Mark-Banfield/Josh_Williams/Scoring_5May/Emma/_DSC8788.tif,2,4,1,3,3,2,3094,3344,1083,1333
/Volumes/Mark-Banfield/Josh_Williams/Scoring_5May/Emma/_DSC8788.tif,2,4,1,3,4,0,3154,3438,1294,1578
/Volumes/Mark-Banfield/Josh_Williams/Scoring_5May/Emma/_DSC8788.tif,2,4,1,3,5,0,3472,3722,1349,1599
/Volumes/Mark-Banfield/Josh_Williams/Scoring_5May/Emma/_DSC8788.tif,2,4,1,3,6,0,3641,3837,1196,1392
/Volumes/Mark-Banfield/Josh_Williams/Scoring_5May/Emma/_DSC8788.tif,2,4,1,3,7,3,3532,3774,1001,1243
/Volumes/Mark-Banfield/Josh_Williams/Scoring_5May/Emma/_DSC8788.tif,2,4,1,3,8,2,3502,3734,808,1040
/Volumes/Mark-Banfield/Josh_Williams/Scoring_5May/Emma/_DSC8788.tif,2,4,1,4,1,1,4272,4478,723,929
/Volumes/Mark-Banfield/Josh_Williams/Scoring_5May/Emma/_DSC8788.tif,2,4,1,4,2,0,4100,4348,878,1126
/Volumes/Mark-Banfield/Josh_Williams/Scoring_5May/Emma/_DSC8788.tif,2,4,1,4,3,4,4112,4344,1100,1332
/Volumes/Mark-Banfield/Josh_Williams/Scoring_5May/Emma/_DSC8788.tif,2,4,1,4,4,0,4152,4444,1312,1604
/Volumes/Mark-Banfield/Josh_Williams/Scoring_5May/Emma/_DSC8788.tif,2,4,1,4,5,0,4640,4950,1380,1690
/Volumes/Mark-Banfield/Josh_Williams/Scoring_5May/Emma/_DSC8788.tif,2,4,1,4,6,0,4702,4994,1113,1405
/Volumes/Mark-Banfield/Josh_Williams/Scoring_5May/Emma/_DSC8788.tif,2,4,1,4,7,4,4624,4890,920,1186
/Volumes/Mark-Banfield/Josh_Williams/Scoring_5May/Emma/_DSC8788.tif,2,4,1,4,8,0,4530,4762,714,946
/Volumes/Mark-Banfield/Josh_Williams/Scoring_5May/Emma/_DSC8788.tif,2,4,2,1,1,0,868,1152,1896,2180
/Volumes/Mark-Banfield/Josh_Williams/Scoring_5May/Emma/_DSC8788.tif,2,4,2,1,2,0,714,998,2080,2364
/Volumes/Mark-Banfield/Josh_Williams/Scoring_5May/Emma/_DSC8788.tif,2,4,2,1,3,0,602,904,2295,2597
/Volumes/Mark-Banfield/Josh_Williams/Scoring_5May/Emma/_DSC8788.tif,2,4,2,1,4,1,654,972,2699,3017
/Volumes/Mark-Banfield/Josh_Williams/Scoring_5May/Emma/_DSC8788.tif,2,4,2,1,5,0,1147,1415,2638,2906
/Volumes/Mark-Banfield/Josh_Williams/Scoring_5May/Emma/_DSC8788.tif,2,4,2,1,6,0,1272,1574,2372,2674
/Volumes/Mark-Banfield/Josh_Williams/Scoring_5May/Emma/_DSC8788.tif,2,4,2,1,7,2,1143,1401,1994,2252
/Volumes/Mark-Banfield/Josh_Williams/Scoring_5May/Emma/_DSC8788.tif,2,4,2,1,8,0,1968,2226,2025,2283
/Volumes/Mark-Banfield/Josh_Williams/Scoring_5May/Emma/_DSC8788.tif,2,4,2,2,1,0,1814,2114,2209,2509
/Volumes/Mark-Banfield/Josh_Williams/Scoring_5May/Emma/_DSC8788.tif,2,4,2,2,2,0,1827,2093,2218,2484
/Volumes/Mark-Banfield/Josh_Williams/Scoring_5May/Emma/_DSC8788.tif,2,4,2,2,3,0,1796,2080,2454,2738
/Volumes/Mark-Banfield/Josh_Williams/Scoring_5May/Emma/_DSC8788.tif,2,4,2,2,4,1,1994,2236,2681,2923
/Volumes/Mark-Banfield/Josh_Williams/Scoring_5May/Emma/_DSC8788.tif,2,4,2,2,5,0,2296,2562,2670,2936
/Volumes/Mark-Banfield/Josh_Williams/Scoring_5May/Emma/_DSC8788.tif,2,4,2,2,6,1,2472,2704,2458,2690
/Volumes/Mark-Banfield/Josh_Williams/Scoring_5May/Emma/_DSC8788.tif,2,4,2,2,7,0,2316,2582,2278,2544
/Volumes/Mark-Banfield/Josh_Williams/Scoring_5May/Emma/_DSC8788.tif,2,4,2,2,8,2,2232,2480,2038,2286
/Volumes/Mark-Banfield/Josh_Williams/Scoring_5May/Emma/_DSC8788.tif,2,4,2,3,1,4,3258,3490,1942,2174
/Volumes/Mark-Banfield/Josh_Williams/Scoring_5May/Emma/_DSC8788.tif,2,4,2,3,2,2,3090,3364,2132,2406
/Volumes/Mark-Banfield/Josh_Williams/Scoring_5May/Emma/_DSC8788.tif,2,4,2,3,3,2,3008,3292,2351,2635
/Volumes/Mark-Banfield/Josh_Williams/Scoring_5May/Emma/_DSC8788.tif,2,4,2,3,4,0,3128,3412,2617,2901
/Volumes/Mark-Banfield/Josh_Williams/Scoring_5May/Emma/_DSC8788.tif,2,4,2,3,5,3,3597,3855,2588,2846
/Volumes/Mark-Banfield/Josh_Williams/Scoring_5May/Emma/_DSC8788.tif,2,4,2,3,6,1,3670,3920,2359,2609
/Volumes/Mark-Banfield/Josh_Williams/Scoring_5May/Emma/_DSC8788.tif,2,4,2,3,7,1,3512,3760,2184,2432
/Volumes/Mark-Banfield/Josh_Williams/Scoring_5May/Emma/_DSC8788.tif,2,4,2,3,8,0,3524,3782,1952,2210
/Volumes/Mark-Banfield/Josh_Williams/Scoring_5May/Emma/_DSC8788.tif,2,4,2,4,1,3,4470,4718,1961,2209
/Volumes/Mark-Banfield/Josh_Williams/Scoring_5May/Emma/_DSC8788.tif,2,4,2,4,2,0,4362,4636,2132,2406
/Volumes/Mark-Banfield/Josh_Williams/Scoring_5May/Emma/_DSC8788.tif,2,4,2,4,3,0,4298,4590,2351,2643
/Volumes/Mark-Banfield/Josh_Williams/Scoring_5May/Emma/_DSC8788.tif,2,4,2,4,4,0,4280,4590,2583,2893
/Volumes/Mark-Banfield/Josh_Williams/Scoring_5May/Emma/_DSC8788.tif,2,4,2,4,5,3,4705,5005,2536,2836
/Volumes/Mark-Banfield/Josh_Williams/Scoring_5May/Emma/_DSC8788.tif,2,4,2,4,7,0,4713,4955,2200,2442
/Volumes/Mark-Banfield/Josh_Williams/Scoring_5May/Emma/_DSC8788.tif,2,4,2,4,8,0,4744,5002,1969,2227
/Volumes/Mark-Banfield/Josh_Williams/Scoring_5May/Emma/_DSC1158.TIF,3,3,1,2,3,2,1848,2152,1214,1518
/Volumes/Mark-Banfield/Josh_Williams/Scoring_5May/Emma/_DSC1158.TIF,3,3,1,2,4,4,2400,2676,1190,1466
/Volumes/Mark-Banfield/Josh_Williams/Scoring_5May/Emma/_DSC1158.TIF,3,3,1,2,5,4,2370,2638,928,1196
/Volumes/Mark-Banfield/Josh_Williams/Scoring_5May/Emma/_DSC1158.TIF,3,3,1,2,6,3,2294,2552,676,934
/Volumes/Mark-Banfield/Josh_Williams/Scoring_5May/Emma/_DSC1158.TIF,3,3,2,1,3,3,630,990,2258,2618
/Volumes/Mark-Banfield/Josh_Williams/Scoring_5May/Emma/_DSC1158.TIF,3,3,2,1,4,4,1410,1780,2167,2537
/Volumes/Mark-Banfield/Josh_Williams/Scoring_5May/Emma/_DSC1158.TIF,3,3,2,1,5,4,1324,1676,1847,2199
/Volumes/Mark-Banfield/Josh_Williams/Scoring_5May/Emma/_DSC1158.TIF,3,3,2,1,6,3,1172,1524,1424,1776
/Volumes/Mark-Banfield/Josh_Williams/Scoring_5May/Emma/_DSC1158.TIF,3,3,2,3,2,5,2238,2628,2357,2747
/Volumes/Mark-Banfield/Josh_Williams/Scoring_5May/Emma/_DSC1158.TIF,3,3,2,3,4,2,2894,3284,2776,3166
/Volumes/Mark-Banfield/Josh_Williams/Scoring_5May/Emma/_DSC1158.TIF,3,3,2,3,5,6,2876,3256,2405,2785
/Volumes/Mark-Banfield/Josh_Williams/Scoring_5May/Emma/_DSC1158.TIF,3,3,2,3,6,4,2762,3122,2063,2423
/Volumes/Mark-Banfield/Josh_Williams/Scoring_5May/Emma/_DSC1158.TIF,3,3,3,1,2,4,638,934,3722,4018
/Volumes/Mark-Banfield/Josh_Williams/Scoring_5May/Emma/_DSC1158.TIF,3,3,3,1,4,2,1228,1696,3931,4399
/Volumes/Mark-Banfield/Josh_Williams/Scoring_5May/Emma/_DSC1158.TIF,3,3,3,1,5,5,1248,1610,3627,3989
/Volumes/Mark-Banfield/Josh_Williams/Scoring_5May/Emma/_DSC1158.TIF,3,3,3,1,6,3,1096,1504,3295,3703
/Volumes/Mark-Banfield/Josh_Williams/Scoring_5May/Emma/_DSC1158.TIF,3,3,3,3,2,2,2332,2666,3870,4204
/Volumes/Mark-Banfield/Josh_Williams/Scoring_5May/Emma/_DSC1158.TIF,3,3,3,3,4,3,2942,3314,4226,4598
/Volumes/Mark-Banfield/Josh_Williams/Scoring_5May/Emma/_DSC1158.TIF,3,3,3,3,5,4,2924,3294,3851,4221
/Volumes/Mark-Banfield/Josh_Williams/Scoring_5May/Emma/_DSC1158.TIF,3,3,3,3,6,3,2780,3122,3599,3941
/Volumes/Mark-Banfield/Josh_Williams/Scoring_5May/Emma/DSC_3613.tif,3,3,1,2,1,4,1552,1846,726,1020
/Volumes/Mark-Banfield/Josh_Williams/Scoring_5May/Emma/DSC_3613.tif,3,3,1,2,2,5,1370,1698,920,1248
/Volumes/Mark-Banfield/Josh_Williams/Scoring_5May/Emma/DSC_3613.tif,3,3,1,2,3,4,1437,1741,1248,1552
/Volumes/Mark-Banfield/Josh_Williams/Scoring_5May/Emma/DSC_3613.tif,3,3,2,1,4,4,1172,1492,2158,2478
/Volumes/Mark-Banfield/Josh_Williams/Scoring_5May/Emma/DSC_3613.tif,3,3,2,1,5,5,1188,1492,1845,2149
/Volumes/Mark-Banfield/Josh_Williams/Scoring_5May/Emma/DSC_3613.tif,3,3,2,1,6,4,1114,1390,1552,1828
/Volumes/Mark-Banfield/Josh_Williams/Scoring_5May/Emma/DSC_3613.tif,3,3,2,3,4,3,2612,2916,2305,2609
/Volumes/Mark-Banfield/Josh_Williams/Scoring_5May/Emma/DSC_3613.tif,3,3,2,3,5,4,2654,2958,1946,2250
/Volumes/Mark-Banfield/Josh_Williams/Scoring_5May/Emma/DSC_3613.tif,3,3,2,3,6,4,2562,2856,1657,1951
/Volumes/Mark-Banfield/Josh_Williams/Scoring_5May/Emma/DSC_3613.tif,3,3,3,1,1,4,674,952,2928,3206
/Volumes/Mark-Banfield/Josh_Williams/Scoring_5May/Emma/DSC_3613.tif,3,3,3,1,2,4,582,860,3185,3463
/Volumes/Mark-Banfield/Josh_Williams/Scoring_5May/Emma/DSC_3613.tif,3,3,3,1,3,3,608,936,3459,3787
/Volumes/Mark-Banfield/Josh_Williams/Scoring_5May/Emma/DSC_3613.tif,3,3,3,3,1,4,2035,2355,3076,3396
/Volumes/Mark-Banfield/Josh_Williams/Scoring_5May/Emma/DSC_3613.tif,3,3,3,3,2,3,1862,2200,3332,3670
/Volumes/Mark-Banfield/Josh_Williams/Scoring_5May/Emma/DSC_3613.tif,3,3,3,3,3,2,1914,2250,3628,3964
/Volumes/Mark-Banfield/Josh_Williams/Scoring_5May/Emma/DSC_0111.TIF,3,3,1,1,2,2,309,611,684,986
/Volumes/Mark-Banfield/Josh_Williams/Scoring_5May/Emma/DSC_0111.TIF,3,3,1,1,4,2,848,1252,996,1400
/Volumes/Mark-Banfield/Josh_Williams/Scoring_5May/Emma/DSC_0111.TIF,3,3,1,1,5,4,961,1265,734,1038
/Volumes/Mark-Banfield/Josh_Williams/Scoring_5May/Emma/DSC_0111.TIF,3,3,1,1,6,2,806,1150,440,784
/Volumes/Mark-Banfield/Josh_Williams/Scoring_5May/Emma/DSC_0111.TIF,3,3,1,3,1,1,2090,2360,485,755
/Volumes/Mark-Banfield/Josh_Williams/Scoring_5May/Emma/DSC_0111.TIF,3,3,1,3,2,1,1972,2318,750,1096
/Volumes/Mark-Banfield/Josh_Williams/Scoring_5May/Emma/DSC_0111.TIF,3,3,1,3,3,5,1938,2242,1100,1404
/Volumes/Mark-Banfield/Josh_Williams/Scoring_5May/Emma/DSC_0111.TIF,3,3,1,3,4,3,2418,2722,1134,1438
/Volumes/Mark-Banfield/Josh_Williams/Scoring_5May/Emma/DSC_0111.TIF,3,3,2,2,1,3,1240,1508,1868,2136
/Volumes/Mark-Banfield/Josh_Williams/Scoring_5May/Emma/DSC_0111.TIF,3,3,2,2,2,2,1139,1475,2124,2460
/Volumes/Mark-Banfield/Josh_Williams/Scoring_5May/Emma/DSC_0111.TIF,3,3,2,2,3,4,1070,1442,2388,2760
/Volumes/Mark-Banfield/Josh_Williams/Scoring_5May/Emma/DSC_0111.TIF,3,3,2,2,4,1,1682,1994,2402,2714
/Volumes/Mark-Banfield/Josh_Williams/Scoring_5May/Emma/DSC_0111.TIF,3,3,3,1,2,0,448,784,3266,3602
/Volumes/Mark-Banfield/Josh_Williams/Scoring_5May/Emma/DSC_0111.TIF,3,3,3,1,4,1,1012,1400,3644,4032
/Volumes/Mark-Banfield/Josh_Williams/Scoring_5May/Emma/DSC_0111.TIF,3,3,3,1,5,3,1028,1358,3341,3671
/Volumes/Mark-Banfield/Josh_Williams/Scoring_5May/Emma/DSC_0111.TIF,3,3,3,1,6,0,906,1236,3016,3346
/Volumes/Mark-Banfield/Josh_Williams/Scoring_5May/Emma/DSC_0111.TIF,3,3,3,3,1,0,2106,2418,3151,3463
/Volumes/Mark-Banfield/Josh_Williams/Scoring_5May/Emma/DSC_0111.TIF,3,3,3,3,2,1,1968,2314,3446,3792
/Volumes/Mark-Banfield/Josh_Williams/Scoring_5May/Emma/DSC_0111.TIF,3,3,3,3,3,2,1916,2246,3808,4138
/Volumes/Mark-Banfield/Josh_Williams/Scoring_5May/Emma/DSC_0111.TIF,3,3,3,3,4,1,2503,2917,3732,4146
/Volumes/Mark-Banfield/Josh_Williams/Scoring_5May/Emma/DSC_0212.TIF,3,3,1,1,1,5,590,844,851,1105
/Volumes/Mark-Banfield/Josh_Williams/Scoring_5May/Emma/DSC_0212.TIF,3,3,1,1,2,4,439,735,1104,1400
/Volumes/Mark-Banfield/Josh_Williams/Scoring_5May/Emma/DSC_0212.TIF,3,3,1,1,3,4,422,692,1382,1652
/Volumes/Mark-Banfield/Josh_Williams/Scoring_5May/Emma/DSC_0212.TIF,3,3,1,1,6,2,868,1156,771,1059
/Volumes/Mark-Banfield/Josh_Williams/Scoring_5May/Emma/DSC_0212.TIF,3,3,1,3,3,1,2082,2368,1298,1584
/Volumes/Mark-Banfield/Josh_Williams/Scoring_5May/Emma/DSC_0212.TIF,3,3,1,3,4,5,2630,2924,1396,1690
/Volumes/Mark-Banfield/Josh_Williams/Scoring_5May/Emma/DSC_0212.TIF,3,3,1,3,5,2,2638,2874,1122,1358
/Volumes/Mark-Banfield/Josh_Williams/Scoring_5May/Emma/DSC_0212.TIF,3,3,1,3,6,0,2570,2832,834,1096
/Volumes/Mark-Banfield/Josh_Williams/Scoring_5May/Emma/DSC_0212.TIF,3,3,2,2,1,3,1454,1748,1998,2292
/Volumes/Mark-Banfield/Josh_Williams/Scoring_5May/Emma/DSC_0212.TIF,3,3,2,2,6,1,1744,1980,2040,2276
/Volumes/Mark-Banfield/Josh_Williams/Scoring_5May/Emma/DSC_0212.TIF,3,3,3,1,2,2,623,911,3690,3978
/Volumes/Mark-Banfield/Josh_Williams/Scoring_5May/Emma/DSC_0212.TIF,3,3,3,1,5,4,1151,1455,3648,3952
/Volumes/Mark-Banfield/Josh_Williams/Scoring_5May/Emma/DSC_0212.TIF,3,3,3,3,3,3,2250,2578,4096,4424
/Volumes/Mark-Banfield/Josh_Williams/Scoring_5May/Emma/DSC_0212.TIF,3,3,3,3,4,1,2739,3059,4138,4458
/Volumes/Mark-Banfield/Josh_Williams/Scoring_5May/Emma/_DSC1333.TIF,3,3,1,2,2,5,1400,1914,729,1243
/Volumes/Mark-Banfield/Josh_Williams/Scoring_5May/Emma/_DSC1333.TIF,3,3,1,2,4,1,2104,2524,1114,1534
/Volumes/Mark-Banfield/Josh_Williams/Scoring_5May/Emma/_DSC1333.TIF,3,3,1,2,5,4,2081,2461,744,1124
/Volumes/Mark-Banfield/Josh_Williams/Scoring_5May/Emma/_DSC1333.TIF,3,3,1,2,6,4,2018,2324,429,735
/Volumes/Mark-Banfield/Josh_Williams/Scoring_5May/Emma/_DSC1333.TIF,3,3,2,1,1,4,886,1248,1838,2200
/Volumes/Mark-Banfield/Josh_Williams/Scoring_5May/Emma/_DSC1333.TIF,3,3,2,1,4,3,1352,1752,2518,2918
/Volumes/Mark-Banfield/Josh_Williams/Scoring_5May/Emma/_DSC1333.TIF,3,3,2,1,5,5,1324,1734,2085,2495
/Volumes/Mark-Banfield/Josh_Williams/Scoring_5May/Emma/_DSC1333.TIF,3,3,2,1,6,4,1228,1572,1789,2133
/Volumes/Mark-Banfield/Josh_Williams/Scoring_5May/Emma/_DSC1333.TIF,3,3,2,3,1,4,2248,2618,2024,2394
/Volumes/Mark-Banfield/Josh_Williams/Scoring_5May/Emma/_DSC1333.TIF,3,3,2,3,2,4,2142,2504,2304,2666
/Volumes/Mark-Banfield/Josh_Williams/Scoring_5May/Emma/_DSC1333.TIF,3,3,2,3,3,1,2218,2580,2594,2956
/Volumes/Mark-Banfield/Josh_Williams/Scoring_5May/Emma/_DSC1333.TIF,3,3,2,3,5,5,2814,3138,2162,2486
/Volumes/Mark-Banfield/Josh_Williams/Scoring_5May/Emma/_DSC1333.TIF,3,3,3,1,2,6,858,1248,3870,4260
/Volumes/Mark-Banfield/Josh_Williams/Scoring_5May/Emma/_DSC1333.TIF,3,3,3,1,4,0,1534,1896,4107,4469
/Volumes/Mark-Banfield/Josh_Williams/Scoring_5May/Emma/_DSC1333.TIF,3,3,3,1,5,6,1496,1886,3751,4141
/Volumes/Mark-Banfield/Josh_Williams/Scoring_5May/Emma/_DSC1333.TIF,3,3,3,1,6,4,1372,1724,3508,3860
/Volumes/Mark-Banfield/Josh_Williams/Scoring_5May/Emma/_DSC1333.TIF,3,3,3,3,3,4,2248,2704,4370,4826
/Volumes/Mark-Banfield/Josh_Williams/Scoring_5May/Emma/_DSC1333.TIF,3,3,3,3,4,4,2962,3304,4318,4660
/Volumes/Mark-Banfield/Josh_Williams/Scoring_5May/Emma/_DSC1333.TIF,3,3,3,3,5,3,2856,3276,3898,4318
/Volumes/Mark-Banfield/Josh_Williams/Scoring_5May/Emma/_DSC1333.TIF,3,2,3,3,6,2,2704,3076,3565,3937
/Volumes/Mark-Banfield/Josh_Williams/Scoring_5May/Emma/DSC_0108.TIF,3,3,1,1,1,0,469,831,220,582
/Volumes/Mark-Banfield/Josh_Williams/Scoring_5May/Emma/DSC_0108.TIF,3,3,1,1,6,1,830,1134,220,524
/Volumes/Mark-Banfield/Josh_Williams/Scoring_5May/Emma/DSC_0108.TIF,3,3,1,3,2,0,2040,2478,620,1058
/Volumes/Mark-Banfield/Josh_Williams/Scoring_5May/Emma/DSC_0108.TIF,3,3,1,3,5,4,2693,3047,726,1080
/Volumes/Mark-Banfield/Josh_Williams/Scoring_5May/Emma/DSC_0108.TIF,3,3,2,2,2,4,1201,1547,1854,2200
/Volumes/Mark-Banfield/Josh_Williams/Scoring_5May/Emma/DSC_0108.TIF,3,3,2,2,5,0,1736,2074,1866,2204
/Volumes/Mark-Banfield/Josh_Williams/Scoring_5May/Emma/DSC_0108.TIF,3,3,3,1,3,1,383,789,3614,4020
/Volumes/Mark-Banfield/Josh_Williams/Scoring_5May/Emma/DSC_0108.TIF,3,3,3,1,4,0,1004,1390,3578,3964
/Volumes/Mark-Banfield/Josh_Williams/Scoring_5May/Emma/DSC_0108.TIF,3,3,3,3,2,0,1910,2238,3320,3648
/Volumes/Mark-Banfield/Josh_Williams/Scoring_5May/Emma/DSC_0108.TIF,3,3,3,3,5,0,2516,2844,3346,3674
/Volumes/Mark-Banfield/Josh_Williams/Scoring_5May/Emma/_DSC0765.tif,3,3,1,2,1,3,1666,1972,957,1263
/Volumes/Mark-Banfield/Josh_Williams/Scoring_5May/Emma/_DSC0765.tif,3,3,1,2,2,3,1420,1790,1187,1557
/Volumes/Mark-Banfield/Josh_Williams/Scoring_5May/Emma/_DSC0765.tif,3,3,1,2,3,2,1476,1866,1524,1914
/Volumes/Mark-Banfield/Josh_Williams/Scoring_5May/Emma/_DSC0765.tif,3,3,2,1,1,2,501,881,1972,2352
/Volumes/Mark-Banfield/Josh_Williams/Scoring_5May/Emma/_DSC0765.tif,3,3,2,1,2,1,433,863,2370,2800
/Volumes/Mark-Banfield/Josh_Williams/Scoring_5May/Emma/_DSC0765.tif,3,3,2,1,3,0,468,934,2790,3256
/Volumes/Mark-Banfield/Josh_Williams/Scoring_5May/Emma/_DSC0765.tif,3,3,2,3,4,0,2990,3390,2904,3304
/Volumes/Mark-Banfield/Josh_Williams/Scoring_5May/Emma/_DSC0765.tif,3,3,2,3,5,2,2913,3323,2542,2952
/Volumes/Mark-Banfield/Josh_Williams/Scoring_5May/Emma/_DSC0765.tif,3,3,2,3,6,2,2828,3160,2224,2556
/Volumes/Mark-Banfield/Josh_Williams/Scoring_5May/Emma/_DSC0765.tif,3,3,3,1,4,1,1347,1767,4426,4846
/Volumes/Mark-Banfield/Josh_Williams/Scoring_5May/Emma/_DSC0765.tif,3,3,3,1,5,2,1335,1705,4066,4436
/Volumes/Mark-Banfield/Josh_Williams/Scoring_5May/Emma/_DSC0765.tif,3,3,3,1,6,1,1258,1572,3756,4070
/Volumes/Mark-Banfield/Josh_Williams/Scoring_5May/Emma/_DSC0765.tif,3,3,3,3,1,3,2414,2766,3960,4312
/Volumes/Mark-Banfield/Josh_Williams/Scoring_5May/Emma/_DSC0765.tif,3,3,3,3,2,3,2190,2590,4246,4646
/Volumes/Mark-Banfield/Josh_Williams/Scoring_5May/Emma/_DSC0765.tif,3,3,3,3,3,2,2362,2704,4665,5007
/Volumes/Mark-Banfield/Josh_Williams/Scoring_5May/Emma/_DSC9856.tif,2,4,1,1,1,0,508,826,477,795
/Volumes/Mark-Banfield/Josh_Williams/Scoring_5May/Emma/_DSC9856.tif,2,4,1,1,2,0,254,642,733,1121
/Volumes/Mark-Banfield/Josh_Williams/Scoring_5May/Emma/_DSC9856.tif,2,4,1,1,3,1,230,642,1112,1524
/Volumes/Mark-Banfield/Josh_Williams/Scoring_5May/Emma/_DSC9856.tif,2,4,1,1,4,0,896,1270,1052,1426
/Volumes/Mark-Banfield/Josh_Williams/Scoring_5May/Emma/_DSC9856.tif,2,4,1,1,5,4,816,1146,738,1068
/Volumes/Mark-Banfield/Josh_Williams/Scoring_5May/Emma/_DSC9856.tif,2,4,1,2,1,0,1784,2088,464,768
/Volumes/Mark-Banfield/Josh_Williams/Scoring_5May/Emma/_DSC9856.tif,2,4,1,2,2,0,1598,1952,782,1136
/Volumes/Mark-Banfield/Josh_Williams/Scoring_5May/Emma/_DSC9856.tif,2,4,1,2,3,2,1746,2094,1112,1460
/Volumes/Mark-Banfield/Josh_Williams/Scoring_5May/Emma/_DSC9856.tif,2,4,1,2,4,0,2180,2556,952,1328
/Volumes/Mark-Banfield/Josh_Williams/Scoring_5May/Emma/_DSC9856.tif,2,4,1,2,5,3,2196,2482,636,922
/Volumes/Mark-Banfield/Josh_Williams/Scoring_5May/Emma/_DSC9856.tif,2,4,1,3,1,4,3344,3644,450,750
/Volumes/Mark-Banfield/Josh_Williams/Scoring_5May/Emma/_DSC9856.tif,2,4,1,3,3,0,3225,3631,1022,1428
/Volumes/Mark-Banfield/Josh_Williams/Scoring_5May/Emma/_DSC9856.tif,2,4,1,3,4,1,3752,4144,1033,1425
/Volumes/Mark-Banfield/Josh_Williams/Scoring_5May/Emma/_DSC9856.tif,2,4,1,3,5,0,3738,4106,626,994
/Volumes/Mark-Banfield/Josh_Williams/Scoring_5May/Emma/_DSC9856.tif,2,4,1,4,1,5,4626,4880,458,712
/Volumes/Mark-Banfield/Josh_Williams/Scoring_5May/Emma/_DSC9856.tif,2,4,1,4,2,0,4354,4716,791,1153
/Volumes/Mark-Banfield/Josh_Williams/Scoring_5May/Emma/_DSC9856.tif,2,4,1,4,3,0,4506,4868,1114,1476
/Volumes/Mark-Banfield/Josh_Williams/Scoring_5May/Emma/_DSC9856.tif,2,4,1,4,4,4,4948,5302,998,1352
/Volumes/Mark-Banfield/Josh_Williams/Scoring_5May/Emma/_DSC9856.tif,2,4,1,4,5,0,4915,5265,578,928
/Volumes/Mark-Banfield/Josh_Williams/Scoring_5May/Emma/_DSC9856.tif,2,4,2,1,1,0,522,832,2248,2558
/Volumes/Mark-Banfield/Josh_Williams/Scoring_5May/Emma/_DSC9856.tif,2,4,2,1,2,5,402,724,2540,2862
/Volumes/Mark-Banfield/Josh_Williams/Scoring_5May/Emma/_DSC9856.tif,2,4,2,1,3,0,418,740,2832,3154
/Volumes/Mark-Banfield/Josh_Williams/Scoring_5May/Emma/_DSC9856.tif,2,4,2,1,4,0,947,1283,2672,3008
/Volumes/Mark-Banfield/Josh_Williams/Scoring_5May/Emma/_DSC9856.tif,2,4,2,1,5,0,892,1198,2348,2654
/Volumes/Mark-Banfield/Josh_Williams/Scoring_5May/Emma/_DSC9856.tif,2,4,2,2,1,0,1867,2183,2064,2380
/Volumes/Mark-Banfield/Josh_Williams/Scoring_5May/Emma/_DSC9856.tif,2,4,2,2,2,3,1673,2015,2400,2742
/Volumes/Mark-Banfield/Josh_Williams/Scoring_5May/Emma/_DSC9856.tif,2,4,2,2,3,0,1828,2190,2751,3113
/Volumes/Mark-Banfield/Josh_Williams/Scoring_5May/Emma/_DSC9856.tif,2,4,2,2,4,0,2291,2653,2584,2946
/Volumes/Mark-Banfield/Josh_Williams/Scoring_5May/Emma/_DSC9856.tif,2,4,2,2,5,2,2257,2587,2146,2476
/Volumes/Mark-Banfield/Josh_Williams/Scoring_5May/Emma/_DSC9856.tif,2,4,2,3,1,2,3256,3592,2038,2374
/Volumes/Mark-Banfield/Josh_Williams/Scoring_5May/Emma/_DSC9856.tif,2,4,2,3,2,0,3154,3542,2310,2698
/Volumes/Mark-Banfield/Josh_Williams/Scoring_5May/Emma/_DSC9856.tif,2,4,2,3,3,4,3268,3586,2675,2993
/Volumes/Mark-Banfield/Josh_Williams/Scoring_5May/Emma/_DSC9856.tif,2,4,2,3,4,0,3700,4024,2421,2745
/Volumes/Mark-Banfield/Josh_Williams/Scoring_5May/Emma/_DSC9856.tif,2,4,2,3,5,0,3589,3925,2076,2412
/Volumes/Mark-Banfield/Josh_Williams/Scoring_5May/Emma/_DSC9856.tif,2,4,2,4,1,3,4588,4880,2060,2352
/Volumes/Mark-Banfield/Josh_Williams/Scoring_5May/Emma/_DSC9856.tif,2,4,2,4,2,0,4456,4748,2336,2628
/Volumes/Mark-Banfield/Josh_Williams/Scoring_5May/Emma/_DSC9856.tif,2,4,2,4,3,4,4554,4820,2622,2888
/Volumes/Mark-Banfield/Josh_Williams/Scoring_5May/Emma/_DSC9856.tif,2,4,2,4,4,1,5026,5370,2570,2914
/Volumes/Mark-Banfield/Josh_Williams/Scoring_5May/Emma/_DSC9856.tif,2,4,2,4,5,0,4988,5318,2172,2502
/Volumes/Mark-Banfield/Josh_Williams/Scoring_5May/Emma/DSC_9237.TIF,3,3,1,1,1,5,593,879,208,494
/Volumes/Mark-Banfield/Josh_Williams/Scoring_5May/Emma/DSC_9237.TIF,3,3,1,1,6,6,920,1206,200,486
/Volumes/Mark-Banfield/Josh_Williams/Scoring_5May/Emma/DSC_9237.TIF,3,3,1,3,2,3,3624,3908,428,712
/Volumes/Mark-Banfield/Josh_Williams/Scoring_5May/Emma/DSC_9237.TIF,3,3,1,3,5,4,4156,4464,453,761
/Volumes/Mark-Banfield/Josh_Williams/Scoring_5May/Emma/DSC_9237.TIF,3,3,2,2,1,2,2092,2418,822,1148
/Volumes/Mark-Banfield/Josh_Williams/Scoring_5May/Emma/DSC_9237.TIF,3,3,2,2,6,3,2428,2714,814,1100
/Volumes/Mark-Banfield/Josh_Williams/Scoring_5May/Emma/DSC_9237.TIF,3,3,3,1,1,4,766,1064,1570,1868
/Volumes/Mark-Banfield/Josh_Williams/Scoring_5May/Emma/DSC_9237.TIF,3,3,3,1,6,5,1069,1389,1542,1862
/Volumes/Mark-Banfield/Josh_Williams/Scoring_5May/Emma/DSC_9237.TIF,3,3,3,3,2,3,3494,3824,1925,2255
/Volumes/Mark-Banfield/Josh_Williams/Scoring_5May/Emma/DSC_9237.TIF,3,3,3,3,5,3,4107,4377,2036,2306
/Volumes/Mark-Banfield/Josh_Williams/Scoring_5May/Emma/_DSC9858.tif,2,4,1,1,1,2,604,788,741,925
/Volumes/Mark-Banfield/Josh_Williams/Scoring_5May/Emma/_DSC9858.tif,2,4,1,1,2,4,481,683,896,1098
/Volumes/Mark-Banfield/Josh_Williams/Scoring_5May/Emma/_DSC9858.tif,2,4,1,1,3,5,414,660,1080,1326
/Volumes/Mark-Banfield/Josh_Williams/Scoring_5May/Emma/_DSC9858.tif,2,4,1,1,4,4,369,661,1276,1568
/Volumes/Mark-Banfield/Josh_Williams/Scoring_5May/Emma/_DSC9858.tif,2,4,1,1,5,0,890,1162,1296,1568
/Volumes/Mark-Banfield/Josh_Williams/Scoring_5May/Emma/_DSC9858.tif,2,4,1,1,6,5,1016,1296,1069,1349
/Volumes/Mark-Banfield/Josh_Williams/Scoring_5May/Emma/_DSC9858.tif,2,4,1,1,7,6,914,1156,898,1140
/Volumes/Mark-Banfield/Josh_Williams/Scoring_5May/Emma/_DSC9858.tif,2,4,1,1,8,4,800,1048,692,940
/Volumes/Mark-Banfield/Josh_Williams/Scoring_5May/Emma/_DSC9858.tif,2,4,1,2,2,5,1682,1892,838,1048
/Volumes/Mark-Banfield/Josh_Williams/Scoring_5May/Emma/_DSC9858.tif,2,4,1,2,3,5,1600,1860,1029,1289
/Volumes/Mark-Banfield/Josh_Williams/Scoring_5May/Emma/_DSC9858.tif,2,4,1,2,4,2,1620,1918,1280,1578
/Volumes/Mark-Banfield/Josh_Williams/Scoring_5May/Emma/_DSC9858.tif,2,4,1,2,5,0,2158,2424,1302,1568
/Volumes/Mark-Banfield/Josh_Williams/Scoring_5May/Emma/_DSC9858.tif,2,4,1,2,6,3,2146,2406,1042,1302
/Volumes/Mark-Banfield/Josh_Williams/Scoring_5May/Emma/_DSC9858.tif,2,4,1,2,7,4,2050,2310,785,1045
/Volumes/Mark-Banfield/Josh_Williams/Scoring_5May/Emma/_DSC9858.tif,2,4,1,2,8,4,1980,2158,655,833
/Volumes/Mark-Banfield/Josh_Williams/Scoring_5May/Emma/_DSC9858.tif,2,4,1,3,1,5,3224,3452,601,829
/Volumes/Mark-Banfield/Josh_Williams/Scoring_5May/Emma/_DSC9858.tif,2,4,1,3,2,1,3062,3316,768,1022
/Volumes/Mark-Banfield/Josh_Williams/Scoring_5May/Emma/_DSC9858.tif,2,4,1,3,3,5,3019,3265,1036,1282
/Volumes/Mark-Banfield/Josh_Williams/Scoring_5May/Emma/_DSC9858.tif,2,4,1,3,4,4,3040,3344,1287,1591
/Volumes/Mark-Banfield/Josh_Williams/Scoring_5May/Emma/_DSC9858.tif,2,4,1,3,5,4,3542,3796,1336,1590
/Volumes/Mark-Banfield/Josh_Williams/Scoring_5May/Emma/_DSC9858.tif,2,4,1,3,6,0,3682,3954,1086,1358
/Volumes/Mark-Banfield/Josh_Williams/Scoring_5May/Emma/_DSC9858.tif,2,4,1,3,7,5,3592,3884,845,1137
/Volumes/Mark-Banfield/Josh_Williams/Scoring_5May/Emma/_DSC9858.tif,2,4,1,3,8,5,3522,3790,644,912
/Volumes/Mark-Banfield/Josh_Williams/Scoring_5May/Emma/_DSC9858.tif,2,4,1,4,1,5,4474,4710,514,750
/Volumes/Mark-Banfield/Josh_Williams/Scoring_5May/Emma/_DSC9858.tif,2,4,1,4,2,0,4345,4605,744,1004
/Volumes/Mark-Banfield/Josh_Williams/Scoring_5May/Emma/_DSC9858.tif,2,4,1,4,3,4,4272,4512,1020,1260
/Volumes/Mark-Banfield/Josh_Williams/Scoring_5May/Emma/_DSC9858.tif,2,4,1,4,4,4,4284,4570,1248,1534
/Volumes/Mark-Banfield/Josh_Williams/Scoring_5May/Emma/_DSC9858.tif,2,4,1,4,5,3,4716,5020,1321,1625
/Volumes/Mark-Banfield/Josh_Williams/Scoring_5May/Emma/_DSC9858.tif,2,4,1,4,6,0,4894,5198,1016,1320
/Volumes/Mark-Banfield/Josh_Williams/Scoring_5May/Emma/_DSC9858.tif,2,4,1,4,7,6,4810,5096,772,1058
/Volumes/Mark-Banfield/Josh_Williams/Scoring_5May/Emma/_DSC9858.tif,2,4,1,4,8,5,4702,4970,546,814
/Volumes/Mark-Banfield/Josh_Williams/Scoring_5May/Emma/_DSC9858.tif,2,4,2,1,1,5,660,908,2041,2289
/Volumes/Mark-Banfield/Josh_Williams/Scoring_5May/Emma/_DSC9858.tif,2,4,2,1,2,4,528,768,2190,2430
/Volumes/Mark-Banfield/Josh_Williams/Scoring_5May/Emma/_DSC9858.tif,2,4,2,1,3,0,394,706,2424,2736
/Volumes/Mark-Banfield/Josh_Williams/Scoring_5May/Emma/_DSC9858.tif,2,4,2,1,4,3,484,762,2746,3024
/Volumes/Mark-Banfield/Josh_Williams/Scoring_5May/Emma/_DSC9858.tif,2,4,2,1,5,3,966,1244,2762,3040
/Volumes/Mark-Banfield/Josh_Williams/Scoring_5May/Emma/_DSC9858.tif,2,4,2,1,6,4,1048,1320,2514,2786
/Volumes/Mark-Banfield/Josh_Williams/Scoring_5May/Emma/_DSC9858.tif,2,4,2,1,7,0,997,1295,2210,2508
/Volumes/Mark-Banfield/Josh_Williams/Scoring_5May/Emma/_DSC9858.tif,2,4,2,1,8,6,940,1182,1999,2241
/Volumes/Mark-Banfield/Josh_Williams/Scoring_5May/Emma/_DSC9858.tif,2,4,2,2,1,6,1866,2082,2032,2248
/Volumes/Mark-Banfield/Josh_Williams/Scoring_5May/Emma/_DSC9858.tif,2,4,2,2,2,5,1626,1886,2196,2456
/Volumes/Mark-Banfield/Josh_Williams/Scoring_5May/Emma/_DSC9858.tif,2,4,2,2,3,0,1612,1886,2431,2705
/Volumes/Mark-Banfield/Josh_Williams/Scoring_5May/Emma/_DSC9858.tif,2,4,2,2,4,4,1696,1962,2663,2929
/Volumes/Mark-Banfield/Josh_Williams/Scoring_5May/Emma/_DSC9858.tif,2,4,2,2,5,4,2088,2348,2628,2888
/Volumes/Mark-Banfield/Josh_Williams/Scoring_5May/Emma/_DSC9858.tif,2,4,2,2,6,5,2190,2470,2386,2666
/Volumes/Mark-Banfield/Josh_Williams/Scoring_5May/Emma/_DSC9858.tif,2,4,2,2,7,1,2228,2476,2152,2400
/Volumes/Mark-Banfield/Josh_Williams/Scoring_5May/Emma/_DSC9858.tif,2,4,2,2,8,5,2114,2292,2009,2187
/Volumes/Mark-Banfield/Josh_Williams/Scoring_5May/Emma/_DSC9858.tif,2,4,2,3,1,5,3174,3390,2038,2254
/Volumes/Mark-Banfield/Josh_Williams/Scoring_5May/Emma/_DSC9858.tif,2,4,2,3,2,5,2990,3262,2228,2500
/Volumes/Mark-Banfield/Josh_Williams/Scoring_5May/Emma/_DSC9858.tif,2,4,2,3,3,4,2862,3130,2459,2727
/Volumes/Mark-Banfield/Josh_Williams/Scoring_5May/Emma/_DSC9858.tif,2,4,2,3,4,0,2876,3206,2758,3088
/Volumes/Mark-Banfield/Josh_Williams/Scoring_5May/Emma/_DSC9858.tif,2,4,2,3,5,3,3452,3732,2720,3000
/Volumes/Mark-Banfield/Josh_Williams/Scoring_5May/Emma/_DSC9858.tif,2,4,2,3,6,6,3560,3866,2446,2752
/Volumes/Mark-Banfield/Josh_Williams/Scoring_5May/Emma/_DSC9858.tif,2,4,2,3,7,5,3510,3782,2206,2478
/Volumes/Mark-Banfield/Josh_Williams/Scoring_5May/Emma/_DSC9858.tif,2,4,2,3,8,0,3402,3644,2040,2282
/Volumes/Mark-Banfield/Josh_Williams/Scoring_5May/Emma/_DSC9858.tif,2,4,2,4,1,5,4348,4614,2089,2355
/Volumes/Mark-Banfield/Josh_Williams/Scoring_5May/Emma/_DSC9858.tif,2,4,2,4,2,5,4182,4442,2330,2590
/Volumes/Mark-Banfield/Josh_Williams/Scoring_5May/Emma/_DSC9858.tif,2,4,2,4,3,4,4135,4433,2552,2850
/Volumes/Mark-Banfield/Josh_Williams/Scoring_5May/Emma/_DSC9858.tif,2,4,2,4,4,0,4243,4541,2806,3104
/Volumes/Mark-Banfield/Josh_Williams/Scoring_5May/Emma/_DSC9858.tif,2,4,2,4,5,4,4672,4982,2723,3033
/Volumes/Mark-Banfield/Josh_Williams/Scoring_5May/Emma/_DSC9858.tif,2,4,2,4,6,4,4830,5096,2505,2771
/Volumes/Mark-Banfield/Josh_Williams/Scoring_5May/Emma/_DSC9858.tif,2,4,2,4,7,4,4772,5040,2243,2511
/Volumes/Mark-Banfield/Josh_Williams/Scoring_5May/Emma/_DSC9858.tif,2,4,2,4,8,1,4652,4918,2034,2300
/Volumes/Mark-Banfield/Josh_Williams/Scoring_5May/Emma/DSC_0208.TIF,3,3,1,1,1,6,658,894,1028,1264
/Volumes/Mark-Banfield/Josh_Williams/Scoring_5May/Emma/DSC_0208.TIF,3,3,1,1,2,6,548,784,1316,1552
/Volumes/Mark-Banfield/Josh_Williams/Scoring_5May/Emma/DSC_0208.TIF,3,3,1,1,3,5,566,844,1525,1803
/Volumes/Mark-Banfield/Josh_Williams/Scoring_5May/Emma/DSC_0208.TIF,3,3,1,1,6,5,932,1160,1028,1256
/Volumes/Mark-Banfield/Josh_Williams/Scoring_5May/Emma/DSC_0208.TIF,3,3,1,3,1,6,2300,2512,1264,1476
/Volumes/Mark-Banfield/Josh_Williams/Scoring_5May/Emma/DSC_0208.TIF,3,3,1,3,2,6,2234,2410,1496,1672
/Volumes/Mark-Banfield/Josh_Williams/Scoring_5May/Emma/DSC_0208.TIF,3,3,1,3,3,6,2200,2436,1652,1888
/Volumes/Mark-Banfield/Josh_Williams/Scoring_5May/Emma/DSC_0208.TIF,3,3,1,3,6,4,2500,2718,1198,1416
/Volumes/Mark-Banfield/Josh_Williams/Scoring_5May/Emma/DSC_0208.TIF,3,3,2,2,3,6,1466,1694,2591,2819
/Volumes/Mark-Banfield/Josh_Williams/Scoring_5May/Emma/DSC_0208.TIF,3,3,2,2,4,6,1849,2027,2646,2824
/Volumes/Mark-Banfield/Josh_Williams/Scoring_5May/Emma/DSC_0208.TIF,3,3,2,2,5,6,1812,2022,2410,2620
/Volumes/Mark-Banfield/Josh_Williams/Scoring_5May/Emma/DSC_0208.TIF,3,3,2,2,6,6,1800,1994,2250,2444
/Volumes/Mark-Banfield/Josh_Williams/Scoring_5May/Emma/DSC_0208.TIF,3,3,3,1,1,3,899,1167,3464,3732
/Volumes/Mark-Banfield/Josh_Williams/Scoring_5May/Emma/DSC_0208.TIF,3,3,3,1,2,3,772,1058,3758,4044
/Volumes/Mark-Banfield/Josh_Williams/Scoring_5May/Emma/DSC_0208.TIF,3,3,3,1,3,4,663,973,4020,4330
/Volumes/Mark-Banfield/Josh_Williams/Scoring_5May/Emma/DSC_0208.TIF,3,3,3,1,4,4,1298,1602,4066,4370
/Volumes/Mark-Banfield/Josh_Williams/Scoring_5May/Emma/DSC_0208.TIF,3,3,3,3,2,3,2095,2355,3784,4044
/Volumes/Mark-Banfield/Josh_Williams/Scoring_5May/Emma/DSC_0208.TIF,3,3,3,3,4,3,2578,2832,4081,4335
/Volumes/Mark-Banfield/Josh_Williams/Scoring_5May/Emma/DSC_0208.TIF,3,3,3,3,5,5,2604,2856,3830,4082
/Volumes/Mark-Banfield/Josh_Williams/Scoring_5May/Emma/DSC_0208.TIF,3,3,3,3,6,3,2566,2768,3640,3842
/Volumes/Mark-Banfield/Josh_Williams/Scoring_5May/Emma/_DSC9261.tif,3,4,1,2,1,4,2000,2248,362,610
/Volumes/Mark-Banfield/Josh_Williams/Scoring_5May/Emma/_DSC9261.tif,3,4,1,2,2,0,1822,2134,610,922
/Volumes/Mark-Banfield/Josh_Williams/Scoring_5May/Emma/_DSC9261.tif,3,4,1,2,3,4,1962,2260,896,1194
/Volumes/Mark-Banfield/Josh_Williams/Scoring_5May/Emma/_DSC9261.tif,3,4,1,2,4,3,2336,2616,758,1038
/Volumes/Mark-Banfield/Josh_Williams/Scoring_5May/Emma/_DSC9261.tif,3,4,1,2,5,3,2276,2550,394,668
/Volumes/Mark-Banfield/Josh_Williams/Scoring_5May/Emma/_DSC9261.tif,3,4,1,3,1,3,2935,3177,426,668
/Volumes/Mark-Banfield/Josh_Williams/Scoring_5May/Emma/_DSC9261.tif,3,4,1,3,2,0,2844,3110,668,934
/Volumes/Mark-Banfield/Josh_Williams/Scoring_5May/Emma/_DSC9261.tif,3,4,1,3,3,3,2894,3154,899,1159
/Volumes/Mark-Banfield/Josh_Williams/Scoring_5May/Emma/_DSC9261.tif,3,4,1,3,4,6,3288,3536,654,902
/Volumes/Mark-Banfield/Josh_Williams/Scoring_5May/Emma/_DSC9261.tif,3,4,1,3,5,5,3187,3441,432,686
/Volumes/Mark-Banfield/Josh_Williams/Scoring_5May/Emma/_DSC9261.tif,3,4,2,1,1,2,800,1028,1448,1676
/Volumes/Mark-Banfield/Josh_Williams/Scoring_5May/Emma/_DSC9261.tif,3,4,2,1,2,6,686,928,1657,1899
/Volumes/Mark-Banfield/Josh_Williams/Scoring_5May/Emma/_DSC9261.tif,3,4,2,1,3,3,814,1054,1842,2082
/Volumes/Mark-Banfield/Josh_Williams/Scoring_5May/Emma/_DSC9261.tif,3,4,2,1,4,3,1130,1340,1746,1956
/Volumes/Mark-Banfield/Josh_Williams/Scoring_5May/Emma/_DSC9261.tif,3,4,2,1,5,4,1054,1322,1466,1734
/Volumes/Mark-Banfield/Josh_Williams/Scoring_5May/Emma/_DSC9261.tif,3,4,2,2,1,0,1749,2009,1436,1696
/Volumes/Mark-Banfield/Josh_Williams/Scoring_5May/Emma/_DSC9261.tif,3,4,2,2,2,5,1653,1915,1688,1950
/Volumes/Mark-Banfield/Josh_Williams/Scoring_5May/Emma/_DSC9261.tif,3,4,2,2,3,4,1688,1936,1917,2165
/Volumes/Mark-Banfield/Josh_Williams/Scoring_5May/Emma/_DSC9261.tif,3,4,2,2,4,4,2064,2336,1740,2012
/Volumes/Mark-Banfield/Josh_Williams/Scoring_5May/Emma/_DSC9261.tif,3,4,2,2,5,4,2010,2270,1480,1740
/Volumes/Mark-Banfield/Josh_Williams/Scoring_5May/Emma/_DSC9261.tif,3,4,2,3,1,6,3002,3268,1451,1717
/Volumes/Mark-Banfield/Josh_Williams/Scoring_5May/Emma/_DSC9261.tif,3,4,2,3,2,5,2911,3133,1688,1910
/Volumes/Mark-Banfield/Josh_Williams/Scoring_5May/Emma/_DSC9261.tif,3,4,2,3,3,3,3002,3224,1857,2079
/Volumes/Mark-Banfield/Josh_Williams/Scoring_5May/Emma/_DSC9261.tif,3,4,2,3,4,3,3314,3542,1863,2091
/Volumes/Mark-Banfield/Josh_Williams/Scoring_5May/Emma/_DSC9261.tif,3,4,2,3,5,0,3316,3570,1562,1816
/Volumes/Mark-Banfield/Josh_Williams/Scoring_5May/Emma/_DSC9261.tif,3,4,2,4,1,5,4074,4304,1282,1512
/Volumes/Mark-Banfield/Josh_Williams/Scoring_5May/Emma/_DSC9261.tif,3,4,2,4,2,3,3882,4160,1512,1790
/Volumes/Mark-Banfield/Josh_Williams/Scoring_5May/Emma/_DSC9261.tif,3,4,2,4,3,0,3944,4236,1772,2064
/Volumes/Mark-Banfield/Josh_Williams/Scoring_5May/Emma/_DSC9261.tif,3,4,2,4,4,3,4356,4624,1682,1950
/Volumes/Mark-Banfield/Josh_Williams/Scoring_5May/Emma/_DSC9261.tif,3,4,2,4,5,0,4316,4608,1352,1644
/Volumes/Mark-Banfield/Josh_Williams/Scoring_5May/Emma/_DSC9261.tif,3,4,3,1,1,4,782,1022,2356,2596
/Volumes/Mark-Banfield/Josh_Williams/Scoring_5May/Emma/_DSC9261.tif,3,4,3,1,2,4,641,903,2570,2832
/Volumes/Mark-Banfield/Josh_Williams/Scoring_5May/Emma/_DSC9261.tif,3,4,3,1,3,4,660,908,2812,3060
/Volumes/Mark-Banfield/Josh_Williams/Scoring_5May/Emma/_DSC9261.tif,3,4,3,1,4,0,1036,1340,2774,3078
/Volumes/Mark-Banfield/Josh_Williams/Scoring_5May/Emma/_DSC9261.tif,3,4,3,1,5,4,1074,1334,2514,2774
/Volumes/Mark-Banfield/Josh_Williams/Scoring_5May/Emma/_DSC9261.tif,3,4,3,2,1,5,1752,1950,2434,2632
/Volumes/Mark-Banfield/Josh_Williams/Scoring_5May/Emma/_DSC9261.tif,3,4,3,2,2,5,1612,1842,2577,2807
/Volumes/Mark-Banfield/Josh_Williams/Scoring_5May/Emma/_DSC9261.tif,3,4,3,2,3,2,1632,1892,2803,3063
/Volumes/Mark-Banfield/Josh_Williams/Scoring_5May/Emma/_DSC9261.tif,3,4,3,2,4,0,2000,2240,2784,3024
/Volumes/Mark-Banfield/Josh_Williams/Scoring_5May/Emma/_DSC9261.tif,3,4,3,2,5,5,1940,2212,2546,2818
/Volumes/Mark-Banfield/Josh_Williams/Scoring_5May/Emma/_DSC9261.tif,3,4,3,3,1,2,3047,3301,2362,2616
/Volumes/Mark-Banfield/Josh_Williams/Scoring_5May/Emma/_DSC9261.tif,3,4,3,3,2,2,2876,3180,2578,2882
/Volumes/Mark-Banfield/Josh_Williams/Scoring_5May/Emma/_DSC9261.tif,3,4,3,3,3,0,3002,3276,2872,3146
/Volumes/Mark-Banfield/Josh_Williams/Scoring_5May/Emma/_DSC9261.tif,3,4,3,3,4,3,3376,3656,2796,3076
/Volumes/Mark-Banfield/Josh_Williams/Scoring_5May/Emma/_DSC9261.tif,3,4,3,3,5,3,3310,3622,2488,2800
/Volumes/Mark-Banfield/Josh_Williams/Scoring_5May/Emma/_DSC9261.tif,3,4,3,4,1,6,4251,4481,2386,2616
/Volumes/Mark-Banfield/Josh_Williams/Scoring_5May/Emma/_DSC9261.tif,3,4,3,4,2,4,4037,4303,2482,2748
/Volumes/Mark-Banfield/Josh_Williams/Scoring_5May/Emma/_DSC9261.tif,3,4,3,4,3,0,4002,4306,2818,3122
/Volumes/Mark-Banfield/Josh_Williams/Scoring_5May/Emma/_DSC9261.tif,3,4,3,4,4,5,4474,4740,2768,3034
/Volumes/Mark-Banfield/Josh_Williams/Scoring_5May/Emma/_DSC9261.tif,3,4,3,4,5,5,4484,4750,2488,2754
/Volumes/Mark-Banfield/Josh_Williams/Scoring_5May/Emma/_DSC8787.tif,2,4,1,1,2,6,692,934,1073,1315
/Volumes/Mark-Banfield/Josh_Williams/Scoring_5May/Emma/_DSC8787.tif,2,4,1,1,3,6,636,908,1249,1521
/Volumes/Mark-Banfield/Josh_Williams/Scoring_5May/Emma/_DSC8787.tif,2,4,1,1,4,4,670,918,1498,1746
/Volumes/Mark-Banfield/Josh_Williams/Scoring_5May/Emma/_DSC8787.tif,2,4,1,1,5,0,1086,1352,1530,1796
/Volumes/Mark-Banfield/Josh_Williams/Scoring_5May/Emma/_DSC8787.tif,2,4,1,1,6,6,1127,1369,1314,1556
/Volumes/Mark-Banfield/Josh_Williams/Scoring_5May/Emma/_DSC8787.tif,2,4,1,1,7,3,1136,1378,1070,1312
/Volumes/Mark-Banfield/Josh_Williams/Scoring_5May/Emma/_DSC8787.tif,2,4,1,1,8,4,1018,1248,876,1106
/Volumes/Mark-Banfield/Josh_Williams/Scoring_5May/Emma/_DSC8787.tif,2,4,1,2,1,0,1845,2041,852,1048
/Volumes/Mark-Banfield/Josh_Williams/Scoring_5May/Emma/_DSC8787.tif,2,4,1,2,2,3,1739,1993,1028,1282
/Volumes/Mark-Banfield/Josh_Williams/Scoring_5May/Emma/_DSC8787.tif,2,4,1,2,3,4,1708,1956,1257,1505
/Volumes/Mark-Banfield/Josh_Williams/Scoring_5May/Emma/_DSC8787.tif,2,4,1,2,4,4,1708,1988,1485,1765
/Volumes/Mark-Banfield/Josh_Williams/Scoring_5May/Emma/_DSC8787.tif,2,4,1,2,5,2,2120,2348,1445,1673
/Volumes/Mark-Banfield/Josh_Williams/Scoring_5May/Emma/_DSC8787.tif,2,4,1,2,6,5,2108,2386,1198,1476
/Volumes/Mark-Banfield/Josh_Williams/Scoring_5May/Emma/_DSC8787.tif,2,4,1,2,7,4,2102,2342,1033,1273
/Volumes/Mark-Banfield/Josh_Williams/Scoring_5May/Emma/_DSC8787.tif,2,4,1,2,8,4,2026,2234,852,1060
/Volumes/Mark-Banfield/Josh_Williams/Scoring_5May/Emma/_DSC8787.tif,2,4,1,3,1,4,3028,3288,908,1168
/Volumes/Mark-Banfield/Josh_Williams/Scoring_5May/Emma/_DSC8787.tif,2,4,1,3,2,1,2990,3250,1150,1410
/Volumes/Mark-Banfield/Josh_Williams/Scoring_5May/Emma/_DSC8787.tif,2,4,1,3,3,4,2926,3168,1387,1629
/Volumes/Mark-Banfield/Josh_Williams/Scoring_5May/Emma/_DSC8787.tif,2,4,1,3,4,3,3084,3326,1571,1813
/Volumes/Mark-Banfield/Josh_Williams/Scoring_5May/Emma/_DSC8787.tif,2,4,1,3,5,3,3440,3682,1511,1753
/Volumes/Mark-Banfield/Josh_Williams/Scoring_5May/Emma/_DSC8787.tif,2,4,1,3,6,2,3516,3752,1292,1528
/Volumes/Mark-Banfield/Josh_Williams/Scoring_5May/Emma/_DSC8787.tif,2,4,1,3,7,4,3392,3634,1098,1340
/Volumes/Mark-Banfield/Josh_Williams/Scoring_5May/Emma/_DSC8787.tif,2,4,1,3,8,3,3314,3574,864,1124
/Volumes/Mark-Banfield/Josh_Williams/Scoring_5May/Emma/_DSC8787.tif,2,4,1,4,1,5,4208,4436,870,1098
/Volumes/Mark-Banfield/Josh_Williams/Scoring_5May/Emma/_DSC8787.tif,2,4,1,4,2,4,4132,4372,1052,1292
/Volumes/Mark-Banfield/Josh_Williams/Scoring_5May/Emma/_DSC8787.tif,2,4,1,4,3,6,4074,4380,1241,1547
/Volumes/Mark-Banfield/Josh_Williams/Scoring_5May/Emma/_DSC8787.tif,2,4,1,4,4,3,4042,4342,1501,1801
/Volumes/Mark-Banfield/Josh_Williams/Scoring_5May/Emma/_DSC8787.tif,2,4,1,4,5,3,4557,4855,1574,1872
/Volumes/Mark-Banfield/Josh_Williams/Scoring_5May/Emma/_DSC8787.tif,2,4,1,4,6,0,4634,4944,1296,1606
/Volumes/Mark-Banfield/Josh_Williams/Scoring_5May/Emma/_DSC8787.tif,2,4,1,4,7,6,4570,4824,1083,1337
/Volumes/Mark-Banfield/Josh_Williams/Scoring_5May/Emma/_DSC8787.tif,2,4,1,4,8,4,4472,4726,838,1092
/Volumes/Mark-Banfield/Josh_Williams/Scoring_5May/Emma/_DSC8787.tif,2,4,2,1,1,5,820,1004,2394,2578
/Volumes/Mark-Banfield/Josh_Williams/Scoring_5May/Emma/_DSC8787.tif,2,4,2,1,2,2,724,946,2501,2723
/Volumes/Mark-Banfield/Josh_Williams/Scoring_5May/Emma/_DSC8787.tif,2,4,2,1,3,0,698,922,2652,2876
/Volumes/Mark-Banfield/Josh_Williams/Scoring_5May/Emma/_DSC8787.tif,2,4,2,1,4,2,787,1023,2824,3060
/Volumes/Mark-Banfield/Josh_Williams/Scoring_5May/Emma/_DSC8787.tif,2,4,2,1,5,3,1080,1282,2822,3024
/Volumes/Mark-Banfield/Josh_Williams/Scoring_5May/Emma/_DSC8787.tif,2,4,2,1,6,2,1028,1206,2666,2844
/Volumes/Mark-Banfield/Josh_Williams/Scoring_5May/Emma/_DSC8787.tif,2,4,2,1,7,4,1144,1358,2493,2707
/Volumes/Mark-Banfield/Josh_Williams/Scoring_5May/Emma/_DSC8787.tif,2,4,2,1,8,4,1010,1212,2400,2602
/Volumes/Mark-Banfield/Josh_Williams/Scoring_5May/Emma/_DSC8787.tif,2,4,2,2,1,5,1834,2026,2370,2562
/Volumes/Mark-Banfield/Josh_Williams/Scoring_5May/Emma/_DSC8787.tif,2,4,2,2,2,4,1714,1936,2485,2707
/Volumes/Mark-Banfield/Josh_Williams/Scoring_5May/Emma/_DSC8787.tif,2,4,2,2,3,2,1714,1930,2692,2908
/Volumes/Mark-Banfield/Josh_Williams/Scoring_5May/Emma/_DSC8787.tif,2,4,2,2,4,4,1702,2000,2879,3177
/Volumes/Mark-Banfield/Josh_Williams/Scoring_5May/Emma/_DSC8787.tif,2,4,2,2,5,4,2012,2298,2837,3123
/Volumes/Mark-Banfield/Josh_Williams/Scoring_5May/Emma/_DSC8787.tif,2,4,2,2,6,5,2200,2422,2686,2908
/Volumes/Mark-Banfield/Josh_Williams/Scoring_5May/Emma/_DSC8787.tif,2,4,2,2,7,0,2117,2315,2526,2724
/Volumes/Mark-Banfield/Josh_Williams/Scoring_5May/Emma/_DSC8787.tif,2,4,2,2,8,5,2031,2241,2330,2540
/Volumes/Mark-Banfield/Josh_Williams/Scoring_5May/Emma/_DSC8787.tif,2,4,2,3,1,5,3142,3332,2234,2424
/Volumes/Mark-Banfield/Josh_Williams/Scoring_5May/Emma/_DSC8787.tif,2,4,2,3,2,5,3022,3238,2343,2559
/Volumes/Mark-Banfield/Josh_Williams/Scoring_5May/Emma/_DSC8787.tif,2,4,2,3,3,4,2958,3180,2485,2707
/Volumes/Mark-Banfield/Josh_Williams/Scoring_5May/Emma/_DSC8787.tif,2,4,2,3,4,2,3078,3320,2691,2933
/Volumes/Mark-Banfield/Josh_Williams/Scoring_5May/Emma/_DSC8787.tif,2,4,2,3,5,6,3440,3644,2776,2980
/Volumes/Mark-Banfield/Josh_Williams/Scoring_5May/Emma/_DSC8787.tif,2,4,2,3,6,4,3564,3768,2558,2762
/Volumes/Mark-Banfield/Josh_Williams/Scoring_5May/Emma/_DSC8787.tif,2,4,2,3,7,4,3456,3710,2342,2596
/Volumes/Mark-Banfield/Josh_Williams/Scoring_5May/Emma/_DSC8787.tif,2,4,2,3,8,3,3368,3576,2216,2424
/Volumes/Mark-Banfield/Josh_Williams/Scoring_5May/Emma/_DSC0764.tif,3,3,1,2,1,2,1862,2176,962,1276
/Volumes/Mark-Banfield/Josh_Williams/Scoring_5May/Emma/_DSC0764.tif,3,3,1,2,2,3,1752,2076,1228,1552
/Volumes/Mark-Banfield/Josh_Williams/Scoring_5May/Emma/_DSC0764.tif,3,3,1,2,3,3,1728,2062,1562,1896
/Volumes/Mark-Banfield/Josh_Williams/Scoring_5May/Emma/_DSC0764.tif,3,3,2,1,1,1,1028,1362,2047,2381
/Volumes/Mark-Banfield/Josh_Williams/Scoring_5May/Emma/_DSC0764.tif,3,3,2,1,2,2,872,1234,2390,2752
/Volumes/Mark-Banfield/Josh_Williams/Scoring_5May/Emma/_DSC0764.tif,3,3,2,1,3,2,858,1238,2752,3132
/Volumes/Mark-Banfield/Josh_Williams/Scoring_5May/Emma/_DSC0764.tif,3,3,2,3,4,1,2952,3332,3047,3427
/Volumes/Mark-Banfield/Josh_Williams/Scoring_5May/Emma/_DSC0764.tif,3,3,2,3,5,2,3042,3394,2676,3028
/Volumes/Mark-Banfield/Josh_Williams/Scoring_5May/Emma/_DSC0764.tif,3,3,2,3,6,2,2842,3194,2352,2704
/Volumes/Mark-Banfield/Josh_Williams/Scoring_5May/Emma/_DSC0764.tif,3,3,3,1,4,0,1476,1848,4531,4903
/Volumes/Mark-Banfield/Josh_Williams/Scoring_5May/Emma/_DSC0764.tif,3,3,3,1,5,2,1499,1861,4094,4456
/Volumes/Mark-Banfield/Josh_Williams/Scoring_5May/Emma/_DSC0764.tif,3,3,3,1,6,2,1415,1767,3770,4122
/Volumes/Mark-Banfield/Josh_Williams/Scoring_5May/Emma/_DSC0764.tif,3,3,3,3,4,2,2942,3256,4664,4978
/Volumes/Mark-Banfield/Josh_Williams/Scoring_5May/Emma/_DSC0764.tif,3,3,3,3,5,3,2961,3313,4284,4636
/Volumes/Mark-Banfield/Josh_Williams/Scoring_5May/Emma/_DSC0764.tif,3,3,3,3,6,3,2884,3218,3950,4284
/Volumes/Mark-Banfield/Josh_Williams/Scoring_5May/Emma/_DSC0139.tif,2,4,1,1,1,1,800,1036,807,1043
/Volumes/Mark-Banfield/Josh_Williams/Scoring_5May/Emma/_DSC0139.tif,2,4,1,1,2,0,718,960,1000,1242
/Volumes/Mark-Banfield/Josh_Williams/Scoring_5May/Emma/_DSC0139.tif,2,4,1,1,3,0,674,928,1206,1460
/Volumes/Mark-Banfield/Josh_Williams/Scoring_5May/Emma/_DSC0139.tif,2,4,1,1,4,0,838,1066,1404,1632
/Volumes/Mark-Banfield/Josh_Williams/Scoring_5May/Emma/_DSC0139.tif,2,4,1,1,5,3,1114,1362,1378,1626
/Volumes/Mark-Banfield/Josh_Williams/Scoring_5May/Emma/_DSC0139.tif,2,4,1,1,6,0,1179,1407,1150,1378
/Volumes/Mark-Banfield/Josh_Williams/Scoring_5May/Emma/_DSC0139.tif,2,4,1,1,7,0,1141,1337,934,1130
/Volumes/Mark-Banfield/Josh_Williams/Scoring_5May/Emma/_DSC0139.tif,2,4,1,1,8,0,1028,1244,744,960
/Volumes/Mark-Banfield/Josh_Williams/Scoring_5May/Emma/_DSC0139.tif,2,4,1,2,1,1,1854,2064,644,854
/Volumes/Mark-Banfield/Josh_Williams/Scoring_5May/Emma/_DSC0139.tif,2,4,1,2,2,0,1702,1950,794,1042
/Volumes/Mark-Banfield/Josh_Williams/Scoring_5May/Emma/_DSC0139.tif,2,4,1,2,3,0,1591,1869,998,1276
/Volumes/Mark-Banfield/Josh_Williams/Scoring_5May/Emma/_DSC0139.tif,2,4,1,2,4,0,1644,1904,1280,1540
/Volumes/Mark-Banfield/Josh_Williams/Scoring_5May/Emma/_DSC0139.tif,2,4,1,2,5,3,2066,2302,1282,1518
/Volumes/Mark-Banfield/Josh_Williams/Scoring_5May/Emma/_DSC0139.tif,2,4,1,2,6,0,2146,2406,1099,1359
/Volumes/Mark-Banfield/Josh_Williams/Scoring_5May/Emma/_DSC0139.tif,2,4,1,2,7,0,2172,2400,928,1156
/Volumes/Mark-Banfield/Josh_Williams/Scoring_5May/Emma/_DSC0139.tif,2,4,1,2,8,0,2076,2336,708,968
/Volumes/Mark-Banfield/Josh_Williams/Scoring_5May/Emma/_DSC0139.tif,2,4,1,3,1,0,3440,3668,616,844
/Volumes/Mark-Banfield/Josh_Williams/Scoring_5May/Emma/_DSC0139.tif,2,4,1,3,2,2,3314,3574,798,1058
/Volumes/Mark-Banfield/Josh_Williams/Scoring_5May/Emma/_DSC0139.tif,2,4,1,3,3,0,3310,3552,1016,1258
/Volumes/Mark-Banfield/Josh_Williams/Scoring_5May/Emma/_DSC0139.tif,2,4,1,3,4,0,3422,3688,1191,1457
/Volumes/Mark-Banfield/Josh_Williams/Scoring_5May/Emma/_DSC0139.tif,2,4,1,3,5,0,3707,3955,1188,1436
/Volumes/Mark-Banfield/Josh_Williams/Scoring_5May/Emma/_DSC0139.tif,2,4,1,3,6,4,3872,4100,1051,1279
/Volumes/Mark-Banfield/Josh_Williams/Scoring_5May/Emma/_DSC0139.tif,2,4,1,3,7,0,3808,4062,791,1045
/Volumes/Mark-Banfield/Josh_Williams/Scoring_5May/Emma/_DSC0139.tif,2,4,1,3,8,1,3710,3932,604,826
/Volumes/Mark-Banfield/Josh_Williams/Scoring_5May/Emma/_DSC0139.tif,2,4,1,4,1,0,4436,4710,654,928
/Volumes/Mark-Banfield/Josh_Williams/Scoring_5May/Emma/_DSC0139.tif,2,4,1,4,2,1,4372,4634,841,1103
/Volumes/Mark-Banfield/Josh_Williams/Scoring_5May/Emma/_DSC0139.tif,2,4,1,4,3,0,4316,4576,1026,1286
/Volumes/Mark-Banfield/Josh_Williams/Scoring_5May/Emma/_DSC0139.tif,2,4,1,4,4,0,4404,4702,1226,1524
/Volumes/Mark-Banfield/Josh_Williams/Scoring_5May/Emma/_DSC0139.tif,2,4,1,4,5,0,4751,4985,1264,1498
/Volumes/Mark-Banfield/Josh_Williams/Scoring_5May/Emma/_DSC0139.tif,2,4,1,4,6,6,4862,5102,1086,1326
/Volumes/Mark-Banfield/Josh_Williams/Scoring_5May/Emma/_DSC0139.tif,2,4,1,4,7,0,4782,5062,838,1118
/Volumes/Mark-Banfield/Josh_Williams/Scoring_5May/Emma/_DSC0139.tif,2,4,1,4,8,2,4696,4938,626,868
/Volumes/Mark-Banfield/Josh_Williams/Scoring_5May/Emma/_DSC0139.tif,2,4,2,1,1,0,890,1098,2076,2284
/Volumes/Mark-Banfield/Josh_Williams/Scoring_5May/Emma/_DSC0139.tif,2,4,2,1,2,1,768,1010,2212,2454
/Volumes/Mark-Banfield/Josh_Williams/Scoring_5May/Emma/_DSC0139.tif,2,4,2,1,3,2,668,960,2425,2717
/Volumes/Mark-Banfield/Josh_Williams/Scoring_5May/Emma/_DSC0139.tif,2,4,2,1,4,0,724,960,2723,2959
/Volumes/Mark-Banfield/Josh_Williams/Scoring_5May/Emma/_DSC0139.tif,2,4,2,1,5,0,1162,1422,2691,2951
/Volumes/Mark-Banfield/Josh_Williams/Scoring_5May/Emma/_DSC0139.tif,2,4,2,1,6,0,1226,1474,2492,2740
/Volumes/Mark-Banfield/Josh_Williams/Scoring_5May/Emma/_DSC0139.tif,2,4,2,1,7,6,1200,1416,2304,2520
/Volumes/Mark-Banfield/Josh_Williams/Scoring_5May/Emma/_DSC0139.tif,2,4,2,1,8,0,1096,1318,2108,2330
/Volumes/Mark-Banfield/Josh_Williams/Scoring_5May/Emma/_DSC0139.tif,2,4,2,2,1,1,1860,2088,1965,2193
/Volumes/Mark-Banfield/Josh_Williams/Scoring_5May/Emma/_DSC0139.tif,2,4,2,2,2,0,1730,1972,2120,2362
/Volumes/Mark-Banfield/Josh_Williams/Scoring_5May/Emma/_DSC0139.tif,2,4,2,2,3,1,1658,1918,2345,2605
/Volumes/Mark-Banfield/Josh_Williams/Scoring_5May/Emma/_DSC0139.tif,2,4,2,2,4,0,1778,2032,2612,2866
/Volumes/Mark-Banfield/Josh_Williams/Scoring_5May/Emma/_DSC0139.tif,2,4,2,2,5,0,2063,2317,2596,2850
/Volumes/Mark-Banfield/Josh_Williams/Scoring_5May/Emma/_DSC0139.tif,2,4,2,2,6,0,2216,2476,2402,2662
/Volumes/Mark-Banfield/Josh_Williams/Scoring_5May/Emma/_DSC0139.tif,2,4,2,2,7,5,2158,2418,2190,2450
/Volumes/Mark-Banfield/Josh_Williams/Scoring_5May/Emma/_DSC0139.tif,2,4,2,2,8,0,2083,2329,1994,2240
/Volumes/Mark-Banfield/Josh_Williams/Scoring_5May/Emma/_DSC0139.tif,2,4,2,3,1,0,3276,3522,1982,2228
/Volumes/Mark-Banfield/Josh_Williams/Scoring_5May/Emma/_DSC0139.tif,2,4,2,3,2,0,3180,3466,2168,2454
/Volumes/Mark-Banfield/Josh_Williams/Scoring_5May/Emma/_DSC0139.tif,2,4,2,3,3,0,3142,3390,2421,2669
/Volumes/Mark-Banfield/Josh_Williams/Scoring_5May/Emma/_DSC0139.tif,2,4,2,3,4,0,3186,3522,2599,2935
/Volumes/Mark-Banfield/Josh_Williams/Scoring_5May/Emma/_DSC0139.tif,2,4,2,3,5,0,3681,3955,2564,2838
/Volumes/Mark-Banfield/Josh_Williams/Scoring_5May/Emma/_DSC0139.tif,2,4,2,3,6,0,3741,3989,2330,2578
/Volumes/Mark-Banfield/Josh_Williams/Scoring_5May/Emma/_DSC0139.tif,2,4,2,3,7,0,3598,3840,2120,2362
/Volumes/Mark-Banfield/Josh_Williams/Scoring_5May/Emma/_DSC0139.tif,2,4,2,3,8,4,3497,3751,1936,2190
/Volumes/Mark-Banfield/Josh_Williams/Scoring_5May/Emma/_DSC0139.tif,2,4,2,4,1,0,4430,4614,1936,2120
/Volumes/Mark-Banfield/Josh_Williams/Scoring_5May/Emma/_DSC0139.tif,2,4,2,4,2,1,4372,4570,2094,2292
/Volumes/Mark-Banfield/Josh_Williams/Scoring_5May/Emma/_DSC0139.tif,2,4,2,4,3,0,4312,4554,2240,2482
/Volumes/Mark-Banfield/Josh_Williams/Scoring_5May/Emma/_DSC0139.tif,2,4,2,4,4,0,4290,4582,2473,2765
/Volumes/Mark-Banfield/Josh_Williams/Scoring_5May/Emma/_DSC0139.tif,2,4,2,4,5,1,4684,4912,2546,2774
/Volumes/Mark-Banfield/Josh_Williams/Scoring_5May/Emma/_DSC0139.tif,2,4,2,4,6,0,4757,5029,2356,2628
/Volumes/Mark-Banfield/Josh_Williams/Scoring_5May/Emma/_DSC0139.tif,2,4,2,4,7,0,4696,4944,2142,2390
/Volumes/Mark-Banfield/Josh_Williams/Scoring_5May/Emma/_DSC0139.tif,2,4,2,4,8,6,4582,4810,1949,2177
/Volumes/Mark-Banfield/Josh_Williams/Scoring_5May/Emma/_DSC0138.tif,2,4,1,1,1,5,756,952,835,1031
/Volumes/Mark-Banfield/Josh_Williams/Scoring_5May/Emma/_DSC0138.tif,2,4,1,1,2,0,630,852,990,1212
/Volumes/Mark-Banfield/Josh_Williams/Scoring_5May/Emma/_DSC0138.tif,2,4,1,1,3,0,522,832,1172,1482
/Volumes/Mark-Banfield/Josh_Williams/Scoring_5May/Emma/_DSC0138.tif,2,4,1,1,4,0,572,876,1445,1749
/Volumes/Mark-Banfield/Josh_Williams/Scoring_5May/Emma/_DSC0138.tif,2,4,1,1,5,0,1098,1384,1406,1692
/Volumes/Mark-Banfield/Josh_Williams/Scoring_5May/Emma/_DSC0138.tif,2,4,1,1,6,0,1118,1422,1099,1403
/Volumes/Mark-Banfield/Josh_Williams/Scoring_5May/Emma/_DSC0138.tif,2,4,1,1,7,0,1054,1328,876,1150
/Volumes/Mark-Banfield/Josh_Williams/Scoring_5May/Emma/_DSC0138.tif,2,4,1,1,8,0,966,1168,741,943
/Volumes/Mark-Banfield/Josh_Williams/Scoring_5May/Emma/_DSC0138.tif,2,4,1,2,1,6,1924,2108,838,1022
/Volumes/Mark-Banfield/Josh_Williams/Scoring_5May/Emma/_DSC0138.tif,2,4,1,2,3,0,1679,1907,1150,1378
/Volumes/Mark-Banfield/Josh_Williams/Scoring_5May/Emma/_DSC0138.tif,2,4,1,2,4,0,1664,1956,1378,1670
/Volumes/Mark-Banfield/Josh_Williams/Scoring_5May/Emma/_DSC0138.tif,2,4,1,2,5,0,2210,2494,1443,1727
/Volumes/Mark-Banfield/Josh_Williams/Scoring_5May/Emma/_DSC0138.tif,2,4,1,2,6,0,2278,2526,1242,1490
/Volumes/Mark-Banfield/Josh_Williams/Scoring_5May/Emma/_DSC0138.tif,2,4,1,2,7,0,2178,2412,1030,1264
/Volumes/Mark-Banfield/Josh_Williams/Scoring_5May/Emma/_DSC0138.tif,2,4,1,2,8,0,2117,2313,852,1048
/Volumes/Mark-Banfield/Josh_Williams/Scoring_5May/Emma/_DSC0138.tif,2,4,1,3,1,0,3247,3437,838,1028
/Volumes/Mark-Banfield/Josh_Williams/Scoring_5May/Emma/_DSC0138.tif,2,4,1,3,2,5,3160,3376,990,1206
/Volumes/Mark-Banfield/Josh_Williams/Scoring_5May/Emma/_DSC0138.tif,2,4,1,3,3,0,3040,3294,1155,1409
/Volumes/Mark-Banfield/Josh_Williams/Scoring_5May/Emma/_DSC0138.tif,2,4,1,3,4,0,3034,3320,1415,1701
/Volumes/Mark-Banfield/Josh_Williams/Scoring_5May/Emma/_DSC0138.tif,2,4,1,3,5,0,3466,3738,1483,1755
/Volumes/Mark-Banfield/Josh_Williams/Scoring_5May/Emma/_DSC0138.tif,2,4,1,3,6,0,3522,3758,1248,1484
/Volumes/Mark-Banfield/Josh_Williams/Scoring_5May/Emma/_DSC0138.tif,2,4,1,3,7,0,3490,3726,1025,1261
/Volumes/Mark-Banfield/Josh_Williams/Scoring_5May/Emma/_DSC0138.tif,2,4,1,3,8,0,3456,3698,800,1042
/Volumes/Mark-Banfield/Josh_Williams/Scoring_5May/Emma/_DSC0138.tif,2,4,1,4,1,0,4134,4364,838,1068
/Volumes/Mark-Banfield/Josh_Williams/Scoring_5May/Emma/_DSC0138.tif,2,4,1,4,2,4,4062,4328,1055,1321
/Volumes/Mark-Banfield/Josh_Williams/Scoring_5May/Emma/_DSC0138.tif,2,4,1,4,3,0,4017,4291,1282,1556
/Volumes/Mark-Banfield/Josh_Williams/Scoring_5May/Emma/_DSC0138.tif,2,4,1,4,4,0,4030,4334,1508,1812
/Volumes/Mark-Banfield/Josh_Williams/Scoring_5May/Emma/_DSC0138.tif,2,4,1,4,5,0,4494,4792,1464,1762
/Volumes/Mark-Banfield/Josh_Williams/Scoring_5May/Emma/_DSC0138.tif,2,4,1,4,6,0,4576,4862,1216,1502
/Volumes/Mark-Banfield/Josh_Williams/Scoring_5May/Emma/_DSC0138.tif,2,4,1,4,7,0,4582,4862,952,1232
/Volumes/Mark-Banfield/Josh_Williams/Scoring_5May/Emma/_DSC0138.tif,2,4,1,4,8,0,4395,4687,776,1068
/Volumes/Mark-Banfield/Josh_Williams/Scoring_5May/Emma/_DSC0138.tif,2,4,2,1,1,0,686,928,2082,2324
/Volumes/Mark-Banfield/Josh_Williams/Scoring_5May/Emma/_DSC0138.tif,2,4,2,1,2,0,522,826,2263,2567
/Volumes/Mark-Banfield/Josh_Williams/Scoring_5May/Emma/_DSC0138.tif,2,4,2,1,3,5,500,778,2508,2786
/Volumes/Mark-Banfield/Josh_Williams/Scoring_5May/Emma/_DSC0138.tif,2,4,2,1,4,0,598,882,2746,3030
/Volumes/Mark-Banfield/Josh_Williams/Scoring_5May/Emma/_DSC0138.tif,2,4,2,1,5,0,978,1302,2789,3113
/Volumes/Mark-Banfield/Josh_Williams/Scoring_5May/Emma/_DSC0138.tif,2,4,2,1,6,0,1086,1358,2569,2841
/Volumes/Mark-Banfield/Josh_Williams/Scoring_5May/Emma/_DSC0138.tif,2,4,2,1,7,2,1010,1320,2317,2627
/Volumes/Mark-Banfield/Josh_Williams/Scoring_5May/Emma/_DSC0138.tif,2,4,2,1,8,0,919,1191,2114,2386
/Volumes/Mark-Banfield/Josh_Williams/Scoring_5May/Emma/_DSC0138.tif,2,4,2,2,1,0,1822,2070,2066,2314
/Volumes/Mark-Banfield/Josh_Williams/Scoring_5May/Emma/_DSC0138.tif,2,4,2,2,2,0,1724,1996,2286,2558
/Volumes/Mark-Banfield/Josh_Williams/Scoring_5May/Emma/_DSC0138.tif,2,4,2,2,3,5,1720,1956,2532,2768
/Volumes/Mark-Banfield/Josh_Williams/Scoring_5May/Emma/_DSC0138.tif,2,4,2,2,4,0,1752,2018,2729,2995
/Volumes/Mark-Banfield/Josh_Williams/Scoring_5May/Emma/_DSC0138.tif,2,4,2,2,5,1,2120,2412,2767,3059
/Volumes/Mark-Banfield/Josh_Williams/Scoring_5May/Emma/_DSC0138.tif,2,4,2,2,6,0,2260,2558,2549,2847
/Volumes/Mark-Banfield/Josh_Williams/Scoring_5May/Emma/_DSC0138.tif,2,4,2,2,7,0,2228,2470,2335,2577
/Volumes/Mark-Banfield/Josh_Williams/Scoring_5May/Emma/_DSC0138.tif,2,4,2,2,8,0,2102,2368,2120,2386
/Volumes/Mark-Banfield/Josh_Williams/Scoring_5May/Emma/_DSC0138.tif,2,4,2,3,1,0,3054,3288,2171,2405
/Volumes/Mark-Banfield/Josh_Williams/Scoring_5May/Emma/_DSC0138.tif,2,4,2,3,2,0,3008,3250,2346,2588
/Volumes/Mark-Banfield/Josh_Williams/Scoring_5May/Emma/_DSC0138.tif,2,4,2,3,3,0,2935,3157,2514,2736
/Volumes/Mark-Banfield/Josh_Williams/Scoring_5May/Emma/_DSC0138.tif,2,4,2,3,4,6,3016,3238,2717,2939
/Volumes/Mark-Banfield/Josh_Williams/Scoring_5May/Emma/_DSC0138.tif,2,4,2,3,5,0,3452,3656,2805,3009
/Volumes/Mark-Banfield/Josh_Williams/Scoring_5May/Emma/_DSC0138.tif,2,4,2,3,6,0,3510,3732,2616,2838
/Volumes/Mark-Banfield/Josh_Williams/Scoring_5May/Emma/_DSC0138.tif,2,4,2,3,7,0,3498,3758,2374,2634
/Volumes/Mark-Banfield/Josh_Williams/Scoring_5May/Emma/_DSC0138.tif,2,4,2,3,8,1,3268,3542,2170,2444
/Volumes/Mark-Banfield/Josh_Williams/Scoring_5May/Emma/_DSC0138.tif,2,4,2,4,1,0,4126,4360,2060,2294
/Volumes/Mark-Banfield/Josh_Williams/Scoring_5May/Emma/_DSC0138.tif,2,4,2,4,2,0,4030,4284,2244,2498
/Volumes/Mark-Banfield/Josh_Williams/Scoring_5May/Emma/_DSC0138.tif,2,4,2,4,3,0,3974,4234,2533,2793
/Volumes/Mark-Banfield/Josh_Williams/Scoring_5May/Emma/_DSC0138.tif,2,4,2,4,4,4,4036,4316,2770,3050
/Volumes/Mark-Banfield/Josh_Williams/Scoring_5May/Emma/_DSC0138.tif,2,4,2,4,5,0,4436,4678,2767,3009
/Volumes/Mark-Banfield/Josh_Williams/Scoring_5May/Emma/_DSC0138.tif,2,4,2,4,6,1,4532,4766,2530,2764
/Volumes/Mark-Banfield/Josh_Williams/Scoring_5May/Emma/_DSC0138.tif,2,4,2,4,7,0,4471,4699,2286,2514
/Volumes/Mark-Banfield/Josh_Williams/Scoring_5May/Emma/_DSC0138.tif,2,4,2,4,8,2,4346,4570,2094,2318
/Volumes/Mark-Banfield/Josh_Williams/Scoring_5May/Emma/_DSC1332.TIF,3,3,1,2,1,4,1401,1705,458,762
/Volumes/Mark-Banfield/Josh_Williams/Scoring_5May/Emma/_DSC1332.TIF,3,3,1,2,2,5,1371,1657,772,1058
/Volumes/Mark-Banfield/Josh_Williams/Scoring_5May/Emma/_DSC1332.TIF,3,3,1,2,3,4,1438,1734,1038,1334
/Volumes/Mark-Banfield/Josh_Williams/Scoring_5May/Emma/_DSC1332.TIF,3,3,1,2,5,4,1886,2172,686,972
/Volumes/Mark-Banfield/Josh_Williams/Scoring_5May/Emma/_DSC1332.TIF,3,3,2,1,1,5,658,944,1799,2085
/Volumes/Mark-Banfield/Josh_Williams/Scoring_5May/Emma/_DSC1332.TIF,3,3,2,1,2,3,658,1030,2056,2428
/Volumes/Mark-Banfield/Josh_Williams/Scoring_5May/Emma/_DSC1332.TIF,3,3,2,1,3,3,686,1038,2395,2747
/Volumes/Mark-Banfield/Josh_Williams/Scoring_5May/Emma/_DSC1332.TIF,3,3,2,1,6,4,914,1228,1629,1943
/Volumes/Mark-Banfield/Josh_Williams/Scoring_5May/Emma/_DSC1332.TIF,3,3,2,3,1,4,2186,2518,1886,2218
/Volumes/Mark-Banfield/Josh_Williams/Scoring_5May/Emma/_DSC1332.TIF,3,3,2,3,2,5,2134,2514,2195,2575
/Volumes/Mark-Banfield/Josh_Williams/Scoring_5May/Emma/_DSC1332.TIF,3,3,2,3,3,2,2200,2562,2542,2904
/Volumes/Mark-Banfield/Josh_Williams/Scoring_5May/Emma/_DSC1332.TIF,3,3,2,3,5,5,2828,3170,2047,2389
/Volumes/Mark-Banfield/Josh_Williams/Scoring_5May/Emma/_DSC1332.TIF,3,3,3,1,1,5,848,1228,3342,3722
/Volumes/Mark-Banfield/Josh_Williams/Scoring_5May/Emma/_DSC1332.TIF,3,3,3,1,4,0,1372,1772,4008,4408
/Volumes/Mark-Banfield/Josh_Williams/Scoring_5May/Emma/_DSC1332.TIF,3,3,3,1,5,3,1419,1809,3560,3950
/Volumes/Mark-Banfield/Josh_Williams/Scoring_5May/Emma/_DSC1332.TIF,3,3,3,1,6,4,1200,1552,3242,3594
/Volumes/Mark-Banfield/Josh_Williams/Scoring_5May/Emma/_DSC1332.TIF,3,3,3,3,1,5,2210,2608,3423,3821
/Volumes/Mark-Banfield/Josh_Williams/Scoring_5May/Emma/_DSC1332.TIF,3,3,3,3,2,3,2094,2466,3770,4142
/Volumes/Mark-Banfield/Josh_Williams/Scoring_5May/Emma/_DSC1332.TIF,3,3,3,3,3,2,2134,2494,4128,4488
/Volumes/Mark-Banfield/Josh_Williams/Scoring_5May/Emma/_DSC1332.TIF,3,3,3,3,6,4,2595,2937,3418,3760
/Volumes/Mark-Banfield/Josh_Williams/Scoring_5May/Emma/DSC_9240.TIF,3,3,1,1,3,4,442,766,876,1200
/Volumes/Mark-Banfield/Josh_Williams/Scoring_5May/Emma/DSC_9240.TIF,3,3,1,1,4,3,1016,1284,851,1119
/Volumes/Mark-Banfield/Josh_Williams/Scoring_5May/Emma/DSC_9240.TIF,3,3,1,1,5,4,1010,1330,537,857
/Volumes/Mark-Banfield/Josh_Williams/Scoring_5May/Emma/DSC_9240.TIF,3,3,1,1,6,3,932,1184,198,450
/Volumes/Mark-Banfield/Josh_Williams/Scoring_5May/Emma/DSC_9240.TIF,3,3,1,3,1,3,3486,3822,152,488
/Volumes/Mark-Banfield/Josh_Williams/Scoring_5May/Emma/DSC_9240.TIF,3,3,1,3,2,3,3357,3649,466,758
/Volumes/Mark-Banfield/Josh_Williams/Scoring_5May/Emma/DSC_9240.TIF,3,3,1,3,3,2,3340,3632,764,1056
/Volumes/Mark-Banfield/Josh_Williams/Scoring_5May/Emma/DSC_9240.TIF,3,3,1,3,6,2,3883,4197,142,456
/Volumes/Mark-Banfield/Josh_Williams/Scoring_5May/Emma/DSC_9240.TIF,3,3,2,2,1,1,2132,2456,879,1203
/Volumes/Mark-Banfield/Josh_Williams/Scoring_5May/Emma/DSC_9240.TIF,3,3,2,2,2,1,2037,2345,1262,1570
/Volumes/Mark-Banfield/Josh_Williams/Scoring_5May/Emma/DSC_9240.TIF,3,3,2,2,3,3,2048,2322,1552,1826
/Volumes/Mark-Banfield/Josh_Williams/Scoring_5May/Emma/DSC_9240.TIF,3,3,2,2,4,3,2717,2981,1514,1778
/Volumes/Mark-Banfield/Josh_Williams/Scoring_5May/Emma/DSC_9240.TIF,3,3,3,1,2,2,724,1066,1851,2193
/Volumes/Mark-Banfield/Josh_Williams/Scoring_5May/Emma/DSC_9240.TIF,3,3,3,1,4,1,1402,1716,2120,2434
/Volumes/Mark-Banfield/Josh_Williams/Scoring_5May/Emma/DSC_9240.TIF,3,3,3,1,5,3,1442,1796,1806,2160
/Volumes/Mark-Banfield/Josh_Williams/Scoring_5May/Emma/DSC_9240.TIF,3,3,3,1,6,1,1324,1660,1518,1854
/Volumes/Mark-Banfield/Josh_Williams/Scoring_5May/Emma/DSC_9240.TIF,3,3,3,3,1,0,3177,3519,1576,1918
/Volumes/Mark-Banfield/Josh_Williams/Scoring_5May/Emma/DSC_9240.TIF,3,3,3,3,2,2,3057,3421,2014,2378
/Volumes/Mark-Banfield/Josh_Williams/Scoring_5May/Emma/DSC_9240.TIF,3,3,3,3,3,4,3056,3360,2369,2673
/Volumes/Mark-Banfield/Josh_Williams/Scoring_5May/Emma/DSC_9240.TIF,3,3,3,3,4,3,3750,4068,2396,2714
/Volumes/Mark-Banfield/Josh_Williams/Scoring_5May/Emma/DSC_9241.TIF,3,3,1,1,2,3,396,750,438,792
/Volumes/Mark-Banfield/Josh_Williams/Scoring_5May/Emma/DSC_9241.TIF,3,3,1,1,4,4,1010,1342,741,1073
/Volumes/Mark-Banfield/Josh_Williams/Scoring_5May/Emma/DSC_9241.TIF,3,3,1,1,5,3,1038,1370,418,750
/Volumes/Mark-Banfield/Josh_Williams/Scoring_5May/Emma/DSC_9241.TIF,3,3,1,1,6,3,918,1226,158,466
/Volumes/Mark-Banfield/Josh_Williams/Scoring_5May/Emma/DSC_9241.TIF,3,3,1,3,2,1,3463,3833,544,914
/Volumes/Mark-Banfield/Josh_Williams/Scoring_5May/Emma/DSC_9241.TIF,3,3,1,3,5,3,4105,4431,550,876
/Volumes/Mark-Banfield/Josh_Williams/Scoring_5May/Emma/DSC_9241.TIF,3,3,2,2,3,2,1806,2160,1363,1717
/Volumes/Mark-Banfield/Josh_Williams/Scoring_5May/Emma/DSC_9241.TIF,3,3,2,2,5,4,2396,2670,1016,1290
/Volumes/Mark-Banfield/Josh_Williams/Scoring_5May/Emma/DSC_9241.TIF,3,3,2,2,6,4,2277,2569,656,948
/Volumes/Mark-Banfield/Josh_Williams/Scoring_5May/Emma/DSC_9241.TIF,3,3,3,1,1,4,1078,1392,1582,1896
/Volumes/Mark-Banfield/Josh_Williams/Scoring_5May/Emma/DSC_9241.TIF,3,3,3,1,2,3,875,1139,1762,2026
/Volumes/Mark-Banfield/Josh_Williams/Scoring_5May/Emma/DSC_9241.TIF,3,3,3,1,3,3,802,1122,2064,2384
/Volumes/Mark-Banfield/Josh_Williams/Scoring_5May/Emma/DSC_9241.TIF,3,3,3,1,5,5,1454,1750,1955,2251
/Volumes/Mark-Banfield/Josh_Williams/Scoring_5May/Emma/DSC_9241.TIF,3,3,3,3,1,4,3071,3357,1672,1958
/Volumes/Mark-Banfield/Josh_Williams/Scoring_5May/Emma/DSC_9241.TIF,3,3,3,3,2,3,2900,3236,1992,2328
/Volumes/Mark-Banfield/Josh_Williams/Scoring_5May/Emma/DSC_9241.TIF,3,3,3,3,3,1,2992,3324,2282,2614
/Volumes/Mark-Banfield/Josh_Williams/Scoring_5May/Emma/DSC_9241.TIF,3,3,3,3,4,4,3562,3870,2311,2619
/Volumes/Mark-Banfield/Josh_Williams/Scoring_5May/Emma/DSC_0215.TIF,3,3,1,1,1,4,464,708,1185,1429
/Volumes/Mark-Banfield/Josh_Williams/Scoring_5May/Emma/DSC_0215.TIF,3,3,1,1,2,3,642,650,1708,1716
/Volumes/Mark-Banfield/Josh_Williams/Scoring_5May/Emma/DSC_0215.TIF,3,3,1,1,3,5,456,700,1749,1993
/Volumes/Mark-Banfield/Josh_Williams/Scoring_5May/Emma/DSC_0215.TIF,3,3,1,1,4,3,906,1184,1610,1888
/Volumes/Mark-Banfield/Josh_Williams/Scoring_5May/Emma/DSC_0215.TIF,3,3,1,3,2,4,2237,2541,1104,1408
/Volumes/Mark-Banfield/Josh_Williams/Scoring_5May/Emma/DSC_0215.TIF,3,3,1,3,4,3,2697,2975,1424,1702
/Volumes/Mark-Banfield/Josh_Williams/Scoring_5May/Emma/DSC_0215.TIF,3,3,1,3,5,5,2672,2940,1101,1369
/Volumes/Mark-Banfield/Josh_Williams/Scoring_5May/Emma/DSC_0215.TIF,3,3,1,3,6,3,2612,2856,886,1130
/Volumes/Mark-Banfield/Josh_Williams/Scoring_5May/Emma/DSC_0215.TIF,3,3,2,2,1,0,1474,1720,2300,2546
/Volumes/Mark-Banfield/Josh_Williams/Scoring_5May/Emma/DSC_0215.TIF,3,3,2,2,2,3,1316,1602,2507,2793
/Volumes/Mark-Banfield/Josh_Williams/Scoring_5May/Emma/DSC_0215.TIF,3,3,2,2,3,3,1390,1626,2831,3067
/Volumes/Mark-Banfield/Josh_Williams/Scoring_5May/Emma/DSC_0215.TIF,3,3,2,2,5,1,1989,2233,2512,2756
/Volumes/Mark-Banfield/Josh_Williams/Scoring_5May/Emma/DSC_0215.TIF,3,3,3,1,1,3,624,886,3294,3556
/Volumes/Mark-Banfield/Josh_Williams/Scoring_5May/Emma/DSC_0215.TIF,3,3,3,1,2,5,540,836,3496,3792
/Volumes/Mark-Banfield/Josh_Williams/Scoring_5May/Emma/DSC_0215.TIF,3,3,3,1,3,5,501,755,3774,4028
/Volumes/Mark-Banfield/Josh_Williams/Scoring_5May/Emma/DSC_0215.TIF,3,3,3,1,5,4,936,1198,3522,3784
/Volumes/Mark-Banfield/Josh_Williams/Scoring_5May/Emma/DSC_0215.TIF,3,3,3,3,3,3,1993,2271,3860,4138
/Volumes/Mark-Banfield/Josh_Williams/Scoring_5May/Emma/DSC_0215.TIF,3,3,3,3,4,4,2596,2882,3952,4238
/Volumes/Mark-Banfield/Josh_Williams/Scoring_5May/Emma/DSC_0215.TIF,3,3,3,3,5,4,2584,2870,3624,3910
/Volumes/Mark-Banfield/Josh_Williams/Scoring_5May/Emma/DSC_0215.TIF,3,3,3,3,6,4,2595,2865,3370,3640
/Volumes/Mark-Banfield/Josh_Williams/Scoring_5May/Emma/DSC_0218.TIF,3,3,1,1,1,0,498,826,714,1042
/Volumes/Mark-Banfield/Josh_Williams/Scoring_5May/Emma/DSC_0218.TIF,3,3,1,1,4,2,999,1295,1382,1678
/Volumes/Mark-Banfield/Josh_Williams/Scoring_5May/Emma/DSC_0218.TIF,3,3,1,1,5,3,860,1238,928,1306
/Volumes/Mark-Banfield/Josh_Williams/Scoring_5May/Emma/DSC_0218.TIF,3,3,1,1,6,4,835,1079,700,944
/Volumes/Mark-Banfield/Josh_Williams/Scoring_5May/Emma/DSC_0218.TIF,3,3,1,3,1,3,2217,2519,878,1180
/Volumes/Mark-Banfield/Josh_Williams/Scoring_5May/Emma/DSC_0218.TIF,3,3,1,3,2,3,2174,2536,1180,1542
/Volumes/Mark-Banfield/Josh_Williams/Scoring_5May/Emma/DSC_0218.TIF,3,3,1,3,3,3,2224,2562,1521,1859
/Volumes/Mark-Banfield/Josh_Williams/Scoring_5May/Emma/DSC_0218.TIF,3,3,1,3,6,0,2528,2840,826,1138
/Volumes/Mark-Banfield/Josh_Williams/Scoring_5May/Emma/DSC_0218.TIF,3,3,2,2,1,2,1559,1947,1904,2292
/Volumes/Mark-Banfield/Josh_Williams/Scoring_5May/Emma/DSC_0218.TIF,3,3,2,2,2,3,1400,1728,2250,2578
/Volumes/Mark-Banfield/Josh_Williams/Scoring_5May/Emma/DSC_0218.TIF,3,3,2,2,3,2,1345,1707,2562,2924
/Volumes/Mark-Banfield/Josh_Williams/Scoring_5May/Emma/DSC_0218.TIF,3,3,2,2,5,0,2057,2435,2310,2688
/Volumes/Mark-Banfield/Josh_Williams/Scoring_5May/Emma/DSC_0218.TIF,3,3,3,1,1,0,747,983,3370,3606
/Volumes/Mark-Banfield/Josh_Williams/Scoring_5May/Emma/DSC_0218.TIF,3,3,3,1,4,2,1045,1357,3868,4180
/Volumes/Mark-Banfield/Josh_Williams/Scoring_5May/Emma/DSC_0218.TIF,3,3,3,1,5,4,1062,1366,3556,3860
/Volumes/Mark-Banfield/Josh_Williams/Scoring_5May/Emma/DSC_0218.TIF,3,3,3,1,6,4,928,1214,3320,3606
/Volumes/Mark-Banfield/Josh_Williams/Scoring_5May/Emma/DSC_0218.TIF,3,3,3,3,1,3,2368,2696,3384,3712
/Volumes/Mark-Banfield/Josh_Williams/Scoring_5May/Emma/DSC_0218.TIF,3,3,3,3,2,4,2268,2554,3662,3948
/Volumes/Mark-Banfield/Josh_Williams/Scoring_5May/Emma/DSC_0218.TIF,3,3,3,3,3,3,2179,2541,3876,4238
/Volumes/Mark-Banfield/Josh_Williams/Scoring_5May/Emma/DSC_0218.TIF,3,3,3,3,4,0,2714,3026,3977,4289
/Volumes/Mark-Banfield/Josh_Williams/Scoring_5May/Emma/DSC_3611.tif,3,3,1,2,4,2,1716,2018,1400,1702
/Volumes/Mark-Banfield/Josh_Williams/Scoring_5May/Emma/DSC_3611.tif,3,3,1,2,5,3,1757,2103,1062,1408
/Volumes/Mark-Banfield/Josh_Williams/Scoring_5May/Emma/DSC_3611.tif,3,3,1,2,6,3,1606,1918,784,1096
/Volumes/Mark-Banfield/Josh_Williams/Scoring_5May/Emma/DSC_3611.tif,3,3,2,1,4,2,1214,1516,2470,2772
/Volumes/Mark-Banfield/Josh_Williams/Scoring_5May/Emma/DSC_3611.tif,3,3,2,1,5,3,1122,1458,2154,2490
/Volumes/Mark-Banfield/Josh_Williams/Scoring_5May/Emma/DSC_3611.tif,3,3,2,1,6,3,962,1290,1896,2224
/Volumes/Mark-Banfield/Josh_Williams/Scoring_5May/Emma/DSC_3611.tif,3,3,2,3,1,3,1980,2342,1812,2174
/Volumes/Mark-Banfield/Josh_Williams/Scoring_5May/Emma/DSC_3611.tif,3,3,2,3,2,1,1796,2140,2129,2473
/Volumes/Mark-Banfield/Josh_Williams/Scoring_5May/Emma/DSC_3611.tif,3,3,2,3,3,0,1926,2322,2460,2856
/Volumes/Mark-Banfield/Josh_Williams/Scoring_5May/Emma/DSC_3611.tif,3,3,3,1,4,3,1214,1550,3818,4154
/Volumes/Mark-Banfield/Josh_Williams/Scoring_5May/Emma/DSC_3611.tif,3,3,3,1,5,3,1180,1552,3454,3826
/Volumes/Mark-Banfield/Josh_Williams/Scoring_5May/Emma/DSC_3611.tif,3,3,3,1,6,3,1100,1394,3144,3438
/Volumes/Mark-Banfield/Josh_Williams/Scoring_5May/Emma/DSC_3611.tif,3,3,3,3,1,3,2056,2352,3101,3397
/Volumes/Mark-Banfield/Josh_Williams/Scoring_5May/Emma/DSC_3611.tif,3,3,3,3,2,2,1889,2241,3304,3656
/Volumes/Mark-Banfield/Josh_Williams/Scoring_5May/Emma/DSC_3611.tif,3,3,3,3,3,0,1917,2263,3656,4002
/Volumes/Mark-Banfield/Josh_Williams/Scoring_5May/Emma/_DSC0768.tif,3,3,1,2,1,3,1405,1691,686,972
/Volumes/Mark-Banfield/Josh_Williams/Scoring_5May/Emma/_DSC0768.tif,3,3,1,2,2,3,1295,1629,924,1258
/Volumes/Mark-Banfield/Josh_Williams/Scoring_5May/Emma/_DSC0768.tif,3,3,1,2,3,2,1266,1496,1219,1449
/Volumes/Mark-Banfield/Josh_Williams/Scoring_5May/Emma/_DSC0768.tif,3,3,2,1,4,2,1076,1362,2599,2885
/Volumes/Mark-Banfield/Josh_Williams/Scoring_5May/Emma/_DSC0768.tif,3,3,2,1,5,2,1239,1515,2324,2600
/Volumes/Mark-Banfield/Josh_Williams/Scoring_5May/Emma/_DSC0768.tif,3,3,2,1,6,2,1038,1344,2027,2333
/Volumes/Mark-Banfield/Josh_Williams/Scoring_5May/Emma/_DSC0768.tif,3,3,2,3,1,3,2362,2618,2095,2351
/Volumes/Mark-Banfield/Josh_Williams/Scoring_5May/Emma/_DSC0768.tif,3,3,2,3,2,3,2158,2462,2286,2590
/Volumes/Mark-Banfield/Josh_Williams/Scoring_5May/Emma/_DSC0768.tif,3,3,2,3,3,1,2152,2494,2595,2937
/Volumes/Mark-Banfield/Josh_Williams/Scoring_5May/Emma/_DSC0768.tif,3,3,3,1,4,1,1324,1706,4188,4570
/Volumes/Mark-Banfield/Josh_Williams/Scoring_5May/Emma/_DSC0768.tif,3,3,3,1,5,2,1382,1704,3866,4188
/Volumes/Mark-Banfield/Josh_Williams/Scoring_5May/Emma/_DSC0768.tif,3,3,3,3,1,3,2276,2570,3776,4070
/Volumes/Mark-Banfield/Josh_Williams/Scoring_5May/Emma/_DSC0768.tif,3,3,3,3,2,3,2200,2580,4023,4403
/Volumes/Mark-Banfield/Josh_Williams/Scoring_5May/Emma/_DSC0768.tif,3,3,3,3,3,3,2200,2562,4345,4707
/Volumes/Mark-Banfield/Josh_Williams/Scoring_5May/Emma/_DSC1334.TIF,3,3,1,2,1,6,1542,1838,534,830
/Volumes/Mark-Banfield/Josh_Williams/Scoring_5May/Emma/_DSC1334.TIF,3,3,1,2,6,2,1863,2195,420,752
/Volumes/Mark-Banfield/Josh_Williams/Scoring_5May/Emma/_DSC1334.TIF,3,3,2,1,1,5,715,1105,1686,2076
/Volumes/Mark-Banfield/Josh_Williams/Scoring_5May/Emma/_DSC1334.TIF,3,3,2,3,1,1,2528,2938,1780,2190
/Volumes/Mark-Banfield/Josh_Williams/Scoring_5May/Emma/_DSC1334.TIF,3,3,2,3,6,4,2933,3333,1848,2248
/Volumes/Mark-Banfield/Josh_Williams/Scoring_5May/Emma/_DSC1334.TIF,3,3,3,1,2,1,858,1220,3579,3941
/Volumes/Mark-Banfield/Josh_Williams/Scoring_5May/Emma/_DSC1334.TIF,3,3,3,1,5,3,1382,1800,3504,3922
/Volumes/Mark-Banfield/Josh_Williams/Scoring_5May/Emma/_DSC1334.TIF,3,3,3,3,2,1,2419,2799,3780,4160
/Volumes/Mark-Banfield/Josh_Williams/Scoring_5May/Emma/_DSC1334.TIF,3,3,3,3,5,6,3004,3404,3846,4246
/Volumes/Mark-Banfield/Josh_Williams/Scoring_5May/Emma/_DSC1017.TIF,3,3,1,1,3,2,420,828,1106,1514
/Volumes/Mark-Banfield/Josh_Williams/Scoring_5May/Emma/_DSC1017.TIF,3,3,1,1,4,5,977,1347,1144,1514
/Volumes/Mark-Banfield/Josh_Williams/Scoring_5May/Emma/_DSC1017.TIF,3,3,1,3,1,5,2295,2657,534,896
/Volumes/Mark-Banfield/Josh_Williams/Scoring_5May/Emma/_DSC1017.TIF,3,3,1,3,6,3,2594,2994,458,858
/Volumes/Mark-Banfield/Josh_Williams/Scoring_5May/Emma/_DSC1017.TIF,3,3,2,2,3,3,1372,1800,2552,2980
/Volumes/Mark-Banfield/Josh_Williams/Scoring_5May/Emma/_DSC1017.TIF,3,3,2,2,4,0,2000,2370,2619,2989
/Volumes/Mark-Banfield/Josh_Williams/Scoring_5May/Emma/_DSC1017.TIF,3,3,3,1,3,3,458,924,3927,4393
/Volumes/Mark-Banfield/Josh_Williams/Scoring_5May/Emma/_DSC1017.TIF,3,3,3,1,4,4,1106,1524,4090,4508
/Volumes/Mark-Banfield/Josh_Williams/Scoring_5May/Emma/_DSC1017.TIF,3,3,3,3,2,2,2248,2600,3747,4099
/Volumes/Mark-Banfield/Josh_Williams/Scoring_5May/Emma/_DSC1017.TIF,3,3,3,3,5,5,3104,3446,3627,3969
/Volumes/Mark-Banfield/Josh_Williams/Scoring_5May/Emma/_DSC9258.tif,3,4,1,1,1,4,823,1007,370,554
/Volumes/Mark-Banfield/Josh_Williams/Scoring_5May/Emma/_DSC9258.tif,3,4,1,1,2,2,686,952,569,835
/Volumes/Mark-Banfield/Josh_Williams/Scoring_5May/Emma/_DSC9258.tif,3,4,1,1,3,0,724,1016,882,1174
/Volumes/Mark-Banfield/Josh_Williams/Scoring_5May/Emma/_DSC9258.tif,3,4,1,1,4,5,1209,1483,654,928
/Volumes/Mark-Banfield/Josh_Williams/Scoring_5May/Emma/_DSC9258.tif,3,4,1,1,5,0,1068,1372,388,692
/Volumes/Mark-Banfield/Josh_Williams/Scoring_5May/Emma/_DSC9258.tif,3,4,1,2,1,4,1962,2210,289,537
/Volumes/Mark-Banfield/Josh_Williams/Scoring_5May/Emma/_DSC9258.tif,3,4,1,2,2,3,1842,2076,443,677
/Volumes/Mark-Banfield/Josh_Williams/Scoring_5May/Emma/_DSC9258.tif,3,4,1,2,3,0,1724,2034,744,1054
/Volumes/Mark-Banfield/Josh_Williams/Scoring_5May/Emma/_DSC9258.tif,3,4,1,2,4,5,2240,2488,629,877
/Volumes/Mark-Banfield/Josh_Williams/Scoring_5May/Emma/_DSC9258.tif,3,4,1,2,5,0,2234,2476,346,588
/Volumes/Mark-Banfield/Josh_Williams/Scoring_5May/Emma/_DSC9258.tif,3,4,1,3,1,0,3196,3374,350,528
/Volumes/Mark-Banfield/Josh_Williams/Scoring_5May/Emma/_DSC9258.tif,3,4,1,3,2,5,3168,3376,538,746
/Volumes/Mark-Banfield/Josh_Williams/Scoring_5May/Emma/_DSC9258.tif,3,4,1,3,3,1,3148,3370,728,950
/Volumes/Mark-Banfield/Josh_Williams/Scoring_5May/Emma/_DSC9258.tif,3,4,1,3,4,0,3449,3639,630,820
/Volumes/Mark-Banfield/Josh_Williams/Scoring_5May/Emma/_DSC9258.tif,3,4,1,3,5,4,3398,3628,400,630
/Volumes/Mark-Banfield/Josh_Williams/Scoring_5May/Emma/_DSC9258.tif,3,4,1,4,1,0,4053,4287,262,496
/Volumes/Mark-Banfield/Josh_Williams/Scoring_5May/Emma/_DSC9258.tif,3,4,1,4,2,5,3915,4189,470,744
/Volumes/Mark-Banfield/Josh_Williams/Scoring_5May/Emma/_DSC9258.tif,3,4,1,4,3,1,3954,4252,762,1060
/Volumes/Mark-Banfield/Josh_Williams/Scoring_5May/Emma/_DSC9258.tif,3,4,1,4,4,0,4360,4684,760,1084
/Volumes/Mark-Banfield/Josh_Williams/Scoring_5May/Emma/_DSC9258.tif,3,4,1,4,5,4,4361,4645,414,698
/Volumes/Mark-Banfield/Josh_Williams/Scoring_5May/Emma/_DSC9258.tif,3,4,2,1,1,6,768,1016,1530,1778
/Volumes/Mark-Banfield/Josh_Williams/Scoring_5May/Emma/_DSC9258.tif,3,4,2,1,2,0,636,928,1755,2047
/Volumes/Mark-Banfield/Josh_Williams/Scoring_5May/Emma/_DSC9258.tif,3,4,2,1,3,2,624,858,2070,2304
/Volumes/Mark-Banfield/Josh_Williams/Scoring_5May/Emma/_DSC9258.tif,3,4,2,1,4,0,1054,1308,1965,2219
/Volumes/Mark-Banfield/Josh_Williams/Scoring_5May/Emma/_DSC9258.tif,3,4,2,1,5,0,997,1251,1682,1936
/Volumes/Mark-Banfield/Josh_Williams/Scoring_5May/Emma/_DSC9258.tif,3,4,2,2,1,5,1831,2085,1504,1758
/Volumes/Mark-Banfield/Josh_Williams/Scoring_5May/Emma/_DSC9258.tif,3,4,2,2,2,0,1778,2064,1739,2025
/Volumes/Mark-Banfield/Josh_Williams/Scoring_5May/Emma/_DSC9258.tif,3,4,2,2,3,2,1796,2082,2025,2311
/Volumes/Mark-Banfield/Josh_Williams/Scoring_5May/Emma/_DSC9258.tif,3,4,2,2,4,3,2240,2514,1907,2181
/Volumes/Mark-Banfield/Josh_Williams/Scoring_5May/Emma/_DSC9258.tif,3,4,2,2,5,0,2157,2463,1580,1886
/Volumes/Mark-Banfield/Josh_Williams/Scoring_5May/Emma/_DSC9258.tif,3,4,2,3,1,0,3260,3564,1448,1752
/Volumes/Mark-Banfield/Josh_Williams/Scoring_5May/Emma/_DSC9258.tif,3,4,2,3,2,5,3130,3428,1696,1994
/Volumes/Mark-Banfield/Josh_Williams/Scoring_5May/Emma/_DSC9258.tif,3,4,2,3,3,0,3199,3479,1968,2248
/Volumes/Mark-Banfield/Josh_Williams/Scoring_5May/Emma/_DSC9258.tif,3,4,2,3,4,3,3652,3900,1764,2012
/Volumes/Mark-Banfield/Josh_Williams/Scoring_5May/Emma/_DSC9258.tif,3,4,2,3,5,2,3535,3815,1498,1778
/Volumes/Mark-Banfield/Josh_Williams/Scoring_5May/Emma/_DSC9258.tif,3,4,2,4,1,0,4158,4398,1550,1790
/Volumes/Mark-Banfield/Josh_Williams/Scoring_5May/Emma/_DSC9258.tif,3,4,2,4,2,4,4088,4360,1762,2034
/Volumes/Mark-Banfield/Josh_Williams/Scoring_5May/Emma/_DSC9258.tif,3,4,2,4,3,0,4138,4424,2012,2298
/Volumes/Mark-Banfield/Josh_Williams/Scoring_5May/Emma/_DSC9258.tif,3,4,2,4,4,2,4434,4726,1880,2172
/Volumes/Mark-Banfield/Josh_Williams/Scoring_5May/Emma/_DSC9258.tif,3,4,2,4,5,2,4418,4672,1556,1810
/Volumes/Mark-Banfield/Josh_Williams/Scoring_5May/Emma/_DSC9258.tif,3,4,3,2,1,4,2056,2260,2729,2933
/Volumes/Mark-Banfield/Josh_Williams/Scoring_5May/Emma/_DSC9258.tif,3,4,3,2,2,0,1898,2172,2929,3203
/Volumes/Mark-Banfield/Josh_Williams/Scoring_5May/Emma/_DSC9258.tif,3,4,3,2,3,4,1942,2234,3180,3472
/Volumes/Mark-Banfield/Josh_Williams/Scoring_5May/Emma/_DSC9258.tif,3,4,3,2,4,0,2295,2625,3054,3384
/Volumes/Mark-Banfield/Josh_Williams/Scoring_5May/Emma/_DSC9258.tif,3,4,3,2,5,3,2250,2492,2780,3022
/Volumes/Mark-Banfield/Josh_Williams/Scoring_5May/Emma/_DSC9258.tif,3,4,3,3,1,2,2920,3160,2800,3040
/Volumes/Mark-Banfield/Josh_Williams/Scoring_5May/Emma/_DSC9258.tif,3,4,3,3,2,0,2812,3046,2996,3230
/Volumes/Mark-Banfield/Josh_Williams/Scoring_5May/Emma/_DSC9258.tif,3,4,3,3,3,3,2914,3148,3200,3434
/Volumes/Mark-Banfield/Josh_Williams/Scoring_5May/Emma/_DSC9258.tif,3,4,3,3,4,0,3211,3497,3098,3384
/Volumes/Mark-Banfield/Josh_Williams/Scoring_5May/Emma/_DSC9258.tif,3,4,3,3,5,3,3170,3444,2792,3066
/Volumes/Mark-Banfield/Josh_Williams/Scoring_5May/Emma/Missed/_DSC0770.tif,3,3,1,2,1,3,1486,1818,1110,1442
/Volumes/Mark-Banfield/Josh_Williams/Scoring_5May/Emma/Missed/_DSC0770.tif,3,3,1,2,2,3,1382,1714,1406,1738
/Volumes/Mark-Banfield/Josh_Williams/Scoring_5May/Emma/Missed/_DSC0770.tif,3,3,1,2,3,3,1390,1752,1756,2118
/Volumes/Mark-Banfield/Josh_Williams/Scoring_5May/Emma/Missed/_DSC0770.tif,3,3,2,1,4,1,1067,1429,2770,3132
/Volumes/Mark-Banfield/Josh_Williams/Scoring_5May/Emma/Missed/_DSC0770.tif,3,3,2,1,5,2,1076,1400,2451,2775
/Volumes/Mark-Banfield/Josh_Williams/Scoring_5May/Emma/Missed/_DSC0770.tif,3,3,2,1,6,4,1048,1352,2114,2418
/Volumes/Mark-Banfield/Josh_Williams/Scoring_5May/Emma/Missed/_DSC0770.tif,3,3,2,3,1,3,2552,2846,2352,2646
/Volumes/Mark-Banfield/Josh_Williams/Scoring_5May/Emma/Missed/_DSC0770.tif,3,3,2,3,2,2,2443,2747,2580,2884
/Volumes/Mark-Banfield/Josh_Williams/Scoring_5May/Emma/Missed/_DSC0770.tif,3,3,2,3,3,2,2524,2866,2928,3270
/Volumes/Mark-Banfield/Josh_Williams/Scoring_5May/Emma/Missed/_DSC0770.tif,3,3,3,1,4,1,1315,1685,4218,4588
/Volumes/Mark-Banfield/Josh_Williams/Scoring_5May/Emma/Missed/_DSC0770.tif,3,3,3,1,5,3,1372,1676,3866,4170
/Volumes/Mark-Banfield/Josh_Williams/Scoring_5May/Emma/Missed/_DSC0770.tif,3,3,3,1,6,4,1276,1610,3570,3904
/Volumes/Mark-Banfield/Josh_Williams/Scoring_5May/Emma/Missed/_DSC0770.tif,3,3,3,3,4,3,2994,3356,4408,4770
/Volumes/Mark-Banfield/Josh_Williams/Scoring_5May/Emma/Missed/_DSC0770.tif,3,3,3,3,5,3,3065,3409,4074,4418
/Volumes/Mark-Banfield/Josh_Williams/Scoring_5May/Emma/Missed/_DSC0770.tif,3,3,3,3,6,3,2884,3256,3712,4084
/Volumes/Mark-Banfield/Josh_Williams/Scoring_5May/Emma/Missed/_DSC1015.TIF,3,3,1,1,2,6,382,744,562,924
/Volumes/Mark-Banfield/Josh_Williams/Scoring_5May/Emma/Missed/_DSC1015.TIF,3,3,1,1,4,6,982,1324,944,1286
/Volumes/Mark-Banfield/Josh_Williams/Scoring_5May/Emma/Missed/_DSC1015.TIF,3,3,1,1,5,6,980,1362,638,1020
/Volumes/Mark-Banfield/Josh_Williams/Scoring_5May/Emma/Missed/_DSC1015.TIF,3,3,1,1,6,6,867,1219,306,658
/Volumes/Mark-Banfield/Josh_Williams/Scoring_5May/Emma/Missed/_DSC1015.TIF,3,3,1,3,1,4,2428,2742,553,867
/Volumes/Mark-Banfield/Josh_Williams/Scoring_5May/Emma/Missed/_DSC1015.TIF,3,3,1,3,2,4,2400,2762,815,1177
/Volumes/Mark-Banfield/Josh_Williams/Scoring_5May/Emma/Missed/_DSC1015.TIF,3,3,1,3,3,5,2342,2656,1096,1410
/Volumes/Mark-Banfield/Josh_Williams/Scoring_5May/Emma/Missed/_DSC1015.TIF,3,3,1,3,4,5,2852,3156,1134,1438
/Volumes/Mark-Banfield/Josh_Williams/Scoring_5May/Emma/Missed/_DSC1015.TIF,3,3,2,2,1,5,1210,1514,1915,2219
/Volumes/Mark-Banfield/Josh_Williams/Scoring_5May/Emma/Missed/_DSC1015.TIF,3,3,2,2,2,6,1134,1448,2200,2514
/Volumes/Mark-Banfield/Josh_Williams/Scoring_5May/Emma/Missed/_DSC1015.TIF,3,3,2,2,3,5,1162,1514,2505,2857
/Volumes/Mark-Banfield/Josh_Williams/Scoring_5May/Emma/Missed/_DSC1015.TIF,3,3,2,2,6,4,1448,1772,1799,2123
/Volumes/Mark-Banfield/Josh_Williams/Scoring_5May/Emma/Missed/_DSC1015.TIF,3,3,3,1,2,4,382,830,3636,4084
/Volumes/Mark-Banfield/Josh_Williams/Scoring_5May/Emma/Missed/_DSC1015.TIF,3,3,3,1,4,3,1124,1514,3998,4388
/Volumes/Mark-Banfield/Josh_Williams/Scoring_5May/Emma/Missed/_DSC1015.TIF,3,3,3,1,5,5,1182,1534,3651,4003
/Volumes/Mark-Banfield/Josh_Williams/Scoring_5May/Emma/Missed/_DSC1015.TIF,3,3,3,1,6,4,1000,1438,3314,3752
/Volumes/Mark-Banfield/Josh_Williams/Scoring_5May/Emma/Missed/_DSC1015.TIF,3,3,3,3,2,5,2210,2590,3618,3998
/Volumes/Mark-Banfield/Josh_Williams/Scoring_5May/Emma/Missed/_DSC1015.TIF,3,3,3,3,3,4,2142,2504,3927,4289
/Volumes/Mark-Banfield/Josh_Williams/Scoring_5May/Emma/Missed/_DSC1015.TIF,3,3,3,3,4,5,2752,3076,3961,4285
/Volumes/Mark-Banfield/Josh_Williams/Scoring_5May/Emma/Missed/_DSC1015.TIF,3,3,3,3,5,6,2803,3099,3674,3970
/Volumes/Mark-Banfield/Josh_Williams/Scoring_5May/Emma/Missed/_DSC1015.TIF,3,3,3,3,6,6,2790,3066,3451,3727
/Volumes/Mark-Banfield/Josh_Williams/Scoring_5May/Emma/Missed/_DSC1648.tif,4,4,1,1,1,0,1276,1448,359,531
/Volumes/Mark-Banfield/Josh_Williams/Scoring_5May/Emma/Missed/_DSC1648.tif,4,4,1,1,2,5,1252,1416,522,686
/Volumes/Mark-Banfield/Josh_Williams/Scoring_5May/Emma/Missed/_DSC1648.tif,4,4,1,1,3,4,1144,1366,617,839
/Volumes/Mark-Banfield/Josh_Williams/Scoring_5May/Emma/Missed/_DSC1648.tif,4,4,1,1,4,1,1232,1428,766,962
/Volumes/Mark-Banfield/Josh_Williams/Scoring_5May/Emma/Missed/_DSC1648.tif,4,4,1,1,5,0,1530,1734,828,1032
/Volumes/Mark-Banfield/Josh_Williams/Scoring_5May/Emma/Missed/_DSC1648.tif,4,4,1,1,6,3,1568,1734,660,826
/Volumes/Mark-Banfield/Josh_Williams/Scoring_5May/Emma/Missed/_DSC1648.tif,4,4,1,1,7,3,1498,1702,492,696
/Volumes/Mark-Banfield/Josh_Williams/Scoring_5May/Emma/Missed/_DSC1648.tif,4,4,1,1,8,6,1436,1594,382,540
/Volumes/Mark-Banfield/Josh_Williams/Scoring_5May/Emma/Missed/_DSC1648.tif,4,4,1,2,1,2,2076,2248,318,490
/Volumes/Mark-Banfield/Josh_Williams/Scoring_5May/Emma/Missed/_DSC1648.tif,4,4,1,2,2,4,2000,2216,458,674
/Volumes/Mark-Banfield/Josh_Williams/Scoring_5May/Emma/Missed/_DSC1648.tif,4,4,1,2,3,4,1967,2177,654,864
/Volumes/Mark-Banfield/Josh_Williams/Scoring_5May/Emma/Missed/_DSC1648.tif,4,4,1,2,4,4,2056,2286,794,1024
/Volumes/Mark-Banfield/Josh_Williams/Scoring_5May/Emma/Missed/_DSC1648.tif,4,4,1,2,5,0,2310,2526,794,1010
/Volumes/Mark-Banfield/Josh_Williams/Scoring_5May/Emma/Missed/_DSC1648.tif,4,4,1,2,6,4,2380,2602,635,857
/Volumes/Mark-Banfield/Josh_Williams/Scoring_5May/Emma/Missed/_DSC1648.tif,4,4,1,2,7,4,2374,2552,474,652
/Volumes/Mark-Banfield/Josh_Williams/Scoring_5May/Emma/Missed/_DSC1648.tif,4,4,1,2,8,3,2245,2447,312,514
/Volumes/Mark-Banfield/Josh_Williams/Scoring_5May/Emma/Missed/_DSC1648.tif,4,4,1,3,1,4,3072,3262,300,490
/Volumes/Mark-Banfield/Josh_Williams/Scoring_5May/Emma/Missed/_DSC1648.tif,4,4,1,3,2,0,2996,3186,464,654
/Volumes/Mark-Banfield/Josh_Williams/Scoring_5May/Emma/Missed/_DSC1648.tif,4,4,1,3,3,5,2925,3123,622,820
/Volumes/Mark-Banfield/Josh_Williams/Scoring_5May/Emma/Missed/_DSC1648.tif,4,4,1,3,4,4,2996,3218,782,1004
/Volumes/Mark-Banfield/Josh_Williams/Scoring_5May/Emma/Missed/_DSC1648.tif,4,4,1,3,5,5,3300,3516,762,978
/Volumes/Mark-Banfield/Josh_Williams/Scoring_5May/Emma/Missed/_DSC1648.tif,4,4,1,3,6,1,3358,3548,604,794
/Volumes/Mark-Banfield/Josh_Williams/Scoring_5May/Emma/Missed/_DSC1648.tif,4,4,1,3,7,4,3320,3484,452,616
/Volumes/Mark-Banfield/Josh_Williams/Scoring_5May/Emma/Missed/_DSC1648.tif,4,4,1,3,8,4,3243,3421,312,490
/Volumes/Mark-Banfield/Josh_Williams/Scoring_5May/Emma/Missed/_DSC1648.tif,4,4,1,4,1,5,3960,4120,317,477
/Volumes/Mark-Banfield/Josh_Williams/Scoring_5May/Emma/Missed/_DSC1648.tif,4,4,1,4,2,2,3849,4051,458,660
/Volumes/Mark-Banfield/Josh_Williams/Scoring_5May/Emma/Missed/_DSC1648.tif,4,4,1,4,3,4,3751,3967,648,864
/Volumes/Mark-Banfield/Josh_Williams/Scoring_5May/Emma/Missed/_DSC1648.tif,4,4,1,4,4,2,3790,4042,830,1082
/Volumes/Mark-Banfield/Josh_Williams/Scoring_5May/Emma/Missed/_DSC1648.tif,4,4,1,4,5,3,4112,4348,838,1074
/Volumes/Mark-Banfield/Josh_Williams/Scoring_5May/Emma/Missed/_DSC1648.tif,4,4,1,4,6,0,4150,4386,616,852
/Volumes/Mark-Banfield/Josh_Williams/Scoring_5May/Emma/Missed/_DSC1648.tif,4,4,1,4,7,5,4144,4328,480,664
/Volumes/Mark-Banfield/Josh_Williams/Scoring_5May/Emma/Missed/_DSC1648.tif,4,4,1,4,8,5,4081,4277,312,508
/Volumes/Mark-Banfield/Josh_Williams/Scoring_5May/Emma/Missed/_DSC1648.tif,4,4,2,1,1,4,1261,1451,1206,1396
/Volumes/Mark-Banfield/Josh_Williams/Scoring_5May/Emma/Missed/_DSC1648.tif,4,4,2,1,2,5,1106,1346,1334,1574
/Volumes/Mark-Banfield/Josh_Williams/Scoring_5May/Emma/Missed/_DSC1648.tif,4,4,2,1,3,0,1106,1328,1550,1772
/Volumes/Mark-Banfield/Josh_Williams/Scoring_5May/Emma/Missed/_DSC1648.tif,4,4,2,1,4,3,1225,1467,1708,1950
/Volumes/Mark-Banfield/Josh_Williams/Scoring_5May/Emma/Missed/_DSC1648.tif,4,4,2,1,5,3,1530,1752,1720,1942
/Volumes/Mark-Banfield/Josh_Williams/Scoring_5May/Emma/Missed/_DSC1648.tif,4,4,2,1,6,5,1550,1790,1496,1736
/Volumes/Mark-Banfield/Josh_Williams/Scoring_5May/Emma/Missed/_DSC1648.tif,4,4,2,1,7,0,1518,1720,1331,1533
/Volumes/Mark-Banfield/Josh_Williams/Scoring_5May/Emma/Missed/_DSC1648.tif,4,4,2,1,8,4,1442,1620,1184,1362
/Volumes/Mark-Banfield/Josh_Williams/Scoring_5May/Emma/Missed/_DSC1648.tif,4,4,2,2,1,3,2108,2272,1153,1317
/Volumes/Mark-Banfield/Josh_Williams/Scoring_5May/Emma/Missed/_DSC1648.tif,4,4,2,2,2,4,2018,2190,1257,1429
/Volumes/Mark-Banfield/Josh_Williams/Scoring_5May/Emma/Missed/_DSC1648.tif,4,4,2,2,3,0,1950,2140,1407,1597
/Volumes/Mark-Banfield/Josh_Williams/Scoring_5May/Emma/Missed/_DSC1648.tif,4,4,2,2,4,1,1950,2196,1563,1809
/Volumes/Mark-Banfield/Josh_Williams/Scoring_5May/Emma/Missed/_DSC1648.tif,4,4,2,2,5,1,2304,2540,1564,1800
/Volumes/Mark-Banfield/Josh_Williams/Scoring_5May/Emma/Missed/_DSC1648.tif,4,4,2,2,6,3,2292,2508,1362,1578
/Volumes/Mark-Banfield/Josh_Williams/Scoring_5May/Emma/Missed/_DSC1648.tif,4,4,2,2,7,0,2310,2476,1209,1375
/Volumes/Mark-Banfield/Josh_Williams/Scoring_5May/Emma/Missed/_DSC1648.tif,4,4,2,3,1,4,3088,3266,1226,1404
/Volumes/Mark-Banfield/Josh_Williams/Scoring_5May/Emma/Missed/_DSC1648.tif,4,4,2,3,2,3,2913,3155,1378,1620
/Volumes/Mark-Banfield/Josh_Williams/Scoring_5May/Emma/Missed/_DSC1648.tif,4,4,2,3,3,0,2984,3212,1603,1831
/Volumes/Mark-Banfield/Josh_Williams/Scoring_5May/Emma/Missed/_DSC1648.tif,4,4,2,3,4,3,3256,3522,1590,1856
/Volumes/Mark-Banfield/Josh_Williams/Scoring_5May/Emma/Missed/_DSC1648.tif,4,4,2,3,5,3,3376,3568,1441,1633
/Volumes/Mark-Banfield/Josh_Williams/Scoring_5May/Emma/Missed/_DSC1648.tif,4,4,2,3,6,5,3306,3478,1305,1477
/Volumes/Mark-Banfield/Josh_Williams/Scoring_5May/Emma/Missed/_DSC1648.tif,4,4,2,3,7,0,3262,3408,1182,1328
/Volumes/Mark-Banfield/Josh_Williams/Scoring_5May/Emma/Missed/_DSC1648.tif,4,4,2,3,8,5,3960,4106,1181,1327
/Volumes/Mark-Banfield/Josh_Williams/Scoring_5May/Emma/Missed/_DSC1648.tif,4,4,2,4,1,5,3954,4094,1188,1328
/Volumes/Mark-Banfield/Josh_Williams/Scoring_5May/Emma/Missed/_DSC1648.tif,4,4,2,4,2,4,3814,3992,1238,1416
/Volumes/Mark-Banfield/Josh_Williams/Scoring_5May/Emma/Missed/_DSC1648.tif,4,4,2,4,3,5,3744,3942,1383,1581
/Volumes/Mark-Banfield/Josh_Williams/Scoring_5May/Emma/Missed/_DSC1648.tif,4,4,2,4,4,2,3719,3955,1580,1816
/Volumes/Mark-Banfield/Josh_Williams/Scoring_5May/Emma/Missed/_DSC1648.tif,4,4,2,4,5,4,4088,4310,1604,1826
/Volumes/Mark-Banfield/Josh_Williams/Scoring_5May/Emma/Missed/_DSC1648.tif,4,4,2,4,6,5,4182,4366,1454,1638
/Volumes/Mark-Banfield/Josh_Williams/Scoring_5May/Emma/Missed/_DSC1648.tif,4,4,2,4,7,5,4126,4316,1321,1511
/Volumes/Mark-Banfield/Josh_Williams/Scoring_5May/Emma/Missed/_DSC1648.tif,4,4,2,4,8,2,4071,4249,1168,1346
/Volumes/Mark-Banfield/Josh_Williams/Scoring_5May/Emma/Missed/_DSC1648.tif,4,4,3,1,1,3,1290,1466,2070,2246
/Volumes/Mark-Banfield/Josh_Williams/Scoring_5May/Emma/Missed/_DSC1648.tif,4,4,3,1,2,5,1194,1384,2193,2383
/Volumes/Mark-Banfield/Josh_Williams/Scoring_5May/Emma/Missed/_DSC1648.tif,4,4,3,1,3,5,1149,1353,2342,2546
/Volumes/Mark-Banfield/Josh_Williams/Scoring_5May/Emma/Missed/_DSC1648.tif,4,4,3,1,4,5,1270,1460,2476,2666
/Volumes/Mark-Banfield/Josh_Williams/Scoring_5May/Emma/Missed/_DSC1648.tif,4,4,3,1,5,4,1534,1736,2470,2672
/Volumes/Mark-Banfield/Josh_Williams/Scoring_5May/Emma/Missed/_DSC1648.tif,4,4,3,1,6,6,1574,1764,2301,2491
/Volumes/Mark-Banfield/Josh_Williams/Scoring_5May/Emma/Missed/_DSC1648.tif,4,4,3,1,7,5,1550,1734,2136,2320
/Volumes/Mark-Banfield/Josh_Williams/Scoring_5May/Emma/Missed/_DSC1648.tif,4,4,3,1,8,4,1463,1635,2018,2190
/Volumes/Mark-Banfield/Josh_Williams/Scoring_5May/Emma/Missed/_DSC1648.tif,4,4,3,2,1,0,2032,2210,1959,2137
/Volumes/Mark-Banfield/Josh_Williams/Scoring_5May/Emma/Missed/_DSC1648.tif,4,4,3,2,2,5,1918,2146,2063,2291
/Volumes/Mark-Banfield/Josh_Williams/Scoring_5May/Emma/Missed/_DSC1648.tif,4,4,3,2,3,4,1901,2123,2254,2476
/Volumes/Mark-Banfield/Josh_Williams/Scoring_5May/Emma/Missed/_DSC1648.tif,4,4,3,2,4,3,1956,2178,2454,2676
/Volumes/Mark-Banfield/Josh_Williams/Scoring_5May/Emma/Missed/_DSC1648.tif,4,4,3,2,5,0,2286,2502,2384,2600
/Volumes/Mark-Banfield/Josh_Williams/Scoring_5May/Emma/Missed/_DSC1648.tif,4,4,3,2,6,3,2324,2552,2171,2399
/Volumes/Mark-Banfield/Josh_Williams/Scoring_5May/Emma/Missed/_DSC1648.tif,4,4,3,2,7,4,2304,2488,2019,2203
/Volumes/Mark-Banfield/Josh_Williams/Scoring_5May/Emma/Missed/_DSC1648.tif,4,4,3,2,8,5,2197,2381,1886,2070
/Volumes/Mark-Banfield/Josh_Williams/Scoring_5May/Emma/Missed/_DSC1648.tif,4,4,3,3,1,6,3034,3212,1882,2060
/Volumes/Mark-Banfield/Josh_Williams/Scoring_5May/Emma/Missed/_DSC1648.tif,4,4,3,3,2,1,2946,3130,2019,2203
/Volumes/Mark-Banfield/Josh_Williams/Scoring_5May/Emma/Missed/_DSC1648.tif,4,4,3,3,3,6,2926,3092,2183,2349
/Volumes/Mark-Banfield/Josh_Williams/Scoring_5May/Emma/Missed/_DSC1648.tif,4,4,3,3,4,2,3002,3218,2342,2558
/Volumes/Mark-Banfield/Josh_Williams/Scoring_5May/Emma/Missed/_DSC1648.tif,4,4,3,3,5,3,3247,3449,2356,2558
/Volumes/Mark-Banfield/Josh_Williams/Scoring_5May/Emma/Missed/_DSC1648.tif,4,4,3,3,6,0,3300,3504,2165,2369
/Volumes/Mark-Banfield/Josh_Williams/Scoring_5May/Emma/Missed/_DSC1648.tif,4,4,3,3,7,6,3282,3440,2029,2187
/Volumes/Mark-Banfield/Josh_Williams/Scoring_5May/Emma/Missed/_DSC1648.tif,4,4,3,3,8,6,3158,3342,1892,2076
/Volumes/Mark-Banfield/Josh_Williams/Scoring_5May/Emma/Missed/_DSC1648.tif,4,4,3,4,1,5,3852,4018,1898,2064
/Volumes/Mark-Banfield/Josh_Williams/Scoring_5May/Emma/Missed/_DSC1648.tif,4,4,3,4,2,1,3758,3948,2038,2228
/Volumes/Mark-Banfield/Josh_Williams/Scoring_5May/Emma/Missed/_DSC1648.tif,4,4,3,4,3,4,3680,3922,2190,2432
/Volumes/Mark-Banfield/Josh_Williams/Scoring_5May/Emma/Missed/_DSC1648.tif,4,4,3,4,4,4,3770,3992,2394,2616
/Volumes/Mark-Banfield/Josh_Williams/Scoring_5May/Emma/Missed/_DSC1648.tif,4,4,3,4,5,4,4040,4248,2432,2640
/Volumes/Mark-Banfield/Josh_Williams/Scoring_5May/Emma/Missed/_DSC1648.tif,4,4,3,4,6,0,4100,4328,2228,2456
/Volumes/Mark-Banfield/Josh_Williams/Scoring_5May/Emma/Missed/_DSC1648.tif,4,4,3,4,7,4,4081,4291,2038,2248
/Volumes/Mark-Banfield/Josh_Williams/Scoring_5May/Emma/Missed/_DSC1648.tif,4,4,3,4,8,4,4042,4214,1891,2063
/Volumes/Mark-Banfield/Josh_Williams/Scoring_5May/Emma/Missed/_DSC1648.tif,4,4,4,1,1,5,1372,1556,2673,2857
/Volumes/Mark-Banfield/Josh_Williams/Scoring_5May/Emma/Missed/_DSC1648.tif,4,4,4,1,2,5,1220,1454,2794,3028
/Volumes/Mark-Banfield/Josh_Williams/Scoring_5May/Emma/Missed/_DSC1648.tif,4,4,4,1,3,0,1130,1358,3040,3268
/Volumes/Mark-Banfield/Josh_Williams/Scoring_5May/Emma/Missed/_DSC1648.tif,4,4,4,1,4,2,1276,1498,3221,3443
/Volumes/Mark-Banfield/Josh_Williams/Scoring_5May/Emma/Missed/_DSC1648.tif,4,4,4,1,5,3,1533,1781,3174,3422
/Volumes/Mark-Banfield/Josh_Williams/Scoring_5May/Emma/Missed/_DSC1648.tif,4,4,4,1,6,5,1664,1880,3006,3222
/Volumes/Mark-Banfield/Josh_Williams/Scoring_5May/Emma/Missed/_DSC1648.tif,4,4,4,1,7,1,1580,1804,2833,3057
/Volumes/Mark-Banfield/Josh_Williams/Scoring_5May/Emma/Missed/_DSC1648.tif,4,4,4,1,8,5,1536,1714,2701,2879
/Volumes/Mark-Banfield/Josh_Williams/Scoring_5May/Emma/Missed/_DSC1648.tif,4,4,4,2,1,4,2190,2356,2679,2845
/Volumes/Mark-Banfield/Josh_Williams/Scoring_5May/Emma/Missed/_DSC1648.tif,4,4,4,2,2,3,2094,2304,2796,3006
/Volumes/Mark-Banfield/Josh_Williams/Scoring_5May/Emma/Missed/_DSC1648.tif,4,4,4,2,3,0,2026,2234,2961,3169
/Volumes/Mark-Banfield/Josh_Williams/Scoring_5May/Emma/Missed/_DSC1648.tif,4,4,4,2,4,2,2184,2368,3139,3323
/Volumes/Mark-Banfield/Josh_Williams/Scoring_5May/Emma/Missed/_DSC1648.tif,4,4,4,2,5,1,2476,2660,3088,3272
/Volumes/Mark-Banfield/Josh_Williams/Scoring_5May/Emma/Missed/_DSC1648.tif,4,4,4,2,6,3,2456,2666,2916,3126
/Volumes/Mark-Banfield/Josh_Williams/Scoring_5May/Emma/Missed/_DSC1648.tif,4,4,4,2,7,1,2394,2564,2791,2961
/Volumes/Mark-Banfield/Josh_Williams/Scoring_5May/Emma/Missed/_DSC1648.tif,4,4,4,2,8,4,2330,2488,2660,2818
/Volumes/Mark-Banfield/Josh_Williams/Scoring_5May/Emma/Missed/_DSC1648.tif,4,4,4,3,1,5,3060,3244,2742,2926
/Volumes/Mark-Banfield/Josh_Williams/Scoring_5May/Emma/Missed/_DSC1648.tif,4,4,4,3,2,5,2964,3148,2882,3066
/Volumes/Mark-Banfield/Josh_Williams/Scoring_5May/Emma/Missed/_DSC1648.tif,4,4,4,3,3,4,2888,3104,2999,3215
/Volumes/Mark-Banfield/Josh_Williams/Scoring_5May/Emma/Missed/_DSC1648.tif,4,4,4,3,4,0,2946,3200,3161,3415
/Volumes/Mark-Banfield/Josh_Williams/Scoring_5May/Emma/Missed/_DSC1648.tif,4,4,4,3,5,3,3256,3472,3148,3364
/Volumes/Mark-Banfield/Josh_Williams/Scoring_5May/Emma/Missed/_DSC1648.tif,4,4,4,3,6,3,3326,3522,3006,3202
/Volumes/Mark-Banfield/Josh_Williams/Scoring_5May/Emma/Missed/_DSC1648.tif,4,4,4,3,7,4,3314,3498,2854,3038
/Volumes/Mark-Banfield/Josh_Williams/Scoring_5May/Emma/Missed/_DSC1648.tif,4,4,4,3,8,0,3238,3414,2724,2900
/Volumes/Mark-Banfield/Josh_Williams/Scoring_5May/Emma/Missed/_DSC1648.tif,4,4,4,4,1,4,3842,4040,2716,2914
/Volumes/Mark-Banfield/Josh_Williams/Scoring_5May/Emma/Missed/_DSC1648.tif,4,4,4,4,2,4,3726,3928,2838,3040
/Volumes/Mark-Banfield/Josh_Williams/Scoring_5May/Emma/Missed/_DSC1648.tif,4,4,4,4,3,4,3720,3922,2990,3192
/Volumes/Mark-Banfield/Josh_Williams/Scoring_5May/Emma/Missed/_DSC1648.tif,4,4,4,4,4,3,3764,3954,3168,3358
/Volumes/Mark-Banfield/Josh_Williams/Scoring_5May/Emma/Missed/_DSC1648.tif,4,4,4,4,5,2,4036,4234,3217,3415
/Volumes/Mark-Banfield/Josh_Williams/Scoring_5May/Emma/Missed/_DSC1648.tif,4,4,4,4,6,3,4144,4348,3081,3285
/Volumes/Mark-Banfield/Josh_Williams/Scoring_5May/Emma/Missed/_DSC1648.tif,4,4,4,4,7,4,4126,4342,2895,3111
/Volumes/Mark-Banfield/Josh_Williams/Scoring_5May/Emma/Missed/_DSC1648.tif,4,4,4,4,8,1,4044,4240,2698,2894
/Volumes/Mark-Banfield/Josh_Williams/Scoring_5May/Emma/Missed/DSC_0104.TIF,3,3,1,1,2,1,136,490,578,932
/Volumes/Mark-Banfield/Josh_Williams/Scoring_5May/Emma/Missed/DSC_0104.TIF,3,3,1,1,4,2,700,1004,911,1215
/Volumes/Mark-Banfield/Josh_Williams/Scoring_5May/Emma/Missed/DSC_0104.TIF,3,3,1,1,5,2,768,1080,620,932
/Volumes/Mark-Banfield/Josh_Williams/Scoring_5May/Emma/Missed/DSC_0104.TIF,3,3,1,1,6,1,616,944,322,650
/Volumes/Mark-Banfield/Josh_Williams/Scoring_5May/Emma/Missed/DSC_0104.TIF,3,3,1,3,1,4,2064,2326,295,557
/Volumes/Mark-Banfield/Josh_Williams/Scoring_5May/Emma/Missed/DSC_0104.TIF,3,3,1,3,2,4,1993,2263,582,852
/Volumes/Mark-Banfield/Josh_Williams/Scoring_5May/Emma/Missed/DSC_0104.TIF,3,3,1,3,3,3,1841,2153,844,1156
/Volumes/Mark-Banfield/Josh_Williams/Scoring_5May/Emma/Missed/DSC_0104.TIF,3,3,1,3,4,2,2440,2760,886,1206
/Volumes/Mark-Banfield/Josh_Williams/Scoring_5May/Emma/Missed/DSC_0104.TIF,3,3,2,2,1,2,1126,1394,1796,2064
/Volumes/Mark-Banfield/Josh_Williams/Scoring_5May/Emma/Missed/DSC_0104.TIF,3,3,2,2,2,4,1041,1395,2074,2428
/Volumes/Mark-Banfield/Josh_Williams/Scoring_5May/Emma/Missed/DSC_0104.TIF,3,3,2,2,3,4,1028,1348,2440,2760
/Volumes/Mark-Banfield/Josh_Williams/Scoring_5May/Emma/Missed/DSC_0104.TIF,3,3,2,2,4,3,1508,1820,2393,2705
/Volumes/Mark-Banfield/Josh_Williams/Scoring_5May/Emma/Missed/DSC_0104.TIF,3,3,3,1,2,3,246,556,3207,3517
/Volumes/Mark-Banfield/Josh_Williams/Scoring_5May/Emma/Missed/DSC_0104.TIF,3,3,3,1,4,4,692,1004,3598,3910
/Volumes/Mark-Banfield/Josh_Williams/Scoring_5May/Emma/Missed/DSC_0104.TIF,3,3,3,1,5,4,810,1096,3320,3606
/Volumes/Mark-Banfield/Josh_Williams/Scoring_5May/Emma/Missed/DSC_0104.TIF,3,3,3,1,6,3,718,1028,3026,3336
/Volumes/Mark-Banfield/Josh_Williams/Scoring_5May/Emma/Missed/DSC_0104.TIF,3,3,3,3,1,3,1925,2187,3058,3320
/Volumes/Mark-Banfield/Josh_Williams/Scoring_5May/Emma/Missed/DSC_0104.TIF,3,3,3,3,2,4,1872,2174,3312,3614
/Volumes/Mark-Banfield/Josh_Williams/Scoring_5May/Emma/Missed/DSC_0104.TIF,3,3,3,3,3,4,1812,2140,3569,3897
/Volumes/Mark-Banfield/Josh_Williams/Scoring_5May/Emma/Missed/DSC_0104.TIF,3,3,3,3,4,4,2330,2616,3582,3868
/Volumes/Mark-Banfield/Josh_Williams/Scoring_5May/Emma/Missed/DSC_0216.TIF,3,3,1,1,3,4,322,632,1291,1601
/Volumes/Mark-Banfield/Josh_Williams/Scoring_5May/Emma/Missed/DSC_0216.TIF,3,3,1,1,4,5,936,1172,1374,1610
/Volumes/Mark-Banfield/Josh_Williams/Scoring_5May/Emma/Missed/DSC_0216.TIF,3,3,1,1,5,4,919,1147,1138,1366
/Volumes/Mark-Banfield/Josh_Williams/Scoring_5May/Emma/Missed/DSC_0216.TIF,3,3,1,1,6,3,928,1154,878,1104
/Volumes/Mark-Banfield/Josh_Williams/Scoring_5May/Emma/Missed/DSC_0216.TIF,3,3,1,3,1,3,2292,2570,920,1198
/Volumes/Mark-Banfield/Josh_Williams/Scoring_5May/Emma/Missed/DSC_0216.TIF,3,3,1,3,2,5,2234,2536,1202,1504
/Volumes/Mark-Banfield/Josh_Williams/Scoring_5May/Emma/Missed/DSC_0216.TIF,3,3,1,3,5,2,2612,2856,1180,1424
/Volumes/Mark-Banfield/Josh_Williams/Scoring_5May/Emma/Missed/DSC_0216.TIF,3,3,1,3,6,3,2565,2811,910,1156
/Volumes/Mark-Banfield/Josh_Williams/Scoring_5May/Emma/Missed/DSC_0216.TIF,3,3,2,2,1,2,1184,1446,2048,2310
/Volumes/Mark-Banfield/Josh_Williams/Scoring_5May/Emma/Missed/DSC_0216.TIF,3,3,2,2,2,3,1112,1382,2300,2570
/Volumes/Mark-Banfield/Josh_Williams/Scoring_5May/Emma/Missed/DSC_0216.TIF,3,3,2,2,3,4,1151,1437,2570,2856
/Volumes/Mark-Banfield/Josh_Williams/Scoring_5May/Emma/Missed/DSC_0216.TIF,3,3,2,2,4,3,1669,1931,2612,2874
/Volumes/Mark-Banfield/Josh_Williams/Scoring_5May/Emma/Missed/DSC_0216.TIF,3,3,3,1,1,3,759,979,3328,3548
/Volumes/Mark-Banfield/Josh_Williams/Scoring_5May/Emma/Missed/DSC_0216.TIF,3,3,3,1,4,4,1041,1319,3860,4138
/Volumes/Mark-Banfield/Josh_Williams/Scoring_5May/Emma/Missed/DSC_0216.TIF,3,3,3,1,5,3,1008,1302,3582,3876
/Volumes/Mark-Banfield/Josh_Williams/Scoring_5May/Emma/Missed/DSC_0216.TIF,3,3,3,1,6,4,983,1227,3354,3598
/Volumes/Mark-Banfield/Josh_Williams/Scoring_5May/Emma/Missed/DSC_0216.TIF,3,3,3,3,1,1,2217,2503,3320,3606
/Volumes/Mark-Banfield/Josh_Williams/Scoring_5May/Emma/Missed/DSC_0216.TIF,3,3,3,3,2,3,2022,2342,3565,3885
/Volumes/Mark-Banfield/Josh_Williams/Scoring_5May/Emma/Missed/DSC_0216.TIF,3,3,3,3,3,3,2056,2402,3829,4175
/Volumes/Mark-Banfield/Josh_Williams/Scoring_5May/Emma/Missed/DSC_0216.TIF,3,3,3,3,5,3,2604,2898,3532,3826
/Volumes/Mark-Banfield/Josh_Williams/Scoring_5May/Emma/Extras/_DSC9260.tif,3,4,1,2,1,2,2146,2386,452,692
/Volumes/Mark-Banfield/Josh_Williams/Scoring_5May/Emma/Extras/_DSC9260.tif,3,4,1,2,2,0,2108,2374,671,937
/Volumes/Mark-Banfield/Josh_Williams/Scoring_5May/Emma/Extras/_DSC9260.tif,3,4,1,2,3,3,2140,2394,918,1172
/Volumes/Mark-Banfield/Josh_Williams/Scoring_5May/Emma/Extras/_DSC9260.tif,3,4,1,2,4,2,2456,2698,775,1017
/Volumes/Mark-Banfield/Josh_Williams/Scoring_5May/Emma/Extras/_DSC9260.tif,3,4,1,2,5,1,2403,2649,484,730
/Volumes/Mark-Banfield/Josh_Williams/Scoring_5May/Emma/Extras/_DSC9260.tif,3,4,1,3,1,4,3160,3408,470,718
/Volumes/Mark-Banfield/Josh_Williams/Scoring_5May/Emma/Extras/_DSC9260.tif,3,4,1,3,2,0,3098,3344,700,946
/Volumes/Mark-Banfield/Josh_Williams/Scoring_5May/Emma/Extras/_DSC9260.tif,3,4,1,3,3,4,3174,3452,909,1187
/Volumes/Mark-Banfield/Josh_Williams/Scoring_5May/Emma/Extras/_DSC9260.tif,3,4,1,3,4,5,3503,3783,768,1048
/Volumes/Mark-Banfield/Josh_Williams/Scoring_5May/Emma/Extras/_DSC9260.tif,3,4,1,3,5,6,3426,3694,470,738
/Volumes/Mark-Banfield/Josh_Williams/Scoring_5May/Emma/Extras/_DSC9260.tif,3,4,2,1,1,0,864,1168,1407,1711
/Volumes/Mark-Banfield/Josh_Williams/Scoring_5May/Emma/Extras/_DSC9260.tif,3,4,2,1,2,4,830,1108,1702,1980
/Volumes/Mark-Banfield/Josh_Williams/Scoring_5May/Emma/Extras/_DSC9260.tif,3,4,2,1,3,2,870,1144,1930,2204
/Volumes/Mark-Banfield/Josh_Williams/Scoring_5May/Emma/Extras/_DSC9260.tif,3,4,2,1,4,1,1238,1542,1879,2183
/Volumes/Mark-Banfield/Josh_Williams/Scoring_5May/Emma/Extras/_DSC9260.tif,3,4,2,1,5,2,1200,1486,1486,1772
/Volumes/Mark-Banfield/Josh_Williams/Scoring_5May/Emma/Extras/_DSC9260.tif,3,4,2,2,1,0,1983,2295,1396,1708
/Volumes/Mark-Banfield/Josh_Williams/Scoring_5May/Emma/Extras/_DSC9260.tif,3,4,2,2,2,4,1936,2196,1708,1968
/Volumes/Mark-Banfield/Josh_Williams/Scoring_5May/Emma/Extras/_DSC9260.tif,3,4,2,2,3,3,1962,2202,1968,2208
/Volumes/Mark-Banfield/Josh_Williams/Scoring_5May/Emma/Extras/_DSC9260.tif,3,4,2,2,4,3,2368,2596,1781,2009
/Volumes/Mark-Banfield/Josh_Williams/Scoring_5May/Emma/Extras/_DSC9260.tif,3,4,2,2,5,2,2280,2532,1512,1764
/Volumes/Mark-Banfield/Josh_Williams/Scoring_5May/Emma/Extras/_DSC9260.tif,3,4,2,3,1,4,3091,3383,1530,1822
/Volumes/Mark-Banfield/Josh_Williams/Scoring_5May/Emma/Extras/_DSC9260.tif,3,4,2,3,2,4,2967,3215,1764,2012
/Volumes/Mark-Banfield/Josh_Williams/Scoring_5May/Emma/Extras/_DSC9260.tif,3,4,2,3,3,2,3097,3313,1962,2178
/Volumes/Mark-Banfield/Josh_Williams/Scoring_5May/Emma/Extras/_DSC9260.tif,3,4,2,3,4,2,3422,3650,1857,2085
/Volumes/Mark-Banfield/Josh_Williams/Scoring_5May/Emma/Extras/_DSC9260.tif,3,4,2,3,5,0,3402,3656,1550,1804
/Volumes/Mark-Banfield/Josh_Williams/Scoring_5May/Emma/Extras/_DSC9260.tif,3,4,2,4,1,6,4176,4450,1409,1683
/Volumes/Mark-Banfield/Josh_Williams/Scoring_5May/Emma/Extras/_DSC9260.tif,3,4,2,4,2,4,4084,4370,1714,2000
/Volumes/Mark-Banfield/Josh_Williams/Scoring_5May/Emma/Extras/_DSC9260.tif,3,4,2,4,3,1,4226,4474,1949,2197
/Volumes/Mark-Banfield/Josh_Williams/Scoring_5May/Emma/Extras/_DSC9260.tif,3,4,2,4,4,3,4620,4900,1748,2028
/Volumes/Mark-Banfield/Josh_Williams/Scoring_5May/Emma/Extras/_DSC9260.tif,3,4,2,4,5,0,4488,4786,1474,1772
/Volumes/Mark-Banfield/Josh_Williams/Scoring_5May/Emma/Extras/_DSC9260.tif,3,4,3,1,1,4,1042,1308,2505,2771
/Volumes/Mark-Banfield/Josh_Williams/Scoring_5May/Emma/Extras/_DSC9260.tif,3,4,3,1,2,2,940,1200,2710,2970
/Volumes/Mark-Banfield/Josh_Williams/Scoring_5May/Emma/Extras/_DSC9260.tif,3,4,3,1,3,2,920,1226,2970,3276
/Volumes/Mark-Banfield/Josh_Williams/Scoring_5May/Emma/Extras/_DSC9260.tif,3,4,3,1,4,0,1366,1644,2940,3218
/Volumes/Mark-Banfield/Josh_Williams/Scoring_5May/Emma/Extras/_DSC9260.tif,3,4,3,1,5,5,1310,1552,2704,2946
/Volumes/Mark-Banfield/Josh_Williams/Scoring_5May/Emma/Extras/_DSC9260.tif,3,4,3,2,1,4,1974,2222,2618,2866
/Volumes/Mark-Banfield/Josh_Williams/Scoring_5May/Emma/Extras/_DSC9260.tif,3,4,3,2,2,3,1895,2123,2850,3078
/Volumes/Mark-Banfield/Josh_Williams/Scoring_5May/Emma/Extras/_DSC9260.tif,3,4,3,2,3,3,1942,2178,3037,3273
/Volumes/Mark-Banfield/Josh_Williams/Scoring_5May/Emma/Extras/_DSC9260.tif,3,4,3,2,4,0,2272,2558,2939,3225
/Volumes/Mark-Banfield/Josh_Williams/Scoring_5May/Emma/Extras/_DSC9260.tif,3,4,3,2,5,4,2253,2495,2716,2958
/Volumes/Mark-Banfield/Josh_Williams/Scoring_5May/Emma/Extras/_DSC9260.tif,3,4,3,3,1,4,3107,3361,2476,2730
/Volumes/Mark-Banfield/Josh_Williams/Scoring_5May/Emma/Extras/_DSC9260.tif,3,4,3,3,2,2,3037,3323,2704,2990
/Volumes/Mark-Banfield/Josh_Williams/Scoring_5May/Emma/Extras/_DSC9260.tif,3,4,3,3,3,0,3002,3306,2981,3285
/Volumes/Mark-Banfield/Josh_Williams/Scoring_5May/Emma/Extras/_DSC9260.tif,3,4,3,3,4,4,3390,3726,2828,3164
/Volumes/Mark-Banfield/Josh_Williams/Scoring_5May/Emma/Extras/_DSC9260.tif,3,4,3,3,5,4,3367,3645,2578,2856
/Volumes/Mark-Banfield/Josh_Williams/Scoring_5May/Emma/Extras/_DSC9260.tif,3,4,3,4,1,1,4246,4512,2581,2847
/Volumes/Mark-Banfield/Josh_Williams/Scoring_5May/Emma/Extras/_DSC9260.tif,3,4,3,4,2,2,4132,4436,2800,3104
/Volumes/Mark-Banfield/Josh_Williams/Scoring_5May/Emma/Extras/_DSC9260.tif,3,4,3,4,3,0,4226,4512,3018,3304
/Volumes/Mark-Banfield/Josh_Williams/Scoring_5May/Emma/Extras/_DSC9260.tif,3,4,3,4,4,2,4576,4824,2929,3177
/Volumes/Mark-Banfield/Josh_Williams/Scoring_5May/Emma/Extras/_DSC9260.tif,3,4,3,4,5,2,4541,4833,2634,2926
/Volumes/Mark-Banfield/Josh_Williams/Scoring_5May/Emma/Extras/_DSC9854.tif,2,4,1,1,1,4,451,699,458,706
/Volumes/Mark-Banfield/Josh_Williams/Scoring_5May/Emma/Extras/_DSC9854.tif,2,4,1,1,2,1,295,671,698,1074
/Volumes/Mark-Banfield/Josh_Williams/Scoring_5May/Emma/Extras/_DSC9854.tif,2,4,1,1,3,1,292,712,1051,1471
/Volumes/Mark-Banfield/Josh_Williams/Scoring_5May/Emma/Extras/_DSC9854.tif,2,4,1,1,4,2,750,1086,994,1330
/Volumes/Mark-Banfield/Josh_Williams/Scoring_5May/Emma/Extras/_DSC9854.tif,2,4,1,1,5,0,680,1016,556,892
/Volumes/Mark-Banfield/Josh_Williams/Scoring_5May/Emma/Extras/_DSC9854.tif,2,4,1,2,1,4,1585,1851,528,794
/Volumes/Mark-Banfield/Josh_Williams/Scoring_5May/Emma/Extras/_DSC9854.tif,2,4,1,2,2,0,1384,1720,747,1083
/Volumes/Mark-Banfield/Josh_Williams/Scoring_5May/Emma/Extras/_DSC9854.tif,2,4,1,2,3,0,1492,1860,1130,1498
/Volumes/Mark-Banfield/Josh_Williams/Scoring_5May/Emma/Extras/_DSC9854.tif,2,4,1,2,4,2,1924,2254,1016,1346
/Volumes/Mark-Banfield/Josh_Williams/Scoring_5May/Emma/Extras/_DSC9854.tif,2,4,1,2,5,0,1863,2237,572,946
/Volumes/Mark-Banfield/Josh_Williams/Scoring_5May/Emma/Extras/_DSC9854.tif,2,4,1,3,1,0,3002,3332,392,722
/Volumes/Mark-Banfield/Josh_Williams/Scoring_5May/Emma/Extras/_DSC9854.tif,2,4,1,3,2,3,2882,3174,715,1007
/Volumes/Mark-Banfield/Josh_Williams/Scoring_5May/Emma/Extras/_DSC9854.tif,2,4,1,3,3,0,2964,3344,972,1352
/Volumes/Mark-Banfield/Josh_Williams/Scoring_5May/Emma/Extras/_DSC9854.tif,2,4,1,3,4,0,3440,3814,896,1270
/Volumes/Mark-Banfield/Josh_Williams/Scoring_5May/Emma/Extras/_DSC9854.tif,2,4,1,3,5,3,3323,3703,490,870
/Volumes/Mark-Banfield/Josh_Williams/Scoring_5May/Emma/Extras/_DSC9854.tif,2,4,1,4,1,0,4208,4530,376,698
/Volumes/Mark-Banfield/Josh_Williams/Scoring_5May/Emma/Extras/_DSC9854.tif,2,4,1,4,2,3,4144,4486,718,1060
/Volumes/Mark-Banfield/Josh_Williams/Scoring_5May/Emma/Extras/_DSC9854.tif,2,4,1,4,3,0,4142,4534,1068,1460
/Volumes/Mark-Banfield/Josh_Williams/Scoring_5May/Emma/Extras/_DSC9854.tif,2,4,1,4,4,0,4684,5058,886,1260
/Volumes/Mark-Banfield/Josh_Williams/Scoring_5May/Emma/Extras/_DSC9854.tif,2,4,1,4,5,3,4553,4929,476,852
/Volumes/Mark-Banfield/Josh_Williams/Scoring_5May/Emma/Extras/_DSC9854.tif,2,4,2,1,1,5,449,733,2178,2462
/Volumes/Mark-Banfield/Josh_Williams/Scoring_5May/Emma/Extras/_DSC9854.tif,2,4,2,1,2,3,302,652,2424,2774
/Volumes/Mark-Banfield/Josh_Williams/Scoring_5May/Emma/Extras/_DSC9854.tif,2,4,2,1,3,4,344,692,2755,3103
/Volumes/Mark-Banfield/Josh_Williams/Scoring_5May/Emma/Extras/_DSC9854.tif,2,4,2,1,4,2,814,1136,2607,2929
/Volumes/Mark-Banfield/Josh_Williams/Scoring_5May/Emma/Extras/_DSC9854.tif,2,4,2,1,5,0,776,1092,2251,2567
/Volumes/Mark-Banfield/Josh_Williams/Scoring_5May/Emma/Extras/_DSC9854.tif,2,4,2,2,1,3,1504,1796,2094,2386
/Volumes/Mark-Banfield/Josh_Williams/Scoring_5May/Emma/Extras/_DSC9854.tif,2,4,2,2,2,0,1355,1711,2412,2768
/Volumes/Mark-Banfield/Josh_Williams/Scoring_5May/Emma/Extras/_DSC9854.tif,2,4,2,2,3,3,1436,1726,2762,3052
/Volumes/Mark-Banfield/Josh_Williams/Scoring_5May/Emma/Extras/_DSC9854.tif,2,4,2,2,4,1,1910,2260,2548,2898
/Volumes/Mark-Banfield/Josh_Williams/Scoring_5May/Emma/Extras/_DSC9854.tif,2,4,2,2,5,0,1794,2130,2190,2526
/Volumes/Mark-Banfield/Josh_Williams/Scoring_5May/Emma/Extras/_DSC9854.tif,2,4,2,3,1,0,2932,3276,2094,2438
/Volumes/Mark-Banfield/Josh_Williams/Scoring_5May/Emma/Extras/_DSC9854.tif,2,4,2,3,2,2,2748,3098,2370,2720
/Volumes/Mark-Banfield/Josh_Williams/Scoring_5May/Emma/Extras/_DSC9854.tif,2,4,2,3,3,0,2844,3206,2704,3066
/Volumes/Mark-Banfield/Josh_Williams/Scoring_5May/Emma/Extras/_DSC9854.tif,2,4,2,3,4,3,3320,3644,2666,2990
/Volumes/Mark-Banfield/Josh_Williams/Scoring_5May/Emma/Extras/_DSC9854.tif,2,4,2,3,5,0,3276,3606,2301,2631
/Volumes/Mark-Banfield/Josh_Williams/Scoring_5May/Emma/Extras/_DSC9854.tif,2,4,2,4,1,0,4211,4565,2026,2380
/Volumes/Mark-Banfield/Josh_Williams/Scoring_5May/Emma/Extras/_DSC9854.tif,2,4,2,4,2,2,3998,4404,2390,2796
/Volumes/Mark-Banfield/Josh_Williams/Scoring_5May/Emma/Extras/_DSC9854.tif,2,4,2,4,3,0,3998,4424,2789,3215
/Volumes/Mark-Banfield/Josh_Williams/Scoring_5May/Emma/Extras/_DSC9854.tif,2,4,2,4,4,4,4608,4976,2616,2984
/Volumes/Mark-Banfield/Josh_Williams/Scoring_5May/Emma/Extras/_DSC9854.tif,2,4,2,4,5,1,4544,4912,2178,2546