img,maxrow,maxcol,row,col,pos,score,x1,x2,y1,y2
/Volumes/shared/Research-Groups/Mark-Banfield/Josh_Williams/Scoring_5May/JoshW/DSC_0103.TIF,3,3,1,1,1,2,654,888,654,888
/Volumes/shared/Research-Groups/Mark-Banfield/Josh_Williams/Scoring_5May/JoshW/DSC_0103.TIF,3,3,1,1,2,4,542,834,888,1180
/Volumes/shared/Research-Groups/Mark-Banfield/Josh_Williams/Scoring_5May/JoshW/DSC_0103.TIF,3,3,1,1,3,3,411,701,1152,1442
/Volumes/shared/Research-Groups/Mark-Banfield/Josh_Williams/Scoring_5May/JoshW/DSC_0103.TIF,3,3,1,1,5,3,900,1174,892,1166
/Volumes/shared/Research-Groups/Mark-Banfield/Josh_Williams/Scoring_5May/JoshW/DSC_0103.TIF,3,3,1,3,1,2,2298,2534,764,1000
/Volumes/shared/Research-Groups/Mark-Banfield/Josh_Williams/Scoring_5May/JoshW/DSC_0103.TIF,3,3,1,3,4,5,2532,2816,1409,1693
/Volumes/shared/Research-Groups/Mark-Banfield/Josh_Williams/Scoring_5May/JoshW/DSC_0103.TIF,3,3,1,3,5,5,2583,2863,1100,1380
/Volumes/shared/Research-Groups/Mark-Banfield/Josh_Williams/Scoring_5May/JoshW/DSC_0103.TIF,3,3,1,3,6,6,2566,2820,798,1052
/Volumes/shared/Research-Groups/Mark-Banfield/Josh_Williams/Scoring_5May/JoshW/DSC_0103.TIF,3,3,2,2,1,2,1300,1552,1689,1941
/Volumes/shared/Research-Groups/Mark-Banfield/Josh_Williams/Scoring_5May/JoshW/DSC_0103.TIF,3,3,2,2,2,2,1229,1511,1980,2262
/Volumes/shared/Research-Groups/Mark-Banfield/Josh_Williams/Scoring_5May/JoshW/DSC_0103.TIF,3,3,2,2,3,2,1174,1434,2338,2598
/Volumes/shared/Research-Groups/Mark-Banfield/Josh_Williams/Scoring_5May/JoshW/DSC_0103.TIF,3,3,2,2,4,1,1756,2002,2310,2556
/Volumes/shared/Research-Groups/Mark-Banfield/Josh_Williams/Scoring_5May/JoshW/DSC_0103.TIF,3,3,3,1,1,1,660,872,3075,3287
/Volumes/shared/Research-Groups/Mark-Banfield/Josh_Williams/Scoring_5May/JoshW/DSC_0103.TIF,3,3,3,1,4,3,994,1262,3616,3884
/Volumes/shared/Research-Groups/Mark-Banfield/Josh_Williams/Scoring_5May/JoshW/DSC_0103.TIF,3,3,3,1,5,3,962,1216,3286,3540
/Volumes/shared/Research-Groups/Mark-Banfield/Josh_Williams/Scoring_5May/JoshW/DSC_0103.TIF,3,3,3,1,6,2,897,1149,3006,3258
/Volumes/shared/Research-Groups/Mark-Banfield/Josh_Williams/Scoring_5May/JoshW/DSC_0103.TIF,3,3,3,3,2,2,1956,2216,3336,3596
/Volumes/shared/Research-Groups/Mark-Banfield/Josh_Williams/Scoring_5May/JoshW/DSC_0103.TIF,3,3,3,3,4,3,2536,2794,3670,3928
/Volumes/shared/Research-Groups/Mark-Banfield/Josh_Williams/Scoring_5May/JoshW/DSC_0103.TIF,3,3,3,3,5,4,2480,2710,3358,3588
/Volumes/shared/Research-Groups/Mark-Banfield/Josh_Williams/Scoring_5May/JoshW/DSC_0103.TIF,3,3,3,3,6,3,2310,2598,3012,3300
/Volumes/shared/Research-Groups/Mark-Banfield/Josh_Williams/Scoring_5May/JoshW/DSC_0105.TIF,3,3,1,1,3,0,444,738,1090,1384
/Volumes/shared/Research-Groups/Mark-Banfield/Josh_Williams/Scoring_5May/JoshW/DSC_0105.TIF,3,3,1,1,4,0,1089,1369,942,1222
/Volumes/shared/Research-Groups/Mark-Banfield/Josh_Williams/Scoring_5May/JoshW/DSC_0105.TIF,3,3,1,3,2,0,2037,2359,612,934
/Volumes/shared/Research-Groups/Mark-Banfield/Josh_Williams/Scoring_5May/JoshW/DSC_0105.TIF,3,3,1,3,5,0,2578,2900,654,976
/Volumes/shared/Research-Groups/Mark-Banfield/Josh_Williams/Scoring_5May/JoshW/DSC_0105.TIF,3,3,2,2,1,0,1356,1616,1422,1682
/Volumes/shared/Research-Groups/Mark-Banfield/Josh_Williams/Scoring_5May/JoshW/DSC_0105.TIF,3,3,2,2,6,0,1721,1973,1398,1650
/Volumes/shared/Research-Groups/Mark-Banfield/Josh_Williams/Scoring_5May/JoshW/DSC_0105.TIF,3,3,3,1,2,1,486,788,3241,3543
/Volumes/shared/Research-Groups/Mark-Banfield/Josh_Williams/Scoring_5May/JoshW/DSC_0105.TIF,3,3,3,1,5,0,903,1205,3230,3532
/Volumes/shared/Research-Groups/Mark-Banfield/Josh_Williams/Scoring_5May/JoshW/DSC_0105.TIF,3,3,3,3,1,0,2254,2522,2981,3249
/Volumes/shared/Research-Groups/Mark-Banfield/Josh_Williams/Scoring_5May/JoshW/DSC_0105.TIF,3,3,3,3,6,0,2578,2830,2936,3188
/Volumes/shared/Research-Groups/Mark-Banfield/Josh_Williams/Scoring_5May/JoshW/DSC_0112.TIF,3,3,1,1,2,4,240,492,732,984
/Volumes/shared/Research-Groups/Mark-Banfield/Josh_Williams/Scoring_5May/JoshW/DSC_0112.TIF,3,3,1,1,4,1,854,1094,1004,1244
/Volumes/shared/Research-Groups/Mark-Banfield/Josh_Williams/Scoring_5May/JoshW/DSC_0112.TIF,3,3,1,1,5,3,865,1103,732,970
/Volumes/shared/Research-Groups/Mark-Banfield/Josh_Williams/Scoring_5May/JoshW/DSC_0112.TIF,3,3,1,1,6,2,716,942,492,718
/Volumes/shared/Research-Groups/Mark-Banfield/Josh_Williams/Scoring_5May/JoshW/DSC_0112.TIF,3,3,1,3,1,1,2236,2462,330,556
/Volumes/shared/Research-Groups/Mark-Banfield/Josh_Williams/Scoring_5May/JoshW/DSC_0112.TIF,3,3,1,3,2,1,2114,2416,577,879
/Volumes/shared/Research-Groups/Mark-Banfield/Josh_Williams/Scoring_5May/JoshW/DSC_0112.TIF,3,3,1,3,3,2,2128,2450,914,1236
/Volumes/shared/Research-Groups/Mark-Banfield/Josh_Williams/Scoring_5May/JoshW/DSC_0112.TIF,3,3,1,3,6,1,2518,2798,240,520
/Volumes/shared/Research-Groups/Mark-Banfield/Josh_Williams/Scoring_5May/JoshW/DSC_0112.TIF,3,3,2,2,2,0,1208,1468,1994,2254
/Volumes/shared/Research-Groups/Mark-Banfield/Josh_Williams/Scoring_5May/JoshW/DSC_0112.TIF,3,3,2,2,4,0,1700,2002,2331,2633
/Volumes/shared/Research-Groups/Mark-Banfield/Josh_Williams/Scoring_5May/JoshW/DSC_0112.TIF,3,3,2,2,5,1,1707,1973,2058,2324
/Volumes/shared/Research-Groups/Mark-Banfield/Josh_Williams/Scoring_5May/JoshW/DSC_0112.TIF,3,3,2,2,6,0,1609,1861,1764,2016
/Volumes/shared/Research-Groups/Mark-Banfield/Josh_Williams/Scoring_5May/JoshW/DSC_0112.TIF,3,3,3,1,1,1,548,830,2970,3252
/Volumes/shared/Research-Groups/Mark-Banfield/Josh_Williams/Scoring_5May/JoshW/DSC_0112.TIF,3,3,3,1,2,2,471,759,3230,3518
/Volumes/shared/Research-Groups/Mark-Banfield/Josh_Williams/Scoring_5May/JoshW/DSC_0112.TIF,3,3,3,1,3,1,422,668,3605,3851
/Volumes/shared/Research-Groups/Mark-Banfield/Josh_Williams/Scoring_5May/JoshW/DSC_0112.TIF,3,3,3,1,5,2,1012,1300,3272,3560
/Volumes/shared/Research-Groups/Mark-Banfield/Josh_Williams/Scoring_5May/JoshW/DSC_0112.TIF,3,3,3,3,3,0,1935,2245,3798,4108
/Volumes/shared/Research-Groups/Mark-Banfield/Josh_Williams/Scoring_5May/JoshW/DSC_0112.TIF,3,3,3,3,4,1,2654,2914,3802,4062
/Volumes/shared/Research-Groups/Mark-Banfield/Josh_Williams/Scoring_5May/JoshW/DSC_0112.TIF,3,3,3,3,5,1,2536,2838,3402,3704
/Volumes/shared/Research-Groups/Mark-Banfield/Josh_Williams/Scoring_5May/JoshW/DSC_0112.TIF,3,3,3,3,6,1,2490,2756,3076,3342
/Volumes/shared/Research-Groups/Mark-Banfield/Josh_Williams/Scoring_5May/JoshW/_DSC0170.tif,3,4,1,1,1,2,1037,1165,582,710
/Volumes/shared/Research-Groups/Mark-Banfield/Josh_Williams/Scoring_5May/JoshW/_DSC0170.tif,3,4,1,1,2,5,974,1106,710,842
/Volumes/shared/Research-Groups/Mark-Banfield/Josh_Williams/Scoring_5May/JoshW/_DSC0170.tif,3,4,1,1,3,5,930,1072,848,990
/Volumes/shared/Research-Groups/Mark-Banfield/Josh_Williams/Scoring_5May/JoshW/_DSC0170.tif,3,4,1,1,4,4,942,1084,1038,1180
/Volumes/shared/Research-Groups/Mark-Banfield/Josh_Williams/Scoring_5May/JoshW/_DSC0170.tif,3,4,1,1,5,0,1286,1440,1082,1236
/Volumes/shared/Research-Groups/Mark-Banfield/Josh_Williams/Scoring_5May/JoshW/_DSC0170.tif,3,4,1,1,6,4,1370,1518,914,1062
/Volumes/shared/Research-Groups/Mark-Banfield/Josh_Williams/Scoring_5May/JoshW/_DSC0170.tif,3,4,1,1,7,3,1330,1478,788,936
/Volumes/shared/Research-Groups/Mark-Banfield/Josh_Williams/Scoring_5May/JoshW/_DSC0170.tif,3,4,1,1,8,4,1265,1407,652,794
/Volumes/shared/Research-Groups/Mark-Banfield/Josh_Williams/Scoring_5May/JoshW/_DSC0170.tif,3,4,1,2,1,0,1891,2039,598,746
/Volumes/shared/Research-Groups/Mark-Banfield/Josh_Williams/Scoring_5May/JoshW/_DSC0170.tif,3,4,1,2,2,6,1831,1963,758,890
/Volumes/shared/Research-Groups/Mark-Banfield/Josh_Williams/Scoring_5May/JoshW/_DSC0170.tif,3,4,1,2,3,0,1785,1929,910,1054
/Volumes/shared/Research-Groups/Mark-Banfield/Josh_Williams/Scoring_5May/JoshW/_DSC0170.tif,3,4,1,2,4,3,1861,2021,1084,1244
/Volumes/shared/Research-Groups/Mark-Banfield/Josh_Williams/Scoring_5May/JoshW/_DSC0170.tif,3,4,1,2,5,0,2180,2338,1048,1206
/Volumes/shared/Research-Groups/Mark-Banfield/Josh_Williams/Scoring_5May/JoshW/_DSC0170.tif,3,4,1,2,6,3,2238,2392,836,990
/Volumes/shared/Research-Groups/Mark-Banfield/Josh_Williams/Scoring_5May/JoshW/_DSC0170.tif,3,4,1,2,7,4,2138,2296,694,852
/Volumes/shared/Research-Groups/Mark-Banfield/Josh_Williams/Scoring_5May/JoshW/_DSC0170.tif,3,4,1,2,8,5,2044,2182,556,694
/Volumes/shared/Research-Groups/Mark-Banfield/Josh_Williams/Scoring_5May/JoshW/_DSC0170.tif,3,4,1,3,1,5,3148,3296,570,718
/Volumes/shared/Research-Groups/Mark-Banfield/Josh_Williams/Scoring_5May/JoshW/_DSC0170.tif,3,4,1,3,2,0,3084,3238,704,858
/Volumes/shared/Research-Groups/Mark-Banfield/Josh_Williams/Scoring_5May/JoshW/_DSC0170.tif,3,4,1,3,3,3,2972,3152,895,1075
/Volumes/shared/Research-Groups/Mark-Banfield/Josh_Williams/Scoring_5May/JoshW/_DSC0170.tif,3,4,1,3,4,2,3094,3280,1079,1265
/Volumes/shared/Research-Groups/Mark-Banfield/Josh_Williams/Scoring_5May/JoshW/_DSC0170.tif,3,4,1,3,5,4,3358,3522,1056,1220
/Volumes/shared/Research-Groups/Mark-Banfield/Josh_Williams/Scoring_5May/JoshW/_DSC0170.tif,3,4,1,3,6,0,3488,3640,890,1042
/Volumes/shared/Research-Groups/Mark-Banfield/Josh_Williams/Scoring_5May/JoshW/_DSC0170.tif,3,4,1,3,7,3,3390,3564,704,878
/Volumes/shared/Research-Groups/Mark-Banfield/Josh_Williams/Scoring_5May/JoshW/_DSC0170.tif,3,4,1,3,8,2,3309,3445,578,714
/Volumes/shared/Research-Groups/Mark-Banfield/Josh_Williams/Scoring_5May/JoshW/_DSC0170.tif,3,4,1,4,1,6,4073,4205,604,736
/Volumes/shared/Research-Groups/Mark-Banfield/Josh_Williams/Scoring_5May/JoshW/_DSC0170.tif,3,4,1,4,2,0,3964,4138,742,916
/Volumes/shared/Research-Groups/Mark-Banfield/Josh_Williams/Scoring_5May/JoshW/_DSC0170.tif,3,4,1,4,3,6,3877,4073,932,1128
/Volumes/shared/Research-Groups/Mark-Banfield/Josh_Williams/Scoring_5May/JoshW/_DSC0170.tif,3,4,1,4,4,4,3930,4100,1151,1321
/Volumes/shared/Research-Groups/Mark-Banfield/Josh_Williams/Scoring_5May/JoshW/_DSC0170.tif,3,4,1,4,5,5,4310,4480,1084,1254
/Volumes/shared/Research-Groups/Mark-Banfield/Josh_Williams/Scoring_5May/JoshW/_DSC0170.tif,3,4,1,4,6,0,4374,4544,942,1112
/Volumes/shared/Research-Groups/Mark-Banfield/Josh_Williams/Scoring_5May/JoshW/_DSC0170.tif,3,4,1,4,7,5,4291,4445,768,922
/Volumes/shared/Research-Groups/Mark-Banfield/Josh_Williams/Scoring_5May/JoshW/_DSC0170.tif,3,4,1,4,8,4,4231,4349,624,742
/Volumes/shared/Research-Groups/Mark-Banfield/Josh_Williams/Scoring_5May/JoshW/_DSC0170.tif,3,4,2,1,2,5,926,1074,1777,1925
/Volumes/shared/Research-Groups/Mark-Banfield/Josh_Williams/Scoring_5May/JoshW/_DSC0170.tif,3,4,2,1,3,2,878,1026,1916,2064
/Volumes/shared/Research-Groups/Mark-Banfield/Josh_Williams/Scoring_5May/JoshW/_DSC0170.tif,3,4,2,1,5,1,1186,1344,2153,2311
/Volumes/shared/Research-Groups/Mark-Banfield/Josh_Williams/Scoring_5May/JoshW/_DSC0170.tif,3,4,2,1,6,6,1323,1471,2016,2164
/Volumes/shared/Research-Groups/Mark-Banfield/Josh_Williams/Scoring_5May/JoshW/_DSC0170.tif,3,4,2,1,7,0,1244,1402,1852,2010
/Volumes/shared/Research-Groups/Mark-Banfield/Josh_Williams/Scoring_5May/JoshW/_DSC0170.tif,3,4,2,1,8,5,1174,1322,1703,1851
/Volumes/shared/Research-Groups/Mark-Banfield/Josh_Williams/Scoring_5May/JoshW/_DSC0170.tif,3,4,2,2,1,3,1910,2058,1593,1741
/Volumes/shared/Research-Groups/Mark-Banfield/Josh_Williams/Scoring_5May/JoshW/_DSC0170.tif,3,4,2,2,2,3,1839,1981,1746,1888
/Volumes/shared/Research-Groups/Mark-Banfield/Josh_Williams/Scoring_5May/JoshW/_DSC0170.tif,3,4,2,2,3,0,1812,1988,1904,2080
/Volumes/shared/Research-Groups/Mark-Banfield/Josh_Williams/Scoring_5May/JoshW/_DSC0170.tif,3,4,2,2,4,3,1878,2058,2108,2288
/Volumes/shared/Research-Groups/Mark-Banfield/Josh_Williams/Scoring_5May/JoshW/_DSC0170.tif,3,4,2,2,5,1,2182,2372,2100,2290
/Volumes/shared/Research-Groups/Mark-Banfield/Josh_Williams/Scoring_5May/JoshW/_DSC0170.tif,3,4,2,2,6,2,2273,2431,1936,2094
/Volumes/shared/Research-Groups/Mark-Banfield/Josh_Williams/Scoring_5May/JoshW/_DSC0170.tif,3,4,2,2,7,0,2212,2360,1764,1912
/Volumes/shared/Research-Groups/Mark-Banfield/Josh_Williams/Scoring_5May/JoshW/_DSC0170.tif,3,4,2,2,8,3,2116,2280,1595,1759
/Volumes/shared/Research-Groups/Mark-Banfield/Josh_Williams/Scoring_5May/JoshW/_DSC0170.tif,3,4,2,3,1,5,3148,3296,1593,1741
/Volumes/shared/Research-Groups/Mark-Banfield/Josh_Williams/Scoring_5May/JoshW/_DSC0170.tif,3,4,2,3,2,5,3046,3200,1756,1910
/Volumes/shared/Research-Groups/Mark-Banfield/Josh_Williams/Scoring_5May/JoshW/_DSC0170.tif,3,4,2,3,3,6,3041,3227,1904,2090
/Volumes/shared/Research-Groups/Mark-Banfield/Josh_Williams/Scoring_5May/JoshW/_DSC0170.tif,3,4,2,3,4,1,2952,3120,2119,2287
/Volumes/shared/Research-Groups/Mark-Banfield/Josh_Williams/Scoring_5May/JoshW/_DSC0170.tif,3,4,2,3,5,3,3306,3476,2182,2352
/Volumes/shared/Research-Groups/Mark-Banfield/Josh_Williams/Scoring_5May/JoshW/_DSC0170.tif,3,4,2,3,6,0,3407,3559,2016,2168
/Volumes/shared/Research-Groups/Mark-Banfield/Josh_Williams/Scoring_5May/JoshW/_DSC0170.tif,3,4,2,3,7,3,3406,3534,1878,2006
/Volumes/shared/Research-Groups/Mark-Banfield/Josh_Williams/Scoring_5May/JoshW/_DSC0170.tif,3,4,2,3,8,0,3312,3496,1651,1835
/Volumes/shared/Research-Groups/Mark-Banfield/Josh_Williams/Scoring_5May/JoshW/_DSC0170.tif,3,4,2,4,1,4,3994,4146,1566,1718
/Volumes/shared/Research-Groups/Mark-Banfield/Josh_Williams/Scoring_5May/JoshW/_DSC0170.tif,3,4,2,4,2,3,3866,4020,1714,1868
/Volumes/shared/Research-Groups/Mark-Banfield/Josh_Williams/Scoring_5May/JoshW/_DSC0170.tif,3,4,2,4,3,3,3806,3990,1900,2084
/Volumes/shared/Research-Groups/Mark-Banfield/Josh_Williams/Scoring_5May/JoshW/_DSC0170.tif,3,4,2,4,4,0,3872,4056,2136,2320
/Volumes/shared/Research-Groups/Mark-Banfield/Josh_Williams/Scoring_5May/JoshW/_DSC0170.tif,3,4,2,4,5,6,4201,4387,2094,2280
/Volumes/shared/Research-Groups/Mark-Banfield/Josh_Williams/Scoring_5May/JoshW/_DSC0170.tif,3,4,2,4,6,4,4348,4512,1936,2100
/Volumes/shared/Research-Groups/Mark-Banfield/Josh_Williams/Scoring_5May/JoshW/_DSC0170.tif,3,4,2,4,7,6,4290,4470,1736,1916
/Volumes/shared/Research-Groups/Mark-Banfield/Josh_Williams/Scoring_5May/JoshW/_DSC0170.tif,3,4,2,4,8,0,4173,4341,1588,1756
/Volumes/shared/Research-Groups/Mark-Banfield/Josh_Williams/Scoring_5May/JoshW/_DSC0170.tif,3,4,3,2,1,4,1986,2140,2618,2772
/Volumes/shared/Research-Groups/Mark-Banfield/Josh_Williams/Scoring_5May/JoshW/_DSC0170.tif,3,4,3,2,2,6,1894,2052,2798,2956
/Volumes/shared/Research-Groups/Mark-Banfield/Josh_Williams/Scoring_5May/JoshW/_DSC0170.tif,3,4,3,2,3,3,1878,2048,2994,3164
/Volumes/shared/Research-Groups/Mark-Banfield/Josh_Williams/Scoring_5May/JoshW/_DSC0170.tif,3,4,3,2,4,4,1990,2154,3107,3271
/Volumes/shared/Research-Groups/Mark-Banfield/Josh_Williams/Scoring_5May/JoshW/_DSC0170.tif,3,4,3,2,5,0,2286,2450,3136,3300
/Volumes/shared/Research-Groups/Mark-Banfield/Josh_Williams/Scoring_5May/JoshW/_DSC0170.tif,3,4,3,2,6,5,2393,2585,2824,3016
/Volumes/shared/Research-Groups/Mark-Banfield/Josh_Williams/Scoring_5May/JoshW/_DSC0170.tif,3,4,3,2,7,5,2254,2428,2664,2838
/Volumes/shared/Research-Groups/Mark-Banfield/Josh_Williams/Scoring_5May/JoshW/_DSC0170.tif,3,4,3,2,8,6,2120,2272,2582,2734
/Volumes/shared/Research-Groups/Mark-Banfield/Josh_Williams/Scoring_5May/JoshW/_DSC0170.tif,3,4,3,3,1,3,2919,3063,2618,2762
/Volumes/shared/Research-Groups/Mark-Banfield/Josh_Williams/Scoring_5May/JoshW/_DSC0170.tif,3,4,3,3,2,4,2827,3003,2734,2910
/Volumes/shared/Research-Groups/Mark-Banfield/Josh_Williams/Scoring_5May/JoshW/_DSC0170.tif,3,4,3,3,3,4,2822,3002,2940,3120
/Volumes/shared/Research-Groups/Mark-Banfield/Josh_Williams/Scoring_5May/JoshW/_DSC0170.tif,3,4,3,3,4,3,2888,3084,3152,3348
/Volumes/shared/Research-Groups/Mark-Banfield/Josh_Williams/Scoring_5May/JoshW/_DSC0170.tif,3,4,3,3,5,0,3216,3402,3086,3272
/Volumes/shared/Research-Groups/Mark-Banfield/Josh_Williams/Scoring_5May/JoshW/_DSC0170.tif,3,4,3,3,6,6,3284,3476,2853,3045
/Volumes/shared/Research-Groups/Mark-Banfield/Josh_Williams/Scoring_5May/JoshW/_DSC0170.tif,3,4,3,3,7,5,3200,3380,2685,2865
/Volumes/shared/Research-Groups/Mark-Banfield/Josh_Williams/Scoring_5May/JoshW/_DSC0170.tif,3,4,3,3,8,1,3100,3222,2621,2743
/Volumes/shared/Research-Groups/Mark-Banfield/Josh_Williams/Scoring_5May/JoshW/_DSC8786.tif,2,4,1,1,1,0,976,1194,689,907
/Volumes/shared/Research-Groups/Mark-Banfield/Josh_Williams/Scoring_5May/JoshW/_DSC8786.tif,2,4,1,1,2,3,822,996,790,964
/Volumes/shared/Research-Groups/Mark-Banfield/Josh_Williams/Scoring_5May/JoshW/_DSC8786.tif,2,4,1,1,3,0,776,1040,981,1245
/Volumes/shared/Research-Groups/Mark-Banfield/Josh_Williams/Scoring_5May/JoshW/_DSC8786.tif,2,4,1,1,4,0,770,1022,1276,1528
/Volumes/shared/Research-Groups/Mark-Banfield/Josh_Williams/Scoring_5May/JoshW/_DSC8786.tif,2,4,1,1,5,0,1193,1439,1364,1610
/Volumes/shared/Research-Groups/Mark-Banfield/Josh_Williams/Scoring_5May/JoshW/_DSC8786.tif,2,4,1,1,6,1,1394,1600,1190,1396
/Volumes/shared/Research-Groups/Mark-Banfield/Josh_Williams/Scoring_5May/JoshW/_DSC8786.tif,2,4,1,1,7,0,1346,1582,909,1145
/Volumes/shared/Research-Groups/Mark-Banfield/Josh_Williams/Scoring_5May/JoshW/_DSC8786.tif,2,4,1,1,8,0,1236,1428,704,896
/Volumes/shared/Research-Groups/Mark-Banfield/Josh_Williams/Scoring_5May/JoshW/_DSC8786.tif,2,4,1,2,1,0,1842,2060,693,911
/Volumes/shared/Research-Groups/Mark-Banfield/Josh_Williams/Scoring_5May/JoshW/_DSC8786.tif,2,4,1,2,2,2,1686,1904,879,1097
/Volumes/shared/Research-Groups/Mark-Banfield/Josh_Williams/Scoring_5May/JoshW/_DSC8786.tif,2,4,1,2,3,0,1672,1882,1136,1346
/Volumes/shared/Research-Groups/Mark-Banfield/Josh_Williams/Scoring_5May/JoshW/_DSC8786.tif,2,4,1,2,4,0,1818,2046,1332,1560
/Volumes/shared/Research-Groups/Mark-Banfield/Josh_Williams/Scoring_5May/JoshW/_DSC8786.tif,2,4,1,2,5,1,2099,2329,1296,1526
/Volumes/shared/Research-Groups/Mark-Banfield/Josh_Williams/Scoring_5May/JoshW/_DSC8786.tif,2,4,1,2,6,0,2300,2468,1146,1314
/Volumes/shared/Research-Groups/Mark-Banfield/Josh_Williams/Scoring_5May/JoshW/_DSC8786.tif,2,4,1,2,7,0,2191,2431,836,1076
/Volumes/shared/Research-Groups/Mark-Banfield/Josh_Williams/Scoring_5May/JoshW/_DSC8786.tif,2,4,1,2,8,0,2095,2255,640,800
/Volumes/shared/Research-Groups/Mark-Banfield/Josh_Williams/Scoring_5May/JoshW/_DSC8786.tif,2,4,1,3,1,0,3202,3388,739,925
/Volumes/shared/Research-Groups/Mark-Banfield/Josh_Williams/Scoring_5May/JoshW/_DSC8786.tif,2,4,1,3,2,2,3113,3277,954,1118
/Volumes/shared/Research-Groups/Mark-Banfield/Josh_Williams/Scoring_5May/JoshW/_DSC8786.tif,2,4,1,3,3,3,3150,3290,1104,1244
/Volumes/shared/Research-Groups/Mark-Banfield/Josh_Williams/Scoring_5May/JoshW/_DSC8786.tif,2,4,1,3,4,1,3112,3312,1254,1454
/Volumes/shared/Research-Groups/Mark-Banfield/Josh_Williams/Scoring_5May/JoshW/_DSC8786.tif,2,4,1,3,5,0,3474,3678,1305,1509
/Volumes/shared/Research-Groups/Mark-Banfield/Josh_Williams/Scoring_5May/JoshW/_DSC8786.tif,2,4,1,3,6,0,3630,3848,1109,1327
/Volumes/shared/Research-Groups/Mark-Banfield/Josh_Williams/Scoring_5May/JoshW/_DSC8786.tif,2,4,1,3,7,4,3499,3735,858,1094
/Volumes/shared/Research-Groups/Mark-Banfield/Josh_Williams/Scoring_5May/JoshW/_DSC8786.tif,2,4,1,3,8,0,3441,3621,714,894
/Volumes/shared/Research-Groups/Mark-Banfield/Josh_Williams/Scoring_5May/JoshW/_DSC8786.tif,2,4,1,4,1,0,4279,4503,526,750
/Volumes/shared/Research-Groups/Mark-Banfield/Josh_Williams/Scoring_5May/JoshW/_DSC8786.tif,2,4,1,4,2,0,4060,4302,697,939
/Volumes/shared/Research-Groups/Mark-Banfield/Josh_Williams/Scoring_5May/JoshW/_DSC8786.tif,2,4,1,4,3,0,4012,4224,995,1207
/Volumes/shared/Research-Groups/Mark-Banfield/Josh_Williams/Scoring_5May/JoshW/_DSC8786.tif,2,4,1,4,4,0,4074,4394,1269,1589
/Volumes/shared/Research-Groups/Mark-Banfield/Josh_Williams/Scoring_5May/JoshW/_DSC8786.tif,2,4,1,4,5,0,4676,4976,1230,1530
/Volumes/shared/Research-Groups/Mark-Banfield/Josh_Williams/Scoring_5May/JoshW/_DSC8786.tif,2,4,1,4,6,2,4766,4994,950,1178
/Volumes/shared/Research-Groups/Mark-Banfield/Josh_Williams/Scoring_5May/JoshW/_DSC8786.tif,2,4,1,4,7,3,4702,4908,701,907
/Volumes/shared/Research-Groups/Mark-Banfield/Josh_Williams/Scoring_5May/JoshW/_DSC8786.tif,2,4,1,4,8,0,4508,4750,530,772
/Volumes/shared/Research-Groups/Mark-Banfield/Josh_Williams/Scoring_5May/JoshW/_DSC8786.tif,2,4,2,1,1,0,908,1160,2201,2453
/Volumes/shared/Research-Groups/Mark-Banfield/Josh_Williams/Scoring_5May/JoshW/_DSC8786.tif,2,4,2,1,2,0,730,958,2405,2633
/Volumes/shared/Research-Groups/Mark-Banfield/Josh_Williams/Scoring_5May/JoshW/_DSC8786.tif,2,4,2,1,3,0,623,875,2668,2920
/Volumes/shared/Research-Groups/Mark-Banfield/Josh_Williams/Scoring_5May/JoshW/_DSC8786.tif,2,4,2,1,4,1,662,976,2915,3229
/Volumes/shared/Research-Groups/Mark-Banfield/Josh_Williams/Scoring_5May/JoshW/_DSC8786.tif,2,4,2,1,5,0,1159,1477,2960,3278
/Volumes/shared/Research-Groups/Mark-Banfield/Josh_Williams/Scoring_5May/JoshW/_DSC8786.tif,2,4,2,1,6,0,1485,1735,2932,3182
/Volumes/shared/Research-Groups/Mark-Banfield/Josh_Williams/Scoring_5May/JoshW/_DSC8786.tif,2,4,2,1,7,0,1364,1658,2574,2868
/Volumes/shared/Research-Groups/Mark-Banfield/Josh_Williams/Scoring_5May/JoshW/_DSC8786.tif,2,4,2,1,8,3,1203,1465,2274,2536
/Volumes/shared/Research-Groups/Mark-Banfield/Josh_Williams/Scoring_5May/JoshW/_DSC8786.tif,2,4,2,2,1,0,2079,2309,2188,2418
/Volumes/shared/Research-Groups/Mark-Banfield/Josh_Williams/Scoring_5May/JoshW/_DSC8786.tif,2,4,2,2,2,0,1858,2046,2327,2515
/Volumes/shared/Research-Groups/Mark-Banfield/Josh_Williams/Scoring_5May/JoshW/_DSC8786.tif,2,4,2,2,3,0,1754,2018,2488,2752
/Volumes/shared/Research-Groups/Mark-Banfield/Josh_Williams/Scoring_5May/JoshW/_DSC8786.tif,2,4,2,2,4,1,1906,2202,2728,3024
/Volumes/shared/Research-Groups/Mark-Banfield/Josh_Williams/Scoring_5May/JoshW/_DSC8786.tif,2,4,2,2,5,1,2298,2526,2888,3116
/Volumes/shared/Research-Groups/Mark-Banfield/Josh_Williams/Scoring_5May/JoshW/_DSC8786.tif,2,4,2,2,6,0,2458,2670,2720,2932
/Volumes/shared/Research-Groups/Mark-Banfield/Josh_Williams/Scoring_5May/JoshW/_DSC8786.tif,2,4,2,2,7,0,2458,2670,2470,2682
/Volumes/shared/Research-Groups/Mark-Banfield/Josh_Williams/Scoring_5May/JoshW/_DSC8786.tif,2,4,2,2,8,1,2374,2570,2252,2448
/Volumes/shared/Research-Groups/Mark-Banfield/Josh_Williams/Scoring_5May/JoshW/_DSC8786.tif,2,4,2,3,1,3,3232,3452,2091,2311
/Volumes/shared/Research-Groups/Mark-Banfield/Josh_Williams/Scoring_5May/JoshW/_DSC8786.tif,2,4,2,3,2,0,2992,3228,2285,2521
/Volumes/shared/Research-Groups/Mark-Banfield/Josh_Williams/Scoring_5May/JoshW/_DSC8786.tif,2,4,2,3,3,0,2918,3228,2601,2911
/Volumes/shared/Research-Groups/Mark-Banfield/Josh_Williams/Scoring_5May/JoshW/_DSC8786.tif,2,4,2,3,4,0,3114,3434,2842,3162
/Volumes/shared/Research-Groups/Mark-Banfield/Josh_Williams/Scoring_5May/JoshW/_DSC8786.tif,2,4,2,3,5,0,3483,3815,2746,3078
/Volumes/shared/Research-Groups/Mark-Banfield/Josh_Williams/Scoring_5May/JoshW/_DSC8786.tif,2,4,2,3,6,0,3736,3986,2500,2750
/Volumes/shared/Research-Groups/Mark-Banfield/Josh_Williams/Scoring_5May/JoshW/_DSC8786.tif,2,4,2,3,7,2,3646,3910,2269,2533
/Volumes/shared/Research-Groups/Mark-Banfield/Josh_Williams/Scoring_5May/JoshW/_DSC8786.tif,2,4,2,4,1,3,4252,4462,2248,2458
/Volumes/shared/Research-Groups/Mark-Banfield/Josh_Williams/Scoring_5May/JoshW/_DSC8786.tif,2,4,2,4,2,0,4130,4360,2406,2636
/Volumes/shared/Research-Groups/Mark-Banfield/Josh_Williams/Scoring_5May/JoshW/_DSC8786.tif,2,4,2,4,3,0,4069,4289,2664,2884
/Volumes/shared/Research-Groups/Mark-Banfield/Josh_Williams/Scoring_5May/JoshW/_DSC8786.tif,2,4,2,4,4,0,4242,4434,2835,3027
/Volumes/shared/Research-Groups/Mark-Banfield/Josh_Williams/Scoring_5May/JoshW/_DSC8786.tif,2,4,2,4,5,1,4526,4708,2841,3023
/Volumes/shared/Research-Groups/Mark-Banfield/Josh_Williams/Scoring_5May/JoshW/_DSC8786.tif,2,4,2,4,6,0,4634,4812,2678,2856
/Volumes/shared/Research-Groups/Mark-Banfield/Josh_Williams/Scoring_5May/JoshW/_DSC8786.tif,2,4,2,4,7,6,4664,4926,2406,2668
/Volumes/shared/Research-Groups/Mark-Banfield/Josh_Williams/Scoring_5May/JoshW/_DSC8786.tif,2,4,2,4,8,0,4498,4730,2214,2446
/Volumes/shared/Research-Groups/Mark-Banfield/Josh_Williams/Scoring_5May/JoshW/DSC_9242.TIF,3,3,1,1,2,2,528,856,526,854
/Volumes/shared/Research-Groups/Mark-Banfield/Josh_Williams/Scoring_5May/JoshW/DSC_9242.TIF,3,3,1,1,4,3,1044,1316,878,1150
/Volumes/shared/Research-Groups/Mark-Banfield/Josh_Williams/Scoring_5May/JoshW/DSC_9242.TIF,3,3,1,1,5,2,1030,1342,468,780
/Volumes/shared/Research-Groups/Mark-Banfield/Josh_Williams/Scoring_5May/JoshW/DSC_9242.TIF,3,3,1,1,6,2,925,1187,174,436
/Volumes/shared/Research-Groups/Mark-Banfield/Josh_Williams/Scoring_5May/JoshW/DSC_9242.TIF,3,3,1,3,1,1,3338,3616,253,531
/Volumes/shared/Research-Groups/Mark-Banfield/Josh_Williams/Scoring_5May/JoshW/DSC_9242.TIF,3,3,1,3,2,2,3278,3542,621,885
/Volumes/shared/Research-Groups/Mark-Banfield/Josh_Williams/Scoring_5May/JoshW/DSC_9242.TIF,3,3,1,3,3,1,3278,3556,885,1163
/Volumes/shared/Research-Groups/Mark-Banfield/Josh_Williams/Scoring_5May/JoshW/DSC_9242.TIF,3,3,1,3,6,1,3659,3953,158,452
/Volumes/shared/Research-Groups/Mark-Banfield/Josh_Williams/Scoring_5May/JoshW/DSC_9242.TIF,3,3,2,2,1,4,2032,2306,795,1069
/Volumes/shared/Research-Groups/Mark-Banfield/Josh_Williams/Scoring_5May/JoshW/DSC_9242.TIF,3,3,2,2,4,3,2478,2748,1476,1746
/Volumes/shared/Research-Groups/Mark-Banfield/Josh_Williams/Scoring_5May/JoshW/DSC_9242.TIF,3,3,2,2,5,4,2469,2739,1140,1410
/Volumes/shared/Research-Groups/Mark-Banfield/Josh_Williams/Scoring_5May/JoshW/DSC_9242.TIF,3,3,2,2,6,0,2326,2600,844,1118
/Volumes/shared/Research-Groups/Mark-Banfield/Josh_Williams/Scoring_5May/JoshW/DSC_9242.TIF,3,3,3,1,3,5,486,776,2352,2642
/Volumes/shared/Research-Groups/Mark-Banfield/Josh_Williams/Scoring_5May/JoshW/DSC_9242.TIF,3,3,3,1,4,4,1206,1452,2307,2553
/Volumes/shared/Research-Groups/Mark-Banfield/Josh_Williams/Scoring_5May/JoshW/DSC_9242.TIF,3,3,3,1,5,6,1169,1429,2022,2282
/Volumes/shared/Research-Groups/Mark-Banfield/Josh_Williams/Scoring_5May/JoshW/DSC_9242.TIF,3,3,3,1,6,6,1040,1308,1710,1978
/Volumes/shared/Research-Groups/Mark-Banfield/Josh_Williams/Scoring_5May/JoshW/DSC_9242.TIF,3,3,3,3,1,1,2934,3228,1682,1976
/Volumes/shared/Research-Groups/Mark-Banfield/Josh_Williams/Scoring_5May/JoshW/DSC_9242.TIF,3,3,3,3,2,0,2836,3170,1977,2311
/Volumes/shared/Research-Groups/Mark-Banfield/Josh_Williams/Scoring_5May/JoshW/DSC_9242.TIF,3,3,3,3,3,0,2880,3186,2311,2617
/Volumes/shared/Research-Groups/Mark-Banfield/Josh_Williams/Scoring_5May/JoshW/DSC_9242.TIF,3,3,3,3,6,1,3272,3518,1612,1858
/Volumes/shared/Research-Groups/Mark-Banfield/Josh_Williams/Scoring_5May/JoshW/_DSC1805.tif,4,4,1,1,1,3,1396,1504,552,660
/Volumes/shared/Research-Groups/Mark-Banfield/Josh_Williams/Scoring_5May/JoshW/_DSC1805.tif,4,4,1,1,2,6,1325,1447,636,758
/Volumes/shared/Research-Groups/Mark-Banfield/Josh_Williams/Scoring_5May/JoshW/_DSC1805.tif,4,4,1,1,3,6,1346,1450,756,860
/Volumes/shared/Research-Groups/Mark-Banfield/Josh_Williams/Scoring_5May/JoshW/_DSC1805.tif,4,4,1,1,4,5,1386,1504,866,984
/Volumes/shared/Research-Groups/Mark-Banfield/Josh_Williams/Scoring_5May/JoshW/_DSC1805.tif,4,4,1,1,5,0,1614,1754,827,967
/Volumes/shared/Research-Groups/Mark-Banfield/Josh_Williams/Scoring_5May/JoshW/_DSC1805.tif,4,4,1,1,6,6,1597,1725,694,822
/Volumes/shared/Research-Groups/Mark-Banfield/Josh_Williams/Scoring_5May/JoshW/_DSC1805.tif,4,4,1,1,7,5,1605,1687,600,682
/Volumes/shared/Research-Groups/Mark-Banfield/Josh_Williams/Scoring_5May/JoshW/_DSC1805.tif,4,4,1,2,2,6,2098,2216,432,550
/Volumes/shared/Research-Groups/Mark-Banfield/Josh_Williams/Scoring_5May/JoshW/_DSC1805.tif,4,4,1,2,3,6,2048,2176,540,668
/Volumes/shared/Research-Groups/Mark-Banfield/Josh_Williams/Scoring_5May/JoshW/_DSC1805.tif,4,4,1,2,4,5,2053,2161,686,794
/Volumes/shared/Research-Groups/Mark-Banfield/Josh_Williams/Scoring_5May/JoshW/_DSC1805.tif,4,4,1,2,5,0,2232,2364,726,858
/Volumes/shared/Research-Groups/Mark-Banfield/Josh_Williams/Scoring_5May/JoshW/_DSC1805.tif,4,4,1,2,6,4,2326,2452,618,744
/Volumes/shared/Research-Groups/Mark-Banfield/Josh_Williams/Scoring_5May/JoshW/_DSC1805.tif,4,4,1,2,7,4,2308,2426,504,622
/Volumes/shared/Research-Groups/Mark-Banfield/Josh_Williams/Scoring_5May/JoshW/_DSC1805.tif,4,4,1,2,8,3,2307,2429,358,480
/Volumes/shared/Research-Groups/Mark-Banfield/Josh_Williams/Scoring_5May/JoshW/_DSC1805.tif,4,4,1,3,1,6,2882,3002,335,455
/Volumes/shared/Research-Groups/Mark-Banfield/Josh_Williams/Scoring_5May/JoshW/_DSC1805.tif,4,4,1,3,2,0,2774,2910,484,620
/Volumes/shared/Research-Groups/Mark-Banfield/Josh_Williams/Scoring_5May/JoshW/_DSC1805.tif,4,4,1,3,3,3,2714,2860,647,793
/Volumes/shared/Research-Groups/Mark-Banfield/Josh_Williams/Scoring_5May/JoshW/_DSC1805.tif,4,4,1,3,4,3,2829,2951,768,890
/Volumes/shared/Research-Groups/Mark-Banfield/Josh_Williams/Scoring_5May/JoshW/_DSC1805.tif,4,4,1,3,5,6,3031,3163,726,858
/Volumes/shared/Research-Groups/Mark-Banfield/Josh_Williams/Scoring_5May/JoshW/_DSC1805.tif,4,4,1,3,6,0,3178,3332,558,712
/Volumes/shared/Research-Groups/Mark-Banfield/Josh_Williams/Scoring_5May/JoshW/_DSC1805.tif,4,4,1,3,7,6,3080,3226,394,540
/Volumes/shared/Research-Groups/Mark-Banfield/Josh_Williams/Scoring_5May/JoshW/_DSC1805.tif,4,4,1,3,8,5,2994,3108,354,468
/Volumes/shared/Research-Groups/Mark-Banfield/Josh_Williams/Scoring_5May/JoshW/_DSC1805.tif,4,4,1,4,1,6,3724,3842,316,434
/Volumes/shared/Research-Groups/Mark-Banfield/Josh_Williams/Scoring_5May/JoshW/_DSC1805.tif,4,4,1,4,2,2,3642,3776,430,564
/Volumes/shared/Research-Groups/Mark-Banfield/Josh_Williams/Scoring_5May/JoshW/_DSC1805.tif,4,4,1,4,3,5,3587,3725,576,714
/Volumes/shared/Research-Groups/Mark-Banfield/Josh_Williams/Scoring_5May/JoshW/_DSC1805.tif,4,4,1,4,4,6,3664,3796,708,840
/Volumes/shared/Research-Groups/Mark-Banfield/Josh_Williams/Scoring_5May/JoshW/_DSC1805.tif,4,4,1,4,5,6,3833,3971,730,868
/Volumes/shared/Research-Groups/Mark-Banfield/Josh_Williams/Scoring_5May/JoshW/_DSC1805.tif,4,4,1,4,6,0,3960,4098,578,716
/Volumes/shared/Research-Groups/Mark-Banfield/Josh_Williams/Scoring_5May/JoshW/_DSC1805.tif,4,4,1,4,7,5,3882,4014,436,568
/Volumes/shared/Research-Groups/Mark-Banfield/Josh_Williams/Scoring_5May/JoshW/_DSC1805.tif,4,4,2,1,1,5,1418,1546,1154,1282
/Volumes/shared/Research-Groups/Mark-Banfield/Josh_Williams/Scoring_5May/JoshW/_DSC1805.tif,4,4,2,1,2,6,1358,1490,1253,1385
/Volumes/shared/Research-Groups/Mark-Banfield/Josh_Williams/Scoring_5May/JoshW/_DSC1805.tif,4,4,2,1,3,0,1337,1491,1410,1564
/Volumes/shared/Research-Groups/Mark-Banfield/Josh_Williams/Scoring_5May/JoshW/_DSC1805.tif,4,4,2,1,4,6,1422,1582,1583,1743
/Volumes/shared/Research-Groups/Mark-Banfield/Josh_Williams/Scoring_5May/JoshW/_DSC1805.tif,4,4,2,1,5,3,1634,1820,1560,1746
/Volumes/shared/Research-Groups/Mark-Banfield/Josh_Williams/Scoring_5May/JoshW/_DSC1805.tif,4,4,2,1,6,6,1724,1850,1401,1527
/Volumes/shared/Research-Groups/Mark-Banfield/Josh_Williams/Scoring_5May/JoshW/_DSC1805.tif,4,4,2,1,7,0,1636,1786,1228,1378
/Volumes/shared/Research-Groups/Mark-Banfield/Josh_Williams/Scoring_5May/JoshW/_DSC1805.tif,4,4,2,1,8,3,1568,1674,1150,1256
/Volumes/shared/Research-Groups/Mark-Banfield/Josh_Williams/Scoring_5May/JoshW/_DSC1805.tif,4,4,2,2,1,5,2164,2296,1118,1250
/Volumes/shared/Research-Groups/Mark-Banfield/Josh_Williams/Scoring_5May/JoshW/_DSC1805.tif,4,4,2,2,2,6,2090,2228,1222,1360
/Volumes/shared/Research-Groups/Mark-Banfield/Josh_Williams/Scoring_5May/JoshW/_DSC1805.tif,4,4,2,2,3,1,2016,2166,1372,1522
/Volumes/shared/Research-Groups/Mark-Banfield/Josh_Williams/Scoring_5May/JoshW/_DSC1805.tif,4,4,2,2,4,5,2074,2224,1535,1685
/Volumes/shared/Research-Groups/Mark-Banfield/Josh_Williams/Scoring_5May/JoshW/_DSC1805.tif,4,4,2,2,5,6,2368,2518,1570,1720
/Volumes/shared/Research-Groups/Mark-Banfield/Josh_Williams/Scoring_5May/JoshW/_DSC1805.tif,4,4,2,2,6,6,2398,2544,1404,1550
/Volumes/shared/Research-Groups/Mark-Banfield/Josh_Williams/Scoring_5May/JoshW/_DSC1805.tif,4,4,2,2,7,0,2406,2564,1250,1408
/Volumes/shared/Research-Groups/Mark-Banfield/Josh_Williams/Scoring_5May/JoshW/_DSC1805.tif,4,4,2,2,8,4,2324,2470,1099,1245
/Volumes/shared/Research-Groups/Mark-Banfield/Josh_Williams/Scoring_5May/JoshW/_DSC1805.tif,4,4,2,3,1,5,2968,3106,1137,1275
/Volumes/shared/Research-Groups/Mark-Banfield/Josh_Williams/Scoring_5May/JoshW/_DSC1805.tif,4,4,2,3,2,5,2892,3032,1234,1374
/Volumes/shared/Research-Groups/Mark-Banfield/Josh_Williams/Scoring_5May/JoshW/_DSC1805.tif,4,4,2,3,3,6,2850,2982,1382,1514
/Volumes/shared/Research-Groups/Mark-Banfield/Josh_Williams/Scoring_5May/JoshW/_DSC1805.tif,4,4,2,3,4,0,2899,3067,1542,1710
/Volumes/shared/Research-Groups/Mark-Banfield/Josh_Williams/Scoring_5May/JoshW/_DSC1805.tif,4,4,2,3,5,3,3142,3320,1568,1746
/Volumes/shared/Research-Groups/Mark-Banfield/Josh_Williams/Scoring_5May/JoshW/_DSC1805.tif,4,4,2,3,6,4,3242,3414,1384,1556
/Volumes/shared/Research-Groups/Mark-Banfield/Josh_Williams/Scoring_5May/JoshW/_DSC1805.tif,4,4,2,3,7,6,3195,3317,1282,1404
/Volumes/shared/Research-Groups/Mark-Banfield/Josh_Williams/Scoring_5May/JoshW/_DSC1805.tif,4,4,2,3,8,0,3135,3281,1144,1290
/Volumes/shared/Research-Groups/Mark-Banfield/Josh_Williams/Scoring_5May/JoshW/_DSC1805.tif,4,4,2,4,1,4,3806,3924,1109,1227
/Volumes/shared/Research-Groups/Mark-Banfield/Josh_Williams/Scoring_5May/JoshW/_DSC1805.tif,4,4,2,4,2,6,3692,3848,1174,1330
/Volumes/shared/Research-Groups/Mark-Banfield/Josh_Williams/Scoring_5May/JoshW/_DSC1805.tif,4,4,2,4,3,6,3559,3741,1294,1476
/Volumes/shared/Research-Groups/Mark-Banfield/Josh_Williams/Scoring_5May/JoshW/_DSC1805.tif,4,4,2,4,4,0,3598,3762,1491,1655
/Volumes/shared/Research-Groups/Mark-Banfield/Josh_Williams/Scoring_5May/JoshW/_DSC1805.tif,4,4,2,4,5,5,3906,4056,1572,1722
/Volumes/shared/Research-Groups/Mark-Banfield/Josh_Williams/Scoring_5May/JoshW/_DSC1805.tif,4,4,2,4,6,5,3965,4131,1394,1560
/Volumes/shared/Research-Groups/Mark-Banfield/Josh_Williams/Scoring_5May/JoshW/_DSC1805.tif,4,4,2,4,7,6,4006,4130,1249,1373
/Volumes/shared/Research-Groups/Mark-Banfield/Josh_Williams/Scoring_5May/JoshW/_DSC1805.tif,4,4,2,4,8,0,3936,4044,1128,1236
/Volumes/shared/Research-Groups/Mark-Banfield/Josh_Williams/Scoring_5May/JoshW/_DSC1805.tif,4,4,3,1,1,2,1600,1724,2043,2167
/Volumes/shared/Research-Groups/Mark-Banfield/Josh_Williams/Scoring_5May/JoshW/_DSC1805.tif,4,4,3,1,2,5,1561,1671,2154,2264
/Volumes/shared/Research-Groups/Mark-Banfield/Josh_Williams/Scoring_5May/JoshW/_DSC1805.tif,4,4,3,1,3,6,1514,1650,2264,2400
/Volumes/shared/Research-Groups/Mark-Banfield/Josh_Williams/Scoring_5May/JoshW/_DSC1805.tif,4,4,3,1,4,6,1516,1648,2406,2538
/Volumes/shared/Research-Groups/Mark-Banfield/Josh_Williams/Scoring_5May/JoshW/_DSC1805.tif,4,4,3,1,5,0,1764,1904,2456,2596
/Volumes/shared/Research-Groups/Mark-Banfield/Josh_Williams/Scoring_5May/JoshW/_DSC1805.tif,4,4,3,1,6,4,1853,1985,2314,2446
/Volumes/shared/Research-Groups/Mark-Banfield/Josh_Williams/Scoring_5May/JoshW/_DSC1805.tif,4,4,3,1,7,6,1810,1950,2166,2306
/Volumes/shared/Research-Groups/Mark-Banfield/Josh_Williams/Scoring_5May/JoshW/_DSC1805.tif,4,4,3,1,8,6,1730,1856,2046,2172
/Volumes/shared/Research-Groups/Mark-Banfield/Josh_Williams/Scoring_5May/JoshW/_DSC1805.tif,4,4,3,2,1,1,2292,2424,1975,2107
/Volumes/shared/Research-Groups/Mark-Banfield/Josh_Williams/Scoring_5May/JoshW/_DSC1805.tif,4,4,3,2,2,3,2210,2350,2092,2232
/Volumes/shared/Research-Groups/Mark-Banfield/Josh_Williams/Scoring_5May/JoshW/_DSC1805.tif,4,4,3,2,3,6,2246,2364,2224,2342
/Volumes/shared/Research-Groups/Mark-Banfield/Josh_Williams/Scoring_5May/JoshW/_DSC1805.tif,4,4,3,2,4,6,2284,2430,2336,2482
/Volumes/shared/Research-Groups/Mark-Banfield/Josh_Williams/Scoring_5May/JoshW/_DSC1805.tif,4,4,3,2,5,3,2470,2582,2292,2404
/Volumes/shared/Research-Groups/Mark-Banfield/Josh_Williams/Scoring_5May/JoshW/_DSC1805.tif,4,4,3,2,6,5,2536,2674,2155,2293
/Volumes/shared/Research-Groups/Mark-Banfield/Josh_Williams/Scoring_5May/JoshW/_DSC1805.tif,4,4,3,2,7,6,2523,2659,2024,2160
/Volumes/shared/Research-Groups/Mark-Banfield/Josh_Williams/Scoring_5May/JoshW/_DSC1805.tif,4,4,3,2,8,6,2468,2582,1948,2062
/Volumes/shared/Research-Groups/Mark-Banfield/Josh_Williams/Scoring_5May/JoshW/_DSC1805.tif,4,4,3,3,1,6,3050,3178,1964,2092
/Volumes/shared/Research-Groups/Mark-Banfield/Josh_Williams/Scoring_5May/JoshW/_DSC1805.tif,4,4,3,3,2,1,2974,3138,2097,2261
/Volumes/shared/Research-Groups/Mark-Banfield/Josh_Williams/Scoring_5May/JoshW/_DSC1805.tif,4,4,3,3,3,5,2942,3066,2284,2408
/Volumes/shared/Research-Groups/Mark-Banfield/Josh_Williams/Scoring_5May/JoshW/_DSC1805.tif,4,4,3,3,4,4,3022,3168,2424,2570
/Volumes/shared/Research-Groups/Mark-Banfield/Josh_Williams/Scoring_5May/JoshW/_DSC1805.tif,4,4,3,3,5,6,3200,3338,2350,2488
/Volumes/shared/Research-Groups/Mark-Banfield/Josh_Williams/Scoring_5May/JoshW/_DSC1805.tif,4,4,3,3,6,0,3270,3388,2232,2350
/Volumes/shared/Research-Groups/Mark-Banfield/Josh_Williams/Scoring_5May/JoshW/_DSC1805.tif,4,4,3,3,7,4,3220,3360,2096,2236
/Volumes/shared/Research-Groups/Mark-Banfield/Josh_Williams/Scoring_5May/JoshW/_DSC1805.tif,4,4,3,3,8,6,3158,3288,1974,2104
/Volumes/shared/Research-Groups/Mark-Banfield/Josh_Williams/Scoring_5May/JoshW/_DSC1805.tif,4,4,3,4,1,6,3730,3902,1948,2120
/Volumes/shared/Research-Groups/Mark-Banfield/Josh_Williams/Scoring_5May/JoshW/_DSC1805.tif,4,4,3,4,2,3,3666,3816,2078,2228
/Volumes/shared/Research-Groups/Mark-Banfield/Josh_Williams/Scoring_5May/JoshW/_DSC1805.tif,4,4,3,4,3,5,3648,3806,2235,2393
/Volumes/shared/Research-Groups/Mark-Banfield/Josh_Williams/Scoring_5May/JoshW/_DSC1805.tif,4,4,3,4,4,5,3774,3898,2362,2486
/Volumes/shared/Research-Groups/Mark-Banfield/Josh_Williams/Scoring_5May/JoshW/_DSC1805.tif,4,4,3,4,5,6,3895,4035,2360,2500
/Volumes/shared/Research-Groups/Mark-Banfield/Josh_Williams/Scoring_5May/JoshW/_DSC1805.tif,4,4,3,4,6,1,4006,4174,2213,2381
/Volumes/shared/Research-Groups/Mark-Banfield/Josh_Williams/Scoring_5May/JoshW/_DSC1805.tif,4,4,3,4,7,4,3933,4097,2092,2256
/Volumes/shared/Research-Groups/Mark-Banfield/Josh_Williams/Scoring_5May/JoshW/_DSC1805.tif,4,4,3,4,8,6,3892,4024,1966,2098
/Volumes/shared/Research-Groups/Mark-Banfield/Josh_Williams/Scoring_5May/JoshW/_DSC1805.tif,4,4,4,1,1,6,1618,1764,2852,2998
/Volumes/shared/Research-Groups/Mark-Banfield/Josh_Williams/Scoring_5May/JoshW/_DSC1805.tif,4,4,4,1,2,6,1536,1672,2958,3094
/Volumes/shared/Research-Groups/Mark-Banfield/Josh_Williams/Scoring_5May/JoshW/_DSC1805.tif,4,4,4,1,3,4,1517,1675,3092,3250
/Volumes/shared/Research-Groups/Mark-Banfield/Josh_Williams/Scoring_5May/JoshW/_DSC1805.tif,4,4,4,1,4,4,1578,1726,3250,3398
/Volumes/shared/Research-Groups/Mark-Banfield/Josh_Williams/Scoring_5May/JoshW/_DSC1805.tif,4,4,4,1,5,6,1704,1854,3216,3366
/Volumes/shared/Research-Groups/Mark-Banfield/Josh_Williams/Scoring_5May/JoshW/_DSC1805.tif,4,4,4,1,6,6,1808,1924,3118,3234
/Volumes/shared/Research-Groups/Mark-Banfield/Josh_Williams/Scoring_5May/JoshW/_DSC1805.tif,4,4,4,1,7,0,1789,1935,2964,3110
/Volumes/shared/Research-Groups/Mark-Banfield/Josh_Williams/Scoring_5May/JoshW/_DSC1805.tif,4,4,4,1,8,5,1786,1890,2864,2968
/Volumes/shared/Research-Groups/Mark-Banfield/Josh_Williams/Scoring_5May/JoshW/_DSC1805.tif,4,4,4,2,1,5,2368,2492,2800,2924
/Volumes/shared/Research-Groups/Mark-Banfield/Josh_Williams/Scoring_5May/JoshW/_DSC1805.tif,4,4,4,2,2,6,2288,2424,2902,3038
/Volumes/shared/Research-Groups/Mark-Banfield/Josh_Williams/Scoring_5May/JoshW/_DSC1805.tif,4,4,4,2,3,3,2248,2406,3038,3196
/Volumes/shared/Research-Groups/Mark-Banfield/Josh_Williams/Scoring_5May/JoshW/_DSC1805.tif,4,4,4,2,4,4,2351,2509,3206,3364
/Volumes/shared/Research-Groups/Mark-Banfield/Josh_Williams/Scoring_5May/JoshW/_DSC1805.tif,4,4,4,2,5,6,2534,2680,3138,3284
/Volumes/shared/Research-Groups/Mark-Banfield/Josh_Williams/Scoring_5May/JoshW/_DSC1805.tif,4,4,4,2,6,6,2633,2747,3018,3132
/Volumes/shared/Research-Groups/Mark-Banfield/Josh_Williams/Scoring_5May/JoshW/_DSC1805.tif,4,4,4,2,8,5,2509,2669,2728,2888
/Volumes/shared/Research-Groups/Mark-Banfield/Josh_Williams/Scoring_5May/JoshW/_DSC1805.tif,4,4,4,3,1,6,3120,3252,2808,2940
/Volumes/shared/Research-Groups/Mark-Banfield/Josh_Williams/Scoring_5May/JoshW/_DSC1805.tif,4,4,4,3,2,6,3046,3174,2914,3042
/Volumes/shared/Research-Groups/Mark-Banfield/Josh_Williams/Scoring_5May/JoshW/_DSC1805.tif,4,4,4,3,3,6,3064,3188,3046,3170
/Volumes/shared/Research-Groups/Mark-Banfield/Josh_Williams/Scoring_5May/JoshW/_DSC1805.tif,4,4,4,3,4,0,3056,3200,3190,3334
/Volumes/shared/Research-Groups/Mark-Banfield/Josh_Williams/Scoring_5May/JoshW/_DSC1805.tif,4,4,4,3,5,4,3298,3464,3162,3328
/Volumes/shared/Research-Groups/Mark-Banfield/Josh_Williams/Scoring_5May/JoshW/_DSC1805.tif,4,4,4,3,6,6,3370,3484,3075,3189
/Volumes/shared/Research-Groups/Mark-Banfield/Josh_Williams/Scoring_5May/JoshW/_DSC1805.tif,4,4,4,3,7,6,3264,3446,2893,3075
/Volumes/shared/Research-Groups/Mark-Banfield/Josh_Williams/Scoring_5May/JoshW/_DSC1805.tif,4,4,4,3,8,1,3284,3420,2767,2903
/Volumes/shared/Research-Groups/Mark-Banfield/Josh_Williams/Scoring_5May/JoshW/_DSC1805.tif,4,4,4,4,1,5,3866,3998,2730,2862
/Volumes/shared/Research-Groups/Mark-Banfield/Josh_Williams/Scoring_5May/JoshW/_DSC1805.tif,4,4,4,4,2,6,3806,3942,2833,2969
/Volumes/shared/Research-Groups/Mark-Banfield/Josh_Williams/Scoring_5May/JoshW/_DSC1805.tif,4,4,4,4,3,6,3762,3898,2942,3078
/Volumes/shared/Research-Groups/Mark-Banfield/Josh_Williams/Scoring_5May/JoshW/_DSC1805.tif,4,4,4,4,4,2,3786,3940,3110,3264
/Volumes/shared/Research-Groups/Mark-Banfield/Josh_Williams/Scoring_5May/JoshW/_DSC1805.tif,4,4,4,4,5,6,4029,4171,3160,3302
/Volumes/shared/Research-Groups/Mark-Banfield/Josh_Williams/Scoring_5May/JoshW/_DSC1805.tif,4,4,4,4,6,6,4131,4269,3050,3188
/Volumes/shared/Research-Groups/Mark-Banfield/Josh_Williams/Scoring_5May/JoshW/_DSC1805.tif,4,4,4,4,7,6,4142,4288,2890,3036
/Volumes/shared/Research-Groups/Mark-Banfield/Josh_Williams/Scoring_5May/JoshW/_DSC1805.tif,4,4,4,4,8,0,4042,4194,2761,2913
/Volumes/shared/Research-Groups/Mark-Banfield/Josh_Williams/Scoring_5May/JoshW/_DSC0024.tif,2,4,1,1,1,0,802,1044,804,1046
/Volumes/shared/Research-Groups/Mark-Banfield/Josh_Williams/Scoring_5May/JoshW/_DSC0024.tif,2,4,1,1,2,0,618,880,1025,1287
/Volumes/shared/Research-Groups/Mark-Banfield/Josh_Williams/Scoring_5May/JoshW/_DSC0024.tif,2,4,1,1,3,0,600,854,1307,1561
/Volumes/shared/Research-Groups/Mark-Banfield/Josh_Williams/Scoring_5May/JoshW/_DSC0024.tif,2,4,1,1,4,3,775,971,1528,1724
/Volumes/shared/Research-Groups/Mark-Banfield/Josh_Williams/Scoring_5May/JoshW/_DSC0024.tif,2,4,1,1,5,0,1140,1394,1457,1711
/Volumes/shared/Research-Groups/Mark-Banfield/Josh_Williams/Scoring_5May/JoshW/_DSC0024.tif,2,4,1,1,6,0,1278,1510,1214,1446
/Volumes/shared/Research-Groups/Mark-Banfield/Josh_Williams/Scoring_5May/JoshW/_DSC0024.tif,2,4,1,1,7,0,1144,1386,981,1223
/Volumes/shared/Research-Groups/Mark-Banfield/Josh_Williams/Scoring_5May/JoshW/_DSC0024.tif,2,4,1,1,8,0,1025,1201,800,976
/Volumes/shared/Research-Groups/Mark-Banfield/Josh_Williams/Scoring_5May/JoshW/_DSC0024.tif,2,4,1,2,1,1,1996,2178,867,1049
/Volumes/shared/Research-Groups/Mark-Banfield/Josh_Williams/Scoring_5May/JoshW/_DSC0024.tif,2,4,1,2,2,0,1842,2060,1031,1249
/Volumes/shared/Research-Groups/Mark-Banfield/Josh_Williams/Scoring_5May/JoshW/_DSC0024.tif,2,4,1,2,3,0,1764,2000,1275,1511
/Volumes/shared/Research-Groups/Mark-Banfield/Josh_Williams/Scoring_5May/JoshW/_DSC0024.tif,2,4,1,2,4,2,1846,2086,1532,1772
/Volumes/shared/Research-Groups/Mark-Banfield/Josh_Williams/Scoring_5May/JoshW/_DSC0024.tif,2,4,1,2,5,1,2337,2539,1426,1628
/Volumes/shared/Research-Groups/Mark-Banfield/Josh_Williams/Scoring_5May/JoshW/_DSC0024.tif,2,4,1,2,6,0,2404,2632,1205,1433
/Volumes/shared/Research-Groups/Mark-Banfield/Josh_Williams/Scoring_5May/JoshW/_DSC0024.tif,2,4,1,2,7,0,2338,2550,976,1188
/Volumes/shared/Research-Groups/Mark-Banfield/Josh_Williams/Scoring_5May/JoshW/_DSC0024.tif,2,4,1,2,8,1,2174,2378,804,1008
/Volumes/shared/Research-Groups/Mark-Banfield/Josh_Williams/Scoring_5May/JoshW/_DSC0024.tif,2,4,1,3,1,0,3220,3442,870,1092
/Volumes/shared/Research-Groups/Mark-Banfield/Josh_Williams/Scoring_5May/JoshW/_DSC0024.tif,2,4,1,3,2,0,3082,3342,1018,1278
/Volumes/shared/Research-Groups/Mark-Banfield/Josh_Williams/Scoring_5May/JoshW/_DSC0024.tif,2,4,1,3,3,0,3012,3264,1294,1546
/Volumes/shared/Research-Groups/Mark-Banfield/Josh_Williams/Scoring_5May/JoshW/_DSC0024.tif,2,4,1,3,4,0,3166,3420,1516,1770
/Volumes/shared/Research-Groups/Mark-Banfield/Josh_Williams/Scoring_5May/JoshW/_DSC0024.tif,2,4,1,3,5,0,3538,3756,1566,1784
/Volumes/shared/Research-Groups/Mark-Banfield/Josh_Williams/Scoring_5May/JoshW/_DSC0024.tif,2,4,1,3,6,4,3652,3856,1345,1549
/Volumes/shared/Research-Groups/Mark-Banfield/Josh_Williams/Scoring_5May/JoshW/_DSC0024.tif,2,4,1,3,7,0,3574,3792,1145,1363
/Volumes/shared/Research-Groups/Mark-Banfield/Josh_Williams/Scoring_5May/JoshW/_DSC0024.tif,2,4,1,3,8,0,3496,3710,883,1097
/Volumes/shared/Research-Groups/Mark-Banfield/Josh_Williams/Scoring_5May/JoshW/_DSC0024.tif,2,4,1,4,1,0,4326,4538,746,958
/Volumes/shared/Research-Groups/Mark-Banfield/Josh_Williams/Scoring_5May/JoshW/_DSC0024.tif,2,4,1,4,2,0,4211,4453,972,1214
/Volumes/shared/Research-Groups/Mark-Banfield/Josh_Williams/Scoring_5May/JoshW/_DSC0024.tif,2,4,1,4,3,0,4134,4380,1218,1464
/Volumes/shared/Research-Groups/Mark-Banfield/Josh_Williams/Scoring_5May/JoshW/_DSC0024.tif,2,4,1,4,4,1,4242,4456,1528,1742
/Volumes/shared/Research-Groups/Mark-Banfield/Josh_Williams/Scoring_5May/JoshW/_DSC0024.tif,2,4,1,4,5,0,4734,4970,1505,1741
/Volumes/shared/Research-Groups/Mark-Banfield/Josh_Williams/Scoring_5May/JoshW/_DSC0024.tif,2,4,1,4,6,3,4784,5006,1272,1494
/Volumes/shared/Research-Groups/Mark-Banfield/Josh_Williams/Scoring_5May/JoshW/_DSC0024.tif,2,4,1,4,7,0,4704,4922,1028,1246
/Volumes/shared/Research-Groups/Mark-Banfield/Josh_Williams/Scoring_5May/JoshW/_DSC0024.tif,2,4,1,4,8,0,4575,4811,758,994
/Volumes/shared/Research-Groups/Mark-Banfield/Josh_Williams/Scoring_5May/JoshW/_DSC0024.tif,2,4,2,1,1,2,868,1076,1969,2177
/Volumes/shared/Research-Groups/Mark-Banfield/Josh_Williams/Scoring_5May/JoshW/_DSC0024.tif,2,4,2,1,2,0,740,964,2166,2390
/Volumes/shared/Research-Groups/Mark-Banfield/Josh_Williams/Scoring_5May/JoshW/_DSC0024.tif,2,4,2,1,3,0,736,976,2410,2650
/Volumes/shared/Research-Groups/Mark-Banfield/Josh_Williams/Scoring_5May/JoshW/_DSC0024.tif,2,4,2,1,4,0,744,1004,2682,2942
/Volumes/shared/Research-Groups/Mark-Banfield/Josh_Williams/Scoring_5May/JoshW/_DSC0024.tif,2,4,2,1,5,0,1190,1482,2673,2965
/Volumes/shared/Research-Groups/Mark-Banfield/Josh_Williams/Scoring_5May/JoshW/_DSC0024.tif,2,4,2,1,6,0,1340,1596,2411,2667
/Volumes/shared/Research-Groups/Mark-Banfield/Josh_Williams/Scoring_5May/JoshW/_DSC0024.tif,2,4,2,1,7,3,1274,1480,2200,2406
/Volumes/shared/Research-Groups/Mark-Banfield/Josh_Williams/Scoring_5May/JoshW/_DSC0024.tif,2,4,2,1,8,0,1109,1341,1950,2182
/Volumes/shared/Research-Groups/Mark-Banfield/Josh_Williams/Scoring_5May/JoshW/_DSC0024.tif,2,4,2,2,1,0,1956,2164,2067,2275
/Volumes/shared/Research-Groups/Mark-Banfield/Josh_Williams/Scoring_5May/JoshW/_DSC0024.tif,2,4,2,2,2,0,1825,2049,2264,2488
/Volumes/shared/Research-Groups/Mark-Banfield/Josh_Williams/Scoring_5May/JoshW/_DSC0024.tif,2,4,2,2,3,0,1789,2015,2506,2732
/Volumes/shared/Research-Groups/Mark-Banfield/Josh_Williams/Scoring_5May/JoshW/_DSC0024.tif,2,4,2,2,4,0,1822,2060,2748,2986
/Volumes/shared/Research-Groups/Mark-Banfield/Josh_Williams/Scoring_5May/JoshW/_DSC0024.tif,2,4,2,2,5,0,2310,2556,2653,2899
/Volumes/shared/Research-Groups/Mark-Banfield/Josh_Williams/Scoring_5May/JoshW/_DSC0024.tif,2,4,2,2,6,0,2396,2610,2425,2639
/Volumes/shared/Research-Groups/Mark-Banfield/Josh_Williams/Scoring_5May/JoshW/_DSC0024.tif,2,4,2,2,7,3,2324,2538,2234,2448
/Volumes/shared/Research-Groups/Mark-Banfield/Josh_Williams/Scoring_5May/JoshW/_DSC0024.tif,2,4,2,2,8,0,2264,2454,2034,2224
/Volumes/shared/Research-Groups/Mark-Banfield/Josh_Williams/Scoring_5May/JoshW/_DSC0024.tif,2,4,2,3,1,0,3138,3324,2096,2282
/Volumes/shared/Research-Groups/Mark-Banfield/Josh_Williams/Scoring_5May/JoshW/_DSC0024.tif,2,4,2,3,2,0,2970,3178,2301,2509
/Volumes/shared/Research-Groups/Mark-Banfield/Josh_Williams/Scoring_5May/JoshW/_DSC0024.tif,2,4,2,3,3,0,3146,3216,2704,2774
/Volumes/shared/Research-Groups/Mark-Banfield/Josh_Williams/Scoring_5May/JoshW/_DSC0024.tif,2,4,2,3,4,0,3124,3384,2671,2931
/Volumes/shared/Research-Groups/Mark-Banfield/Josh_Williams/Scoring_5May/JoshW/_DSC0024.tif,2,4,2,3,5,0,3524,3852,2734,3062
/Volumes/shared/Research-Groups/Mark-Banfield/Josh_Williams/Scoring_5May/JoshW/_DSC0024.tif,2,4,2,3,6,0,3638,3912,2439,2713
/Volumes/shared/Research-Groups/Mark-Banfield/Josh_Williams/Scoring_5May/JoshW/_DSC0024.tif,2,4,2,3,7,0,3502,3756,2214,2468
/Volumes/shared/Research-Groups/Mark-Banfield/Josh_Williams/Scoring_5May/JoshW/_DSC0024.tif,2,4,2,3,8,4,3370,3566,2033,2229
/Volumes/shared/Research-Groups/Mark-Banfield/Josh_Williams/Scoring_5May/JoshW/_DSC0024.tif,2,4,2,4,1,0,4376,4576,2144,2344
/Volumes/shared/Research-Groups/Mark-Banfield/Josh_Williams/Scoring_5May/JoshW/_DSC0024.tif,2,4,2,4,2,3,4222,4440,2338,2556
/Volumes/shared/Research-Groups/Mark-Banfield/Josh_Williams/Scoring_5May/JoshW/_DSC0024.tif,2,4,2,4,3,0,4156,4342,2567,2753
/Volumes/shared/Research-Groups/Mark-Banfield/Josh_Williams/Scoring_5May/JoshW/_DSC0024.tif,2,4,2,4,4,0,4234,4448,2776,2990
/Volumes/shared/Research-Groups/Mark-Banfield/Josh_Williams/Scoring_5May/JoshW/_DSC0024.tif,2,4,2,4,5,0,4562,4790,2694,2922
/Volumes/shared/Research-Groups/Mark-Banfield/Josh_Williams/Scoring_5May/JoshW/_DSC0024.tif,2,4,2,4,6,0,4718,4932,2474,2688
/Volumes/shared/Research-Groups/Mark-Banfield/Josh_Williams/Scoring_5May/JoshW/_DSC0024.tif,2,4,2,4,7,0,4676,4848,2298,2470
/Volumes/shared/Research-Groups/Mark-Banfield/Josh_Williams/Scoring_5May/JoshW/_DSC0024.tif,2,4,2,4,8,3,4592,4784,2071,2263
/Volumes/shared/Research-Groups/Mark-Banfield/Josh_Williams/Scoring_5May/JoshW/DSC_0213.TIF,3,3,1,1,1,6,629,875,944,1190
/Volumes/shared/Research-Groups/Mark-Banfield/Josh_Williams/Scoring_5May/JoshW/DSC_0213.TIF,3,3,1,1,6,5,863,1111,910,1158
/Volumes/shared/Research-Groups/Mark-Banfield/Josh_Williams/Scoring_5May/JoshW/DSC_0213.TIF,3,3,1,3,2,4,2228,2484,1233,1489
/Volumes/shared/Research-Groups/Mark-Banfield/Josh_Williams/Scoring_5May/JoshW/DSC_0213.TIF,3,3,1,3,5,5,2692,2906,1204,1418
/Volumes/shared/Research-Groups/Mark-Banfield/Josh_Williams/Scoring_5May/JoshW/DSC_0213.TIF,3,3,2,2,3,6,1304,1502,2712,2910
/Volumes/shared/Research-Groups/Mark-Banfield/Josh_Williams/Scoring_5May/JoshW/DSC_0213.TIF,3,3,2,2,4,5,1768,1948,2723,2903
/Volumes/shared/Research-Groups/Mark-Banfield/Josh_Williams/Scoring_5May/JoshW/DSC_0213.TIF,3,3,3,1,2,4,678,948,3657,3927
/Volumes/shared/Research-Groups/Mark-Banfield/Josh_Williams/Scoring_5May/JoshW/DSC_0213.TIF,3,3,3,1,5,3,1314,1560,3659,3905
/Volumes/shared/Research-Groups/Mark-Banfield/Josh_Williams/Scoring_5May/JoshW/DSC_0213.TIF,3,3,3,3,3,2,2112,2410,3906,4204
/Volumes/shared/Research-Groups/Mark-Banfield/Josh_Williams/Scoring_5May/JoshW/DSC_0213.TIF,3,3,3,3,4,3,2616,2864,4087,4335
/Volumes/shared/Research-Groups/Mark-Banfield/Josh_Williams/Scoring_5May/JoshW/DSC_9239.TIF,3,3,1,1,1,2,600,874,281,555
/Volumes/shared/Research-Groups/Mark-Banfield/Josh_Williams/Scoring_5May/JoshW/DSC_9239.TIF,3,3,1,1,2,2,427,685,550,808
/Volumes/shared/Research-Groups/Mark-Banfield/Josh_Williams/Scoring_5May/JoshW/DSC_9239.TIF,3,3,1,1,3,1,425,707,912,1194
/Volumes/shared/Research-Groups/Mark-Banfield/Josh_Williams/Scoring_5May/JoshW/DSC_9239.TIF,3,3,1,1,5,1,1098,1350,594,846
/Volumes/shared/Research-Groups/Mark-Banfield/Josh_Williams/Scoring_5May/JoshW/DSC_9239.TIF,3,3,1,3,1,3,3573,3863,162,452
/Volumes/shared/Research-Groups/Mark-Banfield/Josh_Williams/Scoring_5May/JoshW/DSC_9239.TIF,3,3,1,3,2,0,3438,3678,496,736
/Volumes/shared/Research-Groups/Mark-Banfield/Josh_Williams/Scoring_5May/JoshW/DSC_9239.TIF,3,3,1,3,3,0,3418,3668,824,1074
/Volumes/shared/Research-Groups/Mark-Banfield/Josh_Williams/Scoring_5May/JoshW/DSC_9239.TIF,3,3,1,3,6,2,3896,4146,144,394
/Volumes/shared/Research-Groups/Mark-Banfield/Josh_Williams/Scoring_5May/JoshW/DSC_9239.TIF,3,3,2,2,3,1,1950,2190,1478,1718
/Volumes/shared/Research-Groups/Mark-Banfield/Josh_Williams/Scoring_5May/JoshW/DSC_9239.TIF,3,3,2,2,4,1,2578,2824,1476,1722
/Volumes/shared/Research-Groups/Mark-Banfield/Josh_Williams/Scoring_5May/JoshW/DSC_9239.TIF,3,3,2,2,5,2,2544,2828,1124,1408
/Volumes/shared/Research-Groups/Mark-Banfield/Josh_Williams/Scoring_5May/JoshW/DSC_9239.TIF,3,3,2,2,6,4,2475,2775,732,1032
/Volumes/shared/Research-Groups/Mark-Banfield/Josh_Williams/Scoring_5May/JoshW/DSC_9239.TIF,3,3,3,1,1,2,970,1218,1596,1844
/Volumes/shared/Research-Groups/Mark-Banfield/Josh_Williams/Scoring_5May/JoshW/DSC_9239.TIF,3,3,3,1,4,1,1480,1736,2227,2483
/Volumes/shared/Research-Groups/Mark-Banfield/Josh_Williams/Scoring_5May/JoshW/DSC_9239.TIF,3,3,3,1,5,3,1448,1720,1925,2197
/Volumes/shared/Research-Groups/Mark-Banfield/Josh_Williams/Scoring_5May/JoshW/DSC_9239.TIF,3,3,3,1,6,3,1260,1496,1551,1787
/Volumes/shared/Research-Groups/Mark-Banfield/Josh_Williams/Scoring_5May/JoshW/DSC_9239.TIF,3,3,3,3,1,1,3097,3393,1578,1874
/Volumes/shared/Research-Groups/Mark-Banfield/Josh_Williams/Scoring_5May/JoshW/DSC_9239.TIF,3,3,3,3,2,1,2909,3233,1916,2240
/Volumes/shared/Research-Groups/Mark-Banfield/Josh_Williams/Scoring_5May/JoshW/DSC_9239.TIF,3,3,3,3,3,1,2960,3230,2320,2590
/Volumes/shared/Research-Groups/Mark-Banfield/Josh_Williams/Scoring_5May/JoshW/DSC_9239.TIF,3,3,3,3,5,2,3602,3912,1964,2274
/Volumes/shared/Research-Groups/Mark-Banfield/Josh_Williams/Scoring_5May/JoshW/_DSC0025-AVRPib.tif,1,4,1,1,1,0,615,1143,1632,2160
/Volumes/shared/Research-Groups/Mark-Banfield/Josh_Williams/Scoring_5May/JoshW/_DSC0025-AVRPib.tif,1,4,1,1,2,0,1225,1575,1710,2060
/Volumes/shared/Research-Groups/Mark-Banfield/Josh_Williams/Scoring_5May/JoshW/_DSC0025-AVRPib.tif,1,4,1,2,1,1,1775,2225,1642,2092
/Volumes/shared/Research-Groups/Mark-Banfield/Josh_Williams/Scoring_5May/JoshW/_DSC0025-AVRPib.tif,1,4,1,2,2,0,2308,2662,1718,2072
/Volumes/shared/Research-Groups/Mark-Banfield/Josh_Williams/Scoring_5May/JoshW/_DSC0025-AVRPib.tif,1,4,1,3,1,0,3272,3568,1704,2000
/Volumes/shared/Research-Groups/Mark-Banfield/Josh_Williams/Scoring_5May/JoshW/_DSC0025-AVRPib.tif,1,4,1,3,2,0,3548,3866,1638,1956
/Volumes/shared/Research-Groups/Mark-Banfield/Josh_Williams/Scoring_5May/JoshW/_DSC0025-AVRPib.tif,1,4,1,4,1,0,4020,4330,1586,1896
/Volumes/shared/Research-Groups/Mark-Banfield/Josh_Williams/Scoring_5May/JoshW/_DSC0025-AVRPib.tif,1,4,1,4,2,0,4341,4685,1578,1922
/Volumes/shared/Research-Groups/Mark-Banfield/Josh_Williams/Scoring_5May/JoshW/DSC_3616.tif,3,3,1,2,4,1,2014,2290,1228,1504
/Volumes/shared/Research-Groups/Mark-Banfield/Josh_Williams/Scoring_5May/JoshW/DSC_3616.tif,3,3,1,2,5,2,1980,2306,906,1232
/Volumes/shared/Research-Groups/Mark-Banfield/Josh_Williams/Scoring_5May/JoshW/DSC_3616.tif,3,3,1,2,6,3,1896,2162,595,861
/Volumes/shared/Research-Groups/Mark-Banfield/Josh_Williams/Scoring_5May/JoshW/DSC_3616.tif,3,3,2,1,1,1,774,1052,1679,1957
/Volumes/shared/Research-Groups/Mark-Banfield/Josh_Williams/Scoring_5May/JoshW/DSC_3616.tif,3,3,2,1,2,1,574,858,1956,2240
/Volumes/shared/Research-Groups/Mark-Banfield/Josh_Williams/Scoring_5May/JoshW/DSC_3616.tif,3,3,2,1,3,0,495,821,2352,2678
/Volumes/shared/Research-Groups/Mark-Banfield/Josh_Williams/Scoring_5May/JoshW/DSC_3616.tif,3,3,2,3,1,1,2090,2338,1874,2122
/Volumes/shared/Research-Groups/Mark-Banfield/Josh_Williams/Scoring_5May/JoshW/DSC_3616.tif,3,3,2,3,2,1,1864,2166,2072,2374
/Volumes/shared/Research-Groups/Mark-Banfield/Josh_Williams/Scoring_5May/JoshW/DSC_3616.tif,3,3,2,3,3,0,1916,2176,2458,2718
/Volumes/shared/Research-Groups/Mark-Banfield/Josh_Williams/Scoring_5May/JoshW/DSC_3616.tif,3,3,3,1,1,0,872,1114,3190,3432
/Volumes/shared/Research-Groups/Mark-Banfield/Josh_Williams/Scoring_5May/JoshW/DSC_3616.tif,3,3,3,1,2,0,565,907,3398,3740
/Volumes/shared/Research-Groups/Mark-Banfield/Josh_Williams/Scoring_5May/JoshW/DSC_3616.tif,3,3,3,1,3,0,503,801,3788,4086
/Volumes/shared/Research-Groups/Mark-Banfield/Josh_Williams/Scoring_5May/JoshW/DSC_3616.tif,3,3,3,3,4,1,2494,2778,3820,4104
/Volumes/shared/Research-Groups/Mark-Banfield/Josh_Williams/Scoring_5May/JoshW/DSC_3616.tif,3,3,3,3,5,1,2481,2765,3460,3744
/Volumes/shared/Research-Groups/Mark-Banfield/Josh_Williams/Scoring_5May/JoshW/DSC_3616.tif,3,3,3,3,6,2,2366,2636,3195,3465
/Volumes/shared/Research-Groups/Mark-Banfield/Josh_Williams/Scoring_5May/JoshW/DSC_0110.TIF,3,3,1,1,3,3,352,602,1106,1356
/Volumes/shared/Research-Groups/Mark-Banfield/Josh_Williams/Scoring_5May/JoshW/DSC_0110.TIF,3,3,1,1,4,2,924,1172,1049,1297
/Volumes/shared/Research-Groups/Mark-Banfield/Josh_Williams/Scoring_5May/JoshW/DSC_0110.TIF,3,3,1,3,2,3,2010,2242,809,1041
/Volumes/shared/Research-Groups/Mark-Banfield/Josh_Williams/Scoring_5May/JoshW/DSC_0110.TIF,3,3,1,3,5,3,2531,2811,702,982
/Volumes/shared/Research-Groups/Mark-Banfield/Josh_Williams/Scoring_5May/JoshW/DSC_0110.TIF,3,3,2,2,2,2,1204,1470,1816,2082
/Volumes/shared/Research-Groups/Mark-Banfield/Josh_Williams/Scoring_5May/JoshW/DSC_0110.TIF,3,3,2,2,5,1,1716,1976,1833,2093
/Volumes/shared/Research-Groups/Mark-Banfield/Josh_Williams/Scoring_5May/JoshW/DSC_0110.TIF,3,3,3,1,1,0,622,858,2854,3090
/Volumes/shared/Research-Groups/Mark-Banfield/Josh_Williams/Scoring_5May/JoshW/DSC_0110.TIF,3,3,3,1,6,1,882,1142,2877,3137
/Volumes/shared/Research-Groups/Mark-Banfield/Josh_Williams/Scoring_5May/JoshW/DSC_0110.TIF,3,3,3,3,2,1,1941,2235,3322,3616
/Volumes/shared/Research-Groups/Mark-Banfield/Josh_Williams/Scoring_5May/JoshW/DSC_0110.TIF,3,3,3,3,5,1,2574,2848,3418,3692
/Volumes/shared/Research-Groups/Mark-Banfield/Josh_Williams/Scoring_5May/JoshW/_DSC8785.tif,2,4,1,1,1,0,820,1002,780,962
/Volumes/shared/Research-Groups/Mark-Banfield/Josh_Williams/Scoring_5May/JoshW/_DSC8785.tif,2,4,1,1,2,1,662,812,936,1086
/Volumes/shared/Research-Groups/Mark-Banfield/Josh_Williams/Scoring_5May/JoshW/_DSC8785.tif,2,4,1,1,3,0,609,835,1150,1376
/Volumes/shared/Research-Groups/Mark-Banfield/Josh_Williams/Scoring_5May/JoshW/_DSC8785.tif,2,4,1,1,4,0,815,1019,1350,1554
/Volumes/shared/Research-Groups/Mark-Banfield/Josh_Williams/Scoring_5May/JoshW/_DSC8785.tif,2,4,1,1,5,0,1064,1264,1328,1528
/Volumes/shared/Research-Groups/Mark-Banfield/Josh_Williams/Scoring_5May/JoshW/_DSC8785.tif,2,4,1,1,6,0,1175,1349,1136,1310
/Volumes/shared/Research-Groups/Mark-Banfield/Josh_Williams/Scoring_5May/JoshW/_DSC8785.tif,2,4,1,1,7,0,1188,1332,946,1090
/Volumes/shared/Research-Groups/Mark-Banfield/Josh_Williams/Scoring_5May/JoshW/_DSC8785.tif,2,4,1,1,8,0,1076,1208,767,899
/Volumes/shared/Research-Groups/Mark-Banfield/Josh_Williams/Scoring_5May/JoshW/_DSC8785.tif,2,4,1,2,1,2,1840,1990,699,849
/Volumes/shared/Research-Groups/Mark-Banfield/Josh_Williams/Scoring_5May/JoshW/_DSC8785.tif,2,4,1,2,2,3,1654,1840,872,1058
/Volumes/shared/Research-Groups/Mark-Banfield/Josh_Williams/Scoring_5May/JoshW/_DSC8785.tif,2,4,1,2,3,0,1535,1705,1062,1232
/Volumes/shared/Research-Groups/Mark-Banfield/Josh_Williams/Scoring_5May/JoshW/_DSC8785.tif,2,4,1,2,4,0,1544,1766,1278,1500
/Volumes/shared/Research-Groups/Mark-Banfield/Josh_Williams/Scoring_5May/JoshW/_DSC8785.tif,2,4,1,2,5,0,2022,2262,1400,1640
/Volumes/shared/Research-Groups/Mark-Banfield/Josh_Williams/Scoring_5May/JoshW/_DSC8785.tif,2,4,1,2,6,3,2200,2374,1217,1391
/Volumes/shared/Research-Groups/Mark-Banfield/Josh_Williams/Scoring_5May/JoshW/_DSC8785.tif,2,4,1,2,7,0,2147,2335,994,1182
/Volumes/shared/Research-Groups/Mark-Banfield/Josh_Williams/Scoring_5May/JoshW/_DSC8785.tif,2,4,1,2,8,0,2050,2222,796,968
/Volumes/shared/Research-Groups/Mark-Banfield/Josh_Williams/Scoring_5May/JoshW/_DSC8785.tif,2,4,1,3,1,0,3254,3444,772,962
/Volumes/shared/Research-Groups/Mark-Banfield/Josh_Williams/Scoring_5May/JoshW/_DSC8785.tif,2,4,1,3,2,0,3125,3293,1004,1172
/Volumes/shared/Research-Groups/Mark-Banfield/Josh_Williams/Scoring_5May/JoshW/_DSC8785.tif,2,4,1,3,3,0,3074,3252,1209,1387
/Volumes/shared/Research-Groups/Mark-Banfield/Josh_Williams/Scoring_5May/JoshW/_DSC8785.tif,2,4,1,3,4,0,3232,3428,1323,1519
/Volumes/shared/Research-Groups/Mark-Banfield/Josh_Williams/Scoring_5May/JoshW/_DSC8785.tif,2,4,1,3,5,0,3570,3766,1254,1450
/Volumes/shared/Research-Groups/Mark-Banfield/Josh_Williams/Scoring_5May/JoshW/_DSC8785.tif,2,4,1,3,6,0,3652,3852,1068,1268
/Volumes/shared/Research-Groups/Mark-Banfield/Josh_Williams/Scoring_5May/JoshW/_DSC8785.tif,2,4,1,3,7,2,3610,3810,836,1036
/Volumes/shared/Research-Groups/Mark-Banfield/Josh_Williams/Scoring_5May/JoshW/_DSC8785.tif,2,4,1,3,8,0,3498,3652,692,846
/Volumes/shared/Research-Groups/Mark-Banfield/Josh_Williams/Scoring_5May/JoshW/_DSC8785.tif,2,4,1,4,1,1,4470,4662,598,790
/Volumes/shared/Research-Groups/Mark-Banfield/Josh_Williams/Scoring_5May/JoshW/_DSC8785.tif,2,4,1,4,2,0,4316,4534,793,1011
/Volumes/shared/Research-Groups/Mark-Banfield/Josh_Williams/Scoring_5May/JoshW/_DSC8785.tif,2,4,1,4,3,4,4200,4404,1040,1244
/Volumes/shared/Research-Groups/Mark-Banfield/Josh_Williams/Scoring_5May/JoshW/_DSC8785.tif,2,4,1,4,4,0,4320,4598,1322,1600
/Volumes/shared/Research-Groups/Mark-Banfield/Josh_Williams/Scoring_5May/JoshW/_DSC8785.tif,2,4,1,4,5,0,4738,4972,1383,1617
/Volumes/shared/Research-Groups/Mark-Banfield/Josh_Williams/Scoring_5May/JoshW/_DSC8785.tif,2,4,1,4,6,0,4934,5144,1177,1387
/Volumes/shared/Research-Groups/Mark-Banfield/Josh_Williams/Scoring_5May/JoshW/_DSC8785.tif,2,4,1,4,7,2,4825,5047,914,1136
/Volumes/shared/Research-Groups/Mark-Banfield/Josh_Williams/Scoring_5May/JoshW/_DSC8785.tif,2,4,1,4,8,0,4705,4923,654,872
/Volumes/shared/Research-Groups/Mark-Banfield/Josh_Williams/Scoring_5May/JoshW/_DSC8785.tif,2,4,2,1,1,0,814,1000,1968,2154
/Volumes/shared/Research-Groups/Mark-Banfield/Josh_Williams/Scoring_5May/JoshW/_DSC8785.tif,2,4,2,1,2,0,676,850,2116,2290
/Volumes/shared/Research-Groups/Mark-Banfield/Josh_Williams/Scoring_5May/JoshW/_DSC8785.tif,2,4,2,1,3,0,609,835,2306,2532
/Volumes/shared/Research-Groups/Mark-Banfield/Josh_Williams/Scoring_5May/JoshW/_DSC8785.tif,2,4,2,1,4,3,679,997,2538,2856
/Volumes/shared/Research-Groups/Mark-Banfield/Josh_Williams/Scoring_5May/JoshW/_DSC8785.tif,2,4,2,1,5,0,1099,1359,2582,2842
/Volumes/shared/Research-Groups/Mark-Banfield/Josh_Williams/Scoring_5May/JoshW/_DSC8785.tif,2,4,2,1,6,0,1310,1482,2406,2578
/Volumes/shared/Research-Groups/Mark-Banfield/Josh_Williams/Scoring_5May/JoshW/_DSC8785.tif,2,4,2,1,7,0,1295,1437,2204,2346
/Volumes/shared/Research-Groups/Mark-Banfield/Josh_Williams/Scoring_5May/JoshW/_DSC8785.tif,2,4,2,1,8,3,1082,1336,1974,2228
/Volumes/shared/Research-Groups/Mark-Banfield/Josh_Williams/Scoring_5May/JoshW/_DSC8785.tif,2,4,2,2,1,0,1950,2104,1982,2136
/Volumes/shared/Research-Groups/Mark-Banfield/Josh_Williams/Scoring_5May/JoshW/_DSC8785.tif,2,4,2,2,2,0,1728,1882,2165,2319
/Volumes/shared/Research-Groups/Mark-Banfield/Josh_Williams/Scoring_5May/JoshW/_DSC8785.tif,2,4,2,2,3,0,1862,2044,2286,2468
/Volumes/shared/Research-Groups/Mark-Banfield/Josh_Williams/Scoring_5May/JoshW/_DSC8785.tif,2,4,2,2,4,2,1792,2010,2471,2689
/Volumes/shared/Research-Groups/Mark-Banfield/Josh_Williams/Scoring_5May/JoshW/_DSC8785.tif,2,4,2,2,5,0,2111,2277,2570,2736
/Volumes/shared/Research-Groups/Mark-Banfield/Josh_Williams/Scoring_5May/JoshW/_DSC8785.tif,2,4,2,2,6,1,2298,2470,2492,2664
/Volumes/shared/Research-Groups/Mark-Banfield/Josh_Williams/Scoring_5May/JoshW/_DSC8785.tif,2,4,2,2,7,0,2332,2518,2260,2446
/Volumes/shared/Research-Groups/Mark-Banfield/Josh_Williams/Scoring_5May/JoshW/_DSC8785.tif,2,4,2,2,8,4,2179,2393,2024,2238
/Volumes/shared/Research-Groups/Mark-Banfield/Josh_Williams/Scoring_5May/JoshW/_DSC8785.tif,2,4,2,3,1,4,3388,3580,1828,2020
/Volumes/shared/Research-Groups/Mark-Banfield/Josh_Williams/Scoring_5May/JoshW/_DSC8785.tif,2,4,2,3,2,0,3210,3416,2072,2278
/Volumes/shared/Research-Groups/Mark-Banfield/Josh_Williams/Scoring_5May/JoshW/_DSC8785.tif,2,4,2,3,3,0,3108,3344,2328,2564
/Volumes/shared/Research-Groups/Mark-Banfield/Josh_Williams/Scoring_5May/JoshW/_DSC8785.tif,2,4,2,3,4,0,3238,3528,2532,2822
/Volumes/shared/Research-Groups/Mark-Banfield/Josh_Williams/Scoring_5May/JoshW/_DSC8785.tif,2,4,2,3,5,0,3692,3912,2531,2751
/Volumes/shared/Research-Groups/Mark-Banfield/Josh_Williams/Scoring_5May/JoshW/_DSC8785.tif,2,4,2,3,6,0,3796,4010,2278,2492
/Volumes/shared/Research-Groups/Mark-Banfield/Josh_Williams/Scoring_5May/JoshW/_DSC8785.tif,2,4,2,3,7,3,3761,3987,1978,2204
/Volumes/shared/Research-Groups/Mark-Banfield/Josh_Williams/Scoring_5May/JoshW/_DSC8785.tif,2,4,2,3,8,0,3652,3824,1796,1968
/Volumes/shared/Research-Groups/Mark-Banfield/Josh_Williams/Scoring_5May/JoshW/_DSC8785.tif,2,4,2,4,1,2,4480,4712,1947,2179
/Volumes/shared/Research-Groups/Mark-Banfield/Josh_Williams/Scoring_5May/JoshW/_DSC8785.tif,2,4,2,4,2,0,4289,4525,2164,2400
/Volumes/shared/Research-Groups/Mark-Banfield/Josh_Williams/Scoring_5May/JoshW/_DSC8785.tif,2,4,2,4,3,0,4437,4641,2370,2574
/Volumes/shared/Research-Groups/Mark-Banfield/Josh_Williams/Scoring_5May/JoshW/_DSC8785.tif,2,4,2,4,4,0,4469,4695,2588,2814
/Volumes/shared/Research-Groups/Mark-Banfield/Josh_Williams/Scoring_5May/JoshW/_DSC8785.tif,2,4,2,4,5,0,4752,4962,2696,2906
/Volumes/shared/Research-Groups/Mark-Banfield/Josh_Williams/Scoring_5May/JoshW/_DSC8785.tif,2,4,2,4,6,0,4898,5090,2484,2676
/Volumes/shared/Research-Groups/Mark-Banfield/Josh_Williams/Scoring_5May/JoshW/_DSC8785.tif,2,4,2,4,7,4,4898,5140,2189,2431
/Volumes/shared/Research-Groups/Mark-Banfield/Josh_Williams/Scoring_5May/JoshW/_DSC8785.tif,2,4,2,4,8,0,4794,5016,1960,2182
/Volumes/shared/Research-Groups/Mark-Banfield/Josh_Williams/Scoring_5May/JoshW/DSC_3617.tif,3,3,1,2,1,4,1526,1774,725,973
/Volumes/shared/Research-Groups/Mark-Banfield/Josh_Williams/Scoring_5May/JoshW/DSC_3617.tif,3,3,1,2,2,1,1337,1579,930,1172
/Volumes/shared/Research-Groups/Mark-Banfield/Josh_Williams/Scoring_5May/JoshW/DSC_3617.tif,3,3,1,2,3,1,1363,1619,1232,1488
/Volumes/shared/Research-Groups/Mark-Banfield/Josh_Williams/Scoring_5May/JoshW/DSC_3617.tif,3,3,2,1,4,4,1247,1475,2308,2536
/Volumes/shared/Research-Groups/Mark-Banfield/Josh_Williams/Scoring_5May/JoshW/DSC_3617.tif,3,3,2,1,5,4,1186,1442,2034,2290
/Volumes/shared/Research-Groups/Mark-Banfield/Josh_Williams/Scoring_5May/JoshW/DSC_3617.tif,3,3,2,1,6,4,1142,1366,1789,2013
/Volumes/shared/Research-Groups/Mark-Banfield/Josh_Williams/Scoring_5May/JoshW/DSC_3617.tif,3,3,2,3,1,3,2162,2346,1842,2026
/Volumes/shared/Research-Groups/Mark-Banfield/Josh_Williams/Scoring_5May/JoshW/DSC_3617.tif,3,3,2,3,2,4,2003,2265,2076,2338
/Volumes/shared/Research-Groups/Mark-Banfield/Josh_Williams/Scoring_5May/JoshW/DSC_3617.tif,3,3,2,3,3,3,2066,2328,2387,2649
/Volumes/shared/Research-Groups/Mark-Banfield/Josh_Williams/Scoring_5May/JoshW/DSC_3617.tif,3,3,3,1,4,2,1378,1658,3630,3910
/Volumes/shared/Research-Groups/Mark-Banfield/Josh_Williams/Scoring_5May/JoshW/DSC_3617.tif,3,3,3,1,5,3,1318,1588,3315,3585
/Volumes/shared/Research-Groups/Mark-Banfield/Josh_Williams/Scoring_5May/JoshW/DSC_3617.tif,3,3,3,1,6,4,1183,1411,3090,3318
/Volumes/shared/Research-Groups/Mark-Banfield/Josh_Williams/Scoring_5May/JoshW/DSC_3617.tif,3,3,3,3,4,2,2553,2827,3674,3948
/Volumes/shared/Research-Groups/Mark-Banfield/Josh_Williams/Scoring_5May/JoshW/DSC_3617.tif,3,3,3,3,5,3,2614,2856,3384,3626
/Volumes/shared/Research-Groups/Mark-Banfield/Josh_Williams/Scoring_5May/JoshW/DSC_3617.tif,3,3,3,3,6,4,2508,2726,3100,3318
/Volumes/shared/Research-Groups/Mark-Banfield/Josh_Williams/Scoring_5May/JoshW/_DSC1014.TIF,3,3,1,1,1,4,510,810,506,806
/Volumes/shared/Research-Groups/Mark-Banfield/Josh_Williams/Scoring_5May/JoshW/_DSC1014.TIF,3,3,1,1,2,3,440,724,890,1174
/Volumes/shared/Research-Groups/Mark-Banfield/Josh_Williams/Scoring_5May/JoshW/_DSC1014.TIF,3,3,1,1,3,2,517,759,1210,1452
/Volumes/shared/Research-Groups/Mark-Banfield/Josh_Williams/Scoring_5May/JoshW/_DSC1014.TIF,3,3,1,1,6,2,862,1184,424,746
/Volumes/shared/Research-Groups/Mark-Banfield/Josh_Williams/Scoring_5May/JoshW/_DSC1014.TIF,3,3,1,3,2,6,2302,2608,766,1072
/Volumes/shared/Research-Groups/Mark-Banfield/Josh_Williams/Scoring_5May/JoshW/_DSC1014.TIF,3,3,1,3,4,6,2889,3129,1078,1318
/Volumes/shared/Research-Groups/Mark-Banfield/Josh_Williams/Scoring_5May/JoshW/_DSC1014.TIF,3,3,1,3,5,6,2875,3165,782,1072
/Volumes/shared/Research-Groups/Mark-Banfield/Josh_Williams/Scoring_5May/JoshW/_DSC1014.TIF,3,3,1,3,6,4,2790,2978,539,727
/Volumes/shared/Research-Groups/Mark-Banfield/Josh_Williams/Scoring_5May/JoshW/_DSC1014.TIF,3,3,2,2,3,4,1184,1494,2451,2761
/Volumes/shared/Research-Groups/Mark-Banfield/Josh_Williams/Scoring_5May/JoshW/_DSC1014.TIF,3,3,2,2,4,4,1856,2160,2448,2752
/Volumes/shared/Research-Groups/Mark-Banfield/Josh_Williams/Scoring_5May/JoshW/_DSC1014.TIF,3,3,2,2,5,3,1810,2170,2126,2486
/Volumes/shared/Research-Groups/Mark-Banfield/Josh_Williams/Scoring_5May/JoshW/_DSC1014.TIF,3,3,2,2,6,2,1688,1992,1760,2064
/Volumes/shared/Research-Groups/Mark-Banfield/Josh_Williams/Scoring_5May/JoshW/_DSC1014.TIF,3,3,3,1,2,5,566,860,3706,4000
/Volumes/shared/Research-Groups/Mark-Banfield/Josh_Williams/Scoring_5May/JoshW/_DSC1014.TIF,3,3,3,1,4,2,1254,1554,4137,4437
/Volumes/shared/Research-Groups/Mark-Banfield/Josh_Williams/Scoring_5May/JoshW/_DSC1014.TIF,3,3,3,1,5,5,1329,1619,3684,3974
/Volumes/shared/Research-Groups/Mark-Banfield/Josh_Williams/Scoring_5May/JoshW/_DSC1014.TIF,3,3,3,1,6,3,1120,1436,3309,3625
/Volumes/shared/Research-Groups/Mark-Banfield/Josh_Williams/Scoring_5May/JoshW/_DSC1014.TIF,3,3,3,3,1,5,2434,2692,3438,3696
/Volumes/shared/Research-Groups/Mark-Banfield/Josh_Williams/Scoring_5May/JoshW/_DSC1014.TIF,3,3,3,3,2,5,2263,2591,3764,4092
/Volumes/shared/Research-Groups/Mark-Banfield/Josh_Williams/Scoring_5May/JoshW/_DSC1014.TIF,3,3,3,3,3,5,2223,2529,4112,4418
/Volumes/shared/Research-Groups/Mark-Banfield/Josh_Williams/Scoring_5May/JoshW/_DSC1014.TIF,3,3,3,3,6,5,2668,2908,3327,3567
/Volumes/shared/Research-Groups/Mark-Banfield/Josh_Williams/Scoring_5May/JoshW/_DSC1646.tif,4,4,1,1,1,2,1169,1301,90,222
/Volumes/shared/Research-Groups/Mark-Banfield/Josh_Williams/Scoring_5May/JoshW/_DSC1646.tif,4,4,1,1,2,0,1054,1218,236,400
/Volumes/shared/Research-Groups/Mark-Banfield/Josh_Williams/Scoring_5May/JoshW/_DSC1646.tif,4,4,1,1,3,5,986,1146,397,557
/Volumes/shared/Research-Groups/Mark-Banfield/Josh_Williams/Scoring_5May/JoshW/_DSC1646.tif,4,4,1,1,4,0,1018,1192,572,746
/Volumes/shared/Research-Groups/Mark-Banfield/Josh_Williams/Scoring_5May/JoshW/_DSC1646.tif,4,4,1,1,5,2,1318,1500,609,791
/Volumes/shared/Research-Groups/Mark-Banfield/Josh_Williams/Scoring_5May/JoshW/_DSC1646.tif,4,4,1,1,6,0,1436,1596,453,613
/Volumes/shared/Research-Groups/Mark-Banfield/Josh_Williams/Scoring_5May/JoshW/_DSC1646.tif,4,4,1,1,7,4,1358,1514,271,427
/Volumes/shared/Research-Groups/Mark-Banfield/Josh_Williams/Scoring_5May/JoshW/_DSC1646.tif,4,4,1,1,8,0,1318,1452,116,250
/Volumes/shared/Research-Groups/Mark-Banfield/Josh_Williams/Scoring_5May/JoshW/_DSC1646.tif,4,4,1,2,1,4,1968,2118,66,216
/Volumes/shared/Research-Groups/Mark-Banfield/Josh_Williams/Scoring_5May/JoshW/_DSC1646.tif,4,4,1,2,2,0,1866,2012,194,340
/Volumes/shared/Research-Groups/Mark-Banfield/Josh_Williams/Scoring_5May/JoshW/_DSC1646.tif,4,4,1,2,3,6,1792,1968,376,552
/Volumes/shared/Research-Groups/Mark-Banfield/Josh_Williams/Scoring_5May/JoshW/_DSC1646.tif,4,4,1,2,4,0,1874,2050,564,740
/Volumes/shared/Research-Groups/Mark-Banfield/Josh_Williams/Scoring_5May/JoshW/_DSC1646.tif,4,4,1,2,5,4,2174,2360,609,795
/Volumes/shared/Research-Groups/Mark-Banfield/Josh_Williams/Scoring_5May/JoshW/_DSC1646.tif,4,4,1,2,6,0,2310,2478,474,642
/Volumes/shared/Research-Groups/Mark-Banfield/Josh_Williams/Scoring_5May/JoshW/_DSC1646.tif,4,4,1,2,7,5,2213,2387,312,486
/Volumes/shared/Research-Groups/Mark-Banfield/Josh_Williams/Scoring_5May/JoshW/_DSC1646.tif,4,4,1,2,8,0,2156,2320,138,302
/Volumes/shared/Research-Groups/Mark-Banfield/Josh_Williams/Scoring_5May/JoshW/_DSC1646.tif,4,4,1,3,1,0,2974,3142,60,228
/Volumes/shared/Research-Groups/Mark-Banfield/Josh_Williams/Scoring_5May/JoshW/_DSC1646.tif,4,4,1,3,2,4,2906,3086,236,416
/Volumes/shared/Research-Groups/Mark-Banfield/Josh_Williams/Scoring_5May/JoshW/_DSC1646.tif,4,4,1,3,3,0,2838,3032,415,609
/Volumes/shared/Research-Groups/Mark-Banfield/Josh_Williams/Scoring_5May/JoshW/_DSC1646.tif,4,4,1,3,4,2,2920,3092,597,769
/Volumes/shared/Research-Groups/Mark-Banfield/Josh_Williams/Scoring_5May/JoshW/_DSC1646.tif,4,4,1,3,5,0,3234,3414,586,766
/Volumes/shared/Research-Groups/Mark-Banfield/Josh_Williams/Scoring_5May/JoshW/_DSC1646.tif,4,4,1,3,6,5,3292,3492,398,598
/Volumes/shared/Research-Groups/Mark-Banfield/Josh_Williams/Scoring_5May/JoshW/_DSC1646.tif,4,4,1,3,7,0,3264,3448,216,400
/Volumes/shared/Research-Groups/Mark-Banfield/Josh_Williams/Scoring_5May/JoshW/_DSC1646.tif,4,4,1,3,8,3,3156,3352,40,236
/Volumes/shared/Research-Groups/Mark-Banfield/Josh_Williams/Scoring_5May/JoshW/_DSC1646.tif,4,4,1,4,1,0,3856,4010,60,214
/Volumes/shared/Research-Groups/Mark-Banfield/Josh_Williams/Scoring_5May/JoshW/_DSC1646.tif,4,4,1,4,2,3,3816,3962,205,351
/Volumes/shared/Research-Groups/Mark-Banfield/Josh_Williams/Scoring_5May/JoshW/_DSC1646.tif,4,4,1,4,3,0,3780,3928,350,498
/Volumes/shared/Research-Groups/Mark-Banfield/Josh_Williams/Scoring_5May/JoshW/_DSC1646.tif,4,4,1,4,4,4,3793,3957,518,682
/Volumes/shared/Research-Groups/Mark-Banfield/Josh_Williams/Scoring_5May/JoshW/_DSC1646.tif,4,4,1,4,5,0,4116,4292,551,727
/Volumes/shared/Research-Groups/Mark-Banfield/Josh_Williams/Scoring_5May/JoshW/_DSC1646.tif,4,4,1,4,6,3,4162,4348,367,553
/Volumes/shared/Research-Groups/Mark-Banfield/Josh_Williams/Scoring_5May/JoshW/_DSC1646.tif,4,4,1,4,7,0,4170,4312,249,391
/Volumes/shared/Research-Groups/Mark-Banfield/Josh_Williams/Scoring_5May/JoshW/_DSC1646.tif,4,4,1,4,8,4,4092,4242,106,256
/Volumes/shared/Research-Groups/Mark-Banfield/Josh_Williams/Scoring_5May/JoshW/_DSC1646.tif,4,4,2,1,1,0,1092,1248,994,1150
/Volumes/shared/Research-Groups/Mark-Banfield/Josh_Williams/Scoring_5May/JoshW/_DSC1646.tif,4,4,2,1,2,0,1025,1147,1146,1268
/Volumes/shared/Research-Groups/Mark-Banfield/Josh_Williams/Scoring_5May/JoshW/_DSC1646.tif,4,4,2,1,3,0,977,1117,1278,1418
/Volumes/shared/Research-Groups/Mark-Banfield/Josh_Williams/Scoring_5May/JoshW/_DSC1646.tif,4,4,2,1,4,0,1054,1204,1408,1558
/Volumes/shared/Research-Groups/Mark-Banfield/Josh_Williams/Scoring_5May/JoshW/_DSC1646.tif,4,4,2,1,5,3,1290,1448,1428,1586
/Volumes/shared/Research-Groups/Mark-Banfield/Josh_Williams/Scoring_5May/JoshW/_DSC1646.tif,4,4,2,1,6,0,1392,1542,1296,1446
/Volumes/shared/Research-Groups/Mark-Banfield/Josh_Williams/Scoring_5May/JoshW/_DSC1646.tif,4,4,2,1,7,3,1326,1496,1136,1306
/Volumes/shared/Research-Groups/Mark-Banfield/Josh_Williams/Scoring_5May/JoshW/_DSC1646.tif,4,4,2,1,8,0,1291,1459,978,1146
/Volumes/shared/Research-Groups/Mark-Banfield/Josh_Williams/Scoring_5May/JoshW/_DSC1646.tif,4,4,2,2,1,3,1992,2154,975,1137
/Volumes/shared/Research-Groups/Mark-Banfield/Josh_Williams/Scoring_5May/JoshW/_DSC1646.tif,4,4,2,2,2,0,1842,1998,1108,1264
/Volumes/shared/Research-Groups/Mark-Banfield/Josh_Williams/Scoring_5May/JoshW/_DSC1646.tif,4,4,2,2,3,2,1864,2072,1264,1472
/Volumes/shared/Research-Groups/Mark-Banfield/Josh_Williams/Scoring_5May/JoshW/_DSC1646.tif,4,4,2,2,4,0,1869,2037,1464,1632
/Volumes/shared/Research-Groups/Mark-Banfield/Josh_Williams/Scoring_5May/JoshW/_DSC1646.tif,4,4,2,2,5,3,2150,2338,1453,1641
/Volumes/shared/Research-Groups/Mark-Banfield/Josh_Williams/Scoring_5May/JoshW/_DSC1646.tif,4,4,2,2,6,0,2272,2438,1304,1470
/Volumes/shared/Research-Groups/Mark-Banfield/Josh_Williams/Scoring_5May/JoshW/_DSC1646.tif,4,4,2,2,7,3,2210,2372,1132,1294
/Volumes/shared/Research-Groups/Mark-Banfield/Josh_Williams/Scoring_5May/JoshW/_DSC1646.tif,4,4,2,2,8,0,2172,2324,957,1109
/Volumes/shared/Research-Groups/Mark-Banfield/Josh_Williams/Scoring_5May/JoshW/_DSC1646.tif,4,4,2,3,1,0,2990,3176,890,1076
/Volumes/shared/Research-Groups/Mark-Banfield/Josh_Williams/Scoring_5May/JoshW/_DSC1646.tif,4,4,2,3,2,5,2933,3115,1064,1246
/Volumes/shared/Research-Groups/Mark-Banfield/Josh_Williams/Scoring_5May/JoshW/_DSC1646.tif,4,4,2,3,3,0,2892,3078,1241,1427
/Volumes/shared/Research-Groups/Mark-Banfield/Josh_Williams/Scoring_5May/JoshW/_DSC1646.tif,4,4,2,3,4,2,2881,3053,1478,1650
/Volumes/shared/Research-Groups/Mark-Banfield/Josh_Williams/Scoring_5May/JoshW/_DSC1646.tif,4,4,2,3,5,0,3256,3420,1502,1666
/Volumes/shared/Research-Groups/Mark-Banfield/Josh_Williams/Scoring_5May/JoshW/_DSC1646.tif,4,4,2,3,6,5,3316,3482,1348,1514
/Volumes/shared/Research-Groups/Mark-Banfield/Josh_Williams/Scoring_5May/JoshW/_DSC1646.tif,4,4,2,3,7,0,3314,3478,1157,1321
/Volumes/shared/Research-Groups/Mark-Banfield/Josh_Williams/Scoring_5May/JoshW/_DSC1646.tif,4,4,2,3,8,6,3215,3383,972,1140
/Volumes/shared/Research-Groups/Mark-Banfield/Josh_Williams/Scoring_5May/JoshW/_DSC1646.tif,4,4,3,1,1,5,1150,1296,1836,1982
/Volumes/shared/Research-Groups/Mark-Banfield/Josh_Williams/Scoring_5May/JoshW/_DSC1646.tif,4,4,3,1,2,0,1054,1200,1982,2128
/Volumes/shared/Research-Groups/Mark-Banfield/Josh_Williams/Scoring_5May/JoshW/_DSC1646.tif,4,4,3,1,3,6,1002,1166,2122,2286
/Volumes/shared/Research-Groups/Mark-Banfield/Josh_Williams/Scoring_5May/JoshW/_DSC1646.tif,4,4,3,1,4,0,1009,1177,2296,2464
/Volumes/shared/Research-Groups/Mark-Banfield/Josh_Williams/Scoring_5May/JoshW/_DSC1646.tif,4,4,3,1,5,5,1346,1504,2353,2511
/Volumes/shared/Research-Groups/Mark-Banfield/Josh_Williams/Scoring_5May/JoshW/_DSC1646.tif,4,4,3,1,6,0,1405,1543,2200,2338
/Volumes/shared/Research-Groups/Mark-Banfield/Josh_Williams/Scoring_5May/JoshW/_DSC1646.tif,4,4,3,1,7,5,1365,1525,2028,2188
/Volumes/shared/Research-Groups/Mark-Banfield/Josh_Williams/Scoring_5May/JoshW/_DSC1646.tif,4,4,3,1,8,0,1336,1496,1840,2000
/Volumes/shared/Research-Groups/Mark-Banfield/Josh_Williams/Scoring_5May/JoshW/_DSC1646.tif,4,4,3,2,1,1,2000,2146,1800,1946
/Volumes/shared/Research-Groups/Mark-Banfield/Josh_Williams/Scoring_5May/JoshW/_DSC1646.tif,4,4,3,2,2,0,1900,2068,1960,2128
/Volumes/shared/Research-Groups/Mark-Banfield/Josh_Williams/Scoring_5May/JoshW/_DSC1646.tif,4,4,3,2,3,3,1887,2055,2138,2306
/Volumes/shared/Research-Groups/Mark-Banfield/Josh_Williams/Scoring_5May/JoshW/_DSC1646.tif,4,4,3,2,4,0,1970,2136,2304,2470
/Volumes/shared/Research-Groups/Mark-Banfield/Josh_Williams/Scoring_5May/JoshW/_DSC1646.tif,4,4,3,2,5,2,2264,2438,2259,2433
/Volumes/shared/Research-Groups/Mark-Banfield/Josh_Williams/Scoring_5May/JoshW/_DSC1646.tif,4,4,3,2,6,0,2341,2483,2100,2242
/Volumes/shared/Research-Groups/Mark-Banfield/Josh_Williams/Scoring_5May/JoshW/_DSC1646.tif,4,4,3,2,7,4,2264,2400,1986,2122
/Volumes/shared/Research-Groups/Mark-Banfield/Josh_Williams/Scoring_5May/JoshW/_DSC1646.tif,4,4,3,2,8,0,2157,2335,1796,1974
/Volumes/shared/Research-Groups/Mark-Banfield/Josh_Williams/Scoring_5May/JoshW/_DSC1646.tif,4,4,3,3,1,0,3024,3192,1750,1918
/Volumes/shared/Research-Groups/Mark-Banfield/Josh_Williams/Scoring_5May/JoshW/_DSC1646.tif,4,4,3,3,2,1,2938,3088,1907,2057
/Volumes/shared/Research-Groups/Mark-Banfield/Josh_Williams/Scoring_5May/JoshW/_DSC1646.tif,4,4,3,3,3,0,2865,3057,2082,2274
/Volumes/shared/Research-Groups/Mark-Banfield/Josh_Williams/Scoring_5May/JoshW/_DSC1646.tif,4,4,3,3,4,0,2852,3038,2338,2524
/Volumes/shared/Research-Groups/Mark-Banfield/Josh_Williams/Scoring_5May/JoshW/_DSC1646.tif,4,4,3,3,5,0,3306,3488,2287,2469
/Volumes/shared/Research-Groups/Mark-Banfield/Josh_Williams/Scoring_5May/JoshW/_DSC1646.tif,4,4,3,3,6,0,3402,3606,2083,2287
/Volumes/shared/Research-Groups/Mark-Banfield/Josh_Williams/Scoring_5May/JoshW/_DSC1646.tif,4,4,3,3,7,0,3320,3506,1906,2092
/Volumes/shared/Research-Groups/Mark-Banfield/Josh_Williams/Scoring_5May/JoshW/_DSC1646.tif,4,4,3,3,8,3,3220,3370,1754,1904
/Volumes/shared/Research-Groups/Mark-Banfield/Josh_Williams/Scoring_5May/JoshW/_DSC1646.tif,4,4,3,4,1,0,3970,4120,1728,1878
/Volumes/shared/Research-Groups/Mark-Banfield/Josh_Williams/Scoring_5May/JoshW/_DSC1646.tif,4,4,3,4,2,3,3892,4056,1879,2043
/Volumes/shared/Research-Groups/Mark-Banfield/Josh_Williams/Scoring_5May/JoshW/_DSC1646.tif,4,4,3,4,3,0,3877,4045,2056,2224
/Volumes/shared/Research-Groups/Mark-Banfield/Josh_Williams/Scoring_5May/JoshW/_DSC1646.tif,4,4,3,4,4,4,3875,4057,2272,2454
/Volumes/shared/Research-Groups/Mark-Banfield/Josh_Williams/Scoring_5May/JoshW/_DSC1646.tif,4,4,3,4,5,0,4210,4388,2267,2445
/Volumes/shared/Research-Groups/Mark-Banfield/Josh_Williams/Scoring_5May/JoshW/_DSC1646.tif,4,4,3,4,6,4,4297,4461,2092,2256
/Volumes/shared/Research-Groups/Mark-Banfield/Josh_Williams/Scoring_5May/JoshW/_DSC1646.tif,4,4,3,4,7,0,4244,4412,1894,2062
/Volumes/shared/Research-Groups/Mark-Banfield/Josh_Williams/Scoring_5May/JoshW/_DSC1646.tif,4,4,3,4,8,4,4176,4344,1704,1872
/Volumes/shared/Research-Groups/Mark-Banfield/Josh_Williams/Scoring_5May/JoshW/_DSC1646.tif,4,4,4,1,1,4,1118,1264,2746,2892
/Volumes/shared/Research-Groups/Mark-Banfield/Josh_Williams/Scoring_5May/JoshW/_DSC1646.tif,4,4,4,1,2,0,1063,1199,2896,3032
/Volumes/shared/Research-Groups/Mark-Banfield/Josh_Williams/Scoring_5May/JoshW/_DSC1646.tif,4,4,4,1,3,4,1040,1194,3033,3187
/Volumes/shared/Research-Groups/Mark-Banfield/Josh_Williams/Scoring_5May/JoshW/_DSC1646.tif,4,4,4,1,4,0,1032,1246,3235,3449
/Volumes/shared/Research-Groups/Mark-Banfield/Josh_Williams/Scoring_5May/JoshW/_DSC1646.tif,4,4,4,1,5,4,1364,1532,3247,3415
/Volumes/shared/Research-Groups/Mark-Banfield/Josh_Williams/Scoring_5May/JoshW/_DSC1646.tif,4,4,4,1,6,0,1458,1634,3084,3260
/Volumes/shared/Research-Groups/Mark-Banfield/Josh_Williams/Scoring_5May/JoshW/_DSC1646.tif,4,4,4,1,7,3,1401,1571,2896,3066
/Volumes/shared/Research-Groups/Mark-Banfield/Josh_Williams/Scoring_5May/JoshW/_DSC1646.tif,4,4,4,1,8,0,1317,1481,2746,2910
/Volumes/shared/Research-Groups/Mark-Banfield/Josh_Williams/Scoring_5May/JoshW/_DSC1646.tif,4,4,4,2,1,4,2024,2172,2700,2848
/Volumes/shared/Research-Groups/Mark-Banfield/Josh_Williams/Scoring_5May/JoshW/_DSC1646.tif,4,4,4,2,2,0,1975,2153,2864,3042
/Volumes/shared/Research-Groups/Mark-Banfield/Josh_Williams/Scoring_5May/JoshW/_DSC1646.tif,4,4,4,2,3,1,1931,2077,3082,3228
/Volumes/shared/Research-Groups/Mark-Banfield/Josh_Williams/Scoring_5May/JoshW/_DSC1646.tif,4,4,4,2,4,0,1926,2098,3260,3432
/Volumes/shared/Research-Groups/Mark-Banfield/Josh_Williams/Scoring_5May/JoshW/_DSC1646.tif,4,4,4,2,5,0,2272,2454,3229,3411
/Volumes/shared/Research-Groups/Mark-Banfield/Josh_Williams/Scoring_5May/JoshW/_DSC1646.tif,4,4,4,2,6,0,2418,2592,3041,3215
/Volumes/shared/Research-Groups/Mark-Banfield/Josh_Williams/Scoring_5May/JoshW/_DSC1646.tif,4,4,4,2,7,2,2304,2464,2893,3053
/Volumes/shared/Research-Groups/Mark-Banfield/Josh_Williams/Scoring_5May/JoshW/_DSC1646.tif,4,4,4,2,8,0,2185,2393,2674,2882
/Volumes/shared/Research-Groups/Mark-Banfield/Josh_Williams/Scoring_5May/JoshW/_DSC1646.tif,4,4,4,3,1,0,3066,3206,2682,2822
/Volumes/shared/Research-Groups/Mark-Banfield/Josh_Williams/Scoring_5May/JoshW/_DSC1646.tif,4,4,4,3,2,4,2968,3124,2799,2955
/Volumes/shared/Research-Groups/Mark-Banfield/Josh_Williams/Scoring_5May/JoshW/_DSC1646.tif,4,4,4,3,3,0,2928,3096,2958,3126
/Volumes/shared/Research-Groups/Mark-Banfield/Josh_Williams/Scoring_5May/JoshW/_DSC1646.tif,4,4,4,3,4,2,3020,3164,3111,3255
/Volumes/shared/Research-Groups/Mark-Banfield/Josh_Williams/Scoring_5May/JoshW/_DSC1646.tif,4,4,4,3,5,0,3246,3398,3146,3298
/Volumes/shared/Research-Groups/Mark-Banfield/Josh_Williams/Scoring_5May/JoshW/_DSC1646.tif,4,4,4,3,6,4,3341,3511,2982,3152
/Volumes/shared/Research-Groups/Mark-Banfield/Josh_Williams/Scoring_5May/JoshW/_DSC1646.tif,4,4,4,3,7,0,3294,3448,2820,2974
/Volumes/shared/Research-Groups/Mark-Banfield/Josh_Williams/Scoring_5May/JoshW/_DSC1646.tif,4,4,4,3,8,3,3248,3384,2692,2828
/Volumes/shared/Research-Groups/Mark-Banfield/Josh_Williams/Scoring_5May/JoshW/_DSC1646.tif,4,4,4,4,1,0,4012,4152,2630,2770
/Volumes/shared/Research-Groups/Mark-Banfield/Josh_Williams/Scoring_5May/JoshW/_DSC1646.tif,4,4,4,4,2,4,3924,4062,2748,2886
/Volumes/shared/Research-Groups/Mark-Banfield/Josh_Williams/Scoring_5May/JoshW/_DSC1646.tif,4,4,4,4,3,0,3906,4056,2922,3072
/Volumes/shared/Research-Groups/Mark-Banfield/Josh_Williams/Scoring_5May/JoshW/_DSC1646.tif,4,4,4,4,4,3,3889,4063,3078,3252
/Volumes/shared/Research-Groups/Mark-Banfield/Josh_Williams/Scoring_5May/JoshW/_DSC1646.tif,4,4,4,4,5,0,4248,4444,3125,3321
/Volumes/shared/Research-Groups/Mark-Banfield/Josh_Williams/Scoring_5May/JoshW/_DSC1646.tif,4,4,4,4,6,5,4339,4507,2910,3078
/Volumes/shared/Research-Groups/Mark-Banfield/Josh_Williams/Scoring_5May/JoshW/_DSC1646.tif,4,4,4,4,7,0,4238,4398,2764,2924
/Volumes/shared/Research-Groups/Mark-Banfield/Josh_Williams/Scoring_5May/JoshW/_DSC1646.tif,4,4,4,4,8,4,4152,4294,2623,2765
/Volumes/shared/Research-Groups/Mark-Banfield/Josh_Williams/Scoring_5May/JoshW/_DSC1016.TIF,3,3,1,1,2,3,447,849,664,1066
/Volumes/shared/Research-Groups/Mark-Banfield/Josh_Williams/Scoring_5May/JoshW/_DSC1016.TIF,3,3,1,1,5,1,1168,1526,638,996
/Volumes/shared/Research-Groups/Mark-Banfield/Josh_Williams/Scoring_5May/JoshW/_DSC1016.TIF,3,3,1,3,2,0,2212,2544,1028,1360
/Volumes/shared/Research-Groups/Mark-Banfield/Josh_Williams/Scoring_5May/JoshW/_DSC1016.TIF,3,3,1,3,5,3,2852,3200,1082,1430
/Volumes/shared/Research-Groups/Mark-Banfield/Josh_Williams/Scoring_5May/JoshW/_DSC1016.TIF,3,3,2,2,1,0,1371,1699,1740,2068
/Volumes/shared/Research-Groups/Mark-Banfield/Josh_Williams/Scoring_5May/JoshW/_DSC1016.TIF,3,3,2,2,6,2,1698,1982,1703,1987
/Volumes/shared/Research-Groups/Mark-Banfield/Josh_Williams/Scoring_5May/JoshW/_DSC1016.TIF,3,3,3,1,1,6,622,948,3299,3625
/Volumes/shared/Research-Groups/Mark-Banfield/Josh_Williams/Scoring_5May/JoshW/_DSC1016.TIF,3,3,3,1,6,3,960,1296,3176,3512
/Volumes/shared/Research-Groups/Mark-Banfield/Josh_Williams/Scoring_5May/JoshW/_DSC1016.TIF,3,3,3,3,3,1,2250,2652,4062,4464
/Volumes/shared/Research-Groups/Mark-Banfield/Josh_Williams/Scoring_5May/JoshW/_DSC1016.TIF,3,3,3,3,4,3,3025,3353,4080,4408
/Volumes/shared/Research-Groups/Mark-Banfield/Josh_Williams/Scoring_5May/JoshW/DSC_9231.TIF,3,3,1,1,1,6,516,774,249,507
/Volumes/shared/Research-Groups/Mark-Banfield/Josh_Williams/Scoring_5May/JoshW/DSC_9231.TIF,3,3,1,1,2,6,469,721,522,774
/Volumes/shared/Research-Groups/Mark-Banfield/Josh_Williams/Scoring_5May/JoshW/DSC_9231.TIF,3,3,1,1,3,6,500,764,786,1050
/Volumes/shared/Research-Groups/Mark-Banfield/Josh_Williams/Scoring_5May/JoshW/DSC_9231.TIF,3,3,1,1,5,4,1081,1311,404,634
/Volumes/shared/Research-Groups/Mark-Banfield/Josh_Williams/Scoring_5May/JoshW/DSC_9231.TIF,3,3,1,3,1,1,3852,4114,212,474
/Volumes/shared/Research-Groups/Mark-Banfield/Josh_Williams/Scoring_5May/JoshW/DSC_9231.TIF,3,3,1,3,4,4,4154,4432,934,1212
/Volumes/shared/Research-Groups/Mark-Banfield/Josh_Williams/Scoring_5May/JoshW/DSC_9231.TIF,3,3,1,3,5,4,4204,4492,590,878
/Volumes/shared/Research-Groups/Mark-Banfield/Josh_Williams/Scoring_5May/JoshW/DSC_9231.TIF,3,3,1,3,6,4,4158,4398,306,546
/Volumes/shared/Research-Groups/Mark-Banfield/Josh_Williams/Scoring_5May/JoshW/DSC_9231.TIF,3,3,2,2,1,6,2243,2491,948,1196
/Volumes/shared/Research-Groups/Mark-Banfield/Josh_Williams/Scoring_5May/JoshW/DSC_9231.TIF,3,3,2,2,2,6,2133,2401,1240,1508
/Volumes/shared/Research-Groups/Mark-Banfield/Josh_Williams/Scoring_5May/JoshW/DSC_9231.TIF,3,3,2,2,3,3,2192,2442,1523,1773
/Volumes/shared/Research-Groups/Mark-Banfield/Josh_Williams/Scoring_5May/JoshW/DSC_9231.TIF,3,3,2,2,5,5,2746,2972,1162,1388
/Volumes/shared/Research-Groups/Mark-Banfield/Josh_Williams/Scoring_5May/JoshW/DSC_9231.TIF,3,3,3,1,1,5,572,830,1725,1983
/Volumes/shared/Research-Groups/Mark-Banfield/Josh_Williams/Scoring_5May/JoshW/DSC_9231.TIF,3,3,3,1,2,4,467,727,2050,2310
/Volumes/shared/Research-Groups/Mark-Banfield/Josh_Williams/Scoring_5May/JoshW/DSC_9231.TIF,3,3,3,1,3,3,562,818,2357,2613
/Volumes/shared/Research-Groups/Mark-Banfield/Josh_Williams/Scoring_5May/JoshW/DSC_9231.TIF,3,3,3,1,6,3,792,1066,1589,1863
/Volumes/shared/Research-Groups/Mark-Banfield/Josh_Williams/Scoring_5May/JoshW/DSC_9231.TIF,3,3,3,3,2,2,3423,3719,1862,2158
/Volumes/shared/Research-Groups/Mark-Banfield/Josh_Williams/Scoring_5May/JoshW/DSC_9231.TIF,3,3,3,3,4,6,4035,4335,2294,2594
/Volumes/shared/Research-Groups/Mark-Banfield/Josh_Williams/Scoring_5May/JoshW/DSC_9231.TIF,3,3,3,3,5,6,4108,4360,1967,2219
/Volumes/shared/Research-Groups/Mark-Banfield/Josh_Williams/Scoring_5May/JoshW/DSC_9231.TIF,3,3,3,3,6,5,4022,4258,1730,1966
/Volumes/shared/Research-Groups/Mark-Banfield/Josh_Williams/Scoring_5May/JoshW/DSC_0214.TIF,3,3,1,1,2,6,214,456,1200,1442
/Volumes/shared/Research-Groups/Mark-Banfield/Josh_Williams/Scoring_5May/JoshW/DSC_0214.TIF,3,3,1,1,5,4,759,1039,1180,1460
/Volumes/shared/Research-Groups/Mark-Banfield/Josh_Williams/Scoring_5May/JoshW/DSC_0214.TIF,3,3,1,3,3,3,2186,2456,1390,1660
/Volumes/shared/Research-Groups/Mark-Banfield/Josh_Williams/Scoring_5May/JoshW/DSC_0214.TIF,3,3,1,3,4,4,2708,2972,1404,1668
/Volumes/shared/Research-Groups/Mark-Banfield/Josh_Williams/Scoring_5May/JoshW/DSC_0214.TIF,3,3,2,2,3,3,1283,1511,2772,3000
/Volumes/shared/Research-Groups/Mark-Banfield/Josh_Williams/Scoring_5May/JoshW/DSC_0214.TIF,3,3,2,2,4,2,1834,2100,2782,3048
/Volumes/shared/Research-Groups/Mark-Banfield/Josh_Williams/Scoring_5May/JoshW/DSC_0214.TIF,3,3,3,1,3,1,428,730,4115,4417
/Volumes/shared/Research-Groups/Mark-Banfield/Josh_Williams/Scoring_5May/JoshW/DSC_0214.TIF,3,3,3,1,4,3,1041,1305,4020,4284
/Volumes/shared/Research-Groups/Mark-Banfield/Josh_Williams/Scoring_5May/JoshW/DSC_0214.TIF,3,3,3,3,2,3,2145,2377,3878,4110
/Volumes/shared/Research-Groups/Mark-Banfield/Josh_Williams/Scoring_5May/JoshW/DSC_0214.TIF,3,3,3,3,5,4,2646,2878,3922,4154
/Volumes/shared/Research-Groups/Mark-Banfield/Josh_Williams/Scoring_5May/JoshW/DSC_3615.tif,3,3,1,2,4,0,1776,2050,1300,1574
/Volumes/shared/Research-Groups/Mark-Banfield/Josh_Williams/Scoring_5May/JoshW/DSC_3615.tif,3,3,1,2,5,1,1796,2100,941,1245
/Volumes/shared/Research-Groups/Mark-Banfield/Josh_Williams/Scoring_5May/JoshW/DSC_3615.tif,3,3,1,2,6,1,1674,1906,710,942
/Volumes/shared/Research-Groups/Mark-Banfield/Josh_Williams/Scoring_5May/JoshW/DSC_3615.tif,3,3,2,1,1,2,560,778,1678,1896
/Volumes/shared/Research-Groups/Mark-Banfield/Josh_Williams/Scoring_5May/JoshW/DSC_3615.tif,3,3,2,1,2,1,380,674,1896,2190
/Volumes/shared/Research-Groups/Mark-Banfield/Josh_Williams/Scoring_5May/JoshW/DSC_3615.tif,3,3,2,1,3,0,449,747,2248,2546
/Volumes/shared/Research-Groups/Mark-Banfield/Josh_Williams/Scoring_5May/JoshW/DSC_3615.tif,3,3,2,3,4,1,2318,2578,2356,2616
/Volumes/shared/Research-Groups/Mark-Banfield/Josh_Williams/Scoring_5May/JoshW/DSC_3615.tif,3,3,2,3,5,1,2390,2638,2052,2300
/Volumes/shared/Research-Groups/Mark-Banfield/Josh_Williams/Scoring_5May/JoshW/DSC_3615.tif,3,3,2,3,6,1,2261,2517,1796,2052
/Volumes/shared/Research-Groups/Mark-Banfield/Josh_Williams/Scoring_5May/JoshW/DSC_3615.tif,3,3,3,1,4,1,1294,1532,3744,3982
/Volumes/shared/Research-Groups/Mark-Banfield/Josh_Williams/Scoring_5May/JoshW/DSC_3615.tif,3,3,3,1,5,2,1270,1550,3439,3719
/Volumes/shared/Research-Groups/Mark-Banfield/Josh_Williams/Scoring_5May/JoshW/DSC_3615.tif,3,3,3,1,6,2,1138,1428,3085,3375
/Volumes/shared/Research-Groups/Mark-Banfield/Josh_Williams/Scoring_5May/JoshW/DSC_3615.tif,3,3,3,3,1,2,1906,2208,2982,3284
/Volumes/shared/Research-Groups/Mark-Banfield/Josh_Williams/Scoring_5May/JoshW/DSC_3615.tif,3,3,3,3,2,1,1747,2027,3294,3574
/Volumes/shared/Research-Groups/Mark-Banfield/Josh_Williams/Scoring_5May/JoshW/DSC_3615.tif,3,3,3,3,3,0,1754,2010,3621,3877
/Volumes/shared/Research-Groups/Mark-Banfield/Josh_Williams/Scoring_5May/JoshW/_DSC1647.tif,4,4,1,1,1,6,1246,1376,278,408
/Volumes/shared/Research-Groups/Mark-Banfield/Josh_Williams/Scoring_5May/JoshW/_DSC1647.tif,4,4,1,1,2,0,1127,1293,382,548
/Volumes/shared/Research-Groups/Mark-Banfield/Josh_Williams/Scoring_5May/JoshW/_DSC1647.tif,4,4,1,1,3,6,1072,1226,564,718
/Volumes/shared/Research-Groups/Mark-Banfield/Josh_Williams/Scoring_5May/JoshW/_DSC1647.tif,4,4,1,1,4,4,1068,1236,758,926
/Volumes/shared/Research-Groups/Mark-Banfield/Josh_Williams/Scoring_5May/JoshW/_DSC1647.tif,4,4,1,1,5,4,1444,1602,814,972
/Volumes/shared/Research-Groups/Mark-Banfield/Josh_Williams/Scoring_5May/JoshW/_DSC1647.tif,4,4,1,1,6,0,1495,1683,608,796
/Volumes/shared/Research-Groups/Mark-Banfield/Josh_Williams/Scoring_5May/JoshW/_DSC1647.tif,4,4,1,1,7,6,1460,1600,429,569
/Volumes/shared/Research-Groups/Mark-Banfield/Josh_Williams/Scoring_5May/JoshW/_DSC1647.tif,4,4,1,1,8,6,1404,1546,310,452
/Volumes/shared/Research-Groups/Mark-Banfield/Josh_Williams/Scoring_5May/JoshW/_DSC1647.tif,4,4,1,2,1,4,2022,2142,271,391
/Volumes/shared/Research-Groups/Mark-Banfield/Josh_Williams/Scoring_5May/JoshW/_DSC1647.tif,4,4,1,2,2,0,1950,2078,385,513
/Volumes/shared/Research-Groups/Mark-Banfield/Josh_Williams/Scoring_5May/JoshW/_DSC1647.tif,4,4,1,2,3,2,1896,2036,500,640
/Volumes/shared/Research-Groups/Mark-Banfield/Josh_Williams/Scoring_5May/JoshW/_DSC1647.tif,4,4,1,2,4,2,1923,2055,726,858
/Volumes/shared/Research-Groups/Mark-Banfield/Josh_Williams/Scoring_5May/JoshW/_DSC1647.tif,4,4,1,2,5,0,2256,2404,789,937
/Volumes/shared/Research-Groups/Mark-Banfield/Josh_Williams/Scoring_5May/JoshW/_DSC1647.tif,4,4,1,2,6,0,2282,2418,598,734
/Volumes/shared/Research-Groups/Mark-Banfield/Josh_Williams/Scoring_5May/JoshW/_DSC1647.tif,4,4,1,2,7,6,2222,2342,439,559
/Volumes/shared/Research-Groups/Mark-Banfield/Josh_Williams/Scoring_5May/JoshW/_DSC1647.tif,4,4,1,2,8,3,2155,2273,298,416
/Volumes/shared/Research-Groups/Mark-Banfield/Josh_Williams/Scoring_5May/JoshW/_DSC1647.tif,4,4,1,3,1,5,3074,3234,248,408
/Volumes/shared/Research-Groups/Mark-Banfield/Josh_Williams/Scoring_5May/JoshW/_DSC1647.tif,4,4,1,3,2,5,3014,3166,393,545
/Volumes/shared/Research-Groups/Mark-Banfield/Josh_Williams/Scoring_5May/JoshW/_DSC1647.tif,4,4,1,3,3,0,3020,3160,568,708
/Volumes/shared/Research-Groups/Mark-Banfield/Josh_Williams/Scoring_5May/JoshW/_DSC1647.tif,4,4,1,3,4,6,2971,3135,754,918
/Volumes/shared/Research-Groups/Mark-Banfield/Josh_Williams/Scoring_5May/JoshW/_DSC1647.tif,4,4,1,3,5,3,3289,3471,790,972
/Volumes/shared/Research-Groups/Mark-Banfield/Josh_Williams/Scoring_5May/JoshW/_DSC1647.tif,4,4,1,3,6,4,3347,3507,636,796
/Volumes/shared/Research-Groups/Mark-Banfield/Josh_Williams/Scoring_5May/JoshW/_DSC1647.tif,4,4,1,3,7,0,3330,3478,432,580
/Volumes/shared/Research-Groups/Mark-Banfield/Josh_Williams/Scoring_5May/JoshW/_DSC1647.tif,4,4,1,3,8,4,3261,3401,276,416
/Volumes/shared/Research-Groups/Mark-Banfield/Josh_Williams/Scoring_5May/JoshW/_DSC1647.tif,4,4,1,4,1,3,3952,4092,226,366
/Volumes/shared/Research-Groups/Mark-Banfield/Josh_Williams/Scoring_5May/JoshW/_DSC1647.tif,4,4,1,4,2,3,3891,4063,358,530
/Volumes/shared/Research-Groups/Mark-Banfield/Josh_Williams/Scoring_5May/JoshW/_DSC1647.tif,4,4,1,4,3,0,3838,4002,495,659
/Volumes/shared/Research-Groups/Mark-Banfield/Josh_Williams/Scoring_5May/JoshW/_DSC1647.tif,4,4,1,4,4,3,3798,3962,681,845
/Volumes/shared/Research-Groups/Mark-Banfield/Josh_Williams/Scoring_5May/JoshW/_DSC1647.tif,4,4,1,4,5,2,4174,4310,742,878
/Volumes/shared/Research-Groups/Mark-Banfield/Josh_Williams/Scoring_5May/JoshW/_DSC1647.tif,4,4,1,4,6,3,4229,4365,582,718
/Volumes/shared/Research-Groups/Mark-Banfield/Josh_Williams/Scoring_5May/JoshW/_DSC1647.tif,4,4,1,4,7,0,4181,4339,390,548
/Volumes/shared/Research-Groups/Mark-Banfield/Josh_Williams/Scoring_5May/JoshW/_DSC1647.tif,4,4,1,4,8,5,4120,4266,257,403
/Volumes/shared/Research-Groups/Mark-Banfield/Josh_Williams/Scoring_5May/JoshW/_DSC1647.tif,4,4,2,1,1,5,1250,1378,1204,1332
/Volumes/shared/Research-Groups/Mark-Banfield/Josh_Williams/Scoring_5May/JoshW/_DSC1647.tif,4,4,2,1,2,6,1195,1323,1318,1446
/Volumes/shared/Research-Groups/Mark-Banfield/Josh_Williams/Scoring_5May/JoshW/_DSC1647.tif,4,4,2,1,3,4,1175,1293,1458,1576
/Volumes/shared/Research-Groups/Mark-Banfield/Josh_Williams/Scoring_5May/JoshW/_DSC1647.tif,4,4,2,1,4,1,1252,1364,1578,1690
/Volumes/shared/Research-Groups/Mark-Banfield/Josh_Williams/Scoring_5May/JoshW/_DSC1647.tif,4,4,2,1,5,4,1397,1535,1576,1714
/Volumes/shared/Research-Groups/Mark-Banfield/Josh_Williams/Scoring_5May/JoshW/_DSC1647.tif,4,4,2,1,6,4,1506,1652,1464,1610
/Volumes/shared/Research-Groups/Mark-Banfield/Josh_Williams/Scoring_5May/JoshW/_DSC1647.tif,4,4,2,1,7,4,1466,1624,1318,1476
/Volumes/shared/Research-Groups/Mark-Banfield/Josh_Williams/Scoring_5May/JoshW/_DSC1647.tif,4,4,2,1,8,2,1418,1536,1205,1323
/Volumes/shared/Research-Groups/Mark-Banfield/Josh_Williams/Scoring_5May/JoshW/_DSC1647.tif,4,4,2,2,1,6,2016,2144,1158,1286
/Volumes/shared/Research-Groups/Mark-Banfield/Josh_Williams/Scoring_5May/JoshW/_DSC1647.tif,4,4,2,2,2,4,1946,2068,1280,1402
/Volumes/shared/Research-Groups/Mark-Banfield/Josh_Williams/Scoring_5May/JoshW/_DSC1647.tif,4,4,2,2,3,4,1890,2060,1402,1572
/Volumes/shared/Research-Groups/Mark-Banfield/Josh_Williams/Scoring_5May/JoshW/_DSC1647.tif,4,4,2,2,4,0,1917,2075,1610,1768
/Volumes/shared/Research-Groups/Mark-Banfield/Josh_Williams/Scoring_5May/JoshW/_DSC1647.tif,4,4,2,2,5,3,2218,2338,1556,1676
/Volumes/shared/Research-Groups/Mark-Banfield/Josh_Williams/Scoring_5May/JoshW/_DSC1647.tif,4,4,2,2,6,4,2286,2430,1382,1526
/Volumes/shared/Research-Groups/Mark-Banfield/Josh_Williams/Scoring_5May/JoshW/_DSC1647.tif,4,4,2,2,7,4,2238,2350,1267,1379
/Volumes/shared/Research-Groups/Mark-Banfield/Josh_Williams/Scoring_5May/JoshW/_DSC1647.tif,4,4,2,2,8,0,2142,2272,1146,1276
/Volumes/shared/Research-Groups/Mark-Banfield/Josh_Williams/Scoring_5May/JoshW/_DSC1647.tif,4,4,2,3,1,0,3034,3170,1123,1259
/Volumes/shared/Research-Groups/Mark-Banfield/Josh_Williams/Scoring_5May/JoshW/_DSC1647.tif,4,4,2,3,2,6,2938,3112,1240,1414
/Volumes/shared/Research-Groups/Mark-Banfield/Josh_Williams/Scoring_5May/JoshW/_DSC1647.tif,4,4,2,3,3,6,2914,3088,1410,1584
/Volumes/shared/Research-Groups/Mark-Banfield/Josh_Williams/Scoring_5May/JoshW/_DSC1647.tif,4,4,2,3,4,6,2914,3056,1640,1782
/Volumes/shared/Research-Groups/Mark-Banfield/Josh_Williams/Scoring_5May/JoshW/_DSC1647.tif,4,4,2,3,5,0,3270,3438,1675,1843
/Volumes/shared/Research-Groups/Mark-Banfield/Josh_Williams/Scoring_5May/JoshW/_DSC1647.tif,4,4,2,3,6,4,3351,3511,1482,1642
/Volumes/shared/Research-Groups/Mark-Banfield/Josh_Williams/Scoring_5May/JoshW/_DSC1647.tif,4,4,2,3,7,5,3327,3489,1310,1472
/Volumes/shared/Research-Groups/Mark-Banfield/Josh_Williams/Scoring_5May/JoshW/_DSC1647.tif,4,4,2,3,8,5,3226,3376,1140,1290
/Volumes/shared/Research-Groups/Mark-Banfield/Josh_Williams/Scoring_5May/JoshW/_DSC1647.tif,4,4,2,4,1,0,3946,4080,1112,1246
/Volumes/shared/Research-Groups/Mark-Banfield/Josh_Williams/Scoring_5May/JoshW/_DSC1647.tif,4,4,2,4,2,5,3880,4030,1221,1371
/Volumes/shared/Research-Groups/Mark-Banfield/Josh_Williams/Scoring_5May/JoshW/_DSC1647.tif,4,4,2,4,3,4,3816,3974,1396,1554
/Volumes/shared/Research-Groups/Mark-Banfield/Josh_Williams/Scoring_5May/JoshW/_DSC1647.tif,4,4,2,4,4,3,3852,4024,1586,1758
/Volumes/shared/Research-Groups/Mark-Banfield/Josh_Williams/Scoring_5May/JoshW/_DSC1647.tif,4,4,2,4,5,0,4162,4344,1600,1782
/Volumes/shared/Research-Groups/Mark-Banfield/Josh_Williams/Scoring_5May/JoshW/_DSC1647.tif,4,4,2,4,6,6,4220,4360,1425,1565
/Volumes/shared/Research-Groups/Mark-Banfield/Josh_Williams/Scoring_5May/JoshW/_DSC1647.tif,4,4,2,4,7,3,4174,4306,1250,1382
/Volumes/shared/Research-Groups/Mark-Banfield/Josh_Williams/Scoring_5May/JoshW/_DSC1647.tif,4,4,2,4,8,3,4110,4244,1091,1225
/Volumes/shared/Research-Groups/Mark-Banfield/Josh_Williams/Scoring_5May/JoshW/_DSC1647.tif,4,4,3,1,1,6,1213,1359,1890,2036
/Volumes/shared/Research-Groups/Mark-Banfield/Josh_Williams/Scoring_5May/JoshW/_DSC1647.tif,4,4,3,1,2,0,1132,1272,2052,2192
/Volumes/shared/Research-Groups/Mark-Banfield/Josh_Williams/Scoring_5May/JoshW/_DSC1647.tif,4,4,3,1,3,6,1112,1258,2218,2364
/Volumes/shared/Research-Groups/Mark-Banfield/Josh_Williams/Scoring_5May/JoshW/_DSC1647.tif,4,4,3,1,4,3,1177,1363,2396,2582
/Volumes/shared/Research-Groups/Mark-Banfield/Josh_Williams/Scoring_5May/JoshW/_DSC1647.tif,4,4,3,1,5,3,1518,1672,2428,2582
/Volumes/shared/Research-Groups/Mark-Banfield/Josh_Williams/Scoring_5May/JoshW/_DSC1647.tif,4,4,3,1,6,0,1523,1683,2200,2360
/Volumes/shared/Research-Groups/Mark-Banfield/Josh_Williams/Scoring_5May/JoshW/_DSC1647.tif,4,4,3,1,7,5,1436,1610,2003,2177
/Volumes/shared/Research-Groups/Mark-Banfield/Josh_Williams/Scoring_5May/JoshW/_DSC1647.tif,4,4,3,1,8,5,1394,1536,1847,1989
/Volumes/shared/Research-Groups/Mark-Banfield/Josh_Williams/Scoring_5May/JoshW/_DSC1647.tif,4,4,3,2,1,5,2027,2143,1972,2088
/Volumes/shared/Research-Groups/Mark-Banfield/Josh_Williams/Scoring_5May/JoshW/_DSC1647.tif,4,4,3,2,2,0,2000,2114,2069,2183
/Volumes/shared/Research-Groups/Mark-Banfield/Josh_Williams/Scoring_5May/JoshW/_DSC1647.tif,4,4,3,2,3,2,2035,2133,2188,2286
/Volumes/shared/Research-Groups/Mark-Banfield/Josh_Williams/Scoring_5May/JoshW/_DSC1647.tif,4,4,3,2,4,2,1992,2132,2354,2494
/Volumes/shared/Research-Groups/Mark-Banfield/Josh_Williams/Scoring_5May/JoshW/_DSC1647.tif,4,4,3,2,5,2,2228,2364,2437,2573
/Volumes/shared/Research-Groups/Mark-Banfield/Josh_Williams/Scoring_5May/JoshW/_DSC1647.tif,4,4,3,2,6,0,2287,2433,2274,2420
/Volumes/shared/Research-Groups/Mark-Banfield/Josh_Williams/Scoring_5May/JoshW/_DSC1647.tif,4,4,3,2,7,4,2232,2376,2088,2232
/Volumes/shared/Research-Groups/Mark-Banfield/Josh_Williams/Scoring_5May/JoshW/_DSC1647.tif,4,4,3,2,8,5,2171,2303,1956,2088
/Volumes/shared/Research-Groups/Mark-Banfield/Josh_Williams/Scoring_5May/JoshW/_DSC1647.tif,4,4,3,3,1,4,3011,3153,2046,2188
/Volumes/shared/Research-Groups/Mark-Banfield/Josh_Williams/Scoring_5May/JoshW/_DSC1647.tif,4,4,3,3,2,4,2937,3079,2196,2338
/Volumes/shared/Research-Groups/Mark-Banfield/Josh_Williams/Scoring_5May/JoshW/_DSC1647.tif,4,4,3,3,3,0,2850,3014,2381,2545
/Volumes/shared/Research-Groups/Mark-Banfield/Josh_Williams/Scoring_5May/JoshW/_DSC1647.tif,4,4,3,3,4,4,2847,3015,2582,2750
/Volumes/shared/Research-Groups/Mark-Banfield/Josh_Williams/Scoring_5May/JoshW/_DSC1647.tif,4,4,3,3,5,4,3210,3406,2587,2783
/Volumes/shared/Research-Groups/Mark-Banfield/Josh_Williams/Scoring_5May/JoshW/_DSC1647.tif,4,4,3,3,6,5,3326,3472,2436,2582
/Volumes/shared/Research-Groups/Mark-Banfield/Josh_Williams/Scoring_5May/JoshW/_DSC1647.tif,4,4,3,3,7,0,3269,3443,2204,2378
/Volumes/shared/Research-Groups/Mark-Banfield/Josh_Williams/Scoring_5May/JoshW/_DSC1647.tif,4,4,3,3,8,4,3202,3356,2060,2214
/Volumes/shared/Research-Groups/Mark-Banfield/Josh_Williams/Scoring_5May/JoshW/_DSC1647.tif,4,4,3,4,1,5,3938,4066,2013,2141
/Volumes/shared/Research-Groups/Mark-Banfield/Josh_Williams/Scoring_5May/JoshW/_DSC1647.tif,4,4,3,4,2,4,3838,3998,2151,2311
/Volumes/shared/Research-Groups/Mark-Banfield/Josh_Williams/Scoring_5May/JoshW/_DSC1647.tif,4,4,3,4,3,0,3755,3891,2332,2468
/Volumes/shared/Research-Groups/Mark-Banfield/Josh_Williams/Scoring_5May/JoshW/_DSC1647.tif,4,4,3,4,4,3,3787,3929,2518,2660
/Volumes/shared/Research-Groups/Mark-Banfield/Josh_Williams/Scoring_5May/JoshW/_DSC1647.tif,4,4,3,4,5,2,4060,4226,2501,2667
/Volumes/shared/Research-Groups/Mark-Banfield/Josh_Williams/Scoring_5May/JoshW/_DSC1647.tif,4,4,3,4,6,4,4190,4342,2368,2520
/Volumes/shared/Research-Groups/Mark-Banfield/Josh_Williams/Scoring_5May/JoshW/_DSC1647.tif,4,4,3,4,7,0,4163,4313,2164,2314
/Volumes/shared/Research-Groups/Mark-Banfield/Josh_Williams/Scoring_5May/JoshW/_DSC1647.tif,4,4,3,4,8,4,4112,4244,1986,2118
/Volumes/shared/Research-Groups/Mark-Banfield/Josh_Williams/Scoring_5May/JoshW/_DSC1647.tif,4,4,4,1,1,4,1264,1428,2755,2919
/Volumes/shared/Research-Groups/Mark-Banfield/Josh_Williams/Scoring_5May/JoshW/_DSC1647.tif,4,4,4,1,2,5,1216,1374,2934,3092
/Volumes/shared/Research-Groups/Mark-Banfield/Josh_Williams/Scoring_5May/JoshW/_DSC1647.tif,4,4,4,1,3,3,1154,1314,3146,3306
/Volumes/shared/Research-Groups/Mark-Banfield/Josh_Williams/Scoring_5May/JoshW/_DSC1647.tif,4,4,4,1,4,0,1114,1308,3341,3535
/Volumes/shared/Research-Groups/Mark-Banfield/Josh_Williams/Scoring_5May/JoshW/_DSC1647.tif,4,4,4,1,5,5,1486,1658,3295,3467
/Volumes/shared/Research-Groups/Mark-Banfield/Josh_Williams/Scoring_5May/JoshW/_DSC1647.tif,4,4,4,1,6,5,1600,1760,3130,3290
/Volumes/shared/Research-Groups/Mark-Banfield/Josh_Williams/Scoring_5May/JoshW/_DSC1647.tif,4,4,4,1,7,6,1559,1719,2974,3134
/Volumes/shared/Research-Groups/Mark-Banfield/Josh_Williams/Scoring_5May/JoshW/_DSC1647.tif,4,4,4,1,8,0,1467,1617,2792,2942
/Volumes/shared/Research-Groups/Mark-Banfield/Josh_Williams/Scoring_5May/JoshW/_DSC1647.tif,4,4,4,2,1,6,2162,2276,2792,2906
/Volumes/shared/Research-Groups/Mark-Banfield/Josh_Williams/Scoring_5May/JoshW/_DSC1647.tif,4,4,4,2,2,5,2050,2186,2879,3015
/Volumes/shared/Research-Groups/Mark-Banfield/Josh_Williams/Scoring_5May/JoshW/_DSC1647.tif,4,4,4,2,3,4,2016,2164,3034,3182
/Volumes/shared/Research-Groups/Mark-Banfield/Josh_Williams/Scoring_5May/JoshW/_DSC1647.tif,4,4,4,2,4,0,2003,2141,3228,3366
/Volumes/shared/Research-Groups/Mark-Banfield/Josh_Williams/Scoring_5May/JoshW/_DSC1647.tif,4,4,4,2,5,5,2370,2492,3202,3324
/Volumes/shared/Research-Groups/Mark-Banfield/Josh_Williams/Scoring_5May/JoshW/_DSC1647.tif,4,4,4,2,6,6,2323,2469,3056,3202
/Volumes/shared/Research-Groups/Mark-Banfield/Josh_Williams/Scoring_5May/JoshW/_DSC1647.tif,4,4,4,2,7,3,2297,2435,2918,3056
/Volumes/shared/Research-Groups/Mark-Banfield/Josh_Williams/Scoring_5May/JoshW/_DSC1647.tif,4,4,4,2,8,0,2280,2414,2768,2902
/Volumes/shared/Research-Groups/Mark-Banfield/Josh_Williams/Scoring_5May/JoshW/_DSC1647.tif,4,4,4,3,1,0,3102,3206,2892,2996
/Volumes/shared/Research-Groups/Mark-Banfield/Josh_Williams/Scoring_5May/JoshW/_DSC1647.tif,4,4,4,3,2,4,3020,3156,3004,3140
/Volumes/shared/Research-Groups/Mark-Banfield/Josh_Williams/Scoring_5May/JoshW/_DSC1647.tif,4,4,4,3,3,2,2917,3043,3134,3260
/Volumes/shared/Research-Groups/Mark-Banfield/Josh_Williams/Scoring_5May/JoshW/_DSC1647.tif,4,4,4,3,4,1,2882,3024,3290,3432
/Volumes/shared/Research-Groups/Mark-Banfield/Josh_Williams/Scoring_5May/JoshW/_DSC1647.tif,4,4,4,3,5,0,3202,3364,3354,3516
/Volumes/shared/Research-Groups/Mark-Banfield/Josh_Williams/Scoring_5May/JoshW/_DSC1647.tif,4,4,4,3,6,3,3306,3456,3204,3354
/Volumes/shared/Research-Groups/Mark-Banfield/Josh_Williams/Scoring_5May/JoshW/_DSC1647.tif,4,4,4,3,7,3,3278,3392,3058,3172
/Volumes/shared/Research-Groups/Mark-Banfield/Josh_Williams/Scoring_5May/JoshW/_DSC1647.tif,4,4,4,3,8,3,3234,3364,2902,3032
/Volumes/shared/Research-Groups/Mark-Banfield/Josh_Williams/Scoring_5May/JoshW/_DSC1647.tif,4,4,4,4,1,2,3812,3948,2903,3039
/Volumes/shared/Research-Groups/Mark-Banfield/Josh_Williams/Scoring_5May/JoshW/_DSC1647.tif,4,4,4,4,2,6,3747,3905,3056,3214
/Volumes/shared/Research-Groups/Mark-Banfield/Josh_Williams/Scoring_5May/JoshW/_DSC1647.tif,4,4,4,4,3,5,3772,3908,3228,3364
/Volumes/shared/Research-Groups/Mark-Banfield/Josh_Williams/Scoring_5May/JoshW/_DSC1647.tif,4,4,4,4,4,5,3842,3998,3319,3475
/Volumes/shared/Research-Groups/Mark-Banfield/Josh_Williams/Scoring_5May/JoshW/_DSC1647.tif,4,4,4,4,5,0,4091,4241,3324,3474
/Volumes/shared/Research-Groups/Mark-Banfield/Josh_Williams/Scoring_5May/JoshW/_DSC1647.tif,4,4,4,4,6,6,4181,4345,3134,3298
/Volumes/shared/Research-Groups/Mark-Banfield/Josh_Williams/Scoring_5May/JoshW/_DSC1647.tif,4,4,4,4,7,6,4108,4286,2942,3120
/Volumes/shared/Research-Groups/Mark-Banfield/Josh_Williams/Scoring_5May/JoshW/_DSC1647.tif,4,4,4,4,8,5,3984,4170,2834,3020
/Volumes/shared/Research-Groups/Mark-Banfield/Josh_Williams/Scoring_5May/JoshW/DSC_0217.TIF,3,3,1,1,1,3,314,588,848,1122
/Volumes/shared/Research-Groups/Mark-Banfield/Josh_Williams/Scoring_5May/JoshW/DSC_0217.TIF,3,3,1,1,2,3,202,448,1096,1342
/Volumes/shared/Research-Groups/Mark-Banfield/Josh_Williams/Scoring_5May/JoshW/DSC_0217.TIF,3,3,1,1,3,3,190,428,1398,1636
/Volumes/shared/Research-Groups/Mark-Banfield/Josh_Williams/Scoring_5May/JoshW/DSC_0217.TIF,3,3,1,1,5,0,842,1098,1162,1418
/Volumes/shared/Research-Groups/Mark-Banfield/Josh_Williams/Scoring_5May/JoshW/DSC_0217.TIF,3,3,1,3,3,0,2038,2398,1373,1733
/Volumes/shared/Research-Groups/Mark-Banfield/Josh_Williams/Scoring_5May/JoshW/DSC_0217.TIF,3,3,1,3,4,1,2796,3080,1492,1776
/Volumes/shared/Research-Groups/Mark-Banfield/Josh_Williams/Scoring_5May/JoshW/DSC_0217.TIF,3,3,1,3,5,1,2794,3088,1100,1394
/Volumes/shared/Research-Groups/Mark-Banfield/Josh_Williams/Scoring_5May/JoshW/DSC_0217.TIF,3,3,1,3,6,1,2660,2958,701,999
/Volumes/shared/Research-Groups/Mark-Banfield/Josh_Williams/Scoring_5May/JoshW/DSC_0217.TIF,3,3,2,2,1,1,1422,1712,1865,2155
/Volumes/shared/Research-Groups/Mark-Banfield/Josh_Williams/Scoring_5May/JoshW/DSC_0217.TIF,3,3,2,2,2,2,1224,1550,2186,2512
/Volumes/shared/Research-Groups/Mark-Banfield/Josh_Williams/Scoring_5May/JoshW/DSC_0217.TIF,3,3,2,2,3,2,1290,1564,2576,2850
/Volumes/shared/Research-Groups/Mark-Banfield/Josh_Williams/Scoring_5May/JoshW/DSC_0217.TIF,3,3,2,2,6,0,1750,2030,1844,2124
/Volumes/shared/Research-Groups/Mark-Banfield/Josh_Williams/Scoring_5May/JoshW/DSC_0217.TIF,3,3,3,1,1,2,1081,1313,3356,3588
/Volumes/shared/Research-Groups/Mark-Banfield/Josh_Williams/Scoring_5May/JoshW/DSC_0217.TIF,3,3,3,1,2,2,986,1280,3617,3911
/Volumes/shared/Research-Groups/Mark-Banfield/Josh_Williams/Scoring_5May/JoshW/DSC_0217.TIF,3,3,3,1,3,2,881,1131,3996,4246
/Volumes/shared/Research-Groups/Mark-Banfield/Josh_Williams/Scoring_5May/JoshW/DSC_0217.TIF,3,3,3,1,6,0,1346,1626,3277,3557
/Volumes/shared/Research-Groups/Mark-Banfield/Josh_Williams/Scoring_5May/JoshW/DSC_0217.TIF,3,3,3,3,1,2,2281,2545,3622,3886
/Volumes/shared/Research-Groups/Mark-Banfield/Josh_Williams/Scoring_5May/JoshW/DSC_0217.TIF,3,3,3,3,2,0,2202,2444,3896,4138
/Volumes/shared/Research-Groups/Mark-Banfield/Josh_Williams/Scoring_5May/JoshW/DSC_0217.TIF,3,3,3,3,5,0,2802,3066,3780,4044
/Volumes/shared/Research-Groups/Mark-Banfield/Josh_Williams/Scoring_5May/JoshW/_DSC1160.TIF,3,3,1,2,3,2,1410,1784,906,1280
/Volumes/shared/Research-Groups/Mark-Banfield/Josh_Williams/Scoring_5May/JoshW/_DSC1160.TIF,3,3,1,2,4,2,2160,2480,976,1296
/Volumes/shared/Research-Groups/Mark-Banfield/Josh_Williams/Scoring_5May/JoshW/_DSC1160.TIF,3,3,2,1,2,1,611,889,2052,2330
/Volumes/shared/Research-Groups/Mark-Banfield/Josh_Williams/Scoring_5May/JoshW/_DSC1160.TIF,3,3,2,1,5,2,1286,1560,1896,2170
/Volumes/shared/Research-Groups/Mark-Banfield/Josh_Williams/Scoring_5May/JoshW/_DSC1160.TIF,3,3,2,3,2,1,2249,2539,1992,2282
/Volumes/shared/Research-Groups/Mark-Banfield/Josh_Williams/Scoring_5May/JoshW/_DSC1160.TIF,3,3,2,3,5,5,2911,3199,1940,2228
/Volumes/shared/Research-Groups/Mark-Banfield/Josh_Williams/Scoring_5May/JoshW/_DSC1160.TIF,3,3,3,1,1,1,944,1276,3514,3846
/Volumes/shared/Research-Groups/Mark-Banfield/Josh_Williams/Scoring_5May/JoshW/_DSC1160.TIF,3,3,3,1,6,2,1340,1596,3479,3735
/Volumes/shared/Research-Groups/Mark-Banfield/Josh_Williams/Scoring_5May/JoshW/_DSC1160.TIF,3,3,3,3,2,0,2126,2432,3700,4006
/Volumes/shared/Research-Groups/Mark-Banfield/Josh_Williams/Scoring_5May/JoshW/_DSC1160.TIF,3,3,3,3,5,4,2946,3246,3762,4062
/Volumes/shared/Research-Groups/Mark-Banfield/Josh_Williams/Scoring_5May/JoshW/_DSC0023.tif,2,4,1,1,1,3,464,686,968,1190
/Volumes/shared/Research-Groups/Mark-Banfield/Josh_Williams/Scoring_5May/JoshW/_DSC0023.tif,2,4,1,1,2,0,336,562,1164,1390
/Volumes/shared/Research-Groups/Mark-Banfield/Josh_Williams/Scoring_5May/JoshW/_DSC0023.tif,2,4,1,1,3,1,277,491,1408,1622
/Volumes/shared/Research-Groups/Mark-Banfield/Josh_Williams/Scoring_5May/JoshW/_DSC0023.tif,2,4,1,1,4,0,398,608,1632,1842
/Volumes/shared/Research-Groups/Mark-Banfield/Josh_Williams/Scoring_5May/JoshW/_DSC0023.tif,2,4,1,1,5,0,776,990,1595,1809
/Volumes/shared/Research-Groups/Mark-Banfield/Josh_Williams/Scoring_5May/JoshW/_DSC0023.tif,2,4,1,1,6,0,901,1111,1354,1564
/Volumes/shared/Research-Groups/Mark-Banfield/Josh_Williams/Scoring_5May/JoshW/_DSC0023.tif,2,4,1,1,7,0,864,1086,1150,1372
/Volumes/shared/Research-Groups/Mark-Banfield/Josh_Williams/Scoring_5May/JoshW/_DSC0023.tif,2,4,1,1,8,0,722,932,954,1164
/Volumes/shared/Research-Groups/Mark-Banfield/Josh_Williams/Scoring_5May/JoshW/_DSC0023.tif,2,4,1,2,1,3,1714,1932,944,1162
/Volumes/shared/Research-Groups/Mark-Banfield/Josh_Williams/Scoring_5May/JoshW/_DSC0023.tif,2,4,1,2,2,0,1517,1741,1122,1346
/Volumes/shared/Research-Groups/Mark-Banfield/Josh_Williams/Scoring_5May/JoshW/_DSC0023.tif,2,4,1,2,3,0,1425,1685,1372,1632
/Volumes/shared/Research-Groups/Mark-Banfield/Josh_Williams/Scoring_5May/JoshW/_DSC0023.tif,2,4,1,2,4,0,1634,1816,1590,1772
/Volumes/shared/Research-Groups/Mark-Banfield/Josh_Williams/Scoring_5May/JoshW/_DSC0023.tif,2,4,1,2,5,0,1986,2268,1671,1953
/Volumes/shared/Research-Groups/Mark-Banfield/Josh_Williams/Scoring_5May/JoshW/_DSC0023.tif,2,4,1,2,6,0,2158,2362,1478,1682
/Volumes/shared/Research-Groups/Mark-Banfield/Josh_Williams/Scoring_5May/JoshW/_DSC0023.tif,2,4,1,2,7,0,2091,2351,1208,1468
/Volumes/shared/Research-Groups/Mark-Banfield/Josh_Williams/Scoring_5May/JoshW/_DSC0023.tif,2,4,1,2,8,0,1969,2193,962,1186
/Volumes/shared/Research-Groups/Mark-Banfield/Josh_Williams/Scoring_5May/JoshW/_DSC0023.tif,2,4,1,3,1,0,3235,3413,872,1050
/Volumes/shared/Research-Groups/Mark-Banfield/Josh_Williams/Scoring_5May/JoshW/_DSC0023.tif,2,4,1,3,2,4,3147,3333,1078,1264
/Volumes/shared/Research-Groups/Mark-Banfield/Josh_Williams/Scoring_5May/JoshW/_DSC0023.tif,2,4,1,3,3,0,3032,3274,1304,1546
/Volumes/shared/Research-Groups/Mark-Banfield/Josh_Williams/Scoring_5May/JoshW/_DSC0023.tif,2,4,1,3,4,0,3114,3384,1590,1860
/Volumes/shared/Research-Groups/Mark-Banfield/Josh_Williams/Scoring_5May/JoshW/_DSC0023.tif,2,4,1,3,5,0,3592,3842,1474,1724
/Volumes/shared/Research-Groups/Mark-Banfield/Josh_Williams/Scoring_5May/JoshW/_DSC0023.tif,2,4,1,3,6,1,3719,3933,1308,1522
/Volumes/shared/Research-Groups/Mark-Banfield/Josh_Williams/Scoring_5May/JoshW/_DSC0023.tif,2,4,1,3,7,0,3577,3803,1114,1340
/Volumes/shared/Research-Groups/Mark-Banfield/Josh_Williams/Scoring_5May/JoshW/_DSC0023.tif,2,4,1,3,8,0,3492,3684,904,1096
/Volumes/shared/Research-Groups/Mark-Banfield/Josh_Williams/Scoring_5May/JoshW/_DSC0023.tif,2,4,1,4,1,0,4557,4753,832,1028
/Volumes/shared/Research-Groups/Mark-Banfield/Josh_Williams/Scoring_5May/JoshW/_DSC0023.tif,2,4,1,4,2,1,4442,4648,1041,1247
/Volumes/shared/Research-Groups/Mark-Banfield/Josh_Williams/Scoring_5May/JoshW/_DSC0023.tif,2,4,1,4,3,0,4294,4562,1248,1516
/Volumes/shared/Research-Groups/Mark-Banfield/Josh_Williams/Scoring_5May/JoshW/_DSC0023.tif,2,4,1,4,4,0,4338,4606,1566,1834
/Volumes/shared/Research-Groups/Mark-Banfield/Josh_Williams/Scoring_5May/JoshW/_DSC0023.tif,2,4,1,4,5,0,4902,5162,1570,1830
/Volumes/shared/Research-Groups/Mark-Banfield/Josh_Williams/Scoring_5May/JoshW/_DSC0023.tif,2,4,1,4,6,0,4976,5226,1300,1550
/Volumes/shared/Research-Groups/Mark-Banfield/Josh_Williams/Scoring_5May/JoshW/_DSC0023.tif,2,4,1,4,7,0,4880,5126,1043,1289
/Volumes/shared/Research-Groups/Mark-Banfield/Josh_Williams/Scoring_5May/JoshW/_DSC0023.tif,2,4,1,4,8,0,4763,5001,808,1046
/Volumes/shared/Research-Groups/Mark-Banfield/Josh_Williams/Scoring_5May/JoshW/_DSC0023.tif,2,4,2,1,1,0,418,644,2217,2443
/Volumes/shared/Research-Groups/Mark-Banfield/Josh_Williams/Scoring_5May/JoshW/_DSC0023.tif,2,4,2,1,2,0,248,518,2455,2725
/Volumes/shared/Research-Groups/Mark-Banfield/Josh_Williams/Scoring_5May/JoshW/_DSC0023.tif,2,4,2,1,3,3,197,423,2756,2982
/Volumes/shared/Research-Groups/Mark-Banfield/Josh_Williams/Scoring_5May/JoshW/_DSC0023.tif,2,4,2,1,4,0,308,540,3009,3241
/Volumes/shared/Research-Groups/Mark-Banfield/Josh_Williams/Scoring_5May/JoshW/_DSC0023.tif,2,4,2,1,5,0,790,1050,2911,3171
/Volumes/shared/Research-Groups/Mark-Banfield/Josh_Williams/Scoring_5May/JoshW/_DSC0023.tif,2,4,2,1,6,0,920,1160,2692,2932
/Volumes/shared/Research-Groups/Mark-Banfield/Josh_Williams/Scoring_5May/JoshW/_DSC0023.tif,2,4,2,1,7,0,825,1053,2442,2670
/Volumes/shared/Research-Groups/Mark-Banfield/Josh_Williams/Scoring_5May/JoshW/_DSC0023.tif,2,4,2,1,8,0,658,944,2142,2428
/Volumes/shared/Research-Groups/Mark-Banfield/Josh_Williams/Scoring_5May/JoshW/_DSC0023.tif,2,4,2,2,1,0,1677,1865,2222,2410
/Volumes/shared/Research-Groups/Mark-Banfield/Josh_Williams/Scoring_5May/JoshW/_DSC0023.tif,2,4,2,2,2,0,1532,1746,2398,2612
/Volumes/shared/Research-Groups/Mark-Banfield/Josh_Williams/Scoring_5May/JoshW/_DSC0023.tif,2,4,2,2,3,3,1468,1690,2633,2855
/Volumes/shared/Research-Groups/Mark-Banfield/Josh_Williams/Scoring_5May/JoshW/_DSC0023.tif,2,4,2,2,4,0,1554,1804,2884,3134
/Volumes/shared/Research-Groups/Mark-Banfield/Josh_Williams/Scoring_5May/JoshW/_DSC0023.tif,2,4,2,2,5,0,1946,2160,2860,3074
/Volumes/shared/Research-Groups/Mark-Banfield/Josh_Williams/Scoring_5May/JoshW/_DSC0023.tif,2,4,2,2,6,0,2117,2331,2636,2850
/Volumes/shared/Research-Groups/Mark-Banfield/Josh_Williams/Scoring_5May/JoshW/_DSC0023.tif,2,4,2,2,7,1,2010,2222,2415,2627
/Volumes/shared/Research-Groups/Mark-Banfield/Josh_Williams/Scoring_5May/JoshW/_DSC0023.tif,2,4,2,2,8,0,1900,2092,2198,2390
/Volumes/shared/Research-Groups/Mark-Banfield/Josh_Williams/Scoring_5May/JoshW/_DSC0023.tif,2,4,2,3,1,0,3156,3356,2266,2466
/Volumes/shared/Research-Groups/Mark-Banfield/Josh_Williams/Scoring_5May/JoshW/_DSC0023.tif,2,4,2,3,2,0,3033,3239,2450,2656
/Volumes/shared/Research-Groups/Mark-Banfield/Josh_Williams/Scoring_5May/JoshW/_DSC0023.tif,2,4,2,3,3,0,2980,3214,2650,2884
/Volumes/shared/Research-Groups/Mark-Banfield/Josh_Williams/Scoring_5May/JoshW/_DSC0023.tif,2,4,2,3,4,0,3042,3292,2902,3152
/Volumes/shared/Research-Groups/Mark-Banfield/Josh_Williams/Scoring_5May/JoshW/_DSC0023.tif,2,4,2,3,5,2,3480,3700,2850,3070
/Volumes/shared/Research-Groups/Mark-Banfield/Josh_Williams/Scoring_5May/JoshW/_DSC0023.tif,2,4,2,3,6,0,3646,3848,2600,2802
/Volumes/shared/Research-Groups/Mark-Banfield/Josh_Williams/Scoring_5May/JoshW/_DSC0023.tif,2,4,2,3,7,0,3484,3710,2442,2668
/Volumes/shared/Research-Groups/Mark-Banfield/Josh_Williams/Scoring_5May/JoshW/_DSC0023.tif,2,4,2,3,8,0,3410,3616,2181,2387
/Volumes/shared/Research-Groups/Mark-Banfield/Josh_Williams/Scoring_5May/JoshW/_DSC0023.tif,2,4,2,4,1,0,4442,4670,2205,2433
/Volumes/shared/Research-Groups/Mark-Banfield/Josh_Williams/Scoring_5May/JoshW/_DSC0023.tif,2,4,2,4,2,0,4304,4572,2456,2724
/Volumes/shared/Research-Groups/Mark-Banfield/Josh_Williams/Scoring_5May/JoshW/_DSC0023.tif,2,4,2,4,3,0,4260,4520,2703,2963
/Volumes/shared/Research-Groups/Mark-Banfield/Josh_Williams/Scoring_5May/JoshW/_DSC0023.tif,2,4,2,4,4,0,4434,4676,2917,3159
/Volumes/shared/Research-Groups/Mark-Banfield/Josh_Williams/Scoring_5May/JoshW/_DSC0023.tif,2,4,2,4,5,1,4802,5044,2905,3147
/Volumes/shared/Research-Groups/Mark-Banfield/Josh_Williams/Scoring_5May/JoshW/_DSC0023.tif,2,4,2,4,6,0,4953,5185,2718,2950
/Volumes/shared/Research-Groups/Mark-Banfield/Josh_Williams/Scoring_5May/JoshW/_DSC0023.tif,2,4,2,4,7,0,4988,5222,2418,2652
/Volumes/shared/Research-Groups/Mark-Banfield/Josh_Williams/Scoring_5May/JoshW/_DSC0023.tif,2,4,2,4,8,0,4754,5032,2214,2492
/Volumes/shared/Research-Groups/Mark-Banfield/Josh_Williams/Scoring_5May/JoshW/DSC_3618.tif,3,3,1,2,1,4,1342,1588,736,982
/Volumes/shared/Research-Groups/Mark-Banfield/Josh_Williams/Scoring_5May/JoshW/DSC_3618.tif,3,3,1,2,2,4,1228,1464,940,1176
/Volumes/shared/Research-Groups/Mark-Banfield/Josh_Williams/Scoring_5May/JoshW/DSC_3618.tif,3,3,1,2,3,4,1191,1469,1210,1488
/Volumes/shared/Research-Groups/Mark-Banfield/Josh_Williams/Scoring_5May/JoshW/DSC_3618.tif,3,3,2,1,1,3,880,1098,1668,1886
/Volumes/shared/Research-Groups/Mark-Banfield/Josh_Williams/Scoring_5May/JoshW/DSC_3618.tif,3,3,2,1,2,2,692,964,1848,2120
/Volumes/shared/Research-Groups/Mark-Banfield/Josh_Williams/Scoring_5May/JoshW/DSC_3618.tif,3,3,2,1,3,2,672,960,2134,2422
/Volumes/shared/Research-Groups/Mark-Banfield/Josh_Williams/Scoring_5May/JoshW/DSC_3618.tif,3,3,2,3,1,4,2020,2266,1660,1906
/Volumes/shared/Research-Groups/Mark-Banfield/Josh_Williams/Scoring_5May/JoshW/DSC_3618.tif,3,3,2,3,2,4,1862,2140,1916,2194
/Volumes/shared/Research-Groups/Mark-Banfield/Josh_Williams/Scoring_5May/JoshW/DSC_3618.tif,3,3,2,3,3,2,1886,2162,2261,2537
/Volumes/shared/Research-Groups/Mark-Banfield/Josh_Williams/Scoring_5May/JoshW/DSC_3618.tif,3,3,3,1,1,3,982,1218,3027,3263
/Volumes/shared/Research-Groups/Mark-Banfield/Josh_Williams/Scoring_5May/JoshW/DSC_3618.tif,3,3,3,1,2,2,739,1011,3208,3480
/Volumes/shared/Research-Groups/Mark-Banfield/Josh_Williams/Scoring_5May/JoshW/DSC_3618.tif,3,3,3,1,3,2,831,1087,3546,3802
/Volumes/shared/Research-Groups/Mark-Banfield/Josh_Williams/Scoring_5May/JoshW/DSC_3618.tif,3,3,3,3,4,1,2578,2858,3526,3806
/Volumes/shared/Research-Groups/Mark-Banfield/Josh_Williams/Scoring_5May/JoshW/DSC_3618.tif,3,3,3,3,5,1,2515,2799,3214,3498
/Volumes/shared/Research-Groups/Mark-Banfield/Josh_Williams/Scoring_5May/JoshW/DSC_3618.tif,3,3,3,3,6,2,2346,2598,2943,3195
/Volumes/shared/Research-Groups/Mark-Banfield/Josh_Williams/Scoring_5May/JoshW/_DSC9859.tif,2,4,1,1,1,2,712,940,660,888
/Volumes/shared/Research-Groups/Mark-Banfield/Josh_Williams/Scoring_5May/JoshW/_DSC9859.tif,2,4,1,1,2,6,586,800,858,1072
/Volumes/shared/Research-Groups/Mark-Banfield/Josh_Williams/Scoring_5May/JoshW/_DSC9859.tif,2,4,1,1,3,6,510,722,1064,1276
/Volumes/shared/Research-Groups/Mark-Banfield/Josh_Williams/Scoring_5May/JoshW/_DSC9859.tif,2,4,1,1,4,4,572,804,1288,1520
/Volumes/shared/Research-Groups/Mark-Banfield/Josh_Williams/Scoring_5May/JoshW/_DSC9859.tif,2,4,1,1,5,0,1008,1222,1304,1518
/Volumes/shared/Research-Groups/Mark-Banfield/Josh_Williams/Scoring_5May/JoshW/_DSC9859.tif,2,4,1,1,6,4,1092,1306,1036,1250
/Volumes/shared/Research-Groups/Mark-Banfield/Josh_Williams/Scoring_5May/JoshW/_DSC9859.tif,2,4,1,1,7,4,1040,1228,848,1036
/Volumes/shared/Research-Groups/Mark-Banfield/Josh_Williams/Scoring_5May/JoshW/_DSC9859.tif,2,4,1,1,8,5,972,1158,679,865
/Volumes/shared/Research-Groups/Mark-Banfield/Josh_Williams/Scoring_5May/JoshW/_DSC9859.tif,2,4,1,2,1,0,1800,1972,636,808
/Volumes/shared/Research-Groups/Mark-Banfield/Josh_Williams/Scoring_5May/JoshW/_DSC9859.tif,2,4,1,2,2,5,1681,1863,808,990
/Volumes/shared/Research-Groups/Mark-Banfield/Josh_Williams/Scoring_5May/JoshW/_DSC9859.tif,2,4,1,2,3,4,1574,1768,1014,1208
/Volumes/shared/Research-Groups/Mark-Banfield/Josh_Williams/Scoring_5May/JoshW/_DSC9859.tif,2,4,1,2,4,3,1589,1833,1282,1526
/Volumes/shared/Research-Groups/Mark-Banfield/Josh_Williams/Scoring_5May/JoshW/_DSC9859.tif,2,4,1,2,5,0,2130,2348,1240,1458
/Volumes/shared/Research-Groups/Mark-Banfield/Josh_Williams/Scoring_5May/JoshW/_DSC9859.tif,2,4,1,2,6,4,2146,2364,990,1208
/Volumes/shared/Research-Groups/Mark-Banfield/Josh_Williams/Scoring_5May/JoshW/_DSC9859.tif,2,4,1,2,7,5,2075,2253,808,986
/Volumes/shared/Research-Groups/Mark-Banfield/Josh_Williams/Scoring_5May/JoshW/_DSC9859.tif,2,4,1,2,8,3,1993,2167,644,818
/Volumes/shared/Research-Groups/Mark-Banfield/Josh_Williams/Scoring_5May/JoshW/_DSC9859.tif,2,4,1,3,1,5,3489,3671,650,832
/Volumes/shared/Research-Groups/Mark-Banfield/Josh_Williams/Scoring_5May/JoshW/_DSC9859.tif,2,4,1,3,2,0,3316,3522,794,1000
/Volumes/shared/Research-Groups/Mark-Banfield/Josh_Williams/Scoring_5May/JoshW/_DSC9859.tif,2,4,1,3,3,6,3179,3397,982,1200
/Volumes/shared/Research-Groups/Mark-Banfield/Josh_Williams/Scoring_5May/JoshW/_DSC9859.tif,2,4,1,3,4,3,3178,3406,1263,1491
/Volumes/shared/Research-Groups/Mark-Banfield/Josh_Williams/Scoring_5May/JoshW/_DSC9859.tif,2,4,1,3,5,3,3646,3816,1286,1456
/Volumes/shared/Research-Groups/Mark-Banfield/Josh_Williams/Scoring_5May/JoshW/_DSC9859.tif,2,4,1,3,6,3,3720,3920,1137,1337
/Volumes/shared/Research-Groups/Mark-Banfield/Josh_Williams/Scoring_5May/JoshW/_DSC9859.tif,2,4,1,3,7,6,3676,3836,972,1132
/Volumes/shared/Research-Groups/Mark-Banfield/Josh_Williams/Scoring_5May/JoshW/_DSC9859.tif,2,4,1,3,8,3,3655,3801,780,926
/Volumes/shared/Research-Groups/Mark-Banfield/Josh_Williams/Scoring_5May/JoshW/_DSC9859.tif,2,4,2,1,1,6,632,826,2056,2250
/Volumes/shared/Research-Groups/Mark-Banfield/Josh_Williams/Scoring_5May/JoshW/_DSC9859.tif,2,4,2,1,2,4,506,724,2236,2454
/Volumes/shared/Research-Groups/Mark-Banfield/Josh_Williams/Scoring_5May/JoshW/_DSC9859.tif,2,4,2,1,3,0,387,619,2436,2668
/Volumes/shared/Research-Groups/Mark-Banfield/Josh_Williams/Scoring_5May/JoshW/_DSC9859.tif,2,4,2,1,4,3,454,690,2717,2953
/Volumes/shared/Research-Groups/Mark-Banfield/Josh_Williams/Scoring_5May/JoshW/_DSC9859.tif,2,4,2,1,5,3,928,1152,2650,2874
/Volumes/shared/Research-Groups/Mark-Banfield/Josh_Williams/Scoring_5May/JoshW/_DSC9859.tif,2,4,2,1,6,3,1076,1296,2455,2675
/Volumes/shared/Research-Groups/Mark-Banfield/Josh_Williams/Scoring_5May/JoshW/_DSC9859.tif,2,4,2,1,7,0,986,1186,2251,2451
/Volumes/shared/Research-Groups/Mark-Banfield/Josh_Williams/Scoring_5May/JoshW/_DSC9859.tif,2,4,2,1,8,5,882,1032,2102,2252
/Volumes/shared/Research-Groups/Mark-Banfield/Josh_Williams/Scoring_5May/JoshW/_DSC9859.tif,2,4,2,2,1,6,1790,1986,2080,2276
/Volumes/shared/Research-Groups/Mark-Banfield/Josh_Williams/Scoring_5May/JoshW/_DSC9859.tif,2,4,2,2,2,4,1633,1851,2250,2468
/Volumes/shared/Research-Groups/Mark-Banfield/Josh_Williams/Scoring_5May/JoshW/_DSC9859.tif,2,4,2,2,3,0,1585,1759,2536,2710
/Volumes/shared/Research-Groups/Mark-Banfield/Josh_Williams/Scoring_5May/JoshW/_DSC9859.tif,2,4,2,2,4,3,1609,1791,2736,2918
/Volumes/shared/Research-Groups/Mark-Banfield/Josh_Williams/Scoring_5May/JoshW/_DSC9859.tif,2,4,2,2,5,3,2050,2260,2682,2892
/Volumes/shared/Research-Groups/Mark-Banfield/Josh_Williams/Scoring_5May/JoshW/_DSC9859.tif,2,4,2,2,6,3,2217,2421,2474,2678
/Volumes/shared/Research-Groups/Mark-Banfield/Josh_Williams/Scoring_5May/JoshW/_DSC9859.tif,2,4,2,2,7,0,2155,2341,2250,2436
/Volumes/shared/Research-Groups/Mark-Banfield/Josh_Williams/Scoring_5May/JoshW/_DSC9859.tif,2,4,2,2,8,5,2036,2214,2075,2253
/Volumes/shared/Research-Groups/Mark-Banfield/Josh_Williams/Scoring_5May/JoshW/_DSC9859.tif,2,4,2,3,1,4,3284,3464,1938,2118
/Volumes/shared/Research-Groups/Mark-Banfield/Josh_Williams/Scoring_5May/JoshW/_DSC9859.tif,2,4,2,3,2,4,3209,3447,2118,2356
/Volumes/shared/Research-Groups/Mark-Banfield/Josh_Williams/Scoring_5May/JoshW/_DSC9859.tif,2,4,2,3,3,2,3169,3365,2392,2588
/Volumes/shared/Research-Groups/Mark-Banfield/Josh_Williams/Scoring_5May/JoshW/_DSC9859.tif,2,4,2,3,4,0,3166,3424,2654,2912
/Volumes/shared/Research-Groups/Mark-Banfield/Josh_Williams/Scoring_5May/JoshW/_DSC9859.tif,2,4,2,3,5,2,3638,3870,2550,2782
/Volumes/shared/Research-Groups/Mark-Banfield/Josh_Williams/Scoring_5May/JoshW/_DSC9859.tif,2,4,2,3,6,2,3728,3912,2336,2520
/Volumes/shared/Research-Groups/Mark-Banfield/Josh_Williams/Scoring_5May/JoshW/_DSC9859.tif,2,4,2,3,7,3,3681,3875,2110,2304
/Volumes/shared/Research-Groups/Mark-Banfield/Josh_Williams/Scoring_5May/JoshW/_DSC9859.tif,2,4,2,3,8,0,3510,3734,1925,2149
/Volumes/shared/Research-Groups/Mark-Banfield/Josh_Williams/Scoring_5May/JoshW/_DSC9859.tif,2,4,2,4,1,5,4484,4662,2114,2292
/Volumes/shared/Research-Groups/Mark-Banfield/Josh_Williams/Scoring_5May/JoshW/_DSC9859.tif,2,4,2,4,2,4,4374,4548,2284,2458
/Volumes/shared/Research-Groups/Mark-Banfield/Josh_Williams/Scoring_5May/JoshW/_DSC9859.tif,2,4,2,4,3,4,4324,4512,2463,2651
/Volumes/shared/Research-Groups/Mark-Banfield/Josh_Williams/Scoring_5May/JoshW/_DSC9859.tif,2,4,2,4,4,0,4458,4626,2666,2834
/Volumes/shared/Research-Groups/Mark-Banfield/Josh_Williams/Scoring_5May/JoshW/_DSC9859.tif,2,4,2,4,5,3,4780,5002,2559,2781
/Volumes/shared/Research-Groups/Mark-Banfield/Josh_Williams/Scoring_5May/JoshW/_DSC9859.tif,2,4,2,4,6,4,4870,5052,2400,2582
/Volumes/shared/Research-Groups/Mark-Banfield/Josh_Williams/Scoring_5May/JoshW/_DSC9859.tif,2,4,2,4,7,5,4838,5016,2204,2382
/Volumes/shared/Research-Groups/Mark-Banfield/Josh_Williams/Scoring_5May/JoshW/_DSC9859.tif,2,4,2,4,8,1,4740,4884,2088,2232
/Volumes/shared/Research-Groups/Mark-Banfield/Josh_Williams/Scoring_5May/JoshW/DSC_0209.TIF,3,3,1,1,1,0,674,930,669,925
/Volumes/shared/Research-Groups/Mark-Banfield/Josh_Williams/Scoring_5May/JoshW/DSC_0209.TIF,3,3,1,1,6,0,956,1230,684,958
/Volumes/shared/Research-Groups/Mark-Banfield/Josh_Williams/Scoring_5May/JoshW/DSC_0209.TIF,3,3,1,3,2,0,2101,2427,1020,1346
/Volumes/shared/Research-Groups/Mark-Banfield/Josh_Williams/Scoring_5May/JoshW/DSC_0209.TIF,3,3,1,3,5,0,2730,3020,1010,1300
/Volumes/shared/Research-Groups/Mark-Banfield/Josh_Williams/Scoring_5May/JoshW/DSC_0209.TIF,3,3,2,2,2,0,1308,1602,2176,2470
/Volumes/shared/Research-Groups/Mark-Banfield/Josh_Williams/Scoring_5May/JoshW/DSC_0209.TIF,3,3,2,2,5,0,1942,2206,2172,2436
/Volumes/shared/Research-Groups/Mark-Banfield/Josh_Williams/Scoring_5May/JoshW/DSC_0209.TIF,3,3,3,1,1,0,672,974,3252,3554
/Volumes/shared/Research-Groups/Mark-Banfield/Josh_Williams/Scoring_5May/JoshW/DSC_0209.TIF,3,3,3,1,6,0,948,1242,3232,3526
/Volumes/shared/Research-Groups/Mark-Banfield/Josh_Williams/Scoring_5May/JoshW/DSC_0209.TIF,3,3,3,3,1,0,2316,2590,3636,3910
/Volumes/shared/Research-Groups/Mark-Banfield/Josh_Williams/Scoring_5May/JoshW/DSC_0209.TIF,3,3,3,3,6,0,2646,2948,3606,3908
/Volumes/shared/Research-Groups/Mark-Banfield/Josh_Williams/Scoring_5May/JoshW/_DSC0175.tif,3,6,1,1,1,4,508,668,362,522
/Volumes/shared/Research-Groups/Mark-Banfield/Josh_Williams/Scoring_5May/JoshW/_DSC0175.tif,3,6,1,1,2,0,407,563,508,664
/Volumes/shared/Research-Groups/Mark-Banfield/Josh_Williams/Scoring_5May/JoshW/_DSC0175.tif,3,6,1,1,3,0,330,534,682,886
/Volumes/shared/Research-Groups/Mark-Banfield/Josh_Williams/Scoring_5May/JoshW/_DSC0175.tif,3,6,1,1,4,0,390,630,854,1094
/Volumes/shared/Research-Groups/Mark-Banfield/Josh_Williams/Scoring_5May/JoshW/_DSC0175.tif,3,6,1,1,5,0,761,963,912,1114
/Volumes/shared/Research-Groups/Mark-Banfield/Josh_Williams/Scoring_5May/JoshW/_DSC0175.tif,3,6,1,1,6,0,880,1072,710,902
/Volumes/shared/Research-Groups/Mark-Banfield/Josh_Williams/Scoring_5May/JoshW/_DSC0175.tif,3,6,1,1,7,0,716,934,536,754
/Volumes/shared/Research-Groups/Mark-Banfield/Josh_Williams/Scoring_5May/JoshW/_DSC0175.tif,3,6,1,1,8,0,674,838,358,522
/Volumes/shared/Research-Groups/Mark-Banfield/Josh_Williams/Scoring_5May/JoshW/_DSC0175.tif,3,6,1,2,1,5,1343,1461,480,598
/Volumes/shared/Research-Groups/Mark-Banfield/Josh_Williams/Scoring_5May/JoshW/_DSC0175.tif,3,6,1,2,2,0,1263,1415,598,750
/Volumes/shared/Research-Groups/Mark-Banfield/Josh_Williams/Scoring_5May/JoshW/_DSC0175.tif,3,6,1,2,3,0,1219,1385,746,912
/Volumes/shared/Research-Groups/Mark-Banfield/Josh_Williams/Scoring_5May/JoshW/_DSC0175.tif,3,6,1,2,4,0,1343,1489,882,1028
/Volumes/shared/Research-Groups/Mark-Banfield/Josh_Williams/Scoring_5May/JoshW/_DSC0175.tif,3,6,1,2,5,0,1558,1718,863,1023
/Volumes/shared/Research-Groups/Mark-Banfield/Josh_Williams/Scoring_5May/JoshW/_DSC0175.tif,3,6,1,2,6,0,1636,1796,715,875
/Volumes/shared/Research-Groups/Mark-Banfield/Josh_Williams/Scoring_5May/JoshW/_DSC0175.tif,3,6,1,2,7,0,1570,1710,572,712
/Volumes/shared/Research-Groups/Mark-Banfield/Josh_Williams/Scoring_5May/JoshW/_DSC0175.tif,3,6,1,2,8,0,1466,1630,408,572
/Volumes/shared/Research-Groups/Mark-Banfield/Josh_Williams/Scoring_5May/JoshW/_DSC0175.tif,3,6,1,3,1,0,2400,2560,276,436
/Volumes/shared/Research-Groups/Mark-Banfield/Josh_Williams/Scoring_5May/JoshW/_DSC0175.tif,3,6,1,3,2,4,2346,2500,446,600
/Volumes/shared/Research-Groups/Mark-Banfield/Josh_Williams/Scoring_5May/JoshW/_DSC0175.tif,3,6,1,3,3,0,2288,2442,638,792
/Volumes/shared/Research-Groups/Mark-Banfield/Josh_Williams/Scoring_5May/JoshW/_DSC0175.tif,3,6,1,3,4,0,2350,2536,785,971
/Volumes/shared/Research-Groups/Mark-Banfield/Josh_Williams/Scoring_5May/JoshW/_DSC0175.tif,3,6,1,3,5,0,2678,2820,762,904
/Volumes/shared/Research-Groups/Mark-Banfield/Josh_Williams/Scoring_5May/JoshW/_DSC0175.tif,3,6,1,3,6,1,2778,2938,592,752
/Volumes/shared/Research-Groups/Mark-Banfield/Josh_Williams/Scoring_5May/JoshW/_DSC0175.tif,3,6,1,3,7,0,2680,2858,416,594
/Volumes/shared/Research-Groups/Mark-Banfield/Josh_Williams/Scoring_5May/JoshW/_DSC0175.tif,3,6,1,3,8,0,2595,2755,258,418
/Volumes/shared/Research-Groups/Mark-Banfield/Josh_Williams/Scoring_5May/JoshW/_DSC0175.tif,3,6,1,4,1,0,3183,3329,344,490
/Volumes/shared/Research-Groups/Mark-Banfield/Josh_Williams/Scoring_5May/JoshW/_DSC0175.tif,3,6,1,4,2,4,3156,3306,522,672
/Volumes/shared/Research-Groups/Mark-Banfield/Josh_Williams/Scoring_5May/JoshW/_DSC0175.tif,3,6,1,4,3,0,3108,3260,680,832
/Volumes/shared/Research-Groups/Mark-Banfield/Josh_Williams/Scoring_5May/JoshW/_DSC0175.tif,3,6,1,4,4,0,3203,3369,812,978
/Volumes/shared/Research-Groups/Mark-Banfield/Josh_Williams/Scoring_5May/JoshW/_DSC0175.tif,3,6,1,4,5,0,3428,3584,780,936
/Volumes/shared/Research-Groups/Mark-Banfield/Josh_Williams/Scoring_5May/JoshW/_DSC0175.tif,3,6,1,4,6,3,3514,3664,626,776
/Volumes/shared/Research-Groups/Mark-Banfield/Josh_Williams/Scoring_5May/JoshW/_DSC0175.tif,3,6,1,4,7,0,3472,3630,422,580
/Volumes/shared/Research-Groups/Mark-Banfield/Josh_Williams/Scoring_5May/JoshW/_DSC0175.tif,3,6,1,4,8,0,3378,3520,330,472
/Volumes/shared/Research-Groups/Mark-Banfield/Josh_Williams/Scoring_5May/JoshW/_DSC0175.tif,3,6,1,5,1,0,4101,4243,340,482
/Volumes/shared/Research-Groups/Mark-Banfield/Josh_Williams/Scoring_5May/JoshW/_DSC0175.tif,3,6,1,5,2,0,4042,4184,474,616
/Volumes/shared/Research-Groups/Mark-Banfield/Josh_Williams/Scoring_5May/JoshW/_DSC0175.tif,3,6,1,5,3,5,4009,4173,630,794
/Volumes/shared/Research-Groups/Mark-Banfield/Josh_Williams/Scoring_5May/JoshW/_DSC0175.tif,3,6,1,5,4,0,4115,4249,796,930
/Volumes/shared/Research-Groups/Mark-Banfield/Josh_Williams/Scoring_5May/JoshW/_DSC0175.tif,3,6,1,5,5,0,4284,4466,732,914
/Volumes/shared/Research-Groups/Mark-Banfield/Josh_Williams/Scoring_5May/JoshW/_DSC0175.tif,3,6,1,5,6,0,4376,4524,607,755
/Volumes/shared/Research-Groups/Mark-Banfield/Josh_Williams/Scoring_5May/JoshW/_DSC0175.tif,3,6,1,5,7,3,4326,4508,450,632
/Volumes/shared/Research-Groups/Mark-Banfield/Josh_Williams/Scoring_5May/JoshW/_DSC0175.tif,3,6,1,5,8,0,4288,4438,313,463
/Volumes/shared/Research-Groups/Mark-Banfield/Josh_Williams/Scoring_5May/JoshW/_DSC0175.tif,3,6,1,6,1,0,4816,4976,323,483
/Volumes/shared/Research-Groups/Mark-Banfield/Josh_Williams/Scoring_5May/JoshW/_DSC0175.tif,3,6,1,6,2,0,4746,4896,472,622
/Volumes/shared/Research-Groups/Mark-Banfield/Josh_Williams/Scoring_5May/JoshW/_DSC0175.tif,3,6,1,6,3,6,4708,4882,640,814
/Volumes/shared/Research-Groups/Mark-Banfield/Josh_Williams/Scoring_5May/JoshW/_DSC0175.tif,3,6,1,6,4,0,4801,4977,836,1012
/Volumes/shared/Research-Groups/Mark-Banfield/Josh_Williams/Scoring_5May/JoshW/_DSC0175.tif,3,6,1,6,5,0,5033,5233,800,1000
/Volumes/shared/Research-Groups/Mark-Banfield/Josh_Williams/Scoring_5May/JoshW/_DSC0175.tif,3,6,1,6,6,0,5187,5369,658,840
/Volumes/shared/Research-Groups/Mark-Banfield/Josh_Williams/Scoring_5May/JoshW/_DSC0175.tif,3,6,1,6,7,3,5083,5249,498,664
/Volumes/shared/Research-Groups/Mark-Banfield/Josh_Williams/Scoring_5May/JoshW/_DSC0175.tif,3,6,1,6,8,0,5040,5162,382,504
/Volumes/shared/Research-Groups/Mark-Banfield/Josh_Williams/Scoring_5May/JoshW/_DSC0175.tif,3,6,2,1,1,3,518,648,1519,1649
/Volumes/shared/Research-Groups/Mark-Banfield/Josh_Williams/Scoring_5May/JoshW/_DSC0175.tif,3,6,2,1,2,0,440,616,1678,1854
/Volumes/shared/Research-Groups/Mark-Banfield/Josh_Williams/Scoring_5May/JoshW/_DSC0175.tif,3,6,2,1,3,0,411,579,1882,2050
/Volumes/shared/Research-Groups/Mark-Banfield/Josh_Williams/Scoring_5May/JoshW/_DSC0175.tif,3,6,2,1,4,4,498,680,2048,2230
/Volumes/shared/Research-Groups/Mark-Banfield/Josh_Williams/Scoring_5May/JoshW/_DSC0175.tif,3,6,2,1,5,0,743,955,1974,2186
/Volumes/shared/Research-Groups/Mark-Banfield/Josh_Williams/Scoring_5May/JoshW/_DSC0175.tif,3,6,2,1,6,1,871,1023,1858,2010
/Volumes/shared/Research-Groups/Mark-Banfield/Josh_Williams/Scoring_5May/JoshW/_DSC0175.tif,3,6,2,1,7,0,804,986,1660,1842
/Volumes/shared/Research-Groups/Mark-Banfield/Josh_Williams/Scoring_5May/JoshW/_DSC0175.tif,3,6,2,1,8,3,705,883,1514,1692
/Volumes/shared/Research-Groups/Mark-Banfield/Josh_Williams/Scoring_5May/JoshW/_DSC0175.tif,3,6,2,2,1,0,1290,1482,1473,1665
/Volumes/shared/Research-Groups/Mark-Banfield/Josh_Williams/Scoring_5May/JoshW/_DSC0175.tif,3,6,2,2,2,0,1176,1372,1629,1825
/Volumes/shared/Research-Groups/Mark-Banfield/Josh_Williams/Scoring_5May/JoshW/_DSC0175.tif,3,6,2,2,3,0,1140,1344,1802,2006
/Volumes/shared/Research-Groups/Mark-Banfield/Josh_Williams/Scoring_5May/JoshW/_DSC0175.tif,3,6,2,2,4,5,1195,1369,2004,2178
/Volumes/shared/Research-Groups/Mark-Banfield/Josh_Williams/Scoring_5May/JoshW/_DSC0175.tif,3,6,2,2,5,2,1522,1660,2049,2187
/Volumes/shared/Research-Groups/Mark-Banfield/Josh_Williams/Scoring_5May/JoshW/_DSC0175.tif,3,6,2,2,6,3,1635,1783,1940,2088
/Volumes/shared/Research-Groups/Mark-Banfield/Josh_Williams/Scoring_5May/JoshW/_DSC0175.tif,3,6,2,2,7,0,1618,1782,1754,1918
/Volumes/shared/Research-Groups/Mark-Banfield/Josh_Williams/Scoring_5May/JoshW/_DSC0175.tif,3,6,2,2,8,4,1522,1690,1548,1716
/Volumes/shared/Research-Groups/Mark-Banfield/Josh_Williams/Scoring_5May/JoshW/_DSC0175.tif,3,6,2,3,3,0,2256,2454,1772,1970
/Volumes/shared/Research-Groups/Mark-Banfield/Josh_Williams/Scoring_5May/JoshW/_DSC0175.tif,3,6,2,3,4,0,2378,2524,1953,2099
/Volumes/shared/Research-Groups/Mark-Banfield/Josh_Williams/Scoring_5May/JoshW/_DSC0175.tif,3,6,2,3,5,0,2592,2764,1997,2169
/Volumes/shared/Research-Groups/Mark-Banfield/Josh_Williams/Scoring_5May/JoshW/_DSC0175.tif,3,6,2,3,6,0,2702,2904,1772,1974
/Volumes/shared/Research-Groups/Mark-Banfield/Josh_Williams/Scoring_5May/JoshW/_DSC0175.tif,3,6,2,3,7,0,2686,2880,1564,1758
/Volumes/shared/Research-Groups/Mark-Banfield/Josh_Williams/Scoring_5May/JoshW/_DSC0175.tif,3,6,2,3,8,0,2474,2686,1410,1622
/Volumes/shared/Research-Groups/Mark-Banfield/Josh_Williams/Scoring_5May/JoshW/_DSC0175.tif,3,6,2,4,1,1,3228,3416,1399,1587
/Volumes/shared/Research-Groups/Mark-Banfield/Josh_Williams/Scoring_5May/JoshW/_DSC0175.tif,3,6,2,4,2,0,3100,3288,1578,1766
/Volumes/shared/Research-Groups/Mark-Banfield/Josh_Williams/Scoring_5May/JoshW/_DSC0175.tif,3,6,2,4,3,0,2997,3225,1790,2018
/Volumes/shared/Research-Groups/Mark-Banfield/Josh_Williams/Scoring_5May/JoshW/_DSC0175.tif,3,6,2,4,4,0,3142,3364,1991,2213
/Volumes/shared/Research-Groups/Mark-Banfield/Josh_Williams/Scoring_5May/JoshW/_DSC0175.tif,3,6,2,4,5,3,3442,3616,2054,2228
/Volumes/shared/Research-Groups/Mark-Banfield/Josh_Williams/Scoring_5May/JoshW/_DSC0175.tif,3,6,2,4,6,0,3493,3701,1846,2054
/Volumes/shared/Research-Groups/Mark-Banfield/Josh_Williams/Scoring_5May/JoshW/_DSC0175.tif,3,6,2,4,7,0,3442,3684,1550,1792
/Volumes/shared/Research-Groups/Mark-Banfield/Josh_Williams/Scoring_5May/JoshW/_DSC0175.tif,3,6,2,4,8,0,3425,3615,1378,1568
/Volumes/shared/Research-Groups/Mark-Banfield/Josh_Williams/Scoring_5May/JoshW/_DSC0175.tif,3,6,2,5,1,3,4141,4289,1428,1576
/Volumes/shared/Research-Groups/Mark-Banfield/Josh_Williams/Scoring_5May/JoshW/_DSC0175.tif,3,6,2,5,2,0,4066,4248,1570,1752
/Volumes/shared/Research-Groups/Mark-Banfield/Josh_Williams/Scoring_5May/JoshW/_DSC0175.tif,3,6,2,5,3,0,4006,4198,1739,1931
/Volumes/shared/Research-Groups/Mark-Banfield/Josh_Williams/Scoring_5May/JoshW/_DSC0175.tif,3,6,2,5,4,0,4154,4326,1906,2078
/Volumes/shared/Research-Groups/Mark-Banfield/Josh_Williams/Scoring_5May/JoshW/_DSC0175.tif,3,6,2,5,5,6,4364,4518,1892,2046
/Volumes/shared/Research-Groups/Mark-Banfield/Josh_Williams/Scoring_5May/JoshW/_DSC0175.tif,3,6,2,5,6,0,4443,4631,1708,1896
/Volumes/shared/Research-Groups/Mark-Banfield/Josh_Williams/Scoring_5May/JoshW/_DSC0175.tif,3,6,2,5,7,0,4365,4539,1540,1714
/Volumes/shared/Research-Groups/Mark-Banfield/Josh_Williams/Scoring_5May/JoshW/_DSC0175.tif,3,6,2,5,8,0,4292,4452,1387,1547
/Volumes/shared/Research-Groups/Mark-Banfield/Josh_Williams/Scoring_5May/JoshW/_DSC0175.tif,3,6,3,2,1,0,1327,1491,2542,2706
/Volumes/shared/Research-Groups/Mark-Banfield/Josh_Williams/Scoring_5May/JoshW/_DSC0175.tif,3,6,3,2,2,0,1204,1386,2704,2886
/Volumes/shared/Research-Groups/Mark-Banfield/Josh_Williams/Scoring_5May/JoshW/_DSC0175.tif,3,6,3,2,3,4,1232,1390,2903,3061
/Volumes/shared/Research-Groups/Mark-Banfield/Josh_Williams/Scoring_5May/JoshW/_DSC0175.tif,3,6,3,2,4,0,1289,1447,3084,3242
/Volumes/shared/Research-Groups/Mark-Banfield/Josh_Williams/Scoring_5May/JoshW/_DSC0175.tif,3,6,3,2,5,0,1635,1825,2974,3164
/Volumes/shared/Research-Groups/Mark-Banfield/Josh_Williams/Scoring_5May/JoshW/_DSC0175.tif,3,6,3,2,6,0,1690,1878,2798,2986
/Volumes/shared/Research-Groups/Mark-Banfield/Josh_Williams/Scoring_5May/JoshW/_DSC0175.tif,3,6,3,2,7,3,1582,1736,2666,2820
/Volumes/shared/Research-Groups/Mark-Banfield/Josh_Williams/Scoring_5May/JoshW/_DSC0175.tif,3,6,3,2,8,0,1520,1688,2518,2686
/Volumes/shared/Research-Groups/Mark-Banfield/Josh_Williams/Scoring_5May/JoshW/_DSC0175.tif,3,6,3,3,1,0,2385,2521,2470,2606
/Volumes/shared/Research-Groups/Mark-Banfield/Josh_Williams/Scoring_5May/JoshW/_DSC0175.tif,3,6,3,3,2,0,2282,2438,2633,2789
/Volumes/shared/Research-Groups/Mark-Banfield/Josh_Williams/Scoring_5May/JoshW/_DSC0175.tif,3,6,3,3,3,0,2174,2386,2786,2998
/Volumes/shared/Research-Groups/Mark-Banfield/Josh_Williams/Scoring_5May/JoshW/_DSC0175.tif,3,6,3,3,4,0,2303,2493,2974,3164
/Volumes/shared/Research-Groups/Mark-Banfield/Josh_Williams/Scoring_5May/JoshW/_DSC0175.tif,3,6,3,3,5,0,2606,2814,2966,3174
/Volumes/shared/Research-Groups/Mark-Banfield/Josh_Williams/Scoring_5May/JoshW/_DSC0175.tif,3,6,3,3,6,0,2732,2964,2774,3006
/Volumes/shared/Research-Groups/Mark-Banfield/Josh_Williams/Scoring_5May/JoshW/_DSC0175.tif,3,6,3,3,7,0,2750,2934,2615,2799
/Volumes/shared/Research-Groups/Mark-Banfield/Josh_Williams/Scoring_5May/JoshW/_DSC0175.tif,3,6,3,3,8,4,2581,2747,2504,2670
/Volumes/shared/Research-Groups/Mark-Banfield/Josh_Williams/Scoring_5May/JoshW/_DSC0175.tif,3,6,3,4,1,0,3332,3488,2434,2590
/Volumes/shared/Research-Groups/Mark-Banfield/Josh_Williams/Scoring_5May/JoshW/_DSC0175.tif,3,6,3,4,2,0,3251,3423,2574,2746
/Volumes/shared/Research-Groups/Mark-Banfield/Josh_Williams/Scoring_5May/JoshW/_DSC0175.tif,3,6,3,4,3,0,3166,3366,2807,3007
/Volumes/shared/Research-Groups/Mark-Banfield/Josh_Williams/Scoring_5May/JoshW/_DSC0175.tif,3,6,3,4,4,1,3274,3484,3005,3215
/Volumes/shared/Research-Groups/Mark-Banfield/Josh_Williams/Scoring_5May/JoshW/_DSC0175.tif,3,6,3,4,5,0,3592,3784,2974,3166
/Volumes/shared/Research-Groups/Mark-Banfield/Josh_Williams/Scoring_5May/JoshW/_DSC0175.tif,3,6,3,4,6,0,3694,3864,2800,2970
/Volumes/shared/Research-Groups/Mark-Banfield/Josh_Williams/Scoring_5May/JoshW/_DSC0175.tif,3,6,3,4,7,0,3614,3806,2595,2787
/Volumes/shared/Research-Groups/Mark-Banfield/Josh_Williams/Scoring_5May/JoshW/_DSC0175.tif,3,6,3,4,8,4,3510,3664,2426,2580
/Volumes/shared/Research-Groups/Mark-Banfield/Josh_Williams/Scoring_5May/JoshW/Missed_Image/DSC_0107.TIF,3,3,1,1,2,0,294,608,559,873
/Volumes/shared/Research-Groups/Mark-Banfield/Josh_Williams/Scoring_5May/JoshW/Missed_Image/DSC_0107.TIF,3,3,1,1,5,2,879,1183,640,944
/Volumes/shared/Research-Groups/Mark-Banfield/Josh_Williams/Scoring_5May/JoshW/Missed_Image/DSC_0107.TIF,3,3,1,3,3,1,1976,2304,910,1238
/Volumes/shared/Research-Groups/Mark-Banfield/Josh_Williams/Scoring_5May/JoshW/Missed_Image/DSC_0107.TIF,3,3,1,3,4,1,2638,2918,906,1186
/Volumes/shared/Research-Groups/Mark-Banfield/Josh_Williams/Scoring_5May/JoshW/Missed_Image/DSC_0107.TIF,3,3,2,2,3,0,1155,1435,2290,2570
/Volumes/shared/Research-Groups/Mark-Banfield/Josh_Williams/Scoring_5May/JoshW/Missed_Image/DSC_0107.TIF,3,3,2,2,4,1,1738,2088,2162,2512
/Volumes/shared/Research-Groups/Mark-Banfield/Josh_Williams/Scoring_5May/JoshW/Missed_Image/DSC_0107.TIF,3,3,3,1,2,0,403,721,3256,3574
/Volumes/shared/Research-Groups/Mark-Banfield/Josh_Williams/Scoring_5May/JoshW/Missed_Image/DSC_0107.TIF,3,3,3,1,5,0,1076,1356,3228,3508
/Volumes/shared/Research-Groups/Mark-Banfield/Josh_Williams/Scoring_5May/JoshW/Missed_Image/DSC_0107.TIF,3,3,3,3,3,0,1998,2306,3470,3778
/Volumes/shared/Research-Groups/Mark-Banfield/Josh_Williams/Scoring_5May/JoshW/Missed_Image/DSC_0107.TIF,3,3,3,3,4,0,2587,2917,3480,3810