img,maxrow,maxcol,row,col,pos,score,x1,x2,y1,y2
/Volumes/shared/Research-Groups/Mark-Banfield/Josh_Williams/Scoring_5May/Mark/DSC_0111.TIF,3,3,1,1,2,2,296,608,674,986
/Volumes/shared/Research-Groups/Mark-Banfield/Josh_Williams/Scoring_5May/Mark/DSC_0111.TIF,3,3,1,1,4,2,895,1189,1038,1332
/Volumes/shared/Research-Groups/Mark-Banfield/Josh_Williams/Scoring_5May/Mark/DSC_0111.TIF,3,3,1,1,5,4,987,1257,750,1020
/Volumes/shared/Research-Groups/Mark-Banfield/Josh_Williams/Scoring_5May/Mark/DSC_0111.TIF,3,3,1,1,6,2,826,1164,430,768
/Volumes/shared/Research-Groups/Mark-Banfield/Josh_Williams/Scoring_5May/Mark/DSC_0111.TIF,3,3,1,3,1,1,2125,2385,482,742
/Volumes/shared/Research-Groups/Mark-Banfield/Josh_Williams/Scoring_5May/Mark/DSC_0111.TIF,3,3,1,3,2,1,2001,2305,776,1080
/Volumes/shared/Research-Groups/Mark-Banfield/Josh_Williams/Scoring_5May/Mark/DSC_0111.TIF,3,3,1,3,3,5,1964,2250,1092,1378
/Volumes/shared/Research-Groups/Mark-Banfield/Josh_Williams/Scoring_5May/Mark/DSC_0111.TIF,3,3,2,2,1,3,1231,1517,1838,2124
/Volumes/shared/Research-Groups/Mark-Banfield/Josh_Williams/Scoring_5May/Mark/DSC_0111.TIF,3,3,2,2,2,2,1139,1501,2090,2452
/Volumes/shared/Research-Groups/Mark-Banfield/Josh_Williams/Scoring_5May/Mark/DSC_0111.TIF,3,3,2,2,3,3,1109,1463,2376,2730
/Volumes/shared/Research-Groups/Mark-Banfield/Josh_Williams/Scoring_5May/Mark/DSC_0111.TIF,3,3,2,2,4,3,1602,2014,2330,2742
/Volumes/shared/Research-Groups/Mark-Banfield/Josh_Williams/Scoring_5May/Mark/DSC_0111.TIF,3,3,3,1,4,2,1038,1424,3649,4035
/Volumes/shared/Research-Groups/Mark-Banfield/Josh_Williams/Scoring_5May/Mark/DSC_0111.TIF,3,3,3,1,5,3,1020,1374,3341,3695
/Volumes/shared/Research-Groups/Mark-Banfield/Josh_Williams/Scoring_5May/Mark/DSC_0111.TIF,3,3,3,1,6,1,952,1180,3063,3291
/Volumes/shared/Research-Groups/Mark-Banfield/Josh_Williams/Scoring_5May/Mark/DSC_0111.TIF,3,3,3,3,1,1,2150,2436,3182,3468
/Volumes/shared/Research-Groups/Mark-Banfield/Josh_Williams/Scoring_5May/Mark/DSC_0111.TIF,3,3,3,3,2,1,1994,2330,3464,3800
/Volumes/shared/Research-Groups/Mark-Banfield/Josh_Williams/Scoring_5May/Mark/DSC_0111.TIF,3,3,3,3,3,3,1905,2191,3826,4112
/Volumes/shared/Research-Groups/Mark-Banfield/Josh_Williams/Scoring_5May/Mark/DSC_0111.TIF,3,3,3,3,4,0,2502,2916,3733,4147
/Volumes/shared/Research-Groups/Mark-Banfield/Josh_Williams/Scoring_5May/Mark/DSC_0212.TIF,3,3,1,1,1,5,624,844,855,1075
/Volumes/shared/Research-Groups/Mark-Banfield/Josh_Williams/Scoring_5May/Mark/DSC_0212.TIF,3,3,1,1,2,4,438,726,1070,1358
/Volumes/shared/Research-Groups/Mark-Banfield/Josh_Williams/Scoring_5May/Mark/DSC_0212.TIF,3,3,1,1,3,4,410,722,1324,1636
/Volumes/shared/Research-Groups/Mark-Banfield/Josh_Williams/Scoring_5May/Mark/DSC_0212.TIF,3,3,1,1,6,3,910,1180,784,1054
/Volumes/shared/Research-Groups/Mark-Banfield/Josh_Williams/Scoring_5May/Mark/DSC_0212.TIF,3,3,1,3,3,3,2124,2352,1332,1560
/Volumes/shared/Research-Groups/Mark-Banfield/Josh_Williams/Scoring_5May/Mark/DSC_0212.TIF,3,3,1,3,4,4,2655,2907,1408,1660
/Volumes/shared/Research-Groups/Mark-Banfield/Josh_Williams/Scoring_5May/Mark/DSC_0212.TIF,3,3,1,3,5,3,2658,2878,1104,1324
/Volumes/shared/Research-Groups/Mark-Banfield/Josh_Williams/Scoring_5May/Mark/DSC_0212.TIF,3,3,1,3,6,0,2613,2831,844,1062
/Volumes/shared/Research-Groups/Mark-Banfield/Josh_Williams/Scoring_5May/Mark/DSC_0212.TIF,3,3,2,2,1,3,1484,1754,2014,2284
/Volumes/shared/Research-Groups/Mark-Banfield/Josh_Williams/Scoring_5May/Mark/DSC_0212.TIF,3,3,2,2,4,4,1770,2074,2519,2823
/Volumes/shared/Research-Groups/Mark-Banfield/Josh_Williams/Scoring_5May/Mark/DSC_0212.TIF,3,3,2,2,6,2,1741,2001,1998,2258
/Volumes/shared/Research-Groups/Mark-Banfield/Josh_Williams/Scoring_5May/Mark/DSC_0212.TIF,3,3,3,1,2,3,624,928,3674,3978
/Volumes/shared/Research-Groups/Mark-Banfield/Josh_Williams/Scoring_5May/Mark/DSC_0212.TIF,3,3,3,1,5,4,1156,1424,3666,3934
/Volumes/shared/Research-Groups/Mark-Banfield/Josh_Williams/Scoring_5May/Mark/DSC_0212.TIF,3,3,3,3,1,1,2402,2620,3632,3850
/Volumes/shared/Research-Groups/Mark-Banfield/Josh_Williams/Scoring_5May/Mark/DSC_0212.TIF,3,3,3,3,2,1,2360,2696,3788,4124
/Volumes/shared/Research-Groups/Mark-Banfield/Josh_Williams/Scoring_5May/Mark/DSC_0212.TIF,3,3,3,3,3,4,2258,2546,4086,4374
/Volumes/shared/Research-Groups/Mark-Banfield/Josh_Williams/Scoring_5May/Mark/_DSC1333.TIF,3,3,1,2,2,5,1428,1886,724,1182
/Volumes/shared/Research-Groups/Mark-Banfield/Josh_Williams/Scoring_5May/Mark/_DSC1333.TIF,3,3,1,2,4,2,2124,2504,1110,1490
/Volumes/shared/Research-Groups/Mark-Banfield/Josh_Williams/Scoring_5May/Mark/_DSC1333.TIF,3,3,1,2,5,5,2028,2552,667,1191
/Volumes/shared/Research-Groups/Mark-Banfield/Josh_Williams/Scoring_5May/Mark/_DSC1333.TIF,3,3,1,2,6,5,2000,2400,382,782
/Volumes/shared/Research-Groups/Mark-Banfield/Josh_Williams/Scoring_5May/Mark/_DSC1333.TIF,3,3,2,1,1,4,906,1266,1877,2237
/Volumes/shared/Research-Groups/Mark-Banfield/Josh_Williams/Scoring_5May/Mark/_DSC1333.TIF,3,3,2,1,4,3,1372,1818,2491,2937
/Volumes/shared/Research-Groups/Mark-Banfield/Josh_Williams/Scoring_5May/Mark/_DSC1333.TIF,3,3,2,1,5,4,1248,1752,2033,2537
/Volumes/shared/Research-Groups/Mark-Banfield/Josh_Williams/Scoring_5May/Mark/_DSC1333.TIF,3,3,2,1,6,4,1190,1562,1743,2115
/Volumes/shared/Research-Groups/Mark-Banfield/Josh_Williams/Scoring_5May/Mark/_DSC1333.TIF,3,3,2,3,1,5,2272,2642,2010,2380
/Volumes/shared/Research-Groups/Mark-Banfield/Josh_Williams/Scoring_5May/Mark/_DSC1333.TIF,3,3,2,3,2,5,2162,2494,2309,2641
/Volumes/shared/Research-Groups/Mark-Banfield/Josh_Williams/Scoring_5May/Mark/_DSC1333.TIF,3,3,2,3,3,1,2218,2638,2556,2976
/Volumes/shared/Research-Groups/Mark-Banfield/Josh_Williams/Scoring_5May/Mark/_DSC1333.TIF,3,3,2,3,5,4,2762,3142,2105,2485
/Volumes/shared/Research-Groups/Mark-Banfield/Josh_Williams/Scoring_5May/Mark/_DSC1333.TIF,3,3,3,1,2,6,744,1304,3761,4321
/Volumes/shared/Research-Groups/Mark-Banfield/Josh_Williams/Scoring_5May/Mark/_DSC1333.TIF,3,3,3,1,4,1,1481,1899,4094,4512
/Volumes/shared/Research-Groups/Mark-Banfield/Josh_Williams/Scoring_5May/Mark/_DSC1333.TIF,3,3,3,1,5,6,1500,1880,3732,4112
/Volumes/shared/Research-Groups/Mark-Banfield/Josh_Williams/Scoring_5May/Mark/_DSC1333.TIF,3,3,3,1,6,5,1286,1800,3404,3918
/Volumes/shared/Research-Groups/Mark-Banfield/Josh_Williams/Scoring_5May/Mark/_DSC1333.TIF,3,3,3,3,3,4,2190,2694,4341,4845
/Volumes/shared/Research-Groups/Mark-Banfield/Josh_Williams/Scoring_5May/Mark/_DSC1333.TIF,3,3,3,3,4,4,2808,3266,4222,4680
/Volumes/shared/Research-Groups/Mark-Banfield/Josh_Williams/Scoring_5May/Mark/_DSC1333.TIF,3,3,3,3,5,3,2800,3284,3842,4326
/Volumes/shared/Research-Groups/Mark-Banfield/Josh_Williams/Scoring_5May/Mark/_DSC1333.TIF,3,3,3,3,6,2,2618,3170,3499,4051
/Volumes/shared/Research-Groups/Mark-Banfield/Josh_Williams/Scoring_5May/Mark/DSC_0108.TIF,3,3,1,1,1,0,452,822,220,590
/Volumes/shared/Research-Groups/Mark-Banfield/Josh_Williams/Scoring_5May/Mark/DSC_0108.TIF,3,3,1,1,6,1,814,1176,162,524
/Volumes/shared/Research-Groups/Mark-Banfield/Josh_Williams/Scoring_5May/Mark/DSC_0108.TIF,3,3,1,3,2,0,2026,2524,624,1122
/Volumes/shared/Research-Groups/Mark-Banfield/Josh_Williams/Scoring_5May/Mark/DSC_0108.TIF,3,3,1,3,5,2,2662,3050,705,1093
/Volumes/shared/Research-Groups/Mark-Banfield/Josh_Williams/Scoring_5May/Mark/DSC_0108.TIF,3,3,2,2,1,0,1290,1610,1534,1854
/Volumes/shared/Research-Groups/Mark-Banfield/Josh_Williams/Scoring_5May/Mark/DSC_0108.TIF,3,3,2,2,2,2,1188,1542,1837,2191
/Volumes/shared/Research-Groups/Mark-Banfield/Josh_Williams/Scoring_5May/Mark/DSC_0108.TIF,3,3,2,2,3,0,1180,1552,2229,2601
/Volumes/shared/Research-Groups/Mark-Banfield/Josh_Williams/Scoring_5May/Mark/DSC_0108.TIF,3,3,2,2,5,0,1660,2116,1811,2267
/Volumes/shared/Research-Groups/Mark-Banfield/Josh_Williams/Scoring_5May/Mark/DSC_0108.TIF,3,3,3,1,3,1,338,860,3577,4099
/Volumes/shared/Research-Groups/Mark-Banfield/Josh_Williams/Scoring_5May/Mark/DSC_0108.TIF,3,3,3,1,4,1,1025,1421,3556,3952
/Volumes/shared/Research-Groups/Mark-Banfield/Josh_Williams/Scoring_5May/Mark/DSC_0108.TIF,3,3,3,3,2,0,1904,2276,3299,3671
/Volumes/shared/Research-Groups/Mark-Banfield/Josh_Williams/Scoring_5May/Mark/DSC_0108.TIF,3,3,3,3,5,0,2436,2856,3291,3711
/Volumes/shared/Research-Groups/Mark-Banfield/Josh_Williams/Scoring_5May/Mark/_DSC0765.tif,3,3,1,2,1,3,1686,1980,967,1261
/Volumes/shared/Research-Groups/Mark-Banfield/Josh_Williams/Scoring_5May/Mark/_DSC0765.tif,3,3,1,2,2,3,1428,1752,1238,1562
/Volumes/shared/Research-Groups/Mark-Banfield/Josh_Williams/Scoring_5May/Mark/_DSC0765.tif,3,3,1,2,3,2,1490,1928,1476,1914
/Volumes/shared/Research-Groups/Mark-Banfield/Josh_Williams/Scoring_5May/Mark/_DSC0765.tif,3,3,2,1,1,2,506,858,1990,2342
/Volumes/shared/Research-Groups/Mark-Banfield/Josh_Williams/Scoring_5May/Mark/_DSC0765.tif,3,3,2,1,2,1,439,857,2362,2780
/Volumes/shared/Research-Groups/Mark-Banfield/Josh_Williams/Scoring_5May/Mark/_DSC0765.tif,3,3,2,1,3,1,506,906,2775,3175
/Volumes/shared/Research-Groups/Mark-Banfield/Josh_Williams/Scoring_5May/Mark/_DSC0765.tif,3,3,2,3,4,0,2904,3352,2861,3309
/Volumes/shared/Research-Groups/Mark-Banfield/Josh_Williams/Scoring_5May/Mark/_DSC0765.tif,3,3,2,3,5,1,2876,3304,2509,2937
/Volumes/shared/Research-Groups/Mark-Banfield/Josh_Williams/Scoring_5May/Mark/_DSC0765.tif,3,3,2,3,6,1,2846,3152,2251,2557
/Volumes/shared/Research-Groups/Mark-Banfield/Josh_Williams/Scoring_5May/Mark/_DSC0765.tif,3,3,3,1,4,0,1248,1724,4351,4827
/Volumes/shared/Research-Groups/Mark-Banfield/Josh_Williams/Scoring_5May/Mark/_DSC0765.tif,3,3,3,1,5,1,1182,1818,3875,4511
/Volumes/shared/Research-Groups/Mark-Banfield/Josh_Williams/Scoring_5May/Mark/_DSC0765.tif,3,3,3,1,6,1,1182,1628,3728,4174
/Volumes/shared/Research-Groups/Mark-Banfield/Josh_Williams/Scoring_5May/Mark/_DSC0765.tif,3,3,3,3,1,2,2385,2709,3970,4294
/Volumes/shared/Research-Groups/Mark-Banfield/Josh_Williams/Scoring_5May/Mark/_DSC0765.tif,3,3,3,3,2,2,2172,2666,4218,4712
/Volumes/shared/Research-Groups/Mark-Banfield/Josh_Williams/Scoring_5May/Mark/_DSC9856.tif,2,4,1,1,1,0,490,800,493,803
/Volumes/shared/Research-Groups/Mark-Banfield/Josh_Williams/Scoring_5May/Mark/_DSC9856.tif,2,4,1,1,2,0,312,622,776,1086
/Volumes/shared/Research-Groups/Mark-Banfield/Josh_Williams/Scoring_5May/Mark/_DSC9856.tif,2,4,1,1,3,0,274,636,1168,1530
/Volumes/shared/Research-Groups/Mark-Banfield/Josh_Williams/Scoring_5May/Mark/_DSC9856.tif,2,4,1,1,4,0,782,1276,966,1460
/Volumes/shared/Research-Groups/Mark-Banfield/Josh_Williams/Scoring_5May/Mark/_DSC9856.tif,2,4,1,1,5,3,806,1150,711,1055
/Volumes/shared/Research-Groups/Mark-Banfield/Josh_Williams/Scoring_5May/Mark/_DSC9856.tif,2,4,1,2,1,0,1774,2104,426,756
/Volumes/shared/Research-Groups/Mark-Banfield/Josh_Williams/Scoring_5May/Mark/_DSC9856.tif,2,4,1,2,2,0,1572,1964,776,1168
/Volumes/shared/Research-Groups/Mark-Banfield/Josh_Williams/Scoring_5May/Mark/_DSC9856.tif,2,4,1,2,3,1,1688,2094,1057,1463
/Volumes/shared/Research-Groups/Mark-Banfield/Josh_Williams/Scoring_5May/Mark/_DSC9856.tif,2,4,1,2,4,0,2186,2510,972,1296
/Volumes/shared/Research-Groups/Mark-Banfield/Josh_Williams/Scoring_5May/Mark/_DSC9856.tif,2,4,1,2,5,1,2177,2495,616,934
/Volumes/shared/Research-Groups/Mark-Banfield/Josh_Williams/Scoring_5May/Mark/_DSC9856.tif,2,4,1,3,1,3,3376,3644,489,757
/Volumes/shared/Research-Groups/Mark-Banfield/Josh_Williams/Scoring_5May/Mark/_DSC9856.tif,2,4,1,3,2,2,3116,3440,686,1010
/Volumes/shared/Research-Groups/Mark-Banfield/Josh_Williams/Scoring_5May/Mark/_DSC9856.tif,2,4,1,3,3,0,3182,3602,984,1404
/Volumes/shared/Research-Groups/Mark-Banfield/Josh_Williams/Scoring_5May/Mark/_DSC9856.tif,2,4,1,3,4,2,3741,4135,1054,1448
/Volumes/shared/Research-Groups/Mark-Banfield/Josh_Williams/Scoring_5May/Mark/_DSC9856.tif,2,4,1,3,5,0,3760,4122,622,984
/Volumes/shared/Research-Groups/Mark-Banfield/Josh_Williams/Scoring_5May/Mark/_DSC9856.tif,2,4,1,4,1,4,4624,4908,446,730
/Volumes/shared/Research-Groups/Mark-Banfield/Josh_Williams/Scoring_5May/Mark/_DSC9856.tif,2,4,1,4,2,0,4322,4728,734,1140
/Volumes/shared/Research-Groups/Mark-Banfield/Josh_Williams/Scoring_5May/Mark/_DSC9856.tif,2,4,1,4,3,0,4538,4868,1159,1489
/Volumes/shared/Research-Groups/Mark-Banfield/Josh_Williams/Scoring_5May/Mark/_DSC9856.tif,2,4,1,4,4,4,4932,5338,937,1343
/Volumes/shared/Research-Groups/Mark-Banfield/Josh_Williams/Scoring_5May/Mark/_DSC9856.tif,2,4,1,4,5,0,4861,5293,528,960
/Volumes/shared/Research-Groups/Mark-Banfield/Josh_Williams/Scoring_5May/Mark/_DSC9856.tif,2,4,2,1,1,0,514,806,2234,2526
/Volumes/shared/Research-Groups/Mark-Banfield/Josh_Williams/Scoring_5May/Mark/_DSC9856.tif,2,4,2,1,2,5,376,712,2511,2847
/Volumes/shared/Research-Groups/Mark-Banfield/Josh_Williams/Scoring_5May/Mark/_DSC9856.tif,2,4,2,1,3,0,394,756,2806,3168
/Volumes/shared/Research-Groups/Mark-Banfield/Josh_Williams/Scoring_5May/Mark/_DSC9856.tif,2,4,2,1,4,0,946,1212,2675,2941
/Volumes/shared/Research-Groups/Mark-Banfield/Josh_Williams/Scoring_5May/Mark/_DSC9856.tif,2,4,2,1,5,1,882,1200,2336,2654
/Volumes/shared/Research-Groups/Mark-Banfield/Josh_Williams/Scoring_5May/Mark/_DSC9856.tif,2,4,2,2,1,0,1874,2178,2044,2348
/Volumes/shared/Research-Groups/Mark-Banfield/Josh_Williams/Scoring_5May/Mark/_DSC9856.tif,2,4,2,2,2,3,1688,2056,2355,2723
/Volumes/shared/Research-Groups/Mark-Banfield/Josh_Williams/Scoring_5May/Mark/_DSC9856.tif,2,4,2,2,3,0,1752,2152,2720,3120
/Volumes/shared/Research-Groups/Mark-Banfield/Josh_Williams/Scoring_5May/Mark/_DSC9856.tif,2,4,2,2,4,0,2324,2692,2584,2952
/Volumes/shared/Research-Groups/Mark-Banfield/Josh_Williams/Scoring_5May/Mark/_DSC9856.tif,2,4,2,2,5,2,2240,2654,2151,2565
/Volumes/shared/Research-Groups/Mark-Banfield/Josh_Williams/Scoring_5May/Mark/_DSC9856.tif,2,4,2,3,1,3,3238,3630,2026,2418
/Volumes/shared/Research-Groups/Mark-Banfield/Josh_Williams/Scoring_5May/Mark/_DSC9856.tif,2,4,2,3,2,0,3189,3583,2292,2686
/Volumes/shared/Research-Groups/Mark-Banfield/Josh_Williams/Scoring_5May/Mark/_DSC9856.tif,2,4,2,3,3,4,3212,3636,2651,3075
/Volumes/shared/Research-Groups/Mark-Banfield/Josh_Williams/Scoring_5May/Mark/_DSC9856.tif,2,4,2,3,4,0,3684,3970,2418,2704
/Volumes/shared/Research-Groups/Mark-Banfield/Josh_Williams/Scoring_5May/Mark/_DSC9856.tif,2,4,2,3,5,0,3623,3923,2056,2356
/Volumes/shared/Research-Groups/Mark-Banfield/Josh_Williams/Scoring_5May/Mark/_DSC9856.tif,2,4,2,4,1,4,4570,4862,2054,2346
/Volumes/shared/Research-Groups/Mark-Banfield/Josh_Williams/Scoring_5May/Mark/_DSC9856.tif,2,4,2,4,2,0,4480,4760,2342,2622
/Volumes/shared/Research-Groups/Mark-Banfield/Josh_Williams/Scoring_5May/Mark/_DSC9856.tif,2,4,2,4,3,5,4518,4868,2608,2958
/Volumes/shared/Research-Groups/Mark-Banfield/Josh_Williams/Scoring_5May/Mark/_DSC9856.tif,2,4,2,4,4,0,5020,5388,2517,2885
/Volumes/shared/Research-Groups/Mark-Banfield/Josh_Williams/Scoring_5May/Mark/_DSC9856.tif,2,4,2,4,5,0,4983,5287,2172,2476
/Volumes/shared/Research-Groups/Mark-Banfield/Josh_Williams/Scoring_5May/Mark/DSC_9237.TIF,3,3,1,1,1,6,556,882,169,495
/Volumes/shared/Research-Groups/Mark-Banfield/Josh_Williams/Scoring_5May/Mark/DSC_9237.TIF,3,3,1,1,6,6,848,1228,119,499
/Volumes/shared/Research-Groups/Mark-Banfield/Josh_Williams/Scoring_5May/Mark/DSC_9237.TIF,3,3,1,3,2,4,3598,3906,428,736
/Volumes/shared/Research-Groups/Mark-Banfield/Josh_Williams/Scoring_5May/Mark/DSC_9237.TIF,3,3,1,3,5,4,4139,4481,382,724
/Volumes/shared/Research-Groups/Mark-Banfield/Josh_Williams/Scoring_5May/Mark/DSC_9237.TIF,3,3,2,2,1,3,2124,2414,826,1116
/Volumes/shared/Research-Groups/Mark-Banfield/Josh_Williams/Scoring_5May/Mark/DSC_9237.TIF,3,3,2,2,6,3,2428,2714,802,1088
/Volumes/shared/Research-Groups/Mark-Banfield/Josh_Williams/Scoring_5May/Mark/DSC_9237.TIF,3,3,3,1,1,4,763,1039,1604,1880
/Volumes/shared/Research-Groups/Mark-Banfield/Josh_Williams/Scoring_5May/Mark/DSC_9237.TIF,3,3,3,1,6,6,1084,1426,1545,1887
/Volumes/shared/Research-Groups/Mark-Banfield/Josh_Williams/Scoring_5May/Mark/DSC_9237.TIF,3,3,3,3,2,2,3455,3779,1902,2226
/Volumes/shared/Research-Groups/Mark-Banfield/Josh_Williams/Scoring_5May/Mark/DSC_9237.TIF,3,3,3,3,5,4,4103,4371,2026,2294
/Volumes/shared/Research-Groups/Mark-Banfield/Josh_Williams/Scoring_5May/Mark/_DSC9858.tif,2,4,1,1,1,3,584,806,715,937
/Volumes/shared/Research-Groups/Mark-Banfield/Josh_Williams/Scoring_5May/Mark/_DSC9858.tif,2,4,1,1,2,5,420,680,833,1093
/Volumes/shared/Research-Groups/Mark-Banfield/Josh_Williams/Scoring_5May/Mark/_DSC9858.tif,2,4,1,1,3,6,401,661,1068,1328
/Volumes/shared/Research-Groups/Mark-Banfield/Josh_Williams/Scoring_5May/Mark/_DSC9858.tif,2,4,1,1,4,4,330,660,1264,1594
/Volumes/shared/Research-Groups/Mark-Banfield/Josh_Williams/Scoring_5May/Mark/_DSC9858.tif,2,4,1,1,5,0,890,1124,1306,1540
/Volumes/shared/Research-Groups/Mark-Banfield/Josh_Williams/Scoring_5May/Mark/_DSC9858.tif,2,4,1,1,6,5,1004,1320,1045,1361
/Volumes/shared/Research-Groups/Mark-Banfield/Josh_Williams/Scoring_5May/Mark/_DSC9858.tif,2,4,1,1,7,6,890,1212,852,1174
/Volumes/shared/Research-Groups/Mark-Banfield/Josh_Williams/Scoring_5May/Mark/_DSC9858.tif,2,4,1,1,8,4,794,1042,696,944
/Volumes/shared/Research-Groups/Mark-Banfield/Josh_Williams/Scoring_5May/Mark/_DSC9858.tif,2,4,1,2,2,4,1638,1886,829,1077
/Volumes/shared/Research-Groups/Mark-Banfield/Josh_Williams/Scoring_5May/Mark/_DSC9858.tif,2,4,1,2,3,6,1568,1898,966,1296
/Volumes/shared/Research-Groups/Mark-Banfield/Josh_Williams/Scoring_5May/Mark/_DSC9858.tif,2,4,1,2,4,2,1588,1898,1261,1571
/Volumes/shared/Research-Groups/Mark-Banfield/Josh_Williams/Scoring_5May/Mark/_DSC9858.tif,2,4,1,2,5,0,2098,2446,1258,1606
/Volumes/shared/Research-Groups/Mark-Banfield/Josh_Williams/Scoring_5May/Mark/_DSC9858.tif,2,4,1,2,6,4,2120,2380,1038,1298
/Volumes/shared/Research-Groups/Mark-Banfield/Josh_Williams/Scoring_5May/Mark/_DSC9858.tif,2,4,1,2,7,4,2044,2292,778,1026
/Volumes/shared/Research-Groups/Mark-Banfield/Josh_Williams/Scoring_5May/Mark/_DSC9858.tif,2,4,1,2,8,4,1988,2190,627,829
/Volumes/shared/Research-Groups/Mark-Banfield/Josh_Williams/Scoring_5May/Mark/_DSC9858.tif,2,4,1,3,1,3,3218,3466,575,823
/Volumes/shared/Research-Groups/Mark-Banfield/Josh_Williams/Scoring_5May/Mark/_DSC9858.tif,2,4,1,3,2,0,3008,3320,756,1068
/Volumes/shared/Research-Groups/Mark-Banfield/Josh_Williams/Scoring_5May/Mark/_DSC9858.tif,2,4,1,3,3,4,2938,3282,971,1315
/Volumes/shared/Research-Groups/Mark-Banfield/Josh_Williams/Scoring_5May/Mark/_DSC9858.tif,2,4,1,3,4,3,3016,3390,1270,1644
/Volumes/shared/Research-Groups/Mark-Banfield/Josh_Williams/Scoring_5May/Mark/_DSC9858.tif,2,4,1,3,5,3,3472,3840,1261,1629
/Volumes/shared/Research-Groups/Mark-Banfield/Josh_Williams/Scoring_5May/Mark/_DSC9858.tif,2,4,1,3,6,0,3674,3948,1064,1338
/Volumes/shared/Research-Groups/Mark-Banfield/Josh_Williams/Scoring_5May/Mark/_DSC9858.tif,2,4,1,3,7,4,3606,3898,813,1105
/Volumes/shared/Research-Groups/Mark-Banfield/Josh_Williams/Scoring_5May/Mark/_DSC9858.tif,2,4,1,3,8,5,3522,3802,635,915
/Volumes/shared/Research-Groups/Mark-Banfield/Josh_Williams/Scoring_5May/Mark/_DSC9858.tif,2,4,1,4,1,4,4468,4734,483,749
/Volumes/shared/Research-Groups/Mark-Banfield/Josh_Williams/Scoring_5May/Mark/_DSC9858.tif,2,4,1,4,2,0,4258,4614,661,1017
/Volumes/shared/Research-Groups/Mark-Banfield/Josh_Williams/Scoring_5May/Mark/_DSC9858.tif,2,4,1,4,3,3,4253,4487,1004,1238
/Volumes/shared/Research-Groups/Mark-Banfield/Josh_Williams/Scoring_5May/Mark/_DSC9858.tif,2,4,1,4,4,2,4266,4620,1220,1574
/Volumes/shared/Research-Groups/Mark-Banfield/Josh_Williams/Scoring_5May/Mark/_DSC9858.tif,2,4,1,4,5,2,4710,5020,1321,1631
/Volumes/shared/Research-Groups/Mark-Banfield/Josh_Williams/Scoring_5May/Mark/_DSC9858.tif,2,4,1,4,6,0,4895,5163,1028,1296
/Volumes/shared/Research-Groups/Mark-Banfield/Josh_Williams/Scoring_5May/Mark/_DSC9858.tif,2,4,1,4,7,5,4792,5072,762,1042
/Volumes/shared/Research-Groups/Mark-Banfield/Josh_Williams/Scoring_5May/Mark/_DSC9858.tif,2,4,1,4,8,5,4728,5040,509,821
/Volumes/shared/Research-Groups/Mark-Banfield/Josh_Williams/Scoring_5May/Mark/_DSC9858.tif,2,4,2,1,1,4,668,908,2051,2291
/Volumes/shared/Research-Groups/Mark-Banfield/Josh_Williams/Scoring_5May/Mark/_DSC9858.tif,2,4,2,1,2,4,496,768,2194,2466
/Volumes/shared/Research-Groups/Mark-Banfield/Josh_Williams/Scoring_5May/Mark/_DSC9858.tif,2,4,2,1,3,0,394,718,2377,2701
/Volumes/shared/Research-Groups/Mark-Banfield/Josh_Williams/Scoring_5May/Mark/_DSC9858.tif,2,4,2,1,4,2,514,788,2726,3000
/Volumes/shared/Research-Groups/Mark-Banfield/Josh_Williams/Scoring_5May/Mark/_DSC9858.tif,2,4,2,1,5,2,934,1302,2720,3088
/Volumes/shared/Research-Groups/Mark-Banfield/Josh_Williams/Scoring_5May/Mark/_DSC9858.tif,2,4,2,1,6,3,1048,1296,2504,2752
/Volumes/shared/Research-Groups/Mark-Banfield/Josh_Williams/Scoring_5May/Mark/_DSC9858.tif,2,4,2,1,7,0,1004,1334,2171,2501
/Volumes/shared/Research-Groups/Mark-Banfield/Josh_Williams/Scoring_5May/Mark/_DSC9858.tif,2,4,2,1,8,4,922,1212,1972,2262
/Volumes/shared/Research-Groups/Mark-Banfield/Josh_Williams/Scoring_5May/Mark/_DSC9858.tif,2,4,2,2,1,4,1854,2132,1988,2266
/Volumes/shared/Research-Groups/Mark-Banfield/Josh_Williams/Scoring_5May/Mark/_DSC9858.tif,2,4,2,2,2,4,1530,1950,2142,2562
/Volumes/shared/Research-Groups/Mark-Banfield/Josh_Williams/Scoring_5May/Mark/_DSC9858.tif,2,4,2,2,3,0,1600,1886,2399,2685
/Volumes/shared/Research-Groups/Mark-Banfield/Josh_Williams/Scoring_5May/Mark/_DSC9858.tif,2,4,2,2,4,3,1726,2000,2672,2946
/Volumes/shared/Research-Groups/Mark-Banfield/Josh_Williams/Scoring_5May/Mark/_DSC9858.tif,2,4,2,2,5,3,2076,2394,2602,2920
/Volumes/shared/Research-Groups/Mark-Banfield/Josh_Williams/Scoring_5May/Mark/_DSC9858.tif,2,4,2,2,6,4,2142,2440,2348,2646
/Volumes/shared/Research-Groups/Mark-Banfield/Josh_Williams/Scoring_5May/Mark/_DSC9858.tif,2,4,2,2,7,1,2222,2476,2136,2390
/Volumes/shared/Research-Groups/Mark-Banfield/Josh_Williams/Scoring_5May/Mark/_DSC9858.tif,2,4,2,2,8,4,2032,2330,1931,2229
/Volumes/shared/Research-Groups/Mark-Banfield/Josh_Williams/Scoring_5May/Mark/_DSC9858.tif,2,4,2,3,1,3,3154,3422,2011,2279
/Volumes/shared/Research-Groups/Mark-Banfield/Josh_Williams/Scoring_5May/Mark/_DSC9858.tif,2,4,2,3,2,3,3002,3308,2164,2470
/Volumes/shared/Research-Groups/Mark-Banfield/Josh_Williams/Scoring_5May/Mark/_DSC9858.tif,2,4,2,3,3,3,2824,3148,2418,2742
/Volumes/shared/Research-Groups/Mark-Banfield/Josh_Williams/Scoring_5May/Mark/_DSC9858.tif,2,4,2,3,4,0,2914,3288,2701,3075
/Volumes/shared/Research-Groups/Mark-Banfield/Josh_Williams/Scoring_5May/Mark/_DSC9858.tif,2,4,2,3,5,3,3408,3752,2703,3047
/Volumes/shared/Research-Groups/Mark-Banfield/Josh_Williams/Scoring_5May/Mark/_DSC9858.tif,2,4,2,3,6,5,3522,3890,2384,2752
/Volumes/shared/Research-Groups/Mark-Banfield/Josh_Williams/Scoring_5May/Mark/_DSC9858.tif,2,4,2,3,7,4,3528,3764,2215,2451
/Volumes/shared/Research-Groups/Mark-Banfield/Josh_Williams/Scoring_5May/Mark/_DSC9858.tif,2,4,2,3,8,0,3408,3738,2006,2336
/Volumes/shared/Research-Groups/Mark-Banfield/Josh_Williams/Scoring_5May/Mark/_DSC9858.tif,2,4,2,4,1,4,4383,4605,2088,2310
/Volumes/shared/Research-Groups/Mark-Banfield/Josh_Williams/Scoring_5May/Mark/_DSC9858.tif,2,4,2,4,2,4,4196,4436,2324,2564
/Volumes/shared/Research-Groups/Mark-Banfield/Josh_Williams/Scoring_5May/Mark/_DSC9858.tif,2,4,2,4,3,3,4120,4456,2514,2850
/Volumes/shared/Research-Groups/Mark-Banfield/Josh_Williams/Scoring_5May/Mark/_DSC9858.tif,2,4,2,4,4,0,4252,4582,2774,3104
/Volumes/shared/Research-Groups/Mark-Banfield/Josh_Williams/Scoring_5May/Mark/_DSC9858.tif,2,4,2,4,5,3,4678,5020,2707,3049
/Volumes/shared/Research-Groups/Mark-Banfield/Josh_Williams/Scoring_5May/Mark/_DSC9858.tif,2,4,2,4,6,4,4836,5160,2494,2818
/Volumes/shared/Research-Groups/Mark-Banfield/Josh_Williams/Scoring_5May/Mark/_DSC9858.tif,2,4,2,4,7,4,4773,5077,2172,2476
/Volumes/shared/Research-Groups/Mark-Banfield/Josh_Williams/Scoring_5May/Mark/_DSC9858.tif,2,4,2,4,8,1,4626,4842,2031,2247
/Volumes/shared/Research-Groups/Mark-Banfield/Josh_Williams/Scoring_5May/Mark/DSC_0208.TIF,3,3,1,1,1,5,649,893,1004,1248
/Volumes/shared/Research-Groups/Mark-Banfield/Josh_Williams/Scoring_5May/Mark/DSC_0208.TIF,3,3,1,1,2,5,514,818,1281,1585
/Volumes/shared/Research-Groups/Mark-Banfield/Josh_Williams/Scoring_5May/Mark/DSC_0208.TIF,3,3,1,1,3,4,556,860,1505,1809
/Volumes/shared/Research-Groups/Mark-Banfield/Josh_Williams/Scoring_5May/Mark/DSC_0208.TIF,3,3,1,1,6,4,928,1222,945,1239
/Volumes/shared/Research-Groups/Mark-Banfield/Josh_Williams/Scoring_5May/Mark/DSC_0208.TIF,3,3,1,3,1,4,2318,2536,1270,1488
/Volumes/shared/Research-Groups/Mark-Banfield/Josh_Williams/Scoring_5May/Mark/DSC_0208.TIF,3,3,1,3,2,5,2242,2436,1492,1686
/Volumes/shared/Research-Groups/Mark-Banfield/Josh_Williams/Scoring_5May/Mark/DSC_0208.TIF,3,3,1,3,3,5,2200,2452,1623,1875
/Volumes/shared/Research-Groups/Mark-Banfield/Josh_Williams/Scoring_5May/Mark/DSC_0208.TIF,3,3,1,3,6,3,2512,2790,1139,1417
/Volumes/shared/Research-Groups/Mark-Banfield/Josh_Williams/Scoring_5May/Mark/DSC_0208.TIF,3,3,2,2,3,6,1454,1716,2562,2824
/Volumes/shared/Research-Groups/Mark-Banfield/Josh_Williams/Scoring_5May/Mark/DSC_0208.TIF,3,3,2,2,4,6,1828,2090,2583,2845
/Volumes/shared/Research-Groups/Mark-Banfield/Josh_Williams/Scoring_5May/Mark/DSC_0208.TIF,3,3,2,2,5,6,1778,2098,2335,2655
/Volumes/shared/Research-Groups/Mark-Banfield/Josh_Williams/Scoring_5May/Mark/DSC_0208.TIF,3,3,2,2,6,6,1754,2014,2204,2464
/Volumes/shared/Research-Groups/Mark-Banfield/Josh_Williams/Scoring_5May/Mark/DSC_0208.TIF,3,3,3,1,1,2,906,1168,3480,3742
/Volumes/shared/Research-Groups/Mark-Banfield/Josh_Williams/Scoring_5May/Mark/DSC_0208.TIF,3,3,3,1,2,3,760,1096,3700,4036
/Volumes/shared/Research-Groups/Mark-Banfield/Josh_Williams/Scoring_5May/Mark/DSC_0208.TIF,3,3,3,1,3,5,666,1028,3981,4343
/Volumes/shared/Research-Groups/Mark-Banfield/Josh_Williams/Scoring_5May/Mark/DSC_0208.TIF,3,3,3,1,4,5,1264,1618,4053,4407
/Volumes/shared/Research-Groups/Mark-Banfield/Josh_Williams/Scoring_5May/Mark/DSC_0208.TIF,3,3,3,3,2,2,2056,2394,3757,4095
/Volumes/shared/Research-Groups/Mark-Banfield/Josh_Williams/Scoring_5May/Mark/DSC_0208.TIF,3,3,3,3,4,3,2588,2832,4091,4335
/Volumes/shared/Research-Groups/Mark-Banfield/Josh_Williams/Scoring_5May/Mark/DSC_0208.TIF,3,3,3,3,5,5,2596,2866,3809,4079
/Volumes/shared/Research-Groups/Mark-Banfield/Josh_Williams/Scoring_5May/Mark/DSC_0208.TIF,3,3,3,3,6,3,2502,2748,3597,3843
/Volumes/shared/Research-Groups/Mark-Banfield/Josh_Williams/Scoring_5May/Mark/_DSC9261.tif,3,4,1,2,1,4,1994,2266,354,626
/Volumes/shared/Research-Groups/Mark-Banfield/Josh_Williams/Scoring_5May/Mark/_DSC9261.tif,3,4,1,2,2,0,1799,2117,584,902
/Volumes/shared/Research-Groups/Mark-Banfield/Josh_Williams/Scoring_5May/Mark/_DSC9261.tif,3,4,1,2,3,4,1936,2248,867,1179
/Volumes/shared/Research-Groups/Mark-Banfield/Josh_Williams/Scoring_5May/Mark/_DSC9261.tif,3,4,1,2,4,3,2336,2590,778,1032
/Volumes/shared/Research-Groups/Mark-Banfield/Josh_Williams/Scoring_5May/Mark/_DSC9261.tif,3,4,1,2,5,4,2292,2558,407,673
/Volumes/shared/Research-Groups/Mark-Banfield/Josh_Williams/Scoring_5May/Mark/_DSC9261.tif,3,4,1,3,1,3,2958,3186,435,663
/Volumes/shared/Research-Groups/Mark-Banfield/Josh_Williams/Scoring_5May/Mark/_DSC9261.tif,3,4,1,3,2,0,2844,3110,674,940
/Volumes/shared/Research-Groups/Mark-Banfield/Josh_Williams/Scoring_5May/Mark/_DSC9261.tif,3,4,1,3,3,3,2908,3218,870,1180
/Volumes/shared/Research-Groups/Mark-Banfield/Josh_Williams/Scoring_5May/Mark/_DSC9261.tif,3,4,1,3,4,5,3313,3541,674,902
/Volumes/shared/Research-Groups/Mark-Banfield/Josh_Williams/Scoring_5May/Mark/_DSC9261.tif,3,4,1,3,5,5,3186,3446,432,692
/Volumes/shared/Research-Groups/Mark-Banfield/Josh_Williams/Scoring_5May/Mark/_DSC9261.tif,3,4,2,1,1,2,776,1036,1464,1724
/Volumes/shared/Research-Groups/Mark-Banfield/Josh_Williams/Scoring_5May/Mark/_DSC9261.tif,3,4,2,1,2,5,642,952,1594,1904
/Volumes/shared/Research-Groups/Mark-Banfield/Josh_Williams/Scoring_5May/Mark/_DSC9261.tif,3,4,2,1,3,4,768,1068,1814,2114
/Volumes/shared/Research-Groups/Mark-Banfield/Josh_Williams/Scoring_5May/Mark/_DSC9261.tif,3,4,2,1,4,3,1106,1334,1743,1971
/Volumes/shared/Research-Groups/Mark-Banfield/Josh_Williams/Scoring_5May/Mark/_DSC9261.tif,3,4,2,1,5,4,1065,1305,1474,1714
/Volumes/shared/Research-Groups/Mark-Banfield/Josh_Williams/Scoring_5May/Mark/_DSC9261.tif,3,4,2,2,1,1,1740,1994,1454,1708
/Volumes/shared/Research-Groups/Mark-Banfield/Josh_Williams/Scoring_5May/Mark/_DSC9261.tif,3,4,2,2,2,4,1626,1904,1683,1961
/Volumes/shared/Research-Groups/Mark-Banfield/Josh_Williams/Scoring_5May/Mark/_DSC9261.tif,3,4,2,2,3,5,1644,1936,1879,2171
/Volumes/shared/Research-Groups/Mark-Banfield/Josh_Williams/Scoring_5May/Mark/_DSC9261.tif,3,4,2,2,4,5,2044,2348,1715,2019
/Volumes/shared/Research-Groups/Mark-Banfield/Josh_Williams/Scoring_5May/Mark/_DSC9261.tif,3,4,2,2,5,5,1974,2266,1454,1746
/Volumes/shared/Research-Groups/Mark-Banfield/Josh_Williams/Scoring_5May/Mark/_DSC9261.tif,3,4,2,3,1,6,3046,3276,1470,1700
/Volumes/shared/Research-Groups/Mark-Banfield/Josh_Williams/Scoring_5May/Mark/_DSC9261.tif,3,4,2,3,2,5,2905,3133,1682,1910
/Volumes/shared/Research-Groups/Mark-Banfield/Josh_Williams/Scoring_5May/Mark/_DSC9261.tif,3,4,2,3,3,4,2970,3230,1848,2108
/Volumes/shared/Research-Groups/Mark-Banfield/Josh_Williams/Scoring_5May/Mark/_DSC9261.tif,3,4,2,3,4,2,3344,3548,1853,2057
/Volumes/shared/Research-Groups/Mark-Banfield/Josh_Williams/Scoring_5May/Mark/_DSC9261.tif,3,4,2,3,5,1,3357,3549,1580,1772
/Volumes/shared/Research-Groups/Mark-Banfield/Josh_Williams/Scoring_5May/Mark/_DSC9261.tif,3,4,2,4,1,5,4056,4304,1260,1508
/Volumes/shared/Research-Groups/Mark-Banfield/Josh_Williams/Scoring_5May/Mark/_DSC9261.tif,3,4,2,4,2,2,3866,4164,1486,1784
/Volumes/shared/Research-Groups/Mark-Banfield/Josh_Williams/Scoring_5May/Mark/_DSC9261.tif,3,4,2,4,3,1,3960,4208,1799,2047
/Volumes/shared/Research-Groups/Mark-Banfield/Josh_Williams/Scoring_5May/Mark/_DSC9261.tif,3,4,2,4,4,3,4386,4672,1647,1933
/Volumes/shared/Research-Groups/Mark-Banfield/Josh_Williams/Scoring_5May/Mark/_DSC9261.tif,3,4,2,4,5,0,4376,4606,1358,1588
/Volumes/shared/Research-Groups/Mark-Banfield/Josh_Williams/Scoring_5May/Mark/_DSC9261.tif,3,4,3,1,1,3,788,990,2368,2570
/Volumes/shared/Research-Groups/Mark-Banfield/Josh_Williams/Scoring_5May/Mark/_DSC9261.tif,3,4,3,1,2,5,654,876,2590,2812
/Volumes/shared/Research-Groups/Mark-Banfield/Josh_Williams/Scoring_5May/Mark/_DSC9261.tif,3,4,3,1,3,2,630,914,2800,3084
/Volumes/shared/Research-Groups/Mark-Banfield/Josh_Williams/Scoring_5May/Mark/_DSC9261.tif,3,4,3,1,4,0,1048,1352,2784,3088
/Volumes/shared/Research-Groups/Mark-Banfield/Josh_Williams/Scoring_5May/Mark/_DSC9261.tif,3,4,3,1,5,3,1016,1358,2450,2792
/Volumes/shared/Research-Groups/Mark-Banfield/Josh_Williams/Scoring_5May/Mark/_DSC9261.tif,3,4,3,2,1,4,1734,1924,2422,2612
/Volumes/shared/Research-Groups/Mark-Banfield/Josh_Williams/Scoring_5May/Mark/_DSC9261.tif,3,4,3,2,2,4,1634,1838,2602,2806
/Volumes/shared/Research-Groups/Mark-Banfield/Josh_Williams/Scoring_5May/Mark/_DSC9261.tif,3,4,3,2,3,3,1620,1866,2806,3052
/Volumes/shared/Research-Groups/Mark-Banfield/Josh_Williams/Scoring_5May/Mark/_DSC9261.tif,3,4,3,2,4,0,2032,2286,2758,3012
/Volumes/shared/Research-Groups/Mark-Banfield/Josh_Williams/Scoring_5May/Mark/_DSC9261.tif,3,4,3,2,5,4,1930,2184,2533,2787
/Volumes/shared/Research-Groups/Mark-Banfield/Josh_Williams/Scoring_5May/Mark/_DSC9261.tif,3,4,3,3,1,1,3028,3294,2336,2602
/Volumes/shared/Research-Groups/Mark-Banfield/Josh_Williams/Scoring_5May/Mark/_DSC9261.tif,3,4,3,3,2,2,2862,3192,2549,2879
/Volumes/shared/Research-Groups/Mark-Banfield/Josh_Williams/Scoring_5May/Mark/_DSC9261.tif,3,4,3,3,3,0,2952,3238,2913,3199
/Volumes/shared/Research-Groups/Mark-Banfield/Josh_Williams/Scoring_5May/Mark/_DSC9261.tif,3,4,3,3,4,3,3320,3644,2777,3101
/Volumes/shared/Research-Groups/Mark-Banfield/Josh_Williams/Scoring_5May/Mark/_DSC9261.tif,3,4,3,3,5,3,3320,3598,2514,2792
/Volumes/shared/Research-Groups/Mark-Banfield/Josh_Williams/Scoring_5May/Mark/_DSC9261.tif,3,4,3,4,1,6,4239,4469,2386,2616
/Volumes/shared/Research-Groups/Mark-Banfield/Josh_Williams/Scoring_5May/Mark/_DSC9261.tif,3,4,3,4,2,4,4010,4316,2456,2762
/Volumes/shared/Research-Groups/Mark-Banfield/Josh_Williams/Scoring_5May/Mark/_DSC9261.tif,3,4,3,4,3,0,4039,4337,2800,3098
/Volumes/shared/Research-Groups/Mark-Banfield/Josh_Williams/Scoring_5May/Mark/_DSC9261.tif,3,4,3,4,4,5,4488,4772,2774,3058
/Volumes/shared/Research-Groups/Mark-Banfield/Josh_Williams/Scoring_5May/Mark/_DSC9261.tif,3,4,3,4,5,4,4506,4760,2495,2749
/Volumes/shared/Research-Groups/Mark-Banfield/Josh_Williams/Scoring_5May/Mark/_DSC8787.tif,2,4,1,1,2,5,698,902,1095,1299
/Volumes/shared/Research-Groups/Mark-Banfield/Josh_Williams/Scoring_5May/Mark/_DSC8787.tif,2,4,1,1,3,5,648,902,1251,1505
/Volumes/shared/Research-Groups/Mark-Banfield/Josh_Williams/Scoring_5May/Mark/_DSC8787.tif,2,4,1,1,4,4,648,914,1467,1733
/Volumes/shared/Research-Groups/Mark-Banfield/Josh_Williams/Scoring_5May/Mark/_DSC8787.tif,2,4,1,1,5,0,1093,1403,1518,1828
/Volumes/shared/Research-Groups/Mark-Banfield/Josh_Williams/Scoring_5May/Mark/_DSC8787.tif,2,4,1,1,6,6,1106,1390,1274,1558
/Volumes/shared/Research-Groups/Mark-Banfield/Josh_Williams/Scoring_5May/Mark/_DSC8787.tif,2,4,1,1,7,4,1118,1378,1090,1350
/Volumes/shared/Research-Groups/Mark-Banfield/Josh_Williams/Scoring_5May/Mark/_DSC8787.tif,2,4,1,1,8,4,1022,1252,891,1121
/Volumes/shared/Research-Groups/Mark-Banfield/Josh_Williams/Scoring_5May/Mark/_DSC8787.tif,2,4,1,2,1,0,1816,2006,848,1038
/Volumes/shared/Research-Groups/Mark-Banfield/Josh_Williams/Scoring_5May/Mark/_DSC8787.tif,2,4,1,2,2,3,1764,2006,1032,1274
/Volumes/shared/Research-Groups/Mark-Banfield/Josh_Williams/Scoring_5May/Mark/_DSC8787.tif,2,4,1,2,3,3,1720,1910,1279,1469
/Volumes/shared/Research-Groups/Mark-Banfield/Josh_Williams/Scoring_5May/Mark/_DSC8787.tif,2,4,1,2,4,3,1714,1950,1507,1743
/Volumes/shared/Research-Groups/Mark-Banfield/Josh_Williams/Scoring_5May/Mark/_DSC8787.tif,2,4,1,2,5,2,2108,2386,1426,1704
/Volumes/shared/Research-Groups/Mark-Banfield/Josh_Williams/Scoring_5May/Mark/_DSC8787.tif,2,4,1,2,6,5,2126,2380,1207,1461
/Volumes/shared/Research-Groups/Mark-Banfield/Josh_Williams/Scoring_5May/Mark/_DSC8787.tif,2,4,1,2,7,4,2094,2348,1019,1273
/Volumes/shared/Research-Groups/Mark-Banfield/Josh_Williams/Scoring_5May/Mark/_DSC8787.tif,2,4,1,2,8,4,2016,2244,800,1028
/Volumes/shared/Research-Groups/Mark-Banfield/Josh_Williams/Scoring_5May/Mark/_DSC8787.tif,2,4,1,3,1,5,3009,3249,928,1168
/Volumes/shared/Research-Groups/Mark-Banfield/Josh_Williams/Scoring_5May/Mark/_DSC8787.tif,2,4,1,3,2,1,2976,3244,1161,1429
/Volumes/shared/Research-Groups/Mark-Banfield/Josh_Williams/Scoring_5May/Mark/_DSC8787.tif,2,4,1,3,3,4,2914,3142,1394,1622
/Volumes/shared/Research-Groups/Mark-Banfield/Josh_Williams/Scoring_5May/Mark/_DSC8787.tif,2,4,1,3,4,2,3072,3288,1577,1793
/Volumes/shared/Research-Groups/Mark-Banfield/Josh_Williams/Scoring_5May/Mark/_DSC8787.tif,2,4,1,3,5,2,3413,3653,1486,1726
/Volumes/shared/Research-Groups/Mark-Banfield/Josh_Williams/Scoring_5May/Mark/_DSC8787.tif,2,4,1,3,6,2,3522,3752,1282,1512
/Volumes/shared/Research-Groups/Mark-Banfield/Josh_Williams/Scoring_5May/Mark/_DSC8787.tif,2,4,1,3,7,3,3390,3618,1064,1292
/Volumes/shared/Research-Groups/Mark-Banfield/Josh_Williams/Scoring_5May/Mark/_DSC8787.tif,2,4,1,3,8,2,3343,3577,864,1098
/Volumes/shared/Research-Groups/Mark-Banfield/Josh_Williams/Scoring_5May/Mark/_DSC8787.tif,2,4,1,4,1,4,4221,4437,890,1106
/Volumes/shared/Research-Groups/Mark-Banfield/Josh_Williams/Scoring_5May/Mark/_DSC8787.tif,2,4,1,4,2,2,4138,4360,1042,1264
/Volumes/shared/Research-Groups/Mark-Banfield/Josh_Williams/Scoring_5May/Mark/_DSC8787.tif,2,4,1,4,3,5,4106,4386,1231,1511
/Volumes/shared/Research-Groups/Mark-Banfield/Josh_Williams/Scoring_5May/Mark/_DSC8787.tif,2,4,1,4,4,3,4075,4323,1524,1772
/Volumes/shared/Research-Groups/Mark-Banfield/Josh_Williams/Scoring_5May/Mark/_DSC8787.tif,2,4,1,4,5,3,4576,4836,1588,1848
/Volumes/shared/Research-Groups/Mark-Banfield/Josh_Williams/Scoring_5May/Mark/_DSC8787.tif,2,4,1,4,6,1,4659,4913,1308,1562
/Volumes/shared/Research-Groups/Mark-Banfield/Josh_Williams/Scoring_5May/Mark/_DSC8787.tif,2,4,1,4,7,4,4588,4836,1092,1340
/Volumes/shared/Research-Groups/Mark-Banfield/Josh_Williams/Scoring_5May/Mark/_DSC8787.tif,2,4,1,4,8,3,4474,4678,864,1068
/Volumes/shared/Research-Groups/Mark-Banfield/Josh_Williams/Scoring_5May/Mark/_DSC8787.tif,2,4,2,1,1,5,820,1022,2384,2586
/Volumes/shared/Research-Groups/Mark-Banfield/Josh_Williams/Scoring_5May/Mark/_DSC8787.tif,2,4,2,1,2,2,768,960,2517,2709
/Volumes/shared/Research-Groups/Mark-Banfield/Josh_Williams/Scoring_5May/Mark/_DSC8787.tif,2,4,2,1,3,0,718,890,2663,2835
/Volumes/shared/Research-Groups/Mark-Banfield/Josh_Williams/Scoring_5May/Mark/_DSC8787.tif,2,4,2,1,4,1,800,1004,2856,3060
/Volumes/shared/Research-Groups/Mark-Banfield/Josh_Williams/Scoring_5May/Mark/_DSC8787.tif,2,4,2,1,5,3,1080,1296,2828,3044
/Volumes/shared/Research-Groups/Mark-Banfield/Josh_Williams/Scoring_5May/Mark/_DSC8787.tif,2,4,2,1,6,2,1019,1203,2666,2850
/Volumes/shared/Research-Groups/Mark-Banfield/Josh_Williams/Scoring_5May/Mark/_DSC8787.tif,2,4,2,1,7,3,1131,1365,2482,2716
/Volumes/shared/Research-Groups/Mark-Banfield/Josh_Williams/Scoring_5May/Mark/_DSC8787.tif,2,4,2,1,8,3,1007,1217,2368,2578
/Volumes/shared/Research-Groups/Mark-Banfield/Josh_Williams/Scoring_5May/Mark/_DSC8787.tif,2,4,2,2,1,4,1821,2019,2342,2540
/Volumes/shared/Research-Groups/Mark-Banfield/Josh_Williams/Scoring_5May/Mark/_DSC8787.tif,2,4,2,2,2,3,1726,1980,2473,2727
/Volumes/shared/Research-Groups/Mark-Banfield/Josh_Williams/Scoring_5May/Mark/_DSC8787.tif,2,4,2,2,3,1,1722,1930,2692,2900
/Volumes/shared/Research-Groups/Mark-Banfield/Josh_Williams/Scoring_5May/Mark/_DSC8787.tif,2,4,2,2,4,3,1720,2006,2907,3193
/Volumes/shared/Research-Groups/Mark-Banfield/Josh_Williams/Scoring_5May/Mark/_DSC8787.tif,2,4,2,2,5,3,2079,2313,2838,3072
/Volumes/shared/Research-Groups/Mark-Banfield/Josh_Williams/Scoring_5May/Mark/_DSC8787.tif,2,4,2,2,6,4,2172,2438,2657,2923
/Volumes/shared/Research-Groups/Mark-Banfield/Josh_Williams/Scoring_5May/Mark/_DSC8787.tif,2,4,2,2,7,1,2140,2330,2559,2749
/Volumes/shared/Research-Groups/Mark-Banfield/Josh_Williams/Scoring_5May/Mark/_DSC8787.tif,2,4,2,2,8,4,2044,2248,2332,2536
/Volumes/shared/Research-Groups/Mark-Banfield/Josh_Williams/Scoring_5May/Mark/_DSC8787.tif,2,4,2,3,1,5,3129,3333,2196,2400
/Volumes/shared/Research-Groups/Mark-Banfield/Josh_Williams/Scoring_5May/Mark/_DSC8787.tif,2,4,2,3,2,5,3046,3256,2329,2539
/Volumes/shared/Research-Groups/Mark-Banfield/Josh_Williams/Scoring_5May/Mark/_DSC8787.tif,2,4,2,3,3,5,2952,3212,2485,2745
/Volumes/shared/Research-Groups/Mark-Banfield/Josh_Williams/Scoring_5May/Mark/_DSC8787.tif,2,4,2,3,4,3,3098,3288,2711,2901
/Volumes/shared/Research-Groups/Mark-Banfield/Josh_Williams/Scoring_5May/Mark/_DSC8787.tif,2,4,2,3,5,6,3440,3644,2754,2958
/Volumes/shared/Research-Groups/Mark-Banfield/Josh_Williams/Scoring_5May/Mark/_DSC8787.tif,2,4,2,3,6,4,3560,3758,2554,2752
/Volumes/shared/Research-Groups/Mark-Banfield/Josh_Williams/Scoring_5May/Mark/_DSC8787.tif,2,4,2,3,7,4,3488,3730,2336,2578
/Volumes/shared/Research-Groups/Mark-Banfield/Josh_Williams/Scoring_5May/Mark/_DSC8787.tif,2,4,2,3,8,5,3326,3548,2200,2422
/Volumes/shared/Research-Groups/Mark-Banfield/Josh_Williams/Scoring_5May/Mark/_DSC0764.tif,3,3,1,2,1,2,1914,2162,995,1243
/Volumes/shared/Research-Groups/Mark-Banfield/Josh_Williams/Scoring_5May/Mark/_DSC0764.tif,3,3,1,2,2,2,1724,2048,1228,1552
/Volumes/shared/Research-Groups/Mark-Banfield/Josh_Williams/Scoring_5May/Mark/_DSC0764.tif,3,3,1,2,3,2,2056,2172,1875,1991
/Volumes/shared/Research-Groups/Mark-Banfield/Josh_Williams/Scoring_5May/Mark/_DSC0764.tif,3,3,2,1,1,1,1096,1334,2085,2323
/Volumes/shared/Research-Groups/Mark-Banfield/Josh_Williams/Scoring_5May/Mark/_DSC0764.tif,3,3,2,1,2,2,863,1243,2324,2704
/Volumes/shared/Research-Groups/Mark-Banfield/Josh_Williams/Scoring_5May/Mark/_DSC0764.tif,3,3,2,1,3,2,933,1267,2742,3076
/Volumes/shared/Research-Groups/Mark-Banfield/Josh_Williams/Scoring_5May/Mark/_DSC0764.tif,3,3,2,3,4,2,2980,3324,3122,3466
/Volumes/shared/Research-Groups/Mark-Banfield/Josh_Williams/Scoring_5May/Mark/_DSC0764.tif,3,3,2,3,5,3,3008,3418,2704,3114
/Volumes/shared/Research-Groups/Mark-Banfield/Josh_Williams/Scoring_5May/Mark/_DSC0764.tif,3,3,2,3,6,2,2808,3180,2337,2709
/Volumes/shared/Research-Groups/Mark-Banfield/Josh_Williams/Scoring_5May/Mark/_DSC0764.tif,3,3,3,1,4,1,1504,1924,4522,4942
/Volumes/shared/Research-Groups/Mark-Banfield/Josh_Williams/Scoring_5May/Mark/_DSC0764.tif,3,3,3,1,5,3,1490,1862,4112,4484
/Volumes/shared/Research-Groups/Mark-Banfield/Josh_Williams/Scoring_5May/Mark/_DSC0764.tif,3,3,3,1,6,2,1395,1747,3770,4122
/Volumes/shared/Research-Groups/Mark-Banfield/Josh_Williams/Scoring_5May/Mark/_DSC0764.tif,3,3,3,3,4,2,2942,3390,4645,5093
/Volumes/shared/Research-Groups/Mark-Banfield/Josh_Williams/Scoring_5May/Mark/_DSC0764.tif,3,3,3,3,5,3,2947,3281,4274,4608
/Volumes/shared/Research-Groups/Mark-Banfield/Josh_Williams/Scoring_5May/Mark/_DSC0764.tif,3,3,3,3,6,3,2952,3208,3971,4227
/Volumes/shared/Research-Groups/Mark-Banfield/Josh_Williams/Scoring_5May/Mark/_DSC0139.tif,2,4,1,1,1,2,814,1054,795,1035
/Volumes/shared/Research-Groups/Mark-Banfield/Josh_Williams/Scoring_5May/Mark/_DSC0139.tif,2,4,1,1,2,0,668,972,959,1263
/Volumes/shared/Research-Groups/Mark-Banfield/Josh_Williams/Scoring_5May/Mark/_DSC0139.tif,2,4,1,1,3,0,674,928,1188,1442
/Volumes/shared/Research-Groups/Mark-Banfield/Josh_Williams/Scoring_5May/Mark/_DSC0139.tif,2,4,1,1,4,0,832,1060,1362,1590
/Volumes/shared/Research-Groups/Mark-Banfield/Josh_Williams/Scoring_5May/Mark/_DSC0139.tif,2,4,1,1,5,3,1124,1328,1390,1594
/Volumes/shared/Research-Groups/Mark-Banfield/Josh_Williams/Scoring_5May/Mark/_DSC0139.tif,2,4,1,1,6,0,1136,1442,1124,1430
/Volumes/shared/Research-Groups/Mark-Banfield/Josh_Williams/Scoring_5May/Mark/_DSC0139.tif,2,4,1,1,7,0,1159,1369,914,1124
/Volumes/shared/Research-Groups/Mark-Banfield/Josh_Williams/Scoring_5May/Mark/_DSC0139.tif,2,4,1,1,8,0,1054,1290,727,963
/Volumes/shared/Research-Groups/Mark-Banfield/Josh_Williams/Scoring_5May/Mark/_DSC0139.tif,2,4,1,2,1,1,1848,2070,674,896
/Volumes/shared/Research-Groups/Mark-Banfield/Josh_Williams/Scoring_5May/Mark/_DSC0139.tif,2,4,1,2,2,0,1720,1956,806,1042
/Volumes/shared/Research-Groups/Mark-Banfield/Josh_Williams/Scoring_5May/Mark/_DSC0139.tif,2,4,1,2,3,0,1625,1873,1010,1258
/Volumes/shared/Research-Groups/Mark-Banfield/Josh_Williams/Scoring_5May/Mark/_DSC0139.tif,2,4,1,2,4,0,1702,1854,1299,1451
/Volumes/shared/Research-Groups/Mark-Banfield/Josh_Williams/Scoring_5May/Mark/_DSC0139.tif,2,4,1,2,5,5,2102,2298,1299,1495
/Volumes/shared/Research-Groups/Mark-Banfield/Josh_Williams/Scoring_5May/Mark/_DSC0139.tif,2,4,1,2,6,0,2152,2432,1086,1366
/Volumes/shared/Research-Groups/Mark-Banfield/Josh_Williams/Scoring_5May/Mark/_DSC0139.tif,2,4,1,2,7,0,2196,2400,930,1134
/Volumes/shared/Research-Groups/Mark-Banfield/Josh_Williams/Scoring_5May/Mark/_DSC0139.tif,2,4,1,2,8,0,2082,2298,712,928
/Volumes/shared/Research-Groups/Mark-Banfield/Josh_Williams/Scoring_5May/Mark/_DSC0139.tif,2,4,1,3,1,0,3440,3682,597,839
/Volumes/shared/Research-Groups/Mark-Banfield/Josh_Williams/Scoring_5May/Mark/_DSC0139.tif,2,4,1,3,2,1,3332,3554,800,1022
/Volumes/shared/Research-Groups/Mark-Banfield/Josh_Williams/Scoring_5May/Mark/_DSC0139.tif,2,4,1,3,3,0,3320,3574,985,1239
/Volumes/shared/Research-Groups/Mark-Banfield/Josh_Williams/Scoring_5May/Mark/_DSC0139.tif,2,4,1,3,4,0,3414,3630,1184,1400
/Volumes/shared/Research-Groups/Mark-Banfield/Josh_Williams/Scoring_5May/Mark/_DSC0139.tif,2,4,1,3,5,0,3744,3992,1175,1423
/Volumes/shared/Research-Groups/Mark-Banfield/Josh_Williams/Scoring_5May/Mark/_DSC0139.tif,2,4,1,3,6,4,3866,4106,1020,1260
/Volumes/shared/Research-Groups/Mark-Banfield/Josh_Williams/Scoring_5May/Mark/_DSC0139.tif,2,4,1,3,7,0,3802,4126,756,1080
/Volumes/shared/Research-Groups/Mark-Banfield/Josh_Williams/Scoring_5May/Mark/_DSC0139.tif,2,4,1,3,8,1,3700,3922,610,832
/Volumes/shared/Research-Groups/Mark-Banfield/Josh_Williams/Scoring_5May/Mark/_DSC0139.tif,2,4,1,4,1,0,4474,4716,708,950
/Volumes/shared/Research-Groups/Mark-Banfield/Josh_Williams/Scoring_5May/Mark/_DSC0139.tif,2,4,1,4,2,1,4367,4615,838,1086
/Volumes/shared/Research-Groups/Mark-Banfield/Josh_Williams/Scoring_5May/Mark/_DSC0139.tif,2,4,1,4,3,0,4348,4620,1023,1295
/Volumes/shared/Research-Groups/Mark-Banfield/Josh_Williams/Scoring_5May/Mark/_DSC0139.tif,2,4,1,4,4,0,4410,4646,1181,1417
/Volumes/shared/Research-Groups/Mark-Banfield/Josh_Williams/Scoring_5May/Mark/_DSC0139.tif,2,4,1,4,5,0,4716,4938,1226,1448
/Volumes/shared/Research-Groups/Mark-Banfield/Josh_Williams/Scoring_5May/Mark/_DSC0139.tif,2,4,1,4,6,6,4868,5096,1092,1320
/Volumes/shared/Research-Groups/Mark-Banfield/Josh_Williams/Scoring_5May/Mark/_DSC0139.tif,2,4,1,4,7,0,4836,5084,864,1112
/Volumes/shared/Research-Groups/Mark-Banfield/Josh_Williams/Scoring_5May/Mark/_DSC0139.tif,2,4,1,4,8,2,4748,4924,684,860
/Volumes/shared/Research-Groups/Mark-Banfield/Josh_Williams/Scoring_5May/Mark/_DSC0139.tif,2,4,2,1,1,0,928,1118,2076,2266
/Volumes/shared/Research-Groups/Mark-Banfield/Josh_Williams/Scoring_5May/Mark/_DSC0139.tif,2,4,2,1,2,0,750,1028,2191,2469
/Volumes/shared/Research-Groups/Mark-Banfield/Josh_Williams/Scoring_5May/Mark/_DSC0139.tif,2,4,2,1,3,1,668,940,2393,2665
/Volumes/shared/Research-Groups/Mark-Banfield/Josh_Williams/Scoring_5May/Mark/_DSC0139.tif,2,4,2,1,4,0,718,946,2730,2958
/Volumes/shared/Research-Groups/Mark-Banfield/Josh_Williams/Scoring_5May/Mark/_DSC0139.tif,2,4,2,1,5,0,1168,1448,2666,2946
/Volumes/shared/Research-Groups/Mark-Banfield/Josh_Williams/Scoring_5May/Mark/_DSC0139.tif,2,4,2,1,6,0,1212,1442,2494,2724
/Volumes/shared/Research-Groups/Mark-Banfield/Josh_Williams/Scoring_5May/Mark/_DSC0139.tif,2,4,2,1,7,6,1220,1384,2311,2475
/Volumes/shared/Research-Groups/Mark-Banfield/Josh_Williams/Scoring_5May/Mark/_DSC0139.tif,2,4,2,1,8,0,1118,1352,2099,2333
/Volumes/shared/Research-Groups/Mark-Banfield/Josh_Williams/Scoring_5May/Mark/_DSC0139.tif,2,4,2,2,1,1,1864,2080,1980,2196
/Volumes/shared/Research-Groups/Mark-Banfield/Josh_Williams/Scoring_5May/Mark/_DSC0139.tif,2,4,2,2,2,0,1765,1937,2126,2298
/Volumes/shared/Research-Groups/Mark-Banfield/Josh_Williams/Scoring_5May/Mark/_DSC0139.tif,2,4,2,2,3,1,1682,1918,2326,2562
/Volumes/shared/Research-Groups/Mark-Banfield/Josh_Williams/Scoring_5May/Mark/_DSC0139.tif,2,4,2,2,4,0,1764,1988,2583,2807
/Volumes/shared/Research-Groups/Mark-Banfield/Josh_Williams/Scoring_5May/Mark/_DSC0139.tif,2,4,2,2,5,0,2070,2286,2602,2818
/Volumes/shared/Research-Groups/Mark-Banfield/Josh_Williams/Scoring_5May/Mark/_DSC0139.tif,2,4,2,2,6,0,2234,2508,2422,2696
/Volumes/shared/Research-Groups/Mark-Banfield/Josh_Williams/Scoring_5May/Mark/_DSC0139.tif,2,4,2,2,7,5,2164,2424,2184,2444
/Volumes/shared/Research-Groups/Mark-Banfield/Josh_Williams/Scoring_5May/Mark/_DSC0139.tif,2,4,2,2,8,0,2117,2333,2000,2216
/Volumes/shared/Research-Groups/Mark-Banfield/Josh_Williams/Scoring_5May/Mark/_DSC0139.tif,2,4,2,3,1,0,3268,3472,1974,2178
/Volumes/shared/Research-Groups/Mark-Banfield/Josh_Williams/Scoring_5May/Mark/_DSC0139.tif,2,4,2,3,2,0,3218,3420,2178,2380
/Volumes/shared/Research-Groups/Mark-Banfield/Josh_Williams/Scoring_5May/Mark/_DSC0139.tif,2,4,2,3,3,0,3186,3422,2421,2657
/Volumes/shared/Research-Groups/Mark-Banfield/Josh_Williams/Scoring_5May/Mark/_DSC0139.tif,2,4,2,3,4,0,3238,3484,2619,2865
/Volumes/shared/Research-Groups/Mark-Banfield/Josh_Williams/Scoring_5May/Mark/_DSC0139.tif,2,4,2,3,5,0,3726,3928,2584,2786
/Volumes/shared/Research-Groups/Mark-Banfield/Josh_Williams/Scoring_5May/Mark/_DSC0139.tif,2,4,2,3,6,0,3764,3986,2349,2571
/Volumes/shared/Research-Groups/Mark-Banfield/Josh_Williams/Scoring_5May/Mark/_DSC0139.tif,2,4,2,3,7,0,3624,3904,2107,2387
/Volumes/shared/Research-Groups/Mark-Banfield/Josh_Williams/Scoring_5May/Mark/_DSC0139.tif,2,4,2,3,8,5,3504,3744,1899,2139
/Volumes/shared/Research-Groups/Mark-Banfield/Josh_Williams/Scoring_5May/Mark/_DSC0139.tif,2,4,2,4,1,0,4335,4595,2064,2324
/Volumes/shared/Research-Groups/Mark-Banfield/Josh_Williams/Scoring_5May/Mark/_DSC0139.tif,2,4,2,4,2,0,4334,4564,2253,2483
/Volumes/shared/Research-Groups/Mark-Banfield/Josh_Williams/Scoring_5May/Mark/_DSC0139.tif,2,4,2,4,3,0,4240,4506,2488,2754
/Volumes/shared/Research-Groups/Mark-Banfield/Josh_Williams/Scoring_5May/Mark/_DSC0139.tif,2,4,2,4,4,0,4722,4880,2555,2713
/Volumes/shared/Research-Groups/Mark-Banfield/Josh_Williams/Scoring_5May/Mark/_DSC0139.tif,2,4,2,4,5,0,4848,5026,2348,2526
/Volumes/shared/Research-Groups/Mark-Banfield/Josh_Williams/Scoring_5May/Mark/_DSC0139.tif,2,4,2,4,6,0,4754,4964,2120,2330
/Volumes/shared/Research-Groups/Mark-Banfield/Josh_Williams/Scoring_5May/Mark/_DSC0139.tif,2,4,2,4,7,0,4782,4992,2126,2336
/Volumes/shared/Research-Groups/Mark-Banfield/Josh_Williams/Scoring_5May/Mark/_DSC0139.tif,2,4,2,4,8,6,4626,4868,1962,2204
/Volumes/shared/Research-Groups/Mark-Banfield/Josh_Williams/Scoring_5May/Mark/_DSC0138.tif,2,4,1,1,1,5,756,960,841,1045
/Volumes/shared/Research-Groups/Mark-Banfield/Josh_Williams/Scoring_5May/Mark/_DSC0138.tif,2,4,1,1,2,0,622,870,968,1216
/Volumes/shared/Research-Groups/Mark-Banfield/Josh_Williams/Scoring_5May/Mark/_DSC0138.tif,2,4,1,1,3,0,584,820,1187,1423
/Volumes/shared/Research-Groups/Mark-Banfield/Josh_Williams/Scoring_5May/Mark/_DSC0138.tif,2,4,1,1,4,0,610,806,1480,1676
/Volumes/shared/Research-Groups/Mark-Banfield/Josh_Williams/Scoring_5May/Mark/_DSC0138.tif,2,4,1,1,5,0,1136,1404,1336,1604
/Volumes/shared/Research-Groups/Mark-Banfield/Josh_Williams/Scoring_5May/Mark/_DSC0138.tif,2,4,1,1,6,0,1443,1505,1290,1352
/Volumes/shared/Research-Groups/Mark-Banfield/Josh_Williams/Scoring_5May/Mark/_DSC0138.tif,2,4,1,1,7,0,1051,1299,870,1118
/Volumes/shared/Research-Groups/Mark-Banfield/Josh_Williams/Scoring_5May/Mark/_DSC0138.tif,2,4,1,1,8,0,960,1156,734,930
/Volumes/shared/Research-Groups/Mark-Banfield/Josh_Williams/Scoring_5May/Mark/_DSC0138.tif,2,4,1,2,1,5,1936,2108,842,1014
/Volumes/shared/Research-Groups/Mark-Banfield/Josh_Williams/Scoring_5May/Mark/_DSC0138.tif,2,4,1,2,2,0,1796,2026,930,1160
/Volumes/shared/Research-Groups/Mark-Banfield/Josh_Williams/Scoring_5May/Mark/_DSC0138.tif,2,4,1,2,3,0,1702,1898,1124,1320
/Volumes/shared/Research-Groups/Mark-Banfield/Josh_Williams/Scoring_5May/Mark/_DSC0138.tif,2,4,1,2,4,0,1682,1948,1410,1676
/Volumes/shared/Research-Groups/Mark-Banfield/Josh_Williams/Scoring_5May/Mark/_DSC0138.tif,2,4,1,2,5,0,2240,2400,1479,1639
/Volumes/shared/Research-Groups/Mark-Banfield/Josh_Williams/Scoring_5May/Mark/_DSC0138.tif,2,4,1,2,6,0,2362,2514,1276,1428
/Volumes/shared/Research-Groups/Mark-Banfield/Josh_Williams/Scoring_5May/Mark/_DSC0138.tif,2,4,1,2,7,0,2190,2456,976,1242
/Volumes/shared/Research-Groups/Mark-Banfield/Josh_Williams/Scoring_5May/Mark/_DSC0138.tif,2,4,1,2,8,0,2178,2298,858,978
/Volumes/shared/Research-Groups/Mark-Banfield/Josh_Williams/Scoring_5May/Mark/_DSC0138.tif,2,4,1,3,1,0,3268,3460,832,1024
/Volumes/shared/Research-Groups/Mark-Banfield/Josh_Williams/Scoring_5May/Mark/_DSC0138.tif,2,4,1,3,2,5,3122,3414,966,1258
/Volumes/shared/Research-Groups/Mark-Banfield/Josh_Williams/Scoring_5May/Mark/_DSC0138.tif,2,4,1,3,3,0,3072,3320,1168,1416
/Volumes/shared/Research-Groups/Mark-Banfield/Josh_Williams/Scoring_5May/Mark/_DSC0138.tif,2,4,1,3,4,0,3092,3218,1476,1602
/Volumes/shared/Research-Groups/Mark-Banfield/Josh_Williams/Scoring_5May/Mark/_DSC0138.tif,2,4,1,3,5,0,3484,3732,1486,1734
/Volumes/shared/Research-Groups/Mark-Banfield/Josh_Williams/Scoring_5May/Mark/_DSC0138.tif,2,4,1,3,6,0,3528,3752,1276,1500
/Volumes/shared/Research-Groups/Mark-Banfield/Josh_Williams/Scoring_5May/Mark/_DSC0138.tif,2,4,1,3,7,0,3536,3706,1048,1218
/Volumes/shared/Research-Groups/Mark-Banfield/Josh_Williams/Scoring_5May/Mark/_DSC0138.tif,2,4,1,3,8,0,3472,3668,820,1016
/Volumes/shared/Research-Groups/Mark-Banfield/Josh_Williams/Scoring_5May/Mark/_DSC0138.tif,2,4,1,4,1,0,4144,4366,829,1051
/Volumes/shared/Research-Groups/Mark-Banfield/Josh_Williams/Scoring_5May/Mark/_DSC0138.tif,2,4,1,4,2,3,4089,4335,1068,1314
/Volumes/shared/Research-Groups/Mark-Banfield/Josh_Williams/Scoring_5May/Mark/_DSC0138.tif,2,4,1,4,3,0,4050,4246,1334,1530
/Volumes/shared/Research-Groups/Mark-Banfield/Josh_Williams/Scoring_5May/Mark/_DSC0138.tif,2,4,1,4,4,0,4132,4328,1530,1726
/Volumes/shared/Research-Groups/Mark-Banfield/Josh_Williams/Scoring_5May/Mark/_DSC0138.tif,2,4,1,4,5,0,4609,4919,1448,1758
/Volumes/shared/Research-Groups/Mark-Banfield/Josh_Williams/Scoring_5May/Mark/_DSC0138.tif,2,4,1,4,6,0,4614,4766,1264,1416
/Volumes/shared/Research-Groups/Mark-Banfield/Josh_Williams/Scoring_5May/Mark/_DSC0138.tif,2,4,1,4,7,0,4602,4836,979,1213
/Volumes/shared/Research-Groups/Mark-Banfield/Josh_Williams/Scoring_5May/Mark/_DSC0138.tif,2,4,1,4,8,0,4462,4626,801,965
/Volumes/shared/Research-Groups/Mark-Banfield/Josh_Williams/Scoring_5May/Mark/_DSC0138.tif,2,4,2,1,1,0,674,960,2072,2358
/Volumes/shared/Research-Groups/Mark-Banfield/Josh_Williams/Scoring_5May/Mark/_DSC0138.tif,2,4,2,1,2,0,496,806,2238,2548
/Volumes/shared/Research-Groups/Mark-Banfield/Josh_Williams/Scoring_5May/Mark/_DSC0138.tif,2,4,2,1,3,4,560,794,2527,2761
/Volumes/shared/Research-Groups/Mark-Banfield/Josh_Williams/Scoring_5May/Mark/_DSC0138.tif,2,4,2,1,4,0,674,908,2764,2998
/Volumes/shared/Research-Groups/Mark-Banfield/Josh_Williams/Scoring_5May/Mark/_DSC0138.tif,2,4,2,1,5,0,1042,1264,2844,3066
/Volumes/shared/Research-Groups/Mark-Banfield/Josh_Williams/Scoring_5May/Mark/_DSC0138.tif,2,4,2,1,6,0,1124,1334,2612,2822
/Volumes/shared/Research-Groups/Mark-Banfield/Josh_Williams/Scoring_5May/Mark/_DSC0138.tif,2,4,2,1,7,1,1054,1290,2352,2588
/Volumes/shared/Research-Groups/Mark-Banfield/Josh_Williams/Scoring_5May/Mark/_DSC0138.tif,2,4,2,1,8,0,978,1200,2130,2352
/Volumes/shared/Research-Groups/Mark-Banfield/Josh_Williams/Scoring_5May/Mark/_DSC0138.tif,2,4,2,2,1,0,1892,2070,2117,2295
/Volumes/shared/Research-Groups/Mark-Banfield/Josh_Williams/Scoring_5May/Mark/_DSC0138.tif,2,4,2,2,2,0,1714,1968,2260,2514
/Volumes/shared/Research-Groups/Mark-Banfield/Josh_Williams/Scoring_5May/Mark/_DSC0138.tif,2,4,2,2,3,5,1720,1950,2551,2781
/Volumes/shared/Research-Groups/Mark-Banfield/Josh_Williams/Scoring_5May/Mark/_DSC0138.tif,2,4,2,2,4,0,1842,2038,2777,2973
/Volumes/shared/Research-Groups/Mark-Banfield/Josh_Williams/Scoring_5May/Mark/_DSC0138.tif,2,4,2,2,5,0,2320,2340,2926,2946
/Volumes/shared/Research-Groups/Mark-Banfield/Josh_Williams/Scoring_5May/Mark/_DSC0138.tif,2,4,2,2,6,0,2304,2456,2644,2796
/Volumes/shared/Research-Groups/Mark-Banfield/Josh_Williams/Scoring_5May/Mark/_DSC0138.tif,2,4,2,2,7,0,2400,2400,2470,2470
/Volumes/shared/Research-Groups/Mark-Banfield/Josh_Williams/Scoring_5May/Mark/_DSC0138.tif,2,4,2,2,8,0,2184,2394,2161,2371
/Volumes/shared/Research-Groups/Mark-Banfield/Josh_Williams/Scoring_5May/Mark/_DSC0138.tif,2,4,2,3,1,0,3078,3218,2215,2355
/Volumes/shared/Research-Groups/Mark-Banfield/Josh_Williams/Scoring_5May/Mark/_DSC0138.tif,2,4,2,3,2,0,2993,3189,2362,2558
/Volumes/shared/Research-Groups/Mark-Banfield/Josh_Williams/Scoring_5May/Mark/_DSC0138.tif,2,4,2,3,3,0,2952,3142,2558,2748
/Volumes/shared/Research-Groups/Mark-Banfield/Josh_Williams/Scoring_5May/Mark/_DSC0138.tif,2,4,2,3,4,6,3034,3244,2726,2936
/Volumes/shared/Research-Groups/Mark-Banfield/Josh_Williams/Scoring_5May/Mark/_DSC0138.tif,2,4,2,3,5,0,3463,3653,2832,3022
/Volumes/shared/Research-Groups/Mark-Banfield/Josh_Williams/Scoring_5May/Mark/_DSC0138.tif,2,4,2,3,6,0,3541,3733,2646,2838
/Volumes/shared/Research-Groups/Mark-Banfield/Josh_Williams/Scoring_5May/Mark/_DSC0138.tif,2,4,2,3,7,0,3528,3782,2405,2659
/Volumes/shared/Research-Groups/Mark-Banfield/Josh_Williams/Scoring_5May/Mark/_DSC0138.tif,2,4,2,3,8,1,3319,3529,2190,2400
/Volumes/shared/Research-Groups/Mark-Banfield/Josh_Williams/Scoring_5May/Mark/_DSC0138.tif,2,4,2,4,1,0,4208,4296,2149,2237
/Volumes/shared/Research-Groups/Mark-Banfield/Josh_Williams/Scoring_5May/Mark/_DSC0138.tif,2,4,2,4,2,0,4074,4266,2252,2444
/Volumes/shared/Research-Groups/Mark-Banfield/Josh_Williams/Scoring_5May/Mark/_DSC0138.tif,2,4,2,4,3,0,3989,4167,2546,2724
/Volumes/shared/Research-Groups/Mark-Banfield/Josh_Williams/Scoring_5May/Mark/_DSC0138.tif,2,4,2,4,4,4,4061,4297,2792,3028
/Volumes/shared/Research-Groups/Mark-Banfield/Josh_Williams/Scoring_5May/Mark/_DSC0138.tif,2,4,2,4,5,0,4468,4702,2790,3024
/Volumes/shared/Research-Groups/Mark-Banfield/Josh_Williams/Scoring_5May/Mark/_DSC0138.tif,2,4,2,4,6,0,4567,4769,2584,2786
/Volumes/shared/Research-Groups/Mark-Banfield/Josh_Williams/Scoring_5May/Mark/_DSC0138.tif,2,4,2,4,7,0,4532,4702,2286,2456
/Volumes/shared/Research-Groups/Mark-Banfield/Josh_Williams/Scoring_5May/Mark/_DSC0138.tif,2,4,2,4,8,1,4342,4576,2086,2320
/Volumes/shared/Research-Groups/Mark-Banfield/Josh_Williams/Scoring_5May/Mark/_DSC1332.TIF,3,3,1,2,1,4,1420,1704,482,766
/Volumes/shared/Research-Groups/Mark-Banfield/Josh_Williams/Scoring_5May/Mark/_DSC1332.TIF,3,3,1,2,2,6,1372,1724,725,1077
/Volumes/shared/Research-Groups/Mark-Banfield/Josh_Williams/Scoring_5May/Mark/_DSC1332.TIF,3,3,1,2,3,5,1438,1704,1077,1343
/Volumes/shared/Research-Groups/Mark-Banfield/Josh_Williams/Scoring_5May/Mark/_DSC1332.TIF,3,3,1,2,5,4,1848,2210,638,1000
/Volumes/shared/Research-Groups/Mark-Banfield/Josh_Williams/Scoring_5May/Mark/_DSC1332.TIF,3,3,2,1,1,4,638,944,1775,2081
/Volumes/shared/Research-Groups/Mark-Banfield/Josh_Williams/Scoring_5May/Mark/_DSC1332.TIF,3,3,2,1,2,3,676,1068,2042,2434
/Volumes/shared/Research-Groups/Mark-Banfield/Josh_Williams/Scoring_5May/Mark/_DSC1332.TIF,3,3,2,1,3,2,648,1058,2400,2810
/Volumes/shared/Research-Groups/Mark-Banfield/Josh_Williams/Scoring_5May/Mark/_DSC1332.TIF,3,3,2,1,6,3,972,1248,1658,1934
/Volumes/shared/Research-Groups/Mark-Banfield/Josh_Williams/Scoring_5May/Mark/_DSC1332.TIF,3,3,2,3,1,4,2172,2562,1871,2261
/Volumes/shared/Research-Groups/Mark-Banfield/Josh_Williams/Scoring_5May/Mark/_DSC1332.TIF,3,3,2,3,2,5,2104,2590,2147,2633
/Volumes/shared/Research-Groups/Mark-Banfield/Josh_Williams/Scoring_5May/Mark/_DSC1332.TIF,3,3,2,3,3,3,2180,2600,2513,2933
/Volumes/shared/Research-Groups/Mark-Banfield/Josh_Williams/Scoring_5May/Mark/_DSC1332.TIF,3,3,2,3,5,5,2732,3238,1956,2462
/Volumes/shared/Research-Groups/Mark-Banfield/Josh_Williams/Scoring_5May/Mark/_DSC1332.TIF,3,3,3,1,1,5,772,1296,3289,3813
/Volumes/shared/Research-Groups/Mark-Banfield/Josh_Williams/Scoring_5May/Mark/_DSC1332.TIF,3,3,3,1,4,1,1386,1870,4028,4512
/Volumes/shared/Research-Groups/Mark-Banfield/Josh_Williams/Scoring_5May/Mark/_DSC1332.TIF,3,3,3,1,5,2,1334,1856,3476,3998
/Volumes/shared/Research-Groups/Mark-Banfield/Josh_Williams/Scoring_5May/Mark/_DSC1332.TIF,3,3,3,3,1,4,2266,2628,3470,3832
/Volumes/shared/Research-Groups/Mark-Banfield/Josh_Williams/Scoring_5May/Mark/_DSC1332.TIF,3,3,3,3,2,3,2090,2472,3722,4104
/Volumes/shared/Research-Groups/Mark-Banfield/Josh_Williams/Scoring_5May/Mark/_DSC1332.TIF,3,3,3,3,3,3,2094,2514,4117,4537
/Volumes/shared/Research-Groups/Mark-Banfield/Josh_Williams/Scoring_5May/Mark/_DSC1332.TIF,3,3,3,3,6,3,2585,2851,3456,3722
/Volumes/shared/Research-Groups/Mark-Banfield/Josh_Williams/Scoring_5May/Mark/DSC_9240.TIF,3,3,1,1,3,4,444,798,839,1193
/Volumes/shared/Research-Groups/Mark-Banfield/Josh_Williams/Scoring_5May/Mark/DSC_9240.TIF,3,3,1,1,4,4,1000,1346,840,1186
/Volumes/shared/Research-Groups/Mark-Banfield/Josh_Williams/Scoring_5May/Mark/DSC_9240.TIF,3,3,1,1,5,4,1028,1336,515,823
/Volumes/shared/Research-Groups/Mark-Banfield/Josh_Williams/Scoring_5May/Mark/DSC_9240.TIF,3,3,1,1,6,4,904,1262,142,500
/Volumes/shared/Research-Groups/Mark-Banfield/Josh_Williams/Scoring_5May/Mark/DSC_9240.TIF,3,3,1,3,1,4,3500,3848,169,517
/Volumes/shared/Research-Groups/Mark-Banfield/Josh_Williams/Scoring_5May/Mark/DSC_9240.TIF,3,3,1,3,2,3,3354,3668,447,761
/Volumes/shared/Research-Groups/Mark-Banfield/Josh_Williams/Scoring_5May/Mark/DSC_9240.TIF,3,3,1,3,3,3,3376,3624,783,1031
/Volumes/shared/Research-Groups/Mark-Banfield/Josh_Williams/Scoring_5May/Mark/DSC_9240.TIF,3,3,1,3,6,3,3880,4218,149,487
/Volumes/shared/Research-Groups/Mark-Banfield/Josh_Williams/Scoring_5May/Mark/DSC_9240.TIF,3,3,2,2,1,1,2138,2496,834,1192
/Volumes/shared/Research-Groups/Mark-Banfield/Josh_Williams/Scoring_5May/Mark/DSC_9240.TIF,3,3,2,2,2,0,2067,2325,1302,1560
/Volumes/shared/Research-Groups/Mark-Banfield/Josh_Williams/Scoring_5May/Mark/DSC_9240.TIF,3,3,2,2,3,3,2070,2372,1568,1870
/Volumes/shared/Research-Groups/Mark-Banfield/Josh_Williams/Scoring_5May/Mark/DSC_9240.TIF,3,3,2,2,4,2,2698,2984,1518,1804
/Volumes/shared/Research-Groups/Mark-Banfield/Josh_Williams/Scoring_5May/Mark/DSC_9240.TIF,3,3,3,1,2,1,690,1088,1796,2194
/Volumes/shared/Research-Groups/Mark-Banfield/Josh_Williams/Scoring_5May/Mark/DSC_9240.TIF,3,3,3,1,4,1,1414,1846,2084,2516
/Volumes/shared/Research-Groups/Mark-Banfield/Josh_Williams/Scoring_5May/Mark/DSC_9240.TIF,3,3,3,1,5,2,1481,1779,1834,2132
/Volumes/shared/Research-Groups/Mark-Banfield/Josh_Williams/Scoring_5May/Mark/DSC_9240.TIF,3,3,3,1,6,1,1312,1762,1463,1913
/Volumes/shared/Research-Groups/Mark-Banfield/Josh_Williams/Scoring_5May/Mark/DSC_9240.TIF,3,3,3,3,1,1,3230,3494,1669,1933
/Volumes/shared/Research-Groups/Mark-Banfield/Josh_Williams/Scoring_5May/Mark/DSC_9240.TIF,3,3,3,3,2,1,3090,3416,2036,2362
/Volumes/shared/Research-Groups/Mark-Banfield/Josh_Williams/Scoring_5May/Mark/DSC_9240.TIF,3,3,3,3,3,3,3034,3342,2331,2639
/Volumes/shared/Research-Groups/Mark-Banfield/Josh_Williams/Scoring_5May/Mark/DSC_9240.TIF,3,3,3,3,4,2,3757,4077,2378,2698
/Volumes/shared/Research-Groups/Mark-Banfield/Josh_Williams/Scoring_5May/Mark/DSC_9241.TIF,3,3,1,1,2,3,410,758,430,778
/Volumes/shared/Research-Groups/Mark-Banfield/Josh_Williams/Scoring_5May/Mark/DSC_9241.TIF,3,3,1,1,4,3,1234,1398,892,1056
/Volumes/shared/Research-Groups/Mark-Banfield/Josh_Williams/Scoring_5May/Mark/DSC_9241.TIF,3,3,1,1,5,3,1072,1402,428,758
/Volumes/shared/Research-Groups/Mark-Banfield/Josh_Williams/Scoring_5May/Mark/DSC_9241.TIF,3,3,1,1,6,3,926,1228,144,446
/Volumes/shared/Research-Groups/Mark-Banfield/Josh_Williams/Scoring_5May/Mark/DSC_9241.TIF,3,3,1,3,2,1,3432,3796,556,920
/Volumes/shared/Research-Groups/Mark-Banfield/Josh_Williams/Scoring_5May/Mark/DSC_9241.TIF,3,3,1,3,5,2,4420,4420,870,870
/Volumes/shared/Research-Groups/Mark-Banfield/Josh_Williams/Scoring_5May/Mark/DSC_9241.TIF,3,3,2,2,3,2,1800,2142,1375,1717
/Volumes/shared/Research-Groups/Mark-Banfield/Josh_Williams/Scoring_5May/Mark/DSC_9241.TIF,3,3,2,2,5,3,2395,2743,994,1342
/Volumes/shared/Research-Groups/Mark-Banfield/Josh_Williams/Scoring_5May/Mark/DSC_9241.TIF,3,3,2,2,6,3,2292,2576,686,970
/Volumes/shared/Research-Groups/Mark-Banfield/Josh_Williams/Scoring_5May/Mark/DSC_9241.TIF,3,3,3,1,1,4,1083,1391,1582,1890
/Volumes/shared/Research-Groups/Mark-Banfield/Josh_Williams/Scoring_5May/Mark/DSC_9241.TIF,3,3,3,1,2,3,836,1144,1768,2076
/Volumes/shared/Research-Groups/Mark-Banfield/Josh_Williams/Scoring_5May/Mark/DSC_9241.TIF,3,3,3,1,3,3,792,1084,2123,2415
/Volumes/shared/Research-Groups/Mark-Banfield/Josh_Williams/Scoring_5May/Mark/DSC_9241.TIF,3,3,3,3,1,3,3068,3416,1610,1958
/Volumes/shared/Research-Groups/Mark-Banfield/Josh_Williams/Scoring_5May/Mark/DSC_9241.TIF,3,3,3,3,2,3,2858,3228,1980,2350
/Volumes/shared/Research-Groups/Mark-Banfield/Josh_Williams/Scoring_5May/Mark/DSC_9241.TIF,3,3,3,3,3,2,2934,3304,2258,2628
/Volumes/shared/Research-Groups/Mark-Banfield/Josh_Williams/Scoring_5May/Mark/DSC_9241.TIF,3,3,3,3,4,4,3581,3879,2266,2564
/Volumes/shared/Research-Groups/Mark-Banfield/Josh_Williams/Scoring_5May/Mark/DSC_0215.TIF,3,3,1,1,1,2,472,726,1158,1412
/Volumes/shared/Research-Groups/Mark-Banfield/Josh_Williams/Scoring_5May/Mark/DSC_0215.TIF,3,3,1,1,2,2,406,658,1425,1677
/Volumes/shared/Research-Groups/Mark-Banfield/Josh_Williams/Scoring_5May/Mark/DSC_0215.TIF,3,3,1,1,3,3,464,734,1732,2002
/Volumes/shared/Research-Groups/Mark-Banfield/Josh_Williams/Scoring_5May/Mark/DSC_0215.TIF,3,3,1,1,4,2,936,1196,1602,1862
/Volumes/shared/Research-Groups/Mark-Banfield/Josh_Williams/Scoring_5May/Mark/DSC_0215.TIF,3,3,1,3,2,3,2242,2588,1071,1417
/Volumes/shared/Research-Groups/Mark-Banfield/Josh_Williams/Scoring_5May/Mark/DSC_0215.TIF,3,3,1,3,4,3,2680,2958,1399,1677
/Volumes/shared/Research-Groups/Mark-Banfield/Josh_Williams/Scoring_5May/Mark/DSC_0215.TIF,3,3,1,3,5,4,2672,2966,1076,1370
/Volumes/shared/Research-Groups/Mark-Banfield/Josh_Williams/Scoring_5May/Mark/DSC_0215.TIF,3,3,1,3,6,3,2646,2824,889,1067
/Volumes/shared/Research-Groups/Mark-Banfield/Josh_Williams/Scoring_5May/Mark/DSC_0215.TIF,3,3,2,2,1,0,1483,1703,2292,2512
/Volumes/shared/Research-Groups/Mark-Banfield/Josh_Williams/Scoring_5May/Mark/DSC_0215.TIF,3,3,2,2,2,3,1332,1636,2490,2794
/Volumes/shared/Research-Groups/Mark-Banfield/Josh_Williams/Scoring_5May/Mark/DSC_0215.TIF,3,3,2,2,3,3,1366,1636,2798,3068
/Volumes/shared/Research-Groups/Mark-Banfield/Josh_Williams/Scoring_5May/Mark/DSC_0215.TIF,3,3,2,2,5,2,1990,2284,2490,2784
/Volumes/shared/Research-Groups/Mark-Banfield/Josh_Williams/Scoring_5May/Mark/DSC_0215.TIF,3,3,3,1,1,3,600,894,3283,3577
/Volumes/shared/Research-Groups/Mark-Banfield/Josh_Williams/Scoring_5May/Mark/DSC_0215.TIF,3,3,3,1,2,5,498,810,3539,3851
/Volumes/shared/Research-Groups/Mark-Banfield/Josh_Williams/Scoring_5May/Mark/DSC_0215.TIF,3,3,3,1,3,4,485,713,3774,4002
/Volumes/shared/Research-Groups/Mark-Banfield/Josh_Williams/Scoring_5May/Mark/DSC_0215.TIF,3,3,3,1,5,3,936,1324,3454,3842
/Volumes/shared/Research-Groups/Mark-Banfield/Josh_Williams/Scoring_5May/Mark/DSC_0215.TIF,3,3,3,3,3,2,1972,2342,3838,4208
/Volumes/shared/Research-Groups/Mark-Banfield/Josh_Williams/Scoring_5May/Mark/DSC_0215.TIF,3,3,3,3,4,3,2617,2903,3884,4170
/Volumes/shared/Research-Groups/Mark-Banfield/Josh_Williams/Scoring_5May/Mark/DSC_0215.TIF,3,3,3,3,5,3,2588,2890,3586,3888
/Volumes/shared/Research-Groups/Mark-Banfield/Josh_Williams/Scoring_5May/Mark/DSC_0215.TIF,3,3,3,3,6,4,2575,2861,3346,3632
/Volumes/shared/Research-Groups/Mark-Banfield/Josh_Williams/Scoring_5May/Mark/DSC_0218.TIF,3,3,1,1,1,0,506,776,726,996
/Volumes/shared/Research-Groups/Mark-Banfield/Josh_Williams/Scoring_5May/Mark/DSC_0218.TIF,3,3,1,1,4,1,970,1290,1366,1686
/Volumes/shared/Research-Groups/Mark-Banfield/Josh_Williams/Scoring_5May/Mark/DSC_0218.TIF,3,3,1,1,5,2,822,1260,928,1366
/Volumes/shared/Research-Groups/Mark-Banfield/Josh_Williams/Scoring_5May/Mark/DSC_0218.TIF,3,3,1,1,6,3,844,1088,718,962
/Volumes/shared/Research-Groups/Mark-Banfield/Josh_Williams/Scoring_5May/Mark/DSC_0218.TIF,3,3,1,3,1,2,2224,2528,911,1215
/Volumes/shared/Research-Groups/Mark-Banfield/Josh_Williams/Scoring_5May/Mark/DSC_0218.TIF,3,3,1,3,2,2,2140,2546,1171,1577
/Volumes/shared/Research-Groups/Mark-Banfield/Josh_Williams/Scoring_5May/Mark/DSC_0218.TIF,3,3,1,3,5,0,2512,2908,789,1185
/Volumes/shared/Research-Groups/Mark-Banfield/Josh_Williams/Scoring_5May/Mark/DSC_0218.TIF,3,3,1,3,6,0,2554,2932,831,1209
/Volumes/shared/Research-Groups/Mark-Banfield/Josh_Williams/Scoring_5May/Mark/DSC_0218.TIF,3,3,2,2,1,2,1584,1914,1993,2323
/Volumes/shared/Research-Groups/Mark-Banfield/Josh_Williams/Scoring_5May/Mark/DSC_0218.TIF,3,3,2,2,2,3,1400,1786,2230,2616
/Volumes/shared/Research-Groups/Mark-Banfield/Josh_Williams/Scoring_5May/Mark/DSC_0218.TIF,3,3,2,2,3,2,1332,1712,2494,2874
/Volumes/shared/Research-Groups/Mark-Banfield/Josh_Williams/Scoring_5May/Mark/DSC_0218.TIF,3,3,3,1,1,0,734,970,3408,3644
/Volumes/shared/Research-Groups/Mark-Banfield/Josh_Williams/Scoring_5May/Mark/DSC_0218.TIF,3,3,3,1,4,2,1080,1416,3910,4246
/Volumes/shared/Research-Groups/Mark-Banfield/Josh_Williams/Scoring_5May/Mark/DSC_0218.TIF,3,3,3,1,5,3,1066,1336,3564,3834
/Volumes/shared/Research-Groups/Mark-Banfield/Josh_Williams/Scoring_5May/Mark/DSC_0218.TIF,3,3,3,1,6,4,948,1210,3336,3598
/Volumes/shared/Research-Groups/Mark-Banfield/Josh_Williams/Scoring_5May/Mark/DSC_0218.TIF,3,3,3,3,1,3,2368,2730,3405,3767
/Volumes/shared/Research-Groups/Mark-Banfield/Josh_Williams/Scoring_5May/Mark/DSC_0218.TIF,3,3,3,3,2,4,2242,2546,3640,3944
/Volumes/shared/Research-Groups/Mark-Banfield/Josh_Williams/Scoring_5May/Mark/DSC_0218.TIF,3,3,3,3,3,3,2174,2444,3905,4175
/Volumes/shared/Research-Groups/Mark-Banfield/Josh_Williams/Scoring_5May/Mark/DSC_0218.TIF,3,3,3,3,4,0,2717,2987,3934,4204
/Volumes/shared/Research-Groups/Mark-Banfield/Josh_Williams/Scoring_5May/Mark/DSC_3611.tif,3,3,1,2,4,2,1660,2040,1302,1682
/Volumes/shared/Research-Groups/Mark-Banfield/Josh_Williams/Scoring_5May/Mark/DSC_3611.tif,3,3,1,2,5,2,1786,2082,1028,1324
/Volumes/shared/Research-Groups/Mark-Banfield/Josh_Williams/Scoring_5May/Mark/DSC_3611.tif,3,3,1,2,6,3,1605,1833,784,1012
/Volumes/shared/Research-Groups/Mark-Banfield/Josh_Williams/Scoring_5May/Mark/DSC_3611.tif,3,3,2,1,4,2,1188,1560,2427,2799
/Volumes/shared/Research-Groups/Mark-Banfield/Josh_Williams/Scoring_5May/Mark/DSC_3611.tif,3,3,2,1,5,2,1156,1442,2154,2440
/Volumes/shared/Research-Groups/Mark-Banfield/Josh_Williams/Scoring_5May/Mark/DSC_3611.tif,3,3,2,1,6,2,1033,1337,1888,2192
/Volumes/shared/Research-Groups/Mark-Banfield/Josh_Williams/Scoring_5May/Mark/DSC_3611.tif,3,3,2,3,1,2,1985,2313,1804,2132
/Volumes/shared/Research-Groups/Mark-Banfield/Josh_Williams/Scoring_5May/Mark/DSC_3611.tif,3,3,2,3,2,2,1754,2124,2136,2506
/Volumes/shared/Research-Groups/Mark-Banfield/Josh_Williams/Scoring_5May/Mark/DSC_3611.tif,3,3,2,3,3,1,1976,2254,2478,2756
/Volumes/shared/Research-Groups/Mark-Banfield/Josh_Williams/Scoring_5May/Mark/DSC_3611.tif,3,3,3,1,4,2,1243,1547,3834,4138
/Volumes/shared/Research-Groups/Mark-Banfield/Josh_Williams/Scoring_5May/Mark/DSC_3611.tif,3,3,3,1,5,3,1198,1552,3471,3825
/Volumes/shared/Research-Groups/Mark-Banfield/Josh_Williams/Scoring_5May/Mark/DSC_3611.tif,3,3,3,1,6,2,1096,1358,3113,3375
/Volumes/shared/Research-Groups/Mark-Banfield/Josh_Williams/Scoring_5May/Mark/DSC_3611.tif,3,3,3,3,1,3,2074,2342,3115,3383
/Volumes/shared/Research-Groups/Mark-Banfield/Josh_Williams/Scoring_5May/Mark/DSC_3611.tif,3,3,3,3,2,2,1946,2208,3320,3582
/Volumes/shared/Research-Groups/Mark-Banfield/Josh_Williams/Scoring_5May/Mark/DSC_3611.tif,3,3,3,3,3,2,1952,2288,3666,4002
/Volumes/shared/Research-Groups/Mark-Banfield/Josh_Williams/Scoring_5May/Mark/_DSC0768.tif,3,3,1,2,1,3,1391,1713,668,990
/Volumes/shared/Research-Groups/Mark-Banfield/Josh_Williams/Scoring_5May/Mark/_DSC0768.tif,3,3,1,2,2,3,1300,1634,914,1248
/Volumes/shared/Research-Groups/Mark-Banfield/Josh_Williams/Scoring_5May/Mark/_DSC0768.tif,3,3,1,2,3,3,1210,1438,1220,1448
/Volumes/shared/Research-Groups/Mark-Banfield/Josh_Williams/Scoring_5May/Mark/_DSC0768.tif,3,3,2,1,4,2,1068,1390,2576,2898
/Volumes/shared/Research-Groups/Mark-Banfield/Josh_Williams/Scoring_5May/Mark/_DSC0768.tif,3,3,2,1,5,2,1209,1543,2266,2600
/Volumes/shared/Research-Groups/Mark-Banfield/Josh_Williams/Scoring_5May/Mark/_DSC0768.tif,3,3,2,1,6,2,1043,1329,2018,2304
/Volumes/shared/Research-Groups/Mark-Banfield/Josh_Williams/Scoring_5May/Mark/_DSC0768.tif,3,3,2,3,1,3,2362,2656,2095,2389
/Volumes/shared/Research-Groups/Mark-Banfield/Josh_Williams/Scoring_5May/Mark/_DSC0768.tif,3,3,2,3,2,3,2134,2428,2286,2580
/Volumes/shared/Research-Groups/Mark-Banfield/Josh_Williams/Scoring_5May/Mark/_DSC0768.tif,3,3,2,3,3,2,2181,2485,2590,2894
/Volumes/shared/Research-Groups/Mark-Banfield/Josh_Williams/Scoring_5May/Mark/_DSC0768.tif,3,3,3,1,4,2,1304,1790,4141,4627
/Volumes/shared/Research-Groups/Mark-Banfield/Josh_Williams/Scoring_5May/Mark/_DSC0768.tif,3,3,3,1,5,3,1420,1734,3903,4217
/Volumes/shared/Research-Groups/Mark-Banfield/Josh_Williams/Scoring_5May/Mark/_DSC0768.tif,3,3,3,3,1,2,2294,2570,3803,4079
/Volumes/shared/Research-Groups/Mark-Banfield/Josh_Williams/Scoring_5May/Mark/_DSC0768.tif,3,3,3,3,2,2,2281,2557,4074,4350
/Volumes/shared/Research-Groups/Mark-Banfield/Josh_Williams/Scoring_5May/Mark/_DSC1334.TIF,3,3,1,2,1,5,1504,1972,447,915
/Volumes/shared/Research-Groups/Mark-Banfield/Josh_Williams/Scoring_5May/Mark/_DSC1334.TIF,3,3,1,2,6,3,1828,2172,443,787
/Volumes/shared/Research-Groups/Mark-Banfield/Josh_Williams/Scoring_5May/Mark/_DSC1334.TIF,3,3,2,1,1,5,785,1081,1704,2000
/Volumes/shared/Research-Groups/Mark-Banfield/Josh_Williams/Scoring_5May/Mark/_DSC1334.TIF,3,3,2,3,1,0,2552,2866,1824,2138
/Volumes/shared/Research-Groups/Mark-Banfield/Josh_Williams/Scoring_5May/Mark/_DSC1334.TIF,3,3,2,3,6,4,2942,3322,1810,2190
/Volumes/shared/Research-Groups/Mark-Banfield/Josh_Williams/Scoring_5May/Mark/_DSC1334.TIF,3,3,3,1,2,1,790,1238,3456,3904
/Volumes/shared/Research-Groups/Mark-Banfield/Josh_Williams/Scoring_5May/Mark/_DSC1334.TIF,3,3,3,1,5,4,1410,1772,3556,3918
/Volumes/shared/Research-Groups/Mark-Banfield/Josh_Williams/Scoring_5May/Mark/_DSC1334.TIF,3,3,3,3,2,2,2410,2828,3742,4160
/Volumes/shared/Research-Groups/Mark-Banfield/Josh_Williams/Scoring_5May/Mark/_DSC1334.TIF,3,3,3,3,5,5,2952,3418,3832,4298
/Volumes/shared/Research-Groups/Mark-Banfield/Josh_Williams/Scoring_5May/Mark/_DSC1017.TIF,3,3,1,1,3,2,457,867,1114,1524
/Volumes/shared/Research-Groups/Mark-Banfield/Josh_Williams/Scoring_5May/Mark/_DSC1017.TIF,3,3,1,1,4,5,1028,1304,1181,1457
/Volumes/shared/Research-Groups/Mark-Banfield/Josh_Williams/Scoring_5May/Mark/_DSC1017.TIF,3,3,1,3,1,5,2232,2690,486,944
/Volumes/shared/Research-Groups/Mark-Banfield/Josh_Williams/Scoring_5May/Mark/_DSC1017.TIF,3,3,1,3,6,3,2623,2985,438,800
/Volumes/shared/Research-Groups/Mark-Banfield/Josh_Williams/Scoring_5May/Mark/_DSC1017.TIF,3,3,2,2,2,2,1205,1633,2162,2590
/Volumes/shared/Research-Groups/Mark-Banfield/Josh_Williams/Scoring_5May/Mark/_DSC1017.TIF,3,3,2,2,3,3,1410,1752,2586,2928
/Volumes/shared/Research-Groups/Mark-Banfield/Josh_Williams/Scoring_5May/Mark/_DSC1017.TIF,3,3,2,2,4,1,1980,2342,2580,2942
/Volumes/shared/Research-Groups/Mark-Banfield/Josh_Williams/Scoring_5May/Mark/_DSC1017.TIF,3,3,3,1,3,2,354,982,3879,4507
/Volumes/shared/Research-Groups/Mark-Banfield/Josh_Williams/Scoring_5May/Mark/_DSC1017.TIF,3,3,3,1,4,3,1052,1566,4066,4580
/Volumes/shared/Research-Groups/Mark-Banfield/Josh_Williams/Scoring_5May/Mark/_DSC1017.TIF,3,3,3,1,6,1,1048,1428,3223,3603
/Volumes/shared/Research-Groups/Mark-Banfield/Josh_Williams/Scoring_5May/Mark/_DSC1017.TIF,3,3,3,3,2,2,2266,2628,3703,4065
/Volumes/shared/Research-Groups/Mark-Banfield/Josh_Williams/Scoring_5May/Mark/_DSC1017.TIF,3,3,3,3,5,4,3114,3552,3580,4018
/Volumes/shared/Research-Groups/Mark-Banfield/Josh_Williams/Scoring_5May/Mark/_DSC1017.TIF,3,3,3,3,6,1,2884,3284,3318,3718
/Volumes/shared/Research-Groups/Mark-Banfield/Josh_Williams/Scoring_5May/Mark/_DSC9258.tif,3,4,1,1,1,5,772,1044,306,578
/Volumes/shared/Research-Groups/Mark-Banfield/Josh_Williams/Scoring_5May/Mark/_DSC9258.tif,3,4,1,1,2,1,674,934,550,810
/Volumes/shared/Research-Groups/Mark-Banfield/Josh_Williams/Scoring_5May/Mark/_DSC9258.tif,3,4,1,1,3,0,738,1036,838,1136
/Volumes/shared/Research-Groups/Mark-Banfield/Josh_Williams/Scoring_5May/Mark/_DSC9258.tif,3,4,1,1,4,5,1144,1486,629,971
/Volumes/shared/Research-Groups/Mark-Banfield/Josh_Williams/Scoring_5May/Mark/_DSC9258.tif,3,4,1,1,5,0,1074,1372,357,655
/Volumes/shared/Research-Groups/Mark-Banfield/Josh_Williams/Scoring_5May/Mark/_DSC9258.tif,3,4,1,2,1,5,1956,2240,195,479
/Volumes/shared/Research-Groups/Mark-Banfield/Josh_Williams/Scoring_5May/Mark/_DSC9258.tif,3,4,1,2,2,4,1778,2082,382,686
/Volumes/shared/Research-Groups/Mark-Banfield/Josh_Williams/Scoring_5May/Mark/_DSC9258.tif,3,4,1,2,3,0,1702,2032,731,1061
/Volumes/shared/Research-Groups/Mark-Banfield/Josh_Williams/Scoring_5May/Mark/_DSC9258.tif,3,4,1,2,4,5,2268,2536,622,890
/Volumes/shared/Research-Groups/Mark-Banfield/Josh_Williams/Scoring_5May/Mark/_DSC9258.tif,3,4,1,2,5,0,2260,2552,325,617
/Volumes/shared/Research-Groups/Mark-Banfield/Josh_Williams/Scoring_5May/Mark/_DSC9258.tif,3,4,1,3,1,0,3212,3344,370,502
/Volumes/shared/Research-Groups/Mark-Banfield/Josh_Williams/Scoring_5May/Mark/_DSC9258.tif,3,4,1,3,2,6,3180,3396,508,724
/Volumes/shared/Research-Groups/Mark-Banfield/Josh_Williams/Scoring_5May/Mark/_DSC9258.tif,3,4,1,3,3,0,3183,3361,750,928
/Volumes/shared/Research-Groups/Mark-Banfield/Josh_Williams/Scoring_5May/Mark/_DSC9258.tif,3,4,1,3,4,0,3452,3682,609,839
/Volumes/shared/Research-Groups/Mark-Banfield/Josh_Williams/Scoring_5May/Mark/_DSC9258.tif,3,4,1,3,5,4,3376,3662,372,658
/Volumes/shared/Research-Groups/Mark-Banfield/Josh_Williams/Scoring_5May/Mark/_DSC9258.tif,3,4,1,4,1,0,4015,4275,236,496
/Volumes/shared/Research-Groups/Mark-Banfield/Josh_Williams/Scoring_5May/Mark/_DSC9258.tif,3,4,1,4,2,5,3916,4208,458,750
/Volumes/shared/Research-Groups/Mark-Banfield/Josh_Williams/Scoring_5May/Mark/_DSC9258.tif,3,4,1,4,3,0,3878,4202,794,1118
/Volumes/shared/Research-Groups/Mark-Banfield/Josh_Williams/Scoring_5May/Mark/_DSC9258.tif,3,4,1,4,4,0,4404,4786,718,1100
/Volumes/shared/Research-Groups/Mark-Banfield/Josh_Williams/Scoring_5May/Mark/_DSC9258.tif,3,4,1,4,5,4,4319,4669,330,680
/Volumes/shared/Research-Groups/Mark-Banfield/Josh_Williams/Scoring_5May/Mark/_DSC9258.tif,3,4,2,1,1,6,762,1016,1524,1778
/Volumes/shared/Research-Groups/Mark-Banfield/Josh_Williams/Scoring_5May/Mark/_DSC9258.tif,3,4,2,1,2,0,660,940,1704,1984
/Volumes/shared/Research-Groups/Mark-Banfield/Josh_Williams/Scoring_5May/Mark/_DSC9258.tif,3,4,2,1,3,2,610,882,2035,2307
/Volumes/shared/Research-Groups/Mark-Banfield/Josh_Williams/Scoring_5May/Mark/_DSC9258.tif,3,4,2,1,4,0,1086,1314,1933,2161
/Volumes/shared/Research-Groups/Mark-Banfield/Josh_Williams/Scoring_5May/Mark/_DSC9258.tif,3,4,2,1,5,0,952,1378,1621,2047
/Volumes/shared/Research-Groups/Mark-Banfield/Josh_Williams/Scoring_5May/Mark/_DSC9258.tif,3,4,2,2,1,5,1885,2089,1530,1734
/Volumes/shared/Research-Groups/Mark-Banfield/Josh_Williams/Scoring_5May/Mark/_DSC9258.tif,3,4,2,2,2,0,1752,2088,1752,2088
/Volumes/shared/Research-Groups/Mark-Banfield/Josh_Williams/Scoring_5May/Mark/_DSC9258.tif,3,4,2,2,3,2,1834,2108,2030,2304
/Volumes/shared/Research-Groups/Mark-Banfield/Josh_Williams/Scoring_5May/Mark/_DSC9258.tif,3,4,2,2,4,3,2234,2546,1837,2149
/Volumes/shared/Research-Groups/Mark-Banfield/Josh_Williams/Scoring_5May/Mark/_DSC9258.tif,3,4,2,2,5,0,2165,2337,1606,1778
/Volumes/shared/Research-Groups/Mark-Banfield/Josh_Williams/Scoring_5May/Mark/_DSC9258.tif,3,4,2,3,1,0,3294,3536,1412,1654
/Volumes/shared/Research-Groups/Mark-Banfield/Josh_Williams/Scoring_5May/Mark/_DSC9258.tif,3,4,2,3,2,5,3160,3422,1720,1982
/Volumes/shared/Research-Groups/Mark-Banfield/Josh_Williams/Scoring_5May/Mark/_DSC9258.tif,3,4,2,3,3,0,3098,3484,1965,2351
/Volumes/shared/Research-Groups/Mark-Banfield/Josh_Williams/Scoring_5May/Mark/_DSC9258.tif,3,4,2,3,4,3,3688,3898,1787,1997
/Volumes/shared/Research-Groups/Mark-Banfield/Josh_Williams/Scoring_5May/Mark/_DSC9258.tif,3,4,2,3,5,2,3553,3805,1512,1764
/Volumes/shared/Research-Groups/Mark-Banfield/Josh_Williams/Scoring_5May/Mark/_DSC9258.tif,3,4,2,4,1,0,4151,4361,1530,1740
/Volumes/shared/Research-Groups/Mark-Banfield/Josh_Williams/Scoring_5May/Mark/_DSC9258.tif,3,4,2,4,2,3,4144,4360,1794,2010
/Volumes/shared/Research-Groups/Mark-Banfield/Josh_Williams/Scoring_5May/Mark/_DSC9258.tif,3,4,2,4,3,0,4211,4427,2044,2260
/Volumes/shared/Research-Groups/Mark-Banfield/Josh_Williams/Scoring_5May/Mark/_DSC9258.tif,3,4,2,4,4,2,4512,4748,1869,2105
/Volumes/shared/Research-Groups/Mark-Banfield/Josh_Williams/Scoring_5May/Mark/_DSC9258.tif,3,4,2,4,5,2,4404,4626,1609,1831
/Volumes/shared/Research-Groups/Mark-Banfield/Josh_Williams/Scoring_5May/Mark/_DSC9258.tif,3,4,3,2,1,4,2050,2248,2688,2886
/Volumes/shared/Research-Groups/Mark-Banfield/Josh_Williams/Scoring_5May/Mark/_DSC9258.tif,3,4,3,2,2,0,1888,2124,2964,3200
/Volumes/shared/Research-Groups/Mark-Banfield/Josh_Williams/Scoring_5May/Mark/_DSC9258.tif,3,4,3,2,3,4,1886,2286,3135,3535
/Volumes/shared/Research-Groups/Mark-Banfield/Josh_Williams/Scoring_5May/Mark/_DSC9258.tif,3,4,3,2,4,0,2400,2596,3117,3313
/Volumes/shared/Research-Groups/Mark-Banfield/Josh_Williams/Scoring_5May/Mark/_DSC9258.tif,3,4,3,2,5,5,2298,2546,2780,3028
/Volumes/shared/Research-Groups/Mark-Banfield/Josh_Williams/Scoring_5May/Mark/_DSC9258.tif,3,4,3,3,1,2,2964,3136,2818,2990
/Volumes/shared/Research-Groups/Mark-Banfield/Josh_Williams/Scoring_5May/Mark/_DSC9258.tif,3,4,3,3,2,0,2800,3016,3005,3221
/Volumes/shared/Research-Groups/Mark-Banfield/Josh_Williams/Scoring_5May/Mark/_DSC9258.tif,3,4,3,3,3,3,2908,3168,3187,3447
/Volumes/shared/Research-Groups/Mark-Banfield/Josh_Williams/Scoring_5May/Mark/_DSC9258.tif,3,4,3,3,4,0,3266,3450,3130,3314
/Volumes/shared/Research-Groups/Mark-Banfield/Josh_Williams/Scoring_5May/Mark/_DSC9258.tif,3,4,3,3,5,3,3170,3488,2780,3098
/Volumes/shared/Research-Groups/Mark-Banfield/Josh_Williams/Scoring_5May/Mark/_DSC0767.tif,3,3,1,2,4,3,2294,2714,1537,1957
/Volumes/shared/Research-Groups/Mark-Banfield/Josh_Williams/Scoring_5May/Mark/_DSC0767.tif,3,3,1,2,5,3,2370,2656,1276,1562
/Volumes/shared/Research-Groups/Mark-Banfield/Josh_Williams/Scoring_5May/Mark/_DSC0767.tif,3,3,1,2,6,3,2352,2656,1029,1333
/Volumes/shared/Research-Groups/Mark-Banfield/Josh_Williams/Scoring_5May/Mark/_DSC0767.tif,3,3,2,1,1,3,1076,1324,2266,2514
/Volumes/shared/Research-Groups/Mark-Banfield/Josh_Williams/Scoring_5May/Mark/_DSC0767.tif,3,3,2,1,2,3,982,1238,2595,2851
/Volumes/shared/Research-Groups/Mark-Banfield/Josh_Williams/Scoring_5May/Mark/_DSC0767.tif,3,3,2,1,3,3,934,1200,2895,3161
/Volumes/shared/Research-Groups/Mark-Banfield/Josh_Williams/Scoring_5May/Mark/_DSC0767.tif,3,3,2,3,1,3,2504,2828,2514,2838
/Volumes/shared/Research-Groups/Mark-Banfield/Josh_Williams/Scoring_5May/Mark/_DSC0767.tif,3,3,2,3,2,3,2400,2676,2909,3185
/Volumes/shared/Research-Groups/Mark-Banfield/Josh_Williams/Scoring_5May/Mark/_DSC0767.tif,3,3,2,3,3,3,2404,2786,3246,3628
/Volumes/shared/Research-Groups/Mark-Banfield/Josh_Williams/Scoring_5May/Mark/_DSC0767.tif,3,3,3,1,1,3,1000,1352,3799,4151
/Volumes/shared/Research-Groups/Mark-Banfield/Josh_Williams/Scoring_5May/Mark/_DSC0767.tif,3,3,3,1,2,3,830,1266,4047,4483
/Volumes/shared/Research-Groups/Mark-Banfield/Josh_Williams/Scoring_5May/Mark/_DSC0767.tif,3,3,3,1,3,3,1028,1314,4498,4784
/Volumes/shared/Research-Groups/Mark-Banfield/Josh_Williams/Scoring_5May/Mark/_DSC0767.tif,3,3,3,3,1,2,2732,3084,4041,4393
/Volumes/shared/Research-Groups/Mark-Banfield/Josh_Williams/Scoring_5May/Mark/_DSC0767.tif,3,3,3,3,2,2,2580,2894,4308,4622
/Volumes/shared/Research-Groups/Mark-Banfield/Josh_Williams/Scoring_5May/Mark/_DSC0767.tif,3,3,3,3,3,2,2418,2894,4570,5046
/Volumes/shared/Research-Groups/Mark-Banfield/Josh_Williams/Scoring_5May/Mark/DSC_9235.TIF,3,3,1,1,1,2,578,820,312,554
/Volumes/shared/Research-Groups/Mark-Banfield/Josh_Williams/Scoring_5May/Mark/DSC_9235.TIF,3,3,1,1,5,2,892,1106,508,722
/Volumes/shared/Research-Groups/Mark-Banfield/Josh_Williams/Scoring_5May/Mark/DSC_9235.TIF,3,3,1,1,6,3,856,1018,366,528
/Volumes/shared/Research-Groups/Mark-Banfield/Josh_Williams/Scoring_5May/Mark/DSC_9235.TIF,3,3,1,3,1,2,3516,3786,214,484
/Volumes/shared/Research-Groups/Mark-Banfield/Josh_Williams/Scoring_5May/Mark/DSC_9235.TIF,3,3,2,2,3,2,1740,2082,1684,2026
/Volumes/shared/Research-Groups/Mark-Banfield/Josh_Williams/Scoring_5May/Mark/DSC_9235.TIF,3,3,2,2,4,2,2356,2630,1709,1983
/Volumes/shared/Research-Groups/Mark-Banfield/Josh_Williams/Scoring_5May/Mark/DSC_9235.TIF,3,3,3,1,2,1,612,954,1876,2218
/Volumes/shared/Research-Groups/Mark-Banfield/Josh_Williams/Scoring_5May/Mark/DSC_9235.TIF,3,3,3,1,5,4,1290,1582,1940,2232
/Volumes/shared/Research-Groups/Mark-Banfield/Josh_Williams/Scoring_5May/Mark/DSC_9235.TIF,3,3,3,3,2,2,3054,3356,1992,2294
/Volumes/shared/Research-Groups/Mark-Banfield/Josh_Williams/Scoring_5May/Mark/DSC_9235.TIF,3,3,3,3,5,3,3603,3963,1946,2306
/Volumes/shared/Research-Groups/Mark-Banfield/Josh_Williams/Scoring_5May/Mark/DSC_0109.TIF,3,3,1,1,3,5,322,632,1110,1420
/Volumes/shared/Research-Groups/Mark-Banfield/Josh_Williams/Scoring_5May/Mark/DSC_0109.TIF,3,3,1,1,4,5,886,1146,1155,1415
/Volumes/shared/Research-Groups/Mark-Banfield/Josh_Williams/Scoring_5May/Mark/DSC_0109.TIF,3,3,1,3,1,3,2174,2502,338,666
/Volumes/shared/Research-Groups/Mark-Banfield/Josh_Williams/Scoring_5May/Mark/DSC_0109.TIF,3,3,1,3,6,3,2482,2802,364,684
/Volumes/shared/Research-Groups/Mark-Banfield/Josh_Williams/Scoring_5May/Mark/DSC_0109.TIF,3,3,2,2,2,2,1202,1538,1872,2208
/Volumes/shared/Research-Groups/Mark-Banfield/Josh_Williams/Scoring_5May/Mark/DSC_0109.TIF,3,3,2,2,5,5,1796,2116,1711,2031
/Volumes/shared/Research-Groups/Mark-Banfield/Josh_Williams/Scoring_5May/Mark/DSC_0109.TIF,3,3,3,1,3,3,460,788,3674,4002
/Volumes/shared/Research-Groups/Mark-Banfield/Josh_Williams/Scoring_5May/Mark/DSC_0109.TIF,3,3,3,1,4,2,1164,1492,3560,3888
/Volumes/shared/Research-Groups/Mark-Banfield/Josh_Williams/Scoring_5May/Mark/DSC_0109.TIF,3,3,3,3,1,1,2166,2436,2979,3249
/Volumes/shared/Research-Groups/Mark-Banfield/Josh_Williams/Scoring_5May/Mark/DSC_0109.TIF,3,3,3,3,6,1,2511,2763,2950,3202
/Volumes/shared/Research-Groups/Mark-Banfield/Josh_Williams/Scoring_5May/Mark/DSC_0210.TIF,3,3,1,1,2,1,624,920,1150,1446
/Volumes/shared/Research-Groups/Mark-Banfield/Josh_Williams/Scoring_5May/Mark/DSC_0210.TIF,3,3,1,1,5,1,1256,1568,1285,1597
/Volumes/shared/Research-Groups/Mark-Banfield/Josh_Williams/Scoring_5May/Mark/DSC_0210.TIF,3,3,1,3,1,1,2473,2785,742,1054
/Volumes/shared/Research-Groups/Mark-Banfield/Josh_Williams/Scoring_5May/Mark/DSC_0210.TIF,3,3,1,3,6,1,2832,3186,729,1083
/Volumes/shared/Research-Groups/Mark-Banfield/Josh_Williams/Scoring_5May/Mark/DSC_0210.TIF,3,3,2,2,2,1,1222,1610,2242,2630
/Volumes/shared/Research-Groups/Mark-Banfield/Josh_Williams/Scoring_5May/Mark/DSC_0210.TIF,3,3,2,2,5,2,2002,2246,2410,2654
/Volumes/shared/Research-Groups/Mark-Banfield/Josh_Williams/Scoring_5May/Mark/DSC_0210.TIF,3,3,3,1,2,0,448,860,3337,3749
/Volumes/shared/Research-Groups/Mark-Banfield/Josh_Williams/Scoring_5May/Mark/DSC_0210.TIF,3,3,3,1,5,0,1188,1660,3438,3910
/Volumes/shared/Research-Groups/Mark-Banfield/Josh_Williams/Scoring_5May/Mark/DSC_0210.TIF,3,3,3,3,1,0,2250,2478,3438,3666
/Volumes/shared/Research-Groups/Mark-Banfield/Josh_Williams/Scoring_5May/Mark/DSC_0210.TIF,3,3,3,3,6,0,2470,2730,3464,3724
/Volumes/shared/Research-Groups/Mark-Banfield/Josh_Williams/Scoring_5May/Mark/_DSC1804.tif,4,4,1,1,1,0,1282,1416,172,306
/Volumes/shared/Research-Groups/Mark-Banfield/Josh_Williams/Scoring_5May/Mark/_DSC1804.tif,4,4,1,1,2,6,1204,1330,338,464
/Volumes/shared/Research-Groups/Mark-Banfield/Josh_Williams/Scoring_5May/Mark/_DSC1804.tif,4,4,1,1,3,0,1144,1334,465,655
/Volumes/shared/Research-Groups/Mark-Banfield/Josh_Williams/Scoring_5May/Mark/_DSC1804.tif,4,4,1,1,4,6,1188,1512,569,893
/Volumes/shared/Research-Groups/Mark-Banfield/Josh_Williams/Scoring_5May/Mark/_DSC1804.tif,4,4,1,1,5,0,1542,1708,606,772
/Volumes/shared/Research-Groups/Mark-Banfield/Josh_Williams/Scoring_5May/Mark/_DSC1804.tif,4,4,1,1,6,6,1613,1727,470,584
/Volumes/shared/Research-Groups/Mark-Banfield/Josh_Williams/Scoring_5May/Mark/_DSC1804.tif,4,4,1,1,7,0,1536,1676,267,407
/Volumes/shared/Research-Groups/Mark-Banfield/Josh_Williams/Scoring_5May/Mark/_DSC1804.tif,4,4,1,1,8,6,1460,1650,170,360
/Volumes/shared/Research-Groups/Mark-Banfield/Josh_Williams/Scoring_5May/Mark/_DSC1804.tif,4,4,1,2,1,0,2026,2172,163,309
/Volumes/shared/Research-Groups/Mark-Banfield/Josh_Williams/Scoring_5May/Mark/_DSC1804.tif,4,4,1,2,2,5,1936,2158,274,496
/Volumes/shared/Research-Groups/Mark-Banfield/Josh_Williams/Scoring_5May/Mark/_DSC1804.tif,4,4,1,2,3,0,1898,2082,445,629
/Volumes/shared/Research-Groups/Mark-Banfield/Josh_Williams/Scoring_5May/Mark/_DSC1804.tif,4,4,1,2,4,6,1980,2164,540,724
/Volumes/shared/Research-Groups/Mark-Banfield/Josh_Williams/Scoring_5May/Mark/_DSC1804.tif,4,4,1,2,5,0,2260,2526,477,743
/Volumes/shared/Research-Groups/Mark-Banfield/Josh_Williams/Scoring_5May/Mark/_DSC1804.tif,4,4,1,2,6,5,2318,2494,342,518
/Volumes/shared/Research-Groups/Mark-Banfield/Josh_Williams/Scoring_5May/Mark/_DSC1804.tif,4,4,1,2,7,0,2190,2380,192,382
/Volumes/shared/Research-Groups/Mark-Banfield/Josh_Williams/Scoring_5May/Mark/_DSC1804.tif,4,4,1,2,8,6,2127,2299,70,242
/Volumes/shared/Research-Groups/Mark-Banfield/Josh_Williams/Scoring_5May/Mark/_DSC1804.tif,4,4,1,3,1,6,2818,2996,172,350
/Volumes/shared/Research-Groups/Mark-Banfield/Josh_Williams/Scoring_5May/Mark/_DSC1804.tif,4,4,1,3,2,0,2780,2914,330,464
/Volumes/shared/Research-Groups/Mark-Banfield/Josh_Williams/Scoring_5May/Mark/_DSC1804.tif,4,4,1,3,3,6,2736,2926,464,654
/Volumes/shared/Research-Groups/Mark-Banfield/Josh_Williams/Scoring_5May/Mark/_DSC1804.tif,4,4,1,3,4,0,2806,2958,696,848
/Volumes/shared/Research-Groups/Mark-Banfield/Josh_Williams/Scoring_5May/Mark/_DSC1804.tif,4,4,1,3,5,6,3066,3256,658,848
/Volumes/shared/Research-Groups/Mark-Banfield/Josh_Williams/Scoring_5May/Mark/_DSC1804.tif,4,4,1,3,6,0,3200,3314,541,655
/Volumes/shared/Research-Groups/Mark-Banfield/Josh_Williams/Scoring_5May/Mark/_DSC1804.tif,4,4,1,3,7,6,3092,3262,322,492
/Volumes/shared/Research-Groups/Mark-Banfield/Josh_Williams/Scoring_5May/Mark/_DSC1804.tif,4,4,1,3,8,0,2970,3238,133,401
/Volumes/shared/Research-Groups/Mark-Banfield/Josh_Williams/Scoring_5May/Mark/_DSC1804.tif,4,4,1,4,1,6,3706,3866,235,395
/Volumes/shared/Research-Groups/Mark-Banfield/Josh_Williams/Scoring_5May/Mark/_DSC1804.tif,4,4,1,4,2,0,3640,3786,400,546
/Volumes/shared/Research-Groups/Mark-Banfield/Josh_Williams/Scoring_5May/Mark/_DSC1804.tif,4,4,1,4,3,5,3650,3858,547,755
/Volumes/shared/Research-Groups/Mark-Banfield/Josh_Williams/Scoring_5May/Mark/_DSC1804.tif,4,4,1,4,4,0,3744,3884,699,839
/Volumes/shared/Research-Groups/Mark-Banfield/Josh_Williams/Scoring_5May/Mark/_DSC1804.tif,4,4,1,4,5,5,3925,4129,616,820
/Volumes/shared/Research-Groups/Mark-Banfield/Josh_Williams/Scoring_5May/Mark/_DSC1804.tif,4,4,1,4,7,5,3928,4138,245,455
/Volumes/shared/Research-Groups/Mark-Banfield/Josh_Williams/Scoring_5May/Mark/_DSC1804.tif,4,4,1,4,8,0,3802,3974,118,290
/Volumes/shared/Research-Groups/Mark-Banfield/Josh_Williams/Scoring_5May/Mark/_DSC1804.tif,4,4,2,1,1,0,1334,1448,1061,1175
/Volumes/shared/Research-Groups/Mark-Banfield/Josh_Williams/Scoring_5May/Mark/_DSC1804.tif,4,4,2,1,2,6,1264,1422,1206,1364
/Volumes/shared/Research-Groups/Mark-Banfield/Josh_Williams/Scoring_5May/Mark/_DSC1804.tif,4,4,2,1,3,0,1168,1366,1336,1534
/Volumes/shared/Research-Groups/Mark-Banfield/Josh_Williams/Scoring_5May/Mark/_DSC1804.tif,4,4,2,1,4,4,1136,1378,1523,1765
/Volumes/shared/Research-Groups/Mark-Banfield/Josh_Williams/Scoring_5May/Mark/_DSC1804.tif,4,4,2,1,5,0,1442,1726,1452,1736
/Volumes/shared/Research-Groups/Mark-Banfield/Josh_Williams/Scoring_5May/Mark/_DSC1804.tif,4,4,2,1,6,5,1486,1708,1381,1603
/Volumes/shared/Research-Groups/Mark-Banfield/Josh_Williams/Scoring_5May/Mark/_DSC1804.tif,4,4,2,1,7,0,1474,1682,1169,1377
/Volumes/shared/Research-Groups/Mark-Banfield/Josh_Williams/Scoring_5May/Mark/_DSC1804.tif,4,4,2,1,8,5,1498,1650,1079,1231
/Volumes/shared/Research-Groups/Mark-Banfield/Josh_Williams/Scoring_5May/Mark/_DSC1804.tif,4,4,2,2,1,0,2140,2318,1089,1267
/Volumes/shared/Research-Groups/Mark-Banfield/Josh_Williams/Scoring_5May/Mark/_DSC1804.tif,4,4,2,2,2,6,2152,2324,1295,1467
/Volumes/shared/Research-Groups/Mark-Banfield/Josh_Williams/Scoring_5May/Mark/_DSC1804.tif,4,4,2,2,3,0,2102,2260,1432,1590
/Volumes/shared/Research-Groups/Mark-Banfield/Josh_Williams/Scoring_5May/Mark/_DSC1804.tif,4,4,2,2,4,5,2266,2462,1578,1774
/Volumes/shared/Research-Groups/Mark-Banfield/Josh_Williams/Scoring_5May/Mark/_DSC1804.tif,4,4,2,2,5,0,2494,2762,1564,1832
/Volumes/shared/Research-Groups/Mark-Banfield/Josh_Williams/Scoring_5May/Mark/_DSC1804.tif,4,4,2,2,6,6,2628,2768,1384,1524
/Volumes/shared/Research-Groups/Mark-Banfield/Josh_Williams/Scoring_5May/Mark/_DSC1804.tif,4,4,2,2,7,0,2508,2710,1217,1419
/Volumes/shared/Research-Groups/Mark-Banfield/Josh_Williams/Scoring_5May/Mark/_DSC1804.tif,4,4,2,2,8,5,2336,2526,1083,1273
/Volumes/shared/Research-Groups/Mark-Banfield/Josh_Williams/Scoring_5May/Mark/_DSC1804.tif,4,4,2,3,1,5,3028,3174,1105,1251
/Volumes/shared/Research-Groups/Mark-Banfield/Josh_Williams/Scoring_5May/Mark/_DSC1804.tif,4,4,2,3,2,0,2910,3138,1188,1416
/Volumes/shared/Research-Groups/Mark-Banfield/Josh_Williams/Scoring_5May/Mark/_DSC1804.tif,4,4,2,3,3,6,2882,3040,1366,1524
/Volumes/shared/Research-Groups/Mark-Banfield/Josh_Williams/Scoring_5May/Mark/_DSC1804.tif,4,4,2,3,4,0,2946,3122,1512,1688
/Volumes/shared/Research-Groups/Mark-Banfield/Josh_Williams/Scoring_5May/Mark/_DSC1804.tif,4,4,2,3,5,5,3218,3384,1517,1683
/Volumes/shared/Research-Groups/Mark-Banfield/Josh_Williams/Scoring_5May/Mark/_DSC1804.tif,4,4,2,3,6,0,3288,3422,1372,1506
/Volumes/shared/Research-Groups/Mark-Banfield/Josh_Williams/Scoring_5May/Mark/_DSC1804.tif,4,4,2,3,7,6,3200,3358,1185,1343
/Volumes/shared/Research-Groups/Mark-Banfield/Josh_Williams/Scoring_5May/Mark/_DSC1804.tif,4,4,2,3,8,0,3173,3287,1098,1212
/Volumes/shared/Research-Groups/Mark-Banfield/Josh_Williams/Scoring_5May/Mark/_DSC1804.tif,4,4,2,4,1,6,3694,3814,1077,1197
/Volumes/shared/Research-Groups/Mark-Banfield/Josh_Williams/Scoring_5May/Mark/_DSC1804.tif,4,4,2,4,2,0,3644,3808,1254,1418
/Volumes/shared/Research-Groups/Mark-Banfield/Josh_Williams/Scoring_5May/Mark/_DSC1804.tif,4,4,2,4,3,6,3646,3786,1454,1594
/Volumes/shared/Research-Groups/Mark-Banfield/Josh_Williams/Scoring_5May/Mark/_DSC1804.tif,4,4,2,4,4,0,3700,3808,1629,1737
/Volumes/shared/Research-Groups/Mark-Banfield/Josh_Williams/Scoring_5May/Mark/_DSC1804.tif,4,4,2,4,5,5,3928,4094,1536,1702
/Volumes/shared/Research-Groups/Mark-Banfield/Josh_Williams/Scoring_5May/Mark/_DSC1804.tif,4,4,2,4,6,0,4010,4246,1314,1550
/Volumes/shared/Research-Groups/Mark-Banfield/Josh_Williams/Scoring_5May/Mark/_DSC1804.tif,4,4,2,4,7,6,3980,4132,1168,1320
/Volumes/shared/Research-Groups/Mark-Banfield/Josh_Williams/Scoring_5May/Mark/_DSC1804.tif,4,4,2,4,8,0,3858,3922,1070,1134
/Volumes/shared/Research-Groups/Mark-Banfield/Josh_Williams/Scoring_5May/Mark/_DSC1804.tif,4,4,3,1,1,4,1396,1518,2152,2274
/Volumes/shared/Research-Groups/Mark-Banfield/Josh_Williams/Scoring_5May/Mark/_DSC1804.tif,4,4,3,1,2,5,1270,1524,2219,2473
/Volumes/shared/Research-Groups/Mark-Banfield/Josh_Williams/Scoring_5May/Mark/_DSC1804.tif,4,4,3,1,3,0,1220,1436,2365,2581
/Volumes/shared/Research-Groups/Mark-Banfield/Josh_Williams/Scoring_5May/Mark/_DSC1804.tif,4,4,3,1,4,6,1352,1448,2513,2609
/Volumes/shared/Research-Groups/Mark-Banfield/Josh_Williams/Scoring_5May/Mark/_DSC1804.tif,4,4,3,1,5,0,1542,1676,2504,2638
/Volumes/shared/Research-Groups/Mark-Banfield/Josh_Williams/Scoring_5May/Mark/_DSC1804.tif,4,4,3,1,6,5,1644,1772,2323,2451
/Volumes/shared/Research-Groups/Mark-Banfield/Josh_Williams/Scoring_5May/Mark/_DSC1804.tif,4,4,3,1,7,0,1612,1682,2263,2333
/Volumes/shared/Research-Groups/Mark-Banfield/Josh_Williams/Scoring_5May/Mark/_DSC1804.tif,4,4,3,1,8,6,1448,1638,2064,2254
/Volumes/shared/Research-Groups/Mark-Banfield/Josh_Williams/Scoring_5May/Mark/_DSC1804.tif,4,4,3,2,1,0,2145,2273,2056,2184
/Volumes/shared/Research-Groups/Mark-Banfield/Josh_Williams/Scoring_5May/Mark/_DSC1804.tif,4,4,3,2,2,4,2043,2197,2164,2318
/Volumes/shared/Research-Groups/Mark-Banfield/Josh_Williams/Scoring_5May/Mark/_DSC1804.tif,4,4,3,2,3,0,2076,2158,2321,2403
/Volumes/shared/Research-Groups/Mark-Banfield/Josh_Williams/Scoring_5May/Mark/_DSC1804.tif,4,4,3,2,4,5,2133,2285,2394,2546
/Volumes/shared/Research-Groups/Mark-Banfield/Josh_Williams/Scoring_5May/Mark/_DSC1804.tif,4,4,3,2,5,0,2286,2438,2394,2546
/Volumes/shared/Research-Groups/Mark-Banfield/Josh_Williams/Scoring_5May/Mark/_DSC1804.tif,4,4,3,2,6,5,2342,2520,2273,2451
/Volumes/shared/Research-Groups/Mark-Banfield/Josh_Williams/Scoring_5May/Mark/_DSC1804.tif,4,4,3,2,7,0,2307,2453,2172,2318
/Volumes/shared/Research-Groups/Mark-Banfield/Josh_Williams/Scoring_5May/Mark/_DSC1804.tif,4,4,3,2,8,6,2336,2502,2050,2216
/Volumes/shared/Research-Groups/Mark-Banfield/Josh_Williams/Scoring_5May/Mark/_DSC1804.tif,4,4,3,3,1,6,3056,3196,1854,1994
/Volumes/shared/Research-Groups/Mark-Banfield/Josh_Williams/Scoring_5May/Mark/_DSC1804.tif,4,4,3,3,2,0,2958,3098,1971,2111
/Volumes/shared/Research-Groups/Mark-Banfield/Josh_Williams/Scoring_5May/Mark/_DSC1804.tif,4,4,3,3,3,5,2838,3016,2089,2267
/Volumes/shared/Research-Groups/Mark-Banfield/Josh_Williams/Scoring_5May/Mark/_DSC1804.tif,4,4,3,3,4,0,2870,3078,2286,2494
/Volumes/shared/Research-Groups/Mark-Banfield/Josh_Williams/Scoring_5May/Mark/_DSC1804.tif,4,4,3,3,5,6,3221,3443,2292,2514
/Volumes/shared/Research-Groups/Mark-Banfield/Josh_Williams/Scoring_5May/Mark/_DSC1804.tif,4,4,3,3,6,0,3317,3443,2184,2310
/Volumes/shared/Research-Groups/Mark-Banfield/Josh_Williams/Scoring_5May/Mark/_DSC1804.tif,4,4,3,3,7,5,3294,3446,2012,2164
/Volumes/shared/Research-Groups/Mark-Banfield/Josh_Williams/Scoring_5May/Mark/_DSC1804.tif,4,4,3,3,8,0,3212,3294,1956,2038
/Volumes/shared/Research-Groups/Mark-Banfield/Josh_Williams/Scoring_5May/Mark/_DSC1804.tif,4,4,3,4,1,6,3884,4050,1942,2108
/Volumes/shared/Research-Groups/Mark-Banfield/Josh_Williams/Scoring_5May/Mark/_DSC1804.tif,4,4,3,4,2,0,3782,3992,2016,2226
/Volumes/shared/Research-Groups/Mark-Banfield/Josh_Williams/Scoring_5May/Mark/_DSC1804.tif,4,4,3,4,3,6,3722,3926,2164,2368
/Volumes/shared/Research-Groups/Mark-Banfield/Josh_Williams/Scoring_5May/Mark/_DSC1804.tif,4,4,3,4,4,0,3782,4024,2374,2616
/Volumes/shared/Research-Groups/Mark-Banfield/Josh_Williams/Scoring_5May/Mark/_DSC1804.tif,4,4,3,4,5,6,4056,4196,2482,2622
/Volumes/shared/Research-Groups/Mark-Banfield/Josh_Williams/Scoring_5May/Mark/_DSC1804.tif,4,4,3,4,6,0,4150,4328,2339,2517
/Volumes/shared/Research-Groups/Mark-Banfield/Josh_Williams/Scoring_5May/Mark/_DSC1804.tif,4,4,3,4,7,6,4132,4442,2117,2427
/Volumes/shared/Research-Groups/Mark-Banfield/Josh_Williams/Scoring_5May/Mark/_DSC1804.tif,4,4,3,4,8,0,4062,4220,1988,2146
/Volumes/shared/Research-Groups/Mark-Banfield/Josh_Williams/Scoring_5May/Mark/_DSC1804.tif,4,4,4,1,2,6,1314,1512,3005,3203
/Volumes/shared/Research-Groups/Mark-Banfield/Josh_Williams/Scoring_5May/Mark/_DSC1804.tif,4,4,4,1,3,0,1290,1504,3197,3411
/Volumes/shared/Research-Groups/Mark-Banfield/Josh_Williams/Scoring_5May/Mark/_DSC1804.tif,4,4,4,1,4,5,1302,1536,3362,3596
/Volumes/shared/Research-Groups/Mark-Banfield/Josh_Williams/Scoring_5May/Mark/_DSC1804.tif,4,4,4,1,5,0,1594,1696,3361,3463
/Volumes/shared/Research-Groups/Mark-Banfield/Josh_Williams/Scoring_5May/Mark/_DSC1804.tif,4,4,4,1,6,6,1670,1854,3116,3300
/Volumes/shared/Research-Groups/Mark-Banfield/Josh_Williams/Scoring_5May/Mark/_DSC1804.tif,4,4,4,1,7,0,1574,1810,2941,3177
/Volumes/shared/Research-Groups/Mark-Banfield/Josh_Williams/Scoring_5May/Mark/_DSC1804.tif,4,4,4,1,8,6,1460,1708,2786,3034
/Volumes/shared/Research-Groups/Mark-Banfield/Josh_Williams/Scoring_5May/Mark/_DSC1804.tif,4,4,4,2,1,0,2184,2284,2876,2976
/Volumes/shared/Research-Groups/Mark-Banfield/Josh_Williams/Scoring_5May/Mark/_DSC1804.tif,4,4,4,2,2,5,2134,2298,2991,3155
/Volumes/shared/Research-Groups/Mark-Banfield/Josh_Williams/Scoring_5May/Mark/_DSC1804.tif,4,4,4,2,3,0,2050,2254,3138,3342
/Volumes/shared/Research-Groups/Mark-Banfield/Josh_Williams/Scoring_5May/Mark/_DSC1804.tif,4,4,4,2,4,5,2120,2406,3269,3555
/Volumes/shared/Research-Groups/Mark-Banfield/Josh_Williams/Scoring_5May/Mark/_DSC1804.tif,4,4,4,2,5,0,2470,2584,3269,3383
/Volumes/shared/Research-Groups/Mark-Banfield/Josh_Williams/Scoring_5May/Mark/_DSC1804.tif,4,4,4,2,6,6,2494,2666,3066,3238
/Volumes/shared/Research-Groups/Mark-Banfield/Josh_Williams/Scoring_5May/Mark/_DSC1804.tif,4,4,4,2,7,0,2470,2646,2911,3087
/Volumes/shared/Research-Groups/Mark-Banfield/Josh_Williams/Scoring_5May/Mark/_DSC1804.tif,4,4,4,2,8,5,2314,2474,2792,2952
/Volumes/shared/Research-Groups/Mark-Banfield/Josh_Williams/Scoring_5May/Mark/_DSC1804.tif,4,4,4,3,1,4,3078,3262,2701,2885
/Volumes/shared/Research-Groups/Mark-Banfield/Josh_Williams/Scoring_5May/Mark/_DSC1804.tif,4,4,4,3,2,0,3016,3244,2854,3082
/Volumes/shared/Research-Groups/Mark-Banfield/Josh_Williams/Scoring_5May/Mark/_DSC1804.tif,4,4,4,3,3,5,2958,3206,3049,3297
/Volumes/shared/Research-Groups/Mark-Banfield/Josh_Williams/Scoring_5May/Mark/_DSC1804.tif,4,4,4,3,4,0,2996,3154,3222,3380
/Volumes/shared/Research-Groups/Mark-Banfield/Josh_Williams/Scoring_5May/Mark/_DSC1804.tif,4,4,4,3,5,4,3298,3514,3160,3376
/Volumes/shared/Research-Groups/Mark-Banfield/Josh_Williams/Scoring_5May/Mark/_DSC1804.tif,4,4,4,3,6,0,3390,3662,3054,3326
/Volumes/shared/Research-Groups/Mark-Banfield/Josh_Williams/Scoring_5May/Mark/_DSC1804.tif,4,4,4,3,7,6,3352,3536,2881,3065
/Volumes/shared/Research-Groups/Mark-Banfield/Josh_Williams/Scoring_5May/Mark/_DSC1804.tif,4,4,4,3,8,0,3268,3402,2754,2888
/Volumes/shared/Research-Groups/Mark-Banfield/Josh_Williams/Scoring_5May/Mark/_DSC1804.tif,4,4,4,4,1,5,3998,4138,2834,2974
/Volumes/shared/Research-Groups/Mark-Banfield/Josh_Williams/Scoring_5May/Mark/_DSC1804.tif,4,4,4,4,2,0,3846,4018,2938,3110
/Volumes/shared/Research-Groups/Mark-Banfield/Josh_Williams/Scoring_5May/Mark/_DSC1804.tif,4,4,4,4,3,5,3846,4062,3091,3307
/Volumes/shared/Research-Groups/Mark-Banfield/Josh_Williams/Scoring_5May/Mark/_DSC1804.tif,4,4,4,4,4,0,3866,4138,3222,3494
/Volumes/shared/Research-Groups/Mark-Banfield/Josh_Williams/Scoring_5May/Mark/_DSC1804.tif,4,4,4,4,5,5,4144,4372,3266,3494
/Volumes/shared/Research-Groups/Mark-Banfield/Josh_Williams/Scoring_5May/Mark/_DSC1804.tif,4,4,4,4,6,0,4220,4404,3113,3297
/Volumes/shared/Research-Groups/Mark-Banfield/Josh_Williams/Scoring_5May/Mark/_DSC1804.tif,4,4,4,4,7,5,4220,4392,2938,3110
/Volumes/shared/Research-Groups/Mark-Banfield/Josh_Williams/Scoring_5May/Mark/_DSC1804.tif,4,4,4,4,8,0,4170,4278,2824,2932
/Volumes/shared/Research-Groups/Mark-Banfield/Josh_Williams/Scoring_5May/Mark/DSC_0211.TIF,3,3,1,1,2,2,502,722,1230,1450
/Volumes/shared/Research-Groups/Mark-Banfield/Josh_Williams/Scoring_5May/Mark/DSC_0211.TIF,3,3,1,1,5,1,886,1138,1256,1508
/Volumes/shared/Research-Groups/Mark-Banfield/Josh_Williams/Scoring_5May/Mark/DSC_0211.TIF,3,3,1,3,3,0,2082,2384,1400,1702
/Volumes/shared/Research-Groups/Mark-Banfield/Josh_Williams/Scoring_5May/Mark/DSC_0211.TIF,3,3,1,3,4,1,2719,2987,1518,1786
/Volumes/shared/Research-Groups/Mark-Banfield/Josh_Williams/Scoring_5May/Mark/DSC_0211.TIF,3,3,2,2,1,1,1499,1745,2022,2268
/Volumes/shared/Research-Groups/Mark-Banfield/Josh_Williams/Scoring_5May/Mark/DSC_0211.TIF,3,3,2,2,6,3,1703,2031,2032,2360
/Volumes/shared/Research-Groups/Mark-Banfield/Josh_Williams/Scoring_5May/Mark/DSC_0211.TIF,3,3,3,1,2,0,662,1016,3656,4010
/Volumes/shared/Research-Groups/Mark-Banfield/Josh_Williams/Scoring_5May/Mark/DSC_0211.TIF,3,3,3,1,5,3,1218,1538,3674,3994
/Volumes/shared/Research-Groups/Mark-Banfield/Josh_Williams/Scoring_5May/Mark/DSC_0211.TIF,3,3,3,3,3,3,2200,2502,4121,4423
/Volumes/shared/Research-Groups/Mark-Banfield/Josh_Williams/Scoring_5May/Mark/DSC_0211.TIF,3,3,3,3,4,2,2801,3055,4162,4416
/Volumes/shared/Research-Groups/Mark-Banfield/Josh_Williams/Scoring_5May/Mark/DSC_3612.tif,3,3,1,2,1,2,1400,1712,586,898
/Volumes/shared/Research-Groups/Mark-Banfield/Josh_Williams/Scoring_5May/Mark/DSC_3612.tif,3,3,1,2,2,1,1219,1597,852,1230
/Volumes/shared/Research-Groups/Mark-Banfield/Josh_Williams/Scoring_5May/Mark/DSC_3612.tif,3,3,1,2,3,1,1340,1618,1248,1526
/Volumes/shared/Research-Groups/Mark-Banfield/Josh_Williams/Scoring_5May/Mark/DSC_3612.tif,3,3,2,1,1,1,637,957,1660,1980
/Volumes/shared/Research-Groups/Mark-Banfield/Josh_Williams/Scoring_5May/Mark/DSC_3612.tif,3,3,2,1,2,1,540,878,1925,2263
/Volumes/shared/Research-Groups/Mark-Banfield/Josh_Williams/Scoring_5May/Mark/DSC_3612.tif,3,3,2,1,3,0,448,894,2234,2680
/Volumes/shared/Research-Groups/Mark-Banfield/Josh_Williams/Scoring_5May/Mark/DSC_3612.tif,3,3,2,3,4,2,2368,2714,2393,2739
/Volumes/shared/Research-Groups/Mark-Banfield/Josh_Williams/Scoring_5May/Mark/DSC_3612.tif,3,3,2,3,5,2,2410,2696,2094,2380
/Volumes/shared/Research-Groups/Mark-Banfield/Josh_Williams/Scoring_5May/Mark/DSC_3612.tif,3,3,2,3,6,2,2334,2630,1782,2078
/Volumes/shared/Research-Groups/Mark-Banfield/Josh_Williams/Scoring_5May/Mark/DSC_3612.tif,3,3,3,1,4,2,1126,1496,3598,3968
/Volumes/shared/Research-Groups/Mark-Banfield/Josh_Williams/Scoring_5May/Mark/DSC_3612.tif,3,3,3,1,5,2,1072,1366,3304,3598
/Volumes/shared/Research-Groups/Mark-Banfield/Josh_Williams/Scoring_5May/Mark/DSC_3612.tif,3,3,3,1,6,3,953,1273,3008,3328
/Volumes/shared/Research-Groups/Mark-Banfield/Josh_Williams/Scoring_5May/Mark/DSC_3612.tif,3,3,3,3,1,2,1980,2284,3181,3485
/Volumes/shared/Research-Groups/Mark-Banfield/Josh_Williams/Scoring_5May/Mark/DSC_3612.tif,3,3,3,3,2,2,1724,2086,3346,3708
/Volumes/shared/Research-Groups/Mark-Banfield/Josh_Williams/Scoring_5May/Mark/DSC_3612.tif,3,3,3,3,3,0,1754,2132,3780,4158
/Volumes/shared/Research-Groups/Mark-Banfield/Josh_Williams/Scoring_5May/Mark/DSC_3614.tif,3,3,1,2,4,3,1880,2158,1264,1542
/Volumes/shared/Research-Groups/Mark-Banfield/Josh_Williams/Scoring_5May/Mark/DSC_3614.tif,3,3,1,2,5,3,1914,2250,899,1235
/Volumes/shared/Research-Groups/Mark-Banfield/Josh_Williams/Scoring_5May/Mark/DSC_3614.tif,3,3,1,2,6,4,1711,2149,608,1046
/Volumes/shared/Research-Groups/Mark-Banfield/Josh_Williams/Scoring_5May/Mark/DSC_3614.tif,3,3,2,1,4,2,1049,1361,2166,2478
/Volumes/shared/Research-Groups/Mark-Banfield/Josh_Williams/Scoring_5May/Mark/DSC_3614.tif,3,3,2,1,5,3,1054,1374,1900,2220
/Volumes/shared/Research-Groups/Mark-Banfield/Josh_Williams/Scoring_5May/Mark/DSC_3614.tif,3,3,2,1,6,4,996,1256,1631,1891
/Volumes/shared/Research-Groups/Mark-Banfield/Josh_Williams/Scoring_5May/Mark/DSC_3614.tif,3,3,2,3,1,3,2124,2410,1593,1879
/Volumes/shared/Research-Groups/Mark-Banfield/Josh_Williams/Scoring_5May/Mark/DSC_3614.tif,3,3,2,3,2,3,1930,2216,1880,2166
/Volumes/shared/Research-Groups/Mark-Banfield/Josh_Williams/Scoring_5May/Mark/DSC_3614.tif,3,3,2,3,3,3,1972,2368,2111,2507
/Volumes/shared/Research-Groups/Mark-Banfield/Josh_Williams/Scoring_5May/Mark/DSC_3614.tif,3,3,3,1,4,3,1206,1584,3404,3782
/Volumes/shared/Research-Groups/Mark-Banfield/Josh_Williams/Scoring_5May/Mark/DSC_3614.tif,3,3,3,1,5,4,1230,1652,3101,3523
/Volumes/shared/Research-Groups/Mark-Banfield/Josh_Williams/Scoring_5May/Mark/DSC_3614.tif,3,3,3,1,6,4,1070,1492,2877,3299
/Volumes/shared/Research-Groups/Mark-Banfield/Josh_Williams/Scoring_5May/Mark/DSC_3614.tif,3,3,3,3,1,3,1804,2132,3021,3349
/Volumes/shared/Research-Groups/Mark-Banfield/Josh_Williams/Scoring_5May/Mark/DSC_3614.tif,3,3,3,3,2,3,1762,2124,3308,3670
/Volumes/shared/Research-Groups/Mark-Banfield/Josh_Williams/Scoring_5May/Mark/DSC_3614.tif,3,3,3,3,3,3,1972,2308,3666,4002
/Volumes/shared/Research-Groups/Mark-Banfield/Josh_Williams/Scoring_5May/Mark/DSC_9234.TIF,3,3,1,1,2,0,458,828,444,814
/Volumes/shared/Research-Groups/Mark-Banfield/Josh_Williams/Scoring_5May/Mark/DSC_9234.TIF,3,3,1,1,5,3,1128,1426,472,770
/Volumes/shared/Research-Groups/Mark-Banfield/Josh_Williams/Scoring_5May/Mark/DSC_9234.TIF,3,3,1,3,2,3,3280,3634,480,834
/Volumes/shared/Research-Groups/Mark-Banfield/Josh_Williams/Scoring_5May/Mark/DSC_9234.TIF,3,3,1,3,5,0,3876,4212,484,820
/Volumes/shared/Research-Groups/Mark-Banfield/Josh_Williams/Scoring_5May/Mark/DSC_9234.TIF,3,3,2,2,2,3,1807,2249,1078,1520
/Volumes/shared/Research-Groups/Mark-Banfield/Josh_Williams/Scoring_5May/Mark/DSC_9234.TIF,3,3,2,2,5,0,2648,2850,1158,1360
/Volumes/shared/Research-Groups/Mark-Banfield/Josh_Williams/Scoring_5May/Mark/DSC_9234.TIF,3,3,3,1,2,0,672,1192,1768,2288
/Volumes/shared/Research-Groups/Mark-Banfield/Josh_Williams/Scoring_5May/Mark/DSC_9234.TIF,3,3,3,1,5,3,1342,1716,1892,2266
/Volumes/shared/Research-Groups/Mark-Banfield/Josh_Williams/Scoring_5May/Mark/DSC_9234.TIF,3,3,3,3,2,0,3136,3646,1893,2403
/Volumes/shared/Research-Groups/Mark-Banfield/Josh_Williams/Scoring_5May/Mark/DSC_9234.TIF,3,3,3,3,5,4,3791,4105,1936,2250
/Volumes/shared/Research-Groups/Mark-Banfield/Josh_Williams/Scoring_5May/Mark/DSC_9233.TIF,3,3,1,1,1,0,456,702,256,502
/Volumes/shared/Research-Groups/Mark-Banfield/Josh_Williams/Scoring_5May/Mark/DSC_9233.TIF,3,3,1,1,6,4,786,1038,208,460
/Volumes/shared/Research-Groups/Mark-Banfield/Josh_Williams/Scoring_5May/Mark/DSC_9233.TIF,3,3,1,3,1,0,3472,3870,136,534
/Volumes/shared/Research-Groups/Mark-Banfield/Josh_Williams/Scoring_5May/Mark/DSC_9233.TIF,3,3,1,3,6,2,3960,4330,130,500
/Volumes/shared/Research-Groups/Mark-Banfield/Josh_Williams/Scoring_5May/Mark/DSC_9233.TIF,3,3,2,2,2,2,1778,2188,1080,1490
/Volumes/shared/Research-Groups/Mark-Banfield/Josh_Williams/Scoring_5May/Mark/DSC_9233.TIF,3,3,2,2,5,0,2428,2804,1103,1479
/Volumes/shared/Research-Groups/Mark-Banfield/Josh_Williams/Scoring_5May/Mark/DSC_9233.TIF,3,3,3,1,2,0,527,875,1868,2216
/Volumes/shared/Research-Groups/Mark-Banfield/Josh_Williams/Scoring_5May/Mark/DSC_9233.TIF,3,3,3,1,5,0,1302,1632,1815,2145
/Volumes/shared/Research-Groups/Mark-Banfield/Josh_Williams/Scoring_5May/Mark/DSC_9233.TIF,3,3,3,3,1,0,3158,3432,1644,1918
/Volumes/shared/Research-Groups/Mark-Banfield/Josh_Williams/Scoring_5May/Mark/DSC_9233.TIF,3,3,3,3,6,2,3510,3880,1515,1885
/Volumes/shared/Research-Groups/Mark-Banfield/Josh_Williams/Scoring_5May/Mark/DSC_0113.TIF,3,3,1,1,1,0,368,730,246,608
/Volumes/shared/Research-Groups/Mark-Banfield/Josh_Williams/Scoring_5May/Mark/DSC_0113.TIF,3,3,1,1,2,0,270,574,539,843
/Volumes/shared/Research-Groups/Mark-Banfield/Josh_Williams/Scoring_5May/Mark/DSC_0113.TIF,3,3,1,1,3,3,186,490,868,1172
/Volumes/shared/Research-Groups/Mark-Banfield/Josh_Williams/Scoring_5May/Mark/DSC_0113.TIF,3,3,1,1,4,0,928,1198,869,1139
/Volumes/shared/Research-Groups/Mark-Banfield/Josh_Williams/Scoring_5May/Mark/DSC_0113.TIF,3,3,1,3,1,0,2321,2549,278,506
/Volumes/shared/Research-Groups/Mark-Banfield/Josh_Williams/Scoring_5May/Mark/DSC_0113.TIF,3,3,1,3,2,0,2107,2361,514,768
/Volumes/shared/Research-Groups/Mark-Banfield/Josh_Williams/Scoring_5May/Mark/DSC_0113.TIF,3,3,1,3,3,1,2098,2352,839,1093
/Volumes/shared/Research-Groups/Mark-Banfield/Josh_Williams/Scoring_5May/Mark/DSC_0113.TIF,3,3,1,3,5,0,2630,2984,633,987
/Volumes/shared/Research-Groups/Mark-Banfield/Josh_Williams/Scoring_5May/Mark/DSC_0113.TIF,3,3,2,2,4,1,1611,1921,1594,1904
/Volumes/shared/Research-Groups/Mark-Banfield/Josh_Williams/Scoring_5May/Mark/DSC_0113.TIF,3,3,2,2,5,0,1787,2065,1922,2200
/Volumes/shared/Research-Groups/Mark-Banfield/Josh_Williams/Scoring_5May/Mark/DSC_0113.TIF,3,3,2,2,6,0,1744,1990,2199,2445
/Volumes/shared/Research-Groups/Mark-Banfield/Josh_Williams/Scoring_5May/Mark/DSC_0113.TIF,3,3,3,1,2,0,396,818,3193,3615
/Volumes/shared/Research-Groups/Mark-Banfield/Josh_Williams/Scoring_5May/Mark/DSC_0113.TIF,3,3,3,1,5,1,920,1240,3228,3548
/Volumes/shared/Research-Groups/Mark-Banfield/Josh_Williams/Scoring_5May/Mark/DSC_0113.TIF,3,3,3,1,6,0,878,1138,2988,3248
/Volumes/shared/Research-Groups/Mark-Banfield/Josh_Williams/Scoring_5May/Mark/DSC_0113.TIF,3,3,3,3,2,0,1950,2364,3286,3700
/Volumes/shared/Research-Groups/Mark-Banfield/Josh_Williams/Scoring_5May/Mark/DSC_0113.TIF,3,3,3,3,4,2,2546,2958,3800,4212
/Volumes/shared/Research-Groups/Mark-Banfield/Josh_Williams/Scoring_5May/Mark/DSC_0113.TIF,3,3,3,3,5,2,2654,2984,3450,3780
/Volumes/shared/Research-Groups/Mark-Banfield/Josh_Williams/Scoring_5May/Mark/DSC_0113.TIF,3,3,3,3,6,2,2616,2870,3134,3388
/Volumes/shared/Research-Groups/Mark-Banfield/Josh_Williams/Scoring_5May/Mark/_DSC0769.tif,3,3,1,2,4,0,2248,2742,1443,1937
/Volumes/shared/Research-Groups/Mark-Banfield/Josh_Williams/Scoring_5May/Mark/_DSC0769.tif,3,3,1,2,5,1,2218,2590,1138,1510
/Volumes/shared/Research-Groups/Mark-Banfield/Josh_Williams/Scoring_5May/Mark/_DSC0769.tif,3,3,1,2,6,2,2248,2542,939,1233
/Volumes/shared/Research-Groups/Mark-Banfield/Josh_Williams/Scoring_5May/Mark/_DSC0769.tif,3,3,2,1,1,1,1124,1400,2280,2556
/Volumes/shared/Research-Groups/Mark-Banfield/Josh_Williams/Scoring_5May/Mark/_DSC0769.tif,3,3,2,1,2,2,962,1258,2476,2772
/Volumes/shared/Research-Groups/Mark-Banfield/Josh_Williams/Scoring_5May/Mark/_DSC0769.tif,3,3,2,1,3,1,933,1323,2762,3152
/Volumes/shared/Research-Groups/Mark-Banfield/Josh_Williams/Scoring_5May/Mark/_DSC0769.tif,3,3,2,3,4,2,3018,3408,2909,3299
/Volumes/shared/Research-Groups/Mark-Banfield/Josh_Williams/Scoring_5May/Mark/_DSC0769.tif,3,3,2,3,5,2,2970,3360,2566,2956
/Volumes/shared/Research-Groups/Mark-Banfield/Josh_Williams/Scoring_5May/Mark/_DSC0769.tif,3,3,2,3,6,2,2884,3370,2257,2743
/Volumes/shared/Research-Groups/Mark-Banfield/Josh_Williams/Scoring_5May/Mark/_DSC0769.tif,3,3,3,1,1,3,886,1200,3851,4165
/Volumes/shared/Research-Groups/Mark-Banfield/Josh_Williams/Scoring_5May/Mark/_DSC0769.tif,3,3,3,1,2,2,762,1028,4122,4388
/Volumes/shared/Research-Groups/Mark-Banfield/Josh_Williams/Scoring_5May/Mark/_DSC0769.tif,3,3,3,1,3,2,630,1000,4417,4787
/Volumes/shared/Research-Groups/Mark-Banfield/Josh_Williams/Scoring_5May/Mark/_DSC0769.tif,3,3,3,3,4,0,2856,3380,4446,4970
/Volumes/shared/Research-Groups/Mark-Banfield/Josh_Williams/Scoring_5May/Mark/_DSC0769.tif,3,3,3,3,5,1,2962,3314,4161,4513
/Volumes/shared/Research-Groups/Mark-Banfield/Josh_Williams/Scoring_5May/Mark/_DSC0769.tif,3,3,3,3,6,2,2838,3084,3828,4074
/Volumes/shared/Research-Groups/Mark-Banfield/Josh_Williams/Scoring_5May/Mark/DSC_9236.TIF,3,3,1,1,2,2,405,769,444,808
/Volumes/shared/Research-Groups/Mark-Banfield/Josh_Williams/Scoring_5May/Mark/DSC_9236.TIF,3,3,1,1,5,4,1145,1453,478,786
/Volumes/shared/Research-Groups/Mark-Banfield/Josh_Williams/Scoring_5May/Mark/DSC_9236.TIF,3,3,1,3,2,2,3447,3879,320,752
/Volumes/shared/Research-Groups/Mark-Banfield/Josh_Williams/Scoring_5May/Mark/DSC_9236.TIF,3,3,1,3,5,3,4198,4478,528,808
/Volumes/shared/Research-Groups/Mark-Banfield/Josh_Williams/Scoring_5May/Mark/DSC_9236.TIF,3,3,2,2,2,2,1835,2227,988,1380
/Volumes/shared/Research-Groups/Mark-Banfield/Josh_Williams/Scoring_5May/Mark/DSC_9236.TIF,3,3,2,2,5,3,2568,2844,1060,1336
/Volumes/shared/Research-Groups/Mark-Banfield/Josh_Williams/Scoring_5May/Mark/DSC_9236.TIF,3,3,3,1,1,3,864,1190,1492,1818
/Volumes/shared/Research-Groups/Mark-Banfield/Josh_Williams/Scoring_5May/Mark/DSC_9236.TIF,3,3,3,1,6,2,1196,1510,1596,1910
/Volumes/shared/Research-Groups/Mark-Banfield/Josh_Williams/Scoring_5May/Mark/DSC_9236.TIF,3,3,3,3,2,3,3197,3517,1772,2092
/Volumes/shared/Research-Groups/Mark-Banfield/Josh_Williams/Scoring_5May/Mark/DSC_9236.TIF,3,3,3,3,5,5,3884,4186,1790,2092
