img,maxrow,maxcol,row,col,pos,score,x1,x2,y1,y2
\\nbi-ufiles\shared\Research-Groups\Mark-Banfield\Josh_Williams\Scoring_5May\Yuxuan\DSC_0103.TIF,3,3,1,1,1,3,639,893,618,872
\\nbi-ufiles\shared\Research-Groups\Mark-Banfield\Josh_Williams\Scoring_5May\Yuxuan\DSC_0103.TIF,3,3,1,1,2,4,562,816,878,1132
\\nbi-ufiles\shared\Research-Groups\Mark-Banfield\Josh_Williams\Scoring_5May\Yuxuan\DSC_0103.TIF,3,3,1,1,3,3,398,728,1096,1426
\\nbi-ufiles\shared\Research-Groups\Mark-Banfield\Josh_Williams\Scoring_5May\Yuxuan\DSC_0103.TIF,3,3,1,1,5,3,914,1216,882,1184
\\nbi-ufiles\shared\Research-Groups\Mark-Banfield\Josh_Williams\Scoring_5May\Yuxuan\DSC_0103.TIF,3,3,1,3,1,2,2262,2536,738,1012
\\nbi-ufiles\shared\Research-Groups\Mark-Banfield\Josh_Williams\Scoring_5May\Yuxuan\DSC_0103.TIF,3,3,1,3,4,4,2536,2922,1359,1745
\\nbi-ufiles\shared\Research-Groups\Mark-Banfield\Josh_Williams\Scoring_5May\Yuxuan\DSC_0103.TIF,3,3,1,3,5,5,2612,2942,1121,1451
\\nbi-ufiles\shared\Research-Groups\Mark-Banfield\Josh_Williams\Scoring_5May\Yuxuan\DSC_0103.TIF,3,3,1,3,6,4,2571,2845,788,1062
\\nbi-ufiles\shared\Research-Groups\Mark-Banfield\Josh_Williams\Scoring_5May\Yuxuan\DSC_0103.TIF,3,3,2,2,1,3,1306,1594,1682,1970
\\nbi-ufiles\shared\Research-Groups\Mark-Banfield\Josh_Williams\Scoring_5May\Yuxuan\DSC_0103.TIF,3,3,2,2,2,3,1258,1566,1991,2299
\\nbi-ufiles\shared\Research-Groups\Mark-Banfield\Josh_Williams\Scoring_5May\Yuxuan\DSC_0103.TIF,3,3,2,2,3,4,1180,1524,2321,2665
\\nbi-ufiles\shared\Research-Groups\Mark-Banfield\Josh_Williams\Scoring_5May\Yuxuan\DSC_0103.TIF,3,3,2,2,4,1,1774,2034,2324,2584
\\nbi-ufiles\shared\Research-Groups\Mark-Banfield\Josh_Williams\Scoring_5May\Yuxuan\DSC_0103.TIF,3,3,3,1,1,3,643,895,3048,3300
\\nbi-ufiles\shared\Research-Groups\Mark-Banfield\Josh_Williams\Scoring_5May\Yuxuan\DSC_0103.TIF,3,3,3,1,4,3,1011,1299,3610,3898
\\nbi-ufiles\shared\Research-Groups\Mark-Banfield\Josh_Williams\Scoring_5May\Yuxuan\DSC_0103.TIF,3,3,3,1,5,4,970,1250,3290,3570
\\nbi-ufiles\shared\Research-Groups\Mark-Banfield\Josh_Williams\Scoring_5May\Yuxuan\DSC_0103.TIF,3,3,3,1,6,4,910,1156,3040,3286
\\nbi-ufiles\shared\Research-Groups\Mark-Banfield\Josh_Williams\Scoring_5May\Yuxuan\DSC_0103.TIF,3,3,3,3,2,2,1960,2240,3333,3613
\\nbi-ufiles\shared\Research-Groups\Mark-Banfield\Josh_Williams\Scoring_5May\Yuxuan\DSC_0103.TIF,3,3,3,3,4,3,2500,2802,3652,3954
\\nbi-ufiles\shared\Research-Groups\Mark-Banfield\Josh_Williams\Scoring_5May\Yuxuan\DSC_0103.TIF,3,3,3,3,5,6,2416,2752,3322,3658
\\nbi-ufiles\shared\Research-Groups\Mark-Banfield\Josh_Williams\Scoring_5May\Yuxuan\DSC_0103.TIF,3,3,3,3,6,4,2360,2648,3030,3318
\\nbi-ufiles\shared\Research-Groups\Mark-Banfield\Josh_Williams\Scoring_5May\Yuxuan\DSC_0105.TIF,3,3,1,1,3,0,411,763,1046,1398
\\nbi-ufiles\shared\Research-Groups\Mark-Banfield\Josh_Williams\Scoring_5May\Yuxuan\DSC_0105.TIF,3,3,1,1,4,0,1076,1398,928,1250
\\nbi-ufiles\shared\Research-Groups\Mark-Banfield\Josh_Williams\Scoring_5May\Yuxuan\DSC_0105.TIF,3,3,1,3,2,0,2044,2374,615,945
\\nbi-ufiles\shared\Research-Groups\Mark-Banfield\Josh_Williams\Scoring_5May\Yuxuan\DSC_0105.TIF,3,3,1,3,5,0,2598,2956,622,980
\\nbi-ufiles\shared\Research-Groups\Mark-Banfield\Josh_Williams\Scoring_5May\Yuxuan\DSC_0105.TIF,3,3,2,2,1,0,1366,1662,1404,1700
\\nbi-ufiles\shared\Research-Groups\Mark-Banfield\Josh_Williams\Scoring_5May\Yuxuan\DSC_0105.TIF,3,3,2,2,6,0,1672,1938,1356,1622
\\nbi-ufiles\shared\Research-Groups\Mark-Banfield\Josh_Williams\Scoring_5May\Yuxuan\DSC_0105.TIF,3,3,3,1,2,1,464,794,3220,3550
\\nbi-ufiles\shared\Research-Groups\Mark-Banfield\Josh_Williams\Scoring_5May\Yuxuan\DSC_0105.TIF,3,3,3,1,5,0,899,1223,3230,3554
\\nbi-ufiles\shared\Research-Groups\Mark-Banfield\Josh_Williams\Scoring_5May\Yuxuan\DSC_0105.TIF,3,3,3,3,1,0,2272,2546,2964,3238
\\nbi-ufiles\shared\Research-Groups\Mark-Banfield\Josh_Williams\Scoring_5May\Yuxuan\DSC_0105.TIF,3,3,3,3,6,0,2567,2849,2928,3210
\\nbi-ufiles\shared\Research-Groups\Mark-Banfield\Josh_Williams\Scoring_5May\Yuxuan\DSC_0106.TIF,3,3,1,1,3,0,464,738,1015,1289
\\nbi-ufiles\shared\Research-Groups\Mark-Banfield\Josh_Williams\Scoring_5May\Yuxuan\DSC_0106.TIF,3,3,1,1,4,1,1016,1366,844,1194
\\nbi-ufiles\shared\Research-Groups\Mark-Banfield\Josh_Williams\Scoring_5May\Yuxuan\DSC_0106.TIF,3,3,1,3,1,0,2113,2381,246,514
\\nbi-ufiles\shared\Research-Groups\Mark-Banfield\Josh_Williams\Scoring_5May\Yuxuan\DSC_0106.TIF,3,3,1,3,6,0,2430,2718,162,450
\\nbi-ufiles\shared\Research-Groups\Mark-Banfield\Josh_Williams\Scoring_5May\Yuxuan\DSC_0106.TIF,3,3,2,2,1,1,1447,1727,1476,1756
\\nbi-ufiles\shared\Research-Groups\Mark-Banfield\Josh_Williams\Scoring_5May\Yuxuan\DSC_0106.TIF,3,3,2,2,6,0,1760,2026,1482,1748
\\nbi-ufiles\shared\Research-Groups\Mark-Banfield\Josh_Williams\Scoring_5May\Yuxuan\DSC_0106.TIF,3,3,3,1,2,0,475,783,3076,3384
\\nbi-ufiles\shared\Research-Groups\Mark-Banfield\Josh_Williams\Scoring_5May\Yuxuan\DSC_0106.TIF,3,3,3,1,4,0,920,1264,3469,3813
\\nbi-ufiles\shared\Research-Groups\Mark-Banfield\Josh_Williams\Scoring_5May\Yuxuan\DSC_0106.TIF,3,3,3,1,5,0,998,1370,3142,3514
\\nbi-ufiles\shared\Research-Groups\Mark-Banfield\Josh_Williams\Scoring_5May\Yuxuan\DSC_0106.TIF,3,3,3,3,3,0,1935,2307,3496,3868
\\nbi-ufiles\shared\Research-Groups\Mark-Banfield\Josh_Williams\Scoring_5May\Yuxuan\DSC_0106.TIF,3,3,3,3,4,0,2556,2914,3596,3954
\\nbi-ufiles\shared\Research-Groups\Mark-Banfield\Josh_Williams\Scoring_5May\Yuxuan\DSC_0109.TIF,3,3,1,1,3,5,342,628,1104,1390
\\nbi-ufiles\shared\Research-Groups\Mark-Banfield\Josh_Williams\Scoring_5May\Yuxuan\DSC_0109.TIF,3,3,1,1,4,4,858,1166,1142,1450
\\nbi-ufiles\shared\Research-Groups\Mark-Banfield\Josh_Williams\Scoring_5May\Yuxuan\DSC_0109.TIF,3,3,1,1,5,3,858,1160,784,1086
\\nbi-ufiles\shared\Research-Groups\Mark-Banfield\Josh_Williams\Scoring_5May\Yuxuan\DSC_0109.TIF,3,3,1,3,1,2,2192,2494,366,668
\\nbi-ufiles\shared\Research-Groups\Mark-Banfield\Josh_Williams\Scoring_5May\Yuxuan\DSC_0109.TIF,3,3,1,3,6,3,2511,2791,380,660
\\nbi-ufiles\shared\Research-Groups\Mark-Banfield\Josh_Williams\Scoring_5May\Yuxuan\DSC_0109.TIF,3,3,2,2,2,3,1201,1511,1896,2206
\\nbi-ufiles\shared\Research-Groups\Mark-Banfield\Josh_Williams\Scoring_5May\Yuxuan\DSC_0109.TIF,3,3,2,2,5,5,1857,2125,1748,2016
\\nbi-ufiles\shared\Research-Groups\Mark-Banfield\Josh_Williams\Scoring_5May\Yuxuan\DSC_0109.TIF,3,3,3,1,3,3,474,784,3672,3982
\\nbi-ufiles\shared\Research-Groups\Mark-Banfield\Josh_Williams\Scoring_5May\Yuxuan\DSC_0109.TIF,3,3,3,1,4,1,1135,1493,3496,3854
\\nbi-ufiles\shared\Research-Groups\Mark-Banfield\Josh_Williams\Scoring_5May\Yuxuan\DSC_0109.TIF,3,3,3,3,1,1,2191,2443,3006,3258
\\nbi-ufiles\shared\Research-Groups\Mark-Banfield\Josh_Williams\Scoring_5May\Yuxuan\DSC_0109.TIF,3,3,3,3,6,2,2475,2805,2928,3258
\\nbi-ufiles\shared\Research-Groups\Mark-Banfield\Josh_Williams\Scoring_5May\Yuxuan\DSC_0112.TIF,3,3,1,1,2,4,219,521,688,990
\\nbi-ufiles\shared\Research-Groups\Mark-Banfield\Josh_Williams\Scoring_5May\Yuxuan\DSC_0112.TIF,3,3,1,1,4,2,858,1138,981,1261
\\nbi-ufiles\shared\Research-Groups\Mark-Banfield\Josh_Williams\Scoring_5May\Yuxuan\DSC_0112.TIF,3,3,1,1,5,4,879,1153,688,962
\\nbi-ufiles\shared\Research-Groups\Mark-Banfield\Josh_Williams\Scoring_5May\Yuxuan\DSC_0112.TIF,3,3,1,1,6,3,696,998,444,746
\\nbi-ufiles\shared\Research-Groups\Mark-Banfield\Josh_Williams\Scoring_5May\Yuxuan\DSC_0112.TIF,3,3,1,3,1,3,2198,2486,288,576
\\nbi-ufiles\shared\Research-Groups\Mark-Banfield\Josh_Williams\Scoring_5May\Yuxuan\DSC_0112.TIF,3,3,1,3,2,4,2124,2412,598,886
\\nbi-ufiles\shared\Research-Groups\Mark-Banfield\Josh_Williams\Scoring_5May\Yuxuan\DSC_0112.TIF,3,3,1,3,3,4,2149,2451,914,1216
\\nbi-ufiles\shared\Research-Groups\Mark-Banfield\Josh_Williams\Scoring_5May\Yuxuan\DSC_0112.TIF,3,3,1,3,6,3,2514,2852,204,542
\\nbi-ufiles\shared\Research-Groups\Mark-Banfield\Josh_Williams\Scoring_5May\Yuxuan\DSC_0112.TIF,3,3,2,2,2,0,1213,1521,2016,2324
\\nbi-ufiles\shared\Research-Groups\Mark-Banfield\Josh_Williams\Scoring_5May\Yuxuan\DSC_0112.TIF,3,3,2,2,4,1,1728,2016,2338,2626
\\nbi-ufiles\shared\Research-Groups\Mark-Banfield\Josh_Williams\Scoring_5May\Yuxuan\DSC_0112.TIF,3,3,2,2,5,4,1724,2012,2044,2332
\\nbi-ufiles\shared\Research-Groups\Mark-Banfield\Josh_Williams\Scoring_5May\Yuxuan\DSC_0112.TIF,3,3,2,2,6,0,1678,1924,1805,2051
\\nbi-ufiles\shared\Research-Groups\Mark-Banfield\Josh_Williams\Scoring_5May\Yuxuan\DSC_0112.TIF,3,3,3,1,1,1,566,840,2978,3252
\\nbi-ufiles\shared\Research-Groups\Mark-Banfield\Josh_Williams\Scoring_5May\Yuxuan\DSC_0112.TIF,3,3,3,1,2,4,450,788,3209,3547
\\nbi-ufiles\shared\Research-Groups\Mark-Banfield\Josh_Williams\Scoring_5May\Yuxuan\DSC_0112.TIF,3,3,3,1,3,1,401,689,3574,3862
\\nbi-ufiles\shared\Research-Groups\Mark-Banfield\Josh_Williams\Scoring_5May\Yuxuan\DSC_0112.TIF,3,3,3,1,5,3,984,1306,3266,3588
\\nbi-ufiles\shared\Research-Groups\Mark-Banfield\Josh_Williams\Scoring_5May\Yuxuan\DSC_0112.TIF,3,3,3,3,3,1,1922,2216,3792,4086
\\nbi-ufiles\shared\Research-Groups\Mark-Banfield\Josh_Williams\Scoring_5May\Yuxuan\DSC_0112.TIF,3,3,3,3,4,4,2641,2963,3792,4114
\\nbi-ufiles\shared\Research-Groups\Mark-Banfield\Josh_Williams\Scoring_5May\Yuxuan\DSC_0112.TIF,3,3,3,3,5,3,2529,2851,3392,3714
\\nbi-ufiles\shared\Research-Groups\Mark-Banfield\Josh_Williams\Scoring_5May\Yuxuan\DSC_0112.TIF,3,3,3,3,6,2,2511,2771,3068,3328
\\nbi-ufiles\shared\Research-Groups\Mark-Banfield\Josh_Williams\Scoring_5May\Yuxuan\DSC_0113.TIF,3,3,1,1,1,0,387,655,288,556
\\nbi-ufiles\shared\Research-Groups\Mark-Banfield\Josh_Williams\Scoring_5May\Yuxuan\DSC_0113.TIF,3,3,1,1,2,0,247,619,584,956
\\nbi-ufiles\shared\Research-Groups\Mark-Banfield\Josh_Williams\Scoring_5May\Yuxuan\DSC_0113.TIF,3,3,1,1,3,3,137,489,906,1258
\\nbi-ufiles\shared\Research-Groups\Mark-Banfield\Josh_Williams\Scoring_5May\Yuxuan\DSC_0113.TIF,3,3,1,1,4,0,907,1215,914,1222
\\nbi-ufiles\shared\Research-Groups\Mark-Banfield\Josh_Williams\Scoring_5May\Yuxuan\DSC_0113.TIF,3,3,1,3,1,1,2272,2588,198,514
\\nbi-ufiles\shared\Research-Groups\Mark-Banfield\Josh_Williams\Scoring_5May\Yuxuan\DSC_0113.TIF,3,3,1,3,2,0,2107,2417,492,802
\\nbi-ufiles\shared\Research-Groups\Mark-Banfield\Josh_Williams\Scoring_5May\Yuxuan\DSC_0113.TIF,3,3,1,3,3,2,2061,2433,822,1194
\\nbi-ufiles\shared\Research-Groups\Mark-Banfield\Josh_Williams\Scoring_5May\Yuxuan\DSC_0113.TIF,3,3,1,3,5,0,2620,3048,590,1018
\\nbi-ufiles\shared\Research-Groups\Mark-Banfield\Josh_Williams\Scoring_5May\Yuxuan\DSC_0113.TIF,3,3,2,2,1,0,1244,1518,1517,1791
\\nbi-ufiles\shared\Research-Groups\Mark-Banfield\Josh_Williams\Scoring_5May\Yuxuan\DSC_0113.TIF,3,3,2,2,4,0,1749,2009,2212,2472
\\nbi-ufiles\shared\Research-Groups\Mark-Banfield\Josh_Williams\Scoring_5May\Yuxuan\DSC_0113.TIF,3,3,2,2,5,1,1798,2100,1889,2191
\\nbi-ufiles\shared\Research-Groups\Mark-Banfield\Josh_Williams\Scoring_5May\Yuxuan\DSC_0113.TIF,3,3,2,2,6,1,1630,1938,1588,1896
\\nbi-ufiles\shared\Research-Groups\Mark-Banfield\Josh_Williams\Scoring_5May\Yuxuan\DSC_0113.TIF,3,3,3,1,2,1,489,743,3272,3526
\\nbi-ufiles\shared\Research-Groups\Mark-Banfield\Josh_Williams\Scoring_5May\Yuxuan\DSC_0113.TIF,3,3,3,1,4,1,956,1208,3610,3862
\\nbi-ufiles\shared\Research-Groups\Mark-Banfield\Josh_Williams\Scoring_5May\Yuxuan\DSC_0113.TIF,3,3,3,1,5,3,892,1208,3251,3567
\\nbi-ufiles\shared\Research-Groups\Mark-Banfield\Josh_Williams\Scoring_5May\Yuxuan\DSC_0113.TIF,3,3,3,1,6,1,868,1114,3026,3272
\\nbi-ufiles\shared\Research-Groups\Mark-Banfield\Josh_Williams\Scoring_5May\Yuxuan\DSC_0113.TIF,3,3,3,3,2,0,2072,2374,3398,3700
\\nbi-ufiles\shared\Research-Groups\Mark-Banfield\Josh_Williams\Scoring_5May\Yuxuan\DSC_0113.TIF,3,3,3,3,4,1,2606,2922,3805,4121
\\nbi-ufiles\shared\Research-Groups\Mark-Banfield\Josh_Williams\Scoring_5May\Yuxuan\DSC_0113.TIF,3,3,3,3,5,2,2676,2992,3476,3792
\\nbi-ufiles\shared\Research-Groups\Mark-Banfield\Josh_Williams\Scoring_5May\Yuxuan\DSC_0113.TIF,3,3,3,3,6,2,2553,2883,3118,3448
\\nbi-ufiles\shared\Research-Groups\Mark-Banfield\Josh_Williams\Scoring_5May\Yuxuan\DSC_0114.TIF,3,3,1,1,2,0,310,702,441,833
\\nbi-ufiles\shared\Research-Groups\Mark-Banfield\Josh_Williams\Scoring_5May\Yuxuan\DSC_0114.TIF,3,3,1,1,4,1,983,1279,906,1202
\\nbi-ufiles\shared\Research-Groups\Mark-Banfield\Josh_Williams\Scoring_5May\Yuxuan\DSC_0114.TIF,3,3,1,1,5,1,906,1208,531,833
\\nbi-ufiles\shared\Research-Groups\Mark-Banfield\Josh_Williams\Scoring_5May\Yuxuan\DSC_0114.TIF,3,3,1,1,6,1,858,1166,226,534
\\nbi-ufiles\shared\Research-Groups\Mark-Banfield\Josh_Williams\Scoring_5May\Yuxuan\DSC_0114.TIF,3,3,1,3,1,1,2178,2444,327,593
\\nbi-ufiles\shared\Research-Groups\Mark-Banfield\Josh_Williams\Scoring_5May\Yuxuan\DSC_0114.TIF,3,3,1,3,2,2,2022,2352,531,861
\\nbi-ufiles\shared\Research-Groups\Mark-Banfield\Josh_Williams\Scoring_5May\Yuxuan\DSC_0114.TIF,3,3,1,3,3,1,2069,2377,858,1166
\\nbi-ufiles\shared\Research-Groups\Mark-Banfield\Josh_Williams\Scoring_5May\Yuxuan\DSC_0114.TIF,3,3,1,3,5,0,2655,2977,612,934
\\nbi-ufiles\shared\Research-Groups\Mark-Banfield\Josh_Williams\Scoring_5May\Yuxuan\DSC_0114.TIF,3,3,2,2,1,3,1366,1662,1524,1820
\\nbi-ufiles\shared\Research-Groups\Mark-Banfield\Josh_Williams\Scoring_5May\Yuxuan\DSC_0114.TIF,3,3,2,2,2,3,1310,1598,1834,2122
\\nbi-ufiles\shared\Research-Groups\Mark-Banfield\Josh_Williams\Scoring_5May\Yuxuan\DSC_0114.TIF,3,3,2,2,3,1,1208,1532,2131,2455
\\nbi-ufiles\shared\Research-Groups\Mark-Banfield\Josh_Williams\Scoring_5May\Yuxuan\DSC_0114.TIF,3,3,2,2,4,0,1812,2170,2149,2507
\\nbi-ufiles\shared\Research-Groups\Mark-Banfield\Josh_Williams\Scoring_5May\Yuxuan\DSC_0114.TIF,3,3,3,1,3,0,584,906,3515,3837
\\nbi-ufiles\shared\Research-Groups\Mark-Banfield\Josh_Williams\Scoring_5May\Yuxuan\DSC_0114.TIF,3,3,3,1,4,3,1160,1440,3526,3806
\\nbi-ufiles\shared\Research-Groups\Mark-Banfield\Josh_Williams\Scoring_5May\Yuxuan\DSC_0114.TIF,3,3,3,1,5,2,1128,1408,3196,3476
\\nbi-ufiles\shared\Research-Groups\Mark-Banfield\Josh_Williams\Scoring_5May\Yuxuan\DSC_0114.TIF,3,3,3,1,6,0,946,1260,2838,3152
\\nbi-ufiles\shared\Research-Groups\Mark-Banfield\Josh_Williams\Scoring_5May\Yuxuan\DSC_0114.TIF,3,3,3,3,1,0,2157,2423,2992,3258
\\nbi-ufiles\shared\Research-Groups\Mark-Banfield\Josh_Williams\Scoring_5May\Yuxuan\DSC_0114.TIF,3,3,3,3,2,0,2013,2279,3252,3518
\\nbi-ufiles\shared\Research-Groups\Mark-Banfield\Josh_Williams\Scoring_5May\Yuxuan\DSC_0114.TIF,3,3,3,3,3,0,1988,2254,3554,3820
\\nbi-ufiles\shared\Research-Groups\Mark-Banfield\Josh_Williams\Scoring_5May\Yuxuan\DSC_0114.TIF,3,3,3,3,6,0,2433,2685,2950,3202
\\nbi-ufiles\shared\Research-Groups\Mark-Banfield\Josh_Williams\Scoring_5May\Yuxuan\DSC_0207.TIF,3,3,1,1,1,4,660,878,752,970
\\nbi-ufiles\shared\Research-Groups\Mark-Banfield\Josh_Williams\Scoring_5May\Yuxuan\DSC_0207.TIF,3,3,1,1,2,5,499,731,1004,1236
\\nbi-ufiles\shared\Research-Groups\Mark-Banfield\Josh_Williams\Scoring_5May\Yuxuan\DSC_0207.TIF,3,3,1,1,3,5,483,735,1244,1496
\\nbi-ufiles\shared\Research-Groups\Mark-Banfield\Josh_Williams\Scoring_5May\Yuxuan\DSC_0207.TIF,3,3,1,1,5,6,902,1156,1046,1300
\\nbi-ufiles\shared\Research-Groups\Mark-Banfield\Josh_Williams\Scoring_5May\Yuxuan\DSC_0207.TIF,3,3,1,1,6,3,911,1163,766,1018
\\nbi-ufiles\shared\Research-Groups\Mark-Banfield\Josh_Williams\Scoring_5May\Yuxuan\DSC_0207.TIF,3,3,1,3,2,6,2146,2398,1146,1398
\\nbi-ufiles\shared\Research-Groups\Mark-Banfield\Josh_Williams\Scoring_5May\Yuxuan\DSC_0207.TIF,3,3,1,3,4,4,2596,2812,1448,1664
\\nbi-ufiles\shared\Research-Groups\Mark-Banfield\Josh_Williams\Scoring_5May\Yuxuan\DSC_0207.TIF,3,3,1,3,5,6,2522,2794,1157,1429
\\nbi-ufiles\shared\Research-Groups\Mark-Banfield\Josh_Williams\Scoring_5May\Yuxuan\DSC_0207.TIF,3,3,1,3,6,4,2469,2763,886,1180
\\nbi-ufiles\shared\Research-Groups\Mark-Banfield\Josh_Williams\Scoring_5May\Yuxuan\DSC_0207.TIF,3,3,2,2,2,6,1335,1559,2318,2542
\\nbi-ufiles\shared\Research-Groups\Mark-Banfield\Josh_Williams\Scoring_5May\Yuxuan\DSC_0207.TIF,3,3,2,2,3,6,1322,1566,2550,2794
\\nbi-ufiles\shared\Research-Groups\Mark-Banfield\Josh_Williams\Scoring_5May\Yuxuan\DSC_0207.TIF,3,3,2,2,4,5,1735,1959,2550,2774
\\nbi-ufiles\shared\Research-Groups\Mark-Banfield\Josh_Williams\Scoring_5May\Yuxuan\DSC_0207.TIF,3,3,2,2,5,6,1770,1988,2332,2550
\\nbi-ufiles\shared\Research-Groups\Mark-Banfield\Josh_Williams\Scoring_5May\Yuxuan\DSC_0207.TIF,3,3,2,2,6,4,1664,1910,2100,2346
\\nbi-ufiles\shared\Research-Groups\Mark-Banfield\Josh_Williams\Scoring_5May\Yuxuan\DSC_0207.TIF,3,3,3,1,1,4,724,998,3448,3722
\\nbi-ufiles\shared\Research-Groups\Mark-Banfield\Josh_Williams\Scoring_5May\Yuxuan\DSC_0207.TIF,3,3,3,1,2,6,626,914,3718,4006
\\nbi-ufiles\shared\Research-Groups\Mark-Banfield\Josh_Williams\Scoring_5May\Yuxuan\DSC_0207.TIF,3,3,3,1,3,6,590,886,4002,4298
\\nbi-ufiles\shared\Research-Groups\Mark-Banfield\Josh_Williams\Scoring_5May\Yuxuan\DSC_0207.TIF,3,3,3,1,6,4,1026,1272,3384,3630
\\nbi-ufiles\shared\Research-Groups\Mark-Banfield\Josh_Williams\Scoring_5May\Yuxuan\DSC_0207.TIF,3,3,3,3,2,4,2254,2500,3770,4016
\\nbi-ufiles\shared\Research-Groups\Mark-Banfield\Josh_Williams\Scoring_5May\Yuxuan\DSC_0207.TIF,3,3,3,3,4,3,2666,2890,4094,4318
\\nbi-ufiles\shared\Research-Groups\Mark-Banfield\Josh_Williams\Scoring_5May\Yuxuan\DSC_0207.TIF,3,3,3,3,5,5,2682,2936,3791,4045
\\nbi-ufiles\shared\Research-Groups\Mark-Banfield\Josh_Williams\Scoring_5May\Yuxuan\DSC_0207.TIF,3,3,3,3,6,4,2586,2830,3554,3798
\\nbi-ufiles\shared\Research-Groups\Mark-Banfield\Josh_Williams\Scoring_5May\Yuxuan\DSC_0210.TIF,3,3,1,1,2,1,598,878,1135,1415
\\nbi-ufiles\shared\Research-Groups\Mark-Banfield\Josh_Williams\Scoring_5May\Yuxuan\DSC_0210.TIF,3,3,1,1,5,1,1247,1577,1300,1630
\\nbi-ufiles\shared\Research-Groups\Mark-Banfield\Josh_Williams\Scoring_5May\Yuxuan\DSC_0210.TIF,3,3,1,3,1,1,2457,2795,724,1062
\\nbi-ufiles\shared\Research-Groups\Mark-Banfield\Josh_Williams\Scoring_5May\Yuxuan\DSC_0210.TIF,3,3,1,3,6,0,2813,3129,788,1104
\\nbi-ufiles\shared\Research-Groups\Mark-Banfield\Josh_Williams\Scoring_5May\Yuxuan\DSC_0210.TIF,3,3,2,2,2,1,1297,1591,2318,2612
\\nbi-ufiles\shared\Research-Groups\Mark-Banfield\Josh_Williams\Scoring_5May\Yuxuan\DSC_0210.TIF,3,3,2,2,5,3,1896,2234,2324,2662
\\nbi-ufiles\shared\Research-Groups\Mark-Banfield\Josh_Williams\Scoring_5May\Yuxuan\DSC_0210.TIF,3,3,3,1,2,0,478,794,3482,3798
\\nbi-ufiles\shared\Research-Groups\Mark-Banfield\Josh_Williams\Scoring_5May\Yuxuan\DSC_0210.TIF,3,3,3,1,5,0,1244,1566,3508,3830
\\nbi-ufiles\shared\Research-Groups\Mark-Banfield\Josh_Williams\Scoring_5May\Yuxuan\DSC_0210.TIF,3,3,3,3,1,0,2216,2490,3426,3700
\\nbi-ufiles\shared\Research-Groups\Mark-Banfield\Josh_Williams\Scoring_5May\Yuxuan\DSC_0210.TIF,3,3,3,3,4,0,2532,2856,4058,4382
\\nbi-ufiles\shared\Research-Groups\Mark-Banfield\Josh_Williams\Scoring_5May\Yuxuan\DSC_0210.TIF,3,3,3,3,6,0,2455,2785,3412,3742
\\nbi-ufiles\shared\Research-Groups\Mark-Banfield\Josh_Williams\Scoring_5May\Yuxuan\DSC_0211.TIF,3,3,1,1,1,0,612,850,945,1183
\\nbi-ufiles\shared\Research-Groups\Mark-Banfield\Josh_Williams\Scoring_5May\Yuxuan\DSC_0211.TIF,3,3,1,1,2,3,458,732,1156,1430
\\nbi-ufiles\shared\Research-Groups\Mark-Banfield\Josh_Williams\Scoring_5May\Yuxuan\DSC_0211.TIF,3,3,1,1,5,0,928,1152,1283,1507
\\nbi-ufiles\shared\Research-Groups\Mark-Banfield\Josh_Williams\Scoring_5May\Yuxuan\DSC_0211.TIF,3,3,1,3,3,0,2128,2374,1390,1636
\\nbi-ufiles\shared\Research-Groups\Mark-Banfield\Josh_Williams\Scoring_5May\Yuxuan\DSC_0211.TIF,3,3,1,3,4,2,2654,2978,1457,1781
\\nbi-ufiles\shared\Research-Groups\Mark-Banfield\Josh_Williams\Scoring_5May\Yuxuan\DSC_0211.TIF,3,3,2,2,1,1,1510,1728,2050,2268
\\nbi-ufiles\shared\Research-Groups\Mark-Banfield\Josh_Williams\Scoring_5May\Yuxuan\DSC_0211.TIF,3,3,2,2,4,1,1854,2078,2536,2760
\\nbi-ufiles\shared\Research-Groups\Mark-Banfield\Josh_Williams\Scoring_5May\Yuxuan\DSC_0211.TIF,3,3,2,2,5,1,1798,2058,2255,2515
\\nbi-ufiles\shared\Research-Groups\Mark-Banfield\Josh_Williams\Scoring_5May\Yuxuan\DSC_0211.TIF,3,3,2,2,6,5,1717,1963,2036,2282
\\nbi-ufiles\shared\Research-Groups\Mark-Banfield\Josh_Williams\Scoring_5May\Yuxuan\DSC_0211.TIF,3,3,3,1,2,1,737,1019,3686,3968
\\nbi-ufiles\shared\Research-Groups\Mark-Banfield\Josh_Williams\Scoring_5May\Yuxuan\DSC_0211.TIF,3,3,3,1,5,3,1243,1511,3686,3954
\\nbi-ufiles\shared\Research-Groups\Mark-Banfield\Josh_Williams\Scoring_5May\Yuxuan\DSC_0211.TIF,3,3,3,1,6,1,1131,1405,3426,3700
\\nbi-ufiles\shared\Research-Groups\Mark-Banfield\Josh_Williams\Scoring_5May\Yuxuan\DSC_0211.TIF,3,3,3,3,1,1,2318,2584,3547,3813
\\nbi-ufiles\shared\Research-Groups\Mark-Banfield\Josh_Williams\Scoring_5May\Yuxuan\DSC_0211.TIF,3,3,3,3,2,1,2293,2531,3834,4072
\\nbi-ufiles\shared\Research-Groups\Mark-Banfield\Josh_Williams\Scoring_5May\Yuxuan\DSC_0211.TIF,3,3,3,3,3,4,2213,2479,4122,4388
\\nbi-ufiles\shared\Research-Groups\Mark-Banfield\Josh_Williams\Scoring_5May\Yuxuan\DSC_0211.TIF,3,3,3,3,4,3,2774,3062,4122,4410
\\nbi-ufiles\shared\Research-Groups\Mark-Banfield\Josh_Williams\Scoring_5May\Yuxuan\DSC_0213.TIF,3,3,1,1,1,6,619,885,928,1194
\\nbi-ufiles\shared\Research-Groups\Mark-Banfield\Josh_Williams\Scoring_5May\Yuxuan\DSC_0213.TIF,3,3,1,1,6,5,878,1118,920,1160
\\nbi-ufiles\shared\Research-Groups\Mark-Banfield\Josh_Williams\Scoring_5May\Yuxuan\DSC_0213.TIF,3,3,1,3,2,4,2211,2465,1236,1490
\\nbi-ufiles\shared\Research-Groups\Mark-Banfield\Josh_Williams\Scoring_5May\Yuxuan\DSC_0213.TIF,3,3,1,3,5,5,2675,2921,1208,1454
\\nbi-ufiles\shared\Research-Groups\Mark-Banfield\Josh_Williams\Scoring_5May\Yuxuan\DSC_0213.TIF,3,3,2,2,2,2,1247,1563,2394,2710
\\nbi-ufiles\shared\Research-Groups\Mark-Banfield\Josh_Williams\Scoring_5May\Yuxuan\DSC_0213.TIF,3,3,2,2,3,6,1281,1507,2710,2936
\\nbi-ufiles\shared\Research-Groups\Mark-Banfield\Josh_Williams\Scoring_5May\Yuxuan\DSC_0213.TIF,3,3,2,2,4,5,1753,1977,2690,2914
\\nbi-ufiles\shared\Research-Groups\Mark-Banfield\Josh_Williams\Scoring_5May\Yuxuan\DSC_0213.TIF,3,3,3,1,2,4,636,946,3630,3940
\\nbi-ufiles\shared\Research-Groups\Mark-Banfield\Josh_Williams\Scoring_5May\Yuxuan\DSC_0213.TIF,3,3,3,1,5,4,1289,1571,3630,3912
\\nbi-ufiles\shared\Research-Groups\Mark-Banfield\Josh_Williams\Scoring_5May\Yuxuan\DSC_0213.TIF,3,3,3,3,1,2,2136,2444,3270,3578
\\nbi-ufiles\shared\Research-Groups\Mark-Banfield\Josh_Williams\Scoring_5May\Yuxuan\DSC_0213.TIF,3,3,3,3,3,3,2079,2423,3876,4220
\\nbi-ufiles\shared\Research-Groups\Mark-Banfield\Josh_Williams\Scoring_5May\Yuxuan\DSC_0213.TIF,3,3,3,3,4,3,2592,2880,4030,4318
\\nbi-ufiles\shared\Research-Groups\Mark-Banfield\Josh_Williams\Scoring_5May\Yuxuan\DSC_3612.tif,3,3,1,2,1,3,1398,1700,534,836
\\nbi-ufiles\shared\Research-Groups\Mark-Banfield\Josh_Williams\Scoring_5May\Yuxuan\DSC_3612.tif,3,3,1,2,2,1,1226,1570,844,1188
\\nbi-ufiles\shared\Research-Groups\Mark-Banfield\Josh_Williams\Scoring_5May\Yuxuan\DSC_3612.tif,3,3,1,2,3,1,1286,1644,1222,1580
\\nbi-ufiles\shared\Research-Groups\Mark-Banfield\Josh_Williams\Scoring_5May\Yuxuan\DSC_3612.tif,3,3,2,1,1,1,699,959,1678,1938
\\nbi-ufiles\shared\Research-Groups\Mark-Banfield\Josh_Williams\Scoring_5May\Yuxuan\DSC_3612.tif,3,3,2,1,2,1,601,889,1980,2268
\\nbi-ufiles\shared\Research-Groups\Mark-Banfield\Josh_Williams\Scoring_5May\Yuxuan\DSC_3612.tif,3,3,2,1,3,0,510,840,2262,2592
\\nbi-ufiles\shared\Research-Groups\Mark-Banfield\Josh_Williams\Scoring_5May\Yuxuan\DSC_3612.tif,3,3,2,3,4,1,2349,2701,2352,2704
\\nbi-ufiles\shared\Research-Groups\Mark-Banfield\Josh_Williams\Scoring_5May\Yuxuan\DSC_3612.tif,3,3,2,3,5,1,2444,2732,2050,2338
\\nbi-ufiles\shared\Research-Groups\Mark-Banfield\Josh_Williams\Scoring_5May\Yuxuan\DSC_3612.tif,3,3,2,3,6,3,2353,2683,1756,2086
\\nbi-ufiles\shared\Research-Groups\Mark-Banfield\Josh_Williams\Scoring_5May\Yuxuan\DSC_3612.tif,3,3,3,1,4,3,1125,1441,3638,3954
\\nbi-ufiles\shared\Research-Groups\Mark-Banfield\Josh_Williams\Scoring_5May\Yuxuan\DSC_3612.tif,3,3,3,1,5,3,1120,1416,3300,3596
\\nbi-ufiles\shared\Research-Groups\Mark-Banfield\Josh_Williams\Scoring_5May\Yuxuan\DSC_3612.tif,3,3,3,1,6,4,990,1328,3002,3340
\\nbi-ufiles\shared\Research-Groups\Mark-Banfield\Josh_Williams\Scoring_5May\Yuxuan\DSC_3612.tif,3,3,3,3,1,2,1953,2255,3174,3476
\\nbi-ufiles\shared\Research-Groups\Mark-Banfield\Josh_Williams\Scoring_5May\Yuxuan\DSC_3612.tif,3,3,3,3,2,0,1778,2142,3746,4110
\\nbi-ufiles\shared\Research-Groups\Mark-Banfield\Josh_Williams\Scoring_5May\Yuxuan\DSC_3614.tif,3,3,1,2,4,3,1847,2185,1250,1588
\\nbi-ufiles\shared\Research-Groups\Mark-Banfield\Josh_Williams\Scoring_5May\Yuxuan\DSC_3614.tif,3,3,1,2,5,4,1887,2223,900,1236
\\nbi-ufiles\shared\Research-Groups\Mark-Banfield\Josh_Williams\Scoring_5May\Yuxuan\DSC_3614.tif,3,3,1,2,6,4,1752,2048,618,914
\\nbi-ufiles\shared\Research-Groups\Mark-Banfield\Josh_Williams\Scoring_5May\Yuxuan\DSC_3614.tif,3,3,2,1,4,2,1047,1335,2198,2486
\\nbi-ufiles\shared\Research-Groups\Mark-Banfield\Josh_Williams\Scoring_5May\Yuxuan\DSC_3614.tif,3,3,2,1,5,4,1065,1339,1890,2164
\\nbi-ufiles\shared\Research-Groups\Mark-Banfield\Josh_Williams\Scoring_5May\Yuxuan\DSC_3614.tif,3,3,2,1,6,5,990,1272,1622,1904
\\nbi-ufiles\shared\Research-Groups\Mark-Banfield\Josh_Williams\Scoring_5May\Yuxuan\DSC_3614.tif,3,3,2,3,1,3,2065,2359,1602,1896
\\nbi-ufiles\shared\Research-Groups\Mark-Banfield\Josh_Williams\Scoring_5May\Yuxuan\DSC_3614.tif,3,3,2,3,2,3,1948,2258,1840,2150
\\nbi-ufiles\shared\Research-Groups\Mark-Banfield\Josh_Williams\Scoring_5May\Yuxuan\DSC_3614.tif,3,3,2,3,3,3,2008,2332,2156,2480
\\nbi-ufiles\shared\Research-Groups\Mark-Banfield\Josh_Williams\Scoring_5May\Yuxuan\DSC_3614.tif,3,3,3,1,4,4,1198,1492,3476,3770
\\nbi-ufiles\shared\Research-Groups\Mark-Banfield\Josh_Williams\Scoring_5May\Yuxuan\DSC_3614.tif,3,3,3,1,5,5,1216,1518,3146,3448
\\nbi-ufiles\shared\Research-Groups\Mark-Banfield\Josh_Williams\Scoring_5May\Yuxuan\DSC_3614.tif,3,3,3,1,6,5,1107,1367,2922,3182
\\nbi-ufiles\shared\Research-Groups\Mark-Banfield\Josh_Williams\Scoring_5May\Yuxuan\DSC_3614.tif,3,3,3,3,1,4,1854,2150,3005,3301
\\nbi-ufiles\shared\Research-Groups\Mark-Banfield\Josh_Williams\Scoring_5May\Yuxuan\DSC_3614.tif,3,3,3,3,2,4,1778,2086,3339,3647
\\nbi-ufiles\shared\Research-Groups\Mark-Banfield\Josh_Williams\Scoring_5May\Yuxuan\DSC_3614.tif,3,3,3,3,3,4,1904,2226,3649,3971
\\nbi-ufiles\shared\Research-Groups\Mark-Banfield\Josh_Williams\Scoring_5May\Yuxuan\DSC_9232.TIF,3,3,1,1,2,3,504,744,332,572
\\nbi-ufiles\shared\Research-Groups\Mark-Banfield\Josh_Williams\Scoring_5May\Yuxuan\DSC_9232.TIF,3,3,1,1,4,5,1046,1242,678,874
\\nbi-ufiles\shared\Research-Groups\Mark-Banfield\Josh_Williams\Scoring_5May\Yuxuan\DSC_9232.TIF,3,3,1,1,5,6,1066,1300,456,690
\\nbi-ufiles\shared\Research-Groups\Mark-Banfield\Josh_Williams\Scoring_5May\Yuxuan\DSC_9232.TIF,3,3,1,1,6,4,956,1236,170,450
\\nbi-ufiles\shared\Research-Groups\Mark-Banfield\Josh_Williams\Scoring_5May\Yuxuan\DSC_9232.TIF,3,3,1,3,1,4,3681,3923,128,370
\\nbi-ufiles\shared\Research-Groups\Mark-Banfield\Josh_Williams\Scoring_5May\Yuxuan\DSC_9232.TIF,3,3,1,3,2,5,3509,3763,374,628
\\nbi-ufiles\shared\Research-Groups\Mark-Banfield\Josh_Williams\Scoring_5May\Yuxuan\DSC_9232.TIF,3,3,1,3,3,6,3520,3804,649,933
\\nbi-ufiles\shared\Research-Groups\Mark-Banfield\Josh_Williams\Scoring_5May\Yuxuan\DSC_9232.TIF,3,3,1,3,4,3,4096,4376,688,968
\\nbi-ufiles\shared\Research-Groups\Mark-Banfield\Josh_Williams\Scoring_5May\Yuxuan\DSC_9232.TIF,3,3,2,2,1,5,2094,2416,814,1136
\\nbi-ufiles\shared\Research-Groups\Mark-Banfield\Josh_Williams\Scoring_5May\Yuxuan\DSC_9232.TIF,3,3,2,2,2,4,1950,2282,1188,1520
\\nbi-ufiles\shared\Research-Groups\Mark-Banfield\Josh_Williams\Scoring_5May\Yuxuan\DSC_9232.TIF,3,3,2,2,3,4,1898,2192,1567,1861
\\nbi-ufiles\shared\Research-Groups\Mark-Banfield\Josh_Williams\Scoring_5May\Yuxuan\DSC_9232.TIF,3,3,2,2,6,2,2412,2674,823,1085
\\nbi-ufiles\shared\Research-Groups\Mark-Banfield\Josh_Williams\Scoring_5May\Yuxuan\DSC_9232.TIF,3,3,3,1,1,4,636,908,1622,1894
\\nbi-ufiles\shared\Research-Groups\Mark-Banfield\Josh_Williams\Scoring_5May\Yuxuan\DSC_9232.TIF,3,3,3,1,2,5,487,777,1846,2136
\\nbi-ufiles\shared\Research-Groups\Mark-Banfield\Josh_Williams\Scoring_5May\Yuxuan\DSC_9232.TIF,3,3,3,1,3,5,501,749,2202,2450
\\nbi-ufiles\shared\Research-Groups\Mark-Banfield\Josh_Williams\Scoring_5May\Yuxuan\DSC_9232.TIF,3,3,3,1,5,2,1104,1370,1922,2188
\\nbi-ufiles\shared\Research-Groups\Mark-Banfield\Josh_Williams\Scoring_5May\Yuxuan\DSC_9232.TIF,3,3,3,3,1,5,3468,3710,1682,1924
\\nbi-ufiles\shared\Research-Groups\Mark-Banfield\Josh_Williams\Scoring_5May\Yuxuan\DSC_9232.TIF,3,3,3,3,4,5,3896,4158,2300,2562
\\nbi-ufiles\shared\Research-Groups\Mark-Banfield\Josh_Williams\Scoring_5May\Yuxuan\DSC_9232.TIF,3,3,3,3,5,6,3925,4169,1958,2202
\\nbi-ufiles\shared\Research-Groups\Mark-Banfield\Josh_Williams\Scoring_5May\Yuxuan\DSC_9232.TIF,3,3,3,3,6,6,3794,4080,1620,1906
\\nbi-ufiles\shared\Research-Groups\Mark-Banfield\Josh_Williams\Scoring_5May\Yuxuan\DSC_9233.TIF,3,3,1,1,1,0,440,772,190,522
\\nbi-ufiles\shared\Research-Groups\Mark-Banfield\Josh_Williams\Scoring_5May\Yuxuan\DSC_9233.TIF,3,3,1,1,6,4,780,1040,198,458
\\nbi-ufiles\shared\Research-Groups\Mark-Banfield\Josh_Williams\Scoring_5May\Yuxuan\DSC_9233.TIF,3,3,1,3,1,0,3584,3902,183,501
\\nbi-ufiles\shared\Research-Groups\Mark-Banfield\Josh_Williams\Scoring_5May\Yuxuan\DSC_9233.TIF,3,3,1,3,6,2,4000,4308,167,475
\\nbi-ufiles\shared\Research-Groups\Mark-Banfield\Josh_Williams\Scoring_5May\Yuxuan\DSC_9233.TIF,3,3,2,2,2,2,1837,2155,1122,1440
\\nbi-ufiles\shared\Research-Groups\Mark-Banfield\Josh_Williams\Scoring_5May\Yuxuan\DSC_9233.TIF,3,3,2,2,5,0,2500,2832,1099,1431
\\nbi-ufiles\shared\Research-Groups\Mark-Banfield\Josh_Williams\Scoring_5May\Yuxuan\DSC_9233.TIF,3,3,3,1,2,0,582,906,1888,2212
\\nbi-ufiles\shared\Research-Groups\Mark-Banfield\Josh_Williams\Scoring_5May\Yuxuan\DSC_9233.TIF,3,3,3,1,5,0,1290,1608,1844,2162
\\nbi-ufiles\shared\Research-Groups\Mark-Banfield\Josh_Williams\Scoring_5May\Yuxuan\DSC_9233.TIF,3,3,3,3,1,0,3174,3500,1656,1982
\\nbi-ufiles\shared\Research-Groups\Mark-Banfield\Josh_Williams\Scoring_5May\Yuxuan\DSC_9233.TIF,3,3,3,3,6,1,3533,3851,1524,1842
\\nbi-ufiles\shared\Research-Groups\Mark-Banfield\Josh_Williams\Scoring_5May\Yuxuan\DSC_9234.TIF,3,3,1,1,2,0,482,838,402,758
\\nbi-ufiles\shared\Research-Groups\Mark-Banfield\Josh_Williams\Scoring_5May\Yuxuan\DSC_9234.TIF,3,3,1,1,5,3,1142,1410,528,796
\\nbi-ufiles\shared\Research-Groups\Mark-Banfield\Josh_Williams\Scoring_5May\Yuxuan\DSC_9234.TIF,3,3,1,3,2,3,3328,3632,477,781
\\nbi-ufiles\shared\Research-Groups\Mark-Banfield\Josh_Williams\Scoring_5May\Yuxuan\DSC_9234.TIF,3,3,1,3,5,0,3926,4234,498,806
\\nbi-ufiles\shared\Research-Groups\Mark-Banfield\Josh_Williams\Scoring_5May\Yuxuan\DSC_9234.TIF,3,3,2,2,2,3,1884,2168,1139,1423
\\nbi-ufiles\shared\Research-Groups\Mark-Banfield\Josh_Williams\Scoring_5May\Yuxuan\DSC_9234.TIF,3,3,2,2,5,0,2580,2892,1128,1440
\\nbi-ufiles\shared\Research-Groups\Mark-Banfield\Josh_Williams\Scoring_5May\Yuxuan\DSC_9234.TIF,3,3,3,1,2,0,818,1156,1855,2193
\\nbi-ufiles\shared\Research-Groups\Mark-Banfield\Josh_Williams\Scoring_5May\Yuxuan\DSC_9234.TIF,3,3,3,1,5,3,1398,1726,1897,2225
\\nbi-ufiles\shared\Research-Groups\Mark-Banfield\Josh_Williams\Scoring_5May\Yuxuan\DSC_9234.TIF,3,3,3,3,2,0,3182,3570,1945,2333
\\nbi-ufiles\shared\Research-Groups\Mark-Banfield\Josh_Williams\Scoring_5May\Yuxuan\DSC_9234.TIF,3,3,3,3,5,4,3822,4084,1951,2213
\\nbi-ufiles\shared\Research-Groups\Mark-Banfield\Josh_Williams\Scoring_5May\Yuxuan\DSC_9235.TIF,3,3,1,1,1,3,580,810,328,558
\\nbi-ufiles\shared\Research-Groups\Mark-Banfield\Josh_Williams\Scoring_5May\Yuxuan\DSC_9235.TIF,3,3,1,1,4,1,872,1148,884,1160
\\nbi-ufiles\shared\Research-Groups\Mark-Banfield\Josh_Williams\Scoring_5May\Yuxuan\DSC_9235.TIF,3,3,1,1,5,3,852,1094,532,774
\\nbi-ufiles\shared\Research-Groups\Mark-Banfield\Josh_Williams\Scoring_5May\Yuxuan\DSC_9235.TIF,3,3,1,1,6,3,838,1038,326,526
\\nbi-ufiles\shared\Research-Groups\Mark-Banfield\Josh_Williams\Scoring_5May\Yuxuan\DSC_9235.TIF,3,3,1,3,1,2,3500,3780,192,472
\\nbi-ufiles\shared\Research-Groups\Mark-Banfield\Josh_Williams\Scoring_5May\Yuxuan\DSC_9235.TIF,3,3,1,3,6,2,3777,4075,226,524
\\nbi-ufiles\shared\Research-Groups\Mark-Banfield\Josh_Williams\Scoring_5May\Yuxuan\DSC_9235.TIF,3,3,2,2,3,2,1716,2042,1654,1980
\\nbi-ufiles\shared\Research-Groups\Mark-Banfield\Josh_Williams\Scoring_5May\Yuxuan\DSC_9235.TIF,3,3,2,2,4,2,2318,2650,1704,2036
\\nbi-ufiles\shared\Research-Groups\Mark-Banfield\Josh_Williams\Scoring_5May\Yuxuan\DSC_9235.TIF,3,3,2,2,5,1,2323,2641,1412,1730
\\nbi-ufiles\shared\Research-Groups\Mark-Banfield\Josh_Williams\Scoring_5May\Yuxuan\DSC_9235.TIF,3,3,2,2,6,0,2236,2540,1052,1356
\\nbi-ufiles\shared\Research-Groups\Mark-Banfield\Josh_Williams\Scoring_5May\Yuxuan\DSC_9235.TIF,3,3,3,1,2,2,664,964,1886,2186
\\nbi-ufiles\shared\Research-Groups\Mark-Banfield\Josh_Williams\Scoring_5May\Yuxuan\DSC_9235.TIF,3,3,3,1,5,4,1251,1545,1926,2220
\\nbi-ufiles\shared\Research-Groups\Mark-Banfield\Josh_Williams\Scoring_5May\Yuxuan\DSC_9235.TIF,3,3,3,3,1,1,3181,3489,1720,2028
\\nbi-ufiles\shared\Research-Groups\Mark-Banfield\Josh_Williams\Scoring_5May\Yuxuan\DSC_9235.TIF,3,3,3,3,2,3,3056,3328,2003,2275
\\nbi-ufiles\shared\Research-Groups\Mark-Banfield\Josh_Williams\Scoring_5May\Yuxuan\DSC_9235.TIF,3,3,3,3,3,1,3055,3339,2324,2608
\\nbi-ufiles\shared\Research-Groups\Mark-Banfield\Josh_Williams\Scoring_5May\Yuxuan\DSC_9235.TIF,3,3,3,3,5,3,3640,3908,1975,2243
\\nbi-ufiles\shared\Research-Groups\Mark-Banfield\Josh_Williams\Scoring_5May\Yuxuan\DSC_9236.TIF,3,3,1,1,1,1,580,874,246,540
\\nbi-ufiles\shared\Research-Groups\Mark-Banfield\Josh_Williams\Scoring_5May\Yuxuan\DSC_9236.TIF,3,3,1,1,2,3,439,697,514,772
\\nbi-ufiles\shared\Research-Groups\Mark-Banfield\Josh_Williams\Scoring_5May\Yuxuan\DSC_9236.TIF,3,3,1,1,5,4,1179,1413,520,754
\\nbi-ufiles\shared\Research-Groups\Mark-Banfield\Josh_Williams\Scoring_5May\Yuxuan\DSC_9236.TIF,3,3,1,3,1,0,3730,4042,100,412
\\nbi-ufiles\shared\Research-Groups\Mark-Banfield\Josh_Williams\Scoring_5May\Yuxuan\DSC_9236.TIF,3,3,1,3,2,2,3561,3883,384,706
\\nbi-ufiles\shared\Research-Groups\Mark-Banfield\Josh_Williams\Scoring_5May\Yuxuan\DSC_9236.TIF,3,3,1,3,5,3,4154,4450,514,810
\\nbi-ufiles\shared\Research-Groups\Mark-Banfield\Josh_Williams\Scoring_5May\Yuxuan\DSC_9236.TIF,3,3,2,2,1,1,2045,2349,796,1100
\\nbi-ufiles\shared\Research-Groups\Mark-Banfield\Josh_Williams\Scoring_5May\Yuxuan\DSC_9236.TIF,3,3,2,2,2,3,1924,2190,1080,1346
\\nbi-ufiles\shared\Research-Groups\Mark-Banfield\Josh_Williams\Scoring_5May\Yuxuan\DSC_9236.TIF,3,3,2,2,5,3,2565,2807,1104,1346
\\nbi-ufiles\shared\Research-Groups\Mark-Banfield\Josh_Williams\Scoring_5May\Yuxuan\DSC_9236.TIF,3,3,3,1,1,3,882,1172,1548,1838
\\nbi-ufiles\shared\Research-Groups\Mark-Banfield\Josh_Williams\Scoring_5May\Yuxuan\DSC_9236.TIF,3,3,3,1,4,0,1214,1508,2262,2556
\\nbi-ufiles\shared\Research-Groups\Mark-Banfield\Josh_Williams\Scoring_5May\Yuxuan\DSC_9236.TIF,3,3,3,1,5,1,1250,1578,1888,2216
\\nbi-ufiles\shared\Research-Groups\Mark-Banfield\Josh_Williams\Scoring_5May\Yuxuan\DSC_9236.TIF,3,3,3,1,6,3,1164,1492,1566,1894
\\nbi-ufiles\shared\Research-Groups\Mark-Banfield\Josh_Williams\Scoring_5May\Yuxuan\DSC_9236.TIF,3,3,3,3,1,1,3322,3622,1542,1842
\\nbi-ufiles\shared\Research-Groups\Mark-Banfield\Josh_Williams\Scoring_5May\Yuxuan\DSC_9236.TIF,3,3,3,3,2,3,3178,3444,1786,2052
\\nbi-ufiles\shared\Research-Groups\Mark-Banfield\Josh_Williams\Scoring_5May\Yuxuan\DSC_9236.TIF,3,3,3,3,3,1,3164,3506,2140,2482
\\nbi-ufiles\shared\Research-Groups\Mark-Banfield\Josh_Williams\Scoring_5May\Yuxuan\DSC_9236.TIF,3,3,3,3,5,5,3856,4102,1796,2042
\\nbi-ufiles\shared\Research-Groups\Mark-Banfield\Josh_Williams\Scoring_5May\Yuxuan\DSC_9238.TIF,3,3,1,1,1,4,542,832,253,543
\\nbi-ufiles\shared\Research-Groups\Mark-Banfield\Josh_Williams\Scoring_5May\Yuxuan\DSC_9238.TIF,3,3,1,1,6,4,888,1146,236,494
\\nbi-ufiles\shared\Research-Groups\Mark-Banfield\Josh_Williams\Scoring_5May\Yuxuan\DSC_9238.TIF,3,3,1,3,1,3,3618,3894,296,572
\\nbi-ufiles\shared\Research-Groups\Mark-Banfield\Josh_Williams\Scoring_5May\Yuxuan\DSC_9238.TIF,3,3,1,3,6,3,3895,4227,220,552
\\nbi-ufiles\shared\Research-Groups\Mark-Banfield\Josh_Williams\Scoring_5May\Yuxuan\DSC_9238.TIF,3,3,2,2,2,2,1824,2108,1289,1573
\\nbi-ufiles\shared\Research-Groups\Mark-Banfield\Josh_Williams\Scoring_5May\Yuxuan\DSC_9238.TIF,3,3,2,2,5,2,2402,2678,1255,1531
\\nbi-ufiles\shared\Research-Groups\Mark-Banfield\Josh_Williams\Scoring_5May\Yuxuan\DSC_9238.TIF,3,3,3,1,2,2,606,854,1978,2226
\\nbi-ufiles\shared\Research-Groups\Mark-Banfield\Josh_Williams\Scoring_5May\Yuxuan\DSC_9238.TIF,3,3,3,1,5,3,1212,1458,1971,2217
\\nbi-ufiles\shared\Research-Groups\Mark-Banfield\Josh_Williams\Scoring_5May\Yuxuan\DSC_9238.TIF,3,3,3,3,3,3,3016,3386,2182,2552
\\nbi-ufiles\shared\Research-Groups\Mark-Banfield\Josh_Williams\Scoring_5May\Yuxuan\DSC_9238.TIF,3,3,3,3,4,4,3702,3992,2347,2637
\\nbi-ufiles\shared\Research-Groups\Mark-Banfield\Josh_Williams\Scoring_5May\Yuxuan\DSC_9242.TIF,3,3,1,1,2,3,522,816,538,832
\\nbi-ufiles\shared\Research-Groups\Mark-Banfield\Josh_Williams\Scoring_5May\Yuxuan\DSC_9242.TIF,3,3,1,1,4,4,1017,1321,838,1142
\\nbi-ufiles\shared\Research-Groups\Mark-Banfield\Josh_Williams\Scoring_5May\Yuxuan\DSC_9242.TIF,3,3,1,1,5,3,1036,1354,472,790
\\nbi-ufiles\shared\Research-Groups\Mark-Banfield\Josh_Williams\Scoring_5May\Yuxuan\DSC_9242.TIF,3,3,1,1,6,3,912,1206,171,465
\\nbi-ufiles\shared\Research-Groups\Mark-Banfield\Josh_Williams\Scoring_5May\Yuxuan\DSC_9242.TIF,3,3,1,3,1,0,3302,3606,258,562
\\nbi-ufiles\shared\Research-Groups\Mark-Banfield\Josh_Williams\Scoring_5May\Yuxuan\DSC_9242.TIF,3,3,1,3,2,1,3275,3577,600,902
\\nbi-ufiles\shared\Research-Groups\Mark-Banfield\Josh_Williams\Scoring_5May\Yuxuan\DSC_9242.TIF,3,3,1,3,3,1,3272,3598,843,1169
\\nbi-ufiles\shared\Research-Groups\Mark-Banfield\Josh_Williams\Scoring_5May\Yuxuan\DSC_9242.TIF,3,3,1,3,6,1,3619,3951,146,478
\\nbi-ufiles\shared\Research-Groups\Mark-Banfield\Josh_Williams\Scoring_5May\Yuxuan\DSC_9242.TIF,3,3,2,2,1,3,1983,2333,758,1108
\\nbi-ufiles\shared\Research-Groups\Mark-Banfield\Josh_Williams\Scoring_5May\Yuxuan\DSC_9242.TIF,3,3,2,2,4,3,2460,2736,1468,1744
\\nbi-ufiles\shared\Research-Groups\Mark-Banfield\Josh_Williams\Scoring_5May\Yuxuan\DSC_9242.TIF,3,3,2,2,5,4,2419,2751,1118,1450
\\nbi-ufiles\shared\Research-Groups\Mark-Banfield\Josh_Williams\Scoring_5May\Yuxuan\DSC_9242.TIF,3,3,2,2,6,0,2332,2660,818,1146
\\nbi-ufiles\shared\Research-Groups\Mark-Banfield\Josh_Williams\Scoring_5May\Yuxuan\DSC_9242.TIF,3,3,3,1,3,5,472,796,2339,2663
\\nbi-ufiles\shared\Research-Groups\Mark-Banfield\Josh_Williams\Scoring_5May\Yuxuan\DSC_9242.TIF,3,3,3,1,4,4,1170,1468,2291,2589
\\nbi-ufiles\shared\Research-Groups\Mark-Banfield\Josh_Williams\Scoring_5May\Yuxuan\DSC_9242.TIF,3,3,3,1,5,6,1118,1468,1980,2330
\\nbi-ufiles\shared\Research-Groups\Mark-Banfield\Josh_Williams\Scoring_5May\Yuxuan\DSC_9242.TIF,3,3,3,1,6,5,982,1304,1656,1978
\\nbi-ufiles\shared\Research-Groups\Mark-Banfield\Josh_Williams\Scoring_5May\Yuxuan\DSC_9242.TIF,3,3,3,3,1,0,2923,3241,1664,1982
\\nbi-ufiles\shared\Research-Groups\Mark-Banfield\Josh_Williams\Scoring_5May\Yuxuan\DSC_9242.TIF,3,3,3,3,2,0,2800,3140,1973,2313
\\nbi-ufiles\shared\Research-Groups\Mark-Banfield\Josh_Williams\Scoring_5May\Yuxuan\DSC_9242.TIF,3,3,3,3,3,0,2855,3197,2304,2646
\\nbi-ufiles\shared\Research-Groups\Mark-Banfield\Josh_Williams\Scoring_5May\Yuxuan\DSC_9242.TIF,3,3,3,3,6,1,3242,3592,1562,1912
\\nbi-ufiles\shared\Research-Groups\Mark-Banfield\Josh_Williams\Scoring_5May\Yuxuan\_DSC0024.tif,2,4,1,1,1,0,781,1029,810,1058
\\nbi-ufiles\shared\Research-Groups\Mark-Banfield\Josh_Williams\Scoring_5May\Yuxuan\_DSC0024.tif,2,4,1,1,2,0,630,878,1038,1286
\\nbi-ufiles\shared\Research-Groups\Mark-Banfield\Josh_Williams\Scoring_5May\Yuxuan\_DSC0024.tif,2,4,1,1,3,0,649,877,1318,1546
\\nbi-ufiles\shared\Research-Groups\Mark-Banfield\Josh_Williams\Scoring_5May\Yuxuan\_DSC0024.tif,2,4,1,1,4,4,792,982,1530,1720
\\nbi-ufiles\shared\Research-Groups\Mark-Banfield\Josh_Williams\Scoring_5May\Yuxuan\_DSC0024.tif,2,4,1,1,5,0,1157,1411,1486,1740
\\nbi-ufiles\shared\Research-Groups\Mark-Banfield\Josh_Williams\Scoring_5May\Yuxuan\_DSC0024.tif,2,4,1,1,6,0,1286,1576,1205,1495
\\nbi-ufiles\shared\Research-Groups\Mark-Banfield\Josh_Williams\Scoring_5May\Yuxuan\_DSC0024.tif,2,4,1,1,7,0,1162,1426,980,1244
\\nbi-ufiles\shared\Research-Groups\Mark-Banfield\Josh_Williams\Scoring_5May\Yuxuan\_DSC0024.tif,2,4,1,1,8,0,1014,1236,800,1022
\\nbi-ufiles\shared\Research-Groups\Mark-Banfield\Josh_Williams\Scoring_5May\Yuxuan\_DSC0024.tif,2,4,1,2,1,2,1984,2180,868,1064
\\nbi-ufiles\shared\Research-Groups\Mark-Banfield\Josh_Williams\Scoring_5May\Yuxuan\_DSC0024.tif,2,4,1,2,2,0,1846,2106,1042,1302
\\nbi-ufiles\shared\Research-Groups\Mark-Banfield\Josh_Williams\Scoring_5May\Yuxuan\_DSC0024.tif,2,4,1,2,3,0,1740,2026,1270,1556
\\nbi-ufiles\shared\Research-Groups\Mark-Banfield\Josh_Williams\Scoring_5May\Yuxuan\_DSC0024.tif,2,4,1,2,4,3,1846,2100,1503,1757
\\nbi-ufiles\shared\Research-Groups\Mark-Banfield\Josh_Williams\Scoring_5May\Yuxuan\_DSC0024.tif,2,4,1,2,5,2,2346,2558,1434,1646
\\nbi-ufiles\shared\Research-Groups\Mark-Banfield\Josh_Williams\Scoring_5May\Yuxuan\_DSC0024.tif,2,4,1,2,6,0,2439,2671,1196,1428
\\nbi-ufiles\shared\Research-Groups\Mark-Banfield\Josh_Williams\Scoring_5May\Yuxuan\_DSC0024.tif,2,4,1,2,7,0,2348,2586,990,1228
\\nbi-ufiles\shared\Research-Groups\Mark-Banfield\Josh_Williams\Scoring_5May\Yuxuan\_DSC0024.tif,2,4,1,2,8,2,2163,2423,788,1048
\\nbi-ufiles\shared\Research-Groups\Mark-Banfield\Josh_Williams\Scoring_5May\Yuxuan\_DSC0024.tif,2,4,1,3,1,0,3226,3432,908,1114
\\nbi-ufiles\shared\Research-Groups\Mark-Banfield\Josh_Williams\Scoring_5May\Yuxuan\_DSC0024.tif,2,4,1,3,2,0,3136,3354,1074,1292
\\nbi-ufiles\shared\Research-Groups\Mark-Banfield\Josh_Williams\Scoring_5May\Yuxuan\_DSC0024.tif,2,4,1,3,3,0,3021,3253,1350,1582
\\nbi-ufiles\shared\Research-Groups\Mark-Banfield\Josh_Williams\Scoring_5May\Yuxuan\_DSC0024.tif,2,4,1,3,4,0,3171,3397,1546,1772
\\nbi-ufiles\shared\Research-Groups\Mark-Banfield\Josh_Williams\Scoring_5May\Yuxuan\_DSC0024.tif,2,4,1,3,5,0,3562,3768,1576,1782
\\nbi-ufiles\shared\Research-Groups\Mark-Banfield\Josh_Williams\Scoring_5May\Yuxuan\_DSC0024.tif,2,4,1,3,6,5,3657,3865,1338,1546
\\nbi-ufiles\shared\Research-Groups\Mark-Banfield\Josh_Williams\Scoring_5May\Yuxuan\_DSC0024.tif,2,4,1,3,7,0,3583,3821,1138,1376
\\nbi-ufiles\shared\Research-Groups\Mark-Banfield\Josh_Williams\Scoring_5May\Yuxuan\_DSC0024.tif,2,4,1,3,8,0,3494,3768,874,1148
\\nbi-ufiles\shared\Research-Groups\Mark-Banfield\Josh_Williams\Scoring_5May\Yuxuan\_DSC0024.tif,2,4,1,4,1,0,4298,4562,736,1000
\\nbi-ufiles\shared\Research-Groups\Mark-Banfield\Josh_Williams\Scoring_5May\Yuxuan\_DSC0024.tif,2,4,1,4,2,0,4242,4490,964,1212
\\nbi-ufiles\shared\Research-Groups\Mark-Banfield\Josh_Williams\Scoring_5May\Yuxuan\_DSC0024.tif,2,4,1,4,3,0,4142,4438,1189,1485
\\nbi-ufiles\shared\Research-Groups\Mark-Banfield\Josh_Williams\Scoring_5May\Yuxuan\_DSC0024.tif,2,4,1,4,4,2,4268,4496,1529,1757
\\nbi-ufiles\shared\Research-Groups\Mark-Banfield\Josh_Williams\Scoring_5May\Yuxuan\_DSC0024.tif,2,4,1,4,5,0,4722,4998,1475,1751
\\nbi-ufiles\shared\Research-Groups\Mark-Banfield\Josh_Williams\Scoring_5May\Yuxuan\_DSC0024.tif,2,4,1,4,6,2,4760,5024,1260,1524
\\nbi-ufiles\shared\Research-Groups\Mark-Banfield\Josh_Williams\Scoring_5May\Yuxuan\_DSC0024.tif,2,4,1,4,7,0,4715,4947,1022,1254
\\nbi-ufiles\shared\Research-Groups\Mark-Banfield\Josh_Williams\Scoring_5May\Yuxuan\_DSC0024.tif,2,4,1,4,8,0,4564,4828,758,1022
\\nbi-ufiles\shared\Research-Groups\Mark-Banfield\Josh_Williams\Scoring_5May\Yuxuan\_DSC0024.tif,2,4,2,1,1,2,865,1113,1958,2206
\\nbi-ufiles\shared\Research-Groups\Mark-Banfield\Josh_Williams\Scoring_5May\Yuxuan\_DSC0024.tif,2,4,2,1,2,0,726,1006,2143,2423
\\nbi-ufiles\shared\Research-Groups\Mark-Banfield\Josh_Williams\Scoring_5May\Yuxuan\_DSC0024.tif,2,4,2,1,3,0,762,1026,2397,2661
\\nbi-ufiles\shared\Research-Groups\Mark-Banfield\Josh_Williams\Scoring_5May\Yuxuan\_DSC0024.tif,2,4,2,1,4,0,704,1026,2653,2975
\\nbi-ufiles\shared\Research-Groups\Mark-Banfield\Josh_Williams\Scoring_5May\Yuxuan\_DSC0024.tif,2,4,2,1,5,0,1222,1514,2676,2968
\\nbi-ufiles\shared\Research-Groups\Mark-Banfield\Josh_Williams\Scoring_5May\Yuxuan\_DSC0024.tif,2,4,2,1,6,0,1386,1640,2404,2658
\\nbi-ufiles\shared\Research-Groups\Mark-Banfield\Josh_Williams\Scoring_5May\Yuxuan\_DSC0024.tif,2,4,2,1,7,2,1270,1476,2208,2414
\\nbi-ufiles\shared\Research-Groups\Mark-Banfield\Josh_Williams\Scoring_5May\Yuxuan\_DSC0024.tif,2,4,2,1,8,0,1143,1413,1978,2248
\\nbi-ufiles\shared\Research-Groups\Mark-Banfield\Josh_Williams\Scoring_5May\Yuxuan\_DSC0024.tif,2,4,2,2,1,0,1957,2195,2064,2302
\\nbi-ufiles\shared\Research-Groups\Mark-Banfield\Josh_Williams\Scoring_5May\Yuxuan\_DSC0024.tif,2,4,2,2,2,0,1826,2126,2236,2536
\\nbi-ufiles\shared\Research-Groups\Mark-Banfield\Josh_Williams\Scoring_5May\Yuxuan\_DSC0024.tif,2,4,2,2,3,0,1778,2036,2482,2740
\\nbi-ufiles\shared\Research-Groups\Mark-Banfield\Josh_Williams\Scoring_5May\Yuxuan\_DSC0024.tif,2,4,2,2,4,0,1820,2106,2735,3021
\\nbi-ufiles\shared\Research-Groups\Mark-Banfield\Josh_Williams\Scoring_5May\Yuxuan\_DSC0024.tif,2,4,2,2,5,0,2312,2586,2640,2914
\\nbi-ufiles\shared\Research-Groups\Mark-Banfield\Josh_Williams\Scoring_5May\Yuxuan\_DSC0024.tif,2,4,2,2,6,0,2418,2640,2438,2660
\\nbi-ufiles\shared\Research-Groups\Mark-Banfield\Josh_Williams\Scoring_5May\Yuxuan\_DSC0024.tif,2,4,2,2,7,3,2296,2560,2223,2487
\\nbi-ufiles\shared\Research-Groups\Mark-Banfield\Josh_Williams\Scoring_5May\Yuxuan\_DSC0024.tif,2,4,2,2,8,0,2254,2480,2008,2234
\\nbi-ufiles\shared\Research-Groups\Mark-Banfield\Josh_Williams\Scoring_5May\Yuxuan\_DSC0024.tif,2,4,2,3,1,1,3147,3353,2090,2296
\\nbi-ufiles\shared\Research-Groups\Mark-Banfield\Josh_Williams\Scoring_5May\Yuxuan\_DSC0024.tif,2,4,2,3,2,1,2940,3184,2290,2534
\\nbi-ufiles\shared\Research-Groups\Mark-Banfield\Josh_Williams\Scoring_5May\Yuxuan\_DSC0024.tif,2,4,2,3,3,0,2923,3161,2534,2772
\\nbi-ufiles\shared\Research-Groups\Mark-Banfield\Josh_Williams\Scoring_5May\Yuxuan\_DSC0024.tif,2,4,2,3,4,0,3144,3388,2660,2904
\\nbi-ufiles\shared\Research-Groups\Mark-Banfield\Josh_Williams\Scoring_5May\Yuxuan\_DSC0024.tif,2,4,2,3,5,0,3538,3808,2735,3005
\\nbi-ufiles\shared\Research-Groups\Mark-Banfield\Josh_Williams\Scoring_5May\Yuxuan\_DSC0024.tif,2,4,2,3,6,0,3651,3911,2444,2704
\\nbi-ufiles\shared\Research-Groups\Mark-Banfield\Josh_Williams\Scoring_5May\Yuxuan\_DSC0024.tif,2,4,2,3,7,0,3502,3846,2174,2518
\\nbi-ufiles\shared\Research-Groups\Mark-Banfield\Josh_Williams\Scoring_5May\Yuxuan\_DSC0024.tif,2,4,2,3,8,4,3338,3580,2006,2248
\\nbi-ufiles\shared\Research-Groups\Mark-Banfield\Josh_Williams\Scoring_5May\Yuxuan\_DSC0024.tif,2,4,2,4,1,0,4336,4532,2148,2344
\\nbi-ufiles\shared\Research-Groups\Mark-Banfield\Josh_Williams\Scoring_5May\Yuxuan\_DSC0024.tif,2,4,2,4,2,3,4226,4480,2338,2592
\\nbi-ufiles\shared\Research-Groups\Mark-Banfield\Josh_Williams\Scoring_5May\Yuxuan\_DSC0024.tif,2,4,2,4,3,0,4130,4348,2554,2772
\\nbi-ufiles\shared\Research-Groups\Mark-Banfield\Josh_Williams\Scoring_5May\Yuxuan\_DSC0024.tif,2,4,2,4,4,1,4232,4464,2759,2991
\\nbi-ufiles\shared\Research-Groups\Mark-Banfield\Josh_Williams\Scoring_5May\Yuxuan\_DSC0024.tif,2,4,2,4,5,0,4572,4846,2672,2946
\\nbi-ufiles\shared\Research-Groups\Mark-Banfield\Josh_Williams\Scoring_5May\Yuxuan\_DSC0024.tif,2,4,2,4,6,0,4664,4966,2460,2762
\\nbi-ufiles\shared\Research-Groups\Mark-Banfield\Josh_Williams\Scoring_5May\Yuxuan\_DSC0024.tif,2,4,2,4,7,0,4670,4902,2269,2501
\\nbi-ufiles\shared\Research-Groups\Mark-Banfield\Josh_Williams\Scoring_5May\Yuxuan\_DSC0024.tif,2,4,2,4,8,4,4575,4797,2068,2290
\\nbi-ufiles\shared\Research-Groups\Mark-Banfield\Josh_Williams\Scoring_5May\Yuxuan\_DSC0170.tif,3,4,1,1,1,2,1019,1187,546,714
\\nbi-ufiles\shared\Research-Groups\Mark-Banfield\Josh_Williams\Scoring_5May\Yuxuan\_DSC0170.tif,3,4,1,1,2,4,955,1131,698,874
\\nbi-ufiles\shared\Research-Groups\Mark-Banfield\Josh_Williams\Scoring_5May\Yuxuan\_DSC0170.tif,3,4,1,1,3,4,941,1101,836,996
\\nbi-ufiles\shared\Research-Groups\Mark-Banfield\Josh_Williams\Scoring_5May\Yuxuan\_DSC0170.tif,3,4,1,1,4,4,910,1096,1024,1210
\\nbi-ufiles\shared\Research-Groups\Mark-Banfield\Josh_Williams\Scoring_5May\Yuxuan\_DSC0170.tif,3,4,1,1,5,0,1251,1479,1048,1276
\\nbi-ufiles\shared\Research-Groups\Mark-Banfield\Josh_Williams\Scoring_5May\Yuxuan\_DSC0170.tif,3,4,1,1,6,4,1360,1540,892,1072
\\nbi-ufiles\shared\Research-Groups\Mark-Banfield\Josh_Williams\Scoring_5May\Yuxuan\_DSC0170.tif,3,4,1,1,7,3,1313,1471,774,932
\\nbi-ufiles\shared\Research-Groups\Mark-Banfield\Josh_Williams\Scoring_5May\Yuxuan\_DSC0170.tif,3,4,1,1,8,4,1254,1428,614,788
\\nbi-ufiles\shared\Research-Groups\Mark-Banfield\Josh_Williams\Scoring_5May\Yuxuan\_DSC0170.tif,3,4,1,2,1,0,1875,2065,572,762
\\nbi-ufiles\shared\Research-Groups\Mark-Banfield\Josh_Williams\Scoring_5May\Yuxuan\_DSC0170.tif,3,4,1,2,2,5,1804,1994,720,910
\\nbi-ufiles\shared\Research-Groups\Mark-Banfield\Josh_Williams\Scoring_5May\Yuxuan\_DSC0170.tif,3,4,1,2,3,2,1772,1932,913,1073
\\nbi-ufiles\shared\Research-Groups\Mark-Banfield\Josh_Williams\Scoring_5May\Yuxuan\_DSC0170.tif,3,4,1,2,4,3,1836,2032,1080,1276
\\nbi-ufiles\shared\Research-Groups\Mark-Banfield\Josh_Williams\Scoring_5May\Yuxuan\_DSC0170.tif,3,4,1,2,5,0,2153,2365,1032,1244
\\nbi-ufiles\shared\Research-Groups\Mark-Banfield\Josh_Williams\Scoring_5May\Yuxuan\_DSC0170.tif,3,4,1,2,6,3,2222,2418,826,1022
\\nbi-ufiles\shared\Research-Groups\Mark-Banfield\Josh_Williams\Scoring_5May\Yuxuan\_DSC0170.tif,3,4,1,2,7,5,2129,2309,688,868
\\nbi-ufiles\shared\Research-Groups\Mark-Banfield\Josh_Williams\Scoring_5May\Yuxuan\_DSC0170.tif,3,4,1,2,8,4,2024,2218,520,714
\\nbi-ufiles\shared\Research-Groups\Mark-Banfield\Josh_Williams\Scoring_5May\Yuxuan\_DSC0170.tif,3,4,1,3,1,6,3140,3304,562,726
\\nbi-ufiles\shared\Research-Groups\Mark-Banfield\Josh_Williams\Scoring_5May\Yuxuan\_DSC0170.tif,3,4,1,3,2,1,3074,3248,713,887
\\nbi-ufiles\shared\Research-Groups\Mark-Banfield\Josh_Williams\Scoring_5May\Yuxuan\_DSC0170.tif,3,4,1,3,3,4,2946,3190,870,1114
\\nbi-ufiles\shared\Research-Groups\Mark-Banfield\Josh_Williams\Scoring_5May\Yuxuan\_DSC0170.tif,3,4,1,3,4,3,3089,3269,1100,1280
\\nbi-ufiles\shared\Research-Groups\Mark-Banfield\Josh_Williams\Scoring_5May\Yuxuan\_DSC0170.tif,3,4,1,3,5,4,3338,3538,1048,1248
\\nbi-ufiles\shared\Research-Groups\Mark-Banfield\Josh_Williams\Scoring_5May\Yuxuan\_DSC0170.tif,3,4,1,3,6,0,3444,3650,898,1104
\\nbi-ufiles\shared\Research-Groups\Mark-Banfield\Josh_Williams\Scoring_5May\Yuxuan\_DSC0170.tif,3,4,1,3,7,4,3409,3583,710,884
\\nbi-ufiles\shared\Research-Groups\Mark-Banfield\Josh_Williams\Scoring_5May\Yuxuan\_DSC0170.tif,3,4,1,3,8,3,3288,3478,556,746
\\nbi-ufiles\shared\Research-Groups\Mark-Banfield\Josh_Williams\Scoring_5May\Yuxuan\_DSC0170.tif,3,4,1,4,1,5,4054,4234,582,762
\\nbi-ufiles\shared\Research-Groups\Mark-Banfield\Josh_Williams\Scoring_5May\Yuxuan\_DSC0170.tif,3,4,1,4,2,0,3967,4157,768,958
\\nbi-ufiles\shared\Research-Groups\Mark-Banfield\Josh_Williams\Scoring_5May\Yuxuan\_DSC0170.tif,3,4,1,4,3,4,3876,4084,936,1144
\\nbi-ufiles\shared\Research-Groups\Mark-Banfield\Josh_Williams\Scoring_5May\Yuxuan\_DSC0170.tif,3,4,1,4,4,4,3943,4117,1148,1322
\\nbi-ufiles\shared\Research-Groups\Mark-Banfield\Josh_Williams\Scoring_5May\Yuxuan\_DSC0170.tif,3,4,1,4,5,5,4274,4474,1077,1277
\\nbi-ufiles\shared\Research-Groups\Mark-Banfield\Josh_Williams\Scoring_5May\Yuxuan\_DSC0170.tif,3,4,1,4,6,0,4380,4548,934,1102
\\nbi-ufiles\shared\Research-Groups\Mark-Banfield\Josh_Williams\Scoring_5May\Yuxuan\_DSC0170.tif,3,4,1,4,7,5,4280,4448,768,936
\\nbi-ufiles\shared\Research-Groups\Mark-Banfield\Josh_Williams\Scoring_5May\Yuxuan\_DSC0170.tif,3,4,1,4,8,5,4215,4389,588,762
\\nbi-ufiles\shared\Research-Groups\Mark-Banfield\Josh_Williams\Scoring_5May\Yuxuan\_DSC0170.tif,3,4,2,1,2,6,922,1074,1776,1928
\\nbi-ufiles\shared\Research-Groups\Mark-Banfield\Josh_Williams\Scoring_5May\Yuxuan\_DSC0170.tif,3,4,2,1,3,4,894,1032,1920,2058
\\nbi-ufiles\shared\Research-Groups\Mark-Banfield\Josh_Williams\Scoring_5May\Yuxuan\_DSC0170.tif,3,4,2,1,5,3,1159,1333,2148,2322
\\nbi-ufiles\shared\Research-Groups\Mark-Banfield\Josh_Williams\Scoring_5May\Yuxuan\_DSC0170.tif,3,4,2,1,6,6,1338,1482,2033,2177
\\nbi-ufiles\shared\Research-Groups\Mark-Banfield\Josh_Williams\Scoring_5May\Yuxuan\_DSC0170.tif,3,4,2,1,7,0,1257,1411,1852,2006
\\nbi-ufiles\shared\Research-Groups\Mark-Banfield\Josh_Williams\Scoring_5May\Yuxuan\_DSC0170.tif,3,4,2,1,8,6,1164,1344,1698,1878
\\nbi-ufiles\shared\Research-Groups\Mark-Banfield\Josh_Williams\Scoring_5May\Yuxuan\_DSC0170.tif,3,4,2,2,1,4,1910,2090,1582,1762
\\nbi-ufiles\shared\Research-Groups\Mark-Banfield\Josh_Williams\Scoring_5May\Yuxuan\_DSC0170.tif,3,4,2,2,2,4,1841,1999,1768,1926
\\nbi-ufiles\shared\Research-Groups\Mark-Banfield\Josh_Williams\Scoring_5May\Yuxuan\_DSC0170.tif,3,4,2,2,3,0,1812,1992,1926,2106
\\nbi-ufiles\shared\Research-Groups\Mark-Banfield\Josh_Williams\Scoring_5May\Yuxuan\_DSC0170.tif,3,4,2,2,4,4,1888,2074,2137,2323
\\nbi-ufiles\shared\Research-Groups\Mark-Banfield\Josh_Williams\Scoring_5May\Yuxuan\_DSC0170.tif,3,4,2,2,5,2,2165,2367,2110,2312
\\nbi-ufiles\shared\Research-Groups\Mark-Banfield\Josh_Williams\Scoring_5May\Yuxuan\_DSC0170.tif,3,4,2,2,6,3,2248,2450,1902,2104
\\nbi-ufiles\shared\Research-Groups\Mark-Banfield\Josh_Williams\Scoring_5May\Yuxuan\_DSC0170.tif,3,4,2,2,7,0,2225,2405,1756,1936
\\nbi-ufiles\shared\Research-Groups\Mark-Banfield\Josh_Williams\Scoring_5May\Yuxuan\_DSC0170.tif,3,4,2,2,8,4,2111,2307,1592,1788
\\nbi-ufiles\shared\Research-Groups\Mark-Banfield\Josh_Williams\Scoring_5May\Yuxuan\_DSC0170.tif,3,4,2,3,1,6,3105,3317,1556,1768
\\nbi-ufiles\shared\Research-Groups\Mark-Banfield\Josh_Williams\Scoring_5May\Yuxuan\_DSC0170.tif,3,4,2,3,2,4,3034,3224,1714,1904
\\nbi-ufiles\shared\Research-Groups\Mark-Banfield\Josh_Williams\Scoring_5May\Yuxuan\_DSC0170.tif,3,4,2,3,3,5,3026,3226,1913,2113
\\nbi-ufiles\shared\Research-Groups\Mark-Banfield\Josh_Williams\Scoring_5May\Yuxuan\_DSC0170.tif,3,4,2,3,4,0,2946,3152,2114,2320
\\nbi-ufiles\shared\Research-Groups\Mark-Banfield\Josh_Williams\Scoring_5May\Yuxuan\_DSC0170.tif,3,4,2,3,5,3,3289,3475,2168,2354
\\nbi-ufiles\shared\Research-Groups\Mark-Banfield\Josh_Williams\Scoring_5May\Yuxuan\_DSC0170.tif,3,4,2,3,6,2,3422,3580,2032,2190
\\nbi-ufiles\shared\Research-Groups\Mark-Banfield\Josh_Williams\Scoring_5May\Yuxuan\_DSC0170.tif,3,4,2,3,7,3,3390,3570,1854,2034
\\nbi-ufiles\shared\Research-Groups\Mark-Banfield\Josh_Williams\Scoring_5May\Yuxuan\_DSC0170.tif,3,4,2,3,8,0,3312,3538,1630,1856
\\nbi-ufiles\shared\Research-Groups\Mark-Banfield\Josh_Williams\Scoring_5May\Yuxuan\_DSC0170.tif,3,4,2,4,1,4,3977,4167,1556,1746
\\nbi-ufiles\shared\Research-Groups\Mark-Banfield\Josh_Williams\Scoring_5May\Yuxuan\_DSC0170.tif,3,4,2,4,2,4,3850,4046,1704,1900
\\nbi-ufiles\shared\Research-Groups\Mark-Banfield\Josh_Williams\Scoring_5May\Yuxuan\_DSC0170.tif,3,4,2,4,3,4,3779,4011,1910,2142
\\nbi-ufiles\shared\Research-Groups\Mark-Banfield\Josh_Williams\Scoring_5May\Yuxuan\_DSC0170.tif,3,4,2,4,4,0,3856,4056,2143,2343
\\nbi-ufiles\shared\Research-Groups\Mark-Banfield\Josh_Williams\Scoring_5May\Yuxuan\_DSC0170.tif,3,4,2,4,5,5,4194,4412,2100,2318
\\nbi-ufiles\shared\Research-Groups\Mark-Banfield\Josh_Williams\Scoring_5May\Yuxuan\_DSC0170.tif,3,4,2,4,6,4,4331,4543,1910,2122
\\nbi-ufiles\shared\Research-Groups\Mark-Banfield\Josh_Williams\Scoring_5May\Yuxuan\_DSC0170.tif,3,4,2,4,7,6,4287,4493,1730,1936
\\nbi-ufiles\shared\Research-Groups\Mark-Banfield\Josh_Williams\Scoring_5May\Yuxuan\_DSC0170.tif,3,4,2,4,8,1,4149,4381,1530,1762
\\nbi-ufiles\shared\Research-Groups\Mark-Banfield\Josh_Williams\Scoring_5May\Yuxuan\_DSC0170.tif,3,4,3,2,1,4,1990,2154,2614,2778
\\nbi-ufiles\shared\Research-Groups\Mark-Banfield\Josh_Williams\Scoring_5May\Yuxuan\_DSC0170.tif,3,4,3,2,2,6,1866,2076,2778,2988
\\nbi-ufiles\shared\Research-Groups\Mark-Banfield\Josh_Williams\Scoring_5May\Yuxuan\_DSC0170.tif,3,4,3,2,3,4,1882,2058,2988,3164
\\nbi-ufiles\shared\Research-Groups\Mark-Banfield\Josh_Williams\Scoring_5May\Yuxuan\_DSC0170.tif,3,4,3,2,4,5,1973,2153,3094,3274
\\nbi-ufiles\shared\Research-Groups\Mark-Banfield\Josh_Williams\Scoring_5May\Yuxuan\_DSC0170.tif,3,4,3,2,5,0,2261,2451,3078,3268
\\nbi-ufiles\shared\Research-Groups\Mark-Banfield\Josh_Williams\Scoring_5May\Yuxuan\_DSC0170.tif,3,4,3,2,6,5,2369,2587,2798,3016
\\nbi-ufiles\shared\Research-Groups\Mark-Banfield\Josh_Williams\Scoring_5May\Yuxuan\_DSC0170.tif,3,4,3,2,7,6,2250,2452,2644,2846
\\nbi-ufiles\shared\Research-Groups\Mark-Banfield\Josh_Williams\Scoring_5May\Yuxuan\_DSC0170.tif,3,4,3,2,8,6,2128,2288,2570,2730
\\nbi-ufiles\shared\Research-Groups\Mark-Banfield\Josh_Williams\Scoring_5May\Yuxuan\_DSC0170.tif,3,4,3,3,1,4,2927,3087,2618,2778
\\nbi-ufiles\shared\Research-Groups\Mark-Banfield\Josh_Williams\Scoring_5May\Yuxuan\_DSC0170.tif,3,4,3,3,2,5,2819,3005,2750,2936
\\nbi-ufiles\shared\Research-Groups\Mark-Banfield\Josh_Williams\Scoring_5May\Yuxuan\_DSC0170.tif,3,4,3,3,3,4,2823,3023,2926,3126
\\nbi-ufiles\shared\Research-Groups\Mark-Banfield\Josh_Williams\Scoring_5May\Yuxuan\_DSC0170.tif,3,4,3,3,4,4,2869,3087,3136,3354
\\nbi-ufiles\shared\Research-Groups\Mark-Banfield\Josh_Williams\Scoring_5May\Yuxuan\_DSC0170.tif,3,4,3,3,5,0,3178,3402,3067,3291
\\nbi-ufiles\shared\Research-Groups\Mark-Banfield\Josh_Williams\Scoring_5May\Yuxuan\_DSC0170.tif,3,4,3,3,6,6,3284,3496,2853,3065
\\nbi-ufiles\shared\Research-Groups\Mark-Banfield\Josh_Williams\Scoring_5May\Yuxuan\_DSC0170.tif,3,4,3,3,7,4,3206,3416,2670,2880
\\nbi-ufiles\shared\Research-Groups\Mark-Banfield\Josh_Williams\Scoring_5May\Yuxuan\_DSC0170.tif,3,4,3,3,8,4,3062,3264,2552,2754
\\nbi-ufiles\shared\Research-Groups\Mark-Banfield\Josh_Williams\Scoring_5May\Yuxuan\_DSC0766.tif,3,3,1,2,1,3,1876,2114,906,1144
\\nbi-ufiles\shared\Research-Groups\Mark-Banfield\Josh_Williams\Scoring_5May\Yuxuan\_DSC0766.tif,3,3,1,2,2,3,1714,1984,1174,1444
\\nbi-ufiles\shared\Research-Groups\Mark-Banfield\Josh_Williams\Scoring_5May\Yuxuan\_DSC0766.tif,3,3,1,2,3,3,1714,2040,1500,1826
\\nbi-ufiles\shared\Research-Groups\Mark-Banfield\Josh_Williams\Scoring_5May\Yuxuan\_DSC0766.tif,3,3,2,1,4,3,1326,1626,2774,3074
\\nbi-ufiles\shared\Research-Groups\Mark-Banfield\Josh_Williams\Scoring_5May\Yuxuan\_DSC0766.tif,3,3,2,1,5,4,1436,1778,2404,2746
\\nbi-ufiles\shared\Research-Groups\Mark-Banfield\Josh_Williams\Scoring_5May\Yuxuan\_DSC0766.tif,3,3,2,1,6,4,1361,1671,2142,2452
\\nbi-ufiles\shared\Research-Groups\Mark-Banfield\Josh_Williams\Scoring_5May\Yuxuan\_DSC0766.tif,3,3,2,3,1,4,2417,2741,2310,2634
\\nbi-ufiles\shared\Research-Groups\Mark-Banfield\Josh_Williams\Scoring_5May\Yuxuan\_DSC0766.tif,3,3,2,3,2,4,2286,2610,2627,2951
\\nbi-ufiles\shared\Research-Groups\Mark-Banfield\Josh_Williams\Scoring_5May\Yuxuan\_DSC0766.tif,3,3,2,3,3,2,2356,2714,2931,3289
\\nbi-ufiles\shared\Research-Groups\Mark-Banfield\Josh_Williams\Scoring_5May\Yuxuan\_DSC0766.tif,3,3,3,1,4,3,1357,1651,4466,4760
\\nbi-ufiles\shared\Research-Groups\Mark-Banfield\Josh_Williams\Scoring_5May\Yuxuan\_DSC0766.tif,3,3,3,1,5,4,1362,1694,4126,4458
\\nbi-ufiles\shared\Research-Groups\Mark-Banfield\Josh_Williams\Scoring_5May\Yuxuan\_DSC0766.tif,3,3,3,1,6,5,1354,1624,3808,4078
\\nbi-ufiles\shared\Research-Groups\Mark-Banfield\Josh_Williams\Scoring_5May\Yuxuan\_DSC0766.tif,3,3,3,3,4,4,2836,3106,4578,4848
\\nbi-ufiles\shared\Research-Groups\Mark-Banfield\Josh_Williams\Scoring_5May\Yuxuan\_DSC0766.tif,3,3,3,3,5,4,2900,3210,4244,4554
\\nbi-ufiles\shared\Research-Groups\Mark-Banfield\Josh_Williams\Scoring_5May\Yuxuan\_DSC0766.tif,3,3,3,3,6,4,2792,3118,3966,4292
\\nbi-ufiles\shared\Research-Groups\Mark-Banfield\Josh_Williams\Scoring_5May\Yuxuan\_DSC0767.tif,3,3,1,2,4,4,2340,2682,1598,1940
\\nbi-ufiles\shared\Research-Groups\Mark-Banfield\Josh_Williams\Scoring_5May\Yuxuan\_DSC0767.tif,3,3,1,2,5,4,2372,2642,1262,1532
\\nbi-ufiles\shared\Research-Groups\Mark-Banfield\Josh_Williams\Scoring_5May\Yuxuan\_DSC0767.tif,3,3,1,2,6,4,2293,2619,928,1254
\\nbi-ufiles\shared\Research-Groups\Mark-Banfield\Josh_Williams\Scoring_5May\Yuxuan\_DSC0767.tif,3,3,2,1,1,4,1040,1342,2238,2540
\\nbi-ufiles\shared\Research-Groups\Mark-Banfield\Josh_Williams\Scoring_5May\Yuxuan\_DSC0767.tif,3,3,2,1,2,4,945,1293,2548,2896
\\nbi-ufiles\shared\Research-Groups\Mark-Banfield\Josh_Williams\Scoring_5May\Yuxuan\_DSC0767.tif,3,3,2,1,3,4,968,1278,2904,3214
\\nbi-ufiles\shared\Research-Groups\Mark-Banfield\Josh_Williams\Scoring_5May\Yuxuan\_DSC0767.tif,3,3,2,3,1,4,2464,2812,2500,2848
\\nbi-ufiles\shared\Research-Groups\Mark-Banfield\Josh_Williams\Scoring_5May\Yuxuan\_DSC0767.tif,3,3,2,3,2,4,2360,2694,2904,3238
\\nbi-ufiles\shared\Research-Groups\Mark-Banfield\Josh_Williams\Scoring_5May\Yuxuan\_DSC0767.tif,3,3,2,3,3,4,2408,2710,3300,3602
\\nbi-ufiles\shared\Research-Groups\Mark-Banfield\Josh_Williams\Scoring_5May\Yuxuan\_DSC0767.tif,3,3,3,1,1,4,984,1318,3808,4142
\\nbi-ufiles\shared\Research-Groups\Mark-Banfield\Josh_Williams\Scoring_5May\Yuxuan\_DSC0767.tif,3,3,3,1,2,4,944,1310,4109,4475
\\nbi-ufiles\shared\Research-Groups\Mark-Banfield\Josh_Williams\Scoring_5May\Yuxuan\_DSC0767.tif,3,3,3,1,3,4,1008,1334,4490,4816
\\nbi-ufiles\shared\Research-Groups\Mark-Banfield\Josh_Williams\Scoring_5May\Yuxuan\_DSC0767.tif,3,3,3,3,1,1,2722,3008,4078,4364
\\nbi-ufiles\shared\Research-Groups\Mark-Banfield\Josh_Williams\Scoring_5May\Yuxuan\_DSC0767.tif,3,3,3,3,2,1,2548,2920,4285,4657
\\nbi-ufiles\shared\Research-Groups\Mark-Banfield\Josh_Williams\Scoring_5May\Yuxuan\_DSC0767.tif,3,3,3,3,3,1,2548,2880,4669,5001
\\nbi-ufiles\shared\Research-Groups\Mark-Banfield\Josh_Williams\Scoring_5May\Yuxuan\_DSC0769.tif,3,3,1,2,4,0,2270,2650,1508,1888
\\nbi-ufiles\shared\Research-Groups\Mark-Banfield\Josh_Williams\Scoring_5May\Yuxuan\_DSC0769.tif,3,3,1,2,5,1,2278,2562,1179,1463
\\nbi-ufiles\shared\Research-Groups\Mark-Banfield\Josh_Williams\Scoring_5May\Yuxuan\_DSC0769.tif,3,3,1,2,6,1,2258,2536,874,1152
\\nbi-ufiles\shared\Research-Groups\Mark-Banfield\Josh_Williams\Scoring_5May\Yuxuan\_DSC0769.tif,3,3,2,1,1,1,1144,1420,2294,2570
\\nbi-ufiles\shared\Research-Groups\Mark-Banfield\Josh_Williams\Scoring_5May\Yuxuan\_DSC0769.tif,3,3,2,1,2,1,976,1278,2468,2770
\\nbi-ufiles\shared\Research-Groups\Mark-Banfield\Josh_Williams\Scoring_5May\Yuxuan\_DSC0769.tif,3,3,2,1,3,1,1032,1342,2780,3090
\\nbi-ufiles\shared\Research-Groups\Mark-Banfield\Josh_Williams\Scoring_5May\Yuxuan\_DSC0769.tif,3,3,2,3,4,1,3019,3359,2984,3324
\\nbi-ufiles\shared\Research-Groups\Mark-Banfield\Josh_Williams\Scoring_5May\Yuxuan\_DSC0769.tif,3,3,2,3,5,1,2999,3293,2634,2928
\\nbi-ufiles\shared\Research-Groups\Mark-Banfield\Josh_Williams\Scoring_5May\Yuxuan\_DSC0769.tif,3,3,2,3,6,1,2912,3230,2324,2642
\\nbi-ufiles\shared\Research-Groups\Mark-Banfield\Josh_Williams\Scoring_5May\Yuxuan\_DSC0769.tif,3,3,3,1,1,3,874,1198,3833,4157
\\nbi-ufiles\shared\Research-Groups\Mark-Banfield\Josh_Williams\Scoring_5May\Yuxuan\_DSC0769.tif,3,3,3,1,2,3,735,1043,4118,4426
\\nbi-ufiles\shared\Research-Groups\Mark-Banfield\Josh_Williams\Scoring_5May\Yuxuan\_DSC0769.tif,3,3,3,1,3,3,722,1056,4438,4772
\\nbi-ufiles\shared\Research-Groups\Mark-Banfield\Josh_Williams\Scoring_5May\Yuxuan\_DSC0769.tif,3,3,3,3,4,0,2880,3268,4463,4851
\\nbi-ufiles\shared\Research-Groups\Mark-Banfield\Josh_Williams\Scoring_5May\Yuxuan\_DSC0769.tif,3,3,3,3,5,1,2904,3252,4106,4454
\\nbi-ufiles\shared\Research-Groups\Mark-Banfield\Josh_Williams\Scoring_5May\Yuxuan\_DSC0769.tif,3,3,3,3,6,1,2844,3162,3816,4134
\\nbi-ufiles\shared\Research-Groups\Mark-Banfield\Josh_Williams\Scoring_5May\Yuxuan\_DSC0771.tif,3,3,1,2,1,3,1496,1790,698,992
\\nbi-ufiles\shared\Research-Groups\Mark-Banfield\Josh_Williams\Scoring_5May\Yuxuan\_DSC0771.tif,3,3,1,2,2,3,1382,1690,965,1273
\\nbi-ufiles\shared\Research-Groups\Mark-Banfield\Josh_Williams\Scoring_5May\Yuxuan\_DSC0771.tif,3,3,1,2,3,3,1508,1810,1314,1616
\\nbi-ufiles\shared\Research-Groups\Mark-Banfield\Josh_Williams\Scoring_5May\Yuxuan\_DSC0771.tif,3,3,2,1,1,2,759,1051,2056,2348
\\nbi-ufiles\shared\Research-Groups\Mark-Banfield\Josh_Williams\Scoring_5May\Yuxuan\_DSC0771.tif,3,3,2,1,2,1,668,922,2336,2590
\\nbi-ufiles\shared\Research-Groups\Mark-Banfield\Josh_Williams\Scoring_5May\Yuxuan\_DSC0771.tif,3,3,2,1,3,1,734,1052,2602,2920
\\nbi-ufiles\shared\Research-Groups\Mark-Banfield\Josh_Williams\Scoring_5May\Yuxuan\_DSC0771.tif,3,3,2,3,4,1,2909,3257,2754,3102
\\nbi-ufiles\shared\Research-Groups\Mark-Banfield\Josh_Williams\Scoring_5May\Yuxuan\_DSC0771.tif,3,3,2,3,5,2,2864,3166,2372,2674
\\nbi-ufiles\shared\Research-Groups\Mark-Banfield\Josh_Williams\Scoring_5May\Yuxuan\_DSC0771.tif,3,3,2,3,6,3,2753,3093,2000,2340
\\nbi-ufiles\shared\Research-Groups\Mark-Banfield\Josh_Williams\Scoring_5May\Yuxuan\_DSC0771.tif,3,3,3,1,1,3,815,1163,3610,3958
\\nbi-ufiles\shared\Research-Groups\Mark-Banfield\Josh_Williams\Scoring_5May\Yuxuan\_DSC0771.tif,3,3,3,1,2,3,754,1064,3927,4237
\\nbi-ufiles\shared\Research-Groups\Mark-Banfield\Josh_Williams\Scoring_5May\Yuxuan\_DSC0771.tif,3,3,3,1,3,4,818,1032,4284,4498
\\nbi-ufiles\shared\Research-Groups\Mark-Banfield\Josh_Williams\Scoring_5May\Yuxuan\_DSC0771.tif,3,3,3,3,4,1,2864,3198,4308,4642
\\nbi-ufiles\shared\Research-Groups\Mark-Banfield\Josh_Williams\Scoring_5May\Yuxuan\_DSC0771.tif,3,3,3,3,5,4,2832,3246,3903,4317
\\nbi-ufiles\shared\Research-Groups\Mark-Banfield\Josh_Williams\Scoring_5May\Yuxuan\_DSC0771.tif,3,3,3,3,6,3,2730,3062,3702,4034
\\nbi-ufiles\shared\Research-Groups\Mark-Banfield\Josh_Williams\Scoring_5May\Yuxuan\_DSC1157.TIF,3,3,1,2,1,3,1747,2087,406,746
\\nbi-ufiles\shared\Research-Groups\Mark-Banfield\Josh_Williams\Scoring_5May\Yuxuan\_DSC1157.TIF,3,3,1,2,4,3,2206,2564,1214,1572
\\nbi-ufiles\shared\Research-Groups\Mark-Banfield\Josh_Williams\Scoring_5May\Yuxuan\_DSC1157.TIF,3,3,1,2,5,4,2110,2452,770,1112
\\nbi-ufiles\shared\Research-Groups\Mark-Banfield\Josh_Williams\Scoring_5May\Yuxuan\_DSC1157.TIF,3,3,1,2,6,3,2060,2440,398,778
\\nbi-ufiles\shared\Research-Groups\Mark-Banfield\Josh_Williams\Scoring_5May\Yuxuan\_DSC1157.TIF,3,3,2,1,2,4,596,952,2028,2384
\\nbi-ufiles\shared\Research-Groups\Mark-Banfield\Josh_Williams\Scoring_5May\Yuxuan\_DSC1157.TIF,3,3,2,1,4,1,1318,1706,2508,2896
\\nbi-ufiles\shared\Research-Groups\Mark-Banfield\Josh_Williams\Scoring_5May\Yuxuan\_DSC1157.TIF,3,3,2,1,5,5,1230,1596,2122,2488
\\nbi-ufiles\shared\Research-Groups\Mark-Banfield\Josh_Williams\Scoring_5May\Yuxuan\_DSC1157.TIF,3,3,2,1,6,3,1124,1410,1762,2048
\\nbi-ufiles\shared\Research-Groups\Mark-Banfield\Josh_Williams\Scoring_5May\Yuxuan\_DSC1157.TIF,3,3,2,3,2,5,2352,2646,2348,2642
\\nbi-ufiles\shared\Research-Groups\Mark-Banfield\Josh_Williams\Scoring_5May\Yuxuan\_DSC1157.TIF,3,3,2,3,4,3,2896,3246,2642,2992
\\nbi-ufiles\shared\Research-Groups\Mark-Banfield\Josh_Williams\Scoring_5May\Yuxuan\_DSC1157.TIF,3,3,2,3,5,3,2848,3166,2293,2611
\\nbi-ufiles\shared\Research-Groups\Mark-Banfield\Josh_Williams\Scoring_5May\Yuxuan\_DSC1157.TIF,3,3,2,3,6,3,2745,3079,1968,2302
\\nbi-ufiles\shared\Research-Groups\Mark-Banfield\Josh_Williams\Scoring_5May\Yuxuan\_DSC1157.TIF,3,3,3,1,2,1,851,1159,3872,4180
\\nbi-ufiles\shared\Research-Groups\Mark-Banfield\Josh_Williams\Scoring_5May\Yuxuan\_DSC1157.TIF,3,3,3,1,4,3,1404,1746,4121,4463
\\nbi-ufiles\shared\Research-Groups\Mark-Banfield\Josh_Williams\Scoring_5May\Yuxuan\_DSC1157.TIF,3,3,3,1,5,3,1345,1647,3816,4118
\\nbi-ufiles\shared\Research-Groups\Mark-Banfield\Josh_Williams\Scoring_5May\Yuxuan\_DSC1157.TIF,3,3,3,1,6,3,1222,1596,3466,3840
\\nbi-ufiles\shared\Research-Groups\Mark-Banfield\Josh_Williams\Scoring_5May\Yuxuan\_DSC1157.TIF,3,3,3,3,1,3,2456,2790,3610,3944
\\nbi-ufiles\shared\Research-Groups\Mark-Banfield\Josh_Williams\Scoring_5May\Yuxuan\_DSC1157.TIF,3,3,3,3,4,3,2893,3249,4364,4720
\\nbi-ufiles\shared\Research-Groups\Mark-Banfield\Josh_Williams\Scoring_5May\Yuxuan\_DSC1157.TIF,3,3,3,3,5,5,2800,3206,3915,4321
\\nbi-ufiles\shared\Research-Groups\Mark-Banfield\Josh_Williams\Scoring_5May\Yuxuan\_DSC1157.TIF,3,3,3,3,6,3,2719,3043,3626,3950
\\nbi-ufiles\shared\Research-Groups\Mark-Banfield\Josh_Williams\Scoring_5May\Yuxuan\_DSC1159.TIF,3,3,1,2,3,1,1516,1912,854,1250
\\nbi-ufiles\shared\Research-Groups\Mark-Banfield\Josh_Williams\Scoring_5May\Yuxuan\_DSC1159.TIF,3,3,1,2,4,4,2364,2674,972,1282
\\nbi-ufiles\shared\Research-Groups\Mark-Banfield\Josh_Williams\Scoring_5May\Yuxuan\_DSC1159.TIF,3,3,1,2,5,1,2298,2622,652,976
\\nbi-ufiles\shared\Research-Groups\Mark-Banfield\Josh_Williams\Scoring_5May\Yuxuan\_DSC1159.TIF,3,3,1,2,6,0,2202,2520,270,588
\\nbi-ufiles\shared\Research-Groups\Mark-Banfield\Josh_Williams\Scoring_5May\Yuxuan\_DSC1159.TIF,3,3,2,1,1,0,783,1139,1374,1730
\\nbi-ufiles\shared\Research-Groups\Mark-Banfield\Josh_Williams\Scoring_5May\Yuxuan\_DSC1159.TIF,3,3,2,1,4,0,1322,1710,2206,2594
\\nbi-ufiles\shared\Research-Groups\Mark-Banfield\Josh_Williams\Scoring_5May\Yuxuan\_DSC1159.TIF,3,3,2,1,5,0,1361,1655,1786,2080
\\nbi-ufiles\shared\Research-Groups\Mark-Banfield\Josh_Williams\Scoring_5May\Yuxuan\_DSC1159.TIF,3,3,2,1,6,3,1214,1548,1428,1762
\\nbi-ufiles\shared\Research-Groups\Mark-Banfield\Josh_Williams\Scoring_5May\Yuxuan\_DSC1159.TIF,3,3,2,3,1,1,2460,2762,1686,1988
\\nbi-ufiles\shared\Research-Groups\Mark-Banfield\Josh_Williams\Scoring_5May\Yuxuan\_DSC1159.TIF,3,3,2,3,5,0,2816,3214,1936,2334
\\nbi-ufiles\shared\Research-Groups\Mark-Banfield\Josh_Williams\Scoring_5May\Yuxuan\_DSC1159.TIF,3,3,2,3,6,3,2721,3079,1634,1992
\\nbi-ufiles\shared\Research-Groups\Mark-Banfield\Josh_Williams\Scoring_5May\Yuxuan\_DSC1159.TIF,3,3,3,1,2,1,730,1072,3661,4003
\\nbi-ufiles\shared\Research-Groups\Mark-Banfield\Josh_Williams\Scoring_5May\Yuxuan\_DSC1159.TIF,3,3,3,1,5,3,1310,1650,3599,3939
\\nbi-ufiles\shared\Research-Groups\Mark-Banfield\Josh_Williams\Scoring_5May\Yuxuan\_DSC1159.TIF,3,3,3,1,6,0,1198,1556,3264,3622
\\nbi-ufiles\shared\Research-Groups\Mark-Banfield\Josh_Williams\Scoring_5May\Yuxuan\_DSC1159.TIF,3,3,3,3,3,3,2150,2524,4291,4665
\\nbi-ufiles\shared\Research-Groups\Mark-Banfield\Josh_Williams\Scoring_5May\Yuxuan\_DSC1159.TIF,3,3,3,3,4,4,2872,3214,4204,4546
\\nbi-ufiles\shared\Research-Groups\Mark-Banfield\Josh_Williams\Scoring_5May\Yuxuan\_DSC1159.TIF,3,3,3,3,5,0,2832,3182,3792,4142
\\nbi-ufiles\shared\Research-Groups\Mark-Banfield\Josh_Williams\Scoring_5May\Yuxuan\_DSC1159.TIF,3,3,3,3,6,0,2674,3054,3396,3776
\\nbi-ufiles\shared\Research-Groups\Mark-Banfield\Josh_Williams\Scoring_5May\Yuxuan\_DSC1335.TIF,3,3,1,2,1,0,1616,1900,208,492
\\nbi-ufiles\shared\Research-Groups\Mark-Banfield\Josh_Williams\Scoring_5May\Yuxuan\_DSC1335.TIF,3,3,1,2,3,3,1513,1837,922,1246
\\nbi-ufiles\shared\Research-Groups\Mark-Banfield\Josh_Williams\Scoring_5May\Yuxuan\_DSC1335.TIF,3,3,1,2,4,1,2174,2468,952,1246
\\nbi-ufiles\shared\Research-Groups\Mark-Banfield\Josh_Williams\Scoring_5May\Yuxuan\_DSC1335.TIF,3,3,2,1,2,1,556,922,2075,2441
\\nbi-ufiles\shared\Research-Groups\Mark-Banfield\Josh_Williams\Scoring_5May\Yuxuan\_DSC1335.TIF,3,3,2,1,5,3,1456,1790,1976,2310
\\nbi-ufiles\shared\Research-Groups\Mark-Banfield\Josh_Williams\Scoring_5May\Yuxuan\_DSC1335.TIF,3,3,2,3,2,1,2286,2594,2325,2633
\\nbi-ufiles\shared\Research-Groups\Mark-Banfield\Josh_Williams\Scoring_5May\Yuxuan\_DSC1335.TIF,3,3,2,3,4,0,2947,3313,2586,2952
\\nbi-ufiles\shared\Research-Groups\Mark-Banfield\Josh_Williams\Scoring_5May\Yuxuan\_DSC1335.TIF,3,3,2,3,5,4,2972,3304,2254,2586
\\nbi-ufiles\shared\Research-Groups\Mark-Banfield\Josh_Williams\Scoring_5May\Yuxuan\_DSC1335.TIF,3,3,2,3,6,0,2760,3094,1920,2254
\\nbi-ufiles\shared\Research-Groups\Mark-Banfield\Josh_Williams\Scoring_5May\Yuxuan\_DSC1335.TIF,3,3,3,1,1,3,766,1116,3506,3856
\\nbi-ufiles\shared\Research-Groups\Mark-Banfield\Josh_Williams\Scoring_5May\Yuxuan\_DSC1335.TIF,3,3,3,1,2,0,616,980,3872,4236
\\nbi-ufiles\shared\Research-Groups\Mark-Banfield\Josh_Williams\Scoring_5May\Yuxuan\_DSC1335.TIF,3,3,3,1,3,0,639,965,4260,4586
\\nbi-ufiles\shared\Research-Groups\Mark-Banfield\Josh_Williams\Scoring_5May\Yuxuan\_DSC1335.TIF,3,3,3,1,6,1,1219,1567,3412,3760
\\nbi-ufiles\shared\Research-Groups\Mark-Banfield\Josh_Williams\Scoring_5May\Yuxuan\_DSC1335.TIF,3,3,3,3,1,0,2253,2563,3538,3848
\\nbi-ufiles\shared\Research-Groups\Mark-Banfield\Josh_Williams\Scoring_5May\Yuxuan\_DSC1335.TIF,3,3,3,3,2,0,2135,2515,3888,4268
\\nbi-ufiles\shared\Research-Groups\Mark-Banfield\Josh_Williams\Scoring_5May\Yuxuan\_DSC1335.TIF,3,3,3,3,3,3,2206,2642,4284,4720
\\nbi-ufiles\shared\Research-Groups\Mark-Banfield\Josh_Williams\Scoring_5May\Yuxuan\_DSC1335.TIF,3,3,3,3,4,1,2912,3206,4308,4602
\\nbi-ufiles\shared\Research-Groups\Mark-Banfield\Josh_Williams\Scoring_5May\Yuxuan\_DSC1804.tif,4,4,1,1,1,0,1275,1423,160,308
\\nbi-ufiles\shared\Research-Groups\Mark-Banfield\Josh_Williams\Scoring_5May\Yuxuan\_DSC1804.tif,4,4,1,1,2,6,1183,1363,318,498
\\nbi-ufiles\shared\Research-Groups\Mark-Banfield\Josh_Williams\Scoring_5May\Yuxuan\_DSC1804.tif,4,4,1,1,3,0,1159,1355,456,652
\\nbi-ufiles\shared\Research-Groups\Mark-Banfield\Josh_Williams\Scoring_5May\Yuxuan\_DSC1804.tif,4,4,1,1,4,6,1257,1415,652,810
\\nbi-ufiles\shared\Research-Groups\Mark-Banfield\Josh_Williams\Scoring_5May\Yuxuan\_DSC1804.tif,4,4,1,1,5,0,1509,1683,604,778
\\nbi-ufiles\shared\Research-Groups\Mark-Banfield\Josh_Williams\Scoring_5May\Yuxuan\_DSC1804.tif,4,4,1,1,6,5,1593,1773,450,630
\\nbi-ufiles\shared\Research-Groups\Mark-Banfield\Josh_Williams\Scoring_5May\Yuxuan\_DSC1804.tif,4,4,1,1,7,0,1502,1704,297,499
\\nbi-ufiles\shared\Research-Groups\Mark-Banfield\Josh_Williams\Scoring_5May\Yuxuan\_DSC1804.tif,4,4,1,1,8,6,1444,1624,144,324
\\nbi-ufiles\shared\Research-Groups\Mark-Banfield\Josh_Williams\Scoring_5May\Yuxuan\_DSC1804.tif,4,4,1,2,1,0,1980,2108,138,266
\\nbi-ufiles\shared\Research-Groups\Mark-Banfield\Josh_Williams\Scoring_5May\Yuxuan\_DSC1804.tif,4,4,1,2,2,3,1965,2103,286,424
\\nbi-ufiles\shared\Research-Groups\Mark-Banfield\Josh_Williams\Scoring_5May\Yuxuan\_DSC1804.tif,4,4,1,2,3,0,1912,2060,476,624
\\nbi-ufiles\shared\Research-Groups\Mark-Banfield\Josh_Williams\Scoring_5May\Yuxuan\_DSC1804.tif,4,4,1,2,4,4,2024,2166,562,704
\\nbi-ufiles\shared\Research-Groups\Mark-Banfield\Josh_Williams\Scoring_5May\Yuxuan\_DSC1804.tif,4,4,1,2,5,0,2246,2394,540,688
\\nbi-ufiles\shared\Research-Groups\Mark-Banfield\Josh_Williams\Scoring_5May\Yuxuan\_DSC1804.tif,4,4,1,2,6,4,2328,2470,350,492
\\nbi-ufiles\shared\Research-Groups\Mark-Banfield\Josh_Williams\Scoring_5May\Yuxuan\_DSC1804.tif,4,4,1,2,7,1,2216,2380,204,368
\\nbi-ufiles\shared\Research-Groups\Mark-Banfield\Josh_Williams\Scoring_5May\Yuxuan\_DSC1804.tif,4,4,1,2,8,5,2145,2283,96,234
\\nbi-ufiles\shared\Research-Groups\Mark-Banfield\Josh_Williams\Scoring_5May\Yuxuan\_DSC1804.tif,4,4,1,3,1,6,2819,2973,180,334
\\nbi-ufiles\shared\Research-Groups\Mark-Banfield\Josh_Williams\Scoring_5May\Yuxuan\_DSC1804.tif,4,4,1,3,2,0,2746,2914,326,494
\\nbi-ufiles\shared\Research-Groups\Mark-Banfield\Josh_Williams\Scoring_5May\Yuxuan\_DSC1804.tif,4,4,1,3,3,4,2737,2913,476,652
\\nbi-ufiles\shared\Research-Groups\Mark-Banfield\Josh_Williams\Scoring_5May\Yuxuan\_DSC1804.tif,4,4,1,3,4,0,2756,2952,662,858
\\nbi-ufiles\shared\Research-Groups\Mark-Banfield\Josh_Williams\Scoring_5May\Yuxuan\_DSC1804.tif,4,4,1,3,5,5,3068,3238,678,848
\\nbi-ufiles\shared\Research-Groups\Mark-Banfield\Josh_Williams\Scoring_5May\Yuxuan\_DSC1804.tif,4,4,1,3,6,0,3120,3268,527,675
\\nbi-ufiles\shared\Research-Groups\Mark-Banfield\Josh_Williams\Scoring_5May\Yuxuan\_DSC1804.tif,4,4,1,3,7,5,3078,3286,328,536
\\nbi-ufiles\shared\Research-Groups\Mark-Banfield\Josh_Williams\Scoring_5May\Yuxuan\_DSC1804.tif,4,4,1,3,8,0,3020,3216,128,324
\\nbi-ufiles\shared\Research-Groups\Mark-Banfield\Josh_Williams\Scoring_5May\Yuxuan\_DSC1804.tif,4,4,1,4,1,6,3713,3857,270,414
\\nbi-ufiles\shared\Research-Groups\Mark-Banfield\Josh_Williams\Scoring_5May\Yuxuan\_DSC1804.tif,4,4,1,4,2,0,3654,3830,405,581
\\nbi-ufiles\shared\Research-Groups\Mark-Banfield\Josh_Williams\Scoring_5May\Yuxuan\_DSC1804.tif,4,4,1,4,3,5,3689,3863,588,762
\\nbi-ufiles\shared\Research-Groups\Mark-Banfield\Josh_Williams\Scoring_5May\Yuxuan\_DSC1804.tif,4,4,1,4,4,0,3785,3949,720,884
\\nbi-ufiles\shared\Research-Groups\Mark-Banfield\Josh_Williams\Scoring_5May\Yuxuan\_DSC1804.tif,4,4,1,4,5,4,3923,4117,610,804
\\nbi-ufiles\shared\Research-Groups\Mark-Banfield\Josh_Williams\Scoring_5May\Yuxuan\_DSC1804.tif,4,4,1,4,6,0,3938,4090,462,614
\\nbi-ufiles\shared\Research-Groups\Mark-Banfield\Josh_Williams\Scoring_5May\Yuxuan\_DSC1804.tif,4,4,1,4,7,4,3962,4126,266,430
\\nbi-ufiles\shared\Research-Groups\Mark-Banfield\Josh_Williams\Scoring_5May\Yuxuan\_DSC1804.tif,4,4,1,4,8,0,3872,4030,147,305
\\nbi-ufiles\shared\Research-Groups\Mark-Banfield\Josh_Williams\Scoring_5May\Yuxuan\_DSC1804.tif,4,4,2,1,1,0,1301,1461,1042,1202
\\nbi-ufiles\shared\Research-Groups\Mark-Banfield\Josh_Williams\Scoring_5May\Yuxuan\_DSC1804.tif,4,4,2,1,2,6,1263,1415,1202,1354
\\nbi-ufiles\shared\Research-Groups\Mark-Banfield\Josh_Williams\Scoring_5May\Yuxuan\_DSC1804.tif,4,4,2,1,3,0,1164,1360,1381,1577
\\nbi-ufiles\shared\Research-Groups\Mark-Banfield\Josh_Williams\Scoring_5May\Yuxuan\_DSC1804.tif,4,4,2,1,4,3,1180,1382,1571,1773
\\nbi-ufiles\shared\Research-Groups\Mark-Banfield\Josh_Williams\Scoring_5May\Yuxuan\_DSC1804.tif,4,4,2,1,5,0,1482,1672,1567,1757
\\nbi-ufiles\shared\Research-Groups\Mark-Banfield\Josh_Williams\Scoring_5May\Yuxuan\_DSC1804.tif,4,4,2,1,6,4,1488,1688,1376,1576
\\nbi-ufiles\shared\Research-Groups\Mark-Banfield\Josh_Williams\Scoring_5May\Yuxuan\_DSC1804.tif,4,4,2,1,7,0,1514,1688,1231,1405
\\nbi-ufiles\shared\Research-Groups\Mark-Banfield\Josh_Williams\Scoring_5May\Yuxuan\_DSC1804.tif,4,4,2,1,8,3,1482,1656,1059,1233
\\nbi-ufiles\shared\Research-Groups\Mark-Banfield\Josh_Williams\Scoring_5May\Yuxuan\_DSC1804.tif,4,4,2,2,1,0,2176,2304,1148,1276
\\nbi-ufiles\shared\Research-Groups\Mark-Banfield\Josh_Williams\Scoring_5May\Yuxuan\_DSC1804.tif,4,4,2,2,2,5,2111,2307,1286,1482
\\nbi-ufiles\shared\Research-Groups\Mark-Banfield\Josh_Williams\Scoring_5May\Yuxuan\_DSC1804.tif,4,4,2,2,3,0,2110,2296,1465,1651
\\nbi-ufiles\shared\Research-Groups\Mark-Banfield\Josh_Williams\Scoring_5May\Yuxuan\_DSC1804.tif,4,4,2,2,4,5,2256,2436,1592,1772
\\nbi-ufiles\shared\Research-Groups\Mark-Banfield\Josh_Williams\Scoring_5May\Yuxuan\_DSC1804.tif,4,4,2,2,5,0,2523,2713,1582,1772
\\nbi-ufiles\shared\Research-Groups\Mark-Banfield\Josh_Williams\Scoring_5May\Yuxuan\_DSC1804.tif,4,4,2,2,6,6,2570,2792,1347,1569
\\nbi-ufiles\shared\Research-Groups\Mark-Banfield\Josh_Williams\Scoring_5May\Yuxuan\_DSC1804.tif,4,4,2,2,7,0,2523,2703,1222,1402
\\nbi-ufiles\shared\Research-Groups\Mark-Banfield\Josh_Williams\Scoring_5May\Yuxuan\_DSC1804.tif,4,4,2,2,8,4,2322,2528,1054,1260
\\nbi-ufiles\shared\Research-Groups\Mark-Banfield\Josh_Williams\Scoring_5May\Yuxuan\_DSC1804.tif,4,4,2,3,1,5,3018,3182,1080,1244
\\nbi-ufiles\shared\Research-Groups\Mark-Banfield\Josh_Williams\Scoring_5May\Yuxuan\_DSC1804.tif,4,4,2,3,2,0,2920,3094,1225,1399
\\nbi-ufiles\shared\Research-Groups\Mark-Banfield\Josh_Williams\Scoring_5May\Yuxuan\_DSC1804.tif,4,4,2,3,3,6,2845,3073,1338,1566
\\nbi-ufiles\shared\Research-Groups\Mark-Banfield\Josh_Williams\Scoring_5May\Yuxuan\_DSC1804.tif,4,4,2,3,4,0,2968,3126,1550,1708
\\nbi-ufiles\shared\Research-Groups\Mark-Banfield\Josh_Williams\Scoring_5May\Yuxuan\_DSC1804.tif,4,4,2,3,5,4,3200,3380,1511,1691
\\nbi-ufiles\shared\Research-Groups\Mark-Banfield\Josh_Williams\Scoring_5May\Yuxuan\_DSC1804.tif,4,4,2,3,6,0,3284,3470,1328,1514
\\nbi-ufiles\shared\Research-Groups\Mark-Banfield\Josh_Williams\Scoring_5May\Yuxuan\_DSC1804.tif,4,4,2,3,7,5,3184,3364,1190,1370
\\nbi-ufiles\shared\Research-Groups\Mark-Banfield\Josh_Williams\Scoring_5May\Yuxuan\_DSC1804.tif,4,4,2,3,8,0,3178,3338,1058,1218
\\nbi-ufiles\shared\Research-Groups\Mark-Banfield\Josh_Williams\Scoring_5May\Yuxuan\_DSC1804.tif,4,4,2,4,1,5,3676,3830,1058,1212
\\nbi-ufiles\shared\Research-Groups\Mark-Banfield\Josh_Williams\Scoring_5May\Yuxuan\_DSC1804.tif,4,4,2,4,2,0,3650,3792,1255,1397
\\nbi-ufiles\shared\Research-Groups\Mark-Banfield\Josh_Williams\Scoring_5May\Yuxuan\_DSC1804.tif,4,4,2,4,3,6,3579,3805,1382,1608
\\nbi-ufiles\shared\Research-Groups\Mark-Banfield\Josh_Williams\Scoring_5May\Yuxuan\_DSC1804.tif,4,4,2,4,4,0,3673,3843,1576,1746
\\nbi-ufiles\shared\Research-Groups\Mark-Banfield\Josh_Williams\Scoring_5May\Yuxuan\_DSC1804.tif,4,4,2,4,5,4,3925,4115,1550,1740
\\nbi-ufiles\shared\Research-Groups\Mark-Banfield\Josh_Williams\Scoring_5May\Yuxuan\_DSC1804.tif,4,4,2,4,6,0,4030,4226,1336,1532
\\nbi-ufiles\shared\Research-Groups\Mark-Banfield\Josh_Williams\Scoring_5May\Yuxuan\_DSC1804.tif,4,4,2,4,7,6,3956,4136,1174,1354
\\nbi-ufiles\shared\Research-Groups\Mark-Banfield\Josh_Williams\Scoring_5May\Yuxuan\_DSC1804.tif,4,4,2,4,8,0,3837,4017,1000,1180
\\nbi-ufiles\shared\Research-Groups\Mark-Banfield\Josh_Williams\Scoring_5May\Yuxuan\_DSC1804.tif,4,4,3,1,1,3,1357,1495,2132,2270
\\nbi-ufiles\shared\Research-Groups\Mark-Banfield\Josh_Williams\Scoring_5May\Yuxuan\_DSC1804.tif,4,4,3,1,2,4,1305,1453,2258,2406
\\nbi-ufiles\shared\Research-Groups\Mark-Banfield\Josh_Williams\Scoring_5May\Yuxuan\_DSC1804.tif,4,4,3,1,3,0,1248,1386,2391,2529
\\nbi-ufiles\shared\Research-Groups\Mark-Banfield\Josh_Williams\Scoring_5May\Yuxuan\_DSC1804.tif,4,4,3,1,4,6,1354,1492,2529,2667
\\nbi-ufiles\shared\Research-Groups\Mark-Banfield\Josh_Williams\Scoring_5May\Yuxuan\_DSC1804.tif,4,4,3,1,5,0,1553,1691,2512,2650
\\nbi-ufiles\shared\Research-Groups\Mark-Banfield\Josh_Williams\Scoring_5May\Yuxuan\_DSC1804.tif,4,4,3,1,6,5,1634,1778,2356,2500
\\nbi-ufiles\shared\Research-Groups\Mark-Banfield\Josh_Williams\Scoring_5May\Yuxuan\_DSC1804.tif,4,4,3,1,7,0,1598,1736,2232,2370
\\nbi-ufiles\shared\Research-Groups\Mark-Banfield\Josh_Williams\Scoring_5May\Yuxuan\_DSC1804.tif,4,4,3,1,8,6,1495,1669,2090,2264
\\nbi-ufiles\shared\Research-Groups\Mark-Banfield\Josh_Williams\Scoring_5May\Yuxuan\_DSC1804.tif,4,4,3,2,1,0,2152,2306,2036,2190
\\nbi-ufiles\shared\Research-Groups\Mark-Banfield\Josh_Williams\Scoring_5May\Yuxuan\_DSC1804.tif,4,4,3,2,2,4,2034,2188,2164,2318
\\nbi-ufiles\shared\Research-Groups\Mark-Banfield\Josh_Williams\Scoring_5May\Yuxuan\_DSC1804.tif,4,4,3,2,3,0,2080,2200,2318,2438
\\nbi-ufiles\shared\Research-Groups\Mark-Banfield\Josh_Williams\Scoring_5May\Yuxuan\_DSC1804.tif,4,4,3,2,4,6,2146,2272,2392,2518
\\nbi-ufiles\shared\Research-Groups\Mark-Banfield\Josh_Williams\Scoring_5May\Yuxuan\_DSC1804.tif,4,4,3,2,5,0,2301,2407,2434,2540
\\nbi-ufiles\shared\Research-Groups\Mark-Banfield\Josh_Williams\Scoring_5May\Yuxuan\_DSC1804.tif,4,4,3,2,6,4,2369,2507,2322,2460
\\nbi-ufiles\shared\Research-Groups\Mark-Banfield\Josh_Williams\Scoring_5May\Yuxuan\_DSC1804.tif,4,4,3,2,7,0,2338,2456,2184,2302
\\nbi-ufiles\shared\Research-Groups\Mark-Banfield\Josh_Williams\Scoring_5May\Yuxuan\_DSC1804.tif,4,4,3,2,8,6,2282,2430,2042,2190
\\nbi-ufiles\shared\Research-Groups\Mark-Banfield\Josh_Williams\Scoring_5May\Yuxuan\_DSC1804.tif,4,4,3,3,1,6,3041,3195,1846,2000
\\nbi-ufiles\shared\Research-Groups\Mark-Banfield\Josh_Williams\Scoring_5May\Yuxuan\_DSC1804.tif,4,4,3,3,2,0,2922,3076,1968,2122
\\nbi-ufiles\shared\Research-Groups\Mark-Banfield\Josh_Williams\Scoring_5May\Yuxuan\_DSC1804.tif,4,4,3,3,3,3,2814,3010,2068,2264
\\nbi-ufiles\shared\Research-Groups\Mark-Banfield\Josh_Williams\Scoring_5May\Yuxuan\_DSC1804.tif,4,4,3,3,4,1,2911,3113,2290,2492
\\nbi-ufiles\shared\Research-Groups\Mark-Banfield\Josh_Williams\Scoring_5May\Yuxuan\_DSC1804.tif,4,4,3,3,5,4,3227,3381,2348,2502
\\nbi-ufiles\shared\Research-Groups\Mark-Banfield\Josh_Williams\Scoring_5May\Yuxuan\_DSC1804.tif,4,4,3,3,6,0,3312,3460,2188,2336
\\nbi-ufiles\shared\Research-Groups\Mark-Banfield\Josh_Williams\Scoring_5May\Yuxuan\_DSC1804.tif,4,4,3,3,7,5,3268,3454,2015,2201
\\nbi-ufiles\shared\Research-Groups\Mark-Banfield\Josh_Williams\Scoring_5May\Yuxuan\_DSC1804.tif,4,4,3,3,8,0,3213,3335,1904,2026
\\nbi-ufiles\shared\Research-Groups\Mark-Banfield\Josh_Williams\Scoring_5May\Yuxuan\_DSC1804.tif,4,4,3,4,1,6,3877,4015,1942,2080
\\nbi-ufiles\shared\Research-Groups\Mark-Banfield\Josh_Williams\Scoring_5May\Yuxuan\_DSC1804.tif,4,4,3,4,2,0,3802,3940,2065,2203
\\nbi-ufiles\shared\Research-Groups\Mark-Banfield\Josh_Williams\Scoring_5May\Yuxuan\_DSC1804.tif,4,4,3,4,3,5,3729,3919,2164,2354
\\nbi-ufiles\shared\Research-Groups\Mark-Banfield\Josh_Williams\Scoring_5May\Yuxuan\_DSC1804.tif,4,4,3,4,4,0,3776,3956,2375,2555
\\nbi-ufiles\shared\Research-Groups\Mark-Banfield\Josh_Williams\Scoring_5May\Yuxuan\_DSC1804.tif,4,4,3,4,5,5,4066,4234,2450,2618
\\nbi-ufiles\shared\Research-Groups\Mark-Banfield\Josh_Williams\Scoring_5May\Yuxuan\_DSC1804.tif,4,4,3,4,6,0,4188,4342,2330,2484
\\nbi-ufiles\shared\Research-Groups\Mark-Banfield\Josh_Williams\Scoring_5May\Yuxuan\_DSC1804.tif,4,4,3,4,7,6,4146,4316,2142,2312
\\nbi-ufiles\shared\Research-Groups\Mark-Banfield\Josh_Williams\Scoring_5May\Yuxuan\_DSC1804.tif,4,4,3,4,8,0,4046,4232,1978,2164
\\nbi-ufiles\shared\Research-Groups\Mark-Banfield\Josh_Williams\Scoring_5May\Yuxuan\_DSC1804.tif,4,4,4,1,1,0,1374,1532,2878,3036
\\nbi-ufiles\shared\Research-Groups\Mark-Banfield\Josh_Williams\Scoring_5May\Yuxuan\_DSC1804.tif,4,4,4,1,2,6,1320,1478,3020,3178
\\nbi-ufiles\shared\Research-Groups\Mark-Banfield\Josh_Williams\Scoring_5May\Yuxuan\_DSC1804.tif,4,4,4,1,3,0,1246,1442,3174,3370
\\nbi-ufiles\shared\Research-Groups\Mark-Banfield\Josh_Williams\Scoring_5May\Yuxuan\_DSC1804.tif,4,4,4,1,4,5,1336,1500,3412,3576
\\nbi-ufiles\shared\Research-Groups\Mark-Banfield\Josh_Williams\Scoring_5May\Yuxuan\_DSC1804.tif,4,4,4,1,5,0,1558,1754,3322,3518
\\nbi-ufiles\shared\Research-Groups\Mark-Banfield\Josh_Williams\Scoring_5May\Yuxuan\_DSC1804.tif,4,4,4,1,6,6,1694,1856,3140,3302
\\nbi-ufiles\shared\Research-Groups\Mark-Banfield\Josh_Williams\Scoring_5May\Yuxuan\_DSC1804.tif,4,4,4,1,7,0,1585,1749,3000,3164
\\nbi-ufiles\shared\Research-Groups\Mark-Banfield\Josh_Williams\Scoring_5May\Yuxuan\_DSC1804.tif,4,4,4,1,8,5,1506,1658,2852,3004
\\nbi-ufiles\shared\Research-Groups\Mark-Banfield\Josh_Williams\Scoring_5May\Yuxuan\_DSC1804.tif,4,4,4,2,1,0,2171,2267,2830,2926
\\nbi-ufiles\shared\Research-Groups\Mark-Banfield\Josh_Williams\Scoring_5May\Yuxuan\_DSC1804.tif,4,4,4,2,2,5,2113,2277,2994,3158
\\nbi-ufiles\shared\Research-Groups\Mark-Banfield\Josh_Williams\Scoring_5May\Yuxuan\_DSC1804.tif,4,4,4,2,3,1,2064,2248,3148,3332
\\nbi-ufiles\shared\Research-Groups\Mark-Banfield\Josh_Williams\Scoring_5May\Yuxuan\_DSC1804.tif,4,4,4,2,4,4,2190,2364,3319,3493
\\nbi-ufiles\shared\Research-Groups\Mark-Banfield\Josh_Williams\Scoring_5May\Yuxuan\_DSC1804.tif,4,4,4,2,5,0,2447,2621,3264,3438
\\nbi-ufiles\shared\Research-Groups\Mark-Banfield\Josh_Williams\Scoring_5May\Yuxuan\_DSC1804.tif,4,4,4,2,6,5,2492,2672,3062,3242
\\nbi-ufiles\shared\Research-Groups\Mark-Banfield\Josh_Williams\Scoring_5May\Yuxuan\_DSC1804.tif,4,4,4,2,7,0,2418,2566,2912,3060
\\nbi-ufiles\shared\Research-Groups\Mark-Banfield\Josh_Williams\Scoring_5May\Yuxuan\_DSC1804.tif,4,4,4,2,8,5,2290,2466,2777,2953
\\nbi-ufiles\shared\Research-Groups\Mark-Banfield\Josh_Williams\Scoring_5May\Yuxuan\_DSC1804.tif,4,4,4,3,1,3,3116,3248,2746,2878
\\nbi-ufiles\shared\Research-Groups\Mark-Banfield\Josh_Williams\Scoring_5May\Yuxuan\_DSC1804.tif,4,4,4,3,2,0,3023,3175,2894,3046
\\nbi-ufiles\shared\Research-Groups\Mark-Banfield\Josh_Williams\Scoring_5May\Yuxuan\_DSC1804.tif,4,4,4,3,3,4,2946,3142,3044,3240
\\nbi-ufiles\shared\Research-Groups\Mark-Banfield\Josh_Williams\Scoring_5May\Yuxuan\_DSC1804.tif,4,4,4,3,4,0,3004,3222,3215,3433
\\nbi-ufiles\shared\Research-Groups\Mark-Banfield\Josh_Williams\Scoring_5May\Yuxuan\_DSC1804.tif,4,4,4,3,5,4,3309,3477,3222,3390
\\nbi-ufiles\shared\Research-Groups\Mark-Banfield\Josh_Williams\Scoring_5May\Yuxuan\_DSC1804.tif,4,4,4,3,6,0,3390,3580,3063,3253
\\nbi-ufiles\shared\Research-Groups\Mark-Banfield\Josh_Williams\Scoring_5May\Yuxuan\_DSC1804.tif,4,4,4,3,7,5,3361,3515,2904,3058
\\nbi-ufiles\shared\Research-Groups\Mark-Banfield\Josh_Williams\Scoring_5May\Yuxuan\_DSC1804.tif,4,4,4,3,8,0,3264,3444,2746,2926
\\nbi-ufiles\shared\Research-Groups\Mark-Banfield\Josh_Williams\Scoring_5May\Yuxuan\_DSC1804.tif,4,4,4,4,1,4,3966,4158,2824,3016
\\nbi-ufiles\shared\Research-Groups\Mark-Banfield\Josh_Williams\Scoring_5May\Yuxuan\_DSC1804.tif,4,4,4,4,2,0,3914,4068,2988,3142
\\nbi-ufiles\shared\Research-Groups\Mark-Banfield\Josh_Williams\Scoring_5May\Yuxuan\_DSC1804.tif,4,4,4,4,3,5,3866,4062,3110,3306
\\nbi-ufiles\shared\Research-Groups\Mark-Banfield\Josh_Williams\Scoring_5May\Yuxuan\_DSC1804.tif,4,4,4,4,4,0,3940,4114,3298,3472
\\nbi-ufiles\shared\Research-Groups\Mark-Banfield\Josh_Williams\Scoring_5May\Yuxuan\_DSC1804.tif,4,4,4,4,5,5,4173,4369,3284,3480
\\nbi-ufiles\shared\Research-Groups\Mark-Banfield\Josh_Williams\Scoring_5May\Yuxuan\_DSC1804.tif,4,4,4,4,6,0,4226,4410,3116,3300
\\nbi-ufiles\shared\Research-Groups\Mark-Banfield\Josh_Williams\Scoring_5May\Yuxuan\_DSC1804.tif,4,4,4,4,7,5,4208,4398,2952,3142
\\nbi-ufiles\shared\Research-Groups\Mark-Banfield\Josh_Williams\Scoring_5May\Yuxuan\_DSC1804.tif,4,4,4,4,8,0,4200,4336,2836,2972
\\nbi-ufiles\shared\Research-Groups\Mark-Banfield\Josh_Williams\Scoring_5May\Yuxuan\_DSC1805.tif,4,4,1,1,1,3,1380,1508,540,668
\\nbi-ufiles\shared\Research-Groups\Mark-Banfield\Josh_Williams\Scoring_5May\Yuxuan\_DSC1805.tif,4,4,1,1,2,5,1323,1455,604,736
\\nbi-ufiles\shared\Research-Groups\Mark-Banfield\Josh_Williams\Scoring_5May\Yuxuan\_DSC1805.tif,4,4,1,1,3,6,1328,1450,755,877
\\nbi-ufiles\shared\Research-Groups\Mark-Banfield\Josh_Williams\Scoring_5May\Yuxuan\_DSC1805.tif,4,4,1,1,4,6,1392,1508,871,987
\\nbi-ufiles\shared\Research-Groups\Mark-Banfield\Josh_Williams\Scoring_5May\Yuxuan\_DSC1805.tif,4,4,1,1,5,0,1584,1712,836,964
\\nbi-ufiles\shared\Research-Groups\Mark-Banfield\Josh_Williams\Scoring_5May\Yuxuan\_DSC1805.tif,4,4,1,1,6,4,1604,1724,703,823
\\nbi-ufiles\shared\Research-Groups\Mark-Banfield\Josh_Williams\Scoring_5May\Yuxuan\_DSC1805.tif,4,4,1,1,7,5,1593,1719,588,714
\\nbi-ufiles\shared\Research-Groups\Mark-Banfield\Josh_Williams\Scoring_5May\Yuxuan\_DSC1805.tif,4,4,1,1,8,0,1620,1714,518,612
\\nbi-ufiles\shared\Research-Groups\Mark-Banfield\Josh_Williams\Scoring_5May\Yuxuan\_DSC1805.tif,4,4,1,2,1,1,2188,2320,340,472
\\nbi-ufiles\shared\Research-Groups\Mark-Banfield\Josh_Williams\Scoring_5May\Yuxuan\_DSC1805.tif,4,4,1,2,2,4,2082,2240,414,572
\\nbi-ufiles\shared\Research-Groups\Mark-Banfield\Josh_Williams\Scoring_5May\Yuxuan\_DSC1805.tif,4,4,1,2,3,5,2034,2182,536,684
\\nbi-ufiles\shared\Research-Groups\Mark-Banfield\Josh_Williams\Scoring_5May\Yuxuan\_DSC1805.tif,4,4,1,2,4,5,2028,2166,672,810
\\nbi-ufiles\shared\Research-Groups\Mark-Banfield\Josh_Williams\Scoring_5May\Yuxuan\_DSC1805.tif,4,4,1,2,5,1,2230,2356,726,852
\\nbi-ufiles\shared\Research-Groups\Mark-Banfield\Josh_Williams\Scoring_5May\Yuxuan\_DSC1805.tif,4,4,1,2,6,3,2338,2460,638,760
\\nbi-ufiles\shared\Research-Groups\Mark-Banfield\Josh_Williams\Scoring_5May\Yuxuan\_DSC1805.tif,4,4,1,2,7,3,2318,2428,512,622
\\nbi-ufiles\shared\Research-Groups\Mark-Banfield\Josh_Williams\Scoring_5May\Yuxuan\_DSC1805.tif,4,4,1,2,8,3,2287,2441,334,488
\\nbi-ufiles\shared\Research-Groups\Mark-Banfield\Josh_Williams\Scoring_5May\Yuxuan\_DSC1805.tif,4,4,1,3,1,5,2867,3015,318,466
\\nbi-ufiles\shared\Research-Groups\Mark-Banfield\Josh_Williams\Scoring_5May\Yuxuan\_DSC1805.tif,4,4,1,3,2,0,2775,2907,488,620
\\nbi-ufiles\shared\Research-Groups\Mark-Banfield\Josh_Williams\Scoring_5May\Yuxuan\_DSC1805.tif,4,4,1,3,3,3,2724,2872,643,791
\\nbi-ufiles\shared\Research-Groups\Mark-Banfield\Josh_Williams\Scoring_5May\Yuxuan\_DSC1805.tif,4,4,1,3,4,3,2817,2965,736,884
\\nbi-ufiles\shared\Research-Groups\Mark-Banfield\Josh_Williams\Scoring_5May\Yuxuan\_DSC1805.tif,4,4,1,3,5,5,2996,3208,688,900
\\nbi-ufiles\shared\Research-Groups\Mark-Banfield\Josh_Williams\Scoring_5May\Yuxuan\_DSC1805.tif,4,4,1,3,6,0,3132,3296,551,715
\\nbi-ufiles\shared\Research-Groups\Mark-Banfield\Josh_Williams\Scoring_5May\Yuxuan\_DSC1805.tif,4,4,1,3,7,5,3104,3238,431,565
\\nbi-ufiles\shared\Research-Groups\Mark-Banfield\Josh_Williams\Scoring_5May\Yuxuan\_DSC1805.tif,4,4,1,3,8,4,2991,3139,328,476
\\nbi-ufiles\shared\Research-Groups\Mark-Banfield\Josh_Williams\Scoring_5May\Yuxuan\_DSC1805.tif,4,4,1,4,1,6,3694,3842,302,450
\\nbi-ufiles\shared\Research-Groups\Mark-Banfield\Josh_Williams\Scoring_5May\Yuxuan\_DSC1805.tif,4,4,1,4,2,2,3650,3782,443,575
\\nbi-ufiles\shared\Research-Groups\Mark-Banfield\Josh_Williams\Scoring_5May\Yuxuan\_DSC1805.tif,4,4,1,4,3,4,3584,3720,578,714
\\nbi-ufiles\shared\Research-Groups\Mark-Banfield\Josh_Williams\Scoring_5May\Yuxuan\_DSC1805.tif,4,4,1,4,4,4,3673,3811,714,852
\\nbi-ufiles\shared\Research-Groups\Mark-Banfield\Josh_Williams\Scoring_5May\Yuxuan\_DSC1805.tif,4,4,1,4,5,6,3819,3967,710,858
\\nbi-ufiles\shared\Research-Groups\Mark-Banfield\Josh_Williams\Scoring_5May\Yuxuan\_DSC1805.tif,4,4,1,4,6,0,3966,4084,600,718
\\nbi-ufiles\shared\Research-Groups\Mark-Banfield\Josh_Williams\Scoring_5May\Yuxuan\_DSC1805.tif,4,4,1,4,7,5,3866,4004,453,591
\\nbi-ufiles\shared\Research-Groups\Mark-Banfield\Josh_Williams\Scoring_5May\Yuxuan\_DSC1805.tif,4,4,1,4,8,4,3848,3986,308,446
\\nbi-ufiles\shared\Research-Groups\Mark-Banfield\Josh_Williams\Scoring_5May\Yuxuan\_DSC1805.tif,4,4,2,1,1,6,1410,1548,1138,1276
\\nbi-ufiles\shared\Research-Groups\Mark-Banfield\Josh_Williams\Scoring_5May\Yuxuan\_DSC1805.tif,4,4,2,1,2,6,1355,1487,1244,1376
\\nbi-ufiles\shared\Research-Groups\Mark-Banfield\Josh_Williams\Scoring_5May\Yuxuan\_DSC1805.tif,4,4,2,1,3,0,1354,1502,1418,1566
\\nbi-ufiles\shared\Research-Groups\Mark-Banfield\Josh_Williams\Scoring_5May\Yuxuan\_DSC1805.tif,4,4,2,1,4,5,1423,1567,1592,1736
\\nbi-ufiles\shared\Research-Groups\Mark-Banfield\Josh_Williams\Scoring_5May\Yuxuan\_DSC1805.tif,4,4,2,1,5,4,1643,1807,1566,1730
\\nbi-ufiles\shared\Research-Groups\Mark-Banfield\Josh_Williams\Scoring_5May\Yuxuan\_DSC1805.tif,4,4,2,1,6,6,1724,1862,1412,1550
\\nbi-ufiles\shared\Research-Groups\Mark-Banfield\Josh_Williams\Scoring_5May\Yuxuan\_DSC1805.tif,4,4,2,1,7,1,1650,1798,1241,1389
\\nbi-ufiles\shared\Research-Groups\Mark-Banfield\Josh_Williams\Scoring_5May\Yuxuan\_DSC1805.tif,4,4,2,1,8,4,1561,1709,1116,1264
\\nbi-ufiles\shared\Research-Groups\Mark-Banfield\Josh_Williams\Scoring_5May\Yuxuan\_DSC1805.tif,4,4,2,2,1,5,2158,2296,1122,1260
\\nbi-ufiles\shared\Research-Groups\Mark-Banfield\Josh_Williams\Scoring_5May\Yuxuan\_DSC1805.tif,4,4,2,2,2,6,2090,2228,1222,1360
\\nbi-ufiles\shared\Research-Groups\Mark-Banfield\Josh_Williams\Scoring_5May\Yuxuan\_DSC1805.tif,4,4,2,2,3,1,2016,2180,1371,1535
\\nbi-ufiles\shared\Research-Groups\Mark-Banfield\Josh_Williams\Scoring_5May\Yuxuan\_DSC1805.tif,4,4,2,2,4,4,2068,2238,1532,1702
\\nbi-ufiles\shared\Research-Groups\Mark-Banfield\Josh_Williams\Scoring_5May\Yuxuan\_DSC1805.tif,4,4,2,2,5,5,2354,2550,1545,1741
\\nbi-ufiles\shared\Research-Groups\Mark-Banfield\Josh_Williams\Scoring_5May\Yuxuan\_DSC1805.tif,4,4,2,2,6,6,2399,2547,1418,1566
\\nbi-ufiles\shared\Research-Groups\Mark-Banfield\Josh_Williams\Scoring_5May\Yuxuan\_DSC1805.tif,4,4,2,2,7,0,2396,2554,1262,1420
\\nbi-ufiles\shared\Research-Groups\Mark-Banfield\Josh_Williams\Scoring_5May\Yuxuan\_DSC1805.tif,4,4,2,2,8,4,2322,2502,1084,1264
\\nbi-ufiles\shared\Research-Groups\Mark-Banfield\Josh_Williams\Scoring_5May\Yuxuan\_DSC1805.tif,4,4,2,3,1,5,2980,3102,1132,1254
\\nbi-ufiles\shared\Research-Groups\Mark-Banfield\Josh_Williams\Scoring_5May\Yuxuan\_DSC1805.tif,4,4,2,3,2,5,2904,3042,1222,1360
\\nbi-ufiles\shared\Research-Groups\Mark-Banfield\Josh_Williams\Scoring_5May\Yuxuan\_DSC1805.tif,4,4,2,3,3,6,2869,2997,1386,1514
\\nbi-ufiles\shared\Research-Groups\Mark-Banfield\Josh_Williams\Scoring_5May\Yuxuan\_DSC1805.tif,4,4,2,3,4,0,2898,3046,1540,1688
\\nbi-ufiles\shared\Research-Groups\Mark-Banfield\Josh_Williams\Scoring_5May\Yuxuan\_DSC1805.tif,4,4,2,3,5,2,3158,3322,1576,1740
\\nbi-ufiles\shared\Research-Groups\Mark-Banfield\Josh_Williams\Scoring_5May\Yuxuan\_DSC1805.tif,4,4,2,3,6,3,3242,3396,1391,1545
\\nbi-ufiles\shared\Research-Groups\Mark-Banfield\Josh_Williams\Scoring_5May\Yuxuan\_DSC1805.tif,4,4,2,3,7,5,3189,3327,1270,1408
\\nbi-ufiles\shared\Research-Groups\Mark-Banfield\Josh_Williams\Scoring_5May\Yuxuan\_DSC1805.tif,4,4,2,3,8,0,3148,3296,1154,1302
\\nbi-ufiles\shared\Research-Groups\Mark-Banfield\Josh_Williams\Scoring_5May\Yuxuan\_DSC1805.tif,4,4,2,4,1,5,3808,3930,1100,1222
\\nbi-ufiles\shared\Research-Groups\Mark-Banfield\Josh_Williams\Scoring_5May\Yuxuan\_DSC1805.tif,4,4,2,4,2,6,3666,3830,1170,1334
\\nbi-ufiles\shared\Research-Groups\Mark-Banfield\Josh_Williams\Scoring_5May\Yuxuan\_DSC1805.tif,4,4,2,4,3,6,3592,3734,1302,1444
\\nbi-ufiles\shared\Research-Groups\Mark-Banfield\Josh_Williams\Scoring_5May\Yuxuan\_DSC1805.tif,4,4,2,4,4,0,3618,3750,1487,1619
\\nbi-ufiles\shared\Research-Groups\Mark-Banfield\Josh_Williams\Scoring_5May\Yuxuan\_DSC1805.tif,4,4,2,4,5,5,3900,4054,1576,1730
\\nbi-ufiles\shared\Research-Groups\Mark-Banfield\Josh_Williams\Scoring_5May\Yuxuan\_DSC1805.tif,4,4,2,4,6,4,3969,4139,1386,1556
\\nbi-ufiles\shared\Research-Groups\Mark-Banfield\Josh_Williams\Scoring_5May\Yuxuan\_DSC1805.tif,4,4,2,4,7,6,3988,4142,1245,1399
\\nbi-ufiles\shared\Research-Groups\Mark-Banfield\Josh_Williams\Scoring_5May\Yuxuan\_DSC1805.tif,4,4,2,4,8,0,3936,4056,1128,1248
\\nbi-ufiles\shared\Research-Groups\Mark-Banfield\Josh_Williams\Scoring_5May\Yuxuan\_DSC1805.tif,4,4,3,1,1,4,1603,1709,2052,2158
\\nbi-ufiles\shared\Research-Groups\Mark-Banfield\Josh_Williams\Scoring_5May\Yuxuan\_DSC1805.tif,4,4,3,1,2,5,1550,1688,2148,2286
\\nbi-ufiles\shared\Research-Groups\Mark-Banfield\Josh_Williams\Scoring_5May\Yuxuan\_DSC1805.tif,4,4,3,1,3,6,1514,1656,2272,2414
\\nbi-ufiles\shared\Research-Groups\Mark-Banfield\Josh_Williams\Scoring_5May\Yuxuan\_DSC1805.tif,4,4,3,1,4,6,1521,1643,2418,2540
\\nbi-ufiles\shared\Research-Groups\Mark-Banfield\Josh_Williams\Scoring_5May\Yuxuan\_DSC1805.tif,4,4,3,1,5,0,1785,1891,2476,2582
\\nbi-ufiles\shared\Research-Groups\Mark-Banfield\Josh_Williams\Scoring_5May\Yuxuan\_DSC1805.tif,4,4,3,1,6,5,1865,2003,2306,2444
\\nbi-ufiles\shared\Research-Groups\Mark-Banfield\Josh_Williams\Scoring_5May\Yuxuan\_DSC1805.tif,4,4,3,1,7,6,1830,1952,2179,2301
\\nbi-ufiles\shared\Research-Groups\Mark-Banfield\Josh_Williams\Scoring_5May\Yuxuan\_DSC1805.tif,4,4,3,1,8,6,1744,1870,2048,2174
\\nbi-ufiles\shared\Research-Groups\Mark-Banfield\Josh_Williams\Scoring_5May\Yuxuan\_DSC1805.tif,4,4,3,2,1,1,2285,2423,1978,2116
\\nbi-ufiles\shared\Research-Groups\Mark-Banfield\Josh_Williams\Scoring_5May\Yuxuan\_DSC1805.tif,4,4,3,2,2,3,2228,2360,2103,2235
\\nbi-ufiles\shared\Research-Groups\Mark-Banfield\Josh_Williams\Scoring_5May\Yuxuan\_DSC1805.tif,4,4,3,2,3,5,2246,2372,2222,2348
\\nbi-ufiles\shared\Research-Groups\Mark-Banfield\Josh_Williams\Scoring_5May\Yuxuan\_DSC1805.tif,4,4,3,2,4,6,2287,2431,2332,2476
\\nbi-ufiles\shared\Research-Groups\Mark-Banfield\Josh_Williams\Scoring_5May\Yuxuan\_DSC1805.tif,4,4,3,2,5,2,2463,2601,2296,2434
\\nbi-ufiles\shared\Research-Groups\Mark-Banfield\Josh_Williams\Scoring_5May\Yuxuan\_DSC1805.tif,4,4,3,2,6,5,2534,2676,2170,2312
\\nbi-ufiles\shared\Research-Groups\Mark-Banfield\Josh_Williams\Scoring_5May\Yuxuan\_DSC1805.tif,4,4,3,2,7,5,2524,2666,2037,2179
\\nbi-ufiles\shared\Research-Groups\Mark-Banfield\Josh_Williams\Scoring_5May\Yuxuan\_DSC1805.tif,4,4,3,2,8,5,2455,2587,1932,2064
\\nbi-ufiles\shared\Research-Groups\Mark-Banfield\Josh_Williams\Scoring_5May\Yuxuan\_DSC1805.tif,4,4,3,3,1,5,3026,3190,1946,2110
\\nbi-ufiles\shared\Research-Groups\Mark-Banfield\Josh_Williams\Scoring_5May\Yuxuan\_DSC1805.tif,4,4,3,3,2,2,2965,3129,2106,2270
\\nbi-ufiles\shared\Research-Groups\Mark-Banfield\Josh_Williams\Scoring_5May\Yuxuan\_DSC1805.tif,4,4,3,3,3,4,2936,3078,2286,2428
\\nbi-ufiles\shared\Research-Groups\Mark-Banfield\Josh_Williams\Scoring_5May\Yuxuan\_DSC1805.tif,4,4,3,3,4,5,3004,3174,2406,2576
\\nbi-ufiles\shared\Research-Groups\Mark-Banfield\Josh_Williams\Scoring_5May\Yuxuan\_DSC1805.tif,4,4,3,3,5,6,3201,3343,2354,2496
\\nbi-ufiles\shared\Research-Groups\Mark-Banfield\Josh_Williams\Scoring_5May\Yuxuan\_DSC1805.tif,4,4,3,3,6,0,3255,3377,2216,2338
\\nbi-ufiles\shared\Research-Groups\Mark-Banfield\Josh_Williams\Scoring_5May\Yuxuan\_DSC1805.tif,4,4,3,3,7,5,3232,3370,2100,2238
\\nbi-ufiles\shared\Research-Groups\Mark-Banfield\Josh_Williams\Scoring_5May\Yuxuan\_DSC1805.tif,4,4,3,3,8,5,3126,3316,1926,2116
\\nbi-ufiles\shared\Research-Groups\Mark-Banfield\Josh_Williams\Scoring_5May\Yuxuan\_DSC1805.tif,4,4,3,4,1,5,3729,3871,1952,2094
\\nbi-ufiles\shared\Research-Groups\Mark-Banfield\Josh_Williams\Scoring_5May\Yuxuan\_DSC1805.tif,4,4,3,4,2,4,3675,3825,2094,2244
\\nbi-ufiles\shared\Research-Groups\Mark-Banfield\Josh_Williams\Scoring_5May\Yuxuan\_DSC1805.tif,4,4,3,4,3,5,3634,3798,2235,2399
\\nbi-ufiles\shared\Research-Groups\Mark-Banfield\Josh_Williams\Scoring_5May\Yuxuan\_DSC1805.tif,4,4,3,4,4,5,3750,3892,2360,2502
\\nbi-ufiles\shared\Research-Groups\Mark-Banfield\Josh_Williams\Scoring_5May\Yuxuan\_DSC1805.tif,4,4,3,4,5,6,3890,4038,2364,2512
\\nbi-ufiles\shared\Research-Groups\Mark-Banfield\Josh_Williams\Scoring_5May\Yuxuan\_DSC1805.tif,4,4,3,4,6,2,4017,4165,2222,2370
\\nbi-ufiles\shared\Research-Groups\Mark-Banfield\Josh_Williams\Scoring_5May\Yuxuan\_DSC1805.tif,4,4,3,4,7,5,3940,4084,2100,2244
\\nbi-ufiles\shared\Research-Groups\Mark-Banfield\Josh_Williams\Scoring_5May\Yuxuan\_DSC1805.tif,4,4,3,4,8,5,3903,4051,1952,2100
\\nbi-ufiles\shared\Research-Groups\Mark-Banfield\Josh_Williams\Scoring_5May\Yuxuan\_DSC1805.tif,4,4,4,1,1,5,1624,1756,2859,2991
\\nbi-ufiles\shared\Research-Groups\Mark-Banfield\Josh_Williams\Scoring_5May\Yuxuan\_DSC1805.tif,4,4,4,1,2,6,1540,1688,2954,3102
\\nbi-ufiles\shared\Research-Groups\Mark-Banfield\Josh_Williams\Scoring_5May\Yuxuan\_DSC1805.tif,4,4,4,1,3,3,1530,1678,3102,3250
\\nbi-ufiles\shared\Research-Groups\Mark-Banfield\Josh_Williams\Scoring_5May\Yuxuan\_DSC1805.tif,4,4,4,1,4,4,1594,1722,3258,3386
\\nbi-ufiles\shared\Research-Groups\Mark-Banfield\Josh_Williams\Scoring_5May\Yuxuan\_DSC1805.tif,4,4,4,1,5,5,1719,1867,3216,3364
\\nbi-ufiles\shared\Research-Groups\Mark-Banfield\Josh_Williams\Scoring_5May\Yuxuan\_DSC1805.tif,4,4,4,1,6,6,1809,1937,3110,3238
\\nbi-ufiles\shared\Research-Groups\Mark-Banfield\Josh_Williams\Scoring_5May\Yuxuan\_DSC1805.tif,4,4,4,1,7,2,1794,1932,2959,3097
\\nbi-ufiles\shared\Research-Groups\Mark-Banfield\Josh_Williams\Scoring_5May\Yuxuan\_DSC1805.tif,4,4,4,1,8,4,1779,1907,2856,2984
\\nbi-ufiles\shared\Research-Groups\Mark-Banfield\Josh_Williams\Scoring_5May\Yuxuan\_DSC1805.tif,4,4,4,2,1,4,2370,2486,2782,2898
\\nbi-ufiles\shared\Research-Groups\Mark-Banfield\Josh_Williams\Scoring_5May\Yuxuan\_DSC1805.tif,4,4,4,2,2,5,2274,2444,2896,3066
\\nbi-ufiles\shared\Research-Groups\Mark-Banfield\Josh_Williams\Scoring_5May\Yuxuan\_DSC1805.tif,4,4,4,2,3,4,2254,2418,3046,3210
\\nbi-ufiles\shared\Research-Groups\Mark-Banfield\Josh_Williams\Scoring_5May\Yuxuan\_DSC1805.tif,4,4,4,2,4,5,2328,2492,3192,3356
\\nbi-ufiles\shared\Research-Groups\Mark-Banfield\Josh_Williams\Scoring_5May\Yuxuan\_DSC1805.tif,4,4,4,2,5,5,2532,2684,3132,3284
\\nbi-ufiles\shared\Research-Groups\Mark-Banfield\Josh_Williams\Scoring_5May\Yuxuan\_DSC1805.tif,4,4,4,2,6,6,2619,2767,3010,3158
\\nbi-ufiles\shared\Research-Groups\Mark-Banfield\Josh_Williams\Scoring_5May\Yuxuan\_DSC1805.tif,4,4,4,2,7,3,2576,2694,2882,3000
\\nbi-ufiles\shared\Research-Groups\Mark-Banfield\Josh_Williams\Scoring_5May\Yuxuan\_DSC1805.tif,4,4,4,2,8,4,2505,2669,2730,2894
\\nbi-ufiles\shared\Research-Groups\Mark-Banfield\Josh_Williams\Scoring_5May\Yuxuan\_DSC1805.tif,4,4,4,3,1,5,3123,3261,2814,2952
\\nbi-ufiles\shared\Research-Groups\Mark-Banfield\Josh_Williams\Scoring_5May\Yuxuan\_DSC1805.tif,4,4,4,3,2,5,3052,3184,2915,3047
\\nbi-ufiles\shared\Research-Groups\Mark-Banfield\Josh_Williams\Scoring_5May\Yuxuan\_DSC1805.tif,4,4,4,3,3,6,3068,3190,3049,3171
\\nbi-ufiles\shared\Research-Groups\Mark-Banfield\Josh_Williams\Scoring_5May\Yuxuan\_DSC1805.tif,4,4,4,3,4,0,3049,3193,3194,3338
\\nbi-ufiles\shared\Research-Groups\Mark-Banfield\Josh_Williams\Scoring_5May\Yuxuan\_DSC1805.tif,4,4,4,3,5,4,3316,3448,3182,3314
\\nbi-ufiles\shared\Research-Groups\Mark-Banfield\Josh_Williams\Scoring_5May\Yuxuan\_DSC1805.tif,4,4,4,3,6,6,3364,3476,3072,3184
\\nbi-ufiles\shared\Research-Groups\Mark-Banfield\Josh_Williams\Scoring_5May\Yuxuan\_DSC1805.tif,4,4,4,3,7,6,3274,3428,2888,3042
\\nbi-ufiles\shared\Research-Groups\Mark-Banfield\Josh_Williams\Scoring_5May\Yuxuan\_DSC1805.tif,4,4,4,3,8,3,3268,3428,2750,2910
\\nbi-ufiles\shared\Research-Groups\Mark-Banfield\Josh_Williams\Scoring_5May\Yuxuan\_DSC1805.tif,4,4,4,4,1,5,3886,4006,2746,2866
\\nbi-ufiles\shared\Research-Groups\Mark-Banfield\Josh_Williams\Scoring_5May\Yuxuan\_DSC1805.tif,4,4,4,4,2,5,3801,3927,2836,2962
\\nbi-ufiles\shared\Research-Groups\Mark-Banfield\Josh_Williams\Scoring_5May\Yuxuan\_DSC1805.tif,4,4,4,4,3,5,3734,3862,2937,3065
\\nbi-ufiles\shared\Research-Groups\Mark-Banfield\Josh_Williams\Scoring_5May\Yuxuan\_DSC1805.tif,4,4,4,4,4,3,3794,3938,3120,3264
\\nbi-ufiles\shared\Research-Groups\Mark-Banfield\Josh_Williams\Scoring_5May\Yuxuan\_DSC1805.tif,4,4,4,4,5,5,4024,4184,3157,3317
\\nbi-ufiles\shared\Research-Groups\Mark-Banfield\Josh_Williams\Scoring_5May\Yuxuan\_DSC1805.tif,4,4,4,4,6,6,4142,4284,3053,3195
\\nbi-ufiles\shared\Research-Groups\Mark-Banfield\Josh_Williams\Scoring_5May\Yuxuan\_DSC1805.tif,4,4,4,4,7,6,4120,4284,2873,3037
\\nbi-ufiles\shared\Research-Groups\Mark-Banfield\Josh_Williams\Scoring_5May\Yuxuan\_DSC1805.tif,4,4,4,4,8,1,4046,4190,2750,2894
\\nbi-ufiles\shared\Research-Groups\Mark-Banfield\Josh_Williams\Scoring_5May\Yuxuan\_DSC8786.tif,2,4,1,1,1,0,993,1161,710,878
\\nbi-ufiles\shared\Research-Groups\Mark-Banfield\Josh_Williams\Scoring_5May\Yuxuan\_DSC8786.tif,2,4,1,1,2,3,826,990,800,964
\\nbi-ufiles\shared\Research-Groups\Mark-Banfield\Josh_Williams\Scoring_5May\Yuxuan\_DSC8786.tif,2,4,1,1,3,0,804,1016,1006,1218
\\nbi-ufiles\shared\Research-Groups\Mark-Banfield\Josh_Williams\Scoring_5May\Yuxuan\_DSC8786.tif,2,4,1,1,4,0,746,1000,1286,1540
\\nbi-ufiles\shared\Research-Groups\Mark-Banfield\Josh_Williams\Scoring_5May\Yuxuan\_DSC8786.tif,2,4,1,1,5,0,1146,1320,1334,1508
\\nbi-ufiles\shared\Research-Groups\Mark-Banfield\Josh_Williams\Scoring_5May\Yuxuan\_DSC8786.tif,2,4,1,1,6,1,1418,1576,1180,1338
\\nbi-ufiles\shared\Research-Groups\Mark-Banfield\Josh_Williams\Scoring_5May\Yuxuan\_DSC8786.tif,2,4,1,1,7,0,1376,1556,944,1124
\\nbi-ufiles\shared\Research-Groups\Mark-Banfield\Josh_Williams\Scoring_5May\Yuxuan\_DSC8786.tif,2,4,1,1,8,0,1264,1450,704,890
\\nbi-ufiles\shared\Research-Groups\Mark-Banfield\Josh_Williams\Scoring_5May\Yuxuan\_DSC8786.tif,2,4,1,2,1,0,1869,2039,714,884
\\nbi-ufiles\shared\Research-Groups\Mark-Banfield\Josh_Williams\Scoring_5May\Yuxuan\_DSC8786.tif,2,4,1,2,2,1,1699,1899,900,1100
\\nbi-ufiles\shared\Research-Groups\Mark-Banfield\Josh_Williams\Scoring_5May\Yuxuan\_DSC8786.tif,2,4,1,2,3,0,1688,1878,1164,1354
\\nbi-ufiles\shared\Research-Groups\Mark-Banfield\Josh_Williams\Scoring_5May\Yuxuan\_DSC8786.tif,2,4,1,2,4,0,1856,1994,1379,1517
\\nbi-ufiles\shared\Research-Groups\Mark-Banfield\Josh_Williams\Scoring_5May\Yuxuan\_DSC8786.tif,2,4,1,2,5,1,2109,2299,1292,1482
\\nbi-ufiles\shared\Research-Groups\Mark-Banfield\Josh_Williams\Scoring_5May\Yuxuan\_DSC8786.tif,2,4,1,2,6,0,2293,2447,1132,1286
\\nbi-ufiles\shared\Research-Groups\Mark-Banfield\Josh_Williams\Scoring_5May\Yuxuan\_DSC8786.tif,2,4,1,2,7,0,2248,2434,868,1054
\\nbi-ufiles\shared\Research-Groups\Mark-Banfield\Josh_Williams\Scoring_5May\Yuxuan\_DSC8786.tif,2,4,1,2,8,0,2079,2275,636,832
\\nbi-ufiles\shared\Research-Groups\Mark-Banfield\Josh_Williams\Scoring_5May\Yuxuan\_DSC8786.tif,2,4,1,3,1,0,3219,3367,758,906
\\nbi-ufiles\shared\Research-Groups\Mark-Banfield\Josh_Williams\Scoring_5May\Yuxuan\_DSC8786.tif,2,4,1,3,2,3,3100,3268,948,1116
\\nbi-ufiles\shared\Research-Groups\Mark-Banfield\Josh_Williams\Scoring_5May\Yuxuan\_DSC8786.tif,2,4,1,3,3,4,3132,3296,1098,1262
\\nbi-ufiles\shared\Research-Groups\Mark-Banfield\Josh_Williams\Scoring_5May\Yuxuan\_DSC8786.tif,2,4,1,3,4,0,3126,3310,1286,1470
\\nbi-ufiles\shared\Research-Groups\Mark-Banfield\Josh_Williams\Scoring_5May\Yuxuan\_DSC8786.tif,2,4,1,3,5,0,3472,3616,1322,1466
\\nbi-ufiles\shared\Research-Groups\Mark-Banfield\Josh_Williams\Scoring_5May\Yuxuan\_DSC8786.tif,2,4,1,3,6,0,3666,3824,1122,1280
\\nbi-ufiles\shared\Research-Groups\Mark-Banfield\Josh_Williams\Scoring_5May\Yuxuan\_DSC8786.tif,2,4,1,3,7,4,3539,3723,890,1074
\\nbi-ufiles\shared\Research-Groups\Mark-Banfield\Josh_Williams\Scoring_5May\Yuxuan\_DSC8786.tif,2,4,1,3,8,0,3465,3617,742,894
\\nbi-ufiles\shared\Research-Groups\Mark-Banfield\Josh_Williams\Scoring_5May\Yuxuan\_DSC8786.tif,2,4,1,4,1,0,4322,4474,594,746
\\nbi-ufiles\shared\Research-Groups\Mark-Banfield\Josh_Williams\Scoring_5May\Yuxuan\_DSC8786.tif,2,4,1,4,2,0,4100,4290,744,934
\\nbi-ufiles\shared\Research-Groups\Mark-Banfield\Josh_Williams\Scoring_5May\Yuxuan\_DSC8786.tif,2,4,1,4,3,0,4040,4248,1010,1218
\\nbi-ufiles\shared\Research-Groups\Mark-Banfield\Josh_Williams\Scoring_5May\Yuxuan\_DSC8786.tif,2,4,1,4,4,0,4110,4316,1299,1505
\\nbi-ufiles\shared\Research-Groups\Mark-Banfield\Josh_Williams\Scoring_5May\Yuxuan\_DSC8786.tif,2,4,1,4,5,0,4722,4930,1266,1474
\\nbi-ufiles\shared\Research-Groups\Mark-Banfield\Josh_Williams\Scoring_5May\Yuxuan\_DSC8786.tif,2,4,1,4,6,2,4781,4971,964,1154
\\nbi-ufiles\shared\Research-Groups\Mark-Banfield\Josh_Williams\Scoring_5May\Yuxuan\_DSC8786.tif,2,4,1,4,7,2,4702,4876,715,889
\\nbi-ufiles\shared\Research-Groups\Mark-Banfield\Josh_Williams\Scoring_5May\Yuxuan\_DSC8786.tif,2,4,1,4,8,0,4545,4757,550,762
\\nbi-ufiles\shared\Research-Groups\Mark-Banfield\Josh_Williams\Scoring_5May\Yuxuan\_DSC8786.tif,2,4,2,1,1,0,936,1138,2250,2452
\\nbi-ufiles\shared\Research-Groups\Mark-Banfield\Josh_Williams\Scoring_5May\Yuxuan\_DSC8786.tif,2,4,2,1,2,0,730,926,2451,2647
\\nbi-ufiles\shared\Research-Groups\Mark-Banfield\Josh_Williams\Scoring_5May\Yuxuan\_DSC8786.tif,2,4,2,1,3,0,656,878,2706,2928
\\nbi-ufiles\shared\Research-Groups\Mark-Banfield\Josh_Williams\Scoring_5May\Yuxuan\_DSC8786.tif,2,4,2,1,4,0,678,894,2968,3184
\\nbi-ufiles\shared\Research-Groups\Mark-Banfield\Josh_Williams\Scoring_5May\Yuxuan\_DSC8786.tif,2,4,2,1,5,0,1172,1484,2962,3274
\\nbi-ufiles\shared\Research-Groups\Mark-Banfield\Josh_Williams\Scoring_5May\Yuxuan\_DSC8786.tif,2,4,2,1,6,0,1521,1707,2978,3164
\\nbi-ufiles\shared\Research-Groups\Mark-Banfield\Josh_Williams\Scoring_5May\Yuxuan\_DSC8786.tif,2,4,2,1,7,0,1424,1624,2624,2824
\\nbi-ufiles\shared\Research-Groups\Mark-Banfield\Josh_Williams\Scoring_5May\Yuxuan\_DSC8786.tif,2,4,2,1,8,3,1241,1453,2290,2502
\\nbi-ufiles\shared\Research-Groups\Mark-Banfield\Josh_Williams\Scoring_5May\Yuxuan\_DSC8786.tif,2,4,2,2,1,0,2094,2274,2227,2407
\\nbi-ufiles\shared\Research-Groups\Mark-Banfield\Josh_Williams\Scoring_5May\Yuxuan\_DSC8786.tif,2,4,2,2,2,0,1884,2042,2339,2497
\\nbi-ufiles\shared\Research-Groups\Mark-Banfield\Josh_Williams\Scoring_5May\Yuxuan\_DSC8786.tif,2,4,2,2,3,0,1810,2026,2528,2744
\\nbi-ufiles\shared\Research-Groups\Mark-Banfield\Josh_Williams\Scoring_5May\Yuxuan\_DSC8786.tif,2,4,2,2,4,2,1905,2159,2766,3020
\\nbi-ufiles\shared\Research-Groups\Mark-Banfield\Josh_Williams\Scoring_5May\Yuxuan\_DSC8786.tif,2,4,2,2,5,1,2307,2539,2920,3152
\\nbi-ufiles\shared\Research-Groups\Mark-Banfield\Josh_Williams\Scoring_5May\Yuxuan\_DSC8786.tif,2,4,2,2,6,0,2470,2656,2727,2913
\\nbi-ufiles\shared\Research-Groups\Mark-Banfield\Josh_Williams\Scoring_5May\Yuxuan\_DSC8786.tif,2,4,2,2,7,0,2465,2677,2470,2682
\\nbi-ufiles\shared\Research-Groups\Mark-Banfield\Josh_Williams\Scoring_5May\Yuxuan\_DSC8786.tif,2,4,2,2,8,2,2392,2602,2273,2483
\\nbi-ufiles\shared\Research-Groups\Mark-Banfield\Josh_Williams\Scoring_5May\Yuxuan\_DSC8786.tif,2,4,2,3,1,3,3233,3441,2110,2318
\\nbi-ufiles\shared\Research-Groups\Mark-Banfield\Josh_Williams\Scoring_5May\Yuxuan\_DSC8786.tif,2,4,2,3,2,0,3018,3240,2274,2496
\\nbi-ufiles\shared\Research-Groups\Mark-Banfield\Josh_Williams\Scoring_5May\Yuxuan\_DSC8786.tif,2,4,2,3,3,0,2940,3174,2613,2847
\\nbi-ufiles\shared\Research-Groups\Mark-Banfield\Josh_Williams\Scoring_5May\Yuxuan\_DSC8786.tif,2,4,2,3,4,0,3164,3322,2886,3044
\\nbi-ufiles\shared\Research-Groups\Mark-Banfield\Josh_Williams\Scoring_5May\Yuxuan\_DSC8786.tif,2,4,2,3,5,0,3543,3765,2766,2988
\\nbi-ufiles\shared\Research-Groups\Mark-Banfield\Josh_Williams\Scoring_5May\Yuxuan\_DSC8786.tif,2,4,2,3,6,0,3750,3950,2542,2742
\\nbi-ufiles\shared\Research-Groups\Mark-Banfield\Josh_Williams\Scoring_5May\Yuxuan\_DSC8786.tif,2,4,2,3,7,1,3629,3835,2270,2476
\\nbi-ufiles\shared\Research-Groups\Mark-Banfield\Josh_Williams\Scoring_5May\Yuxuan\_DSC8786.tif,2,4,2,3,8,0,3502,3698,2084,2280
\\nbi-ufiles\shared\Research-Groups\Mark-Banfield\Josh_Williams\Scoring_5May\Yuxuan\_DSC8786.tif,2,4,2,4,1,3,4241,4453,2216,2428
\\nbi-ufiles\shared\Research-Groups\Mark-Banfield\Josh_Williams\Scoring_5May\Yuxuan\_DSC8786.tif,2,4,2,4,2,0,4168,4322,2451,2605
\\nbi-ufiles\shared\Research-Groups\Mark-Banfield\Josh_Williams\Scoring_5May\Yuxuan\_DSC8786.tif,2,4,2,4,3,0,4076,4286,2656,2866
\\nbi-ufiles\shared\Research-Groups\Mark-Banfield\Josh_Williams\Scoring_5May\Yuxuan\_DSC8786.tif,2,4,2,4,4,0,4245,4377,2830,2962
\\nbi-ufiles\shared\Research-Groups\Mark-Banfield\Josh_Williams\Scoring_5May\Yuxuan\_DSC8786.tif,2,4,2,4,5,0,4512,4654,2847,2989
\\nbi-ufiles\shared\Research-Groups\Mark-Banfield\Josh_Williams\Scoring_5May\Yuxuan\_DSC8786.tif,2,4,2,4,6,0,4648,4786,2685,2823
\\nbi-ufiles\shared\Research-Groups\Mark-Banfield\Josh_Williams\Scoring_5May\Yuxuan\_DSC8786.tif,2,4,2,4,7,5,4677,4885,2422,2630
\\nbi-ufiles\shared\Research-Groups\Mark-Banfield\Josh_Williams\Scoring_5May\Yuxuan\_DSC8786.tif,2,4,2,4,8,1,4489,4771,2184,2466
\\nbi-ufiles\shared\Research-Groups\Mark-Banfield\Josh_Williams\Scoring_5May\Yuxuan\_DSC9259.tif,3,4,1,1,2,3,1328,1546,270,488
\\nbi-ufiles\shared\Research-Groups\Mark-Banfield\Josh_Williams\Scoring_5May\Yuxuan\_DSC9259.tif,3,4,1,1,3,2,1260,1476,554,770
\\nbi-ufiles\shared\Research-Groups\Mark-Banfield\Josh_Williams\Scoring_5May\Yuxuan\_DSC9259.tif,3,4,1,1,4,0,1331,1547,774,990
\\nbi-ufiles\shared\Research-Groups\Mark-Banfield\Josh_Williams\Scoring_5May\Yuxuan\_DSC9259.tif,3,4,1,1,5,4,1698,1878,636,816
\\nbi-ufiles\shared\Research-Groups\Mark-Banfield\Josh_Williams\Scoring_5May\Yuxuan\_DSC9259.tif,3,4,1,2,1,0,1677,1851,414,588
\\nbi-ufiles\shared\Research-Groups\Mark-Banfield\Josh_Williams\Scoring_5May\Yuxuan\_DSC9259.tif,3,4,1,2,2,5,2203,2415,238,450
\\nbi-ufiles\shared\Research-Groups\Mark-Banfield\Josh_Williams\Scoring_5May\Yuxuan\_DSC9259.tif,3,4,1,2,3,3,2164,2380,459,675
\\nbi-ufiles\shared\Research-Groups\Mark-Banfield\Josh_Williams\Scoring_5May\Yuxuan\_DSC9259.tif,3,4,1,2,4,0,2137,2337,768,968
\\nbi-ufiles\shared\Research-Groups\Mark-Banfield\Josh_Williams\Scoring_5May\Yuxuan\_DSC9259.tif,3,4,1,2,5,4,2512,2740,665,893
\\nbi-ufiles\shared\Research-Groups\Mark-Banfield\Josh_Williams\Scoring_5May\Yuxuan\_DSC9259.tif,3,4,1,3,1,0,2507,2719,318,530
\\nbi-ufiles\shared\Research-Groups\Mark-Banfield\Josh_Williams\Scoring_5May\Yuxuan\_DSC9259.tif,3,4,1,3,2,0,3222,3402,238,418
\\nbi-ufiles\shared\Research-Groups\Mark-Banfield\Josh_Williams\Scoring_5May\Yuxuan\_DSC9259.tif,3,4,1,3,3,3,3132,3338,455,661
\\nbi-ufiles\shared\Research-Groups\Mark-Banfield\Josh_Williams\Scoring_5May\Yuxuan\_DSC9259.tif,3,4,1,3,4,0,3137,3353,742,958
\\nbi-ufiles\shared\Research-Groups\Mark-Banfield\Josh_Williams\Scoring_5May\Yuxuan\_DSC9259.tif,3,4,1,3,5,0,3560,3818,520,778
\\nbi-ufiles\shared\Research-Groups\Mark-Banfield\Josh_Williams\Scoring_5May\Yuxuan\_DSC9259.tif,3,4,1,4,1,0,4194,4358,339,503
\\nbi-ufiles\shared\Research-Groups\Mark-Banfield\Josh_Williams\Scoring_5May\Yuxuan\_DSC9259.tif,3,4,1,4,2,5,4094,4284,517,707
\\nbi-ufiles\shared\Research-Groups\Mark-Banfield\Josh_Williams\Scoring_5May\Yuxuan\_DSC9259.tif,3,4,1,4,3,2,4146,4326,739,919
\\nbi-ufiles\shared\Research-Groups\Mark-Banfield\Josh_Williams\Scoring_5May\Yuxuan\_DSC9259.tif,3,4,1,4,4,0,4442,4638,614,810
\\nbi-ufiles\shared\Research-Groups\Mark-Banfield\Josh_Williams\Scoring_5May\Yuxuan\_DSC9259.tif,3,4,1,4,5,4,4392,4620,376,604
\\nbi-ufiles\shared\Research-Groups\Mark-Banfield\Josh_Williams\Scoring_5May\Yuxuan\_DSC9259.tif,3,4,2,1,1,4,1270,1466,1399,1595
\\nbi-ufiles\shared\Research-Groups\Mark-Banfield\Josh_Williams\Scoring_5May\Yuxuan\_DSC9259.tif,3,4,2,1,2,0,1196,1396,1596,1796
\\nbi-ufiles\shared\Research-Groups\Mark-Banfield\Josh_Williams\Scoring_5May\Yuxuan\_DSC9259.tif,3,4,2,1,3,5,1106,1386,1820,2100
\\nbi-ufiles\shared\Research-Groups\Mark-Banfield\Josh_Williams\Scoring_5May\Yuxuan\_DSC9259.tif,3,4,2,1,4,5,1577,1799,1740,1962
\\nbi-ufiles\shared\Research-Groups\Mark-Banfield\Josh_Williams\Scoring_5May\Yuxuan\_DSC9259.tif,3,4,2,1,5,0,1534,1752,1484,1702
\\nbi-ufiles\shared\Research-Groups\Mark-Banfield\Josh_Williams\Scoring_5May\Yuxuan\_DSC9259.tif,3,4,2,2,1,5,2225,2409,1450,1634
\\nbi-ufiles\shared\Research-Groups\Mark-Banfield\Josh_Williams\Scoring_5May\Yuxuan\_DSC9259.tif,3,4,2,2,2,0,2164,2344,1593,1773
\\nbi-ufiles\shared\Research-Groups\Mark-Banfield\Josh_Williams\Scoring_5May\Yuxuan\_DSC9259.tif,3,4,2,2,3,2,2154,2348,1786,1980
\\nbi-ufiles\shared\Research-Groups\Mark-Banfield\Josh_Williams\Scoring_5May\Yuxuan\_DSC9259.tif,3,4,2,2,4,0,2466,2630,1804,1968
\\nbi-ufiles\shared\Research-Groups\Mark-Banfield\Josh_Williams\Scoring_5May\Yuxuan\_DSC9259.tif,3,4,2,2,5,0,2450,2644,1562,1756
\\nbi-ufiles\shared\Research-Groups\Mark-Banfield\Josh_Williams\Scoring_5May\Yuxuan\_DSC9259.tif,3,4,2,3,1,0,3203,3383,1396,1576
\\nbi-ufiles\shared\Research-Groups\Mark-Banfield\Josh_Williams\Scoring_5May\Yuxuan\_DSC9259.tif,3,4,2,3,2,3,3074,3290,1648,1864
\\nbi-ufiles\shared\Research-Groups\Mark-Banfield\Josh_Williams\Scoring_5May\Yuxuan\_DSC9259.tif,3,4,2,3,3,0,3105,3363,1868,2126
\\nbi-ufiles\shared\Research-Groups\Mark-Banfield\Josh_Williams\Scoring_5May\Yuxuan\_DSC9259.tif,3,4,2,3,4,2,3560,3782,1752,1974
\\nbi-ufiles\shared\Research-Groups\Mark-Banfield\Josh_Williams\Scoring_5May\Yuxuan\_DSC9259.tif,3,4,2,3,5,3,3475,3719,1428,1672
\\nbi-ufiles\shared\Research-Groups\Mark-Banfield\Josh_Williams\Scoring_5May\Yuxuan\_DSC9259.tif,3,4,2,4,1,0,4210,4390,1299,1479
\\nbi-ufiles\shared\Research-Groups\Mark-Banfield\Josh_Williams\Scoring_5May\Yuxuan\_DSC9259.tif,3,4,2,4,2,3,4004,4242,1530,1768
\\nbi-ufiles\shared\Research-Groups\Mark-Banfield\Josh_Williams\Scoring_5May\Yuxuan\_DSC9259.tif,3,4,2,4,3,0,4088,4384,1730,2026
\\nbi-ufiles\shared\Research-Groups\Mark-Banfield\Josh_Williams\Scoring_5May\Yuxuan\_DSC9259.tif,3,4,2,4,4,3,4516,4728,1624,1836
\\nbi-ufiles\shared\Research-Groups\Mark-Banfield\Josh_Williams\Scoring_5May\Yuxuan\_DSC9259.tif,3,4,2,4,5,3,4464,4654,1408,1598
\\nbi-ufiles\shared\Research-Groups\Mark-Banfield\Josh_Williams\Scoring_5May\Yuxuan\_DSC9259.tif,3,4,3,2,1,1,2097,2293,2576,2772
\\nbi-ufiles\shared\Research-Groups\Mark-Banfield\Josh_Williams\Scoring_5May\Yuxuan\_DSC9259.tif,3,4,3,2,2,0,1994,2196,2853,3055
\\nbi-ufiles\shared\Research-Groups\Mark-Banfield\Josh_Williams\Scoring_5May\Yuxuan\_DSC9259.tif,3,4,3,2,3,3,1952,2206,3186,3440
\\nbi-ufiles\shared\Research-Groups\Mark-Banfield\Josh_Williams\Scoring_5May\Yuxuan\_DSC9259.tif,3,4,3,2,4,0,2417,2649,2978,3210
\\nbi-ufiles\shared\Research-Groups\Mark-Banfield\Josh_Williams\Scoring_5May\Yuxuan\_DSC9259.tif,3,4,3,2,5,2,2380,2586,2674,2880
\\nbi-ufiles\shared\Research-Groups\Mark-Banfield\Josh_Williams\Scoring_5May\Yuxuan\_DSC9259.tif,3,4,3,3,1,1,3097,3287,2576,2766
\\nbi-ufiles\shared\Research-Groups\Mark-Banfield\Josh_Williams\Scoring_5May\Yuxuan\_DSC9259.tif,3,4,3,3,2,0,3004,3222,2840,3058
\\nbi-ufiles\shared\Research-Groups\Mark-Banfield\Josh_Williams\Scoring_5May\Yuxuan\_DSC9259.tif,3,4,3,3,3,2,2994,3226,3182,3414
\\nbi-ufiles\shared\Research-Groups\Mark-Banfield\Josh_Williams\Scoring_5May\Yuxuan\_DSC9259.tif,3,4,3,3,4,0,3490,3756,2919,3185
\\nbi-ufiles\shared\Research-Groups\Mark-Banfield\Josh_Williams\Scoring_5May\Yuxuan\_DSC9259.tif,3,4,3,3,5,1,3380,3644,2592,2856
\\nbi-ufiles\shared\Research-Groups\Mark-Banfield\Josh_Williams\Scoring_5May\Yuxuan\_DSC9857.tif,1,4,1,1,1,0,434,698,1099,1363
\\nbi-ufiles\shared\Research-Groups\Mark-Banfield\Josh_Williams\Scoring_5May\Yuxuan\_DSC9857.tif,1,4,1,1,2,3,208,492,1488,1772
\\nbi-ufiles\shared\Research-Groups\Mark-Banfield\Josh_Williams\Scoring_5May\Yuxuan\_DSC9857.tif,1,4,1,1,3,0,250,566,1918,2234
\\nbi-ufiles\shared\Research-Groups\Mark-Banfield\Josh_Williams\Scoring_5May\Yuxuan\_DSC9857.tif,1,4,1,1,4,1,804,1064,1677,1937
\\nbi-ufiles\shared\Research-Groups\Mark-Banfield\Josh_Williams\Scoring_5May\Yuxuan\_DSC9857.tif,1,4,1,1,5,0,710,968,1326,1584
\\nbi-ufiles\shared\Research-Groups\Mark-Banfield\Josh_Williams\Scoring_5May\Yuxuan\_DSC9857.tif,1,4,1,2,1,0,1900,2122,1091,1313
\\nbi-ufiles\shared\Research-Groups\Mark-Banfield\Josh_Williams\Scoring_5May\Yuxuan\_DSC9857.tif,1,4,1,2,2,0,1730,1974,1376,1620
\\nbi-ufiles\shared\Research-Groups\Mark-Banfield\Josh_Williams\Scoring_5May\Yuxuan\_DSC9857.tif,1,4,1,2,3,0,1672,1932,1730,1990
\\nbi-ufiles\shared\Research-Groups\Mark-Banfield\Josh_Williams\Scoring_5May\Yuxuan\_DSC9857.tif,1,4,1,2,4,1,2228,2508,1534,1814
\\nbi-ufiles\shared\Research-Groups\Mark-Banfield\Josh_Williams\Scoring_5May\Yuxuan\_DSC9857.tif,1,4,1,2,5,0,2206,2470,1262,1526
\\nbi-ufiles\shared\Research-Groups\Mark-Banfield\Josh_Williams\Scoring_5May\Yuxuan\_DSC9857.tif,1,4,1,3,1,0,3311,3537,1054,1280
\\nbi-ufiles\shared\Research-Groups\Mark-Banfield\Josh_Williams\Scoring_5May\Yuxuan\_DSC9857.tif,1,4,1,3,2,0,3168,3396,1328,1556
\\nbi-ufiles\shared\Research-Groups\Mark-Banfield\Josh_Williams\Scoring_5May\Yuxuan\_DSC9857.tif,1,4,1,3,3,1,3145,3409,1646,1910
\\nbi-ufiles\shared\Research-Groups\Mark-Banfield\Josh_Williams\Scoring_5May\Yuxuan\_DSC9857.tif,1,4,1,3,4,0,3702,3966,1539,1803
\\nbi-ufiles\shared\Research-Groups\Mark-Banfield\Josh_Williams\Scoring_5May\Yuxuan\_DSC9857.tif,1,4,1,3,5,3,3647,3901,1190,1444
\\nbi-ufiles\shared\Research-Groups\Mark-Banfield\Josh_Williams\Scoring_5May\Yuxuan\_DSC9857.tif,1,4,1,4,1,0,4496,4754,1020,1278
\\nbi-ufiles\shared\Research-Groups\Mark-Banfield\Josh_Williams\Scoring_5May\Yuxuan\_DSC9857.tif,1,4,1,4,2,0,4317,4569,1382,1634
\\nbi-ufiles\shared\Research-Groups\Mark-Banfield\Josh_Williams\Scoring_5May\Yuxuan\_DSC9857.tif,1,4,1,4,3,0,4470,4734,1698,1962
\\nbi-ufiles\shared\Research-Groups\Mark-Banfield\Josh_Williams\Scoring_5May\Yuxuan\_DSC9857.tif,1,4,1,4,4,0,4967,5273,1482,1788
\\nbi-ufiles\shared\Research-Groups\Mark-Banfield\Josh_Williams\Scoring_5May\Yuxuan\_DSC9857.tif,1,4,1,4,5,2,4932,5200,1070,1338