Basename,MaxRow,MaxCol,Row,Col,Pos,Scorer1,Score1,X1_1,X2_1,Y1_1,Y2_1,Scorer2,Score2,X1_2,X2_2,Y1_2,Y2_2,Scorer3,Score3,X1_3,X2_3,Y1_3,Y2_3,Status
DSC_0103.TIF,3,3,1,1,1,JoshW,2,654,888,654,888,Raf,3,655,893,650,888,Yuxuan,3,639,893,618,872,Y
DSC_0103.TIF,3,3,1,1,2,JoshW,4,542,834,888,1180,Raf,4,546,808,888,1150,Yuxuan,4,562,816,878,1132,Y
DSC_0103.TIF,3,3,1,1,3,JoshW,3,411,701,1152,1442,Raf,3,370,702,1121,1453,Yuxuan,3,398,728,1096,1426,Y
DSC_0103.TIF,3,3,1,1,5,JoshW,3,900,1174,892,1166,Raf,3,922,1168,887,1133,Yuxuan,3,914,1216,882,1184,Y
DSC_0103.TIF,3,3,1,3,1,JoshW,2,2298,2534,764,1000,Raf,4,2287,2549,756,1018,Yuxuan,2,2262,2536,738,1012,Y
DSC_0103.TIF,3,3,1,3,4,JoshW,5,2532,2816,1409,1693,Raf,5,2546,2808,1432,1694,Yuxuan,4,2536,2922,1359,1745,Y
DSC_0103.TIF,3,3,1,3,5,JoshW,5,2583,2863,1100,1380,Raf,5,2590,2880,1123,1413,Yuxuan,5,2612,2942,1121,1451,Y
DSC_0103.TIF,3,3,1,3,6,JoshW,6,2566,2820,798,1052,Raf,5,2546,2852,756,1062,Yuxuan,4,2571,2845,788,1062,Y
DSC_0103.TIF,3,3,2,2,1,JoshW,2,1300,1552,1689,1941,Raf,3,1308,1562,1708,1962,Yuxuan,3,1306,1594,1682,1970,Y
DSC_0103.TIF,3,3,2,2,2,JoshW,2,1229,1511,1980,2262,Raf,3,1234,1514,1976,2256,Yuxuan,3,1258,1566,1991,2299,Y
DSC_0103.TIF,3,3,2,2,3,JoshW,2,1174,1434,2338,2598,Raf,4,1168,1448,2340,2620,Yuxuan,4,1180,1524,2321,2665,Y
DSC_0103.TIF,3,3,2,2,4,JoshW,1,1756,2002,2310,2556,Raf,2,1764,2036,2282,2554,Yuxuan,1,1774,2034,2324,2584,Y
DSC_0103.TIF,3,3,3,1,1,JoshW,1,660,872,3075,3287,Raf,3,676,888,3080,3292,Yuxuan,3,643,895,3048,3300,Y
DSC_0103.TIF,3,3,3,1,4,JoshW,3,994,1262,3616,3884,Raf,4,1002,1274,3603,3875,Yuxuan,3,1011,1299,3610,3898,Y
DSC_0103.TIF,3,3,3,1,5,JoshW,3,962,1216,3286,3540,Raf,4,954,1234,3274,3554,Yuxuan,4,970,1250,3290,3570,Y
DSC_0103.TIF,3,3,3,1,6,JoshW,2,897,1149,3006,3258,Raf,4,888,1142,2994,3248,Yuxuan,4,910,1156,3040,3286,Y
DSC_0103.TIF,3,3,3,3,2,JoshW,2,1956,2216,3336,3596,Raf,3,1953,2217,3344,3608,Yuxuan,2,1960,2240,3333,3613,Y
DSC_0103.TIF,3,3,3,3,4,JoshW,3,2536,2794,3670,3928,Raf,4,2494,2800,3634,3940,Yuxuan,3,2500,2802,3652,3954,Y
DSC_0103.TIF,3,3,3,3,5,JoshW,4,2480,2710,3358,3588,Raf,5,2432,2748,3323,3639,Yuxuan,6,2416,2752,3322,3658,Y
DSC_0103.TIF,3,3,3,3,6,JoshW,3,2310,2598,3012,3300,Raf,4,2310,2634,2976,3300,Yuxuan,4,2360,2648,3030,3318,Y
DSC_0104.TIF,3,3,1,1,2,Emma,1,136,490,578,932,Caroline,1,170,478,616,924,JoshB,1,192,428,656,892,Y
DSC_0104.TIF,3,3,1,1,4,Emma,2,700,1004,911,1215,Caroline,4,710,1012,914,1216,JoshB,2,720,976,926,1182,Y
DSC_0104.TIF,3,3,1,1,5,Emma,2,768,1080,620,932,Caroline,4,794,1062,646,914,JoshB,2,812,1058,676,922,Y
DSC_0104.TIF,3,3,1,1,6,Emma,1,616,944,322,650,Caroline,4,619,921,316,618,JoshB,2,636,910,342,616,Y
DSC_0104.TIF,3,3,1,3,1,Emma,4,2064,2326,295,557,Caroline,5,2096,2342,310,556,JoshB,3,2094,2320,319,545,Y
DSC_0104.TIF,3,3,1,3,2,Emma,4,1993,2263,582,852,Caroline,5,1988,2276,576,864,JoshB,4,2005,2251,594,840,Y
DSC_0104.TIF,3,3,1,3,3,Emma,3,1841,2153,844,1156,Caroline,3,1834,2164,816,1146,JoshB,3,1887,2141,888,1142,Y
DSC_0104.TIF,3,3,1,3,4,Emma,2,2440,2760,886,1206,Caroline,1,2444,2766,872,1194,JoshB,2,2456,2748,902,1194,Y
DSC_0104.TIF,3,3,2,2,1,Emma,2,1126,1394,1796,2064,Caroline,1,1146,1404,1806,2064,JoshB,2,1157,1375,1820,2038,Y
DSC_0104.TIF,3,3,2,2,2,Emma,4,1041,1395,2074,2428,Caroline,2,1040,1384,2054,2398,JoshB,2,1082,1338,2116,2372,Y
DSC_0104.TIF,3,3,2,2,3,Emma,4,1028,1348,2440,2760,Caroline,3,1033,1341,2430,2738,JoshB,3,1068,1314,2492,2738,Y
DSC_0104.TIF,3,3,2,2,4,Emma,3,1508,1820,2393,2705,Caroline,2,1532,1854,2388,2710,JoshB,3,1560,1806,2418,2664,Y
DSC_0104.TIF,3,3,3,1,2,Emma,3,246,556,3207,3517,Caroline,2,288,548,3244,3504,JoshB,1,293,531,3248,3486,Y
DSC_0104.TIF,3,3,3,1,4,Emma,4,692,1004,3598,3910,Caroline,4,702,1018,3606,3922,JoshB,4,725,971,3624,3870,Y
DSC_0104.TIF,3,3,3,1,5,Emma,4,810,1096,3320,3606,Caroline,4,808,1090,3321,3603,JoshB,4,831,1077,3342,3588,Y
DSC_0104.TIF,3,3,3,1,6,Emma,3,718,1028,3026,3336,Caroline,3,702,1012,3030,3340,JoshB,3,753,985,3082,3314,Y
DSC_0104.TIF,3,3,3,3,1,Emma,3,1925,2187,3058,3320,Caroline,3,1967,2191,3104,3328,JoshB,4,1975,2193,3100,3318,Y
DSC_0104.TIF,3,3,3,3,2,Emma,4,1872,2174,3312,3614,Caroline,4,1890,2184,3325,3619,JoshB,4,1894,2172,3300,3578,Y
DSC_0104.TIF,3,3,3,3,3,Emma,4,1812,2140,3569,3897,Caroline,4,1848,2142,3588,3882,JoshB,4,1838,2130,3590,3882,Y
DSC_0104.TIF,3,3,3,3,4,Emma,4,2330,2616,3582,3868,Caroline,4,2332,2604,3582,3854,JoshB,4,2354,2614,3592,3852,Y
DSC_0105.TIF,3,3,1,1,3,JoshW,0,444,738,1090,1384,Raf,0,448,808,1067,1427,Yuxuan,0,411,763,1046,1398,Y
DSC_0105.TIF,3,3,1,1,4,JoshW,0,1089,1369,942,1222,Raf,0,1059,1427,940,1308,Yuxuan,0,1076,1398,928,1250,Y
DSC_0105.TIF,3,3,1,3,2,JoshW,0,2037,2359,612,934,Raf,0,2027,2405,598,976,Yuxuan,0,2044,2374,615,945,Y
DSC_0105.TIF,3,3,1,3,5,JoshW,0,2578,2900,654,976,Raf,0,2599,2941,660,1002,Yuxuan,0,2598,2956,622,980,Y
DSC_0105.TIF,3,3,2,2,1,JoshW,0,1356,1616,1422,1682,Raf,0,1366,1672,1388,1694,Yuxuan,0,1366,1662,1404,1700,Y
DSC_0105.TIF,3,3,2,2,6,JoshW,0,1721,1973,1398,1650,Raf,0,1681,1989,1378,1686,Yuxuan,0,1672,1938,1356,1622,Y
DSC_0105.TIF,3,3,3,1,2,JoshW,1,486,788,3241,3543,Raf,1,430,782,3239,3591,Yuxuan,1,464,794,3220,3550,Y
DSC_0105.TIF,3,3,3,1,5,JoshW,0,903,1205,3230,3532,Raf,0,935,1225,3274,3564,Yuxuan,0,899,1223,3230,3554,Y
DSC_0105.TIF,3,3,3,3,1,JoshW,0,2254,2522,2981,3249,Raf,0,2239,2581,2906,3248,Yuxuan,0,2272,2546,2964,3238,Y
DSC_0105.TIF,3,3,3,3,6,JoshW,0,2578,2830,2936,3188,Raf,0,2594,2858,2932,3196,Yuxuan,0,2567,2849,2928,3210,Y
DSC_0106.TIF,3,3,1,1,3,Raf,0,414,870,953,1409,Yuxuan,0,464,738,1015,1289,Adam,[],[],[],[],[],K
DSC_0106.TIF,3,3,1,1,4,Raf,0,1027,1353,878,1204,Yuxuan,1,1016,1366,844,1194,Adam,1,1028,1364,886,1222,Y
DSC_0106.TIF,3,3,1,3,1,Raf,0,2076,2392,230,546,Yuxuan,0,2113,2381,246,514,Adam,0,2114,2390,244,520,Y
DSC_0106.TIF,3,3,1,3,6,Raf,0,2397,2731,132,466,Yuxuan,0,2430,2718,162,450,Adam,0,2404,2700,176,472,Y
DSC_0106.TIF,3,3,2,2,1,Raf,0,1414,1720,1436,1742,Yuxuan,1,1447,1727,1476,1756,Adam,1,1426,1728,1476,1778,Y
DSC_0106.TIF,3,3,2,2,6,Raf,0,1734,2050,1448,1764,Yuxuan,0,1760,2026,1482,1748,Adam,0,1732,2054,1453,1775,Y
DSC_0106.TIF,3,3,3,1,2,Raf,0,396,764,3068,3436,Yuxuan,0,475,783,3076,3384,Adam,0,456,764,3098,3406,Y
DSC_0106.TIF,3,3,3,1,5,Raf,0,966,1370,3112,3516,Yuxuan,0,998,1370,3142,3514,Adam,0,1014,1390,3130,3506,Y
DSC_0106.TIF,3,3,3,3,3,Raf,0,1892,2296,3520,3924,Yuxuan,0,1935,2307,3496,3868,Adam,0,1936,2298,3519,3881,Y
DSC_0106.TIF,3,3,3,3,4,Raf,0,2564,2940,3600,3976,Yuxuan,0,2556,2914,3596,3954,Adam,0,2554,2910,3608,3964,Y
DSC_0107.TIF,3,3,1,1,2,JoshB,0,322,574,570,822,JoshW,0,294,608,559,873,Raf,0,282,616,558,892,Y
DSC_0107.TIF,3,3,1,1,5,JoshB,[],[],[],[],[],JoshW,2,879,1183,640,944,Raf,2,888,1230,624,966,K
DSC_0107.TIF,3,3,1,3,3,JoshB,1,1998,2284,928,1214,JoshW,1,1976,2304,910,1238,Raf,1,1966,2336,900,1270,Y
DSC_0107.TIF,3,3,1,3,4,JoshB,1,2684,2928,928,1172,JoshW,1,2638,2918,906,1186,Raf,1,2616,3038,821,1243,Y
DSC_0107.TIF,3,3,2,2,3,JoshB,0,1147,1483,2268,2604,JoshW,0,1155,1435,2290,2570,Raf,0,1142,1476,2243,2577,Y
DSC_0107.TIF,3,3,2,2,4,JoshB,1,1783,2061,2182,2460,JoshW,1,1738,2088,2162,2512,Raf,1,1773,2107,2150,2484,Y
DSC_0107.TIF,3,3,3,1,2,JoshB,0,456,742,3283,3569,JoshW,0,403,721,3256,3574,Raf,0,426,768,3256,3598,Y
DSC_0107.TIF,3,3,3,1,5,JoshB,0,1114,1366,3186,3438,JoshW,0,1076,1356,3228,3508,Raf,0,1036,1388,3186,3538,Y
DSC_0107.TIF,3,3,3,3,3,JoshB,0,2005,2317,3488,3800,JoshW,0,1998,2306,3470,3778,Raf,0,1958,2308,3450,3800,Y
DSC_0107.TIF,3,3,3,3,4,JoshB,0,2554,2908,3451,3805,JoshW,0,2587,2917,3480,3810,Raf,0,2590,2950,3467,3827,Y
DSC_0108.TIF,3,3,1,1,1,Mark,0,452,822,220,590,Emma,0,469,831,220,582,Caroline,0,497,819,240,562,Y
DSC_0108.TIF,3,3,1,1,6,Mark,1,814,1176,162,524,Emma,1,830,1134,220,524,Caroline,1,812,1128,176,492,Y
DSC_0108.TIF,3,3,1,3,2,Mark,0,2026,2524,624,1122,Emma,0,2040,2478,620,1058,Caroline,0,2026,2482,626,1082,Y
DSC_0108.TIF,3,3,1,3,5,Mark,2,2662,3050,705,1093,Emma,4,2693,3047,726,1080,Caroline,3,2693,3043,718,1068,Y
DSC_0108.TIF,3,3,2,2,2,Mark,2,1188,1542,1837,2191,Emma,4,1201,1547,1854,2200,Caroline,4,1191,1549,1840,2198,Y
DSC_0108.TIF,3,3,2,2,5,Mark,0,1660,2116,1811,2267,Emma,0,1736,2074,1866,2204,Caroline,1,1739,2075,1876,2212,Y
DSC_0108.TIF,3,3,3,1,3,Mark,1,338,860,3577,4099,Emma,1,383,789,3614,4020,Caroline,1,388,808,3589,4009,Y
DSC_0108.TIF,3,3,3,1,4,Mark,1,1025,1421,3556,3952,Emma,0,1004,1390,3578,3964,Caroline,0,1032,1412,3574,3954,Y
DSC_0108.TIF,3,3,3,3,2,Mark,0,1904,2276,3299,3671,Emma,0,1910,2238,3320,3648,Caroline,0,1946,2248,3322,3624,Y
DSC_0108.TIF,3,3,3,3,5,Mark,0,2436,2856,3291,3711,Emma,0,2516,2844,3346,3674,Caroline,0,2528,2866,3317,3655,Y
DSC_0109.TIF,3,3,1,1,3,Yuxuan,5,342,628,1104,1390,Adam,6,336,640,1106,1410,Mark,5,322,632,1110,1420,Y
DSC_0109.TIF,3,3,1,1,4,Yuxuan,4,858,1166,1142,1450,Adam,5,818,1172,1137,1491,Mark,5,886,1146,1155,1415,Y
DSC_0109.TIF,3,3,1,3,1,Yuxuan,2,2192,2494,366,668,Adam,4,2186,2462,396,672,Mark,3,2174,2502,338,666,Y
DSC_0109.TIF,3,3,1,3,6,Yuxuan,3,2511,2791,380,660,Adam,4,2493,2789,370,666,Mark,3,2482,2802,364,684,Y
DSC_0109.TIF,3,3,2,2,2,Yuxuan,3,1201,1511,1896,2206,Adam,4,1226,1522,1913,2209,Mark,2,1202,1538,1872,2208,Y
DSC_0109.TIF,3,3,2,2,5,Yuxuan,5,1857,2125,1748,2016,Adam,6,1824,2128,1718,2022,Mark,5,1796,2116,1711,2031,Y
DSC_0109.TIF,3,3,3,1,3,Yuxuan,3,474,784,3672,3982,Adam,4,416,798,3673,4055,Mark,3,460,788,3674,4002,Y
DSC_0109.TIF,3,3,3,1,4,Yuxuan,1,1135,1493,3496,3854,Adam,3,1120,1474,3536,3890,Mark,2,1164,1492,3560,3888,Y
DSC_0109.TIF,3,3,3,3,1,Yuxuan,1,2191,2443,3006,3258,Adam,2,2114,2450,2920,3256,Mark,1,2166,2436,2979,3249,Y
DSC_0109.TIF,3,3,3,3,6,Yuxuan,2,2475,2805,2928,3258,Adam,3,2495,2765,2982,3252,Mark,1,2511,2763,2950,3202,Y
DSC_0110.TIF,3,3,1,1,3,JoshB,4,363,641,1096,1374,JoshW,3,352,602,1106,1356,Raf,5,316,650,1058,1392,Y
DSC_0110.TIF,3,3,1,1,4,JoshB,3,916,1210,1038,1332,JoshW,2,924,1172,1049,1297,Raf,4,896,1204,1036,1344,Y
DSC_0110.TIF,3,3,1,3,2,JoshB,5,1990,2276,793,1079,JoshW,3,2010,2242,809,1041,Raf,5,1976,2274,791,1089,Y
DSC_0110.TIF,3,3,1,3,5,JoshB,5,2502,2814,696,1008,JoshW,3,2531,2811,702,982,Raf,5,2514,2840,702,1028,Y
DSC_0110.TIF,3,3,2,2,2,JoshB,3,1164,1500,1775,2111,JoshW,2,1204,1470,1816,2082,Raf,4,1160,1510,1783,2133,Y
DSC_0110.TIF,3,3,2,2,5,JoshB,2,1702,1998,1798,2094,JoshW,1,1716,1976,1833,2093,Raf,2,1699,1997,1800,2098,Y
DSC_0110.TIF,3,3,3,1,1,JoshB,2,599,877,2814,3092,JoshW,0,622,858,2854,3090,Raf,2,572,888,2814,3130,Y
DSC_0110.TIF,3,3,3,1,6,JoshB,2,852,1172,2861,3181,JoshW,1,882,1142,2877,3137,Raf,2,861,1177,2852,3168,Y
DSC_0110.TIF,3,3,3,3,2,JoshB,3,1942,2246,3336,3640,JoshW,1,1941,2235,3322,3616,Raf,2,1922,2230,3309,3617,Y
DSC_0110.TIF,3,3,3,3,5,JoshB,4,2520,2866,3370,3716,JoshW,1,2574,2848,3418,3692,Raf,2,2484,2844,3362,3722,Y
DSC_0111.TIF,3,3,1,1,2,Mark,2,296,608,674,986,Emma,2,309,611,684,986,Caroline,1,303,625,682,1004,Y
DSC_0111.TIF,3,3,1,1,4,Mark,2,895,1189,1038,1332,Emma,2,848,1252,996,1400,Caroline,1,882,1240,1012,1370,Y
DSC_0111.TIF,3,3,1,1,5,Mark,4,987,1257,750,1020,Emma,4,961,1265,734,1038,Caroline,3,945,1283,702,1040,Y
DSC_0111.TIF,3,3,1,1,6,Mark,2,826,1164,430,768,Emma,2,806,1150,440,784,Caroline,2,819,1121,450,752,Y
DSC_0111.TIF,3,3,1,3,1,Mark,1,2125,2385,482,742,Emma,1,2090,2360,485,755,Caroline,0,2121,2361,492,732,Y
DSC_0111.TIF,3,3,1,3,2,Mark,1,2001,2305,776,1080,Emma,1,1972,2318,750,1096,Caroline,0,2002,2276,784,1058,Y
DSC_0111.TIF,3,3,1,3,3,Mark,5,1964,2250,1092,1378,Emma,5,1938,2242,1100,1404,Caroline,3,1938,2254,1068,1384,Y
DSC_0111.TIF,3,3,2,2,1,Mark,3,1231,1517,1838,2124,Emma,3,1240,1508,1868,2136,Caroline,1,1240,1528,1834,2122,Y
DSC_0111.TIF,3,3,2,2,2,Mark,2,1139,1501,2090,2452,Emma,2,1139,1475,2124,2460,Caroline,1,1145,1461,2114,2430,Y
DSC_0111.TIF,3,3,2,2,3,Mark,3,1109,1463,2376,2730,Emma,4,1070,1442,2388,2760,Caroline,2,1090,1420,2391,2721,Y
DSC_0111.TIF,3,3,2,2,4,Mark,3,1602,2014,2330,2742,Emma,1,1682,1994,2402,2714,Caroline,1,1686,2008,2399,2721,Y
DSC_0111.TIF,3,3,3,1,2,Mark,[],[],[],[],[],Emma,0,448,784,3266,3602,Caroline,0,436,794,3245,3603,K
DSC_0111.TIF,3,3,3,1,4,Mark,2,1038,1424,3649,4035,Emma,1,1012,1400,3644,4032,Caroline,1,1058,1402,3652,3996,Y
DSC_0111.TIF,3,3,3,1,5,Mark,3,1020,1374,3341,3695,Emma,3,1028,1358,3341,3671,Caroline,2,1057,1353,3328,3624,Y
DSC_0111.TIF,3,3,3,1,6,Mark,1,952,1180,3063,3291,Emma,0,906,1236,3016,3346,Caroline,0,914,1174,3040,3300,Y
DSC_0111.TIF,3,3,3,3,1,Mark,1,2150,2436,3182,3468,Emma,0,2106,2418,3151,3463,Caroline,0,2142,2422,3157,3437,Y
DSC_0111.TIF,3,3,3,3,2,Mark,1,1994,2330,3464,3800,Emma,1,1968,2314,3446,3792,Caroline,1,1980,2310,3444,3774,Y
DSC_0111.TIF,3,3,3,3,3,Mark,3,1905,2191,3826,4112,Emma,2,1916,2246,3808,4138,Caroline,1,1960,2276,3823,4139,Y
DSC_0111.TIF,3,3,3,3,4,Mark,0,2502,2916,3733,4147,Emma,1,2503,2917,3732,4146,Caroline,0,2511,2877,3756,4122,Y
DSC_0112.TIF,3,3,1,1,2,JoshW,4,240,492,732,984,Raf,5,212,518,712,1018,Yuxuan,4,219,521,688,990,Y
DSC_0112.TIF,3,3,1,1,4,JoshW,1,854,1094,1004,1244,Raf,1,818,1124,984,1290,Yuxuan,2,858,1138,981,1261,Y
DSC_0112.TIF,3,3,1,1,5,JoshW,3,865,1103,732,970,Raf,4,834,1142,667,975,Yuxuan,4,879,1153,688,962,Y
DSC_0112.TIF,3,3,1,1,6,JoshW,2,716,942,492,718,Raf,3,686,966,440,720,Yuxuan,3,696,998,444,746,Y
DSC_0112.TIF,3,3,1,3,1,JoshW,1,2236,2462,330,556,Raf,3,2208,2472,282,546,Yuxuan,3,2198,2486,288,576,Y
DSC_0112.TIF,3,3,1,3,2,JoshW,1,2114,2416,577,879,Raf,3,2134,2432,585,883,Yuxuan,4,2124,2412,598,886,Y
DSC_0112.TIF,3,3,1,3,3,JoshW,2,2128,2450,914,1236,Raf,3,2134,2502,901,1269,Yuxuan,4,2149,2451,914,1216,Y
DSC_0112.TIF,3,3,1,3,6,JoshW,1,2518,2798,240,520,Raf,3,2506,2848,176,518,Yuxuan,3,2514,2852,204,542,Y
DSC_0112.TIF,3,3,2,2,2,JoshW,0,1208,1468,1994,2254,Raf,0,1194,1520,1997,2323,Yuxuan,0,1213,1521,2016,2324,Y
DSC_0112.TIF,3,3,2,2,4,JoshW,0,1700,2002,2331,2633,Raf,1,1694,2020,2304,2630,Yuxuan,1,1728,2016,2338,2626,Y
DSC_0112.TIF,3,3,2,2,5,JoshW,1,1707,1973,2058,2324,Raf,3,1686,2010,2024,2348,Yuxuan,4,1724,2012,2044,2332,Y
DSC_0112.TIF,3,3,2,2,6,JoshW,0,1609,1861,1764,2016,Raf,0,1594,1954,1720,2080,Yuxuan,0,1678,1924,1805,2051,Y
DSC_0112.TIF,3,3,3,1,1,JoshW,1,548,830,2970,3252,Raf,2,536,808,2958,3230,Yuxuan,1,566,840,2978,3252,Y
DSC_0112.TIF,3,3,3,1,2,JoshW,2,471,759,3230,3518,Raf,4,458,764,3231,3537,Yuxuan,4,450,788,3209,3547,Y
DSC_0112.TIF,3,3,3,1,3,JoshW,1,422,668,3605,3851,Raf,2,378,668,3568,3858,Yuxuan,1,401,689,3574,3862,Y
DSC_0112.TIF,3,3,3,1,5,JoshW,2,1012,1300,3272,3560,Raf,3,1002,1290,3266,3554,Yuxuan,3,984,1306,3266,3588,Y
DSC_0112.TIF,3,3,3,3,3,JoshW,0,1935,2245,3798,4108,Raf,1,1922,2256,3770,4104,Yuxuan,1,1922,2216,3792,4086,Y
DSC_0112.TIF,3,3,3,3,4,JoshW,1,2654,2914,3802,4062,Raf,4,2642,2958,3791,4107,Yuxuan,4,2641,2963,3792,4114,Y
DSC_0112.TIF,3,3,3,3,5,JoshW,1,2536,2838,3402,3704,Raf,3,2546,2836,3427,3717,Yuxuan,3,2529,2851,3392,3714,Y
DSC_0112.TIF,3,3,3,3,6,JoshW,1,2490,2756,3076,3342,Raf,2,2484,2774,3064,3354,Yuxuan,2,2511,2771,3068,3328,Y
DSC_0113.TIF,3,3,1,1,3,Yuxuan,3,137,489,906,1258,Adam,3,149,465,928,1244,Mark,3,186,490,868,1172,Y
DSC_0113.TIF,3,3,1,1,4,Yuxuan,0,907,1215,914,1222,Adam,0,890,1238,899,1247,Mark,0,928,1198,869,1139,Y
DSC_0113.TIF,3,3,1,3,2,Yuxuan,0,2107,2417,492,802,Adam,[],[],[],[],[],Mark,0,2107,2361,514,768,K
DSC_0113.TIF,3,3,1,3,5,Yuxuan,0,2620,3048,590,1018,Adam,0,2680,3042,603,965,Mark,0,2630,2984,633,987,Y
DSC_0113.TIF,3,3,2,2,1,Yuxuan,0,1244,1518,1517,1791,Adam,0,1275,1531,1502,1758,Mark,[],[],[],[],[],K
DSC_0113.TIF,3,3,2,2,6,Yuxuan,1,1630,1938,1588,1896,Adam,3,1620,1896,1607,1883,Mark,1,1611,1921,1594,1904,Y
DSC_0113.TIF,3,3,3,1,5,Yuxuan,3,892,1208,3251,3567,Adam,3,902,1192,3272,3562,Mark,1,920,1240,3228,3548,Y
DSC_0113.TIF,3,3,3,3,2,Yuxuan,0,2072,2374,3398,3700,Adam,0,2106,2396,3417,3707,Mark,0,1950,2364,3286,3700,Y
DSC_0113.TIF,3,3,3,3,5,Yuxuan,2,2676,2992,3476,3792,Adam,3,2700,3002,3505,3807,Mark,2,2654,2984,3450,3780,Y
DSC_0114.TIF,3,3,1,1,2,Raf,0,344,642,493,791,Yuxuan,0,310,702,441,833,Adam,0,336,732,448,844,Y
DSC_0114.TIF,3,3,1,1,5,Raf,0,945,1251,528,834,Yuxuan,1,906,1208,531,833,Adam,4,902,1252,507,857,Y
DSC_0114.TIF,3,3,1,3,5,Raf,0,2624,2994,571,941,Yuxuan,0,2655,2977,612,934,Adam,[],[],[],[],[],K
DSC_0114.TIF,3,3,2,2,1,Raf,1,1388,1686,1541,1839,Yuxuan,3,1366,1662,1524,1820,Adam,6,1357,1653,1514,1810,Y
DSC_0114.TIF,3,3,2,2,2,Raf,1,1308,1598,1813,2103,Yuxuan,3,1310,1598,1834,2122,Adam,5,1318,1606,1828,2116,Y
DSC_0114.TIF,3,3,2,2,3,Raf,1,1168,1580,2033,2445,Yuxuan,1,1208,1532,2131,2455,Adam,5,1206,1508,2127,2429,Y
DSC_0114.TIF,3,3,2,2,4,Raf,0,1808,2168,2137,2497,Yuxuan,0,1812,2170,2149,2507,Adam,0,1804,2180,2113,2489,Y
DSC_0114.TIF,3,3,3,1,3,Raf,0,474,870,3493,3889,Yuxuan,0,584,906,3515,3837,Adam,0,540,850,3502,3812,Y
DSC_0114.TIF,3,3,3,1,6,Raf,0,935,1207,2844,3116,Yuxuan,0,946,1260,2838,3152,Adam,[],[],[],[],[],K
DSC_0114.TIF,3,3,3,3,1,Raf,0,2152,2414,2950,3212,Yuxuan,0,2157,2423,2992,3258,Adam,[],[],[],[],[],K
DSC_0114.TIF,3,3,3,3,6,Raf,0,2396,2722,2892,3218,Yuxuan,0,2433,2685,2950,3202,Adam,[],[],[],[],[],Y
DSC_0207.TIF,3,3,1,1,1,Raf,5,632,878,733,979,Yuxuan,4,660,878,752,970,Adam,6,649,919,706,976,Y
DSC_0207.TIF,3,3,1,1,2,Raf,5,510,712,1015,1217,Yuxuan,5,499,731,1004,1236,Adam,[],[],[],[],[],K
DSC_0207.TIF,3,3,1,1,5,Raf,6,900,1164,1018,1282,Yuxuan,6,902,1156,1046,1300,Adam,6,887,1163,1034,1310,Y
DSC_0207.TIF,3,3,1,3,2,Raf,6,2150,2370,1181,1401,Yuxuan,6,2146,2398,1146,1398,Adam,6,2137,2367,1180,1410,Y
DSC_0207.TIF,3,3,1,3,4,Raf,6,2564,2826,1406,1668,Yuxuan,4,2596,2812,1448,1664,Adam,6,2608,2838,1439,1669,Y
DSC_0207.TIF,3,3,1,3,5,Raf,6,2546,2800,1173,1427,Yuxuan,6,2522,2794,1157,1429,Adam,6,2522,2778,1173,1429,Y
DSC_0207.TIF,3,3,1,3,6,Raf,5,2502,2766,909,1173,Yuxuan,4,2469,2763,886,1180,Adam,6,2502,2752,919,1169,Y
DSC_0207.TIF,3,3,2,2,2,Raf,6,1344,1554,2339,2549,Yuxuan,6,1335,1559,2318,2542,Adam,6,1364,1560,2358,2554,Y
DSC_0207.TIF,3,3,2,2,3,Raf,6,1348,1550,2554,2756,Yuxuan,6,1322,1566,2550,2794,Adam,6,1330,1548,2554,2772,Y
DSC_0207.TIF,3,3,2,2,4,Raf,5,1650,1940,2506,2796,Yuxuan,5,1735,1959,2550,2774,Adam,6,1728,1998,2528,2798,Y
DSC_0207.TIF,3,3,2,2,5,Raf,6,1800,1984,2344,2528,Yuxuan,6,1770,1988,2332,2550,Adam,6,1754,1986,2330,2562,Y
DSC_0207.TIF,3,3,2,2,6,Raf,5,1694,1888,2133,2327,Yuxuan,4,1664,1910,2100,2346,Adam,6,1670,1900,2114,2344,Y
DSC_0207.TIF,3,3,3,1,1,Raf,4,746,984,3440,3678,Yuxuan,4,724,998,3448,3722,Adam,6,709,979,3416,3686,Y
DSC_0207.TIF,3,3,3,1,2,Raf,6,642,896,3748,4002,Yuxuan,6,626,914,3718,4006,Adam,6,640,902,3749,4011,Y
DSC_0207.TIF,3,3,3,1,3,Raf,5,554,808,4038,4292,Yuxuan,6,590,886,4002,4298,Adam,6,554,836,4026,4308,Y
DSC_0207.TIF,3,3,3,1,6,Raf,3,992,1274,3370,3652,Yuxuan,4,1026,1272,3384,3630,Adam,5,999,1307,3358,3666,Y
DSC_0207.TIF,3,3,3,3,2,Raf,4,2252,2488,3792,4028,Yuxuan,4,2254,2500,3770,4016,Adam,5,2269,2491,3786,4008,Y
DSC_0207.TIF,3,3,3,3,4,Raf,4,2704,2896,4108,4300,Yuxuan,3,2666,2890,4094,4318,Adam,4,2692,2916,4097,4321,Y
DSC_0207.TIF,3,3,3,3,5,Raf,5,2652,2914,3784,4046,Yuxuan,5,2682,2936,3791,4045,Adam,6,2680,2936,3802,4058,Y
DSC_0207.TIF,3,3,3,3,6,Raf,3,2585,2813,3538,3766,Yuxuan,4,2586,2830,3554,3798,Adam,5,2578,2820,3536,3778,Y
DSC_0208.TIF,3,3,1,1,1,Mark,5,649,893,1004,1248,Emma,6,658,894,1028,1264,Caroline,4,678,882,1054,1258,Y
DSC_0208.TIF,3,3,1,1,2,Mark,5,514,818,1281,1585,Emma,6,548,784,1316,1552,Caroline,4,542,788,1313,1559,Y
DSC_0208.TIF,3,3,1,1,3,Mark,4,556,860,1505,1809,Emma,5,566,844,1525,1803,Caroline,3,584,844,1521,1781,Y
DSC_0208.TIF,3,3,1,1,6,Mark,4,928,1222,945,1239,Emma,5,932,1160,1028,1256,Caroline,2,920,1160,1007,1247,Y
DSC_0208.TIF,3,3,1,3,1,Mark,4,2318,2536,1270,1488,Emma,6,2300,2512,1264,1476,Caroline,4,2310,2500,1275,1465,Y
DSC_0208.TIF,3,3,1,3,2,Mark,5,2242,2436,1492,1686,Emma,6,2234,2410,1496,1672,Caroline,4,2226,2422,1486,1682,Y
DSC_0208.TIF,3,3,1,3,3,Mark,5,2200,2452,1623,1875,Emma,6,2200,2436,1652,1888,Caroline,4,2220,2430,1655,1865,Y
DSC_0208.TIF,3,3,1,3,6,Mark,3,2512,2790,1139,1417,Emma,4,2500,2718,1198,1416,Caroline,3,2522,2710,1212,1400,Y
DSC_0208.TIF,3,3,2,2,3,Mark,6,1454,1716,2562,2824,Emma,6,1466,1694,2591,2819,Caroline,6,1462,1706,2578,2822,Y
DSC_0208.TIF,3,3,2,2,4,Mark,6,1828,2090,2583,2845,Emma,6,1849,2027,2646,2824,Caroline,5,1861,2051,2626,2816,Y
DSC_0208.TIF,3,3,2,2,5,Mark,6,1778,2098,2335,2655,Emma,6,1812,2022,2410,2620,Caroline,5,1812,2022,2409,2619,Y
DSC_0208.TIF,3,3,2,2,6,Mark,6,1754,2014,2204,2464,Emma,6,1800,1994,2250,2444,Caroline,6,1798,1980,2230,2412,Y
DSC_0208.TIF,3,3,3,1,1,Mark,2,906,1168,3480,3742,Emma,3,899,1167,3464,3732,Caroline,1,906,1180,3462,3736,Y
DSC_0208.TIF,3,3,3,1,2,Mark,3,760,1096,3700,4036,Emma,3,772,1058,3758,4044,Caroline,1,788,1090,3760,4062,Y
DSC_0208.TIF,3,3,3,1,3,Mark,5,666,1028,3981,4343,Emma,4,663,973,4020,4330,Caroline,2,682,956,4031,4305,Y
DSC_0208.TIF,3,3,3,1,4,Mark,5,1264,1618,4053,4407,Emma,4,1298,1602,4066,4370,Caroline,2,1286,1566,4076,4356,Y
DSC_0208.TIF,3,3,3,3,2,Mark,2,2056,2394,3757,4095,Emma,3,2095,2355,3784,4044,Caroline,2,2100,2338,3774,4012,Y
DSC_0208.TIF,3,3,3,3,4,Mark,3,2588,2832,4091,4335,Emma,3,2578,2832,4081,4335,Caroline,2,2556,2852,4051,4347,Y
DSC_0208.TIF,3,3,3,3,5,Mark,5,2596,2866,3809,4079,Emma,5,2604,2856,3830,4082,Caroline,3,2602,2870,3798,4066,Y
DSC_0208.TIF,3,3,3,3,6,Mark,3,2502,2748,3597,3843,Emma,3,2566,2768,3640,3842,Caroline,2,2556,2788,3620,3852,Y
DSC_0209.TIF,3,3,1,1,1,Caroline,0,654,962,658,966,JoshB,0,692,894,734,936,JoshW,0,674,930,669,925,Y
DSC_0209.TIF,3,3,1,1,6,Caroline,0,952,1232,682,962,JoshB,0,970,1198,734,962,JoshW,0,956,1230,684,958,Y
DSC_0209.TIF,3,3,1,3,2,Caroline,0,2114,2402,1032,1320,JoshB,0,2094,2406,1004,1316,JoshW,0,2101,2427,1020,1346,Y
DSC_0209.TIF,3,3,1,3,5,Caroline,1,2714,3066,990,1342,JoshB,0,2680,3034,1012,1366,JoshW,0,2730,3020,1010,1300,Y
DSC_0209.TIF,3,3,2,2,2,Caroline,1,1300,1588,2192,2480,JoshB,1,1303,1589,2200,2486,JoshW,0,1308,1602,2176,2470,Y
DSC_0209.TIF,3,3,2,2,5,Caroline,1,1918,2218,2136,2436,JoshB,0,1951,2171,2174,2394,JoshW,0,1942,2206,2172,2436,Y
DSC_0209.TIF,3,3,3,1,1,Caroline,0,643,953,3230,3540,JoshB,0,675,953,3270,3548,JoshW,0,672,974,3252,3554,Y
DSC_0209.TIF,3,3,3,1,6,Caroline,1,942,1286,3191,3535,JoshB,1,978,1256,3244,3522,JoshW,0,948,1242,3232,3526,Y
DSC_0209.TIF,3,3,3,3,1,Caroline,1,2296,2592,3609,3905,JoshB,1,2348,2600,3640,3892,JoshW,0,2316,2590,3636,3910,Y
DSC_0209.TIF,3,3,3,3,6,Caroline,0,2623,2953,3574,3904,JoshB,0,2680,2932,3640,3892,JoshW,0,2646,2948,3606,3908,Y
DSC_0210.TIF,3,3,1,1,2,Yuxuan,1,598,878,1135,1415,Adam,2,610,932,1100,1422,Mark,1,624,920,1150,1446,Y
DSC_0210.TIF,3,3,1,1,5,Yuxuan,1,1247,1577,1300,1630,Adam,3,1226,1580,1301,1655,Mark,1,1256,1568,1285,1597,Y
DSC_0210.TIF,3,3,1,3,1,Yuxuan,1,2457,2795,724,1062,Adam,1,2456,2758,752,1054,Mark,1,2473,2785,742,1054,Y
DSC_0210.TIF,3,3,1,3,6,Yuxuan,0,2813,3129,788,1104,Adam,1,2808,3098,784,1074,Mark,1,2832,3186,729,1083,Y
DSC_0210.TIF,3,3,2,2,2,Yuxuan,1,1297,1591,2318,2612,Adam,2,1324,1606,2318,2600,Mark,1,1222,1610,2242,2630,Y
DSC_0210.TIF,3,3,2,2,5,Yuxuan,3,1896,2234,2324,2662,Adam,5,1976,2264,2374,2662,Mark,2,2002,2246,2410,2654,Y
DSC_0210.TIF,3,3,3,1,2,Yuxuan,0,478,794,3482,3798,Adam,0,432,820,3450,3838,Mark,0,448,860,3337,3749,Y
DSC_0210.TIF,3,3,3,1,5,Yuxuan,0,1244,1566,3508,3830,Adam,0,1255,1591,3508,3844,Mark,0,1188,1660,3438,3910,Y
DSC_0210.TIF,3,3,3,3,1,Yuxuan,0,2216,2490,3426,3700,Adam,0,2186,2522,3390,3726,Mark,0,2250,2478,3438,3666,Y
DSC_0210.TIF,3,3,3,3,6,Yuxuan,0,2455,2785,3412,3742,Adam,0,2459,2769,3430,3740,Mark,0,2470,2730,3464,3724,Y
DSC_0211.TIF,3,3,1,1,2,Yuxuan,3,458,732,1156,1430,Adam,5,488,744,1176,1432,Mark,2,502,722,1230,1450,Y
DSC_0211.TIF,3,3,1,1,5,Yuxuan,0,928,1152,1283,1507,Adam,1,948,1140,1314,1506,Mark,1,886,1138,1256,1508,Y
DSC_0211.TIF,3,3,1,3,3,Yuxuan,0,2128,2374,1390,1636,Adam,0,2151,2387,1416,1652,Mark,0,2082,2384,1400,1702,Y
DSC_0211.TIF,3,3,1,3,4,Yuxuan,2,2654,2978,1457,1781,Adam,2,2700,2996,1472,1768,Mark,1,2719,2987,1518,1786,Y
DSC_0211.TIF,3,3,2,2,1,Yuxuan,1,1510,1728,2050,2268,Adam,2,1534,1726,2047,2239,Mark,1,1499,1745,2022,2268,Y
DSC_0211.TIF,3,3,2,2,6,Yuxuan,5,1717,1963,2036,2282,Adam,4,1764,1950,2064,2250,Mark,3,1703,2031,2032,2360,Y
DSC_0211.TIF,3,3,3,1,2,Yuxuan,1,737,1019,3686,3968,Adam,2,745,1021,3720,3996,Mark,0,662,1016,3656,4010,Y
DSC_0211.TIF,3,3,3,1,5,Yuxuan,3,1243,1511,3686,3954,Adam,4,1244,1528,3712,3996,Mark,3,1218,1538,3674,3994,Y
DSC_0211.TIF,3,3,3,3,3,Yuxuan,4,2213,2479,4122,4388,Adam,5,2232,2522,4114,4404,Mark,3,2200,2502,4121,4423,Y
DSC_0211.TIF,3,3,3,3,4,Yuxuan,3,2774,3062,4122,4410,Adam,3,2766,3062,4120,4416,Mark,2,2801,3055,4162,4416,Y
DSC_0212.TIF,3,3,1,1,1,Mark,5,624,844,855,1075,Emma,5,590,844,851,1105,Caroline,4,604,850,840,1086,Y
DSC_0212.TIF,3,3,1,1,6,Mark,3,910,1180,784,1054,Emma,2,868,1156,771,1059,Caroline,2,886,1130,788,1032,Y
DSC_0212.TIF,3,3,1,3,3,Mark,3,2124,2352,1332,1560,Emma,1,2082,2368,1298,1584,Caroline,1,2110,2342,1314,1546,Y
DSC_0212.TIF,3,3,1,3,4,Mark,4,2655,2907,1408,1660,Emma,5,2630,2924,1396,1690,Caroline,4,2637,2925,1384,1672,Y
DSC_0212.TIF,3,3,2,2,1,Mark,3,1484,1754,2014,2284,Emma,3,1454,1748,1998,2292,Caroline,2,1476,1706,2020,2250,Y
DSC_0212.TIF,3,3,2,2,6,Mark,2,1741,2001,1998,2258,Emma,1,1744,1980,2040,2276,Caroline,1,1748,1946,2036,2234,Y
DSC_0212.TIF,3,3,3,1,2,Mark,3,624,928,3674,3978,Emma,2,623,911,3690,3978,Caroline,1,646,900,3693,3947,Y
DSC_0212.TIF,3,3,3,1,5,Mark,4,1156,1424,3666,3934,Emma,4,1151,1455,3648,3952,Caroline,3,1170,1458,3630,3918,Y
DSC_0212.TIF,3,3,3,3,3,Mark,4,2258,2546,4086,4374,Emma,3,2250,2578,4096,4424,Caroline,3,2244,2540,4072,4368,Y
DSC_0213.TIF,3,3,1,1,1,JoshW,6,629,875,944,1190,Raf,6,624,878,940,1194,Yuxuan,6,619,885,928,1194,Y
DSC_0213.TIF,3,3,1,1,6,JoshW,5,863,1111,910,1158,Raf,6,843,1141,870,1168,Yuxuan,5,878,1118,920,1160,Y
DSC_0213.TIF,3,3,1,3,2,JoshW,4,2228,2484,1233,1489,Raf,5,2212,2466,1265,1519,Yuxuan,4,2211,2465,1236,1490,Y
DSC_0213.TIF,3,3,1,3,5,JoshW,5,2692,2906,1204,1418,Raf,5,2681,2937,1176,1432,Yuxuan,5,2675,2921,1208,1454,Y
DSC_0213.TIF,3,3,2,2,3,JoshW,6,1304,1502,2712,2910,Raf,6,1256,1502,2704,2950,Yuxuan,6,1281,1507,2710,2936,Y
DSC_0213.TIF,3,3,2,2,4,JoshW,5,1768,1948,2723,2903,Raf,6,1738,1950,2711,2923,Yuxuan,5,1753,1977,2690,2914,Y
DSC_0213.TIF,3,3,3,1,2,JoshW,4,678,948,3657,3927,Raf,5,632,966,3637,3971,Yuxuan,4,636,946,3630,3940,Y
DSC_0213.TIF,3,3,3,1,5,JoshW,3,1314,1560,3659,3905,Raf,4,1300,1598,3643,3941,Yuxuan,4,1289,1571,3630,3912,Y
DSC_0213.TIF,3,3,3,3,3,JoshW,2,2112,2410,3906,4204,Raf,3,2090,2388,3902,4200,Yuxuan,3,2079,2423,3876,4220,Y
DSC_0213.TIF,3,3,3,3,4,JoshW,3,2616,2864,4087,4335,Raf,3,2572,2896,4060,4384,Yuxuan,3,2592,2880,4030,4318,Y
DSC_0214.TIF,3,3,1,1,2,JoshB,6,249,435,1222,1408,JoshW,6,214,456,1200,1442,Raf,6,212,458,1186,1432,Y
DSC_0214.TIF,3,3,1,1,5,JoshB,4,784,1028,1189,1433,JoshW,4,759,1039,1180,1460,Raf,5,720,1028,1163,1471,Y
DSC_0214.TIF,3,3,1,3,3,JoshB,4,2216,2444,1416,1644,JoshW,3,2186,2456,1390,1660,Raf,5,2178,2440,1401,1663,Y
DSC_0214.TIF,3,3,1,3,4,JoshB,6,2722,2966,1421,1665,JoshW,4,2708,2972,1404,1668,Raf,6,2699,2971,1378,1650,Y
DSC_0214.TIF,3,3,2,2,3,JoshB,4,1306,1542,2793,3029,JoshW,3,1283,1511,2772,3000,Raf,4,1251,1497,2774,3020,Y
DSC_0214.TIF,3,3,2,2,4,JoshB,3,1872,2074,2832,3034,JoshW,2,1834,2100,2782,3048,Raf,3,1808,2116,2756,3064,Y
DSC_0214.TIF,3,3,3,1,3,JoshB,1,440,726,4125,4411,JoshW,1,428,730,4115,4417,Raf,2,370,712,4099,4441,Y
DSC_0214.TIF,3,3,3,1,4,JoshB,3,1046,1332,4028,4314,JoshW,3,1041,1305,4020,4284,Raf,3,1036,1334,4021,4319,Y
DSC_0214.TIF,3,3,3,3,2,JoshB,4,2171,2381,3910,4120,JoshW,3,2145,2377,3878,4110,Raf,6,2142,2380,3879,4117,Y
DSC_0214.TIF,3,3,3,3,5,JoshB,4,2654,2866,3934,4146,JoshW,4,2646,2878,3922,4154,Raf,6,2616,2870,3910,4164,Y
DSC_0215.TIF,3,3,1,1,1,Adam,3,468,698,1176,1406,Mark,2,472,726,1158,1412,Emma,4,464,708,1185,1429,Y
DSC_0215.TIF,3,3,1,1,2,Adam,4,382,620,1438,1676,Mark,2,406,658,1425,1677,Emma,3,642,650,1708,1716,Y
DSC_0215.TIF,3,3,1,1,3,Adam,5,462,744,1739,2021,Mark,3,464,734,1732,2002,Emma,5,456,700,1749,1993,Y
DSC_0215.TIF,3,3,1,1,4,Adam,4,902,1166,1626,1890,Mark,2,936,1196,1602,1862,Emma,3,906,1184,1610,1888,Y
DSC_0215.TIF,3,3,1,3,2,Adam,4,2238,2522,1116,1400,Mark,3,2242,2588,1071,1417,Emma,4,2237,2541,1104,1408,Y
DSC_0215.TIF,3,3,1,3,4,Adam,3,2700,2970,1442,1712,Mark,3,2680,2958,1399,1677,Emma,3,2697,2975,1424,1702,Y
DSC_0215.TIF,3,3,1,3,5,Adam,5,2692,2976,1110,1394,Mark,4,2672,2966,1076,1370,Emma,5,2672,2940,1101,1369,Y
DSC_0215.TIF,3,3,1,3,6,Adam,4,2608,2850,881,1123,Mark,3,2646,2824,889,1067,Emma,3,2612,2856,886,1130,Y
DSC_0215.TIF,3,3,2,2,1,Adam,1,1498,1696,2304,2502,Mark,0,1483,1703,2292,2512,Emma,0,1474,1720,2300,2546,Y
DSC_0215.TIF,3,3,2,2,2,Adam,5,1350,1606,2531,2787,Mark,3,1332,1636,2490,2794,Emma,3,1316,1602,2507,2793,Y
DSC_0215.TIF,3,3,2,2,3,Adam,3,1373,1637,2830,3094,Mark,3,1366,1636,2798,3068,Emma,3,1390,1626,2831,3067,Y
DSC_0215.TIF,3,3,2,2,5,Adam,3,1982,2252,2492,2762,Mark,2,1990,2284,2490,2784,Emma,1,1989,2233,2512,2756,Y
DSC_0215.TIF,3,3,3,1,1,Adam,5,646,870,3304,3528,Mark,3,600,894,3283,3577,Emma,3,624,886,3294,3556,Y
DSC_0215.TIF,3,3,3,1,2,Adam,6,560,798,3535,3773,Mark,5,498,810,3539,3851,Emma,5,540,836,3496,3792,Y
DSC_0215.TIF,3,3,3,1,3,Adam,5,478,748,3786,4056,Mark,4,485,713,3774,4002,Emma,5,501,755,3774,4028,Y
DSC_0215.TIF,3,3,3,1,5,Adam,4,933,1229,3508,3804,Mark,3,936,1324,3454,3842,Emma,4,936,1198,3522,3784,Y
DSC_0215.TIF,3,3,3,3,3,Adam,3,1999,2255,3878,4134,Mark,2,1972,2342,3838,4208,Emma,3,1993,2271,3860,4138,Y
DSC_0215.TIF,3,3,3,3,4,Adam,5,2580,2864,3962,4246,Mark,3,2617,2903,3884,4170,Emma,4,2596,2882,3952,4238,Y
DSC_0215.TIF,3,3,3,3,5,Adam,5,2614,2858,3634,3878,Mark,3,2588,2890,3586,3888,Emma,4,2584,2870,3624,3910,Y
DSC_0215.TIF,3,3,3,3,6,Adam,5,2594,2876,3358,3640,Mark,4,2575,2861,3346,3632,Emma,4,2595,2865,3370,3640,Y
DSC_0216.TIF,3,3,1,1,3,Emma,4,322,632,1291,1601,Caroline,3,344,612,1309,1577,JoshB,4,364,616,1312,1564,Y
DSC_0216.TIF,3,3,1,1,4,Emma,5,936,1172,1374,1610,Caroline,4,934,1208,1362,1636,JoshB,4,970,1146,1408,1584,Y
DSC_0216.TIF,3,3,1,1,5,Emma,4,919,1147,1138,1366,Caroline,3,925,1155,1146,1376,JoshB,3,941,1143,1138,1340,Y
DSC_0216.TIF,3,3,1,1,6,Emma,3,928,1154,878,1104,Caroline,3,909,1149,850,1090,JoshB,3,966,1126,936,1096,Y
DSC_0216.TIF,3,3,1,3,1,Emma,3,2292,2570,920,1198,Caroline,3,2335,2581,934,1180,JoshB,3,2338,2516,978,1156,Y
DSC_0216.TIF,3,3,1,3,2,Emma,5,2234,2536,1202,1504,Caroline,3,2206,2536,1188,1518,JoshB,4,2276,2494,1240,1458,Y
DSC_0216.TIF,3,3,1,3,5,Emma,2,2612,2856,1180,1424,Caroline,1,2626,2852,1176,1402,JoshB,3,2634,2818,1198,1382,Y
DSC_0216.TIF,3,3,1,3,6,Emma,3,2565,2811,910,1156,Caroline,3,2570,2816,927,1173,JoshB,4,2595,2773,944,1122,Y
DSC_0216.TIF,3,3,2,2,1,Emma,2,1184,1446,2048,2310,Caroline,2,1191,1437,2044,2290,JoshB,2,1226,1420,2082,2276,Y
DSC_0216.TIF,3,3,2,2,2,Emma,3,1112,1382,2300,2570,Caroline,3,1111,1377,2318,2584,JoshB,2,1152,1336,2352,2536,Y
DSC_0216.TIF,3,3,2,2,3,Emma,4,1151,1437,2570,2856,Caroline,3,1159,1419,2578,2838,JoshB,3,1180,1416,2587,2823,Y
DSC_0216.TIF,3,3,2,2,4,Emma,3,1669,1931,2612,2874,Caroline,2,1637,1917,2606,2886,JoshB,4,1712,1914,2617,2819,Y
DSC_0216.TIF,3,3,3,1,1,Emma,3,759,979,3328,3548,Caroline,2,787,971,3342,3526,JoshB,4,792,962,3345,3515,Y
DSC_0216.TIF,3,3,3,1,4,Emma,4,1041,1319,3860,4138,Caroline,3,1047,1307,3876,4136,JoshB,5,1084,1278,3902,4096,Y
DSC_0216.TIF,3,3,3,1,5,Emma,3,1008,1302,3582,3876,Caroline,3,1004,1300,3573,3869,JoshB,4,1046,1256,3624,3834,Y
DSC_0216.TIF,3,3,3,1,6,Emma,4,983,1227,3354,3598,Caroline,4,987,1211,3364,3588,JoshB,5,1007,1193,3404,3590,Y
DSC_0216.TIF,3,3,3,3,1,Emma,1,2217,2503,3320,3606,Caroline,1,2234,2480,3342,3588,JoshB,1,2258,2452,3379,3573,Y
DSC_0216.TIF,3,3,3,3,2,Emma,3,2022,2342,3565,3885,Caroline,2,2039,2363,3560,3884,JoshB,2,2056,2284,3602,3830,Y
DSC_0216.TIF,3,3,3,3,3,Emma,3,2056,2402,3829,4175,Caroline,2,2078,2366,3851,4139,JoshB,3,2116,2368,3885,4137,Y
DSC_0216.TIF,3,3,3,3,5,Emma,3,2604,2898,3532,3826,Caroline,2,2620,2894,3543,3817,JoshB,4,2646,2874,3556,3784,Y
DSC_0217.TIF,3,3,1,1,1,Caroline,4,324,598,872,1146,JoshB,4,346,616,889,1159,JoshW,3,314,588,848,1122,Y
DSC_0217.TIF,3,3,1,1,2,Caroline,3,166,440,1082,1356,JoshB,4,228,406,1112,1290,JoshW,3,202,448,1096,1342,Y
DSC_0217.TIF,3,3,1,1,3,Caroline,3,177,485,1370,1678,JoshB,5,254,388,1467,1601,JoshW,3,190,428,1398,1636,Y
DSC_0217.TIF,3,3,1,1,5,Caroline,0,843,1125,1138,1420,JoshB,0,860,1096,1205,1441,JoshW,0,842,1098,1162,1418,Y
DSC_0217.TIF,3,3,1,3,3,Caroline,0,2022,2464,1338,1780,JoshB,[],[],[],[],[],JoshW,0,2038,2398,1373,1733,K
DSC_0217.TIF,3,3,1,3,4,Caroline,1,2756,3128,1434,1806,JoshB,2,2798,3058,1505,1765,JoshW,1,2796,3080,1492,1776,Y
DSC_0217.TIF,3,3,1,3,5,Caroline,1,2752,3132,1054,1434,JoshB,2,2785,3097,1088,1400,JoshW,1,2794,3088,1100,1394,Y
DSC_0217.TIF,3,3,1,3,6,Caroline,1,2634,2978,657,1001,JoshB,1,2688,2950,729,991,JoshW,1,2660,2958,701,999,Y
DSC_0217.TIF,3,3,2,2,1,Caroline,2,1408,1718,1868,2178,JoshB,2,1458,1712,1909,2163,JoshW,1,1422,1712,1865,2155,Y
DSC_0217.TIF,3,3,2,2,2,Caroline,2,1230,1580,2160,2510,JoshB,3,1261,1539,2216,2494,JoshW,2,1224,1550,2186,2512,Y
DSC_0217.TIF,3,3,2,2,3,Caroline,2,1258,1588,2564,2894,JoshB,3,1277,1547,2578,2848,JoshW,2,1290,1564,2576,2850,Y
DSC_0217.TIF,3,3,2,2,6,Caroline,0,1742,2064,1824,2146,JoshB,0,1800,2018,1888,2106,JoshW,0,1750,2030,1844,2124,Y
DSC_0217.TIF,3,3,3,1,1,Caroline,2,1054,1300,3328,3574,JoshB,5,1088,1324,3354,3590,JoshW,2,1081,1313,3356,3588,Y
DSC_0217.TIF,3,3,3,1,2,Caroline,2,970,1334,3582,3946,JoshB,4,1008,1286,3614,3892,JoshW,2,986,1280,3617,3911,Y
DSC_0217.TIF,3,3,3,1,3,Caroline,2,864,1188,3974,4298,JoshB,3,894,1120,4020,4246,JoshW,2,881,1131,3996,4246,Y
DSC_0217.TIF,3,3,3,1,6,Caroline,0,1320,1658,3240,3578,JoshB,0,1362,1614,3304,3556,JoshW,0,1346,1626,3277,3557,Y
DSC_0217.TIF,3,3,3,3,1,Caroline,2,2269,2571,3610,3912,JoshB,2,2284,2536,3640,3892,JoshW,2,2281,2545,3622,3886,Y
DSC_0217.TIF,3,3,3,3,2,Caroline,1,2178,2508,3873,4203,JoshB,1,2225,2445,3918,4138,JoshW,0,2202,2444,3896,4138,Y
DSC_0217.TIF,3,3,3,3,3,Caroline,1,2213,2493,4192,4472,JoshB,1,2208,2470,4191,4453,JoshW,[],[],[],[],[],K
DSC_0217.TIF,3,3,3,3,5,Caroline,0,2766,3110,3735,4079,JoshB,0,2798,3068,3787,4057,JoshW,0,2802,3066,3780,4044,Y
DSC_0218.TIF,3,3,1,1,1,Adam,0,527,811,678,962,Mark,0,506,776,726,996,Emma,0,498,826,714,1042,Y
DSC_0218.TIF,3,3,1,1,4,Adam,3,982,1278,1370,1666,Mark,1,970,1290,1366,1686,Emma,2,999,1295,1382,1678,Y
DSC_0218.TIF,3,3,1,1,5,Adam,4,850,1258,909,1317,Mark,2,822,1260,928,1366,Emma,3,860,1238,928,1306,Y
DSC_0218.TIF,3,3,1,1,6,Adam,4,824,1074,692,942,Mark,3,844,1088,718,962,Emma,4,835,1079,700,944,Y
DSC_0218.TIF,3,3,1,3,1,Adam,3,2212,2528,880,1196,Mark,2,2224,2528,911,1215,Emma,3,2217,2519,878,1180,Y
DSC_0218.TIF,3,3,1,3,2,Adam,4,2215,2505,1238,1528,Mark,2,2140,2546,1171,1577,Emma,3,2174,2536,1180,1542,Y
DSC_0218.TIF,3,3,1,3,6,Adam,0,2541,2863,778,1100,Mark,0,2554,2932,831,1209,Emma,0,2528,2840,826,1138,Y
DSC_0218.TIF,3,3,2,2,1,Adam,4,1594,1916,1930,2252,Mark,2,1584,1914,1993,2323,Emma,2,1559,1947,1904,2292,Y
DSC_0218.TIF,3,3,2,2,2,Adam,4,1386,1708,2258,2580,Mark,3,1400,1786,2230,2616,Emma,3,1400,1728,2250,2578,Y
DSC_0218.TIF,3,3,2,2,3,Adam,4,1347,1689,2554,2896,Mark,2,1332,1712,2494,2874,Emma,2,1345,1707,2562,2924,Y
DSC_0218.TIF,3,3,2,2,5,Adam,0,2106,2468,2291,2653,Mark,[],[],[],[],[],Emma,0,2057,2435,2310,2688,K
DSC_0218.TIF,3,3,3,1,1,Adam,0,732,988,3312,3568,Mark,0,734,970,3408,3644,Emma,0,747,983,3370,3606,Y
DSC_0218.TIF,3,3,3,1,4,Adam,3,1071,1373,3884,4186,Mark,2,1080,1416,3910,4246,Emma,2,1045,1357,3868,4180,Y
DSC_0218.TIF,3,3,3,1,5,Adam,4,1100,1336,3582,3818,Mark,3,1066,1336,3564,3834,Emma,4,1062,1366,3556,3860,Y
DSC_0218.TIF,3,3,3,1,6,Adam,5,962,1232,3321,3591,Mark,4,948,1210,3336,3598,Emma,4,928,1214,3320,3606,Y
DSC_0218.TIF,3,3,3,3,1,Adam,5,2384,2660,3424,3700,Mark,3,2368,2730,3405,3767,Emma,3,2368,2696,3384,3712,Y
DSC_0218.TIF,3,3,3,3,2,Adam,6,2272,2554,3664,3946,Mark,4,2242,2546,3640,3944,Emma,4,2268,2554,3662,3948,Y
DSC_0218.TIF,3,3,3,3,3,Adam,4,2208,2472,3936,4200,Mark,3,2174,2444,3905,4175,Emma,3,2179,2541,3876,4238,Y
DSC_0218.TIF,3,3,3,3,4,Adam,0,2732,2996,4009,4273,Mark,0,2717,2987,3934,4204,Emma,0,2714,3026,3977,4289,Y
DSC_3611.tif,3,3,1,2,4,Adam,4,1699,2029,1376,1706,Mark,2,1660,2040,1302,1682,Emma,2,1716,2018,1400,1702,Y
DSC_3611.tif,3,3,1,2,5,Adam,5,1777,2067,1074,1364,Mark,2,1786,2082,1028,1324,Emma,3,1757,2103,1062,1408,Y
DSC_3611.tif,3,3,1,2,6,Adam,5,1614,1930,787,1103,Mark,3,1605,1833,784,1012,Emma,3,1606,1918,784,1096,Y
DSC_3611.tif,3,3,2,1,4,Adam,3,1206,1548,2452,2794,Mark,2,1188,1560,2427,2799,Emma,2,1214,1516,2470,2772,Y
DSC_3611.tif,3,3,2,1,5,Adam,4,1126,1482,2123,2479,Mark,2,1156,1442,2154,2440,Emma,3,1122,1458,2154,2490,Y
DSC_3611.tif,3,3,2,1,6,Adam,4,988,1290,1884,2186,Mark,2,1033,1337,1888,2192,Emma,3,962,1290,1896,2224,Y
DSC_3611.tif,3,3,2,3,1,Adam,4,2008,2298,1847,2137,Mark,2,1985,2313,1804,2132,Emma,3,1980,2342,1812,2174,Y
DSC_3611.tif,3,3,2,3,2,Adam,3,1795,2129,2134,2468,Mark,2,1754,2124,2136,2506,Emma,1,1796,2140,2129,2473,Y
DSC_3611.tif,3,3,2,3,3,Adam,3,1903,2271,2450,2818,Mark,1,1976,2254,2478,2756,Emma,0,1926,2322,2460,2856,Y
DSC_3611.tif,3,3,3,1,4,Adam,4,1192,1588,3798,4194,Mark,2,1243,1547,3834,4138,Emma,3,1214,1550,3818,4154,Y
DSC_3611.tif,3,3,3,1,5,Adam,4,1192,1540,3460,3808,Mark,3,1198,1552,3471,3825,Emma,3,1180,1552,3454,3826,Y
DSC_3611.tif,3,3,3,1,6,Adam,4,1080,1422,3117,3459,Mark,2,1096,1358,3113,3375,Emma,3,1100,1394,3144,3438,Y
DSC_3611.tif,3,3,3,3,1,Adam,4,2068,2344,3094,3370,Mark,3,2074,2342,3115,3383,Emma,3,2056,2352,3101,3397,Y
DSC_3611.tif,3,3,3,3,2,Adam,4,1929,2225,3338,3634,Mark,2,1946,2208,3320,3582,Emma,2,1889,2241,3304,3656,Y
DSC_3611.tif,3,3,3,3,3,Adam,3,1909,2239,3666,3996,Mark,2,1952,2288,3666,4002,Emma,0,1917,2263,3656,4002,Y
DSC_3612.tif,3,3,1,2,1,Yuxuan,3,1398,1700,534,836,Adam,4,1376,1692,528,844,Mark,2,1400,1712,586,898,Y
DSC_3612.tif,3,3,1,2,2,Yuxuan,1,1226,1570,844,1188,Adam,3,1229,1571,844,1186,Mark,1,1219,1597,852,1230,Y
DSC_3612.tif,3,3,1,2,3,Yuxuan,1,1286,1644,1222,1580,Adam,2,1244,1686,1186,1628,Mark,1,1340,1618,1248,1526,Y
DSC_3612.tif,3,3,2,1,1,Yuxuan,1,699,959,1678,1938,Adam,4,668,972,1646,1950,Mark,1,637,957,1660,1980,Y
DSC_3612.tif,3,3,2,1,2,Yuxuan,1,601,889,1980,2268,Adam,4,563,899,1942,2278,Mark,1,540,878,1925,2263,Y
DSC_3612.tif,3,3,2,3,4,Yuxuan,1,2349,2701,2352,2704,Adam,4,2374,2722,2384,2732,Mark,2,2368,2714,2393,2739,Y
DSC_3612.tif,3,3,2,3,5,Yuxuan,1,2444,2732,2050,2338,Adam,4,2456,2698,2068,2310,Mark,2,2410,2696,2094,2380,Y
DSC_3612.tif,3,3,2,3,6,Yuxuan,3,2353,2683,1756,2086,Adam,5,2358,2640,1789,2071,Mark,2,2334,2630,1782,2078,Y
DSC_3612.tif,3,3,3,1,4,Yuxuan,3,1125,1441,3638,3954,Adam,5,1086,1448,3617,3979,Mark,2,1126,1496,3598,3968,Y
DSC_3612.tif,3,3,3,1,5,Yuxuan,3,1120,1416,3300,3596,Adam,5,1106,1422,3298,3614,Mark,2,1072,1366,3304,3598,Y
DSC_3612.tif,3,3,3,1,6,Yuxuan,4,990,1328,3002,3340,Adam,6,1014,1304,3034,3324,Mark,3,953,1273,3008,3328,Y
DSC_3612.tif,3,3,3,3,1,Yuxuan,2,1953,2255,3174,3476,Adam,3,1989,2265,3166,3442,Mark,2,1980,2284,3181,3485,Y
DSC_3612.tif,3,3,3,3,2,Yuxuan,[],[],[],[],[],Adam,2,1706,2028,3391,3713,Mark,2,1724,2086,3346,3708,K
DSC_3613.tif,3,3,1,2,1,Emma,4,1552,1846,726,1020,Caroline,4,1580,1854,745,1019,JoshB,4,1597,1817,792,1012,Y
DSC_3613.tif,3,3,1,2,2,Emma,5,1370,1698,920,1248,Caroline,4,1373,1675,934,1236,JoshB,4,1412,1656,962,1206,Y
DSC_3613.tif,3,3,1,2,3,Emma,4,1437,1741,1248,1552,Caroline,4,1454,1756,1236,1538,JoshB,4,1450,1686,1273,1509,Y
DSC_3613.tif,3,3,2,1,4,Emma,4,1172,1492,2158,2478,Caroline,3,1173,1461,2184,2472,JoshB,3,1222,1476,2187,2441,Y
DSC_3613.tif,3,3,2,1,5,Emma,5,1188,1492,1845,2149,Caroline,4,1201,1503,1826,2128,JoshB,2,1210,1454,1862,2106,Y
DSC_3613.tif,3,3,2,1,6,Emma,4,1114,1390,1552,1828,Caroline,3,1090,1390,1529,1829,JoshB,2,1122,1366,1581,1825,Y
DSC_3613.tif,3,3,2,3,4,Emma,3,2612,2916,2305,2609,Caroline,3,2603,2897,2290,2584,JoshB,2,2612,2890,2293,2571,Y
DSC_3613.tif,3,3,2,3,5,Emma,4,2654,2958,1946,2250,Caroline,4,2682,2936,1952,2206,JoshB,[],[],[],[],[],K
DSC_3613.tif,3,3,3,1,1,Emma,4,674,952,2928,3206,Caroline,4,674,942,2925,3193,JoshB,4,674,920,2940,3186,Y
DSC_3613.tif,3,3,3,1,2,Emma,4,582,860,3185,3463,Caroline,4,590,844,3159,3413,JoshB,3,642,834,3237,3429,Y
DSC_3613.tif,3,3,3,1,3,Emma,3,608,936,3459,3787,Caroline,4,632,934,3447,3749,JoshB,3,632,928,3480,3776,Y
DSC_3613.tif,3,3,3,3,1,Emma,4,2035,2355,3076,3396,Caroline,4,2064,2310,3124,3370,JoshB,4,2085,2297,3134,3346,Y
DSC_3613.tif,3,3,3,3,2,Emma,3,1862,2200,3332,3670,Caroline,3,1904,2206,3353,3655,JoshB,3,1888,2208,3370,3690,Y
DSC_3613.tif,3,3,3,3,3,Emma,2,1914,2250,3628,3964,Caroline,3,1932,2282,3610,3960,JoshB,3,1938,2208,3649,3919,Y
DSC_3614.tif,3,3,1,2,4,Yuxuan,3,1847,2185,1250,1588,Adam,6,1850,2192,1275,1617,Mark,3,1880,2158,1264,1542,Y
DSC_3614.tif,3,3,1,2,5,Yuxuan,4,1887,2223,900,1236,Adam,6,1909,2219,902,1212,Mark,3,1914,2250,899,1235,Y
DSC_3614.tif,3,3,1,2,6,Yuxuan,4,1752,2048,618,914,Adam,6,1798,2014,683,899,Mark,4,1711,2149,608,1046,Y
DSC_3614.tif,3,3,2,1,4,Yuxuan,2,1047,1335,2198,2486,Adam,4,1022,1384,2173,2535,Mark,2,1049,1361,2166,2478,Y
DSC_3614.tif,3,3,2,1,5,Yuxuan,4,1065,1339,1890,2164,Adam,5,1074,1350,1890,2166,Mark,3,1054,1374,1900,2220,Y
DSC_3614.tif,3,3,2,1,6,Yuxuan,5,990,1272,1622,1904,Adam,6,1001,1251,1620,1870,Mark,4,996,1256,1631,1891,Y
DSC_3614.tif,3,3,2,3,1,Yuxuan,3,2065,2359,1602,1896,Adam,6,2088,2364,1597,1873,Mark,3,2124,2410,1593,1879,Y
DSC_3614.tif,3,3,2,3,2,Yuxuan,3,1948,2258,1840,2150,Adam,6,1919,2221,1824,2126,Mark,3,1930,2216,1880,2166,Y
DSC_3614.tif,3,3,2,3,3,Yuxuan,3,2008,2332,2156,2480,Adam,6,1884,2324,2140,2580,Mark,3,1972,2368,2111,2507,Y
DSC_3614.tif,3,3,3,1,4,Yuxuan,4,1198,1492,3476,3770,Adam,6,1170,1504,3470,3804,Mark,3,1206,1584,3404,3782,Y
DSC_3614.tif,3,3,3,1,5,Yuxuan,5,1216,1518,3146,3448,Adam,6,1218,1540,3157,3479,Mark,4,1230,1652,3101,3523,Y
DSC_3614.tif,3,3,3,1,6,Yuxuan,5,1107,1367,2922,3182,Adam,6,1097,1367,2910,3180,Mark,4,1070,1492,2877,3299,Y
DSC_3614.tif,3,3,3,3,1,Yuxuan,4,1854,2150,3005,3301,Adam,6,1818,2160,2959,3301,Mark,3,1804,2132,3021,3349,Y
DSC_3614.tif,3,3,3,3,2,Yuxuan,4,1778,2086,3339,3647,Adam,6,1738,2100,3325,3687,Mark,3,1762,2124,3308,3670,Y
DSC_3614.tif,3,3,3,3,3,Yuxuan,4,1904,2226,3649,3971,Adam,6,1876,2226,3656,4006,Mark,3,1972,2308,3666,4002,Y
DSC_3615.tif,3,3,1,2,4,JoshB,2,1786,2048,1289,1551,JoshW,0,1776,2050,1300,1574,Raf,1,1744,2076,1274,1606,Y
DSC_3615.tif,3,3,1,2,5,JoshB,2,1820,2106,949,1235,JoshW,1,1796,2100,941,1245,Raf,1,1787,2085,940,1238,Y
DSC_3615.tif,3,3,1,2,6,JoshB,2,1728,1914,742,928,JoshW,1,1674,1906,710,942,Raf,1,1660,1958,650,948,Y
DSC_3615.tif,3,3,2,1,1,JoshB,3,579,805,1712,1938,JoshW,2,560,778,1678,1896,Raf,1,546,800,1664,1918,Y
DSC_3615.tif,3,3,2,1,2,JoshB,1,410,688,1914,2192,JoshW,1,380,674,1896,2190,Raf,1,370,642,1914,2186,Y
DSC_3615.tif,3,3,2,1,3,JoshB,[],[],[],[],[],JoshW,0,449,747,2248,2546,Raf,0,439,747,2256,2564,K
DSC_3615.tif,3,3,2,3,4,JoshB,1,2326,2588,2367,2629,JoshW,1,2318,2578,2356,2616,Raf,2,2305,2603,2326,2624,Y
DSC_3615.tif,3,3,2,3,5,JoshB,2,2401,2637,2074,2310,JoshW,1,2390,2638,2052,2300,Raf,2,2406,2652,2041,2287,Y
DSC_3615.tif,3,3,2,3,6,JoshB,2,2267,2503,1804,2040,JoshW,1,2261,2517,1796,2052,Raf,2,2247,2537,1756,2046,Y
DSC_3615.tif,3,3,3,1,4,JoshB,3,1306,1518,3736,3948,JoshW,1,1294,1532,3744,3982,Raf,2,1274,1528,3752,4006,Y
DSC_3615.tif,3,3,3,1,5,JoshB,4,1274,1534,3430,3690,JoshW,2,1270,1550,3439,3719,Raf,2,1274,1536,3442,3704,Y
DSC_3615.tif,3,3,3,1,6,JoshB,2,1164,1434,3109,3379,JoshW,2,1138,1428,3085,3375,Raf,2,1160,1458,3072,3370,Y
DSC_3615.tif,3,3,3,3,1,JoshB,1,1955,2191,3034,3270,JoshW,2,1906,2208,2982,3284,Raf,2,1918,2226,3002,3310,Y
DSC_3615.tif,3,3,3,3,3,JoshB,1,1778,2022,3636,3880,JoshW,0,1754,2010,3621,3877,Raf,2,1782,2080,3603,3901,Y
DSC_3616.tif,3,3,1,2,4,JoshB,4,1993,2297,1230,1534,JoshW,1,2014,2290,1228,1504,Raf,2,1988,2322,1238,1572,Y
DSC_3616.tif,3,3,1,2,5,JoshB,4,1980,2300,902,1222,JoshW,2,1980,2306,906,1232,Raf,2,1976,2318,878,1220,Y
DSC_3616.tif,3,3,1,2,6,JoshB,5,1896,2166,603,873,JoshW,3,1896,2162,595,861,Raf,3,1870,2212,528,870,Y
DSC_3616.tif,3,3,2,1,1,JoshB,5,814,1066,1712,1964,JoshW,1,774,1052,1679,1957,Raf,3,769,1067,1668,1966,Y
DSC_3616.tif,3,3,2,1,2,JoshB,2,561,873,1938,2250,JoshW,1,574,858,1956,2240,Raf,1,562,904,1923,2265,Y
DSC_3616.tif,3,3,2,1,3,JoshB,2,490,852,2335,2697,JoshW,0,495,821,2352,2678,Raf,1,466,826,2326,2686,Y
DSC_3616.tif,3,3,2,3,1,JoshB,5,2082,2350,1872,2140,JoshW,1,2090,2338,1874,2122,Raf,1,2020,2352,1809,2141,Y
DSC_3616.tif,3,3,2,3,2,JoshB,3,1880,2150,2106,2376,JoshW,1,1864,2166,2072,2374,Raf,0,1818,2150,2068,2400,Y
DSC_3616.tif,3,3,2,3,3,JoshB,2,1888,2166,2444,2722,JoshW,0,1916,2176,2458,2718,Raf,0,1852,2204,2409,2761,Y
DSC_3616.tif,3,3,3,1,1,JoshB,3,860,1130,3194,3464,JoshW,0,872,1114,3190,3432,Raf,1,818,1116,3138,3436,Y
DSC_3616.tif,3,3,3,1,2,JoshB,2,575,877,3430,3732,JoshW,0,565,907,3398,3740,Raf,0,553,879,3396,3722,Y
DSC_3616.tif,3,3,3,1,3,JoshB,1,527,805,3808,4086,JoshW,0,503,801,3788,4086,Raf,0,497,831,3774,4108,Y
DSC_3616.tif,3,3,3,3,4,JoshB,3,2503,2731,3834,4062,JoshW,1,2494,2778,3820,4104,Raf,1,2484,2792,3809,4117,Y
DSC_3616.tif,3,3,3,3,5,JoshB,4,2494,2756,3488,3750,JoshW,1,2481,2765,3460,3744,Raf,3,2466,2792,3440,3766,Y
DSC_3616.tif,3,3,3,3,6,JoshB,4,2376,2596,3243,3463,JoshW,2,2366,2636,3195,3465,Raf,4,2357,2639,3168,3450,Y
DSC_3617.tif,3,3,1,2,1,JoshB,4,1484,1778,697,991,JoshW,4,1526,1774,725,973,Raf,4,1492,1774,707,989,Y
DSC_3617.tif,3,3,1,2,2,JoshB,3,1328,1588,928,1188,JoshW,1,1337,1579,930,1172,Raf,2,1308,1598,900,1190,Y
DSC_3617.tif,3,3,1,2,3,JoshB,2,1366,1644,1231,1509,JoshW,1,1363,1619,1232,1488,Raf,1,1378,1642,1243,1507,Y
DSC_3617.tif,3,3,2,1,4,JoshB,4,1125,1555,2124,2554,JoshW,4,1247,1475,2308,2536,Raf,3,1238,1484,2313,2559,Y
DSC_3617.tif,3,3,2,1,5,JoshB,4,1197,1467,2040,2310,JoshW,4,1186,1442,2034,2290,Raf,3,1186,1466,2037,2317,Y
DSC_3617.tif,3,3,2,1,6,JoshB,4,1121,1415,1754,2048,JoshW,4,1142,1366,1789,2013,Raf,4,1132,1378,1751,1997,Y
DSC_3617.tif,3,3,2,3,1,JoshB,4,2136,2382,1828,2074,JoshW,3,2162,2346,1842,2026,Raf,4,2116,2352,1818,2054,Y
DSC_3617.tif,3,3,2,3,2,JoshB,4,2014,2224,2094,2304,JoshW,4,2003,2265,2076,2338,Raf,3,1992,2264,2072,2344,Y
DSC_3617.tif,3,3,2,3,3,JoshB,4,2064,2318,2401,2655,JoshW,3,2066,2328,2387,2649,Raf,3,2064,2318,2410,2664,Y
DSC_3617.tif,3,3,3,1,4,JoshB,3,1378,1648,3656,3926,JoshW,2,1378,1658,3630,3910,Raf,2,1370,1668,3642,3940,Y
DSC_3617.tif,3,3,3,1,5,JoshB,3,1316,1610,3312,3606,JoshW,3,1318,1588,3315,3585,Raf,3,1334,1624,3305,3595,Y
DSC_3617.tif,3,3,3,1,6,JoshB,4,1151,1429,3050,3328,JoshW,4,1183,1411,3090,3318,Raf,4,1173,1453,3046,3326,Y
DSC_3617.tif,3,3,3,3,4,JoshB,3,2554,2840,3674,3960,JoshW,2,2553,2827,3674,3948,Raf,3,2493,2861,3652,4020,Y
DSC_3617.tif,3,3,3,3,5,JoshB,3,2583,2877,3362,3656,JoshW,3,2614,2856,3384,3626,Raf,3,2604,2884,3362,3642,Y
DSC_3617.tif,3,3,3,3,6,JoshB,3,2504,2730,3102,3328,JoshW,4,2508,2726,3100,3318,Raf,3,2475,2765,3090,3380,Y
DSC_3618.tif,3,3,1,2,1,Caroline,2,1328,1588,724,984,JoshB,3,1358,1576,768,986,JoshW,4,1342,1588,736,982,Y
DSC_3618.tif,3,3,1,2,2,Caroline,2,1220,1472,942,1194,JoshB,3,1240,1476,953,1189,JoshW,4,1228,1464,940,1176,Y
DSC_3618.tif,3,3,1,2,3,Caroline,3,1142,1500,1188,1546,JoshB,4,1206,1508,1181,1483,JoshW,4,1191,1469,1210,1488,Y
DSC_3618.tif,3,3,2,1,1,Caroline,2,872,1090,1664,1882,JoshB,3,874,1126,1678,1930,JoshW,3,880,1098,1668,1886,Y
DSC_3618.tif,3,3,2,1,2,Caroline,1,643,951,1834,2142,JoshB,3,700,952,1855,2107,JoshW,2,692,964,1848,2120,Y
DSC_3618.tif,3,3,2,1,3,Caroline,1,632,928,2102,2398,JoshB,2,679,941,2132,2394,JoshW,2,672,960,2134,2422,Y
DSC_3618.tif,3,3,2,3,1,Caroline,4,1994,2282,1651,1939,JoshB,4,2035,2271,1694,1930,JoshW,4,2020,2266,1660,1906,Y
DSC_3618.tif,3,3,2,3,2,Caroline,4,1784,2142,1882,2240,JoshB,3,1858,2136,1922,2200,JoshW,4,1862,2140,1916,2194,Y
DSC_3618.tif,3,3,2,3,3,Caroline,3,1854,2170,2220,2536,JoshB,3,1862,2192,2241,2571,JoshW,2,1886,2162,2261,2537,Y
DSC_3618.tif,3,3,3,1,2,Caroline,3,738,1054,3191,3507,JoshB,3,760,1028,3249,3517,JoshW,2,739,1011,3208,3480,Y
DSC_3618.tif,3,3,3,1,3,Caroline,3,791,1071,3526,3806,JoshB,3,834,1080,3572,3818,JoshW,2,831,1087,3546,3802,Y
DSC_3618.tif,3,3,3,3,4,Caroline,2,2553,2869,3504,3820,JoshB,3,2519,2789,3218,3488,JoshW,1,2578,2858,3526,3806,Y
DSC_3618.tif,3,3,3,3,5,Caroline,2,2494,2830,3171,3507,JoshB,3,2503,2797,3194,3488,JoshW,1,2515,2799,3214,3498,Y
DSC_3618.tif,3,3,3,3,6,Caroline,2,2296,2592,2907,3203,JoshB,4,2342,2578,2945,3181,JoshW,2,2346,2598,2943,3195,Y
DSC_9231.TIF,3,3,1,1,1,JoshB,6,540,764,259,483,JoshW,6,516,774,249,507,Raf,5,492,754,241,503,Y
DSC_9231.TIF,3,3,1,1,2,JoshB,5,453,727,506,780,JoshW,6,469,721,522,774,Raf,5,450,760,500,810,Y
DSC_9231.TIF,3,3,1,1,3,JoshB,5,478,758,783,1063,JoshW,6,500,764,786,1050,Raf,5,462,812,752,1102,Y
DSC_9231.TIF,3,3,1,1,5,JoshB,3,1092,1310,394,612,JoshW,4,1081,1311,404,634,Raf,4,1070,1332,384,646,Y
DSC_9231.TIF,3,3,1,3,1,JoshB,3,3914,4110,268,464,JoshW,1,3852,4114,212,474,Raf,2,3826,4136,193,503,Y
DSC_9231.TIF,3,3,1,3,4,JoshB,4,4190,4420,980,1210,JoshW,4,4154,4432,934,1212,Raf,4,4130,4452,930,1252,Y
DSC_9231.TIF,3,3,1,3,5,JoshB,4,4231,4501,606,876,JoshW,4,4204,4492,590,878,Raf,4,4203,4483,586,866,Y
DSC_9231.TIF,3,3,1,3,6,JoshB,4,4172,4402,326,556,JoshW,4,4158,4398,306,546,Raf,4,4163,4425,276,538,Y
DSC_9231.TIF,3,3,2,2,1,JoshB,5,2244,2468,954,1178,JoshW,6,2243,2491,948,1196,Raf,5,2214,2494,904,1184,Y
DSC_9231.TIF,3,3,2,2,2,JoshB,6,2135,2369,1252,1486,JoshW,6,2133,2401,1240,1508,Raf,6,2147,2405,1256,1514,Y
DSC_9231.TIF,3,3,2,2,3,JoshB,4,2198,2428,1543,1773,JoshW,3,2192,2442,1523,1773,Raf,4,2174,2424,1520,1770,Y
DSC_9231.TIF,3,3,2,2,5,JoshB,5,2772,2942,1200,1370,JoshW,5,2746,2972,1162,1388,Raf,5,2752,2956,1172,1376,Y
DSC_9231.TIF,3,3,3,1,1,JoshB,4,590,814,1742,1966,JoshW,5,572,830,1725,1983,Raf,5,544,818,1713,1987,Y
DSC_9231.TIF,3,3,3,1,2,JoshB,3,506,714,2086,2294,JoshW,4,467,727,2050,2310,Raf,4,480,754,2051,2325,Y
DSC_9231.TIF,3,3,3,1,3,JoshB,2,596,830,2379,2613,JoshW,3,562,818,2357,2613,Raf,3,550,830,2340,2620,Y
DSC_9231.TIF,3,3,3,1,6,JoshB,3,836,1044,1624,1832,JoshW,3,792,1066,1589,1863,Raf,3,807,1069,1584,1846,Y
DSC_9231.TIF,3,3,3,3,2,JoshB,3,3463,3705,1896,2138,JoshW,2,3423,3719,1862,2158,Raf,2,3430,3740,1852,2162,Y
DSC_9231.TIF,3,3,3,3,4,JoshB,5,4077,4329,2322,2574,JoshW,6,4035,4335,2294,2594,Raf,6,4025,4363,2268,2606,Y
DSC_9231.TIF,3,3,3,3,5,JoshB,4,4116,4346,1991,2221,JoshW,6,4108,4360,1967,2219,Raf,5,4101,4381,1946,2226,Y
DSC_9231.TIF,3,3,3,3,6,JoshB,4,4022,4290,1720,1988,JoshW,5,4022,4258,1730,1966,Raf,5,4019,4289,1700,1970,Y
DSC_9232.TIF,3,3,1,1,2,Raf,3,498,714,352,568,Yuxuan,3,504,744,332,572,Adam,6,510,736,343,569,Y
DSC_9232.TIF,3,3,1,1,4,Raf,6,1012,1286,643,917,Yuxuan,5,1046,1242,678,874,Adam,6,1034,1276,668,910,Y
DSC_9232.TIF,3,3,1,1,5,Raf,6,1046,1310,438,702,Yuxuan,6,1066,1300,456,690,Adam,6,1066,1302,452,688,Y
DSC_9232.TIF,3,3,1,1,6,Raf,5,970,1234,176,440,Yuxuan,4,956,1236,170,450,Adam,6,964,1214,211,461,Y
DSC_9232.TIF,3,3,1,3,1,Raf,4,3634,3938,103,407,Yuxuan,4,3681,3923,128,370,Adam,6,3676,3922,136,382,Y
DSC_9232.TIF,3,3,1,3,2,Raf,5,3522,3780,365,623,Yuxuan,5,3509,3763,374,628,Adam,6,3514,3790,376,652,Y
DSC_9232.TIF,3,3,1,3,3,Raf,5,3508,3794,638,924,Yuxuan,6,3520,3804,649,933,Adam,6,3500,3808,639,947,Y
DSC_9232.TIF,3,3,1,3,4,Raf,3,4054,4328,705,979,Yuxuan,3,4096,4376,688,968,Adam,3,4062,4360,708,1006,Y
DSC_9232.TIF,3,3,2,2,1,Raf,5,2098,2408,812,1122,Yuxuan,5,2094,2416,814,1136,Adam,6,2068,2388,824,1144,Y
DSC_9232.TIF,3,3,2,2,2,Raf,5,1946,2284,1187,1525,Yuxuan,4,1950,2282,1188,1520,Adam,6,1952,2264,1214,1526,Y
DSC_9232.TIF,3,3,2,2,3,Raf,4,1897,2177,1554,1834,Yuxuan,4,1898,2192,1567,1861,Adam,6,1880,2192,1564,1876,Y
DSC_9232.TIF,3,3,2,2,6,Raf,3,2375,2691,772,1088,Yuxuan,2,2412,2674,823,1085,Adam,3,2380,2686,794,1100,Y
DSC_9232.TIF,3,3,3,1,1,Raf,4,638,906,1628,1896,Yuxuan,4,636,908,1622,1894,Adam,6,632,916,1622,1906,Y
DSC_9232.TIF,3,3,3,1,2,Raf,4,512,810,1864,2162,Yuxuan,5,487,777,1846,2136,Adam,6,489,805,1862,2178,Y
DSC_9232.TIF,3,3,3,1,3,Raf,4,489,757,2192,2460,Yuxuan,5,501,749,2202,2450,Adam,6,461,759,2186,2484,Y
DSC_9232.TIF,3,3,3,1,5,Raf,2,1088,1386,1926,2224,Yuxuan,2,1104,1370,1922,2188,Adam,3,1062,1390,1894,2222,Y
DSC_9232.TIF,3,3,3,3,1,Raf,5,3458,3728,1644,1914,Yuxuan,5,3468,3710,1682,1924,Adam,6,3452,3716,1658,1922,Y
DSC_9232.TIF,3,3,3,3,4,Raf,6,3900,4162,2314,2576,Yuxuan,5,3896,4158,2300,2562,Adam,6,3904,4158,2322,2576,Y
DSC_9232.TIF,3,3,3,3,5,Raf,6,3908,4200,1900,2192,Yuxuan,6,3925,4169,1958,2202,Adam,6,3941,4209,1946,2214,Y
DSC_9232.TIF,3,3,3,3,6,Raf,5,3803,4037,1666,1900,Yuxuan,6,3794,4080,1620,1906,Adam,6,3785,4045,1656,1916,Y
DSC_9233.TIF,3,3,1,1,1,Yuxuan,0,440,772,190,522,Adam,0,452,746,213,507,Mark,0,456,702,256,502,Y
DSC_9233.TIF,3,3,1,1,6,Yuxuan,4,780,1040,198,458,Adam,6,786,1048,216,478,Mark,4,786,1038,208,460,Y
DSC_9233.TIF,3,3,1,3,1,Yuxuan,0,3584,3902,183,501,Adam,0,3628,3934,177,483,Mark,0,3472,3870,136,534,Y
DSC_9233.TIF,3,3,1,3,6,Yuxuan,2,4000,4308,167,475,Adam,6,4021,4289,172,440,Mark,2,3960,4330,130,500,Y
DSC_9233.TIF,3,3,2,2,2,Yuxuan,2,1837,2155,1122,1440,Adam,3,1845,2117,1166,1438,Mark,2,1778,2188,1080,1490,Y
DSC_9233.TIF,3,3,2,2,5,Yuxuan,0,2500,2832,1099,1431,Adam,0,2520,2866,1115,1461,Mark,0,2428,2804,1103,1479,Y
DSC_9233.TIF,3,3,3,1,2,Yuxuan,0,582,906,1888,2212,Adam,1,552,868,1877,2193,Mark,0,527,875,1868,2216,Y
DSC_9233.TIF,3,3,3,1,5,Yuxuan,0,1290,1608,1844,2162,Adam,0,1302,1640,1847,2185,Mark,0,1302,1632,1815,2145,Y
DSC_9233.TIF,3,3,3,3,1,Yuxuan,0,3174,3500,1656,1982,Adam,0,3186,3522,1640,1976,Mark,0,3158,3432,1644,1918,Y
DSC_9233.TIF,3,3,3,3,6,Yuxuan,1,3533,3851,1524,1842,Adam,4,3517,3863,1500,1846,Mark,2,3510,3880,1515,1885,Y
DSC_9234.TIF,3,3,1,1,2,Yuxuan,0,482,838,402,758,Adam,0,510,786,470,746,Mark,0,458,828,444,814,Y
DSC_9234.TIF,3,3,1,1,5,Yuxuan,3,1142,1410,528,796,Adam,4,1158,1420,530,792,Mark,3,1128,1426,472,770,Y
DSC_9234.TIF,3,3,1,3,2,Yuxuan,3,3328,3632,477,781,Adam,4,3330,3624,498,792,Mark,3,3280,3634,480,834,Y
DSC_9234.TIF,3,3,1,3,5,Yuxuan,0,3926,4234,498,806,Adam,1,3934,4268,497,831,Mark,0,3876,4212,484,820,Y
DSC_9234.TIF,3,3,2,2,2,Yuxuan,3,1884,2168,1139,1423,Adam,4,1880,2178,1171,1469,Mark,3,1807,2249,1078,1520,Y
DSC_9234.TIF,3,3,2,2,5,Yuxuan,0,2580,2892,1128,1440,Adam,0,2542,2884,1074,1416,Mark,0,2648,2850,1158,1360,Y
DSC_9234.TIF,3,3,3,1,2,Yuxuan,0,818,1156,1855,2193,Adam,0,776,1126,1870,2220,Mark,0,672,1192,1768,2288,Y
DSC_9234.TIF,3,3,3,1,5,Yuxuan,3,1398,1726,1897,2225,Adam,4,1434,1710,1935,2211,Mark,3,1342,1716,1892,2266,Y
DSC_9234.TIF,3,3,3,3,2,Yuxuan,0,3182,3570,1945,2333,Adam,0,3212,3570,1938,2296,Mark,0,3136,3646,1893,2403,Y
DSC_9234.TIF,3,3,3,3,5,Yuxuan,4,3822,4084,1951,2213,Adam,6,3826,4106,1959,2239,Mark,4,3791,4105,1936,2250,Y
DSC_9235.TIF,3,3,1,1,1,Yuxuan,3,580,810,328,558,Adam,4,548,812,301,565,Mark,2,578,820,312,554,Y
DSC_9235.TIF,3,3,1,1,5,Yuxuan,3,852,1094,532,774,Adam,5,876,1138,514,776,Mark,2,892,1106,508,722,Y
DSC_9235.TIF,3,3,1,1,6,Yuxuan,3,838,1038,326,526,Adam,4,834,1062,312,540,Mark,3,856,1018,366,528,Y
DSC_9235.TIF,3,3,1,3,1,Yuxuan,2,3500,3780,192,472,Adam,4,3482,3792,164,474,Mark,2,3516,3786,214,484,Y
DSC_9235.TIF,3,3,2,2,3,Yuxuan,2,1716,2042,1654,1980,Adam,3,1762,2078,1654,1970,Mark,2,1740,2082,1684,2026,Y
DSC_9235.TIF,3,3,2,2,4,Yuxuan,2,2318,2650,1704,2036,Adam,3,2296,2678,1718,2100,Mark,2,2356,2630,1709,1983,Y
DSC_9235.TIF,3,3,3,1,2,Yuxuan,2,664,964,1886,2186,Adam,2,662,968,1894,2200,Mark,1,612,954,1876,2218,Y
DSC_9235.TIF,3,3,3,1,5,Yuxuan,4,1251,1545,1926,2220,Adam,6,1276,1596,1947,2267,Mark,4,1290,1582,1940,2232,Y
DSC_9235.TIF,3,3,3,3,2,Yuxuan,3,3056,3328,2003,2275,Adam,3,3040,3388,1969,2317,Mark,2,3054,3356,1992,2294,Y
DSC_9235.TIF,3,3,3,3,5,Yuxuan,3,3640,3908,1975,2243,Adam,4,3608,3914,1968,2274,Mark,3,3603,3963,1946,2306,Y
DSC_9236.TIF,3,3,1,1,2,Yuxuan,3,439,697,514,772,Adam,4,430,728,492,790,Mark,2,405,769,444,808,Y
DSC_9236.TIF,3,3,1,1,5,Yuxuan,4,1179,1413,520,754,Adam,5,1162,1424,530,792,Mark,4,1145,1453,478,786,Y
DSC_9236.TIF,3,3,1,3,2,Yuxuan,2,3561,3883,384,706,Adam,3,3558,3860,407,709,Mark,2,3447,3879,320,752,Y
DSC_9236.TIF,3,3,1,3,5,Yuxuan,3,4154,4450,514,810,Adam,4,4172,4452,531,811,Mark,3,4198,4478,528,808,Y
DSC_9236.TIF,3,3,2,2,2,Yuxuan,3,1924,2190,1080,1346,Adam,3,1940,2220,1074,1354,Mark,2,1835,2227,988,1380,Y
DSC_9236.TIF,3,3,2,2,5,Yuxuan,3,2565,2807,1104,1346,Adam,4,2564,2840,1096,1372,Mark,3,2568,2844,1060,1336,Y
DSC_9236.TIF,3,3,3,1,1,Yuxuan,3,882,1172,1548,1838,Adam,4,914,1172,1552,1810,Mark,3,864,1190,1492,1818,Y
DSC_9236.TIF,3,3,3,1,6,Yuxuan,3,1164,1492,1566,1894,Adam,3,1184,1476,1592,1884,Mark,2,1196,1510,1596,1910,Y
DSC_9236.TIF,3,3,3,3,2,Yuxuan,3,3178,3444,1786,2052,Adam,3,3170,3460,1796,2086,Mark,3,3197,3517,1772,2092,Y
DSC_9236.TIF,3,3,3,3,5,Yuxuan,5,3856,4102,1796,2042,Adam,6,3885,4121,1806,2042,Mark,5,3884,4186,1790,2092,Y
DSC_9237.TIF,3,3,1,1,1,Mark,6,556,882,169,495,Emma,5,593,879,208,494,Caroline,4,583,891,170,478,Y
DSC_9237.TIF,3,3,1,1,6,Mark,6,848,1228,119,499,Emma,6,920,1206,200,486,Caroline,5,924,1176,206,458,Y
DSC_9237.TIF,3,3,1,3,2,Mark,4,3598,3906,428,736,Emma,3,3624,3908,428,712,Caroline,3,3637,3903,440,706,Y
DSC_9237.TIF,3,3,1,3,5,Mark,4,4139,4481,382,724,Emma,4,4156,4464,453,761,Caroline,3,4171,4437,454,720,Y
DSC_9237.TIF,3,3,2,2,1,Mark,3,2124,2414,826,1116,Emma,2,2092,2418,822,1148,Caroline,2,2112,2402,821,1111,Y
DSC_9237.TIF,3,3,2,2,6,Mark,3,2428,2714,802,1088,Emma,3,2428,2714,814,1100,Caroline,1,2430,2678,841,1089,Y
DSC_9237.TIF,3,3,3,1,1,Mark,4,763,1039,1604,1880,Emma,4,766,1064,1570,1868,Caroline,3,772,1038,1596,1862,Y
DSC_9237.TIF,3,3,3,1,6,Mark,6,1084,1426,1545,1887,Emma,5,1069,1389,1542,1862,Caroline,4,1070,1332,1571,1833,Y
DSC_9237.TIF,3,3,3,3,2,Mark,2,3455,3779,1902,2226,Emma,3,3494,3824,1925,2255,Caroline,2,3514,3800,1949,2235,Y
DSC_9237.TIF,3,3,3,3,5,Mark,4,4103,4371,2026,2294,Emma,3,4107,4377,2036,2306,Caroline,3,4112,4360,2024,2272,Y
DSC_9238.TIF,3,3,1,1,1,Raf,4,550,812,281,543,Yuxuan,4,542,832,253,543,Adam,6,566,846,242,522,Y
DSC_9238.TIF,3,3,1,1,6,Raf,4,897,1161,234,498,Yuxuan,4,888,1146,236,494,Adam,6,890,1166,231,507,Y
DSC_9238.TIF,3,3,1,3,1,Raf,1,3634,3908,279,553,Yuxuan,3,3618,3894,296,572,Adam,4,3592,3886,261,555,Y
DSC_9238.TIF,3,3,1,3,6,Raf,2,3941,4203,270,532,Yuxuan,3,3895,4227,220,552,Adam,4,3918,4202,242,526,Y
DSC_9238.TIF,3,3,3,1,2,Raf,1,602,872,1957,2227,Yuxuan,2,606,854,1978,2226,Adam,3,596,850,1985,2239,Y
DSC_9238.TIF,3,3,3,1,5,Raf,1,1192,1450,1954,2212,Yuxuan,3,1212,1458,1971,2217,Adam,4,1202,1460,1977,2235,Y
DSC_9238.TIF,3,3,3,3,3,Raf,2,3062,3342,2297,2577,Yuxuan,3,3016,3386,2182,2552,Adam,3,3080,3418,2280,2618,Y
DSC_9238.TIF,3,3,3,3,4,Raf,4,3692,3984,2320,2612,Yuxuan,4,3702,3992,2347,2637,Adam,5,3670,4046,2358,2734,Y
DSC_9239.TIF,3,3,1,1,1,JoshB,4,590,882,267,559,JoshW,2,600,874,281,555,Raf,2,602,872,287,557,Y
DSC_9239.TIF,3,3,1,1,2,JoshB,4,404,714,535,845,JoshW,2,427,685,550,808,Raf,2,407,711,520,824,Y
DSC_9239.TIF,3,3,1,1,3,JoshB,3,374,766,836,1228,JoshW,1,425,707,912,1194,Raf,1,392,736,845,1189,Y
DSC_9239.TIF,3,3,1,1,5,JoshB,4,1101,1369,596,864,JoshW,1,1098,1350,594,846,Raf,1,1085,1359,574,848,Y
DSC_9239.TIF,3,3,1,3,1,JoshB,5,3522,3876,127,481,JoshW,3,3573,3863,162,452,Raf,4,3570,3880,144,454,Y
DSC_9239.TIF,3,3,1,3,2,JoshB,2,3425,3727,472,774,JoshW,0,3438,3678,496,736,Raf,1,3424,3750,448,774,Y
DSC_9239.TIF,3,3,1,3,3,JoshB,1,3404,3686,830,1112,JoshW,0,3418,3668,824,1074,Raf,0,3424,3680,819,1075,Y
DSC_9239.TIF,3,3,1,3,6,JoshB,5,3870,4150,127,407,JoshW,2,3896,4146,144,394,Raf,3,3926,4154,152,380,Y
DSC_9239.TIF,3,3,2,2,3,JoshB,3,1898,2230,1408,1740,JoshW,1,1950,2190,1478,1718,Raf,2,1910,2208,1449,1747,Y
DSC_9239.TIF,3,3,2,2,4,JoshB,3,2574,2810,1506,1742,JoshW,1,2578,2824,1476,1722,Raf,1,2564,2828,1490,1754,Y
DSC_9239.TIF,3,3,2,2,5,JoshB,3,2541,2861,1078,1398,JoshW,2,2544,2828,1124,1408,Raf,3,2559,2851,1104,1396,Y
DSC_9239.TIF,3,3,2,2,6,JoshB,4,2474,2798,736,1060,JoshW,4,2475,2775,732,1032,Raf,4,2457,2795,702,1040,Y
DSC_9239.TIF,3,3,3,1,1,JoshB,4,988,1256,1605,1873,JoshW,2,970,1218,1596,1844,Raf,3,964,1246,1586,1868,Y
DSC_9239.TIF,3,3,3,1,4,JoshB,2,1492,1734,2249,2491,JoshW,1,1480,1736,2227,2483,Raf,1,1473,1741,2226,2494,Y
DSC_9239.TIF,3,3,3,1,5,JoshB,3,1453,1733,1924,2204,JoshW,3,1448,1720,1925,2197,Raf,3,1458,1710,1916,2168,Y
DSC_9239.TIF,3,3,3,1,6,JoshB,4,1262,1514,1557,1809,JoshW,3,1260,1496,1551,1787,Raf,2,1250,1508,1537,1795,Y
DSC_9239.TIF,3,3,3,3,1,JoshB,2,3085,3405,1570,1890,JoshW,1,3097,3393,1578,1874,Raf,1,3065,3421,1548,1904,Y
DSC_9239.TIF,3,3,3,3,2,JoshB,3,2907,3261,1896,2250,JoshW,1,2909,3233,1916,2240,Raf,2,2912,3228,1904,2220,Y
DSC_9239.TIF,3,3,3,3,3,JoshB,2,2934,3230,2311,2607,JoshW,1,2960,3230,2320,2590,Raf,1,2919,3251,2262,2594,Y
DSC_9239.TIF,3,3,3,3,5,JoshB,4,3594,3926,1960,2292,JoshW,2,3602,3912,1964,2274,Raf,3,3588,3926,1961,2299,Y
DSC_9240.TIF,3,3,1,1,3,Adam,6,460,746,892,1178,Mark,4,444,798,839,1193,Emma,4,442,766,876,1200,Y
DSC_9240.TIF,3,3,1,1,4,Adam,6,986,1294,857,1165,Mark,4,1000,1346,840,1186,Emma,3,1016,1284,851,1119,Y
DSC_9240.TIF,3,3,1,1,5,Adam,5,1008,1328,531,851,Mark,4,1028,1336,515,823,Emma,4,1010,1330,537,857,Y
DSC_9240.TIF,3,3,1,1,6,Adam,4,916,1210,178,472,Mark,4,904,1262,142,500,Emma,3,932,1184,198,450,Y
DSC_9240.TIF,3,3,1,3,1,Adam,4,3470,3808,149,487,Mark,4,3500,3848,169,517,Emma,3,3486,3822,152,488,Y
DSC_9240.TIF,3,3,1,3,2,Adam,4,3330,3662,433,765,Mark,3,3354,3668,447,761,Emma,3,3357,3649,466,758,Y
DSC_9240.TIF,3,3,1,3,3,Adam,4,3316,3654,749,1087,Mark,3,3376,3624,783,1031,Emma,2,3340,3632,764,1056,Y
DSC_9240.TIF,3,3,1,3,6,Adam,4,3900,4198,152,450,Mark,3,3880,4218,149,487,Emma,2,3883,4197,142,456,Y
DSC_9240.TIF,3,3,2,2,1,Adam,1,2108,2446,875,1213,Mark,1,2138,2496,834,1192,Emma,1,2132,2456,879,1203,Y
DSC_9240.TIF,3,3,2,2,3,Adam,3,2069,2315,1582,1828,Mark,3,2070,2372,1568,1870,Emma,3,2048,2322,1552,1826,Y
DSC_9240.TIF,3,3,2,2,4,Adam,3,2700,2984,1535,1819,Mark,2,2698,2984,1518,1804,Emma,3,2717,2981,1514,1778,Y
DSC_9240.TIF,3,3,3,1,2,Adam,3,728,1082,1839,2193,Mark,1,690,1088,1796,2194,Emma,2,724,1066,1851,2193,Y
DSC_9240.TIF,3,3,3,1,4,Adam,1,1394,1726,2135,2467,Mark,1,1414,1846,2084,2516,Emma,1,1402,1716,2120,2434,Y
DSC_9240.TIF,3,3,3,1,5,Adam,3,1446,1788,1792,2134,Mark,2,1481,1779,1834,2132,Emma,3,1442,1796,1806,2160,Y
DSC_9240.TIF,3,3,3,1,6,Adam,2,1342,1662,1523,1843,Mark,1,1312,1762,1463,1913,Emma,1,1324,1660,1518,1854,Y
DSC_9240.TIF,3,3,3,3,1,Adam,2,3179,3525,1586,1932,Mark,1,3230,3494,1669,1933,Emma,0,3177,3519,1576,1918,Y
DSC_9240.TIF,3,3,3,3,2,Adam,3,3050,3400,2038,2388,Mark,1,3090,3416,2036,2362,Emma,2,3057,3421,2014,2378,Y
DSC_9240.TIF,3,3,3,3,3,Adam,4,3027,3351,2370,2694,Mark,3,3034,3342,2331,2639,Emma,4,3056,3360,2369,2673,Y
DSC_9240.TIF,3,3,3,3,4,Adam,3,3735,4029,2414,2708,Mark,2,3757,4077,2378,2698,Emma,3,3750,4068,2396,2714,Y
DSC_9241.TIF,3,3,1,1,2,Adam,4,408,724,456,772,Mark,3,410,758,430,778,Emma,3,396,750,438,792,Y
DSC_9241.TIF,3,3,1,1,4,Adam,3,1004,1372,761,1129,Mark,3,1234,1398,892,1056,Emma,4,1010,1342,741,1073,Y
DSC_9241.TIF,3,3,1,1,5,Adam,4,1056,1376,417,737,Mark,3,1072,1402,428,758,Emma,3,1038,1370,418,750,Y
DSC_9241.TIF,3,3,1,1,6,Adam,4,916,1224,158,466,Mark,3,926,1228,144,446,Emma,3,918,1226,158,466,Y
DSC_9241.TIF,3,3,1,3,2,Adam,2,3468,3814,558,904,Mark,1,3432,3796,556,920,Emma,1,3463,3833,544,914,Y
DSC_9241.TIF,3,3,1,3,5,Adam,3,4100,4430,552,882,Mark,[],[],[],[],[],Emma,3,4105,4431,550,876,K
DSC_9241.TIF,3,3,2,2,3,Adam,3,1792,2156,1374,1738,Mark,2,1800,2142,1375,1717,Emma,2,1806,2160,1363,1717,Y
DSC_9241.TIF,3,3,2,2,5,Adam,4,2397,2699,996,1298,Mark,3,2395,2743,994,1342,Emma,4,2396,2670,1016,1290,Y
DSC_9241.TIF,3,3,2,2,6,Adam,5,2270,2582,642,954,Mark,3,2292,2576,686,970,Emma,4,2277,2569,656,948,Y
DSC_9241.TIF,3,3,3,1,1,Adam,4,1077,1387,1570,1880,Mark,4,1083,1391,1582,1890,Emma,4,1078,1392,1582,1896,Y
DSC_9241.TIF,3,3,3,1,2,Adam,3,837,1109,1766,2038,Mark,3,836,1144,1768,2076,Emma,3,875,1139,1762,2026,Y
DSC_9241.TIF,3,3,3,1,3,Adam,4,796,1138,2064,2406,Mark,3,792,1084,2123,2415,Emma,3,802,1122,2064,2384,Y
DSC_9241.TIF,3,3,3,3,1,Adam,4,3054,3356,1668,1970,Mark,3,3068,3416,1610,1958,Emma,4,3071,3357,1672,1958,Y
DSC_9241.TIF,3,3,3,3,2,Adam,4,2900,3256,1978,2334,Mark,3,2858,3228,1980,2350,Emma,3,2900,3236,1992,2328,Y
DSC_9241.TIF,3,3,3,3,3,Adam,4,3006,3308,2283,2585,Mark,2,2934,3304,2258,2628,Emma,1,2992,3324,2282,2614,Y
DSC_9241.TIF,3,3,3,3,4,Adam,5,3567,3855,2332,2620,Mark,4,3581,3879,2266,2564,Emma,4,3562,3870,2311,2619,Y
DSC_9242.TIF,3,3,1,1,2,JoshW,2,528,856,526,854,Raf,2,526,854,520,848,Yuxuan,3,522,816,538,832,Y
DSC_9242.TIF,3,3,1,1,4,JoshW,3,1044,1316,878,1150,Raf,2,1024,1320,881,1177,Yuxuan,4,1017,1321,838,1142,Y
DSC_9242.TIF,3,3,1,1,5,JoshW,2,1030,1342,468,780,Raf,1,1008,1358,456,806,Yuxuan,3,1036,1354,472,790,Y
DSC_9242.TIF,3,3,1,1,6,JoshW,2,925,1187,174,436,Raf,2,924,1222,149,447,Yuxuan,3,912,1206,171,465,Y
DSC_9242.TIF,3,3,1,3,1,JoshW,1,3338,3616,253,531,Raf,0,3318,3622,240,544,Yuxuan,0,3302,3606,258,562,Y
DSC_9242.TIF,3,3,1,3,2,JoshW,2,3278,3542,621,885,Raf,1,3260,3552,608,900,Yuxuan,1,3275,3577,600,902,Y
DSC_9242.TIF,3,3,1,3,3,JoshW,1,3278,3556,885,1163,Raf,1,3272,3570,854,1152,Yuxuan,1,3272,3598,843,1169,Y
DSC_9242.TIF,3,3,1,3,6,JoshW,1,3659,3953,158,452,Raf,1,3649,3975,118,444,Yuxuan,1,3619,3951,146,478,Y
DSC_9242.TIF,3,3,2,2,1,JoshW,4,2032,2306,795,1069,Raf,4,2028,2320,784,1076,Yuxuan,3,1983,2333,758,1108,Y
DSC_9242.TIF,3,3,2,2,4,JoshW,3,2478,2748,1476,1746,Raf,4,2449,2769,1450,1770,Yuxuan,3,2460,2736,1468,1744,Y
DSC_9242.TIF,3,3,2,2,5,JoshW,4,2469,2739,1140,1410,Raf,5,2460,2740,1134,1414,Yuxuan,4,2419,2751,1118,1450,Y
DSC_9242.TIF,3,3,2,2,6,JoshW,0,2326,2600,844,1118,Raf,0,2337,2635,812,1110,Yuxuan,0,2332,2660,818,1146,Y
DSC_9242.TIF,3,3,3,1,3,JoshW,5,486,776,2352,2642,Raf,5,450,760,2334,2644,Yuxuan,5,472,796,2339,2663,Y
DSC_9242.TIF,3,3,3,1,4,JoshW,4,1206,1452,2307,2553,Raf,5,1202,1464,2302,2564,Yuxuan,4,1170,1468,2291,2589,Y
DSC_9242.TIF,3,3,3,1,5,JoshW,6,1169,1429,2022,2282,Raf,6,1164,1450,2004,2290,Yuxuan,6,1118,1468,1980,2330,Y
DSC_9242.TIF,3,3,3,1,6,JoshW,6,1040,1308,1710,1978,Raf,6,1046,1310,1717,1981,Yuxuan,5,982,1304,1656,1978,Y
DSC_9242.TIF,3,3,3,3,1,JoshW,1,2934,3228,1682,1976,Raf,1,2922,3224,1664,1966,Yuxuan,0,2923,3241,1664,1982,Y
DSC_9242.TIF,3,3,3,3,2,JoshW,0,2836,3170,1977,2311,Raf,1,2840,3172,1964,2296,Yuxuan,0,2800,3140,1973,2313,Y
DSC_9242.TIF,3,3,3,3,3,JoshW,0,2880,3186,2311,2617,Raf,1,2868,3190,2311,2633,Yuxuan,0,2855,3197,2304,2646,Y
DSC_9242.TIF,3,3,3,3,6,JoshW,1,3272,3518,1612,1858,Raf,1,3242,3540,1566,1864,Yuxuan,1,3242,3592,1562,1912,Y
_DSC0023.tif,2,4,1,1,1,Caroline,3,456,688,948,1180,JoshB,2,490,680,991,1181,JoshW,3,464,686,968,1190,Y
_DSC0023.tif,2,4,1,1,2,Caroline,0,312,582,1143,1413,JoshB,0,376,592,1187,1403,JoshW,0,336,562,1164,1390,Y
_DSC0023.tif,2,4,1,1,3,Caroline,2,286,540,1378,1632,JoshB,2,306,508,1417,1619,JoshW,1,277,491,1408,1622,Y
_DSC0023.tif,2,4,1,1,4,Caroline,0,402,636,1616,1850,JoshB,0,388,636,1596,1844,JoshW,0,398,608,1632,1842,Y
_DSC0023.tif,2,4,1,1,5,Caroline,0,742,1000,1575,1833,JoshB,0,782,978,1597,1793,JoshW,0,776,990,1595,1809,Y
_DSC0023.tif,2,4,1,1,6,Caroline,1,868,1128,1351,1611,JoshB,0,890,1112,1362,1584,JoshW,0,901,1111,1354,1564,Y
_DSC0023.tif,2,4,1,1,7,Caroline,0,895,1105,1144,1354,JoshB,0,882,1086,1152,1356,JoshW,0,864,1086,1150,1372,Y
_DSC0023.tif,2,4,1,1,8,Caroline,1,726,948,942,1164,JoshB,0,738,946,960,1168,JoshW,0,722,932,954,1164,Y
_DSC0023.tif,2,4,1,2,1,Caroline,3,1706,1960,926,1180,JoshB,3,1726,1942,944,1160,JoshW,3,1714,1932,944,1162,Y
_DSC0023.tif,2,4,1,2,2,Caroline,0,1492,1778,1085,1371,JoshB,0,1524,1752,1131,1359,JoshW,0,1517,1741,1122,1346,Y
_DSC0023.tif,2,4,1,2,3,Caroline,0,1412,1736,1348,1672,JoshB,0,1454,1670,1403,1619,JoshW,0,1425,1685,1372,1632,Y
_DSC0023.tif,2,4,1,2,4,Caroline,0,1609,1831,1560,1782,JoshB,0,1631,1797,1612,1778,JoshW,0,1634,1816,1590,1772,Y
_DSC0023.tif,2,4,1,2,5,Caroline,0,2000,2286,1634,1920,JoshB,0,1988,2228,1645,1885,JoshW,0,1986,2268,1671,1953,Y
_DSC0023.tif,2,4,1,2,6,Caroline,0,2169,2413,1450,1694,JoshB,0,2172,2386,1468,1682,JoshW,0,2158,2362,1478,1682,Y
_DSC0023.tif,2,4,1,2,7,Caroline,0,2146,2384,1212,1450,JoshB,0,2110,2346,1206,1442,JoshW,0,2091,2351,1208,1468,Y
_DSC0023.tif,2,4,1,2,8,Caroline,0,1974,2244,936,1206,JoshB,0,1990,2206,978,1194,JoshW,0,1969,2193,962,1186,Y
_DSC0023.tif,2,4,1,3,1,Caroline,0,3248,3448,877,1077,JoshB,0,3221,3443,870,1092,JoshW,0,3235,3413,872,1050,Y
_DSC0023.tif,2,4,1,3,2,Caroline,4,3132,3370,1033,1271,JoshB,4,3160,3332,1089,1261,JoshW,4,3147,3333,1078,1264,Y
_DSC0023.tif,2,4,1,3,3,Caroline,0,3023,3267,1302,1546,JoshB,0,3022,3294,1293,1565,JoshW,0,3032,3274,1304,1546,Y
_DSC0023.tif,2,4,1,3,4,Caroline,0,3105,3401,1550,1846,JoshB,0,3110,3364,1594,1848,JoshW,0,3114,3384,1590,1860,Y
_DSC0023.tif,2,4,1,3,5,Caroline,0,3563,3885,1450,1772,JoshB,0,3615,3773,1518,1676,JoshW,0,3592,3842,1474,1724,Y
_DSC0023.tif,2,4,1,3,6,Caroline,1,3702,3950,1275,1523,JoshB,1,3688,3948,1280,1540,JoshW,1,3719,3933,1308,1522,Y
_DSC0023.tif,2,4,1,3,7,Caroline,1,3599,3843,1090,1334,JoshB,0,3606,3814,1106,1314,JoshW,0,3577,3803,1114,1340,Y
_DSC0023.tif,2,4,1,3,8,Caroline,0,3446,3710,820,1084,JoshB,0,3490,3694,882,1086,JoshW,0,3492,3684,904,1096,Y
_DSC0023.tif,2,4,1,4,1,Caroline,0,4522,4792,800,1070,JoshB,0,4595,4741,870,1016,JoshW,0,4557,4753,832,1028,Y
_DSC0023.tif,2,4,1,4,2,Caroline,2,4426,4692,981,1247,JoshB,1,4424,4640,1041,1257,JoshW,1,4442,4648,1041,1247,Y
_DSC0023.tif,2,4,1,4,3,Caroline,0,4274,4628,1209,1563,JoshB,0,4303,4601,1296,1594,JoshW,0,4294,4562,1248,1516,Y
_DSC0023.tif,2,4,1,4,4,Caroline,1,4336,4622,1550,1836,JoshB,0,4322,4570,1556,1804,JoshW,0,4338,4606,1566,1834,Y
_DSC0023.tif,2,4,1,4,5,Caroline,1,4924,5230,1556,1862,JoshB,0,4956,5198,1590,1832,JoshW,0,4902,5162,1570,1830,Y
_DSC0023.tif,2,4,1,4,6,Caroline,1,4976,5288,1288,1600,JoshB,0,4970,5224,1299,1553,JoshW,0,4976,5226,1300,1550,Y
_DSC0023.tif,2,4,1,4,7,Caroline,1,4892,5146,1058,1312,JoshB,0,4900,5122,1058,1280,JoshW,0,4880,5126,1043,1289,Y
_DSC0023.tif,2,4,1,4,8,Caroline,1,4762,5012,788,1038,JoshB,0,4801,5011,838,1048,JoshW,0,4763,5001,808,1046,Y
_DSC0023.tif,2,4,2,1,1,Caroline,0,392,636,2187,2431,JoshB,0,420,636,2231,2447,JoshW,0,418,644,2217,2443,Y
_DSC0023.tif,2,4,2,1,2,Caroline,1,228,530,2435,2737,JoshB,0,273,477,2482,2686,JoshW,0,248,518,2455,2725,Y
_DSC0023.tif,2,4,2,1,3,Caroline,3,202,440,2756,2994,JoshB,3,185,459,2742,3016,JoshW,3,197,423,2756,2982,Y
_DSC0023.tif,2,4,2,1,4,Caroline,1,324,578,3042,3296,JoshB,0,324,546,3012,3234,JoshW,0,308,540,3009,3241,Y
_DSC0023.tif,2,4,2,1,5,Caroline,1,810,1080,2917,3187,JoshB,0,820,1092,2904,3176,JoshW,0,790,1050,2911,3171,Y
_DSC0023.tif,2,4,2,1,6,Caroline,1,894,1186,2676,2968,JoshB,0,914,1106,2703,2895,JoshW,0,920,1160,2692,2932,Y
_DSC0023.tif,2,4,2,1,7,Caroline,1,844,1104,2428,2688,JoshB,1,816,1032,2462,2678,JoshW,0,825,1053,2442,2670,Y
_DSC0023.tif,2,4,2,1,8,Caroline,0,672,948,2166,2442,JoshB,0,711,895,2222,2406,JoshW,0,658,944,2142,2428,Y
_DSC0023.tif,2,4,2,2,1,Caroline,0,1646,1910,2190,2454,JoshB,0,1696,1860,2251,2415,JoshW,0,1677,1865,2222,2410,Y
_DSC0023.tif,2,4,2,2,2,Caroline,0,1524,1842,2343,2661,JoshB,0,1580,1778,2418,2616,JoshW,0,1532,1746,2398,2612,Y
_DSC0023.tif,2,4,2,2,3,Caroline,3,1456,1756,2598,2898,JoshB,3,1454,1688,2619,2853,JoshW,3,1468,1690,2633,2855,Y
_DSC0023.tif,2,4,2,2,4,Caroline,1,1550,1836,2861,3147,JoshB,0,1588,1784,2908,3104,JoshW,0,1554,1804,2884,3134,Y
_DSC0023.tif,2,4,2,2,5,Caroline,1,1941,2201,2840,3100,JoshB,0,1991,2219,2856,3084,JoshW,0,1946,2160,2860,3074,Y
_DSC0023.tif,2,4,2,2,6,Caroline,0,2122,2348,2635,2861,JoshB,0,2120,2292,2672,2844,JoshW,0,2117,2331,2636,2850,Y
_DSC0023.tif,2,4,2,2,7,Caroline,2,2006,2264,2392,2650,JoshB,1,2012,2234,2415,2637,JoshW,1,2010,2222,2415,2627,Y
_DSC0023.tif,2,4,2,2,8,Caroline,1,1894,2106,2195,2407,JoshB,0,1914,2098,2234,2418,JoshW,0,1900,2092,2198,2390,Y
_DSC0023.tif,2,4,2,3,1,Caroline,1,3152,3390,2229,2467,JoshB,1,3148,3396,2276,2524,JoshW,0,3156,3356,2266,2466,Y
_DSC0023.tif,2,4,2,3,2,Caroline,0,2994,3284,2389,2679,JoshB,0,3022,3282,2425,2685,JoshW,0,3033,3239,2450,2656,Y
_DSC0023.tif,2,4,2,3,3,Caroline,0,2920,3252,2604,2936,JoshB,0,2964,3230,2634,2900,JoshW,0,2980,3214,2650,2884,Y
_DSC0023.tif,2,4,2,3,4,Caroline,0,3042,3316,2904,3178,JoshB,0,3072,3288,2904,3120,JoshW,0,3042,3292,2902,3152,Y
_DSC0023.tif,2,4,2,3,5,Caroline,2,3448,3740,2817,3109,JoshB,2,3484,3700,2856,3072,JoshW,2,3480,3700,2850,3070,Y
_DSC0023.tif,2,4,2,3,6,Caroline,2,3596,3856,2581,2841,JoshB,0,3592,3866,2557,2831,JoshW,0,3646,3848,2600,2802,Y
_DSC0023.tif,2,4,2,3,7,Caroline,1,3447,3731,2376,2660,JoshB,0,3513,3715,2438,2640,JoshW,0,3484,3710,2442,2668,Y
_DSC0023.tif,2,4,2,3,8,Caroline,0,3390,3634,2192,2436,JoshB,0,3408,3612,2196,2400,JoshW,0,3410,3616,2181,2387,Y
_DSC0023.tif,2,4,2,4,1,Caroline,1,4406,4712,2175,2481,JoshB,0,4436,4684,2196,2444,JoshW,0,4442,4670,2205,2433,Y
_DSC0023.tif,2,4,2,4,2,Caroline,0,4316,4606,2439,2729,JoshB,0,4334,4550,2444,2660,JoshW,0,4304,4572,2456,2724,Y
_DSC0023.tif,2,4,2,4,3,Caroline,1,4242,4516,2680,2954,JoshB,0,4290,4564,2697,2971,JoshW,0,4260,4520,2703,2963,Y
_DSC0023.tif,2,4,2,4,4,Caroline,1,4426,4702,2914,3190,JoshB,0,4430,4684,2920,3174,JoshW,0,4434,4676,2917,3159,Y
_DSC0023.tif,2,4,2,4,5,Caroline,2,4762,5016,2910,3164,JoshB,2,4836,5008,2938,3110,JoshW,1,4802,5044,2905,3147,Y
_DSC0023.tif,2,4,2,4,6,Caroline,1,4930,5220,2680,2970,JoshB,0,4975,5205,2716,2946,JoshW,0,4953,5185,2718,2950,Y
_DSC0023.tif,2,4,2,4,7,Caroline,1,4982,5220,2409,2647,JoshB,1,5008,5224,2431,2647,JoshW,0,4988,5222,2418,2652,Y
_DSC0023.tif,2,4,2,4,8,Caroline,1,4749,5045,2190,2486,JoshB,0,4766,5032,2238,2504,JoshW,0,4754,5032,2214,2492,Y
_DSC0024.tif,2,4,1,1,1,JoshW,0,802,1044,804,1046,Raf,0,788,1032,821,1065,Yuxuan,0,781,1029,810,1058,Y
_DSC0024.tif,2,4,1,1,2,JoshW,0,618,880,1025,1287,Raf,0,628,894,1031,1297,Yuxuan,0,630,878,1038,1286,Y
_DSC0024.tif,2,4,1,1,3,JoshW,0,600,854,1307,1561,Raf,0,676,946,1267,1537,Yuxuan,0,649,877,1318,1546,Y
_DSC0024.tif,2,4,1,1,4,JoshW,3,775,971,1528,1724,Raf,4,744,1010,1494,1760,Yuxuan,4,792,982,1530,1720,Y
_DSC0024.tif,2,4,1,1,5,JoshW,0,1140,1394,1457,1711,Raf,0,1124,1442,1465,1783,Yuxuan,0,1157,1411,1486,1740,Y
_DSC0024.tif,2,4,1,1,6,JoshW,0,1278,1510,1214,1446,Raf,0,1218,1568,1161,1511,Yuxuan,0,1286,1576,1205,1495,Y
_DSC0024.tif,2,4,1,1,7,JoshW,0,1144,1386,981,1223,Raf,0,1144,1436,945,1237,Yuxuan,0,1162,1426,980,1244,Y
_DSC0024.tif,2,4,1,1,8,JoshW,0,1025,1201,800,976,Raf,0,1058,1296,791,1029,Yuxuan,0,1014,1236,800,1022,Y
_DSC0024.tif,2,4,1,2,1,JoshW,1,1996,2178,867,1049,Raf,0,1964,2176,840,1052,Yuxuan,2,1984,2180,868,1064,Y
_DSC0024.tif,2,4,1,2,2,JoshW,0,1842,2060,1031,1249,Raf,0,1812,2084,998,1270,Yuxuan,0,1846,2106,1042,1302,Y
_DSC0024.tif,2,4,1,2,3,JoshW,0,1764,2000,1275,1511,Raf,0,1766,2016,1261,1511,Yuxuan,0,1740,2026,1270,1556,Y
_DSC0024.tif,2,4,1,2,4,JoshW,2,1846,2086,1532,1772,Raf,5,1798,2056,1498,1756,Yuxuan,3,1846,2100,1503,1757,Y
_DSC0024.tif,2,4,1,2,5,JoshW,1,2337,2539,1426,1628,Raf,1,2333,2565,1422,1654,Yuxuan,2,2346,2558,1434,1646,Y
_DSC0024.tif,2,4,1,2,6,JoshW,0,2404,2632,1205,1433,Raf,0,2348,2638,1171,1461,Yuxuan,0,2439,2671,1196,1428,Y
_DSC0024.tif,2,4,1,2,7,JoshW,0,2338,2550,976,1188,Raf,0,2320,2546,995,1221,Yuxuan,0,2348,2586,990,1228,Y
_DSC0024.tif,2,4,1,2,8,JoshW,1,2174,2378,804,1008,Raf,1,2172,2404,794,1026,Yuxuan,2,2163,2423,788,1048,Y
_DSC0024.tif,2,4,1,3,1,JoshW,0,3220,3442,870,1092,Raf,0,3186,3452,820,1086,Yuxuan,0,3226,3432,908,1114,Y
_DSC0024.tif,2,4,1,3,2,JoshW,0,3082,3342,1018,1278,Raf,0,3091,3335,1026,1270,Yuxuan,0,3136,3354,1074,1292,Y
_DSC0024.tif,2,4,1,3,3,JoshW,0,3012,3264,1294,1546,Raf,0,3018,3244,1296,1522,Yuxuan,0,3021,3253,1350,1582,Y
_DSC0024.tif,2,4,1,3,4,JoshW,0,3166,3420,1516,1770,Raf,0,3157,3401,1522,1766,Yuxuan,0,3171,3397,1546,1772,Y
_DSC0024.tif,2,4,1,3,5,JoshW,0,3538,3756,1566,1784,Raf,0,3510,3762,1534,1786,Yuxuan,0,3562,3768,1576,1782,Y
_DSC0024.tif,2,4,1,3,6,JoshW,4,3652,3856,1345,1549,Raf,5,3630,3880,1330,1580,Yuxuan,5,3657,3865,1338,1546,Y
_DSC0024.tif,2,4,1,3,7,JoshW,0,3574,3792,1145,1363,Raf,0,3613,3811,1132,1330,Yuxuan,0,3583,3821,1138,1376,Y
_DSC0024.tif,2,4,1,3,8,JoshW,0,3496,3710,883,1097,Raf,0,3480,3752,866,1138,Yuxuan,0,3494,3768,874,1148,Y
_DSC0024.tif,2,4,1,4,1,JoshW,0,4326,4538,746,958,Raf,0,4252,4508,765,1021,Yuxuan,0,4298,4562,736,1000,Y
_DSC0024.tif,2,4,1,4,2,JoshW,0,4211,4453,972,1214,Raf,0,4152,4422,977,1247,Yuxuan,0,4242,4490,964,1212,Y
_DSC0024.tif,2,4,1,4,3,JoshW,0,4134,4380,1218,1464,Raf,0,4066,4344,1250,1528,Yuxuan,0,4142,4438,1189,1485,Y
_DSC0024.tif,2,4,1,4,4,JoshW,1,4242,4456,1528,1742,Raf,4,4212,4482,1519,1789,Yuxuan,2,4268,4496,1529,1757,Y
_DSC0024.tif,2,4,1,4,5,JoshW,0,4734,4970,1505,1741,Raf,0,4708,4984,1505,1781,Yuxuan,0,4722,4998,1475,1751,Y
_DSC0024.tif,2,4,1,4,6,JoshW,3,4784,5006,1272,1494,Raf,5,4726,4984,1237,1495,Yuxuan,2,4760,5024,1260,1524,Y
_DSC0024.tif,2,4,1,4,7,JoshW,0,4704,4922,1028,1246,Raf,0,4690,4942,986,1238,Yuxuan,0,4715,4947,1022,1254,Y
_DSC0024.tif,2,4,1,4,8,JoshW,0,4575,4811,758,994,Raf,0,4574,4832,728,986,Yuxuan,0,4564,4828,758,1022,Y
_DSC0024.tif,2,4,2,1,1,JoshW,2,868,1076,1969,2177,Raf,4,848,1112,1915,2179,Yuxuan,2,865,1113,1958,2206,Y
_DSC0024.tif,2,4,2,1,2,JoshW,0,740,964,2166,2390,Raf,0,762,1032,2133,2403,Yuxuan,0,726,1006,2143,2423,Y
_DSC0024.tif,2,4,2,1,3,JoshW,0,736,976,2410,2650,Raf,0,696,1012,2398,2714,Yuxuan,0,762,1026,2397,2661,Y
_DSC0024.tif,2,4,2,1,4,JoshW,0,744,1004,2682,2942,Raf,0,682,1000,2670,2988,Yuxuan,0,704,1026,2653,2975,Y
_DSC0024.tif,2,4,2,1,5,JoshW,0,1190,1482,2673,2965,Raf,0,1210,1508,2680,2978,Yuxuan,0,1222,1514,2676,2968,Y
_DSC0024.tif,2,4,2,1,6,JoshW,0,1340,1596,2411,2667,Raf,0,1336,1614,2406,2684,Yuxuan,0,1386,1640,2404,2658,Y
_DSC0024.tif,2,4,2,1,7,JoshW,3,1274,1480,2200,2406,Raf,5,1210,1494,2173,2457,Yuxuan,2,1270,1476,2208,2414,Y
_DSC0024.tif,2,4,2,1,8,JoshW,0,1109,1341,1950,2182,Raf,0,1137,1415,1944,2222,Yuxuan,0,1143,1413,1978,2248,Y
_DSC0024.tif,2,4,2,2,1,JoshW,0,1956,2164,2067,2275,Raf,0,1944,2202,2037,2295,Yuxuan,0,1957,2195,2064,2302,Y
_DSC0024.tif,2,4,2,2,2,JoshW,0,1825,2049,2264,2488,Raf,0,1812,2102,2219,2509,Yuxuan,0,1826,2126,2236,2536,Y
_DSC0024.tif,2,4,2,2,3,JoshW,0,1789,2015,2506,2732,Raf,0,1772,2024,2472,2724,Yuxuan,0,1778,2036,2482,2740,Y
_DSC0024.tif,2,4,2,2,4,JoshW,0,1822,2060,2748,2986,Raf,0,1858,2130,2750,3022,Yuxuan,0,1820,2106,2735,3021,Y
_DSC0024.tif,2,4,2,2,5,JoshW,0,2310,2556,2653,2899,Raf,0,2302,2592,2662,2952,Yuxuan,0,2312,2586,2640,2914,Y
_DSC0024.tif,2,4,2,2,6,JoshW,0,2396,2610,2425,2639,Raf,0,2320,2632,2387,2699,Yuxuan,0,2418,2640,2438,2660,Y
_DSC0024.tif,2,4,2,2,7,JoshW,3,2324,2538,2234,2448,Raf,5,2274,2552,2199,2477,Yuxuan,3,2296,2560,2223,2487,Y
_DSC0024.tif,2,4,2,2,8,JoshW,0,2264,2454,2034,2224,Raf,0,2225,2503,1970,2248,Yuxuan,0,2254,2480,2008,2234,Y
_DSC0024.tif,2,4,2,3,1,JoshW,0,3138,3324,2096,2282,Raf,1,3088,3326,2070,2308,Yuxuan,1,3147,3353,2090,2296,Y
_DSC0024.tif,2,4,2,3,2,JoshW,0,2970,3178,2301,2509,Raf,0,2948,3214,2257,2523,Yuxuan,1,2940,3184,2290,2534,Y
_DSC0024.tif,2,4,2,3,3,JoshW,0,3146,3216,2704,2774,Raf,0,2876,3200,2453,2777,Yuxuan,0,2923,3161,2534,2772,Y
_DSC0024.tif,2,4,2,3,4,JoshW,0,3124,3384,2671,2931,Raf,0,3108,3398,2626,2916,Yuxuan,0,3144,3388,2660,2904,Y
_DSC0024.tif,2,4,2,3,5,JoshW,0,3524,3852,2734,3062,Raf,0,3544,3814,2765,3035,Yuxuan,0,3538,3808,2735,3005,Y
_DSC0024.tif,2,4,2,3,6,JoshW,0,3638,3912,2439,2713,Raf,0,3656,3908,2463,2715,Yuxuan,0,3651,3911,2444,2704,Y
_DSC0024.tif,2,4,2,3,7,JoshW,0,3502,3756,2214,2468,Raf,0,3472,3808,2159,2495,Yuxuan,0,3502,3846,2174,2518,Y
_DSC0024.tif,2,4,2,3,8,JoshW,4,3370,3566,2033,2229,Raf,5,3315,3607,1950,2242,Yuxuan,4,3338,3580,2006,2248,Y
_DSC0024.tif,2,4,2,4,1,JoshW,0,4376,4576,2144,2344,Raf,0,4310,4556,2135,2381,Yuxuan,0,4336,4532,2148,2344,Y
_DSC0024.tif,2,4,2,4,2,JoshW,3,4222,4440,2338,2556,Raf,4,4202,4446,2314,2558,Yuxuan,3,4226,4480,2338,2592,Y
_DSC0024.tif,2,4,2,4,3,JoshW,0,4156,4342,2567,2753,Raf,0,4118,4376,2536,2794,Yuxuan,0,4130,4348,2554,2772,Y
_DSC0024.tif,2,4,2,4,4,JoshW,0,4234,4448,2776,2990,Raf,0,4192,4462,2738,3008,Yuxuan,1,4232,4464,2759,2991,Y
_DSC0024.tif,2,4,2,4,5,JoshW,0,4562,4790,2694,2922,Raf,0,4556,4820,2681,2945,Yuxuan,0,4572,4846,2672,2946,Y
_DSC0024.tif,2,4,2,4,6,JoshW,0,4718,4932,2474,2688,Raf,0,4708,4972,2440,2704,Yuxuan,0,4664,4966,2460,2762,Y
_DSC0024.tif,2,4,2,4,7,JoshW,0,4676,4848,2298,2470,Raf,0,4668,4860,2288,2480,Yuxuan,0,4670,4902,2269,2501,Y
_DSC0024.tif,2,4,2,4,8,JoshW,3,4592,4784,2071,2263,Raf,5,4548,4812,2024,2288,Yuxuan,4,4575,4797,2068,2290,Y
_DSC0025-AVRPib.tif,1,4,1,1,1,JoshB,0,626,1108,1644,2126,JoshW,0,615,1143,1632,2160,Raf,0,715,1039,1720,2044,Y
_DSC0025-AVRPib.tif,1,4,1,1,2,JoshB,0,1178,1584,1664,2070,JoshW,0,1225,1575,1710,2060,Raf,0,1250,1554,1736,2040,Y
_DSC0025-AVRPib.tif,1,4,1,2,1,JoshB,2,1794,2238,1644,2088,JoshW,1,1775,2225,1642,2092,Raf,1,1763,2271,1608,2116,Y
_DSC0025-AVRPib.tif,1,4,1,2,2,JoshB,0,2358,2688,1734,2064,JoshW,0,2308,2662,1718,2072,Raf,0,2334,2678,1726,2070,Y
_DSC0025-AVRPib.tif,1,4,1,3,1,JoshB,2,3298,3552,1740,1994,JoshW,0,3272,3568,1704,2000,Raf,0,3259,3543,1694,1978,Y
_DSC0025-AVRPib.tif,1,4,1,3,2,JoshB,0,3533,3843,1626,1936,JoshW,0,3548,3866,1638,1956,Raf,0,3511,3835,1580,1904,Y
_DSC0025-AVRPib.tif,1,4,1,4,1,JoshB,0,4033,4351,1638,1956,JoshW,0,4020,4330,1586,1896,Raf,0,3977,4327,1568,1918,Y
_DSC0025-AVRPib.tif,1,4,1,4,2,JoshB,0,4331,4719,1562,1950,JoshW,0,4341,4685,1578,1922,Raf,0,4324,4746,1472,1894,Y
_DSC0138.tif,2,4,1,1,1,Adam,6,742,960,800,1018,Mark,5,756,960,841,1045,Emma,5,756,952,835,1031,Y
_DSC0138.tif,2,4,1,1,2,Adam,0,630,844,982,1196,Mark,0,622,870,968,1216,Emma,0,630,852,990,1212,Y
_DSC0138.tif,2,4,1,1,3,Adam,0,542,800,1188,1446,Mark,0,584,820,1187,1423,Emma,0,522,832,1172,1482,Y
_DSC0138.tif,2,4,1,1,4,Adam,0,576,854,1438,1716,Mark,0,610,806,1480,1676,Emma,0,572,876,1445,1749,Y
_DSC0138.tif,2,4,1,1,5,Adam,0,1096,1384,1416,1704,Mark,0,1136,1404,1336,1604,Emma,0,1098,1384,1406,1692,Y
_DSC0138.tif,2,4,1,1,6,Adam,0,1116,1398,1134,1416,Mark,0,1443,1505,1290,1352,Emma,0,1118,1422,1099,1403,Y
_DSC0138.tif,2,4,1,1,7,Adam,0,1052,1334,884,1166,Mark,0,1051,1299,870,1118,Emma,0,1054,1328,876,1150,Y
_DSC0138.tif,2,4,1,1,8,Adam,0,952,1146,742,936,Mark,0,960,1156,734,930,Emma,0,966,1168,741,943,Y
_DSC0138.tif,2,4,1,2,1,Adam,6,1929,2107,810,988,Mark,5,1936,2108,842,1014,Emma,6,1924,2108,838,1022,Y
_DSC0138.tif,2,4,1,2,2,Adam,0,1820,1988,965,1133,Mark,0,1796,2026,930,1160,Emma,[],[],[],[],[],K
_DSC0138.tif,2,4,1,2,3,Adam,0,1667,1895,1116,1344,Mark,0,1702,1898,1124,1320,Emma,0,1679,1907,1150,1378,Y
_DSC0138.tif,2,4,1,2,4,Adam,0,1618,1924,1377,1683,Mark,0,1682,1948,1410,1676,Emma,0,1664,1956,1378,1670,Y
_DSC0138.tif,2,4,1,2,5,Adam,0,2232,2524,1459,1751,Mark,0,2240,2400,1479,1639,Emma,0,2210,2494,1443,1727,Y
_DSC0138.tif,2,4,1,2,6,Adam,0,2286,2540,1245,1499,Mark,0,2362,2514,1276,1428,Emma,0,2278,2526,1242,1490,Y
_DSC0138.tif,2,4,1,2,7,Adam,0,2202,2436,1024,1258,Mark,0,2190,2456,976,1242,Emma,0,2178,2412,1030,1264,Y
_DSC0138.tif,2,4,1,2,8,Adam,0,2115,2309,844,1038,Mark,0,2178,2298,858,978,Emma,0,2117,2313,852,1048,Y
_DSC0138.tif,2,4,1,3,1,Adam,0,3248,3446,810,1008,Mark,0,3268,3460,832,1024,Emma,0,3247,3437,838,1028,Y
_DSC0138.tif,2,4,1,3,2,Adam,5,3144,3342,988,1186,Mark,5,3122,3414,966,1258,Emma,5,3160,3376,990,1206,Y
_DSC0138.tif,2,4,1,3,3,Adam,0,3032,3260,1176,1404,Mark,0,3072,3320,1168,1416,Emma,0,3040,3294,1155,1409,Y
_DSC0138.tif,2,4,1,3,4,Adam,0,3006,3288,1416,1698,Mark,0,3092,3218,1476,1602,Emma,0,3034,3320,1415,1701,Y
_DSC0138.tif,2,4,1,3,5,Adam,0,3462,3728,1503,1769,Mark,0,3484,3732,1486,1734,Emma,0,3466,3738,1483,1755,Y
_DSC0138.tif,2,4,1,3,6,Adam,1,3520,3738,1266,1484,Mark,0,3528,3752,1276,1500,Emma,0,3522,3758,1248,1484,Y
_DSC0138.tif,2,4,1,3,7,Adam,0,3480,3710,1009,1239,Mark,0,3536,3706,1048,1218,Emma,0,3490,3726,1025,1261,Y
_DSC0138.tif,2,4,1,3,8,Adam,0,3479,3677,854,1052,Mark,0,3472,3668,820,1016,Emma,0,3456,3698,800,1042,Y
_DSC0138.tif,2,4,1,4,1,Adam,0,4115,4339,828,1052,Mark,0,4144,4366,829,1051,Emma,0,4134,4364,838,1068,Y
_DSC0138.tif,2,4,1,4,2,Adam,3,4066,4280,1076,1290,Mark,3,4089,4335,1068,1314,Emma,4,4062,4328,1055,1321,Y
_DSC0138.tif,2,4,1,4,3,Adam,0,3986,4220,1299,1533,Mark,0,4050,4246,1334,1530,Emma,0,4017,4291,1282,1556,Y
_DSC0138.tif,2,4,1,4,4,Adam,0,4066,4318,1516,1768,Mark,0,4132,4328,1530,1726,Emma,0,4030,4334,1508,1812,Y
_DSC0138.tif,2,4,1,4,5,Adam,0,4512,4810,1480,1778,Mark,0,4609,4919,1448,1758,Emma,0,4494,4792,1464,1762,Y
_DSC0138.tif,2,4,1,4,6,Adam,0,4592,4850,1233,1491,Mark,0,4614,4766,1264,1416,Emma,0,4576,4862,1216,1502,Y
_DSC0138.tif,2,4,1,4,7,Adam,0,4606,4860,972,1226,Mark,0,4602,4836,979,1213,Emma,0,4582,4862,952,1232,Y
_DSC0138.tif,2,4,1,4,8,Adam,0,4420,4648,790,1018,Mark,0,4462,4626,801,965,Emma,0,4395,4687,776,1068,Y
_DSC0138.tif,2,4,2,1,1,Adam,0,675,927,2044,2296,Mark,0,674,960,2072,2358,Emma,0,686,928,2082,2324,Y
_DSC0138.tif,2,4,2,1,2,Adam,0,516,794,2252,2530,Mark,0,496,806,2238,2548,Emma,0,522,826,2263,2567,Y
_DSC0138.tif,2,4,2,1,3,Adam,4,502,750,2515,2763,Mark,4,560,794,2527,2761,Emma,5,500,778,2508,2786,Y
_DSC0138.tif,2,4,2,1,4,Adam,0,576,888,2722,3034,Mark,0,674,908,2764,2998,Emma,0,598,882,2746,3030,Y
_DSC0138.tif,2,4,2,1,5,Adam,0,1025,1293,2832,3100,Mark,0,1042,1264,2844,3066,Emma,0,978,1302,2789,3113,Y
_DSC0138.tif,2,4,2,1,6,Adam,0,1106,1344,2591,2829,Mark,0,1124,1334,2612,2822,Emma,0,1086,1358,2569,2841,Y
_DSC0138.tif,2,4,2,1,7,Adam,2,968,1246,2340,2618,Mark,1,1054,1290,2352,2588,Emma,2,1010,1320,2317,2627,Y
_DSC0138.tif,2,4,2,1,8,Adam,0,938,1146,2148,2356,Mark,0,978,1200,2130,2352,Emma,0,919,1191,2114,2386,Y
_DSC0138.tif,2,4,2,2,1,Adam,0,1867,2071,2088,2292,Mark,0,1892,2070,2117,2295,Emma,0,1822,2070,2066,2314,Y
_DSC0138.tif,2,4,2,2,2,Adam,0,1732,1970,2289,2527,Mark,0,1714,1968,2260,2514,Emma,0,1724,1996,2286,2558,Y
_DSC0138.tif,2,4,2,2,3,Adam,5,1696,1910,2529,2743,Mark,5,1720,1950,2551,2781,Emma,5,1720,1956,2532,2768,Y
_DSC0138.tif,2,4,2,2,4,Adam,1,1746,2004,2732,2990,Mark,0,1842,2038,2777,2973,Emma,0,1752,2018,2729,2995,Y
_DSC0138.tif,2,4,2,2,5,Adam,1,2132,2366,2803,3037,Mark,0,2320,2340,2926,2946,Emma,1,2120,2412,2767,3059,Y
_DSC0138.tif,2,4,2,2,6,Adam,0,2232,2530,2551,2849,Mark,0,2304,2456,2644,2796,Emma,0,2260,2558,2549,2847,Y
_DSC0138.tif,2,4,2,2,8,Adam,0,2116,2318,2148,2350,Mark,0,2184,2394,2161,2371,Emma,0,2102,2368,2120,2386,Y
_DSC0138.tif,2,4,2,3,1,Adam,0,3080,3258,2162,2340,Mark,0,3078,3218,2215,2355,Emma,0,3054,3288,2171,2405,Y
_DSC0138.tif,2,4,2,3,2,Adam,0,3000,3218,2339,2557,Mark,0,2993,3189,2362,2558,Emma,0,3008,3250,2346,2588,Y
_DSC0138.tif,2,4,2,3,3,Adam,0,2926,3164,2514,2752,Mark,0,2952,3142,2558,2748,Emma,0,2935,3157,2514,2736,Y
_DSC0138.tif,2,4,2,3,4,Adam,6,3000,3228,2718,2946,Mark,6,3034,3244,2726,2936,Emma,6,3016,3238,2717,2939,Y
_DSC0138.tif,2,4,2,3,5,Adam,0,3416,3654,2811,3049,Mark,0,3463,3653,2832,3022,Emma,0,3452,3656,2805,3009,Y
_DSC0138.tif,2,4,2,3,6,Adam,1,3496,3690,2625,2819,Mark,0,3541,3733,2646,2838,Emma,0,3510,3732,2616,2838,Y
_DSC0138.tif,2,4,2,3,7,Adam,0,3520,3724,2373,2577,Mark,0,3528,3782,2405,2659,Emma,0,3498,3758,2374,2634,Y
_DSC0138.tif,2,4,2,3,8,Adam,2,3305,3527,2188,2410,Mark,1,3319,3529,2190,2400,Emma,1,3268,3542,2170,2444,Y
_DSC0138.tif,2,4,2,4,1,Adam,0,4134,4336,2054,2256,Mark,0,4208,4296,2149,2237,Emma,0,4126,4360,2060,2294,Y
_DSC0138.tif,2,4,2,4,2,Adam,0,4006,4264,2252,2510,Mark,0,4074,4266,2252,2444,Emma,0,4030,4284,2244,2498,Y
_DSC0138.tif,2,4,2,4,3,Adam,0,3992,4230,2532,2770,Mark,0,3989,4167,2546,2724,Emma,0,3974,4234,2533,2793,Y
_DSC0138.tif,2,4,2,4,4,Adam,4,4039,4277,2802,3040,Mark,4,4061,4297,2792,3028,Emma,4,4036,4316,2770,3050,Y
_DSC0138.tif,2,4,2,4,5,Adam,0,4388,4646,2767,3025,Mark,0,4468,4702,2790,3024,Emma,0,4436,4678,2767,3009,Y
_DSC0138.tif,2,4,2,4,6,Adam,1,4552,4784,2540,2772,Mark,0,4567,4769,2584,2786,Emma,1,4532,4766,2530,2764,Y
_DSC0138.tif,2,4,2,4,7,Adam,0,4482,4706,2296,2520,Mark,0,4532,4702,2286,2456,Emma,0,4471,4699,2286,2514,Y
_DSC0138.tif,2,4,2,4,8,Adam,2,4354,4542,2118,2306,Mark,1,4342,4576,2086,2320,Emma,2,4346,4570,2094,2318,Y
_DSC0139.tif,2,4,1,1,1,Adam,1,764,1038,744,1018,Mark,2,814,1054,795,1035,Emma,1,800,1036,807,1043,Y
_DSC0139.tif,2,4,1,1,2,Adam,0,700,982,968,1250,Mark,0,668,972,959,1263,Emma,0,718,960,1000,1242,Y
_DSC0139.tif,2,4,1,1,3,Adam,0,656,914,1193,1451,Mark,0,674,928,1188,1442,Emma,0,674,928,1206,1460,Y
_DSC0139.tif,2,4,1,1,4,Adam,0,836,1094,1374,1632,Mark,0,832,1060,1362,1590,Emma,0,838,1066,1404,1632,Y
_DSC0139.tif,2,4,1,1,5,Adam,4,1116,1370,1381,1635,Mark,3,1124,1328,1390,1594,Emma,3,1114,1362,1378,1626,Y
_DSC0139.tif,2,4,1,1,6,Adam,0,1156,1428,1142,1414,Mark,0,1136,1442,1124,1430,Emma,0,1179,1407,1150,1378,Y
_DSC0139.tif,2,4,1,1,7,Adam,0,1147,1349,924,1126,Mark,0,1159,1369,914,1124,Emma,0,1141,1337,934,1130,Y
_DSC0139.tif,2,4,1,1,8,Adam,0,1015,1223,730,938,Mark,0,1054,1290,727,963,Emma,0,1028,1244,744,960,Y
_DSC0139.tif,2,4,1,2,1,Adam,1,1845,2039,640,834,Mark,1,1848,2070,674,896,Emma,1,1854,2064,644,854,Y
_DSC0139.tif,2,4,1,2,2,Adam,0,1682,1924,770,1012,Mark,0,1720,1956,806,1042,Emma,0,1702,1950,794,1042,Y
_DSC0139.tif,2,4,1,2,3,Adam,0,1614,1872,1008,1266,Mark,0,1625,1873,1010,1258,Emma,0,1591,1869,998,1276,Y
_DSC0139.tif,2,4,1,2,4,Adam,0,1656,1894,1287,1525,Mark,0,1702,1854,1299,1451,Emma,0,1644,1904,1280,1540,Y
_DSC0139.tif,2,4,1,2,5,Adam,4,2041,2279,1280,1518,Mark,5,2102,2298,1299,1495,Emma,3,2066,2302,1282,1518,Y
_DSC0139.tif,2,4,1,2,6,Adam,0,2098,2366,1081,1349,Mark,0,2152,2432,1086,1366,Emma,0,2146,2406,1099,1359,Y
_DSC0139.tif,2,4,1,2,7,Adam,0,2192,2406,947,1161,Mark,0,2196,2400,930,1134,Emma,0,2172,2400,928,1156,Y
_DSC0139.tif,2,4,1,2,8,Adam,0,2093,2305,740,952,Mark,0,2082,2298,712,928,Emma,0,2076,2336,708,968,Y
_DSC0139.tif,2,4,1,3,1,Adam,0,3439,3667,590,818,Mark,0,3440,3682,597,839,Emma,0,3440,3668,616,844,Y
_DSC0139.tif,2,4,1,3,2,Adam,2,3302,3550,787,1035,Mark,1,3332,3554,800,1022,Emma,2,3314,3574,798,1058,Y
_DSC0139.tif,2,4,1,3,3,Adam,0,3320,3524,1002,1206,Mark,0,3320,3574,985,1239,Emma,0,3310,3552,1016,1258,Y
_DSC0139.tif,2,4,1,3,4,Adam,0,3440,3672,1186,1418,Mark,0,3414,3630,1184,1400,Emma,0,3422,3688,1191,1457,Y
_DSC0139.tif,2,4,1,3,5,Adam,0,3714,3952,1180,1418,Mark,0,3744,3992,1175,1423,Emma,0,3707,3955,1188,1436,Y
_DSC0139.tif,2,4,1,3,6,Adam,4,3882,4072,1076,1266,Mark,4,3866,4106,1020,1260,Emma,4,3872,4100,1051,1279,Y
_DSC0139.tif,2,4,1,3,7,Adam,0,3818,4056,800,1038,Mark,0,3802,4126,756,1080,Emma,0,3808,4062,791,1045,Y
_DSC0139.tif,2,4,1,3,8,Adam,1,3694,3908,605,819,Mark,1,3700,3922,610,832,Emma,1,3710,3932,604,826,Y
_DSC0139.tif,2,4,1,4,1,Adam,0,4465,4693,640,868,Mark,0,4474,4716,708,950,Emma,0,4436,4710,654,928,Y
_DSC0139.tif,2,4,1,4,2,Adam,2,4374,4596,847,1069,Mark,1,4367,4615,838,1086,Emma,1,4372,4634,841,1103,Y
_DSC0139.tif,2,4,1,4,3,Adam,0,4298,4552,1021,1275,Mark,0,4348,4620,1023,1295,Emma,0,4316,4576,1026,1286,Y
_DSC0139.tif,2,4,1,4,4,Adam,0,4433,4661,1226,1454,Mark,0,4410,4646,1181,1417,Emma,0,4404,4702,1226,1524,Y
_DSC0139.tif,2,4,1,4,5,Adam,0,4716,5002,1266,1552,Mark,0,4716,4938,1226,1448,Emma,0,4751,4985,1264,1498,Y
_DSC0139.tif,2,4,1,4,6,Adam,5,4886,5060,1116,1290,Mark,6,4868,5096,1092,1320,Emma,6,4862,5102,1086,1326,Y
_DSC0139.tif,2,4,1,4,7,Adam,0,4794,5058,848,1112,Mark,0,4836,5084,864,1112,Emma,0,4782,5062,838,1118,Y
_DSC0139.tif,2,4,1,4,8,Adam,2,4690,4958,600,868,Mark,2,4748,4924,684,860,Emma,2,4696,4938,626,868,Y
_DSC0139.tif,2,4,2,1,1,Adam,0,905,1129,2048,2272,Mark,0,928,1118,2076,2266,Emma,0,890,1098,2076,2284,Y
_DSC0139.tif,2,4,2,1,2,Adam,0,780,988,2222,2430,Mark,0,750,1028,2191,2469,Emma,1,768,1010,2212,2454,Y
_DSC0139.tif,2,4,2,1,3,Adam,2,670,942,2440,2712,Mark,1,668,940,2393,2665,Emma,2,668,960,2425,2717,Y
_DSC0139.tif,2,4,2,1,4,Adam,0,704,1002,2700,2998,Mark,0,718,946,2730,2958,Emma,0,724,960,2723,2959,Y
_DSC0139.tif,2,4,2,1,5,Adam,0,1166,1408,2718,2960,Mark,0,1168,1448,2666,2946,Emma,0,1162,1422,2691,2951,Y
_DSC0139.tif,2,4,2,1,6,Adam,0,1220,1448,2515,2743,Mark,0,1212,1442,2494,2724,Emma,0,1226,1474,2492,2740,Y
_DSC0139.tif,2,4,2,1,7,Adam,6,1203,1407,2296,2500,Mark,6,1220,1384,2311,2475,Emma,6,1200,1416,2304,2520,Y
_DSC0139.tif,2,4,2,1,8,Adam,0,1075,1327,2074,2326,Mark,0,1118,1352,2099,2333,Emma,0,1096,1318,2108,2330,Y
_DSC0139.tif,2,4,2,2,1,Adam,1,1873,2105,1940,2172,Mark,1,1864,2080,1980,2196,Emma,1,1860,2088,1965,2193,Y
_DSC0139.tif,2,4,2,2,2,Adam,0,1732,1950,2125,2343,Mark,0,1765,1937,2126,2298,Emma,0,1730,1972,2120,2362,Y
_DSC0139.tif,2,4,2,2,3,Adam,1,1662,1910,2335,2583,Mark,1,1682,1918,2326,2562,Emma,1,1658,1918,2345,2605,Y
_DSC0139.tif,2,4,2,2,4,Adam,0,1738,2016,2574,2852,Mark,0,1764,1988,2583,2807,Emma,0,1778,2032,2612,2866,Y
_DSC0139.tif,2,4,2,2,5,Adam,0,2039,2301,2614,2876,Mark,0,2070,2286,2602,2818,Emma,0,2063,2317,2596,2850,Y
_DSC0139.tif,2,4,2,2,6,Adam,0,2198,2454,2419,2675,Mark,0,2234,2508,2422,2696,Emma,0,2216,2476,2402,2662,Y
_DSC0139.tif,2,4,2,2,7,Adam,6,2179,2409,2206,2436,Mark,5,2164,2424,2184,2444,Emma,5,2158,2418,2190,2450,Y
_DSC0139.tif,2,4,2,2,8,Adam,0,2087,2267,2008,2188,Mark,0,2117,2333,2000,2216,Emma,0,2083,2329,1994,2240,Y
_DSC0139.tif,2,4,2,3,1,Adam,0,3278,3472,1999,2193,Mark,0,3268,3472,1974,2178,Emma,0,3276,3522,1982,2228,Y
_DSC0139.tif,2,4,2,3,2,Adam,1,3208,3442,2189,2423,Mark,0,3218,3420,2178,2380,Emma,0,3180,3466,2168,2454,Y
_DSC0139.tif,2,4,2,3,3,Adam,0,3148,3392,2392,2636,Mark,0,3186,3422,2421,2657,Emma,0,3142,3390,2421,2669,Y
_DSC0139.tif,2,4,2,3,4,Adam,1,3234,3480,2640,2886,Mark,0,3238,3484,2619,2865,Emma,0,3186,3522,2599,2935,Y
_DSC0139.tif,2,4,2,3,5,Adam,0,3694,3952,2584,2842,Mark,0,3726,3928,2584,2786,Emma,0,3681,3955,2564,2838,Y
_DSC0139.tif,2,4,2,3,6,Adam,1,3753,3977,2340,2564,Mark,0,3764,3986,2349,2571,Emma,0,3741,3989,2330,2578,Y
_DSC0139.tif,2,4,2,3,7,Adam,0,3610,3862,2106,2358,Mark,0,3624,3904,2107,2387,Emma,0,3598,3840,2120,2362,Y
_DSC0139.tif,2,4,2,3,8,Adam,6,3506,3734,1942,2170,Mark,5,3504,3744,1899,2139,Emma,4,3497,3751,1936,2190,Y
_DSC0139.tif,2,4,2,4,1,Adam,0,4422,4606,1934,2118,Mark,[],[],[],[],[],Emma,0,4430,4614,1936,2120,K
_DSC0139.tif,2,4,2,4,2,Adam,2,4374,4566,2096,2288,Mark,0,4335,4595,2064,2324,Emma,1,4372,4570,2094,2292,Y
_DSC0139.tif,2,4,2,4,3,Adam,1,4294,4526,2249,2481,Mark,0,4334,4564,2253,2483,Emma,0,4312,4554,2240,2482,Y
_DSC0139.tif,2,4,2,4,4,Adam,0,4255,4523,2474,2742,Mark,0,4240,4506,2488,2754,Emma,0,4290,4582,2473,2765,Y
_DSC0139.tif,2,4,2,4,5,Adam,0,4663,4863,2558,2758,Mark,0,4722,4880,2555,2713,Emma,1,4684,4912,2546,2774,Y
_DSC0139.tif,2,4,2,4,6,Adam,1,4775,4993,2360,2578,Mark,0,4848,5026,2348,2526,Emma,0,4757,5029,2356,2628,Y
_DSC0139.tif,2,4,2,4,7,Adam,0,4715,4933,2142,2360,Mark,0,4782,4992,2126,2336,Emma,0,4696,4944,2142,2390,Y
_DSC0139.tif,2,4,2,4,8,Adam,5,4614,4812,1970,2168,Mark,6,4626,4868,1962,2204,Emma,6,4582,4810,1949,2177,Y
_DSC0170.tif,3,4,1,1,1,JoshW,2,1037,1165,582,710,Raf,4,1006,1198,546,738,Yuxuan,2,1019,1187,546,714,Y
_DSC0170.tif,3,4,1,1,2,JoshW,5,974,1106,710,842,Raf,6,972,1144,695,867,Yuxuan,4,955,1131,698,874,Y
_DSC0170.tif,3,4,1,1,3,JoshW,5,930,1072,848,990,Raf,6,900,1104,825,1029,Yuxuan,4,941,1101,836,996,Y
_DSC0170.tif,3,4,1,1,4,JoshW,4,942,1084,1038,1180,Raf,6,906,1118,998,1210,Yuxuan,4,910,1096,1024,1210,Y
_DSC0170.tif,3,4,1,1,5,JoshW,0,1286,1440,1082,1236,Raf,0,1270,1488,1065,1283,Yuxuan,0,1251,1479,1048,1276,Y
_DSC0170.tif,3,4,1,1,6,JoshW,4,1370,1518,914,1062,Raf,6,1342,1542,886,1086,Yuxuan,4,1360,1540,892,1072,Y
_DSC0170.tif,3,4,1,1,7,JoshW,3,1330,1478,788,936,Raf,5,1310,1474,775,939,Yuxuan,3,1313,1471,774,932,Y
_DSC0170.tif,3,4,1,1,8,JoshW,4,1265,1407,652,794,Raf,4,1264,1416,628,780,Yuxuan,4,1254,1428,614,788,Y
_DSC0170.tif,3,4,1,2,1,JoshW,0,1891,2039,598,746,Raf,0,1864,2030,595,761,Yuxuan,0,1875,2065,572,762,Y
_DSC0170.tif,3,4,1,2,2,JoshW,6,1831,1963,758,890,Raf,6,1818,2010,721,913,Yuxuan,5,1804,1994,720,910,Y
_DSC0170.tif,3,4,1,2,3,JoshW,0,1785,1929,910,1054,Raf,2,1760,1932,894,1066,Yuxuan,2,1772,1932,913,1073,Y
_DSC0170.tif,3,4,1,2,4,JoshW,3,1861,2021,1084,1244,Raf,4,1852,2036,1075,1259,Yuxuan,3,1836,2032,1080,1276,Y
_DSC0170.tif,3,4,1,2,5,JoshW,0,2180,2338,1048,1206,Raf,0,2162,2340,1029,1207,Yuxuan,0,2153,2365,1032,1244,Y
_DSC0170.tif,3,4,1,2,6,JoshW,3,2238,2392,836,990,Raf,5,2245,2397,840,992,Yuxuan,3,2222,2418,826,1022,Y
_DSC0170.tif,3,4,1,2,7,JoshW,4,2138,2296,694,852,Raf,5,2130,2328,678,876,Yuxuan,5,2129,2309,688,868,Y
_DSC0170.tif,3,4,1,2,8,JoshW,5,2044,2182,556,694,Raf,6,2036,2196,536,696,Yuxuan,4,2024,2218,520,714,Y
_DSC0170.tif,3,4,1,3,1,JoshW,5,3148,3296,570,718,Raf,6,3120,3286,549,715,Yuxuan,6,3140,3304,562,726,Y
_DSC0170.tif,3,4,1,3,2,JoshW,0,3084,3238,704,858,Raf,0,3068,3266,695,893,Yuxuan,1,3074,3248,713,887,Y
_DSC0170.tif,3,4,1,3,3,JoshW,3,2972,3152,895,1075,Raf,5,2968,3186,863,1081,Yuxuan,4,2946,3190,870,1114,Y
_DSC0170.tif,3,4,1,3,4,JoshW,2,3094,3280,1079,1265,Raf,4,3065,3269,1066,1270,Yuxuan,3,3089,3269,1100,1280,Y
_DSC0170.tif,3,4,1,3,5,JoshW,4,3358,3522,1056,1220,Raf,5,3339,3531,1046,1238,Yuxuan,4,3338,3538,1048,1248,Y
_DSC0170.tif,3,4,1,3,6,JoshW,0,3488,3640,890,1042,Raf,0,3452,3642,864,1054,Yuxuan,0,3444,3650,898,1104,Y
_DSC0170.tif,3,4,1,3,7,JoshW,3,3390,3564,704,878,Raf,5,3372,3584,688,900,Yuxuan,4,3409,3583,710,884,Y
_DSC0170.tif,3,4,1,4,1,JoshW,6,4073,4205,604,736,Raf,6,4026,4198,573,745,Yuxuan,5,4054,4234,582,762,Y
_DSC0170.tif,3,4,1,4,2,JoshW,0,3964,4138,742,916,Raf,0,3953,4133,734,914,Yuxuan,0,3967,4157,768,958,Y
_DSC0170.tif,3,4,1,4,3,JoshW,6,3877,4073,932,1128,Raf,5,3862,4080,919,1137,Yuxuan,4,3876,4084,936,1144,Y
_DSC0170.tif,3,4,1,4,4,JoshW,4,3930,4100,1151,1321,Raf,4,3914,4112,1148,1346,Yuxuan,4,3943,4117,1148,1322,Y
_DSC0170.tif,3,4,1,4,5,JoshW,5,4310,4480,1084,1254,Raf,6,4304,4496,1084,1276,Yuxuan,5,4274,4474,1077,1277,Y
_DSC0170.tif,3,4,1,4,6,JoshW,0,4374,4544,942,1112,Raf,0,4344,4568,897,1121,Yuxuan,0,4380,4548,934,1102,Y
_DSC0170.tif,3,4,1,4,7,JoshW,5,4291,4445,768,922,Raf,5,4258,4462,719,923,Yuxuan,5,4280,4448,768,936,Y
_DSC0170.tif,3,4,1,4,8,JoshW,4,4231,4349,624,742,Raf,5,4191,4417,562,788,Yuxuan,5,4215,4389,588,762,Y
_DSC0170.tif,3,4,2,1,2,JoshW,5,926,1074,1777,1925,Raf,6,900,1084,1750,1934,Yuxuan,6,922,1074,1776,1928,Y
_DSC0170.tif,3,4,2,1,3,JoshW,2,878,1026,1916,2064,Raf,3,874,1046,1898,2070,Yuxuan,4,894,1032,1920,2058,Y
_DSC0170.tif,3,4,2,1,5,JoshW,1,1186,1344,2153,2311,Raf,2,1171,1343,2142,2314,Yuxuan,3,1159,1333,2148,2322,Y
_DSC0170.tif,3,4,2,1,6,JoshW,6,1323,1471,2016,2164,Raf,5,1310,1508,1964,2162,Yuxuan,6,1338,1482,2033,2177,Y
_DSC0170.tif,3,4,2,1,7,JoshW,0,1244,1402,1852,2010,Raf,0,1264,1448,1819,2003,Yuxuan,0,1257,1411,1852,2006,Y
_DSC0170.tif,3,4,2,1,8,JoshW,5,1174,1322,1703,1851,Raf,5,1158,1330,1670,1842,Yuxuan,6,1164,1344,1698,1878,Y
_DSC0170.tif,3,4,2,2,1,JoshW,3,1910,2058,1593,1741,Raf,2,1885,2077,1574,1766,Yuxuan,4,1910,2090,1582,1762,Y
_DSC0170.tif,3,4,2,2,2,JoshW,3,1839,1981,1746,1888,Raf,3,1832,2004,1732,1904,Yuxuan,4,1841,1999,1768,1926,Y
_DSC0170.tif,3,4,2,2,3,JoshW,0,1812,1988,1904,2080,Raf,0,1812,1970,1918,2076,Yuxuan,0,1812,1992,1926,2106,Y
_DSC0170.tif,3,4,2,2,4,JoshW,3,1878,2058,2108,2288,Raf,4,1872,2076,2107,2311,Yuxuan,4,1888,2074,2137,2323,Y
_DSC0170.tif,3,4,2,2,5,JoshW,1,2182,2372,2100,2290,Raf,2,2188,2374,2102,2288,Yuxuan,2,2165,2367,2110,2312,Y
_DSC0170.tif,3,4,2,2,6,JoshW,2,2273,2431,1936,2094,Raf,3,2281,2441,1924,2084,Yuxuan,3,2248,2450,1902,2104,Y
_DSC0170.tif,3,4,2,2,7,JoshW,0,2212,2360,1764,1912,Raf,0,2222,2420,1739,1937,Yuxuan,0,2225,2405,1756,1936,Y
_DSC0170.tif,3,4,2,2,8,JoshW,3,2116,2280,1595,1759,Raf,4,2116,2294,1578,1756,Yuxuan,4,2111,2307,1592,1788,Y
_DSC0170.tif,3,4,2,3,1,JoshW,5,3148,3296,1593,1741,Raf,5,3127,3293,1594,1760,Yuxuan,6,3105,3317,1556,1768,Y
_DSC0170.tif,3,4,2,3,2,JoshW,5,3046,3200,1756,1910,Raf,5,3016,3234,1710,1928,Yuxuan,4,3034,3224,1714,1904,Y
_DSC0170.tif,3,4,2,3,3,JoshW,6,3041,3227,1904,2090,Raf,6,3028,3234,1901,2107,Yuxuan,5,3026,3226,1913,2113,Y
_DSC0170.tif,3,4,2,3,4,JoshW,1,2952,3120,2119,2287,Raf,0,2956,3160,2110,2314,Yuxuan,0,2946,3152,2114,2320,Y
_DSC0170.tif,3,4,2,3,5,JoshW,3,3306,3476,2182,2352,Raf,4,3306,3498,2195,2387,Yuxuan,3,3289,3475,2168,2354,Y
_DSC0170.tif,3,4,2,3,6,JoshW,0,3407,3559,2016,2168,Raf,0,3366,3564,2003,2201,Yuxuan,2,3422,3580,2032,2190,Y
_DSC0170.tif,3,4,2,3,7,JoshW,3,3406,3534,1878,2006,Raf,5,3358,3558,1828,2028,Yuxuan,3,3390,3570,1854,2034,Y
_DSC0170.tif,3,4,2,3,8,JoshW,0,3312,3496,1651,1835,Raf,0,3320,3498,1651,1829,Yuxuan,0,3312,3538,1630,1856,Y
_DSC0170.tif,3,4,2,4,1,JoshW,4,3994,4146,1566,1718,Raf,5,3974,4152,1544,1722,Yuxuan,4,3977,4167,1556,1746,Y
_DSC0170.tif,3,4,2,4,2,JoshW,3,3866,4020,1714,1868,Raf,5,3834,4040,1696,1902,Yuxuan,4,3850,4046,1704,1900,Y
_DSC0170.tif,3,4,2,4,3,JoshW,3,3806,3990,1900,2084,Raf,4,3795,3993,1872,2070,Yuxuan,4,3779,4011,1910,2142,Y
_DSC0170.tif,3,4,2,4,4,JoshW,0,3872,4056,2136,2320,Raf,0,3848,4026,2119,2297,Yuxuan,0,3856,4056,2143,2343,Y
_DSC0170.tif,3,4,2,4,5,JoshW,6,4201,4387,2094,2280,Raf,5,4192,4410,2083,2301,Yuxuan,5,4194,4412,2100,2318,Y
_DSC0170.tif,3,4,2,4,6,JoshW,4,4348,4512,1936,2100,Raf,3,4318,4536,1912,2130,Yuxuan,4,4331,4543,1910,2122,Y
_DSC0170.tif,3,4,2,4,7,JoshW,6,4290,4470,1736,1916,Raf,5,4304,4496,1726,1918,Yuxuan,6,4287,4493,1730,1936,Y
_DSC0170.tif,3,4,2,4,8,JoshW,0,4173,4341,1588,1756,Raf,0,4168,4360,1548,1740,Yuxuan,1,4149,4381,1530,1762,Y
_DSC0170.tif,3,4,3,2,1,JoshW,4,1986,2140,2618,2772,Raf,5,1978,2136,2619,2777,Yuxuan,4,1990,2154,2614,2778,Y
_DSC0170.tif,3,4,3,2,2,JoshW,6,1894,2052,2798,2956,Raf,6,1858,2070,2777,2989,Yuxuan,6,1866,2076,2778,2988,Y
_DSC0170.tif,3,4,3,2,3,JoshW,3,1878,2048,2994,3164,Raf,5,1878,2044,2979,3145,Yuxuan,4,1882,2058,2988,3164,Y
_DSC0170.tif,3,4,3,2,4,JoshW,4,1990,2154,3107,3271,Raf,6,1970,2162,3101,3293,Yuxuan,5,1973,2153,3094,3274,Y
_DSC0170.tif,3,4,3,2,5,JoshW,0,2286,2450,3136,3300,Raf,0,2268,2474,3100,3306,Yuxuan,0,2261,2451,3078,3268,Y
_DSC0170.tif,3,4,3,2,6,JoshW,5,2393,2585,2824,3016,Raf,6,2388,2558,2828,2998,Yuxuan,5,2369,2587,2798,3016,Y
_DSC0170.tif,3,4,3,2,7,JoshW,5,2254,2428,2664,2838,Raf,6,2236,2434,2645,2843,Yuxuan,6,2250,2452,2644,2846,Y
_DSC0170.tif,3,4,3,2,8,JoshW,6,2120,2272,2582,2734,Raf,6,2099,2277,2566,2744,Yuxuan,6,2128,2288,2570,2730,Y
_DSC0170.tif,3,4,3,3,1,JoshW,3,2919,3063,2618,2762,Raf,4,2876,3088,2585,2797,Yuxuan,4,2927,3087,2618,2778,Y
_DSC0170.tif,3,4,3,3,2,JoshW,4,2827,3003,2734,2910,Raf,5,2824,3034,2732,2942,Yuxuan,5,2819,3005,2750,2936,Y
_DSC0170.tif,3,4,3,3,3,JoshW,4,2822,3002,2940,3120,Raf,4,2816,3008,2926,3118,Yuxuan,4,2823,3023,2926,3126,Y
_DSC0170.tif,3,4,3,3,4,JoshW,3,2888,3084,3152,3348,Raf,3,2873,3085,3134,3346,Yuxuan,4,2869,3087,3136,3354,Y
_DSC0170.tif,3,4,3,3,5,JoshW,0,3216,3402,3086,3272,Raf,0,3186,3412,3074,3300,Yuxuan,0,3178,3402,3067,3291,Y
_DSC0170.tif,3,4,3,3,6,JoshW,6,3284,3476,2853,3045,Raf,5,3240,3504,2810,3074,Yuxuan,6,3284,3496,2853,3065,Y
_DSC0170.tif,3,4,3,3,7,JoshW,5,3200,3380,2685,2865,Raf,4,3196,3422,2664,2890,Yuxuan,4,3206,3416,2670,2880,Y
_DSC0175.tif,3,6,1,1,1,Caroline,4,519,661,366,508,JoshB,4,511,657,376,522,JoshW,4,508,668,362,522,Y
_DSC0175.tif,3,6,1,1,2,Caroline,0,384,590,488,694,JoshB,0,394,572,496,674,JoshW,0,407,563,508,664,Y
_DSC0175.tif,3,6,1,1,3,Caroline,0,307,541,672,906,JoshB,0,344,508,687,851,JoshW,0,330,534,682,886,Y
_DSC0175.tif,3,6,1,1,4,Caroline,0,424,662,871,1109,JoshB,0,438,636,889,1087,JoshW,0,390,630,854,1094,Y
_DSC0175.tif,3,6,1,1,5,Caroline,0,774,958,932,1116,JoshB,0,762,914,915,1067,JoshW,0,761,963,912,1114,Y
_DSC0175.tif,3,6,1,1,6,Caroline,0,862,1084,726,948,JoshB,0,880,1052,756,928,JoshW,0,880,1072,710,902,Y
_DSC0175.tif,3,6,1,1,7,Caroline,0,731,973,504,746,JoshB,0,730,922,533,725,JoshW,0,716,934,536,754,Y
_DSC0175.tif,3,6,1,2,1,Caroline,2,1339,1465,472,598,JoshB,5,1352,1480,480,608,JoshW,5,1343,1461,480,598,Y
_DSC0175.tif,3,6,1,2,2,Caroline,0,1280,1440,595,755,JoshB,0,1314,1436,632,754,JoshW,0,1263,1415,598,750,Y
_DSC0175.tif,3,6,1,2,3,Caroline,0,1234,1408,755,929,JoshB,0,1258,1378,778,898,JoshW,0,1219,1385,746,912,Y
_DSC0175.tif,3,6,1,2,4,Caroline,0,1339,1513,884,1058,JoshB,0,1372,1448,896,972,JoshW,0,1343,1489,882,1028,Y
_DSC0175.tif,3,6,1,2,5,Caroline,0,1534,1720,818,1004,JoshB,1,1556,1696,857,997,JoshW,0,1558,1718,863,1023,Y
_DSC0175.tif,3,6,1,2,6,Caroline,0,1646,1788,718,860,JoshB,0,1658,1784,760,886,JoshW,0,1636,1796,715,875,Y
_DSC0175.tif,3,6,1,2,7,Caroline,1,1550,1746,566,762,JoshB,0,1594,1734,597,737,JoshW,0,1570,1710,572,712,Y
_DSC0175.tif,3,6,1,2,8,Caroline,1,1492,1624,435,567,JoshB,0,1505,1619,458,572,JoshW,0,1466,1630,408,572,Y
_DSC0175.tif,3,6,1,3,1,Caroline,0,2401,2593,270,462,JoshB,0,2444,2576,338,470,JoshW,0,2400,2560,276,436,Y
_DSC0175.tif,3,6,1,3,2,Caroline,3,2335,2511,418,594,JoshB,4,2352,2504,446,598,JoshW,4,2346,2500,446,600,Y
_DSC0175.tif,3,6,1,3,3,Caroline,1,2290,2486,614,810,JoshB,0,2310,2476,625,791,JoshW,0,2288,2442,638,792,Y
_DSC0175.tif,3,6,1,3,4,Caroline,1,2348,2544,807,1003,JoshB,1,2362,2540,794,972,JoshW,0,2350,2536,785,971,Y
_DSC0175.tif,3,6,1,3,5,Caroline,1,2682,2850,758,926,JoshB,0,2698,2832,759,893,JoshW,0,2678,2820,762,904,Y
_DSC0175.tif,3,6,1,3,6,Caroline,2,2761,2957,578,774,JoshB,2,2786,2964,598,776,JoshW,1,2778,2938,592,752,Y
_DSC0175.tif,3,6,1,3,7,Caroline,0,2698,2888,427,617,JoshB,0,2710,2844,435,569,JoshW,0,2680,2858,416,594,Y
_DSC0175.tif,3,6,1,3,8,Caroline,0,2560,2718,242,400,JoshB,0,2619,2751,268,400,JoshW,0,2595,2755,258,418,Y
_DSC0175.tif,3,6,1,4,1,Caroline,0,3165,3329,318,482,JoshB,0,3206,3338,373,505,JoshW,0,3183,3329,344,490,Y
_DSC0175.tif,3,6,1,4,2,Caroline,3,3148,3300,514,666,JoshB,4,3154,3314,517,677,JoshW,4,3156,3306,522,672,Y
_DSC0175.tif,3,6,1,4,3,Caroline,0,3110,3274,678,842,JoshB,0,3084,3282,664,862,JoshW,0,3108,3260,680,832,Y
_DSC0175.tif,3,6,1,4,4,Caroline,1,3222,3412,820,1010,JoshB,0,3212,3370,820,978,JoshW,0,3203,3369,812,978,Y
_DSC0175.tif,3,6,1,4,5,Caroline,0,3406,3592,759,945,JoshB,0,3440,3554,797,911,JoshW,0,3428,3584,780,936,Y
_DSC0175.tif,3,6,1,4,6,Caroline,3,3494,3684,610,800,JoshB,3,3490,3668,613,791,JoshW,3,3514,3664,626,776,Y
_DSC0175.tif,3,6,1,4,7,Caroline,1,3467,3647,424,604,JoshB,1,3510,3650,452,592,JoshW,0,3472,3630,422,580,Y
_DSC0175.tif,3,6,1,4,8,Caroline,1,3383,3547,312,476,JoshB,1,3405,3519,350,464,JoshW,0,3378,3520,330,472,Y
_DSC0175.tif,3,6,1,5,1,Caroline,0,4094,4274,299,479,JoshB,0,4090,4230,324,464,JoshW,0,4101,4243,340,482,Y
_DSC0175.tif,3,6,1,5,2,Caroline,0,4024,4200,439,615,JoshB,0,4062,4176,467,581,JoshW,0,4042,4184,474,616,Y
_DSC0175.tif,3,6,1,5,3,Caroline,3,3991,4197,604,810,JoshB,5,4011,4189,622,800,JoshW,5,4009,4173,630,794,Y
_DSC0175.tif,3,6,1,5,4,Caroline,1,4099,4269,778,948,JoshB,0,4148,4256,806,914,JoshW,0,4115,4249,796,930,Y
_DSC0175.tif,3,6,1,5,5,Caroline,1,4276,4488,736,948,JoshB,0,4310,4474,738,902,JoshW,0,4284,4466,732,914,Y
_DSC0175.tif,3,6,1,5,6,Caroline,1,4390,4564,586,760,JoshB,1,4411,4551,622,762,JoshW,0,4376,4524,607,755,Y
_DSC0175.tif,3,6,1,5,7,Caroline,3,4329,4519,450,640,JoshB,3,4323,4537,446,660,JoshW,3,4326,4508,450,632,Y
_DSC0175.tif,3,6,1,5,8,Caroline,1,4279,4437,334,492,JoshB,0,4265,4443,312,490,JoshW,0,4288,4438,313,463,Y
_DSC0175.tif,3,6,1,6,1,Caroline,0,4807,5009,312,514,JoshB,0,4804,4956,341,493,JoshW,0,4816,4976,323,483,Y
_DSC0175.tif,3,6,1,6,2,Caroline,0,4716,4916,440,640,JoshB,0,4766,4918,468,620,JoshW,0,4746,4896,472,622,Y
_DSC0175.tif,3,6,1,6,3,Caroline,5,4718,4914,630,826,JoshB,5,4710,4874,642,806,JoshW,6,4708,4882,640,814,Y
_DSC0175.tif,3,6,1,6,4,Caroline,0,4794,5000,816,1022,JoshB,0,4810,4976,838,1004,JoshW,0,4801,4977,836,1012,Y
_DSC0175.tif,3,6,1,6,5,Caroline,0,5020,5252,800,1032,JoshB,0,5070,5236,825,991,JoshW,0,5033,5233,800,1000,Y
_DSC0175.tif,3,6,1,6,6,Caroline,0,5186,5402,646,862,JoshB,0,5198,5382,654,838,JoshW,0,5187,5369,658,840,Y
_DSC0175.tif,3,6,1,6,7,Caroline,3,5083,5305,466,688,JoshB,3,5090,5274,474,658,JoshW,3,5083,5249,498,664,Y
_DSC0175.tif,3,6,1,6,8,Caroline,1,5021,5191,344,514,JoshB,2,5046,5160,376,490,JoshW,0,5040,5162,382,504,Y
_DSC0175.tif,3,6,2,1,1,Caroline,3,504,668,1526,1690,JoshB,5,546,654,1543,1651,JoshW,3,518,648,1519,1649,Y
_DSC0175.tif,3,6,2,1,2,Caroline,0,424,630,1633,1839,JoshB,0,465,635,1664,1834,JoshW,0,440,616,1678,1854,Y
_DSC0175.tif,3,6,2,1,3,Caroline,0,398,652,1828,2082,JoshB,0,394,622,1839,2067,JoshW,0,411,579,1882,2050,Y
_DSC0175.tif,3,6,2,1,4,Caroline,5,476,694,2023,2241,JoshB,5,496,686,2019,2209,JoshW,4,498,680,2048,2230,Y
_DSC0175.tif,3,6,2,1,5,Caroline,1,774,942,1992,2160,JoshB,1,770,940,1994,2164,JoshW,0,743,955,1974,2186,Y
_DSC0175.tif,3,6,2,1,6,Caroline,2,850,1014,1862,2026,JoshB,2,844,1028,1838,2022,JoshW,1,871,1023,1858,2010,Y
_DSC0175.tif,3,6,2,1,7,Caroline,0,839,1025,1666,1852,JoshB,0,858,1004,1692,1838,JoshW,0,804,986,1660,1842,Y
_DSC0175.tif,3,6,2,1,8,Caroline,2,698,874,1518,1694,JoshB,3,718,890,1520,1692,JoshW,3,705,883,1514,1692,Y
_DSC0175.tif,3,6,2,2,1,Caroline,0,1276,1476,1471,1671,JoshB,0,1296,1474,1496,1674,JoshW,0,1290,1482,1473,1665,Y
_DSC0175.tif,3,6,2,2,2,Caroline,0,1154,1396,1614,1856,JoshB,0,1200,1428,1651,1879,JoshW,0,1176,1372,1629,1825,Y
_DSC0175.tif,3,6,2,2,3,Caroline,0,1116,1354,1762,2000,JoshB,0,1174,1346,1781,1953,JoshW,0,1140,1344,1802,2006,Y
_DSC0175.tif,3,6,2,2,4,Caroline,4,1165,1381,2006,2222,JoshB,5,1200,1378,2022,2200,JoshW,5,1195,1369,2004,2178,Y
_DSC0175.tif,3,6,2,2,5,Caroline,2,1476,1688,2007,2219,JoshB,3,1536,1688,2041,2193,JoshW,2,1522,1660,2049,2187,Y
_DSC0175.tif,3,6,2,2,6,Caroline,4,1634,1810,1938,2114,JoshB,4,1626,1804,1939,2117,JoshW,3,1635,1783,1940,2088,Y
_DSC0175.tif,3,6,2,2,7,Caroline,0,1604,1836,1694,1926,JoshB,0,1632,1796,1747,1911,JoshW,0,1618,1782,1754,1918,Y
_DSC0175.tif,3,6,2,2,8,Caroline,4,1522,1690,1540,1708,JoshB,4,1540,1686,1562,1708,JoshW,4,1522,1690,1548,1716,Y
_DSC0175.tif,3,6,2,3,3,Caroline,0,2244,2476,1739,1971,JoshB,0,2248,2470,1746,1968,JoshW,0,2256,2454,1772,1970,Y
_DSC0175.tif,3,6,2,3,4,Caroline,0,2354,2560,1944,2150,JoshB,0,2374,2540,1968,2134,JoshW,0,2378,2524,1953,2099,Y
_DSC0175.tif,3,6,2,3,5,Caroline,1,2614,2830,1984,2200,JoshB,0,2640,2800,1993,2153,JoshW,0,2592,2764,1997,2169,Y
_DSC0175.tif,3,6,2,3,6,Caroline,0,2698,2926,1777,2005,JoshB,0,2716,2908,1796,1988,JoshW,0,2702,2904,1772,1974,Y
_DSC0175.tif,3,6,2,3,7,Caroline,1,2669,2901,1546,1778,JoshB,0,2704,2900,1569,1765,JoshW,0,2686,2880,1564,1758,Y
_DSC0175.tif,3,6,2,3,8,Caroline,2,2523,2719,1412,1608,JoshB,2,2540,2698,1464,1622,JoshW,0,2474,2686,1410,1622,Y
_DSC0175.tif,3,6,2,4,1,Caroline,2,3213,3461,1344,1592,JoshB,2,3230,3428,1403,1601,JoshW,1,3228,3416,1399,1587,Y
_DSC0175.tif,3,6,2,4,2,Caroline,0,3090,3322,1574,1806,JoshB,0,3078,3314,1571,1807,JoshW,0,3100,3288,1578,1766,Y
_DSC0175.tif,3,6,2,4,3,Caroline,0,3020,3274,1772,2026,JoshB,0,3066,3224,1848,2006,JoshW,0,2997,3225,1790,2018,Y
_DSC0175.tif,3,6,2,4,4,Caroline,0,3121,3369,1968,2216,JoshB,0,3136,3384,1990,2238,JoshW,0,3142,3364,1991,2213,Y
_DSC0175.tif,3,6,2,4,5,Caroline,2,3439,3629,2048,2238,JoshB,5,3452,3650,2034,2232,JoshW,3,3442,3616,2054,2228,Y
_DSC0175.tif,3,6,2,4,6,Caroline,0,3490,3734,1841,2085,JoshB,0,3522,3796,1872,2146,JoshW,0,3493,3701,1846,2054,Y
_DSC0175.tif,3,6,2,4,7,Caroline,1,3462,3726,1540,1804,JoshB,0,3472,3712,1578,1818,JoshW,0,3442,3684,1550,1792,Y
_DSC0175.tif,3,6,2,4,8,Caroline,0,3409,3637,1354,1582,JoshB,0,3440,3592,1410,1562,JoshW,0,3425,3615,1378,1568,Y
_DSC0175.tif,3,6,2,5,1,Caroline,3,4120,4316,1392,1588,JoshB,4,4139,4291,1416,1568,JoshW,3,4141,4289,1428,1576,Y
_DSC0175.tif,3,6,2,5,2,Caroline,0,4060,4286,1546,1772,JoshB,0,4106,4266,1571,1731,JoshW,0,4066,4248,1570,1752,Y
_DSC0175.tif,3,6,2,5,3,Caroline,0,4011,4245,1708,1942,JoshB,0,3998,4226,1743,1971,JoshW,0,4006,4198,1739,1931,Y
_DSC0175.tif,3,6,2,5,4,Caroline,0,4110,4342,1886,2118,JoshB,0,4185,4369,1930,2114,JoshW,0,4154,4326,1906,2078,Y
_DSC0175.tif,3,6,2,5,5,Caroline,5,4353,4555,1872,2074,JoshB,5,4389,4521,1924,2056,JoshW,6,4364,4518,1892,2046,Y
_DSC0175.tif,3,6,2,5,6,Caroline,0,4416,4696,1666,1946,JoshB,0,4424,4626,1686,1888,JoshW,0,4443,4631,1708,1896,Y
_DSC0175.tif,3,6,2,5,7,Caroline,0,4358,4548,1518,1708,JoshB,1,4385,4519,1542,1676,JoshW,0,4365,4539,1540,1714,Y
_DSC0175.tif,3,6,2,5,8,Caroline,0,4290,4464,1384,1558,JoshB,0,4322,4474,1422,1574,JoshW,0,4292,4452,1387,1547,Y
_DSC0175.tif,3,6,3,2,1,Caroline,0,1320,1526,2518,2724,JoshB,0,1328,1492,2556,2720,JoshW,0,1327,1491,2542,2706,Y
_DSC0175.tif,3,6,3,2,2,Caroline,0,1217,1435,2676,2894,JoshB,0,1244,1352,2758,2866,JoshW,0,1204,1386,2704,2886,Y
_DSC0175.tif,3,6,3,2,3,Caroline,4,1238,1396,2912,3070,JoshB,4,1226,1416,2882,3072,JoshW,4,1232,1390,2903,3061,Y
_DSC0175.tif,3,6,3,2,4,Caroline,0,1270,1466,3078,3274,JoshB,0,1302,1492,3072,3262,JoshW,0,1289,1447,3084,3242,Y
_DSC0175.tif,3,6,3,2,5,Caroline,0,1598,1820,2981,3203,JoshB,0,1600,1784,2958,3142,JoshW,0,1635,1825,2974,3164,Y
_DSC0175.tif,3,6,3,2,6,Caroline,0,1672,1916,2785,3029,JoshB,0,1689,1873,2812,2996,JoshW,0,1690,1878,2798,2986,Y
_DSC0175.tif,3,6,3,2,7,Caroline,4,1592,1778,2650,2836,JoshB,4,1626,1752,2686,2812,JoshW,3,1582,1736,2666,2820,Y
_DSC0175.tif,3,6,3,2,8,Caroline,0,1530,1714,2484,2668,JoshB,0,1530,1682,2526,2678,JoshW,0,1520,1688,2518,2686,Y
_DSC0175.tif,3,6,3,3,1,Caroline,0,2391,2545,2496,2650,JoshB,[],[],[],[],[],JoshW,0,2385,2521,2470,2606,K
_DSC0175.tif,3,6,3,3,2,Caroline,1,2274,2444,2621,2791,JoshB,1,2260,2456,2609,2805,JoshW,0,2282,2438,2633,2789,Y
_DSC0175.tif,3,6,3,3,3,Caroline,0,2184,2402,2771,2989,JoshB,0,2152,2462,2717,3027,JoshW,0,2174,2386,2786,2998,Y
_DSC0175.tif,3,6,3,3,4,Caroline,0,2296,2496,2978,3178,JoshB,0,2304,2514,2960,3170,JoshW,0,2303,2493,2974,3164,Y
_DSC0175.tif,3,6,3,3,5,Caroline,0,2627,2849,2972,3194,JoshB,0,2637,2809,2970,3142,JoshW,0,2606,2814,2966,3174,Y
_DSC0175.tif,3,6,3,3,6,Caroline,0,2756,2972,2807,3023,JoshB,0,2730,3022,2758,3050,JoshW,0,2732,2964,2774,3006,Y
_DSC0175.tif,3,6,3,3,7,Caroline,0,2751,2947,2602,2798,JoshB,0,2724,2926,2622,2824,JoshW,0,2750,2934,2615,2799,Y
_DSC0175.tif,3,6,3,3,8,Caroline,4,2582,2772,2497,2687,JoshB,5,2584,2762,2492,2670,JoshW,4,2581,2747,2504,2670,Y
_DSC0175.tif,3,6,3,4,1,Caroline,0,3331,3523,2422,2614,JoshB,0,3340,3510,2438,2608,JoshW,0,3332,3488,2434,2590,Y
_DSC0175.tif,3,6,3,4,2,Caroline,1,3216,3428,2550,2762,JoshB,1,3238,3446,2546,2754,JoshW,0,3251,3423,2574,2746,Y
_DSC0175.tif,3,6,3,4,3,Caroline,0,3120,3396,2763,3039,JoshB,0,3160,3390,2782,3012,JoshW,0,3166,3366,2807,3007,Y
_DSC0175.tif,3,6,3,4,4,Caroline,1,3262,3512,2972,3222,JoshB,1,3276,3516,2990,3230,JoshW,1,3274,3484,3005,3215,Y
_DSC0175.tif,3,6,3,4,5,Caroline,0,3554,3846,2949,3241,JoshB,0,3598,3758,2979,3139,JoshW,0,3592,3784,2974,3166,Y
_DSC0175.tif,3,6,3,4,6,Caroline,0,3693,3901,2792,3000,JoshB,0,3662,3872,2795,3005,JoshW,0,3694,3864,2800,2970,Y
_DSC0175.tif,3,6,3,4,7,Caroline,0,3573,3821,2566,2814,JoshB,0,3612,3820,2590,2798,JoshW,0,3614,3806,2595,2787,Y
_DSC0175.tif,3,6,3,4,8,Caroline,4,3484,3694,2392,2602,JoshB,5,3522,3674,2422,2574,JoshW,4,3510,3664,2426,2580,Y
_DSC0764.tif,3,3,1,2,1,Mark,2,1914,2162,995,1243,Emma,2,1862,2176,962,1276,Caroline,2,1904,2166,984,1246,Y
_DSC0764.tif,3,3,1,2,2,Mark,2,1724,2048,1228,1552,Emma,3,1752,2076,1228,1552,Caroline,2,1746,2080,1194,1528,Y
_DSC0764.tif,3,3,1,2,3,Mark,2,2056,2172,1875,1991,Emma,3,1728,2062,1562,1896,Caroline,2,1746,2064,1594,1912,Y
_DSC0764.tif,3,3,2,1,1,Mark,1,1096,1334,2085,2323,Emma,1,1028,1362,2047,2381,Caroline,1,1061,1345,2064,2348,Y
_DSC0764.tif,3,3,2,1,2,Mark,2,863,1243,2324,2704,Emma,2,872,1234,2390,2752,Caroline,1,826,1200,2356,2730,Y
_DSC0764.tif,3,3,2,1,3,Mark,2,933,1267,2742,3076,Emma,2,858,1238,2752,3132,Caroline,1,874,1262,2778,3166,Y
_DSC0764.tif,3,3,2,3,4,Mark,2,2980,3324,3122,3466,Emma,1,2952,3332,3047,3427,Caroline,1,2943,3325,3054,3436,Y
_DSC0764.tif,3,3,2,3,5,Mark,3,3008,3418,2704,3114,Emma,2,3042,3394,2676,3028,Caroline,1,3070,3396,2686,3012,Y
_DSC0764.tif,3,3,2,3,6,Mark,2,2808,3180,2337,2709,Emma,2,2842,3194,2352,2704,Caroline,1,2848,3190,2356,2698,Y
_DSC0764.tif,3,3,3,1,4,Mark,1,1504,1924,4522,4942,Emma,0,1476,1848,4531,4903,Caroline,1,1457,1845,4530,4918,Y
_DSC0764.tif,3,3,3,1,5,Mark,3,1490,1862,4112,4484,Emma,2,1499,1861,4094,4456,Caroline,2,1504,1900,4054,4450,Y
_DSC0764.tif,3,3,3,1,6,Mark,2,1395,1747,3770,4122,Emma,2,1415,1767,3770,4122,Caroline,2,1412,1762,3728,4078,Y
_DSC0764.tif,3,3,3,3,4,Mark,2,2942,3390,4645,5093,Emma,2,2942,3256,4664,4978,Caroline,2,2904,3332,4621,5049,Y
_DSC0764.tif,3,3,3,3,5,Mark,3,2947,3281,4274,4608,Emma,3,2961,3313,4284,4636,Caroline,2,2919,3317,4228,4626,Y
_DSC0764.tif,3,3,3,3,6,Mark,3,2952,3208,3971,4227,Emma,3,2884,3218,3950,4284,Caroline,2,2936,3230,3943,4237,Y
_DSC0765.tif,3,3,1,2,1,Mark,3,1686,1980,967,1261,Emma,3,1666,1972,957,1263,Caroline,1,1658,2000,916,1258,Y
_DSC0765.tif,3,3,1,2,2,Mark,3,1428,1752,1238,1562,Emma,3,1420,1790,1187,1557,Caroline,1,1456,1766,1198,1508,Y
_DSC0765.tif,3,3,1,2,3,Mark,2,1490,1928,1476,1914,Emma,2,1476,1866,1524,1914,Caroline,1,1508,1864,1516,1872,Y
_DSC0765.tif,3,3,2,1,1,Mark,2,506,858,1990,2342,Emma,2,501,881,1972,2352,Caroline,1,508,842,1984,2318,Y
_DSC0765.tif,3,3,2,1,2,Mark,1,439,857,2362,2780,Emma,1,433,863,2370,2800,Caroline,1,374,866,2340,2832,Y
_DSC0765.tif,3,3,2,1,3,Mark,1,506,906,2775,3175,Emma,0,468,934,2790,3256,Caroline,1,500,866,2832,3198,Y
_DSC0765.tif,3,3,2,3,4,Mark,0,2904,3352,2861,3309,Emma,0,2990,3390,2904,3304,Caroline,0,2992,3388,2888,3284,Y
_DSC0765.tif,3,3,2,3,5,Mark,1,2876,3304,2509,2937,Emma,2,2913,3323,2542,2952,Caroline,1,2928,3316,2532,2920,Y
_DSC0765.tif,3,3,2,3,6,Mark,1,2846,3152,2251,2557,Emma,2,2828,3160,2224,2556,Caroline,1,2825,3189,2198,2562,Y
_DSC0765.tif,3,3,3,1,4,Mark,0,1248,1724,4351,4827,Emma,1,1347,1767,4426,4846,Caroline,0,1373,1763,4450,4840,Y
_DSC0765.tif,3,3,3,1,5,Mark,1,1182,1818,3875,4511,Emma,2,1335,1705,4066,4436,Caroline,1,1362,1742,4062,4442,Y
_DSC0765.tif,3,3,3,1,6,Mark,1,1182,1628,3728,4174,Emma,1,1258,1572,3756,4070,Caroline,1,1262,1572,3744,4054,Y
_DSC0765.tif,3,3,3,3,1,Mark,2,2385,2709,3970,4294,Emma,3,2414,2766,3960,4312,Caroline,1,2432,2742,3958,4268,Y
_DSC0765.tif,3,3,3,3,2,Mark,2,2172,2666,4218,4712,Emma,3,2190,2590,4246,4646,Caroline,1,2238,2570,4301,4633,Y
_DSC0766.tif,3,3,1,2,1,Raf,3,1874,2142,874,1142,Yuxuan,3,1876,2114,906,1144,Adam,6,1909,2139,886,1116,Y
_DSC0766.tif,3,3,1,2,2,Raf,3,1676,1954,1160,1438,Yuxuan,3,1714,1984,1174,1444,Adam,6,1666,2008,1131,1473,Y
_DSC0766.tif,3,3,1,2,3,Raf,3,1706,1984,1523,1801,Yuxuan,3,1714,2040,1500,1826,Adam,6,1682,2002,1503,1823,Y
_DSC0766.tif,3,3,2,1,4,Raf,3,1330,1636,2772,3078,Yuxuan,3,1326,1626,2774,3074,Adam,6,1276,1640,2752,3116,Y
_DSC0766.tif,3,3,2,1,5,Raf,3,1438,1736,2435,2733,Yuxuan,4,1436,1778,2404,2746,Adam,6,1450,1742,2439,2731,Y
_DSC0766.tif,3,3,2,1,6,Raf,3,1370,1656,2143,2429,Yuxuan,4,1361,1671,2142,2452,Adam,6,1354,1644,2120,2410,Y
_DSC0766.tif,3,3,2,3,1,Raf,3,2430,2738,2320,2628,Yuxuan,4,2417,2741,2310,2634,Adam,6,2439,2723,2320,2604,Y
_DSC0766.tif,3,3,2,3,2,Raf,2,2262,2588,2599,2925,Yuxuan,4,2286,2610,2627,2951,Adam,5,2276,2596,2626,2946,Y
_DSC0766.tif,3,3,2,3,3,Raf,1,2340,2678,2936,3274,Yuxuan,2,2356,2714,2931,3289,Adam,4,2354,2696,2960,3302,Y
_DSC0766.tif,3,3,3,1,4,Raf,3,1350,1626,4483,4759,Yuxuan,3,1357,1651,4466,4760,Adam,5,1340,1644,4481,4785,Y
_DSC0766.tif,3,3,3,1,5,Raf,5,1360,1676,4141,4457,Yuxuan,4,1362,1694,4126,4458,Adam,6,1324,1644,4147,4467,Y
_DSC0766.tif,3,3,3,1,6,Raf,4,1370,1646,3789,4065,Yuxuan,5,1354,1624,3808,4078,Adam,6,1372,1670,3800,4098,Y
_DSC0766.tif,3,3,3,3,4,Raf,2,2836,3144,4562,4870,Yuxuan,4,2836,3106,4578,4848,Adam,5,2848,3132,4574,4858,Y
_DSC0766.tif,3,3,3,3,5,Raf,3,2876,3124,4289,4537,Yuxuan,4,2900,3210,4244,4554,Adam,5,2878,3184,4250,4556,Y
_DSC0766.tif,3,3,3,3,6,Raf,2,2856,3104,4026,4274,Yuxuan,4,2792,3118,3966,4292,Adam,4,2848,3110,3990,4252,Y
_DSC0767.tif,3,3,1,2,4,Yuxuan,4,2340,2682,1598,1940,Adam,6,2344,2716,1611,1983,Mark,3,2294,2714,1537,1957,Y
_DSC0767.tif,3,3,1,2,5,Yuxuan,4,2372,2642,1262,1532,Adam,6,2366,2664,1258,1556,Mark,3,2370,2656,1276,1562,Y
_DSC0767.tif,3,3,1,2,6,Yuxuan,4,2293,2619,928,1254,Adam,6,2306,2634,941,1269,Mark,3,2352,2656,1029,1333,Y
_DSC0767.tif,3,3,2,1,1,Yuxuan,4,1040,1342,2238,2540,Adam,4,1060,1336,2254,2530,Mark,3,1076,1324,2266,2514,Y
_DSC0767.tif,3,3,2,1,2,Yuxuan,4,945,1293,2548,2896,Adam,4,960,1302,2544,2886,Mark,3,982,1238,2595,2851,Y
_DSC0767.tif,3,3,2,1,3,Yuxuan,4,968,1278,2904,3214,Adam,4,957,1277,2894,3214,Mark,3,934,1200,2895,3161,Y
_DSC0767.tif,3,3,2,3,1,Yuxuan,4,2464,2812,2500,2848,Adam,5,2462,2812,2506,2856,Mark,3,2504,2828,2514,2838,Y
_DSC0767.tif,3,3,2,3,2,Yuxuan,4,2360,2694,2904,3238,Adam,5,2358,2692,2856,3190,Mark,3,2400,2676,2909,3185,Y
_DSC0767.tif,3,3,2,3,3,Yuxuan,4,2408,2710,3300,3602,Adam,5,2344,2700,3269,3625,Mark,3,2404,2786,3246,3628,Y
_DSC0767.tif,3,3,3,1,1,Yuxuan,4,984,1318,3808,4142,Adam,5,938,1354,3771,4187,Mark,3,1000,1352,3799,4151,Y
_DSC0767.tif,3,3,3,1,2,Yuxuan,4,944,1310,4109,4475,Adam,5,946,1288,4136,4478,Mark,3,830,1266,4047,4483,Y
_DSC0767.tif,3,3,3,1,3,Yuxuan,4,1008,1334,4490,4816,Adam,5,968,1332,4474,4838,Mark,3,1028,1314,4498,4784,Y
_DSC0767.tif,3,3,3,3,1,Yuxuan,1,2722,3008,4078,4364,Adam,3,2749,3039,4068,4358,Mark,2,2732,3084,4041,4393,Y
_DSC0767.tif,3,3,3,3,2,Yuxuan,1,2548,2920,4285,4657,Adam,3,2536,2848,4314,4626,Mark,2,2580,2894,4308,4622,Y
_DSC0767.tif,3,3,3,3,3,Yuxuan,1,2548,2880,4669,5001,Adam,3,2500,2886,4686,5072,Mark,2,2418,2894,4570,5046,Y
_DSC0768.tif,3,3,1,2,1,Adam,5,1392,1696,648,952,Mark,3,1391,1713,668,990,Emma,3,1405,1691,686,972,Y
_DSC0768.tif,3,3,1,2,2,Adam,5,1266,1614,898,1246,Mark,3,1300,1634,914,1248,Emma,3,1295,1629,924,1258,Y
_DSC0768.tif,3,3,1,2,3,Adam,3,1236,1518,1188,1470,Mark,3,1210,1438,1220,1448,Emma,2,1266,1496,1219,1449,Y
_DSC0768.tif,3,3,2,1,4,Adam,3,1042,1362,2574,2894,Mark,2,1068,1390,2576,2898,Emma,2,1076,1362,2599,2885,Y
_DSC0768.tif,3,3,2,1,5,Adam,3,1220,1510,2321,2611,Mark,2,1209,1543,2266,2600,Emma,2,1239,1515,2324,2600,Y
_DSC0768.tif,3,3,2,1,6,Adam,3,1042,1340,2030,2328,Mark,2,1043,1329,2018,2304,Emma,2,1038,1344,2027,2333,Y
_DSC0768.tif,3,3,2,3,1,Adam,4,2347,2593,2090,2336,Mark,3,2362,2656,2095,2389,Emma,3,2362,2618,2095,2351,Y
_DSC0768.tif,3,3,2,3,2,Adam,4,2120,2448,2261,2589,Mark,3,2134,2428,2286,2580,Emma,3,2158,2462,2286,2590,Y
_DSC0768.tif,3,3,2,3,3,Adam,4,2157,2477,2604,2924,Mark,2,2181,2485,2590,2894,Emma,1,2152,2494,2595,2937,Y
_DSC0768.tif,3,3,3,1,4,Adam,4,1309,1711,4180,4582,Mark,2,1304,1790,4141,4627,Emma,1,1324,1706,4188,4570,Y
_DSC0768.tif,3,3,3,1,5,Adam,4,1388,1722,3868,4202,Mark,3,1420,1734,3903,4217,Emma,2,1382,1704,3866,4188,Y
_DSC0768.tif,3,3,3,3,1,Adam,4,2268,2566,3778,4076,Mark,2,2294,2570,3803,4079,Emma,3,2276,2570,3776,4070,Y
_DSC0768.tif,3,3,3,3,2,Adam,4,2236,2556,4046,4366,Mark,2,2281,2557,4074,4350,Emma,3,2200,2580,4023,4403,Y
_DSC0769.tif,3,3,1,2,4,Yuxuan,0,2270,2650,1508,1888,Adam,1,2284,2648,1514,1878,Mark,0,2248,2742,1443,1937,Y
_DSC0769.tif,3,3,1,2,5,Yuxuan,1,2278,2562,1179,1463,Adam,3,2224,2536,1168,1480,Mark,1,2218,2590,1138,1510,Y
_DSC0769.tif,3,3,1,2,6,Yuxuan,1,2258,2536,874,1152,Adam,4,2210,2478,875,1143,Mark,2,2248,2542,939,1233,Y
_DSC0769.tif,3,3,2,1,1,Yuxuan,1,1144,1420,2294,2570,Adam,3,1161,1413,2284,2536,Mark,1,1124,1400,2280,2556,Y
_DSC0769.tif,3,3,2,1,2,Yuxuan,1,976,1278,2468,2770,Adam,4,986,1262,2492,2768,Mark,2,962,1258,2476,2772,Y
_DSC0769.tif,3,3,2,1,3,Yuxuan,1,1032,1342,2780,3090,Adam,3,991,1347,2790,3146,Mark,1,933,1323,2762,3152,Y
_DSC0769.tif,3,3,2,3,4,Yuxuan,1,3019,3359,2984,3324,Adam,4,2935,3387,2954,3406,Mark,2,3018,3408,2909,3299,Y
_DSC0769.tif,3,3,2,3,5,Yuxuan,1,2999,3293,2634,2928,Adam,5,3005,3317,2656,2968,Mark,2,2970,3360,2566,2956,Y
_DSC0769.tif,3,3,2,3,6,Yuxuan,1,2912,3230,2324,2642,Adam,5,2935,3209,2336,2610,Mark,2,2884,3370,2257,2743,Y
_DSC0769.tif,3,3,3,1,1,Yuxuan,3,874,1198,3833,4157,Adam,6,872,1190,3821,4139,Mark,3,886,1200,3851,4165,Y
_DSC0769.tif,3,3,3,1,2,Yuxuan,3,735,1043,4118,4426,Adam,5,708,1042,4102,4436,Mark,2,762,1028,4122,4388,Y
_DSC0769.tif,3,3,3,1,3,Yuxuan,3,722,1056,4438,4772,Adam,5,688,1046,4440,4798,Mark,2,630,1000,4417,4787,Y
_DSC0769.tif,3,3,3,3,4,Yuxuan,0,2880,3268,4463,4851,Adam,0,2864,3400,4410,4946,Mark,0,2856,3380,4446,4970,Y
_DSC0769.tif,3,3,3,3,5,Yuxuan,1,2904,3252,4106,4454,Adam,4,2878,3220,4128,4470,Mark,1,2962,3314,4161,4513,Y
_DSC0769.tif,3,3,3,3,6,Yuxuan,1,2844,3162,3816,4134,Adam,3,2848,3132,3856,4140,Mark,2,2838,3084,3828,4074,Y
_DSC0770.tif,3,3,1,2,1,Emma,3,1486,1818,1110,1442,Caroline,1,1529,1805,1136,1412,JoshB,4,1544,1802,1142,1400,Y
_DSC0770.tif,3,3,1,2,2,Emma,3,1382,1714,1406,1738,Caroline,1,1412,1786,1369,1743,JoshB,4,1408,1698,1413,1703,Y
_DSC0770.tif,3,3,2,1,4,Emma,1,1067,1429,2770,3132,Caroline,0,1024,1444,2733,3153,JoshB,1,1106,1458,2790,3142,Y
_DSC0770.tif,3,3,2,1,5,Emma,2,1076,1400,2451,2775,Caroline,1,1072,1382,2436,2746,JoshB,2,1082,1392,2442,2752,Y
_DSC0770.tif,3,3,2,1,6,Emma,4,1048,1352,2114,2418,Caroline,1,1049,1341,2088,2380,JoshB,3,1062,1346,2138,2422,Y
_DSC0770.tif,3,3,2,3,1,Emma,3,2552,2846,2352,2646,Caroline,1,2546,2816,2348,2618,JoshB,3,2595,2799,2406,2610,Y
_DSC0770.tif,3,3,2,3,2,Emma,2,2443,2747,2580,2884,Caroline,1,2464,2742,2578,2856,JoshB,2,2480,2726,2614,2860,Y
_DSC0770.tif,3,3,2,3,3,Emma,2,2524,2866,2928,3270,Caroline,1,2527,2821,2928,3222,JoshB,1,2548,2862,2952,3266,Y
_DSC0770.tif,3,3,3,1,4,Emma,1,1315,1685,4218,4588,Caroline,0,1310,1682,4209,4581,JoshB,2,1340,1650,4244,4554,Y
_DSC0770.tif,3,3,3,1,5,Emma,3,1372,1676,3866,4170,Caroline,1,1366,1698,3837,4169,JoshB,2,1402,1686,3882,4166,Y
_DSC0770.tif,3,3,3,1,6,Emma,4,1276,1610,3570,3904,Caroline,1,1366,1604,3622,3860,JoshB,2,1362,1556,3666,3860,Y
_DSC0770.tif,3,3,3,3,4,Emma,3,2994,3356,4408,4770,Caroline,1,3008,3380,4411,4783,JoshB,2,3033,3323,4432,4722,Y
_DSC0770.tif,3,3,3,3,5,Emma,3,3065,3409,4074,4418,Caroline,1,3058,3424,3998,4364,JoshB,2,3057,3367,4076,4386,Y
_DSC0770.tif,3,3,3,3,6,Emma,3,2884,3256,3712,4084,Caroline,1,2877,3257,3706,4086,JoshB,2,2929,3217,3766,4054,Y
_DSC0771.tif,3,3,1,2,1,Raf,3,1478,1796,645,963,Yuxuan,3,1496,1790,698,992,Adam,6,1503,1823,648,968,Y
_DSC0771.tif,3,3,1,2,2,Raf,2,1380,1716,953,1289,Yuxuan,3,1382,1690,965,1273,Adam,4,1340,1660,957,1277,Y
_DSC0771.tif,3,3,1,2,3,Raf,2,1458,1816,1294,1652,Yuxuan,3,1508,1810,1314,1616,Adam,5,1444,1830,1310,1696,Y
_DSC0771.tif,3,3,2,1,1,Raf,2,714,1062,2043,2391,Yuxuan,2,759,1051,2056,2348,Adam,4,774,1020,2083,2329,Y
_DSC0771.tif,3,3,2,1,2,Raf,1,566,942,2266,2642,Yuxuan,1,668,922,2336,2590,Adam,4,648,886,2344,2582,Y
_DSC0771.tif,3,3,2,1,3,Raf,1,636,1072,2559,2995,Yuxuan,1,734,1052,2602,2920,Adam,4,730,1028,2599,2897,Y
_DSC0771.tif,3,3,2,3,4,Raf,1,2876,3312,2718,3154,Yuxuan,1,2909,3257,2754,3102,Adam,4,2897,3247,2760,3110,Y
_DSC0771.tif,3,3,2,3,5,Raf,2,2777,3173,2302,2698,Yuxuan,2,2864,3166,2372,2674,Adam,5,2816,3172,2366,2722,Y
_DSC0771.tif,3,3,2,3,6,Raf,3,2777,3083,2034,2340,Yuxuan,3,2753,3093,2000,2340,Adam,6,2760,3080,2016,2336,Y
_DSC0771.tif,3,3,3,1,1,Raf,3,834,1102,3670,3938,Yuxuan,3,815,1163,3610,3958,Adam,5,826,1124,3622,3920,Y
_DSC0771.tif,3,3,3,1,2,Raf,3,734,1032,3927,4225,Yuxuan,3,754,1064,3927,4237,Adam,5,700,1042,3886,4228,Y
_DSC0771.tif,3,3,3,1,3,Raf,4,764,1112,4199,4547,Yuxuan,4,818,1032,4284,4498,Adam,6,782,1056,4222,4496,Y
_DSC0771.tif,3,3,3,3,4,Raf,2,2846,3234,4283,4671,Yuxuan,1,2864,3198,4308,4642,Adam,4,2834,3220,4292,4678,Y
_DSC0771.tif,3,3,3,3,5,Raf,3,2846,3164,3971,4289,Yuxuan,4,2832,3246,3903,4317,Adam,5,2834,3168,3961,4295,Y
_DSC0771.tif,3,3,3,3,6,Raf,3,2768,3064,3690,3986,Yuxuan,3,2730,3062,3702,4034,Adam,5,2760,3058,3700,3998,Y
_DSC1014.TIF,3,3,1,1,1,JoshB,5,476,830,495,849,JoshW,4,510,810,506,806,Raf,4,476,844,496,864,Y
_DSC1014.TIF,3,3,1,1,2,JoshB,3,468,744,906,1182,JoshW,3,440,724,890,1174,Raf,3,438,724,894,1180,Y
_DSC1014.TIF,3,3,1,1,3,JoshB,2,524,810,1190,1476,JoshW,2,517,759,1210,1452,Raf,2,448,814,1161,1527,Y
_DSC1014.TIF,3,3,1,1,6,JoshB,3,863,1205,420,762,JoshW,2,862,1184,424,746,Raf,3,844,1220,398,774,Y
_DSC1014.TIF,3,3,1,3,2,JoshB,6,2276,2638,748,1110,JoshW,6,2302,2608,766,1072,Raf,6,2252,2608,730,1086,Y
_DSC1014.TIF,3,3,1,3,4,JoshB,6,2884,3132,1076,1324,JoshW,6,2889,3129,1078,1318,Raf,6,2806,3104,1042,1340,Y
_DSC1014.TIF,3,3,1,3,5,JoshB,6,2861,3205,752,1096,JoshW,6,2875,3165,782,1072,Raf,5,2846,3134,759,1047,Y
_DSC1014.TIF,3,3,1,3,6,JoshB,6,2752,3000,510,758,JoshW,4,2790,2978,539,727,Raf,4,2728,3016,481,769,Y
_DSC1014.TIF,3,3,2,2,3,JoshB,4,1172,1496,2442,2766,JoshW,4,1184,1494,2451,2761,Raf,5,1170,1498,2415,2743,Y
_DSC1014.TIF,3,3,2,2,4,JoshB,5,1866,2172,2485,2791,JoshW,4,1856,2160,2448,2752,Raf,5,1836,2132,2466,2762,Y
_DSC1014.TIF,3,3,2,2,5,JoshB,3,1848,2134,2171,2457,JoshW,3,1810,2170,2126,2486,Raf,4,1806,2122,2148,2464,Y
_DSC1014.TIF,3,3,2,2,6,JoshB,2,1696,2000,1809,2113,JoshW,2,1688,1992,1760,2064,Raf,2,1676,2004,1756,2084,Y
_DSC1014.TIF,3,3,3,1,2,JoshB,6,553,877,3712,4036,JoshW,5,566,860,3706,4000,Raf,4,586,854,3738,4006,Y
_DSC1014.TIF,3,3,3,1,4,JoshB,3,1238,1562,4131,4455,JoshW,2,1254,1554,4137,4437,Raf,3,1246,1592,4066,4412,Y
_DSC1014.TIF,3,3,3,1,5,JoshB,5,1314,1620,3674,3980,JoshW,5,1329,1619,3684,3974,Raf,5,1310,1626,3699,4015,Y
_DSC1014.TIF,3,3,3,1,6,JoshB,4,1105,1457,3284,3636,JoshW,3,1120,1436,3309,3625,Raf,4,1132,1438,3318,3624,Y
_DSC1014.TIF,3,3,3,3,1,JoshB,3,2433,2681,3446,3694,JoshW,5,2434,2692,3438,3696,Raf,4,2410,2668,3442,3700,Y
_DSC1014.TIF,3,3,3,3,2,JoshB,4,2248,2600,3775,4127,JoshW,5,2263,2591,3764,4092,Raf,4,2272,2568,3754,4050,Y
_DSC1014.TIF,3,3,3,3,3,JoshB,5,2199,2581,4074,4456,JoshW,5,2223,2529,4112,4418,Raf,5,2243,2559,4126,4442,Y
_DSC1014.TIF,3,3,3,3,6,JoshB,4,2656,2924,3308,3576,JoshW,5,2668,2908,3327,3567,Raf,4,2668,2926,3297,3555,Y
_DSC1015.TIF,3,3,1,1,2,Emma,6,382,744,562,924,Caroline,4,378,742,572,936,JoshB,6,468,686,654,872,Y
_DSC1015.TIF,3,3,1,1,4,Emma,6,982,1324,944,1286,Caroline,4,960,1318,936,1294,JoshB,6,1010,1258,981,1229,Y
_DSC1015.TIF,3,3,1,1,5,Emma,6,980,1362,638,1020,Caroline,4,1040,1318,679,957,JoshB,6,992,1286,668,962,Y
_DSC1015.TIF,3,3,1,1,6,Emma,6,867,1219,306,658,Caroline,3,890,1192,334,636,JoshB,6,900,1158,362,620,Y
_DSC1015.TIF,3,3,1,3,1,Emma,4,2428,2742,553,867,Caroline,3,2420,2722,564,866,JoshB,4,2485,2703,620,838,Y
_DSC1015.TIF,3,3,1,3,2,Emma,4,2400,2762,815,1177,Caroline,3,2404,2714,826,1136,JoshB,4,2466,2724,876,1134,Y
_DSC1015.TIF,3,3,1,3,3,Emma,5,2342,2656,1096,1410,Caroline,3,2333,2689,1040,1396,JoshB,5,2356,2642,1096,1382,Y
_DSC1015.TIF,3,3,1,3,4,Emma,5,2852,3156,1134,1438,Caroline,4,2853,3137,1136,1420,JoshB,5,2914,3114,1195,1395,Y
_DSC1015.TIF,3,3,2,2,1,Emma,5,1210,1514,1915,2219,Caroline,4,1214,1500,1936,2222,JoshB,6,1248,1496,1943,2191,Y
_DSC1015.TIF,3,3,2,2,2,Emma,6,1134,1448,2200,2514,Caroline,4,1103,1429,2206,2532,JoshB,6,1180,1410,2256,2486,Y
_DSC1015.TIF,3,3,2,2,3,Emma,5,1162,1514,2505,2857,Caroline,3,1206,1492,2546,2832,JoshB,4,1220,1486,2514,2780,Y
_DSC1015.TIF,3,3,2,2,6,Emma,4,1448,1772,1799,2123,Caroline,3,1460,1746,1825,2111,JoshB,5,1466,1724,1838,2096,Y
_DSC1015.TIF,3,3,3,1,2,Emma,4,382,830,3636,4084,Caroline,3,414,794,3646,4026,JoshB,3,410,800,3661,4051,Y
_DSC1015.TIF,3,3,3,1,4,Emma,3,1124,1514,3998,4388,Caroline,3,1158,1460,4014,4316,JoshB,4,1177,1453,4046,4322,Y
_DSC1015.TIF,3,3,3,1,5,Emma,5,1182,1534,3651,4003,Caroline,4,1219,1519,3666,3966,JoshB,5,1238,1466,3718,3946,Y
_DSC1015.TIF,3,3,3,1,6,Emma,4,1000,1438,3314,3752,Caroline,3,976,1420,3308,3752,JoshB,4,1076,1390,3380,3694,Y
_DSC1015.TIF,3,3,3,3,2,Emma,5,2210,2590,3618,3998,Caroline,4,2206,2578,3657,4029,JoshB,4,2248,2580,3651,3983,Y
_DSC1015.TIF,3,3,3,3,4,Emma,5,2752,3076,3961,4285,Caroline,4,2769,3063,3974,4268,JoshB,5,2794,3060,3990,4256,Y
_DSC1015.TIF,3,3,3,3,5,Emma,6,2803,3099,3674,3970,Caroline,5,2809,3109,3658,3958,JoshB,5,2847,3067,3708,3928,Y
_DSC1015.TIF,3,3,3,3,6,Emma,6,2790,3066,3451,3727,Caroline,4,2762,3030,3433,3701,JoshB,4,2836,3010,3509,3683,Y
_DSC1016.TIF,3,3,1,1,2,JoshB,3,430,838,677,1085,JoshW,3,447,849,664,1066,Raf,3,447,843,666,1062,Y
_DSC1016.TIF,3,3,1,1,5,JoshB,2,1219,1543,638,962,JoshW,1,1168,1526,638,996,Raf,2,1180,1568,585,973,Y
_DSC1016.TIF,3,3,1,3,2,JoshB,1,2252,2528,1058,1334,JoshW,0,2212,2544,1028,1360,Raf,0,2252,2530,1062,1340,Y
_DSC1016.TIF,3,3,1,3,5,JoshB,4,2846,3190,1076,1420,JoshW,3,2852,3200,1082,1430,Raf,3,2826,3214,1066,1454,Y
_DSC1016.TIF,3,3,2,2,1,JoshB,1,1386,1738,1742,2094,JoshW,0,1371,1699,1740,2068,Raf,1,1373,1711,1746,2084,Y
_DSC1016.TIF,3,3,2,2,6,JoshB,3,1696,1990,1724,2018,JoshW,2,1698,1982,1703,1987,Raf,4,1686,2014,1696,2024,Y
_DSC1016.TIF,3,3,3,1,1,JoshB,5,658,944,3332,3618,JoshW,6,622,948,3299,3625,Raf,5,656,934,3322,3600,Y
_DSC1016.TIF,3,3,3,1,6,JoshB,3,972,1296,3190,3514,JoshW,3,960,1296,3176,3512,Raf,3,952,1320,3168,3536,Y
_DSC1016.TIF,3,3,3,3,3,JoshB,1,2271,2623,4084,4436,JoshW,1,2250,2652,4062,4464,Raf,1,2212,2628,4032,4448,Y
_DSC1016.TIF,3,3,3,3,4,JoshB,4,3047,3333,4132,4418,JoshW,3,3025,3353,4080,4408,Raf,5,2996,3342,4086,4432,Y
_DSC1017.TIF,3,3,1,1,3,Adam,[],[],[],[],[],Mark,2,457,867,1114,1524,Emma,2,420,828,1106,1514,K
_DSC1017.TIF,3,3,1,1,4,Adam,6,986,1344,1146,1504,Mark,5,1028,1304,1181,1457,Emma,5,977,1347,1144,1514,Y
_DSC1017.TIF,3,3,1,3,1,Adam,6,2280,2630,544,894,Mark,5,2232,2690,486,944,Emma,5,2295,2657,534,896,Y
_DSC1017.TIF,3,3,1,3,6,Adam,6,2604,2968,466,830,Mark,3,2623,2985,438,800,Emma,3,2594,2994,458,858,Y
_DSC1017.TIF,3,3,2,2,2,Adam,2,1231,1603,2194,2566,Mark,2,1205,1633,2162,2590,Emma,[],[],[],[],[],K
_DSC1017.TIF,3,3,2,2,3,Adam,4,1324,1816,2555,3047,Mark,3,1410,1752,2586,2928,Emma,3,1372,1800,2552,2980,Y
_DSC1017.TIF,3,3,2,2,4,Adam,2,1983,2347,2634,2998,Mark,1,1980,2342,2580,2942,Emma,0,2000,2370,2619,2989,Y
_DSC1017.TIF,3,3,3,1,3,Adam,3,462,916,3957,4411,Mark,2,354,982,3879,4507,Emma,3,458,924,3927,4393,Y
_DSC1017.TIF,3,3,3,1,4,Adam,5,1080,1592,4062,4574,Mark,3,1052,1566,4066,4580,Emma,4,1106,1524,4090,4508,Y
_DSC1017.TIF,3,3,3,3,2,Adam,3,2284,2640,3745,4101,Mark,2,2266,2628,3703,4065,Emma,2,2248,2600,3747,4099,Y
_DSC1017.TIF,3,3,3,3,5,Adam,6,3116,3488,3615,3987,Mark,4,3114,3552,3580,4018,Emma,5,3104,3446,3627,3969,Y
_DSC1157.TIF,3,3,1,2,1,Raf,4,1766,2084,398,716,Yuxuan,3,1747,2087,406,746,Adam,6,1793,2113,372,692,Y
_DSC1157.TIF,3,3,1,2,4,Raf,2,2202,2530,1210,1538,Yuxuan,3,2206,2564,1214,1572,Adam,4,2172,2574,1206,1608,Y
_DSC1157.TIF,3,3,1,2,5,Raf,4,2142,2460,799,1117,Yuxuan,4,2110,2452,770,1112,Adam,6,2136,2514,786,1164,Y
_DSC1157.TIF,3,3,1,2,6,Raf,3,2074,2460,418,804,Yuxuan,3,2060,2440,398,778,Adam,6,2076,2440,410,774,Y
_DSC1157.TIF,3,3,2,1,2,Raf,5,626,942,2068,2384,Yuxuan,4,596,952,2028,2384,Adam,6,655,975,2060,2380,Y
_DSC1157.TIF,3,3,2,1,4,Raf,1,1330,1696,2520,2886,Yuxuan,1,1318,1706,2508,2896,Adam,3,1318,1704,2489,2875,Y
_DSC1157.TIF,3,3,2,1,5,Raf,5,1240,1588,2117,2465,Yuxuan,5,1230,1596,2122,2488,Adam,6,1247,1603,2150,2506,Y
_DSC1157.TIF,3,3,2,1,6,Raf,3,1107,1425,1766,2084,Yuxuan,3,1124,1410,1762,2048,Adam,4,1128,1432,1794,2098,Y
_DSC1157.TIF,3,3,2,3,2,Raf,5,2360,2648,2360,2648,Yuxuan,5,2352,2646,2348,2642,Adam,6,2366,2670,2352,2656,Y
_DSC1157.TIF,3,3,2,3,4,Raf,3,2906,3224,2678,2996,Yuxuan,3,2896,3246,2642,2992,Adam,4,2902,3258,2664,3020,Y
_DSC1157.TIF,3,3,2,3,5,Raf,4,2826,3164,2261,2599,Yuxuan,3,2848,3166,2293,2611,Adam,6,2856,3162,2306,2612,Y
_DSC1157.TIF,3,3,2,3,6,Raf,4,2747,3075,1984,2312,Yuxuan,3,2745,3079,1968,2302,Adam,6,2744,3094,1990,2340,Y
_DSC1157.TIF,3,3,3,1,2,Raf,1,844,1142,3887,4185,Yuxuan,1,851,1159,3872,4180,Adam,4,834,1176,3875,4217,Y
_DSC1157.TIF,3,3,3,1,4,Raf,3,1375,1701,4126,4452,Yuxuan,3,1404,1746,4121,4463,Adam,5,1384,1712,4157,4485,Y
_DSC1157.TIF,3,3,3,1,5,Raf,3,1350,1656,3804,4110,Yuxuan,3,1345,1647,3816,4118,Adam,5,1324,1652,3797,4125,Y
_DSC1157.TIF,3,3,3,1,6,Raf,2,1260,1538,3540,3818,Yuxuan,3,1222,1596,3466,3840,Adam,4,1228,1578,3485,3835,Y
_DSC1157.TIF,3,3,3,3,1,Raf,3,2485,2783,3620,3918,Yuxuan,3,2456,2790,3610,3944,Adam,6,2478,2790,3608,3920,Y
_DSC1157.TIF,3,3,3,3,4,Raf,4,2897,3213,4364,4680,Yuxuan,3,2893,3249,4364,4720,Adam,3,2890,3202,4388,4700,Y
_DSC1157.TIF,3,3,3,3,5,Raf,5,2806,3144,3941,4279,Yuxuan,5,2800,3206,3915,4321,Adam,6,2852,3194,3956,4298,Y
_DSC1157.TIF,3,3,3,3,6,Raf,3,2758,3024,3666,3932,Yuxuan,3,2719,3043,3626,3950,Adam,5,2752,3020,3659,3927,Y
_DSC1158.TIF,3,3,1,2,3,Emma,2,1848,2152,1214,1518,Caroline,1,1864,2150,1202,1488,JoshB,2,1876,2134,1233,1491,Y
_DSC1158.TIF,3,3,1,2,4,Emma,4,2400,2676,1190,1466,Caroline,3,2420,2682,1182,1444,JoshB,4,2342,2646,1148,1452,Y
_DSC1158.TIF,3,3,1,2,5,Emma,4,2370,2638,928,1196,Caroline,3,2368,2622,906,1160,JoshB,3,2362,2628,930,1196,Y
_DSC1158.TIF,3,3,1,2,6,Emma,3,2294,2552,676,934,Caroline,3,2294,2532,652,890,JoshB,3,2324,2562,691,929,Y
_DSC1158.TIF,3,3,2,1,3,Emma,3,630,990,2258,2618,Caroline,2,628,1000,2238,2610,JoshB,2,638,972,2256,2590,Y
_DSC1158.TIF,3,3,2,1,4,Emma,4,1410,1780,2167,2537,Caroline,3,1382,1786,2123,2527,JoshB,3,1458,1724,2205,2471,Y
_DSC1158.TIF,3,3,2,1,5,Emma,4,1324,1676,1847,2199,Caroline,3,1342,1642,1826,2126,JoshB,3,1362,1648,1876,2162,Y
_DSC1158.TIF,3,3,2,1,6,Emma,3,1172,1524,1424,1776,Caroline,2,1210,1528,1412,1730,JoshB,2,1228,1486,1461,1719,Y
_DSC1158.TIF,3,3,2,3,2,Emma,5,2238,2628,2357,2747,Caroline,4,2254,2634,2341,2721,JoshB,5,2324,2590,2414,2680,Y
_DSC1158.TIF,3,3,2,3,4,Emma,2,2894,3284,2776,3166,Caroline,3,2888,3300,2730,3142,JoshB,2,2914,3228,2809,3123,Y
_DSC1158.TIF,3,3,2,3,5,Emma,6,2876,3256,2405,2785,Caroline,4,2883,3289,2364,2770,JoshB,5,2890,3204,2438,2752,Y
_DSC1158.TIF,3,3,2,3,6,Emma,4,2762,3122,2063,2423,Caroline,3,2750,3114,2040,2404,JoshB,4,2772,3056,2086,2370,Y
_DSC1158.TIF,3,3,3,1,2,Emma,4,638,934,3722,4018,Caroline,4,609,957,3658,4006,JoshB,5,643,901,3712,3970,Y
_DSC1158.TIF,3,3,3,1,4,Emma,2,1228,1696,3931,4399,Caroline,3,1246,1650,3943,4347,JoshB,2,1304,1620,3993,4309,Y
_DSC1158.TIF,3,3,3,1,5,Emma,5,1248,1610,3627,3989,Caroline,4,1243,1583,3626,3966,JoshB,5,1315,1561,3666,3912,Y
_DSC1158.TIF,3,3,3,1,6,Emma,3,1096,1504,3295,3703,Caroline,3,1128,1500,3305,3677,JoshB,3,1152,1458,3351,3657,Y
_DSC1158.TIF,3,3,3,3,2,Emma,2,2332,2666,3870,4204,Caroline,2,2356,2666,3875,4185,JoshB,1,2362,2628,3894,4160,Y
_DSC1158.TIF,3,3,3,3,4,Emma,3,2942,3314,4226,4598,Caroline,3,2963,3297,4196,4530,JoshB,3,2942,3284,4232,4574,Y
_DSC1158.TIF,3,3,3,3,5,Emma,4,2924,3294,3851,4221,Caroline,3,2920,3268,3832,4180,JoshB,4,2980,3238,3898,4156,Y
_DSC1158.TIF,3,3,3,3,6,Emma,3,2780,3122,3599,3941,Caroline,2,2792,3134,3582,3924,JoshB,4,2855,3085,3636,3866,Y
_DSC1159.TIF,3,3,1,2,3,Raf,1,1646,1924,913,1191,Yuxuan,1,1516,1912,854,1250,Adam,3,1584,1964,867,1247,Y
_DSC1159.TIF,3,3,1,2,4,Raf,2,2400,2698,977,1275,Yuxuan,4,2364,2674,972,1282,Adam,5,2374,2722,957,1305,Y
_DSC1159.TIF,3,3,2,1,1,Raf,1,839,1127,1408,1696,Yuxuan,0,783,1139,1374,1730,Adam,3,804,1138,1381,1715,Y
_DSC1159.TIF,3,3,2,1,6,Raf,2,1240,1548,1413,1721,Yuxuan,3,1214,1548,1428,1762,Adam,5,1217,1567,1384,1734,Y
_DSC1159.TIF,3,3,2,3,1,Raf,1,2426,2722,1618,1914,Yuxuan,1,2460,2762,1686,1988,Adam,3,2433,2775,1614,1956,Y
_DSC1159.TIF,3,3,2,3,6,Raf,2,2781,3049,1656,1924,Yuxuan,3,2721,3079,1634,1992,Adam,5,2752,3064,1652,1964,Y
_DSC1159.TIF,3,3,3,1,2,Raf,1,666,1112,3600,4046,Yuxuan,1,730,1072,3661,4003,Adam,2,722,1132,3615,4025,Y
_DSC1159.TIF,3,3,3,1,5,Raf,4,1320,1696,3605,3981,Yuxuan,3,1310,1650,3599,3939,Adam,5,1310,1734,3599,4023,Y
_DSC1159.TIF,3,3,3,3,3,Raf,1,2152,2578,4269,4695,Yuxuan,3,2150,2524,4291,4665,Adam,3,2169,2555,4314,4700,Y
_DSC1159.TIF,3,3,3,3,4,Raf,4,2816,3234,4169,4587,Yuxuan,4,2872,3214,4204,4546,Adam,5,2872,3296,4173,4597,Y
_DSC1160.TIF,3,3,1,2,3,Caroline,1,1476,1896,882,1302,JoshB,3,1420,1838,877,1295,JoshW,2,1410,1784,906,1280,Y
_DSC1160.TIF,3,3,1,2,4,Caroline,2,2118,2508,952,1342,JoshB,3,2162,2514,972,1324,JoshW,2,2160,2480,976,1296,Y
_DSC1160.TIF,3,3,2,1,2,Caroline,1,604,936,2028,2360,JoshB,2,638,876,2085,2323,JoshW,1,611,889,2052,2330,Y
_DSC1160.TIF,3,3,2,1,5,Caroline,2,1286,1588,1884,2186,JoshB,3,1304,1572,1909,2177,JoshW,2,1286,1560,1896,2170,Y
_DSC1160.TIF,3,3,2,3,2,Caroline,1,2198,2580,1928,2310,JoshB,1,2248,2562,1972,2286,JoshW,1,2249,2539,1992,2282,Y
_DSC1160.TIF,3,3,2,3,5,Caroline,4,2920,3230,1936,2246,JoshB,4,2904,3218,1933,2247,JoshW,5,2911,3199,1940,2228,Y
_DSC1160.TIF,3,3,3,1,1,Caroline,1,976,1286,3498,3808,JoshB,2,995,1281,3542,3828,JoshW,1,944,1276,3514,3846,Y
_DSC1160.TIF,3,3,3,1,6,Caroline,1,1302,1612,3443,3753,JoshB,2,1372,1600,3494,3722,JoshW,2,1340,1596,3479,3735,Y
_DSC1160.TIF,3,3,3,3,2,Caroline,1,2064,2452,3658,4046,JoshB,1,2137,2461,3712,4036,JoshW,0,2126,2432,3700,4006,Y
_DSC1160.TIF,3,3,3,3,5,Caroline,4,2904,3308,3709,4113,JoshB,5,2932,3238,3746,4052,JoshW,4,2946,3246,3762,4062,Y
_DSC1332.TIF,3,3,1,2,1,Adam,6,1384,1712,432,760,Mark,4,1420,1704,482,766,Emma,4,1401,1705,458,762,Y
_DSC1332.TIF,3,3,1,2,2,Adam,6,1376,1682,737,1043,Mark,6,1372,1724,725,1077,Emma,5,1371,1657,772,1058,Y
_DSC1332.TIF,3,3,1,2,3,Adam,6,1403,1729,1028,1354,Mark,5,1438,1704,1077,1343,Emma,4,1438,1734,1038,1334,Y
_DSC1332.TIF,3,3,1,2,5,Adam,6,1860,2298,641,1079,Mark,4,1848,2210,638,1000,Emma,4,1886,2172,686,972,Y
_DSC1332.TIF,3,3,2,1,1,Adam,6,667,979,1748,2060,Mark,4,638,944,1775,2081,Emma,5,658,944,1799,2085,Y
_DSC1332.TIF,3,3,2,1,2,Adam,5,656,1034,2028,2406,Mark,3,676,1068,2042,2434,Emma,3,658,1030,2056,2428,Y
_DSC1332.TIF,3,3,2,1,3,Adam,6,670,1028,2399,2757,Mark,2,648,1058,2400,2810,Emma,3,686,1038,2395,2747,Y
_DSC1332.TIF,3,3,2,1,6,Adam,6,924,1206,1618,1900,Mark,3,972,1248,1658,1934,Emma,4,914,1228,1629,1943,Y
_DSC1332.TIF,3,3,2,3,1,Adam,5,2180,2522,1874,2216,Mark,4,2172,2562,1871,2261,Emma,4,2186,2518,1886,2218,Y
_DSC1332.TIF,3,3,2,3,2,Adam,6,2106,2514,2180,2588,Mark,5,2104,2590,2147,2633,Emma,5,2134,2514,2195,2575,Y
_DSC1332.TIF,3,3,2,3,3,Adam,5,2194,2574,2544,2924,Mark,3,2180,2600,2513,2933,Emma,2,2200,2562,2542,2904,Y
_DSC1332.TIF,3,3,2,3,5,Adam,6,2848,3176,2053,2381,Mark,5,2732,3238,1956,2462,Emma,5,2828,3170,2047,2389,Y
_DSC1332.TIF,3,3,3,1,1,Adam,6,882,1232,3340,3690,Mark,5,772,1296,3289,3813,Emma,5,848,1228,3342,3722,Y
_DSC1332.TIF,3,3,3,1,4,Adam,1,1392,1852,4002,4462,Mark,1,1386,1870,4028,4512,Emma,0,1372,1772,4008,4408,Y
_DSC1332.TIF,3,3,3,1,5,Adam,3,1376,1868,3506,3998,Mark,2,1334,1856,3476,3998,Emma,3,1419,1809,3560,3950,Y
_DSC1332.TIF,3,3,3,3,1,Adam,6,2232,2574,3459,3801,Mark,4,2266,2628,3470,3832,Emma,5,2210,2608,3423,3821,Y
_DSC1332.TIF,3,3,3,3,2,Adam,4,2101,2473,3756,4128,Mark,3,2090,2472,3722,4104,Emma,3,2094,2466,3770,4142,Y
_DSC1332.TIF,3,3,3,3,3,Adam,4,2128,2506,4113,4491,Mark,3,2094,2514,4117,4537,Emma,2,2134,2494,4128,4488,Y
_DSC1332.TIF,3,3,3,3,6,Adam,6,2610,2916,3424,3730,Mark,3,2585,2851,3456,3722,Emma,4,2595,2937,3418,3760,Y
_DSC1333.TIF,3,3,1,2,2,Mark,5,1428,1886,724,1182,Emma,5,1400,1914,729,1243,Caroline,3,1428,1888,734,1194,Y
_DSC1333.TIF,3,3,1,2,4,Mark,2,2124,2504,1110,1490,Emma,1,2104,2524,1114,1534,Caroline,1,2126,2548,1063,1485,Y
_DSC1333.TIF,3,3,1,2,5,Mark,5,2028,2552,667,1191,Emma,4,2081,2461,744,1124,Caroline,3,2090,2472,730,1112,Y
_DSC1333.TIF,3,3,1,2,6,Mark,5,2000,2400,382,782,Emma,4,2018,2324,429,735,Caroline,2,2016,2318,409,711,Y
_DSC1333.TIF,3,3,2,1,1,Mark,4,906,1266,1877,2237,Emma,4,886,1248,1838,2200,Caroline,3,866,1238,1822,2194,Y
_DSC1333.TIF,3,3,2,1,4,Mark,3,1372,1818,2491,2937,Emma,3,1352,1752,2518,2918,Caroline,2,1366,1762,2519,2915,Y
_DSC1333.TIF,3,3,2,1,5,Mark,4,1248,1752,2033,2537,Emma,5,1324,1734,2085,2495,Caroline,3,1341,1683,2110,2452,Y
_DSC1333.TIF,3,3,2,1,6,Mark,4,1190,1562,1743,2115,Emma,4,1228,1572,1789,2133,Caroline,3,1222,1564,1785,2127,Y
_DSC1333.TIF,3,3,2,3,1,Mark,5,2272,2642,2010,2380,Emma,4,2248,2618,2024,2394,Caroline,4,2278,2610,2028,2360,Y
_DSC1333.TIF,3,3,2,3,2,Mark,5,2162,2494,2309,2641,Emma,4,2142,2504,2304,2666,Caroline,4,2174,2468,2281,2575,Y
_DSC1333.TIF,3,3,2,3,3,Mark,1,2218,2638,2556,2976,Emma,1,2218,2580,2594,2956,Caroline,2,2233,2591,2578,2936,Y
_DSC1333.TIF,3,3,2,3,5,Mark,4,2762,3142,2105,2485,Emma,5,2814,3138,2162,2486,Caroline,4,2824,3126,2134,2436,Y
_DSC1333.TIF,3,3,3,1,2,Mark,6,744,1304,3761,4321,Emma,6,858,1248,3870,4260,Caroline,5,886,1218,3856,4188,Y
_DSC1333.TIF,3,3,3,1,4,Mark,1,1481,1899,4094,4512,Emma,0,1534,1896,4107,4469,Caroline,0,1552,1916,4086,4450,Y
_DSC1333.TIF,3,3,3,1,5,Mark,6,1500,1880,3732,4112,Emma,6,1496,1886,3751,4141,Caroline,5,1551,1877,3744,4070,Y
_DSC1333.TIF,3,3,3,1,6,Mark,5,1286,1800,3404,3918,Emma,4,1372,1724,3508,3860,Caroline,3,1374,1714,3491,3831,Y
_DSC1333.TIF,3,3,3,3,3,Mark,4,2190,2694,4341,4845,Emma,4,2248,2704,4370,4826,Caroline,1,2302,2682,4407,4787,Y
_DSC1333.TIF,3,3,3,3,4,Mark,4,2808,3266,4222,4680,Emma,4,2962,3304,4318,4660,Caroline,2,2960,3300,4316,4656,Y
_DSC1333.TIF,3,3,3,3,5,Mark,3,2800,3284,3842,4326,Emma,3,2856,3276,3898,4318,Caroline,2,2865,3229,3928,4292,Y
_DSC1333.TIF,3,3,3,3,6,Mark,2,2618,3170,3499,4051,Emma,2,2704,3076,3565,3937,Caroline,1,2714,3032,3570,3888,Y
_DSC1334.TIF,3,3,1,2,1,Adam,6,1562,1852,525,815,Mark,5,1504,1972,447,915,Emma,6,1542,1838,534,830,Y
_DSC1334.TIF,3,3,1,2,6,Adam,3,1831,2173,424,766,Mark,3,1828,2172,443,787,Emma,2,1863,2195,420,752,Y
_DSC1334.TIF,3,3,2,1,1,Adam,6,744,1080,1714,2050,Mark,5,785,1081,1704,2000,Emma,5,715,1105,1686,2076,Y
_DSC1334.TIF,3,3,2,3,1,Adam,2,2514,2900,1783,2169,Mark,0,2552,2866,1824,2138,Emma,1,2528,2938,1780,2190,Y
_DSC1334.TIF,3,3,2,3,6,Adam,5,2935,3269,1868,2202,Mark,4,2942,3322,1810,2190,Emma,4,2933,3333,1848,2248,Y
_DSC1334.TIF,3,3,3,1,2,Adam,3,848,1220,3585,3957,Mark,1,790,1238,3456,3904,Emma,1,858,1220,3579,3941,Y
_DSC1334.TIF,3,3,3,1,5,Adam,5,1443,1801,3518,3876,Mark,4,1410,1772,3556,3918,Emma,3,1382,1800,3504,3922,Y
_DSC1334.TIF,3,3,3,3,2,Adam,3,2440,2760,3805,4125,Mark,2,2410,2828,3742,4160,Emma,1,2419,2799,3780,4160,Y
_DSC1334.TIF,3,3,3,3,5,Adam,6,3020,3370,3868,4218,Mark,5,2952,3418,3832,4298,Emma,6,3004,3404,3846,4246,Y
_DSC1335.TIF,3,3,1,2,3,Raf,2,1499,1855,884,1240,Yuxuan,3,1513,1837,922,1246,Adam,3,1488,1852,878,1242,Y
_DSC1335.TIF,3,3,1,2,4,Raf,0,2157,2455,952,1250,Yuxuan,1,2174,2468,952,1246,Adam,2,2120,2462,890,1232,Y
_DSC1335.TIF,3,3,2,1,2,Raf,0,596,934,2122,2460,Yuxuan,1,556,922,2075,2441,Adam,1,552,960,2091,2499,Y
_DSC1335.TIF,3,3,2,1,5,Raf,4,1428,1786,1954,2312,Yuxuan,3,1456,1790,1976,2310,Adam,5,1439,1819,1956,2336,Y
_DSC1335.TIF,3,3,2,3,2,Raf,2,2232,2550,2330,2648,Yuxuan,1,2286,2594,2325,2633,Adam,3,2268,2558,2350,2640,Y
_DSC1335.TIF,3,3,2,3,5,Raf,4,2976,3272,2262,2558,Yuxuan,4,2972,3304,2254,2586,Adam,5,2946,3302,2251,2607,Y
_DSC1335.TIF,3,3,3,1,1,Raf,3,734,1122,3475,3863,Yuxuan,3,766,1116,3506,3856,Adam,4,752,1138,3485,3871,Y
_DSC1335.TIF,3,3,3,1,6,Raf,0,1200,1518,3441,3759,Yuxuan,1,1219,1567,3412,3760,Adam,1,1227,1547,3428,3748,Y
_DSC1335.TIF,3,3,3,3,3,Raf,3,2222,2628,4314,4720,Yuxuan,3,2206,2642,4284,4720,Adam,4,2206,2660,4336,4790,Y
_DSC1335.TIF,3,3,3,3,4,Raf,0,2866,3234,4279,4647,Yuxuan,1,2912,3206,4308,4602,Adam,2,2842,3266,4270,4694,Y
_DSC1646.tif,4,4,1,1,1,JoshB,3,1168,1314,102,248,JoshW,2,1169,1301,90,222,Raf,4,1167,1313,86,232,Y
_DSC1646.tif,4,4,1,1,2,JoshB,0,1060,1244,232,416,JoshW,0,1054,1218,236,400,Raf,0,1038,1230,222,414,Y
_DSC1646.tif,4,4,1,1,3,JoshB,4,972,1162,379,569,JoshW,5,986,1146,397,557,Raf,4,972,1170,374,572,Y
_DSC1646.tif,4,4,1,1,4,JoshB,0,1016,1200,576,760,JoshW,0,1018,1192,572,746,Raf,0,986,1198,552,764,Y
_DSC1646.tif,4,4,1,1,5,JoshB,2,1328,1492,617,781,JoshW,2,1318,1500,609,791,Raf,1,1316,1534,595,813,Y
_DSC1646.tif,4,4,1,1,6,JoshB,2,1448,1594,486,632,JoshW,0,1436,1596,453,613,Raf,1,1422,1580,458,616,Y
_DSC1646.tif,4,4,1,1,7,JoshB,4,1352,1556,248,452,JoshW,4,1358,1514,271,427,Raf,4,1356,1522,262,428,Y
_DSC1646.tif,4,4,1,1,8,JoshB,0,1359,1487,140,268,JoshW,0,1318,1452,116,250,Raf,0,1324,1468,134,278,Y
_DSC1646.tif,4,4,1,2,1,JoshB,3,1968,2126,61,219,JoshW,4,1968,2118,66,216,Raf,4,1950,2130,63,243,Y
_DSC1646.tif,4,4,1,2,2,JoshB,0,1872,2050,204,382,JoshW,0,1866,2012,194,340,Raf,0,1858,2044,196,382,Y
_DSC1646.tif,4,4,1,2,3,JoshB,4,1784,1988,363,567,JoshW,6,1792,1968,376,552,Raf,5,1803,1973,372,542,Y
_DSC1646.tif,4,4,1,2,4,JoshB,0,1854,2076,556,778,JoshW,0,1874,2050,564,740,Raf,0,1865,2037,570,742,Y
_DSC1646.tif,4,4,1,2,5,JoshB,4,2172,2368,601,797,JoshW,4,2174,2360,609,795,Raf,4,2176,2388,586,798,Y
_DSC1646.tif,4,4,1,2,6,JoshB,0,2298,2514,438,654,JoshW,0,2310,2478,474,642,Raf,0,2274,2506,427,659,Y
_DSC1646.tif,4,4,1,2,7,JoshB,4,2210,2400,299,489,JoshW,5,2213,2387,312,486,Raf,5,2219,2383,306,470,Y
_DSC1646.tif,4,4,1,2,8,JoshB,0,2164,2318,139,293,JoshW,0,2156,2320,138,302,Raf,0,2192,2364,134,306,Y
_DSC1646.tif,4,4,1,3,1,JoshB,0,2996,3154,75,233,JoshW,0,2974,3142,60,228,Raf,0,2976,3140,65,229,Y
_DSC1646.tif,4,4,1,3,2,JoshB,3,2917,3101,242,426,JoshW,4,2906,3086,236,416,Raf,4,2910,3102,238,430,Y
_DSC1646.tif,4,4,1,3,3,JoshB,0,2870,3060,413,603,JoshW,0,2838,3032,415,609,Raf,0,2890,3068,408,586,Y
_DSC1646.tif,4,4,1,3,4,JoshB,1,2901,3105,578,782,JoshW,2,2920,3092,597,769,Raf,1,2912,3092,582,762,Y
_DSC1646.tif,4,4,1,3,5,JoshB,0,3268,3414,607,753,JoshW,0,3234,3414,586,766,Raf,0,3260,3472,562,774,Y
_DSC1646.tif,4,4,1,3,6,JoshB,4,3306,3498,403,595,JoshW,5,3292,3492,398,598,Raf,5,3286,3490,388,592,Y
_DSC1646.tif,4,4,1,3,7,JoshB,0,3282,3460,211,389,JoshW,0,3264,3448,216,400,Raf,0,3260,3464,203,407,Y
_DSC1646.tif,4,4,1,3,8,JoshB,4,3186,3384,38,236,JoshW,3,3156,3352,40,236,Raf,4,3170,3362,40,232,Y
_DSC1646.tif,4,4,1,4,1,JoshB,0,3890,4036,68,214,JoshW,0,3856,4010,60,214,Raf,0,3862,4032,48,218,Y
_DSC1646.tif,4,4,1,4,2,JoshB,3,3820,3980,206,366,JoshW,3,3816,3962,205,351,Raf,4,3787,3973,192,378,Y
_DSC1646.tif,4,4,1,4,3,JoshB,0,3790,3960,341,511,JoshW,0,3780,3928,350,498,Raf,0,3728,3960,312,544,Y
_DSC1646.tif,4,4,1,4,4,JoshB,4,3796,3966,528,698,JoshW,4,3793,3957,518,682,Raf,4,3794,3986,510,702,Y
_DSC1646.tif,4,4,1,4,5,JoshB,0,4176,4290,592,706,JoshW,0,4116,4292,551,727,Raf,0,4132,4318,523,709,Y
_DSC1646.tif,4,4,1,4,6,JoshB,4,4176,4366,379,569,JoshW,3,4162,4348,367,553,Raf,4,4172,4350,378,556,Y
_DSC1646.tif,4,4,1,4,7,JoshB,0,4196,4354,233,391,JoshW,0,4170,4312,249,391,Raf,0,4166,4344,219,397,Y
_DSC1646.tif,4,4,1,4,8,JoshB,5,4105,4259,108,262,JoshW,4,4092,4242,106,256,Raf,5,4092,4258,86,252,Y
_DSC1646.tif,4,4,2,1,1,JoshB,2,1112,1252,1004,1144,JoshW,0,1092,1248,994,1150,Raf,1,1098,1264,979,1145,Y
_DSC1646.tif,4,4,2,1,2,JoshB,0,1042,1194,1153,1305,JoshW,0,1025,1147,1146,1268,Raf,0,1006,1190,1122,1306,Y
_DSC1646.tif,4,4,2,1,3,JoshB,1,972,1150,1270,1448,JoshW,0,977,1117,1278,1418,Raf,1,980,1158,1260,1438,Y
_DSC1646.tif,4,4,2,1,4,JoshB,1,1060,1220,1428,1588,JoshW,0,1054,1204,1408,1558,Raf,0,1038,1218,1392,1572,Y
_DSC1646.tif,4,4,2,1,5,JoshB,3,1298,1482,1410,1594,JoshW,3,1290,1448,1428,1586,Raf,4,1298,1462,1416,1580,Y
_DSC1646.tif,4,4,2,1,6,JoshB,0,1410,1562,1302,1454,JoshW,0,1392,1542,1296,1446,Raf,0,1362,1534,1273,1445,Y
_DSC1646.tif,4,4,2,1,7,JoshB,3,1328,1498,1131,1301,JoshW,3,1326,1496,1136,1306,Raf,4,1322,1494,1121,1293,Y
_DSC1646.tif,4,4,2,1,8,JoshB,0,1314,1466,1003,1155,JoshW,0,1291,1459,978,1146,Raf,0,1296,1482,982,1168,Y
_DSC1646.tif,4,4,2,2,1,JoshB,2,1988,2172,971,1155,JoshW,3,1992,2154,975,1137,Raf,4,1981,2153,960,1132,Y
_DSC1646.tif,4,4,2,2,2,JoshB,1,1848,2032,1102,1286,JoshW,0,1842,1998,1108,1264,Raf,1,1832,2016,1092,1276,Y
_DSC1646.tif,4,4,2,2,3,JoshB,2,1854,2082,1257,1485,JoshW,2,1864,2072,1264,1472,Raf,3,1858,2050,1257,1449,Y
_DSC1646.tif,4,4,2,2,4,JoshB,1,1854,2064,1428,1638,JoshW,0,1869,2037,1464,1632,Raf,1,1884,2050,1449,1615,Y
_DSC1646.tif,4,4,2,2,5,JoshB,3,2178,2336,1477,1635,JoshW,3,2150,2338,1453,1641,Raf,3,2149,2361,1448,1660,Y
_DSC1646.tif,4,4,2,2,6,JoshB,0,2288,2460,1308,1480,JoshW,0,2272,2438,1304,1470,Raf,0,2242,2454,1266,1478,Y
_DSC1646.tif,4,4,2,2,7,JoshB,3,2207,2365,1144,1302,JoshW,3,2210,2372,1132,1294,Raf,4,2196,2380,1118,1302,Y
_DSC1646.tif,4,4,2,2,8,JoshB,0,2196,2336,997,1137,JoshW,0,2172,2324,957,1109,Raf,0,2162,2354,946,1138,Y
_DSC1646.tif,4,4,2,3,1,JoshB,0,3024,3208,928,1112,JoshW,0,2990,3176,890,1076,Raf,0,2988,3140,923,1075,Y
_DSC1646.tif,4,4,2,3,2,JoshB,4,2945,3123,1074,1252,JoshW,5,2933,3115,1064,1246,Raf,4,2948,3120,1082,1254,Y
_DSC1646.tif,4,4,2,3,3,JoshB,0,2838,3104,1210,1476,JoshW,0,2892,3078,1241,1427,Raf,0,2890,3082,1253,1445,Y
_DSC1646.tif,4,4,2,3,4,JoshB,2,2888,3092,1476,1680,JoshW,2,2881,3053,1478,1650,Raf,2,2890,3082,1468,1660,Y
_DSC1646.tif,4,4,2,3,5,JoshB,0,3250,3472,1460,1682,JoshW,0,3256,3420,1502,1666,Raf,0,3272,3432,1504,1664,Y
_DSC1646.tif,4,4,2,3,6,JoshB,5,3320,3490,1337,1507,JoshW,5,3316,3482,1348,1514,Raf,5,3306,3478,1343,1515,Y
_DSC1646.tif,4,4,2,3,7,JoshB,0,3288,3490,1140,1342,JoshW,0,3314,3478,1157,1321,Raf,0,3303,3475,1178,1350,Y
_DSC1646.tif,4,4,2,3,8,JoshB,5,3230,3396,971,1137,JoshW,6,3215,3383,972,1140,Raf,5,3190,3416,926,1152,Y
_DSC1646.tif,4,4,3,1,1,JoshB,4,1130,1302,1825,1997,JoshW,5,1150,1296,1836,1982,Raf,5,1138,1296,1829,1987,Y
_DSC1646.tif,4,4,3,1,2,JoshB,0,1068,1244,1979,2155,JoshW,0,1054,1200,1982,2128,Raf,0,1078,1224,1984,2130,Y
_DSC1646.tif,4,4,3,1,3,JoshB,4,1004,1174,2125,2295,JoshW,6,1002,1166,2122,2286,Raf,5,992,1170,2120,2298,Y
_DSC1646.tif,4,4,3,1,4,JoshB,0,1028,1194,2303,2469,JoshW,0,1009,1177,2296,2464,Raf,0,1036,1214,2328,2506,Y
_DSC1646.tif,4,4,3,1,5,JoshB,5,1328,1524,2340,2536,JoshW,5,1346,1504,2353,2511,Raf,5,1350,1522,2357,2529,Y
_DSC1646.tif,4,4,3,1,6,JoshB,0,1390,1588,2177,2375,JoshW,0,1405,1543,2200,2338,Raf,0,1350,1568,2149,2367,Y
_DSC1646.tif,4,4,3,1,7,JoshB,4,1346,1536,2016,2206,JoshW,5,1365,1525,2028,2188,Raf,5,1350,1528,2023,2201,Y
_DSC1646.tif,4,4,3,1,8,JoshB,0,1366,1524,1874,2032,JoshW,0,1336,1496,1840,2000,Raf,0,1304,1468,1846,2010,Y
_DSC1646.tif,4,4,3,2,1,JoshB,3,1993,2153,1796,1956,JoshW,1,2000,2146,1800,1946,Raf,3,1984,2150,1805,1971,Y
_DSC1646.tif,4,4,3,2,2,JoshB,0,1880,2134,1939,2193,JoshW,0,1900,2068,1960,2128,Raf,0,1926,2090,1958,2122,Y
_DSC1646.tif,4,4,3,2,3,JoshB,3,1880,2082,2121,2323,JoshW,3,1887,2055,2138,2306,Raf,4,1884,2076,2116,2308,Y
_DSC1646.tif,4,4,3,2,4,JoshB,0,1988,2158,2298,2468,JoshW,0,1970,2136,2304,2470,Raf,0,1964,2168,2276,2480,Y
_DSC1646.tif,4,4,3,2,5,JoshB,3,2252,2450,2234,2432,JoshW,2,2264,2438,2259,2433,Raf,3,2262,2454,2248,2440,Y
_DSC1646.tif,4,4,3,2,6,JoshB,0,2329,2507,2094,2272,JoshW,0,2341,2483,2100,2242,Raf,0,2254,2500,2072,2318,Y
_DSC1646.tif,4,4,3,2,7,JoshB,5,2247,2413,1974,2140,JoshW,4,2264,2400,1986,2122,Raf,5,2262,2434,1951,2123,Y
_DSC1646.tif,4,4,3,2,8,JoshB,0,2159,2343,1804,1988,JoshW,0,2157,2335,1796,1974,Raf,0,2188,2368,1791,1971,Y
_DSC1646.tif,4,4,3,3,1,JoshB,0,3016,3180,1752,1916,JoshW,0,3024,3192,1750,1918,Raf,0,3016,3186,1740,1910,Y
_DSC1646.tif,4,4,3,3,2,JoshB,2,2920,3098,1905,2083,JoshW,1,2938,3088,1907,2057,Raf,2,2916,3094,1898,2076,Y
_DSC1646.tif,4,4,3,3,3,JoshB,0,2856,3054,2069,2267,JoshW,0,2865,3057,2082,2274,Raf,0,2856,3034,2070,2248,Y
_DSC1646.tif,4,4,3,3,4,JoshB,1,2856,3078,2317,2539,JoshW,0,2852,3038,2338,2524,Raf,1,2862,3074,2317,2529,Y
_DSC1646.tif,4,4,3,3,5,JoshB,0,3300,3460,2313,2473,JoshW,0,3306,3488,2287,2469,Raf,0,3272,3484,2254,2466,Y
_DSC1646.tif,4,4,3,3,6,JoshB,0,3390,3580,2105,2295,JoshW,0,3402,3606,2083,2287,Raf,0,3392,3570,2099,2277,Y
_DSC1646.tif,4,4,3,3,7,JoshB,1,3320,3498,1898,2076,JoshW,0,3320,3506,1906,2092,Raf,0,3313,3505,1884,2076,Y
_DSC1646.tif,4,4,3,3,8,JoshB,4,3224,3390,1748,1914,JoshW,3,3220,3370,1754,1904,Raf,4,3196,3402,1726,1932,Y
_DSC1646.tif,4,4,3,4,1,JoshB,0,3958,4148,1714,1904,JoshW,0,3970,4120,1728,1878,Raf,0,3946,4132,1722,1908,Y
_DSC1646.tif,4,4,3,4,2,JoshB,3,3866,4062,1864,2060,JoshW,3,3892,4056,1879,2043,Raf,3,3900,4060,1897,2057,Y
_DSC1646.tif,4,4,3,4,3,JoshB,0,3852,4088,2046,2282,JoshW,0,3877,4045,2056,2224,Raf,0,3848,4046,2060,2258,Y
_DSC1646.tif,4,4,3,4,4,JoshB,3,3871,4093,2254,2476,JoshW,4,3875,4057,2272,2454,Raf,3,3878,4076,2268,2466,Y
_DSC1646.tif,4,4,3,4,5,JoshB,0,4220,4410,2283,2473,JoshW,0,4210,4388,2267,2445,Raf,0,4252,4422,2272,2442,Y
_DSC1646.tif,4,4,3,4,6,JoshB,4,4290,4488,2081,2279,JoshW,4,4297,4461,2092,2256,Raf,4,4264,4470,2059,2265,Y
_DSC1646.tif,4,4,3,4,7,JoshB,0,4220,4450,1872,2102,JoshW,0,4244,4412,1894,2062,Raf,0,4266,4466,1884,2084,Y
_DSC1646.tif,4,4,3,4,8,JoshB,3,4183,4361,1702,1880,JoshW,4,4176,4344,1704,1872,Raf,3,4184,4336,1726,1878,Y
_DSC1646.tif,4,4,4,1,1,JoshB,4,1118,1282,2739,2903,JoshW,4,1118,1264,2746,2892,Raf,4,1132,1296,2732,2896,Y
_DSC1646.tif,4,4,4,1,2,JoshB,0,1080,1252,2913,3085,JoshW,0,1063,1199,2896,3032,Raf,0,1058,1256,2863,3061,Y
_DSC1646.tif,4,4,4,1,3,JoshB,5,1051,1215,3054,3218,JoshW,4,1040,1194,3033,3187,Raf,5,1052,1238,3031,3217,Y
_DSC1646.tif,4,4,4,1,4,JoshB,0,1042,1238,3228,3424,JoshW,0,1032,1246,3235,3449,Raf,0,1081,1247,3266,3432,Y
_DSC1646.tif,4,4,4,1,5,JoshB,[],[],[],[],[],JoshW,4,1364,1532,3247,3415,Raf,4,1336,1548,3213,3425,K
_DSC1646.tif,4,4,4,1,6,JoshB,[],[],[],[],[],JoshW,0,1458,1634,3084,3260,Raf,0,1428,1560,3094,3226,K
_DSC1646.tif,4,4,4,1,8,JoshB,[],[],[],[],[],JoshW,0,1317,1481,2746,2910,Raf,0,1320,1498,2738,2916,K
_DSC1646.tif,4,4,4,2,1,JoshB,4,2032,2196,2698,2862,JoshW,4,2024,2172,2700,2848,Raf,5,2030,2216,2687,2873,Y
_DSC1646.tif,4,4,4,2,2,JoshB,0,1962,2132,2870,3040,JoshW,0,1975,2153,2864,3042,Raf,0,1932,2116,2883,3067,Y
_DSC1646.tif,4,4,4,2,3,JoshB,2,1920,2104,3054,3238,JoshW,1,1931,2077,3082,3228,Raf,1,1918,2116,3071,3269,Y
_DSC1646.tif,4,4,4,2,4,JoshB,0,1950,2126,3264,3440,JoshW,0,1926,2098,3260,3432,Raf,0,1938,2116,3256,3434,Y
_DSC1646.tif,4,4,4,2,5,JoshB,2,2260,2456,3209,3405,JoshW,0,2272,2454,3229,3411,Raf,1,2268,2466,3210,3408,Y
_DSC1646.tif,4,4,4,2,6,JoshB,0,2450,2590,3091,3231,JoshW,0,2418,2592,3041,3215,Raf,0,2360,2558,3041,3239,Y
_DSC1646.tif,4,4,4,2,7,JoshB,2,2300,2466,2900,3066,JoshW,2,2304,2464,2893,3053,Raf,2,2262,2460,2873,3071,Y
_DSC1646.tif,4,4,4,2,8,JoshB,0,2184,2380,2683,2879,JoshW,0,2185,2393,2674,2882,Raf,0,2209,2427,2678,2896,Y
_DSC1646.tif,4,4,4,3,1,JoshB,1,3086,3224,2686,2824,JoshW,0,3066,3206,2682,2822,Raf,0,3022,3200,2658,2836,Y
_DSC1646.tif,4,4,4,3,2,JoshB,4,2983,3117,2824,2958,JoshW,4,2968,3124,2799,2955,Raf,4,2959,3137,2804,2982,Y
_DSC1646.tif,4,4,4,3,3,JoshB,1,2946,3110,2959,3123,JoshW,0,2928,3096,2958,3126,Raf,0,2942,3108,2949,3115,Y
_DSC1646.tif,4,4,4,3,4,JoshB,2,3016,3168,3110,3262,JoshW,2,3020,3164,3111,3255,Raf,2,2988,3168,3120,3300,Y
_DSC1646.tif,4,4,4,3,5,JoshB,0,3268,3396,3161,3289,JoshW,0,3246,3398,3146,3298,Raf,0,3246,3432,3124,3310,Y
_DSC1646.tif,4,4,4,3,6,JoshB,4,3345,3485,3002,3142,JoshW,4,3341,3511,2982,3152,Raf,4,3345,3511,2982,3148,Y
_DSC1646.tif,4,4,4,3,7,JoshB,0,3294,3446,2844,2996,JoshW,0,3294,3448,2820,2974,Raf,0,3280,3478,2790,2988,Y
_DSC1646.tif,4,4,4,3,8,JoshB,4,3256,3396,2698,2838,JoshW,3,3248,3384,2692,2828,Raf,3,3223,3429,2638,2844,Y
_DSC1646.tif,4,4,4,4,1,JoshB,0,3999,4163,2616,2780,JoshW,0,4012,4152,2630,2770,Raf,0,3974,4138,2616,2780,Y
_DSC1646.tif,4,4,4,4,2,JoshB,4,3910,4074,2746,2910,JoshW,4,3924,4062,2748,2886,Raf,4,3920,4066,2754,2900,Y
_DSC1646.tif,4,4,4,4,3,JoshB,0,3904,4050,2908,3054,JoshW,0,3906,4056,2922,3072,Raf,0,3888,4092,2890,3094,Y
_DSC1646.tif,4,4,4,4,4,JoshB,4,3890,4088,3069,3267,JoshW,3,3889,4063,3078,3252,Raf,4,3900,4100,3060,3260,Y
_DSC1646.tif,4,4,4,4,5,JoshB,0,4256,4446,3104,3294,JoshW,0,4248,4444,3125,3321,Raf,0,4232,4404,3121,3293,Y
_DSC1646.tif,4,4,4,4,6,JoshB,5,4341,4525,2914,3098,JoshW,5,4339,4507,2910,3078,Raf,5,4344,4508,2920,3084,Y
_DSC1646.tif,4,4,4,4,7,JoshB,0,4258,4410,2774,2926,JoshW,0,4238,4398,2764,2924,Raf,0,4241,4399,2764,2922,Y
_DSC1646.tif,4,4,4,4,8,JoshB,5,4172,4300,2634,2762,JoshW,4,4152,4294,2623,2765,Raf,5,4159,4311,2598,2750,Y
_DSC1647.tif,4,4,1,1,1,Caroline,4,1244,1392,278,426,JoshB,6,1244,1396,278,430,JoshW,6,1246,1376,278,408,Y
_DSC1647.tif,4,4,1,1,2,Caroline,1,1116,1328,366,578,JoshB,1,1156,1296,397,537,JoshW,0,1127,1293,382,548,Y
_DSC1647.tif,4,4,1,1,3,Caroline,4,1057,1241,536,720,JoshB,6,1086,1220,571,705,JoshW,6,1072,1226,564,718,Y
_DSC1647.tif,4,4,1,1,4,Caroline,3,1042,1254,728,940,JoshB,4,1080,1238,756,914,JoshW,4,1068,1236,758,926,Y
_DSC1647.tif,4,4,1,1,5,Caroline,3,1440,1620,821,1001,JoshB,5,1441,1607,806,972,JoshW,4,1444,1602,814,972,Y
_DSC1647.tif,4,4,1,1,6,Caroline,0,1486,1714,593,821,JoshB,0,1505,1671,610,776,JoshW,0,1495,1683,608,796,Y
_DSC1647.tif,4,4,1,1,7,Caroline,5,1466,1634,428,596,JoshB,5,1474,1606,433,565,JoshW,6,1460,1600,429,569,Y
_DSC1647.tif,4,4,1,1,8,Caroline,5,1395,1563,298,466,JoshB,5,1422,1562,315,455,JoshW,6,1404,1546,310,452,Y
_DSC1647.tif,4,4,1,2,1,Caroline,3,2010,2138,270,398,JoshB,5,2029,2155,268,394,JoshW,4,2022,2142,271,391,Y
_DSC1647.tif,4,4,1,2,2,Caroline,0,1946,2106,354,514,JoshB,0,1965,2091,382,508,JoshW,0,1950,2078,385,513,Y
_DSC1647.tif,4,4,1,2,3,Caroline,1,1870,2044,466,640,JoshB,3,1904,2032,492,620,JoshW,2,1896,2036,500,640,Y
_DSC1647.tif,4,4,1,2,4,Caroline,2,1897,2061,698,862,JoshB,4,1914,2054,698,838,JoshW,2,1923,2055,726,858,Y
_DSC1647.tif,4,4,1,2,5,Caroline,1,2244,2396,784,936,JoshB,1,2240,2400,775,935,JoshW,0,2256,2404,789,937,Y
_DSC1647.tif,4,4,1,2,6,Caroline,0,2258,2476,555,773,JoshB,0,2254,2456,570,772,JoshW,0,2282,2418,598,734,Y
_DSC1647.tif,4,4,1,2,7,Caroline,4,2216,2354,427,565,JoshB,6,2228,2336,445,553,JoshW,6,2222,2342,439,559,Y
_DSC1647.tif,4,4,1,2,8,Caroline,3,2144,2280,298,434,JoshB,5,2160,2282,292,414,JoshW,3,2155,2273,298,416,Y
_DSC1647.tif,4,4,1,3,1,Caroline,4,3071,3267,234,430,JoshB,5,3107,3247,268,408,JoshW,5,3074,3234,248,408,Y
_DSC1647.tif,4,4,1,3,2,Caroline,4,3010,3184,372,546,JoshB,5,3028,3168,397,537,JoshW,5,3014,3166,393,545,Y
_DSC1647.tif,4,4,1,3,3,Caroline,0,2984,3164,551,731,JoshB,1,2984,3174,550,740,JoshW,0,3020,3160,568,708,Y
_DSC1647.tif,4,4,1,3,4,Caroline,4,2952,3152,734,934,JoshB,5,2970,3148,746,924,JoshW,6,2971,3135,754,918,Y
_DSC1647.tif,4,4,1,3,5,Caroline,3,3280,3476,794,990,JoshB,3,3326,3472,806,952,JoshW,3,3289,3471,790,972,Y
_DSC1647.tif,4,4,1,3,6,Caroline,4,3342,3518,621,797,JoshB,5,3349,3507,642,800,JoshW,4,3347,3507,636,796,Y
_DSC1647.tif,4,4,1,3,7,Caroline,0,3295,3513,392,610,JoshB,0,3328,3506,414,592,JoshW,0,3330,3478,432,580,Y
_DSC1647.tif,4,4,1,3,8,Caroline,4,3238,3416,237,415,JoshB,5,3276,3414,275,413,JoshW,4,3261,3401,276,416,Y
_DSC1647.tif,4,4,1,4,1,Caroline,3,3924,4104,202,382,JoshB,[],[],[],[],[],JoshW,3,3952,4092,226,366,K
_DSC1647.tif,4,4,1,4,2,Caroline,3,3898,4084,344,530,JoshB,4,3922,4050,372,500,JoshW,3,3891,4063,358,530,Y
_DSC1647.tif,4,4,1,4,3,Caroline,0,3776,4010,450,684,JoshB,0,3846,3992,502,648,JoshW,0,3838,4002,495,659,Y
_DSC1647.tif,4,4,1,4,4,Caroline,4,3776,3966,668,858,JoshB,3,3802,3974,679,851,JoshW,3,3798,3962,681,845,Y
_DSC1647.tif,4,4,1,4,5,Caroline,2,4136,4358,707,929,JoshB,3,4164,4310,727,873,JoshW,2,4174,4310,742,878,Y
_DSC1647.tif,4,4,1,4,6,Caroline,3,4213,4381,562,730,JoshB,4,4214,4372,560,718,JoshW,3,4229,4365,582,718,Y
_DSC1647.tif,4,4,1,4,7,Caroline,0,4178,4374,397,593,JoshB,0,4214,4360,429,575,JoshW,0,4181,4339,390,548,Y
_DSC1647.tif,4,4,1,4,8,Caroline,4,4113,4281,234,402,JoshB,5,4117,4275,242,400,JoshW,5,4120,4266,257,403,Y
_DSC1647.tif,4,4,2,1,1,Caroline,4,1243,1401,1180,1338,JoshB,5,1267,1375,1220,1328,JoshW,5,1250,1378,1204,1332,Y
_DSC1647.tif,4,4,2,1,2,Caroline,4,1148,1376,1267,1495,JoshB,5,1200,1328,1324,1452,JoshW,6,1195,1323,1318,1446,Y
_DSC1647.tif,4,4,2,1,3,Caroline,4,1148,1322,1434,1608,JoshB,4,1188,1308,1460,1580,JoshW,4,1175,1293,1458,1576,Y
_DSC1647.tif,4,4,2,1,4,Caroline,1,1234,1382,1566,1714,JoshB,2,1264,1372,1584,1692,JoshW,1,1252,1364,1578,1690,Y
_DSC1647.tif,4,4,2,1,5,Caroline,3,1392,1572,1552,1732,JoshB,4,1410,1556,1562,1708,JoshW,4,1397,1535,1576,1714,Y
_DSC1647.tif,4,4,2,1,6,Caroline,4,1482,1688,1432,1638,JoshB,4,1518,1650,1474,1606,JoshW,4,1506,1652,1464,1610,Y
_DSC1647.tif,4,4,2,1,7,Caroline,4,1466,1624,1312,1470,JoshB,4,1483,1615,1334,1466,JoshW,4,1466,1624,1318,1476,Y
_DSC1647.tif,4,4,2,1,8,Caroline,3,1385,1545,1174,1334,JoshB,2,1435,1543,1232,1340,JoshW,2,1418,1536,1205,1323,Y
_DSC1647.tif,4,4,2,2,1,Caroline,5,1990,2142,1142,1294,JoshB,6,2022,2136,1168,1282,JoshW,6,2016,2144,1158,1286,Y
_DSC1647.tif,4,4,2,2,2,Caroline,4,1910,2052,1270,1412,JoshB,5,1936,2062,1270,1396,JoshW,4,1946,2068,1280,1402,Y
_DSC1647.tif,4,4,2,2,3,Caroline,3,1894,2084,1389,1579,JoshB,4,1911,2051,1416,1556,JoshW,4,1890,2060,1402,1572,Y
_DSC1647.tif,4,4,2,2,4,Caroline,0,1888,2116,1581,1809,JoshB,0,1942,2088,1625,1771,JoshW,0,1917,2075,1610,1768,Y
_DSC1647.tif,4,4,2,2,5,Caroline,3,2206,2376,1529,1699,JoshB,3,2228,2342,1568,1682,JoshW,3,2218,2338,1556,1676,Y
_DSC1647.tif,4,4,2,2,6,Caroline,3,2267,2457,1370,1560,JoshB,4,2304,2418,1410,1524,JoshW,4,2286,2430,1382,1526,Y
_DSC1647.tif,4,4,2,2,7,Caroline,3,2212,2360,1251,1399,JoshB,4,2229,2373,1252,1396,JoshW,4,2238,2350,1267,1379,Y
_DSC1647.tif,4,4,2,2,8,Caroline,1,2126,2290,1130,1294,JoshB,1,2152,2272,1144,1264,JoshW,0,2142,2272,1146,1276,Y
_DSC1647.tif,4,4,2,3,1,Caroline,1,3012,3182,1100,1270,JoshB,1,3028,3154,1118,1244,JoshW,0,3034,3170,1123,1259,Y
_DSC1647.tif,4,4,2,3,2,Caroline,4,2926,3120,1234,1428,JoshB,5,2952,3104,1261,1413,JoshW,6,2938,3112,1240,1414,Y
_DSC1647.tif,4,4,2,3,3,Caroline,4,2904,3078,1400,1574,JoshB,5,2910,3082,1422,1594,JoshW,6,2914,3088,1410,1584,Y
_DSC1647.tif,4,4,2,3,4,Caroline,4,2872,3084,1592,1804,JoshB,4,2894,3060,1619,1785,JoshW,6,2914,3056,1640,1782,Y
_DSC1647.tif,4,4,2,3,5,Caroline,0,3264,3476,1661,1873,JoshB,0,3297,3425,1682,1810,JoshW,0,3270,3438,1675,1843,Y
_DSC1647.tif,4,4,2,3,6,Caroline,4,3348,3538,1463,1653,JoshB,4,3352,3522,1483,1653,JoshW,4,3351,3511,1482,1642,Y
_DSC1647.tif,4,4,2,3,7,Caroline,4,3310,3504,1292,1486,JoshB,4,3326,3498,1311,1483,JoshW,5,3327,3489,1310,1472,Y
_DSC1647.tif,4,4,2,3,8,Caroline,4,3205,3401,1112,1308,JoshB,4,3227,3379,1144,1296,JoshW,5,3226,3376,1140,1290,Y
_DSC1647.tif,4,4,2,4,1,Caroline,0,3946,4104,1091,1249,JoshB,0,3942,4088,1102,1248,JoshW,0,3946,4080,1112,1246,Y
_DSC1647.tif,4,4,2,4,2,Caroline,4,3856,4014,1226,1384,JoshB,4,3878,4030,1226,1378,JoshW,5,3880,4030,1221,1371,Y
_DSC1647.tif,4,4,2,4,3,Caroline,3,3803,4019,1382,1598,JoshB,3,3822,3986,1404,1568,JoshW,4,3816,3974,1396,1554,Y
_DSC1647.tif,4,4,2,4,4,Caroline,3,3846,4062,1572,1788,JoshB,3,3852,4024,1568,1740,JoshW,3,3852,4024,1586,1758,Y
_DSC1647.tif,4,4,2,4,5,Caroline,0,4162,4400,1579,1817,JoshB,0,4188,4348,1589,1749,JoshW,0,4162,4344,1600,1782,Y
_DSC1647.tif,4,4,2,4,6,Caroline,4,4204,4410,1397,1603,JoshB,6,4231,4369,1436,1574,JoshW,6,4220,4360,1425,1565,Y
_DSC1647.tif,4,4,2,4,7,Caroline,3,4142,4332,1209,1399,JoshB,4,4170,4316,1238,1384,JoshW,3,4174,4306,1250,1382,Y
_DSC1647.tif,4,4,2,4,8,Caroline,3,4104,4268,1077,1241,JoshB,4,4126,4252,1112,1238,JoshW,3,4110,4244,1091,1225,Y
_DSC1647.tif,4,4,3,1,1,Caroline,4,1204,1372,1868,2036,JoshB,6,1235,1361,1892,2018,JoshW,6,1213,1359,1890,2036,Y
_DSC1647.tif,4,4,3,1,2,Caroline,1,1135,1299,2032,2196,JoshB,1,1156,1282,2055,2181,JoshW,0,1132,1272,2052,2192,Y
_DSC1647.tif,4,4,3,1,3,Caroline,4,1084,1302,2185,2403,JoshB,5,1118,1276,2225,2383,JoshW,6,1112,1258,2218,2364,Y
_DSC1647.tif,4,4,3,1,4,Caroline,3,1128,1376,2354,2602,JoshB,3,1174,1358,2381,2565,JoshW,3,1177,1363,2396,2582,Y
_DSC1647.tif,4,4,3,1,5,Caroline,4,1500,1700,2402,2602,JoshB,4,1499,1689,2406,2596,JoshW,3,1518,1672,2428,2582,Y
_DSC1647.tif,4,4,3,1,6,Caroline,0,1492,1736,2168,2412,JoshB,0,1530,1696,2202,2368,JoshW,0,1523,1683,2200,2360,Y
_DSC1647.tif,4,4,3,1,7,Caroline,4,1418,1634,1987,2203,JoshB,5,1464,1610,2012,2158,JoshW,5,1436,1610,2003,2177,Y
_DSC1647.tif,4,4,3,1,8,Caroline,4,1392,1534,1836,1978,JoshB,6,1410,1542,1864,1996,JoshW,5,1394,1536,1847,1989,Y
_DSC1647.tif,4,4,3,2,1,Caroline,3,2018,2156,1952,2090,JoshB,4,2038,2134,1978,2074,JoshW,5,2027,2143,1972,2088,Y
_DSC1647.tif,4,4,3,2,2,Caroline,0,1962,2110,2055,2203,JoshB,0,2012,2134,2066,2188,JoshW,0,2000,2114,2069,2183,Y
_DSC1647.tif,4,4,3,2,3,Caroline,2,2006,2168,2165,2327,JoshB,3,2032,2140,2202,2310,JoshW,2,2035,2133,2188,2286,Y
_DSC1647.tif,4,4,3,2,4,Caroline,2,1961,2129,2344,2512,JoshB,2,1996,2136,2348,2488,JoshW,2,1992,2132,2354,2494,Y
_DSC1647.tif,4,4,3,2,5,Caroline,1,2222,2364,2445,2587,JoshB,2,2248,2362,2450,2564,JoshW,2,2228,2364,2437,2573,Y
_DSC1647.tif,4,4,3,2,6,Caroline,0,2275,2439,2270,2434,JoshB,0,2304,2432,2272,2400,JoshW,0,2287,2433,2274,2420,Y
_DSC1647.tif,4,4,3,2,7,Caroline,3,2212,2392,2087,2267,JoshB,4,2227,2387,2088,2248,JoshW,4,2232,2376,2088,2232,Y
_DSC1647.tif,4,4,3,2,8,Caroline,4,2164,2328,1918,2082,JoshB,5,2172,2318,1943,2089,JoshW,5,2171,2303,1956,2088,Y
_DSC1647.tif,4,4,3,3,1,Caroline,4,3000,3184,2016,2200,JoshB,4,3018,3158,2044,2184,JoshW,4,3011,3153,2046,2188,Y
_DSC1647.tif,4,4,3,3,2,Caroline,4,2927,3097,2190,2360,JoshB,4,2920,3098,2193,2371,JoshW,4,2937,3079,2196,2338,Y
_DSC1647.tif,4,4,3,3,3,Caroline,0,2852,3058,2359,2565,JoshB,0,2876,3054,2387,2565,JoshW,0,2850,3014,2381,2545,Y
_DSC1647.tif,4,4,3,3,4,Caroline,4,2814,3010,2582,2778,JoshB,3,2837,3027,2578,2768,JoshW,4,2847,3015,2582,2750,Y
_DSC1647.tif,4,4,3,3,5,Caroline,4,3194,3444,2578,2828,JoshB,4,3230,3414,2606,2790,JoshW,4,3210,3406,2587,2783,Y
_DSC1647.tif,4,4,3,3,6,Caroline,4,3311,3507,2412,2608,JoshB,5,3316,3468,2444,2596,JoshW,5,3326,3472,2436,2582,Y
_DSC1647.tif,4,4,3,3,7,Caroline,0,3271,3467,2196,2392,JoshB,0,3279,3449,2210,2380,JoshW,0,3269,3443,2204,2378,Y
_DSC1647.tif,4,4,3,3,8,Caroline,4,3200,3380,2036,2216,JoshB,4,3218,3358,2069,2209,JoshW,4,3202,3356,2060,2214,Y
_DSC1647.tif,4,4,3,4,1,Caroline,4,3917,4091,1994,2168,JoshB,5,3938,4072,2000,2134,JoshW,5,3938,4066,2013,2141,Y
_DSC1647.tif,4,4,3,4,2,Caroline,4,3813,3999,2126,2312,JoshB,5,3840,3992,2146,2298,JoshW,4,3838,3998,2151,2311,Y
_DSC1647.tif,4,4,3,4,3,Caroline,0,3720,3916,2274,2470,JoshB,0,3752,3904,2307,2459,JoshW,0,3755,3891,2332,2468,Y
_DSC1647.tif,4,4,3,4,4,Caroline,5,3761,3993,2476,2708,JoshB,5,3770,3954,2502,2686,JoshW,3,3787,3929,2518,2660,Y
_DSC1647.tif,4,4,3,4,5,Caroline,3,4056,4278,2471,2693,JoshB,2,4073,4243,2508,2678,JoshW,2,4060,4226,2501,2667,Y
_DSC1647.tif,4,4,3,4,6,Caroline,5,4165,4375,2318,2528,JoshB,4,4173,4363,2336,2526,JoshW,4,4190,4342,2368,2520,Y
_DSC1647.tif,4,4,3,4,7,Caroline,0,4162,4368,2127,2333,JoshB,0,4176,4354,2155,2333,JoshW,0,4163,4313,2164,2314,Y
_DSC1647.tif,4,4,3,4,8,Caroline,5,4103,4263,1978,2138,JoshB,6,4106,4266,1974,2134,JoshW,4,4112,4244,1986,2118,Y
_DSC1647.tif,4,4,4,1,1,Caroline,4,1256,1442,2750,2936,JoshB,4,1254,1444,2748,2938,JoshW,4,1264,1428,2755,2919,Y
_DSC1647.tif,4,4,4,1,2,Caroline,6,1180,1386,2889,3095,JoshB,6,1196,1374,2926,3104,JoshW,5,1216,1374,2934,3092,Y
_DSC1647.tif,4,4,4,1,3,Caroline,3,1116,1360,3105,3349,JoshB,4,1156,1340,3145,3329,JoshW,3,1154,1314,3146,3306,Y
_DSC1647.tif,4,4,4,1,4,Caroline,1,1116,1386,3301,3571,JoshB,0,1156,1314,3342,3500,JoshW,0,1114,1308,3341,3535,Y
_DSC1647.tif,4,4,4,1,5,Caroline,4,1460,1672,3282,3494,JoshB,6,1492,1664,3291,3463,JoshW,5,1486,1658,3295,3467,Y
_DSC1647.tif,4,4,4,1,6,Caroline,4,1576,1778,3105,3307,JoshB,6,1594,1772,3116,3294,JoshW,5,1600,1760,3130,3290,Y
_DSC1647.tif,4,4,4,1,7,Caroline,4,1521,1753,2910,3142,JoshB,6,1556,1720,2975,3139,JoshW,6,1559,1719,2974,3134,Y
_DSC1647.tif,4,4,4,1,8,Caroline,0,1418,1646,2742,2970,JoshB,0,1486,1626,2821,2961,JoshW,0,1467,1617,2792,2942,Y
_DSC1647.tif,4,4,4,2,1,Caroline,6,2132,2290,2780,2938,JoshB,6,2158,2286,2793,2921,JoshW,6,2162,2276,2792,2906,Y
_DSC1647.tif,4,4,4,2,2,Caroline,5,2048,2206,2875,3033,JoshB,5,2070,2210,2881,3021,JoshW,5,2050,2186,2879,3015,Y
_DSC1647.tif,4,4,4,2,3,Caroline,4,2016,2180,3020,3184,JoshB,4,2018,2184,3034,3200,JoshW,4,2016,2164,3034,3182,Y
_DSC1647.tif,4,4,4,2,4,Caroline,1,1984,2174,3227,3417,JoshB,0,2012,2178,3230,3396,JoshW,0,2003,2141,3228,3366,Y
_DSC1647.tif,4,4,4,2,5,Caroline,5,2364,2496,3194,3326,JoshB,6,2374,2494,3212,3332,JoshW,5,2370,2492,3202,3324,Y
_DSC1647.tif,4,4,4,2,6,Caroline,5,2312,2486,3042,3216,JoshB,6,2324,2470,3069,3215,JoshW,6,2323,2469,3056,3202,Y
_DSC1647.tif,4,4,4,2,7,Caroline,4,2274,2460,2879,3065,JoshB,4,2288,2460,2888,3060,JoshW,3,2297,2435,2918,3056,Y
_DSC1647.tif,4,4,4,2,8,Caroline,0,2274,2438,2751,2915,JoshB,0,2307,2421,2780,2894,JoshW,0,2280,2414,2768,2902,Y
_DSC1647.tif,4,4,4,3,1,Caroline,0,3090,3248,2873,3031,JoshB,0,3113,3227,2882,2996,JoshW,0,3102,3206,2892,2996,Y
_DSC1647.tif,4,4,4,3,2,Caroline,5,3000,3152,2976,3128,JoshB,5,3022,3154,3000,3132,JoshW,4,3020,3156,3004,3140,Y
_DSC1647.tif,4,4,4,3,3,Caroline,3,2910,3062,3116,3268,JoshB,3,2917,3063,3122,3268,JoshW,2,2917,3043,3134,3260,Y
_DSC1647.tif,4,4,4,3,4,Caroline,2,2866,3062,3279,3475,JoshB,1,2888,3046,3288,3446,JoshW,1,2882,3024,3290,3432,Y
_DSC1647.tif,4,4,4,3,5,Caroline,0,3248,3416,3346,3514,JoshB,0,3205,3365,3338,3498,JoshW,0,3202,3364,3354,3516,Y
_DSC1647.tif,4,4,4,3,6,Caroline,4,3300,3470,3197,3367,JoshB,3,3322,3456,3218,3352,JoshW,3,3306,3456,3204,3354,Y
_DSC1647.tif,4,4,4,3,7,Caroline,4,3274,3422,3030,3178,JoshB,4,3288,3422,3050,3184,JoshW,3,3278,3392,3058,3172,Y
_DSC1647.tif,4,4,4,3,8,Caroline,4,3227,3369,2894,3036,JoshB,4,3253,3373,2920,3040,JoshW,3,3234,3364,2902,3032,Y
_DSC1647.tif,4,4,4,4,1,Caroline,2,3805,3969,2882,3046,JoshB,2,3821,3961,2914,3054,JoshW,2,3812,3948,2903,3039,Y
_DSC1647.tif,4,4,4,4,2,Caroline,4,3744,3936,3038,3230,JoshB,5,3758,3898,3072,3212,JoshW,6,3747,3905,3056,3214,Y
_DSC1647.tif,4,4,4,4,3,Caroline,4,3750,3920,3189,3359,JoshB,4,3782,3922,3224,3364,JoshW,5,3772,3908,3228,3364,Y
_DSC1647.tif,4,4,4,4,4,Caroline,4,3816,4012,3306,3502,JoshB,5,3846,4024,3310,3488,JoshW,5,3842,3998,3319,3475,Y
_DSC1647.tif,4,4,4,4,5,Caroline,0,4046,4268,3274,3496,JoshB,0,4075,4227,3294,3446,JoshW,0,4091,4241,3324,3474,Y
_DSC1647.tif,4,4,4,4,6,Caroline,5,4167,4395,3110,3338,JoshB,4,4189,4341,3154,3306,JoshW,6,4181,4345,3134,3298,Y
_DSC1647.tif,4,4,4,4,7,Caroline,5,4115,4295,2962,3142,JoshB,5,4138,4284,2980,3126,JoshW,6,4108,4286,2942,3120,Y
_DSC1647.tif,4,4,4,4,8,Caroline,4,3982,4162,2835,3015,JoshB,6,3999,4169,2838,3008,JoshW,5,3984,4170,2834,3020,Y
_DSC1648.tif,4,4,1,1,1,Emma,0,1276,1448,359,531,Caroline,0,1270,1428,355,513,JoshB,0,1292,1434,367,509,Y
_DSC1648.tif,4,4,1,1,2,Emma,5,1252,1416,522,686,Caroline,5,1234,1402,528,696,JoshB,5,1262,1396,528,662,Y
_DSC1648.tif,4,4,1,1,3,Emma,4,1144,1366,617,839,Caroline,3,1148,1360,616,828,JoshB,3,1182,1340,650,808,Y
_DSC1648.tif,4,4,1,1,4,Emma,1,1232,1428,766,962,Caroline,2,1257,1389,800,932,JoshB,3,1270,1396,800,926,Y
_DSC1648.tif,4,4,1,1,5,Emma,0,1530,1734,828,1032,Caroline,1,1518,1688,826,996,JoshB,0,1536,1686,860,1010,Y
_DSC1648.tif,4,4,1,1,6,Emma,3,1568,1734,660,826,Caroline,3,1560,1740,652,832,JoshB,3,1604,1714,686,796,Y
_DSC1648.tif,4,4,1,1,7,Emma,3,1498,1702,492,696,Caroline,3,1508,1688,495,675,JoshB,4,1522,1694,513,685,Y
_DSC1648.tif,4,4,1,1,8,Emma,6,1436,1594,382,540,Caroline,4,1412,1592,358,538,JoshB,5,1458,1576,398,516,Y
_DSC1648.tif,4,4,1,2,1,Emma,2,2076,2248,318,490,Caroline,2,2074,2244,333,503,JoshB,1,2104,2246,336,478,Y
_DSC1648.tif,4,4,1,2,2,Emma,4,2000,2216,458,674,Caroline,4,2010,2196,468,654,JoshB,4,2034,2182,487,635,Y
_DSC1648.tif,4,4,1,2,3,Emma,4,1967,2177,654,864,Caroline,4,1958,2148,652,842,JoshB,4,1998,2156,694,852,Y
_DSC1648.tif,4,4,1,2,4,Emma,4,2056,2286,794,1024,Caroline,4,2074,2274,795,995,JoshB,4,2112,2270,832,990,Y
_DSC1648.tif,4,4,1,2,5,Emma,0,2310,2526,794,1010,Caroline,0,2328,2540,799,1011,JoshB,0,2332,2522,808,998,Y
_DSC1648.tif,4,4,1,2,6,Emma,4,2380,2602,635,857,Caroline,4,2406,2592,654,840,JoshB,4,2420,2568,675,823,Y
_DSC1648.tif,4,4,1,2,7,Emma,4,2374,2552,474,652,Caroline,3,2354,2550,460,656,JoshB,4,2388,2546,489,647,Y
_DSC1648.tif,4,4,1,2,8,Emma,3,2245,2447,312,514,Caroline,4,2239,2431,312,504,JoshB,4,2278,2426,353,501,Y
_DSC1648.tif,4,4,1,3,1,Emma,4,3072,3262,300,490,Caroline,4,3068,3258,282,472,JoshB,4,3104,3246,328,470,Y
_DSC1648.tif,4,4,1,3,2,Emma,0,2996,3186,464,654,Caroline,1,2968,3194,446,672,JoshB,1,2994,3144,478,628,Y
_DSC1648.tif,4,4,1,3,3,Emma,5,2925,3123,622,820,Caroline,4,2920,3116,620,816,JoshB,4,2938,3120,634,816,Y
_DSC1648.tif,4,4,1,3,4,Emma,4,2996,3218,782,1004,Caroline,3,2972,3200,778,1006,JoshB,3,3018,3184,824,990,Y
_DSC1648.tif,4,4,1,3,5,Emma,5,3300,3516,762,978,Caroline,4,3314,3508,758,952,JoshB,4,3304,3494,772,962,Y
_DSC1648.tif,4,4,1,3,6,Emma,1,3358,3548,604,794,Caroline,1,3340,3546,572,778,JoshB,1,3372,3538,600,766,Y
_DSC1648.tif,4,4,1,3,7,Emma,4,3320,3484,452,616,Caroline,4,3324,3488,434,598,JoshB,4,3340,3474,474,608,Y
_DSC1648.tif,4,4,1,3,8,Emma,4,3243,3421,312,490,Caroline,4,3264,3406,329,471,JoshB,4,3270,3412,336,478,Y
_DSC1648.tif,4,4,1,4,1,Emma,5,3960,4120,317,477,Caroline,5,3946,4110,305,469,JoshB,5,3974,4116,324,466,Y
_DSC1648.tif,4,4,1,4,2,Emma,2,3849,4051,458,660,Caroline,2,3846,4036,469,659,JoshB,1,3852,4034,481,663,Y
_DSC1648.tif,4,4,1,4,3,Emma,4,3751,3967,648,864,Caroline,3,3763,3949,656,842,JoshB,4,3766,3956,662,852,Y
_DSC1648.tif,4,4,1,4,4,Emma,2,3790,4042,830,1082,Caroline,2,3792,4014,834,1056,JoshB,2,3798,4002,844,1048,Y
_DSC1648.tif,4,4,1,4,5,Emma,3,4112,4348,838,1074,Caroline,3,4094,4310,835,1051,JoshB,3,4136,4340,848,1052,Y
_DSC1648.tif,4,4,1,4,6,Emma,0,4150,4386,616,852,Caroline,0,4158,4368,623,833,JoshB,0,4208,4380,651,823,Y
_DSC1648.tif,4,4,1,4,7,Emma,5,4144,4328,480,664,Caroline,4,4126,4336,459,669,JoshB,5,4152,4310,490,648,Y
_DSC1648.tif,4,4,1,4,8,Emma,5,4081,4277,312,508,Caroline,4,4087,4261,324,498,JoshB,5,4127,4223,386,482,Y
_DSC1648.tif,4,4,2,1,1,Emma,4,1261,1451,1206,1396,Caroline,4,1292,1456,1220,1384,JoshB,4,1270,1450,1227,1407,Y
_DSC1648.tif,4,4,2,1,2,Emma,5,1106,1346,1334,1574,Caroline,4,1122,1328,1328,1534,JoshB,5,1144,1324,1368,1548,Y
_DSC1648.tif,4,4,2,1,3,Emma,0,1106,1328,1550,1772,Caroline,0,1106,1344,1550,1788,JoshB,0,1150,1324,1588,1762,Y
_DSC1648.tif,4,4,2,1,4,Emma,3,1225,1467,1708,1950,Caroline,3,1244,1444,1720,1920,JoshB,3,1276,1442,1753,1919,Y
_DSC1648.tif,4,4,2,1,5,Emma,3,1530,1752,1720,1942,Caroline,2,1502,1768,1680,1946,JoshB,3,1536,1734,1718,1916,Y
_DSC1648.tif,4,4,2,1,6,Emma,5,1550,1790,1496,1736,Caroline,4,1530,1778,1484,1732,JoshB,4,1552,1766,1509,1723,Y
_DSC1648.tif,4,4,2,1,7,Emma,0,1518,1720,1331,1533,Caroline,0,1530,1708,1331,1509,JoshB,0,1522,1678,1365,1521,Y
_DSC1648.tif,4,4,2,1,8,Emma,4,1442,1620,1184,1362,Caroline,4,1434,1614,1174,1354,JoshB,4,1466,1592,1214,1340,Y
_DSC1648.tif,4,4,2,2,1,Emma,3,2108,2272,1153,1317,Caroline,3,2108,2272,1144,1308,JoshB,3,2120,2262,1174,1316,Y
_DSC1648.tif,4,4,2,2,2,Emma,4,2018,2190,1257,1429,Caroline,3,2035,2171,1260,1396,JoshB,3,2044,2164,1276,1396,Y
_DSC1648.tif,4,4,2,2,3,Emma,0,1950,2140,1407,1597,Caroline,1,1975,2145,1412,1582,JoshB,1,2002,2128,1442,1568,Y
_DSC1648.tif,4,4,2,2,4,Emma,1,1950,2196,1563,1809,Caroline,2,1979,2185,1604,1810,JoshB,1,1946,2168,1580,1802,Y
_DSC1648.tif,4,4,2,2,5,Emma,1,2304,2540,1564,1800,Caroline,1,2338,2544,1587,1793,JoshB,1,2332,2490,1588,1746,Y
_DSC1648.tif,4,4,2,2,6,Emma,3,2292,2508,1362,1578,Caroline,3,2325,2505,1376,1556,JoshB,3,2324,2490,1395,1561,Y
_DSC1648.tif,4,4,2,2,7,Emma,0,2310,2476,1209,1375,Caroline,0,2325,2495,1212,1382,JoshB,0,2320,2470,1206,1356,Y
_DSC1648.tif,4,4,2,3,1,Emma,4,3088,3266,1226,1404,Caroline,4,3107,3245,1244,1382,JoshB,5,3088,3254,1242,1408,Y
_DSC1648.tif,4,4,2,3,2,Emma,3,2913,3155,1378,1620,Caroline,3,2935,3137,1386,1588,JoshB,3,2935,3131,1396,1592,Y
_DSC1648.tif,4,4,2,3,3,Emma,0,2984,3212,1603,1831,Caroline,0,2978,3094,1588,1704,JoshB,0,3010,3198,1597,1785,Y
_DSC1648.tif,4,4,2,3,5,Emma,3,3256,3522,1590,1856,Caroline,2,3309,3505,1624,1820,JoshB,2,3310,3490,1636,1816,Y
_DSC1648.tif,4,4,2,3,6,Emma,3,3376,3568,1441,1633,Caroline,2,3401,3549,1466,1614,JoshB,3,3388,3554,1466,1632,Y
_DSC1648.tif,4,4,2,3,7,Emma,5,3306,3478,1305,1477,Caroline,4,3326,3470,1319,1463,JoshB,4,3320,3486,1324,1490,Y
_DSC1648.tif,4,4,2,3,8,Emma,0,3262,3408,1182,1328,Caroline,2,3263,3417,1164,1318,JoshB,0,3286,3428,1206,1348,Y
_DSC1648.tif,4,4,2,4,1,Emma,5,3954,4094,1188,1328,Caroline,4,3949,4101,1170,1322,JoshB,5,3956,4088,1191,1323,Y
_DSC1648.tif,4,4,2,4,2,Emma,4,3814,3992,1238,1416,Caroline,4,3802,3982,1243,1423,JoshB,4,4018,3822,1450,1254,Y
_DSC1648.tif,4,4,2,4,3,Emma,5,3744,3942,1383,1581,Caroline,4,3755,3951,1386,1582,JoshB,4,3726,3924,1382,1580,Y
_DSC1648.tif,4,4,2,4,4,Emma,2,3719,3955,1580,1816,Caroline,3,3724,3924,1604,1804,JoshB,2,3734,3940,1612,1818,Y
_DSC1648.tif,4,4,2,4,5,Emma,4,4088,4310,1604,1826,Caroline,4,4094,4284,1614,1804,JoshB,3,4112,4262,1632,1782,Y
_DSC1648.tif,4,4,2,4,6,Emma,5,4182,4366,1454,1638,Caroline,5,4194,4364,1460,1630,JoshB,4,4200,4340,1467,1607,Y
_DSC1648.tif,4,4,2,4,7,Emma,5,4126,4316,1321,1511,Caroline,5,4130,4294,1315,1479,JoshB,4,4136,4302,1328,1494,Y
_DSC1648.tif,4,4,2,4,8,Emma,2,4071,4249,1168,1346,Caroline,2,4082,4234,1186,1338,JoshB,2,4097,4215,1214,1332,Y
_DSC1648.tif,4,4,3,1,1,Emma,3,1290,1466,2070,2246,Caroline,3,1286,1456,2076,2246,JoshB,2,1316,1442,2112,2238,Y
_DSC1648.tif,4,4,3,1,2,Emma,5,1194,1384,2193,2383,Caroline,4,1192,1376,2180,2364,JoshB,4,1222,1372,2202,2352,Y
_DSC1648.tif,4,4,3,1,3,Emma,5,1149,1353,2342,2546,Caroline,5,1154,1360,2352,2558,JoshB,4,1182,1332,2364,2514,Y
_DSC1648.tif,4,4,3,1,4,Emma,5,1270,1460,2476,2666,Caroline,5,1264,1456,2462,2654,JoshB,5,1262,1458,2463,2659,Y
_DSC1648.tif,4,4,3,1,5,Emma,4,1534,1736,2470,2672,Caroline,3,1545,1719,2470,2644,JoshB,2,1532,1706,2458,2632,Y
_DSC1648.tif,4,4,3,1,6,Emma,6,1574,1764,2301,2491,Caroline,4,1576,1756,2299,2479,JoshB,4,1592,1742,2328,2478,Y
_DSC1648.tif,4,4,3,1,7,Emma,5,1550,1734,2136,2320,Caroline,4,1566,1730,2143,2307,JoshB,5,1576,1726,2148,2298,Y
_DSC1648.tif,4,4,3,1,8,Emma,4,1463,1635,2018,2190,Caroline,4,1466,1634,2011,2179,JoshB,4,1490,1624,2034,2168,Y
_DSC1648.tif,4,4,3,2,1,Emma,0,2032,2210,1959,2137,Caroline,0,2032,2200,1974,2142,JoshB,0,2026,2182,1971,2127,Y
_DSC1648.tif,4,4,3,2,2,Emma,5,1918,2146,2063,2291,Caroline,4,1920,2132,2082,2294,JoshB,4,1954,2120,2096,2262,Y
_DSC1648.tif,4,4,3,2,3,Emma,4,1901,2123,2254,2476,Caroline,4,1908,2118,2244,2454,JoshB,4,1914,2120,2268,2474,Y
_DSC1648.tif,4,4,3,2,4,Emma,3,1956,2178,2454,2676,Caroline,3,1946,2168,2441,2663,JoshB,3,1970,2182,2455,2667,Y
_DSC1648.tif,4,4,3,2,5,Emma,0,2286,2502,2384,2600,Caroline,0,2274,2480,2370,2576,JoshB,0,2294,2498,2376,2580,Y
_DSC1648.tif,4,4,3,2,6,Emma,3,2324,2552,2171,2399,Caroline,4,2325,2547,2174,2396,JoshB,3,2340,2522,2198,2380,Y
_DSC1648.tif,4,4,3,2,7,Emma,4,2304,2488,2019,2203,Caroline,5,2306,2480,2023,2197,JoshB,4,2324,2482,2056,2214,Y
_DSC1648.tif,4,4,3,2,8,Emma,5,2197,2381,1886,2070,Caroline,6,2228,2364,1900,2036,JoshB,5,2222,2356,1907,2041,Y
_DSC1648.tif,4,4,3,3,1,Emma,6,3034,3212,1882,2060,Caroline,6,3042,3194,1897,2049,JoshB,5,3072,3198,1915,2041,Y
_DSC1648.tif,4,4,3,3,2,Emma,1,2946,3130,2019,2203,Caroline,2,2946,3148,2004,2206,JoshB,0,2954,3112,2029,2187,Y
_DSC1648.tif,4,4,3,3,3,Emma,6,2926,3092,2183,2349,Caroline,5,2926,3104,2167,2345,JoshB,5,2904,3076,2168,2340,Y
_DSC1648.tif,4,4,3,3,4,Emma,2,3002,3218,2342,2558,Caroline,2,2986,3202,2328,2544,JoshB,1,2986,3198,2333,2545,Y
_DSC1648.tif,4,4,3,3,5,Emma,3,3247,3449,2356,2558,Caroline,3,3255,3435,2360,2540,JoshB,3,3254,3428,2352,2526,Y
_DSC1648.tif,4,4,3,3,6,Emma,0,3300,3504,2165,2369,Caroline,1,3284,3502,2144,2362,JoshB,0,3294,3482,2183,2371,Y
_DSC1648.tif,4,4,3,3,7,Emma,6,3282,3440,2029,2187,Caroline,5,3264,3454,2000,2190,JoshB,5,3287,3435,2034,2182,Y
_DSC1648.tif,4,4,3,3,8,Emma,6,3158,3342,1892,2076,Caroline,5,3159,3335,1888,2064,JoshB,5,3184,3332,1900,2048,Y
_DSC1648.tif,4,4,3,4,1,Emma,5,3852,4018,1898,2064,Caroline,5,3846,4024,1887,2065,JoshB,5,3852,4018,1898,2064,Y
_DSC1648.tif,4,4,3,4,2,Emma,1,3758,3948,2038,2228,Caroline,2,3782,3930,2066,2214,JoshB,1,3782,3932,2072,2222,Y
_DSC1648.tif,4,4,3,4,3,Emma,4,3680,3922,2190,2432,Caroline,4,3700,3900,2206,2406,JoshB,4,3710,3908,2218,2416,Y
_DSC1648.tif,4,4,3,4,4,Emma,4,3770,3992,2394,2616,Caroline,3,3774,3980,2396,2602,JoshB,3,3798,3970,2404,2576,Y
_DSC1648.tif,4,4,3,4,5,Emma,4,4040,4248,2432,2640,Caroline,4,4062,4242,2434,2614,JoshB,4,4058,4230,2439,2611,Y
_DSC1648.tif,4,4,3,4,6,Emma,0,4100,4328,2228,2456,Caroline,0,4115,4321,2228,2434,JoshB,1,4128,4310,2245,2427,Y
_DSC1648.tif,4,4,3,4,7,Emma,4,4081,4291,2038,2248,Caroline,4,4084,4284,2040,2240,JoshB,4,4082,4278,2053,2249,Y
_DSC1648.tif,4,4,3,4,8,Emma,4,4042,4214,1891,2063,Caroline,4,4041,4205,1878,2042,JoshB,4,4058,4192,1915,2049,Y
_DSC1648.tif,4,4,4,1,1,Emma,5,1372,1556,2673,2857,Caroline,4,1396,1546,2687,2837,JoshB,5,1396,1544,2695,2843,Y
_DSC1648.tif,4,4,4,1,2,Emma,5,1220,1454,2794,3028,Caroline,5,1247,1447,2804,3004,JoshB,5,1238,1434,2801,2997,Y
_DSC1648.tif,4,4,4,1,3,Emma,0,1130,1358,3040,3268,Caroline,0,1170,1354,3090,3274,JoshB,0,1144,1316,3101,3273,Y
_DSC1648.tif,4,4,4,1,4,Emma,2,1276,1498,3221,3443,Caroline,2,1326,1494,3248,3416,JoshB,2,1292,1490,3238,3436,Y
_DSC1648.tif,4,4,4,1,5,Emma,3,1533,1781,3174,3422,Caroline,3,1558,1754,3194,3390,JoshB,3,1552,1750,3198,3396,Y
_DSC1648.tif,4,4,4,1,6,Emma,5,1664,1880,3006,3222,Caroline,5,1672,1852,3026,3206,JoshB,4,1678,1852,3041,3215,Y
_DSC1648.tif,4,4,4,1,7,Emma,1,1580,1804,2833,3057,Caroline,2,1599,1789,2840,3030,JoshB,1,1616,1788,2865,3037,Y
_DSC1648.tif,4,4,4,1,8,Emma,5,1536,1714,2701,2879,Caroline,4,1530,1714,2696,2880,JoshB,5,1576,1694,2742,2860,Y
_DSC1648.tif,4,4,4,2,1,Emma,4,2190,2356,2679,2845,Caroline,3,2200,2354,2701,2855,JoshB,2,2214,2324,2726,2836,Y
_DSC1648.tif,4,4,4,2,2,Emma,3,2094,2304,2796,3006,Caroline,2,2122,2270,2809,2957,JoshB,2,2136,2270,2828,2962,Y
_DSC1648.tif,4,4,4,2,3,Emma,0,2026,2234,2961,3169,Caroline,0,2068,2248,2968,3148,JoshB,0,2092,2234,3002,3144,Y
_DSC1648.tif,4,4,4,2,4,Emma,2,2184,2368,3139,3323,Caroline,1,2166,2356,3132,3322,JoshB,3,2190,2348,3144,3302,Y
_DSC1648.tif,4,4,4,2,5,Emma,1,2476,2660,3088,3272,Caroline,1,2454,2672,3075,3293,JoshB,2,2482,2648,3080,3246,Y
_DSC1648.tif,4,4,4,2,6,Emma,3,2456,2666,2916,3126,Caroline,3,2466,2640,2931,3105,JoshB,3,2466,2656,2934,3124,Y
_DSC1648.tif,4,4,4,2,7,Emma,1,2394,2564,2791,2961,Caroline,0,2392,2560,2772,2940,JoshB,1,2404,2560,2805,2961,Y
_DSC1648.tif,4,4,4,2,8,Emma,4,2330,2488,2660,2818,Caroline,4,2330,2484,2660,2814,JoshB,4,2348,2482,2679,2813,Y
_DSC1648.tif,4,4,4,3,1,Emma,5,3060,3244,2742,2926,Caroline,4,3090,3222,2778,2910,JoshB,5,3073,3229,2782,2938,Y
_DSC1648.tif,4,4,4,3,2,Emma,5,2964,3148,2882,3066,Caroline,4,2972,3126,2895,3049,JoshB,5,2986,3136,2888,3038,Y
_DSC1648.tif,4,4,4,3,3,Emma,4,2888,3104,2999,3215,Caroline,4,2910,3074,3025,3189,JoshB,5,2883,3065,3002,3184,Y
_DSC1648.tif,4,4,4,3,4,Emma,0,2946,3200,3161,3415,Caroline,0,2978,3168,3187,3377,JoshB,0,2986,3176,3186,3376,Y
_DSC1648.tif,4,4,4,3,5,Emma,3,3256,3472,3148,3364,Caroline,3,3284,3454,3181,3351,JoshB,2,3298,3440,3190,3332,Y
_DSC1648.tif,4,4,4,3,6,Emma,3,3326,3522,3006,3202,Caroline,3,3346,3514,3010,3178,JoshB,3,3349,3513,3026,3190,Y
_DSC1648.tif,4,4,4,3,7,Emma,4,3314,3498,2854,3038,Caroline,4,3316,3490,2851,3025,JoshB,5,3340,3474,2876,3010,Y
_DSC1648.tif,4,4,4,3,8,Emma,0,3238,3414,2724,2900,Caroline,0,3237,3381,2750,2894,JoshB,0,3270,3380,2774,2884,Y
_DSC1648.tif,4,4,4,4,1,Emma,4,3842,4040,2716,2914,Caroline,4,3851,4031,2724,2904,JoshB,4,3852,4018,2738,2904,Y
_DSC1648.tif,4,4,4,4,2,Emma,4,3726,3928,2838,3040,Caroline,4,3748,3912,2852,3016,JoshB,4,3762,3912,2860,3010,Y
_DSC1648.tif,4,4,4,4,3,Emma,4,3720,3922,2990,3192,Caroline,3,3724,3914,2981,3171,JoshB,4,3734,3908,3002,3176,Y
_DSC1648.tif,4,4,4,4,4,Emma,3,3764,3954,3168,3358,Caroline,2,3788,3956,3174,3342,JoshB,4,3806,3916,3203,3313,Y
_DSC1648.tif,4,4,4,4,5,Emma,2,4036,4234,3217,3415,Caroline,3,4030,4220,3227,3417,JoshB,3,4050,4238,3219,3407,Y
_DSC1648.tif,4,4,4,4,6,Emma,3,4144,4348,3081,3285,Caroline,3,4152,4348,3068,3264,JoshB,3,4168,4348,3089,3269,Y
_DSC1648.tif,4,4,4,4,7,Emma,4,4126,4342,2895,3111,Caroline,4,4136,4326,2896,3086,JoshB,4,4152,4334,2918,3100,Y
_DSC1648.tif,4,4,4,4,8,Emma,1,4044,4240,2698,2894,Caroline,2,4022,4228,2704,2910,JoshB,2,4057,4231,2734,2908,Y
_DSC1804.tif,4,4,1,1,1,Yuxuan,0,1275,1423,160,308,Adam,0,1263,1417,144,298,Mark,0,1282,1416,172,306,Y
_DSC1804.tif,4,4,1,1,2,Yuxuan,6,1183,1363,318,498,Adam,6,1176,1364,296,484,Mark,6,1204,1330,338,464,Y
_DSC1804.tif,4,4,1,1,3,Yuxuan,0,1159,1355,456,652,Adam,0,1146,1354,445,653,Mark,0,1144,1334,465,655,Y
_DSC1804.tif,4,4,1,1,4,Yuxuan,6,1257,1415,652,810,Adam,6,1235,1419,626,810,Mark,6,1188,1512,569,893,Y
_DSC1804.tif,4,4,1,1,5,Yuxuan,0,1509,1683,604,778,Adam,0,1504,1692,609,797,Mark,0,1542,1708,606,772,Y
_DSC1804.tif,4,4,1,1,6,Yuxuan,5,1593,1773,450,630,Adam,6,1587,1741,472,626,Mark,6,1613,1727,470,584,Y
_DSC1804.tif,4,4,1,1,7,Yuxuan,0,1502,1704,297,499,Adam,0,1504,1696,291,483,Mark,0,1536,1676,267,407,Y
_DSC1804.tif,4,4,1,1,8,Yuxuan,6,1444,1624,144,324,Adam,6,1448,1598,164,314,Mark,6,1460,1650,170,360,Y
_DSC1804.tif,4,4,1,2,1,Yuxuan,0,1980,2108,138,266,Adam,0,1974,2132,120,278,Mark,0,2026,2172,163,309,Y
_DSC1804.tif,4,4,1,2,2,Yuxuan,3,1965,2103,286,424,Adam,6,1940,2112,290,462,Mark,5,1936,2158,274,496,Y
_DSC1804.tif,4,4,1,2,3,Yuxuan,0,1912,2060,476,624,Adam,0,1914,2068,452,606,Mark,0,1898,2082,445,629,Y
_DSC1804.tif,4,4,1,2,4,Yuxuan,4,2024,2166,562,704,Adam,6,2004,2158,563,717,Mark,6,1980,2164,540,724,Y
_DSC1804.tif,4,4,1,2,5,Yuxuan,0,2246,2394,540,688,Adam,0,2262,2440,525,703,Mark,0,2260,2526,477,743,Y
_DSC1804.tif,4,4,1,2,6,Yuxuan,4,2328,2470,350,492,Adam,6,2316,2480,348,512,Mark,5,2318,2494,342,518,Y
_DSC1804.tif,4,4,1,2,7,Yuxuan,1,2216,2380,204,368,Adam,1,2188,2376,185,373,Mark,0,2190,2380,192,382,Y
_DSC1804.tif,4,4,1,2,8,Yuxuan,5,2145,2283,96,234,Adam,6,2132,2262,100,230,Mark,6,2127,2299,70,242,Y
_DSC1804.tif,4,4,1,3,1,Yuxuan,6,2819,2973,180,334,Adam,6,2826,2960,187,321,Mark,6,2818,2996,172,350,Y
_DSC1804.tif,4,4,1,3,2,Yuxuan,0,2746,2914,326,494,Adam,0,2762,2930,311,479,Mark,0,2780,2914,330,464,Y
_DSC1804.tif,4,4,1,3,3,Yuxuan,4,2737,2913,476,652,Adam,6,2742,2896,484,638,Mark,6,2736,2926,464,654,Y
_DSC1804.tif,4,4,1,3,4,Yuxuan,0,2756,2952,662,858,Adam,0,2740,2938,656,854,Mark,0,2806,2958,696,848,Y
_DSC1804.tif,4,4,1,3,5,Yuxuan,5,3068,3238,678,848,Adam,6,3050,3228,690,868,Mark,6,3066,3256,658,848,Y
_DSC1804.tif,4,4,1,3,6,Yuxuan,0,3120,3268,527,675,Adam,0,3168,3352,499,683,Mark,0,3200,3314,541,655,Y
_DSC1804.tif,4,4,1,3,7,Yuxuan,5,3078,3286,328,536,Adam,6,3078,3240,334,496,Mark,6,3092,3262,322,492,Y
_DSC1804.tif,4,4,1,3,8,Yuxuan,0,3020,3216,128,324,Adam,0,3010,3158,160,308,Mark,0,2970,3238,133,401,Y
_DSC1804.tif,4,4,1,4,1,Yuxuan,6,3713,3857,270,414,Adam,6,3724,3852,254,382,Mark,6,3706,3866,235,395,Y
_DSC1804.tif,4,4,1,4,2,Yuxuan,0,3654,3830,405,581,Adam,0,3650,3804,395,549,Mark,0,3640,3786,400,546,Y
_DSC1804.tif,4,4,1,4,3,Yuxuan,5,3689,3863,588,762,Adam,6,3684,3848,578,742,Mark,5,3650,3858,547,755,Y
_DSC1804.tif,4,4,1,4,4,Yuxuan,0,3785,3949,720,884,Adam,1,3778,3932,722,876,Mark,0,3744,3884,699,839,Y
_DSC1804.tif,4,4,1,4,5,Yuxuan,4,3923,4117,610,804,Adam,6,3924,4118,606,800,Mark,5,3925,4129,616,820,Y
_DSC1804.tif,4,4,1,4,6,Yuxuan,0,3938,4090,462,614,Adam,0,3990,4148,428,586,Mark,[],[],[],[],[],K
_DSC1804.tif,4,4,1,4,7,Yuxuan,4,3962,4126,266,430,Adam,6,3946,4096,278,428,Mark,5,3928,4138,245,455,Y
_DSC1804.tif,4,4,1,4,8,Yuxuan,0,3872,4030,147,305,Adam,0,3818,3962,139,283,Mark,0,3802,3974,118,290,Y
_DSC1804.tif,4,4,2,1,1,Yuxuan,0,1301,1461,1042,1202,Adam,1,1330,1444,1059,1173,Mark,0,1334,1448,1061,1175,Y
_DSC1804.tif,4,4,2,1,2,Yuxuan,6,1263,1415,1202,1354,Adam,6,1270,1404,1200,1334,Mark,6,1264,1422,1206,1364,Y
_DSC1804.tif,4,4,2,1,3,Yuxuan,0,1164,1360,1381,1577,Adam,0,1142,1330,1369,1557,Mark,0,1168,1366,1336,1534,Y
_DSC1804.tif,4,4,2,1,4,Yuxuan,3,1180,1382,1571,1773,Adam,5,1176,1360,1579,1763,Mark,4,1136,1378,1523,1765,Y
_DSC1804.tif,4,4,2,1,5,Yuxuan,0,1482,1672,1567,1757,Adam,1,1484,1682,1551,1749,Mark,0,1442,1726,1452,1736,Y
_DSC1804.tif,4,4,2,1,6,Yuxuan,4,1488,1688,1376,1576,Adam,6,1498,1662,1393,1557,Mark,5,1486,1708,1381,1603,Y
_DSC1804.tif,4,4,2,1,7,Yuxuan,0,1514,1688,1231,1405,Adam,0,1471,1639,1206,1374,Mark,0,1474,1682,1169,1377,Y
_DSC1804.tif,4,4,2,1,8,Yuxuan,3,1482,1656,1059,1233,Adam,5,1468,1626,1052,1210,Mark,5,1498,1650,1079,1231,Y
_DSC1804.tif,4,4,2,2,1,Yuxuan,0,2176,2304,1148,1276,Adam,0,2149,2323,1126,1300,Mark,0,2140,2318,1089,1267,Y
_DSC1804.tif,4,4,2,2,2,Yuxuan,5,2111,2307,1286,1482,Adam,6,2122,2292,1281,1451,Mark,6,2152,2324,1295,1467,Y
_DSC1804.tif,4,4,2,2,3,Yuxuan,0,2110,2296,1465,1651,Adam,0,2084,2256,1449,1621,Mark,0,2102,2260,1432,1590,Y
_DSC1804.tif,4,4,2,2,4,Yuxuan,5,2256,2436,1592,1772,Adam,6,2212,2416,1582,1786,Mark,5,2266,2462,1578,1774,Y
_DSC1804.tif,4,4,2,2,5,Yuxuan,0,2523,2713,1582,1772,Adam,0,2500,2718,1562,1780,Mark,0,2494,2762,1564,1832,Y
_DSC1804.tif,4,4,2,2,6,Yuxuan,6,2570,2792,1347,1569,Adam,6,2632,2784,1390,1542,Mark,6,2628,2768,1384,1524,Y
_DSC1804.tif,4,4,2,2,7,Yuxuan,0,2523,2703,1222,1402,Adam,0,2487,2671,1220,1404,Mark,0,2508,2710,1217,1419,Y
_DSC1804.tif,4,4,2,2,8,Yuxuan,4,2322,2528,1054,1260,Adam,6,2338,2502,1082,1246,Mark,5,2336,2526,1083,1273,Y
_DSC1804.tif,4,4,2,3,1,Yuxuan,5,3018,3182,1080,1244,Adam,6,3012,3176,1066,1230,Mark,5,3028,3174,1105,1251,Y
_DSC1804.tif,4,4,2,3,2,Yuxuan,0,2920,3094,1225,1399,Adam,0,2900,3080,1193,1373,Mark,0,2910,3138,1188,1416,Y
_DSC1804.tif,4,4,2,3,3,Yuxuan,6,2845,3073,1338,1566,Adam,6,2859,3057,1354,1552,Mark,6,2882,3040,1366,1524,Y
_DSC1804.tif,4,4,2,3,4,Yuxuan,0,2968,3126,1550,1708,Adam,0,2963,3131,1528,1696,Mark,0,2946,3122,1512,1688,Y
_DSC1804.tif,4,4,2,3,5,Yuxuan,4,3200,3380,1511,1691,Adam,6,3179,3391,1484,1696,Mark,5,3218,3384,1517,1683,Y
_DSC1804.tif,4,4,2,3,6,Yuxuan,0,3284,3470,1328,1514,Adam,0,3262,3456,1324,1518,Mark,0,3288,3422,1372,1506,Y
_DSC1804.tif,4,4,2,3,7,Yuxuan,5,3184,3364,1190,1370,Adam,6,3178,3342,1206,1370,Mark,6,3200,3358,1185,1343,Y
_DSC1804.tif,4,4,2,3,8,Yuxuan,0,3178,3338,1058,1218,Adam,0,3164,3328,1059,1223,Mark,0,3173,3287,1098,1212,Y
_DSC1804.tif,4,4,2,4,1,Yuxuan,5,3676,3830,1058,1212,Adam,6,3687,3855,1032,1200,Mark,6,3694,3814,1077,1197,Y
_DSC1804.tif,4,4,2,4,2,Yuxuan,0,3650,3792,1255,1397,Adam,[],[],[],[],[],Mark,0,3644,3808,1254,1418,K
_DSC1804.tif,4,4,2,4,3,Yuxuan,6,3579,3805,1382,1608,Adam,6,3634,3788,1421,1575,Mark,6,3646,3786,1454,1594,Y
_DSC1804.tif,4,4,2,4,4,Yuxuan,0,3673,3843,1576,1746,Adam,0,3640,3808,1592,1760,Mark,0,3700,3808,1629,1737,Y
_DSC1804.tif,4,4,2,4,5,Yuxuan,4,3925,4115,1550,1740,Adam,6,3928,4100,1541,1713,Mark,5,3928,4094,1536,1702,Y
_DSC1804.tif,4,4,2,4,6,Yuxuan,0,4030,4226,1336,1532,Adam,0,4012,4240,1322,1550,Mark,0,4010,4246,1314,1550,Y
_DSC1804.tif,4,4,2,4,7,Yuxuan,6,3956,4136,1174,1354,Adam,6,3986,4146,1178,1338,Mark,6,3980,4132,1168,1320,Y
_DSC1804.tif,4,4,2,4,8,Yuxuan,0,3837,4017,1000,1180,Adam,0,3835,4013,992,1170,Mark,0,3858,3922,1070,1134,Y
_DSC1804.tif,4,4,3,1,1,Yuxuan,3,1357,1495,2132,2270,Adam,4,1366,1506,2132,2272,Mark,4,1396,1518,2152,2274,Y
_DSC1804.tif,4,4,3,1,2,Yuxuan,4,1305,1453,2258,2406,Adam,6,1300,1464,2254,2418,Mark,5,1270,1524,2219,2473,Y
_DSC1804.tif,4,4,3,1,3,Yuxuan,0,1248,1386,2391,2529,Adam,0,1256,1414,2388,2546,Mark,0,1220,1436,2365,2581,Y
_DSC1804.tif,4,4,3,1,4,Yuxuan,6,1354,1492,2529,2667,Adam,6,1340,1478,2530,2668,Mark,6,1352,1448,2513,2609,Y
_DSC1804.tif,4,4,3,1,5,Yuxuan,0,1553,1691,2512,2650,Adam,0,1538,1706,2512,2680,Mark,0,1542,1676,2504,2638,Y
_DSC1804.tif,4,4,3,1,6,Yuxuan,5,1634,1778,2356,2500,Adam,6,1632,1800,2356,2524,Mark,5,1644,1772,2323,2451,Y
_DSC1804.tif,4,4,3,1,7,Yuxuan,0,1598,1736,2232,2370,Adam,0,1578,1712,2249,2383,Mark,0,1612,1682,2263,2333,Y
_DSC1804.tif,4,4,3,1,8,Yuxuan,6,1495,1669,2090,2264,Adam,6,1485,1645,2102,2262,Mark,6,1448,1638,2064,2254,Y
_DSC1804.tif,4,4,3,2,1,Yuxuan,0,2152,2306,2036,2190,Adam,0,2155,2283,2064,2192,Mark,0,2145,2273,2056,2184,Y
_DSC1804.tif,4,4,3,2,2,Yuxuan,4,2034,2188,2164,2318,Adam,5,2054,2198,2178,2322,Mark,4,2043,2197,2164,2318,Y
_DSC1804.tif,4,4,3,2,3,Yuxuan,0,2080,2200,2318,2438,Adam,0,2044,2152,2324,2432,Mark,0,2076,2158,2321,2403,Y
_DSC1804.tif,4,4,3,2,4,Yuxuan,6,2146,2272,2392,2518,Adam,6,2148,2272,2410,2534,Mark,5,2133,2285,2394,2546,Y
_DSC1804.tif,4,4,3,2,5,Yuxuan,0,2301,2407,2434,2540,Adam,0,2276,2406,2410,2540,Mark,0,2286,2438,2394,2546,Y
_DSC1804.tif,4,4,3,2,6,Yuxuan,4,2369,2507,2322,2460,Adam,5,2368,2498,2320,2450,Mark,5,2342,2520,2273,2451,Y
_DSC1804.tif,4,4,3,2,7,Yuxuan,0,2338,2456,2184,2302,Adam,0,2326,2450,2188,2312,Mark,0,2307,2453,2172,2318,Y
_DSC1804.tif,4,4,3,2,8,Yuxuan,6,2282,2430,2042,2190,Adam,6,2320,2430,2078,2188,Mark,6,2336,2502,2050,2216,Y
_DSC1804.tif,4,4,3,3,1,Yuxuan,6,3041,3195,1846,2000,Adam,6,3034,3184,1856,2006,Mark,6,3056,3196,1854,1994,Y
_DSC1804.tif,4,4,3,3,2,Yuxuan,0,2922,3076,1968,2122,Adam,0,2900,3064,1939,2103,Mark,0,2958,3098,1971,2111,Y
_DSC1804.tif,4,4,3,3,3,Yuxuan,3,2814,3010,2068,2264,Adam,6,2806,3006,2070,2270,Mark,5,2838,3016,2089,2267,Y
_DSC1804.tif,4,4,3,3,4,Yuxuan,1,2911,3113,2290,2492,Adam,0,2874,3072,2266,2464,Mark,0,2870,3078,2286,2494,Y
_DSC1804.tif,4,4,3,3,5,Yuxuan,4,3227,3381,2348,2502,Adam,6,3234,3406,2329,2501,Mark,6,3221,3443,2292,2514,Y
_DSC1804.tif,4,4,3,3,6,Yuxuan,0,3312,3460,2188,2336,Adam,0,3272,3432,2179,2339,Mark,0,3317,3443,2184,2310,Y
_DSC1804.tif,4,4,3,3,7,Yuxuan,5,3268,3454,2015,2201,Adam,6,3268,3442,2016,2190,Mark,5,3294,3446,2012,2164,Y
_DSC1804.tif,4,4,3,4,1,Yuxuan,6,3877,4015,1942,2080,Adam,6,3887,4011,1934,2058,Mark,6,3884,4050,1942,2108,Y
_DSC1804.tif,4,4,3,4,2,Yuxuan,0,3802,3940,2065,2203,Adam,0,3768,3938,2025,2195,Mark,0,3782,3992,2016,2226,Y
_DSC1804.tif,4,4,3,4,3,Yuxuan,5,3729,3919,2164,2354,Adam,6,3738,3908,2179,2349,Mark,6,3722,3926,2164,2368,Y
_DSC1804.tif,4,4,3,4,4,Yuxuan,0,3776,3956,2375,2555,Adam,0,3736,3958,2346,2568,Mark,0,3782,4024,2374,2616,Y
_DSC1804.tif,4,4,3,4,5,Yuxuan,5,4066,4234,2450,2618,Adam,6,4066,4224,2490,2648,Mark,6,4056,4196,2482,2622,Y
_DSC1804.tif,4,4,3,4,6,Yuxuan,0,4188,4342,2330,2484,Adam,0,4190,4354,2338,2502,Mark,0,4150,4328,2339,2517,Y
_DSC1804.tif,4,4,3,4,7,Yuxuan,6,4146,4316,2142,2312,Adam,6,4133,4301,2152,2320,Mark,6,4132,4442,2117,2427,Y
_DSC1804.tif,4,4,3,4,8,Yuxuan,0,4046,4232,1978,2164,Adam,0,4066,4220,1974,2128,Mark,0,4062,4220,1988,2146,Y
_DSC1804.tif,4,4,4,1,2,Yuxuan,6,1320,1478,3020,3178,Adam,6,1320,1484,3027,3191,Mark,6,1314,1512,3005,3203,Y
_DSC1804.tif,4,4,4,1,3,Yuxuan,0,1246,1442,3174,3370,Adam,0,1236,1454,3154,3372,Mark,0,1290,1504,3197,3411,Y
_DSC1804.tif,4,4,4,1,4,Yuxuan,5,1336,1500,3412,3576,Adam,6,1329,1499,3396,3566,Mark,5,1302,1536,3362,3596,Y
_DSC1804.tif,4,4,4,1,5,Yuxuan,0,1558,1754,3322,3518,Adam,0,1556,1788,3328,3560,Mark,0,1594,1696,3361,3463,Y
_DSC1804.tif,4,4,4,1,6,Yuxuan,6,1694,1856,3140,3302,Adam,6,1689,1833,3158,3302,Mark,6,1670,1854,3116,3300,Y
_DSC1804.tif,4,4,4,1,7,Yuxuan,0,1585,1749,3000,3164,Adam,0,1578,1746,3005,3173,Mark,0,1574,1810,2941,3177,Y
_DSC1804.tif,4,4,4,1,8,Yuxuan,5,1506,1658,2852,3004,Adam,6,1520,1664,2852,2996,Mark,6,1460,1708,2786,3034,Y
_DSC1804.tif,4,4,4,2,2,Yuxuan,5,2113,2277,2994,3158,Adam,6,2122,2302,2994,3174,Mark,5,2134,2298,2991,3155,Y
_DSC1804.tif,4,4,4,2,3,Yuxuan,1,2064,2248,3148,3332,Adam,1,2074,2266,3145,3337,Mark,0,2050,2254,3138,3342,Y
_DSC1804.tif,4,4,4,2,4,Yuxuan,4,2190,2364,3319,3493,Adam,5,2178,2380,3310,3512,Mark,5,2120,2406,3269,3555,Y
_DSC1804.tif,4,4,4,2,5,Yuxuan,0,2447,2621,3264,3438,Adam,0,2455,2619,3262,3426,Mark,0,2470,2584,3269,3383,Y
_DSC1804.tif,4,4,4,2,6,Yuxuan,5,2492,2672,3062,3242,Adam,6,2511,2661,3094,3244,Mark,6,2494,2666,3066,3238,Y
_DSC1804.tif,4,4,4,2,7,Yuxuan,0,2418,2566,2912,3060,Adam,0,2425,2585,2910,3070,Mark,0,2470,2646,2911,3087,Y
_DSC1804.tif,4,4,4,2,8,Yuxuan,5,2290,2466,2777,2953,Adam,6,2312,2454,2795,2937,Mark,5,2314,2474,2792,2952,Y
_DSC1804.tif,4,4,4,3,1,Yuxuan,3,3116,3248,2746,2878,Adam,4,3104,3272,2725,2893,Mark,4,3078,3262,2701,2885,Y
_DSC1804.tif,4,4,4,3,2,Yuxuan,0,3023,3175,2894,3046,Adam,0,2970,3168,2861,3059,Mark,0,3016,3244,2854,3082,Y
_DSC1804.tif,4,4,4,3,3,Yuxuan,4,2946,3142,3044,3240,Adam,6,2956,3144,3040,3228,Mark,5,2958,3206,3049,3297,Y
_DSC1804.tif,4,4,4,3,4,Yuxuan,0,3004,3222,3215,3433,Adam,0,3024,3208,3213,3397,Mark,0,2996,3154,3222,3380,Y
_DSC1804.tif,4,4,4,3,5,Yuxuan,4,3309,3477,3222,3390,Adam,6,3303,3481,3228,3406,Mark,4,3298,3514,3160,3376,Y
_DSC1804.tif,4,4,4,3,6,Yuxuan,0,3390,3580,3063,3253,Adam,0,3401,3585,3044,3228,Mark,0,3390,3662,3054,3326,Y
_DSC1804.tif,4,4,4,3,7,Yuxuan,5,3361,3515,2904,3058,Adam,6,3371,3525,2916,3070,Mark,6,3352,3536,2881,3065,Y
_DSC1804.tif,4,4,4,3,8,Yuxuan,0,3264,3444,2746,2926,Adam,0,3236,3464,2702,2930,Mark,0,3268,3402,2754,2888,Y
_DSC1804.tif,4,4,4,4,1,Yuxuan,4,3966,4158,2824,3016,Adam,6,3981,4135,2826,2980,Mark,5,3998,4138,2834,2974,Y
_DSC1804.tif,4,4,4,4,2,Yuxuan,0,3914,4068,2988,3142,Adam,0,3892,4056,2973,3137,Mark,0,3846,4018,2938,3110,Y
_DSC1804.tif,4,4,4,4,3,Yuxuan,5,3866,4062,3110,3306,Adam,6,3876,4038,3130,3292,Mark,5,3846,4062,3091,3307,Y
_DSC1804.tif,4,4,4,4,4,Yuxuan,0,3940,4114,3298,3472,Adam,0,3927,4091,3302,3466,Mark,0,3866,4138,3222,3494,Y
_DSC1804.tif,4,4,4,4,5,Yuxuan,5,4173,4369,3284,3480,Adam,6,4185,4339,3322,3476,Mark,5,4144,4372,3266,3494,Y
_DSC1804.tif,4,4,4,4,6,Yuxuan,0,4226,4410,3116,3300,Adam,1,4244,4404,3133,3293,Mark,0,4220,4404,3113,3297,Y
_DSC1804.tif,4,4,4,4,7,Yuxuan,5,4208,4398,2952,3142,Adam,6,4220,4384,2963,3127,Mark,5,4220,4392,2938,3110,Y
_DSC1804.tif,4,4,4,4,8,Yuxuan,0,4200,4336,2836,2972,Adam,0,4184,4348,2819,2983,Mark,0,4170,4278,2824,2932,Y
_DSC1805.tif,4,4,1,1,1,JoshW,3,1396,1504,552,660,Raf,5,1382,1534,519,671,Yuxuan,3,1380,1508,540,668,Y
_DSC1805.tif,4,4,1,1,2,JoshW,6,1325,1447,636,758,Raf,6,1316,1462,622,768,Yuxuan,5,1323,1455,604,736,Y
_DSC1805.tif,4,4,1,1,3,JoshW,6,1346,1450,756,860,Raf,6,1336,1456,744,864,Yuxuan,6,1328,1450,755,877,Y
_DSC1805.tif,4,4,1,1,4,JoshW,5,1386,1504,866,984,Raf,6,1382,1528,863,1009,Yuxuan,6,1392,1508,871,987,Y
_DSC1805.tif,4,4,1,1,5,JoshW,0,1614,1754,827,967,Raf,0,1608,1752,835,979,Yuxuan,0,1584,1712,836,964,Y
_DSC1805.tif,4,4,1,1,6,JoshW,6,1597,1725,694,822,Raf,6,1580,1746,665,831,Yuxuan,4,1604,1724,703,823,Y
_DSC1805.tif,4,4,1,1,7,JoshW,5,1605,1687,600,682,Raf,6,1574,1732,557,715,Yuxuan,5,1593,1719,588,714,Y
_DSC1805.tif,4,4,1,2,2,JoshW,6,2098,2216,432,550,Raf,5,2084,2228,431,575,Yuxuan,4,2082,2240,414,572,Y
_DSC1805.tif,4,4,1,2,3,JoshW,6,2048,2176,540,668,Raf,6,2024,2188,517,681,Yuxuan,5,2034,2182,536,684,Y
_DSC1805.tif,4,4,1,2,4,JoshW,5,2053,2161,686,794,Raf,6,2036,2168,662,794,Yuxuan,5,2028,2166,672,810,Y
_DSC1805.tif,4,4,1,2,5,JoshW,0,2232,2364,726,858,Raf,0,2248,2388,734,874,Yuxuan,1,2230,2356,726,852,Y
_DSC1805.tif,4,4,1,2,6,JoshW,4,2326,2452,618,744,Raf,4,2320,2460,612,752,Yuxuan,3,2338,2460,638,760,Y
_DSC1805.tif,4,4,1,2,7,JoshW,4,2308,2426,504,622,Raf,5,2302,2446,481,625,Yuxuan,3,2318,2428,512,622,Y
_DSC1805.tif,4,4,1,2,8,JoshW,3,2307,2429,358,480,Raf,[],[],[],[],[],Yuxuan,3,2287,2441,334,488,K
_DSC1805.tif,4,4,1,3,1,JoshW,6,2882,3002,335,455,Raf,5,2862,2996,311,445,Yuxuan,5,2867,3015,318,466,Y
_DSC1805.tif,4,4,1,3,2,JoshW,0,2774,2910,484,620,Raf,0,2786,2912,464,590,Yuxuan,0,2775,2907,488,620,Y
_DSC1805.tif,4,4,1,3,3,JoshW,3,2714,2860,647,793,Raf,[],[],[],[],[],Yuxuan,3,2724,2872,643,791,K
_DSC1805.tif,4,4,1,3,4,JoshW,3,2829,2951,768,890,Raf,4,2824,2968,765,909,Yuxuan,3,2817,2965,736,884,Y
_DSC1805.tif,4,4,1,3,5,JoshW,6,3031,3163,726,858,Raf,6,3028,3174,718,864,Yuxuan,5,2996,3208,688,900,Y
_DSC1805.tif,4,4,1,3,6,JoshW,0,3178,3332,558,712,Raf,0,3088,3240,572,724,Yuxuan,0,3132,3296,551,715,Y
_DSC1805.tif,4,4,1,3,7,JoshW,6,3080,3226,394,540,Raf,5,3100,3240,410,550,Yuxuan,5,3104,3238,431,565,Y
_DSC1805.tif,4,4,1,3,8,JoshW,5,2994,3108,354,468,Raf,5,2975,3141,318,484,Yuxuan,4,2991,3139,328,476,Y
_DSC1805.tif,4,4,1,4,1,JoshW,6,3724,3842,316,434,Raf,6,3722,3842,311,431,Yuxuan,6,3694,3842,302,450,Y
_DSC1805.tif,4,4,1,4,2,JoshW,2,3642,3776,430,564,Raf,3,3632,3792,410,570,Yuxuan,2,3650,3782,443,575,Y
_DSC1805.tif,4,4,1,4,3,JoshW,5,3587,3725,576,714,Raf,5,3584,3742,563,721,Yuxuan,4,3584,3720,578,714,Y
_DSC1805.tif,4,4,1,4,4,JoshW,6,3664,3796,708,840,Raf,5,3650,3808,702,860,Yuxuan,4,3673,3811,714,852,Y
_DSC1805.tif,4,4,1,4,5,JoshW,6,3833,3971,730,868,Raf,6,3815,3993,696,874,Yuxuan,6,3819,3967,710,858,Y
_DSC1805.tif,4,4,1,4,6,JoshW,0,3960,4098,578,716,Raf,0,3946,4138,579,771,Yuxuan,0,3966,4084,600,718,Y
_DSC1805.tif,4,4,1,4,7,JoshW,5,3882,4014,436,568,Raf,6,3868,4046,404,582,Yuxuan,5,3866,4004,453,591,Y
_DSC1805.tif,4,4,2,1,1,JoshW,5,1418,1546,1154,1282,Raf,6,1428,1560,1148,1280,Yuxuan,6,1410,1548,1138,1276,Y
_DSC1805.tif,4,4,2,1,2,JoshW,6,1358,1490,1253,1385,Raf,6,1350,1494,1248,1392,Yuxuan,6,1355,1487,1244,1376,Y
_DSC1805.tif,4,4,2,1,3,JoshW,0,1337,1491,1410,1564,Raf,0,1356,1542,1379,1565,Yuxuan,0,1354,1502,1418,1566,Y
_DSC1805.tif,4,4,2,1,4,JoshW,6,1422,1582,1583,1743,Raf,5,1416,1594,1554,1732,Yuxuan,5,1423,1567,1592,1736,Y
_DSC1805.tif,4,4,2,1,5,JoshW,3,1634,1820,1560,1746,Raf,5,1631,1835,1542,1746,Yuxuan,4,1643,1807,1566,1730,Y
_DSC1805.tif,4,4,2,1,6,JoshW,6,1724,1850,1401,1527,Raf,6,1712,1858,1386,1532,Yuxuan,6,1724,1862,1412,1550,Y
_DSC1805.tif,4,4,2,1,7,JoshW,0,1636,1786,1228,1378,Raf,0,1640,1832,1227,1419,Yuxuan,1,1650,1798,1241,1389,Y
_DSC1805.tif,4,4,2,2,1,JoshW,5,2164,2296,1118,1250,Raf,6,2133,2311,1078,1256,Yuxuan,5,2158,2296,1122,1260,Y
_DSC1805.tif,4,4,2,2,2,JoshW,6,2090,2228,1222,1360,Raf,6,2080,2246,1230,1396,Yuxuan,6,2090,2228,1222,1360,Y
_DSC1805.tif,4,4,2,2,3,JoshW,1,2016,2166,1372,1522,Raf,2,2004,2188,1354,1538,Yuxuan,1,2016,2180,1371,1535,Y
_DSC1805.tif,4,4,2,2,4,JoshW,5,2074,2224,1535,1685,Raf,5,2064,2236,1524,1696,Yuxuan,4,2068,2238,1532,1702,Y
_DSC1805.tif,4,4,2,2,5,JoshW,6,2368,2518,1570,1720,Raf,6,2351,2523,1554,1726,Yuxuan,5,2354,2550,1545,1741,Y
_DSC1805.tif,4,4,2,2,6,JoshW,6,2398,2544,1404,1550,Raf,6,2400,2558,1409,1567,Yuxuan,6,2399,2547,1418,1566,Y
_DSC1805.tif,4,4,2,2,7,JoshW,0,2406,2564,1250,1408,Raf,0,2360,2506,1240,1386,Yuxuan,0,2396,2554,1262,1420,Y
_DSC1805.tif,4,4,2,2,8,JoshW,4,2324,2470,1099,1245,Raf,5,2327,2493,1084,1250,Yuxuan,4,2322,2502,1084,1264,Y
_DSC1805.tif,4,4,2,3,1,JoshW,5,2968,3106,1137,1275,Raf,5,2976,3114,1118,1256,Yuxuan,5,2980,3102,1132,1254,Y
_DSC1805.tif,4,4,2,3,2,JoshW,5,2892,3032,1234,1374,Raf,5,2870,3048,1224,1402,Yuxuan,5,2904,3042,1222,1360,Y
_DSC1805.tif,4,4,2,3,3,JoshW,6,2850,2982,1382,1514,Raf,6,2830,2988,1360,1518,Yuxuan,6,2869,2997,1386,1514,Y
_DSC1805.tif,4,4,2,3,4,JoshW,0,2899,3067,1542,1710,Raf,0,2830,3028,1555,1753,Yuxuan,0,2898,3046,1540,1688,Y
_DSC1805.tif,4,4,2,3,5,JoshW,3,3142,3320,1568,1746,Raf,3,3148,3320,1584,1756,Yuxuan,2,3158,3322,1576,1740,Y
_DSC1805.tif,4,4,2,3,6,JoshW,4,3242,3414,1384,1556,Raf,5,3226,3398,1370,1542,Yuxuan,3,3242,3396,1391,1545,Y
_DSC1805.tif,4,4,2,3,7,JoshW,6,3195,3317,1282,1404,Raf,6,3200,3326,1270,1396,Yuxuan,5,3189,3327,1270,1408,Y
_DSC1805.tif,4,4,2,3,8,JoshW,0,3135,3281,1144,1290,Raf,0,3133,3273,1144,1284,Yuxuan,0,3148,3296,1154,1302,Y
_DSC1805.tif,4,4,2,4,2,JoshW,6,3692,3848,1174,1330,Raf,6,3676,3842,1174,1340,Yuxuan,6,3666,3830,1170,1334,Y
_DSC1805.tif,4,4,2,4,3,JoshW,6,3559,3741,1294,1476,Raf,6,3564,3736,1296,1468,Yuxuan,6,3592,3734,1302,1444,Y
_DSC1805.tif,4,4,2,4,4,JoshW,0,3598,3762,1491,1655,Raf,0,3596,3776,1508,1688,Yuxuan,0,3618,3750,1487,1619,Y
_DSC1805.tif,4,4,2,4,5,JoshW,5,3906,4056,1572,1722,Raf,4,3868,4072,1542,1746,Yuxuan,5,3900,4054,1576,1730,Y
_DSC1805.tif,4,4,2,4,6,JoshW,5,3965,4131,1394,1560,Raf,4,3951,4129,1376,1554,Yuxuan,4,3969,4139,1386,1556,Y
_DSC1805.tif,4,4,2,4,7,JoshW,6,4006,4130,1249,1373,Raf,6,4010,4136,1244,1370,Yuxuan,6,3988,4142,1245,1399,Y
_DSC1805.tif,4,4,2,4,8,JoshW,0,3936,4044,1128,1236,Raf,[],[],[],[],[],Yuxuan,0,3936,4056,1128,1248,K
_DSC1805.tif,4,4,3,1,2,JoshW,5,1561,1671,2154,2264,Raf,5,1522,1694,2119,2291,Yuxuan,5,1550,1688,2148,2286,Y
_DSC1805.tif,4,4,3,1,3,JoshW,6,1514,1650,2264,2400,Raf,6,1508,1686,2259,2437,Yuxuan,6,1514,1656,2272,2414,Y
_DSC1805.tif,4,4,3,1,4,JoshW,6,1516,1648,2406,2538,Raf,6,1514,1654,2406,2546,Yuxuan,6,1521,1643,2418,2540,Y
_DSC1805.tif,4,4,3,1,5,JoshW,0,1764,1904,2456,2596,Raf,0,1792,1970,2447,2625,Yuxuan,0,1785,1891,2476,2582,Y
_DSC1805.tif,4,4,3,1,6,JoshW,4,1853,1985,2314,2446,Raf,5,1826,1990,2289,2453,Yuxuan,5,1865,2003,2306,2444,Y
_DSC1805.tif,4,4,3,1,7,JoshW,6,1810,1950,2166,2306,Raf,6,1806,1950,2150,2294,Yuxuan,6,1830,1952,2179,2301,Y
_DSC1805.tif,4,4,3,1,8,JoshW,6,1730,1856,2046,2172,Raf,6,1727,1871,2024,2168,Yuxuan,6,1744,1870,2048,2174,Y
_DSC1805.tif,4,4,3,2,1,JoshW,1,2292,2424,1975,2107,Raf,1,2278,2450,1938,2110,Yuxuan,1,2285,2423,1978,2116,Y
_DSC1805.tif,4,4,3,2,2,JoshW,3,2210,2350,2092,2232,Raf,4,2208,2360,2076,2228,Yuxuan,3,2228,2360,2103,2235,Y
_DSC1805.tif,4,4,3,2,3,JoshW,6,2246,2364,2224,2342,Raf,6,2235,2381,2202,2348,Yuxuan,5,2246,2372,2222,2348,Y
_DSC1805.tif,4,4,3,2,4,JoshW,6,2284,2430,2336,2482,Raf,6,2298,2430,2334,2466,Yuxuan,6,2287,2431,2332,2476,Y
_DSC1805.tif,4,4,3,2,5,JoshW,3,2470,2582,2292,2404,Raf,3,2460,2606,2268,2414,Yuxuan,2,2463,2601,2296,2434,Y
_DSC1805.tif,4,4,3,2,6,JoshW,5,2536,2674,2155,2293,Raf,6,2520,2704,2130,2314,Yuxuan,5,2534,2676,2170,2312,Y
_DSC1805.tif,4,4,3,2,7,JoshW,6,2523,2659,2024,2160,Raf,6,2512,2638,2016,2142,Yuxuan,5,2524,2666,2037,2179,Y
_DSC1805.tif,4,4,3,2,8,JoshW,6,2468,2582,1948,2062,Raf,6,2446,2592,1921,2067,Yuxuan,5,2455,2587,1932,2064,Y
_DSC1805.tif,4,4,3,3,1,JoshW,6,3050,3178,1964,2092,Raf,6,3031,3157,1958,2084,Yuxuan,5,3026,3190,1946,2110,Y
_DSC1805.tif,4,4,3,3,2,JoshW,1,2974,3138,2097,2261,Raf,3,2956,3140,2086,2270,Yuxuan,2,2965,3129,2106,2270,Y
_DSC1805.tif,4,4,3,3,3,JoshW,5,2942,3066,2284,2408,Raf,5,2930,3088,2278,2436,Yuxuan,4,2936,3078,2286,2428,Y
_DSC1805.tif,4,4,3,3,4,JoshW,4,3022,3168,2424,2570,Raf,5,2988,3214,2376,2602,Yuxuan,5,3004,3174,2406,2576,Y
_DSC1805.tif,4,4,3,3,5,JoshW,6,3200,3338,2350,2488,Raf,6,3220,3346,2357,2483,Yuxuan,6,3201,3343,2354,2496,Y
_DSC1805.tif,4,4,3,3,6,JoshW,0,3270,3388,2232,2350,Raf,0,3214,3412,2206,2404,Yuxuan,0,3255,3377,2216,2338,Y
_DSC1805.tif,4,4,3,3,7,JoshW,4,3220,3360,2096,2236,Raf,5,3220,3358,2096,2234,Yuxuan,5,3232,3370,2100,2238,Y
_DSC1805.tif,4,4,3,3,8,JoshW,6,3158,3288,1974,2104,Raf,6,3144,3290,1944,2090,Yuxuan,5,3126,3316,1926,2116,Y
_DSC1805.tif,4,4,3,4,1,JoshW,6,3730,3902,1948,2120,Raf,5,3736,3900,1929,2093,Yuxuan,5,3729,3871,1952,2094,Y
_DSC1805.tif,4,4,3,4,2,JoshW,3,3666,3816,2078,2228,Raf,2,3650,3814,2070,2234,Yuxuan,4,3675,3825,2094,2244,Y
_DSC1805.tif,4,4,3,4,3,JoshW,5,3648,3806,2235,2393,Raf,5,3616,3814,2209,2407,Yuxuan,5,3634,3798,2235,2399,Y
_DSC1805.tif,4,4,3,4,4,JoshW,5,3774,3898,2362,2486,Raf,5,3762,3888,2360,2486,Yuxuan,5,3750,3892,2360,2502,Y
_DSC1805.tif,4,4,3,4,5,JoshW,6,3895,4035,2360,2500,Raf,6,3884,4036,2354,2506,Yuxuan,6,3890,4038,2364,2512,Y
_DSC1805.tif,4,4,3,4,6,JoshW,1,4006,4174,2213,2381,Raf,1,4016,4182,2222,2388,Yuxuan,2,4017,4165,2222,2370,Y
_DSC1805.tif,4,4,3,4,7,JoshW,4,3933,4097,2092,2256,Raf,4,3928,4080,2099,2251,Yuxuan,5,3940,4084,2100,2244,Y
_DSC1805.tif,4,4,3,4,8,JoshW,6,3892,4024,1966,2098,Raf,6,3872,4030,1932,2090,Yuxuan,5,3903,4051,1952,2100,Y
_DSC1805.tif,4,4,4,1,1,JoshW,6,1618,1764,2852,2998,Raf,6,1620,1772,2843,2995,Yuxuan,5,1624,1756,2859,2991,Y
_DSC1805.tif,4,4,4,1,2,JoshW,6,1536,1672,2958,3094,Raf,6,1514,1712,2939,3137,Yuxuan,6,1540,1688,2954,3102,Y
_DSC1805.tif,4,4,4,1,3,JoshW,4,1517,1675,3092,3250,Raf,3,1494,1694,3077,3277,Yuxuan,3,1530,1678,3102,3250,Y
_DSC1805.tif,4,4,4,1,4,JoshW,4,1578,1726,3250,3398,Raf,3,1584,1750,3252,3418,Yuxuan,4,1594,1722,3258,3386,Y
_DSC1805.tif,4,4,4,1,5,JoshW,6,1704,1854,3216,3366,Raf,5,1700,1864,3214,3378,Yuxuan,5,1719,1867,3216,3364,Y
_DSC1805.tif,4,4,4,1,6,JoshW,6,1808,1924,3118,3234,Raf,6,1792,1932,3094,3234,Yuxuan,6,1809,1937,3110,3238,Y
_DSC1805.tif,4,4,4,1,7,JoshW,0,1789,1935,2964,3110,Raf,2,1792,1958,2945,3111,Yuxuan,2,1794,1932,2959,3097,Y
_DSC1805.tif,4,4,4,1,8,JoshW,5,1786,1890,2864,2968,Raf,4,1780,1884,2853,2957,Yuxuan,4,1779,1907,2856,2984,Y
_DSC1805.tif,4,4,4,2,2,JoshW,6,2288,2424,2902,3038,Raf,6,2274,2426,2903,3055,Yuxuan,5,2274,2444,2896,3066,Y
_DSC1805.tif,4,4,4,2,3,JoshW,3,2248,2406,3038,3196,Raf,3,2242,2446,3032,3236,Yuxuan,4,2254,2418,3046,3210,Y
_DSC1805.tif,4,4,4,2,4,JoshW,4,2351,2509,3206,3364,Raf,4,2348,2506,3180,3338,Yuxuan,5,2328,2492,3192,3356,Y
_DSC1805.tif,4,4,4,2,5,JoshW,6,2534,2680,3138,3284,Raf,5,2532,2704,3134,3306,Yuxuan,5,2532,2684,3132,3284,Y
_DSC1805.tif,4,4,4,2,6,JoshW,6,2633,2747,3018,3132,Raf,5,2612,2770,3008,3166,Yuxuan,6,2619,2767,3010,3158,Y
_DSC1805.tif,4,4,4,2,8,JoshW,5,2509,2669,2728,2888,Raf,4,2506,2664,2741,2899,Yuxuan,4,2505,2669,2730,2894,Y
_DSC1805.tif,4,4,4,3,1,JoshW,6,3120,3252,2808,2940,Raf,5,3100,3266,2786,2952,Yuxuan,5,3123,3261,2814,2952,Y
_DSC1805.tif,4,4,4,3,2,JoshW,6,3046,3174,2914,3042,Raf,5,3048,3200,2903,3055,Yuxuan,5,3052,3184,2915,3047,Y
_DSC1805.tif,4,4,4,3,3,JoshW,6,3064,3188,3046,3170,Raf,6,3034,3200,3028,3194,Yuxuan,6,3068,3190,3049,3171,Y
_DSC1805.tif,4,4,4,3,4,JoshW,0,3056,3200,3190,3334,Raf,0,3068,3220,3187,3339,Yuxuan,0,3049,3193,3194,3338,Y
_DSC1805.tif,4,4,4,3,5,JoshW,4,3298,3464,3162,3328,Raf,3,3280,3452,3157,3329,Yuxuan,4,3316,3448,3182,3314,Y
_DSC1805.tif,4,4,4,3,6,JoshW,6,3370,3484,3075,3189,Raf,6,3332,3484,3002,3154,Yuxuan,6,3364,3476,3072,3184,Y
_DSC1805.tif,4,4,4,3,7,JoshW,6,3264,3446,2893,3075,Raf,6,3252,3398,2873,3019,Yuxuan,6,3274,3428,2888,3042,Y
_DSC1805.tif,4,4,4,3,8,JoshW,1,3284,3420,2767,2903,Raf,1,3266,3432,2740,2906,Yuxuan,3,3268,3428,2750,2910,Y
_DSC1805.tif,4,4,4,4,1,JoshW,5,3866,3998,2730,2862,Raf,5,3858,3990,2724,2856,Yuxuan,5,3886,4006,2746,2866,Y
_DSC1805.tif,4,4,4,4,2,JoshW,6,3806,3942,2833,2969,Raf,5,3808,3940,2847,2979,Yuxuan,5,3801,3927,2836,2962,Y
_DSC1805.tif,4,4,4,4,3,JoshW,6,3762,3898,2942,3078,Raf,5,3742,3888,2945,3091,Yuxuan,5,3734,3862,2937,3065,Y
_DSC1805.tif,4,4,4,4,4,JoshW,2,3786,3940,3110,3264,Raf,2,3768,3974,3091,3297,Yuxuan,3,3794,3938,3120,3264,Y
_DSC1805.tif,4,4,4,4,5,JoshW,6,4029,4171,3160,3302,Raf,4,4036,4188,3160,3312,Yuxuan,5,4024,4184,3157,3317,Y
_DSC1805.tif,4,4,4,4,6,JoshW,6,4131,4269,3050,3188,Raf,6,4132,4298,3018,3184,Yuxuan,6,4142,4284,3053,3195,Y
_DSC1805.tif,4,4,4,4,7,JoshW,6,4142,4288,2890,3036,Raf,6,4132,4310,2866,3044,Yuxuan,6,4120,4284,2873,3037,Y
_DSC1805.tif,4,4,4,4,8,JoshW,0,4042,4194,2761,2913,Raf,1,4020,4264,2681,2925,Yuxuan,1,4046,4190,2750,2894,Y
_DSC8785.tif,2,4,1,1,1,JoshB,0,807,1029,744,966,JoshW,0,820,1002,780,962,Raf,0,794,1006,737,949,Y
_DSC8785.tif,2,4,1,1,2,JoshB,1,654,844,899,1089,JoshW,1,662,812,936,1086,Raf,1,662,854,890,1082,Y
_DSC8785.tif,2,4,1,1,3,JoshB,0,639,861,1144,1366,JoshW,0,609,835,1150,1376,Raf,0,626,876,1132,1382,Y
_DSC8785.tif,2,4,1,1,4,JoshB,0,835,1019,1334,1518,JoshW,0,815,1019,1350,1554,Raf,0,834,1020,1342,1528,Y
_DSC8785.tif,2,4,1,1,5,JoshB,0,1089,1261,1358,1530,JoshW,0,1064,1264,1328,1528,Raf,0,1092,1264,1336,1508,Y
_DSC8785.tif,2,4,1,1,6,JoshB,3,1194,1346,1165,1317,JoshW,0,1175,1349,1136,1310,Raf,0,1132,1370,1101,1339,Y
_DSC8785.tif,2,4,1,1,7,JoshB,1,1200,1328,952,1080,JoshW,0,1188,1332,946,1090,Raf,0,1147,1333,886,1072,Y
_DSC8785.tif,2,4,1,1,8,JoshB,0,1060,1226,758,924,JoshW,0,1076,1208,767,899,Raf,0,1058,1224,728,894,Y
_DSC8785.tif,2,4,1,2,1,JoshB,3,1828,2000,698,870,JoshW,2,1840,1990,699,849,Raf,1,1792,1990,676,874,Y
_DSC8785.tif,2,4,1,2,2,JoshB,2,1626,1860,836,1070,JoshW,3,1654,1840,872,1058,Raf,2,1607,1837,854,1084,Y
_DSC8785.tif,2,4,1,2,3,JoshB,0,1542,1740,1079,1277,JoshW,0,1535,1705,1062,1232,Raf,0,1560,1760,1081,1281,Y
_DSC8785.tif,2,4,1,2,4,JoshB,0,1581,1771,1308,1498,JoshW,0,1544,1766,1278,1500,Raf,0,1571,1815,1316,1560,Y
_DSC8785.tif,2,4,1,2,5,JoshB,0,2006,2292,1388,1674,JoshW,0,2022,2262,1400,1640,Raf,0,2080,2232,1442,1594,Y
_DSC8785.tif,2,4,1,2,6,JoshB,4,2216,2386,1226,1396,JoshW,3,2200,2374,1217,1391,Raf,5,2162,2380,1194,1412,Y
_DSC8785.tif,2,4,1,2,7,JoshB,0,2152,2336,978,1162,JoshW,0,2147,2335,994,1182,Raf,0,2152,2324,992,1164,Y
_DSC8785.tif,2,4,1,2,8,JoshB,0,2025,2241,756,972,JoshW,0,2050,2222,796,968,Raf,0,2024,2248,749,973,Y
_DSC8785.tif,2,4,1,3,1,JoshB,0,3276,3446,776,946,JoshW,0,3254,3444,772,962,Raf,0,3260,3438,739,917,Y
_DSC8785.tif,2,4,1,3,2,JoshB,0,3130,3326,988,1184,JoshW,0,3125,3293,1004,1172,Raf,0,3127,3339,966,1178,Y
_DSC8785.tif,2,4,1,3,3,JoshB,1,3066,3256,1194,1384,JoshW,0,3074,3252,1209,1387,Raf,0,3098,3290,1184,1376,Y
_DSC8785.tif,2,4,1,3,4,JoshB,0,3253,3437,1352,1536,JoshW,0,3232,3428,1323,1519,Raf,0,3220,3430,1304,1514,Y
_DSC8785.tif,2,4,1,3,5,JoshB,0,3568,3758,1245,1435,JoshW,0,3570,3766,1254,1450,Raf,0,3538,3762,1234,1458,Y
_DSC8785.tif,2,4,1,3,6,JoshB,0,3650,3904,1052,1306,JoshW,0,3652,3852,1068,1268,Raf,0,3610,3868,1025,1283,Y
_DSC8785.tif,2,4,1,3,7,JoshB,2,3592,3814,810,1032,JoshW,2,3610,3810,836,1036,Raf,1,3576,3802,780,1006,Y
_DSC8785.tif,2,4,1,3,8,JoshB,0,3491,3681,692,882,JoshW,0,3498,3652,692,846,Raf,0,3488,3666,656,834,Y
_DSC8785.tif,2,4,1,4,1,JoshB,2,4488,4678,594,784,JoshW,1,4470,4662,598,790,Raf,1,4476,4694,626,844,Y
_DSC8785.tif,2,4,1,4,2,JoshB,0,4344,4522,788,966,JoshW,0,4316,4534,793,1011,Raf,0,4324,4528,791,995,Y
_DSC8785.tif,2,4,1,4,3,JoshB,4,4196,4430,1033,1267,JoshW,4,4200,4404,1040,1244,Raf,5,4212,4422,1033,1243,Y
_DSC8785.tif,2,4,1,4,4,JoshB,1,4312,4592,1314,1594,JoshW,0,4320,4598,1322,1600,Raf,1,4323,4549,1342,1568,Y
_DSC8785.tif,2,4,1,4,5,JoshB,1,4710,4994,1375,1659,JoshW,0,4738,4972,1383,1617,Raf,0,4734,4952,1393,1611,Y
_DSC8785.tif,2,4,1,4,6,JoshB,1,4950,5178,1178,1406,JoshW,0,4934,5144,1177,1387,Raf,0,4946,5156,1168,1378,Y
_DSC8785.tif,2,4,1,4,7,JoshB,2,4789,5073,852,1136,JoshW,2,4825,5047,914,1136,Raf,2,4812,5058,892,1138,Y
_DSC8785.tif,2,4,1,4,8,JoshB,0,4719,4947,636,864,JoshW,0,4705,4923,654,872,Raf,0,4727,4945,668,886,Y
_DSC8785.tif,2,4,2,1,1,JoshB,0,804,1058,1924,2178,JoshW,0,814,1000,1968,2154,Raf,0,820,1058,1944,2182,Y
_DSC8785.tif,2,4,2,1,2,JoshB,1,686,876,2117,2307,JoshW,0,676,850,2116,2290,Raf,0,662,886,2104,2328,Y
_DSC8785.tif,2,4,2,1,3,JoshB,1,630,820,2330,2520,JoshW,0,609,835,2306,2532,Raf,0,616,848,2294,2526,Y
_DSC8785.tif,2,4,2,1,4,JoshB,2,681,965,2540,2824,JoshW,3,679,997,2538,2856,Raf,4,692,976,2552,2836,Y
_DSC8785.tif,2,4,2,1,5,JoshB,0,1134,1368,2578,2812,JoshW,0,1099,1359,2582,2842,Raf,0,1112,1382,2586,2856,Y
_DSC8785.tif,2,4,2,1,6,JoshB,1,1290,1492,2387,2589,JoshW,0,1310,1482,2406,2578,Raf,0,1250,1468,2371,2589,Y
_DSC8785.tif,2,4,2,1,7,JoshB,0,1282,1486,2184,2388,JoshW,0,1295,1437,2204,2346,Raf,0,1238,1482,2159,2403,Y
_DSC8785.tif,2,4,2,1,8,JoshB,3,1106,1358,1972,2224,JoshW,3,1082,1336,1974,2228,Raf,3,1058,1336,1944,2222,Y
_DSC8785.tif,2,4,2,2,1,JoshB,0,1936,2120,2000,2184,JoshW,0,1950,2104,1982,2136,Raf,0,1950,2122,1981,2153,Y
_DSC8785.tif,2,4,2,2,2,JoshB,1,1711,1921,2126,2336,JoshW,0,1728,1882,2165,2319,Raf,0,1732,1912,2132,2312,Y
_DSC8785.tif,2,4,2,2,3,JoshB,1,1895,2035,2330,2470,JoshW,0,1862,2044,2286,2468,Raf,0,1838,2056,2265,2483,Y
_DSC8785.tif,2,4,2,2,4,JoshB,4,1734,2026,2441,2733,JoshW,2,1792,2010,2471,2689,Raf,3,1760,2016,2438,2694,Y
_DSC8785.tif,2,4,2,2,5,JoshB,0,2120,2298,2570,2748,JoshW,0,2111,2277,2570,2736,Raf,0,2116,2302,2549,2735,Y
_DSC8785.tif,2,4,2,2,6,JoshB,1,2298,2488,2482,2672,JoshW,1,2298,2470,2492,2664,Raf,1,2274,2474,2449,2649,Y
_DSC8785.tif,2,4,2,2,7,JoshB,1,2342,2494,2269,2421,JoshW,0,2332,2518,2260,2446,Raf,0,2274,2512,2212,2450,Y
_DSC8785.tif,2,4,2,2,8,JoshB,4,2196,2386,2044,2234,JoshW,4,2179,2393,2024,2238,Raf,3,2176,2414,2027,2265,Y
_DSC8785.tif,2,4,2,3,1,JoshB,5,3377,3579,1842,2044,JoshW,4,3388,3580,1828,2020,Raf,5,3358,3564,1825,2031,Y
_DSC8785.tif,2,4,2,3,2,JoshB,0,3228,3436,2064,2272,JoshW,0,3210,3416,2072,2278,Raf,0,3246,3484,2037,2275,Y
_DSC8785.tif,2,4,2,3,3,JoshB,0,3084,3314,2326,2556,JoshW,0,3108,3344,2328,2564,Raf,0,3148,3366,2321,2539,Y
_DSC8785.tif,2,4,2,3,4,JoshB,0,3292,3564,2540,2812,JoshW,0,3238,3528,2532,2822,Raf,0,3250,3520,2546,2816,Y
_DSC8785.tif,2,4,2,3,5,JoshB,0,3700,3936,2539,2775,JoshW,0,3692,3912,2531,2751,Raf,0,3716,3934,2526,2744,Y
_DSC8785.tif,2,4,2,3,6,JoshB,0,3802,4030,2295,2523,JoshW,0,3796,4010,2278,2492,Raf,0,3782,4046,2275,2539,Y
_DSC8785.tif,2,4,2,3,7,JoshB,4,3745,3993,1980,2228,JoshW,3,3761,3987,1978,2204,Raf,5,3746,3976,1978,2208,Y
_DSC8785.tif,2,4,2,3,8,JoshB,0,3662,3846,1828,2012,JoshW,0,3652,3824,1796,1968,Raf,0,3662,3848,1831,2017,Y
_DSC8785.tif,2,4,2,4,1,JoshB,2,4494,4734,1956,2196,JoshW,2,4480,4712,1947,2179,Raf,2,4516,4746,1958,2188,Y
_DSC8785.tif,2,4,2,4,2,JoshB,1,4266,4512,2169,2415,JoshW,0,4289,4525,2164,2400,Raf,0,4310,4548,2179,2417,Y
_DSC8785.tif,2,4,2,4,3,JoshB,0,4436,4658,2364,2586,JoshW,0,4437,4641,2370,2574,Raf,0,4446,4678,2334,2566,Y
_DSC8785.tif,2,4,2,4,4,JoshB,0,4461,4709,2558,2806,JoshW,0,4469,4695,2588,2814,Raf,0,4470,4694,2549,2773,Y
_DSC8785.tif,2,4,2,4,5,JoshB,0,4766,4956,2682,2872,JoshW,0,4752,4962,2696,2906,Raf,0,4727,4951,2658,2882,Y
_DSC8785.tif,2,4,2,4,6,JoshB,0,4894,5108,2470,2684,JoshW,0,4898,5090,2484,2676,Raf,0,4872,5130,2407,2665,Y
_DSC8785.tif,2,4,2,4,7,JoshB,[],[],[],[],[],JoshW,4,4898,5140,2189,2431,Raf,4,4878,5136,2175,2433,K
_DSC8785.tif,2,4,2,4,8,JoshB,[],[],[],[],[],JoshW,0,4794,5016,1960,2182,Raf,0,4780,5004,1984,2208,K
_DSC8786.tif,2,4,1,1,1,JoshW,0,976,1194,689,907,Raf,0,966,1190,669,893,Yuxuan,0,993,1161,710,878,Y
_DSC8786.tif,2,4,1,1,2,JoshW,3,822,996,790,964,Raf,2,808,992,778,962,Yuxuan,3,826,990,800,964,Y
_DSC8786.tif,2,4,1,1,3,JoshW,0,776,1040,981,1245,Raf,0,768,1006,996,1234,Yuxuan,0,804,1016,1006,1218,Y
_DSC8786.tif,2,4,1,1,4,JoshW,0,770,1022,1276,1528,Raf,0,734,1052,1259,1577,Yuxuan,0,746,1000,1286,1540,Y
_DSC8786.tif,2,4,1,1,5,JoshW,0,1193,1439,1364,1610,Raf,0,1144,1428,1356,1640,Yuxuan,0,1146,1320,1334,1508,Y
_DSC8786.tif,2,4,1,1,6,JoshW,1,1394,1600,1190,1396,Raf,1,1370,1594,1155,1379,Yuxuan,1,1418,1576,1180,1338,Y
_DSC8786.tif,2,4,1,1,7,JoshW,0,1346,1582,909,1145,Raf,0,1304,1560,904,1160,Yuxuan,0,1376,1556,944,1124,Y
_DSC8786.tif,2,4,1,1,8,JoshW,0,1236,1428,704,896,Raf,0,1221,1451,702,932,Yuxuan,0,1264,1450,704,890,Y
_DSC8786.tif,2,4,1,2,1,JoshW,0,1842,2060,693,911,Raf,0,1851,2063,688,900,Yuxuan,0,1869,2039,714,884,Y
_DSC8786.tif,2,4,1,2,2,JoshW,2,1686,1904,879,1097,Raf,1,1666,1918,863,1115,Yuxuan,1,1699,1899,900,1100,Y
_DSC8786.tif,2,4,1,2,3,JoshW,0,1672,1882,1136,1346,Raf,0,1663,1889,1170,1396,Yuxuan,0,1688,1878,1164,1354,Y
_DSC8786.tif,2,4,1,2,4,JoshW,0,1818,2046,1332,1560,Raf,0,1825,2037,1322,1534,Yuxuan,0,1856,1994,1379,1517,Y
_DSC8786.tif,2,4,1,2,5,JoshW,1,2099,2329,1296,1526,Raf,0,2116,2340,1320,1544,Yuxuan,1,2109,2299,1292,1482,Y
_DSC8786.tif,2,4,1,2,6,JoshW,0,2300,2468,1146,1314,Raf,0,2254,2500,1081,1327,Yuxuan,0,2293,2447,1132,1286,Y
_DSC8786.tif,2,4,1,2,7,JoshW,0,2191,2431,836,1076,Raf,0,2178,2424,820,1066,Yuxuan,0,2248,2434,868,1054,Y
_DSC8786.tif,2,4,1,2,8,JoshW,0,2095,2255,640,800,Raf,0,2084,2268,642,826,Yuxuan,0,2079,2275,636,832,Y
_DSC8786.tif,2,4,1,3,1,JoshW,0,3202,3388,739,925,Raf,0,3174,3412,721,959,Yuxuan,0,3219,3367,758,906,Y
_DSC8786.tif,2,4,1,3,2,JoshW,2,3113,3277,954,1118,Raf,3,3077,3263,926,1112,Yuxuan,3,3100,3268,948,1116,Y
_DSC8786.tif,2,4,1,3,3,JoshW,3,3150,3290,1104,1244,Raf,3,3108,3286,1102,1280,Yuxuan,4,3132,3296,1098,1262,Y
_DSC8786.tif,2,4,1,3,4,JoshW,1,3112,3312,1254,1454,Raf,0,3128,3332,1264,1468,Yuxuan,0,3126,3310,1286,1470,Y
_DSC8786.tif,2,4,1,3,5,JoshW,0,3474,3678,1305,1509,Raf,0,3490,3690,1305,1505,Yuxuan,0,3472,3616,1322,1466,Y
_DSC8786.tif,2,4,1,3,6,JoshW,0,3630,3848,1109,1327,Raf,0,3630,3854,1092,1316,Yuxuan,0,3666,3824,1122,1280,Y
_DSC8786.tif,2,4,1,3,7,JoshW,4,3499,3735,858,1094,Raf,3,3518,3736,866,1084,Yuxuan,4,3539,3723,890,1074,Y
_DSC8786.tif,2,4,1,3,8,JoshW,0,3441,3621,714,894,Raf,0,3432,3610,722,900,Yuxuan,0,3465,3617,742,894,Y
_DSC8786.tif,2,4,1,4,1,JoshW,0,4279,4503,526,750,Raf,0,4278,4508,524,754,Yuxuan,0,4322,4474,594,746,Y
_DSC8786.tif,2,4,1,4,2,JoshW,0,4060,4302,697,939,Raf,0,4086,4304,708,926,Yuxuan,0,4100,4290,744,934,Y
_DSC8786.tif,2,4,1,4,3,JoshW,0,4012,4224,995,1207,Raf,0,4027,4257,960,1190,Yuxuan,0,4040,4248,1010,1218,Y
_DSC8786.tif,2,4,1,4,4,JoshW,0,4074,4394,1269,1589,Raf,0,4112,4384,1253,1525,Yuxuan,0,4110,4316,1299,1505,Y
_DSC8786.tif,2,4,1,4,5,JoshW,0,4676,4976,1230,1530,Raf,0,4660,4978,1211,1529,Yuxuan,0,4722,4930,1266,1474,Y
_DSC8786.tif,2,4,1,4,6,JoshW,2,4766,4994,950,1178,Raf,1,4759,5051,952,1244,Yuxuan,2,4781,4971,964,1154,Y
_DSC8786.tif,2,4,1,4,7,JoshW,3,4702,4908,701,907,Raf,1,4674,4926,701,953,Yuxuan,2,4702,4876,715,889,Y
_DSC8786.tif,2,4,1,4,8,JoshW,0,4508,4750,530,772,Raf,[],[],[],[],[],Yuxuan,0,4545,4757,550,762,K
_DSC8786.tif,2,4,2,1,1,JoshW,0,908,1160,2201,2453,Raf,0,900,1178,2205,2483,Yuxuan,0,936,1138,2250,2452,Y
_DSC8786.tif,2,4,2,1,2,JoshW,0,730,958,2405,2633,Raf,0,748,1038,2427,2717,Yuxuan,0,730,926,2451,2647,Y
_DSC8786.tif,2,4,2,1,3,JoshW,0,623,875,2668,2920,Raf,0,642,932,2678,2968,Yuxuan,0,656,878,2706,2928,Y
_DSC8786.tif,2,4,2,1,4,JoshW,1,662,976,2915,3229,Raf,0,682,986,2956,3260,Yuxuan,0,678,894,2968,3184,Y
_DSC8786.tif,2,4,2,1,5,JoshW,0,1159,1477,2960,3278,Raf,0,1228,1498,2982,3252,Yuxuan,0,1172,1484,2962,3274,Y
_DSC8786.tif,2,4,2,1,6,JoshW,0,1485,1735,2932,3182,Raf,0,1468,1752,2876,3160,Yuxuan,0,1521,1707,2978,3164,Y
_DSC8786.tif,2,4,2,1,7,JoshW,0,1364,1658,2574,2868,Raf,0,1304,1588,2572,2856,Yuxuan,0,1424,1624,2624,2824,Y
_DSC8786.tif,2,4,2,1,8,JoshW,3,1203,1465,2274,2536,Raf,4,1228,1466,2288,2526,Yuxuan,3,1241,1453,2290,2502,Y
_DSC8786.tif,2,4,2,2,1,JoshW,0,2079,2309,2188,2418,Raf,0,2076,2294,2205,2423,Yuxuan,0,2094,2274,2227,2407,Y
_DSC8786.tif,2,4,2,2,2,JoshW,0,1858,2046,2327,2515,Raf,0,1872,2122,2318,2568,Yuxuan,0,1884,2042,2339,2497,Y
_DSC8786.tif,2,4,2,2,3,JoshW,0,1754,2018,2488,2752,Raf,0,1786,2024,2516,2754,Yuxuan,0,1810,2026,2528,2744,Y
_DSC8786.tif,2,4,2,2,4,JoshW,1,1906,2202,2728,3024,Raf,1,1891,2169,2744,3022,Yuxuan,2,1905,2159,2766,3020,Y
_DSC8786.tif,2,4,2,2,5,JoshW,1,2298,2526,2888,3116,Raf,0,2294,2558,2896,3160,Yuxuan,1,2307,2539,2920,3152,Y
_DSC8786.tif,2,4,2,2,6,JoshW,0,2458,2670,2720,2932,Raf,0,2440,2698,2681,2939,Yuxuan,0,2470,2656,2727,2913,Y
_DSC8786.tif,2,4,2,2,7,JoshW,0,2458,2670,2470,2682,Raf,0,2440,2704,2444,2708,Yuxuan,0,2465,2677,2470,2682,Y
_DSC8786.tif,2,4,2,2,8,JoshW,1,2374,2570,2252,2448,Raf,1,2374,2632,2239,2497,Yuxuan,2,2392,2602,2273,2483,Y
_DSC8786.tif,2,4,2,3,1,JoshW,3,3232,3452,2091,2311,Raf,3,3204,3454,2064,2314,Yuxuan,3,3233,3441,2110,2318,Y
_DSC8786.tif,2,4,2,3,2,JoshW,0,2992,3228,2285,2521,Raf,0,3022,3286,2272,2536,Yuxuan,0,3018,3240,2274,2496,Y
_DSC8786.tif,2,4,2,3,3,JoshW,0,2918,3228,2601,2911,Raf,0,2936,3234,2595,2893,Yuxuan,0,2940,3174,2613,2847,Y
_DSC8786.tif,2,4,2,3,4,JoshW,0,3114,3434,2842,3162,Raf,0,3110,3402,2816,3108,Yuxuan,0,3164,3322,2886,3044,Y
_DSC8786.tif,2,4,2,3,5,JoshW,0,3483,3815,2746,3078,Raf,0,3527,3825,2724,3022,Yuxuan,0,3543,3765,2766,2988,Y
_DSC8786.tif,2,4,2,3,6,JoshW,0,3736,3986,2500,2750,Raf,0,3690,3960,2513,2783,Yuxuan,0,3750,3950,2542,2742,Y
_DSC8786.tif,2,4,2,3,7,JoshW,2,3646,3910,2269,2533,Raf,1,3636,3914,2238,2516,Yuxuan,1,3629,3835,2270,2476,Y
_DSC8786.tif,2,4,2,4,1,JoshW,3,4252,4462,2248,2458,Raf,4,4228,4434,2208,2414,Yuxuan,3,4241,4453,2216,2428,Y
_DSC8786.tif,2,4,2,4,2,JoshW,0,4130,4360,2406,2636,Raf,0,4146,4376,2420,2650,Yuxuan,0,4168,4322,2451,2605,Y
_DSC8786.tif,2,4,2,4,3,JoshW,0,4069,4289,2664,2884,Raf,0,4085,4297,2632,2844,Yuxuan,0,4076,4286,2656,2866,Y
_DSC8786.tif,2,4,2,4,4,JoshW,0,4242,4434,2835,3027,Raf,0,4241,4445,2804,3008,Yuxuan,0,4245,4377,2830,2962,Y
_DSC8786.tif,2,4,2,4,5,JoshW,1,4526,4708,2841,3023,Raf,0,4522,4780,2787,3045,Yuxuan,0,4512,4654,2847,2989,Y
_DSC8786.tif,2,4,2,4,6,JoshW,0,4634,4812,2678,2856,Raf,0,4614,4852,2635,2873,Yuxuan,0,4648,4786,2685,2823,Y
_DSC8786.tif,2,4,2,4,7,JoshW,6,4664,4926,2406,2668,Raf,5,4654,4918,2388,2652,Yuxuan,5,4677,4885,2422,2630,Y
_DSC8786.tif,2,4,2,4,8,JoshW,0,4498,4730,2214,2446,Raf,0,4532,4750,2242,2460,Yuxuan,1,4489,4771,2184,2466,Y
_DSC8787.tif,2,4,1,1,2,Mark,5,698,902,1095,1299,Emma,6,692,934,1073,1315,Caroline,4,726,906,1119,1299,Y
_DSC8787.tif,2,4,1,1,3,Mark,5,648,902,1251,1505,Emma,6,636,908,1249,1521,Caroline,4,684,884,1281,1481,Y
_DSC8787.tif,2,4,1,1,4,Mark,4,648,914,1467,1733,Emma,4,670,918,1498,1746,Caroline,3,681,893,1502,1714,Y
_DSC8787.tif,2,4,1,1,5,Mark,0,1093,1403,1518,1828,Emma,0,1086,1352,1530,1796,Caroline,0,1096,1354,1535,1793,Y
_DSC8787.tif,2,4,1,1,6,Mark,6,1106,1390,1274,1558,Emma,6,1127,1369,1314,1556,Caroline,6,1138,1376,1302,1540,Y
_DSC8787.tif,2,4,1,1,7,Mark,4,1118,1378,1090,1350,Emma,3,1136,1378,1070,1312,Caroline,2,1160,1370,1078,1288,Y
_DSC8787.tif,2,4,1,1,8,Mark,4,1022,1252,891,1121,Emma,4,1018,1248,876,1106,Caroline,3,1035,1225,894,1084,Y
_DSC8787.tif,2,4,1,2,1,Mark,0,1816,2006,848,1038,Emma,0,1845,2041,852,1048,Caroline,0,1856,2032,876,1052,Y
_DSC8787.tif,2,4,1,2,2,Mark,3,1764,2006,1032,1274,Emma,3,1739,1993,1028,1282,Caroline,3,1762,1962,1048,1248,Y
_DSC8787.tif,2,4,1,2,3,Mark,3,1720,1910,1279,1469,Emma,4,1708,1956,1257,1505,Caroline,3,1708,1916,1266,1474,Y
_DSC8787.tif,2,4,1,2,4,Mark,3,1714,1950,1507,1743,Emma,4,1708,1988,1485,1765,Caroline,3,1746,1968,1505,1727,Y
_DSC8787.tif,2,4,1,2,5,Mark,2,2108,2386,1426,1704,Emma,2,2120,2348,1445,1673,Caroline,2,2106,2322,1421,1637,Y
_DSC8787.tif,2,4,1,2,6,Mark,5,2126,2380,1207,1461,Emma,5,2108,2386,1198,1476,Caroline,4,2154,2370,1225,1441,Y
_DSC8787.tif,2,4,1,2,7,Mark,4,2094,2348,1019,1273,Emma,4,2102,2342,1033,1273,Caroline,3,2119,2315,1058,1254,Y
_DSC8787.tif,2,4,1,2,8,Mark,4,2016,2244,800,1028,Emma,4,2026,2234,852,1060,Caroline,3,2037,2249,836,1048,Y
_DSC8787.tif,2,4,1,3,1,Mark,5,3009,3249,928,1168,Emma,4,3028,3288,908,1168,Caroline,3,3055,3241,942,1128,Y
_DSC8787.tif,2,4,1,3,2,Mark,1,2976,3244,1161,1429,Emma,1,2990,3250,1150,1410,Caroline,1,3016,3248,1149,1381,Y
_DSC8787.tif,2,4,1,3,3,Mark,4,2914,3142,1394,1622,Emma,4,2926,3168,1387,1629,Caroline,2,2933,3155,1402,1624,Y
_DSC8787.tif,2,4,1,3,4,Mark,2,3072,3288,1577,1793,Emma,3,3084,3326,1571,1813,Caroline,1,3108,3288,1588,1768,Y
_DSC8787.tif,2,4,1,3,5,Mark,2,3413,3653,1486,1726,Emma,3,3440,3682,1511,1753,Caroline,1,3454,3660,1516,1722,Y
_DSC8787.tif,2,4,1,3,6,Mark,2,3522,3752,1282,1512,Emma,2,3516,3752,1292,1528,Caroline,1,3520,3726,1292,1498,Y
_DSC8787.tif,2,4,1,3,7,Mark,3,3390,3618,1064,1292,Emma,4,3392,3634,1098,1340,Caroline,2,3406,3628,1093,1315,Y
_DSC8787.tif,2,4,1,3,8,Mark,2,3343,3577,864,1098,Emma,3,3314,3574,864,1124,Caroline,1,3358,3528,913,1083,Y
_DSC8787.tif,2,4,1,4,1,Mark,4,4221,4437,890,1106,Emma,5,4208,4436,870,1098,Caroline,3,4216,4426,874,1084,Y
_DSC8787.tif,2,4,1,4,2,Mark,2,4138,4360,1042,1264,Emma,4,4132,4372,1052,1292,Caroline,2,4158,4348,1070,1260,Y
_DSC8787.tif,2,4,1,4,3,Mark,5,4106,4386,1231,1511,Emma,6,4074,4380,1241,1547,Caroline,4,4126,4342,1286,1502,Y
_DSC8787.tif,2,4,1,4,4,Mark,3,4075,4323,1524,1772,Emma,3,4042,4342,1501,1801,Caroline,3,4078,4300,1546,1768,Y
_DSC8787.tif,2,4,1,4,5,Mark,3,4576,4836,1588,1848,Emma,3,4557,4855,1574,1872,Caroline,3,4580,4818,1593,1831,Y
_DSC8787.tif,2,4,1,4,6,Mark,1,4659,4913,1308,1562,Emma,0,4634,4944,1296,1606,Caroline,0,4681,4903,1350,1572,Y
_DSC8787.tif,2,4,1,4,7,Mark,4,4588,4836,1092,1340,Emma,6,4570,4824,1083,1337,Caroline,4,4591,4797,1106,1312,Y
_DSC8787.tif,2,4,1,4,8,Mark,3,4474,4678,864,1068,Emma,4,4472,4726,838,1092,Caroline,3,4492,4694,868,1070,Y
_DSC8787.tif,2,4,2,1,1,Mark,5,820,1022,2384,2586,Emma,5,820,1004,2394,2578,Caroline,5,836,1010,2399,2573,Y
_DSC8787.tif,2,4,2,1,2,Mark,2,768,960,2517,2709,Emma,2,724,946,2501,2723,Caroline,1,768,926,2537,2695,Y
_DSC8787.tif,2,4,2,1,3,Mark,0,718,890,2663,2835,Emma,0,698,922,2652,2876,Caroline,0,691,897,2660,2866,Y
_DSC8787.tif,2,4,2,1,4,Mark,1,800,1004,2856,3060,Emma,2,787,1023,2824,3060,Caroline,2,813,1003,2856,3046,Y
_DSC8787.tif,2,4,2,1,5,Mark,3,1080,1296,2828,3044,Emma,3,1080,1282,2822,3024,Caroline,3,1084,1244,2848,3008,Y
_DSC8787.tif,2,4,2,1,6,Mark,2,1019,1203,2666,2850,Emma,2,1028,1206,2666,2844,Caroline,2,1048,1202,2676,2830,Y
_DSC8787.tif,2,4,2,1,7,Mark,3,1131,1365,2482,2716,Emma,4,1144,1358,2493,2707,Caroline,3,1155,1339,2492,2676,Y
_DSC8787.tif,2,4,2,1,8,Mark,3,1007,1217,2368,2578,Emma,4,1010,1212,2400,2602,Caroline,3,1001,1175,2396,2570,Y
_DSC8787.tif,2,4,2,2,1,Mark,4,1821,2019,2342,2540,Emma,5,1834,2026,2370,2562,Caroline,5,1814,2016,2359,2561,Y
_DSC8787.tif,2,4,2,2,2,Mark,3,1726,1980,2473,2727,Emma,4,1714,1936,2485,2707,Caroline,4,1740,1920,2512,2692,Y
_DSC8787.tif,2,4,2,2,3,Mark,1,1722,1930,2692,2900,Emma,2,1714,1930,2692,2908,Caroline,2,1712,1912,2704,2904,Y
_DSC8787.tif,2,4,2,2,4,Mark,3,1720,2006,2907,3193,Emma,4,1702,2000,2879,3177,Caroline,3,1728,1960,2910,3142,Y
_DSC8787.tif,2,4,2,2,5,Mark,3,2079,2313,2838,3072,Emma,4,2012,2298,2837,3123,Caroline,3,2072,2272,2878,3078,Y
_DSC8787.tif,2,4,2,2,6,Mark,4,2172,2438,2657,2923,Emma,5,2200,2422,2686,2908,Caroline,4,2196,2418,2690,2912,Y
_DSC8787.tif,2,4,2,2,7,Mark,1,2140,2330,2559,2749,Emma,0,2117,2315,2526,2724,Caroline,0,2122,2312,2528,2718,Y
_DSC8787.tif,2,4,2,2,8,Mark,4,2044,2248,2332,2536,Emma,5,2031,2241,2330,2540,Caroline,4,2064,2232,2339,2507,Y
_DSC8787.tif,2,4,2,3,1,Mark,5,3129,3333,2196,2400,Emma,5,3142,3332,2234,2424,Caroline,4,3132,3316,2236,2420,Y
_DSC8787.tif,2,4,2,3,2,Mark,5,3046,3256,2329,2539,Emma,5,3022,3238,2343,2559,Caroline,4,3020,3226,2336,2542,Y
_DSC8787.tif,2,4,2,3,3,Mark,5,2952,3212,2485,2745,Emma,4,2958,3180,2485,2707,Caroline,4,2962,3178,2478,2694,Y
_DSC8787.tif,2,4,2,3,4,Mark,3,3098,3288,2711,2901,Emma,2,3078,3320,2691,2933,Caroline,2,3092,3314,2676,2898,Y
_DSC8787.tif,2,4,2,3,5,Mark,6,3440,3644,2754,2958,Emma,6,3440,3644,2776,2980,Caroline,5,3448,3624,2789,2965,Y
_DSC8787.tif,2,4,2,3,6,Mark,4,3560,3758,2554,2752,Emma,4,3564,3768,2558,2762,Caroline,3,3586,3766,2560,2740,Y
_DSC8787.tif,2,4,2,3,7,Mark,4,3488,3730,2336,2578,Emma,4,3456,3710,2342,2596,Caroline,3,3494,3684,2376,2566,Y
_DSC8787.tif,2,4,2,3,8,Mark,5,3326,3548,2200,2422,Emma,3,3368,3576,2216,2424,Caroline,3,3367,3541,2248,2422,Y
_DSC8788.tif,2,4,1,1,1,Emma,0,800,1066,688,954,Caroline,0,824,1046,694,916,JoshB,0,828,1032,726,930,Y
_DSC8788.tif,2,4,1,1,2,Emma,4,662,920,843,1101,Caroline,5,694,890,882,1078,JoshB,5,687,883,876,1072,Y
_DSC8788.tif,2,4,1,1,3,Emma,2,612,904,1054,1346,Caroline,1,640,900,1047,1307,JoshB,1,670,868,1126,1324,Y
_DSC8788.tif,2,4,1,1,4,Emma,1,662,972,1273,1583,Caroline,1,694,952,1284,1542,JoshB,1,705,911,1316,1522,Y
_DSC8788.tif,2,4,1,1,5,Emma,1,1092,1410,1333,1651,Caroline,1,1130,1374,1370,1614,JoshB,1,1144,1364,1376,1596,Y
_DSC8788.tif,2,4,1,1,6,Emma,4,1246,1522,1105,1381,Caroline,4,1291,1497,1132,1338,JoshB,5,1230,1498,1092,1360,Y
_DSC8788.tif,2,4,1,1,7,Emma,0,1144,1436,886,1178,Caroline,1,1170,1392,911,1133,JoshB,0,1174,1426,907,1159,Y
_DSC8788.tif,2,4,1,1,8,Emma,1,1032,1316,654,938,Caroline,2,1032,1260,678,906,JoshB,2,1057,1285,678,906,Y
_DSC8788.tif,2,4,1,2,1,Emma,0,1892,2150,658,916,Caroline,0,1913,2135,662,884,JoshB,0,1922,2104,682,864,Y
_DSC8788.tif,2,4,1,2,2,Emma,4,1772,2072,843,1143,Caroline,4,1805,2053,884,1132,JoshB,5,1821,2025,884,1088,Y
_DSC8788.tif,2,4,1,2,3,Emma,0,1710,2038,1087,1415,Caroline,0,1756,2010,1125,1379,JoshB,0,1766,2002,1147,1383,Y
_DSC8788.tif,2,4,1,2,4,Emma,0,1856,2174,1363,1681,Caroline,0,1920,2126,1413,1619,JoshB,0,1908,2182,1372,1646,Y
_DSC8788.tif,2,4,1,2,5,Emma,0,2270,2562,1281,1573,Caroline,0,2301,2533,1302,1534,JoshB,0,2316,2506,1300,1490,Y
_DSC8788.tif,2,4,1,2,6,Emma,4,2364,2630,1024,1290,Caroline,4,2381,2597,1022,1238,JoshB,4,2407,2605,1048,1246,Y
_DSC8788.tif,2,4,1,2,7,Emma,0,2312,2544,826,1058,Caroline,1,2315,2541,832,1058,JoshB,0,2316,2514,844,1042,Y
_DSC8788.tif,2,4,1,2,8,Emma,1,2150,2398,672,920,Caroline,1,2159,2369,684,894,JoshB,0,2195,2391,702,898,Y
_DSC8788.tif,2,4,1,3,1,Emma,2,3258,3472,792,1006,Caroline,1,3282,3462,800,980,JoshB,2,3309,3467,828,986,Y
_DSC8788.tif,2,4,1,3,2,Emma,1,3154,3360,924,1130,Caroline,0,3163,3349,936,1122,JoshB,1,3190,3348,954,1112,Y
_DSC8788.tif,2,4,1,3,3,Emma,2,3094,3344,1083,1333,Caroline,2,3116,3322,1091,1297,JoshB,2,3128,3324,1092,1288,Y
_DSC8788.tif,2,4,1,3,4,Emma,0,3154,3438,1294,1578,Caroline,0,3210,3406,1318,1514,JoshB,0,3160,3380,1293,1513,Y
_DSC8788.tif,2,4,1,3,5,Emma,0,3472,3722,1349,1599,Caroline,0,3506,3692,1383,1569,JoshB,0,3490,3702,1356,1568,Y
_DSC8788.tif,2,4,1,3,6,Emma,0,3641,3837,1196,1392,Caroline,0,3624,3834,1186,1396,JoshB,0,3640,3822,1194,1376,Y
_DSC8788.tif,2,4,1,3,7,Emma,3,3532,3774,1001,1243,Caroline,2,3549,3755,1006,1212,JoshB,2,3546,3750,1009,1213,Y
_DSC8788.tif,2,4,1,3,8,Emma,2,3502,3734,808,1040,Caroline,1,3534,3728,811,1005,JoshB,2,3546,3718,825,997,Y
_DSC8788.tif,2,4,1,4,1,Emma,1,4272,4478,723,929,Caroline,1,4297,4483,746,932,JoshB,1,4267,4479,726,938,Y
_DSC8788.tif,2,4,1,4,2,Emma,0,4100,4348,878,1126,Caroline,0,4129,4371,858,1100,JoshB,0,4152,4356,899,1103,Y
_DSC8788.tif,2,4,1,4,3,Emma,4,4112,4344,1100,1332,Caroline,4,4126,4326,1109,1309,JoshB,4,4128,4334,1122,1328,Y
_DSC8788.tif,2,4,1,4,4,Emma,0,4152,4444,1312,1604,Caroline,0,4174,4422,1328,1576,JoshB,0,4136,4436,1316,1616,Y
_DSC8788.tif,2,4,1,4,5,Emma,0,4640,4950,1380,1690,Caroline,1,4686,4956,1370,1640,JoshB,0,4688,4924,1384,1620,Y
_DSC8788.tif,2,4,1,4,6,Emma,0,4702,4994,1113,1405,Caroline,0,4749,5009,1122,1382,JoshB,0,4672,4964,1119,1411,Y
_DSC8788.tif,2,4,1,4,7,Emma,4,4624,4890,920,1186,Caroline,4,4648,4892,916,1160,JoshB,4,4616,4892,903,1179,Y
_DSC8788.tif,2,4,1,4,8,Emma,0,4530,4762,714,946,Caroline,1,4554,4766,714,926,JoshB,0,4550,4778,718,946,Y
_DSC8788.tif,2,4,2,1,1,Emma,0,868,1152,1896,2180,Caroline,0,884,1144,1901,2161,JoshB,0,922,1080,1946,2104,Y
_DSC8788.tif,2,4,2,1,2,Emma,0,714,998,2080,2364,Caroline,0,730,964,2089,2323,JoshB,0,750,986,2104,2340,Y
_DSC8788.tif,2,4,2,1,3,Emma,0,602,904,2295,2597,Caroline,0,628,902,2296,2570,JoshB,0,616,892,2324,2600,Y
_DSC8788.tif,2,4,2,1,4,Emma,1,654,972,2699,3017,Caroline,1,726,952,2754,2980,JoshB,1,710,954,2718,2962,Y
_DSC8788.tif,2,4,2,1,5,Emma,0,1147,1415,2638,2906,Caroline,0,1164,1424,2621,2881,JoshB,0,1163,1391,2664,2892,Y
_DSC8788.tif,2,4,2,1,6,Emma,0,1272,1574,2372,2674,Caroline,0,1328,1582,2428,2682,JoshB,0,1309,1545,2420,2656,Y
_DSC8788.tif,2,4,2,1,7,Emma,[],[],[],[],[],Caroline,0,1124,1362,2232,2470,JoshB,0,1119,1371,2316,2568,K
_DSC8788.tif,2,4,2,1,8,Emma,2,1143,1401,1994,2252,Caroline,2,1175,1381,2000,2206,JoshB,4,1182,1380,2020,2218,Y
_DSC8788.tif,2,4,2,2,1,Emma,0,1968,2226,2025,2283,Caroline,0,2000,2206,2048,2254,JoshB,0,1982,2210,2034,2262,Y
_DSC8788.tif,2,4,2,2,2,Emma,0,1827,2093,2218,2484,Caroline,0,1844,2072,2238,2466,JoshB,0,1876,2088,2262,2474,Y
_DSC8788.tif,2,4,2,2,3,Emma,0,1796,2080,2454,2738,Caroline,0,1820,2058,2478,2716,JoshB,0,1820,2034,2478,2692,Y
_DSC8788.tif,2,4,2,2,4,Emma,1,1994,2236,2681,2923,Caroline,2,2010,2248,2701,2939,JoshB,2,1994,2222,2687,2915,Y
_DSC8788.tif,2,4,2,2,5,Emma,0,2296,2562,2670,2936,Caroline,0,2312,2554,2680,2922,JoshB,0,2281,2517,2672,2908,Y
_DSC8788.tif,2,4,2,2,6,Emma,1,2472,2704,2458,2690,Caroline,1,2489,2701,2476,2688,JoshB,1,2490,2672,2458,2640,Y
_DSC8788.tif,2,4,2,2,7,Emma,0,2316,2582,2278,2544,Caroline,0,2344,2554,2304,2514,JoshB,0,2332,2514,2336,2518,Y
_DSC8788.tif,2,4,2,2,8,Emma,2,2232,2480,2038,2286,Caroline,4,2239,2481,2032,2274,JoshB,3,2257,2463,2064,2270,Y
_DSC8788.tif,2,4,2,3,1,Emma,4,3258,3490,1942,2174,Caroline,5,3274,3476,1957,2159,JoshB,5,3278,3474,1967,2163,Y
_DSC8788.tif,2,4,2,3,2,Emma,2,3090,3364,2132,2406,Caroline,2,3078,3326,2140,2388,JoshB,3,3128,3348,2143,2363,Y
_DSC8788.tif,2,4,2,3,3,Emma,2,3008,3292,2351,2635,Caroline,2,3047,3285,2376,2614,JoshB,2,3064,3278,2402,2616,Y
_DSC8788.tif,2,4,2,3,4,Emma,0,3128,3412,2617,2901,Caroline,0,3168,3412,2634,2878,JoshB,0,3128,3356,2620,2848,Y
_DSC8788.tif,2,4,2,3,5,Emma,3,3597,3855,2588,2846,Caroline,3,3604,3848,2576,2820,JoshB,3,3597,3849,2560,2812,Y
_DSC8788.tif,2,4,2,3,6,Emma,1,3670,3920,2359,2609,Caroline,1,3686,3908,2346,2568,JoshB,1,3703,3923,2348,2568,Y
_DSC8788.tif,2,4,2,3,7,Emma,1,3512,3760,2184,2432,Caroline,1,3496,3740,2184,2428,JoshB,1,3537,3743,2214,2420,Y
_DSC8788.tif,2,4,2,3,8,Emma,0,3524,3782,1952,2210,Caroline,0,3512,3756,1943,2187,JoshB,0,3562,3766,1979,2183,Y
_DSC8788.tif,2,4,2,4,1,Emma,3,4470,4718,1961,2209,Caroline,3,4490,4702,1960,2172,JoshB,3,4498,4704,1978,2184,Y
_DSC8788.tif,2,4,2,4,2,Emma,0,4362,4636,2132,2406,Caroline,0,4389,4607,2158,2376,JoshB,1,4372,4616,2160,2404,Y
_DSC8788.tif,2,4,2,4,3,Emma,0,4298,4590,2351,2643,Caroline,0,4348,4574,2386,2612,JoshB,1,4348,4562,2403,2617,Y
_DSC8788.tif,2,4,2,4,4,Emma,0,4280,4590,2583,2893,Caroline,0,4374,4554,2644,2824,JoshB,1,4348,4562,2627,2841,Y
_DSC8788.tif,2,4,2,4,5,Emma,3,4705,5005,2536,2836,Caroline,3,4754,4992,2563,2801,JoshB,3,4726,4964,2568,2806,Y
_DSC8788.tif,2,4,2,4,6,Emma,[],[],[],[],[],Caroline,1,4900,5116,2344,2560,JoshB,1,4904,5110,2332,2538,K
_DSC8788.tif,2,4,2,4,7,Emma,0,4713,4955,2200,2442,Caroline,1,4744,4930,2240,2426,JoshB,1,4720,4956,2195,2431,Y
_DSC8788.tif,2,4,2,4,8,Emma,0,4744,5002,1969,2227,Caroline,0,4770,4998,1981,2209,JoshB,0,4750,4956,1962,2168,Y
_DSC9258.tif,3,4,1,1,1,Adam,5,802,1016,328,542,Mark,5,772,1044,306,578,Emma,4,823,1007,370,554,Y
_DSC9258.tif,3,4,1,1,2,Adam,3,686,924,561,799,Mark,1,674,934,550,810,Emma,2,686,952,569,835,Y
_DSC9258.tif,3,4,1,1,3,Adam,0,686,1032,854,1200,Mark,0,738,1036,838,1136,Emma,0,724,1016,882,1174,Y
_DSC9258.tif,3,4,1,1,4,Adam,6,1226,1464,681,919,Mark,5,1144,1486,629,971,Emma,5,1209,1483,654,928,Y
_DSC9258.tif,3,4,1,1,5,Adam,0,1061,1359,362,660,Mark,0,1074,1372,357,655,Emma,0,1068,1372,388,692,Y
_DSC9258.tif,3,4,1,2,1,Adam,4,1978,2182,293,497,Mark,5,1956,2240,195,479,Emma,4,1962,2210,289,537,Y
_DSC9258.tif,3,4,1,2,2,Adam,4,1840,2048,457,665,Mark,4,1778,2082,382,686,Emma,3,1842,2076,443,677,Y
_DSC9258.tif,3,4,1,2,3,Adam,0,1713,2031,710,1028,Mark,0,1702,2032,731,1061,Emma,0,1724,2034,744,1054,Y
_DSC9258.tif,3,4,1,2,4,Adam,6,2259,2477,666,884,Mark,5,2268,2536,622,890,Emma,5,2240,2488,629,877,Y
_DSC9258.tif,3,4,1,2,5,Adam,0,2180,2452,308,580,Mark,0,2260,2552,325,617,Emma,0,2234,2476,346,588,Y
_DSC9258.tif,3,4,1,3,1,Adam,0,3188,3358,338,508,Mark,0,3212,3344,370,502,Emma,0,3196,3374,350,528,Y
_DSC9258.tif,3,4,1,3,2,Adam,6,3169,3361,532,724,Mark,6,3180,3396,508,724,Emma,5,3168,3376,538,746,Y
_DSC9258.tif,3,4,1,3,3,Adam,1,3144,3338,739,933,Mark,0,3183,3361,750,928,Emma,1,3148,3370,728,950,Y
_DSC9258.tif,3,4,1,3,4,Adam,0,3445,3615,640,810,Mark,0,3452,3682,609,839,Emma,0,3449,3639,630,820,Y
_DSC9258.tif,3,4,1,3,5,Adam,5,3430,3598,432,600,Mark,4,3376,3662,372,658,Emma,4,3398,3628,400,630,Y
_DSC9258.tif,3,4,1,4,1,Adam,0,4054,4286,254,486,Mark,0,4015,4275,236,496,Emma,0,4053,4287,262,496,Y
_DSC9258.tif,3,4,1,4,2,Adam,5,3956,4150,502,696,Mark,5,3916,4208,458,750,Emma,5,3915,4189,470,744,Y
_DSC9258.tif,3,4,1,4,3,Adam,0,3939,4217,750,1028,Mark,0,3878,4202,794,1118,Emma,1,3954,4252,762,1060,Y
_DSC9258.tif,3,4,1,4,4,Adam,0,4348,4676,764,1092,Mark,0,4404,4786,718,1100,Emma,0,4360,4684,760,1084,Y
_DSC9258.tif,3,4,1,4,5,Adam,6,4371,4609,448,686,Mark,4,4319,4669,330,680,Emma,4,4361,4645,414,698,Y
_DSC9258.tif,3,4,2,1,1,Adam,6,779,997,1528,1746,Mark,6,762,1016,1524,1778,Emma,6,768,1016,1530,1778,Y
_DSC9258.tif,3,4,2,1,2,Adam,0,620,898,1756,2034,Mark,0,660,940,1704,1984,Emma,0,636,928,1755,2047,Y
_DSC9258.tif,3,4,2,1,3,Adam,4,613,871,2058,2316,Mark,2,610,882,2035,2307,Emma,2,624,858,2070,2304,Y
_DSC9258.tif,3,4,2,1,4,Adam,2,1042,1314,1962,2234,Mark,0,1086,1314,1933,2161,Emma,0,1054,1308,1965,2219,Y
_DSC9258.tif,3,4,2,1,5,Adam,0,1002,1260,1662,1920,Mark,0,952,1378,1621,2047,Emma,0,997,1251,1682,1936,Y
_DSC9258.tif,3,4,2,2,1,Adam,6,1846,2074,1496,1724,Mark,5,1885,2089,1530,1734,Emma,5,1831,2085,1504,1758,Y
_DSC9258.tif,3,4,2,2,2,Adam,0,1772,2036,1750,2014,Mark,0,1752,2088,1752,2088,Emma,0,1778,2064,1739,2025,Y
_DSC9258.tif,3,4,2,2,3,Adam,3,1793,2051,2034,2292,Mark,2,1834,2108,2030,2304,Emma,2,1796,2082,2025,2311,Y
_DSC9258.tif,3,4,2,2,4,Adam,3,2232,2480,1937,2185,Mark,3,2234,2546,1837,2149,Emma,3,2240,2514,1907,2181,Y
_DSC9258.tif,3,4,2,2,5,Adam,0,2127,2465,1552,1890,Mark,0,2165,2337,1606,1778,Emma,0,2157,2463,1580,1886,Y
_DSC9258.tif,3,4,2,3,1,Adam,0,3278,3546,1434,1702,Mark,0,3294,3536,1412,1654,Emma,0,3260,3564,1448,1752,Y
_DSC9258.tif,3,4,2,3,2,Adam,6,3144,3392,1711,1959,Mark,5,3160,3422,1720,1982,Emma,5,3130,3428,1696,1994,Y
_DSC9258.tif,3,4,2,3,3,Adam,0,3198,3452,1971,2225,Mark,0,3098,3484,1965,2351,Emma,0,3199,3479,1968,2248,Y
_DSC9258.tif,3,4,2,3,4,Adam,4,3640,3878,1776,2014,Mark,3,3688,3898,1787,1997,Emma,3,3652,3900,1764,2012,Y
_DSC9258.tif,3,4,2,3,5,Adam,3,3536,3798,1484,1746,Mark,2,3553,3805,1512,1764,Emma,2,3535,3815,1498,1778,Y
_DSC9258.tif,3,4,2,4,1,Adam,0,4131,4369,1512,1750,Mark,0,4151,4361,1530,1740,Emma,0,4158,4398,1550,1790,Y
_DSC9258.tif,3,4,2,4,2,Adam,4,4076,4348,1761,2033,Mark,3,4144,4360,1794,2010,Emma,4,4088,4360,1762,2034,Y
_DSC9258.tif,3,4,2,4,3,Adam,1,4140,4418,2018,2296,Mark,0,4211,4427,2044,2260,Emma,0,4138,4424,2012,2298,Y
_DSC9258.tif,3,4,2,4,4,Adam,2,4448,4730,1898,2180,Mark,2,4512,4748,1869,2105,Emma,2,4434,4726,1880,2172,Y
_DSC9258.tif,3,4,2,4,5,Adam,3,4388,4666,1548,1826,Mark,2,4404,4626,1609,1831,Emma,2,4418,4672,1556,1810,Y
_DSC9258.tif,3,4,3,2,1,Adam,4,2034,2256,2698,2920,Mark,4,2050,2248,2688,2886,Emma,4,2056,2260,2729,2933,Y
_DSC9258.tif,3,4,3,2,2,Adam,0,1904,2148,2957,3201,Mark,0,1888,2124,2964,3200,Emma,0,1898,2172,2929,3203,Y
_DSC9258.tif,3,4,3,2,3,Adam,5,1991,2219,3198,3426,Mark,4,1886,2286,3135,3535,Emma,4,1942,2234,3180,3472,Y
_DSC9258.tif,3,4,3,2,4,Adam,0,2301,2633,3070,3402,Mark,0,2400,2596,3117,3313,Emma,0,2295,2625,3054,3384,Y
_DSC9258.tif,3,4,3,2,5,Adam,6,2253,2463,2796,3006,Mark,5,2298,2546,2780,3028,Emma,3,2250,2492,2780,3022,Y
_DSC9258.tif,3,4,3,3,1,Adam,4,2930,3134,2802,3006,Mark,2,2964,3136,2818,2990,Emma,2,2920,3160,2800,3040,Y
_DSC9258.tif,3,4,3,3,2,Adam,0,2814,3032,2990,3208,Mark,0,2800,3016,3005,3221,Emma,0,2812,3046,2996,3230,Y
_DSC9258.tif,3,4,3,3,3,Adam,5,2919,3151,3214,3446,Mark,3,2908,3168,3187,3447,Emma,3,2914,3148,3200,3434,Y
_DSC9258.tif,3,4,3,3,4,Adam,0,3214,3480,3120,3386,Mark,0,3266,3450,3130,3314,Emma,0,3211,3497,3098,3384,Y
_DSC9258.tif,3,4,3,3,5,Adam,3,3168,3452,2788,3072,Mark,3,3170,3488,2780,3098,Emma,3,3170,3444,2792,3066,Y
_DSC9259.tif,3,4,1,1,1,Raf,2,1342,1548,298,504,Yuxuan,3,1328,1546,270,488,Adam,4,1335,1557,284,506,Y
_DSC9259.tif,3,4,1,1,2,Raf,1,1304,1514,573,783,Yuxuan,2,1260,1476,554,770,Adam,2,1260,1498,529,767,Y
_DSC9259.tif,3,4,1,1,3,Raf,0,1316,1542,781,1007,Yuxuan,0,1331,1547,774,990,Adam,0,1304,1504,799,999,Y
_DSC9259.tif,3,4,1,1,4,Raf,4,1646,1912,599,865,Yuxuan,4,1698,1878,636,816,Adam,6,1682,1870,655,843,Y
_DSC9259.tif,3,4,1,1,5,Raf,0,1626,1884,374,632,Yuxuan,0,1677,1851,414,588,Adam,0,1608,1860,381,633,Y
_DSC9259.tif,3,4,1,2,1,Raf,5,2222,2426,232,436,Yuxuan,5,2203,2415,238,450,Adam,6,2231,2431,258,458,Y
_DSC9259.tif,3,4,1,2,2,Raf,3,2173,2403,458,688,Yuxuan,3,2164,2380,459,675,Adam,4,2145,2393,448,696,Y
_DSC9259.tif,3,4,1,2,3,Raf,0,2136,2388,760,1012,Yuxuan,0,2137,2337,768,968,Adam,0,2082,2400,744,1062,Y
_DSC9259.tif,3,4,1,2,4,Raf,4,2520,2764,636,880,Yuxuan,4,2512,2740,665,893,Adam,5,2512,2760,646,894,Y
_DSC9259.tif,3,4,1,2,5,Raf,0,2512,2758,314,560,Yuxuan,0,2507,2719,318,530,Adam,0,2454,2748,258,552,Y
_DSC9259.tif,3,4,1,3,1,Raf,0,3134,3398,229,493,Yuxuan,0,3222,3402,238,418,Adam,0,3188,3396,234,442,Y
_DSC9259.tif,3,4,1,3,2,Raf,3,3148,3346,470,668,Yuxuan,3,3132,3338,455,661,Adam,4,3138,3352,459,673,Y
_DSC9259.tif,3,4,1,3,3,Raf,0,3108,3358,725,975,Yuxuan,0,3137,3353,742,958,Adam,0,3090,3372,740,1022,Y
_DSC9259.tif,3,4,1,3,4,Raf,0,3564,3794,640,870,Yuxuan,0,3560,3818,520,778,Adam,0,3536,3838,537,839,Y
_DSC9259.tif,3,4,1,4,1,Raf,0,4118,4318,324,524,Yuxuan,0,4194,4358,339,503,Adam,0,4175,4367,304,496,Y
_DSC9259.tif,3,4,1,4,2,Raf,5,4086,4264,487,665,Yuxuan,5,4094,4284,517,707,Adam,6,4096,4294,494,692,Y
_DSC9259.tif,3,4,1,4,3,Raf,1,4118,4356,695,933,Yuxuan,2,4146,4326,739,919,Adam,2,4135,4355,704,924,Y
_DSC9259.tif,3,4,1,4,4,Raf,0,4442,4660,622,840,Yuxuan,0,4442,4638,614,810,Adam,0,4438,4706,620,888,Y
_DSC9259.tif,3,4,1,4,5,Raf,5,4406,4638,358,590,Yuxuan,4,4392,4620,376,604,Adam,6,4408,4612,375,579,Y
_DSC9259.tif,3,4,2,1,1,Raf,5,1260,1478,1390,1608,Yuxuan,4,1270,1466,1399,1595,Adam,6,1283,1465,1390,1572,Y
_DSC9259.tif,3,4,2,1,2,Raf,0,1178,1390,1597,1809,Yuxuan,0,1196,1396,1596,1796,Adam,0,1186,1414,1578,1806,Y
_DSC9259.tif,3,4,2,1,3,Raf,1,1152,1390,1812,2050,Yuxuan,5,1106,1386,1820,2100,Adam,2,1132,1374,1833,2075,Y
_DSC9259.tif,3,4,2,1,4,Raf,2,1554,1806,1729,1981,Yuxuan,5,1577,1799,1740,1962,Adam,3,1567,1795,1732,1960,Y
_DSC9259.tif,3,4,2,1,5,Raf,0,1528,1780,1421,1673,Yuxuan,0,1534,1752,1484,1702,Adam,0,1508,1736,1464,1692,Y
_DSC9259.tif,3,4,2,2,1,Raf,6,2202,2388,1438,1624,Yuxuan,5,2225,2409,1450,1634,Adam,6,2231,2405,1434,1608,Y
_DSC9259.tif,3,4,2,2,2,Raf,0,2168,2334,1604,1770,Yuxuan,0,2164,2344,1593,1773,Adam,0,2172,2370,1578,1776,Y
_DSC9259.tif,3,4,2,2,3,Raf,1,2149,2361,1746,1958,Yuxuan,2,2154,2348,1786,1980,Adam,2,2165,2369,1780,1984,Y
_DSC9259.tif,3,4,2,2,4,Raf,0,2434,2692,1736,1994,Yuxuan,0,2466,2630,1804,1968,Adam,1,2450,2688,1771,2009,Y
_DSC9259.tif,3,4,2,2,5,Raf,0,2426,2672,1510,1756,Yuxuan,0,2450,2644,1562,1756,Adam,0,2440,2658,1532,1750,Y
_DSC9259.tif,3,4,2,3,1,Raf,0,3154,3392,1399,1637,Yuxuan,0,3203,3383,1396,1576,Adam,0,3168,3396,1375,1603,Y
_DSC9259.tif,3,4,2,3,2,Raf,4,3048,3266,1614,1832,Yuxuan,3,3074,3290,1648,1864,Adam,4,3044,3308,1609,1873,Y
_DSC9259.tif,3,4,2,3,3,Raf,0,3117,3361,1878,2122,Yuxuan,0,3105,3363,1868,2126,Adam,0,3102,3390,1874,2162,Y
_DSC9259.tif,3,4,2,3,4,Raf,3,3544,3794,1737,1987,Yuxuan,2,3560,3782,1752,1974,Adam,3,3518,3796,1726,2004,Y
_DSC9259.tif,3,4,2,3,5,Raf,3,3478,3702,1442,1666,Yuxuan,3,3475,3719,1428,1672,Adam,4,3468,3732,1418,1682,Y
_DSC9259.tif,3,4,2,4,1,Raf,0,4158,4430,1259,1531,Yuxuan,0,4210,4390,1299,1479,Adam,0,4184,4418,1258,1492,Y
_DSC9259.tif,3,4,2,4,2,Raf,3,4000,4270,1499,1769,Yuxuan,3,4004,4242,1530,1768,Adam,4,4002,4250,1517,1765,Y
_DSC9259.tif,3,4,2,4,3,Raf,0,4086,4344,1750,2008,Yuxuan,0,4088,4384,1730,2026,Adam,0,4076,4338,1756,2018,Y
_DSC9259.tif,3,4,2,4,4,Raf,4,4493,4711,1620,1838,Yuxuan,3,4516,4728,1624,1836,Adam,4,4497,4731,1626,1860,Y
_DSC9259.tif,3,4,2,4,5,Raf,4,4476,4674,1399,1597,Yuxuan,3,4464,4654,1408,1598,Adam,4,4482,4696,1404,1618,Y
_DSC9259.tif,3,4,3,2,1,Raf,1,2030,2302,2516,2788,Yuxuan,1,2097,2293,2576,2772,Adam,1,2078,2306,2544,2772,Y
_DSC9259.tif,3,4,3,2,2,Raf,0,1970,2236,2849,3115,Yuxuan,0,1994,2196,2853,3055,Adam,0,1981,2225,2826,3070,Y
_DSC9259.tif,3,4,3,2,3,Raf,3,1970,2222,3170,3422,Yuxuan,3,1952,2206,3186,3440,Adam,3,1954,2232,3166,3444,Y
_DSC9259.tif,3,4,3,2,4,Raf,0,2434,2698,3101,3365,Yuxuan,0,2417,2649,2978,3210,Adam,0,2381,2733,2966,3318,Y
_DSC9259.tif,3,4,3,2,5,Raf,2,2368,2672,2602,2906,Yuxuan,2,2380,2586,2674,2880,Adam,2,2360,2598,2646,2884,Y
_DSC9259.tif,3,4,3,3,1,Raf,1,3058,3322,2540,2804,Yuxuan,1,3097,3287,2576,2766,Adam,2,3090,3332,2550,2792,Y
_DSC9259.tif,3,4,3,3,2,Raf,0,2953,3217,2790,3054,Yuxuan,0,3004,3222,2840,3058,Adam,0,2966,3268,2782,3084,Y
_DSC9259.tif,3,4,3,3,3,Raf,2,2962,3260,3087,3385,Yuxuan,2,2994,3226,3182,3414,Adam,3,2968,3270,3130,3432,Y
_DSC9259.tif,3,4,3,3,4,Raf,0,3452,3710,2989,3247,Yuxuan,0,3490,3756,2919,3185,Adam,0,3445,3751,2892,3198,Y
_DSC9259.tif,3,4,3,3,5,Raf,1,3412,3662,2586,2836,Yuxuan,1,3380,3644,2592,2856,Adam,2,3384,3642,2578,2836,Y
_DSC9260.tif,3,4,1,2,1,Emma,2,2146,2386,452,692,Caroline,3,2148,2370,453,675,JoshB,2,2182,2364,485,667,Y
_DSC9260.tif,3,4,1,2,2,Emma,0,2108,2374,671,937,Caroline,0,2126,2370,673,917,JoshB,0,2132,2336,702,906,Y
_DSC9260.tif,3,4,1,2,3,Emma,3,2140,2394,918,1172,Caroline,4,2158,2386,928,1156,JoshB,3,2168,2380,927,1139,Y
_DSC9260.tif,3,4,1,2,4,Emma,2,2456,2698,775,1017,Caroline,3,2470,2682,788,1000,JoshB,3,2482,2672,788,978,Y
_DSC9260.tif,3,4,1,2,5,Emma,1,2403,2649,484,730,Caroline,2,2413,2619,482,688,JoshB,1,2422,2628,520,726,Y
_DSC9260.tif,3,4,1,3,1,Emma,4,3160,3408,470,718,Caroline,4,3182,3420,476,714,JoshB,4,3199,3371,506,678,Y
_DSC9260.tif,3,4,1,3,2,Emma,0,3098,3344,700,946,Caroline,0,3120,3312,743,935,JoshB,0,3144,3294,764,914,Y
_DSC9260.tif,3,4,1,3,3,Emma,4,3174,3452,909,1187,Caroline,4,3210,3416,934,1140,JoshB,4,3214,3412,930,1128,Y
_DSC9260.tif,3,4,1,3,4,Emma,5,3503,3783,768,1048,Caroline,4,3496,3744,795,1043,JoshB,4,3529,3743,780,994,Y
_DSC9260.tif,3,4,1,3,5,Emma,6,3426,3694,470,738,Caroline,4,3451,3647,508,704,JoshB,4,3482,3664,524,706,Y
_DSC9260.tif,3,4,2,1,1,Emma,0,864,1168,1407,1711,Caroline,0,882,1162,1434,1714,JoshB,0,898,1112,1466,1680,Y
_DSC9260.tif,3,4,2,1,2,Emma,4,830,1108,1702,1980,Caroline,4,842,1100,1717,1975,JoshB,3,836,1104,1714,1982,Y
_DSC9260.tif,3,4,2,1,3,Emma,2,870,1144,1930,2204,Caroline,3,910,1112,1946,2148,JoshB,2,919,1115,2002,2198,Y
_DSC9260.tif,3,4,2,1,4,Emma,1,1238,1542,1879,2183,Caroline,1,1243,1523,1900,2180,JoshB,1,1284,1482,1914,2112,Y
_DSC9260.tif,3,4,2,1,5,Emma,2,1200,1486,1486,1772,Caroline,2,1244,1460,1514,1730,JoshB,2,1210,1462,1514,1766,Y
_DSC9260.tif,3,4,2,2,1,Emma,0,1983,2295,1396,1708,Caroline,0,2026,2212,1457,1643,JoshB,0,2048,2214,1474,1640,Y
_DSC9260.tif,3,4,2,2,2,Emma,4,1936,2196,1708,1968,Caroline,3,1968,2174,1730,1936,JoshB,4,1954,2160,1726,1932,Y
_DSC9260.tif,3,4,2,2,3,Emma,3,1962,2202,1968,2208,Caroline,3,1943,2203,1946,2206,JoshB,3,2002,2168,1998,2164,Y
_DSC9260.tif,3,4,2,2,4,Emma,3,2368,2596,1781,2009,Caroline,3,2388,2590,1798,2000,JoshB,3,2392,2566,1812,1986,Y
_DSC9260.tif,3,4,2,2,5,Emma,2,2280,2532,1512,1764,Caroline,3,2299,2531,1514,1746,JoshB,2,2316,2490,1548,1722,Y
_DSC9260.tif,3,4,2,3,1,Emma,4,3091,3383,1530,1822,Caroline,4,3104,3342,1555,1793,JoshB,4,3120,3348,1569,1797,Y
_DSC9260.tif,3,4,2,3,2,Emma,4,2967,3215,1764,2012,Caroline,4,2978,3190,1794,2006,JoshB,4,2994,3184,1800,1990,Y
_DSC9260.tif,3,4,2,3,3,Emma,2,3097,3313,1962,2178,Caroline,3,3116,3306,1963,2153,JoshB,2,3128,3286,2006,2164,Y
_DSC9260.tif,3,4,2,3,4,Emma,2,3422,3650,1857,2085,Caroline,4,3431,3657,1842,2068,JoshB,3,3444,3624,1876,2056,Y
_DSC9260.tif,3,4,2,3,5,Emma,0,3402,3656,1550,1804,Caroline,0,3404,3668,1530,1794,JoshB,0,3431,3635,1600,1804,Y
_DSC9260.tif,3,4,2,4,1,Emma,6,4176,4450,1409,1683,Caroline,6,4201,4435,1428,1662,JoshB,4,4214,4420,1450,1656,Y
_DSC9260.tif,3,4,2,4,2,Emma,4,4084,4370,1714,2000,Caroline,5,4104,4332,1749,1977,JoshB,3,4128,4340,1770,1982,Y
_DSC9260.tif,3,4,2,4,3,Emma,1,4226,4474,1949,2197,Caroline,3,4268,4458,1976,2166,JoshB,1,4230,4466,1943,2179,Y
_DSC9260.tif,3,4,2,4,4,Emma,3,4620,4900,1748,2028,Caroline,4,4653,4895,1768,2010,JoshB,3,4648,4852,1781,1985,Y
_DSC9260.tif,3,4,2,4,5,Emma,0,4488,4786,1474,1772,Caroline,0,4514,4778,1444,1708,JoshB,0,4554,4758,1514,1718,Y
_DSC9260.tif,3,4,3,1,1,Emma,4,1042,1308,2505,2771,Caroline,4,1058,1254,2541,2737,JoshB,5,1088,1262,2540,2714,Y
_DSC9260.tif,3,4,3,1,2,Emma,2,940,1200,2710,2970,Caroline,2,980,1190,2720,2930,JoshB,2,1001,1159,2774,2932,Y
_DSC9260.tif,3,4,3,1,3,Emma,2,920,1226,2970,3276,Caroline,2,952,1202,2996,3246,JoshB,2,970,1166,3026,3222,Y
_DSC9260.tif,3,4,3,1,4,Emma,0,1366,1644,2940,3218,Caroline,1,1392,1614,2944,3166,JoshB,0,1410,1608,2950,3148,Y
_DSC9260.tif,3,4,3,1,5,Emma,5,1310,1552,2704,2946,Caroline,5,1312,1524,2718,2930,JoshB,4,1348,1498,2766,2916,Y
_DSC9260.tif,3,4,3,2,1,Emma,4,1974,2222,2618,2866,Caroline,4,1989,2211,2630,2852,JoshB,4,2037,2179,2686,2828,Y
_DSC9260.tif,3,4,3,2,2,Emma,3,1895,2123,2850,3078,Caroline,4,1923,2103,2878,3058,JoshB,4,1938,2104,2896,3062,Y
_DSC9260.tif,3,4,3,2,3,Emma,3,1942,2178,3037,3273,Caroline,3,1978,2154,3062,3238,JoshB,3,1986,2152,3064,3230,Y
_DSC9260.tif,3,4,3,2,4,Emma,0,2272,2558,2939,3225,Caroline,1,2318,2518,2950,3150,JoshB,0,2332,2498,2970,3136,Y
_DSC9260.tif,3,4,3,2,5,Emma,4,2253,2495,2716,2958,Caroline,5,2254,2466,2718,2930,JoshB,4,2282,2478,2742,2938,Y
_DSC9260.tif,3,4,3,3,1,Emma,4,3107,3361,2476,2730,Caroline,4,3117,3329,2486,2698,JoshB,4,3149,3305,2530,2686,Y
_DSC9260.tif,3,4,3,3,2,Emma,2,3037,3323,2704,2990,Caroline,4,3062,3296,2734,2968,JoshB,3,3073,3301,2734,2962,Y
_DSC9260.tif,3,4,3,3,3,Emma,0,3002,3306,2981,3285,Caroline,1,3030,3280,3011,3261,JoshB,0,3026,3254,3014,3242,Y
_DSC9260.tif,3,4,3,3,4,Emma,4,3390,3726,2828,3164,Caroline,4,3435,3685,2866,3116,JoshB,3,3475,3655,2908,3088,Y
_DSC9260.tif,3,4,3,3,5,Emma,4,3367,3645,2578,2856,Caroline,4,3380,3624,2599,2843,JoshB,4,3415,3589,2632,2806,Y
_DSC9260.tif,3,4,3,4,1,Emma,1,4246,4512,2581,2847,Caroline,2,4262,4480,2597,2815,JoshB,1,4270,4452,2632,2814,Y
_DSC9260.tif,3,4,3,4,2,Emma,2,4132,4436,2800,3104,Caroline,3,4168,4384,2830,3046,JoshB,2,4176,4372,2853,3049,Y
_DSC9260.tif,3,4,3,4,3,Emma,0,4226,4512,3018,3304,Caroline,1,4258,4474,3039,3255,JoshB,0,4262,4466,3041,3245,Y
_DSC9260.tif,3,4,3,4,4,Emma,2,4576,4824,2929,3177,Caroline,2,4599,4811,2946,3158,JoshB,2,4594,4806,2935,3147,Y
_DSC9260.tif,3,4,3,4,5,Emma,2,4541,4833,2634,2926,Caroline,2,4564,4786,2666,2888,JoshB,2,4585,4783,2702,2900,Y
_DSC9261.tif,3,4,1,2,1,Mark,4,1994,2266,354,626,Emma,4,2000,2248,362,610,Caroline,4,2006,2254,350,598,Y
_DSC9261.tif,3,4,1,2,2,Mark,0,1799,2117,584,902,Emma,0,1822,2134,610,922,Caroline,0,1862,2106,619,863,Y
_DSC9261.tif,3,4,1,2,3,Mark,4,1936,2248,867,1179,Emma,4,1962,2260,896,1194,Caroline,4,1990,2238,914,1162,Y
_DSC9261.tif,3,4,1,2,4,Mark,3,2336,2590,778,1032,Emma,3,2336,2616,758,1038,Caroline,3,2338,2614,744,1020,Y
_DSC9261.tif,3,4,1,2,5,Mark,4,2292,2558,407,673,Emma,3,2276,2550,394,668,Caroline,3,2304,2520,398,614,Y
_DSC9261.tif,3,4,1,3,1,Mark,3,2958,3186,435,663,Emma,3,2935,3177,426,668,Caroline,3,2988,3190,455,657,Y
_DSC9261.tif,3,4,1,3,2,Mark,0,2844,3110,674,940,Emma,0,2844,3110,668,934,Caroline,0,2851,3079,656,884,Y
_DSC9261.tif,3,4,1,3,3,Mark,3,2908,3218,870,1180,Emma,3,2894,3154,899,1159,Caroline,3,2928,3154,906,1132,Y
_DSC9261.tif,3,4,1,3,4,Mark,5,3313,3541,674,902,Emma,6,3288,3536,654,902,Caroline,5,3316,3522,672,878,Y
_DSC9261.tif,3,4,1,3,5,Mark,5,3186,3446,432,692,Emma,5,3187,3441,432,686,Caroline,4,3184,3412,448,676,Y
_DSC9261.tif,3,4,2,1,1,Mark,2,776,1036,1464,1724,Emma,2,800,1028,1448,1676,Caroline,1,816,1026,1458,1668,Y
_DSC9261.tif,3,4,2,1,2,Mark,5,642,952,1594,1904,Emma,6,686,928,1657,1899,Caroline,5,704,916,1653,1865,Y
_DSC9261.tif,3,4,2,1,3,Mark,4,768,1068,1814,2114,Emma,3,814,1054,1842,2082,Caroline,3,835,1027,1856,2048,Y
_DSC9261.tif,3,4,2,1,4,Mark,3,1106,1334,1743,1971,Emma,3,1130,1340,1746,1956,Caroline,3,1100,1350,1724,1974,Y
_DSC9261.tif,3,4,2,1,5,Mark,4,1065,1305,1474,1714,Emma,4,1054,1322,1466,1734,Caroline,4,1059,1297,1460,1698,Y
_DSC9261.tif,3,4,2,2,1,Mark,1,1740,1994,1454,1708,Emma,0,1749,2009,1436,1696,Caroline,0,1756,2020,1427,1691,Y
_DSC9261.tif,3,4,2,2,2,Mark,4,1626,1904,1683,1961,Emma,5,1653,1915,1688,1950,Caroline,4,1662,1894,1706,1938,Y
_DSC9261.tif,3,4,2,2,3,Mark,5,1644,1936,1879,2171,Emma,4,1688,1936,1917,2165,Caroline,3,1693,1937,1904,2148,Y
_DSC9261.tif,3,4,2,2,4,Mark,5,2044,2348,1715,2019,Emma,4,2064,2336,1740,2012,Caroline,3,2066,2336,1730,2000,Y
_DSC9261.tif,3,4,2,2,5,Mark,5,1974,2266,1454,1746,Emma,4,2010,2270,1480,1740,Caroline,4,2006,2244,1479,1717,Y
_DSC9261.tif,3,4,2,3,1,Mark,6,3046,3276,1470,1700,Emma,6,3002,3268,1451,1717,Caroline,6,3046,3258,1468,1680,Y
_DSC9261.tif,3,4,2,3,2,Mark,5,2905,3133,1682,1910,Emma,5,2911,3133,1688,1910,Caroline,5,2930,3132,1698,1900,Y
_DSC9261.tif,3,4,2,3,3,Mark,4,2970,3230,1848,2108,Emma,3,3002,3224,1857,2079,Caroline,4,3004,3238,1835,2069,Y
_DSC9261.tif,3,4,2,3,4,Mark,2,3344,3548,1853,2057,Emma,3,3314,3542,1863,2091,Caroline,3,3345,3557,1856,2068,Y
_DSC9261.tif,3,4,2,3,5,Mark,1,3357,3549,1580,1772,Emma,0,3316,3570,1562,1816,Caroline,0,3338,3576,1564,1802,Y
_DSC9261.tif,3,4,2,4,1,Mark,5,4056,4304,1260,1508,Emma,5,4074,4304,1282,1512,Caroline,4,4072,4306,1267,1501,Y
_DSC9261.tif,3,4,2,4,2,Mark,2,3866,4164,1486,1784,Emma,3,3882,4160,1512,1790,Caroline,2,3892,4158,1518,1784,Y
_DSC9261.tif,3,4,2,4,3,Mark,1,3960,4208,1799,2047,Emma,0,3944,4236,1772,2064,Caroline,0,3978,4216,1778,2016,Y
_DSC9261.tif,3,4,2,4,4,Mark,3,4386,4672,1647,1933,Emma,3,4356,4624,1682,1950,Caroline,3,4400,4602,1714,1916,Y
_DSC9261.tif,3,4,2,4,5,Mark,0,4376,4606,1358,1588,Emma,0,4316,4608,1352,1644,Caroline,0,4347,4595,1376,1624,Y
_DSC9261.tif,3,4,3,1,1,Mark,3,788,990,2368,2570,Emma,4,782,1022,2356,2596,Caroline,4,788,1006,2367,2585,Y
_DSC9261.tif,3,4,3,1,2,Mark,5,654,876,2590,2812,Emma,4,641,903,2570,2832,Caroline,3,662,874,2581,2793,Y
_DSC9261.tif,3,4,3,1,3,Mark,2,630,914,2800,3084,Emma,4,660,908,2812,3060,Caroline,3,665,913,2798,3046,Y
_DSC9261.tif,3,4,3,1,4,Mark,0,1048,1352,2784,3088,Emma,0,1036,1340,2774,3078,Caroline,0,1038,1354,2783,3099,Y
_DSC9261.tif,3,4,3,1,5,Mark,3,1016,1358,2450,2792,Emma,4,1074,1334,2514,2774,Caroline,3,1090,1350,2499,2759,Y
_DSC9261.tif,3,4,3,2,1,Mark,4,1734,1924,2422,2612,Emma,5,1752,1950,2434,2632,Caroline,4,1764,1966,2428,2630,Y
_DSC9261.tif,3,4,3,2,2,Mark,4,1634,1838,2602,2806,Emma,5,1612,1842,2577,2807,Caroline,5,1630,1810,2606,2786,Y
_DSC9261.tif,3,4,3,2,3,Mark,3,1620,1866,2806,3052,Emma,2,1632,1892,2803,3063,Caroline,4,1624,1852,2824,3052,Y
_DSC9261.tif,3,4,3,2,4,Mark,0,2032,2286,2758,3012,Emma,0,2000,2240,2784,3024,Caroline,0,2042,2274,2786,3018,Y
_DSC9261.tif,3,4,3,2,5,Mark,4,1930,2184,2533,2787,Emma,5,1940,2212,2546,2818,Caroline,5,1955,2177,2560,2782,Y
_DSC9261.tif,3,4,3,3,1,Mark,1,3028,3294,2336,2602,Emma,2,3047,3301,2362,2616,Caroline,2,3052,3300,2363,2611,Y
_DSC9261.tif,3,4,3,3,2,Mark,2,2862,3192,2549,2879,Emma,2,2876,3180,2578,2882,Caroline,2,2877,3147,2576,2846,Y
_DSC9261.tif,3,4,3,3,3,Mark,0,2952,3238,2913,3199,Emma,0,3002,3276,2872,3146,Caroline,0,2940,3184,2909,3153,Y
_DSC9261.tif,3,4,3,3,4,Mark,3,3320,3644,2777,3101,Emma,3,3376,3656,2796,3076,Caroline,3,3383,3625,2820,3062,Y
_DSC9261.tif,3,4,3,3,5,Mark,3,3320,3598,2514,2792,Emma,3,3310,3622,2488,2800,Caroline,3,3335,3595,2512,2772,Y
_DSC9261.tif,3,4,3,4,1,Mark,6,4239,4469,2386,2616,Emma,6,4251,4481,2386,2616,Caroline,5,4231,4469,2380,2618,Y
_DSC9261.tif,3,4,3,4,2,Mark,4,4010,4316,2456,2762,Emma,4,4037,4303,2482,2748,Caroline,3,4068,4284,2508,2724,Y
_DSC9261.tif,3,4,3,4,3,Mark,0,4039,4337,2800,3098,Emma,0,4002,4306,2818,3122,Caroline,0,4044,4302,2836,3094,Y
_DSC9261.tif,3,4,3,4,4,Mark,5,4488,4772,2774,3058,Emma,5,4474,4740,2768,3034,Caroline,5,4490,4722,2775,3007,Y
_DSC9261.tif,3,4,3,4,5,Mark,4,4506,4760,2495,2749,Emma,5,4484,4750,2488,2754,Caroline,5,4485,4755,2476,2746,Y
_DSC9854.tif,2,4,1,1,1,Emma,4,451,699,458,706,Caroline,4,456,668,476,688,JoshB,5,494,682,490,678,Y
_DSC9854.tif,2,4,1,1,2,Emma,1,295,671,698,1074,Caroline,1,324,668,720,1064,JoshB,1,364,624,780,1040,Y
_DSC9854.tif,2,4,1,1,3,Emma,1,292,712,1051,1471,Caroline,1,342,644,1084,1386,JoshB,1,380,678,1093,1391,Y
_DSC9854.tif,2,4,1,1,4,Emma,2,750,1086,994,1330,Caroline,1,774,1038,1001,1265,JoshB,1,772,1072,989,1289,Y
_DSC9854.tif,2,4,1,1,5,Emma,0,680,1016,556,892,Caroline,1,704,932,593,821,JoshB,1,694,954,592,852,Y
_DSC9854.tif,2,4,1,2,1,Emma,4,1585,1851,528,794,Caroline,3,1592,1830,524,762,JoshB,4,1616,1844,561,789,Y
_DSC9854.tif,2,4,1,2,2,Emma,0,1384,1720,747,1083,Caroline,0,1423,1693,800,1070,JoshB,0,1426,1702,796,1072,Y
_DSC9854.tif,2,4,1,2,3,Emma,0,1492,1860,1130,1498,Caroline,1,1540,1820,1175,1455,JoshB,0,1536,1812,1182,1458,Y
_DSC9854.tif,2,4,1,2,4,Emma,2,1924,2254,1016,1346,Caroline,2,1955,2247,1026,1318,JoshB,1,1931,2237,986,1292,Y
_DSC9854.tif,2,4,1,2,5,Emma,0,1863,2237,572,946,Caroline,1,1894,2206,627,939,JoshB,0,1908,2198,635,925,Y
_DSC9854.tif,2,4,1,3,1,Emma,0,3002,3332,392,722,Caroline,0,3052,3300,445,693,JoshB,0,3026,3286,454,714,Y
_DSC9854.tif,2,4,1,3,2,Emma,3,2882,3174,715,1007,Caroline,2,2935,3153,762,980,JoshB,4,2946,3128,784,966,Y
_DSC9854.tif,2,4,1,3,3,Emma,0,2964,3344,972,1352,Caroline,1,3004,3306,990,1292,JoshB,0,2994,3340,974,1320,Y
_DSC9854.tif,2,4,1,3,4,Emma,0,3440,3814,896,1270,Caroline,1,3496,3802,930,1236,JoshB,0,3450,3758,906,1214,Y
_DSC9854.tif,2,4,1,3,5,Emma,3,3323,3703,490,870,Caroline,4,3345,3663,498,816,JoshB,3,3372,3718,529,875,Y
_DSC9854.tif,2,4,1,4,1,Emma,0,4208,4530,376,698,Caroline,0,4234,4498,408,672,JoshB,0,4234,4486,434,686,Y
_DSC9854.tif,2,4,1,4,2,Emma,3,4144,4486,718,1060,Caroline,2,4186,4466,742,1022,JoshB,2,4192,4428,777,1013,Y
_DSC9854.tif,2,4,1,4,3,Emma,0,4142,4534,1068,1460,Caroline,1,4202,4466,1132,1396,JoshB,0,4207,4467,1104,1364,Y
_DSC9854.tif,2,4,1,4,4,Emma,0,4684,5058,886,1260,Caroline,1,4715,5005,900,1190,JoshB,0,4712,5010,911,1209,Y
_DSC9854.tif,2,4,1,4,5,Emma,3,4553,4929,476,852,Caroline,2,4564,4886,496,818,JoshB,3,4562,4916,470,824,Y
_DSC9854.tif,2,4,2,1,1,Emma,5,449,733,2178,2462,Caroline,4,476,720,2203,2447,JoshB,4,498,702,2227,2431,Y
_DSC9854.tif,2,4,2,1,2,Emma,3,302,652,2424,2774,Caroline,4,344,624,2446,2726,JoshB,2,308,616,2454,2762,Y
_DSC9854.tif,2,4,2,1,3,Emma,4,344,692,2755,3103,Caroline,4,400,648,2788,3036,JoshB,3,402,638,2782,3018,Y
_DSC9854.tif,2,4,2,1,4,Emma,2,814,1136,2607,2929,Caroline,3,869,1127,2624,2882,JoshB,2,888,1092,2648,2852,Y
_DSC9854.tif,2,4,2,1,5,Emma,0,776,1092,2251,2567,Caroline,0,813,1061,2280,2528,JoshB,0,836,1064,2293,2521,Y
_DSC9854.tif,2,4,2,2,1,Emma,3,1504,1796,2094,2386,Caroline,3,1542,1776,2126,2360,JoshB,4,1536,1766,2139,2369,Y
_DSC9854.tif,2,4,2,2,2,Emma,0,1355,1711,2412,2768,Caroline,0,1405,1675,2454,2724,JoshB,0,1418,1648,2493,2723,Y
_DSC9854.tif,2,4,2,2,3,Emma,3,1436,1726,2762,3052,Caroline,3,1460,1730,2761,3031,JoshB,3,1466,1726,2798,3058,Y
_DSC9854.tif,2,4,2,2,4,Emma,1,1910,2260,2548,2898,Caroline,1,1932,2248,2566,2882,JoshB,1,1974,2218,2600,2844,Y
_DSC9854.tif,2,4,2,2,5,Emma,0,1794,2130,2190,2526,Caroline,1,1791,2119,2200,2528,JoshB,0,1816,2092,2254,2530,Y
_DSC9854.tif,2,4,2,3,1,Emma,0,2932,3276,2094,2438,Caroline,0,2991,3271,2138,2418,JoshB,0,3002,3206,2152,2356,Y
_DSC9854.tif,2,4,2,3,2,Emma,2,2748,3098,2370,2720,Caroline,1,2770,3086,2392,2708,JoshB,1,2766,3034,2415,2683,Y
_DSC9854.tif,2,4,2,3,3,Emma,0,2844,3206,2704,3066,Caroline,1,2889,3153,2740,3004,JoshB,0,2884,3136,2746,2998,Y
_DSC9854.tif,2,4,2,3,4,Emma,3,3320,3644,2666,2990,Caroline,3,3332,3602,2700,2970,JoshB,2,3352,3612,2702,2962,Y
_DSC9854.tif,2,4,2,3,5,Emma,0,3276,3606,2301,2631,Caroline,0,3306,3592,2317,2603,JoshB,0,3337,3573,2348,2584,Y
_DSC9854.tif,2,4,2,4,1,Emma,0,4211,4565,2026,2380,Caroline,0,4245,4547,2052,2354,JoshB,0,4270,4562,2092,2384,Y
_DSC9854.tif,2,4,2,4,2,Emma,2,3998,4404,2390,2796,Caroline,2,4012,4356,2412,2756,JoshB,2,4050,4340,2451,2741,Y
_DSC9854.tif,2,4,2,4,3,Emma,0,3998,4424,2789,3215,Caroline,1,4059,4345,2856,3142,JoshB,0,4049,4365,2828,3144,Y
_DSC9854.tif,2,4,2,4,4,Emma,4,4608,4976,2616,2984,Caroline,4,4671,4935,2650,2914,JoshB,4,4652,4912,2672,2932,Y
_DSC9854.tif,2,4,2,4,5,Emma,1,4544,4912,2178,2546,Caroline,2,4586,4892,2174,2480,JoshB,1,4597,4857,2230,2490,Y
_DSC9856.tif,2,4,1,1,1,Mark,0,490,800,493,803,Emma,0,508,826,477,795,Caroline,0,550,778,535,763,Y
_DSC9856.tif,2,4,1,1,2,Mark,0,312,622,776,1086,Emma,0,254,642,733,1121,Caroline,0,308,604,758,1054,Y
_DSC9856.tif,2,4,1,1,3,Mark,0,274,636,1168,1530,Emma,1,230,642,1112,1524,Caroline,0,289,633,1138,1482,Y
_DSC9856.tif,2,4,1,1,4,Mark,0,782,1276,966,1460,Emma,0,896,1270,1052,1426,Caroline,0,922,1260,1067,1405,Y
_DSC9856.tif,2,4,1,1,5,Mark,3,806,1150,711,1055,Emma,4,816,1146,738,1068,Caroline,4,852,1112,762,1022,Y
_DSC9856.tif,2,4,1,2,1,Mark,0,1774,2104,426,756,Emma,0,1784,2088,464,768,Caroline,0,1802,2066,456,720,Y
_DSC9856.tif,2,4,1,2,2,Mark,0,1572,1964,776,1168,Emma,0,1598,1952,782,1136,Caroline,0,1616,1934,788,1106,Y
_DSC9856.tif,2,4,1,2,3,Mark,1,1688,2094,1057,1463,Emma,2,1746,2094,1112,1460,Caroline,2,1767,2079,1106,1418,Y
_DSC9856.tif,2,4,1,2,4,Mark,0,2186,2510,972,1296,Emma,0,2180,2556,952,1328,Caroline,1,2222,2518,995,1291,Y
_DSC9856.tif,2,4,1,2,5,Mark,1,2177,2495,616,934,Emma,3,2196,2482,636,922,Caroline,2,2244,2480,655,891,Y
_DSC9856.tif,2,4,1,3,1,Mark,3,3376,3644,489,757,Emma,4,3344,3644,450,750,Caroline,3,3386,3634,469,717,Y
_DSC9856.tif,2,4,1,3,2,Mark,2,3116,3440,686,1010,Emma,[],[],[],[],[],Caroline,2,3187,3409,746,968,K
_DSC9856.tif,2,4,1,3,3,Mark,0,3182,3602,984,1404,Emma,0,3225,3631,1022,1428,Caroline,0,3216,3586,1024,1394,Y
_DSC9856.tif,2,4,1,3,4,Mark,2,3741,4135,1054,1448,Emma,1,3752,4144,1033,1425,Caroline,1,3824,4120,1067,1363,Y
_DSC9856.tif,2,4,1,3,5,Mark,0,3760,4122,622,984,Emma,0,3738,4106,626,994,Caroline,1,3798,4088,668,958,Y
_DSC9856.tif,2,4,1,4,1,Mark,4,4624,4908,446,730,Emma,5,4626,4880,458,712,Caroline,4,4648,4876,447,675,Y
_DSC9856.tif,2,4,1,4,2,Mark,0,4322,4728,734,1140,Emma,0,4354,4716,791,1153,Caroline,0,4406,4680,834,1108,Y
_DSC9856.tif,2,4,1,4,3,Mark,0,4538,4868,1159,1489,Emma,0,4506,4868,1114,1476,Caroline,0,4527,4839,1112,1424,Y
_DSC9856.tif,2,4,1,4,4,Mark,4,4932,5338,937,1343,Emma,4,4948,5302,998,1352,Caroline,3,4988,5246,1030,1288,Y
_DSC9856.tif,2,4,1,4,5,Mark,0,4861,5293,528,960,Emma,0,4915,5265,578,928,Caroline,0,4927,5233,594,900,Y
_DSC9856.tif,2,4,2,1,1,Mark,0,514,806,2234,2526,Emma,0,522,832,2248,2558,Caroline,0,540,842,2224,2526,Y
_DSC9856.tif,2,4,2,1,2,Mark,5,376,712,2511,2847,Emma,5,402,724,2540,2862,Caroline,4,440,694,2573,2827,Y
_DSC9856.tif,2,4,2,1,3,Mark,0,394,756,2806,3168,Emma,0,418,740,2832,3154,Caroline,1,459,739,2846,3126,Y
_DSC9856.tif,2,4,2,1,4,Mark,0,946,1212,2675,2941,Emma,0,947,1283,2672,3008,Caroline,1,1006,1264,2680,2938,Y
_DSC9856.tif,2,4,2,1,5,Mark,1,882,1200,2336,2654,Emma,0,892,1198,2348,2654,Caroline,0,932,1218,2351,2637,Y
_DSC9856.tif,2,4,2,2,1,Mark,0,1874,2178,2044,2348,Emma,0,1867,2183,2064,2380,Caroline,0,1872,2180,2049,2357,Y
_DSC9856.tif,2,4,2,2,2,Mark,3,1688,2056,2355,2723,Emma,3,1673,2015,2400,2742,Caroline,3,1736,1978,2452,2694,Y
_DSC9856.tif,2,4,2,2,3,Mark,0,1752,2152,2720,3120,Emma,0,1828,2190,2751,3113,Caroline,1,1836,2164,2766,3094,Y
_DSC9856.tif,2,4,2,2,4,Mark,0,2324,2692,2584,2952,Emma,0,2291,2653,2584,2946,Caroline,1,2338,2608,2656,2926,Y
_DSC9856.tif,2,4,2,2,5,Mark,2,2240,2654,2151,2565,Emma,2,2257,2587,2146,2476,Caroline,2,2275,2545,2164,2434,Y
_DSC9856.tif,2,4,2,3,1,Mark,3,3238,3630,2026,2418,Emma,2,3256,3592,2038,2374,Caroline,2,3306,3564,2077,2335,Y
_DSC9856.tif,2,4,2,3,2,Mark,0,3189,3583,2292,2686,Emma,0,3154,3542,2310,2698,Caroline,1,3219,3499,2360,2640,Y
_DSC9856.tif,2,4,2,3,3,Mark,4,3212,3636,2651,3075,Emma,4,3268,3586,2675,2993,Caroline,3,3322,3554,2727,2959,Y
_DSC9856.tif,2,4,2,3,4,Mark,0,3684,3970,2418,2704,Emma,0,3700,4024,2421,2745,Caroline,1,3721,4007,2428,2714,Y
_DSC9856.tif,2,4,2,3,5,Mark,0,3623,3923,2056,2356,Emma,0,3589,3925,2076,2412,Caroline,1,3608,3866,2080,2338,Y
_DSC9856.tif,2,4,2,4,1,Mark,4,4570,4862,2054,2346,Emma,3,4588,4880,2060,2352,Caroline,4,4596,4886,2040,2330,Y
_DSC9856.tif,2,4,2,4,2,Mark,0,4480,4760,2342,2622,Emma,0,4456,4748,2336,2628,Caroline,1,4464,4792,2317,2645,Y
_DSC9856.tif,2,4,2,4,3,Mark,5,4518,4868,2608,2958,Emma,4,4554,4820,2622,2888,Caroline,3,4586,4818,2622,2854,Y
_DSC9856.tif,2,4,2,4,4,Mark,0,5020,5388,2517,2885,Emma,1,5026,5370,2570,2914,Caroline,1,5072,5358,2552,2838,Y
_DSC9856.tif,2,4,2,4,5,Mark,0,4983,5287,2172,2476,Emma,0,4988,5318,2172,2502,Caroline,1,4976,5316,2168,2508,Y
_DSC9857.tif,1,4,1,1,1,Raf,0,378,656,1101,1379,Yuxuan,0,434,698,1099,1363,Adam,0,392,710,1054,1372,K
_DSC9857.tif,1,4,1,1,2,Raf,3,208,480,1494,1766,Yuxuan,3,208,492,1488,1772,Adam,3,197,509,1488,1800,Y
_DSC9857.tif,1,4,1,1,3,Raf,0,246,510,1872,2136,Yuxuan,0,250,566,1918,2234,Adam,0,199,561,1874,2236,Y
_DSC9857.tif,1,4,1,1,4,Raf,2,813,1079,1666,1932,Yuxuan,1,804,1064,1677,1937,Adam,2,800,1116,1668,1984,Y
_DSC9857.tif,1,4,1,1,5,Raf,0,754,1006,1346,1598,Yuxuan,0,710,968,1326,1584,Adam,0,690,992,1323,1625,Y
_DSC9857.tif,1,4,1,2,1,Raf,0,1818,2096,1025,1303,Yuxuan,0,1900,2122,1091,1313,Adam,0,1856,2122,1025,1291,Y
_DSC9857.tif,1,4,1,2,2,Raf,0,1686,1996,1316,1626,Yuxuan,0,1730,1974,1376,1620,Adam,1,1739,2045,1340,1646,Y
_DSC9857.tif,1,4,1,2,3,Raf,0,1648,1918,1700,1970,Yuxuan,0,1672,1932,1730,1990,Adam,0,1659,1977,1706,2024,Y
_DSC9857.tif,1,4,1,2,4,Raf,1,2242,2526,1515,1799,Yuxuan,1,2228,2508,1534,1814,Adam,2,2213,2497,1542,1826,Y
_DSC9857.tif,1,4,1,2,5,Raf,0,2162,2500,1177,1515,Yuxuan,0,2206,2470,1262,1526,Adam,0,2168,2480,1233,1545,Y
_DSC9857.tif,1,4,1,3,1,Raf,0,3306,3538,1052,1284,Yuxuan,0,3311,3537,1054,1280,Adam,0,3262,3536,1009,1283,Y
_DSC9857.tif,1,4,1,3,2,Raf,0,3159,3405,1322,1568,Yuxuan,0,3168,3396,1328,1556,Adam,0,3144,3446,1285,1587,Y
_DSC9857.tif,1,4,1,3,3,Raf,1,3111,3435,1620,1944,Yuxuan,1,3145,3409,1646,1910,Adam,2,3124,3456,1602,1934,Y
_DSC9857.tif,1,4,1,3,4,Raf,0,3729,3987,1554,1812,Yuxuan,0,3702,3966,1539,1803,Adam,0,3651,3969,1498,1816,Y
_DSC9857.tif,1,4,1,3,5,Raf,4,3639,3937,1144,1442,Yuxuan,3,3647,3901,1190,1444,Adam,5,3644,3922,1178,1456,Y
_DSC9857.tif,1,4,1,4,1,Raf,0,4422,4780,1006,1364,Yuxuan,0,4496,4754,1020,1278,Adam,0,4468,4794,983,1309,Y
_DSC9857.tif,1,4,1,4,2,Raf,0,4344,4614,1360,1630,Yuxuan,0,4317,4569,1382,1634,Adam,0,4296,4634,1334,1672,Y
_DSC9857.tif,1,4,1,4,3,Raf,0,4404,4740,1621,1957,Yuxuan,0,4470,4734,1698,1962,Adam,0,4415,4807,1646,2038,Y
_DSC9857.tif,1,4,1,4,4,Raf,0,4992,5296,1462,1766,Yuxuan,0,4967,5273,1482,1788,Adam,0,4951,5333,1454,1836,Y
_DSC9858.tif,2,4,1,1,1,Mark,3,584,806,715,937,Emma,2,604,788,741,925,Caroline,2,609,805,720,916,Y
_DSC9858.tif,2,4,1,1,2,Mark,5,420,680,833,1093,Emma,4,481,683,896,1098,Caroline,3,466,672,877,1083,Y
_DSC9858.tif,2,4,1,1,3,Mark,6,401,661,1068,1328,Emma,5,414,660,1080,1326,Caroline,4,424,630,1074,1280,Y
_DSC9858.tif,2,4,1,1,4,Mark,4,330,660,1264,1594,Emma,4,369,661,1276,1568,Caroline,3,376,620,1283,1527,Y
_DSC9858.tif,2,4,1,1,5,Mark,0,890,1124,1306,1540,Emma,0,890,1162,1296,1568,Caroline,1,874,1138,1291,1555,Y
_DSC9858.tif,2,4,1,1,6,Mark,5,1004,1320,1045,1361,Emma,5,1016,1296,1069,1349,Caroline,4,1038,1280,1060,1302,Y
_DSC9858.tif,2,4,1,1,7,Mark,6,890,1212,852,1174,Emma,6,914,1156,898,1140,Caroline,4,913,1135,900,1122,Y
_DSC9858.tif,2,4,1,1,8,Mark,4,794,1042,696,944,Emma,4,800,1048,692,940,Caroline,4,816,1048,684,916,Y
_DSC9858.tif,2,4,1,2,2,Mark,4,1638,1886,829,1077,Emma,5,1682,1892,838,1048,Caroline,3,1682,1862,847,1027,Y
_DSC9858.tif,2,4,1,2,3,Mark,6,1568,1898,966,1296,Emma,5,1600,1860,1029,1289,Caroline,4,1621,1833,1022,1234,Y
_DSC9858.tif,2,4,1,2,4,Mark,2,1588,1898,1261,1571,Emma,2,1620,1918,1280,1578,Caroline,2,1661,1867,1334,1540,Y
_DSC9858.tif,2,4,1,2,5,Mark,0,2098,2446,1258,1606,Emma,0,2158,2424,1302,1568,Caroline,0,2148,2406,1315,1573,Y
_DSC9858.tif,2,4,1,2,6,Mark,4,2120,2380,1038,1298,Emma,3,2146,2406,1042,1302,Caroline,3,2158,2392,1047,1281,Y
_DSC9858.tif,2,4,1,2,7,Mark,4,2044,2292,778,1026,Emma,4,2050,2310,785,1045,Caroline,3,2080,2302,784,1006,Y
_DSC9858.tif,2,4,1,2,8,Mark,4,1988,2190,627,829,Emma,4,1980,2158,655,833,Caroline,3,1984,2148,662,826,Y
_DSC9858.tif,2,4,1,3,1,Mark,3,3218,3466,575,823,Emma,5,3224,3452,601,829,Caroline,4,3215,3449,582,816,Y
_DSC9858.tif,2,4,1,3,2,Mark,0,3008,3320,756,1068,Emma,1,3062,3316,768,1022,Caroline,1,3058,3306,781,1029,Y
_DSC9858.tif,2,4,1,3,3,Mark,4,2938,3282,971,1315,Emma,5,3019,3265,1036,1282,Caroline,5,3015,3269,1016,1270,Y
_DSC9858.tif,2,4,1,3,4,Mark,3,3016,3390,1270,1644,Emma,4,3040,3344,1287,1591,Caroline,4,3080,3350,1302,1572,Y
_DSC9858.tif,2,4,1,3,5,Mark,3,3472,3840,1261,1629,Emma,4,3542,3796,1336,1590,Caroline,3,3584,3790,1350,1556,Y
_DSC9858.tif,2,4,1,3,6,Mark,0,3674,3948,1064,1338,Emma,0,3682,3954,1086,1358,Caroline,1,3708,3914,1122,1328,Y
_DSC9858.tif,2,4,1,3,7,Mark,4,3606,3898,813,1105,Emma,5,3592,3884,845,1137,Caroline,4,3646,3848,868,1070,Y
_DSC9858.tif,2,4,1,3,8,Mark,5,3522,3802,635,915,Emma,5,3522,3790,644,912,Caroline,4,3530,3752,652,874,Y
_DSC9858.tif,2,4,1,4,1,Mark,4,4468,4734,483,749,Emma,5,4474,4710,514,750,Caroline,3,4488,4700,530,742,Y
_DSC9858.tif,2,4,1,4,2,Mark,0,4258,4614,661,1017,Emma,0,4345,4605,744,1004,Caroline,0,4361,4583,726,948,Y
_DSC9858.tif,2,4,1,4,3,Mark,3,4253,4487,1004,1238,Emma,4,4272,4512,1020,1260,Caroline,3,4284,4512,1000,1228,Y
_DSC9858.tif,2,4,1,4,4,Mark,2,4266,4620,1220,1574,Emma,4,4284,4570,1248,1534,Caroline,3,4308,4552,1248,1492,Y
_DSC9858.tif,2,4,1,4,5,Mark,2,4710,5020,1321,1631,Emma,3,4716,5020,1321,1625,Caroline,1,4750,5004,1342,1596,Y
_DSC9858.tif,2,4,1,4,6,Mark,0,4895,5163,1028,1296,Emma,0,4894,5198,1016,1320,Caroline,1,4914,5194,1014,1294,Y
_DSC9858.tif,2,4,1,4,7,Mark,5,4792,5072,762,1042,Emma,6,4810,5096,772,1058,Caroline,4,4827,5079,774,1026,Y
_DSC9858.tif,2,4,1,4,8,Mark,5,4728,5040,509,821,Emma,5,4702,4970,546,814,Caroline,4,4700,4942,546,788,Y
_DSC9858.tif,2,4,2,1,1,Mark,4,668,908,2051,2291,Emma,5,660,908,2041,2289,Caroline,5,694,900,2047,2253,Y
_DSC9858.tif,2,4,2,1,2,Mark,4,496,768,2194,2466,Emma,4,528,768,2190,2430,Caroline,4,574,770,2200,2396,Y
_DSC9858.tif,2,4,2,1,3,Mark,0,394,718,2377,2701,Emma,0,394,706,2424,2736,Caroline,0,450,720,2420,2690,Y
_DSC9858.tif,2,4,2,1,4,Mark,2,514,788,2726,3000,Emma,3,484,762,2746,3024,Caroline,1,540,768,2743,2971,Y
_DSC9858.tif,2,4,2,1,5,Mark,2,934,1302,2720,3088,Emma,3,966,1244,2762,3040,Caroline,2,984,1212,2772,3000,Y
_DSC9858.tif,2,4,2,1,6,Mark,3,1048,1296,2504,2752,Emma,4,1048,1320,2514,2786,Caroline,3,1093,1315,2540,2762,Y
_DSC9858.tif,2,4,2,1,7,Mark,0,1004,1334,2171,2501,Emma,0,997,1295,2210,2508,Caroline,0,1024,1304,2228,2508,Y
_DSC9858.tif,2,4,2,1,8,Mark,4,922,1212,1972,2262,Emma,6,940,1182,1999,2241,Caroline,4,958,1164,1987,2193,Y
_DSC9858.tif,2,4,2,2,1,Mark,4,1854,2132,1988,2266,Emma,6,1866,2082,2032,2248,Caroline,5,1875,2093,2036,2254,Y
_DSC9858.tif,2,4,2,2,2,Mark,4,1530,1950,2142,2562,Emma,5,1626,1886,2196,2456,Caroline,4,1634,1900,2181,2447,Y
_DSC9858.tif,2,4,2,2,3,Mark,0,1600,1886,2399,2685,Emma,0,1612,1886,2431,2705,Caroline,0,1620,1868,2434,2682,Y
_DSC9858.tif,2,4,2,2,4,Mark,3,1726,2000,2672,2946,Emma,4,1696,1962,2663,2929,Caroline,4,1714,1936,2688,2910,Y
_DSC9858.tif,2,4,2,2,5,Mark,3,2076,2394,2602,2920,Emma,4,2088,2348,2628,2888,Caroline,3,2110,2338,2637,2865,Y
_DSC9858.tif,2,4,2,2,6,Mark,4,2142,2440,2348,2646,Emma,5,2190,2470,2386,2666,Caroline,4,2198,2462,2386,2650,Y
_DSC9858.tif,2,4,2,2,7,Mark,1,2222,2476,2136,2390,Emma,1,2228,2476,2152,2400,Caroline,1,2274,2476,2158,2360,Y
_DSC9858.tif,2,4,2,2,8,Mark,4,2032,2330,1931,2229,Emma,5,2114,2292,2009,2187,Caroline,4,2127,2275,2026,2174,Y
_DSC9858.tif,2,4,2,3,1,Mark,3,3154,3422,2011,2279,Emma,5,3174,3390,2038,2254,Caroline,4,3165,3377,2036,2248,Y
_DSC9858.tif,2,4,2,3,2,Mark,3,3002,3308,2164,2470,Emma,5,2990,3262,2228,2500,Caroline,4,2989,3221,2238,2470,Y
_DSC9858.tif,2,4,2,3,3,Mark,3,2824,3148,2418,2742,Emma,4,2862,3130,2459,2727,Caroline,3,2888,3122,2454,2688,Y
_DSC9858.tif,2,4,2,3,4,Mark,0,2914,3288,2701,3075,Emma,0,2876,3206,2758,3088,Caroline,0,2934,3202,2762,3030,Y
_DSC9858.tif,2,4,2,3,5,Mark,3,3408,3752,2703,3047,Emma,3,3452,3732,2720,3000,Caroline,2,3493,3715,2740,2962,Y
_DSC9858.tif,2,4,2,3,6,Mark,5,3522,3890,2384,2752,Emma,6,3560,3866,2446,2752,Caroline,4,3592,3834,2474,2716,Y
_DSC9858.tif,2,4,2,3,7,Mark,4,3528,3764,2215,2451,Emma,5,3510,3782,2206,2478,Caroline,3,3533,3777,2222,2466,Y
_DSC9858.tif,2,4,2,3,8,Mark,0,3408,3738,2006,2336,Emma,0,3402,3644,2040,2282,Caroline,1,3417,3645,2026,2254,Y
_DSC9858.tif,2,4,2,4,1,Mark,4,4383,4605,2088,2310,Emma,5,4348,4614,2089,2355,Caroline,4,4363,4595,2106,2338,Y
_DSC9858.tif,2,4,2,4,2,Mark,4,4196,4436,2324,2564,Emma,5,4182,4442,2330,2590,Caroline,4,4213,4419,2338,2544,Y
_DSC9858.tif,2,4,2,4,3,Mark,3,4120,4456,2514,2850,Emma,4,4135,4433,2552,2850,Caroline,4,4189,4411,2582,2804,Y
_DSC9858.tif,2,4,2,4,4,Mark,0,4252,4582,2774,3104,Emma,0,4243,4541,2806,3104,Caroline,1,4277,4509,2804,3036,Y
_DSC9858.tif,2,4,2,4,5,Mark,3,4678,5020,2707,3049,Emma,4,4672,4982,2723,3033,Caroline,4,4712,4930,2772,2990,Y
_DSC9858.tif,2,4,2,4,6,Mark,4,4836,5160,2494,2818,Emma,4,4830,5096,2505,2771,Caroline,4,4850,5072,2524,2746,Y
_DSC9858.tif,2,4,2,4,7,Mark,4,4773,5077,2172,2476,Emma,4,4772,5040,2243,2511,Caroline,4,4810,5006,2280,2476,Y
_DSC9858.tif,2,4,2,4,8,Mark,1,4626,4842,2031,2247,Emma,1,4652,4918,2034,2300,Caroline,2,4691,4855,2080,2244,Y
_DSC9859.tif,2,4,1,1,1,Caroline,2,730,910,688,868,JoshB,1,744,902,725,883,JoshW,2,712,940,660,888,Y
_DSC9859.tif,2,4,1,1,2,Caroline,5,566,762,847,1043,JoshB,5,604,788,867,1051,JoshW,6,586,800,858,1072,Y
_DSC9859.tif,2,4,1,1,3,Caroline,5,508,742,1042,1276,JoshB,5,534,712,1093,1271,JoshW,6,510,722,1064,1276,Y
_DSC9859.tif,2,4,1,1,4,Caroline,3,601,829,1280,1508,JoshB,3,598,782,1314,1498,JoshW,4,572,804,1288,1520,Y
_DSC9859.tif,2,4,1,1,5,Caroline,0,990,1228,1289,1527,JoshB,0,1003,1181,1308,1486,JoshW,0,1008,1222,1304,1518,Y
_DSC9859.tif,2,4,1,1,6,Caroline,4,1087,1315,1042,1270,JoshB,4,1108,1280,1060,1232,JoshW,4,1092,1306,1036,1250,Y
_DSC9859.tif,2,4,1,1,7,Caroline,4,1048,1254,836,1042,JoshB,5,1036,1238,858,1060,JoshW,4,1040,1228,848,1036,Y
_DSC9859.tif,2,4,1,1,8,Caroline,4,974,1160,646,832,JoshB,4,998,1150,706,858,JoshW,5,972,1158,679,865,Y
_DSC9859.tif,2,4,1,2,1,Caroline,0,1788,1974,624,810,JoshB,0,1778,1956,619,797,JoshW,0,1800,1972,636,808,Y
_DSC9859.tif,2,4,1,2,2,Caroline,4,1661,1879,788,1006,JoshB,5,1667,1851,800,984,JoshW,5,1681,1863,808,990,Y
_DSC9859.tif,2,4,1,2,3,Caroline,3,1576,1768,1013,1205,JoshB,4,1572,1774,998,1200,JoshW,4,1574,1768,1014,1208,Y
_DSC9859.tif,2,4,1,2,4,Caroline,3,1592,1820,1286,1514,JoshB,4,1620,1810,1308,1498,JoshW,3,1589,1833,1282,1526,Y
_DSC9859.tif,2,4,1,2,5,Caroline,0,2116,2360,1262,1506,JoshB,0,2114,2336,1197,1419,JoshW,0,2130,2348,1240,1458,Y
_DSC9859.tif,2,4,1,2,6,Caroline,5,2169,2375,984,1190,JoshB,6,2161,2359,990,1188,JoshW,4,2146,2364,990,1208,Y
_DSC9859.tif,2,4,1,2,7,Caroline,4,2049,2277,762,990,JoshB,5,2076,2266,800,990,JoshW,5,2075,2253,808,986,Y
_DSC9859.tif,2,4,1,2,8,Caroline,4,2005,2179,630,804,JoshB,5,2026,2146,671,791,JoshW,3,1993,2167,644,818,Y
_DSC9859.tif,2,4,1,3,1,Caroline,4,3483,3709,636,862,JoshB,4,3504,3668,674,838,JoshW,5,3489,3671,650,832,Y
_DSC9859.tif,2,4,1,3,2,Caroline,2,3319,3531,794,1006,JoshB,1,3345,3529,820,1004,JoshW,0,3316,3522,794,1000,Y
_DSC9859.tif,2,4,1,3,3,Caroline,4,3181,3399,984,1202,JoshB,5,3192,3390,987,1185,JoshW,6,3179,3397,982,1200,Y
_DSC9859.tif,2,4,1,3,4,Caroline,3,3148,3422,1244,1518,JoshB,3,3180,3408,1264,1492,JoshW,3,3178,3406,1263,1491,Y
_DSC9859.tif,2,4,1,3,5,Caroline,3,3624,3788,1292,1456,JoshB,4,3656,3808,1299,1451,JoshW,3,3646,3816,1286,1456,Y
_DSC9859.tif,2,4,1,3,6,Caroline,2,3718,3950,1096,1328,JoshB,2,3744,3898,1158,1312,JoshW,3,3720,3920,1137,1337,Y
_DSC9859.tif,2,4,1,3,7,Caroline,6,3660,3834,979,1153,JoshB,5,3668,3866,952,1150,JoshW,6,3676,3836,972,1132,Y
_DSC9859.tif,2,4,1,3,8,Caroline,3,3625,3843,746,964,JoshB,4,3665,3799,800,934,JoshW,3,3655,3801,780,926,Y
_DSC9859.tif,2,4,2,1,1,Caroline,6,630,832,2063,2265,JoshB,6,622,838,2057,2273,JoshW,6,632,826,2056,2250,Y
_DSC9859.tif,2,4,2,1,2,Caroline,5,506,724,2232,2450,JoshB,4,522,698,2254,2430,JoshW,4,506,724,2236,2454,Y
_DSC9859.tif,2,4,2,1,3,Caroline,1,340,668,2405,2733,JoshB,0,452,660,2486,2694,JoshW,0,387,619,2436,2668,Y
_DSC9859.tif,2,4,2,1,4,Caroline,3,443,711,2688,2956,JoshB,3,457,693,2678,2914,JoshW,3,454,690,2717,2953,Y
_DSC9859.tif,2,4,2,1,5,Caroline,3,910,1160,2663,2913,JoshB,3,940,1150,2669,2879,JoshW,3,928,1152,2650,2874,Y
_DSC9859.tif,2,4,2,1,6,Caroline,4,1048,1322,2447,2721,JoshB,4,1060,1264,2452,2656,JoshW,3,1076,1296,2455,2675,Y
_DSC9859.tif,2,4,2,1,7,Caroline,0,985,1217,2244,2476,JoshB,0,1036,1188,2292,2444,JoshW,0,986,1186,2251,2451,Y
_DSC9859.tif,2,4,2,1,8,Caroline,5,836,1026,2066,2256,JoshB,6,870,1036,2107,2273,JoshW,5,882,1032,2102,2252,Y
_DSC9859.tif,2,4,2,2,1,Caroline,6,1794,2010,2082,2298,JoshB,5,1804,1980,2096,2272,JoshW,6,1790,1986,2080,2276,Y
_DSC9859.tif,2,4,2,2,2,Caroline,5,1606,1844,2228,2466,JoshB,5,1638,1834,2269,2465,JoshW,4,1633,1851,2250,2468,Y
_DSC9859.tif,2,4,2,2,3,Caroline,1,1574,1764,2524,2714,JoshB,0,1600,1778,2508,2686,JoshW,0,1585,1759,2536,2710,Y
_DSC9859.tif,2,4,2,2,4,Caroline,3,1620,1794,2740,2914,JoshB,3,1612,1796,2732,2916,JoshW,3,1609,1791,2736,2918,Y
_DSC9859.tif,2,4,2,2,5,Caroline,3,2026,2290,2655,2919,JoshB,4,2063,2247,2698,2882,JoshW,3,2050,2260,2682,2892,Y
_DSC9859.tif,2,4,2,2,6,Caroline,3,2218,2452,2480,2714,JoshB,4,2202,2444,2456,2698,JoshW,3,2217,2421,2474,2678,Y
_DSC9859.tif,2,4,2,2,7,Caroline,1,2180,2354,2251,2425,JoshB,0,2180,2346,2278,2444,JoshW,0,2155,2341,2250,2436,Y
_DSC9859.tif,2,4,2,2,8,Caroline,5,2035,2229,2080,2274,JoshB,5,2064,2234,2076,2246,JoshW,5,2036,2214,2075,2253,Y
_DSC9859.tif,2,4,2,3,1,Caroline,4,3284,3470,1939,2125,JoshB,5,3282,3472,1937,2127,JoshW,4,3284,3464,1938,2118,Y
_DSC9859.tif,2,4,2,3,2,Caroline,4,3203,3435,2132,2364,JoshB,5,3216,3430,2134,2348,JoshW,4,3209,3447,2118,2356,Y
_DSC9859.tif,2,4,2,3,3,Caroline,2,3159,3391,2370,2602,JoshB,2,3174,3370,2384,2580,JoshW,2,3169,3365,2392,2588,Y
_DSC9859.tif,2,4,2,3,4,Caroline,1,3184,3418,2660,2894,JoshB,0,3211,3389,2678,2856,JoshW,0,3166,3424,2654,2912,Y
_DSC9859.tif,2,4,2,3,5,Caroline,2,3596,3898,2517,2819,JoshB,2,3650,3872,2555,2777,JoshW,2,3638,3870,2550,2782,Y
_DSC9859.tif,2,4,2,3,6,Caroline,3,3705,3933,2312,2540,JoshB,3,3726,3928,2339,2541,JoshW,2,3728,3912,2336,2520,Y
_DSC9859.tif,2,4,2,3,7,Caroline,3,3681,3867,2116,2302,JoshB,3,3688,3852,2134,2298,JoshW,3,3681,3875,2110,2304,Y
_DSC9859.tif,2,4,2,3,8,Caroline,0,3538,3724,1949,2135,JoshB,1,3542,3738,1946,2142,JoshW,0,3510,3734,1925,2149,Y
_DSC9859.tif,2,4,2,4,1,Caroline,4,4477,4679,2110,2312,JoshB,6,4494,4658,2137,2301,JoshW,5,4484,4662,2114,2292,Y
_DSC9859.tif,2,4,2,4,2,Caroline,4,4348,4570,2266,2488,JoshB,4,4360,4576,2272,2488,JoshW,4,4374,4548,2284,2458,Y
_DSC9859.tif,2,4,2,4,3,Caroline,4,4337,4527,2460,2650,JoshB,4,4316,4550,2416,2650,JoshW,4,4324,4512,2463,2651,Y
_DSC9859.tif,2,4,2,4,4,Caroline,0,4457,4647,2666,2856,JoshB,0,4430,4678,2663,2911,JoshW,0,4458,4626,2666,2834,Y
_DSC9859.tif,2,4,2,4,5,Caroline,4,4766,4988,2568,2790,JoshB,4,4785,5007,2564,2786,JoshW,3,4780,5002,2559,2781,Y
_DSC9859.tif,2,4,2,4,6,Caroline,4,4860,5066,2386,2592,JoshB,5,4880,5040,2424,2584,JoshW,4,4870,5052,2400,2582,Y
_DSC9859.tif,2,4,2,4,7,Caroline,4,4829,5035,2200,2406,JoshB,5,4862,5008,2222,2368,JoshW,5,4838,5016,2204,2382,Y
_DSC9859.tif,2,4,2,4,8,Caroline,3,4707,4887,2052,2232,JoshB,3,4734,4906,2066,2238,JoshW,1,4740,4884,2088,2232,Y
DSC_0803.tif,3,3,1,1,1,Caroline,4,534,780,394,640,Raf,5,541,777,388,624,Indira,4,539,803,360,624,Y
DSC_0803.tif,3,3,1,1,2,Caroline,0,360,710,668,1018,Raf,0,396,694,686,984,Indira,0,413,691,684,962,Y
DSC_0803.tif,3,3,1,1,3,Caroline,0,408,718,1053,1363,Raf,0,388,746,1016,1374,Indira,0,441,725,1036,1320,Y
DSC_0803.tif,3,3,1,1,4,Caroline,0,984,1320,809,1145,Raf,0,1001,1299,818,1116,Indira,0,976,1300,828,1152,Y
DSC_0803.tif,3,3,1,1,5,Caroline,3,892,1138,611,857,Raf,4,870,1176,577,883,Indira,3,895,1131,604,840,Y
DSC_0803.tif,3,3,1,1,6,Caroline,3,822,1068,341,587,Raf,5,792,1098,282,588,Indira,4,826,1090,353,617,Y
DSC_0803.tif,3,3,1,3,1,Caroline,3,2247,2437,366,556,Raf,5,2230,2432,352,554,Indira,4,2214,2452,346,584,Y
DSC_0803.tif,3,3,1,3,2,Caroline,6,2092,2324,591,823,Raf,6,2086,2322,598,834,Indira,6,2089,2373,584,868,Y
DSC_0803.tif,3,3,1,3,4,Caroline,0,2584,2852,896,1164,Raf,0,2589,2871,904,1186,Indira,0,2560,2904,889,1233,Y
DSC_0803.tif,3,3,1,3,5,Caroline,0,2514,2808,549,843,Raf,0,2528,2800,559,831,Indira,0,2540,2810,580,850,Y
DSC_0803.tif,3,3,1,3,6,Caroline,3,2430,2676,327,573,Raf,5,2419,2699,308,588,Indira,4,2438,2674,329,565,Y
DSC_0803.tif,3,3,2,2,1,Caroline,3,1450,1668,1748,1966,Raf,4,1431,1677,1720,1966,Indira,3,1416,1700,1701,1985,Y
DSC_0803.tif,3,3,2,2,2,Caroline,5,1352,1604,2002,2254,Raf,5,1352,1590,2001,2239,Indira,4,1362,1592,2018,2248,Y
DSC_0803.tif,3,3,2,2,3,Caroline,6,1383,1643,2324,2584,Raf,6,1378,1634,2330,2586,Indira,5,1376,1632,2310,2566,Y
DSC_0803.tif,3,3,2,2,4,Caroline,0,1854,2142,2241,2529,Raf,0,1883,2155,2230,2502,Indira,0,1914,2156,2256,2498,Y
DSC_0803.tif,3,3,2,2,5,Caroline,0,1777,2085,1918,2226,Raf,0,1774,2090,1896,2212,Indira,0,1776,2052,1924,2200,Y
DSC_0803.tif,3,3,2,2,6,Caroline,0,1728,1994,1641,1907,Raf,0,1729,2001,1616,1888,Indira,0,1774,2018,1663,1907,Y
DSC_0803.tif,3,3,3,1,1,Caroline,0,482,728,2928,3174,Raf,0,466,720,2914,3168,Indira,0,454,766,2871,3183,Y
DSC_0803.tif,3,3,3,1,2,Caroline,3,542,822,3156,3436,Raf,3,518,800,3159,3441,Indira,3,528,814,3165,3451,Y
DSC_0803.tif,3,3,3,1,3,Caroline,4,577,823,3490,3736,Raf,4,554,818,3463,3727,Indira,4,570,826,3481,3737,Y
DSC_0803.tif,3,3,3,1,4,Caroline,5,956,1174,3468,3686,Raf,5,958,1194,3454,3690,Indira,5,948,1200,3466,3718,Y
DSC_0803.tif,3,3,3,1,5,Caroline,0,853,1163,3096,3406,Raf,0,861,1141,3090,3370,Indira,0,854,1138,3115,3399,Y
DSC_0803.tif,3,3,3,1,6,Caroline,0,710,998,2809,3097,Raf,0,720,1002,2803,3085,Indira,0,718,982,2800,3064,Y
DSC_0803.tif,3,3,3,3,1,Caroline,0,2262,2522,2963,3223,Raf,0,2248,2510,2950,3212,Indira,0,2268,2520,2989,3241,Y
DSC_0803.tif,3,3,3,3,2,Caroline,0,2083,2377,3266,3560,Raf,0,2090,2422,3236,3568,Indira,0,2106,2376,3298,3568,Y
DSC_0803.tif,3,3,3,3,3,Caroline,3,2058,2324,3617,3883,Raf,2,2046,2344,3607,3905,Indira,2,2049,2353,3602,3906,Y
DSC_0803.tif,3,3,3,3,4,Caroline,5,2584,2824,3545,3785,Raf,5,2569,2875,3520,3826,Indira,4,2606,2864,3554,3812,Y
DSC_0803.tif,3,3,3,3,5,Caroline,6,2634,2872,3294,3532,Raf,6,2652,2852,3310,3510,Indira,5,2634,2898,3270,3534,Y
DSC_0803.tif,3,3,3,3,6,Caroline,0,2563,2809,3026,3272,Raf,0,2520,2826,2976,3282,Indira,[],[],[],[],[],K
DSC_0804.tif,3,3,1,1,1,Mark,0,768,1088,296,616,Clem,0,763,1033,354,624,JoshW,0,760,1064,278,582,Y
DSC_0804.tif,3,3,1,1,2,Mark,0,490,860,544,914,Clem,0,481,801,582,902,JoshW,0,502,848,596,942,Y
DSC_0804.tif,3,3,1,1,3,Mark,0,380,818,839,1277,Clem,0,396,776,851,1231,JoshW,0,428,712,949,1233,Y
DSC_0804.tif,3,3,1,1,4,Mark,3,1070,1374,869,1173,Clem,4,1092,1336,878,1122,JoshW,2,1046,1378,860,1192,Y
DSC_0804.tif,3,3,1,1,5,Mark,5,1034,1294,642,902,Clem,6,1016,1268,642,894,JoshW,5,1064,1280,671,887,Y
DSC_0804.tif,3,3,1,1,6,Mark,5,1058,1336,354,632,Clem,6,1062,1230,456,624,JoshW,5,1047,1297,374,624,Y
DSC_0804.tif,3,3,1,3,1,Mark,6,2182,2452,460,730,Clem,6,2182,2394,497,709,JoshW,6,2200,2404,474,678,Y
DSC_0804.tif,3,3,1,3,2,Mark,0,1964,2376,680,1092,Clem,0,1985,2281,742,1038,JoshW,0,2038,2322,779,1063,Y
DSC_0804.tif,3,3,1,3,3,Mark,0,1956,2352,1016,1412,Clem,0,1990,2310,1083,1403,JoshW,0,2004,2276,1101,1373,Y
DSC_0804.tif,3,3,1,3,4,Mark,0,2546,2790,1024,1268,Clem,0,2465,2785,996,1316,JoshW,0,2506,2790,1013,1297,Y
DSC_0804.tif,3,3,1,3,5,Mark,3,2428,2738,714,1024,Clem,4,2452,2672,717,937,JoshW,2,2428,2718,712,1002,Y
DSC_0804.tif,3,3,1,3,6,Mark,4,2440,2710,490,760,Clem,4,2428,2646,532,750,JoshW,3,2458,2674,502,718,Y
DSC_0804.tif,3,3,2,2,1,Mark,5,1459,1711,1728,1980,Clem,6,1462,1648,1778,1964,JoshW,4,1496,1672,1757,1933,Y
DSC_0804.tif,3,3,2,2,2,Mark,6,1366,1660,2014,2308,Clem,6,1374,1636,2018,2280,JoshW,6,1385,1663,2052,2330,Y
DSC_0804.tif,3,3,2,2,3,Mark,0,1374,1712,2275,2613,Clem,0,1437,1673,2342,2578,JoshW,0,1416,1660,2333,2577,Y
DSC_0804.tif,3,3,2,2,4,Mark,0,1846,2150,2145,2449,Clem,0,1862,2098,2153,2389,JoshW,0,1848,2180,2116,2448,Y
DSC_0804.tif,3,3,2,2,5,Mark,0,1736,2048,1888,2200,Clem,0,1770,2006,1925,2161,JoshW,0,1782,2038,1903,2159,Y
DSC_0804.tif,3,3,2,2,6,Mark,2,1674,1926,1678,1930,Clem,2,1660,1930,1673,1943,JoshW,3,1680,1916,1687,1923,Y
DSC_0804.tif,3,3,3,1,1,Mark,0,540,826,2658,2944,Clem,0,490,776,2671,2957,JoshW,0,522,834,2678,2990,Y
DSC_0804.tif,3,3,3,1,2,Mark,2,380,760,2957,3337,Clem,2,394,662,3026,3294,JoshW,2,426,698,3026,3298,Y
DSC_0804.tif,3,3,3,1,3,Mark,3,414,768,3392,3746,Clem,3,440,700,3418,3678,JoshW,3,437,729,3412,3704,Y
DSC_0804.tif,3,3,3,1,4,Mark,0,1036,1366,3336,3666,Clem,0,1007,1311,3370,3674,JoshW,0,1064,1376,3372,3684,Y
DSC_0804.tif,3,3,3,1,5,Mark,0,978,1316,2927,3265,Clem,0,952,1282,2961,3291,JoshW,0,1010,1308,2962,3260,Y
DSC_0804.tif,3,3,3,1,6,Mark,0,839,1117,2654,2932,Clem,0,852,1112,2646,2906,JoshW,0,884,1142,2668,2926,Y
DSC_0804.tif,3,3,3,3,1,Mark,0,2258,2554,2805,3101,Clem,0,2267,2503,2840,3076,JoshW,0,2299,2549,2838,3088,Y
DSC_0804.tif,3,3,3,3,2,Mark,2,2032,2376,3064,3408,Clem,3,2057,2325,3102,3370,JoshW,2,2058,2316,3111,3369,Y
DSC_0804.tif,3,3,3,3,3,Mark,5,1980,2292,3421,3733,Clem,5,2014,2242,3467,3695,JoshW,4,2024,2262,3487,3725,Y
DSC_0804.tif,3,3,3,3,4,Mark,3,2485,2789,3488,3792,Clem,3,2494,2738,3502,3746,JoshW,2,2514,2746,3520,3752,Y
DSC_0804.tif,3,3,3,3,5,Mark,0,2563,2891,3126,3454,Clem,0,2588,2848,3202,3462,JoshW,0,2628,2858,3216,3446,Y
DSC_0804.tif,3,3,3,3,6,Mark,0,2563,2899,2790,3126,Clem,0,2554,2814,2836,3096,JoshW,0,2580,2858,2824,3102,Y
DSC_0805.tif,3,3,1,1,1,Mark,0,477,797,380,700,Clem,0,482,768,406,692,JoshW,0,440,772,383,715,Y
DSC_0805.tif,3,3,1,1,2,Mark,0,346,700,733,1087,Clem,0,278,650,721,1093,JoshW,0,332,664,702,1034,Y
DSC_0805.tif,3,3,1,1,3,Mark,0,346,760,1028,1442,Clem,0,388,684,1053,1349,JoshW,0,428,712,1095,1379,Y
DSC_0805.tif,3,3,1,1,4,Mark,3,1004,1332,953,1281,Clem,5,1028,1282,965,1219,JoshW,2,1047,1291,996,1240,Y
DSC_0805.tif,3,3,1,1,5,Mark,5,962,1248,650,936,Clem,5,920,1214,650,944,JoshW,5,976,1206,668,898,Y
DSC_0805.tif,3,3,1,1,6,Mark,6,794,1104,364,674,Clem,6,810,1080,389,659,JoshW,6,806,1064,352,610,Y
DSC_0805.tif,3,3,1,3,1,Mark,0,1938,2318,325,705,Clem,0,1977,2237,440,700,JoshW,0,1947,2251,360,664,Y
DSC_0805.tif,3,3,1,3,2,Mark,0,1786,2166,691,1071,Clem,0,1796,2082,760,1046,JoshW,0,1762,2086,692,1016,Y
DSC_0805.tif,3,3,1,3,3,Mark,4,1754,2158,1033,1437,Clem,4,1786,2106,1083,1403,JoshW,3,1839,2097,1124,1382,Y
DSC_0805.tif,3,3,1,3,4,Mark,5,2384,2722,1100,1438,Clem,5,2376,2672,1112,1408,JoshW,4,2384,2668,1098,1382,Y
DSC_0805.tif,3,3,1,3,5,Mark,6,2376,2670,768,1062,Clem,5,2394,2638,814,1058,JoshW,5,2404,2654,797,1047,Y
DSC_0805.tif,3,3,1,3,6,Mark,0,2326,2620,524,818,Clem,0,2356,2550,556,750,JoshW,0,2282,2574,491,783,Y
DSC_0805.tif,3,3,2,2,1,Mark,6,1332,1610,1728,2006,Clem,5,1361,1581,1744,1964,JoshW,6,1362,1592,1724,1954,Y
DSC_0805.tif,3,3,2,2,2,Mark,0,1172,1526,2022,2376,Clem,0,1151,1471,2064,2384,JoshW,0,1189,1487,2072,2370,Y
DSC_0805.tif,3,3,2,2,3,Mark,0,1138,1534,2394,2790,Clem,0,1146,1484,2422,2760,JoshW,0,1158,1456,2451,2749,Y
DSC_0805.tif,3,3,2,2,4,Mark,0,1702,2056,2267,2621,Clem,0,1736,2048,2296,2608,JoshW,0,1714,2024,2272,2582,Y
DSC_0805.tif,3,3,2,2,5,Mark,4,1712,1980,2011,2279,Clem,5,1712,1922,2036,2246,JoshW,2,1740,1944,2038,2242,Y
DSC_0805.tif,3,3,2,2,6,Mark,6,1640,1926,1694,1980,Clem,5,1589,1909,1644,1964,JoshW,3,1694,1910,1737,1953,Y
DSC_0805.tif,3,3,3,1,1,Mark,5,524,784,3072,3332,Clem,6,540,726,3105,3291,JoshW,6,559,749,3108,3298,Y
DSC_0805.tif,3,3,3,1,2,Mark,6,574,818,3354,3598,Clem,6,600,600,3404,3404,JoshW,6,600,762,3392,3554,Y
DSC_0805.tif,3,3,3,1,3,Mark,1,469,763,3700,3994,Clem,0,514,768,3698,3952,JoshW,0,521,779,3690,3948,Y
DSC_0805.tif,3,3,3,1,4,Mark,0,962,1282,3556,3876,Clem,0,952,1214,3572,3834,JoshW,0,968,1254,3598,3884,Y
DSC_0805.tif,3,3,3,1,5,Mark,0,878,1164,3278,3564,Clem,0,834,1138,3273,3577,JoshW,0,888,1132,3290,3534,Y
DSC_0805.tif,3,3,3,1,6,Mark,4,776,1054,3000,3278,Clem,3,734,996,3024,3286,JoshW,3,831,1047,3054,3270,Y
DSC_0805.tif,3,3,3,3,1,Mark,3,2229,2515,3008,3294,Clem,3,2230,2466,3042,3278,JoshW,2,2211,2455,3040,3284,Y
DSC_0805.tif,3,3,3,3,2,Mark,5,2124,2428,3286,3590,Clem,4,2166,2360,3378,3572,JoshW,5,2133,2397,3298,3562,Y
DSC_0805.tif,3,3,3,3,3,Mark,5,2056,2368,3581,3893,Clem,4,2103,2313,3632,3842,JoshW,4,2110,2360,3622,3872,Y
DSC_0805.tif,3,3,3,3,4,Mark,0,2620,2984,3539,3903,Clem,0,2654,2916,3639,3901,JoshW,0,2628,2926,3575,3873,Y
DSC_0805.tif,3,3,3,3,5,Mark,0,2588,2932,3249,3593,Clem,0,2654,2874,3323,3543,JoshW,0,2620,2986,3247,3613,Y
DSC_0805.tif,3,3,3,3,6,Mark,0,2580,2874,2958,3252,Clem,0,2630,2824,3050,3244,JoshW,0,2586,2878,2959,3251,Y
DSC_0806.tif,3,3,1,1,1,Raf,0,422,686,242,506,Indira,0,401,685,312,596,Yuxuan,0,401,707,264,570,Y
DSC_0806.tif,3,3,1,1,2,Raf,4,422,650,558,786,Indira,3,407,691,570,854,Yuxuan,4,428,658,560,790,Y
DSC_0806.tif,3,3,1,1,3,Raf,5,360,606,993,1239,Indira,4,367,651,976,1260,Yuxuan,4,363,617,990,1244,Y
DSC_0806.tif,3,3,1,1,4,Raf,5,818,1046,839,1067,Indira,5,800,1056,841,1097,Yuxuan,5,822,1032,854,1064,Y
DSC_0806.tif,3,3,1,1,5,Raf,0,756,1002,571,817,Indira,0,743,999,550,806,Yuxuan,0,738,990,576,828,Y
DSC_0806.tif,3,3,1,1,6,Raf,0,702,948,247,493,Indira,0,712,968,262,518,Yuxuan,0,723,923,286,486,Y
DSC_0806.tif,3,3,1,3,1,Raf,0,1764,2020,365,621,Indira,0,1774,2024,370,620,Yuxuan,0,1743,1985,402,644,Y
DSC_0806.tif,3,3,1,3,2,Raf,0,1602,1910,624,932,Indira,0,1686,1944,644,902,Yuxuan,0,1676,1928,644,896,Y
DSC_0806.tif,3,3,1,3,3,Raf,3,1597,1879,1062,1344,Indira,3,1581,1919,1030,1368,Yuxuan,3,1612,1874,1076,1338,Y
DSC_0806.tif,3,3,1,3,4,Raf,6,2085,2349,966,1230,Indira,5,2106,2344,992,1230,Yuxuan,6,2065,2329,948,1212,Y
DSC_0806.tif,3,3,1,3,5,Raf,6,2076,2322,668,914,Indira,5,2099,2317,684,902,Yuxuan,6,2070,2302,686,918,Y
DSC_0806.tif,3,3,1,3,6,Raf,0,2059,2295,370,606,Indira,0,2036,2312,428,704,Yuxuan,0,2076,2286,486,696,Y
DSC_0806.tif,3,3,2,2,1,Raf,0,1208,1480,1668,1940,Indira,0,1215,1513,1652,1950,Yuxuan,0,1232,1476,1690,1934,Y
DSC_0806.tif,3,3,2,2,2,Raf,0,1097,1361,1966,2230,Indira,0,1047,1331,1950,2234,Yuxuan,0,1107,1349,1950,2192,Y
DSC_0806.tif,3,3,2,2,3,Raf,0,980,1252,2238,2510,Indira,0,993,1283,2208,2498,Yuxuan,0,1023,1265,2192,2434,Y
DSC_0806.tif,3,3,2,2,4,Raf,1,1536,1818,2251,2533,Indira,2,1504,1782,2208,2486,Yuxuan,2,1506,1748,2207,2449,Y
DSC_0806.tif,3,3,2,2,5,Raf,5,1497,1735,1984,2222,Indira,4,1497,1747,1964,2214,Yuxuan,5,1502,1722,1992,2212,Y
DSC_0806.tif,3,3,2,2,6,Raf,5,1492,1694,1751,1953,Indira,4,1514,1710,1768,1964,Yuxuan,5,1506,1676,1774,1944,Y
DSC_0806.tif,3,3,3,1,1,Raf,6,554,818,3024,3288,Indira,4,536,834,3000,3298,Yuxuan,6,570,780,3076,3286,Y
DSC_0806.tif,3,3,3,1,2,Raf,0,453,699,3292,3538,Indira,0,434,738,3311,3615,Yuxuan,0,438,712,3286,3560,Y
DSC_0806.tif,3,3,3,1,3,Raf,0,440,720,3656,3936,Indira,0,399,685,3696,3982,Yuxuan,0,380,696,3644,3960,Y
DSC_0806.tif,3,3,3,1,4,Raf,0,958,1300,3616,3958,Indira,0,928,1178,3650,3900,Yuxuan,0,906,1222,3597,3913,Y
DSC_0806.tif,3,3,3,1,5,Raf,3,943,1181,3300,3538,Indira,3,915,1179,3290,3554,Yuxuan,3,933,1185,3308,3560,Y
DSC_0806.tif,3,3,3,1,6,Raf,4,896,1168,3002,3274,Indira,4,902,1166,3000,3264,Yuxuan,4,912,1154,3034,3276,Y
DSC_0806.tif,3,3,3,3,1,Raf,5,1984,2194,2915,3125,Indira,4,2002,2238,2872,3108,Yuxuan,5,1997,2165,2918,3086,Y
DSC_0806.tif,3,3,3,3,2,Raf,6,1940,2178,3081,3319,Indira,4,1906,2156,3068,3318,Yuxuan,4,1960,2150,3107,3297,Y
DSC_0806.tif,3,3,3,3,3,Raf,0,1870,2168,3362,3660,Indira,0,1954,2218,3344,3608,Yuxuan,0,1933,2185,3402,3654,Y
DSC_0806.tif,3,3,3,3,4,Raf,0,2450,2748,3437,3735,Indira,0,2410,2654,3348,3592,Yuxuan,0,2434,2686,3387,3639,Y
DSC_0806.tif,3,3,3,3,5,Raf,0,2344,2624,3037,3317,Indira,0,2364,2614,3034,3284,Yuxuan,0,2350,2560,3076,3286,Y
DSC_0806.tif,3,3,3,3,6,Raf,3,2243,2463,2818,3038,Indira,3,2259,2441,2824,3006,Yuxuan,2,2249,2449,2824,3024,Y
DSC_0807.tif,3,3,1,1,1,Clem,6,414,676,396,658,JoshW,6,414,678,377,641,JoshB,5,448,674,385,611,Y
DSC_0807.tif,3,3,1,1,2,Clem,6,350,562,674,886,JoshW,6,346,584,691,929,JoshB,5,372,582,692,902,Y
DSC_0807.tif,3,3,1,1,3,Clem,2,262,582,882,1202,JoshW,2,282,532,936,1186,JoshB,2,330,556,962,1188,Y
DSC_0807.tif,3,3,1,1,4,Clem,0,826,1070,802,1046,JoshW,0,834,1152,790,1108,JoshB,0,860,1078,802,1020,Y
DSC_0807.tif,3,3,1,1,5,Clem,5,750,1028,557,835,JoshW,4,772,1016,549,793,JoshB,4,792,1046,531,785,Y
DSC_0807.tif,3,3,1,1,6,Clem,4,692,970,288,566,JoshW,4,752,968,340,556,JoshB,4,742,970,316,544,Y
DSC_0807.tif,3,3,1,3,1,Clem,5,1980,2208,679,907,JoshW,4,1992,2228,672,908,JoshB,5,1998,2234,696,932,Y
DSC_0807.tif,3,3,1,3,2,Clem,6,1904,2174,944,1214,JoshW,6,1916,2168,961,1213,JoshB,6,1946,2150,977,1181,Y
DSC_0807.tif,3,3,1,3,3,Clem,6,1946,2158,1382,1594,JoshW,5,1944,2222,1344,1622,JoshB,5,1956,2150,1386,1580,Y
DSC_0807.tif,3,3,1,3,4,Clem,0,2528,2730,1147,1349,JoshW,0,2492,2784,1134,1426,JoshB,0,2470,2756,1227,1513,Y
DSC_0807.tif,3,3,1,3,5,Clem,0,2393,2663,852,1122,JoshW,0,2390,2688,810,1108,JoshB,0,2397,2659,834,1096,Y
DSC_0807.tif,3,3,1,3,6,Clem,4,2217,2495,540,818,JoshW,4,2217,2509,522,814,JoshB,4,2245,2465,556,776,Y
DSC_0807.tif,3,3,2,2,1,Clem,2,1088,1366,1584,1862,JoshW,2,1118,1388,1606,1876,JoshB,2,1096,1358,1622,1884,Y
DSC_0807.tif,3,3,2,2,2,Clem,3,1037,1257,1930,2150,JoshW,2,1002,1266,1906,2170,JoshB,3,996,1282,1858,2144,Y
DSC_0807.tif,3,3,2,2,3,Clem,4,1155,1383,2166,2394,JoshW,4,1131,1409,2140,2418,JoshB,4,1138,1408,2132,2402,Y
DSC_0807.tif,3,3,2,2,4,Clem,4,1505,1741,2090,2326,JoshW,3,1557,1795,2112,2350,JoshB,4,1542,1786,2107,2351,Y
DSC_0807.tif,3,3,2,2,5,Clem,0,1614,1860,1828,2074,JoshW,0,1578,1862,1778,2062,JoshB,0,1660,1872,1833,2045,Y
DSC_0807.tif,3,3,2,2,6,Clem,0,1442,1678,1538,1774,JoshW,0,1409,1673,1490,1754,JoshB,0,1424,1652,1539,1767,Y
DSC_0807.tif,3,3,3,1,1,Clem,0,658,886,2852,3080,JoshW,0,586,890,2790,3094,JoshB,0,632,852,2836,3056,Y
DSC_0807.tif,3,3,3,1,2,Clem,6,511,739,3076,3304,JoshW,6,501,745,3068,3312,JoshB,6,511,731,3050,3270,Y
DSC_0807.tif,3,3,3,1,3,Clem,6,490,666,3414,3590,JoshW,6,434,704,3352,3622,JoshB,6,452,730,3388,3666,Y
DSC_0807.tif,3,3,3,1,4,Clem,6,910,1130,3337,3557,JoshW,6,928,1132,3358,3562,JoshB,6,891,1151,3346,3606,Y
DSC_0807.tif,3,3,3,1,5,Clem,6,886,1130,3076,3320,JoshW,6,918,1148,3094,3324,JoshB,6,927,1129,3110,3312,Y
DSC_0807.tif,3,3,3,1,6,Clem,0,952,1172,2885,3105,JoshW,0,914,1152,2830,3068,JoshB,0,958,1160,2874,3076,Y
DSC_0807.tif,3,3,3,3,1,Clem,0,2056,2292,2439,2675,JoshW,0,1984,2268,2384,2668,JoshB,0,2027,2281,2452,2706,Y
DSC_0807.tif,3,3,3,3,2,Clem,0,1896,2182,2701,2987,JoshW,0,1856,2194,2682,3020,JoshB,0,1896,2158,2701,2963,Y
DSC_0807.tif,3,3,3,3,3,Clem,3,1930,2182,3110,3362,JoshW,2,1910,2208,3094,3392,JoshB,3,1930,2242,3105,3417,Y
DSC_0807.tif,3,3,3,3,4,Clem,6,2452,2706,2991,3245,JoshW,4,2475,2705,3000,3230,JoshB,4,2473,2727,3008,3262,Y
DSC_0807.tif,3,3,3,3,5,Clem,6,2407,2651,2748,2992,JoshW,5,2400,2644,2742,2986,JoshB,6,2428,2630,2734,2936,Y
DSC_0807.tif,3,3,3,3,6,Clem,6,2352,2562,2436,2646,JoshW,5,2370,2620,2418,2668,JoshB,6,2368,2570,2461,2663,Y
DSC_0808.tif,3,3,1,1,1,Clem,5,717,1013,430,726,JoshW,5,738,968,475,705,JoshB,5,734,986,469,721,Y
DSC_0808.tif,3,3,1,1,2,Clem,0,590,944,599,953,JoshW,0,584,834,658,908,JoshB,0,600,868,688,956,Y
DSC_0808.tif,3,3,1,1,3,Clem,0,514,852,940,1278,JoshW,0,542,826,979,1263,JoshB,0,548,834,982,1268,Y
DSC_0808.tif,3,3,1,1,4,Clem,4,1004,1306,975,1277,JoshW,2,1002,1294,995,1287,JoshB,2,1038,1298,1042,1302,Y
DSC_0808.tif,3,3,1,1,5,Clem,5,996,1348,630,982,JoshW,4,1006,1264,684,942,JoshB,5,1041,1261,700,920,Y
DSC_0808.tif,3,3,1,1,6,Clem,5,996,1256,482,742,JoshW,6,990,1186,508,704,JoshB,6,1028,1188,548,708,Y
DSC_0808.tif,3,3,1,3,1,Clem,6,2056,2326,565,835,JoshW,6,2086,2308,570,792,JoshB,6,2094,2304,582,792,Y
DSC_0808.tif,3,3,1,3,2,Clem,6,1904,2276,716,1088,JoshW,6,1970,2168,799,997,JoshB,6,1950,2170,776,996,Y
DSC_0808.tif,3,3,1,3,3,Clem,0,1914,2310,1020,1416,JoshW,0,1977,2269,1056,1348,JoshB,0,1938,2250,1070,1382,Y
DSC_0808.tif,3,3,1,3,4,Clem,0,2461,2781,986,1306,JoshW,0,2458,2770,999,1311,JoshB,0,2444,2738,1034,1328,Y
DSC_0808.tif,3,3,1,3,5,Clem,6,2376,2706,759,1089,JoshW,5,2415,2671,780,1036,JoshB,5,2428,2646,798,1016,Y
DSC_0808.tif,3,3,1,3,6,Clem,5,2284,2578,515,809,JoshW,5,2322,2540,569,787,JoshB,5,2314,2540,566,792,Y
DSC_0808.tif,3,3,2,2,1,Clem,5,1382,1610,1774,2002,JoshW,4,1425,1623,1794,1992,JoshB,4,1434,1610,1804,1980,Y
DSC_0808.tif,3,3,2,2,2,Clem,5,1400,1626,2003,2229,JoshW,4,1401,1605,2024,2228,JoshB,4,1395,1615,2022,2242,Y
DSC_0808.tif,3,3,2,2,4,Clem,0,1804,2074,2153,2423,JoshW,0,1828,2066,2133,2371,JoshB,0,1850,2094,2132,2376,Y
DSC_0808.tif,3,3,2,2,5,Clem,0,1686,2048,1808,2170,JoshW,0,1714,2012,1859,2157,JoshB,0,1796,2048,1896,2148,Y
DSC_0808.tif,3,3,2,2,6,Clem,5,1568,1812,1712,1956,JoshW,4,1598,1774,1744,1920,JoshB,5,1610,1786,1754,1930,Y
DSC_0808.tif,3,3,3,1,1,Clem,5,650,952,2807,3109,JoshW,3,624,908,2807,3091,JoshB,5,674,894,2843,3063,Y
DSC_0808.tif,3,3,3,1,2,Clem,5,524,894,3084,3454,JoshW,4,592,830,3168,3406,JoshB,4,603,839,3152,3388,Y
DSC_0808.tif,3,3,3,1,3,Clem,5,556,844,3442,3730,JoshW,4,550,826,3471,3747,JoshB,4,574,818,3493,3737,Y
DSC_0808.tif,3,3,3,1,4,Clem,5,1172,1450,3438,3716,JoshW,4,1192,1430,3436,3674,JoshB,6,1222,1416,3471,3665,Y
DSC_0808.tif,3,3,3,1,5,Clem,0,1130,1466,3039,3375,JoshW,0,1144,1416,3087,3359,JoshB,0,1118,1446,3042,3370,Y
DSC_0808.tif,3,3,3,1,6,Clem,0,996,1340,2748,3092,JoshW,0,1024,1280,2798,3054,JoshB,0,1062,1314,2806,3058,Y
DSC_0808.tif,3,3,3,3,1,Clem,0,2090,2418,2680,3008,JoshW,0,2156,2468,2722,3034,JoshB,0,2166,2410,2739,2983,Y
DSC_0808.tif,3,3,3,3,2,Clem,6,1964,2300,3035,3371,JoshW,5,2025,2263,3080,3318,JoshB,6,2052,2254,3102,3304,Y
DSC_0808.tif,3,3,3,3,3,Clem,6,2032,2368,3342,3678,JoshW,4,2126,2316,3406,3596,JoshB,6,2111,2313,3404,3606,Y
DSC_0808.tif,3,3,3,3,4,Clem,6,2512,2798,3219,3505,JoshW,5,2539,2763,3230,3454,JoshB,6,2537,2747,3236,3446,Y
DSC_0808.tif,3,3,3,3,5,Clem,6,2520,2772,2971,3223,JoshW,6,2549,2725,2992,3168,JoshB,5,2516,2752,2958,3194,Y
DSC_0808.tif,3,3,3,3,6,Clem,0,2428,2730,2710,3012,JoshW,0,2489,2705,2770,2986,JoshB,0,2508,2676,2790,2958,Y
DSC_0810.tif,3,3,1,1,1,Mark,0,186,566,245,625,Clem,0,178,498,275,595,JoshW,0,238,516,312,590,Y
DSC_0810.tif,3,3,1,1,2,Mark,5,144,506,536,898,Clem,6,156,426,590,860,JoshW,4,190,462,582,854,Y
DSC_0810.tif,3,3,1,1,3,Mark,5,254,540,814,1100,Clem,4,296,506,844,1054,JoshW,3,296,498,848,1050,Y
DSC_0810.tif,3,3,1,1,4,Mark,5,768,1130,750,1112,Clem,6,776,1046,776,1046,JoshW,4,817,1033,820,1036,Y
DSC_0810.tif,3,3,1,1,5,Mark,6,700,1038,430,768,Clem,6,688,982,456,750,JoshW,5,667,979,420,732,Y
DSC_0810.tif,3,3,1,1,6,Mark,0,547,843,194,490,Clem,0,552,788,236,472,JoshW,0,540,824,190,474,Y
DSC_0810.tif,3,3,1,3,1,Mark,0,2380,2726,236,582,Clem,0,2452,2688,308,544,JoshW,0,2418,2696,264,542,Y
DSC_0810.tif,3,3,1,3,2,Mark,0,2200,2604,456,860,Clem,0,2204,2558,532,886,JoshW,0,2248,2546,528,826,Y
DSC_0810.tif,3,3,1,3,3,Mark,3,2106,2486,805,1185,Clem,3,2132,2436,843,1147,JoshW,3,2168,2438,857,1127,Y
DSC_0810.tif,3,3,1,3,4,Mark,5,2680,3008,919,1247,Clem,6,2718,2962,936,1180,JoshW,4,2698,2956,942,1200,Y
DSC_0810.tif,3,3,1,3,5,Mark,6,2798,3134,600,936,Clem,6,2794,3072,632,910,JoshW,6,2838,3054,664,880,Y
DSC_0810.tif,3,3,1,3,6,Mark,6,2705,3017,354,666,Clem,6,2706,2966,393,653,JoshW,6,2722,2952,400,630,Y
DSC_0810.tif,3,3,2,2,1,Mark,6,1261,1555,1080,1374,Clem,6,1274,1476,1122,1324,JoshW,6,1266,1504,1107,1345,Y
DSC_0810.tif,3,3,2,2,2,Mark,0,1147,1467,1316,1636,Clem,0,1096,1408,1302,1614,JoshW,0,1148,1440,1354,1646,Y
DSC_0810.tif,3,3,2,2,3,Mark,1,1138,1434,1648,1944,Clem,0,1112,1416,1614,1918,JoshW,0,1090,1382,1628,1920,Y
DSC_0810.tif,3,3,2,2,4,Mark,2,1610,1862,1475,1727,Clem,2,1615,1841,1476,1702,JoshW,1,1640,1842,1467,1669,Y
DSC_0810.tif,3,3,2,2,5,Mark,3,1534,1828,1257,1551,Clem,3,1576,1754,1302,1480,JoshW,3,1572,1748,1317,1493,Y
DSC_0810.tif,3,3,3,1,1,Mark,4,574,886,2234,2546,Clem,5,608,834,2276,2502,JoshW,4,587,857,2256,2526,Y
DSC_0810.tif,3,3,3,1,2,Mark,5,354,742,2482,2870,Clem,5,431,659,2570,2798,JoshW,4,414,658,2556,2800,Y
DSC_0810.tif,3,3,3,1,3,Mark,0,414,768,2811,3165,Clem,0,406,776,2798,3168,JoshW,0,404,688,2858,3142,Y
DSC_0810.tif,3,3,3,1,4,Mark,0,978,1382,2684,3088,Clem,0,986,1282,2717,3013,JoshW,0,1009,1321,2742,3054,Y
DSC_0810.tif,3,3,3,1,5,Mark,4,886,1240,2398,2752,Clem,4,962,1188,2453,2679,JoshW,3,948,1186,2444,2682,Y
DSC_0810.tif,3,3,3,1,6,Mark,4,818,1130,2158,2470,Clem,4,856,1076,2208,2428,JoshW,3,864,1060,2214,2410,Y
DSC_0810.tif,3,3,3,3,1,Mark,5,1993,2305,2048,2360,Clem,5,2006,2268,2056,2318,JoshW,4,2046,2276,2093,2323,Y
DSC_0810.tif,3,3,3,3,2,Mark,4,1880,2182,2310,2612,Clem,5,1838,2148,2310,2620,JoshW,3,1907,2137,2364,2594,Y
DSC_0810.tif,3,3,3,3,3,Mark,4,1914,2234,2642,2962,Clem,5,1930,2192,2662,2924,JoshW,3,1961,2183,2682,2904,Y
DSC_0810.tif,3,3,3,3,4,Mark,0,2460,2772,2566,2878,Clem,0,2402,2706,2591,2895,JoshW,0,2410,2702,2600,2892,Y
DSC_0810.tif,3,3,3,3,5,Mark,0,2326,2680,2225,2579,Clem,0,2347,2609,2292,2554,JoshW,0,2336,2628,2268,2560,Y
DSC_0810.tif,3,3,3,3,6,Mark,5,2284,2570,2002,2288,Clem,5,2275,2537,2006,2268,JoshW,3,2272,2564,1984,2276,Y
DSC_1173.tif,3,3,1,1,1,Indira,6,678,894,438,654,Yuxuan,6,696,884,444,632,Emma,6,654,906,414,666,Y
DSC_1173.tif,3,3,1,1,2,Indira,0,522,760,651,889,Yuxuan,0,496,770,632,906,Emma,0,461,763,600,902,Y
DSC_1173.tif,3,3,1,1,3,Indira,0,684,928,928,1172,Yuxuan,0,674,896,943,1165,Emma,0,596,940,878,1222,Y
DSC_1173.tif,3,3,1,1,4,Indira,0,1124,1362,877,1115,Yuxuan,0,1138,1348,896,1106,Emma,0,1070,1400,801,1131,Y
DSC_1173.tif,3,3,1,1,5,Indira,4,1027,1257,542,772,Yuxuan,4,1032,1244,554,766,Emma,4,996,1256,540,800,Y
DSC_1173.tif,3,3,1,1,6,Indira,4,898,1128,346,576,Yuxuan,5,917,1107,370,560,Emma,4,902,1130,342,570,Y
DSC_1173.tif,3,3,1,3,1,Indira,5,2150,2326,434,610,Yuxuan,6,2150,2318,454,622,Emma,6,2137,2331,430,624,Y
DSC_1173.tif,3,3,1,3,2,Indira,5,2035,2203,584,752,Yuxuan,6,2023,2171,580,728,Emma,6,1985,2221,540,776,Y
DSC_1173.tif,3,3,1,3,3,Indira,0,1998,2248,847,1097,Yuxuan,0,2013,2255,844,1086,Emma,0,1938,2284,750,1096,Y
DSC_1173.tif,3,3,1,3,4,Indira,0,2472,2688,834,1050,Yuxuan,0,2454,2666,826,1038,Emma,0,2401,2689,792,1080,Y
DSC_1173.tif,3,3,1,3,5,Indira,0,2418,2628,569,779,Yuxuan,1,2402,2592,559,749,Emma,1,2376,2620,544,788,Y
DSC_1173.tif,3,3,1,3,6,Indira,6,2344,2520,394,570,Yuxuan,6,2328,2518,385,575,Emma,6,2322,2524,372,574,Y
DSC_1173.tif,3,3,2,2,1,Indira,3,1520,1764,1680,1924,Yuxuan,4,1517,1717,1728,1928,Emma,4,1505,1741,1694,1930,Y
DSC_1173.tif,3,3,2,2,2,Indira,4,1436,1680,1916,2160,Yuxuan,5,1449,1649,1950,2150,Emma,4,1437,1657,1946,2166,Y
DSC_1173.tif,3,3,2,2,3,Indira,6,1419,1609,2194,2384,Yuxuan,6,1402,1580,2192,2370,Emma,6,1400,1610,2166,2376,Y
DSC_1173.tif,3,3,2,2,4,Indira,0,1916,2112,2160,2356,Yuxuan,0,1906,2106,2175,2375,Emma,0,1862,2140,2116,2394,Y
DSC_1173.tif,3,3,2,2,5,Indira,0,1848,2046,1919,2117,Yuxuan,0,1839,2049,1896,2106,Emma,0,1770,2074,1845,2149,Y
DSC_1173.tif,3,3,2,2,6,Indira,0,1782,1984,1680,1882,Yuxuan,0,1780,1980,1691,1891,Emma,0,1703,1981,1644,1922,Y
DSC_1173.tif,3,3,3,1,1,Indira,0,556,760,2888,3092,Yuxuan,0,548,738,2928,3118,Emma,0,497,767,2848,3118,Y
DSC_1173.tif,3,3,3,1,2,Indira,3,492,714,3122,3344,Yuxuan,4,474,686,3138,3350,Emma,4,444,696,3110,3362,Y
DSC_1173.tif,3,3,3,1,3,Indira,4,482,712,3378,3608,Yuxuan,5,481,659,3392,3570,Emma,5,464,666,3400,3602,Y
DSC_1173.tif,3,3,3,1,4,Indira,6,921,1145,3358,3582,Yuxuan,6,875,1097,3360,3582,Emma,6,851,1129,3328,3606,Y
DSC_1173.tif,3,3,3,1,5,Indira,0,996,1232,3082,3318,Yuxuan,0,965,1175,3108,3318,Emma,0,957,1219,3058,3320,Y
DSC_1173.tif,3,3,3,1,6,Indira,0,779,1023,2864,3108,Yuxuan,0,812,1012,2896,3096,Emma,0,776,1046,2832,3102,Y
DSC_1173.tif,3,3,3,3,1,Indira,0,1930,2200,2858,3128,Yuxuan,0,1959,2191,2928,3160,Emma,0,1889,2217,2824,3152,Y
DSC_1173.tif,3,3,3,3,2,Indira,0,1856,2146,3170,3460,Yuxuan,0,1854,2128,3207,3481,Emma,0,1812,2106,3160,3454,Y
DSC_1173.tif,3,3,3,3,3,Indira,3,1802,2106,3480,3784,Yuxuan,3,1812,2076,3480,3744,Emma,3,1796,2106,3464,3774,Y
DSC_1173.tif,3,3,3,3,4,Indira,4,2472,2770,3426,3724,Yuxuan,5,2512,2734,3444,3666,Emma,5,2453,2755,3422,3724,Y
DSC_1173.tif,3,3,3,3,5,Indira,5,2394,2632,3168,3406,Yuxuan,6,2396,2596,3182,3382,Emma,6,2368,2628,3152,3412,Y
DSC_1173.tif,3,3,3,3,6,Indira,0,2310,2580,2858,3128,Yuxuan,0,2275,2497,2854,3076,Emma,0,2251,2537,2848,3134,Y
DSC_1174.tif,3,3,1,1,1,Caroline,1,548,816,186,454,Raf,0,518,800,176,458,Indira,0,522,752,204,434,Y
DSC_1174.tif,3,3,1,1,2,Caroline,0,310,632,454,776,Raf,0,322,584,484,746,Indira,0,347,603,482,738,Y
DSC_1174.tif,3,3,1,1,3,Caroline,0,337,633,850,1146,Raf,0,360,632,878,1150,Indira,0,338,630,874,1166,Y
DSC_1174.tif,3,3,1,1,4,Caroline,3,906,1174,748,1016,Raf,2,914,1168,751,1005,Indira,1,922,1192,753,1023,Y
DSC_1174.tif,3,3,1,1,5,Caroline,6,802,1046,494,738,Raf,6,800,1054,492,746,Indira,5,810,1054,508,752,Y
DSC_1174.tif,3,3,1,1,6,Caroline,6,861,1079,246,464,Raf,6,874,1066,282,474,Indira,6,857,1101,238,482,Y
DSC_1174.tif,3,3,1,3,2,Caroline,0,1798,2050,644,896,Raf,0,1804,2050,642,888,Indira,0,1788,2052,631,895,Y
DSC_1174.tif,3,3,1,3,3,Caroline,0,1794,2068,1012,1286,Raf,0,1782,2072,984,1274,Indira,0,1794,2086,968,1260,Y
DSC_1174.tif,3,3,1,3,4,Caroline,0,2310,2606,843,1139,Raf,0,2278,2602,826,1150,Indira,0,2302,2628,843,1169,Y
DSC_1174.tif,3,3,1,3,5,Caroline,4,2255,2501,556,802,Raf,5,2238,2502,567,831,Indira,4,2262,2526,577,841,Y
DSC_1174.tif,3,3,1,3,6,Caroline,5,2086,2324,363,601,Raf,6,2106,2344,356,594,Indira,5,2092,2336,340,584,Y
DSC_1174.tif,3,3,2,2,1,Caroline,[],[],[],[],[],Raf,6,1221,1379,1686,1844,Indira,6,1199,1415,1640,1856,K
DSC_1174.tif,3,3,2,2,2,Caroline,[],[],[],[],[],Raf,6,1124,1362,1904,2142,Indira,6,1101,1365,1890,2154,K
DSC_1174.tif,3,3,2,2,3,Caroline,0,1090,1384,2139,2433,Raf,0,1080,1396,2125,2441,Indira,0,1112,1402,2154,2444,Y
DSC_1174.tif,3,3,2,2,4,Caroline,0,1678,1980,2026,2328,Raf,0,1660,1992,2038,2370,Indira,0,1680,1958,2085,2363,Y
DSC_1174.tif,3,3,2,2,5,Caroline,0,1504,1812,1753,2061,Raf,0,1528,1800,1770,2042,Indira,0,1544,1768,1791,2015,Y
DSC_1174.tif,3,3,2,2,6,Caroline,[],[],[],[],[],Raf,4,1396,1616,1563,1783,Indira,4,1402,1592,1592,1782,K
DSC_1174.tif,3,3,3,1,1,Caroline,2,503,699,2880,3076,Raf,1,458,676,2858,3076,Indira,1,502,704,2858,3060,Y
DSC_1174.tif,3,3,3,1,2,Caroline,4,433,657,3188,3412,Raf,5,448,694,3173,3419,Indira,4,441,685,3176,3420,Y
DSC_1174.tif,3,3,3,1,3,Caroline,5,449,675,3440,3666,Raf,6,440,702,3424,3686,Indira,5,444,682,3432,3670,Y
DSC_1174.tif,3,3,3,1,4,Caroline,0,976,1250,3311,3585,Raf,0,992,1230,3339,3577,Indira,0,956,1246,3335,3625,Y
DSC_1174.tif,3,3,3,1,5,Caroline,0,769,1065,3082,3378,Raf,0,774,1062,3100,3388,Indira,0,762,1000,3128,3366,Y
DSC_1174.tif,3,3,3,1,6,Caroline,0,707,965,2824,3082,Raf,0,695,1001,2774,3080,Indira,0,755,1007,2850,3102,Y
DSC_1174.tif,3,3,3,3,1,Caroline,0,2146,2398,2746,2998,Raf,0,2150,2388,2725,2963,Indira,0,2126,2370,2742,2986,Y
DSC_1174.tif,3,3,3,3,2,Caroline,2,2078,2318,3075,3315,Raf,1,2080,2336,3063,3319,Indira,1,2066,2350,3071,3355,Y
DSC_1174.tif,3,3,3,3,3,Caroline,[],[],[],[],[],Raf,1,2064,2352,3349,3637,Indira,1,2117,2361,3378,3622,K
DSC_1174.tif,3,3,3,3,4,Caroline,5,2616,2834,3364,3582,Raf,6,2607,2827,3344,3564,Indira,5,2614,2878,3338,3602,Y
DSC_1174.tif,3,3,3,3,5,Caroline,0,2507,2795,2978,3266,Raf,0,2568,2804,2994,3230,Indira,0,2553,2797,3020,3264,Y
DSC_1174.tif,3,3,3,3,6,Caroline,0,2433,2665,2710,2942,Raf,0,2445,2691,2668,2914,Indira,0,2428,2692,2682,2946,Y
DSC_1175.tif,3,3,1,1,1,Mark,0,498,802,191,495,Clem,0,506,776,199,469,JoshW,0,536,812,198,474,Y
DSC_1175.tif,3,3,1,1,2,Mark,0,396,700,510,814,Clem,0,410,654,524,768,JoshW,0,393,711,502,820,Y
DSC_1175.tif,3,3,1,1,3,Mark,3,406,674,852,1120,Clem,3,410,662,860,1112,JoshW,2,397,681,834,1118,Y
DSC_1175.tif,3,3,1,1,4,Mark,5,924,1160,810,1046,Clem,6,868,1138,788,1058,JoshW,5,888,1124,804,1040,Y
DSC_1175.tif,3,3,1,1,5,Mark,6,970,1206,523,759,Clem,6,961,1197,514,750,JoshW,6,983,1213,536,766,Y
DSC_1175.tif,3,3,1,1,6,Mark,0,834,1112,220,498,Clem,0,818,1104,212,498,JoshW,0,851,1101,252,502,Y
DSC_1175.tif,3,3,1,3,1,Mark,0,1872,2158,292,578,Clem,0,1880,2124,292,536,JoshW,0,1863,2133,306,576,Y
DSC_1175.tif,3,3,1,3,2,Mark,0,1720,2040,540,860,Clem,0,1741,2019,590,868,JoshW,0,1754,2058,583,887,Y
DSC_1175.tif,3,3,1,3,3,Mark,0,1762,2106,853,1197,Clem,0,1838,2082,906,1150,JoshW,0,1734,2120,870,1256,Y
DSC_1175.tif,3,3,1,3,4,Mark,2,2342,2620,856,1134,Clem,1,2342,2578,865,1101,JoshW,2,2356,2668,840,1152,Y
DSC_1175.tif,3,3,1,3,5,Mark,6,2276,2520,540,784,Clem,6,2276,2470,565,759,JoshW,6,2248,2546,522,820,Y
DSC_1175.tif,3,3,1,3,6,Mark,6,2158,2376,360,578,Clem,6,2174,2376,371,573,JoshW,6,2148,2364,360,576,Y
DSC_1175.tif,3,3,2,2,1,Mark,6,1197,1441,1484,1728,Clem,6,1198,1390,1488,1680,JoshW,6,1223,1439,1518,1734,Y
DSC_1175.tif,3,3,2,2,2,Mark,0,1033,1329,1778,2074,Clem,0,1062,1316,1828,2082,JoshW,0,1036,1328,1814,2106,Y
DSC_1175.tif,3,3,2,2,3,Mark,0,1020,1408,2009,2397,Clem,0,1084,1378,2090,2384,JoshW,0,1044,1362,2075,2393,Y
DSC_1175.tif,3,3,2,2,4,Mark,0,1678,2022,2011,2355,Clem,0,1712,1964,2052,2304,JoshW,0,1686,2046,2008,2368,Y
DSC_1175.tif,3,3,2,2,5,Mark,4,1644,1904,1695,1955,Clem,4,1636,1880,1677,1921,JoshW,3,1660,1890,1700,1930,Y
DSC_1175.tif,3,3,2,2,6,Mark,5,1518,1770,1484,1736,Clem,4,1508,1754,1496,1742,JoshW,4,1510,1768,1480,1738,Y
DSC_1175.tif,3,3,3,1,1,Mark,5,540,792,2705,2957,Clem,6,552,738,2738,2924,JoshW,6,556,760,2722,2926,Y
DSC_1175.tif,3,3,3,1,2,Mark,6,405,633,2924,3152,Clem,6,380,608,2911,3139,JoshW,6,372,624,2884,3136,Y
DSC_1175.tif,3,3,3,1,3,Mark,0,322,708,3169,3555,Clem,0,346,600,3243,3497,JoshW,0,330,674,3190,3534,Y
DSC_1175.tif,3,3,3,1,4,Mark,0,996,1332,3207,3543,Clem,0,1004,1290,3227,3513,JoshW,0,990,1334,3217,3561,Y
DSC_1175.tif,3,3,3,1,5,Mark,0,928,1214,2891,3177,Clem,0,920,1188,2908,3176,JoshW,0,942,1226,2919,3203,Y
DSC_1175.tif,3,3,3,1,6,Mark,4,822,1116,2630,2924,Clem,4,852,1088,2663,2899,JoshW,4,820,1104,2647,2931,Y
DSC_1175.tif,3,3,3,3,1,Mark,0,1998,2276,2696,2974,Clem,1,2022,2242,2730,2950,JoshW,0,2012,2322,2679,2989,Y
DSC_1175.tif,3,3,3,3,2,Mark,6,1880,2234,2991,3345,Clem,5,1922,2192,3030,3300,JoshW,4,1936,2200,3047,3311,Y
DSC_1175.tif,3,3,3,3,3,Mark,6,2103,2415,3328,3640,Clem,5,2132,2384,3366,3618,JoshW,6,2140,2376,3386,3622,Y
DSC_1175.tif,3,3,3,3,4,Mark,0,2519,2823,3176,3480,Clem,0,2579,2815,3210,3446,JoshW,0,2512,2790,3175,3453,Y
DSC_1175.tif,3,3,3,3,5,Mark,0,2428,2756,2874,3202,Clem,0,2452,2706,2903,3157,JoshW,0,2472,2762,2909,3199,Y
DSC_1175.tif,3,3,3,3,6,Mark,0,2317,2629,2578,2890,Clem,0,2334,2630,2612,2908,JoshW,0,2322,2608,2589,2875,Y
DSC_1176.tif,3,3,1,1,1,Yuxuan,0,538,790,391,643,Emma,0,548,784,396,632,Mark,0,456,818,296,658,Y
DSC_1176.tif,3,3,1,1,2,Yuxuan,3,550,780,644,874,Emma,4,502,788,642,928,Mark,3,498,844,599,945,Y
DSC_1176.tif,3,3,1,1,3,Yuxuan,3,454,718,917,1181,Emma,5,456,734,936,1214,Mark,5,396,784,881,1269,Y
DSC_1176.tif,3,3,1,1,4,Yuxuan,4,1012,1264,980,1232,Emma,5,1003,1281,978,1256,Mark,5,978,1340,932,1294,Y
DSC_1176.tif,3,3,1,1,5,Yuxuan,0,917,1171,632,886,Emma,0,873,1185,624,936,Mark,0,878,1248,565,935,Y
DSC_1176.tif,3,3,1,1,6,Yuxuan,0,822,1064,338,580,Emma,0,776,1088,304,616,Mark,0,784,1138,278,632,Y
DSC_1176.tif,3,3,1,3,1,Yuxuan,0,2064,2276,443,655,Emma,0,2001,2313,380,692,Mark,0,1964,2334,342,712,Y
DSC_1176.tif,3,3,1,3,2,Yuxuan,0,1938,2150,717,929,Emma,0,1854,2166,683,995,Mark,0,1838,2200,633,995,Y
DSC_1176.tif,3,3,1,3,3,Yuxuan,3,1860,2122,1118,1380,Emma,3,1817,2153,1080,1416,Mark,2,1825,2153,1062,1390,Y
DSC_1176.tif,3,3,1,3,4,Yuxuan,5,2391,2665,1002,1276,Emma,5,2372,2658,1020,1306,Mark,5,2360,2772,945,1357,Y
DSC_1176.tif,3,3,1,3,5,Yuxuan,6,2402,2622,728,948,Emma,6,2389,2659,708,978,Mark,6,2376,2738,650,1012,Y
DSC_1176.tif,3,3,1,3,6,Yuxuan,0,2350,2560,454,664,Emma,0,2305,2609,396,700,Mark,0,2342,2620,388,666,Y
DSC_1176.tif,3,3,2,2,1,Yuxuan,0,1412,1622,1686,1896,Emma,0,1374,1678,1647,1951,Mark,0,1353,1681,1610,1938,Y
DSC_1176.tif,3,3,2,2,2,Yuxuan,0,1264,1496,1959,2191,Emma,0,1214,1542,1914,2242,Mark,0,1230,1560,1904,2234,Y
DSC_1176.tif,3,3,2,2,3,Yuxuan,0,1196,1418,2264,2486,Emma,0,1095,1441,2216,2562,Mark,0,1171,1517,2208,2554,Y
DSC_1176.tif,3,3,2,2,4,Yuxuan,1,1706,1950,2191,2435,Emma,2,1686,1980,2200,2494,Mark,1,1694,2022,2178,2506,Y
DSC_1176.tif,3,3,2,2,5,Yuxuan,4,1701,1891,1980,2170,Emma,4,1677,1905,1964,2192,Mark,5,1644,2006,1896,2258,Y
DSC_1176.tif,3,3,2,2,6,Yuxuan,6,1638,1808,1748,1918,Emma,6,1615,1833,1728,1946,Mark,6,1635,1913,1686,1964,Y
DSC_1176.tif,3,3,3,1,1,Yuxuan,6,496,674,2792,2970,Emma,6,477,721,2764,3008,Mark,6,396,768,2705,3077,Y
DSC_1176.tif,3,3,3,1,2,Yuxuan,0,328,580,3018,3270,Emma,0,300,620,2958,3278,Mark,0,296,624,2959,3287,Y
DSC_1176.tif,3,3,3,1,3,Yuxuan,0,432,664,3386,3618,Emma,0,363,701,3294,3632,Mark,0,354,708,3303,3657,Y
DSC_1176.tif,3,3,3,1,4,Yuxuan,0,874,1086,3260,3472,Emma,0,802,1180,3232,3610,Mark,0,826,1214,3214,3602,Y
DSC_1176.tif,3,3,3,1,5,Yuxuan,4,864,1096,2933,3165,Emma,5,860,1104,2928,3172,Mark,5,852,1164,2898,3210,Y
DSC_1176.tif,3,3,3,1,6,Yuxuan,6,780,990,2708,2918,Emma,6,768,1028,2680,2940,Mark,6,750,1070,2646,2966,Y
DSC_1176.tif,3,3,3,3,1,Yuxuan,4,2159,2339,2728,2908,Emma,5,2132,2376,2696,2940,Mark,5,2090,2384,2664,2958,Y
DSC_1176.tif,3,3,3,3,2,Yuxuan,5,2011,2223,2938,3150,Emma,6,2002,2254,2924,3176,Mark,5,1972,2292,2886,3206,Y
DSC_1176.tif,3,3,3,3,3,Yuxuan,0,1992,2264,3229,3501,Emma,0,1965,2351,3186,3572,Mark,0,1990,2310,3210,3530,Y
DSC_1176.tif,3,3,3,3,4,Yuxuan,0,2634,2876,3202,3444,Emma,0,2587,2907,3186,3506,Mark,0,2612,2958,3156,3502,Y
DSC_1176.tif,3,3,3,3,5,Yuxuan,0,2528,2802,2970,3244,Emma,0,2486,2790,2924,3228,Mark,0,2478,2874,2861,3257,Y
DSC_1176.tif,3,3,3,3,6,Yuxuan,2,2422,2644,2717,2939,Emma,3,2411,2663,2706,2958,Mark,3,2410,2730,2658,2978,Y
DSC_1177.tif,3,3,1,1,1,JoshB,6,472,726,367,621,Caroline,5,520,724,391,595,Raf,5,493,703,370,580,Y
DSC_1177.tif,3,3,1,1,2,JoshB,6,396,616,645,865,Caroline,5,408,668,629,889,Raf,6,404,660,619,875,Y
DSC_1177.tif,3,3,1,1,3,JoshB,0,524,768,907,1151,Caroline,0,486,780,876,1170,Raf,0,458,720,892,1154,Y
DSC_1177.tif,3,3,1,1,4,JoshB,0,971,1273,802,1104,Caroline,0,952,1254,760,1062,Raf,0,976,1238,757,1019,Y
DSC_1177.tif,3,3,1,1,5,JoshB,4,1020,1240,485,705,Caroline,4,991,1243,486,738,Raf,5,1002,1248,474,720,Y
DSC_1177.tif,3,3,1,1,6,JoshB,6,750,996,320,566,Caroline,4,766,984,327,545,Raf,5,746,1018,308,580,Y
DSC_1177.tif,3,3,1,3,1,JoshB,6,1833,2069,540,776,Caroline,5,1820,2050,539,769,Raf,6,1818,2064,527,773,Y
DSC_1177.tif,3,3,1,3,2,JoshB,6,1770,1980,768,978,Caroline,4,1764,1994,749,979,Raf,5,1774,2002,747,975,Y
DSC_1177.tif,3,3,1,3,3,JoshB,3,1741,1993,1038,1290,Caroline,3,1767,1985,1040,1258,Raf,3,1760,1988,1036,1264,Y
DSC_1177.tif,3,3,1,3,4,JoshB,0,2242,2452,906,1116,Caroline,0,2234,2522,843,1131,Raf,0,2247,2519,878,1150,Y
DSC_1177.tif,3,3,1,3,5,JoshB,0,2200,2384,671,855,Caroline,0,2164,2430,629,895,Raf,0,2199,2437,676,914,Y
DSC_1177.tif,3,3,1,3,6,JoshB,4,2150,2326,448,624,Caroline,3,2122,2338,441,657,Raf,4,2101,2357,404,660,Y
DSC_1177.tif,3,3,2,2,1,JoshB,4,1230,1458,1871,2099,Caroline,4,1226,1450,1868,2092,Raf,5,1217,1453,1862,2098,Y
DSC_1177.tif,3,3,2,2,3,JoshB,5,1264,1484,2380,2600,Caroline,3,1250,1490,2380,2620,Raf,5,1264,1476,2396,2608,Y
DSC_1177.tif,3,3,2,2,4,JoshB,3,1744,1980,2339,2575,Caroline,3,1767,1991,2346,2570,Raf,3,1782,1992,2358,2568,Y
DSC_1177.tif,3,3,2,2,5,JoshB,0,1711,1955,1998,2242,Caroline,0,1668,1992,1938,2262,Raf,0,1678,1976,1958,2256,Y
DSC_1177.tif,3,3,2,2,6,JoshB,0,1484,1728,1749,1993,Caroline,0,1462,1714,1721,1973,Raf,0,1448,1764,1681,1997,Y
DSC_1177.tif,3,3,3,1,1,JoshB,0,396,666,2704,2974,Caroline,0,444,660,2715,2931,Raf,0,404,668,2685,2949,Y
DSC_1177.tif,3,3,3,1,2,JoshB,3,322,556,2976,3210,Caroline,4,338,548,3003,3213,Raf,4,339,567,2984,3212,Y
DSC_1177.tif,3,3,3,1,3,JoshB,3,394,620,3262,3488,Caroline,4,384,622,3252,3490,Raf,4,388,616,3261,3489,Y
DSC_1177.tif,3,3,3,1,4,JoshB,3,818,1012,3270,3464,Caroline,4,816,1032,3266,3482,Raf,4,818,1028,3262,3472,Y
DSC_1177.tif,3,3,3,1,5,JoshB,3,818,994,2984,3160,Caroline,3,816,998,2984,3166,Raf,5,777,1005,2958,3186,Y
DSC_1177.tif,3,3,3,1,6,JoshB,0,700,894,2726,2920,Caroline,0,654,892,2690,2928,Raf,0,711,931,2686,2906,Y
DSC_1177.tif,3,3,3,3,1,JoshB,0,2234,2444,2638,2848,Caroline,0,2226,2480,2612,2866,Raf,0,2217,2471,2590,2844,Y
DSC_1177.tif,3,3,3,3,2,JoshB,0,2032,2318,2903,3189,Caroline,0,2036,2310,2900,3174,Raf,0,2041,2349,2888,3196,Y
DSC_1177.tif,3,3,3,3,3,JoshB,4,2090,2410,3198,3518,Caroline,5,2156,2408,3238,3490,Raf,6,2134,2432,3213,3511,Y
DSC_1177.tif,3,3,3,3,4,JoshB,5,2613,2865,3244,3496,Caroline,4,2620,2852,3251,3483,Raf,5,2577,2857,3222,3502,Y
DSC_1177.tif,3,3,3,3,5,JoshB,5,2524,2726,3016,3218,Caroline,5,2525,2729,3012,3216,Raf,5,2520,2738,3020,3238,Y
DSC_1177.tif,3,3,3,3,6,JoshB,4,2541,2793,2714,2966,Caroline,4,2556,2794,2700,2938,Raf,5,2537,2809,2678,2950,Y
DSC_1178.tif,3,3,1,1,1,Emma,6,654,898,372,616,Mark,6,608,936,317,645,Clem,[],[],[],[],[],K
DSC_1178.tif,3,3,1,1,2,Emma,0,590,878,569,857,Mark,[],[],[],[],[],Clem,0,616,878,598,860,K
DSC_1178.tif,3,3,1,1,3,Emma,0,548,844,877,1173,Mark,0,524,868,832,1176,Clem,0,544,848,860,1164,Y
DSC_1178.tif,3,3,1,1,4,Emma,4,999,1319,910,1230,Mark,3,970,1382,869,1281,Clem,4,1029,1273,944,1188,Y
DSC_1178.tif,3,3,1,1,5,Emma,6,1045,1323,582,860,Mark,6,1028,1340,574,886,Clem,5,1050,1276,608,834,Y
DSC_1178.tif,3,3,1,1,6,Emma,6,974,1210,346,582,Mark,6,962,1256,309,603,Clem,6,975,1185,380,590,Y
DSC_1178.tif,3,3,1,3,1,Emma,5,1880,2132,418,670,Mark,6,1828,2182,363,717,Clem,5,1904,2116,434,646,Y
DSC_1178.tif,3,3,1,3,2,Emma,6,1786,2032,737,983,Mark,6,1770,2090,696,1016,Clem,6,1796,1990,755,949,Y
DSC_1178.tif,3,3,1,3,3,Emma,0,1778,2116,1049,1387,Mark,0,1754,2132,1063,1441,Clem,0,1762,2074,1066,1378,Y
DSC_1178.tif,3,3,1,3,4,Emma,0,2300,2604,915,1219,Mark,0,2242,2662,840,1260,Clem,0,2326,2646,890,1210,Y
DSC_1178.tif,3,3,1,3,5,Emma,6,2234,2554,616,936,Mark,6,2224,2588,586,950,Clem,5,2242,2520,616,894,Y
DSC_1178.tif,3,3,1,3,6,Emma,6,2153,2439,304,590,Mark,6,2136,2448,288,600,Clem,6,2182,2402,341,561,Y
DSC_1178.tif,3,3,2,2,1,Emma,6,1374,1618,1518,1762,Mark,5,1349,1653,1492,1796,Clem,5,1392,1568,1552,1728,Y
DSC_1178.tif,3,3,2,2,2,Emma,5,1316,1602,1749,2035,Mark,4,1298,1594,1740,2036,Clem,4,1324,1568,1778,2022,Y
DSC_1178.tif,3,3,2,2,4,Emma,0,1686,1998,2040,2352,Mark,0,1668,2022,1998,2352,Clem,0,1655,1951,2064,2360,Y
DSC_1178.tif,3,3,2,2,5,Emma,0,1626,1914,1739,2027,Mark,0,1610,1956,1698,2044,Clem,0,1619,1871,1770,2022,Y
DSC_1178.tif,3,3,2,2,6,Emma,4,1610,1872,1475,1737,Mark,3,1602,1946,1442,1786,Clem,3,1610,1880,1488,1758,Y
DSC_1178.tif,3,3,3,1,1,Emma,4,545,823,2662,2940,Mark,5,527,881,2620,2974,Clem,5,540,792,2672,2924,Y
DSC_1178.tif,3,3,3,1,2,Emma,5,419,721,2992,3294,Mark,6,338,742,2908,3312,Clem,6,414,674,3018,3278,Y
DSC_1178.tif,3,3,3,1,3,Emma,6,600,878,3291,3569,Mark,6,548,936,3215,3603,Clem,5,600,886,3257,3543,Y
DSC_1178.tif,3,3,3,1,4,Emma,4,1084,1328,3236,3480,Mark,4,1004,1424,3148,3568,Clem,4,1054,1298,3240,3484,Y
DSC_1178.tif,3,3,3,1,5,Emma,0,962,1282,2874,3194,Mark,0,957,1295,2856,3194,Clem,0,978,1248,2886,3156,Y
DSC_1178.tif,3,3,3,1,6,Emma,0,818,1156,2578,2916,Mark,0,834,1156,2573,2895,Clem,0,852,1096,2604,2848,Y
DSC_1178.tif,3,3,3,3,1,Emma,0,2141,2427,2730,3016,Mark,0,2140,2444,2701,3005,Clem,0,2090,2368,2730,3008,Y
DSC_1178.tif,3,3,3,3,2,Emma,4,2032,2334,3004,3306,Mark,4,1990,2360,2971,3341,Clem,4,2022,2310,3016,3304,Y
DSC_1178.tif,3,3,3,3,3,Emma,5,2082,2352,3358,3628,Mark,5,2048,2418,3308,3678,Clem,4,2040,2334,3337,3631,Y
DSC_1178.tif,3,3,3,3,4,Emma,5,2600,2844,3244,3488,Mark,5,2604,2908,3218,3522,Clem,4,2616,2836,3252,3472,Y
DSC_1178.tif,3,3,3,3,5,Emma,6,2519,2789,2932,3202,Mark,5,2486,2848,2886,3248,Clem,5,2520,2722,2970,3172,Y
DSC_1178.tif,3,3,3,3,6,Emma,[],[],[],[],[],Mark,0,2468,2798,2620,2950,Clem,0,2411,2671,2672,2932,K
DSC_1179.tif,3,3,1,1,1,Clem,0,574,818,338,582,JoshW,0,562,834,312,584,JoshB,0,574,834,321,581,Y
DSC_1179.tif,3,3,1,1,2,Clem,0,354,666,611,923,JoshW,0,374,664,614,904,JoshB,0,422,708,595,881,Y
DSC_1179.tif,3,3,1,1,3,Clem,5,498,802,847,1151,JoshW,3,552,790,894,1132,JoshB,5,574,810,881,1117,Y
DSC_1179.tif,3,3,1,1,4,Clem,6,935,1129,860,1054,JoshW,5,990,1166,888,1064,JoshB,4,970,1146,890,1066,Y
DSC_1179.tif,3,3,1,1,5,Clem,6,910,1130,615,835,JoshW,6,922,1132,603,813,JoshB,5,928,1130,624,826,Y
DSC_1179.tif,3,3,1,1,6,Clem,6,835,1029,354,548,JoshW,5,848,1030,380,562,JoshB,6,834,1028,367,561,Y
DSC_1179.tif,3,3,1,3,1,Clem,6,1914,2106,453,645,JoshW,5,1892,2150,400,658,JoshB,5,1934,2128,430,624,Y
DSC_1179.tif,3,3,1,3,2,Clem,0,1786,2022,738,974,JoshW,0,1762,2100,672,1010,JoshB,0,1783,2035,692,944,Y
DSC_1179.tif,3,3,1,3,3,Clem,0,1846,2140,1025,1319,JoshW,0,1802,2106,1020,1324,JoshB,0,1872,2106,1013,1247,Y
DSC_1179.tif,3,3,1,3,4,Clem,5,2292,2512,915,1135,JoshW,3,2256,2526,878,1148,JoshB,3,2300,2512,889,1101,Y
DSC_1179.tif,3,3,1,3,5,Clem,6,2212,2424,674,886,JoshW,6,2214,2410,671,867,JoshB,5,2220,2414,684,878,Y
DSC_1179.tif,3,3,1,3,6,Clem,6,2166,2334,478,646,JoshW,4,2174,2376,459,661,JoshB,6,2179,2389,448,658,Y
DSC_1179.tif,3,3,2,2,1,Clem,6,1336,1590,1584,1838,JoshW,5,1342,1564,1609,1831,JoshB,5,1316,1576,1602,1862,Y
DSC_1179.tif,3,3,2,2,2,Clem,5,1206,1390,1839,2023,JoshW,5,1192,1416,1838,2062,JoshB,4,1214,1434,1841,2061,Y
DSC_1179.tif,3,3,2,2,3,Clem,0,1188,1526,2190,2528,JoshW,0,1144,1484,2193,2533,JoshB,0,1206,1534,2225,2553,Y
DSC_1179.tif,3,3,2,2,4,Clem,0,1812,2106,2066,2360,JoshW,0,1782,2134,2056,2408,JoshB,0,1796,2132,2057,2393,Y
DSC_1179.tif,3,3,2,2,5,Clem,6,1686,1930,1779,2023,JoshW,6,1700,1924,1801,2025,JoshB,5,1699,1935,1804,2040,Y
DSC_1179.tif,3,3,2,2,6,Clem,6,1580,1790,1568,1778,JoshW,3,1595,1805,1584,1794,JoshB,4,1610,1804,1602,1796,Y
DSC_1179.tif,3,3,3,1,1,Clem,6,556,768,2886,3098,JoshW,5,569,773,2898,3102,JoshB,6,556,776,2882,3102,Y
DSC_1179.tif,3,3,3,1,2,Clem,6,482,718,3126,3362,JoshW,4,509,739,3148,3378,JoshB,6,514,734,3159,3379,Y
DSC_1179.tif,3,3,3,1,3,Clem,4,540,792,3425,3677,JoshW,2,550,820,3440,3710,JoshB,3,582,802,3463,3683,Y
DSC_1179.tif,3,3,3,1,4,Clem,0,986,1340,3278,3632,JoshW,0,1033,1365,3318,3650,JoshB,0,1070,1306,3320,3556,Y
DSC_1179.tif,3,3,3,1,5,Clem,0,952,1188,3008,3244,JoshW,0,922,1212,2953,3243,JoshB,0,924,1134,3000,3210,Y
DSC_1179.tif,3,3,3,1,6,Clem,6,776,996,2755,2975,JoshW,6,752,1016,2756,3020,JoshB,6,810,978,2798,2966,Y
DSC_1179.tif,3,3,3,3,1,Clem,0,2238,2440,2696,2898,JoshW,0,2207,2485,2640,2918,JoshB,0,2263,2491,2696,2924,Y
DSC_1179.tif,3,3,3,3,2,Clem,5,2098,2342,2924,3168,JoshW,4,2096,2360,2904,3168,JoshB,4,2132,2334,2950,3152,Y
DSC_1179.tif,3,3,3,3,3,Clem,5,2082,2326,3202,3446,JoshW,3,2065,2329,3196,3460,JoshB,4,2064,2352,3184,3472,Y
DSC_1179.tif,3,3,3,3,4,Clem,5,2557,2743,3176,3362,JoshW,3,2594,2784,3189,3379,JoshB,4,2591,2777,3202,3388,Y
DSC_1179.tif,3,3,3,3,5,Clem,5,2562,2738,2958,3134,JoshW,3,2567,2757,2946,3136,JoshB,5,2574,2744,2940,3110,Y
DSC_1179.tif,3,3,3,3,6,Clem,0,2517,2735,2706,2924,JoshW,0,2516,2754,2674,2912,JoshB,0,2536,2730,2721,2915,Y
DSC_1180.tif,3,3,1,1,1,Emma,5,482,700,663,881,Mark,6,440,750,592,902,Clem,6,464,674,662,872,Y
DSC_1180.tif,3,3,1,1,2,Emma,6,472,718,860,1106,Mark,6,422,734,810,1122,Clem,6,482,684,877,1079,Y
DSC_1180.tif,3,3,1,1,4,Emma,4,893,1121,936,1164,Mark,6,886,1188,891,1193,Clem,5,936,1096,962,1122,Y
DSC_1180.tif,3,3,1,1,5,Emma,0,826,1104,667,945,Mark,0,792,1130,636,974,Clem,0,844,1088,671,915,Y
DSC_1180.tif,3,3,1,1,6,Emma,1,708,962,510,764,Mark,0,666,970,460,764,Clem,0,700,920,497,717,Y
DSC_1180.tif,3,3,1,3,1,Emma,0,1872,2182,360,670,Mark,0,1812,2192,299,679,Clem,0,1872,2132,368,628,Y
DSC_1180.tif,3,3,1,3,2,Emma,0,1761,2115,642,996,Mark,0,1702,2174,586,1058,Clem,0,1728,2064,671,1007,Y
DSC_1180.tif,3,3,1,3,4,Emma,6,2268,2578,920,1230,Mark,6,2224,2654,881,1311,Clem,6,2284,2502,970,1188,Y
DSC_1180.tif,3,3,1,3,5,Emma,6,2258,2512,665,919,Mark,6,2200,2630,565,995,Clem,6,2250,2512,661,923,Y
DSC_1180.tif,3,3,1,3,6,Emma,5,2204,2440,430,666,Mark,5,2174,2528,338,692,Clem,6,2208,2394,443,629,Y
DSC_1180.tif,3,3,2,2,1,Emma,5,1341,1569,1542,1770,Mark,5,1282,1592,1476,1786,Clem,[],[],[],[],[],K
DSC_1180.tif,3,3,2,2,2,Emma,0,1159,1529,1770,2140,Mark,0,1156,1542,1767,2153,Clem,0,1184,1522,1778,2116,Y
DSC_1180.tif,3,3,2,2,3,Emma,0,1109,1437,2116,2444,Mark,0,1012,1492,2069,2549,Clem,0,1104,1416,2124,2436,Y
DSC_1180.tif,3,3,2,2,4,Emma,3,1594,1888,2150,2444,Mark,3,1568,1930,2140,2502,Clem,3,1584,1846,2170,2432,Y
DSC_1180.tif,3,3,2,2,5,Emma,6,1590,1850,1846,2106,Mark,6,1560,1914,1795,2149,Clem,5,1564,1834,1828,2098,Y
DSC_1180.tif,3,3,2,2,6,Emma,5,1539,1757,1594,1812,Mark,[],[],[],[],[],Clem,5,1534,1720,1626,1812,K
DSC_1180.tif,3,3,3,1,1,Emma,6,443,721,2832,3110,Mark,6,406,742,2798,3134,Clem,5,430,692,2839,3101,Y
DSC_1180.tif,3,3,3,1,2,Emma,6,354,642,3130,3418,Mark,6,270,684,3050,3464,Clem,6,343,595,3152,3404,Y
DSC_1180.tif,3,3,3,1,3,Emma,0,313,675,3438,3800,Mark,0,296,718,3375,3797,Clem,0,364,624,3456,3716,Y
DSC_1180.tif,3,3,3,1,4,Emma,0,916,1218,3304,3606,Mark,0,910,1282,3277,3649,Clem,0,920,1180,3304,3564,Y
DSC_1180.tif,3,3,3,1,5,Emma,6,780,1074,3034,3328,Mark,6,768,1112,3009,3353,Clem,6,784,1070,3029,3315,Y
DSC_1180.tif,3,3,3,1,6,Emma,6,691,945,2780,3034,Mark,6,684,996,2763,3075,Clem,6,687,923,2798,3034,Y
DSC_1180.tif,3,3,3,3,1,Emma,6,2170,2414,2764,3008,Mark,5,2133,2477,2714,3058,Clem,6,2203,2389,2798,2984,Y
DSC_1180.tif,3,3,3,3,2,Emma,5,2014,2268,3025,3279,Mark,5,1990,2310,2970,3290,Clem,4,2014,2276,3016,3278,Y
DSC_1180.tif,3,3,3,3,3,Emma,4,2032,2334,3346,3648,Mark,4,1998,2368,3287,3657,Clem,4,1998,2352,3290,3644,Y
DSC_1180.tif,3,3,3,3,4,Emma,0,2566,2894,3286,3614,Mark,0,2570,2958,3223,3611,Clem,0,2620,2856,3328,3564,Y
DSC_1180.tif,3,3,3,3,5,Emma,0,2486,2772,2966,3252,Mark,0,2494,2814,2954,3274,Clem,0,2478,2772,2975,3269,Y
DSC_1180.tif,3,3,3,3,6,Emma,6,2427,2697,2764,3034,Mark,5,2447,2743,2738,3034,Clem,5,2394,2680,2727,3013,Y
DSC_1344.tif,3,3,1,1,1,JoshW,6,691,935,252,496,JoshB,6,718,910,293,485,Caroline,[],[],[],[],[],K
DSC_1344.tif,3,3,1,1,2,JoshW,0,556,806,485,735,JoshB,0,566,878,494,806,Caroline,0,576,864,493,781,Y
DSC_1344.tif,3,3,1,1,3,JoshW,0,488,772,840,1124,JoshB,0,498,886,818,1206,Caroline,0,521,801,858,1138,Y
DSC_1344.tif,3,3,1,1,4,JoshW,0,1075,1351,814,1090,JoshB,0,1054,1332,801,1079,Caroline,0,1096,1378,808,1090,Y
DSC_1344.tif,3,3,1,1,5,JoshW,5,1029,1253,536,760,JoshB,4,1045,1231,556,742,Caroline,5,1050,1248,548,746,Y
DSC_1344.tif,3,3,1,3,1,JoshW,5,2046,2248,462,664,JoshB,5,2048,2258,452,662,Caroline,5,2072,2248,482,658,Y
DSC_1344.tif,3,3,1,3,2,JoshW,5,1968,2164,664,860,JoshB,5,1998,2200,671,873,Caroline,[],[],[],[],[],K
DSC_1344.tif,3,3,1,3,3,JoshW,0,1958,2222,986,1250,JoshB,0,1972,2224,971,1223,Caroline,0,1952,2248,944,1240,Y
DSC_1344.tif,3,3,1,3,4,JoshW,0,2432,2722,857,1147,JoshB,0,2478,2764,881,1167,Caroline,0,2430,2760,896,1226,Y
DSC_1344.tif,3,3,1,3,5,JoshW,0,2370,2620,587,837,JoshB,0,2384,2620,612,848,Caroline,0,2380,2648,622,890,Y
DSC_1344.tif,3,3,1,3,6,JoshW,3,2282,2512,404,634,JoshB,2,2310,2528,406,624,Caroline,2,2282,2494,411,623,Y
DSC_1344.tif,3,3,2,2,1,JoshW,1,1314,1530,1669,1885,JoshB,2,1316,1518,1690,1892,Caroline,1,1314,1538,1675,1899,Y
DSC_1344.tif,3,3,2,2,2,JoshW,3,1206,1416,1933,2143,JoshB,3,1230,1442,1947,2159,Caroline,3,1223,1441,1918,2136,Y
DSC_1344.tif,3,3,2,2,3,JoshW,3,1246,1450,2278,2482,JoshB,3,1298,1484,2297,2483,Caroline,4,1257,1483,2268,2494,Y
DSC_1344.tif,3,3,2,2,4,JoshW,0,1768,2024,2239,2495,JoshB,0,1770,1938,2284,2452,Caroline,0,1764,2002,2241,2479,Y
DSC_1344.tif,3,3,2,2,5,JoshW,0,1754,1984,1910,2140,JoshB,0,1770,2014,1897,2141,Caroline,0,1748,2008,1886,2146,Y
DSC_1344.tif,3,3,2,2,6,JoshW,0,1652,1890,1659,1897,JoshB,0,1644,1922,1648,1926,Caroline,0,1644,1918,1640,1914,Y
DSC_1344.tif,3,3,3,1,1,JoshW,0,346,650,2682,2986,JoshB,0,435,645,2730,2940,Caroline,[],[],[],[],[],K
DSC_1344.tif,3,3,3,1,4,JoshW,5,885,1141,3332,3588,JoshB,4,944,1138,3374,3568,Caroline,3,911,1121,3350,3560,Y
DSC_1344.tif,3,3,3,1,5,JoshW,0,830,1148,2884,3202,JoshB,0,889,1151,2966,3228,Caroline,0,864,1160,2938,3234,Y
DSC_1344.tif,3,3,3,1,6,JoshW,0,712,928,2669,2885,JoshB,0,700,952,2672,2924,Caroline,0,654,942,2640,2928,Y
DSC_1344.tif,3,3,3,3,1,JoshW,0,2140,2432,2816,3108,JoshB,0,2158,2410,2836,3088,Caroline,0,2164,2394,2852,3082,Y
DSC_1344.tif,3,3,3,3,2,JoshW,0,1968,2300,3122,3454,JoshB,0,2022,2268,3151,3397,Caroline,0,2016,2304,3142,3430,Y
DSC_1344.tif,3,3,3,3,3,JoshW,3,2174,2390,3511,3727,JoshB,3,2158,2436,3471,3749,Caroline,4,2188,2406,3490,3708,Y
DSC_1344.tif,3,3,3,3,4,JoshW,5,2526,2776,3358,3608,JoshB,5,2554,2790,3392,3628,Caroline,5,2542,2796,3370,3624,Y
DSC_1344.tif,3,3,3,3,5,JoshW,5,2580,2796,3142,3358,JoshB,6,2591,2785,3168,3362,Caroline,6,2584,2794,3160,3370,Y
DSC_1344.tif,3,3,3,3,6,JoshW,0,2523,2779,2858,3114,JoshB,0,2546,2756,2912,3122,Caroline,0,2514,2752,2880,3118,Y
DSC_1345.tif,3,3,1,1,1,Caroline,[],[],[],[],[],Raf,0,545,783,176,414,Indira,0,482,806,161,485,K
DSC_1345.tif,3,3,1,1,2,Caroline,0,478,822,478,822,Raf,0,457,791,474,808,Indira,0,472,796,496,820,Y
DSC_1345.tif,3,3,1,1,3,Caroline,[],[],[],[],[],Raf,0,334,642,834,1142,Indira,0,332,672,866,1206,K
DSC_1345.tif,3,3,1,1,4,Caroline,1,928,1250,753,1075,Raf,1,948,1256,759,1067,Indira,1,928,1280,743,1095,Y
DSC_1345.tif,3,3,1,1,5,Caroline,3,897,1093,492,688,Raf,4,878,1090,483,695,Indira,4,854,1138,448,732,Y
DSC_1345.tif,3,3,1,3,1,Caroline,[],[],[],[],[],Raf,6,2046,2256,370,580,Indira,6,2058,2288,370,600,K
DSC_1345.tif,3,3,1,3,2,Caroline,0,1935,2273,604,942,Raf,0,1953,2243,632,922,Indira,0,1940,2190,664,914,Y
DSC_1345.tif,3,3,1,3,3,Caroline,0,1918,2234,997,1313,Raf,0,1932,2274,980,1322,Indira,0,1967,2237,1084,1354,Y
DSC_1345.tif,3,3,1,3,4,Caroline,0,2433,2741,872,1180,Raf,0,2401,2777,844,1220,Indira,0,2459,2723,902,1166,Y
DSC_1345.tif,3,3,1,3,5,Caroline,3,2419,2645,576,802,Raf,3,2432,2624,594,786,Indira,4,2418,2682,563,827,Y
DSC_1345.tif,3,3,1,3,6,Caroline,4,2304,2528,377,601,Raf,5,2308,2520,382,594,Indira,5,2322,2552,383,613,Y
DSC_1345.tif,3,3,2,2,1,Caroline,3,1594,1778,1569,1753,Raf,4,1589,1765,1572,1748,Indira,3,1578,1802,1554,1778,Y
DSC_1345.tif,3,3,2,2,2,Caroline,4,1567,1791,1792,2016,Raf,5,1589,1765,1834,2010,Indira,5,1567,1771,1828,2032,Y
DSC_1345.tif,3,3,2,2,3,Caroline,0,1426,1714,1995,2283,Raf,0,1448,1720,2028,2300,Indira,0,1446,1724,2038,2316,Y
DSC_1345.tif,3,3,2,2,4,Caroline,0,1932,2276,1949,2293,Raf,0,1922,2238,1971,2287,Indira,0,1958,2214,1989,2245,Y
DSC_1345.tif,3,3,2,2,5,Caroline,0,1879,2159,1672,1952,Raf,0,1880,2160,1704,1984,Indira,0,1904,2146,1734,1976,Y
DSC_1345.tif,3,3,2,2,6,Caroline,2,1768,1984,1490,1706,Raf,2,1765,1975,1476,1686,Indira,2,1768,2004,1484,1720,Y
DSC_1345.tif,3,3,3,1,1,Caroline,4,402,660,2852,3110,Raf,4,418,628,2862,3072,Indira,[],[],[],[],[],K
DSC_1345.tif,3,3,3,1,2,Caroline,4,380,626,3142,3388,Raf,5,352,632,3116,3396,Indira,5,394,672,3142,3420,Y
DSC_1345.tif,3,3,3,1,3,Caroline,6,514,766,3399,3651,Raf,6,502,764,3402,3664,Indira,6,522,780,3399,3657,Y
DSC_1345.tif,3,3,3,1,4,Caroline,0,928,1328,3259,3659,Raf,0,948,1290,3274,3616,Indira,0,968,1280,3297,3609,Y
DSC_1345.tif,3,3,3,1,5,Caroline,0,872,1194,2883,3205,Raf,0,888,1194,2898,3204,Indira,0,901,1173,2918,3190,Y
DSC_1345.tif,3,3,3,1,6,Caroline,0,640,920,2701,2981,Raf,0,650,914,2677,2941,Indira,0,630,922,2681,2973,Y
DSC_1345.tif,3,3,3,3,1,Caroline,0,2240,2508,2946,3214,Raf,0,2217,2507,2914,3204,Indira,0,2201,2513,2918,3230,Y
DSC_1345.tif,3,3,3,3,2,Caroline,3,2104,2342,3258,3496,Raf,4,2080,2336,3251,3507,Indira,3,2065,2363,3244,3542,Y
DSC_1345.tif,3,3,3,3,3,Caroline,4,2192,2436,3568,3812,Raf,5,2204,2458,3564,3818,Indira,4,2190,2468,3548,3826,Y
DSC_1345.tif,3,3,3,3,4,Caroline,4,2722,2932,3630,3840,Raf,4,2686,2914,3603,3831,Indira,4,2688,2966,3598,3876,Y
DSC_1345.tif,3,3,3,3,5,Caroline,0,2570,2872,3206,3508,Raf,0,2594,2850,3238,3494,Indira,0,2614,2864,3244,3494,Y
DSC_1345.tif,3,3,3,3,6,Caroline,0,2536,2794,2897,3155,Raf,0,2528,2808,2884,3164,Indira,0,2540,2810,2898,3168,Y
DSC_1346.tif,3,3,1,1,1,Yuxuan,0,506,780,317,591,Emma,0,506,784,317,595,Mark,0,448,834,246,632,Y
DSC_1346.tif,3,3,1,1,2,Yuxuan,0,390,602,638,850,Emma,0,296,624,582,910,Mark,0,262,700,523,961,Y
DSC_1346.tif,3,3,1,1,3,Yuxuan,3,360,602,980,1222,Emma,3,338,642,961,1265,Mark,3,312,692,923,1303,Y
DSC_1346.tif,3,3,1,1,4,Yuxuan,5,864,1096,996,1228,Emma,5,823,1159,970,1306,Mark,5,822,1176,936,1290,Y
DSC_1346.tif,3,3,1,1,5,Yuxuan,6,1001,1223,738,960,Emma,6,977,1265,708,996,Mark,6,970,1316,662,1008,Y
DSC_1346.tif,3,3,1,1,6,Yuxuan,0,865,1139,432,706,Emma,0,834,1138,422,726,Mark,0,834,1256,367,789,Y
DSC_1346.tif,3,3,1,3,1,Yuxuan,0,2012,2244,427,659,Emma,0,2014,2292,406,684,Mark,0,2013,2343,354,684,Y
DSC_1346.tif,3,3,1,3,2,Yuxuan,0,1802,2044,644,886,Emma,0,1732,2052,608,928,Mark,0,1728,2098,583,953,Y
DSC_1346.tif,3,3,1,3,3,Yuxuan,0,1743,1997,1032,1286,Emma,0,1681,2035,978,1332,Mark,0,1660,2064,957,1361,Y
DSC_1346.tif,3,3,1,3,4,Yuxuan,2,2328,2570,985,1227,Emma,3,2326,2596,986,1256,Mark,3,2292,2662,945,1315,Y
DSC_1346.tif,3,3,1,3,5,Yuxuan,5,2243,2465,738,960,Emma,6,2234,2494,730,990,Mark,6,2216,2528,713,1025,Y
DSC_1346.tif,3,3,1,3,6,Yuxuan,6,2281,2491,444,654,Emma,6,2250,2520,422,692,Mark,6,2255,2575,380,700,Y
DSC_1346.tif,3,3,2,2,1,Yuxuan,6,1296,1476,1727,1907,Emma,6,1282,1508,1712,1938,Mark,6,1235,1581,1660,2006,Y
DSC_1346.tif,3,3,2,2,2,Yuxuan,0,1222,1506,2029,2313,Emma,0,1180,1484,2039,2343,Mark,0,1172,1542,2006,2376,Y
DSC_1346.tif,3,3,2,2,3,Yuxuan,0,1227,1491,2328,2592,Emma,0,1180,1500,2334,2654,Mark,0,1156,1518,2258,2620,Y
DSC_1346.tif,3,3,2,2,4,Yuxuan,0,1706,1960,2201,2455,Emma,0,1699,2019,2216,2536,Mark,0,1686,2098,2136,2548,Y
DSC_1346.tif,3,3,2,2,5,Yuxuan,4,1676,1896,1934,2154,Emma,5,1673,1909,1930,2166,Mark,5,1610,2006,1837,2233,Y
DSC_1346.tif,3,3,2,2,6,Yuxuan,5,1570,1792,1675,1897,Emma,6,1559,1821,1652,1914,Mark,6,1508,1888,1588,1968,Y
DSC_1346.tif,3,3,3,1,1,Yuxuan,4,544,744,2824,3024,Emma,4,519,779,2798,3058,Mark,5,489,819,2738,3068,Y
DSC_1346.tif,3,3,3,1,2,Yuxuan,4,485,665,3054,3234,Emma,5,442,688,3016,3262,Mark,5,444,704,2984,3244,Y
DSC_1346.tif,3,3,3,1,3,Yuxuan,0,428,722,3402,3696,Emma,0,397,759,3354,3716,Mark,0,392,756,3336,3700,Y
DSC_1346.tif,3,3,3,1,4,Yuxuan,0,980,1222,3350,3592,Emma,0,939,1235,3328,3624,Mark,0,936,1298,3262,3624,Y
DSC_1346.tif,3,3,3,1,5,Yuxuan,0,874,1138,3039,3303,Emma,0,852,1154,3034,3336,Mark,0,818,1222,2946,3350,Y
DSC_1346.tif,3,3,3,1,6,Yuxuan,1,802,1012,2792,3002,Emma,2,810,1046,2798,3034,Mark,1,802,1080,2752,3030,Y
DSC_1346.tif,3,3,3,3,1,Yuxuan,3,2058,2270,2780,2992,Emma,3,2040,2292,2764,3016,Mark,3,2006,2310,2734,3038,Y
DSC_1346.tif,3,3,3,3,2,Yuxuan,5,1896,2138,3018,3260,Emma,5,1910,2136,3026,3252,Mark,5,1872,2200,2950,3278,Y
DSC_1346.tif,3,3,3,3,3,Yuxuan,4,1928,2160,3391,3623,Emma,4,1914,2192,3362,3640,Mark,4,1880,2268,3320,3708,Y
DSC_1346.tif,3,3,3,3,4,Yuxuan,0,2508,2770,3239,3501,Emma,0,2512,2840,3186,3514,Mark,0,2502,2950,3130,3578,Y
DSC_1346.tif,3,3,3,3,5,Yuxuan,0,2434,2666,2923,3155,Emma,0,2376,2706,2865,3195,Mark,0,2368,2814,2794,3240,Y
DSC_1346.tif,3,3,3,3,6,Yuxuan,0,2338,2560,2649,2871,Emma,0,2318,2588,2629,2899,Mark,0,2292,2672,2549,2929,Y
DSC_1347.tif,3,3,1,1,1,Indira,0,576,826,214,464,Yuxuan,0,560,802,212,454,Emma,0,548,818,207,477,Y
DSC_1347.tif,3,3,1,1,2,Indira,3,479,749,496,766,Yuxuan,2,480,712,506,738,Emma,3,464,734,490,760,Y
DSC_1347.tif,3,3,1,1,3,Indira,3,462,712,838,1088,Yuxuan,3,448,690,844,1086,Emma,3,427,697,826,1096,Y
DSC_1347.tif,3,3,1,1,4,Indira,4,956,1232,780,1056,Yuxuan,3,949,1171,780,1002,Emma,4,952,1198,775,1021,Y
DSC_1347.tif,3,3,1,1,5,Indira,0,901,1151,516,766,Yuxuan,0,928,1180,512,764,Emma,0,869,1189,482,802,Y
DSC_1347.tif,3,3,1,1,6,Indira,0,871,1147,198,474,Yuxuan,0,906,1118,253,465,Emma,0,878,1214,170,506,Y
DSC_1347.tif,3,3,1,3,1,Indira,0,1958,2194,320,556,Yuxuan,0,1934,2186,338,590,Emma,0,1910,2204,288,582,Y
DSC_1347.tif,3,3,1,3,2,Indira,0,1809,2113,604,908,Yuxuan,0,1844,2076,633,865,Emma,0,1775,2153,574,952,Y
DSC_1347.tif,3,3,1,3,3,Indira,1,1852,2150,1044,1342,Yuxuan,0,1864,2096,1022,1254,Emma,1,1821,2157,996,1332,Y
DSC_1347.tif,3,3,1,3,4,Indira,4,2337,2579,848,1090,Yuxuan,4,2307,2561,822,1076,Emma,5,2310,2588,818,1096,Y
DSC_1347.tif,3,3,1,3,5,Indira,5,2391,2621,610,840,Yuxuan,5,2380,2612,590,822,Emma,6,2389,2625,582,818,Y
DSC_1347.tif,3,3,1,3,6,Indira,0,2282,2540,336,594,Yuxuan,0,2308,2528,365,585,Emma,0,2254,2566,338,650,Y
DSC_1347.tif,3,3,2,2,1,Indira,0,1473,1737,1632,1896,Yuxuan,0,1476,1696,1671,1891,Emma,0,1438,1732,1602,1896,Y
DSC_1347.tif,3,3,2,2,2,Indira,0,1402,1666,1910,2174,Yuxuan,0,1401,1645,1906,2150,Emma,0,1369,1707,1854,2192,Y
DSC_1347.tif,3,3,2,2,3,Indira,0,1172,1510,2208,2546,Yuxuan,0,1238,1480,2234,2476,Emma,0,1156,1534,2175,2553,Y
DSC_1347.tif,3,3,2,2,4,Indira,1,1754,2038,2134,2418,Yuxuan,1,1760,2012,2128,2380,Emma,2,1727,2031,2106,2410,Y
DSC_1347.tif,3,3,2,2,5,Indira,4,1740,1978,1879,2117,Yuxuan,4,1738,1960,1895,2117,Emma,4,1715,1985,1854,2124,Y
DSC_1347.tif,3,3,2,2,6,Indira,5,1714,1910,1694,1890,Yuxuan,6,1706,1896,1685,1875,Emma,6,1707,1901,1702,1896,Y
DSC_1347.tif,3,3,3,1,1,Indira,5,638,840,2747,2949,Yuxuan,6,611,823,2738,2950,Emma,6,599,851,2722,2974,Y
DSC_1347.tif,3,3,3,1,2,Indira,0,427,663,3014,3250,Yuxuan,0,412,674,2998,3260,Emma,0,367,663,2974,3270,Y
DSC_1347.tif,3,3,3,1,3,Indira,0,502,752,3291,3541,Yuxuan,0,454,706,3276,3528,Emma,0,494,814,3244,3564,Y
DSC_1347.tif,3,3,3,1,4,Indira,0,885,1101,3224,3440,Yuxuan,0,886,1128,3203,3445,Emma,0,856,1150,3186,3480,Y
DSC_1347.tif,3,3,3,1,5,Indira,3,962,1192,2943,3173,Yuxuan,3,976,1164,2950,3138,Emma,3,945,1189,2932,3176,Y
DSC_1347.tif,3,3,3,1,6,Indira,4,861,1071,2736,2946,Yuxuan,5,833,1043,2770,2980,Emma,4,822,1058,2748,2984,Y
DSC_1347.tif,3,3,3,3,1,Indira,4,2187,2391,2986,3190,Yuxuan,5,2222,2412,3013,3203,Emma,5,2205,2431,2984,3210,Y
DSC_1347.tif,3,3,3,3,2,Indira,5,2134,2370,3183,3419,Yuxuan,6,2138,2318,3223,3403,Emma,6,2119,2355,3176,3412,Y
DSC_1347.tif,3,3,3,3,3,Indira,0,2164,2414,3440,3690,Yuxuan,0,2150,2380,3471,3701,Emma,0,2106,2394,3378,3666,Y
DSC_1347.tif,3,3,3,3,4,Indira,0,2590,2854,3440,3704,Yuxuan,0,2602,2854,3439,3691,Emma,0,2536,2874,3387,3725,Y
DSC_1347.tif,3,3,3,3,5,Indira,0,2540,2816,3139,3415,Yuxuan,0,2602,2834,3155,3387,Emma,0,2546,2840,3122,3416,Y
DSC_1347.tif,3,3,3,3,6,Indira,3,2472,2716,2901,3145,Yuxuan,3,2476,2686,2923,3133,Emma,3,2448,2718,2890,3160,Y
DSC_1348.tif,3,3,1,1,1,JoshW,6,624,854,420,650,JoshB,6,632,818,472,658,Caroline,[],[],[],[],[],K
DSC_1348.tif,3,3,1,1,3,JoshW,0,451,729,996,1274,JoshB,0,430,734,965,1269,Caroline,0,415,745,956,1286,Y
DSC_1348.tif,3,3,1,1,4,JoshW,0,982,1320,871,1209,JoshB,0,996,1306,895,1205,Caroline,0,1012,1320,882,1190,Y
DSC_1348.tif,3,3,1,1,5,JoshW,5,925,1149,644,868,JoshB,6,937,1197,608,868,Caroline,6,920,1174,622,876,Y
DSC_1348.tif,3,3,1,1,6,JoshW,5,830,1074,352,596,JoshB,6,881,1091,372,582,Caroline,6,868,1100,366,598,Y
DSC_1348.tif,3,3,1,3,1,JoshW,6,2106,2282,542,718,JoshB,6,2116,2276,562,722,Caroline,[],[],[],[],[],K
DSC_1348.tif,3,3,1,3,3,JoshW,5,2011,2241,990,1220,JoshB,6,2014,2208,952,1146,Caroline,4,2019,2245,948,1174,Y
DSC_1348.tif,3,3,1,3,4,JoshW,0,2350,2628,1040,1318,JoshB,0,2389,2625,1054,1290,Caroline,0,2388,2648,1044,1304,Y
DSC_1348.tif,3,3,1,3,5,JoshW,0,2357,2655,746,1044,JoshB,0,2394,2662,718,986,Caroline,0,2346,2654,742,1050,Y
DSC_1348.tif,3,3,1,3,6,JoshW,6,2306,2468,516,678,JoshB,6,2296,2482,498,684,Caroline,5,2282,2464,514,696,Y
DSC_1348.tif,3,3,2,2,1,JoshW,2,1311,1561,1802,2052,JoshB,2,1316,1534,1821,2039,Caroline,2,1320,1552,1816,2048,Y
DSC_1348.tif,3,3,2,2,2,JoshW,4,1216,1486,2140,2410,JoshB,4,1248,1476,2203,2431,Caroline,4,1222,1490,2148,2416,Y
DSC_1348.tif,3,3,2,2,3,JoshW,4,1342,1544,2442,2644,JoshB,5,1316,1576,2411,2671,Caroline,4,1356,1538,2430,2612,Y
DSC_1348.tif,3,3,2,2,4,JoshW,4,1813,2015,2384,2586,JoshB,6,1796,2022,2386,2612,Caroline,5,1798,2030,2363,2595,Y
DSC_1348.tif,3,3,2,2,5,JoshW,0,1791,2035,2086,2330,JoshB,0,1792,2052,2040,2300,Caroline,0,1788,2076,2050,2338,Y
DSC_1348.tif,3,3,2,2,6,JoshW,0,1645,1883,1794,2032,JoshB,0,1655,1867,1820,2032,Caroline,0,1622,1876,1756,2010,Y
DSC_1348.tif,3,3,3,1,1,JoshW,0,384,674,2960,3250,JoshB,0,422,666,3008,3252,Caroline,[],[],[],[],[],K
DSC_1348.tif,3,3,3,1,2,JoshW,3,332,522,3280,3470,JoshB,4,312,514,3291,3493,Caroline,4,332,548,3294,3510,Y
DSC_1348.tif,3,3,3,1,3,JoshW,2,330,552,3562,3784,JoshB,4,346,566,3568,3788,Caroline,4,330,542,3563,3775,Y
DSC_1348.tif,3,3,3,1,4,JoshW,3,718,1016,3510,3808,JoshB,4,784,970,3581,3767,Caroline,3,724,990,3529,3795,Y
DSC_1348.tif,3,3,3,1,5,JoshW,4,908,1118,3304,3514,JoshB,5,897,1117,3286,3506,Caroline,5,886,1124,3294,3532,Y
DSC_1348.tif,3,3,3,1,6,JoshW,0,688,952,2946,3210,JoshB,0,722,966,2984,3228,Caroline,0,696,976,2947,3227,Y
DSC_1348.tif,3,3,3,3,1,JoshW,0,2248,2464,2906,3122,JoshB,0,2200,2452,2887,3139,Caroline,[],[],[],[],[],K
DSC_1348.tif,3,3,3,3,2,JoshW,0,1975,2273,3162,3460,JoshB,0,2006,2258,3144,3396,Caroline,0,1980,2268,3146,3434,Y
DSC_1348.tif,3,3,3,3,4,JoshW,5,2492,2702,3545,3755,JoshB,6,2487,2705,3540,3758,Caroline,5,2464,2696,3515,3747,Y
DSC_1348.tif,3,3,3,3,5,JoshW,6,2452,2688,3234,3470,JoshB,6,2452,2680,3252,3480,Caroline,6,2452,2668,3252,3468,Y
DSC_1348.tif,3,3,3,3,6,JoshW,6,2451,2695,2980,3224,JoshB,6,2503,2679,3034,3210,Caroline,6,2490,2680,3020,3210,Y
DSC_1349.tif,3,3,1,1,1,Emma,6,768,962,388,582,Mark,5,708,986,342,620,Clem,6,734,970,380,616,Y
DSC_1349.tif,3,3,1,1,2,Emma,0,590,868,556,834,Mark,0,548,928,518,898,Clem,0,561,831,556,826,Y
DSC_1349.tif,3,3,1,1,3,Emma,0,506,844,873,1211,Mark,0,456,886,834,1264,Clem,0,511,847,878,1214,Y
DSC_1349.tif,3,3,1,1,4,Emma,4,1054,1306,920,1172,Mark,5,1037,1341,902,1206,Clem,4,1054,1290,924,1160,Y
DSC_1349.tif,3,3,1,1,5,Emma,5,979,1247,600,868,Mark,5,957,1295,540,878,Clem,5,979,1205,600,826,Y
DSC_1349.tif,3,3,1,1,6,Emma,6,958,1184,364,590,Mark,6,943,1197,346,600,Clem,6,970,1154,372,556,Y
DSC_1349.tif,3,3,1,3,1,Emma,5,1964,2200,456,692,Mark,5,1946,2268,422,744,Clem,6,1981,2175,490,684,Y
DSC_1349.tif,3,3,1,3,2,Emma,6,1825,2069,624,868,Mark,6,1796,2116,587,907,Clem,6,1833,2069,632,868,Y
DSC_1349.tif,3,3,1,3,3,Emma,0,1711,2057,936,1282,Mark,0,1702,2064,936,1298,Clem,0,1723,1993,986,1256,Y
DSC_1349.tif,3,3,1,3,4,Emma,0,2296,2626,944,1274,Mark,0,2268,2646,920,1298,Clem,0,2275,2571,952,1248,Y
DSC_1349.tif,3,3,1,3,5,Emma,5,2310,2578,654,922,Mark,5,2276,2662,595,981,Clem,6,2292,2554,657,919,Y
DSC_1349.tif,3,3,1,3,6,Emma,6,2238,2482,406,650,Mark,6,2224,2536,359,671,Clem,6,2224,2460,414,650,Y
DSC_1349.tif,3,3,2,2,1,Emma,6,1198,1416,1754,1972,Mark,6,1156,1466,1691,2001,Clem,6,1180,1400,1744,1964,Y
DSC_1349.tif,3,3,2,2,2,Emma,6,1138,1400,2039,2301,Mark,6,1080,1390,1994,2304,Clem,6,1146,1358,2064,2276,Y
DSC_1349.tif,3,3,2,2,3,Emma,5,1188,1434,2342,2588,Mark,6,1184,1438,2334,2588,Clem,6,1206,1400,2359,2553,Y
DSC_1349.tif,3,3,2,2,4,Emma,0,1686,1990,2140,2444,Mark,0,1678,2022,2116,2460,Clem,0,1668,1922,2174,2428,Y
DSC_1349.tif,3,3,2,2,5,Emma,0,1534,1898,1828,2192,Mark,0,1534,1904,1825,2195,Clem,0,1552,1854,1851,2153,Y
DSC_1349.tif,3,3,2,2,6,Emma,6,1424,1694,1601,1871,Mark,6,1390,1778,1547,1935,Clem,6,1416,1686,1610,1880,Y
DSC_1349.tif,3,3,3,1,1,Emma,2,435,721,2932,3218,Mark,1,456,742,2924,3210,Clem,1,414,700,2941,3227,Y
DSC_1349.tif,3,3,3,1,2,Emma,5,351,603,3244,3496,Mark,4,322,658,3189,3525,Clem,4,330,582,3236,3488,Y
DSC_1349.tif,3,3,3,1,3,Emma,4,330,600,3517,3787,Mark,3,278,624,3458,3804,Clem,4,333,561,3530,3758,Y
DSC_1349.tif,3,3,3,1,4,Emma,5,878,1130,3540,3792,Mark,4,844,1198,3509,3863,Clem,6,852,1096,3543,3787,Y
DSC_1349.tif,3,3,3,1,5,Emma,0,877,1165,3218,3506,Mark,0,802,1222,3169,3589,Clem,0,868,1130,3235,3497,Y
DSC_1349.tif,3,3,3,1,6,Emma,0,718,1012,2916,3210,Mark,0,709,1071,2874,3236,Clem,0,729,991,2932,3194,Y
DSC_1349.tif,3,3,3,3,1,Emma,0,2089,2419,2772,3102,Mark,0,2062,2440,2748,3126,Clem,0,2111,2423,2780,3092,Y
DSC_1349.tif,3,3,3,3,2,Emma,6,1990,2250,3102,3362,Mark,6,1964,2292,3072,3400,Clem,6,1990,2216,3123,3349,Y
DSC_1349.tif,3,3,3,3,3,Emma,6,2014,2284,3454,3724,Mark,6,1967,2263,3412,3708,Clem,6,1946,2224,3443,3721,Y
DSC_1349.tif,3,3,3,3,4,Emma,6,2452,2706,3445,3699,Mark,5,2402,2806,3366,3770,Clem,5,2428,2646,3460,3678,Y
DSC_1349.tif,3,3,3,3,5,Emma,6,2351,2613,3176,3438,Mark,6,2334,2646,3143,3455,Clem,5,2360,2562,3206,3408,Y
DSC_1349.tif,3,3,3,3,6,Emma,0,2401,2671,2856,3126,Mark,0,2410,2738,2832,3160,Clem,0,2420,2638,2874,3092,Y
DSC_1350.tif,3,3,1,1,1,Emma,0,440,734,258,552,Mark,0,422,742,254,574,Clem,0,414,708,258,552,Y
DSC_1350.tif,3,3,1,1,2,Emma,0,296,650,616,970,Mark,0,278,658,578,958,Clem,0,312,582,645,915,Y
DSC_1350.tif,3,3,1,1,3,Emma,6,414,708,1008,1302,Mark,6,414,718,1007,1311,Clem,6,430,700,1024,1294,Y
DSC_1350.tif,3,3,1,1,4,Emma,6,958,1218,852,1112,Mark,6,928,1264,789,1125,Clem,6,996,1188,886,1078,Y
DSC_1350.tif,3,3,1,1,5,Emma,5,902,1156,565,819,Mark,6,868,1188,502,822,Clem,6,910,1122,573,785,Y
DSC_1350.tif,3,3,1,1,6,Emma,6,768,1038,245,515,Mark,6,768,1046,241,519,Clem,6,776,996,270,490,Y
DSC_1350.tif,3,3,1,3,1,Emma,6,1977,2195,456,674,Mark,6,1956,2242,414,700,Clem,6,1993,2171,472,650,Y
DSC_1350.tif,3,3,1,3,2,Emma,0,1838,2200,608,970,Mark,0,1846,2174,612,940,Clem,0,1888,2216,625,953,Y
DSC_1350.tif,3,3,1,3,3,Emma,0,1817,2187,1038,1408,Mark,0,1838,2166,1054,1382,Clem,0,1838,2124,1083,1369,Y
DSC_1350.tif,3,3,1,3,4,Emma,5,2276,2570,966,1260,Mark,5,2250,2604,944,1298,Clem,4,2326,2528,1000,1202,Y
DSC_1350.tif,3,3,1,3,5,Emma,6,2242,2494,680,932,Mark,6,2250,2520,662,932,Clem,6,2250,2478,700,928,Y
DSC_1350.tif,3,3,1,3,6,Emma,6,2208,2460,440,692,Mark,6,2198,2486,396,684,Clem,6,2200,2428,451,679,Y
DSC_1350.tif,3,3,2,2,1,Emma,6,1610,1872,1736,1998,Mark,6,1560,1914,1652,2006,Clem,6,1618,1836,1754,1972,Y
DSC_1350.tif,3,3,2,2,2,Emma,6,1365,1635,1904,2174,Mark,6,1324,1652,1854,2182,Clem,6,1370,1588,1922,2140,Y
DSC_1350.tif,3,3,2,2,3,Emma,0,1252,1640,2258,2646,Mark,0,1253,1589,2276,2612,Clem,0,1257,1585,2310,2638,Y
DSC_1350.tif,3,3,2,2,4,Emma,0,1872,2234,2292,2654,Mark,0,1914,2268,2296,2650,Clem,0,1884,2178,2326,2620,Y
DSC_1350.tif,3,3,2,2,5,Emma,5,1964,2258,2002,2296,Mark,6,1964,2292,1993,2321,Clem,6,1985,2221,2014,2250,Y
DSC_1350.tif,3,3,2,2,6,Emma,5,1901,2163,1744,2006,Mark,6,1897,2191,1712,2006,Clem,6,1904,2124,1773,1993,Y
DSC_1350.tif,3,3,3,1,1,Emma,6,396,600,3049,3253,Mark,6,338,650,2958,3270,Clem,6,406,608,3034,3236,Y
DSC_1350.tif,3,3,3,1,2,Emma,6,330,600,3328,3598,Mark,6,278,642,3256,3620,Clem,6,330,600,3320,3590,Y
DSC_1350.tif,3,3,3,1,3,Emma,4,422,708,3632,3918,Mark,5,380,760,3572,3952,Clem,5,388,708,3610,3930,Y
DSC_1350.tif,3,3,3,1,4,Emma,0,809,1139,3378,3708,Mark,0,818,1256,3324,3762,Clem,0,834,1146,3391,3703,Y
DSC_1350.tif,3,3,3,1,5,Emma,0,827,1163,2992,3328,Mark,0,826,1198,2953,3325,Clem,0,886,1130,3038,3282,Y
DSC_1350.tif,3,3,3,1,6,Emma,6,582,844,2861,3123,Mark,6,566,878,2823,3135,Clem,6,600,844,2865,3109,Y
DSC_1350.tif,3,3,3,3,1,Emma,5,2061,2339,3034,3312,Mark,6,2069,2373,3008,3312,Clem,5,2090,2310,3063,3283,Y
DSC_1350.tif,3,3,3,3,2,Emma,6,2002,2280,3304,3582,Mark,6,1972,2284,3257,3569,Clem,6,2006,2234,3328,3556,Y
DSC_1350.tif,3,3,3,3,3,Emma,6,2124,2418,3611,3905,Mark,6,2082,2410,3573,3901,Clem,6,2090,2394,3598,3902,Y
DSC_1350.tif,3,3,3,3,4,Emma,6,2546,2832,3758,4044,Mark,6,2512,2874,3699,4061,Clem,6,2570,2790,3795,4015,Y
DSC_1350.tif,3,3,3,3,5,Emma,0,2608,2928,3210,3530,Mark,0,2630,3008,3215,3593,Clem,0,2646,2882,3278,3514,Y
DSC_1350.tif,3,3,3,3,6,Emma,0,2368,2722,2950,3304,Mark,0,2363,2759,2908,3304,Clem,0,2428,2722,2992,3286,Y
DSC_1351.tif,3,3,1,1,1,Clem,0,590,844,329,583,JoshW,0,550,800,306,556,JoshB,0,608,860,300,552,Y
DSC_1351.tif,3,3,1,1,2,Clem,4,372,642,578,848,JoshW,3,360,596,601,837,JoshB,4,388,616,595,823,Y
DSC_1351.tif,3,3,1,1,3,Clem,4,367,595,928,1156,JoshW,2,332,584,918,1170,JoshB,4,367,611,928,1172,Y
DSC_1351.tif,3,3,1,1,4,Clem,6,734,1020,835,1121,JoshW,6,760,1002,875,1117,JoshB,6,788,990,894,1096,Y
DSC_1351.tif,3,3,1,1,5,Clem,6,844,1070,654,880,JoshW,6,814,1056,648,890,JoshB,6,835,1087,642,894,Y
DSC_1351.tif,3,3,1,1,6,Clem,0,844,1104,330,590,JoshW,0,890,1128,366,604,JoshB,0,886,1104,406,624,Y
DSC_1351.tif,3,3,1,3,1,Clem,0,1892,2128,540,776,JoshW,0,1873,2157,448,732,JoshB,0,1904,2140,527,763,Y
DSC_1351.tif,3,3,1,3,2,Clem,0,1720,2022,835,1137,JoshW,0,1730,2008,834,1112,JoshB,0,1761,1989,868,1096,Y
DSC_1351.tif,3,3,1,3,3,Clem,5,1812,2090,1210,1488,JoshW,5,1788,2052,1192,1456,JoshB,5,1804,2064,1202,1462,Y
DSC_1351.tif,3,3,1,3,4,Clem,6,2221,2499,952,1230,JoshW,5,2232,2448,1030,1246,JoshB,6,2242,2460,1042,1260,Y
DSC_1351.tif,3,3,1,3,5,Clem,6,2150,2460,730,1040,JoshW,6,2168,2424,756,1012,JoshB,6,2192,2410,776,994,Y
DSC_1351.tif,3,3,1,3,6,Clem,6,2203,2423,548,768,JoshW,5,2180,2376,559,755,JoshB,6,2233,2385,608,760,Y
DSC_1351.tif,3,3,2,2,1,Clem,6,1240,1424,1704,1888,JoshW,5,1226,1448,1694,1916,JoshB,6,1239,1459,1694,1914,Y
DSC_1351.tif,3,3,2,2,2,Clem,0,1020,1390,1872,2242,JoshW,0,1078,1354,1992,2268,JoshB,0,1054,1358,1989,2293,Y
DSC_1351.tif,3,3,2,2,3,Clem,0,978,1358,2313,2693,JoshW,0,979,1297,2356,2674,JoshB,0,1041,1319,2368,2646,Y
DSC_1351.tif,3,3,2,2,4,Clem,4,1496,1766,2208,2478,JoshW,3,1524,1774,2242,2492,JoshB,3,1522,1740,2268,2486,Y
DSC_1351.tif,3,3,2,2,5,Clem,6,1476,1754,1976,2254,JoshW,6,1490,1728,1984,2222,JoshB,5,1476,1728,1986,2238,Y
DSC_1351.tif,3,3,2,2,6,Clem,6,1484,1668,1770,1954,JoshW,6,1500,1704,1788,1992,JoshB,6,1495,1673,1786,1964,Y
DSC_1351.tif,3,3,3,1,1,Clem,6,354,582,3058,3286,JoshW,6,340,522,3091,3273,JoshB,6,330,532,3092,3294,Y
DSC_1351.tif,3,3,3,1,2,Clem,6,258,494,3328,3564,JoshW,6,261,485,3358,3582,JoshB,6,237,499,3362,3624,Y
DSC_1351.tif,3,3,3,1,3,Clem,0,304,582,3657,3935,JoshW,0,264,576,3639,3951,JoshB,0,312,582,3682,3952,Y
DSC_1351.tif,3,3,3,1,4,Clem,0,792,1146,3459,3813,JoshW,0,792,1132,3483,3823,JoshB,0,792,1088,3534,3830,Y
DSC_1351.tif,3,3,3,1,5,Clem,6,734,1020,3194,3480,JoshW,6,726,976,3237,3487,JoshB,6,718,970,3232,3484,Y
DSC_1351.tif,3,3,3,1,6,Clem,6,600,910,2984,3294,JoshW,5,618,840,3014,3236,JoshB,6,657,843,3050,3236,Y
DSC_1351.tif,3,3,3,3,1,Clem,6,2106,2326,2843,3063,JoshW,5,2126,2330,2887,3091,JoshB,6,2166,2310,2907,3051,Y
DSC_1351.tif,3,3,3,3,2,Clem,6,2014,2224,3110,3320,JoshW,5,1970,2208,3077,3315,JoshB,6,2014,2200,3105,3291,Y
DSC_1351.tif,3,3,3,3,3,Clem,6,2022,2224,3438,3640,JoshW,5,2002,2278,3400,3676,JoshB,6,2052,2254,3446,3648,Y
DSC_1351.tif,3,3,3,3,4,Clem,0,2546,2814,3350,3618,JoshW,0,2498,2790,3368,3660,JoshB,0,2462,2680,3396,3614,Y
DSC_1351.tif,3,3,3,3,5,Clem,0,2478,2780,3043,3345,JoshW,0,2458,2750,3060,3352,JoshB,0,2465,2701,3068,3304,Y
DSC_1351.tif,3,3,3,3,6,Clem,5,2368,2588,2831,3051,JoshW,4,2384,2586,2835,3037,JoshB,6,2394,2570,2870,3046,Y
DSC_1556.tif,2,5,1,1,1,Mark,6,528,714,332,518,Clem,6,540,686,352,498,JoshW,6,532,690,350,508,Y
DSC_1556.tif,2,5,1,1,2,Mark,0,438,674,449,685,Clem,0,455,623,506,674,JoshW,0,466,632,488,654,Y
DSC_1556.tif,2,5,1,1,3,Mark,0,404,646,654,896,Clem,0,455,601,680,826,JoshW,0,452,654,668,870,Y
DSC_1556.tif,2,5,1,1,4,Mark,6,686,938,612,864,Clem,6,718,886,637,805,JoshW,6,700,884,621,805,Y
DSC_1556.tif,2,5,1,1,5,Mark,6,730,960,455,685,Clem,6,735,909,460,634,JoshW,6,758,938,474,654,Y
DSC_1556.tif,2,5,1,1,6,Mark,0,714,920,290,496,Clem,0,718,892,323,497,JoshW,0,740,916,319,495,Y
DSC_1556.tif,2,5,1,2,1,Mark,0,1312,1498,320,506,Clem,0,1330,1514,327,511,JoshW,0,1304,1488,306,490,Y
DSC_1556.tif,2,5,1,2,2,Mark,6,1228,1458,455,685,Clem,6,1247,1419,484,656,JoshW,5,1246,1452,466,672,Y
DSC_1556.tif,2,5,1,2,3,Mark,0,1282,1500,674,892,Clem,[],[],[],[],[],JoshW,0,1316,1510,694,888,K
DSC_1556.tif,2,5,1,2,4,Mark,0,1532,1772,649,889,Clem,0,1548,1728,665,845,JoshW,0,1568,1736,687,855,Y
DSC_1556.tif,2,5,1,2,5,Mark,5,1526,1744,445,663,Clem,5,1520,1710,456,646,JoshW,4,1526,1728,470,672,Y
DSC_1556.tif,2,5,1,2,6,Mark,6,1464,1672,286,494,Clem,6,1486,1616,326,456,JoshW,5,1476,1652,312,488,Y
DSC_1556.tif,2,5,1,3,1,Mark,5,2064,2294,292,522,Clem,4,2055,2269,314,528,JoshW,4,2064,2254,309,499,Y
DSC_1556.tif,2,5,1,3,2,Mark,2,2008,2226,486,704,Clem,2,2036,2170,562,696,JoshW,1,2024,2178,537,691,Y
DSC_1556.tif,2,5,1,3,3,Mark,2,1986,2294,658,966,Clem,2,2048,2260,680,892,JoshW,2,2032,2258,675,901,Y
DSC_1556.tif,2,5,1,3,4,Mark,0,2368,2642,612,886,Clem,0,2378,2596,640,858,JoshW,0,2412,2628,623,839,Y
DSC_1556.tif,2,5,1,3,5,Mark,0,2340,2670,346,676,Clem,0,2409,2595,404,590,JoshW,0,2412,2618,391,597,Y
DSC_1556.tif,2,5,1,3,6,Mark,2,2250,2518,197,465,Clem,3,2247,2459,226,438,JoshW,3,2262,2470,216,424,Y
DSC_1556.tif,2,5,1,4,1,Mark,4,3000,3230,304,534,Clem,5,2987,3199,304,516,JoshW,5,3007,3193,320,506,Y
DSC_1556.tif,2,5,1,4,2,Mark,5,2934,3158,492,716,Clem,5,2950,3124,506,680,JoshW,6,2946,3120,520,694,Y
DSC_1556.tif,2,5,1,4,3,Mark,0,2962,3236,675,949,Clem,0,3046,3208,710,872,JoshW,0,3019,3227,712,920,Y
DSC_1556.tif,2,5,1,4,4,Mark,3,3224,3510,612,898,Clem,3,3223,3435,624,836,JoshW,3,3242,3432,650,840,Y
DSC_1556.tif,2,5,1,4,5,Mark,0,3270,3590,351,671,Clem,0,3304,3528,391,615,JoshW,0,3330,3552,402,624,Y
DSC_1556.tif,2,5,1,4,6,Mark,0,3186,3444,217,475,Clem,0,3196,3382,258,444,JoshW,0,3160,3412,202,454,Y
DSC_1556.tif,2,5,1,5,1,Mark,0,3892,4162,196,466,Clem,0,3920,4134,242,456,JoshW,0,3873,4103,200,430,Y
DSC_1556.tif,2,5,1,5,2,Mark,3,3780,4066,430,716,Clem,3,3817,4013,494,690,JoshW,3,3789,4015,474,700,Y
DSC_1556.tif,2,5,1,5,3,Mark,1,3909,4171,686,948,Clem,1,3912,4186,674,948,JoshW,1,3957,4187,704,934,Y
DSC_1556.tif,2,5,1,5,4,Mark,0,4206,4486,691,971,Clem,0,4228,4430,730,932,JoshW,0,4231,4435,712,916,Y
DSC_1556.tif,2,5,1,5,5,Mark,2,4200,4498,430,728,Clem,2,4195,4431,438,674,JoshW,2,4196,4438,416,658,Y
DSC_1556.tif,2,5,1,5,6,Mark,0,4162,4436,164,438,Clem,0,4145,4397,152,404,JoshW,0,4174,4390,172,388,Y
DSC_1556.tif,2,5,2,1,1,Mark,0,372,718,1521,1867,Clem,0,444,646,1650,1852,JoshW,0,424,664,1586,1826,Y
DSC_1556.tif,2,5,2,1,2,Mark,0,304,590,1770,2056,Clem,0,286,528,1800,2042,JoshW,0,330,546,1823,2039,Y
DSC_1556.tif,2,5,2,1,3,Mark,2,348,680,2016,2348,Clem,3,376,634,2036,2294,JoshW,1,362,618,2022,2278,Y
DSC_1556.tif,2,5,2,1,4,Mark,3,718,1028,2069,2379,Clem,4,714,966,2082,2334,JoshW,3,730,988,2096,2354,Y
DSC_1556.tif,2,5,2,1,5,Mark,0,746,1072,1804,2130,Clem,0,770,982,1866,2078,JoshW,0,776,992,1857,2073,Y
DSC_1556.tif,2,5,2,1,6,Mark,5,714,976,1630,1892,Clem,5,718,926,1660,1868,JoshW,5,740,928,1646,1834,Y
DSC_1556.tif,2,5,2,2,1,Mark,6,1324,1610,1598,1884,Clem,5,1333,1585,1622,1874,JoshW,6,1359,1589,1604,1834,Y
DSC_1556.tif,2,5,2,2,2,Mark,0,1221,1489,1824,2092,Clem,0,1228,1476,1862,2110,JoshW,0,1222,1448,1862,2088,Y
DSC_1556.tif,2,5,2,2,3,Mark,0,1324,1610,2059,2345,Clem,0,1355,1585,2086,2316,JoshW,0,1362,1636,2079,2353,Y
DSC_1556.tif,2,5,2,2,4,Mark,1,1610,1980,2020,2390,Clem,3,1624,1916,2036,2328,JoshW,2,1644,1914,2038,2308,Y
DSC_1556.tif,2,5,2,2,5,Mark,6,1688,1958,1820,2090,Clem,5,1706,1924,1838,2056,JoshW,0,1687,1903,1858,2074,Y
DSC_1556.tif,2,5,2,2,6,Mark,0,1638,1908,1579,1849,Clem,0,1644,1858,1604,1818,JoshW,0,1646,1888,1605,1847,Y
DSC_1556.tif,2,5,2,3,1,Mark,0,2272,2496,1568,1792,Clem,0,2272,2474,1570,1772,JoshW,0,2236,2506,1531,1801,Y
DSC_1556.tif,2,5,2,3,2,Mark,4,2188,2468,1762,2042,Clem,3,2208,2398,1784,1974,JoshW,5,2229,2441,1808,2020,Y
DSC_1556.tif,2,5,2,3,3,Mark,0,2154,2462,1983,2291,Clem,0,2160,2428,2015,2283,JoshW,0,2164,2412,2017,2265,Y
DSC_1556.tif,2,5,2,3,4,Mark,0,2522,2836,1936,2250,Clem,0,2552,2810,1992,2250,JoshW,0,2520,2746,1970,2196,Y
DSC_1556.tif,2,5,2,3,5,Mark,5,2540,2788,1710,1958,Clem,3,2536,2766,1722,1952,JoshW,4,2516,2750,1698,1932,Y
DSC_1556.tif,2,5,2,3,6,Mark,6,2502,2698,1549,1745,Clem,4,2506,2704,1542,1740,JoshW,4,2510,2672,1567,1729,Y
DSC_1556.tif,2,5,2,4,1,Mark,5,3096,3338,1618,1860,Clem,3,3096,3276,1632,1812,JoshW,3,3136,3280,1655,1799,Y
DSC_1556.tif,2,5,2,4,2,Mark,0,3108,3354,1804,2050,Clem,0,3124,3332,1832,2040,JoshW,0,3107,3347,1816,2056,Y
DSC_1556.tif,2,5,2,4,3,Mark,3,3071,3379,1998,2306,Clem,3,3062,3348,1977,2263,JoshW,2,3112,3342,2024,2254,Y
DSC_1556.tif,2,5,2,4,4,Mark,0,3432,3724,1960,2252,Clem,0,3420,3646,1968,2194,JoshW,0,3452,3672,1970,2190,Y
DSC_1556.tif,2,5,2,4,5,Mark,0,3388,3712,1686,2010,Clem,0,3416,3652,1711,1947,JoshW,0,3438,3632,1731,1925,Y
DSC_1556.tif,2,5,2,4,6,Mark,5,3298,3556,1529,1787,Clem,4,3304,3528,1540,1764,JoshW,4,3312,3502,1571,1761,Y
DSC_1556.tif,2,5,2,5,1,Mark,4,3966,4228,1647,1909,Clem,3,3996,4198,1700,1902,JoshW,3,4016,4210,1688,1882,Y
DSC_1556.tif,2,5,2,5,2,Mark,4,3881,4145,1834,2098,Clem,4,3928,4124,1880,2076,JoshW,4,3908,4142,1866,2100,Y
DSC_1556.tif,2,5,2,5,3,Mark,0,3990,4260,2070,2340,Clem,0,4050,4240,2096,2286,JoshW,0,4032,4236,2082,2286,Y
DSC_1556.tif,2,5,2,5,4,Mark,3,4284,4564,2008,2288,Clem,3,4266,4506,2026,2266,JoshW,2,4304,4548,2035,2279,Y
DSC_1556.tif,2,5,2,5,5,Mark,0,4290,4570,1776,2056,Clem,0,4326,4506,1828,2008,JoshW,0,4304,4524,1784,2004,Y
DSC_1556.tif,2,5,2,5,6,Mark,0,4194,4486,1573,1865,Clem,0,4222,4430,1616,1824,JoshW,0,4210,4412,1594,1796,Y
DSC_1558.tif,2,5,1,1,1,JoshB,3,270,450,572,752,Caroline,[],[],[],[],[],Raf,3,253,445,574,766,K
DSC_1558.tif,2,5,1,1,2,JoshB,0,136,376,731,971,Caroline,0,122,370,739,987,Raf,0,152,364,756,968,Y
DSC_1558.tif,2,5,1,1,3,JoshB,0,226,438,969,1181,Caroline,0,240,468,964,1192,Raf,0,206,416,982,1192,Y
DSC_1558.tif,2,5,1,1,4,JoshB,0,522,702,965,1145,Caroline,0,478,740,895,1157,Raf,0,518,728,924,1134,Y
DSC_1558.tif,2,5,1,2,2,JoshB,0,1140,1308,702,870,Caroline,0,1132,1304,689,861,Raf,1,1122,1298,690,866,Y
DSC_1558.tif,2,5,1,2,3,JoshB,0,1156,1336,946,1126,Caroline,0,1147,1345,930,1128,Raf,0,1164,1326,962,1124,Y
DSC_1558.tif,2,5,1,2,4,JoshB,0,1464,1678,825,1039,Caroline,0,1444,1678,762,996,Raf,0,1493,1651,848,1006,Y
DSC_1558.tif,2,5,1,2,5,JoshB,0,1458,1644,578,764,Caroline,0,1433,1625,542,734,Raf,0,1456,1612,548,704,Y
DSC_1558.tif,2,5,1,3,1,JoshB,5,2120,2288,528,696,Caroline,5,2090,2282,510,702,Raf,5,2104,2268,526,690,Y
DSC_1558.tif,2,5,1,3,2,JoshB,5,2042,2210,674,842,Caroline,4,2038,2216,667,845,Raf,5,2056,2198,677,819,Y
DSC_1558.tif,2,5,1,3,3,JoshB,4,2110,2278,826,994,Caroline,3,2090,2310,837,1057,Raf,3,2098,2302,819,1023,Y
DSC_1558.tif,2,5,1,3,4,JoshB,0,2428,2608,794,974,Caroline,0,2408,2626,782,1000,Raf,0,2442,2606,806,970,Y
DSC_1558.tif,2,5,1,3,5,JoshB,0,2462,2620,578,736,Caroline,0,2454,2678,538,762,Raf,0,2448,2652,544,748,Y
DSC_1558.tif,2,5,1,3,6,JoshB,0,2300,2462,438,600,Caroline,0,2262,2464,421,623,Raf,0,2284,2436,434,586,Y
DSC_1558.tif,2,5,1,4,1,JoshB,0,3118,3248,494,624,Caroline,0,3112,3286,468,642,Raf,0,3114,3266,465,617,Y
DSC_1558.tif,2,5,1,4,2,JoshB,5,3059,3255,662,858,Caroline,4,3045,3241,670,866,Raf,5,3052,3240,666,854,Y
DSC_1558.tif,2,5,1,4,3,JoshB,4,3096,3338,844,1086,Caroline,3,3122,3304,856,1038,Raf,4,3108,3300,854,1046,Y
DSC_1558.tif,2,5,1,4,4,JoshB,1,3387,3589,826,1028,Caroline,1,3378,3596,824,1042,Raf,1,3394,3604,824,1034,Y
DSC_1558.tif,2,5,1,4,5,JoshB,1,3328,3520,578,770,Caroline,2,3330,3546,580,796,Raf,1,3342,3552,585,795,Y
DSC_1558.tif,2,5,1,4,6,JoshB,0,3323,3429,444,550,Caroline,0,3280,3440,433,593,Raf,0,3300,3446,434,580,Y
DSC_1558.tif,2,5,1,5,1,JoshB,0,4094,4284,445,635,Caroline,0,4056,4286,402,632,Raf,0,4066,4288,410,632,Y
DSC_1558.tif,2,5,1,5,2,JoshB,0,4034,4220,662,848,Caroline,0,3985,4241,618,874,Raf,0,4014,4224,638,848,Y
DSC_1558.tif,2,5,1,5,3,JoshB,4,4094,4296,872,1074,Caroline,4,4084,4276,877,1069,Raf,4,4078,4300,839,1061,Y
DSC_1558.tif,2,5,1,5,4,JoshB,3,4364,4564,815,1015,Caroline,3,4360,4556,818,1014,Raf,2,4364,4550,810,996,Y
DSC_1558.tif,2,5,1,5,5,JoshB,2,4357,4571,544,758,Caroline,2,4347,4575,548,776,Raf,1,4350,4548,556,754,Y
DSC_1558.tif,2,5,1,5,6,JoshB,0,4352,4520,346,514,Caroline,1,4328,4520,347,539,Raf,1,4326,4524,346,544,Y
DSC_1558.tif,2,5,2,1,2,JoshB,0,214,366,2134,2286,Caroline,1,195,397,2108,2310,Raf,0,188,386,2098,2296,Y
DSC_1558.tif,2,5,2,1,3,JoshB,0,304,444,2384,2524,Caroline,1,262,440,2365,2543,Raf,0,240,462,2317,2539,Y
DSC_1558.tif,2,5,2,1,4,JoshB,3,555,719,2282,2446,Caroline,3,562,716,2298,2452,Raf,3,532,714,2257,2439,Y
DSC_1558.tif,2,5,2,1,5,JoshB,4,641,831,2054,2244,Caroline,[],[],[],[],[],Raf,4,635,833,2040,2238,K
DSC_1558.tif,2,5,2,2,1,JoshB,5,1234,1386,1820,1972,Caroline,3,1226,1402,1813,1989,Raf,4,1228,1396,1815,1983,Y
DSC_1558.tif,2,5,2,2,2,JoshB,0,1078,1268,2006,2196,Caroline,1,1084,1296,1991,2203,Raf,0,1089,1283,1986,2180,Y
DSC_1558.tif,2,5,2,2,3,JoshB,0,1184,1370,2196,2382,Caroline,1,1184,1422,2181,2419,Raf,0,1204,1414,2206,2416,Y
DSC_1558.tif,2,5,2,2,4,JoshB,0,1504,1678,2162,2336,Caroline,1,1444,1688,2131,2375,Raf,0,1450,1694,2130,2374,Y
DSC_1558.tif,2,5,2,2,5,JoshB,6,1452,1632,1946,2126,Caroline,4,1426,1636,1926,2136,Raf,5,1432,1654,1914,2136,Y
DSC_1558.tif,2,5,2,2,6,JoshB,6,1396,1576,1744,1924,Caroline,4,1410,1578,1762,1930,Raf,5,1394,1568,1754,1928,Y
DSC_1558.tif,2,5,2,3,2,JoshB,0,2138,2294,1992,2148,Caroline,0,2112,2314,1965,2167,Raf,0,2104,2320,1952,2168,Y
DSC_1558.tif,2,5,2,3,3,JoshB,0,2106,2302,2166,2362,Caroline,0,2098,2314,2173,2389,Raf,0,2107,2305,2198,2396,Y
DSC_1558.tif,2,5,2,3,4,JoshB,0,2415,2595,2114,2294,Caroline,0,2402,2604,2089,2291,Raf,0,2431,2623,2104,2296,Y
DSC_1558.tif,2,5,2,3,5,JoshB,1,2358,2538,1868,2048,Caroline,3,2352,2556,1866,2070,Raf,3,2358,2544,1876,2062,Y
DSC_1558.tif,2,5,2,3,6,JoshB,5,2294,2484,1703,1893,Caroline,[],[],[],[],[],Raf,5,2308,2484,1709,1885,K
DSC_1558.tif,2,5,2,4,1,JoshB,5,3148,3354,1796,2002,Caroline,5,3160,3342,1816,1998,Raf,5,3144,3354,1785,1995,Y
DSC_1558.tif,2,5,2,4,2,JoshB,4,2990,3186,1981,2177,Caroline,4,3015,3197,1972,2154,Raf,4,3015,3207,1964,2156,Y
DSC_1558.tif,2,5,2,4,3,JoshB,0,3080,3276,2227,2423,Caroline,0,3062,3304,2219,2461,Raf,0,3065,3293,2214,2442,Y
DSC_1558.tif,2,5,2,4,4,JoshB,0,3432,3674,2190,2432,Caroline,1,3420,3678,2168,2426,Raf,0,3400,3646,2199,2445,Y
DSC_1558.tif,2,5,2,4,5,JoshB,0,3436,3648,1958,2170,Caroline,1,3454,3678,1926,2150,Raf,0,3441,3669,1946,2174,Y
DSC_1558.tif,2,5,2,4,6,JoshB,0,3376,3566,1695,1885,Caroline,1,3388,3584,1712,1908,Raf,0,3388,3610,1683,1905,Y
DSC_1558.tif,2,5,2,5,1,JoshB,0,4179,4363,1784,1968,Caroline,1,4185,4381,1796,1992,Raf,0,4182,4382,1767,1967,Y
DSC_1558.tif,2,5,2,5,2,JoshB,4,4144,4374,2002,2232,Caroline,4,4146,4394,2000,2248,Raf,4,4130,4398,1972,2240,Y
DSC_1558.tif,2,5,2,5,3,JoshB,4,4166,4368,2230,2432,Caroline,3,4146,4342,2230,2426,Raf,3,4136,4376,2220,2460,Y
DSC_1558.tif,2,5,2,5,4,JoshB,1,4481,4739,2110,2368,Caroline,1,4458,4734,2094,2370,Raf,1,4466,4746,2092,2372,Y
DSC_1558.tif,2,5,2,5,5,JoshB,0,4448,4682,1830,2064,Caroline,1,4440,4674,1847,2081,Raf,0,4428,4680,1846,2098,Y
DSC_1558.tif,2,5,2,5,6,JoshB,0,4340,4514,1683,1857,Caroline,[],[],[],[],[],Raf,0,4346,4562,1657,1873,K
DSC_1592.tif,2,5,1,1,1,Mark,1,584,802,501,719,Clem,1,607,781,550,724,JoshW,1,560,758,517,715,Y
DSC_1592.tif,2,5,1,1,2,Mark,0,578,814,696,932,Clem,0,599,817,730,948,JoshW,0,614,826,710,922,Y
DSC_1592.tif,2,5,1,1,3,Mark,0,442,710,904,1172,Clem,0,472,690,923,1141,JoshW,0,402,658,898,1154,Y
DSC_1592.tif,2,5,1,1,4,Mark,0,848,1116,912,1180,Clem,0,862,1074,938,1150,JoshW,0,867,1095,930,1158,Y
DSC_1592.tif,2,5,1,1,5,Mark,4,820,1084,682,946,Clem,5,820,1044,690,914,JoshW,5,837,1039,700,902,Y
DSC_1592.tif,2,5,1,1,6,Mark,4,794,1020,488,714,Clem,5,786,982,509,705,JoshW,4,776,1010,488,722,Y
DSC_1592.tif,2,5,1,2,1,Mark,5,1392,1610,422,640,Clem,6,1397,1571,466,640,JoshW,5,1394,1550,448,604,Y
DSC_1592.tif,2,5,1,2,2,Mark,0,1336,1570,638,872,Clem,0,1358,1570,686,898,JoshW,0,1367,1569,668,870,Y
DSC_1592.tif,2,5,1,2,3,Mark,0,1318,1616,880,1178,Clem,[],[],[],[],[],JoshW,0,1366,1578,922,1134,K
DSC_1592.tif,2,5,1,2,4,Mark,0,1706,2026,823,1143,Clem,0,1734,1974,873,1113,JoshW,0,1740,1948,861,1069,Y
DSC_1592.tif,2,5,1,2,5,Mark,0,1666,1918,573,825,Clem,0,1656,1852,615,811,JoshW,0,1648,1918,574,844,Y
DSC_1592.tif,2,5,1,2,6,Mark,3,1571,1795,400,624,Clem,5,1574,1764,422,612,JoshW,3,1574,1754,425,605,Y
DSC_1592.tif,2,5,1,3,1,Mark,5,2244,2468,478,702,Clem,5,2247,2425,512,690,JoshW,5,2258,2448,510,700,Y
DSC_1592.tif,2,5,1,3,2,Mark,5,2176,2396,637,857,Clem,5,2198,2344,687,833,JoshW,4,2172,2352,668,848,Y
DSC_1592.tif,2,5,1,3,3,Mark,2,2222,2456,820,1054,Clem,1,2252,2426,842,1016,JoshW,2,2231,2439,816,1024,Y
DSC_1592.tif,2,5,1,3,4,Mark,0,2540,2760,802,1022,Clem,0,2524,2732,803,1011,JoshW,0,2529,2727,840,1038,Y
DSC_1592.tif,2,5,1,3,5,Mark,0,2530,2782,578,830,Clem,0,2547,2737,624,814,JoshW,0,2565,2781,592,808,Y
DSC_1592.tif,2,5,1,3,6,Mark,0,2422,2636,404,618,Clem,0,2431,2605,444,618,JoshW,0,2434,2618,430,614,Y
DSC_1592.tif,2,5,1,4,1,Mark,0,3034,3292,456,714,Clem,0,3034,3260,488,714,JoshW,0,3058,3256,514,712,Y
DSC_1592.tif,2,5,1,4,2,Mark,4,2990,3230,717,957,Clem,3,3012,3196,739,923,JoshW,4,3024,3214,757,947,Y
DSC_1592.tif,2,5,1,4,3,Mark,3,3080,3276,899,1095,Clem,3,3090,3286,895,1091,JoshW,3,3092,3276,923,1107,Y
DSC_1592.tif,2,5,1,4,4,Mark,0,3314,3550,780,1016,Clem,0,3320,3522,797,999,JoshW,0,3354,3546,801,993,Y
DSC_1592.tif,2,5,1,4,5,Mark,0,3376,3646,541,811,Clem,0,3365,3601,572,808,JoshW,0,3438,3624,580,766,Y
DSC_1592.tif,2,5,1,4,6,Mark,0,3253,3477,404,628,Clem,0,3233,3463,422,652,JoshW,[],[],[],[],[],K
DSC_1592.tif,2,5,1,5,1,Mark,0,3988,4194,476,682,Clem,0,3976,4178,494,696,JoshW,0,3998,4204,486,692,Y
DSC_1592.tif,2,5,1,5,2,Mark,0,3833,4091,652,910,Clem,0,3836,4082,674,920,JoshW,0,3860,4100,672,912,Y
DSC_1592.tif,2,5,1,5,3,Mark,4,3830,4128,850,1148,Clem,4,3876,4082,879,1085,JoshW,4,3890,4110,900,1120,Y
DSC_1592.tif,2,5,1,5,4,Mark,5,4156,4408,834,1086,Clem,5,4156,4364,825,1033,JoshW,4,4180,4374,848,1042,Y
DSC_1592.tif,2,5,1,5,5,Mark,3,4197,4405,662,870,Clem,4,4162,4386,668,892,JoshW,3,4212,4392,690,870,Y
DSC_1592.tif,2,5,1,5,6,Mark,5,4220,4428,472,680,Clem,6,4218,4402,481,665,JoshW,5,4234,4432,484,682,Y
DSC_1592.tif,2,5,2,1,1,Mark,0,646,842,1689,1885,Clem,0,646,826,1686,1866,JoshW,0,654,816,1689,1851,Y
DSC_1592.tif,2,5,2,1,2,Mark,0,556,798,1865,2107,Clem,0,536,778,1856,2098,JoshW,0,564,754,1889,2079,Y
DSC_1592.tif,2,5,2,1,3,Mark,0,562,820,2081,2339,Clem,0,618,792,2104,2278,JoshW,0,610,794,2110,2294,Y
DSC_1592.tif,2,5,2,1,4,Mark,3,854,1140,2005,2291,Clem,4,898,1050,2050,2202,JoshW,3,897,1069,2046,2218,Y
DSC_1592.tif,2,5,2,1,5,Mark,6,882,1128,1796,2042,Clem,6,903,1083,1840,2020,JoshW,5,888,1078,1823,2013,Y
DSC_1592.tif,2,5,2,1,6,Mark,6,822,1046,1622,1846,Clem,6,851,1007,1672,1828,JoshW,5,825,1029,1654,1858,Y
DSC_1592.tif,2,5,2,2,1,Mark,3,1358,1598,1593,1833,Clem,3,1364,1572,1610,1818,JoshW,2,1358,1596,1596,1834,Y
DSC_1592.tif,2,5,2,2,2,Mark,0,1240,1548,1754,2062,Clem,0,1246,1492,1816,2062,JoshW,1,1273,1485,1812,2024,Y
DSC_1592.tif,2,5,2,2,3,Mark,0,1240,1538,2000,2298,Clem,0,1243,1495,2048,2300,JoshW,0,1275,1511,2050,2286,Y
DSC_1592.tif,2,5,2,2,4,Mark,0,1666,1958,1989,2281,Clem,0,1671,1901,2014,2244,JoshW,0,1663,1911,2014,2262,Y
DSC_1592.tif,2,5,2,2,5,Mark,4,1637,1891,1744,1998,Clem,3,1615,1835,1772,1992,JoshW,4,1636,1866,1753,1983,Y
DSC_1592.tif,2,5,2,2,6,Mark,5,1607,1831,1554,1778,Clem,5,1582,1800,1563,1781,JoshW,5,1604,1826,1548,1770,Y
DSC_1592.tif,2,5,2,3,1,Mark,6,2168,2336,1622,1790,Clem,6,2165,2295,1638,1768,JoshW,6,2178,2326,1623,1771,Y
DSC_1592.tif,2,5,2,3,2,Mark,0,2110,2328,1804,2022,Clem,0,2114,2294,1821,2001,JoshW,0,2107,2333,1794,2020,Y
DSC_1592.tif,2,5,2,3,3,Mark,0,2061,2297,2014,2250,Clem,[],[],[],[],[],JoshW,0,2092,2312,2001,2221,K
DSC_1592.tif,2,5,2,3,4,Mark,0,2452,2698,2048,2294,Clem,[],[],[],[],[],JoshW,0,2465,2699,2060,2294,K
DSC_1592.tif,2,5,2,3,5,Mark,0,2340,2592,1798,2050,Clem,0,2362,2580,1781,1999,JoshW,0,2339,2547,1798,2006,Y
DSC_1592.tif,2,5,2,3,6,Mark,5,2294,2530,1621,1857,Clem,6,2322,2468,1669,1815,JoshW,4,2320,2482,1678,1840,Y
DSC_1592.tif,2,5,2,4,1,Mark,6,2942,3206,1588,1852,Clem,6,2945,3203,1588,1846,JoshW,6,2973,3189,1600,1816,Y
DSC_1592.tif,2,5,2,4,2,Mark,5,2894,3196,1810,2112,Clem,5,2878,3130,1804,2056,JoshW,4,2925,3129,1834,2038,Y
DSC_1592.tif,2,5,2,4,3,Mark,0,2906,3152,2056,2302,Clem,0,2910,3108,2069,2267,JoshW,0,2930,3128,2064,2262,Y
DSC_1592.tif,2,5,2,4,4,Mark,0,3292,3624,1994,2326,Clem,0,3332,3538,2040,2246,JoshW,0,3322,3614,2015,2307,Y
DSC_1592.tif,2,5,2,4,5,Mark,0,3242,3578,1695,2031,Clem,0,3292,3544,1728,1980,JoshW,0,3262,3534,1725,1997,Y
DSC_1592.tif,2,5,2,4,6,Mark,0,3217,3469,1532,1784,Clem,0,3186,3460,1529,1803,JoshW,0,3214,3448,1546,1780,Y
DSC_1592.tif,2,5,2,5,1,Mark,0,3909,4139,1622,1852,Clem,0,3948,4128,1660,1840,JoshW,0,3930,4120,1648,1838,Y
DSC_1592.tif,2,5,2,5,2,Mark,4,3914,4172,1829,2087,Clem,3,3937,4157,1884,2104,JoshW,3,3970,4142,1870,2042,Y
DSC_1592.tif,2,5,2,5,3,Mark,3,3892,4106,2098,2312,Clem,3,3908,4060,2111,2263,JoshW,0,3902,4070,2098,2266,Y
DSC_1592.tif,2,5,2,5,4,Mark,2,4246,4480,2015,2249,Clem,0,4274,4476,2044,2246,JoshW,1,4290,4510,2002,2222,Y
DSC_1592.tif,2,5,2,5,5,Mark,1,4172,4442,1758,2028,Clem,0,4172,4392,1783,2003,JoshW,0,4192,4416,1767,1991,Y
DSC_1592.tif,2,5,2,5,6,Mark,0,4123,4341,1566,1784,Clem,0,4106,4308,1570,1772,JoshW,0,4117,4333,1556,1772,Y
DSC_1593.tif,2,5,1,1,1,Clem,5,556,774,324,542,JoshW,4,556,780,319,543,JoshB,3,562,774,332,544,Y
DSC_1593.tif,2,5,1,1,2,Clem,0,393,651,512,770,JoshW,0,388,636,488,736,JoshB,0,439,629,540,730,Y
DSC_1593.tif,2,5,1,1,3,Clem,0,349,635,770,1056,JoshW,0,326,600,758,1032,JoshB,0,394,540,825,971,Y
DSC_1593.tif,2,5,1,1,4,Clem,0,753,987,344,578,JoshW,4,712,956,767,1011,JoshB,4,730,926,800,996,Y
DSC_1593.tif,2,5,1,1,5,Clem,5,746,932,584,770,JoshW,5,718,960,560,802,JoshB,5,735,943,584,792,Y
DSC_1593.tif,2,5,1,1,6,Clem,4,702,942,775,1015,JoshW,0,774,972,352,550,JoshB,0,798,932,421,555,Y
DSC_1593.tif,2,5,1,2,1,Clem,0,1293,1495,360,562,JoshW,0,1281,1465,398,582,JoshB,0,1281,1473,404,596,Y
DSC_1593.tif,2,5,1,2,2,Clem,4,1227,1445,562,780,JoshW,4,1208,1402,587,781,JoshB,3,1229,1415,584,770,Y
DSC_1593.tif,2,5,1,2,3,Clem,0,1168,1386,784,1002,JoshW,0,1164,1366,789,991,JoshB,0,1168,1352,778,962,Y
DSC_1593.tif,2,5,1,2,4,Clem,0,1604,1840,769,1005,JoshW,0,1596,1798,769,971,JoshB,0,1594,1762,809,977,Y
DSC_1593.tif,2,5,1,2,5,Clem,1,1594,1784,534,724,JoshW,2,1602,1774,546,718,JoshB,2,1604,1772,556,724,Y
DSC_1593.tif,2,5,1,2,6,Clem,5,1483,1683,372,572,JoshW,5,1502,1664,409,571,JoshB,4,1510,1660,414,564,Y
DSC_1593.tif,2,5,1,3,1,Clem,4,2221,2435,236,450,JoshW,4,2204,2402,236,434,JoshB,4,2208,2432,226,450,Y
DSC_1593.tif,2,5,1,3,2,Clem,0,2180,2410,444,674,JoshW,0,2168,2398,418,648,JoshB,0,2210,2384,464,638,Y
DSC_1593.tif,2,5,1,3,3,Clem,3,2154,2428,654,928,JoshW,3,2182,2394,665,877,JoshB,4,2198,2406,682,890,Y
DSC_1593.tif,2,5,1,3,4,Clem,0,2574,2798,696,920,JoshW,0,2598,2824,690,916,JoshB,0,2580,2810,691,921,Y
DSC_1593.tif,2,5,1,3,5,Clem,0,2546,2788,440,682,JoshW,0,2570,2786,454,670,JoshB,0,2564,2770,445,651,Y
DSC_1593.tif,2,5,1,3,6,Clem,3,2428,2710,193,475,JoshW,3,2447,2651,230,434,JoshB,4,2474,2648,262,436,Y
DSC_1593.tif,2,5,1,4,1,Clem,3,3152,3326,320,494,JoshW,3,3128,3304,312,488,JoshB,5,3152,3332,314,494,Y
DSC_1593.tif,2,5,1,4,2,Clem,3,3115,3329,472,686,JoshW,2,3128,3312,492,676,JoshB,3,3121,3307,494,680,Y
DSC_1593.tif,2,5,1,4,3,Clem,0,3046,3248,716,918,JoshW,0,3024,3226,704,906,JoshB,0,3102,3248,713,859,Y
DSC_1593.tif,2,5,1,4,4,Clem,0,3382,3556,265,439,JoshW,1,3434,3610,677,853,JoshB,2,3444,3634,702,892,Y
DSC_1593.tif,2,5,1,4,5,Clem,0,3376,3606,419,649,JoshW,0,3380,3582,458,660,JoshB,0,3404,3594,466,656,Y
DSC_1593.tif,2,5,1,4,6,Clem,1,3398,3634,659,895,JoshW,0,3336,3542,250,456,JoshB,0,3370,3516,286,432,Y
DSC_1593.tif,2,5,1,5,1,Clem,0,4111,4295,428,612,JoshW,0,4100,4304,396,600,JoshB,0,4096,4282,410,596,Y
DSC_1593.tif,2,5,1,5,2,Clem,5,4004,4194,624,814,JoshW,5,4005,4215,610,820,JoshB,5,4004,4240,598,834,Y
DSC_1593.tif,2,5,1,5,3,Clem,5,4044,4256,815,1027,JoshW,3,4070,4272,840,1042,JoshB,3,4066,4284,820,1038,Y
DSC_1593.tif,2,5,1,5,4,Clem,0,4416,4578,870,1032,JoshW,0,4387,4595,852,1060,JoshB,0,4405,4573,854,1022,Y
DSC_1593.tif,2,5,1,5,5,Clem,4,4396,4582,597,783,JoshW,4,4380,4588,581,789,JoshB,4,4396,4610,600,814,Y
DSC_1593.tif,2,5,1,5,6,Clem,0,4312,4536,382,606,JoshW,0,4322,4524,378,580,JoshB,0,4352,4498,410,556,Y
DSC_1593.tif,2,5,2,1,1,Clem,0,323,531,1688,1896,JoshW,0,272,532,1657,1917,JoshB,0,270,494,1711,1935,Y
DSC_1593.tif,2,5,2,1,2,Clem,0,130,366,1870,2106,JoshW,0,163,379,1884,2100,JoshB,0,186,360,2009,2183,Y
DSC_1593.tif,2,5,2,1,3,Clem,1,180,344,2100,2264,JoshW,1,186,338,2112,2264,JoshB,0,183,385,2086,2288,Y
DSC_1593.tif,2,5,2,1,4,Clem,4,541,769,1684,1912,JoshW,1,556,740,2069,2253,JoshB,1,556,758,2064,2266,Y
DSC_1593.tif,2,5,2,1,5,Clem,0,531,733,1856,2058,JoshW,[],[],[],[],[],JoshB,0,534,702,1902,2070,K
DSC_1593.tif,2,5,2,1,6,Clem,1,562,742,2086,2266,JoshW,3,730,984,1861,2115,JoshB,3,568,736,1725,1893,Y
DSC_1593.tif,2,5,2,2,1,Clem,5,1364,1542,1720,1898,JoshW,6,1362,1560,1718,1916,JoshB,6,1361,1557,1688,1884,Y
DSC_1593.tif,2,5,2,2,2,Clem,0,1254,1462,1862,2070,JoshW,0,1244,1420,1862,2038,JoshB,0,1296,1430,1902,2036,Y
DSC_1593.tif,2,5,2,2,3,Clem,0,1228,1420,2049,2241,JoshW,0,1218,1420,2049,2251,JoshB,0,1246,1408,2062,2224,Y
DSC_1593.tif,2,5,2,2,4,Clem,5,1532,1744,2020,2232,JoshW,5,1520,1744,2031,2255,JoshB,5,1548,1734,2047,2233,Y
DSC_1593.tif,2,5,2,2,5,Clem,4,1498,1716,1852,2070,JoshW,6,1502,1704,1851,2053,JoshB,5,1520,1706,1856,2042,Y
DSC_1593.tif,2,5,2,2,6,Clem,0,1577,1711,1728,1862,JoshW,0,1550,1714,1692,1856,JoshB,0,1594,1706,1762,1874,Y
DSC_1593.tif,2,5,2,3,1,Clem,0,2250,2428,1659,1837,JoshW,0,2196,2394,1645,1843,JoshB,0,2266,2424,1671,1829,Y
DSC_1593.tif,2,5,2,3,2,Clem,4,2126,2362,1812,2048,JoshW,4,2150,2344,1826,2020,JoshB,3,2157,2359,1818,2020,Y
DSC_1593.tif,2,5,2,3,3,Clem,0,2176,2350,2053,2227,JoshW,0,2139,2351,2020,2232,JoshB,0,2183,2395,2048,2260,Y
DSC_1593.tif,2,5,2,3,4,Clem,0,2518,2738,1997,2217,JoshW,0,2506,2708,1982,2184,JoshB,0,2496,2692,2025,2221,Y
DSC_1593.tif,2,5,2,3,5,Clem,5,2406,2658,1767,2019,JoshW,6,2443,2637,1798,1992,JoshB,5,2451,2647,1796,1992,Y
DSC_1593.tif,2,5,2,3,6,Clem,3,2434,2592,1646,1804,JoshW,4,2418,2576,1618,1776,JoshB,5,2457,2569,1666,1778,Y
DSC_1593.tif,2,5,2,4,1,Clem,5,3186,3360,1560,1734,JoshW,5,3142,3362,1520,1740,JoshB,5,3174,3348,1557,1731,Y
DSC_1593.tif,2,5,2,4,2,Clem,0,3087,3261,1722,1896,JoshW,0,3060,3258,1714,1912,JoshB,0,3070,3238,1716,1884,Y
DSC_1593.tif,2,5,2,4,3,Clem,2,3102,3310,1935,2143,JoshW,3,3049,3283,1912,2146,JoshB,2,3076,3318,1918,2160,Y
DSC_1593.tif,2,5,2,4,4,Clem,0,3411,3691,1874,2154,JoshW,0,3394,3668,1862,2136,JoshB,0,3408,3632,1896,2120,Y
DSC_1593.tif,2,5,2,4,5,Clem,0,3506,3690,1684,1868,JoshW,0,3474,3696,1665,1887,JoshB,0,3517,3707,1678,1868,Y
DSC_1593.tif,2,5,2,4,6,Clem,3,3404,3550,1568,1714,JoshW,4,3394,3538,1545,1689,JoshB,6,3404,3528,1579,1703,Y
DSC_1593.tif,2,5,2,5,1,Clem,4,3994,4190,1543,1739,JoshW,4,4026,4194,1564,1732,JoshB,5,4026,4194,1562,1730,Y
DSC_1593.tif,2,5,2,5,2,Clem,4,3942,4172,1708,1938,JoshW,4,3934,4120,1714,1900,JoshB,5,3940,4130,1712,1902,Y
DSC_1593.tif,2,5,2,5,3,Clem,0,3882,4122,1936,2176,JoshW,0,3836,4100,1910,2174,JoshB,0,3858,4088,1944,2174,Y
DSC_1593.tif,2,5,2,5,4,Clem,3,4268,4508,1953,2193,JoshW,3,4294,4498,1938,2142,JoshB,3,4268,4514,1908,2154,Y
DSC_1593.tif,2,5,2,5,5,Clem,0,4260,4484,1694,1918,JoshW,0,4268,4474,1694,1900,JoshB,0,4271,4451,1728,1908,Y
DSC_1593.tif,2,5,2,5,6,Clem,0,4206,4408,1484,1686,JoshW,0,4240,4402,1518,1680,JoshB,0,4250,4430,1517,1697,Y
DSC_2394.tif,3,3,1,1,1,Yuxuan,3,596,818,422,644,Emma,3,607,843,422,658,Mark,4,556,868,367,679,Y
DSC_2394.tif,3,3,1,1,2,Yuxuan,0,516,728,680,892,Emma,0,473,759,642,928,Mark,0,482,768,642,928,Y
DSC_2394.tif,3,3,1,1,3,Yuxuan,0,654,822,896,1064,Emma,0,632,868,877,1113,Mark,0,582,868,835,1121,Y
DSC_2394.tif,3,3,1,1,4,Yuxuan,0,918,1096,733,911,Emma,0,868,1138,717,987,Mark,0,869,1197,700,1028,Y
DSC_2394.tif,3,3,1,1,5,Yuxuan,5,880,1122,486,728,Emma,5,877,1113,490,726,Mark,4,852,1172,414,734,Y
DSC_2394.tif,3,3,1,3,1,Yuxuan,5,1817,2007,454,644,Emma,5,1809,2035,440,666,Mark,6,1778,2090,392,704,Y
DSC_2394.tif,3,3,1,3,2,Yuxuan,1,1765,1997,706,938,Emma,1,1731,2035,666,970,Mark,0,1762,2040,684,962,Y
DSC_2394.tif,3,3,1,3,3,Yuxuan,0,1844,2034,959,1149,Emma,0,1828,2106,936,1214,Mark,0,1786,2132,894,1240,Y
DSC_2394.tif,3,3,1,3,4,Yuxuan,0,2180,2434,701,955,Emma,0,2127,2465,666,1004,Mark,0,2124,2478,641,995,Y
DSC_2394.tif,3,3,1,3,5,Yuxuan,0,2138,2328,422,612,Emma,1,2074,2368,360,654,Mark,0,2082,2436,300,654,Y
DSC_2394.tif,3,3,2,2,1,Yuxuan,0,1328,1560,1602,1834,Emma,0,1282,1594,1547,1859,Mark,0,1248,1618,1488,1858,Y
DSC_2394.tif,3,3,2,2,2,Yuxuan,3,1196,1418,1854,2076,Emma,4,1159,1455,1820,2116,Mark,2,1130,1552,1761,2183,Y
DSC_2394.tif,3,3,2,2,3,Yuxuan,0,1244,1538,2128,2422,Emma,0,1201,1555,2074,2428,Mark,0,1252,1564,2116,2428,Y
DSC_2394.tif,3,3,2,2,4,Yuxuan,0,1748,2054,2028,2334,Emma,0,1723,2069,2006,2352,Mark,0,1686,2200,1947,2461,Y
DSC_2394.tif,3,3,2,2,5,Yuxuan,0,1643,1907,1686,1950,Emma,0,1610,1946,1657,1993,Mark,0,1610,2032,1576,1998,Y
DSC_2394.tif,3,3,3,1,1,Yuxuan,0,580,832,2881,3133,Emma,0,524,852,2798,3126,Mark,0,519,915,2748,3144,Y
DSC_2394.tif,3,3,3,1,2,Yuxuan,0,496,748,3171,3423,Emma,0,440,768,3110,3438,Mark,0,448,818,3068,3438,Y
DSC_2394.tif,3,3,3,1,3,Yuxuan,3,554,828,3434,3708,Emma,4,524,834,3410,3720,Mark,4,498,860,3392,3754,Y
DSC_2394.tif,3,3,3,1,4,Yuxuan,0,1044,1318,3254,3528,Emma,0,1004,1332,3206,3534,Mark,0,986,1392,3176,3582,Y
DSC_2394.tif,3,3,3,1,5,Yuxuan,0,933,1185,2918,3170,Emma,0,886,1222,2882,3218,Mark,0,878,1324,2789,3235,Y
DSC_2394.tif,3,3,3,3,1,Yuxuan,0,2276,2486,2897,3107,Emma,0,2195,2541,2798,3144,Mark,0,2179,2541,2798,3160,Y
DSC_2394.tif,3,3,3,3,2,Yuxuan,0,2134,2376,3108,3350,Emma,0,2104,2414,3068,3378,Mark,0,2064,2444,3025,3405,Y
DSC_2394.tif,3,3,3,3,3,Yuxuan,0,2160,2350,3338,3528,Emma,0,2116,2402,3328,3614,Mark,0,2064,2428,3298,3662,Y
DSC_2394.tif,3,3,3,3,4,Yuxuan,5,2518,2760,3224,3466,Emma,6,2494,2730,3228,3464,Mark,6,2486,2814,3173,3501,Y
DSC_2394.tif,3,3,3,3,5,Yuxuan,4,2501,2745,2980,3224,Emma,5,2487,2755,2984,3252,Mark,5,2502,2798,2957,3253,Y
DSC_2395.tif,3,3,1,1,1,Caroline,3,590,816,450,676,Raf,3,588,818,448,678,Indira,4,590,854,431,695,Y
DSC_2395.tif,3,3,1,1,2,Caroline,0,685,699,976,990,Raf,0,466,746,681,961,Indira,0,482,712,678,908,Y
DSC_2395.tif,3,3,1,1,3,Caroline,0,612,900,833,1121,Raf,[],[],[],[],[],Indira,0,644,928,820,1104,K
DSC_2395.tif,3,3,1,1,4,Caroline,1,962,1300,670,1008,Raf,0,948,1264,663,979,Indira,0,1016,1334,681,999,Y
DSC_2395.tif,3,3,1,1,5,Caroline,6,822,1090,442,710,Raf,5,834,1072,435,673,Indira,6,844,1108,434,698,Y
DSC_2395.tif,3,3,1,3,1,Caroline,6,2072,2310,471,709,Raf,5,2106,2300,483,677,Indira,5,2078,2330,474,726,Y
DSC_2395.tif,3,3,1,3,2,Caroline,3,1938,2220,688,970,Raf,1,1945,2191,720,966,Indira,2,1958,2234,702,978,Y
DSC_2395.tif,3,3,1,3,3,Caroline,0,1914,2210,976,1272,Raf,0,1932,2230,984,1282,Indira,0,1896,2234,962,1300,Y
DSC_2395.tif,3,3,1,3,4,Caroline,0,2339,2717,942,1320,Raf,0,2336,2668,946,1278,Indira,0,2288,2674,929,1315,Y
DSC_2395.tif,3,3,1,3,5,Caroline,0,2300,2616,562,878,Raf,0,2309,2607,546,844,Indira,0,2302,2634,556,888,Y
DSC_2395.tif,3,3,2,2,1,Caroline,0,1216,1490,1692,1966,Raf,0,1220,1466,1712,1958,Indira,0,1236,1486,1680,1930,Y
DSC_2395.tif,3,3,2,2,2,Caroline,6,1229,1455,1938,2164,Raf,6,1229,1439,1950,2160,Indira,5,1240,1470,1933,2163,Y
DSC_2395.tif,3,3,2,2,3,Caroline,[],[],[],[],[],Raf,0,1277,1489,2168,2380,Indira,0,1267,1511,2146,2390,K
DSC_2395.tif,3,3,2,2,4,Caroline,0,1644,1938,1978,2272,Raf,0,1650,1940,1975,2265,Indira,0,1640,1958,1950,2268,Y
DSC_2395.tif,3,3,2,2,5,Caroline,0,1507,1789,1636,1918,Raf,0,1492,1800,1616,1924,Indira,0,1640,1944,1961,2265,Y
DSC_2395.tif,3,3,3,1,1,Caroline,0,618,892,3090,3364,Raf,0,632,878,3120,3366,Indira,0,590,922,3068,3400,Y
DSC_2395.tif,3,3,3,1,2,Caroline,0,548,830,3408,3690,Raf,0,518,818,3370,3670,Indira,0,570,848,3409,3687,Y
DSC_2395.tif,3,3,3,1,3,Caroline,5,640,942,3645,3947,Raf,5,624,922,3643,3941,Indira,5,630,922,3643,3935,Y
DSC_2395.tif,3,3,3,1,4,Caroline,2,956,1272,3504,3820,Raf,1,948,1274,3506,3832,Indira,0,948,1280,3517,3849,Y
DSC_2395.tif,3,3,3,1,5,Caroline,0,875,1213,3124,3462,Raf,0,910,1234,3108,3432,Indira,0,857,1231,3114,3488,Y
DSC_2395.tif,3,3,3,3,1,Caroline,0,2230,2490,2964,3224,Raf,0,2243,2455,2984,3196,Indira,0,2200,2498,2966,3264,Y
DSC_2395.tif,3,3,3,3,2,Caroline,0,2058,2380,3181,3503,Raf,0,2064,2352,3196,3484,Indira,0,2092,2384,3202,3494,Y
DSC_2395.tif,3,3,3,3,3,Caroline,0,2086,2360,3493,3767,Raf,0,2054,2344,3489,3779,Indira,0,2075,2381,3520,3826,Y
DSC_2395.tif,3,3,3,3,4,Caroline,5,2472,2682,3424,3634,Raf,5,2476,2696,3432,3652,Indira,4,2462,2752,3386,3676,Y
DSC_2395.tif,3,3,3,3,5,Caroline,3,2472,2668,3090,3286,Raf,4,2458,2696,3072,3310,Indira,4,2448,2712,3060,3324,Y
DSC_2396.tif,3,3,1,1,1,Yuxuan,3,685,895,370,580,Emma,3,662,890,372,600,Mark,4,657,927,330,600,Y
DSC_2396.tif,3,3,1,1,2,Yuxuan,0,602,802,617,817,Emma,1,573,827,590,844,Mark,0,548,878,548,878,Y
DSC_2396.tif,3,3,1,1,3,Yuxuan,0,643,843,864,1064,Emma,0,616,902,844,1130,Mark,0,600,910,840,1150,Y
DSC_2396.tif,3,3,1,1,4,Yuxuan,0,970,1170,706,906,Emma,0,944,1240,695,991,Mark,[],[],[],[],[],K
DSC_2396.tif,3,3,1,1,5,Yuxuan,0,927,1149,432,654,Emma,0,881,1185,396,700,Mark,0,911,1223,380,692,Y
DSC_2396.tif,3,3,1,3,1,Yuxuan,3,1950,2192,433,675,Emma,4,1929,2233,396,700,Mark,5,1922,2250,372,700,Y
DSC_2396.tif,3,3,1,3,2,Yuxuan,0,1854,2106,692,944,Emma,0,1799,2119,632,952,Mark,0,1804,2150,632,978,Y
DSC_2396.tif,3,3,1,3,3,Yuxuan,0,1938,2180,927,1169,Emma,0,1880,2258,894,1272,Mark,0,1854,2242,894,1282,Y
DSC_2396.tif,3,3,1,3,4,Yuxuan,0,2307,2571,706,970,Emma,0,2296,2582,684,970,Mark,0,2268,2620,646,998,Y
DSC_2396.tif,3,3,1,3,5,Yuxuan,5,2243,2465,432,654,Emma,5,2254,2482,430,658,Mark,6,2246,2550,380,684,Y
DSC_2396.tif,3,3,2,2,1,Yuxuan,0,1254,1444,1802,1992,Emma,0,1168,1470,1762,2064,Mark,0,1159,1521,1720,2082,Y
DSC_2396.tif,3,3,2,2,2,Yuxuan,5,1202,1422,2023,2243,Emma,5,1198,1434,2035,2271,Mark,6,1164,1476,1989,2301,Y
DSC_2396.tif,3,3,2,2,3,Yuxuan,3,1338,1538,2228,2428,Emma,2,1306,1594,2207,2495,Mark,3,1264,1626,2178,2540,Y
DSC_2396.tif,3,3,2,2,4,Yuxuan,0,1612,1896,1986,2270,Emma,0,1598,1934,1990,2326,Mark,0,1576,2006,1930,2360,Y
DSC_2396.tif,3,3,2,2,5,Yuxuan,0,1506,1780,1712,1986,Emma,0,1459,1779,1686,2006,Mark,0,1458,1846,1648,2036,Y
DSC_2396.tif,3,3,3,1,1,Yuxuan,0,606,838,2970,3202,Emma,0,498,860,2916,3278,Mark,0,523,877,2908,3262,Y
DSC_2396.tif,3,3,3,1,2,Yuxuan,0,516,738,3333,3555,Emma,0,409,789,3294,3674,Mark,0,434,822,3286,3674,Y
DSC_2396.tif,3,3,3,1,3,Yuxuan,3,622,864,3634,3876,Emma,4,590,920,3605,3935,Mark,4,566,978,3581,3993,Y
DSC_2396.tif,3,3,3,1,4,Yuxuan,0,1032,1348,3328,3644,Emma,1,1007,1361,3312,3666,Mark,0,978,1416,3270,3708,Y
DSC_2396.tif,3,3,3,1,5,Yuxuan,0,896,1170,3033,3307,Emma,0,840,1202,2966,3328,Mark,0,834,1230,2953,3349,Y
DSC_2396.tif,3,3,3,3,1,Yuxuan,0,2123,2355,3138,3370,Emma,0,2043,2415,3092,3464,Mark,0,2064,2436,3075,3447,Y
DSC_2396.tif,3,3,3,3,2,Yuxuan,0,2086,2338,3402,3654,Emma,0,2027,2381,3404,3758,Mark,0,2006,2428,3340,3762,Y
DSC_2396.tif,3,3,3,3,3,Yuxuan,0,2128,2402,3650,3924,Emma,0,2098,2478,3653,4033,Mark,0,2048,2494,3645,4091,Y
DSC_2396.tif,3,3,3,3,4,Yuxuan,4,2517,2781,3454,3718,Emma,4,2482,2802,3454,3774,Mark,4,2478,2866,3404,3792,Y
DSC_2396.tif,3,3,3,3,5,Yuxuan,0,2444,2708,3154,3418,Emma,1,2402,2722,3152,3472,Mark,0,2418,2814,3084,3480,Y
DSC_2397.tif,3,3,1,1,1,Caroline,0,760,1046,511,797,Raf,0,756,1028,567,839,Indira,0,730,1040,496,806,Y
DSC_2397.tif,3,3,1,1,2,Caroline,0,598,914,763,1079,Raf,0,642,922,813,1093,Indira,0,644,956,800,1112,Y
DSC_2397.tif,3,3,1,1,3,Caroline,0,660,956,1106,1402,Raf,0,676,922,1093,1339,Indira,0,672,962,1108,1398,Y
DSC_2397.tif,3,3,1,1,4,Caroline,0,1121,1423,900,1202,Raf,0,1150,1458,922,1230,Indira,0,1112,1464,857,1209,Y
DSC_2397.tif,3,3,1,1,5,Caroline,5,1082,1328,626,872,Raf,5,1086,1322,624,860,Indira,4,1043,1381,584,922,Y
DSC_2397.tif,3,3,1,3,1,Caroline,4,2047,2265,548,766,Raf,5,2028,2256,545,773,Indira,5,2058,2322,519,783,Y
DSC_2397.tif,3,3,1,3,2,Caroline,2,1883,2177,752,1046,Raf,2,1879,2177,764,1062,Indira,2,1894,2198,752,1056,Y
DSC_2397.tif,3,3,1,3,3,Caroline,0,1868,2220,1068,1420,Raf,0,1905,2203,1080,1378,Indira,0,1933,2197,1112,1376,Y
DSC_2397.tif,3,3,1,3,4,Caroline,0,2433,2757,906,1230,Raf,0,2396,2738,888,1230,Indira,0,2438,2770,934,1266,Y
DSC_2397.tif,3,3,1,3,5,Caroline,0,2311,2613,604,906,Raf,0,2301,2615,546,860,Indira,0,2323,2647,584,908,Y
DSC_2397.tif,3,3,2,2,1,Caroline,0,1515,1767,1778,2030,Raf,0,1520,1774,1791,2045,Indira,0,1551,1795,1794,2038,Y
DSC_2397.tif,3,3,2,2,2,Caroline,4,1409,1647,2002,2240,Raf,5,1362,1634,1988,2260,Indira,4,1386,1682,1992,2288,Y
DSC_2397.tif,3,3,2,2,3,Caroline,0,1363,1671,2276,2584,Raf,0,1326,1660,2278,2612,Indira,0,1364,1696,2268,2600,Y
DSC_2397.tif,3,3,2,2,4,Caroline,0,1820,2128,2238,2546,Raf,0,1834,2204,2234,2604,Indira,0,1822,2146,2228,2552,Y
DSC_2397.tif,3,3,2,2,5,Caroline,0,1780,2110,1854,2184,Raf,0,1778,2128,1844,2194,Indira,0,1792,2096,1856,2160,Y
DSC_2397.tif,3,3,3,1,1,Caroline,1,545,819,3266,3540,Raf,0,519,817,3212,3510,Indira,0,577,833,3264,3520,Y
DSC_2397.tif,3,3,3,1,2,Caroline,[],[],[],[],[],Raf,0,546,782,3481,3717,Indira,0,562,800,3517,3755,K
DSC_2397.tif,3,3,3,1,3,Caroline,4,710,928,3707,3925,Raf,5,580,932,3581,3933,Indira,4,718,936,3693,3911,Y
DSC_2397.tif,3,3,3,1,4,Caroline,3,983,1265,3482,3764,Raf,3,984,1282,3446,3744,Indira,2,1002,1288,3477,3763,Y
DSC_2397.tif,3,3,3,1,5,Caroline,0,836,1152,3160,3476,Raf,0,847,1137,3142,3432,Indira,0,853,1145,3168,3460,Y
DSC_2397.tif,3,3,3,3,1,Caroline,0,2114,2408,3188,3482,Raf,0,2080,2406,3177,3503,Indira,0,2116,2428,3176,3488,Y
DSC_2397.tif,3,3,3,3,2,Caroline,0,1939,2311,3426,3798,Raf,0,2010,2264,3538,3792,Indira,0,1970,2268,3484,3782,Y
DSC_2397.tif,3,3,3,3,3,Caroline,0,1938,2338,3739,4139,Raf,0,1976,2326,3757,4107,Indira,0,2004,2288,3802,4086,Y
DSC_2397.tif,3,3,3,3,4,Caroline,5,2447,2679,3602,3834,Raf,5,2414,2694,3586,3866,Indira,5,2452,2696,3609,3853,Y
DSC_2397.tif,3,3,3,3,5,Caroline,4,2448,2686,3350,3588,Raf,4,2428,2708,3310,3590,Indira,3,2428,2712,3338,3622,Y
DSC_2451.tif,3,3,1,1,1,Indira,2,1020,1244,420,644,Yuxuan,2,1027,1237,412,622,Emma,3,1003,1257,388,642,Y
DSC_2451.tif,3,3,1,1,2,Indira,1,816,1074,596,854,Yuxuan,0,843,1033,632,822,Emma,1,784,1078,566,860,Y
DSC_2451.tif,3,3,1,1,3,Indira,0,904,1142,840,1078,Yuxuan,0,864,1096,843,1075,Emma,0,877,1131,826,1080,Y
DSC_2451.tif,3,3,1,1,4,Indira,0,1206,1490,708,992,Yuxuan,0,1234,1444,718,928,Emma,1,1193,1463,700,970,Y
DSC_2451.tif,3,3,1,1,5,Indira,6,1206,1484,440,718,Yuxuan,6,1201,1433,474,706,Emma,6,1209,1445,456,692,Y
DSC_2451.tif,3,3,1,3,1,Indira,6,2127,2303,604,780,Yuxuan,6,2123,2291,602,770,Emma,6,2098,2292,599,793,Y
DSC_2451.tif,3,3,1,3,2,Indira,4,2059,2261,760,962,Yuxuan,3,2054,2234,774,954,Emma,4,2048,2258,760,970,Y
DSC_2451.tif,3,3,1,3,3,Indira,0,2012,2302,990,1280,Yuxuan,0,2044,2286,985,1227,Emma,0,1998,2318,962,1282,Y
DSC_2451.tif,3,3,1,3,4,Indira,0,2384,2628,959,1203,Yuxuan,0,2401,2613,948,1160,Emma,0,2334,2662,894,1222,Y
DSC_2451.tif,3,3,1,3,5,Indira,0,2319,2597,610,888,Yuxuan,0,2322,2534,632,844,Emma,0,2292,2578,612,898,Y
DSC_2451.tif,3,3,2,2,1,Indira,0,1496,1714,1618,1836,Yuxuan,0,1476,1676,1638,1838,Emma,0,1450,1738,1584,1872,Y
DSC_2451.tif,3,3,2,2,2,Indira,6,1426,1634,1816,2024,Yuxuan,6,1401,1613,1822,2034,Emma,6,1390,1602,1824,2036,Y
DSC_2451.tif,3,3,2,2,3,Indira,3,1362,1640,2032,2310,Yuxuan,3,1407,1617,2076,2286,Emma,4,1382,1652,2056,2326,Y
DSC_2451.tif,3,3,2,2,4,Indira,0,1782,2058,1924,2200,Yuxuan,0,1786,2050,1928,2192,Emma,0,1744,2074,1909,2239,Y
DSC_2451.tif,3,3,2,2,5,Indira,0,1740,1998,1618,1876,Yuxuan,0,1723,1975,1654,1906,Emma,0,1699,1985,1594,1880,Y
DSC_2451.tif,3,3,3,1,1,Indira,0,899,1203,2736,3040,Yuxuan,0,938,1192,2770,3024,Emma,0,873,1201,2730,3058,Y
DSC_2451.tif,3,3,3,1,2,Indira,0,868,1138,3051,3321,Yuxuan,0,880,1080,3076,3276,Emma,0,856,1124,3068,3336,Y
DSC_2451.tif,3,3,3,1,3,Indira,6,1002,1226,3291,3515,Yuxuan,6,990,1202,3291,3503,Emma,6,986,1230,3291,3535,Y
DSC_2451.tif,3,3,3,1,4,Indira,4,1240,1504,3078,3342,Yuxuan,3,1249,1491,3076,3318,Emma,4,1230,1518,3067,3355,Y
DSC_2451.tif,3,3,3,1,5,Indira,0,1192,1456,2796,3060,Yuxuan,0,1164,1428,2780,3044,Emma,0,1143,1421,2772,3050,Y
DSC_2451.tif,3,3,3,3,1,Indira,0,2295,2579,2716,3000,Yuxuan,0,2291,2543,2728,2980,Emma,0,2250,2546,2697,2993,Y
DSC_2451.tif,3,3,3,3,2,Indira,0,2048,2326,2932,3210,Yuxuan,0,2054,2350,2928,3224,Emma,0,1990,2326,2912,3248,Y
DSC_2451.tif,3,3,3,3,3,Indira,0,2066,2370,3217,3521,Yuxuan,0,2086,2318,3218,3450,Emma,0,2006,2368,3173,3535,Y
DSC_2451.tif,3,3,3,3,4,Indira,6,2451,2749,3190,3488,Yuxuan,5,2454,2696,3212,3454,Emma,6,2460,2722,3227,3489,Y
DSC_2451.tif,3,3,3,3,5,Indira,4,2596,2820,2972,3196,Yuxuan,4,2591,2823,2970,3202,Emma,4,2561,2831,2940,3210,Y
DSC_2452.tif,3,3,1,1,1,Clem,5,860,1070,355,565,JoshW,5,834,1078,329,573,JoshB,6,844,1080,334,570,Y
DSC_2452.tif,3,3,1,1,2,Clem,0,718,1028,545,855,JoshW,0,725,989,576,840,JoshB,0,734,944,587,797,Y
DSC_2452.tif,3,3,1,1,3,Clem,0,632,886,826,1080,JoshW,0,650,914,837,1101,JoshB,0,645,891,834,1080,Y
DSC_2452.tif,3,3,1,1,4,Clem,0,1020,1350,708,1038,JoshW,0,1036,1342,711,1017,JoshB,0,1096,1340,780,1024,Y
DSC_2452.tif,3,3,1,1,5,Clem,6,1012,1206,515,709,JoshW,6,1023,1225,502,704,JoshB,6,1046,1240,519,713,Y
DSC_2452.tif,3,3,1,3,1,Clem,4,2204,2380,406,582,JoshW,3,2191,2415,380,604,JoshB,4,2233,2393,430,590,Y
DSC_2452.tif,3,3,1,3,2,Clem,3,2053,2297,650,894,JoshW,2,2056,2326,644,914,JoshB,3,2064,2334,607,877,Y
DSC_2452.tif,3,3,1,3,3,Clem,0,2064,2310,918,1164,JoshW,0,2052,2364,891,1203,JoshB,0,2082,2342,920,1180,Y
DSC_2452.tif,3,3,1,3,4,Clem,0,2478,2772,777,1071,JoshW,0,2516,2780,834,1098,JoshB,0,2528,2772,805,1049,Y
DSC_2452.tif,3,3,1,3,5,Clem,0,2410,2772,456,818,JoshW,0,2464,2742,498,776,JoshB,0,2432,2734,490,792,Y
DSC_2452.tif,3,3,2,2,1,Clem,6,1677,1787,1728,1838,JoshW,5,1652,1808,1663,1819,JoshB,6,1678,1820,1708,1850,Y
DSC_2452.tif,3,3,2,2,2,Clem,6,1577,1753,1796,1972,JoshW,5,1584,1760,1808,1984,JoshB,6,1610,1770,1800,1960,Y
DSC_2452.tif,3,3,2,2,3,Clem,0,1584,1838,2072,2326,JoshW,0,1572,1828,2049,2305,JoshB,0,1626,1820,2086,2280,Y
DSC_2452.tif,3,3,2,2,4,Clem,0,1972,2242,1884,2154,JoshW,0,1984,2268,1873,2157,JoshB,0,1956,2182,1868,2094,Y
DSC_2452.tif,3,3,2,2,5,Clem,[],[],[],[],[],JoshW,0,1882,2140,1571,1829,JoshB,0,1914,2098,1619,1803,K
DSC_2452.tif,3,3,3,1,1,Clem,0,751,953,2806,3008,JoshW,0,721,985,2784,3048,JoshB,0,776,952,2815,2991,Y
DSC_2452.tif,3,3,3,1,2,Clem,[],[],[],[],[],JoshW,5,766,928,3119,3281,JoshB,5,776,928,3113,3265,K
DSC_2452.tif,3,3,3,1,3,Clem,6,910,1070,3248,3408,JoshW,5,894,1090,3216,3412,JoshB,6,928,1088,3248,3408,Y
DSC_2452.tif,3,3,3,1,4,Clem,3,1122,1122,3050,3050,JoshW,2,1120,1412,3020,3312,JoshB,4,1168,1412,3068,3312,Y
DSC_2452.tif,3,3,3,1,5,Clem,0,1020,1256,2811,3047,JoshW,0,1000,1318,2702,3020,JoshB,0,1046,1248,2815,3017,Y
DSC_2452.tif,3,3,3,3,1,Clem,0,2318,2520,2815,3017,JoshW,0,2316,2566,2783,3033,JoshB,0,2342,2570,2793,3021,Y
DSC_2452.tif,3,3,3,3,2,Clem,0,2242,2494,3038,3290,JoshW,0,2248,2498,3006,3256,JoshB,0,2258,2470,3029,3241,Y
DSC_2452.tif,3,3,3,3,3,Clem,0,2035,2305,3252,3522,JoshW,0,2024,2296,3206,3478,JoshB,0,2074,2276,3228,3430,Y
DSC_2452.tif,3,3,3,3,4,Clem,6,2418,2630,3261,3473,JoshW,6,2458,2674,3284,3500,JoshB,6,2460,2654,3278,3472,Y
DSC_2452.tif,3,3,3,3,5,Clem,4,2486,2706,3016,3236,JoshW,3,2492,2728,3000,3236,JoshB,4,2536,2748,3021,3233,Y
DSC_2453.tif,3,3,1,1,1,Yuxuan,3,718,948,444,674,Emma,4,713,983,430,700,Mark,4,684,986,398,700,Y
DSC_2453.tif,3,3,1,1,2,Yuxuan,0,674,948,691,965,Emma,0,674,978,658,962,Mark,0,684,986,658,960,Y
DSC_2453.tif,3,3,1,1,3,Yuxuan,0,602,874,944,1216,Emma,0,574,936,932,1294,Mark,0,582,928,935,1281,Y
DSC_2453.tif,3,3,1,1,4,Yuxuan,0,1012,1276,843,1107,Emma,0,950,1328,810,1188,Mark,0,970,1340,818,1188,Y
DSC_2453.tif,3,3,1,1,5,Yuxuan,6,959,1191,548,780,Emma,6,944,1206,548,810,Mark,6,961,1239,532,810,Y
DSC_2453.tif,3,3,1,3,1,Yuxuan,6,2075,2285,454,664,Emma,6,2056,2310,455,709,Mark,6,2006,2334,389,717,Y
DSC_2453.tif,3,3,1,3,2,Yuxuan,5,1980,2276,690,986,Emma,4,1986,2322,684,1020,Mark,5,1914,2360,603,1049,Y
DSC_2453.tif,3,3,1,3,3,Yuxuan,0,2022,2318,1006,1302,Emma,0,2006,2352,969,1315,Mark,0,1930,2352,936,1358,Y
DSC_2453.tif,3,3,1,3,4,Yuxuan,0,2454,2780,764,1090,Emma,0,2402,2806,718,1122,Mark,0,2394,2856,697,1159,Y
DSC_2453.tif,3,3,1,3,5,Yuxuan,0,2370,2644,470,744,Emma,0,2288,2624,414,750,Mark,0,2292,2680,392,780,Y
DSC_2453.tif,3,3,2,2,1,Yuxuan,0,1459,1669,1960,2170,Emma,0,1454,1716,1938,2200,Mark,0,1412,1732,1862,2182,Y
DSC_2453.tif,3,3,2,2,2,Yuxuan,6,1350,1580,2150,2380,Emma,5,1340,1584,2150,2394,Mark,6,1301,1589,2106,2394,Y
DSC_2453.tif,3,3,2,2,3,Yuxuan,0,1464,1654,2380,2570,Emma,0,1412,1714,2360,2662,Mark,0,1400,1720,2352,2672,Y
DSC_2453.tif,3,3,2,2,4,Yuxuan,0,1780,2086,2206,2512,Emma,0,1774,2138,2224,2588,Mark,0,1786,2182,2183,2579,Y
DSC_2453.tif,3,3,2,2,5,Yuxuan,0,1755,2007,1960,2212,Emma,0,1712,2056,1880,2224,Mark,0,1757,2111,1846,2200,Y
DSC_2453.tif,3,3,3,1,1,Yuxuan,0,744,1018,3086,3360,Emma,0,679,1033,3068,3422,Mark,0,684,1054,3038,3408,Y
DSC_2453.tif,3,3,3,1,2,Yuxuan,0,686,938,3392,3644,Emma,0,603,957,3378,3732,Mark,0,616,962,3375,3721,Y
DSC_2453.tif,3,3,3,1,3,Yuxuan,5,821,1033,3696,3908,Emma,5,789,1075,3674,3960,Mark,6,718,1112,3603,3997,Y
DSC_2453.tif,3,3,3,1,4,Yuxuan,3,1160,1402,3434,3676,Emma,4,1146,1434,3421,3709,Mark,4,1130,1458,3392,3720,Y
DSC_2453.tif,3,3,3,1,5,Yuxuan,0,1054,1306,3134,3386,Emma,0,1021,1323,3144,3446,Mark,0,1028,1408,3075,3455,Y
DSC_2453.tif,3,3,3,3,1,Yuxuan,0,2370,2622,2834,3086,Emma,0,2343,2637,2824,3118,Mark,0,2310,2638,2802,3130,Y
DSC_2453.tif,3,3,3,3,2,Yuxuan,0,2192,2402,3086,3296,Emma,0,2148,2478,3016,3346,Mark,0,2124,2478,3000,3354,Y
DSC_2453.tif,3,3,3,3,3,Yuxuan,0,2254,2508,3307,3561,Emma,0,2242,2562,3304,3624,Mark,0,2182,2554,3290,3662,Y
DSC_2453.tif,3,3,3,3,4,Yuxuan,5,2549,2791,3266,3508,Emma,5,2584,2836,3270,3522,Mark,6,2569,2857,3252,3540,Y
DSC_2454.tif,3,3,1,1,1,Caroline,4,707,945,184,422,Raf,5,686,948,173,435,Indira,5,694,972,184,462,Y
DSC_2454.tif,3,3,1,1,2,Caroline,0,556,830,450,724,Raf,0,562,818,457,713,Indira,0,550,820,469,739,Y
DSC_2454.tif,3,3,1,1,3,Caroline,0,650,888,724,962,Raf,0,572,878,691,997,Indira,0,650,894,738,982,Y
DSC_2454.tif,3,3,1,1,4,Caroline,0,962,1306,524,868,Raf,0,992,1352,540,900,Indira,0,1017,1315,590,888,Y
DSC_2454.tif,3,3,1,3,1,Caroline,6,2262,2458,461,657,Raf,6,2274,2476,457,659,Indira,6,2302,2486,450,634,Y
DSC_2454.tif,3,3,1,3,2,Caroline,4,2170,2388,618,836,Raf,5,2142,2388,624,870,Indira,5,2150,2414,596,860,Y
DSC_2454.tif,3,3,1,3,3,Caroline,0,2254,2508,836,1090,Raf,0,2287,2489,852,1054,Indira,0,2252,2530,834,1112,Y
DSC_2454.tif,3,3,1,3,4,Caroline,0,2539,2819,682,962,Raf,0,2515,2805,694,984,Indira,0,2583,2847,718,982,Y
DSC_2454.tif,3,3,1,3,5,Caroline,0,2472,2704,436,668,Raf,0,2510,2748,404,642,Indira,0,2455,2713,420,678,Y
DSC_2454.tif,3,3,2,2,1,Caroline,0,1395,1683,1566,1854,Raf,0,1448,1686,1554,1792,Indira,0,1402,1686,1538,1822,Y
DSC_2454.tif,3,3,2,2,2,Caroline,5,1398,1616,1830,2048,Raf,5,1413,1633,1826,2046,Indira,6,1402,1654,1794,2046,Y
DSC_2454.tif,3,3,2,2,3,Caroline,1,1448,1764,2030,2346,Raf,0,1476,1826,1967,2317,Indira,1,1470,1774,2032,2336,Y
DSC_2454.tif,3,3,2,2,4,Caroline,0,1862,2170,1795,2103,Raf,0,1834,2160,1760,2086,Indira,0,1882,2168,1825,2111,Y
DSC_2454.tif,3,3,2,2,5,Caroline,0,1692,1980,1542,1830,Raf,0,1721,2029,1466,1774,Indira,0,1694,1992,1530,1828,Y
DSC_2454.tif,3,3,3,1,1,Caroline,0,746,1054,2624,2932,Raf,0,774,1046,2624,2896,Indira,0,792,1070,2674,2952,Y
DSC_2454.tif,3,3,3,1,2,Caroline,1,718,998,2950,3230,Raf,1,720,1054,2901,3235,Indira,0,760,1024,2932,3196,Y
DSC_2454.tif,3,3,3,1,3,Caroline,4,816,1124,3175,3483,Raf,3,834,1132,3169,3467,Indira,4,854,1124,3193,3463,Y
DSC_2454.tif,3,3,3,1,4,Caroline,3,1160,1440,3034,3314,Raf,3,1151,1441,3028,3318,Indira,3,1148,1480,2986,3318,Y
DSC_2454.tif,3,3,3,1,5,Caroline,0,1093,1437,2640,2984,Raf,0,1124,1440,2659,2975,Indira,0,1134,1426,2674,2966,Y
DSC_2454.tif,3,3,3,3,1,Caroline,0,2170,2450,2617,2897,Raf,0,2160,2476,2589,2905,Indira,0,2200,2472,2630,2902,Y
DSC_2454.tif,3,3,3,3,2,Caroline,0,2050,2366,2872,3188,Raf,0,2098,2380,2910,3192,Indira,0,2083,2407,2892,3216,Y
DSC_2454.tif,3,3,3,3,3,Caroline,0,2240,2500,3174,3434,Raf,0,2212,2510,3138,3436,Indira,0,2268,2526,3158,3416,Y
DSC_2454.tif,3,3,3,3,4,Caroline,5,2592,2872,2978,3258,Raf,5,2603,2849,3010,3256,Indira,5,2600,2898,2986,3284,Y
DSC_2454.tif,3,3,3,3,5,Caroline,3,2472,2746,2696,2970,Raf,2,2466,2738,2695,2967,Indira,3,2483,2753,2696,2966,Y
DSC_2827.TIF,3,3,1,1,1,Clem,5,414,658,536,780,JoshW,5,394,664,515,785,JoshB,6,440,658,558,776,Y
DSC_2827.TIF,3,3,1,1,2,Clem,0,304,642,822,1160,JoshW,0,298,610,826,1138,JoshB,0,338,566,868,1096,Y
DSC_2827.TIF,3,3,1,1,3,Clem,0,220,666,1055,1501,JoshW,0,278,604,1130,1456,JoshB,0,296,624,1147,1475,Y
DSC_2827.TIF,3,3,1,1,4,Clem,0,910,1180,1046,1316,JoshW,0,898,1202,1016,1320,JoshB,0,920,1198,1046,1324,Y
DSC_2827.TIF,3,3,1,1,5,Clem,0,936,1230,700,994,JoshW,0,948,1254,725,1031,JoshB,0,962,1230,726,994,Y
DSC_2827.TIF,3,3,1,1,6,Clem,0,708,970,506,768,JoshW,0,732,982,519,769,JoshB,0,742,1012,510,780,Y
DSC_2827.TIF,3,3,1,3,1,Clem,0,1862,2106,595,839,JoshW,0,1836,2106,533,803,JoshB,0,1888,2106,595,813,Y
DSC_2827.TIF,3,3,1,3,2,Clem,6,1828,2124,822,1118,JoshW,6,1882,2112,868,1098,JoshB,5,1862,2074,877,1089,Y
DSC_2827.TIF,3,3,1,3,3,Clem,4,1820,2140,1126,1446,JoshW,2,1887,2143,1186,1442,JoshB,2,1892,2110,1198,1416,Y
DSC_2827.TIF,3,3,1,3,4,Clem,0,2352,2620,1022,1290,JoshW,0,2330,2608,1033,1311,JoshB,0,2342,2562,1049,1269,Y
DSC_2827.TIF,3,3,1,3,5,Clem,0,2268,2546,738,1016,JoshW,0,2269,2547,746,1024,JoshB,0,2276,2486,785,995,Y
DSC_2827.TIF,3,3,1,3,6,Clem,0,2124,2376,498,750,JoshW,0,2139,2377,474,712,JoshB,0,2136,2364,506,734,Y
DSC_2827.TIF,3,3,2,2,1,Clem,0,1122,1434,1866,2178,JoshW,0,1090,1416,1841,2167,JoshB,0,1112,1442,1879,2209,Y
DSC_2827.TIF,3,3,2,2,2,Clem,0,1004,1348,2158,2502,JoshW,0,1036,1374,2208,2546,JoshB,0,1046,1366,2191,2511,Y
DSC_2827.TIF,3,3,2,2,3,Clem,6,1130,1466,2516,2852,JoshW,6,1200,1416,2577,2793,JoshB,6,1163,1417,2536,2790,Y
DSC_2827.TIF,3,3,2,2,4,Clem,0,1652,1980,2318,2646,JoshW,0,1686,1964,2370,2648,JoshB,0,1652,1956,2355,2659,Y
DSC_2827.TIF,3,3,2,2,5,Clem,0,1568,1838,2090,2360,JoshW,0,1564,1822,2099,2357,JoshB,0,1542,1812,2106,2376,Y
DSC_2827.TIF,3,3,2,2,6,Clem,0,1416,1736,1821,2141,JoshW,0,1450,1714,1862,2126,JoshB,0,1492,1744,1863,2115,Y
DSC_2827.TIF,3,3,3,1,1,Clem,0,388,650,3105,3367,JoshW,0,386,650,3077,3341,JoshB,0,440,658,3118,3336,Y
DSC_2827.TIF,3,3,3,1,2,Clem,0,236,490,3429,3683,JoshW,0,232,550,3392,3710,JoshB,0,246,566,3371,3691,Y
DSC_2827.TIF,3,3,3,1,3,Clem,0,270,632,3712,4074,JoshW,0,326,584,3764,4022,JoshB,0,354,600,3778,4024,Y
DSC_2827.TIF,3,3,3,1,4,Clem,4,792,1038,3480,3726,JoshW,4,792,1036,3456,3700,JoshB,4,844,1046,3497,3699,Y
DSC_2827.TIF,3,3,3,1,5,Clem,0,684,978,3241,3535,JoshW,0,698,962,3267,3531,JoshB,0,708,952,3278,3522,Y
DSC_2827.TIF,3,3,3,1,6,Clem,0,624,920,2996,3292,JoshW,0,650,874,3003,3227,JoshB,0,642,894,3026,3278,Y
DSC_2827.TIF,3,3,3,3,1,Clem,4,2124,2310,2907,3093,JoshW,2,2146,2336,2898,3088,JoshB,4,2124,2352,2895,3123,Y
DSC_2827.TIF,3,3,3,3,2,Clem,0,1998,2234,3131,3367,JoshW,0,1987,2245,3094,3352,JoshB,0,1998,2284,3092,3378,Y
DSC_2827.TIF,3,3,3,3,3,Clem,0,1938,2182,3459,3703,JoshW,0,1933,2217,3412,3696,JoshB,0,1930,2224,3426,3720,Y
DSC_2827.TIF,3,3,3,3,4,Clem,0,2486,2824,3298,3636,JoshW,0,2492,2796,3341,3645,JoshB,0,2502,2824,3332,3654,Y
DSC_2827.TIF,3,3,3,3,5,Clem,6,2428,2696,3081,3349,JoshW,6,2458,2688,3112,3342,JoshB,6,2444,2672,3109,3337,Y
DSC_2827.TIF,3,3,3,3,6,Clem,5,2384,2612,2915,3143,JoshW,3,2389,2607,2918,3136,JoshB,5,2380,2584,2940,3144,Y
DSC_2828.TIF,3,3,1,1,1,JoshB,3,396,674,330,608,Caroline,3,450,668,380,598,Raf,3,422,676,370,624,Y
DSC_2828.TIF,3,3,1,1,2,JoshB,0,262,524,615,877,Caroline,2,218,542,587,911,Raf,0,265,511,624,870,Y
DSC_2828.TIF,3,3,1,1,3,JoshB,0,372,608,940,1176,Caroline,1,334,580,956,1202,Raf,0,357,557,976,1176,Y
DSC_2828.TIF,3,3,1,1,4,JoshB,0,826,1054,881,1109,Caroline,0,858,1096,861,1099,Raf,0,790,1124,821,1155,Y
DSC_2828.TIF,3,3,1,1,5,JoshB,0,818,1080,560,822,Caroline,0,858,1082,584,808,Raf,0,839,1067,572,800,Y
DSC_2828.TIF,3,3,1,1,6,JoshB,6,700,852,456,608,Caroline,6,674,864,440,630,Raf,6,660,860,427,627,Y
DSC_2828.TIF,3,3,1,3,1,JoshB,4,1820,2064,460,704,Caroline,4,1827,2051,472,696,Raf,5,1804,2050,484,730,Y
DSC_2828.TIF,3,3,1,3,2,JoshB,0,1711,1981,792,1062,Caroline,0,1700,1980,777,1057,Raf,0,1678,1958,770,1050,Y
DSC_2828.TIF,3,3,1,3,3,JoshB,0,1762,1964,1176,1378,Caroline,0,1692,2016,1159,1483,Raf,0,1716,2006,1186,1476,Y
DSC_2828.TIF,3,3,1,3,4,JoshB,0,2292,2612,932,1252,Caroline,0,2268,2564,948,1244,Raf,0,2300,2564,966,1230,Y
DSC_2828.TIF,3,3,1,3,5,JoshB,0,2196,2414,650,868,Caroline,0,2185,2493,640,948,Raf,0,2191,2445,660,914,Y
DSC_2828.TIF,3,3,1,3,6,JoshB,0,2106,2352,400,646,Caroline,0,2111,2363,380,632,Raf,0,2090,2362,383,655,Y
DSC_2828.TIF,3,3,2,2,1,JoshB,0,1138,1390,1762,2014,Caroline,0,1118,1362,1711,1955,Raf,0,1098,1352,1717,1971,Y
DSC_2828.TIF,3,3,2,2,2,JoshB,5,1222,1450,2035,2263,Caroline,6,1222,1468,2019,2265,Raf,5,1212,1458,2002,2248,Y
DSC_2828.TIF,3,3,2,2,3,JoshB,0,1180,1476,2233,2529,Caroline,1,1160,1412,2258,2510,Raf,1,1141,1397,2264,2520,Y
DSC_2828.TIF,3,3,2,2,4,JoshB,0,1610,1904,2120,2414,Caroline,1,1633,1899,2122,2388,Raf,0,1624,1898,2106,2380,Y
DSC_2828.TIF,3,3,2,2,5,JoshB,0,1484,1744,1872,2132,Caroline,0,1475,1735,1868,2128,Raf,0,1462,1744,1852,2134,Y
DSC_2828.TIF,3,3,2,2,6,JoshB,0,1390,1552,1719,1881,Caroline,0,1370,1580,1658,1868,Raf,0,1334,1598,1624,1888,Y
DSC_2828.TIF,3,3,3,1,1,JoshB,0,402,746,2908,3252,Caroline,0,388,702,2856,3170,Raf,0,414,738,2862,3186,Y
DSC_2828.TIF,3,3,3,1,2,JoshB,0,278,548,3206,3476,Caroline,0,324,626,3192,3494,Raf,0,330,628,3178,3476,Y
DSC_2828.TIF,3,3,3,1,3,JoshB,5,532,760,3517,3745,Caroline,4,528,766,3518,3756,Raf,5,541,769,3520,3748,Y
DSC_2828.TIF,3,3,3,1,4,JoshB,0,952,1282,3374,3704,Caroline,0,998,1264,3417,3683,Raf,0,1002,1274,3393,3665,Y
DSC_2828.TIF,3,3,3,1,5,JoshB,0,886,1180,3118,3412,Caroline,0,920,1166,3132,3378,Raf,0,870,1212,3081,3423,Y
DSC_2828.TIF,3,3,3,1,6,JoshB,0,852,1070,2874,3092,Caroline,0,830,1068,2855,3093,Raf,0,770,1076,2792,3098,Y
DSC_2828.TIF,3,3,3,3,1,JoshB,0,2150,2402,2655,2907,Caroline,0,2125,2377,2676,2928,Raf,0,2124,2388,2664,2928,Y
DSC_2828.TIF,3,3,3,3,2,JoshB,0,2064,2284,2941,3161,Caroline,0,2080,2310,2922,3152,Raf,0,2064,2326,2920,3182,Y
DSC_2828.TIF,3,3,3,3,3,JoshB,0,1946,2140,3328,3522,Caroline,1,1911,2177,3294,3560,Raf,0,1914,2238,3257,3581,Y
DSC_2828.TIF,3,3,3,3,4,JoshB,5,2432,2710,3126,3404,Caroline,3,2464,2690,3162,3388,Raf,5,2432,2678,3151,3397,Y
DSC_2828.TIF,3,3,3,3,5,JoshB,0,2418,2654,2953,3189,Caroline,0,2408,2648,2917,3157,Raf,0,2440,2642,2888,3090,Y
DSC_2828.TIF,3,3,3,3,6,JoshB,0,2385,2663,2696,2974,Caroline,0,2366,2612,2682,2928,Raf,0,2375,2611,2652,2888,Y
DSC_2867.tif,3,3,1,1,1,JoshB,1,616,834,368,586,Caroline,2,570,844,324,598,Raf,2,580,852,330,602,Y
DSC_2867.tif,3,3,1,1,2,JoshB,0,532,760,637,865,Caroline,0,492,760,600,868,Raf,1,489,751,598,860,Y
DSC_2867.tif,3,3,1,1,3,JoshB,0,590,878,889,1177,Caroline,0,534,858,843,1167,Raf,1,528,852,840,1164,Y
DSC_2867.tif,3,3,1,1,4,JoshB,0,996,1172,789,965,Caroline,1,924,1262,738,1076,Raf,1,922,1230,724,1032,Y
DSC_2867.tif,3,3,1,3,1,JoshB,5,1980,2226,514,760,Caroline,[],[],[],[],[],Raf,5,2010,2194,523,707,K
DSC_2867.tif,3,3,1,3,2,JoshB,1,1837,2031,810,1004,Caroline,2,1802,2096,760,1054,Raf,2,1813,2049,800,1036,Y
DSC_2867.tif,3,3,1,3,3,JoshB,0,1956,2124,1109,1277,Caroline,0,1862,2178,1029,1345,Raf,0,1844,2134,1041,1331,Y
DSC_2867.tif,3,3,1,3,4,JoshB,0,2302,2562,970,1230,Caroline,0,2283,2641,892,1250,Raf,0,2308,2634,948,1274,Y
DSC_2867.tif,3,3,1,3,5,JoshB,0,2284,2528,586,830,Caroline,1,2220,2542,552,874,Raf,0,2238,2546,527,835,Y
DSC_2867.tif,3,3,2,2,1,JoshB,0,1222,1476,1727,1981,Caroline,0,1230,1518,1714,2002,Raf,0,1256,1546,1677,1967,Y
DSC_2867.tif,3,3,2,2,2,JoshB,4,1206,1518,1998,2310,Caroline,4,1222,1504,2015,2297,Raf,4,1194,1546,1975,2327,Y
DSC_2867.tif,3,3,2,2,3,JoshB,0,1173,1365,2268,2460,Caroline,2,1090,1440,2241,2591,Raf,0,1142,1422,2252,2532,Y
DSC_2867.tif,3,3,2,2,4,JoshB,0,1636,1938,2141,2443,Caroline,0,1650,1966,2178,2494,Raf,0,1598,2002,2106,2510,Y
DSC_2867.tif,3,3,2,2,5,JoshB,0,1589,1833,1796,2040,Caroline,1,1536,1850,1778,2092,Raf,0,1528,1888,1720,2080,Y
DSC_2867.tif,3,3,3,1,1,JoshB,0,524,802,3050,3328,Caroline,0,510,882,3012,3384,Raf,0,474,860,2989,3375,Y
DSC_2867.tif,3,3,3,1,2,JoshB,0,346,574,3349,3577,Caroline,0,327,657,3336,3666,Raf,0,334,616,3344,3626,Y
DSC_2867.tif,3,3,3,1,3,JoshB,4,435,781,3598,3944,Caroline,3,464,780,3659,3975,Raf,3,422,808,3603,3989,Y
DSC_2867.tif,3,3,3,1,4,JoshB,0,962,1256,3561,3855,Caroline,0,892,1356,3497,3961,Raf,0,940,1300,3515,3875,Y
DSC_2867.tif,3,3,3,1,5,JoshB,0,915,1209,3160,3454,Caroline,0,900,1300,3096,3496,Raf,0,888,1238,3042,3392,Y
DSC_2867.tif,3,3,3,3,1,JoshB,0,2170,2414,3186,3430,Caroline,1,2111,2475,3118,3482,Raf,0,2142,2450,3155,3463,Y
DSC_2867.tif,3,3,3,3,2,JoshB,0,1872,2234,3468,3830,Caroline,1,1857,2209,3454,3806,Raf,1,1950,2230,3476,3756,Y
DSC_2867.tif,3,3,3,3,3,JoshB,0,2136,2422,3800,4086,Caroline,1,2044,2394,3733,4083,Raf,0,2124,2422,3788,4086,Y
DSC_2867.tif,3,3,3,3,4,JoshB,4,2478,2814,3615,3951,Caroline,4,2508,2830,3638,3960,Raf,5,2494,2836,3616,3958,Y
DSC_2867.tif,3,3,3,3,5,JoshB,3,2533,2827,3270,3564,Caroline,3,2480,2858,3252,3630,Raf,3,2520,2836,3274,3590,Y
DSC_2868.tif,3,3,1,1,2,Indira,1,603,887,644,928,Yuxuan,1,622,854,717,949,Emma,1,557,869,624,936,Y
DSC_2868.tif,3,3,1,1,3,Indira,1,630,914,922,1206,Yuxuan,1,654,906,954,1206,Emma,1,582,902,894,1214,Y
DSC_2868.tif,3,3,1,1,4,Indira,1,1053,1345,874,1166,Yuxuan,1,1022,1318,843,1139,Emma,0,1003,1333,834,1164,Y
DSC_2868.tif,3,3,1,1,5,Indira,4,1025,1345,528,848,Yuxuan,6,1027,1269,570,812,Emma,5,1004,1298,544,838,Y
DSC_2868.tif,3,3,1,3,1,Indira,4,2407,2657,576,826,Yuxuan,4,2412,2654,586,828,Emma,5,2375,2663,556,844,Y
DSC_2868.tif,3,3,1,3,2,Indira,3,2283,2573,868,1158,Yuxuan,3,2296,2528,912,1144,Emma,3,2254,2584,868,1198,Y
DSC_2868.tif,3,3,1,3,3,Indira,0,2200,2492,1192,1484,Yuxuan,0,2217,2471,1190,1444,Emma,0,2174,2486,1172,1484,Y
DSC_2868.tif,3,3,1,3,4,Indira,0,2664,2948,1078,1362,Yuxuan,0,2666,2928,1081,1343,Emma,0,2604,2958,1054,1408,Y
DSC_2868.tif,3,3,1,3,5,Indira,0,2674,2966,704,996,Yuxuan,0,2644,2908,738,1002,Emma,0,2633,2979,692,1038,Y
DSC_2868.tif,3,3,2,2,1,Indira,0,1344,1594,1686,1936,Yuxuan,0,1318,1560,1718,1960,Emma,0,1265,1593,1644,1972,Y
DSC_2868.tif,3,3,2,2,2,Indira,4,1222,1514,1936,2228,Yuxuan,4,1232,1496,1975,2239,Emma,5,1214,1500,1942,2228,Y
DSC_2868.tif,3,3,2,2,3,Indira,0,1200,1504,2215,2519,Yuxuan,1,1180,1476,2228,2524,Emma,1,1198,1552,2196,2550,Y
DSC_2868.tif,3,3,2,2,4,Indira,0,1748,2052,2137,2441,Yuxuan,0,1738,2022,2150,2434,Emma,0,1665,2077,2074,2486,Y
DSC_2868.tif,3,3,2,2,5,Indira,0,1626,1924,1700,1998,Yuxuan,0,1586,1954,1718,2086,Emma,0,1580,1934,1686,2040,Y
DSC_2868.tif,3,3,3,1,1,Indira,0,466,776,2696,3006,Yuxuan,0,496,758,2708,2970,Emma,0,435,789,2662,3016,Y
DSC_2868.tif,3,3,3,1,2,Indira,2,332,590,3006,3264,Yuxuan,2,348,590,2997,3239,Emma,2,233,611,2916,3294,Y
DSC_2868.tif,3,3,3,1,3,Indira,4,444,782,3156,3494,Yuxuan,5,496,760,3207,3471,Emma,5,464,776,3194,3506,Y
DSC_2868.tif,3,3,3,1,4,Indira,3,783,1081,3088,3386,Yuxuan,3,797,1049,3086,3338,Emma,3,755,1101,3042,3388,Y
DSC_2868.tif,3,3,3,1,5,Indira,0,782,1108,2722,3048,Yuxuan,0,807,1069,2718,2980,Emma,0,742,1122,2646,3026,Y
DSC_2868.tif,3,3,3,3,1,Indira,0,2350,2682,2567,2899,Yuxuan,0,2380,2676,2628,2924,Emma,0,2310,2706,2528,2924,Y
DSC_2868.tif,3,3,3,3,2,Indira,0,2198,2502,2926,3230,Yuxuan,0,2222,2508,2938,3224,Emma,0,2153,2575,2856,3278,Y
DSC_2868.tif,3,3,3,3,3,Indira,0,2256,2580,3292,3616,Yuxuan,0,2207,2491,3276,3560,Emma,0,2150,2588,3236,3674,Y
DSC_2868.tif,3,3,3,3,4,Indira,4,2749,3067,3148,3466,Yuxuan,4,2708,3012,3150,3454,Emma,5,2701,3047,3126,3472,Y
DSC_2868.tif,3,3,3,3,5,Indira,1,2688,3082,2762,3156,Yuxuan,1,2696,3024,2780,3108,Emma,2,2654,3050,2764,3160,Y
DSC_2869.tif,3,3,1,1,1,Caroline,3,738,1062,263,587,Raf,3,782,1062,291,571,Indira,3,772,1050,282,560,Y
DSC_2869.tif,3,3,1,1,2,Caroline,1,556,900,496,840,Raf,0,588,914,531,857,Indira,0,590,860,530,800,Y
DSC_2869.tif,3,3,1,1,3,Caroline,1,702,990,823,1111,Raf,0,730,966,835,1071,Indira,0,712,1002,821,1111,Y
DSC_2869.tif,3,3,1,1,4,Caroline,1,1101,1423,668,990,Raf,0,1054,1422,629,997,Indira,0,1084,1388,695,999,Y
DSC_2869.tif,3,3,1,1,5,Caroline,4,1065,1317,352,604,Raf,5,1090,1282,413,605,Indira,5,1077,1329,352,604,Y
DSC_2869.tif,3,3,1,3,1,Caroline,5,2206,2444,559,797,Raf,6,2178,2458,524,804,Indira,6,2236,2478,550,792,Y
DSC_2869.tif,3,3,1,3,2,Caroline,1,2030,2394,764,1128,Raf,0,2036,2336,768,1068,Indira,0,2038,2398,735,1095,Y
DSC_2869.tif,3,3,1,3,3,Caroline,0,2022,2388,1079,1445,Raf,0,2046,2362,1063,1379,Indira,0,2032,2384,1067,1419,Y
DSC_2869.tif,3,3,1,3,4,Caroline,0,2535,2893,920,1278,Raf,0,2568,2866,940,1238,Indira,0,2566,2878,952,1264,Y
DSC_2869.tif,3,3,1,3,5,Caroline,0,2501,2865,514,878,Raf,0,2502,2844,492,834,Indira,0,2515,2867,542,894,Y
DSC_2869.tif,3,3,2,2,1,Caroline,0,1510,1820,1851,2161,Raf,0,1541,1805,1852,2116,Indira,0,1552,1836,1856,2140,Y
DSC_2869.tif,3,3,2,2,2,Caroline,4,1406,1644,2058,2296,Raf,5,1414,1660,2049,2295,Indira,4,1368,1660,2021,2313,Y
DSC_2869.tif,3,3,2,2,3,Caroline,2,1461,1749,2310,2598,Raf,2,1448,1694,2300,2546,Indira,2,1392,1724,2248,2580,Y
DSC_2869.tif,3,3,2,2,4,Caroline,0,1791,2129,2268,2606,Raf,0,1834,2116,2277,2559,Indira,0,1811,2117,2268,2574,Y
DSC_2869.tif,3,3,2,2,5,Caroline,0,1841,2185,1882,2226,Raf,0,1812,2120,1870,2178,Indira,0,1856,2168,1933,2245,Y
DSC_2869.tif,3,3,3,1,1,Caroline,0,472,802,2735,3065,Raf,0,484,774,2739,3029,Indira,0,508,806,2743,3041,Y
DSC_2869.tif,3,3,3,1,2,Caroline,0,369,671,3076,3378,Raf,0,361,669,3098,3406,Indira,0,414,704,3082,3372,Y
DSC_2869.tif,3,3,3,1,3,Caroline,4,492,830,3380,3718,Raf,3,502,764,3367,3629,Indira,4,474,820,3372,3718,Y
DSC_2869.tif,3,3,3,1,4,Caroline,3,893,1201,3202,3510,Raf,2,888,1150,3204,3466,Indira,3,860,1172,3183,3495,Y
DSC_2869.tif,3,3,3,1,5,Caroline,0,798,1178,2808,3188,Raf,0,838,1128,2826,3116,Indira,0,826,1138,2850,3162,Y
DSC_2869.tif,3,3,3,3,1,Caroline,0,2339,2641,2894,3196,Raf,0,2393,2637,2880,3124,Indira,0,2330,2674,2892,3236,Y
DSC_2869.tif,3,3,3,3,2,Caroline,1,2224,2532,3196,3504,Raf,0,2242,2498,3212,3468,Indira,0,2242,2566,3177,3501,Y
DSC_2869.tif,3,3,3,3,3,Caroline,1,2380,2654,3413,3687,Raf,1,2396,2668,3406,3678,Indira,1,2398,2648,3433,3683,Y
DSC_2869.tif,3,3,3,3,4,Caroline,5,2746,3020,3248,3522,Raf,5,2766,3010,3257,3501,Indira,5,2756,3006,3271,3521,Y
DSC_2869.tif,3,3,3,3,5,Caroline,3,2654,2950,2970,3266,Raf,1,2673,2945,2976,3248,Indira,1,2664,2936,2972,3244,Y
DSC_2870.tif,3,3,1,1,1,Caroline,0,752,1076,298,622,Raf,0,774,1080,296,602,Indira,1,775,1087,312,624,Y
DSC_2870.tif,3,3,1,1,2,Caroline,0,458,808,556,906,Raf,0,492,790,598,896,Indira,0,488,820,528,860,Y
DSC_2870.tif,3,3,1,1,3,Caroline,0,608,952,858,1202,Raf,0,598,966,822,1190,Indira,0,644,956,908,1220,Y
DSC_2870.tif,3,3,1,1,4,Caroline,0,1053,1391,688,1026,Raf,0,1068,1400,686,1018,Indira,0,1056,1402,718,1064,Y
DSC_2870.tif,3,3,1,3,1,Caroline,5,2346,2606,377,637,Raf,5,2370,2590,391,611,Indira,5,2369,2593,386,610,Y
DSC_2870.tif,3,3,1,3,2,Caroline,3,2184,2486,636,938,Raf,2,2196,2440,660,904,Indira,2,2180,2492,620,932,Y
DSC_2870.tif,3,3,1,3,3,Caroline,1,2304,2570,917,1183,Raf,0,2248,2580,883,1215,Indira,0,2306,2570,922,1186,Y
DSC_2870.tif,3,3,1,3,4,Caroline,1,2648,2950,788,1090,Raf,0,2642,2966,774,1098,Indira,1,2668,2960,823,1115,Y
DSC_2870.tif,3,3,1,3,5,Caroline,1,2626,2914,461,749,Raf,0,2616,2896,475,755,Indira,1,2614,2926,450,762,Y
DSC_2870.tif,3,3,2,2,1,Caroline,0,1454,1722,1524,1792,Raf,0,1457,1695,1554,1792,Indira,0,1473,1731,1564,1822,Y
DSC_2870.tif,3,3,2,2,2,Caroline,6,1366,1604,1806,2044,Raf,6,1388,1606,1822,2040,Indira,5,1358,1608,1788,2038,Y
DSC_2870.tif,3,3,2,2,3,Caroline,0,1243,1623,1980,2360,Raf,0,1256,1544,2020,2308,Indira,0,1298,1602,2052,2356,Y
DSC_2870.tif,3,3,2,2,4,Caroline,0,1748,2184,1959,2395,Raf,0,1792,2168,1963,2339,Indira,0,1782,2134,2005,2357,Y
DSC_2870.tif,3,3,2,2,5,Caroline,0,1657,2057,1630,2030,Raf,0,1694,2020,1589,1915,Indira,0,1693,2031,1640,1978,Y
DSC_2870.tif,3,3,3,1,1,Caroline,1,576,858,2636,2918,Raf,0,536,834,2621,2919,Indira,0,576,902,2620,2946,Y
DSC_2870.tif,3,3,3,1,2,Caroline,3,412,700,2950,3238,Raf,1,440,720,2950,3230,Indira,1,420,738,2915,3233,Y
DSC_2870.tif,3,3,3,1,3,Caroline,5,605,941,3174,3510,Raf,4,585,891,3152,3458,Indira,4,576,882,3182,3488,Y
DSC_2870.tif,3,3,3,1,4,Caroline,1,892,1264,3142,3514,Raf,0,848,1182,3160,3494,Indira,0,925,1189,3196,3460,Y
DSC_2870.tif,3,3,3,1,5,Caroline,1,857,1215,2760,3118,Raf,0,884,1198,2766,3080,Indira,0,888,1246,2757,3115,Y
DSC_2870.tif,3,3,3,3,1,Caroline,0,2262,2536,2606,2880,Raf,0,2238,2572,2590,2924,Indira,0,2269,2539,2608,2878,Y
DSC_2870.tif,3,3,3,3,2,Caroline,0,2164,2480,2861,3177,Raf,0,2194,2476,2901,3183,Indira,0,2194,2478,2909,3193,Y
DSC_2870.tif,3,3,3,3,3,Caroline,0,2307,2559,3146,3398,Raf,[],[],[],[],[],Indira,0,2322,2512,3165,3355,K
DSC_2870.tif,3,3,3,3,4,Caroline,5,2574,2868,2992,3286,Raf,5,2590,2880,2976,3266,Indira,5,2593,2885,2972,3264,Y
DSC_2870.tif,3,3,3,3,5,Caroline,3,2539,2877,2640,2978,Raf,2,2571,2827,2694,2950,Indira,3,2546,2864,2674,2992,Y
DSC_2871.tif,1,2,1,1,1,Emma,1,541,927,1594,1980,Mark,0,514,928,1571,1985,Clem,0,531,869,1626,1964,Y
DSC_2871.tif,1,2,1,1,2,Emma,0,470,890,1990,2410,Mark,0,423,903,1922,2402,Clem,0,464,852,1989,2377,Y
DSC_2871.tif,1,2,1,1,3,Emma,0,949,1369,1964,2384,Mark,0,920,1400,1947,2427,Clem,0,945,1331,1956,2342,Y
DSC_2871.tif,1,2,1,1,4,Emma,4,916,1278,1610,1972,Mark,5,910,1332,1576,1998,Clem,5,928,1264,1636,1972,Y
DSC_2871.tif,1,2,1,2,1,Emma,0,2061,2423,1686,2048,Mark,0,2027,2423,1660,2056,Clem,0,2040,2368,1711,2039,Y
DSC_2871.tif,1,2,1,2,2,Emma,0,1938,2394,2035,2491,Mark,0,1930,2436,2014,2520,Clem,0,1931,2317,2074,2460,Y
DSC_2871.tif,1,2,1,2,3,Emma,0,2419,2849,2056,2486,Mark,0,2460,2866,2093,2499,Clem,0,2448,2836,2090,2478,Y
DSC_2871.tif,1,2,1,2,4,Emma,5,2363,2735,1702,2074,Mark,5,2376,2764,1690,2078,Clem,5,2376,2696,1720,2040,Y
DSC_4387.TIF,3,3,1,1,1,Emma,3,620,856,296,532,Mark,3,574,894,245,565,Clem,4,600,818,301,519,Y
DSC_4387.TIF,3,3,1,1,2,Emma,0,372,734,604,966,Mark,0,402,764,590,952,Clem,0,422,700,650,928,Y
DSC_4387.TIF,3,3,1,1,3,Emma,0,258,662,920,1324,Mark,0,283,637,944,1298,Clem,0,296,608,953,1265,Y
DSC_4387.TIF,3,3,1,1,4,Emma,0,1054,1424,852,1222,Mark,0,1062,1466,861,1265,Clem,0,1062,1374,898,1210,Y
DSC_4387.TIF,3,3,1,1,5,Emma,3,897,1151,632,886,Mark,1,886,1146,629,889,Clem,2,881,1117,642,878,Y
DSC_4387.TIF,3,3,1,1,6,Emma,5,872,1134,346,608,Mark,5,868,1164,325,621,Clem,6,881,1125,346,590,Y
DSC_4387.TIF,3,3,1,3,2,Emma,6,1976,2212,642,878,Mark,5,1990,2242,642,894,Clem,6,1956,2182,633,859,Y
DSC_4387.TIF,3,3,1,3,3,Emma,0,2056,2360,873,1177,Mark,0,2074,2410,869,1205,Clem,0,2048,2342,915,1209,Y
DSC_4387.TIF,3,3,1,3,4,Emma,0,2536,2840,911,1215,Mark,0,2528,2916,865,1253,Clem,0,2588,2824,957,1193,Y
DSC_4387.TIF,3,3,1,3,5,Emma,0,2520,2840,599,919,Mark,0,2528,2882,582,936,Clem,0,2532,2802,650,920,Y
DSC_4387.TIF,3,3,1,3,6,Emma,4,2368,2604,354,590,Mark,3,2372,2650,354,632,Clem,5,2386,2596,364,574,Y
DSC_4387.TIF,3,3,2,2,1,Emma,5,1324,1584,1510,1770,Mark,5,1324,1636,1467,1779,Clem,6,1316,1552,1517,1753,Y
DSC_4387.TIF,3,3,2,2,2,Emma,6,1184,1428,1736,1980,Mark,5,1164,1492,1673,2001,Clem,6,1186,1412,1754,1980,Y
DSC_4387.TIF,3,3,2,2,3,Emma,4,1293,1547,2014,2268,Mark,4,1264,1594,1980,2310,Clem,4,1273,1525,1998,2250,Y
DSC_4387.TIF,3,3,2,2,4,Emma,0,1804,2116,1989,2301,Mark,0,1796,2166,1960,2330,Clem,0,1796,2082,2015,2301,Y
DSC_4387.TIF,3,3,2,2,5,Emma,0,1754,2048,1708,2002,Mark,0,1744,2116,1655,2027,Clem,0,1744,2022,1728,2006,Y
DSC_4387.TIF,3,3,2,2,6,Emma,0,1619,1913,1450,1744,Mark,0,1623,1917,1434,1728,Clem,0,1636,1888,1472,1724,Y
DSC_4387.TIF,3,3,3,1,1,Emma,0,354,708,3016,3370,Mark,0,393,739,3008,3354,Clem,0,388,674,3051,3337,Y
DSC_4387.TIF,3,3,3,1,2,Emma,3,280,624,3312,3656,Mark,2,278,658,3307,3687,Clem,2,321,557,3388,3624,Y
DSC_4387.TIF,3,3,3,1,3,Emma,4,346,642,3652,3948,Mark,3,354,666,3661,3973,Clem,4,346,600,3661,3915,Y
DSC_4387.TIF,3,3,3,1,4,Emma,5,785,1063,3614,3892,Mark,4,794,1088,3598,3892,Clem,5,802,1054,3607,3859,Y
DSC_4387.TIF,3,3,3,1,5,Emma,0,836,1164,3304,3632,Mark,0,830,1176,3294,3640,Clem,0,878,1146,3329,3597,Y
DSC_4387.TIF,3,3,3,1,6,Emma,0,662,1024,2984,3346,Mark,0,701,1071,2966,3336,Clem,0,725,961,3050,3286,Y
DSC_4387.TIF,3,3,3,3,1,Emma,0,1930,2242,2932,3244,Mark,0,1914,2276,2878,3240,Clem,0,1999,2225,2950,3176,Y
DSC_4387.TIF,3,3,3,3,2,Emma,0,1681,2045,3218,3582,Mark,0,1652,2074,3173,3595,Clem,0,1702,1980,3231,3509,Y
DSC_4387.TIF,3,3,3,3,3,Emma,0,1828,2166,3547,3885,Mark,0,1754,2200,3468,3914,Clem,0,1854,2140,3568,3854,Y
DSC_4387.TIF,3,3,3,3,4,Emma,3,2234,2562,3464,3792,Mark,4,2216,2630,3446,3860,Clem,5,2258,2512,3509,3763,Y
DSC_4387.TIF,3,3,3,3,5,Emma,5,2217,2503,3228,3514,Mark,6,2192,2578,3178,3564,Clem,6,2216,2436,3273,3493,Y
DSC_4388.TIF,3,3,1,1,1,Yuxuan,0,622,906,285,569,Emma,0,616,952,267,603,Mark,0,603,973,246,616,Y
DSC_4388.TIF,3,3,1,1,2,Yuxuan,0,348,632,538,822,Emma,0,364,700,528,864,Mark,0,346,700,507,861,Y
DSC_4388.TIF,3,3,1,1,3,Yuxuan,1,454,728,870,1144,Emma,2,430,760,868,1198,Mark,1,430,776,864,1210,Y
DSC_4388.TIF,3,3,1,1,4,Yuxuan,4,832,1096,874,1138,Emma,5,826,1096,894,1164,Mark,4,826,1138,881,1193,Y
DSC_4388.TIF,3,3,1,1,5,Yuxuan,5,949,1129,706,886,Emma,6,915,1143,674,902,Mark,5,890,1202,624,936,Y
DSC_4388.TIF,3,3,1,1,6,Yuxuan,0,906,1128,453,675,Emma,0,894,1156,439,701,Mark,0,890,1244,354,708,Y
DSC_4388.TIF,3,3,1,3,1,Yuxuan,4,1980,2234,501,755,Emma,4,1993,2255,498,760,Mark,4,1972,2292,451,771,Y
DSC_4388.TIF,3,3,1,3,2,Yuxuan,0,1891,2143,770,1022,Emma,0,1854,2174,726,1046,Mark,0,1862,2250,696,1084,Y
DSC_4388.TIF,3,3,1,3,3,Yuxuan,0,1802,2076,1075,1349,Emma,0,1736,2148,996,1408,Mark,0,1728,2150,982,1404,Y
DSC_4388.TIF,3,3,1,3,4,Yuxuan,0,2412,2750,1043,1381,Emma,0,2436,2798,1054,1416,Mark,0,2436,2848,1037,1449,Y
DSC_4388.TIF,3,3,1,3,6,Yuxuan,4,2318,2580,481,743,Emma,5,2306,2566,490,750,Mark,6,2300,2620,439,759,Y
DSC_4388.TIF,3,3,2,2,1,Yuxuan,5,1232,1464,1623,1855,Emma,5,1222,1466,1618,1862,Mark,5,1188,1518,1563,1893,Y
DSC_4388.TIF,3,3,2,2,2,Yuxuan,6,1184,1396,1906,2118,Emma,5,1155,1433,1872,2150,Mark,6,1156,1458,1868,2170,Y
DSC_4388.TIF,3,3,2,2,3,Yuxuan,0,1096,1402,2164,2470,Emma,0,1054,1408,2116,2470,Mark,0,1070,1434,2102,2466,Y
DSC_4388.TIF,3,3,2,2,4,Yuxuan,0,1664,1918,2064,2318,Emma,0,1593,1973,2098,2478,Mark,0,1652,2048,2065,2461,Y
DSC_4388.TIF,3,3,2,2,5,Yuxuan,0,1612,1864,1818,2070,Emma,0,1594,1896,1808,2110,Mark,0,1576,1896,1762,2082,Y
DSC_4388.TIF,3,3,2,2,6,Yuxuan,2,1528,1728,1607,1807,Emma,2,1488,1774,1560,1846,Mark,2,1534,1838,1533,1837,Y
DSC_4388.TIF,3,3,3,1,1,Yuxuan,2,516,738,2928,3150,Emma,3,490,768,2932,3210,Mark,4,431,801,2840,3210,Y
DSC_4388.TIF,3,3,3,1,2,Yuxuan,6,496,780,3212,3496,Emma,6,481,759,3244,3522,Mark,6,451,831,3176,3556,Y
DSC_4388.TIF,3,3,3,1,3,Yuxuan,5,486,738,3524,3776,Emma,5,506,768,3543,3805,Mark,6,448,792,3489,3833,Y
DSC_4388.TIF,3,3,3,1,4,Yuxuan,0,960,1212,3402,3654,Emma,0,944,1274,3374,3704,Mark,0,928,1348,3342,3762,Y
DSC_4388.TIF,3,3,3,1,5,Yuxuan,0,864,1138,3060,3334,Emma,0,826,1146,3046,3366,Mark,0,802,1188,3021,3407,Y
DSC_4388.TIF,3,3,3,1,6,Yuxuan,0,738,990,2813,3065,Emma,0,708,1004,2797,3093,Mark,0,726,1020,2786,3080,Y
DSC_4388.TIF,3,3,3,3,1,Yuxuan,0,2064,2296,2892,3124,Emma,0,2036,2330,2824,3118,Mark,0,2044,2356,2806,3118,Y
DSC_4388.TIF,3,3,3,3,2,Yuxuan,2,2039,2239,3138,3338,Emma,1,1989,2259,3126,3396,Mark,1,1998,2284,3118,3404,Y
DSC_4388.TIF,3,3,3,3,3,Yuxuan,3,2022,2254,3402,3634,Emma,3,1985,2247,3362,3624,Mark,2,1930,2318,3299,3687,Y
DSC_4388.TIF,3,3,3,3,4,Yuxuan,3,2464,2666,3475,3677,Emma,3,2427,2697,3430,3700,Mark,3,2394,2780,3379,3765,Y
DSC_4388.TIF,3,3,3,3,5,Yuxuan,0,2422,2718,3122,3418,Emma,0,2347,2677,3092,3422,Mark,0,2352,2696,3047,3391,Y
DSC_4388.TIF,3,3,3,3,6,Yuxuan,0,2349,2613,2844,3108,Emma,0,2342,2638,2772,3068,Mark,0,2334,2688,2730,3084,Y
DSC_4389.TIF,3,3,1,1,1,Indira,0,624,880,506,762,Yuxuan,1,612,864,485,737,Emma,0,616,886,498,768,Y
DSC_4389.TIF,3,3,1,1,2,Indira,0,428,718,753,1043,Yuxuan,0,412,706,770,1064,Emma,0,388,718,737,1067,Y
DSC_4389.TIF,3,3,1,1,3,Indira,0,526,790,1090,1354,Yuxuan,0,464,748,1059,1343,Emma,0,472,818,1057,1403,Y
DSC_4389.TIF,3,3,1,1,4,Indira,0,908,1178,1108,1378,Yuxuan,1,896,1180,1091,1375,Emma,0,881,1209,1062,1390,Y
DSC_4389.TIF,3,3,1,1,5,Indira,3,894,1172,789,1067,Yuxuan,4,896,1148,796,1048,Emma,4,894,1146,810,1062,Y
DSC_4389.TIF,3,3,1,1,6,Indira,1,938,1182,576,820,Yuxuan,2,933,1133,590,790,Emma,1,878,1138,566,826,Y
DSC_4389.TIF,3,3,1,3,1,Indira,0,2106,2398,667,959,Yuxuan,0,2096,2350,690,944,Emma,0,2064,2368,645,949,Y
DSC_4389.TIF,3,3,1,3,2,Indira,0,1930,2200,925,1195,Yuxuan,0,1907,2181,948,1222,Emma,0,1862,2174,940,1252,Y
DSC_4389.TIF,3,3,1,3,3,Indira,0,1936,2208,1300,1572,Yuxuan,0,1928,2212,1244,1528,Emma,0,1905,2209,1290,1594,Y
DSC_4389.TIF,3,3,1,3,4,Indira,3,2458,2736,1229,1507,Yuxuan,3,2464,2686,1232,1454,Emma,3,2436,2696,1240,1500,Y
DSC_4389.TIF,3,3,1,3,5,Indira,3,2414,2658,1002,1246,Yuxuan,3,2370,2612,975,1217,Emma,3,2402,2646,995,1239,Y
DSC_4389.TIF,3,3,1,3,6,Indira,0,2401,2713,678,990,Yuxuan,0,2407,2659,760,1012,Emma,0,2402,2696,726,1020,Y
DSC_4389.TIF,3,3,2,2,1,Indira,4,1436,1680,1997,2241,Yuxuan,4,1428,1670,1992,2234,Emma,4,1416,1678,1989,2251,Y
DSC_4389.TIF,3,3,2,2,2,Indira,0,1266,1544,2248,2526,Yuxuan,0,1264,1548,2239,2523,Emma,0,1240,1568,2226,2554,Y
DSC_4389.TIF,3,3,2,2,3,Indira,0,1311,1555,2654,2898,Yuxuan,0,1291,1533,2634,2876,Emma,0,1226,1630,2562,2966,Y
DSC_4389.TIF,3,3,2,2,4,Indira,0,1916,2180,2569,2833,Yuxuan,0,1885,2107,2580,2802,Emma,0,1850,2204,2536,2890,Y
DSC_4389.TIF,3,3,2,2,5,Indira,3,1904,2160,2255,2511,Yuxuan,3,1890,2144,2264,2518,Emma,2,1846,2166,2225,2545,Y
DSC_4389.TIF,3,3,2,2,6,Indira,4,1744,2008,2012,2276,Yuxuan,4,1760,1980,2034,2254,Emma,5,1724,2018,2006,2300,Y
DSC_4389.TIF,3,3,3,1,1,Indira,3,743,951,3136,3344,Yuxuan,4,718,918,3144,3344,Emma,4,700,936,3139,3375,Y
DSC_4389.TIF,3,3,3,1,2,Indira,2,610,880,3372,3642,Yuxuan,2,602,822,3392,3612,Emma,3,616,860,3396,3640,Y
DSC_4389.TIF,3,3,3,1,3,Indira,0,441,705,3602,3866,Yuxuan,0,453,695,3624,3866,Emma,0,440,708,3582,3850,Y
DSC_4389.TIF,3,3,3,1,4,Indira,0,996,1254,3642,3900,Yuxuan,0,970,1254,3666,3950,Emma,0,978,1256,3624,3902,Y
DSC_4389.TIF,3,3,3,1,5,Indira,0,942,1220,3348,3626,Yuxuan,0,974,1164,3412,3602,Emma,0,920,1240,3350,3670,Y
DSC_4389.TIF,3,3,3,1,6,Indira,1,958,1148,3168,3358,Yuxuan,1,933,1133,3182,3382,Emma,1,902,1138,3152,3388,Y
DSC_4389.TIF,3,3,3,3,1,Indira,3,2160,2390,3142,3372,Yuxuan,4,2133,2375,3150,3392,Emma,4,2125,2393,3144,3412,Y
DSC_4389.TIF,3,3,3,3,2,Indira,4,2134,2410,3464,3740,Yuxuan,5,2106,2380,3465,3739,Emma,5,2129,2397,3464,3732,Y
DSC_4389.TIF,3,3,3,3,3,Indira,4,2134,2370,3711,3947,Yuxuan,5,2150,2360,3719,3929,Emma,5,2127,2389,3716,3978,Y
DSC_4389.TIF,3,3,3,3,4,Indira,0,2580,2858,3680,3958,Yuxuan,0,2570,2834,3681,3945,Emma,0,2536,2866,3648,3978,Y
DSC_4389.TIF,3,3,3,3,5,Indira,0,2506,2776,3380,3650,Yuxuan,0,2496,2750,3349,3603,Emma,0,2444,2738,3354,3648,Y
DSC_4389.TIF,3,3,3,3,6,Indira,0,2444,2696,3104,3356,Yuxuan,0,2444,2696,3102,3354,Emma,0,2410,2680,3109,3379,Y
DSC_4390.TIF,3,3,1,1,1,Clem,0,758,962,556,760,JoshW,0,712,996,516,800,JoshB,0,751,1005,556,810,Y
DSC_4390.TIF,3,3,1,1,2,Clem,4,658,902,860,1104,JoshW,2,684,922,853,1091,JoshB,3,718,936,877,1095,Y
DSC_4390.TIF,3,3,1,1,3,Clem,[],[],[],[],[],JoshW,0,718,1024,1093,1399,JoshB,0,692,962,1079,1349,K
DSC_4390.TIF,3,3,1,1,4,Clem,5,1214,1466,987,1239,JoshW,3,1203,1473,976,1246,JoshB,3,1230,1458,1020,1248,Y
DSC_4390.TIF,3,3,1,1,5,Clem,0,1096,1400,679,983,JoshW,0,1090,1388,657,955,JoshB,0,1130,1332,742,944,Y
DSC_4390.TIF,3,3,1,1,6,Clem,0,1004,1274,460,730,JoshW,0,1036,1254,481,699,JoshB,0,1070,1256,489,675,Y
DSC_4390.TIF,3,3,1,3,1,Clem,0,2140,2402,477,739,JoshW,0,2133,2417,502,786,JoshB,0,2192,2428,490,726,Y
DSC_4390.TIF,3,3,1,3,2,Clem,0,2040,2368,781,1109,JoshW,0,2012,2370,786,1144,JoshB,0,2082,2360,801,1079,Y
DSC_4390.TIF,3,3,1,3,3,Clem,0,2098,2436,1108,1446,JoshW,0,2114,2452,1112,1450,JoshB,1,2098,2410,1125,1437,Y
DSC_4390.TIF,3,3,1,3,4,Clem,6,2588,2840,995,1247,JoshW,5,2594,2850,1034,1290,JoshB,4,2588,2856,1030,1298,Y
DSC_4390.TIF,3,3,1,3,5,Clem,6,2578,2780,734,936,JoshW,5,2580,2804,725,949,JoshB,5,2588,2806,718,936,Y
DSC_4390.TIF,3,3,1,3,6,Clem,0,2502,2764,451,713,JoshW,0,2506,2776,462,732,JoshB,0,2533,2717,482,666,Y
DSC_4390.TIF,3,3,2,2,1,Clem,0,1484,1744,1851,2111,JoshW,0,1530,1808,1852,2130,JoshB,0,1458,1828,1800,2170,Y
DSC_4390.TIF,3,3,2,2,2,Clem,0,1333,1619,2158,2444,JoshW,0,1362,1660,2184,2482,JoshB,0,1404,1640,2200,2436,Y
DSC_4390.TIF,3,3,2,2,3,Clem,0,1282,1626,2448,2792,JoshW,0,1256,1602,2458,2804,JoshB,0,1298,1594,2494,2790,Y
DSC_4390.TIF,3,3,2,2,4,Clem,2,1820,2106,2410,2696,JoshW,2,1816,2112,2415,2711,JoshB,1,1833,2127,2428,2722,Y
DSC_4390.TIF,3,3,2,2,5,Clem,5,1828,2014,2153,2339,JoshW,6,1819,2075,2100,2356,JoshB,4,1838,2074,2136,2372,Y
DSC_4390.TIF,3,3,2,2,6,Clem,6,1799,2035,1896,2132,JoshW,6,1826,2034,1904,2112,JoshB,5,1812,2048,1892,2128,Y
DSC_4390.TIF,3,3,3,1,1,Clem,6,894,1112,3177,3395,JoshW,6,914,1132,3178,3396,JoshB,4,894,1138,3168,3412,Y
DSC_4390.TIF,3,3,3,1,2,Clem,0,684,1012,3404,3732,JoshW,0,732,1050,3429,3747,JoshB,0,760,986,3481,3707,Y
DSC_4390.TIF,3,3,3,1,3,Clem,0,768,1088,3737,4057,JoshW,0,793,1071,3758,4036,JoshB,0,768,1096,3708,4036,Y
DSC_4390.TIF,3,3,3,1,4,Clem,0,1274,1552,3716,3994,JoshW,0,1260,1592,3745,4077,JoshB,0,1298,1594,3723,4019,Y
DSC_4390.TIF,3,3,3,1,5,Clem,3,1269,1505,3454,3690,JoshW,3,1259,1537,3432,3710,JoshB,2,1282,1534,3438,3690,Y
DSC_4390.TIF,3,3,3,1,6,Clem,6,1176,1438,3176,3438,JoshW,6,1188,1466,3162,3440,JoshB,4,1202,1462,3186,3446,Y
DSC_4390.TIF,3,3,3,3,1,Clem,6,2237,2491,3058,3312,JoshW,3,2293,2523,3074,3304,JoshB,5,2284,2562,3068,3346,Y
DSC_4390.TIF,3,3,3,3,2,Clem,6,2203,2431,3328,3556,JoshW,6,2211,2455,3304,3548,JoshB,5,2225,2427,3320,3522,Y
DSC_4390.TIF,3,3,3,3,3,Clem,0,2161,2439,3582,3860,JoshW,0,2154,2432,3581,3859,JoshB,0,2132,2384,3531,3783,Y
DSC_4390.TIF,3,3,3,3,4,Clem,0,2638,2890,3582,3834,JoshW,0,2594,2918,3549,3873,JoshB,0,2638,2908,3568,3838,Y
DSC_4390.TIF,3,3,3,3,5,Clem,0,2588,2832,3278,3522,JoshW,0,2633,2945,3304,3616,JoshB,0,2570,2840,3265,3535,Y
DSC_4390.TIF,3,3,3,3,6,Clem,3,2486,2748,2999,3261,JoshW,3,2526,2756,3016,3246,JoshB,2,2528,2756,3021,3249,Y
DSC_4391.TIF,3,3,1,1,1,Raf,5,738,948,454,664,Indira,4,718,976,427,685,Yuxuan,4,718,1012,449,743,Y
DSC_4391.TIF,3,3,1,1,2,Raf,5,580,844,672,936,Indira,4,587,857,678,948,Yuxuan,5,612,854,691,933,Y
DSC_4391.TIF,3,3,1,1,3,Raf,0,632,914,1001,1283,Indira,0,665,963,990,1288,Yuxuan,0,612,918,991,1297,Y
DSC_4391.TIF,3,3,1,1,4,Raf,0,1168,1476,971,1279,Indira,0,1175,1425,996,1246,Yuxuan,0,1170,1506,949,1285,Y
DSC_4391.TIF,3,3,1,1,5,Raf,5,1132,1396,707,971,Indira,4,1138,1396,711,969,Yuxuan,4,1138,1360,712,934,Y
DSC_4391.TIF,3,3,1,1,6,Raf,5,1072,1230,488,646,Indira,4,1078,1274,475,671,Yuxuan,5,1060,1218,496,654,Y
DSC_4391.TIF,3,3,1,3,1,Raf,5,2134,2380,720,966,Indira,6,2188,2364,738,914,Yuxuan,6,2202,2360,780,938,Y
DSC_4391.TIF,3,3,1,3,2,Raf,[],[],[],[],[],Indira,4,2058,2262,958,1162,Yuxuan,4,2054,2212,975,1133,K
DSC_4391.TIF,3,3,1,3,3,Raf,1,2142,2378,1212,1448,Indira,3,2174,2410,1254,1490,Yuxuan,2,2170,2338,1249,1417,Y
DSC_4391.TIF,3,3,1,3,4,Raf,0,2642,2958,1132,1448,Indira,0,2668,2904,1146,1382,Yuxuan,0,2654,2896,1128,1370,Y
DSC_4391.TIF,3,3,1,3,5,Raf,0,2519,2817,818,1116,Indira,0,2532,2784,900,1152,Yuxuan,0,2538,2780,838,1080,Y
DSC_4391.TIF,3,3,1,3,6,Raf,5,2418,2584,660,826,Indira,5,2417,2607,650,840,Yuxuan,4,2401,2581,664,844,Y
DSC_4391.TIF,3,3,2,2,1,Raf,4,1546,1764,1854,2072,Indira,4,1551,1783,1848,2080,Yuxuan,4,1548,1770,1859,2081,Y
DSC_4391.TIF,3,3,2,2,2,Raf,5,1478,1734,2150,2406,Indira,4,1510,1768,2174,2432,Yuxuan,4,1502,1744,2138,2380,Y
DSC_4391.TIF,3,3,2,2,3,Raf,5,1484,1712,2445,2673,Indira,5,1488,1730,2432,2674,Yuxuan,4,1490,1712,2444,2666,Y
DSC_4391.TIF,3,3,2,2,4,Raf,5,1984,2222,2387,2625,Indira,4,1950,2222,2387,2659,Yuxuan,4,1980,2222,2375,2617,Y
DSC_4391.TIF,3,3,2,2,5,Raf,0,1862,2186,2042,2366,Indira,0,1862,2126,2046,2310,Yuxuan,0,1896,2128,2076,2308,Y
DSC_4391.TIF,3,3,2,2,6,Raf,0,1782,2036,1756,2010,Indira,0,1862,2058,1812,2008,Yuxuan,0,1818,2018,1822,2022,Y
DSC_4391.TIF,3,3,3,1,1,Raf,0,650,914,2870,3134,Indira,0,678,908,2878,3108,Yuxuan,0,706,906,2902,3102,Y
DSC_4391.TIF,3,3,3,1,2,Raf,5,492,746,3130,3384,Indira,3,511,783,3128,3400,Yuxuan,4,522,744,3128,3350,Y
DSC_4391.TIF,3,3,3,1,3,Raf,4,489,699,3494,3704,Indira,3,489,731,3488,3730,Yuxuan,3,502,722,3508,3728,Y
DSC_4391.TIF,3,3,3,1,4,Raf,5,904,1106,3471,3673,Indira,4,908,1144,3454,3690,Yuxuan,5,917,1149,3444,3676,Y
DSC_4391.TIF,3,3,3,1,5,Raf,5,936,1172,3178,3414,Indira,5,945,1169,3176,3400,Yuxuan,5,938,1138,3176,3376,Y
DSC_4391.TIF,3,3,3,1,6,Raf,0,936,1226,2870,3160,Indira,0,1010,1192,2966,3148,Yuxuan,0,964,1206,2918,3160,Y
DSC_4391.TIF,3,3,3,3,1,Raf,0,2134,2440,3073,3379,Indira,0,2187,2391,3148,3352,Yuxuan,0,2138,2412,3134,3408,Y
DSC_4391.TIF,3,3,3,3,2,Raf,0,2020,2326,3423,3729,Indira,0,1983,2235,3466,3718,Yuxuan,0,2002,2244,3465,3707,Y
DSC_4391.TIF,3,3,3,3,3,Raf,3,2064,2292,3761,3989,Indira,3,2051,2289,3784,4022,Yuxuan,3,2054,2276,3771,3993,Y
DSC_4391.TIF,3,3,3,3,4,Raf,5,2572,2792,3638,3858,Indira,3,2591,2787,3656,3852,Yuxuan,4,2560,2760,3629,3829,Y
DSC_4391.TIF,3,3,3,3,5,Raf,6,2520,2704,3375,3559,Indira,5,2540,2756,3386,3602,Yuxuan,5,2512,2712,3360,3560,Y
DSC_4391.TIF,3,3,3,3,6,Raf,6,2494,2660,3138,3304,Indira,5,2438,2708,3068,3338,Yuxuan,4,2476,2654,3118,3296,Y
DSC_4392.TIF,3,3,1,1,1,Clem,5,860,1138,527,805,JoshW,6,888,1070,574,756,JoshB,6,886,1104,566,784,Y
DSC_4392.TIF,3,3,1,1,2,Clem,0,742,1088,687,1033,JoshW,0,779,1023,752,996,JoshB,0,792,1012,755,975,Y
DSC_4392.TIF,3,3,1,1,3,Clem,0,612,932,1028,1348,JoshW,0,613,905,1036,1328,JoshB,0,637,925,1070,1358,Y
DSC_4392.TIF,3,3,1,1,4,Clem,4,1046,1382,1109,1445,JoshW,3,1098,1354,1153,1409,JoshB,4,1104,1340,1151,1387,Y
DSC_4392.TIF,3,3,1,1,5,Clem,6,1112,1416,780,1084,JoshW,5,1135,1385,834,1084,JoshB,5,1172,1348,865,1041,Y
DSC_4392.TIF,3,3,1,3,1,Clem,6,2140,2452,683,995,JoshW,6,2177,2401,732,956,JoshB,6,2158,2394,717,953,Y
DSC_4392.TIF,3,3,1,3,2,Clem,6,2106,2352,952,1198,JoshW,6,2097,2313,942,1158,JoshB,6,2098,2318,957,1177,Y
DSC_4392.TIF,3,3,1,3,3,Clem,0,2106,2460,1084,1438,JoshW,0,2160,2404,1131,1375,JoshB,0,2140,2428,1108,1396,Y
DSC_4392.TIF,3,3,1,3,4,Clem,0,2596,2940,1021,1365,JoshW,0,2614,2872,999,1257,JoshB,0,2638,2908,1003,1273,Y
DSC_4392.TIF,3,3,1,3,5,Clem,4,2478,2748,751,1021,JoshW,4,2520,2736,800,1016,JoshB,4,2494,2730,785,1021,Y
DSC_4392.TIF,3,3,1,3,6,Clem,4,2360,2722,519,881,JoshW,4,2418,2628,589,799,JoshB,4,2402,2638,603,839,Y
DSC_4392.TIF,3,3,2,2,1,Clem,5,1458,1754,1874,2170,JoshW,5,1486,1676,1936,2126,JoshB,6,1492,1684,1914,2106,Y
DSC_4392.TIF,3,3,2,2,2,Clem,6,1390,1754,2072,2436,JoshW,6,1470,1706,2131,2367,JoshB,4,1446,1672,2116,2342,Y
DSC_4392.TIF,3,3,2,2,3,Clem,6,1416,1762,2305,2651,JoshW,6,1442,1652,2398,2608,JoshB,5,1390,1660,2343,2613,Y
DSC_4392.TIF,3,3,2,2,4,Clem,0,1838,2258,2196,2616,JoshW,0,1924,2228,2239,2543,JoshB,0,1880,2216,2230,2566,Y
DSC_4392.TIF,3,3,2,2,5,Clem,0,1786,2150,1975,2339,JoshW,0,1822,2080,1994,2252,JoshB,0,1838,2074,2010,2246,Y
DSC_4392.TIF,3,3,2,2,6,Clem,6,1660,1956,1765,2061,JoshW,6,1734,1924,1802,1992,JoshB,6,1720,1922,1787,1989,Y
DSC_4392.TIF,3,3,3,1,1,Clem,6,590,826,3059,3295,JoshW,5,620,810,3108,3298,JoshB,6,600,802,3089,3291,Y
DSC_4392.TIF,3,3,3,1,2,Clem,6,514,792,3282,3560,JoshW,6,522,718,3318,3514,JoshB,6,531,709,3328,3506,Y
DSC_4392.TIF,3,3,3,1,3,Clem,6,582,844,3492,3754,JoshW,5,590,820,3548,3778,JoshB,6,616,826,3535,3745,Y
DSC_4392.TIF,3,3,3,1,4,Clem,6,894,1256,3518,3880,JoshW,4,949,1165,3616,3832,JoshB,5,936,1146,3607,3817,Y
DSC_4392.TIF,3,3,3,1,5,Clem,0,860,1256,3211,3607,JoshW,0,860,1152,3270,3562,JoshB,0,919,1131,3294,3506,Y
DSC_4392.TIF,3,3,3,1,6,Clem,0,802,1146,2972,3316,JoshW,0,874,1124,2993,3243,JoshB,0,890,1058,3068,3236,Y
DSC_4392.TIF,3,3,3,3,1,Clem,0,2090,2410,3320,3640,JoshW,0,2112,2356,3365,3609,JoshB,0,2098,2368,3362,3632,Y
DSC_4392.TIF,3,3,3,3,2,Clem,4,1964,2250,3602,3888,JoshW,4,2025,2235,3642,3852,JoshB,4,2022,2250,3644,3872,Y
DSC_4392.TIF,3,3,3,3,3,Clem,4,2106,2360,3812,4066,JoshW,4,2150,2354,3866,4070,JoshB,4,2162,2346,3860,4044,Y
DSC_4392.TIF,3,3,3,3,4,Clem,5,2418,2756,3644,3982,JoshW,5,2520,2722,3741,3943,JoshB,5,2502,2706,3715,3919,Y
DSC_4392.TIF,3,3,3,3,5,Clem,5,2470,2662,3540,3732,JoshW,5,2532,2688,3589,3745,JoshB,6,2520,2680,3586,3746,Y
DSC_4392.TIF,3,3,3,3,6,Clem,0,2452,2738,3321,3607,JoshW,0,2452,2708,3298,3554,JoshB,0,2444,2662,3362,3580,Y
DSC_4393.TIF,3,3,1,1,1,Raf,0,831,1111,580,860,Indira,0,847,1111,604,868,Yuxuan,0,832,1076,611,855,Y
DSC_4393.TIF,3,3,1,1,2,Raf,0,672,936,852,1116,Indira,0,704,942,857,1095,Yuxuan,0,706,948,838,1080,Y
DSC_4393.TIF,3,3,1,1,3,Raf,4,830,1032,1160,1362,Indira,4,810,1046,1132,1368,Yuxuan,4,832,1022,1138,1328,Y
DSC_4393.TIF,3,3,1,1,4,Raf,5,1186,1432,1054,1300,Indira,5,1188,1440,1056,1308,Yuxuan,4,1181,1423,1022,1264,Y
DSC_4393.TIF,3,3,1,1,5,Raf,5,1186,1484,774,1072,Indira,5,1226,1436,820,1030,Yuxuan,4,1202,1444,796,1038,Y
DSC_4393.TIF,3,3,1,1,6,Raf,5,1176,1422,484,730,Indira,5,1199,1389,528,718,Yuxuan,4,1202,1370,533,701,Y
DSC_4393.TIF,3,3,1,3,1,Raf,6,2362,2572,651,861,Indira,5,2371,2587,664,880,Yuxuan,5,2355,2575,654,874,Y
DSC_4393.TIF,3,3,1,3,2,Raf,0,2150,2450,830,1130,Indira,0,2201,2437,868,1104,Yuxuan,0,2128,2422,843,1137,Y
DSC_4393.TIF,3,3,1,3,3,Raf,0,2075,2375,1176,1476,Indira,0,2126,2356,1189,1419,Yuxuan,0,2103,2323,1170,1390,Y
DSC_4393.TIF,3,3,1,3,4,Raf,5,2624,2836,1220,1432,Indira,5,2627,2845,1212,1430,Yuxuan,4,2612,2834,1201,1423,Y
DSC_4393.TIF,3,3,1,3,5,Raf,5,2642,2906,913,1177,Indira,5,2668,2904,942,1178,Yuxuan,5,2644,2866,938,1160,Y
DSC_4393.TIF,3,3,1,3,6,Raf,5,2620,2814,702,896,Indira,5,2611,2807,718,914,Yuxuan,5,2612,2780,738,906,Y
DSC_4393.TIF,3,3,2,2,1,Raf,5,1572,1774,1936,2138,Indira,5,1578,1802,1916,2140,Yuxuan,5,1581,1781,1950,2150,Y
DSC_4393.TIF,3,3,2,2,2,Raf,4,1453,1629,2160,2336,Indira,4,1450,1646,2140,2336,Yuxuan,4,1454,1622,2160,2328,Y
DSC_4393.TIF,3,3,2,2,3,Raf,0,1422,1738,2366,2682,Indira,0,1456,1686,2390,2620,Yuxuan,0,1434,1706,2371,2643,Y
DSC_4393.TIF,3,3,2,2,4,Raf,0,2002,2362,2286,2646,Indira,0,2052,2322,2317,2587,Yuxuan,0,2002,2296,2297,2591,Y
DSC_4393.TIF,3,3,2,2,5,Raf,5,1940,2134,2115,2309,Indira,5,1936,2154,2105,2323,Yuxuan,4,1906,2128,2091,2313,Y
DSC_4393.TIF,3,3,2,2,6,Raf,5,1862,2116,1831,2085,Indira,5,1870,2072,1849,2051,Yuxuan,4,1860,2060,1864,2064,Y
DSC_4393.TIF,3,3,3,1,3,Raf,0,642,984,3835,4177,Indira,[],[],[],[],[],Yuxuan,0,733,965,3908,4140,K
DSC_4393.TIF,3,3,3,1,4,Raf,0,1155,1471,3766,4082,Indira,0,1175,1411,3664,3900,Yuxuan,0,1202,1412,3613,3823,Y
DSC_4393.TIF,3,3,3,1,5,Raf,0,1072,1378,3301,3607,Indira,0,1081,1297,3366,3582,Yuxuan,0,1106,1338,3328,3560,Y
DSC_4393.TIF,3,3,3,1,6,Raf,5,904,1106,3235,3437,Indira,5,922,1138,3220,3436,Yuxuan,4,918,1086,3239,3407,Y
DSC_4393.TIF,3,3,3,3,1,Raf,5,2212,2414,3238,3440,Indira,4,2205,2421,3250,3466,Yuxuan,3,2202,2392,3254,3444,Y
DSC_4393.TIF,3,3,3,3,2,Raf,6,2032,2268,3520,3756,Indira,5,2021,2259,3500,3738,Yuxuan,5,2038,2270,3496,3728,Y
DSC_4393.TIF,3,3,3,3,3,Raf,5,1984,2222,3836,4074,Indira,5,1963,2249,3818,4104,Yuxuan,4,1980,2222,3828,4070,Y
DSC_4393.TIF,3,3,3,3,4,Raf,5,2554,2774,3910,4130,Indira,5,2546,2816,3894,4164,Yuxuan,4,2538,2770,3918,4150,Y
DSC_4393.TIF,3,3,3,3,5,Raf,0,2580,2870,3554,3844,Indira,0,2580,2804,3554,3778,Yuxuan,0,2592,2792,3612,3812,Y
DSC_4393.TIF,3,3,3,3,6,Raf,0,2505,2831,3212,3538,Indira,0,2523,2807,3224,3508,Yuxuan,0,2549,2791,3254,3496,Y
DSC_4394.TIF,3,3,1,1,1,Caroline,0,748,1002,492,746,Raf,0,708,988,466,746,Indira,0,763,985,516,738,Y
DSC_4394.TIF,3,3,1,1,2,Caroline,4,616,854,718,956,Raf,4,624,844,742,962,Indira,4,621,851,732,962,Y
DSC_4394.TIF,3,3,1,1,3,Caroline,4,702,928,997,1223,Raf,5,689,945,992,1248,Indira,4,725,949,1016,1240,Y
DSC_4394.TIF,3,3,1,1,4,Caroline,4,1068,1300,906,1138,Raf,5,1062,1308,896,1142,Indira,4,1094,1310,922,1138,Y
DSC_4394.TIF,3,3,1,1,5,Caroline,4,1082,1292,675,885,Raf,5,1072,1274,659,861,Indira,4,1078,1288,677,887,Y
DSC_4394.TIF,3,3,1,1,6,Caroline,0,1026,1216,478,668,Raf,0,975,1273,378,676,Indira,0,1016,1180,474,638,Y
DSC_4394.TIF,3,3,1,3,1,Caroline,0,2254,2556,524,826,Raf,0,2292,2546,519,773,Indira,0,2296,2512,573,789,Y
DSC_4394.TIF,3,3,1,3,2,Caroline,0,2086,2402,805,1121,Raf,0,2194,2440,790,1036,Indira,0,2207,2391,826,1010,Y
DSC_4394.TIF,3,3,1,3,3,Caroline,4,2294,2504,1082,1292,Raf,4,2336,2510,1086,1260,Indira,4,2320,2530,1064,1274,Y
DSC_4394.TIF,3,3,1,3,4,Caroline,4,2676,2880,962,1166,Raf,5,2660,2888,953,1181,Indira,4,2674,2878,969,1173,Y
DSC_4394.TIF,3,3,1,3,5,Caroline,6,2637,2819,794,976,Raf,5,2624,2836,773,985,Indira,5,2620,2858,765,1003,Y
DSC_4394.TIF,3,3,1,3,6,Caroline,6,2556,2752,602,798,Raf,5,2580,2808,576,804,Indira,5,2560,2762,583,785,Y
DSC_4394.TIF,3,3,2,2,1,Caroline,6,1806,1974,1689,1857,Raf,5,1800,1984,1669,1853,Indira,5,1819,1987,1694,1862,Y
DSC_4394.TIF,3,3,2,2,2,Caroline,0,1654,1928,1826,2100,Raf,0,1659,1905,1834,2080,Indira,0,1687,1911,1856,2080,Y
DSC_4394.TIF,3,3,2,2,3,Caroline,0,1532,1868,2142,2478,Raf,0,1510,1888,2147,2525,Indira,0,1557,1795,2194,2432,Y
DSC_4394.TIF,3,3,2,2,4,Caroline,4,2040,2300,2128,2388,Raf,5,2059,2287,2142,2370,Indira,4,2055,2279,2146,2370,Y
DSC_4394.TIF,3,3,2,2,5,Caroline,4,2036,2212,1945,2121,Raf,5,2019,2247,1914,2142,Indira,4,2052,2222,1947,2117,Y
DSC_4394.TIF,3,3,2,2,6,Caroline,5,2012,2160,1756,1904,Raf,6,2010,2168,1743,1901,Indira,5,1999,2181,1714,1896,Y
DSC_4394.TIF,3,3,3,1,1,Caroline,6,584,780,2827,3023,Raf,5,576,786,2818,3028,Indira,5,576,800,2820,3044,Y
DSC_4394.TIF,3,3,3,1,2,Caroline,6,404,608,3034,3238,Raf,5,396,606,3046,3256,Indira,5,420,624,3030,3234,Y
DSC_4394.TIF,3,3,3,1,3,Caroline,0,472,774,3311,3613,Raf,0,427,751,3230,3554,Indira,0,515,779,3324,3588,Y
DSC_4394.TIF,3,3,3,1,4,Caroline,0,974,1268,3224,3518,Raf,0,948,1230,3282,3564,Indira,0,1024,1240,3264,3480,Y
DSC_4394.TIF,3,3,3,1,5,Caroline,6,928,1124,2989,3185,Raf,5,922,1124,3002,3204,Indira,5,894,1132,2979,3217,Y
DSC_4394.TIF,3,3,3,1,6,Caroline,6,836,1020,2780,2964,Raf,5,818,1036,2761,2979,Indira,5,854,1030,2790,2966,Y
DSC_4394.TIF,3,3,3,3,1,Caroline,5,1988,2192,3111,3315,Raf,5,1958,2196,3080,3318,Indira,5,1984,2208,3114,3338,Y
DSC_4394.TIF,3,3,3,3,2,Caroline,5,1911,2129,3378,3596,Raf,5,1905,2151,3362,3608,Indira,5,1916,2140,3372,3596,Y
DSC_4394.TIF,3,3,3,3,3,Caroline,5,1834,2050,3663,3879,Raf,6,1818,2036,3630,3848,Indira,5,1825,2069,3636,3880,Y
DSC_4394.TIF,3,3,3,3,4,Caroline,0,2367,2661,3568,3862,Raf,0,2362,2694,3608,3940,Indira,0,2410,2628,3591,3809,Y
DSC_4394.TIF,3,3,3,3,5,Caroline,0,2282,2570,3286,3574,Raf,0,2299,2581,3326,3608,Indira,0,2310,2566,3312,3568,Y
DSC_4394.TIF,3,3,3,3,6,Caroline,4,2272,2496,3076,3300,Raf,6,2274,2484,3090,3300,Indira,5,2272,2502,3060,3290,Y
DSC_4538.TIF,3,3,1,1,1,JoshW,4,440,664,406,630,JoshB,4,469,653,440,624,Caroline,4,450,654,404,608,Y
DSC_4538.TIF,3,3,1,1,2,JoshW,0,354,610,658,914,JoshB,0,372,616,709,953,Caroline,0,324,598,671,945,Y
DSC_4538.TIF,3,3,1,1,3,JoshW,0,340,630,976,1266,JoshB,0,330,632,987,1289,Caroline,0,320,630,990,1300,Y
DSC_4538.TIF,3,3,1,1,4,JoshW,0,850,1114,928,1192,JoshB,0,852,1112,928,1188,Caroline,0,872,1146,927,1201,Y
DSC_4538.TIF,3,3,1,1,5,JoshW,0,834,1098,584,848,JoshB,0,834,1080,611,857,Caroline,1,830,1096,608,874,Y
DSC_4538.TIF,3,3,1,1,6,JoshW,3,712,948,353,589,JoshB,3,738,932,380,574,Caroline,4,724,942,359,577,Y
DSC_4538.TIF,3,3,1,3,1,JoshW,4,1936,2154,562,780,JoshB,5,1938,2140,557,759,Caroline,4,1949,2145,570,766,Y
DSC_4538.TIF,3,3,1,3,2,JoshW,4,1808,2032,803,1027,JoshB,6,1837,2007,834,1004,Caroline,5,1837,2011,830,1004,Y
DSC_4538.TIF,3,3,1,3,3,JoshW,0,1778,2062,1084,1368,JoshB,0,1846,2048,1104,1306,Caroline,0,1784,2100,1050,1366,Y
DSC_4538.TIF,3,3,1,3,4,JoshW,0,2310,2600,1000,1290,JoshB,0,2326,2536,1088,1298,Caroline,0,2290,2648,952,1310,Y
DSC_4538.TIF,3,3,1,3,5,JoshW,0,2268,2512,776,1020,JoshB,0,2300,2562,750,1012,Caroline,0,2226,2514,721,1009,Y
DSC_4538.TIF,3,3,1,3,6,JoshW,2,2168,2344,570,746,JoshB,1,2174,2360,556,742,Caroline,3,2152,2356,534,738,Y
DSC_4538.TIF,3,3,2,2,1,JoshW,1,1172,1388,1930,2146,JoshB,1,1184,1404,1938,2158,Caroline,3,1174,1420,1921,2167,Y
DSC_4538.TIF,3,3,2,2,2,JoshW,3,1151,1355,2214,2418,JoshB,3,1147,1383,2224,2460,Caroline,4,1128,1366,2198,2436,Y
DSC_4538.TIF,3,3,2,2,3,JoshW,3,1172,1408,2455,2691,JoshB,3,1222,1408,2473,2659,Caroline,4,1205,1415,2480,2690,Y
DSC_4538.TIF,3,3,2,2,4,JoshW,0,1625,1951,2390,2716,JoshB,0,1668,1880,2452,2664,Caroline,0,1602,1910,2346,2654,Y
DSC_4538.TIF,3,3,2,2,5,JoshW,0,1660,1950,2060,2350,JoshB,0,1678,1888,2070,2280,Caroline,0,1646,1942,2022,2318,Y
DSC_4538.TIF,3,3,2,2,6,JoshW,0,1422,1686,1808,2072,JoshB,0,1492,1694,1888,2090,Caroline,0,1394,1682,1798,2086,Y
DSC_4538.TIF,3,3,3,1,1,JoshW,0,468,752,3132,3416,JoshB,0,562,764,3194,3396,Caroline,0,527,801,3160,3434,Y
DSC_4538.TIF,3,3,3,1,2,JoshW,1,286,522,3444,3680,JoshB,2,304,532,3450,3678,Caroline,3,296,528,3434,3666,Y
DSC_4538.TIF,3,3,3,1,3,JoshW,3,329,567,3778,4016,JoshB,3,360,570,3818,4028,Caroline,4,327,573,3784,4030,Y
DSC_4538.TIF,3,3,3,1,4,JoshW,4,902,1132,3693,3923,JoshB,4,894,1104,3674,3884,Caroline,4,879,1103,3680,3904,Y
DSC_4538.TIF,3,3,3,1,5,JoshW,0,860,1112,3415,3667,JoshB,0,844,1046,3459,3661,Caroline,0,850,1152,3384,3686,Y
DSC_4538.TIF,3,3,3,1,6,JoshW,0,766,990,3162,3386,JoshB,0,864,1032,3194,3362,Caroline,0,780,970,3166,3356,Y
DSC_4538.TIF,3,3,3,3,1,JoshW,0,2126,2384,3067,3325,JoshB,0,2132,2394,3075,3337,Caroline,0,2142,2430,3020,3308,Y
DSC_4538.TIF,3,3,3,3,2,JoshW,0,1870,2160,3244,3534,JoshB,0,1947,2167,3294,3514,Caroline,0,1907,2195,3216,3504,Y
DSC_4538.TIF,3,3,3,3,3,JoshW,0,1953,2197,3568,3812,JoshB,1,1981,2249,3540,3808,Caroline,2,1946,2220,3546,3820,Y
DSC_4538.TIF,3,3,3,3,4,JoshW,3,2441,2651,3616,3826,JoshB,3,2435,2663,3606,3834,Caroline,5,2429,2689,3588,3848,Y
DSC_4538.TIF,3,3,3,3,5,JoshW,3,2498,2702,3385,3589,JoshB,4,2507,2709,3388,3590,Caroline,5,2464,2696,3367,3599,Y
DSC_4538.TIF,3,3,3,3,6,JoshW,0,2471,2715,3114,3358,JoshB,0,2495,2739,3160,3404,Caroline,0,2422,2696,3104,3378,Y
DSC_4539.TIF,3,3,1,1,1,Emma,0,482,734,423,675,Mark,0,440,734,385,679,Clem,0,490,742,410,662,Y
DSC_4539.TIF,3,3,1,1,2,Emma,0,254,540,624,910,Mark,0,228,590,591,953,Clem,0,296,600,624,928,Y
DSC_4539.TIF,3,3,1,1,3,Emma,0,254,566,953,1265,Mark,0,245,591,910,1256,Clem,0,254,556,967,1269,Y
DSC_4539.TIF,3,3,1,1,4,Emma,1,784,1078,886,1180,Mark,0,750,1146,835,1231,Clem,1,784,1070,923,1209,Y
DSC_4539.TIF,3,3,1,1,5,Emma,4,742,944,658,860,Mark,5,666,1046,570,950,Clem,5,708,920,665,877,Y
DSC_4539.TIF,3,3,1,3,1,Emma,0,1841,2111,624,894,Mark,0,1778,2158,565,945,Clem,0,1796,2074,620,898,Y
DSC_4539.TIF,3,3,1,3,2,Emma,0,1698,1994,868,1164,Mark,0,1660,2014,843,1197,Clem,0,1712,1712,878,878,Y
DSC_4539.TIF,3,3,1,3,3,Emma,1,1690,2002,1222,1534,Mark,0,1694,2040,1201,1547,Clem,1,1720,1964,1269,1513,Y
DSC_4539.TIF,3,3,1,3,4,Emma,3,2292,2570,1159,1437,Mark,1,2258,2620,1113,1475,Clem,4,2301,2545,1198,1442,Y
DSC_4539.TIF,3,3,1,3,5,Emma,4,2334,2554,889,1109,Mark,3,2292,2680,818,1206,Clem,5,2326,2544,894,1112,Y
DSC_4539.TIF,3,3,1,3,6,Emma,0,2166,2428,637,899,Mark,0,2150,2528,549,927,Clem,0,2182,2436,649,903,Y
DSC_4539.TIF,3,3,2,2,1,Emma,0,1374,1634,1686,1946,Mark,0,1332,1652,1648,1968,Clem,0,1387,1597,1720,1930,Y
DSC_4539.TIF,3,3,2,2,2,Emma,0,1172,1518,1925,2271,Mark,0,1188,1584,1909,2305,Clem,0,1206,1442,1993,2229,Y
DSC_4539.TIF,3,3,2,2,3,Emma,0,1206,1550,2268,2612,Mark,0,1227,1565,2258,2596,Clem,0,1232,1442,2360,2570,Y
DSC_4539.TIF,3,3,2,2,4,Emma,1,1694,1998,2216,2520,Mark,0,1702,2132,2157,2587,Clem,0,1720,1990,2233,2503,Y
DSC_4539.TIF,3,3,2,2,5,Emma,4,1632,1876,1980,2224,Mark,2,1576,1956,1900,2280,Clem,5,1594,1846,1973,2225,Y
DSC_4539.TIF,3,3,3,1,1,Emma,1,700,952,2980,3232,Mark,1,674,1012,2936,3274,Clem,0,708,944,2996,3232,Y
DSC_4539.TIF,3,3,3,1,2,Emma,4,591,843,3278,3530,Mark,3,540,878,3244,3582,Clem,4,582,810,3286,3514,Y
DSC_4539.TIF,3,3,3,1,3,Emma,3,674,962,3631,3919,Mark,3,666,962,3623,3919,Clem,3,684,928,3640,3884,Y
DSC_4539.TIF,3,3,3,1,4,Emma,0,1129,1441,3412,3724,Mark,0,1104,1500,3421,3817,Clem,0,1172,1416,3451,3695,Y
DSC_4539.TIF,3,3,3,1,5,Emma,0,1046,1316,3152,3422,Mark,0,1004,1390,3090,3476,Clem,0,1104,1382,3164,3442,Y
DSC_4539.TIF,3,3,3,1,6,Emma,0,936,1214,2920,3198,Mark,0,962,1282,2836,3156,Clem,0,966,1218,2924,3176,Y
DSC_4539.TIF,3,3,3,3,1,Emma,0,2039,2293,2940,3194,Mark,0,1981,2335,2856,3210,Clem,0,2047,2275,2966,3194,Y
DSC_4539.TIF,3,3,3,3,2,Emma,1,1972,2258,3194,3480,Mark,0,1956,2276,3181,3501,Clem,0,1964,2208,3202,3446,Y
DSC_4539.TIF,3,3,3,3,5,Emma,0,2300,2554,3155,3409,Mark,0,2310,2612,3136,3438,Clem,0,2292,2502,3168,3378,Y
DSC_4539.TIF,3,3,3,3,6,Emma,0,2258,2520,2890,3152,Mark,0,2268,2596,2862,3190,Clem,0,2292,2510,2950,3168,Y
DSC_4540.TIF,3,3,1,1,1,Indira,0,360,644,370,654,Yuxuan,0,380,622,375,617,Emma,0,354,608,379,633,Y
DSC_4540.TIF,3,3,1,1,2,Indira,0,198,454,658,914,Yuxuan,0,264,474,712,922,Emma,0,191,495,666,970,Y
DSC_4540.TIF,3,3,1,1,3,Indira,1,271,549,1050,1328,Yuxuan,1,285,517,1044,1276,Emma,1,236,540,1037,1341,Y
DSC_4540.TIF,3,3,1,1,4,Indira,3,880,1124,915,1159,Yuxuan,2,853,1107,874,1128,Emma,4,852,1130,894,1172,Y
DSC_4540.TIF,3,3,1,1,5,Indira,4,800,1050,637,887,Yuxuan,3,802,1054,607,859,Emma,4,810,1054,624,868,Y
DSC_4540.TIF,3,3,1,1,6,Indira,0,681,925,352,596,Yuxuan,[],[],[],[],[],Emma,0,658,936,380,658,K
DSC_4540.TIF,3,3,1,3,1,Indira,1,1740,1944,498,702,Yuxuan,0,1718,1928,475,685,Emma,0,1694,1930,482,718,Y
DSC_4540.TIF,3,3,1,3,2,Indira,1,1612,1828,715,931,Yuxuan,0,1622,1834,711,923,Emma,0,1576,1846,683,953,Y
DSC_4540.TIF,3,3,1,3,3,Indira,1,1646,1890,1002,1246,Yuxuan,0,1634,1950,949,1265,Emma,0,1618,1938,962,1282,Y
DSC_4540.TIF,3,3,1,3,4,Indira,2,2134,2418,881,1165,Yuxuan,1,2106,2380,864,1138,Emma,1,2132,2402,868,1138,Y
DSC_4540.TIF,3,3,1,3,5,Indira,3,2052,2276,671,895,Yuxuan,2,2054,2276,669,891,Emma,3,2022,2268,674,920,Y
DSC_4540.TIF,3,3,1,3,6,Indira,3,1961,2177,414,630,Yuxuan,3,1970,2160,443,633,Emma,3,1942,2162,422,642,Y
DSC_4540.TIF,3,3,2,2,1,Indira,4,1145,1409,1802,2066,Yuxuan,3,1170,1380,1823,2033,Emma,3,1126,1394,1796,2064,Y
DSC_4540.TIF,3,3,2,2,2,Indira,0,976,1226,2056,2306,Yuxuan,[],[],[],[],[],Emma,0,940,1268,2032,2360,K
DSC_4540.TIF,3,3,2,2,3,Indira,0,965,1195,2398,2628,Yuxuan,[],[],[],[],[],Emma,0,870,1206,2394,2730,K
DSC_4540.TIF,3,3,2,2,4,Indira,0,1572,1808,2385,2621,Yuxuan,[],[],[],[],[],Emma,0,1492,1828,2356,2692,K
DSC_4540.TIF,3,3,2,2,5,Indira,2,1517,1727,2072,2282,Yuxuan,2,1518,1738,2076,2296,Emma,2,1492,1754,2077,2339,Y
DSC_4540.TIF,3,3,2,2,6,Indira,4,1439,1637,1848,2046,Yuxuan,3,1422,1622,1828,2028,Emma,3,1400,1660,1804,2064,Y
DSC_4540.TIF,3,3,3,1,1,Indira,3,394,610,3236,3452,Yuxuan,2,374,596,3212,3434,Emma,3,351,613,3210,3472,Y
DSC_4540.TIF,3,3,3,1,2,Indira,3,320,562,3451,3693,Yuxuan,3,274,506,3470,3702,Emma,3,254,540,3422,3708,Y
DSC_4540.TIF,3,3,3,1,3,Indira,0,265,557,3764,4056,Yuxuan,0,274,528,3754,4008,Emma,0,195,541,3732,4078,Y
DSC_4540.TIF,3,3,3,1,4,Indira,0,864,1122,3642,3900,Yuxuan,0,864,1138,3665,3939,Emma,0,805,1193,3606,3994,Y
DSC_4540.TIF,3,3,3,1,5,Indira,0,826,1078,3348,3600,Yuxuan,[],[],[],[],[],Emma,0,767,1079,3312,3624,K
DSC_4540.TIF,3,3,3,1,6,Indira,1,650,894,3132,3376,Yuxuan,0,674,886,3117,3329,Emma,1,616,878,3121,3383,Y
DSC_4540.TIF,3,3,3,3,1,Indira,1,2046,2282,3088,3324,Yuxuan,0,2049,2249,3118,3318,Emma,1,2036,2288,3084,3336,Y
DSC_4540.TIF,3,3,3,3,2,Indira,4,1819,2103,3372,3656,Yuxuan,3,1854,2054,3407,3607,Emma,4,1812,2082,3362,3632,Y
DSC_4540.TIF,3,3,3,3,3,Indira,4,1798,2042,3738,3982,Yuxuan,3,1797,2039,3740,3982,Emma,3,1753,2057,3716,4020,Y
DSC_4540.TIF,3,3,3,3,4,Indira,0,2293,2529,3812,4048,Yuxuan,0,2264,2550,3781,4067,Emma,0,2237,2575,3766,4104,Y
DSC_4540.TIF,3,3,3,3,5,Indira,0,2310,2560,3444,3694,Yuxuan,0,2312,2586,3444,3718,Emma,0,2254,2584,3412,3742,Y
DSC_4540.TIF,3,3,3,3,6,Indira,0,2337,2593,3122,3378,Yuxuan,[],[],[],[],[],Emma,0,2284,2528,3122,3366,K
DSC_4541.TIF,3,3,1,1,1,Yuxuan,0,549,781,328,560,Emma,1,553,797,330,574,Mark,0,486,814,262,590,Y
DSC_4541.TIF,3,3,1,1,2,Yuxuan,1,454,664,649,859,Emma,2,435,671,624,860,Mark,1,364,726,548,910,Y
DSC_4541.TIF,3,3,1,1,3,Yuxuan,2,528,728,928,1128,Emma,3,514,742,915,1143,Mark,2,440,792,853,1205,Y
DSC_4541.TIF,3,3,1,1,4,Yuxuan,2,922,1102,906,1086,Emma,4,928,1096,894,1062,Mark,4,920,1146,870,1096,Y
DSC_4541.TIF,3,3,1,1,5,Yuxuan,0,864,1064,633,833,Emma,0,814,1066,616,868,Mark,0,830,1100,556,826,Y
DSC_4541.TIF,3,3,1,1,6,Yuxuan,0,775,1007,348,580,Emma,0,780,998,330,548,Mark,0,785,1063,278,556,Y
DSC_4541.TIF,3,3,1,3,1,Yuxuan,0,1970,2212,328,570,Emma,0,1942,2178,312,548,Mark,0,1917,2221,262,566,Y
DSC_4541.TIF,3,3,1,3,3,Yuxuan,2,1864,2106,912,1154,Emma,3,1838,2106,899,1167,Mark,2,1820,2098,885,1163,Y
DSC_4541.TIF,3,3,1,3,4,Yuxuan,3,2308,2550,933,1175,Emma,4,2334,2562,944,1172,Mark,3,2284,2646,869,1231,Y
DSC_4541.TIF,3,3,1,3,5,Yuxuan,3,2371,2581,654,864,Emma,4,2368,2612,642,886,Mark,3,2310,2706,540,936,Y
DSC_4541.TIF,3,3,1,3,6,Yuxuan,0,2255,2485,360,590,Emma,0,2258,2494,364,600,Mark,0,2271,2601,312,642,Y
DSC_4541.TIF,3,3,2,2,1,Yuxuan,0,1212,1444,1686,1918,Emma,0,1180,1484,1656,1960,Mark,0,1104,1518,1576,1990,Y
DSC_4541.TIF,3,3,2,2,2,Yuxuan,0,1138,1402,1944,2208,Emma,0,1112,1442,1933,2263,Mark,0,1080,1484,1888,2292,Y
DSC_4541.TIF,3,3,2,2,3,Yuxuan,0,1138,1370,2286,2518,Emma,0,1112,1416,2258,2562,Mark,0,1038,1466,2184,2612,Y
DSC_4541.TIF,3,3,2,2,4,Yuxuan,1,1706,1970,2202,2466,Emma,1,1736,2022,2216,2502,Mark,0,1678,2098,2166,2586,Y
DSC_4541.TIF,3,3,2,2,5,Yuxuan,4,1602,1792,1949,2139,Emma,5,1559,1837,1904,2182,Mark,5,1543,1863,1888,2208,Y
DSC_4541.TIF,3,3,3,1,1,Yuxuan,3,464,686,3049,3271,Emma,4,448,708,3046,3306,Mark,3,405,743,2974,3312,Y
DSC_4541.TIF,3,3,3,1,2,Yuxuan,0,227,491,3296,3560,Emma,0,187,531,3270,3614,Mark,0,162,514,3254,3606,Y
DSC_4541.TIF,3,3,3,1,3,Yuxuan,0,259,523,3696,3960,Emma,0,216,602,3666,4052,Mark,0,153,591,3640,4078,Y
DSC_4541.TIF,3,3,3,1,4,Yuxuan,0,874,1128,3602,3856,Emma,0,825,1189,3614,3978,Mark,0,844,1264,3565,3985,Y
DSC_4541.TIF,3,3,3,1,5,Yuxuan,0,802,1022,3318,3538,Emma,1,779,1041,3320,3582,Mark,0,768,1096,3287,3615,Y
DSC_4541.TIF,3,3,3,1,6,Yuxuan,3,760,970,3024,3234,Emma,3,743,987,3034,3278,Mark,2,730,1050,2992,3312,Y
DSC_4541.TIF,3,3,3,3,1,Yuxuan,3,2075,2275,3192,3392,Emma,3,2031,2283,3160,3412,Mark,[],[],[],[],[],K
DSC_4541.TIF,3,3,3,3,2,Yuxuan,3,2034,2264,3403,3633,Emma,3,2040,2276,3421,3657,Mark,3,2022,2310,3395,3683,Y
DSC_4541.TIF,3,3,3,3,3,Yuxuan,0,2044,2286,3691,3933,Emma,0,2002,2322,3648,3968,Mark,0,1997,2351,3632,3986,Y
DSC_4541.TIF,3,3,3,3,4,Yuxuan,0,2454,2654,3512,3712,Emma,0,2436,2714,3530,3808,Mark,0,2418,2798,3475,3855,Y
DSC_4541.TIF,3,3,3,3,5,Yuxuan,0,2360,2550,3312,3502,Emma,0,2334,2604,3282,3552,Mark,0,2284,2722,3215,3653,Y
DSC_4541.TIF,3,3,3,3,6,Yuxuan,1,2254,2444,3112,3302,Emma,1,2225,2469,3092,3336,Mark,0,2221,2499,3068,3346,Y
DSC_4542.TIF,3,3,1,1,1,JoshB,4,443,655,388,600,Caroline,4,430,654,377,601,Raf,4,422,642,396,616,Y
DSC_4542.TIF,3,3,1,1,2,JoshB,4,304,540,653,889,Caroline,4,302,542,629,869,Raf,4,299,537,650,888,Y
DSC_4542.TIF,3,3,1,1,3,JoshB,0,278,540,936,1198,Caroline,0,268,528,924,1184,Raf,0,274,536,936,1198,Y
DSC_4542.TIF,3,3,1,1,4,JoshB,0,852,1104,852,1104,Caroline,0,830,1138,802,1110,Raf,0,834,1194,874,1234,Y
DSC_4542.TIF,3,3,1,1,5,JoshB,3,729,949,590,810,Caroline,4,714,980,556,822,Raf,4,738,966,572,800,Y
DSC_4542.TIF,3,3,1,1,6,JoshB,4,683,851,364,532,Caroline,4,689,885,324,520,Raf,4,694,870,334,510,Y
DSC_4542.TIF,3,3,1,3,1,JoshB,4,1980,2150,396,566,Caroline,3,1968,2156,374,562,Raf,4,1958,2150,371,563,Y
DSC_4542.TIF,3,3,1,3,2,JoshB,4,1828,2014,577,763,Caroline,3,1826,2036,567,777,Raf,3,1834,2046,588,800,Y
DSC_4542.TIF,3,3,1,3,3,JoshB,1,1828,2032,868,1072,Caroline,1,1833,2037,864,1068,Raf,1,1800,2054,830,1084,Y
DSC_4542.TIF,3,3,1,3,4,JoshB,0,2326,2536,818,1028,Caroline,0,2286,2594,760,1068,Raf,0,2318,2598,831,1111,Y
DSC_4542.TIF,3,3,1,3,5,JoshB,0,2234,2452,558,776,Caroline,0,2251,2497,514,760,Raf,0,2282,2572,558,848,Y
DSC_4542.TIF,3,3,1,3,6,JoshB,4,2166,2360,325,519,Caroline,4,2128,2374,316,562,Raf,3,2178,2362,326,510,Y
DSC_4542.TIF,3,3,2,2,1,JoshB,2,1248,1458,1745,1955,Caroline,3,1250,1462,1748,1960,Raf,3,1248,1458,1756,1966,Y
DSC_4542.TIF,3,3,2,2,2,JoshB,3,1146,1366,2056,2276,Caroline,4,1124,1398,2036,2310,Raf,3,1124,1370,2032,2278,Y
DSC_4542.TIF,3,3,2,2,3,JoshB,4,1282,1526,2368,2612,Caroline,4,1313,1539,2380,2606,Raf,3,1274,1536,2354,2616,Y
DSC_4542.TIF,3,3,2,2,4,JoshB,4,1720,1904,2221,2405,Caroline,4,1700,1938,2216,2454,Raf,3,1694,1958,2221,2485,Y
DSC_4542.TIF,3,3,2,2,5,JoshB,0,1678,1872,1913,2107,Caroline,0,1650,1938,1886,2174,Raf,0,1634,1888,1848,2102,Y
DSC_4542.TIF,3,3,2,2,6,JoshB,0,1466,1744,1589,1867,Caroline,0,1510,1792,1580,1862,Raf,0,1492,1774,1593,1875,Y
DSC_4542.TIF,3,3,3,1,1,JoshB,0,632,894,2974,3236,Caroline,0,612,878,2971,3237,Raf,0,616,914,2967,3265,Y
DSC_4542.TIF,3,3,3,1,2,JoshB,4,489,717,3278,3506,Caroline,5,468,720,3244,3496,Raf,4,474,720,3243,3489,Y
DSC_4542.TIF,3,3,3,1,3,JoshB,4,456,708,3611,3863,Caroline,4,450,682,3602,3834,Raf,3,440,694,3603,3857,Y
DSC_4542.TIF,3,3,3,1,4,JoshB,4,1079,1265,3514,3700,Caroline,4,1089,1279,3504,3694,Raf,3,1054,1282,3485,3713,Y
DSC_4542.TIF,3,3,3,1,5,JoshB,3,1028,1222,3232,3426,Caroline,4,1002,1226,3210,3434,Raf,1,992,1256,3186,3450,Y
DSC_4542.TIF,3,3,3,1,6,JoshB,0,961,1223,2940,3202,Caroline,0,935,1271,2866,3202,Raf,0,940,1238,2901,3199,Y
DSC_4542.TIF,3,3,3,3,1,JoshB,0,2082,2268,2962,3148,Caroline,0,2001,2297,2886,3182,Raf,0,2010,2300,2874,3164,Y
DSC_4542.TIF,3,3,3,3,2,JoshB,0,1891,2103,3252,3464,Caroline,0,1915,2139,3230,3454,Raf,0,1909,2199,3168,3458,Y
DSC_4542.TIF,3,3,3,3,3,JoshB,4,1914,2140,3493,3719,Caroline,3,1907,2125,3504,3722,Raf,1,1906,2160,3512,3766,Y
DSC_4542.TIF,3,3,3,3,4,JoshB,4,2402,2620,3464,3682,Caroline,4,2373,2591,3454,3672,Raf,3,2388,2580,3450,3642,Y
DSC_4542.TIF,3,3,3,3,5,JoshB,4,2380,2600,3176,3396,Caroline,4,2346,2606,3166,3426,Raf,3,2388,2606,3196,3414,Y
DSC_4542.TIF,3,3,3,3,6,JoshB,4,2364,2532,2958,3126,Caroline,4,2332,2542,2950,3160,Raf,3,2370,2572,2953,3155,Y
DSC_4543.TIF,3,3,1,1,1,Mark,3,422,726,506,810,Clem,4,430,674,553,797,JoshW,4,441,665,562,786,Y
DSC_4543.TIF,3,3,1,1,2,Mark,0,262,590,814,1142,Clem,0,236,548,826,1138,JoshW,0,268,580,806,1118,Y
DSC_4543.TIF,3,3,1,1,3,Mark,0,228,674,1105,1551,Clem,0,296,616,1188,1508,JoshW,0,336,606,1254,1524,Y
DSC_4543.TIF,3,3,1,1,4,Mark,4,826,1130,1087,1391,Clem,4,802,1096,1072,1366,JoshW,3,860,1090,1108,1338,Y
DSC_4543.TIF,3,3,1,1,5,Mark,4,784,1080,830,1126,Clem,4,802,1020,860,1078,JoshW,3,786,1030,847,1091,Y
DSC_4543.TIF,3,3,1,1,6,Mark,4,718,1012,549,843,Clem,4,726,902,625,801,JoshW,3,766,942,620,796,Y
DSC_4543.TIF,3,3,1,3,1,Mark,4,1837,2141,708,1012,Clem,3,1858,2068,734,944,JoshW,3,1862,2100,735,973,Y
DSC_4543.TIF,3,3,1,3,2,Mark,5,1804,2158,957,1311,Clem,5,1812,2090,978,1256,JoshW,5,1869,2127,1016,1274,Y
DSC_4543.TIF,3,3,1,3,3,Mark,0,1712,2090,1295,1673,Clem,0,1728,1964,1424,1660,JoshW,0,1771,2035,1402,1666,Y
DSC_4543.TIF,3,3,1,3,4,Mark,0,2300,2620,1197,1517,Clem,0,2280,2566,1214,1500,JoshW,0,2344,2648,1193,1497,Y
DSC_4543.TIF,3,3,1,3,5,Mark,5,2150,2494,878,1222,Clem,6,2182,2410,919,1147,JoshW,4,2188,2458,908,1178,Y
DSC_4543.TIF,3,3,1,3,6,Mark,4,2082,2376,642,936,Clem,6,2116,2376,671,931,JoshW,4,2106,2336,692,922,Y
DSC_4543.TIF,3,3,2,2,1,Mark,5,1206,1442,2048,2284,Clem,5,1193,1411,2040,2258,JoshW,4,1240,1428,2080,2268,Y
DSC_4543.TIF,3,3,2,2,2,Mark,4,1087,1365,2284,2562,Clem,4,1113,1307,2342,2536,JoshW,3,1155,1365,2316,2526,Y
DSC_4543.TIF,3,3,2,2,3,Mark,0,1230,1476,2629,2875,Clem,0,1180,1458,2616,2894,JoshW,2,1220,1476,2645,2901,Y
DSC_4543.TIF,3,3,2,2,4,Mark,0,1626,1972,2360,2706,Clem,0,1652,1896,2377,2621,JoshW,0,1680,1944,2431,2695,Y
DSC_4543.TIF,3,3,2,2,5,Mark,0,1466,1778,2145,2457,Clem,0,1424,1728,2153,2457,JoshW,0,1464,1686,2141,2363,Y
DSC_4543.TIF,3,3,2,2,6,Mark,4,1400,1660,1935,2195,Clem,5,1408,1594,1951,2137,JoshW,3,1396,1632,1924,2160,Y
DSC_4543.TIF,3,3,3,1,1,Mark,4,270,582,3172,3484,Clem,3,254,506,3190,3442,JoshW,2,332,536,3223,3427,Y
DSC_4543.TIF,3,3,3,1,2,Mark,4,220,490,3442,3712,Clem,4,220,464,3438,3682,JoshW,3,232,428,3461,3657,Y
DSC_4543.TIF,3,3,3,1,3,Mark,4,288,632,3636,3980,Clem,4,330,574,3699,3943,JoshW,3,366,590,3694,3918,Y
DSC_4543.TIF,3,3,3,1,4,Mark,5,818,1164,3514,3860,Clem,4,802,1172,3505,3875,JoshW,4,888,1090,3585,3787,Y
DSC_4543.TIF,3,3,3,1,5,Mark,0,692,1020,3291,3619,Clem,0,742,986,3316,3560,JoshW,0,786,1030,3304,3548,Y
DSC_4543.TIF,3,3,3,1,6,Mark,0,556,860,3003,3307,Clem,0,600,852,3034,3286,JoshW,0,630,880,3074,3324,Y
DSC_4543.TIF,3,3,3,3,1,Mark,0,1938,2216,3189,3467,Clem,0,1906,2216,3186,3496,JoshW,0,1966,2204,3250,3488,Y
DSC_4543.TIF,3,3,3,3,2,Mark,3,1862,2182,3480,3800,Clem,3,1872,2098,3506,3732,JoshW,3,1916,2140,3514,3738,Y
DSC_4543.TIF,3,3,3,3,3,Mark,3,1998,2326,3805,4133,Clem,3,2022,2250,3859,4087,JoshW,3,2052,2262,3873,4083,Y
DSC_4543.TIF,3,3,3,3,4,Mark,3,2436,2730,3501,3795,Clem,4,2478,2680,3526,3728,JoshW,3,2478,2668,3558,3748,Y
DSC_4543.TIF,3,3,3,3,5,Mark,4,2342,2638,3282,3578,Clem,4,2334,2562,3303,3531,JoshW,4,2370,2600,3298,3528,Y
DSC_4543.TIF,3,3,3,3,6,Mark,0,2208,2520,3067,3379,Clem,0,2242,2460,3085,3303,JoshW,0,2214,2478,3084,3348,Y
DSC_4545.TIF,3,3,1,1,1,Emma,0,435,755,312,632,Mark,0,406,776,296,666,Clem,0,456,718,363,625,Y
DSC_4545.TIF,3,3,1,1,2,Emma,0,300,612,624,936,Mark,0,288,642,587,941,Clem,0,338,608,650,920,Y
DSC_4545.TIF,3,3,1,1,3,Emma,4,350,636,962,1248,Mark,4,322,700,915,1293,Clem,3,372,600,1011,1239,Y
DSC_4545.TIF,3,3,1,1,4,Emma,4,881,1143,868,1130,Mark,5,852,1206,822,1176,Clem,4,860,1096,873,1109,Y
DSC_4545.TIF,3,3,1,1,5,Emma,5,789,1041,600,852,Mark,5,750,1130,535,915,Clem,4,760,970,503,713,Y
DSC_4545.TIF,3,3,1,1,6,Emma,4,814,1024,346,556,Mark,4,784,1122,283,621,Clem,4,784,1028,346,590,Y
DSC_4545.TIF,3,3,1,3,1,Emma,4,2019,2237,456,674,Mark,4,1993,2255,422,684,Clem,5,2022,2224,486,688,Y
DSC_4545.TIF,3,3,1,3,2,Emma,0,1753,2099,674,1020,Mark,0,1762,2090,675,1003,Clem,0,1762,2056,718,1012,Y
DSC_4545.TIF,3,3,1,3,3,Emma,0,1741,2095,1046,1400,Mark,0,1754,2124,1016,1386,Clem,0,1796,2014,1126,1344,Y
DSC_4545.TIF,3,3,1,3,4,Emma,2,2272,2566,928,1222,Mark,1,2250,2612,886,1248,Clem,2,2318,2536,974,1192,Y
DSC_4545.TIF,3,3,1,3,5,Emma,3,2234,2486,692,944,Mark,2,2234,2528,680,974,Clem,4,2258,2494,687,923,Y
DSC_4545.TIF,3,3,1,3,6,Emma,5,2204,2448,482,726,Mark,4,2200,2486,456,742,Clem,4,2233,2419,540,726,Y
DSC_4545.TIF,3,3,2,2,1,Emma,3,1176,1404,1668,1896,Mark,3,1112,1434,1614,1936,Clem,3,1164,1340,1699,1875,Y
DSC_4545.TIF,3,3,2,2,2,Emma,4,1050,1268,1922,2140,Mark,5,986,1340,1858,2212,Clem,5,1016,1244,1922,2150,Y
DSC_4545.TIF,3,3,2,2,3,Emma,0,1021,1333,2158,2470,Mark,0,978,1390,2099,2511,Clem,0,1028,1324,2162,2458,Y
DSC_4545.TIF,3,3,2,2,4,Emma,0,1500,1804,2106,2410,Mark,0,1518,1854,2099,2435,Clem,0,1500,1744,2115,2359,Y
DSC_4545.TIF,3,3,2,2,5,Emma,3,1459,1719,1880,2140,Mark,4,1476,1762,1859,2145,Clem,5,1454,1672,1872,2090,Y
DSC_4545.TIF,3,3,2,2,6,Emma,3,1466,1678,1672,1884,Mark,3,1442,1720,1626,1904,Clem,5,1459,1669,1678,1888,Y
DSC_4545.TIF,3,3,3,1,1,Emma,3,456,658,3084,3286,Mark,3,430,708,3042,3320,Clem,5,464,658,3089,3283,Y
DSC_4545.TIF,3,3,3,1,2,Emma,4,355,599,3346,3590,Mark,4,338,632,3324,3618,Clem,5,342,528,3396,3582,Y
DSC_4545.TIF,3,3,3,1,3,Emma,4,410,712,3632,3934,Mark,4,405,709,3640,3944,Clem,5,430,658,3677,3905,Y
DSC_4545.TIF,3,3,3,1,4,Emma,0,860,1172,3404,3716,Mark,0,852,1240,3370,3758,Clem,0,898,1134,3454,3690,Y
DSC_4545.TIF,3,3,3,1,5,Emma,0,784,1054,3118,3388,Mark,0,760,1112,3081,3433,Clem,0,788,1024,3160,3396,Y
DSC_4545.TIF,3,3,3,1,6,Emma,3,633,885,2908,3160,Mark,4,632,920,2894,3182,Clem,4,611,865,2898,3152,Y
DSC_4545.TIF,3,3,3,3,1,Emma,2,1749,1985,2940,3176,Mark,2,1712,2040,2899,3227,Clem,4,1728,1990,2924,3186,Y
DSC_4545.TIF,3,3,3,3,2,Emma,3,1639,1901,3252,3514,Mark,3,1602,1930,3228,3556,Clem,5,1636,1888,3261,3513,Y
DSC_4545.TIF,3,3,3,3,3,Emma,5,1828,2098,3501,3771,Mark,5,1804,2116,3489,3801,Clem,6,1812,2106,3472,3766,Y
DSC_4545.TIF,3,3,3,3,4,Emma,4,2242,2510,3388,3656,Mark,4,2192,2588,3354,3750,Clem,6,2250,2528,3400,3678,Y
DSC_4545.TIF,3,3,3,3,5,Emma,0,2124,2436,3076,3388,Mark,0,2124,2502,3021,3399,Clem,0,2124,2402,3084,3362,Y
DSC_4545.TIF,3,3,3,3,6,Emma,0,2032,2318,2815,3101,Mark,0,2022,2384,2743,3105,Clem,0,2056,2334,2836,3114,Y
DSC_4547.TIF,3,3,1,1,1,JoshB,4,448,666,558,776,Caroline,4,450,660,553,763,Raf,4,422,668,532,778,Y
DSC_4547.TIF,3,3,1,1,2,JoshB,4,372,600,885,1113,Caroline,4,388,618,844,1074,Raf,4,383,603,852,1072,Y
DSC_4547.TIF,3,3,1,1,3,JoshB,0,472,708,1138,1374,Caroline,0,402,654,1040,1292,Raf,0,430,668,1102,1340,Y
DSC_4547.TIF,3,3,1,1,4,JoshB,0,902,1156,915,1169,Caroline,0,883,1219,886,1222,Raf,0,844,1220,919,1295,Y
DSC_4547.TIF,3,3,1,1,5,JoshB,4,978,1172,666,860,Caroline,4,969,1195,632,858,Raf,3,976,1204,646,874,Y
DSC_4547.TIF,3,3,1,1,6,JoshB,4,777,995,490,708,Caroline,4,760,984,468,692,Raf,3,782,1010,470,698,Y
DSC_4547.TIF,3,3,1,3,1,JoshB,0,1770,2016,472,718,Caroline,0,1744,1998,506,760,Raf,0,1748,1976,506,734,Y
DSC_4547.TIF,3,3,1,3,2,JoshB,3,1610,1854,764,1008,Caroline,4,1636,1868,780,1012,Raf,3,1624,1852,782,1010,Y
DSC_4547.TIF,3,3,1,3,3,JoshB,2,1660,1888,1112,1340,Caroline,4,1654,1886,1124,1356,Raf,2,1668,1906,1133,1371,Y
DSC_4547.TIF,3,3,1,3,4,JoshB,3,2219,2423,1070,1274,Caroline,4,2187,2455,1032,1300,Raf,2,2218,2436,1072,1290,Y
DSC_4547.TIF,3,3,1,3,5,JoshB,4,2234,2402,788,956,Caroline,4,2189,2419,746,976,Raf,3,2204,2440,734,970,Y
DSC_4547.TIF,3,3,1,3,6,JoshB,0,2106,2292,532,718,Caroline,0,2072,2318,482,728,Raf,0,2098,2336,469,707,Y
DSC_4547.TIF,3,3,2,2,1,JoshB,0,1230,1526,1719,2015,Caroline,0,1265,1525,1720,1980,Raf,0,1230,1510,1708,1988,Y
DSC_4547.TIF,3,3,2,2,2,JoshB,0,1088,1400,1959,2271,Caroline,0,1046,1300,1924,2178,Raf,0,1106,1388,1948,2230,Y
DSC_4547.TIF,3,3,2,2,3,JoshB,2,1100,1286,2292,2478,Caroline,3,1061,1307,2248,2494,Raf,1,1072,1274,2274,2476,Y
DSC_4547.TIF,3,3,2,2,4,JoshB,3,1475,1703,2258,2486,Caroline,3,1468,1714,2251,2497,Raf,3,1492,1686,2290,2484,Y
DSC_4547.TIF,3,3,2,2,5,JoshB,4,1535,1753,2006,2224,Caroline,4,1518,1770,2002,2254,Raf,3,1567,1743,2028,2204,Y
DSC_4547.TIF,3,3,2,2,6,JoshB,4,1560,1754,1796,1990,Caroline,4,1552,1734,1784,1966,Raf,4,1524,1760,1774,2010,Y
DSC_4547.TIF,3,3,3,1,1,JoshB,4,582,792,3152,3362,Caroline,4,576,816,3131,3371,Raf,3,546,782,3139,3375,Y
DSC_4547.TIF,3,3,3,1,2,JoshB,0,506,742,3412,3648,Caroline,0,437,759,3364,3686,Raf,0,448,756,3365,3673,Y
DSC_4547.TIF,3,3,3,1,3,JoshB,0,440,642,3670,3872,Caroline,0,380,668,3644,3932,Raf,0,360,668,3620,3928,Y
DSC_4547.TIF,3,3,3,1,4,JoshB,2,940,1168,3564,3792,Caroline,4,934,1188,3549,3803,Raf,2,932,1186,3555,3809,Y
DSC_4547.TIF,3,3,3,1,5,JoshB,4,861,1063,3370,3572,Caroline,4,868,1086,3350,3568,Raf,4,870,1062,3380,3572,Y
DSC_4547.TIF,3,3,3,1,6,JoshB,4,852,1020,3168,3336,Caroline,3,851,1069,3146,3364,Raf,4,844,1036,3143,3335,Y
DSC_4547.TIF,3,3,3,3,1,JoshB,5,2158,2342,3190,3374,Caroline,4,2160,2342,3182,3364,Raf,3,2134,2352,3165,3383,Y
DSC_4547.TIF,3,3,3,3,2,JoshB,5,1968,2162,3370,3564,Caroline,4,1988,2178,3384,3574,Raf,4,1966,2168,3370,3572,Y
DSC_4547.TIF,3,3,3,3,3,JoshB,2,2002,2178,3674,3850,Caroline,3,1974,2178,3658,3862,Raf,2,1966,2168,3656,3858,Y
DSC_4547.TIF,3,3,3,3,4,JoshB,0,2512,2748,3572,3808,Caroline,0,2500,2816,3525,3841,Raf,0,2476,2748,3652,3924,Y
DSC_4547.TIF,3,3,3,3,5,JoshB,0,2486,2680,3370,3564,Caroline,0,2430,2682,3319,3571,Raf,0,2441,2695,3336,3590,Y
DSC_5085.TIF,3,3,1,2,1,JoshB,2,1424,1744,203,523,Caroline,2,1433,1721,212,500,Raf,2,1432,1704,238,510,Y
DSC_5085.TIF,3,3,1,2,2,JoshB,5,1256,1618,510,872,Caroline,4,1264,1588,513,837,Raf,4,1264,1590,523,849,Y
DSC_5085.TIF,3,3,1,2,3,JoshB,0,1222,1534,1003,1315,Caroline,0,1153,1595,900,1342,Raf,0,1198,1558,966,1326,Y
DSC_5085.TIF,3,3,1,2,4,JoshB,0,1905,2225,1028,1348,Caroline,0,1854,2276,976,1398,Raf,0,1870,2256,967,1353,Y
DSC_5085.TIF,3,3,1,2,5,JoshB,0,1914,2250,566,902,Caroline,0,1855,2255,534,934,Raf,0,1852,2204,562,914,Y
DSC_5085.TIF,3,3,1,2,6,JoshB,5,1712,2014,242,544,Caroline,4,1717,2033,226,542,Raf,3,1738,2002,264,528,Y
DSC_5085.TIF,3,3,2,1,1,JoshB,2,540,742,1294,1496,Caroline,3,520,760,1299,1539,Raf,1,509,739,1290,1520,Y
DSC_5085.TIF,3,3,2,1,2,JoshB,0,330,540,1548,1758,Caroline,0,257,643,1468,1854,Raf,0,334,616,1602,1884,Y
DSC_5085.TIF,3,3,2,1,3,JoshB,1,372,658,1930,2216,Caroline,1,310,668,1865,2223,Raf,0,343,641,1896,2194,Y
DSC_5085.TIF,3,3,2,1,4,JoshB,2,932,1218,1854,2140,Caroline,3,906,1264,1848,2206,Raf,3,904,1212,1869,2177,Y
DSC_5085.TIF,3,3,2,1,5,JoshB,1,944,1214,1496,1766,Caroline,0,970,1278,1518,1826,Raf,0,878,1212,1475,1809,Y
DSC_5085.TIF,3,3,2,1,6,JoshB,6,777,1029,1248,1500,Caroline,6,776,1022,1264,1510,Raf,6,764,1018,1239,1493,Y
DSC_5085.TIF,3,3,2,3,1,JoshB,3,2174,2402,1584,1812,Caroline,3,2159,2413,1566,1820,Raf,1,2134,2414,1572,1852,Y
DSC_5085.TIF,3,3,2,3,2,JoshB,0,1956,2234,1871,2149,Caroline,1,1963,2293,1848,2178,Raf,0,1976,2274,1892,2190,Y
DSC_5085.TIF,3,3,2,3,3,JoshB,4,1956,2276,2268,2588,Caroline,4,1925,2311,2240,2626,Raf,4,1940,2274,2238,2572,Y
DSC_5085.TIF,3,3,2,3,4,JoshB,1,2588,2940,2209,2561,Caroline,2,2570,2964,2198,2592,Raf,0,2554,2870,2186,2502,Y
DSC_5085.TIF,3,3,2,3,5,JoshB,3,2638,2882,1922,2166,Caroline,[],[],[],[],[],Raf,3,2590,2888,1870,2168,K
DSC_5085.TIF,3,3,2,3,6,JoshB,3,2460,2764,1576,1880,Caroline,3,2420,2770,1560,1910,Raf,3,2406,2712,1568,1874,Y
DSC_5085.TIF,3,3,3,1,1,JoshB,3,826,1096,2794,3064,Caroline,4,858,1104,2820,3066,Raf,3,852,1090,2818,3056,Y
DSC_5085.TIF,3,3,3,1,2,JoshB,3,742,1020,3058,3336,Caroline,3,717,1041,3054,3378,Raf,2,712,1028,3050,3366,Y
DSC_5085.TIF,3,3,3,1,3,JoshB,5,650,1004,3480,3834,Caroline,4,660,984,3454,3778,Raf,4,650,992,3445,3787,Y
DSC_5085.TIF,3,3,3,1,4,JoshB,0,1382,1626,3531,3775,Caroline,0,1271,1707,3412,3848,Raf,0,1274,1590,3436,3752,Y
DSC_5085.TIF,3,3,3,1,5,JoshB,0,1282,1552,3067,3337,Caroline,1,1250,1580,3016,3346,Raf,1,1220,1572,3015,3367,Y
DSC_5085.TIF,3,3,3,1,6,JoshB,5,1118,1420,2756,3058,Caroline,5,1090,1412,2718,3040,Raf,4,1072,1440,2713,3081,Y
DSC_5085.TIF,3,3,3,3,1,JoshB,2,2258,2596,3021,3359,Caroline,1,2209,2615,2964,3370,Raf,2,2238,2590,3015,3367,Y
DSC_5085.TIF,3,3,3,3,2,JoshB,4,2019,2365,3396,3742,Caroline,4,2023,2387,3392,3756,Raf,4,2036,2352,3415,3731,Y
DSC_5085.TIF,3,3,3,3,3,JoshB,0,2074,2360,3771,4057,Caroline,1,1981,2381,3714,4114,Raf,0,2037,2327,3766,4056,Y
DSC_5085.TIF,3,3,3,3,4,JoshB,0,2706,3102,3838,4234,Caroline,1,2682,3054,3795,4167,Raf,0,2678,3038,3787,4147,Y
DSC_5085.TIF,3,3,3,3,5,JoshB,4,2706,3076,3477,3847,Caroline,4,2707,3101,3482,3876,Raf,4,2718,3068,3468,3818,Y
DSC_5085.TIF,3,3,3,3,6,JoshB,0,2630,2966,3085,3421,Caroline,1,2616,3002,3062,3448,Raf,0,2602,2972,3054,3424,Y
DSC_5086.TIF,3,3,1,2,1,Emma,0,1382,1728,232,578,Mark,0,1324,1754,169,599,Clem,0,1382,1636,283,537,Y
DSC_5086.TIF,3,3,1,2,2,Emma,1,1230,1602,531,903,Mark,1,1180,1618,482,920,Clem,1,1260,1530,582,852,Y
DSC_5086.TIF,3,3,1,2,3,Emma,3,1172,1568,944,1340,Mark,3,1146,1636,915,1405,Clem,4,1171,1509,952,1290,Y
DSC_5086.TIF,3,3,1,2,4,Emma,0,1888,2208,1004,1324,Mark,0,1872,2250,992,1370,Clem,0,1914,2208,1025,1319,Y
DSC_5086.TIF,3,3,1,2,5,Emma,4,1833,2171,674,1012,Mark,5,1804,2200,645,1041,Clem,5,1803,2107,666,970,Y
DSC_5086.TIF,3,3,1,2,6,Emma,0,1690,2052,296,658,Mark,0,1702,2132,258,688,Clem,0,1712,2022,301,611,Y
DSC_5086.TIF,3,3,2,1,1,Emma,3,970,1282,1517,1829,Mark,2,920,1306,1455,1841,Clem,2,928,1240,1522,1834,Y
DSC_5086.TIF,3,3,2,1,2,Emma,0,633,1053,1754,2174,Mark,0,674,1062,1753,2141,Clem,0,666,1038,1757,2129,Y
DSC_5086.TIF,3,3,2,1,3,Emma,0,637,1041,2158,2562,Mark,0,574,1070,2069,2565,Clem,0,684,1054,2158,2528,Y
DSC_5086.TIF,3,3,2,1,4,Emma,3,1345,1649,2208,2512,Mark,3,1316,1702,2188,2574,Clem,3,1306,1610,2203,2507,Y
DSC_5086.TIF,3,3,2,1,5,Emma,0,1353,1657,1904,2208,Mark,0,1332,1686,1875,2229,Clem,0,1366,1610,1934,2178,Y
DSC_5086.TIF,3,3,2,1,6,Emma,5,1223,1559,1610,1946,Mark,6,1236,1598,1594,1956,Clem,6,1218,1530,1610,1922,Y
DSC_5086.TIF,3,3,2,3,1,Emma,4,2082,2384,1594,1896,Mark,6,2048,2410,1564,1926,Clem,6,2074,2368,1610,1904,Y
DSC_5086.TIF,3,3,2,3,2,Emma,5,1921,2233,1896,2208,Mark,6,1892,2246,1862,2216,Clem,5,1872,2216,1880,2224,Y
DSC_5086.TIF,3,3,2,3,4,Emma,0,2584,2962,2276,2654,Mark,0,2570,2984,2254,2668,Clem,0,2562,2950,2258,2646,Y
DSC_5086.TIF,3,3,2,3,5,Emma,1,2561,2941,1812,2192,Mark,0,2546,2992,1787,2233,Clem,1,2582,2970,1820,2208,Y
DSC_5086.TIF,3,3,2,3,6,Emma,2,2380,2658,1584,1862,Mark,2,2376,2738,1551,1913,Clem,1,2376,2654,1560,1838,Y
DSC_5086.TIF,3,3,3,1,1,Emma,5,1122,1424,3076,3378,Mark,6,1096,1450,3046,3400,Clem,6,1121,1391,3134,3404,Y
DSC_5086.TIF,3,3,3,1,2,Emma,1,902,1238,3396,3732,Mark,0,890,1286,3346,3742,Clem,1,886,1256,3388,3758,Y
DSC_5086.TIF,3,3,3,1,3,Emma,1,730,1134,3724,4128,Mark,0,734,1180,3700,4146,Clem,0,700,1088,3757,4145,Y
DSC_5086.TIF,3,3,3,1,4,Emma,0,1382,1744,3666,4028,Mark,0,1390,1828,3657,4095,Clem,0,1424,1668,3762,4006,Y
DSC_5086.TIF,3,3,3,1,5,Emma,4,1387,1791,3328,3732,Mark,4,1400,1812,3320,3732,Clem,4,1390,1754,3336,3700,Y
DSC_5086.TIF,3,3,3,3,1,Emma,3,2419,2739,3042,3362,Mark,1,2427,2747,3050,3370,Clem,3,2423,2727,3042,3346,Y
DSC_5086.TIF,3,3,3,3,2,Emma,1,2103,2525,3286,3708,Mark,0,2165,2537,3294,3666,Clem,0,2124,2460,3320,3656,Y
DSC_5086.TIF,3,3,3,3,3,Emma,4,2094,2532,3708,4146,Mark,3,2089,2519,3716,4146,Clem,4,2098,2520,3724,4146,Y
DSC_5086.TIF,3,3,3,3,4,Emma,0,2744,3122,3826,4204,Mark,0,2738,3176,3792,4230,Clem,0,2798,3102,3855,4159,Y
DSC_5086.TIF,3,3,3,3,5,Emma,4,2882,3168,3522,3808,Mark,4,2856,3228,3500,3872,Clem,6,2856,3118,3543,3805,Y
DSC_5086.TIF,3,3,3,3,6,Emma,2,2794,3114,3244,3564,Mark,1,2790,3168,3211,3589,Clem,1,2794,3080,3236,3522,Y
DSC_5087.TIF,3,3,1,2,1,Raf,4,1612,1866,616,870,Indira,4,1603,1873,604,874,Yuxuan,4,1612,1864,596,848,Y
DSC_5087.TIF,3,3,1,2,2,Raf,0,1458,1756,813,1111,Indira,0,1524,1734,834,1044,Yuxuan,0,1528,1728,849,1049,Y
DSC_5087.TIF,3,3,1,2,3,Raf,0,1453,1769,1054,1370,Indira,1,1473,1785,1064,1376,Yuxuan,1,1476,1738,1086,1348,Y
DSC_5087.TIF,3,3,1,2,4,Raf,1,1878,2160,1172,1454,Indira,2,1916,2174,1195,1453,Yuxuan,2,1950,2170,1202,1422,Y
DSC_5087.TIF,3,3,1,2,5,Raf,0,1950,2274,821,1145,Indira,0,1991,2241,894,1144,Yuxuan,0,2001,2223,896,1118,Y
DSC_5087.TIF,3,3,1,2,6,Raf,2,1913,2151,580,818,Indira,3,1903,2187,570,854,Yuxuan,3,1896,2138,570,812,Y
DSC_5087.TIF,3,3,2,1,1,Raf,5,1054,1308,1462,1716,Indira,6,1064,1300,1501,1737,Yuxuan,5,1044,1296,1496,1748,Y
DSC_5087.TIF,3,3,2,1,2,Raf,0,773,1079,1730,2036,Indira,1,826,1098,1760,2032,Yuxuan,0,817,1101,1728,2012,Y
DSC_5087.TIF,3,3,2,1,3,Raf,0,800,1142,2081,2423,Indira,0,722,1040,2038,2356,Yuxuan,0,801,1107,2138,2444,Y
DSC_5087.TIF,3,3,2,1,4,Raf,0,1334,1694,2063,2423,Indira,0,1402,1660,2126,2384,Yuxuan,0,1396,1628,2106,2338,Y
DSC_5087.TIF,3,3,2,1,5,Raf,0,1308,1616,1782,2090,Indira,0,1416,1660,1842,2086,Yuxuan,0,1370,1592,1817,2039,Y
DSC_5087.TIF,3,3,2,1,6,Raf,5,1286,1506,1580,1800,Indira,6,1308,1510,1592,1794,Yuxuan,5,1286,1496,1602,1812,Y
DSC_5087.TIF,3,3,2,3,1,Raf,5,2305,2603,1422,1720,Indira,5,2333,2645,1422,1734,Yuxuan,4,2333,2597,1454,1718,Y
DSC_5087.TIF,3,3,2,3,2,Raf,0,2194,2546,1760,2112,Indira,0,2275,2567,1754,2046,Yuxuan,0,2238,2554,1770,2086,Y
DSC_5087.TIF,3,3,2,3,3,Raf,0,2093,2437,2150,2494,Indira,0,2106,2486,2126,2506,Yuxuan,0,2160,2464,2224,2528,Y
DSC_5087.TIF,3,3,2,3,4,Raf,0,2766,3098,2125,2457,Indira,0,2806,3118,2126,2438,Yuxuan,0,2792,3118,2138,2464,Y
DSC_5087.TIF,3,3,2,3,5,Raf,0,2757,3081,1774,2098,Indira,1,2765,3131,1788,2154,Yuxuan,0,2812,3066,1853,2107,Y
DSC_5087.TIF,3,3,2,3,6,Raf,4,2638,2954,1388,1704,Indira,5,2621,2993,1382,1754,Yuxuan,5,2639,2965,1402,1728,Y
DSC_5087.TIF,3,3,3,1,1,Raf,4,988,1226,2808,3046,Indira,4,982,1254,2806,3078,Yuxuan,4,948,1232,2802,3086,Y
DSC_5087.TIF,3,3,3,1,2,Raf,0,790,1098,3055,3363,Indira,0,874,1158,3108,3392,Yuxuan,0,802,1128,3097,3423,Y
DSC_5087.TIF,3,3,3,1,3,Raf,0,774,1098,3384,3708,Indira,0,797,1115,3426,3744,Yuxuan,0,786,1102,3402,3718,Y
DSC_5087.TIF,3,3,3,1,4,Raf,1,1414,1756,3414,3756,Indira,1,1423,1747,3420,3744,Yuxuan,1,1385,1701,3412,3728,Y
DSC_5087.TIF,3,3,3,1,5,Raf,1,1370,1694,3033,3357,Indira,1,1408,1700,3036,3328,Yuxuan,2,1422,1644,3065,3287,Y
DSC_5087.TIF,3,3,3,1,6,Raf,3,1248,1510,2792,3054,Indira,4,1253,1531,2770,3048,Yuxuan,3,1253,1507,2780,3034,Y
DSC_5087.TIF,3,3,3,3,1,Raf,3,2264,2520,2835,3091,Indira,3,2282,2552,2838,3108,Yuxuan,3,2276,2528,2839,3091,Y
DSC_5087.TIF,3,3,3,3,2,Raf,4,2106,2414,3164,3472,Indira,4,2109,2415,3168,3474,Yuxuan,4,2107,2391,3182,3466,Y
DSC_5087.TIF,3,3,3,3,3,Raf,1,2050,2358,3590,3898,Indira,1,2092,2410,3572,3890,Yuxuan,2,2064,2380,3581,3897,Y
DSC_5087.TIF,3,3,3,3,4,Raf,4,2766,3046,3476,3756,Indira,3,2756,3068,3460,3772,Yuxuan,4,2738,3044,3434,3740,Y
DSC_5087.TIF,3,3,3,3,5,Raf,0,2686,3054,3077,3445,Indira,0,2712,3002,3136,3426,Yuxuan,[],[],[],[],[],K
DSC_5087.TIF,3,3,3,3,6,Raf,2,2581,2843,2836,3098,Indira,3,2603,2881,2824,3102,Yuxuan,3,2592,2834,2824,3066,Y
DSC_5088.TIF,3,3,1,2,1,JoshB,6,1492,1762,523,793,Caroline,6,1522,1788,528,794,Raf,4,1492,1756,544,808,Y
DSC_5088.TIF,3,3,1,2,2,JoshB,0,1358,1610,826,1078,Caroline,0,1320,1664,780,1124,Raf,0,1352,1624,830,1102,Y
DSC_5088.TIF,3,3,1,2,3,JoshB,4,1358,1686,1156,1484,Caroline,4,1362,1720,1114,1472,Raf,4,1352,1660,1172,1480,Y
DSC_5088.TIF,3,3,1,2,4,JoshB,0,1998,2284,1055,1341,Caroline,1,1977,2341,1062,1426,Raf,0,1966,2292,1067,1393,Y
DSC_5088.TIF,3,3,1,2,5,JoshB,1,1998,2326,760,1088,Caroline,2,1963,2357,688,1082,Raf,0,1966,2308,711,1053,Y
DSC_5088.TIF,3,3,1,2,6,JoshB,0,1849,2119,456,726,Caroline,0,1854,2150,429,725,Raf,0,1862,2116,448,702,Y
DSC_5088.TIF,3,3,2,1,1,JoshB,5,873,1075,1568,1770,Caroline,5,816,1110,1511,1805,Raf,5,834,1080,1550,1796,Y
DSC_5088.TIF,3,3,2,1,2,JoshB,0,700,1020,1921,2241,Caroline,1,615,993,1834,2212,Raf,0,650,966,1874,2190,Y
DSC_5088.TIF,3,3,2,1,3,JoshB,0,674,1012,2258,2596,Caroline,1,632,998,2198,2564,Raf,0,660,966,2235,2541,Y
DSC_5088.TIF,3,3,2,1,4,JoshB,0,1374,1712,2174,2512,Caroline,1,1370,1756,2146,2532,Raf,0,1352,1694,2151,2493,Y
DSC_5088.TIF,3,3,2,1,5,JoshB,3,1277,1631,1786,2140,Caroline,4,1274,1654,1748,2128,Raf,3,1274,1632,1748,2106,Y
DSC_5088.TIF,3,3,2,1,6,JoshB,2,1146,1374,1543,1771,Caroline,3,1082,1376,1511,1805,Raf,2,1098,1370,1497,1769,Y
DSC_5088.TIF,3,3,2,3,1,JoshB,1,2334,2630,1555,1851,Caroline,2,2290,2640,1511,1861,Raf,1,2248,2598,1519,1869,Y
DSC_5088.TIF,3,3,2,3,2,JoshB,0,2149,2453,1904,2208,Caroline,1,2044,2472,1792,2220,Raf,0,2090,2432,1866,2208,Y
DSC_5088.TIF,3,3,2,3,3,JoshB,4,2132,2520,2237,2625,Caroline,4,2114,2514,2223,2623,Raf,4,2134,2466,2248,2580,Y
DSC_5088.TIF,3,3,2,3,4,JoshB,4,2814,3134,2192,2512,Caroline,3,2774,3124,2168,2518,Raf,2,2782,3116,2151,2485,Y
DSC_5088.TIF,3,3,2,3,5,JoshB,2,2848,3152,1858,2162,Caroline,2,2857,3167,1854,2164,Raf,0,2822,3138,1818,2134,Y
DSC_5088.TIF,3,3,2,3,6,JoshB,0,2709,2979,1618,1888,Caroline,0,2676,2998,1557,1879,Raf,0,2660,2976,1537,1853,Y
DSC_5088.TIF,3,3,3,1,1,JoshB,4,860,1214,3063,3417,Caroline,4,840,1240,2998,3398,Raf,4,870,1176,3086,3392,Y
DSC_5088.TIF,3,3,3,1,2,JoshB,3,788,1024,3404,3640,Caroline,3,735,1065,3342,3672,Raf,3,774,1072,3375,3673,Y
DSC_5088.TIF,3,3,3,1,3,JoshB,0,792,1104,3720,4032,Caroline,0,752,1160,3676,4084,Raf,0,796,1076,3748,4028,Y
DSC_5088.TIF,3,3,3,1,4,JoshB,3,1433,1845,3700,4112,Caroline,3,1434,1820,3697,4083,Raf,2,1466,1764,3735,4033,Y
DSC_5088.TIF,3,3,3,1,5,JoshB,2,1513,1825,3320,3632,Caroline,1,1504,1826,3308,3630,Raf,1,1484,1844,3266,3626,Y
DSC_5088.TIF,3,3,3,1,6,JoshB,1,1282,1652,2946,3316,Caroline,1,1306,1650,2956,3300,Raf,1,1326,1642,2980,3296,Y
DSC_5088.TIF,3,3,3,3,1,JoshB,6,2259,2587,3202,3530,Caroline,4,2282,2570,3227,3515,Raf,4,2260,2550,3204,3494,Y
DSC_5088.TIF,3,3,3,3,2,JoshB,3,2089,2419,3488,3818,Caroline,3,2142,2416,3525,3799,Raf,2,2116,2414,3524,3822,Y
DSC_5088.TIF,3,3,3,3,3,JoshB,0,2174,2470,3909,4205,Caroline,1,2119,2419,3898,4198,Raf,1,2194,2440,3914,4160,Y
DSC_5088.TIF,3,3,3,3,4,JoshB,0,2815,3075,3952,4212,Caroline,1,2802,3180,3898,4276,Raf,0,2835,3143,3888,4196,Y
DSC_5088.TIF,3,3,3,3,5,JoshB,0,2790,3076,3536,3822,Caroline,1,2788,3202,3440,3854,Raf,0,2813,3129,3494,3810,Y
DSC_5088.TIF,3,3,3,3,6,JoshB,0,2638,2924,3172,3458,Caroline,1,2595,2981,3090,3476,Raf,0,2616,2958,3156,3498,Y
DSC_6261.tif,2,3,1,2,1,JoshB,6,1434,1786,1999,2351,Caroline,5,1486,1802,2050,2366,Raf,5,1510,1764,2098,2352,Y
DSC_6261.tif,2,3,1,2,2,JoshB,0,1348,1736,2460,2848,Caroline,1,1390,1770,2454,2834,Raf,0,1388,1774,2436,2822,Y
DSC_6261.tif,2,3,1,2,3,JoshB,0,1972,2242,2469,2739,Caroline,4,1963,2293,2436,2766,Raf,5,1984,2290,2450,2756,Y
DSC_6261.tif,2,3,1,2,4,JoshB,0,1786,2216,2022,2452,Caroline,5,1848,2156,2065,2373,Raf,5,1862,2168,2090,2396,Y
DSC_6261.tif,2,3,2,1,1,JoshB,0,801,1037,3270,3506,Caroline,6,766,1054,3273,3561,Raf,5,764,1046,3273,3555,Y
DSC_6261.tif,2,3,2,1,2,JoshB,0,666,928,3691,3953,Caroline,1,576,1012,3571,4007,Raf,0,611,971,3616,3976,Y
DSC_6261.tif,2,3,2,1,3,JoshB,6,1171,1391,3598,3818,Caroline,5,1152,1434,3594,3876,Raf,6,1146,1408,3608,3870,Y
DSC_6261.tif,2,3,2,1,4,JoshB,6,1059,1311,3236,3488,Caroline,5,1032,1334,3209,3511,Raf,5,1028,1318,3208,3498,Y
DSC_6261.tif,2,3,2,3,1,JoshB,6,2140,2512,3445,3817,Caroline,5,2142,2522,3440,3820,Raf,5,2142,2510,3423,3791,Y
DSC_6261.tif,2,3,2,3,2,JoshB,0,1964,2360,3939,4335,Caroline,0,1960,2388,3918,4346,Raf,0,2010,2388,3896,4274,Y
DSC_6261.tif,2,3,2,3,3,JoshB,6,2608,2928,3876,4196,Caroline,4,2609,2939,3890,4220,Raf,6,2616,2906,3893,4183,Y
DSC_6261.tif,2,3,2,3,4,JoshB,6,2565,2861,3454,3750,Caroline,5,2564,2908,3448,3792,Raf,5,2577,2883,3468,3774,Y
DSC_6337.tif,3,3,1,1,1,Yuxuan,0,296,570,316,590,Emma,0,312,608,299,595,Mark,0,236,616,241,621,Y
DSC_6337.tif,3,3,1,1,2,Yuxuan,0,232,486,548,802,Emma,0,186,506,562,882,Mark,0,144,532,523,911,Y
DSC_6337.tif,3,3,1,1,3,Yuxuan,2,264,528,922,1186,Emma,3,262,532,936,1206,Mark,2,220,566,902,1248,Y
DSC_6337.tif,3,3,1,1,4,Yuxuan,2,733,943,938,1148,Emma,3,718,970,928,1180,Mark,3,658,1070,823,1235,Y
DSC_6337.tif,3,3,1,1,5,Yuxuan,0,706,948,601,843,Emma,0,674,996,556,878,Mark,0,642,1038,524,920,Y
DSC_6337.tif,3,3,1,1,6,Yuxuan,0,611,875,296,560,Emma,0,586,882,270,566,Mark,0,566,928,212,574,Y
DSC_6337.tif,3,3,1,3,1,Yuxuan,0,1897,2171,496,770,Emma,0,1905,2167,514,776,Mark,0,1909,2211,482,784,Y
DSC_6337.tif,3,3,1,3,2,Yuxuan,0,1834,2118,818,1102,Emma,0,1876,2154,776,1054,Mark,0,1862,2174,742,1054,Y
DSC_6337.tif,3,3,1,3,3,Yuxuan,0,1864,2086,1138,1360,Emma,0,1812,2132,1070,1390,Mark,0,1744,2140,1007,1403,Y
DSC_6337.tif,3,3,1,3,4,Yuxuan,1,2202,2434,1027,1259,Emma,2,2216,2470,1033,1287,Mark,1,2192,2502,996,1306,Y
DSC_6337.tif,3,3,1,3,5,Yuxuan,2,2201,2413,790,1002,Emma,3,2192,2418,785,1011,Mark,3,2166,2460,730,1024,Y
DSC_6337.tif,3,3,1,3,6,Yuxuan,0,2154,2408,516,770,Emma,0,2144,2398,506,760,Mark,0,2161,2465,456,760,Y
DSC_6337.tif,3,3,2,2,1,Yuxuan,0,1144,1374,1676,1906,Emma,0,1164,1382,1678,1896,Mark,[],[],[],[],[],K
DSC_6337.tif,3,3,2,2,2,Yuxuan,0,1032,1286,1890,2144,Emma,0,1046,1290,1896,2140,Mark,0,1012,1324,1837,2149,Y
DSC_6337.tif,3,3,2,2,3,Yuxuan,0,980,1232,2150,2402,Emma,0,919,1205,2124,2410,Mark,0,857,1261,2074,2478,Y
DSC_6337.tif,3,3,2,2,4,Yuxuan,0,1360,1612,2170,2422,Emma,0,1358,1652,2158,2452,Mark,0,1332,1702,2125,2495,Y
DSC_6337.tif,3,3,2,2,5,Yuxuan,4,1397,1649,1928,2180,Emma,6,1416,1652,1938,2174,Mark,6,1382,1744,1888,2250,Y
DSC_6337.tif,3,3,2,2,6,Yuxuan,5,1380,1528,1780,1928,Emma,6,1327,1547,1736,1956,Mark,6,1353,1615,1694,1956,Y
DSC_6337.tif,3,3,3,1,1,Yuxuan,3,628,806,2960,3138,Emma,4,632,834,2945,3147,Mark,5,608,852,2903,3147,Y
DSC_6337.tif,3,3,3,1,2,Yuxuan,0,480,754,3138,3412,Emma,0,460,720,3102,3362,Mark,0,456,768,3101,3413,Y
DSC_6337.tif,3,3,3,1,3,Yuxuan,0,385,637,3402,3654,Emma,0,346,666,3362,3682,Mark,0,367,679,3370,3682,Y
DSC_6337.tif,3,3,3,1,4,Yuxuan,0,770,1022,3423,3675,Emma,0,760,1046,3404,3690,Mark,0,750,1104,3388,3742,Y
DSC_6337.tif,3,3,3,1,5,Yuxuan,0,822,1054,3171,3403,Emma,0,789,1057,3144,3412,Mark,0,827,1087,3144,3404,Y
DSC_6337.tif,3,3,3,1,6,Yuxuan,4,827,985,3002,3160,Emma,5,818,1012,2974,3168,Mark,5,839,1033,2974,3168,Y
DSC_6337.tif,3,3,3,3,1,Yuxuan,5,1823,2013,2886,3076,Emma,6,1820,2022,2890,3092,Mark,6,1796,2064,2832,3100,Y
DSC_6337.tif,3,3,3,3,2,Yuxuan,5,1728,1960,3086,3318,Emma,6,1728,1980,3076,3328,Mark,6,1702,2040,3025,3363,Y
DSC_6337.tif,3,3,3,3,3,Yuxuan,0,1748,1960,3333,3545,Emma,0,1715,1977,3286,3548,Mark,0,1712,2014,3278,3580,Y
DSC_6337.tif,3,3,3,3,4,Yuxuan,0,2222,2464,3218,3460,Emma,0,2200,2512,3177,3489,Mark,0,2174,2620,3122,3568,Y
DSC_6337.tif,3,3,3,3,5,Yuxuan,0,2128,2360,2934,3166,Emma,0,2140,2428,2927,3215,Mark,0,2132,2444,2911,3223,Y
DSC_6337.tif,3,3,3,3,6,Yuxuan,0,2081,2281,2738,2938,Emma,0,2040,2292,2748,3000,Mark,0,2027,2371,2672,3016,Y
DSC_6338.tif,3,3,1,1,1,JoshW,0,215,499,394,678,JoshB,0,287,473,464,650,Caroline,0,219,471,408,660,Y
DSC_6338.tif,3,3,1,1,2,JoshW,4,260,444,704,888,JoshB,5,278,440,712,874,Caroline,3,218,436,664,882,Y
DSC_6338.tif,3,3,1,1,3,JoshW,4,286,414,936,1064,JoshB,5,291,427,944,1080,Caroline,3,256,440,906,1090,Y
DSC_6338.tif,3,3,1,1,4,JoshW,0,616,854,894,1132,JoshB,0,684,844,978,1138,Caroline,1,657,819,956,1118,Y
DSC_6338.tif,3,3,1,1,5,JoshW,0,536,766,624,854,JoshB,0,582,760,645,823,Caroline,0,531,763,604,836,Y
DSC_6338.tif,3,3,1,1,6,JoshW,0,505,729,400,624,JoshB,0,511,687,440,616,Caroline,0,464,718,380,634,Y
DSC_6338.tif,3,3,1,3,1,JoshW,0,1645,1889,596,840,JoshB,0,1660,1930,616,886,Caroline,0,1626,1886,604,864,Y
DSC_6338.tif,3,3,1,3,2,JoshW,0,1568,1846,880,1158,JoshB,0,1601,1837,910,1146,Caroline,0,1574,1876,854,1156,Y
DSC_6338.tif,3,3,1,3,3,JoshW,1,1686,1984,1118,1416,JoshB,0,1728,1938,1168,1378,Caroline,1,1714,1966,1139,1391,Y
DSC_6338.tif,3,3,1,3,4,JoshW,0,2062,2292,1090,1320,JoshB,1,2074,2276,1104,1306,Caroline,1,2078,2310,1103,1335,Y
DSC_6338.tif,3,3,1,3,5,JoshW,0,1984,2228,840,1084,JoshB,0,1998,2208,860,1070,Caroline,1,2005,2231,836,1062,Y
DSC_6338.tif,3,3,1,3,6,JoshW,0,1923,2195,542,814,JoshB,0,1981,2141,608,768,Caroline,1,1971,2167,570,766,Y
DSC_6338.tif,3,3,2,2,1,JoshW,0,936,1240,1852,2156,JoshB,0,983,1193,1922,2132,Caroline,0,948,1244,1854,2150,Y
DSC_6338.tif,3,3,2,2,2,JoshW,0,938,1202,2214,2478,JoshB,0,962,1198,2250,2486,Caroline,0,942,1244,2170,2472,Y
DSC_6338.tif,3,3,2,2,3,JoshW,0,726,1016,2537,2827,JoshB,0,792,1038,2548,2794,Caroline,0,718,1046,2497,2825,Y
DSC_6338.tif,3,3,2,2,4,JoshW,0,1328,1626,2404,2702,JoshB,0,1366,1610,2444,2688,Caroline,1,1331,1619,2408,2696,Y
DSC_6338.tif,3,3,2,2,5,JoshW,0,1430,1680,2140,2390,JoshB,1,1466,1668,2170,2372,Caroline,1,1448,1706,2161,2419,Y
DSC_6338.tif,3,3,2,2,6,JoshW,0,1274,1578,1856,2160,JoshB,0,1323,1517,1946,2140,Caroline,0,1300,1608,1883,2191,Y
DSC_6338.tif,3,3,3,1,1,JoshW,0,387,597,3256,3466,JoshB,0,448,548,3346,3446,Caroline,1,394,618,3244,3468,Y
DSC_6338.tif,3,3,3,1,2,JoshW,0,298,556,3514,3772,JoshB,0,338,566,3543,3771,Caroline,0,335,587,3518,3770,Y
DSC_6338.tif,3,3,3,1,3,JoshW,0,464,688,3778,4002,JoshB,0,464,674,3771,3981,Caroline,0,408,724,3711,4027,Y
DSC_6338.tif,3,3,3,1,4,JoshW,0,786,1084,3642,3940,JoshB,0,818,1020,3670,3872,Caroline,0,760,1138,3586,3964,Y
DSC_6338.tif,3,3,3,1,5,JoshW,5,796,1006,3426,3636,JoshB,4,831,999,3472,3640,Caroline,5,805,1023,3426,3644,Y
DSC_6338.tif,3,3,3,3,1,JoshW,4,1862,2066,3148,3352,JoshB,4,1893,2053,3176,3336,Caroline,5,1858,2054,3160,3356,Y
DSC_6338.tif,3,3,3,3,2,JoshW,0,1822,2038,3355,3571,JoshB,0,1820,2048,3375,3603,Caroline,1,1784,1826,3505,3547,Y
DSC_6338.tif,3,3,3,3,3,JoshW,0,1730,2008,3520,3798,JoshB,0,1745,1989,3548,3792,Caroline,1,1679,2015,3518,3854,Y
DSC_6338.tif,3,3,3,3,4,JoshW,0,2181,2445,3534,3798,JoshB,0,2158,2410,3523,3775,Caroline,1,2174,2524,3490,3840,Y
DSC_6338.tif,3,3,3,3,5,JoshW,0,2103,2347,3264,3508,JoshB,0,2140,2334,3282,3476,Caroline,1,2114,2380,3251,3517,Y
DSC_6338.tif,3,3,3,3,6,JoshW,5,2042,2238,3074,3270,JoshB,5,2057,2259,3084,3286,Caroline,5,2039,2265,3068,3294,Y
DSC_6339.tif,3,3,1,1,1,Caroline,4,430,654,492,716,Raf,4,440,624,502,686,Indira,5,449,651,496,698,Y
DSC_6339.tif,3,3,1,1,2,Caroline,5,422,618,707,903,Raf,4,430,632,703,905,Indira,5,404,660,672,928,Y
DSC_6339.tif,3,3,1,1,3,Caroline,0,349,601,900,1152,Raf,0,370,616,914,1160,Indira,0,384,614,908,1138,Y
DSC_6339.tif,3,3,1,1,4,Caroline,0,816,1090,809,1083,Raf,0,860,1116,821,1077,Indira,0,814,1064,800,1050,Y
DSC_6339.tif,3,3,1,1,5,Caroline,0,746,1004,507,765,Raf,0,734,1014,546,826,Indira,0,752,976,546,770,Y
DSC_6339.tif,3,3,1,1,6,Caroline,[],[],[],[],[],Raf,0,642,922,335,615,Indira,0,604,786,374,556,K
DSC_6339.tif,3,3,1,3,1,Caroline,0,1854,2128,344,618,Raf,0,1870,2098,348,576,Indira,0,1910,2140,364,594,Y
DSC_6339.tif,3,3,1,3,2,Caroline,4,1798,2078,644,924,Raf,4,1826,2046,681,901,Indira,4,1813,2089,638,914,Y
DSC_6339.tif,3,3,1,3,3,Caroline,3,1784,2064,921,1201,Raf,2,1800,2010,940,1150,Indira,3,1788,2072,885,1169,Y
DSC_6339.tif,3,3,1,3,4,Caroline,0,2209,2497,822,1110,Raf,0,2230,2520,847,1137,Indira,0,2228,2512,841,1125,Y
DSC_6339.tif,3,3,1,3,5,Caroline,0,2136,2444,535,843,Raf,0,2194,2510,523,839,Indira,0,2194,2512,550,868,Y
DSC_6339.tif,3,3,1,3,6,Caroline,0,2100,2388,288,576,Raf,0,2160,2362,325,527,Indira,0,2133,2357,326,550,Y
DSC_6339.tif,3,3,2,2,1,Caroline,0,1240,1508,1678,1946,Raf,0,1238,1484,1664,1910,Indira,0,1260,1504,1710,1954,Y
DSC_6339.tif,3,3,2,2,2,Caroline,0,1124,1440,1949,2265,Raf,0,1132,1432,1873,2173,Indira,0,1158,1402,1978,2222,Y
DSC_6339.tif,3,3,2,2,3,Caroline,4,1194,1462,2233,2501,Raf,3,1212,1440,2222,2450,Indira,4,1192,1464,2231,2503,Y
DSC_6339.tif,3,3,2,2,4,Caroline,4,1616,1896,2185,2465,Raf,3,1606,1862,2203,2459,Indira,4,1649,1865,2228,2444,Y
DSC_6339.tif,3,3,2,2,5,Caroline,0,1528,1794,1918,2184,Raf,0,1520,1844,1857,2181,Indira,0,1577,1801,1936,2160,Y
DSC_6339.tif,3,3,2,2,6,Caroline,0,1524,1728,1678,1882,Raf,0,1510,1730,1668,1888,Indira,0,1534,1738,1686,1890,Y
DSC_6339.tif,3,3,3,1,1,Caroline,0,534,808,2848,3122,Raf,0,474,694,2879,3099,Indira,0,556,780,2884,3108,Y
DSC_6339.tif,3,3,3,1,2,Caroline,0,388,668,3048,3328,Raf,0,351,651,3054,3354,Indira,0,394,664,3088,3358,Y
DSC_6339.tif,3,3,3,1,3,Caroline,0,316,632,3318,3634,Raf,0,326,616,3344,3634,Indira,0,373,631,3392,3650,Y
DSC_6339.tif,3,3,3,1,4,Caroline,1,760,1032,3449,3721,Raf,1,808,1046,3445,3683,Indira,1,792,1036,3440,3684,Y
DSC_6339.tif,3,3,3,1,5,Caroline,1,738,998,3174,3434,Raf,0,738,1010,3182,3454,Indira,1,742,1000,3162,3420,Y
DSC_6339.tif,3,3,3,1,6,Caroline,0,746,1032,2880,3166,Raf,0,777,1015,2896,3134,Indira,0,758,1010,2904,3156,Y
DSC_6339.tif,3,3,3,3,1,Caroline,[],[],[],[],[],Raf,0,1992,2212,2914,3134,Indira,0,2032,2194,2960,3122,K
DSC_6339.tif,3,3,3,3,2,Caroline,0,1806,2128,3079,3401,Raf,0,1782,2002,3125,3345,Indira,0,1856,2080,3134,3358,Y
DSC_6339.tif,3,3,3,3,3,Caroline,0,1806,2136,3339,3669,Raf,0,1862,2090,3353,3581,Indira,0,1890,2092,3397,3599,Y
DSC_6339.tif,3,3,3,3,4,Caroline,0,2234,2550,3266,3582,Raf,0,2274,2520,3292,3538,Indira,0,2252,2502,3312,3562,Y
DSC_6339.tif,3,3,3,3,5,Caroline,6,2288,2472,3096,3280,Raf,6,2282,2484,3094,3296,Indira,6,2278,2496,3080,3298,Y
DSC_6340.tif,3,3,1,1,1,Yuxuan,6,402,580,444,622,Emma,6,396,590,456,650,Mark,6,338,616,389,667,Y
DSC_6340.tif,3,3,1,1,2,Yuxuan,0,286,560,633,907,Emma,0,304,574,658,928,Mark,0,288,616,620,948,Y
DSC_6340.tif,3,3,1,1,3,Yuxuan,0,370,654,996,1280,Emma,0,322,666,966,1310,Mark,0,330,674,967,1311,Y
DSC_6340.tif,3,3,1,1,4,Yuxuan,0,737,991,822,1076,Emma,0,718,1046,793,1121,Mark,0,700,1062,781,1143,Y
DSC_6340.tif,3,3,1,1,5,Yuxuan,0,664,886,559,781,Emma,0,616,910,536,830,Mark,0,608,996,472,860,Y
DSC_6340.tif,3,3,1,1,6,Yuxuan,5,627,795,402,570,Emma,6,600,784,389,573,Mark,6,590,844,342,596,Y
DSC_6340.tif,3,3,1,3,1,Yuxuan,5,1644,1812,597,765,Emma,6,1610,1820,574,784,Mark,6,1589,1875,506,792,Y
DSC_6340.tif,3,3,1,3,2,Yuxuan,5,1507,1707,728,928,Emma,6,1526,1720,725,919,Mark,6,1476,1736,675,935,Y
DSC_6340.tif,3,3,1,3,3,Yuxuan,0,1586,1776,928,1118,Emma,0,1576,1804,902,1130,Mark,0,1492,1838,843,1189,Y
DSC_6340.tif,3,3,1,3,4,Yuxuan,0,1918,2192,886,1160,Emma,0,1930,2192,902,1164,Mark,0,1938,2216,915,1193,Y
DSC_6340.tif,3,3,1,3,5,Yuxuan,0,1950,2150,702,902,Emma,0,1892,2144,658,910,Mark,0,1888,2166,649,927,Y
DSC_6340.tif,3,3,1,3,6,Yuxuan,0,1844,2064,428,648,Emma,0,1838,2056,469,687,Mark,0,1812,2242,316,746,Y
DSC_6340.tif,3,3,2,2,1,Yuxuan,0,1148,1380,1802,2034,Emma,0,1130,1426,1744,2040,Mark,0,1140,1450,1712,2022,Y
DSC_6340.tif,3,3,2,2,2,Yuxuan,5,1160,1360,2033,2233,Emma,5,1160,1404,2014,2258,Mark,6,1156,1408,2014,2266,Y
DSC_6340.tif,3,3,2,2,3,Yuxuan,4,1143,1333,2254,2444,Emma,5,1112,1374,2220,2482,Mark,5,1062,1424,2187,2549,Y
DSC_6340.tif,3,3,2,2,4,Yuxuan,0,1538,1802,2233,2497,Emma,0,1526,1820,2200,2494,Mark,0,1484,1914,2140,2570,Y
DSC_6340.tif,3,3,2,2,5,Yuxuan,0,1528,1728,1960,2160,Emma,0,1466,1754,1904,2192,Mark,0,1450,1804,1871,2225,Y
DSC_6340.tif,3,3,2,2,6,Yuxuan,0,1486,1686,1706,1906,Emma,0,1424,1686,1652,1914,Mark,0,1450,1736,1640,1926,Y
DSC_6340.tif,3,3,3,1,1,Yuxuan,0,323,543,3034,3254,Emma,0,257,511,3016,3270,Mark,0,258,570,2958,3270,Y
DSC_6340.tif,3,3,3,1,2,Yuxuan,[],[],[],[],[],Emma,0,148,410,3244,3506,Mark,0,178,490,3232,3544,K
DSC_6340.tif,3,3,3,1,3,Yuxuan,5,338,548,3466,3676,Emma,6,330,582,3472,3724,Mark,6,330,608,3438,3716,Y
DSC_6340.tif,3,3,3,1,4,Yuxuan,5,611,823,3412,3624,Emma,6,620,856,3412,3648,Mark,6,582,894,3391,3703,Y
DSC_6340.tif,3,3,3,1,5,Yuxuan,0,612,812,3181,3381,Emma,0,600,834,3173,3407,Mark,0,566,928,3109,3471,Y
DSC_6340.tif,3,3,3,1,6,Yuxuan,0,532,712,3002,3182,Emma,1,485,713,2974,3202,Mark,0,514,742,2974,3202,Y
DSC_6340.tif,3,3,3,3,1,Yuxuan,0,2076,2350,2860,3134,Emma,0,2090,2376,2832,3118,Mark,0,2048,2428,2781,3161,Y
DSC_6340.tif,3,3,3,3,2,Yuxuan,0,2022,2244,3107,3329,Emma,0,1976,2296,3058,3378,Mark,0,1938,2292,3041,3395,Y
DSC_6340.tif,3,3,3,3,3,Yuxuan,0,2013,2223,3402,3612,Emma,0,1938,2276,3362,3700,Mark,0,1956,2250,3370,3664,Y
DSC_6340.tif,3,3,3,3,4,Yuxuan,3,2497,2729,3328,3560,Emma,3,2473,2751,3320,3598,Mark,3,2469,2781,3312,3624,Y
DSC_6340.tif,3,3,3,3,5,Yuxuan,4,2454,2666,3102,3314,Emma,6,2444,2680,3089,3325,Mark,6,2452,2714,3097,3359,Y
DSC_6340.tif,3,3,3,3,6,Yuxuan,0,2422,2602,2949,3129,Emma,1,2411,2655,2924,3168,Mark,0,2436,2688,2933,3185,Y
DSC_6617.tif,3,3,1,1,1,Clem,0,566,776,566,776,JoshW,0,562,814,535,787,JoshB,1,600,826,550,776,Y
DSC_6617.tif,3,3,1,1,2,Clem,0,515,759,802,1046,JoshW,0,485,797,772,1084,JoshB,1,556,768,830,1042,Y
DSC_6617.tif,3,3,1,1,3,Clem,5,548,792,1080,1324,JoshW,4,536,800,1105,1369,JoshB,4,532,826,1063,1357,Y
DSC_6617.tif,3,3,1,1,4,Clem,5,1095,1307,1062,1274,JoshW,4,1064,1348,1037,1321,JoshB,4,1096,1390,1029,1323,Y
DSC_6617.tif,3,3,1,1,5,Clem,0,1046,1298,777,1029,JoshW,0,1047,1311,760,1024,JoshB,0,1096,1290,805,999,Y
DSC_6617.tif,3,3,1,1,6,Clem,0,852,1164,456,768,JoshW,0,820,1124,499,803,JoshB,0,868,1062,523,717,Y
DSC_6617.tif,3,3,1,3,1,Clem,0,2032,2258,633,859,JoshW,0,2025,2289,610,874,JoshB,0,2065,2259,632,826,Y
DSC_6617.tif,3,3,1,3,2,Clem,0,1990,2276,852,1138,JoshW,0,1978,2282,840,1144,JoshB,0,1998,2276,818,1096,Y
DSC_6617.tif,3,3,1,3,3,Clem,0,1922,2200,1147,1425,JoshW,0,1937,2261,1132,1456,JoshB,0,1938,2224,1134,1420,Y
DSC_6617.tif,3,3,1,3,4,Clem,4,2368,2612,1125,1369,JoshW,3,2373,2645,1104,1376,JoshB,2,2368,2630,1134,1396,Y
DSC_6617.tif,3,3,1,3,5,Clem,6,2352,2570,898,1116,JoshW,6,2356,2586,914,1144,JoshB,5,2376,2578,920,1122,Y
DSC_6617.tif,3,3,1,3,6,Clem,0,2246,2508,632,894,JoshW,0,2282,2540,606,864,JoshB,0,2284,2536,624,876,Y
DSC_6617.tif,3,3,2,2,1,Clem,0,1374,1678,1964,2268,JoshW,0,1368,1686,1937,2255,JoshB,0,1413,1647,1990,2224,Y
DSC_6617.tif,3,3,2,2,2,Clem,0,1172,1484,2242,2554,JoshW,0,1220,1510,2313,2603,JoshB,0,1230,1458,2305,2533,Y
DSC_6617.tif,3,3,2,2,3,Clem,0,1248,1602,2604,2958,JoshW,0,1246,1558,2627,2939,JoshB,0,1306,1568,2667,2929,Y
DSC_6617.tif,3,3,2,2,4,Clem,0,1770,2032,2507,2769,JoshW,0,1706,2080,2434,2808,JoshB,0,1792,2060,2512,2780,Y
DSC_6617.tif,3,3,2,2,5,Clem,6,1880,2090,2208,2418,JoshW,5,1896,2134,2200,2438,JoshB,5,1900,2120,2216,2436,Y
DSC_6617.tif,3,3,2,2,6,Clem,6,1770,1956,2027,2213,JoshW,6,1727,1997,1958,2228,JoshB,6,1765,1959,2040,2234,Y
DSC_6617.tif,3,3,3,1,1,Clem,5,380,616,3168,3404,JoshW,4,407,631,3182,3406,JoshB,3,422,624,3186,3388,Y
DSC_6617.tif,3,3,3,1,2,Clem,0,350,612,3438,3700,JoshW,0,357,647,3440,3730,JoshB,0,380,608,3433,3661,Y
DSC_6617.tif,3,3,3,1,3,Clem,0,296,566,3809,4079,JoshW,0,251,583,3778,4110,JoshB,0,304,590,3809,4095,Y
DSC_6617.tif,3,3,3,1,4,Clem,0,878,1138,3692,3952,JoshW,0,840,1220,3676,4056,JoshB,0,868,1146,3657,3935,Y
DSC_6617.tif,3,3,3,1,5,Clem,0,776,1012,3404,3640,JoshW,0,736,1060,3352,3676,JoshB,0,760,996,3400,3636,Y
DSC_6617.tif,3,3,3,1,6,Clem,5,662,882,3134,3354,JoshW,3,664,894,3115,3345,JoshB,3,658,902,3097,3341,Y
DSC_6617.tif,3,3,3,3,1,Clem,6,2376,2578,3219,3421,JoshW,5,2350,2594,3196,3440,JoshB,6,2384,2630,3226,3472,Y
DSC_6617.tif,3,3,3,3,2,Clem,6,2264,2498,3422,3656,JoshW,5,2269,2519,3406,3656,JoshB,6,2234,2528,3418,3712,Y
DSC_6617.tif,3,3,3,3,3,Clem,0,2192,2436,3766,4010,JoshW,0,2171,2461,3738,4028,JoshB,0,2192,2478,3712,3998,Y
DSC_6617.tif,3,3,3,3,4,Clem,0,2747,2967,3774,3994,JoshW,0,2756,3014,3758,4016,JoshB,0,2654,3016,3699,4061,Y
DSC_6617.tif,3,3,3,3,5,Clem,0,2744,2988,3438,3682,JoshW,0,2742,3000,3436,3694,JoshB,0,2730,3076,3391,3737,Y
DSC_6617.tif,3,3,3,3,6,Clem,0,2630,2908,3113,3391,JoshW,0,2655,2945,3088,3378,JoshB,0,2658,2936,3110,3388,Y
DSC_6618.tif,3,3,1,1,1,JoshB,0,322,524,578,780,Caroline,0,274,520,548,794,Raf,0,295,523,546,774,Y
DSC_6618.tif,3,3,1,1,2,JoshB,6,410,604,802,996,Caroline,5,429,597,794,962,Raf,5,404,588,774,958,Y
DSC_6618.tif,3,3,1,1,3,JoshB,3,354,566,1053,1265,Caroline,4,310,604,1026,1320,Raf,4,316,562,1041,1287,Y
DSC_6618.tif,3,3,1,1,4,JoshB,0,755,999,996,1240,Caroline,[],[],[],[],[],Raf,0,781,1011,1018,1248,K
DSC_6618.tif,3,3,1,1,5,JoshB,0,776,952,676,852,Caroline,0,758,1012,632,886,Raf,0,782,992,677,887,Y
DSC_6618.tif,3,3,1,1,6,JoshB,0,582,784,515,717,Caroline,0,534,760,442,668,Raf,0,527,791,430,694,Y
DSC_6618.tif,3,3,1,3,1,JoshB,0,2064,2292,557,785,Caroline,0,2044,2310,528,794,Raf,0,2020,2336,505,821,Y
DSC_6618.tif,3,3,1,3,2,JoshB,0,1904,2140,839,1075,Caroline,0,1857,2181,822,1146,Raf,0,1905,2203,834,1132,Y
DSC_6618.tif,3,3,1,3,3,JoshB,1,1914,2200,1265,1551,Caroline,2,1900,2182,1292,1574,Raf,0,1896,2194,1234,1532,Y
DSC_6618.tif,3,3,1,3,4,JoshB,4,2402,2706,1146,1450,Caroline,4,2416,2724,1146,1454,Raf,5,2440,2678,1176,1414,Y
DSC_6618.tif,3,3,1,3,5,JoshB,0,2502,2696,873,1067,Caroline,1,2462,2694,822,1054,Raf,0,2466,2738,817,1089,Y
DSC_6618.tif,3,3,1,3,6,JoshB,0,2333,2587,556,810,Caroline,0,2380,2662,534,816,Raf,0,2379,2669,528,818,Y
DSC_6618.tif,3,3,2,2,1,JoshB,0,1138,1424,1757,2043,Caroline,0,1120,1408,1742,2030,Raf,0,1137,1401,1756,2020,Y
DSC_6618.tif,3,3,2,2,2,JoshB,0,1045,1399,2090,2444,Caroline,0,1054,1376,2072,2394,Raf,0,1028,1370,2045,2387,Y
DSC_6618.tif,3,3,2,2,3,JoshB,0,1088,1434,2397,2743,Caroline,0,1138,1426,2450,2738,Raf,0,1132,1422,2471,2761,Y
DSC_6618.tif,3,3,2,2,4,JoshB,1,1681,1959,2242,2520,Caroline,3,1682,1948,2234,2500,Raf,1,1730,1966,2248,2484,Y
DSC_6618.tif,3,3,2,2,5,JoshB,3,1601,1855,2014,2268,Caroline,4,1609,1847,2002,2240,Raf,5,1602,1830,2028,2256,Y
DSC_6618.tif,3,3,2,2,6,JoshB,0,1500,1736,1770,2006,Caroline,0,1486,1710,1778,2002,Raf,0,1470,1778,1694,2002,Y
DSC_6618.tif,3,3,3,1,1,JoshB,0,523,751,3118,3346,Caroline,0,520,766,3128,3374,Raf,0,510,764,3085,3339,Y
DSC_6618.tif,3,3,3,1,2,JoshB,0,456,708,3434,3686,Caroline,0,447,735,3370,3658,Raf,0,440,746,3384,3690,Y
DSC_6618.tif,3,3,3,1,3,JoshB,0,406,642,3741,3977,Caroline,0,391,657,3708,3974,Raf,0,352,668,3704,4020,Y
DSC_6618.tif,3,3,3,1,4,JoshB,0,878,1188,3696,4006,Caroline,0,896,1198,3700,4002,Raf,0,860,1186,3694,4020,Y
DSC_6618.tif,3,3,3,1,5,JoshB,2,865,1143,3404,3682,Caroline,2,854,1134,3392,3672,Raf,3,888,1116,3419,3647,Y
DSC_6618.tif,3,3,3,1,6,JoshB,4,868,1062,3210,3404,Caroline,3,843,1075,3166,3398,Raf,4,852,1054,3182,3384,Y
DSC_6618.tif,3,3,3,3,1,JoshB,4,2448,2608,3058,3218,Caroline,4,2405,2623,3020,3238,Raf,5,2414,2606,3020,3212,Y
DSC_6618.tif,3,3,3,3,2,JoshB,0,2310,2536,3291,3517,Caroline,0,2262,2556,3220,3514,Raf,0,2264,2528,3248,3512,Y
DSC_6618.tif,3,3,3,3,3,JoshB,0,2217,2477,3540,3800,Caroline,1,2220,2486,3568,3834,Raf,0,2173,2489,3538,3854,Y
DSC_6618.tif,3,3,3,3,4,JoshB,0,2706,3034,3552,3880,Caroline,0,2724,3012,3522,3810,Raf,0,2699,2997,3520,3818,Y
DSC_6618.tif,3,3,3,3,5,JoshB,0,2647,2975,3244,3572,Caroline,0,2634,2866,3248,3480,Raf,0,2634,2966,3209,3541,Y
DSC_6618.tif,3,3,3,3,6,JoshB,4,2616,2844,3008,3236,Caroline,4,2584,2824,2998,3238,Raf,4,2594,2822,2984,3212,Y
DSC_6619.tif,3,3,1,1,1,Indira,4,488,738,526,776,Yuxuan,4,496,706,533,743,Emma,4,482,750,520,788,Y
DSC_6619.tif,3,3,1,1,2,Indira,4,394,644,848,1098,Yuxuan,4,412,664,844,1096,Emma,5,380,684,821,1125,Y
DSC_6619.tif,3,3,1,1,3,Indira,0,384,648,1138,1402,Yuxuan,0,412,644,1159,1391,Emma,0,330,692,1096,1458,Y
DSC_6619.tif,3,3,1,1,4,Indira,0,1030,1294,1077,1341,Yuxuan,0,1002,1232,1097,1327,Emma,0,970,1306,1046,1382,Y
DSC_6619.tif,3,3,1,1,5,Indira,0,888,1138,756,1006,Yuxuan,0,918,1160,759,1001,Emma,0,857,1177,726,1046,Y
DSC_6619.tif,3,3,1,1,6,Indira,0,799,1037,440,678,Yuxuan,0,812,1032,486,706,Emma,0,768,1028,448,708,Y
DSC_6619.tif,3,3,1,3,1,Indira,0,1954,2204,712,962,Yuxuan,0,1959,2181,706,928,Emma,0,1917,2229,684,996,Y
DSC_6619.tif,3,3,1,3,2,Indira,4,1937,2175,1002,1240,Yuxuan,3,1918,2160,1011,1253,Emma,3,1914,2192,986,1264,Y
DSC_6619.tif,3,3,1,3,3,Indira,3,1992,2228,1271,1507,Yuxuan,2,1992,2234,1259,1501,Emma,3,1972,2242,1256,1526,Y
DSC_6619.tif,3,3,1,3,4,Indira,0,2486,2770,1064,1348,Yuxuan,0,2518,2792,1081,1355,Emma,0,2470,2772,1067,1369,Y
DSC_6619.tif,3,3,1,3,5,Indira,0,2452,2762,740,1050,Yuxuan,0,2496,2718,785,1007,Emma,0,2448,2760,750,1062,Y
DSC_6619.tif,3,3,1,3,6,Indira,0,2242,2506,552,816,Yuxuan,0,2254,2496,549,791,Emma,0,2200,2528,503,831,Y
DSC_6619.tif,3,3,2,2,1,Indira,0,1480,1670,1930,2120,Yuxuan,0,1464,1622,1944,2102,Emma,0,1420,1682,1896,2158,Y
DSC_6619.tif,3,3,2,2,2,Indira,0,1308,1538,2191,2421,Yuxuan,0,1338,1528,2180,2370,Emma,0,1282,1552,2174,2444,Y
DSC_6619.tif,3,3,2,2,4,Indira,6,1768,2018,2378,2628,Yuxuan,4,1760,1992,2364,2596,Emma,5,1758,2036,2360,2638,Y
DSC_6619.tif,3,3,2,2,5,Indira,0,1782,2018,2110,2346,Yuxuan,0,1770,1992,2096,2318,Emma,0,1741,2027,2074,2360,Y
DSC_6619.tif,3,3,2,2,6,Indira,0,1706,1924,1831,2049,Yuxuan,0,1738,1950,1875,2087,Emma,0,1689,1943,1828,2082,Y
DSC_6619.tif,3,3,3,1,1,Indira,0,789,1033,3290,3534,Yuxuan,0,770,1032,3256,3518,Emma,0,734,1020,3236,3522,Y
DSC_6619.tif,3,3,3,1,2,Indira,0,746,976,3582,3812,Yuxuan,0,696,990,3540,3834,Emma,0,700,1004,3547,3851,Y
DSC_6619.tif,3,3,3,1,3,Indira,0,610,908,3829,4127,Yuxuan,0,644,928,3828,4112,Emma,0,616,936,3847,4167,Y
DSC_6619.tif,3,3,3,1,4,Indira,3,1132,1422,3782,4072,Yuxuan,2,1118,1360,3797,4039,Emma,2,1117,1379,3774,4036,Y
DSC_6619.tif,3,3,3,1,5,Indira,6,1078,1334,3562,3818,Yuxuan,4,1064,1306,3565,3807,Emma,6,1070,1324,3559,3813,Y
DSC_6619.tif,3,3,3,3,1,Indira,0,2086,2364,2993,3271,Yuxuan,0,2064,2308,3006,3250,Emma,0,2043,2373,2940,3270,Y
DSC_6619.tif,3,3,3,3,2,Indira,0,1964,2248,3294,3578,Yuxuan,0,1960,2244,3281,3565,Emma,0,1922,2268,3269,3615,Y
DSC_6619.tif,3,3,3,3,3,Indira,0,1984,2268,3667,3951,Yuxuan,0,1992,2254,3645,3907,Emma,0,1946,2310,3630,3994,Y
DSC_6619.tif,3,3,3,3,4,Indira,0,2560,2816,3562,3818,Yuxuan,0,2538,2792,3513,3767,Emma,0,2520,2840,3506,3826,Y
DSC_6619.tif,3,3,3,3,5,Indira,4,2488,2752,3196,3460,Yuxuan,4,2508,2728,3219,3439,Emma,4,2478,2772,3194,3488,Y
DSC_6619.tif,3,3,3,3,6,Indira,5,2421,2665,2938,3182,Yuxuan,4,2413,2633,2918,3138,Emma,4,2393,2663,2916,3186,Y
DSC_7489.TIF,3,3,1,2,1,Caroline,0,1362,1714,478,830,Raf,0,1374,1700,518,844,Indira,0,1389,1747,516,874,Y
DSC_7489.TIF,3,3,1,2,2,Caroline,0,1188,1524,967,1303,Raf,0,1186,1492,984,1290,Indira,0,1172,1558,945,1331,Y
DSC_7489.TIF,3,3,1,2,3,Caroline,0,1272,1616,1366,1710,Raf,0,1238,1536,1365,1663,Indira,0,1260,1618,1341,1699,Y
DSC_7489.TIF,3,3,1,2,4,Caroline,0,1879,2237,1188,1546,Raf,0,1906,2274,1178,1546,Indira,0,1930,2262,1205,1537,Y
DSC_7489.TIF,3,3,1,2,5,Caroline,0,1848,2212,802,1166,Raf,0,1818,2194,822,1198,Indira,0,1836,2222,833,1219,Y
DSC_7489.TIF,3,3,1,2,6,Caroline,0,1748,2092,458,802,Raf,0,1694,2064,452,822,Indira,0,1754,2038,492,776,Y
DSC_7489.TIF,3,3,2,1,1,Caroline,[],[],[],[],[],Raf,0,509,861,1668,2020,Indira,0,576,860,1731,2015,K
DSC_7489.TIF,3,3,2,1,2,Caroline,0,408,766,1994,2352,Raf,0,430,720,2023,2313,Indira,0,440,718,2017,2295,Y
DSC_7489.TIF,3,3,2,1,3,Caroline,0,380,794,2328,2742,Raf,0,396,756,2375,2735,Indira,0,400,760,2352,2712,Y
DSC_7489.TIF,3,3,2,1,4,Caroline,0,1068,1454,2325,2711,Raf,0,1062,1404,2313,2655,Indira,0,1124,1430,2369,2675,Y
DSC_7489.TIF,3,3,2,1,5,Caroline,0,1076,1404,1943,2271,Raf,0,1045,1353,1984,2292,Indira,0,1084,1396,1957,2269,Y
DSC_7489.TIF,3,3,2,1,6,Caroline,0,872,1188,1647,1963,Raf,0,852,1204,1585,1937,Indira,0,888,1220,1618,1950,Y
DSC_7489.TIF,3,3,2,3,1,Caroline,0,2040,2342,1876,2178,Raf,0,2028,2344,1857,2173,Indira,0,2038,2344,1883,2189,Y
DSC_7489.TIF,3,3,2,3,2,Caroline,0,1827,2143,2164,2480,Raf,0,1862,2204,2142,2484,Indira,0,1855,2161,2200,2506,Y
DSC_7489.TIF,3,3,2,3,3,Caroline,0,1851,2195,2464,2808,Raf,0,1870,2212,2528,2870,Indira,0,1910,2242,2539,2871,Y
DSC_7489.TIF,3,3,2,3,4,Caroline,0,2472,2872,2476,2876,Raf,0,2440,2914,2422,2896,Indira,0,2508,2820,2498,2810,Y
DSC_7489.TIF,3,3,2,3,5,Caroline,0,2388,2780,2079,2471,Raf,0,2432,2694,2138,2400,Indira,0,2452,2728,2131,2407,Y
DSC_7489.TIF,3,3,2,3,6,Caroline,1,2352,2612,1864,2124,Raf,0,2340,2602,1844,2106,Indira,1,2380,2644,1862,2126,Y
DSC_7489.TIF,3,3,3,1,1,Caroline,0,678,994,3202,3518,Raf,0,694,992,3226,3524,Indira,0,718,1024,3209,3515,Y
DSC_7489.TIF,3,3,3,1,2,Caroline,0,528,886,3560,3918,Raf,0,606,940,3595,3929,Indira,0,604,922,3585,3903,Y
DSC_7489.TIF,3,3,3,1,3,Caroline,0,566,924,3918,4276,Raf,0,597,923,3958,4284,Indira,0,616,968,3911,4263,Y
DSC_7489.TIF,3,3,3,1,4,Caroline,0,1299,1609,3812,4122,Raf,0,1256,1634,3783,4161,Indira,0,1266,1606,3794,4134,Y
DSC_7489.TIF,3,3,3,1,5,Caroline,[],[],[],[],[],Raf,0,1142,1492,3463,3813,Indira,0,1166,1490,3474,3798,K
DSC_7489.TIF,3,3,3,1,6,Caroline,0,1018,1334,3117,3433,Raf,0,1002,1308,3086,3392,Indira,0,1000,1332,3094,3426,Y
DSC_7489.TIF,3,3,3,3,1,Caroline,0,2202,2532,3510,3840,Raf,0,2234,2532,3538,3836,Indira,0,2248,2552,3569,3873,Y
DSC_7489.TIF,3,3,3,3,2,Caroline,0,2092,2366,3855,4129,Raf,0,2090,2388,3849,4147,Indira,0,2100,2410,3844,4154,Y
DSC_7489.TIF,3,3,3,3,3,Caroline,0,2223,2503,4108,4388,Raf,0,2194,2554,4063,4423,Indira,0,2214,2552,4083,4421,Y
DSC_7489.TIF,3,3,3,3,4,Caroline,0,2696,3104,3964,4372,Raf,0,2756,3054,3990,4288,Indira,1,2750,3034,4009,4293,Y
DSC_7489.TIF,3,3,3,3,5,Caroline,3,2700,2940,3714,3954,Raf,2,2660,2976,3690,4006,Indira,2,2682,2980,3684,3982,Y
DSC_7489.TIF,3,3,3,3,6,Caroline,3,2528,2808,3462,3742,Raf,2,2494,2826,3411,3743,Indira,2,2526,2838,3412,3724,Y
DSC_7490.TIF,3,3,1,2,1,Mark,0,1214,1610,688,1084,Clem,0,1205,1509,734,1038,JoshW,0,1254,1584,729,1059,Y
DSC_7490.TIF,3,3,1,2,2,Mark,0,1012,1466,999,1453,Clem,0,1054,1416,1071,1433,JoshW,0,1000,1418,1024,1442,Y
DSC_7490.TIF,3,3,1,2,3,Mark,0,1080,1552,1353,1825,Clem,0,1146,1518,1415,1787,JoshW,0,1118,1518,1412,1812,Y
DSC_7490.TIF,3,3,1,2,4,Mark,0,1820,2250,1345,1775,Clem,0,1804,2192,1348,1736,JoshW,0,1842,2194,1402,1754,Y
DSC_7490.TIF,3,3,1,2,5,Mark,0,1652,2116,890,1354,Clem,0,1712,2022,966,1276,JoshW,0,1682,2042,948,1308,Y
DSC_7490.TIF,3,3,1,2,6,Mark,2,1584,1938,633,987,Clem,2,1584,1888,699,1003,JoshW,2,1574,1892,672,990,Y
DSC_7490.TIF,3,3,2,1,1,Mark,0,536,848,1998,2310,Clem,0,536,814,2048,2326,JoshW,0,539,831,2024,2316,Y
DSC_7490.TIF,3,3,2,1,2,Mark,0,414,768,2276,2630,Clem,0,430,726,2296,2592,JoshW,0,440,726,2315,2601,Y
DSC_7490.TIF,3,3,2,1,3,Mark,0,406,834,2508,2936,Clem,0,490,802,2549,2861,JoshW,0,468,826,2546,2904,Y
DSC_7490.TIF,3,3,2,1,4,Mark,0,1080,1400,2486,2806,Clem,0,1100,1362,2494,2756,JoshW,0,1044,1382,2509,2847,Y
DSC_7490.TIF,3,3,2,1,5,Mark,0,996,1382,2129,2515,Clem,0,1046,1282,2204,2440,JoshW,0,1010,1288,2211,2489,Y
DSC_7490.TIF,3,3,2,1,6,Mark,1,886,1214,1893,2221,Clem,3,834,1138,1917,2221,JoshW,1,898,1168,1904,2174,Y
DSC_7490.TIF,3,3,2,3,1,Mark,1,2195,2507,1668,1980,Clem,1,2178,2474,1702,1998,JoshW,0,2197,2481,1680,1964,Y
DSC_7490.TIF,3,3,2,3,2,Mark,0,1998,2326,2036,2364,Clem,0,1922,2342,1994,2414,JoshW,0,1984,2322,2018,2356,Y
DSC_7490.TIF,3,3,2,3,3,Mark,0,2006,2418,2381,2793,Clem,0,1972,2326,2419,2773,JoshW,0,2024,2398,2410,2784,Y
DSC_7490.TIF,3,3,2,3,4,Mark,0,2646,3076,2410,2840,Clem,0,2650,2954,2444,2748,JoshW,0,2682,2994,2498,2810,Y
DSC_7490.TIF,3,3,2,3,5,Mark,0,2646,3042,2048,2444,Clem,0,2672,3008,2074,2410,JoshW,0,2708,2992,2093,2377,Y
DSC_7490.TIF,3,3,2,3,6,Mark,0,2520,2898,1656,2034,Clem,0,2562,2798,1732,1968,JoshW,0,2532,2938,1673,2079,Y
DSC_7490.TIF,3,3,3,1,1,Mark,0,448,834,3388,3774,Clem,0,474,776,3430,3732,JoshW,0,428,746,3416,3734,Y
DSC_7490.TIF,3,3,3,1,2,Mark,0,250,628,3666,4044,Clem,0,246,574,3738,4066,JoshW,0,218,528,3715,4025,Y
DSC_7490.TIF,3,3,3,1,3,Mark,0,322,760,4015,4453,Clem,0,346,718,4061,4433,JoshW,0,374,746,4059,4431,Y
DSC_7490.TIF,3,3,3,1,4,Mark,0,894,1374,3901,4381,Clem,0,932,1370,3926,4364,JoshW,0,946,1332,3940,4326,Y
DSC_7490.TIF,3,3,3,1,5,Mark,0,868,1316,3513,3961,Clem,0,894,1274,3559,3939,JoshW,0,901,1273,3582,3954,Y
DSC_7490.TIF,3,3,3,3,1,Mark,0,1994,2380,3262,3648,Clem,0,1998,2352,3248,3602,JoshW,0,1998,2322,3257,3581,Y
DSC_7490.TIF,3,3,3,3,2,Mark,0,1812,2242,3560,3990,Clem,0,1828,2216,3577,3965,JoshW,0,1816,2194,3599,3977,Y
DSC_7490.TIF,3,3,3,3,3,Mark,0,1812,2310,3926,4424,Clem,0,1922,2310,3952,4340,JoshW,0,1882,2288,3928,4334,Y
DSC_7490.TIF,3,3,3,3,4,Mark,0,2549,2979,3868,4298,Clem,0,2570,2932,3884,4246,JoshW,0,2546,2912,3914,4280,Y
DSC_7490.TIF,3,3,3,3,5,Mark,0,2502,2932,3455,3885,Clem,0,2486,2898,3447,3859,JoshW,0,2532,2850,3501,3819,Y
DSC_7490.TIF,3,3,3,3,6,Mark,0,2334,2780,3102,3548,Clem,0,2318,2680,3185,3547,JoshW,0,2316,2696,3114,3494,Y
DSC_7491.TIF,3,3,1,2,1,Raf,6,1536,1748,816,1028,Indira,5,1557,1795,792,1030,Yuxuan,5,1548,1748,801,1001,Y
DSC_7491.TIF,3,3,1,2,2,Raf,5,1388,1634,1015,1261,Indira,5,1413,1623,1030,1240,Yuxuan,5,1412,1612,1006,1206,Y
DSC_7491.TIF,3,3,1,2,3,Raf,6,1458,1678,1290,1510,Indira,4,1439,1689,1274,1524,Yuxuan,5,1454,1654,1296,1496,Y
DSC_7491.TIF,3,3,1,2,4,Raf,6,1914,2160,1256,1502,Indira,5,1940,2184,1266,1510,Yuxuan,4,1928,2170,1276,1518,Y
DSC_7491.TIF,3,3,1,2,5,Raf,6,1892,2164,984,1256,Indira,6,1924,2146,1020,1242,Yuxuan,5,1913,2123,1022,1232,Y
DSC_7491.TIF,3,3,1,2,6,Raf,6,1818,2054,774,1010,Indira,5,1829,2045,800,1016,Yuxuan,5,1812,2044,796,1028,Y
DSC_7491.TIF,3,3,2,1,1,Raf,5,878,1080,1997,2199,Indira,6,881,1097,1978,2194,Yuxuan,6,896,1076,1991,2171,Y
DSC_7491.TIF,3,3,2,1,2,Raf,5,764,976,2225,2437,Indira,6,739,1003,2180,2444,Yuxuan,5,770,1022,2202,2454,Y
DSC_7491.TIF,3,3,2,1,3,Raf,5,848,1084,2494,2730,Indira,6,837,1087,2472,2722,Yuxuan,5,854,1076,2475,2697,Y
DSC_7491.TIF,3,3,2,1,4,Raf,4,1217,1461,2450,2694,Indira,5,1240,1510,2465,2735,Yuxuan,4,1227,1471,2464,2708,Y
DSC_7491.TIF,3,3,2,1,5,Raf,6,1230,1476,2156,2402,Indira,5,1232,1496,2130,2394,Yuxuan,4,1232,1486,2128,2382,Y
DSC_7491.TIF,3,3,2,1,6,Raf,5,1106,1326,1922,2142,Indira,6,1124,1334,1934,2144,Yuxuan,4,1118,1318,1934,2134,Y
DSC_7491.TIF,3,3,2,3,1,Raf,5,2230,2466,2090,2326,Indira,4,2231,2475,2086,2330,Yuxuan,3,2254,2422,2118,2286,Y
DSC_7491.TIF,3,3,2,3,2,Raf,6,2111,2349,2326,2564,Indira,5,2127,2383,2296,2552,Yuxuan,4,2112,2344,2328,2560,Y
DSC_7491.TIF,3,3,2,3,3,Raf,4,2134,2344,2595,2805,Indira,4,2137,2401,2574,2838,Yuxuan,3,2150,2350,2612,2812,Y
DSC_7491.TIF,3,3,2,3,4,Raf,4,2668,2888,2550,2770,Indira,5,2668,2946,2513,2791,Yuxuan,3,2654,2918,2538,2802,Y
DSC_7491.TIF,3,3,2,3,5,Raf,4,2731,2941,2274,2484,Indira,6,2709,2979,2242,2512,Yuxuan,4,2739,2949,2286,2496,Y
DSC_7491.TIF,3,3,2,3,6,Raf,4,2510,2774,2014,2278,Indira,5,2512,2770,2015,2273,Yuxuan,5,2508,2728,2076,2296,Y
DSC_7491.TIF,3,3,3,1,1,Raf,4,546,764,3476,3694,Indira,4,550,800,3454,3704,Yuxuan,4,560,748,3492,3680,Y
DSC_7491.TIF,3,3,3,1,3,Raf,4,553,799,3880,4126,Indira,4,562,800,3899,4137,Yuxuan,3,548,790,3897,4139,Y
DSC_7491.TIF,3,3,3,1,4,Raf,4,1046,1282,3880,4116,Indira,4,1024,1280,3860,4116,Yuxuan,3,1022,1264,3871,4113,Y
DSC_7491.TIF,3,3,3,1,5,Raf,5,976,1204,3572,3800,Indira,5,994,1236,3576,3818,Yuxuan,4,980,1190,3619,3829,Y
DSC_7491.TIF,3,3,3,1,6,Raf,6,774,992,3384,3602,Indira,6,786,1036,3372,3622,Yuxuan,6,764,976,3370,3582,Y
DSC_7491.TIF,3,3,3,3,1,Raf,5,2230,2466,3310,3546,Indira,5,2248,2492,3301,3545,Yuxuan,4,2222,2454,3297,3529,Y
DSC_7491.TIF,3,3,3,3,2,Raf,6,2064,2326,3661,3923,Indira,5,2082,2312,3676,3906,Yuxuan,5,2064,2308,3654,3898,Y
DSC_7491.TIF,3,3,3,3,3,Raf,5,2106,2326,4038,4258,Indira,4,2097,2387,4016,4306,Yuxuan,4,2086,2308,4023,4245,Y
DSC_7491.TIF,3,3,3,3,4,Raf,5,2712,2924,3909,4121,Indira,4,2722,2932,3920,4130,Yuxuan,4,2718,2876,3929,4087,Y
DSC_7491.TIF,3,3,3,3,5,Raf,6,2630,2884,3608,3862,Indira,5,2640,2892,3625,3877,Yuxuan,5,2612,2834,3643,3865,Y
DSC_7491.TIF,3,3,3,3,6,Raf,6,2502,2722,3379,3599,Indira,5,2517,2753,3366,3602,Yuxuan,5,2508,2696,3382,3570,Y
DSC_7492.TIF,3,3,1,2,1,JoshB,5,1492,1694,907,1109,Caroline,4,1503,1707,920,1124,Raf,5,1466,1712,887,1133,Y
DSC_7492.TIF,3,3,1,2,2,JoshB,6,1366,1576,1214,1424,Caroline,4,1348,1580,1202,1434,Raf,5,1378,1562,1239,1423,Y
DSC_7492.TIF,3,3,1,2,3,JoshB,6,1451,1619,1518,1686,Caroline,3,1404,1650,1475,1721,Raf,5,1432,1634,1515,1717,Y
DSC_7492.TIF,3,3,1,2,4,JoshB,6,1892,2110,1400,1618,Caroline,5,1876,2178,1348,1650,Raf,6,1901,2147,1378,1624,Y
DSC_7492.TIF,3,3,1,2,5,JoshB,6,1845,2081,1046,1282,Caroline,5,1819,2085,1040,1306,Raf,6,1826,2054,1045,1273,Y
DSC_7492.TIF,3,3,1,2,6,JoshB,6,1720,1914,844,1038,Caroline,5,1717,1893,850,1026,Raf,5,1694,1906,807,1019,Y
DSC_7492.TIF,3,3,2,1,1,JoshB,6,852,1062,1914,2124,Caroline,5,844,1062,1921,2139,Raf,6,844,1054,1923,2133,Y
DSC_7492.TIF,3,3,2,1,2,JoshB,6,772,982,2158,2368,Caroline,4,774,1026,2153,2405,Raf,6,765,1001,2134,2370,Y
DSC_7492.TIF,3,3,2,1,3,JoshB,6,789,1017,2418,2646,Caroline,4,749,1009,2402,2662,Raf,5,764,992,2405,2633,Y
DSC_7492.TIF,3,3,2,1,4,JoshB,5,1277,1513,2352,2588,Caroline,4,1258,1552,2325,2619,Raf,5,1282,1520,2343,2581,Y
DSC_7492.TIF,3,3,2,1,5,JoshB,6,1207,1441,1990,2224,Caroline,5,1219,1473,1994,2248,Raf,6,1226,1436,2020,2230,Y
DSC_7492.TIF,3,3,2,1,6,JoshB,6,1028,1240,1837,2049,Caroline,5,1040,1244,1837,2041,Raf,6,1036,1274,1826,2064,Y
DSC_7492.TIF,3,3,2,3,1,JoshB,6,2268,2554,1955,2241,Caroline,6,2276,2542,1964,2230,Raf,6,2274,2536,1958,2220,Y
DSC_7492.TIF,3,3,2,3,2,JoshB,6,2150,2360,2254,2464,Caroline,6,2150,2416,2220,2486,Raf,6,2125,2397,2222,2494,Y
DSC_7492.TIF,3,3,2,3,3,JoshB,6,2158,2418,2542,2802,Caroline,5,2139,2439,2508,2808,Raf,6,2133,2431,2520,2818,Y
DSC_7492.TIF,3,3,2,3,4,JoshB,5,2722,3026,2444,2748,Caroline,4,2732,3020,2430,2718,Raf,5,2756,3020,2462,2726,Y
DSC_7492.TIF,3,3,2,3,5,JoshB,5,2722,2950,2178,2406,Caroline,5,2717,2991,2156,2430,Raf,5,2703,2985,2150,2432,Y
DSC_7492.TIF,3,3,2,3,6,JoshB,6,2722,3008,2432,2718,Caroline,6,2570,2780,1942,2152,Raf,5,2580,2792,1927,2139,Y
DSC_7492.TIF,3,3,3,1,1,JoshB,5,1012,1248,3433,3669,Caroline,5,1011,1279,3440,3708,Raf,5,1010,1264,3424,3678,Y
DSC_7492.TIF,3,3,3,1,2,JoshB,5,834,1080,3677,3923,Caroline,4,830,1054,3698,3922,Raf,4,844,1054,3709,3919,Y
DSC_7492.TIF,3,3,3,1,3,JoshB,5,818,1112,3914,4208,Caroline,4,872,1160,3932,4220,Raf,4,852,1132,3924,4204,Y
DSC_7492.TIF,3,3,3,1,5,JoshB,5,1420,1740,3666,3986,Caroline,5,1433,1735,3672,3974,Raf,5,1458,1720,3696,3958,Y
DSC_7492.TIF,3,3,3,1,6,JoshB,5,1336,1538,3370,3572,Caroline,5,1300,1532,3346,3578,Raf,5,1317,1529,3370,3582,Y
DSC_7492.TIF,3,3,3,3,1,JoshB,6,2352,2604,3422,3674,Caroline,6,2324,2612,3402,3690,Raf,6,2370,2590,3440,3660,Y
DSC_7492.TIF,3,3,3,3,2,JoshB,6,2191,2419,3750,3978,Caroline,4,2142,2444,3714,4016,Raf,5,2207,2427,3756,3976,Y
DSC_7492.TIF,3,3,3,3,3,JoshB,5,2230,2482,3986,4238,Caroline,3,2220,2472,4003,4255,Raf,4,2222,2502,3985,4265,Y
DSC_7492.TIF,3,3,3,3,4,JoshB,6,2756,3008,3960,4212,Caroline,4,2749,2995,3996,4242,Raf,5,2766,3002,3994,4230,Y
DSC_7492.TIF,3,3,3,3,5,JoshB,6,2747,3041,3700,3994,Caroline,4,2738,2998,3735,3995,Raf,5,2743,3015,3722,3994,Y
DSC_7492.TIF,3,3,3,3,6,JoshB,6,2608,2902,3422,3716,Caroline,5,2637,2925,3434,3722,Raf,5,2660,2924,3445,3709,Y
DSC_7493.TIF,3,3,1,2,1,Yuxuan,1,1333,1565,674,906,Emma,3,1332,1576,666,910,Mark,3,1306,1626,625,945,Y
DSC_7493.TIF,3,3,1,2,3,Yuxuan,0,1276,1518,1338,1580,Emma,2,1222,1542,1328,1648,Mark,1,1223,1593,1324,1694,Y
DSC_7493.TIF,3,3,1,2,4,Yuxuan,0,1792,2086,1207,1501,Emma,0,1796,2082,1218,1504,Mark,0,1803,2141,1188,1526,Y
DSC_7493.TIF,3,3,1,2,5,Yuxuan,0,1728,1980,880,1132,Emma,0,1744,2032,893,1181,Mark,0,1736,2090,856,1210,Y
DSC_7493.TIF,3,3,1,2,6,Yuxuan,0,1644,1834,674,864,Emma,0,1576,1872,595,891,Mark,0,1576,1956,531,911,Y
DSC_7493.TIF,3,3,2,1,1,Yuxuan,0,664,918,1669,1923,Emma,0,675,953,1636,1914,Mark,0,649,995,1584,1930,Y
DSC_7493.TIF,3,3,2,1,2,Yuxuan,0,570,802,1944,2176,Emma,0,527,855,1880,2208,Mark,0,524,852,1858,2186,Y
DSC_7493.TIF,3,3,2,1,3,Yuxuan,0,543,785,2234,2476,Emma,0,477,805,2192,2520,Mark,0,468,798,2182,2512,Y
DSC_7493.TIF,3,3,2,1,4,Yuxuan,2,1054,1402,2254,2602,Emma,4,1070,1358,2211,2499,Mark,3,1020,1458,2157,2595,Y
DSC_7493.TIF,3,3,2,1,5,Yuxuan,2,1002,1286,1886,2170,Emma,2,1003,1315,1904,2216,Mark,2,986,1332,1887,2233,Y
DSC_7493.TIF,3,3,2,1,6,Yuxuan,2,979,1191,1664,1876,Emma,3,957,1227,1610,1880,Mark,2,962,1256,1602,1896,Y
DSC_7493.TIF,3,3,2,3,1,Yuxuan,1,2060,2344,1834,2118,Emma,3,2073,2343,1854,2124,Mark,1,2031,2385,1804,2158,Y
DSC_7493.TIF,3,3,2,3,2,Yuxuan,1,2007,2259,2212,2464,Emma,1,1968,2262,2200,2494,Mark,1,1960,2272,2182,2494,Y
DSC_7493.TIF,3,3,2,3,3,Yuxuan,1,2018,2270,2486,2738,Emma,1,1990,2284,2478,2772,Mark,0,1964,2310,2448,2794,Y
DSC_7493.TIF,3,3,2,3,4,Yuxuan,0,2580,2812,2470,2702,Emma,0,2536,2874,2435,2773,Mark,0,2520,2908,2402,2790,Y
DSC_7493.TIF,3,3,2,3,5,Yuxuan,0,2592,2854,2071,2333,Emma,0,2537,2899,1998,2360,Mark,0,2546,2916,2010,2380,Y
DSC_7493.TIF,3,3,2,3,6,Yuxuan,0,2418,2660,1760,2002,Emma,0,2360,2680,1728,2048,Mark,0,2402,2722,1736,2056,Y
DSC_7493.TIF,3,3,3,1,1,Yuxuan,0,864,1148,3076,3360,Emma,0,877,1181,3118,3422,Mark,0,844,1230,3035,3421,Y
DSC_7493.TIF,3,3,3,1,2,Yuxuan,0,764,1028,3454,3718,Emma,0,733,1071,3404,3742,Mark,0,700,1122,3353,3775,Y
DSC_7493.TIF,3,3,3,1,3,Yuxuan,0,775,1037,3782,4044,Emma,0,670,1092,3732,4154,Mark,0,700,1070,3737,4107,Y
DSC_7493.TIF,3,3,3,1,4,Yuxuan,1,1286,1580,3676,3970,Emma,2,1277,1623,3690,4036,Mark,2,1282,1686,3657,4061,Y
DSC_7493.TIF,3,3,3,1,5,Yuxuan,2,1296,1538,3387,3629,Emma,3,1253,1589,3354,3690,Mark,1,1274,1626,3342,3694,Y
DSC_7493.TIF,3,3,3,1,6,Yuxuan,3,1201,1465,3086,3350,Emma,4,1180,1492,3063,3375,Mark,3,1196,1526,3058,3388,Y
DSC_7493.TIF,3,3,3,3,1,Yuxuan,[],[],[],[],[],Emma,0,2120,2498,3118,3496,Mark,0,2082,2478,3118,3514,K
DSC_7493.TIF,3,3,3,3,2,Yuxuan,[],[],[],[],[],Emma,0,1972,2368,3522,3918,Mark,0,1980,2394,3492,3906,K
DSC_7493.TIF,3,3,3,3,3,Yuxuan,[],[],[],[],[],Emma,0,1933,2355,3934,4356,Mark,0,1964,2410,3897,4343,K
DSC_7494.TIF,3,3,1,2,1,JoshW,0,1090,1368,789,1067,JoshB,0,1130,1358,826,1054,Caroline,0,1092,1388,794,1090,Y
DSC_7494.TIF,3,3,1,2,2,JoshW,0,959,1257,1098,1396,JoshB,0,986,1240,1112,1366,Caroline,0,946,1232,1104,1390,Y
DSC_7494.TIF,3,3,1,2,3,JoshW,0,1016,1334,1402,1720,JoshB,0,1028,1340,1404,1716,Caroline,0,1026,1370,1401,1745,Y
DSC_7494.TIF,3,3,1,2,4,JoshW,0,1680,2004,1288,1612,JoshB,1,1678,1998,1299,1619,Caroline,0,1720,2016,1320,1616,Y
DSC_7494.TIF,3,3,1,2,5,JoshW,1,1598,1896,867,1165,JoshB,2,1626,1872,889,1135,Caroline,2,1588,1882,879,1173,Y
DSC_7494.TIF,3,3,1,2,6,JoshW,3,1430,1666,726,962,JoshB,3,1408,1644,721,957,Caroline,2,1398,1622,718,942,Y
DSC_7494.TIF,3,3,2,1,1,JoshW,2,291,569,1666,1944,JoshB,3,322,540,1699,1917,Caroline,2,288,548,1668,1928,Y
DSC_7494.TIF,3,3,2,1,2,JoshW,1,173,465,1970,2262,JoshB,2,194,440,2009,2255,Caroline,2,170,458,1960,2248,Y
DSC_7494.TIF,3,3,2,1,3,JoshW,1,164,462,2326,2624,JoshB,1,186,456,2355,2625,Caroline,1,170,478,2318,2626,Y
DSC_7494.TIF,3,3,2,1,4,JoshW,0,746,1098,2339,2691,JoshB,0,756,1016,2360,2620,Caroline,0,718,1076,2318,2676,Y
DSC_7494.TIF,3,3,2,1,5,JoshW,0,729,1135,1896,2302,JoshB,0,776,1088,1968,2280,Caroline,0,1046,1090,2288,2332,Y
DSC_7494.TIF,3,3,2,1,6,JoshW,0,590,880,1646,1936,JoshB,0,628,882,1668,1922,Caroline,0,597,879,1608,1890,Y
DSC_7494.TIF,3,3,2,3,1,JoshW,3,1876,2126,1971,2221,JoshB,3,1884,2144,1990,2250,Caroline,4,1858,2132,1966,2240,Y
DSC_7494.TIF,3,3,2,3,2,JoshW,3,1720,2032,2208,2520,JoshB,3,1702,2022,2213,2533,Caroline,4,1706,2036,2216,2546,Y
DSC_7494.TIF,3,3,2,3,3,JoshW,0,1788,2058,2540,2810,JoshB,1,1754,2048,2550,2844,Caroline,2,1806,2064,2543,2801,Y
DSC_7494.TIF,3,3,2,3,4,JoshW,0,2356,2634,2431,2709,JoshB,0,2352,2672,2397,2717,Caroline,0,2338,2640,2433,2735,Y
DSC_7494.TIF,3,3,2,3,5,JoshW,0,2316,2628,2126,2438,JoshB,0,2317,2647,2098,2428,Caroline,0,2325,2627,2100,2402,Y
DSC_7494.TIF,3,3,2,3,6,JoshW,0,2188,2444,1863,2119,JoshB,0,2174,2410,1901,2137,Caroline,[],[],[],[],[],K
DSC_7494.TIF,3,3,3,1,1,JoshW,0,562,834,3161,3433,JoshB,0,615,835,3168,3388,Caroline,0,544,840,3124,3420,Y
DSC_7494.TIF,3,3,3,1,2,JoshW,0,429,715,3520,3806,JoshB,0,396,666,3501,3771,Caroline,0,416,746,3458,3788,Y
DSC_7494.TIF,3,3,3,1,3,JoshW,0,387,679,3852,4144,JoshB,0,448,726,3839,4117,Caroline,0,412,720,3848,4156,Y
DSC_7494.TIF,3,3,3,1,4,JoshW,1,1071,1395,3718,4042,JoshB,1,1067,1387,3742,4062,Caroline,1,1040,1384,3725,4069,Y
DSC_7494.TIF,3,3,3,1,5,JoshW,2,1050,1334,3396,3680,JoshB,3,1028,1324,3387,3683,Caroline,2,1032,1334,3378,3680,Y
DSC_7494.TIF,3,3,3,1,6,JoshW,3,840,1084,3176,3420,JoshB,2,843,1097,3168,3422,Caroline,2,864,1096,3174,3406,Y
DSC_7494.TIF,3,3,3,3,1,JoshW,0,1916,2194,3243,3521,JoshB,0,1938,2200,3253,3515,Caroline,0,1932,2198,3248,3514,Y
DSC_7494.TIF,3,3,3,3,2,JoshW,0,1795,2107,3568,3880,JoshB,0,1762,2098,3560,3896,Caroline,0,1784,2114,3561,3891,Y
DSC_7494.TIF,3,3,3,3,3,JoshW,0,1741,1985,4028,4272,JoshB,0,1728,2006,3982,4260,Caroline,0,1720,2008,3988,4276,Y
DSC_7494.TIF,3,3,3,3,4,JoshW,1,2336,2574,3984,4222,JoshB,1,2339,2565,3978,4204,Caroline,1,2307,2609,3940,4242,Y
DSC_7494.TIF,3,3,3,3,5,JoshW,2,2350,2608,3602,3860,JoshB,2,2346,2642,3606,3902,Caroline,2,2332,2634,3595,3897,Y
DSC_7494.TIF,3,3,3,3,6,JoshW,3,2208,2438,3304,3534,JoshB,3,2162,2448,3286,3572,Caroline,3,2170,2444,3304,3578,Y
DSC_7583.TIF,3,3,1,2,1,Raf,0,1576,1892,230,546,Indira,0,1646,1924,218,496,Yuxuan,0,1592,1918,206,532,Y
DSC_7583.TIF,3,3,1,2,2,Raf,0,1466,1782,575,891,Indira,0,1450,1808,519,877,Yuxuan,0,1464,1728,601,865,Y
DSC_7583.TIF,3,3,1,2,3,Raf,0,1422,1808,900,1286,Indira,0,1469,1829,948,1308,Yuxuan,0,1497,1813,896,1212,Y
DSC_7583.TIF,3,3,1,2,4,Raf,0,2142,2502,896,1256,Indira,0,2204,2570,908,1274,Yuxuan,0,2222,2528,933,1239,Y
DSC_7583.TIF,3,3,1,2,5,Raf,0,2160,2520,462,822,Indira,0,2146,2520,447,821,Yuxuan,0,2096,2464,470,838,Y
DSC_7583.TIF,3,3,1,2,6,Raf,0,1875,2207,186,518,Indira,0,1916,2242,184,510,Yuxuan,0,1918,2180,239,501,Y
DSC_7583.TIF,3,3,2,1,1,Raf,0,764,1090,1299,1625,Indira,0,851,1087,1348,1584,Yuxuan,0,807,1059,1318,1570,Y
DSC_7583.TIF,3,3,2,1,2,Raf,0,588,932,1584,1928,Indira,0,644,928,1615,1899,Yuxuan,0,638,880,1644,1886,Y
DSC_7583.TIF,3,3,2,1,3,Raf,0,562,914,2019,2371,Indira,0,583,895,1970,2282,Yuxuan,0,632,886,2028,2282,Y
DSC_7583.TIF,3,3,2,1,4,Raf,0,1186,1546,1909,2269,Indira,0,1223,1555,1856,2188,Yuxuan,0,1212,1486,1886,2160,Y
DSC_7583.TIF,3,3,2,1,5,Raf,0,1326,1572,1541,1787,Indira,0,1288,1606,1494,1812,Yuxuan,0,1348,1570,1549,1771,Y
DSC_7583.TIF,3,3,2,1,6,Raf,0,1058,1304,1300,1546,Indira,0,1078,1334,1305,1561,Yuxuan,0,1075,1307,1306,1538,Y
DSC_7583.TIF,3,3,2,3,1,Raf,0,2194,2520,1510,1836,Indira,0,2228,2526,1538,1836,Yuxuan,0,2213,2465,1560,1812,Y
DSC_7583.TIF,3,3,2,3,2,Raf,0,2015,2365,1800,2150,Indira,0,2022,2340,1808,2126,Yuxuan,0,2033,2297,1822,2086,Y
DSC_7583.TIF,3,3,2,3,3,Raf,0,1967,2291,2134,2458,Indira,0,1958,2310,2113,2465,Yuxuan,0,2002,2296,2139,2433,Y
DSC_7583.TIF,3,3,2,3,4,Raf,0,2634,2976,2204,2546,Indira,0,2668,3014,2200,2546,Yuxuan,0,2622,2908,2206,2492,Y
DSC_7583.TIF,3,3,2,3,5,Raf,0,2642,3028,1791,2177,Indira,0,2648,3026,1803,2181,Yuxuan,0,2686,2960,1875,2149,Y
DSC_7583.TIF,3,3,2,3,6,Raf,0,2510,2870,1471,1831,Indira,0,2522,2834,1490,1802,Yuxuan,0,2560,2802,1549,1791,Y
DSC_7583.TIF,3,3,3,1,1,Raf,0,676,1002,2725,3051,Indira,0,746,1036,2763,3053,Yuxuan,0,738,1012,2780,3054,Y
DSC_7583.TIF,3,3,3,1,2,Raf,0,426,768,3028,3370,Indira,0,462,786,3030,3354,Yuxuan,0,432,706,3060,3334,Y
DSC_7583.TIF,3,3,3,1,3,Raf,0,414,800,3467,3853,Indira,0,448,800,3494,3846,Yuxuan,0,454,822,3471,3839,Y
DSC_7583.TIF,3,3,3,1,4,Raf,0,1176,1606,3467,3897,Indira,0,1274,1660,3487,3873,Yuxuan,0,1244,1570,3565,3891,Y
DSC_7583.TIF,3,3,3,1,5,Raf,0,1194,1536,3134,3476,Indira,0,1280,1584,3165,3469,Yuxuan,0,1264,1528,3171,3435,Y
DSC_7583.TIF,3,3,3,1,6,Raf,0,1054,1386,2766,3098,Indira,0,1057,1415,2770,3128,Yuxuan,[],[],[],[],[],K
DSC_7583.TIF,3,3,3,3,1,Raf,0,2064,2352,3078,3366,Indira,0,2092,2418,3054,3380,Yuxuan,0,2080,2396,3034,3350,Y
DSC_7583.TIF,3,3,3,3,2,Raf,0,1906,2264,3346,3704,Indira,0,1911,2269,3332,3690,Yuxuan,0,1928,2202,3370,3644,Y
DSC_7583.TIF,3,3,3,3,3,Raf,0,1896,2222,3686,4012,Indira,0,1910,2234,3670,3994,Yuxuan,0,1896,2150,3675,3929,Y
DSC_7583.TIF,3,3,3,3,4,Raf,0,2564,2888,3604,3928,Indira,0,2586,2904,3606,3924,Yuxuan,0,2601,2875,3634,3908,Y
DSC_7583.TIF,3,3,3,3,5,Raf,0,2462,2796,3230,3564,Indira,0,2464,2804,3219,3559,Yuxuan,0,2496,2760,3238,3502,Y
DSC_7583.TIF,3,3,3,3,6,Raf,0,2362,2624,2942,3204,Indira,0,2418,2628,2996,3206,Yuxuan,0,2401,2633,2980,3212,Y
DSC_7584.TIF,3,3,1,2,1,Mark,0,996,1324,182,510,Clem,0,1021,1299,178,456,JoshW,0,990,1294,174,478,Y
DSC_7584.TIF,3,3,1,2,2,Mark,0,844,1206,439,801,Clem,0,860,1138,472,750,JoshW,0,891,1169,488,766,Y
DSC_7584.TIF,3,3,1,2,3,Mark,0,894,1290,768,1164,Clem,0,920,1248,831,1159,JoshW,0,898,1216,820,1138,Y
DSC_7584.TIF,3,3,1,2,4,Mark,0,1500,1862,801,1163,Clem,0,1500,1796,814,1110,JoshW,0,1476,1848,800,1172,Y
DSC_7584.TIF,3,3,1,2,5,Mark,0,1471,1791,448,768,Clem,0,1466,1804,400,738,JoshW,0,1446,1744,428,726,Y
DSC_7584.TIF,3,3,1,2,6,Mark,0,1348,1644,135,431,Clem,0,1282,1636,77,431,JoshW,0,1354,1700,180,526,Y
DSC_7584.TIF,3,3,2,1,1,Mark,0,826,1146,1429,1749,Clem,0,844,1112,1455,1723,JoshW,0,772,1112,1398,1738,Y
DSC_7584.TIF,3,3,2,1,2,Mark,0,586,974,1762,2150,Clem,0,600,928,1796,2124,JoshW,0,596,902,1821,2127,Y
DSC_7584.TIF,3,3,2,1,3,Mark,0,502,948,2124,2570,Clem,0,548,902,2191,2545,JoshW,0,553,905,2222,2574,Y
DSC_7584.TIF,3,3,2,1,4,Mark,0,1316,1720,2132,2536,Clem,0,1332,1652,2158,2478,JoshW,0,1314,1734,2150,2570,Y
DSC_7584.TIF,3,3,2,1,5,Mark,0,1316,1686,1670,2040,Clem,0,1340,1652,1677,1989,JoshW,0,1320,1700,1679,2059,Y
DSC_7584.TIF,3,3,2,1,6,Mark,0,1087,1459,1390,1762,Clem,0,1096,1434,1374,1712,JoshW,0,1132,1408,1430,1706,Y
DSC_7584.TIF,3,3,2,3,1,Mark,0,2162,2432,1206,1476,Clem,0,2157,2419,1222,1484,JoshW,0,2166,2452,1232,1518,Y
DSC_7584.TIF,3,3,2,3,2,Mark,0,1964,2344,1424,1804,Clem,0,2022,2310,1491,1779,JoshW,0,2008,2374,1456,1822,Y
DSC_7584.TIF,3,3,2,3,3,Mark,0,1993,2315,1828,2150,Clem,0,1988,2258,1888,2158,JoshW,0,2024,2296,1882,2154,Y
DSC_7584.TIF,3,3,2,3,4,Mark,0,2536,2840,1795,2099,Clem,0,2532,2820,1828,2116,JoshW,0,2545,2851,1862,2168,Y
DSC_7584.TIF,3,3,2,3,5,Mark,0,2478,2822,1400,1744,Clem,0,2470,2798,1400,1728,JoshW,0,2492,2858,1416,1782,Y
DSC_7584.TIF,3,3,2,3,6,Mark,0,2343,2679,1046,1382,Clem,0,2402,2646,1100,1344,JoshW,0,2404,2648,1124,1368,Y
DSC_7584.TIF,3,3,3,1,1,Mark,0,898,1260,2832,3194,Clem,0,941,1201,2916,3176,JoshW,0,914,1232,2868,3186,Y
DSC_7584.TIF,3,3,3,1,2,Mark,0,574,1038,3168,3632,Clem,0,583,979,3186,3582,JoshW,0,603,977,3202,3576,Y
DSC_7584.TIF,3,3,3,1,3,Mark,0,514,1004,3559,4049,Clem,0,566,936,3619,3989,JoshW,0,576,962,3636,4022,Y
DSC_7584.TIF,3,3,3,1,4,Mark,0,1248,1728,3682,4162,Clem,0,1256,1594,3733,4071,JoshW,0,1288,1646,3755,4113,Y
DSC_7584.TIF,3,3,3,1,5,Mark,0,1365,1745,3336,3716,Clem,0,1332,1660,3358,3686,JoshW,0,1379,1669,3420,3710,Y
DSC_7584.TIF,3,3,3,1,6,Mark,0,1214,1610,2908,3304,Clem,0,1214,1542,2971,3299,JoshW,0,1206,1530,2926,3250,Y
DSC_7584.TIF,3,3,3,3,1,Mark,0,2237,2559,2780,3102,Clem,0,2242,2528,2798,3084,JoshW,0,2228,2532,2790,3094,Y
DSC_7584.TIF,3,3,3,3,2,Mark,0,2032,2402,2984,3354,Clem,0,2032,2318,3046,3332,JoshW,0,2073,2391,3020,3338,Y
DSC_7584.TIF,3,3,3,3,3,Mark,0,1914,2326,3304,3716,Clem,0,1959,2271,3370,3682,JoshW,0,1924,2262,3372,3710,Y
DSC_7584.TIF,3,3,3,3,4,Mark,0,2630,2984,3324,3678,Clem,0,2679,2949,3328,3598,JoshW,0,2682,2952,3372,3642,Y
DSC_7584.TIF,3,3,3,3,5,Mark,0,2596,2966,2962,3332,Clem,0,2607,2911,3008,3312,JoshW,0,2634,2926,2989,3281,Y
DSC_7584.TIF,3,3,3,3,6,Mark,0,2503,2857,2654,3008,Clem,0,2494,2764,2738,3008,JoshW,1,2586,2830,2739,2983,Y
DSC_7585.TIF,3,3,1,2,1,Emma,4,1366,1636,274,544,Mark,4,1340,1652,249,561,Clem,4,1382,1652,296,566,Y
DSC_7585.TIF,3,3,1,2,2,Emma,3,1202,1530,574,902,Mark,4,1197,1527,556,886,Clem,3,1206,1526,612,932,Y
DSC_7585.TIF,3,3,1,2,3,Emma,2,1214,1576,915,1277,Mark,2,1198,1560,894,1256,Clem,3,1214,1560,894,1240,Y
DSC_7585.TIF,3,3,1,2,4,Emma,2,1786,2106,860,1180,Mark,2,1778,2166,813,1201,Clem,3,1812,2048,877,1113,Y
DSC_7585.TIF,3,3,1,2,5,Emma,3,1736,2048,532,844,Mark,2,1728,2098,494,864,Clem,3,1744,2040,539,835,Y
DSC_7585.TIF,3,3,1,2,6,Emma,4,1644,1888,262,506,Mark,3,1626,1946,215,535,Clem,5,1652,1896,275,519,Y
DSC_7585.TIF,3,3,2,1,1,Emma,4,666,920,1377,1631,Mark,4,624,970,1327,1673,Clem,5,650,894,1366,1610,Y
DSC_7585.TIF,3,3,2,1,2,Emma,3,410,772,1694,2056,Mark,3,405,809,1652,2056,Clem,4,452,738,1720,2006,Y
DSC_7585.TIF,3,3,2,1,3,Emma,1,514,860,2014,2360,Mark,2,506,902,1989,2385,Clem,0,524,844,2023,2343,Y
DSC_7585.TIF,3,3,2,1,4,Emma,2,1172,1466,1888,2182,Mark,2,1138,1518,1867,2247,Clem,1,1176,1428,1888,2140,Y
DSC_7585.TIF,3,3,2,1,5,Emma,4,1012,1332,1543,1863,Mark,4,986,1374,1513,1901,Clem,4,1020,1298,1560,1838,Y
DSC_7585.TIF,3,3,2,1,6,Emma,4,910,1198,1297,1585,Mark,3,898,1260,1240,1602,Clem,5,920,1180,1299,1559,Y
DSC_7585.TIF,3,3,2,3,1,Emma,4,2014,2300,1341,1627,Mark,5,1980,2326,1302,1648,Clem,5,1972,2268,1327,1623,Y
DSC_7585.TIF,3,3,2,3,2,Emma,3,1867,2179,1584,1896,Mark,3,1846,2208,1534,1896,Clem,3,1863,2141,1626,1904,Y
DSC_7585.TIF,3,3,2,3,3,Emma,1,1867,2203,1956,2292,Mark,1,1854,2224,1922,2292,Clem,2,1896,2150,2018,2272,Y
DSC_7585.TIF,3,3,2,3,4,Emma,0,2465,2785,1980,2300,Mark,0,2444,2806,1964,2326,Clem,0,2486,2738,1998,2250,Y
DSC_7585.TIF,3,3,2,3,5,Emma,3,2382,2684,1594,1896,Mark,2,2342,2764,1538,1960,Clem,3,2384,2662,1602,1880,Y
DSC_7585.TIF,3,3,2,3,6,Emma,3,2293,2571,1332,1610,Mark,2,2310,2620,1308,1618,Clem,3,2300,2520,1353,1573,Y
DSC_7585.TIF,3,3,3,1,2,Emma,4,490,810,3202,3522,Mark,3,490,868,3164,3542,Clem,4,448,792,3186,3530,Y
DSC_7585.TIF,3,3,3,1,3,Emma,3,548,860,3548,3860,Mark,3,482,902,3485,3905,Clem,4,528,856,3506,3834,Y
DSC_7585.TIF,3,3,3,1,4,Emma,4,1146,1450,3488,3792,Mark,4,1112,1466,3429,3783,Clem,4,1113,1451,3480,3818,Y
DSC_7585.TIF,3,3,3,1,5,Emma,4,1147,1459,3058,3370,Mark,3,1130,1500,3038,3408,Clem,4,1168,1438,3076,3346,Y
DSC_7585.TIF,3,3,3,1,6,Emma,4,957,1269,2756,3068,Mark,4,962,1306,2736,3080,Clem,5,1012,1248,2802,3038,Y
DSC_7585.TIF,3,3,3,3,1,Emma,2,1964,2276,2877,3189,Mark,3,1930,2268,2865,3203,Clem,3,1922,2208,2890,3176,Y
DSC_7585.TIF,3,3,3,3,2,Emma,3,1838,2182,3194,3538,Mark,4,1820,2224,3165,3569,Clem,4,1872,2166,3211,3505,Y
DSC_7585.TIF,3,3,3,3,3,Emma,2,1956,2268,3514,3826,Mark,2,1888,2342,3439,3893,Clem,1,1990,2224,3557,3791,Y
DSC_7585.TIF,3,3,3,3,4,Emma,1,2477,2815,3454,3792,Mark,1,2452,2866,3404,3818,Clem,0,2478,2806,3438,3766,Y
DSC_7585.TIF,3,3,3,3,6,Emma,2,2268,2562,2744,3038,Mark,2,2234,2654,2664,3084,Clem,3,2258,2588,2734,3064,Y
DSC_7586.TIF,3,3,1,2,1,JoshW,4,1355,1619,326,590,JoshB,4,1348,1626,321,599,Caroline,4,1353,1619,324,590,Y
DSC_7586.TIF,3,3,1,2,2,JoshW,3,1246,1476,630,860,JoshB,2,1235,1489,632,886,Caroline,4,1222,1496,611,885,Y
DSC_7586.TIF,3,3,1,2,3,JoshW,1,1294,1558,936,1200,JoshB,2,1306,1576,919,1189,Caroline,3,1279,1545,928,1194,Y
DSC_7586.TIF,3,3,1,2,4,JoshW,3,1870,2154,840,1124,JoshB,4,1922,2140,878,1096,Caroline,3,1883,2157,836,1110,Y
DSC_7586.TIF,3,3,1,2,5,JoshW,3,1822,2120,441,739,JoshB,4,1862,2106,490,734,Caroline,4,1819,2093,486,760,Y
DSC_7586.TIF,3,3,1,2,6,JoshW,4,1646,1910,252,516,JoshB,4,1686,1904,262,480,Caroline,4,1640,1906,226,492,Y
DSC_7586.TIF,3,3,2,1,1,JoshW,3,786,1036,1344,1594,JoshB,4,780,1032,1366,1618,Caroline,4,770,1050,1356,1636,Y
DSC_7586.TIF,3,3,2,1,2,JoshW,3,616,880,1598,1862,JoshB,4,641,895,1626,1880,Caroline,4,626,920,1602,1896,Y
DSC_7586.TIF,3,3,2,1,3,JoshW,3,562,800,1916,2154,JoshB,4,566,834,1902,2170,Caroline,3,534,858,1872,2196,Y
DSC_7586.TIF,3,3,2,1,4,JoshW,2,1291,1569,1936,2214,JoshB,2,1320,1572,1956,2208,Caroline,3,1293,1567,1932,2206,Y
DSC_7586.TIF,3,3,2,1,5,JoshW,3,1226,1490,1598,1862,JoshB,4,1248,1508,1590,1850,Caroline,4,1202,1510,1564,1872,Y
DSC_7586.TIF,3,3,2,1,6,JoshW,5,1044,1266,1314,1536,JoshB,5,1068,1286,1316,1534,Caroline,5,1054,1308,1306,1560,Y
DSC_7586.TIF,3,3,2,3,1,JoshW,0,2100,2390,1399,1689,JoshB,1,2116,2384,1387,1655,Caroline,1,2117,2385,1390,1658,Y
DSC_7586.TIF,3,3,2,3,2,JoshW,0,1856,2180,1694,2018,JoshB,1,1896,2158,1702,1964,Caroline,1,1851,2167,1664,1980,Y
DSC_7586.TIF,3,3,2,3,3,JoshW,0,1887,2211,2046,2370,JoshB,0,1904,2174,2047,2317,Caroline,1,1848,2212,1995,2359,Y
DSC_7586.TIF,3,3,2,3,4,JoshW,0,2506,2804,2004,2302,JoshB,1,2528,2790,2039,2301,Caroline,1,2487,2837,1974,2324,Y
DSC_7586.TIF,3,3,2,3,5,JoshW,3,2560,2824,1680,1944,JoshB,5,2570,2832,1652,1914,Caroline,3,2532,2854,1630,1952,Y
DSC_7586.TIF,3,3,2,3,6,JoshW,3,2410,2682,1395,1667,JoshB,5,2444,2646,1429,1631,Caroline,4,2433,2679,1412,1658,Y
DSC_7586.TIF,3,3,3,1,1,JoshW,4,874,1152,2755,3033,JoshB,4,928,1138,2798,3008,Caroline,4,914,1174,2763,3023,Y
DSC_7586.TIF,3,3,3,1,2,JoshW,3,664,982,3006,3324,JoshB,2,684,962,3013,3291,Caroline,4,674,948,2988,3262,Y
DSC_7586.TIF,3,3,3,1,3,JoshW,3,726,1036,3383,3693,JoshB,1,700,996,3395,3691,Caroline,3,730,1012,3384,3666,Y
DSC_7586.TIF,3,3,3,1,4,JoshW,2,1348,1632,3433,3717,JoshB,2,1348,1618,3425,3695,Caroline,3,1328,1636,3413,3721,Y
DSC_7586.TIF,3,3,3,1,5,JoshW,3,1300,1592,3056,3348,JoshB,4,1316,1576,3089,3349,Caroline,4,1306,1566,3100,3360,Y
DSC_7586.TIF,3,3,3,1,6,JoshW,2,1138,1408,2764,3034,JoshB,4,1164,1416,2790,3042,Caroline,4,1159,1441,2752,3034,Y
DSC_7586.TIF,3,3,3,3,1,JoshW,4,2038,2296,2877,3135,JoshB,5,2056,2326,2881,3151,Caroline,4,2036,2318,2875,3157,Y
DSC_7586.TIF,3,3,3,3,2,JoshW,3,1951,2221,3156,3426,JoshB,3,1946,2224,3139,3417,Caroline,4,1932,2254,3121,3443,Y
DSC_7586.TIF,3,3,3,3,3,JoshW,2,1887,2171,3446,3730,JoshB,3,1904,2166,3454,3716,Caroline,3,1914,2188,3434,3708,Y
DSC_7586.TIF,3,3,3,3,4,JoshW,1,2586,2878,3429,3721,JoshB,1,2620,2848,3476,3704,Caroline,2,2612,2900,3468,3756,Y
DSC_7586.TIF,3,3,3,3,5,JoshW,4,2478,2764,3114,3400,JoshB,5,2512,2764,3131,3383,Caroline,4,2476,2806,3082,3412,Y
DSC_7586.TIF,3,3,3,3,6,JoshW,3,2364,2628,2821,3085,JoshB,5,2402,2638,2856,3092,Caroline,5,2384,2636,2844,3096,Y
DSC_7587.TIF,3,3,1,2,1,JoshW,0,1498,1840,93,435,JoshB,1,1534,1846,136,448,Caroline,1,1476,1834,71,429,Y
DSC_7587.TIF,3,3,1,2,2,JoshW,0,1338,1660,456,778,JoshB,0,1390,1668,511,789,Caroline,0,1352,1688,486,822,Y
DSC_7587.TIF,3,3,1,2,3,JoshW,0,1392,1670,864,1142,JoshB,0,1412,1690,844,1122,Caroline,0,1372,1696,864,1188,Y
DSC_7587.TIF,3,3,1,2,4,JoshW,0,1968,2242,805,1079,JoshB,0,2001,2229,860,1088,Caroline,0,1974,2262,829,1117,Y
DSC_7587.TIF,3,3,1,2,5,JoshW,0,1955,2305,414,764,JoshB,0,1990,2268,468,746,Caroline,0,1924,2332,387,795,Y
DSC_7587.TIF,3,3,1,2,6,JoshW,0,1843,2147,58,362,JoshB,0,1934,2170,128,364,Caroline,0,1826,2198,12,384,Y
DSC_7587.TIF,3,3,2,1,1,JoshW,0,675,987,1134,1446,JoshB,0,717,961,1180,1424,Caroline,0,682,976,1149,1443,Y
DSC_7587.TIF,3,3,2,1,2,JoshW,0,504,830,1423,1749,JoshB,0,548,826,1479,1757,Caroline,0,506,850,1440,1784,Y
DSC_7587.TIF,3,3,2,1,3,JoshW,0,416,710,1792,2086,JoshB,0,448,718,1828,2098,Caroline,0,384,770,1770,2156,Y
DSC_7587.TIF,3,3,2,1,4,JoshW,0,1121,1449,1758,2086,JoshB,0,1137,1383,1786,2032,Caroline,0,1107,1479,1742,2114,Y
DSC_7587.TIF,3,3,2,1,5,JoshW,0,1062,1398,1414,1750,JoshB,0,1096,1340,1429,1673,Caroline,0,1082,1384,1419,1721,Y
DSC_7587.TIF,3,3,2,1,6,JoshW,0,968,1280,1120,1432,JoshB,0,1020,1240,1180,1400,Caroline,0,970,1292,1104,1426,Y
DSC_7587.TIF,3,3,2,3,1,JoshW,0,2225,2543,1280,1598,JoshB,0,2283,2495,1348,1560,Caroline,0,2227,2563,1258,1594,Y
DSC_7587.TIF,3,3,2,3,2,JoshW,0,2021,2347,1598,1924,JoshB,0,1998,2326,1614,1942,Caroline,0,1952,2324,1570,1942,Y
DSC_7587.TIF,3,3,2,3,3,JoshW,0,1950,2310,1973,2333,JoshB,0,2006,2292,1998,2284,Caroline,1,1952,2290,1987,2325,Y
DSC_7587.TIF,3,3,2,3,4,JoshW,0,2640,3000,2031,2391,JoshB,0,2693,2937,2074,2318,Caroline,0,2648,3012,2030,2394,Y
DSC_7587.TIF,3,3,2,3,5,JoshW,0,2675,3053,1572,1950,JoshB,0,2755,3001,1668,1914,Caroline,1,2686,3058,1588,1960,Y
DSC_7587.TIF,3,3,2,3,6,JoshW,1,2533,2885,1226,1578,JoshB,1,2599,2845,1306,1552,Caroline,2,2542,2866,1250,1574,Y
DSC_7587.TIF,3,3,3,1,1,JoshW,0,908,1200,2664,2956,JoshB,0,928,1156,2709,2937,Caroline,0,914,1194,2662,2942,Y
DSC_7587.TIF,3,3,3,1,2,JoshW,0,664,990,2901,3227,JoshB,0,684,994,2908,3218,Caroline,0,668,984,2894,3210,Y
DSC_7587.TIF,3,3,3,1,3,JoshW,0,556,936,3290,3670,JoshB,0,590,928,3286,3624,Caroline,0,562,900,3279,3617,Y
DSC_7587.TIF,3,3,3,1,4,JoshW,0,1246,1558,3395,3707,JoshB,0,1297,1517,3404,3624,Caroline,1,1250,1566,3360,3676,Y
DSC_7587.TIF,3,3,3,1,5,JoshW,1,1280,1572,3026,3318,JoshB,1,1316,1568,3026,3278,Caroline,1,1306,1602,3019,3315,Y
DSC_7587.TIF,3,3,3,1,6,JoshW,2,1186,1436,2736,2986,JoshB,2,1183,1429,2738,2984,Caroline,2,1187,1427,2738,2978,Y
DSC_7587.TIF,3,3,3,3,1,JoshW,0,2022,2326,2858,3162,JoshB,0,2082,2292,2908,3118,Caroline,1,2036,2310,2858,3132,Y
DSC_7587.TIF,3,3,3,3,2,JoshW,0,1911,2255,3156,3500,JoshB,0,1946,2208,3202,3464,Caroline,0,1952,2248,3187,3483,Y
DSC_7587.TIF,3,3,3,3,3,JoshW,0,1950,2296,3548,3894,JoshB,0,1938,2268,3514,3844,Caroline,0,1938,2304,3521,3887,Y
DSC_7587.TIF,3,3,3,3,4,JoshW,0,2600,2986,3383,3769,JoshB,0,2701,2945,3464,3708,Caroline,0,2616,2946,3392,3722,Y
DSC_7587.TIF,3,3,3,3,5,JoshW,0,2532,2858,2999,3325,JoshB,0,2588,2840,3034,3286,Caroline,0,2564,2858,3020,3314,Y
DSC_7587.TIF,3,3,3,3,6,JoshW,0,2356,2668,2705,3017,JoshB,0,2418,2662,2735,2979,Caroline,0,2366,2690,2724,3048,Y
DSC_7588.TIF,3,3,1,2,1,Clem,2,1500,1796,207,503,JoshW,1,1490,1780,198,488,JoshB,2,1484,1796,191,503,Y
DSC_7588.TIF,3,3,1,2,2,Clem,0,1324,1594,469,739,JoshW,0,1284,1622,462,800,JoshB,0,1298,1576,494,772,Y
DSC_7588.TIF,3,3,1,2,3,Clem,0,1366,1686,848,1168,JoshW,0,1328,1666,854,1192,JoshB,0,1408,1668,881,1141,Y
DSC_7588.TIF,3,3,1,2,4,Clem,0,1946,2208,944,1206,JoshW,0,1970,2322,870,1222,JoshB,0,1990,2208,958,1176,Y
DSC_7588.TIF,3,3,1,2,5,Clem,0,1985,2305,506,826,JoshW,0,1992,2404,465,877,JoshB,0,2044,2330,532,818,Y
DSC_7588.TIF,3,3,1,2,6,Clem,0,1786,2098,166,478,JoshW,0,1818,2130,156,468,JoshB,0,1896,2074,257,435,Y
DSC_7588.TIF,3,3,2,1,1,Clem,0,818,1054,1286,1522,JoshW,0,806,1098,1229,1521,JoshB,0,822,1058,1282,1518,Y
DSC_7588.TIF,3,3,2,1,2,Clem,0,557,843,1610,1896,JoshW,0,550,874,1582,1906,JoshB,0,582,852,1626,1896,Y
DSC_7588.TIF,3,3,2,1,3,Clem,0,498,802,1904,2208,JoshW,0,525,809,1904,2188,JoshB,0,532,792,1956,2216,Y
DSC_7588.TIF,3,3,2,1,4,Clem,0,1172,1458,2082,2368,JoshW,0,1152,1484,2082,2414,JoshB,0,1180,1434,2111,2365,Y
DSC_7588.TIF,3,3,2,1,5,Clem,0,1138,1526,1581,1969,JoshW,0,1144,1504,1622,1982,JoshB,0,1172,1458,1652,1938,Y
DSC_7588.TIF,3,3,2,1,6,Clem,0,1054,1358,1264,1568,JoshW,0,1090,1450,1222,1582,JoshB,0,1117,1353,1290,1526,Y
DSC_7588.TIF,3,3,2,3,1,Clem,0,2031,2335,1458,1762,JoshW,0,2024,2336,1453,1765,JoshB,0,2040,2342,1442,1744,Y
DSC_7588.TIF,3,3,2,3,2,Clem,0,1846,2174,1741,2069,JoshW,0,1862,2208,1754,2100,JoshB,0,1820,2132,1724,2036,Y
DSC_7588.TIF,3,3,2,3,3,Clem,0,1862,2224,2099,2461,JoshW,0,1821,2235,2106,2520,JoshB,0,1917,2195,2158,2436,Y
DSC_7588.TIF,3,3,2,3,4,Clem,0,2705,2975,2140,2410,JoshW,0,2662,3006,2107,2451,JoshB,0,2642,3004,2082,2444,Y
DSC_7588.TIF,3,3,2,3,5,Clem,0,2545,2957,1728,2140,JoshW,0,2546,2892,1744,2090,JoshB,0,2570,2882,1736,2048,Y
DSC_7588.TIF,3,3,2,3,6,Clem,2,2384,2722,1353,1691,JoshW,1,2376,2696,1381,1701,JoshB,1,2384,2696,1395,1707,Y
DSC_7588.TIF,3,3,3,1,1,Clem,0,674,978,2873,3177,JoshW,0,732,990,2843,3101,JoshB,0,768,1012,2895,3139,Y
DSC_7588.TIF,3,3,3,1,2,Clem,0,523,827,3168,3472,JoshW,0,522,800,3148,3426,JoshB,0,548,750,3240,3442,Y
DSC_7588.TIF,3,3,3,1,3,Clem,0,556,834,3518,3796,JoshW,0,553,823,3542,3812,JoshB,0,548,818,3530,3800,Y
DSC_7588.TIF,3,3,3,1,4,Clem,2,1180,1458,3464,3742,JoshW,1,1189,1453,3460,3724,JoshB,1,1138,1458,3454,3774,Y
DSC_7588.TIF,3,3,3,1,5,Clem,2,1122,1390,3102,3370,JoshW,1,1124,1388,3102,3366,JoshB,2,1127,1387,3118,3378,Y
DSC_7588.TIF,3,3,3,1,6,Clem,2,1054,1290,2852,3088,JoshW,1,1036,1280,2803,3047,JoshB,1,1045,1265,2848,3068,Y
DSC_7588.TIF,3,3,3,3,1,Clem,3,2234,2502,2921,3189,JoshW,1,2222,2486,2905,3169,JoshB,1,2241,2519,2924,3202,Y
DSC_7588.TIF,3,3,3,3,2,Clem,0,1998,2334,3194,3530,JoshW,0,2012,2344,3189,3521,JoshB,0,2032,2318,3202,3488,Y
DSC_7588.TIF,3,3,3,3,3,Clem,0,1922,2284,3535,3897,JoshW,0,1930,2282,3582,3934,JoshB,0,1976,2288,3606,3918,Y
DSC_7588.TIF,3,3,3,3,4,Clem,0,2680,3026,3594,3940,JoshW,0,2696,3040,3579,3923,JoshB,0,2693,2929,3666,3902,Y
DSC_7588.TIF,3,3,3,3,5,Clem,0,2662,2950,3311,3599,JoshW,0,2637,2975,3278,3616,JoshB,0,2672,2940,3325,3593,Y
DSC_7588.TIF,3,3,3,3,6,Clem,0,2494,2824,2924,3254,JoshW,0,2498,2816,2956,3274,JoshB,0,2511,2797,2984,3270,Y
DSC_7708.TIF,3,3,1,2,1,JoshW,0,1345,1643,664,962,JoshB,1,1396,1614,726,944,Caroline,0,1398,1622,714,938,Y
DSC_7708.TIF,3,3,1,2,2,JoshW,0,1185,1525,948,1288,JoshB,0,1274,1518,1050,1294,Caroline,0,1216,1580,970,1334,Y
DSC_7708.TIF,3,3,1,2,3,JoshW,0,1287,1633,1300,1646,JoshB,0,1290,1552,1353,1615,Caroline,[],[],[],[],[],K
DSC_7708.TIF,3,3,1,2,4,JoshW,0,1856,2154,1226,1524,JoshB,0,1888,2124,1244,1480,Caroline,0,1868,2184,1219,1535,Y
DSC_7708.TIF,3,3,1,2,5,JoshW,0,1788,2112,885,1209,JoshB,1,1796,2090,899,1193,Caroline,1,1798,2108,906,1216,Y
DSC_7708.TIF,3,3,1,2,6,JoshW,0,1646,1910,647,911,JoshB,1,1651,1863,674,886,Caroline,1,1650,1932,628,910,Y
DSC_7708.TIF,3,3,2,1,1,JoshW,0,607,937,1728,2058,JoshB,0,666,910,1829,2073,Caroline,1,646,948,1780,2082,Y
DSC_7708.TIF,3,3,2,1,2,JoshW,0,465,837,2086,2458,JoshB,0,527,763,2166,2402,Caroline,1,500,802,2107,2409,Y
DSC_7708.TIF,3,3,2,1,3,JoshW,0,580,918,2458,2796,JoshB,0,556,852,2464,2760,Caroline,1,520,886,2436,2802,Y
DSC_7708.TIF,3,3,2,1,4,JoshW,0,1064,1450,2434,2820,JoshB,0,1146,1450,2427,2731,Caroline,0,1124,1434,2429,2739,Y
DSC_7708.TIF,3,3,2,1,5,JoshW,0,1179,1511,2106,2438,JoshB,0,1188,1434,2132,2378,Caroline,0,1118,1490,2044,2416,Y
DSC_7708.TIF,3,3,2,1,6,JoshW,0,956,1300,1751,2095,JoshB,0,970,1256,1800,2086,Caroline,0,970,1314,1756,2100,Y
DSC_7708.TIF,3,3,2,3,1,JoshW,0,1981,2313,1808,2140,JoshB,1,1972,2268,1850,2146,Caroline,1,1980,2290,1826,2136,Y
DSC_7708.TIF,3,3,2,3,2,JoshW,0,1812,2156,2168,2512,JoshB,1,1828,2158,2187,2517,Caroline,0,1798,2136,2145,2483,Y
DSC_7708.TIF,3,3,2,3,3,JoshW,0,1893,2285,2512,2904,JoshB,0,1972,2276,2582,2886,Caroline,0,1882,2282,2521,2921,Y
DSC_7708.TIF,3,3,2,3,4,JoshW,0,2628,2952,2408,2732,JoshB,0,2672,2950,2457,2735,Caroline,0,2640,2984,2391,2735,Y
DSC_7708.TIF,3,3,2,3,5,JoshW,0,2560,2892,2032,2364,JoshB,0,2554,2806,2074,2326,Caroline,0,2535,2865,2022,2352,Y
DSC_7708.TIF,3,3,2,3,6,JoshW,0,2296,2628,1714,2046,JoshB,0,2334,2570,1795,2031,Caroline,0,2324,2592,1756,2024,Y
DSC_7708.TIF,3,3,3,1,1,JoshW,0,819,1071,3290,3542,JoshB,0,886,1112,3329,3555,Caroline,0,872,1132,3279,3539,Y
DSC_7708.TIF,3,3,3,1,2,JoshW,0,684,982,3626,3924,JoshB,0,726,978,3627,3879,Caroline,0,688,956,3620,3888,Y
DSC_7708.TIF,3,3,3,1,3,JoshW,0,726,1064,3890,4228,JoshB,0,776,1028,3931,4183,Caroline,0,732,1040,3897,4205,Y
DSC_7708.TIF,3,3,3,1,4,JoshW,2,1354,1606,3814,4066,JoshB,2,1348,1576,3808,4036,Caroline,3,1320,1602,3781,4063,Y
DSC_7708.TIF,3,3,3,1,5,JoshW,3,1335,1591,3542,3798,JoshB,2,1358,1576,3578,3796,Caroline,4,1328,1602,3525,3799,Y
DSC_7708.TIF,3,3,3,1,6,JoshW,2,1172,1436,3304,3568,JoshB,2,1213,1433,3328,3548,Caroline,4,1198,1430,3322,3554,Y
DSC_7708.TIF,3,3,3,3,1,JoshW,0,2079,2397,3148,3466,JoshB,0,2106,2410,3143,3447,Caroline,0,2117,2433,3146,3462,Y
DSC_7708.TIF,3,3,3,3,2,JoshW,0,1892,2238,3534,3880,JoshB,0,1930,2242,3552,3864,Caroline,0,1896,2240,3518,3862,Y
DSC_7708.TIF,3,3,3,3,3,JoshW,0,1890,2234,3924,4268,JoshB,0,1904,2216,3939,4251,Caroline,0,1883,2227,3926,4270,Y
DSC_7708.TIF,3,3,3,3,4,JoshW,0,2552,2960,3926,4334,JoshB,0,2613,2915,3944,4246,Caroline,0,2578,3020,3922,4364,Y
DSC_7708.TIF,3,3,3,3,5,JoshW,0,2614,2940,3534,3860,JoshB,0,2582,2978,3514,3910,Caroline,0,2578,2970,3512,3904,Y
DSC_7708.TIF,3,3,3,3,6,JoshW,0,2458,2750,3135,3427,JoshB,0,2418,2756,3113,3451,Caroline,0,2412,2720,3118,3426,Y
DSC_7709.TIF,3,3,1,2,1,Raf,0,1440,1712,725,997,Indira,0,1442,1728,725,1011,Yuxuan,0,1444,1696,738,990,Y
DSC_7709.TIF,3,3,1,2,2,Raf,0,1264,1546,1000,1282,Indira,0,1243,1527,1024,1308,Yuxuan,0,1276,1528,1007,1259,Y
DSC_7709.TIF,3,3,1,2,3,Raf,0,1256,1554,1344,1642,Indira,0,1260,1598,1331,1669,Yuxuan,0,1276,1602,1291,1617,Y
DSC_7709.TIF,3,3,1,2,4,Raf,0,1844,2212,1335,1703,Indira,0,1904,2228,1311,1635,Yuxuan,0,1864,2160,1327,1623,Y
DSC_7709.TIF,3,3,1,2,5,Raf,2,1906,2194,976,1264,Indira,2,1896,2208,976,1288,Yuxuan,2,1945,2175,1002,1232,Y
DSC_7709.TIF,3,3,1,2,6,Raf,2,1712,2020,698,1006,Indira,2,1757,2035,732,1010,Yuxuan,3,1718,2002,707,991,Y
DSC_7709.TIF,3,3,2,1,1,Raf,0,730,1002,1773,2045,Indira,0,752,1056,1785,2089,Yuxuan,0,738,980,1780,2022,Y
DSC_7709.TIF,3,3,2,1,2,Raf,0,580,922,2072,2414,Indira,0,604,888,2072,2356,Yuxuan,0,616,848,2096,2328,Y
DSC_7709.TIF,3,3,2,1,3,Raf,0,676,992,2423,2739,Indira,0,726,1002,2472,2748,Yuxuan,0,706,928,2486,2708,Y
DSC_7709.TIF,3,3,2,1,4,Raf,0,1238,1562,2358,2682,Indira,0,1280,1618,2381,2719,Yuxuan,0,1296,1538,2370,2612,Y
DSC_7709.TIF,3,3,2,1,5,Raf,0,1204,1520,2076,2392,Indira,0,1232,1524,2066,2358,Yuxuan,0,1202,1496,2065,2359,Y
DSC_7709.TIF,3,3,2,1,6,Raf,0,992,1370,1677,2055,Indira,0,1047,1351,1754,2058,Yuxuan,0,1086,1318,1812,2044,Y
DSC_7709.TIF,3,3,2,3,1,Raf,0,2028,2318,1822,2112,Indira,0,2079,2337,1848,2106,Yuxuan,0,2044,2286,1833,2075,Y
DSC_7709.TIF,3,3,2,3,2,Raf,0,1810,2142,2090,2422,Indira,0,1852,2190,2052,2390,Yuxuan,0,1854,2148,2118,2412,Y
DSC_7709.TIF,3,3,2,3,3,Raf,0,1831,2163,2494,2826,Indira,0,1799,2109,2486,2796,Yuxuan,0,1854,2138,2508,2792,Y
DSC_7709.TIF,3,3,2,3,4,Raf,0,2463,2823,2458,2818,Indira,0,2512,2824,2410,2722,Yuxuan,0,2560,2834,2412,2686,Y
DSC_7709.TIF,3,3,2,3,5,Raf,0,2536,2818,2031,2313,Indira,0,2546,2838,2021,2313,Yuxuan,0,2564,2818,2022,2276,Y
DSC_7709.TIF,3,3,2,3,6,Raf,1,2322,2620,1756,2054,Indira,1,2357,2641,1774,2058,Yuxuan,0,2360,2622,1792,2054,Y
DSC_7709.TIF,3,3,3,1,1,Raf,1,720,1002,3186,3468,Indira,1,731,1071,3168,3508,Yuxuan,1,748,1022,3218,3492,Y
DSC_7709.TIF,3,3,3,1,2,Raf,0,559,847,3538,3826,Indira,1,569,921,3528,3880,Yuxuan,0,590,864,3529,3803,Y
DSC_7709.TIF,3,3,3,1,3,Raf,0,668,1002,3927,4261,Indira,1,671,1003,3934,4266,Yuxuan,0,664,980,3939,4255,Y
DSC_7709.TIF,3,3,3,1,4,Raf,0,1383,1699,3774,4090,Indira,0,1425,1683,3818,4076,Yuxuan,0,1385,1659,3792,4066,Y
DSC_7709.TIF,3,3,3,1,5,Raf,0,1308,1590,3418,3700,Indira,0,1274,1640,3385,3751,Yuxuan,0,1285,1581,3412,3708,Y
DSC_7709.TIF,3,3,3,1,6,Raf,0,1002,1290,3100,3388,Indira,0,1016,1328,3111,3423,Yuxuan,0,1032,1286,3112,3366,Y
DSC_7709.TIF,3,3,3,3,1,Raf,2,2178,2466,3196,3484,Indira,2,2188,2478,3180,3470,Yuxuan,2,2422,2422,3454,3454,Y
DSC_7709.TIF,3,3,3,3,2,Raf,2,1888,2238,3520,3870,Indira,2,1885,2259,3520,3894,Yuxuan,3,1918,2222,3540,3844,Y
DSC_7709.TIF,3,3,3,3,3,Raf,1,1906,2256,3946,4296,Indira,2,1930,2296,3974,4340,Yuxuan,2,1960,2234,4007,4281,Y
DSC_7709.TIF,3,3,3,3,4,Raf,0,2572,2888,3840,4156,Indira,0,2580,2904,3836,4160,Yuxuan,0,2518,2886,3818,4186,Y
DSC_7709.TIF,3,3,3,3,5,Raf,0,2572,2896,3437,3761,Indira,0,2580,2864,3470,3754,Yuxuan,0,2570,2854,3476,3760,Y
DSC_7709.TIF,3,3,3,3,6,Raf,0,2422,2712,3159,3449,Indira,0,2452,2702,3189,3439,Yuxuan,0,2470,2702,3244,3476,Y
DSC_7710.TIF,3,3,1,2,1,Mark,6,1434,1686,608,860,Clem,6,1390,1636,606,852,JoshW,5,1430,1652,611,833,Y
DSC_7710.TIF,3,3,1,2,2,Mark,4,1340,1636,910,1206,Clem,5,1382,1602,936,1156,JoshW,3,1355,1619,914,1178,Y
DSC_7710.TIF,3,3,1,2,3,Mark,4,1264,1610,1130,1476,Clem,5,1306,1492,1213,1399,JoshW,3,1314,1552,1165,1403,Y
DSC_7710.TIF,3,3,1,2,5,Mark,4,1820,2106,899,1185,Clem,5,1807,2035,936,1164,JoshW,3,1822,2046,898,1122,Y
DSC_7710.TIF,3,3,1,2,6,Mark,5,1636,1956,667,987,Clem,5,1626,1904,666,944,JoshW,4,1652,1910,708,966,Y
DSC_7710.TIF,3,3,2,1,1,Mark,6,844,1138,1741,2035,Clem,6,886,1088,1820,2022,JoshW,6,840,1078,1767,2005,Y
DSC_7710.TIF,3,3,2,1,2,Mark,4,704,1032,1972,2300,Clem,5,717,987,2040,2310,JoshW,3,718,976,2028,2286,Y
DSC_7710.TIF,3,3,2,1,3,Mark,5,700,1062,2292,2654,Clem,6,725,937,2376,2588,JoshW,4,752,996,2336,2580,Y
DSC_7710.TIF,3,3,2,1,4,Mark,3,1214,1594,2300,2680,Clem,4,1264,1476,2367,2579,JoshW,1,1286,1450,2410,2574,Y
DSC_7710.TIF,3,3,2,1,5,Mark,4,1214,1534,2069,2389,Clem,5,1274,1492,2103,2321,JoshW,3,1247,1525,2072,2350,Y
DSC_7710.TIF,3,3,2,1,6,Mark,5,1118,1480,1804,2166,Clem,6,1152,1404,1872,2124,JoshW,4,1152,1396,1872,2116,Y
DSC_7710.TIF,3,3,2,3,1,Mark,6,2123,2487,1786,2150,Clem,6,2174,2470,1841,2137,JoshW,5,2180,2492,1852,2164,Y
DSC_7710.TIF,3,3,2,3,2,Mark,6,1990,2326,2074,2410,Clem,6,2010,2280,2140,2410,JoshW,5,2018,2316,2106,2404,Y
DSC_7710.TIF,3,3,2,3,3,Mark,6,1998,2368,2381,2751,Clem,6,2032,2318,2410,2696,JoshW,5,2038,2322,2398,2682,Y
DSC_7710.TIF,3,3,2,3,5,Mark,6,2587,2933,2106,2452,Clem,6,2591,2879,2106,2394,JoshW,5,2590,2888,2106,2404,Y
DSC_7710.TIF,3,3,2,3,6,Mark,6,2478,2780,1817,2119,Clem,6,2470,2680,1876,2086,JoshW,5,2492,2728,1880,2116,Y
DSC_7710.TIF,3,3,3,1,1,Mark,6,868,1248,3345,3725,Clem,6,952,1180,3429,3657,JoshW,6,982,1192,3436,3646,Y
DSC_7710.TIF,3,3,3,1,2,Mark,6,760,1112,3603,3955,Clem,6,826,1070,3678,3922,JoshW,6,806,1078,3642,3914,Y
DSC_7710.TIF,3,3,3,1,3,Mark,6,784,1180,3867,4263,Clem,6,878,1130,3948,4200,JoshW,5,881,1139,3954,4212,Y
DSC_7710.TIF,3,3,3,1,4,Mark,5,1408,1812,3851,4255,Clem,6,1492,1728,3952,4188,JoshW,5,1484,1754,3903,4173,Y
DSC_7710.TIF,3,3,3,1,5,Mark,6,1400,1736,3578,3914,Clem,6,1450,1678,3636,3864,JoshW,5,1453,1717,3616,3880,Y
DSC_7710.TIF,3,3,3,1,6,Mark,6,1222,1568,3307,3653,Clem,6,1256,1492,3341,3577,JoshW,6,1246,1490,3345,3589,Y
DSC_7710.TIF,3,3,3,3,1,Mark,6,2250,2630,3189,3569,Clem,5,2258,2604,3219,3565,JoshW,5,2302,2608,3229,3535,Y
DSC_7710.TIF,3,3,3,3,2,Mark,5,2102,2466,3454,3818,Clem,5,2124,2384,3523,3783,JoshW,5,2120,2398,3531,3809,Y
DSC_7710.TIF,3,3,3,3,3,Mark,4,2022,2376,3834,4188,Clem,4,2086,2322,3902,4138,JoshW,4,2038,2336,3860,4158,Y
DSC_7710.TIF,3,3,3,3,4,Mark,2,2680,3026,3901,4247,Clem,4,2688,2966,3930,4208,JoshW,2,2728,2952,3960,4184,Y
DSC_7710.TIF,3,3,3,3,5,Mark,5,2655,2991,3598,3934,Clem,5,2651,2937,3624,3910,JoshW,4,2708,2932,3663,3887,Y
DSC_7710.TIF,3,3,3,3,6,Mark,6,2596,2908,3354,3666,Clem,6,2604,2848,3370,3614,JoshW,5,2617,2841,3426,3650,Y
DSC_7711.TIF,3,3,1,2,1,JoshW,5,1382,1640,1097,1355,JoshB,6,1400,1644,1118,1362,Caroline,5,1404,1636,1103,1335,Y
DSC_7711.TIF,3,3,1,2,2,JoshW,5,1267,1511,1396,1640,JoshB,6,1316,1500,1396,1580,Caroline,5,1300,1524,1373,1597,Y
DSC_7711.TIF,3,3,1,2,3,JoshW,6,1331,1567,1612,1848,JoshB,6,1319,1581,1626,1888,Caroline,5,1334,1588,1594,1848,Y
DSC_7711.TIF,3,3,1,2,4,JoshW,6,1862,2174,1608,1920,JoshB,6,1905,2149,1618,1862,Caroline,4,1858,2166,1588,1896,Y
DSC_7711.TIF,3,3,1,2,5,JoshW,4,1890,2112,1308,1530,JoshB,6,1904,2124,1307,1527,Caroline,4,1872,2132,1278,1538,Y
DSC_7711.TIF,3,3,1,2,6,JoshW,5,1632,1916,1017,1301,JoshB,6,1644,1888,1055,1299,Caroline,4,1636,1932,1039,1335,Y
DSC_7711.TIF,3,3,2,1,1,JoshW,5,718,990,1970,2242,JoshB,6,776,1012,1980,2216,Caroline,6,746,1012,1967,2233,Y
DSC_7711.TIF,3,3,2,1,2,JoshW,6,600,850,2248,2498,JoshB,6,607,835,2250,2478,Caroline,6,573,869,2212,2508,Y
DSC_7711.TIF,3,3,2,1,3,JoshW,6,539,809,2506,2776,JoshB,6,574,810,2533,2769,Caroline,6,525,819,2508,2802,Y
DSC_7711.TIF,3,3,2,1,4,JoshW,4,1104,1368,2563,2827,JoshB,4,1114,1400,2512,2798,Caroline,4,1135,1387,2542,2794,Y
DSC_7711.TIF,3,3,2,1,5,JoshW,6,1070,1348,2184,2462,JoshB,6,1079,1323,2208,2452,Caroline,6,1086,1330,2206,2450,Y
DSC_7711.TIF,3,3,2,1,6,JoshW,6,968,1220,1950,2202,JoshB,6,986,1222,1973,2209,Caroline,6,984,1222,1974,2212,Y
DSC_7711.TIF,3,3,2,3,1,JoshW,6,2140,2404,2021,2285,JoshB,6,2166,2376,2035,2245,Caroline,4,2156,2388,2026,2258,Y
DSC_7711.TIF,3,3,2,3,2,JoshW,6,2073,2343,2330,2600,JoshB,6,2082,2376,2306,2600,Caroline,5,2064,2360,2296,2592,Y
DSC_7711.TIF,3,3,2,3,3,JoshW,5,2102,2400,2600,2898,JoshB,6,2116,2368,2604,2856,Caroline,5,2115,2367,2592,2844,Y
DSC_7711.TIF,3,3,2,3,4,JoshW,5,2686,2976,2418,2708,JoshB,6,2705,2915,2452,2662,Caroline,5,2689,2971,2436,2718,Y
DSC_7711.TIF,3,3,2,3,5,JoshW,6,2633,2871,2180,2418,JoshB,6,2638,2856,2192,2410,Caroline,5,2596,2876,2156,2436,Y
DSC_7711.TIF,3,3,2,3,6,JoshW,6,2398,2682,1941,2225,JoshB,6,2409,2663,1946,2200,Caroline,5,2415,2689,1946,2220,Y
DSC_7711.TIF,3,3,3,1,1,JoshW,6,1016,1280,3396,3660,JoshB,6,996,1264,3375,3643,Caroline,6,1012,1286,3398,3672,Y
DSC_7711.TIF,3,3,3,1,2,JoshW,6,847,1165,3664,3982,JoshB,6,899,1159,3700,3960,Caroline,6,844,1166,3652,3974,Y
DSC_7711.TIF,3,3,3,1,3,JoshW,5,880,1172,3988,4280,JoshB,6,902,1172,4006,4276,Caroline,6,893,1187,3982,4276,Y
DSC_7711.TIF,3,3,3,1,4,JoshW,3,1504,1788,3988,4272,JoshB,6,1517,1787,3986,4256,Caroline,5,1517,1769,3996,4248,Y
DSC_7711.TIF,3,3,3,1,5,JoshW,5,1456,1728,3660,3932,JoshB,6,1450,1770,3632,3952,Caroline,5,1426,1756,3624,3954,Y
DSC_7711.TIF,3,3,3,1,6,JoshW,6,1288,1598,3383,3693,JoshB,6,1298,1568,3396,3666,Caroline,6,1264,1566,3364,3666,Y
DSC_7711.TIF,3,3,3,3,1,JoshW,6,2086,2316,3352,3582,JoshB,6,2056,2326,3345,3615,Caroline,6,2079,2317,3350,3588,Y
DSC_7711.TIF,3,3,3,3,2,JoshW,6,1947,2231,3582,3866,JoshB,6,1938,2216,3569,3847,Caroline,6,1942,2202,3588,3848,Y
DSC_7711.TIF,3,3,3,3,3,JoshW,6,1975,2245,3914,4184,JoshB,6,1964,2208,3918,4162,Caroline,5,1925,2247,3898,4220,Y
DSC_7711.TIF,3,3,3,3,4,JoshW,4,2580,2864,3893,4177,JoshB,6,2583,2861,3910,4188,Caroline,4,2556,2866,3889,4199,Y
DSC_7711.TIF,3,3,3,3,5,JoshW,6,2520,2810,3528,3818,JoshB,6,2528,2874,3514,3860,Caroline,5,2518,2876,3496,3854,Y
DSC_7711.TIF,3,3,3,3,6,JoshW,6,2376,2608,3284,3516,JoshB,6,2360,2620,3266,3526,Caroline,5,2346,2612,3258,3524,Y
DSC_7712.TIF,3,3,1,2,1,Emma,0,1547,1875,684,1012,Mark,0,1526,1888,662,1024,Clem,0,1542,1862,704,1024,Y
DSC_7712.TIF,3,3,1,2,2,Emma,0,1374,1736,932,1294,Mark,0,1358,1778,928,1348,Clem,0,1416,1762,953,1299,Y
DSC_7712.TIF,3,3,1,2,3,Emma,0,1374,1804,1264,1694,Mark,0,1358,1838,1223,1703,Clem,0,1455,1807,1316,1668,Y
DSC_7712.TIF,3,3,1,2,4,Emma,0,2064,2394,1281,1611,Mark,0,1980,2460,1215,1695,Clem,0,2116,2368,1336,1588,Y
DSC_7712.TIF,3,3,1,2,5,Emma,0,2055,2377,952,1274,Mark,0,1980,2418,885,1323,Clem,0,2022,2334,940,1252,Y
DSC_7712.TIF,3,3,1,2,6,Emma,3,1854,2150,645,941,Mark,2,1842,2212,608,978,Clem,3,1804,2140,634,970,Y
DSC_7712.TIF,3,3,2,1,1,Emma,2,760,1020,1712,1972,Mark,3,708,1054,1669,2015,Clem,3,734,986,1741,1993,Y
DSC_7712.TIF,3,3,2,1,2,Emma,3,612,882,2006,2276,Mark,3,548,920,1938,2310,Clem,3,582,818,2039,2275,Y
DSC_7712.TIF,3,3,2,1,3,Emma,1,747,1083,2268,2604,Mark,1,692,1146,2217,2671,Clem,1,734,1062,2259,2587,Y
DSC_7712.TIF,3,3,2,1,4,Emma,0,1344,1674,2258,2588,Mark,0,1316,1762,2200,2646,Clem,0,1354,1614,2268,2528,Y
DSC_7712.TIF,3,3,2,1,5,Emma,0,1273,1593,1922,2242,Mark,0,1274,1694,1855,2275,Clem,0,1316,1568,1930,2182,Y
DSC_7712.TIF,3,3,2,1,6,Emma,0,1083,1379,1660,1956,Mark,0,1080,1400,1631,1951,Clem,0,1038,1340,1648,1950,Y
DSC_7712.TIF,3,3,2,3,1,Emma,3,2073,2377,1980,2284,Mark,3,2022,2384,1938,2300,Clem,3,2040,2342,1994,2296,Y
DSC_7712.TIF,3,3,2,3,2,Emma,1,1922,2208,2284,2570,Mark,1,1880,2258,2213,2591,Clem,1,1914,2250,2259,2595,Y
DSC_7712.TIF,3,3,2,3,3,Emma,2,1926,2246,2638,2958,Mark,1,1880,2276,2587,2983,Clem,1,1938,2216,2680,2958,Y
DSC_7712.TIF,3,3,2,3,4,Emma,0,2523,2869,2612,2958,Mark,0,2528,2890,2612,2974,Clem,0,2554,2866,2604,2916,Y
DSC_7712.TIF,3,3,2,3,5,Emma,0,2486,2840,2296,2650,Mark,0,2494,2882,2275,2663,Clem,0,2520,2814,2322,2616,Y
DSC_7712.TIF,3,3,2,3,6,Emma,0,2380,2666,2048,2334,Mark,[],[],[],[],[],Clem,0,2384,2714,2009,2339,K
DSC_7712.TIF,3,3,3,1,1,Emma,1,1004,1264,3236,3496,Mark,0,932,1302,3152,3522,Clem,0,970,1290,3186,3506,Y
DSC_7712.TIF,3,3,3,1,2,Emma,1,860,1172,3472,3784,Mark,0,810,1198,3434,3822,Clem,0,886,1164,3484,3762,Y
DSC_7712.TIF,3,3,3,1,3,Emma,1,826,1206,3796,4176,Mark,0,810,1206,3758,4154,Clem,0,834,1198,3791,4155,Y
DSC_7712.TIF,3,3,3,1,4,Emma,2,1484,1770,3834,4120,Mark,2,1458,1854,3779,4175,Clem,3,1467,1745,3842,4120,Y
DSC_7712.TIF,3,3,3,1,5,Emma,2,1424,1728,3484,3788,Mark,3,1390,1804,3420,3834,Clem,4,1408,1694,3505,3791,Y
DSC_7712.TIF,3,3,3,1,6,Emma,3,1256,1550,3202,3496,Mark,3,1274,1626,3169,3521,Clem,4,1274,1594,3202,3522,Y
DSC_7712.TIF,3,3,3,3,1,Emma,2,2098,2384,3404,3690,Mark,2,2082,2418,3384,3720,Clem,3,2098,2394,3433,3729,Y
DSC_7712.TIF,3,3,3,3,2,Emma,2,1980,2276,3661,3957,Mark,2,1922,2300,3603,3981,Clem,3,1980,2268,3656,3944,Y
DSC_7712.TIF,3,3,3,3,3,Emma,1,2040,2360,3973,4293,Mark,1,2022,2394,3947,4319,Clem,3,2074,2326,3998,4250,Y
DSC_7712.TIF,3,3,3,3,4,Emma,3,2688,2984,3867,4163,Mark,2,2680,3026,3842,4188,Clem,4,2721,2949,3892,4120,Y
DSC_7712.TIF,3,3,3,3,5,Emma,5,2576,2844,3624,3892,Mark,5,2536,2950,3556,3970,Clem,5,2578,2840,3615,3877,Y
DSC_7712.TIF,3,3,3,3,6,Emma,5,2436,2714,3374,3652,Mark,4,2402,2764,3329,3691,Clem,6,2452,2722,3375,3645,Y
DSC_7713.TIF,3,3,1,2,1,Raf,0,1362,1678,708,1024,Indira,0,1442,1686,746,990,Yuxuan,0,1450,1702,738,990,Y
DSC_7713.TIF,3,3,1,2,2,Raf,0,1352,1624,1054,1326,Indira,0,1342,1646,1023,1327,Yuxuan,0,1412,1676,1012,1276,Y
DSC_7713.TIF,3,3,1,2,3,Raf,0,1396,1668,1352,1624,Indira,0,1382,1666,1325,1609,Yuxuan,0,1433,1687,1306,1560,Y
DSC_7713.TIF,3,3,1,2,4,Raf,0,1888,2186,1217,1515,Indira,0,1930,2188,1219,1477,Yuxuan,0,1906,2150,1216,1460,Y
DSC_7713.TIF,3,3,1,2,5,Raf,1,1844,2116,918,1190,Indira,2,1828,2140,914,1226,Yuxuan,2,1875,2097,948,1170,Y
DSC_7713.TIF,3,3,1,2,6,Raf,2,1712,1976,667,931,Indira,3,1686,1964,674,952,Yuxuan,3,1685,1939,674,928,Y
DSC_7713.TIF,3,3,2,1,1,Raf,0,826,1132,1700,2006,Indira,0,840,1090,1778,2028,Yuxuan,0,854,1086,1728,1960,Y
DSC_7713.TIF,3,3,2,1,2,Raf,0,712,1080,2050,2418,Indira,0,752,1064,2099,2411,Yuxuan,0,732,1038,2106,2412,Y
DSC_7713.TIF,3,3,2,1,3,Raf,0,756,1036,2410,2690,Indira,0,732,1024,2400,2692,Yuxuan,0,760,1054,2428,2722,Y
DSC_7713.TIF,3,3,2,1,4,Raf,0,1334,1660,2330,2656,Indira,1,1379,1643,2350,2614,Yuxuan,0,1338,1580,2323,2565,Y
DSC_7713.TIF,3,3,2,1,5,Raf,4,1308,1580,2028,2300,Indira,3,1274,1584,1995,2305,Yuxuan,4,1570,1580,2308,2318,Y
DSC_7713.TIF,3,3,2,1,6,Raf,4,1142,1440,1673,1971,Indira,3,1158,1470,1655,1967,Yuxuan,4,1170,1422,1671,1923,Y
DSC_7713.TIF,3,3,2,3,1,Raf,0,2010,2352,1805,2147,Indira,0,2086,2370,1845,2129,Yuxuan,0,2064,2350,1843,2129,Y
DSC_7713.TIF,3,3,2,3,2,Raf,0,1914,2274,2142,2502,Indira,0,1916,2222,2156,2462,Yuxuan,0,1908,2202,2150,2444,Y
DSC_7713.TIF,3,3,2,3,3,Raf,0,1878,2212,2502,2836,Indira,0,1940,2224,2526,2810,Yuxuan,0,1934,2238,2508,2812,Y
DSC_7713.TIF,3,3,2,3,4,Raf,0,2510,2818,2431,2739,Indira,0,2552,2844,2407,2699,Yuxuan,0,2537,2781,2464,2708,Y
DSC_7713.TIF,3,3,2,3,5,Raf,1,2568,2866,2046,2344,Indira,1,2573,2877,2046,2350,Yuxuan,1,2591,2823,2076,2308,Y
DSC_7713.TIF,3,3,2,3,6,Raf,2,2422,2678,1803,2059,Indira,2,2384,2708,1769,2093,Yuxuan,2,2412,2654,1807,2049,Y
DSC_7713.TIF,3,3,3,1,1,Raf,0,826,1150,3187,3511,Indira,0,848,1132,3183,3467,Yuxuan,0,865,1223,3224,3582,Y
DSC_7713.TIF,3,3,3,1,2,Raf,0,694,1046,3475,3827,Indira,0,732,1044,3514,3826,Yuxuan,0,706,1012,3517,3823,Y
DSC_7713.TIF,3,3,3,1,3,Raf,0,712,1028,3805,4121,Indira,0,760,1050,3840,4130,Yuxuan,0,728,1002,3881,4155,Y
DSC_7713.TIF,3,3,3,1,4,Raf,1,1414,1748,3822,4156,Indira,2,1429,1727,3826,4124,Yuxuan,1,1454,1718,3834,4098,Y
DSC_7713.TIF,3,3,3,1,5,Raf,2,1427,1683,3484,3740,Indira,2,1464,1714,3494,3744,Yuxuan,2,1417,1681,3486,3750,Y
DSC_7713.TIF,3,3,3,1,6,Raf,2,1238,1510,3199,3471,Indira,2,1246,1530,3180,3464,Yuxuan,3,1243,1497,3212,3466,Y
DSC_7713.TIF,3,3,3,3,1,Raf,3,2204,2440,3362,3598,Indira,3,2214,2492,3338,3616,Yuxuan,4,2217,2461,3338,3582,Y
DSC_7713.TIF,3,3,3,3,2,Raf,4,2120,2402,3616,3898,Indira,4,2119,2425,3622,3928,Yuxuan,4,2138,2370,3639,3871,Y
DSC_7713.TIF,3,3,3,3,3,Raf,2,2160,2422,3964,4226,Indira,3,2132,2458,3940,4266,Yuxuan,3,2160,2402,3955,4197,Y
DSC_7713.TIF,3,3,3,3,4,Raf,0,2730,3038,3905,4213,Indira,0,2736,3014,3910,4188,Yuxuan,0,2750,2992,3887,4129,Y
DSC_7713.TIF,3,3,3,3,5,Raf,0,2712,3002,3581,3871,Indira,0,2722,3014,3588,3880,Yuxuan,0,2728,2950,3613,3835,Y
DSC_7713.TIF,3,3,3,3,6,Raf,1,2554,2888,3305,3639,Indira,1,2580,2858,3311,3589,Yuxuan,2,2539,2813,3296,3570,Y
DSC_7811.tif,2,2,1,1,1,Mark,0,1212,1548,674,1010,Clem,0,1262,1510,735,983,JoshW,0,1254,1524,709,979,Y
DSC_7811.tif,2,2,1,1,2,Mark,0,1203,1551,1032,1380,Clem,0,1210,1512,1044,1346,JoshW,0,1204,1492,1046,1334,Y
DSC_7811.tif,2,2,1,1,3,Mark,3,1607,1977,1028,1398,Clem,2,1632,1890,1061,1319,JoshW,2,1600,1912,1019,1331,Y
DSC_7811.tif,2,2,1,1,4,Mark,5,1554,1902,687,1035,Clem,5,1818,1818,954,954,JoshW,3,1600,1858,721,979,Y
DSC_7811.tif,2,2,1,2,1,Mark,0,3060,3396,456,792,Clem,0,3010,3356,484,830,JoshW,0,3046,3336,467,757,Y
DSC_7811.tif,2,2,1,2,2,Mark,0,2962,3422,895,1355,Clem,0,2987,3367,904,1284,JoshW,0,2997,3353,934,1290,Y
DSC_7811.tif,2,2,1,2,3,Mark,1,3460,3892,833,1265,Clem,1,3483,3847,876,1240,JoshW,1,3498,3830,873,1205,Y
DSC_7811.tif,2,2,1,2,4,Mark,3,3379,3755,438,814,Clem,3,3354,3674,461,781,JoshW,1,3413,3725,460,772,Y
DSC_7811.tif,2,2,2,1,1,Mark,0,1221,1663,1936,2378,Clem,0,1330,1622,2030,2322,JoshW,0,1326,1646,1977,2297,Y
DSC_7811.tif,2,2,2,1,2,Mark,0,1145,1649,2406,2910,Clem,0,1221,1579,2468,2826,JoshW,0,1218,1610,2443,2835,Y
DSC_7811.tif,2,2,2,1,3,Mark,1,1660,2126,2375,2841,Clem,1,1700,2026,2456,2782,JoshW,0,1695,2047,2434,2786,Y
DSC_7811.tif,2,2,2,1,4,Mark,0,1652,2074,1946,2368,Clem,0,1675,1977,2020,2322,JoshW,0,1726,1992,2049,2315,Y
DSC_7811.tif,2,2,2,2,1,Mark,0,3138,3496,1998,2356,Clem,0,3192,3478,2042,2328,JoshW,0,3188,3496,2014,2322,Y
DSC_7811.tif,2,2,2,2,2,Mark,3,3118,3544,2373,2799,Clem,3,3144,3468,2396,2720,JoshW,2,3145,3483,2398,2736,Y
DSC_7811.tif,2,2,2,2,3,Mark,5,3624,3976,2314,2666,Clem,5,3654,3900,2368,2614,JoshW,4,3664,3934,2332,2602,Y
DSC_7811.tif,2,2,2,2,4,Mark,5,3502,3856,1968,2322,Clem,5,3485,3789,2008,2312,JoshW,4,3517,3815,2014,2312,Y
DSC_8263.tif,3,3,1,1,1,Emma,6,658,936,388,666,Mark,6,612,940,364,692,Clem,6,632,920,371,659,Y
DSC_8263.tif,3,3,1,1,2,Emma,0,582,936,642,996,Mark,0,574,952,630,1008,Clem,0,620,924,666,970,Y
DSC_8263.tif,3,3,1,1,3,Emma,0,477,923,962,1408,Mark,0,472,928,931,1387,Clem,0,537,907,996,1366,Y
DSC_8263.tif,3,3,1,1,4,Emma,0,1030,1408,920,1298,Mark,0,1046,1450,907,1311,Clem,0,1054,1366,970,1282,Y
DSC_8263.tif,3,3,1,1,5,Emma,3,978,1274,666,962,Mark,4,962,1290,658,986,Clem,3,983,1261,674,952,Y
DSC_8263.tif,3,3,1,1,6,Emma,5,882,1168,422,708,Mark,5,873,1185,396,708,Clem,5,886,1164,443,721,Y
DSC_8263.tif,3,3,1,3,5,Emma,0,2360,2696,646,982,Mark,0,2402,2706,653,957,Clem,0,2376,2680,654,958,Y
DSC_8263.tif,3,3,1,3,6,Emma,3,2216,2502,477,763,Mark,4,2241,2529,472,760,Clem,3,2242,2470,502,730,Y
DSC_8263.tif,3,3,2,2,1,Emma,5,1308,1534,1754,1980,Mark,5,1274,1568,1708,2002,Clem,5,1264,1526,1723,1985,Y
DSC_8263.tif,3,3,2,2,2,Emma,5,1240,1484,1935,2179,Mark,5,1198,1508,1893,2203,Clem,6,1230,1458,1930,2158,Y
DSC_8263.tif,3,3,2,2,3,Emma,6,1358,1618,2112,2372,Mark,5,1324,1644,2082,2402,Clem,6,1374,1618,2128,2372,Y
DSC_8263.tif,3,3,2,2,4,Emma,0,1668,2006,2009,2347,Mark,0,1686,2064,1998,2376,Clem,0,1686,1938,2040,2292,Y
DSC_8263.tif,3,3,2,2,5,Emma,0,1636,1964,1715,2043,Mark,0,1618,2014,1694,2090,Clem,0,1678,1922,1754,1998,Y
DSC_8263.tif,3,3,2,2,6,Emma,1,1492,1728,1576,1812,Mark,0,1479,1757,1568,1846,Clem,0,1518,1728,1606,1816,Y
DSC_8263.tif,3,3,3,1,1,Emma,0,869,1189,2722,3042,Mark,0,878,1180,2718,3020,Clem,0,894,1104,2790,3000,Y
DSC_8263.tif,3,3,3,1,2,Emma,4,827,1097,3016,3286,Mark,4,802,1104,2984,3286,Clem,5,856,1050,3050,3244,Y
DSC_8263.tif,3,3,3,1,3,Emma,5,734,1012,3244,3522,Mark,5,700,1020,3210,3530,Clem,5,759,961,3278,3480,Y
DSC_8263.tif,3,3,3,1,4,Emma,6,1117,1379,3328,3590,Mark,6,1088,1400,3295,3607,Clem,6,1104,1350,3336,3582,Y
DSC_8263.tif,3,3,3,1,5,Emma,0,1167,1479,3000,3312,Mark,0,1214,1558,2992,3336,Clem,0,1210,1454,3102,3346,Y
DSC_8263.tif,3,3,3,1,6,Emma,0,1126,1378,2722,2974,Mark,0,1134,1438,2688,2992,Clem,0,1097,1357,2756,3016,Y
DSC_8263.tif,3,3,3,3,1,Emma,0,2125,2495,2806,3176,Mark,0,2082,2502,2798,3218,Clem,0,2166,2460,2874,3168,Y
DSC_8263.tif,3,3,3,3,2,Emma,0,2006,2394,3152,3540,Mark,0,1964,2418,3093,3547,Clem,0,2040,2334,3202,3496,Y
DSC_8263.tif,3,3,3,3,3,Emma,2,2098,2486,3476,3864,Mark,2,2022,2554,3420,3952,Clem,2,2124,2460,3493,3829,Y
DSC_8263.tif,3,3,3,3,4,Emma,5,2630,2924,3430,3724,Mark,6,2630,2958,3426,3754,Clem,6,2638,2882,3450,3694,Y
DSC_8263.tif,3,3,3,3,5,Emma,6,2617,2903,3152,3438,Mark,6,2620,2950,3138,3468,Clem,6,2604,2898,3135,3429,Y
DSC_8263.tif,3,3,3,3,6,Emma,0,2512,2814,2874,3176,Mark,0,2469,2857,2806,3194,Clem,0,2502,2772,2869,3139,Y
DSC_8264.tif,3,3,1,1,1,Emma,0,600,928,212,540,Mark,0,556,944,156,544,Clem,0,596,906,246,556,Y
DSC_8264.tif,3,3,1,1,2,Emma,0,418,790,514,886,Mark,0,430,810,484,864,Clem,0,494,780,574,860,Y
DSC_8264.tif,3,3,1,1,3,Emma,0,600,962,805,1167,Mark,0,540,928,793,1181,Clem,0,600,902,848,1150,Y
DSC_8264.tif,3,3,1,1,4,Emma,3,1041,1353,734,1046,Mark,2,1028,1366,717,1055,Clem,2,1028,1298,733,1003,Y
DSC_8264.tif,3,3,1,1,5,Emma,5,1012,1256,464,708,Mark,6,1012,1274,460,722,Clem,5,1020,1240,464,684,Y
DSC_8264.tif,3,3,1,1,6,Emma,5,902,1130,300,528,Mark,6,907,1133,288,514,Clem,5,878,1112,271,505,Y
DSC_8264.tif,3,3,1,3,1,Emma,6,2184,2444,330,590,Mark,6,2158,2444,318,604,Clem,6,2199,2419,388,608,Y
DSC_8264.tif,3,3,1,3,2,Emma,0,1951,2297,498,844,Mark,0,1972,2310,498,836,Clem,0,1977,2289,532,844,Y
DSC_8264.tif,3,3,1,3,3,Emma,0,1922,2310,826,1214,Mark,0,1922,2292,794,1164,Clem,0,1990,2268,881,1159,Y
DSC_8264.tif,3,3,1,3,4,Emma,0,2410,2798,826,1214,Mark,0,2376,2772,792,1188,Clem,0,2486,2764,844,1122,Y
DSC_8264.tif,3,3,1,3,5,Emma,5,2452,2730,556,834,Mark,6,2453,2739,548,834,Clem,6,2470,2706,570,806,Y
DSC_8264.tif,3,3,1,3,6,Emma,6,2428,2688,313,573,Mark,6,2427,2697,278,548,Clem,6,2440,2666,330,556,Y
DSC_8264.tif,3,3,2,2,1,Emma,4,1361,1607,1466,1712,Mark,5,1332,1610,1446,1724,Clem,5,1336,1598,1450,1712,Y
DSC_8264.tif,3,3,2,2,2,Emma,4,1290,1534,1682,1926,Mark,6,1264,1560,1651,1947,Clem,5,1274,1518,1690,1934,Y
DSC_8264.tif,3,3,2,2,3,Emma,0,1306,1618,1917,2229,Mark,0,1274,1652,1871,2249,Clem,0,1298,1584,1938,2224,Y
DSC_8264.tif,3,3,2,2,4,Emma,0,1699,2061,1922,2284,Mark,0,1702,2064,1901,2263,Clem,[],[],[],[],[],K
DSC_8264.tif,3,3,2,2,5,Emma,0,1686,2022,1539,1875,Mark,0,1686,2022,1551,1887,Clem,0,1694,1998,1555,1859,Y
DSC_8264.tif,3,3,2,2,6,Emma,3,1572,1800,1416,1644,Mark,3,1568,1830,1416,1678,Clem,3,1584,1804,1416,1636,Y
DSC_8264.tif,3,3,3,1,1,Emma,4,582,886,2789,3093,Mark,3,573,877,2764,3068,Clem,3,582,860,2781,3059,Y
DSC_8264.tif,3,3,3,1,2,Emma,5,591,843,3084,3336,Mark,4,590,844,3075,3329,Clem,4,586,806,3092,3312,Y
DSC_8264.tif,3,3,3,1,3,Emma,4,704,982,3294,3572,Mark,3,650,1012,3257,3619,Clem,4,684,970,3287,3573,Y
DSC_8264.tif,3,3,3,1,4,Emma,0,1066,1446,3210,3590,Mark,0,1104,1518,3184,3598,Clem,0,1062,1374,3202,3514,Y
DSC_8264.tif,3,3,3,1,5,Emma,0,1012,1358,2873,3219,Mark,0,1028,1408,2852,3232,Clem,0,1028,1358,2889,3219,Y
DSC_8264.tif,3,3,3,1,6,Emma,2,881,1143,2696,2958,Mark,2,865,1177,2638,2950,Clem,2,894,1156,2658,2920,Y
DSC_8264.tif,3,3,3,3,1,Emma,0,1938,2224,2638,2924,Mark,0,1964,2258,2626,2920,Clem,0,1981,2191,2672,2882,Y
DSC_8264.tif,3,3,3,3,2,Emma,2,1980,2258,2899,3177,Mark,1,1946,2342,2835,3231,Clem,1,1964,2300,2878,3214,Y
DSC_8264.tif,3,3,3,3,4,Emma,3,2439,2727,3016,3304,Mark,3,2436,2764,3009,3337,Clem,4,2486,2706,3063,3283,Y
DSC_8264.tif,3,3,3,3,5,Emma,0,2342,2620,2755,3033,Mark,0,2300,2696,2680,3076,Clem,0,2334,2604,2764,3034,Y
DSC_8264.tif,3,3,3,3,6,Emma,0,2242,2536,2525,2819,Mark,0,2234,2612,2479,2857,Clem,[],[],[],[],[],K
DSC_8265.tif,3,3,1,1,1,Indira,0,902,1178,442,718,Yuxuan,0,918,1138,481,701,Emma,1,865,1169,414,718,Y
DSC_8265.tif,3,3,1,1,2,Indira,0,685,989,672,976,Yuxuan,0,700,954,664,918,Emma,0,666,978,666,978,Y
DSC_8265.tif,3,3,1,1,3,Indira,2,631,929,1016,1314,Yuxuan,1,647,901,1032,1286,Emma,2,591,953,986,1348,Y
DSC_8265.tif,3,3,1,1,4,Indira,4,1161,1433,982,1254,Yuxuan,5,1160,1390,997,1227,Emma,5,1138,1416,982,1260,Y
DSC_8265.tif,3,3,1,1,5,Indira,5,1328,1584,784,1040,Yuxuan,6,1338,1528,812,1002,Emma,6,1332,1560,767,995,Y
DSC_8265.tif,3,3,1,1,6,Indira,0,1189,1487,482,780,Yuxuan,0,1212,1434,527,749,Emma,0,1176,1462,498,784,Y
DSC_8265.tif,3,3,1,3,1,Indira,0,2188,2418,563,793,Yuxuan,0,2128,2350,527,749,Emma,0,2158,2394,595,831,Y
DSC_8265.tif,3,3,1,3,2,Indira,0,2015,2251,820,1056,Yuxuan,0,1997,2281,780,1064,Emma,0,1990,2292,802,1104,Y
DSC_8265.tif,3,3,1,3,3,Indira,2,2092,2364,1090,1362,Yuxuan,1,2081,2323,1086,1328,Emma,2,2056,2352,1087,1383,Y
DSC_8265.tif,3,3,1,3,4,Indira,3,2525,2763,1050,1288,Yuxuan,3,2522,2744,1054,1276,Emma,3,2503,2781,1054,1332,Y
DSC_8265.tif,3,3,1,3,5,Indira,5,2520,2750,800,1030,Yuxuan,4,2486,2708,785,1007,Emma,4,2486,2722,789,1025,Y
DSC_8265.tif,3,3,1,3,6,Indira,5,2400,2638,562,800,Yuxuan,6,2392,2612,565,785,Emma,5,2393,2621,574,802,Y
DSC_8265.tif,3,3,2,2,1,Indira,4,1649,1873,1944,2168,Yuxuan,3,1622,1822,1923,2123,Emma,4,1626,1854,1926,2154,Y
DSC_8265.tif,3,3,2,2,2,Indira,0,1527,1771,2140,2384,Yuxuan,0,1528,1780,2144,2396,Emma,0,1484,1828,2116,2460,Y
DSC_8265.tif,3,3,2,2,3,Indira,0,1606,1876,2459,2729,Yuxuan,0,1592,1854,2439,2701,Emma,0,1518,1888,2402,2772,Y
DSC_8265.tif,3,3,2,2,4,Indira,0,2092,2344,2379,2631,Yuxuan,0,2034,2296,2392,2654,Emma,0,2022,2368,2343,2689,Y
DSC_8265.tif,3,3,2,2,5,Indira,3,1970,2228,2112,2370,Yuxuan,3,1950,2202,2118,2370,Emma,4,1946,2216,2111,2381,Y
DSC_8265.tif,3,3,2,2,6,Indira,4,1865,2083,1882,2100,Yuxuan,4,1864,2064,1886,2086,Emma,4,1829,2099,1854,2124,Y
DSC_8265.tif,3,3,3,1,1,Indira,5,897,1129,2992,3224,Yuxuan,4,886,1086,2965,3165,Emma,5,852,1138,2932,3218,Y
DSC_8265.tif,3,3,3,1,2,Indira,5,752,990,3148,3386,Yuxuan,5,760,948,3182,3370,Emma,5,726,986,3148,3408,Y
DSC_8265.tif,3,3,3,1,3,Indira,0,718,1036,3423,3741,Yuxuan,0,732,1060,3412,3740,Emma,0,696,1058,3404,3766,Y
DSC_8265.tif,3,3,3,1,4,Indira,0,1280,1544,3396,3660,Yuxuan,0,1233,1507,3402,3676,Emma,0,1248,1552,3362,3666,Y
DSC_8265.tif,3,3,3,1,5,Indira,0,1280,1558,3037,3315,Yuxuan,[],[],[],[],[],Emma,0,1222,1518,3075,3371,K
DSC_8265.tif,3,3,3,1,6,Indira,4,1096,1348,2850,3102,Yuxuan,4,1076,1348,2829,3101,Emma,4,1083,1345,2848,3110,Y
DSC_8265.tif,3,3,3,3,1,Indira,3,2330,2586,3190,3446,Yuxuan,3,2307,2581,3170,3444,Emma,3,2292,2562,3210,3480,Y
DSC_8265.tif,3,3,3,3,2,Indira,5,2222,2492,3474,3744,Yuxuan,5,2223,2487,3444,3708,Emma,4,2199,2511,3438,3750,Y
DSC_8265.tif,3,3,3,3,3,Indira,4,2302,2608,3747,4053,Yuxuan,5,2318,2580,3766,4028,Emma,4,2292,2604,3733,4045,Y
DSC_8265.tif,3,3,3,3,4,Indira,0,2722,3014,3639,3931,Yuxuan,0,2750,2992,3649,3891,Emma,0,2662,3042,3573,3953,Y
DSC_8265.tif,3,3,3,3,5,Indira,0,2736,3014,3307,3585,Yuxuan,0,2718,2980,3340,3602,Emma,0,2714,3026,3286,3598,Y
DSC_8265.tif,3,3,3,3,6,Indira,0,2615,2885,3034,3304,Yuxuan,0,2592,2844,3082,3334,Emma,0,2578,2882,3042,3346,Y
DSC_8266.tif,3,3,1,1,1,Emma,0,603,941,396,734,Mark,0,624,952,384,712,Clem,0,641,935,440,734,Y
DSC_8266.tif,3,3,1,1,2,Emma,2,548,834,692,978,Mark,2,570,856,692,978,Clem,3,503,789,692,978,Y
DSC_8266.tif,3,3,1,1,3,Emma,4,540,834,945,1239,Mark,4,532,878,919,1265,Clem,4,590,810,961,1181,Y
DSC_8266.tif,3,3,1,1,4,Emma,3,978,1240,1033,1295,Mark,3,936,1316,986,1366,Clem,4,952,1214,1003,1265,Y
DSC_8266.tif,3,3,1,1,5,Emma,0,957,1261,700,1004,Mark,0,952,1274,674,996,Clem,0,952,1248,704,1000,Y
DSC_8266.tif,3,3,1,1,6,Emma,1,927,1257,396,726,Mark,0,936,1282,388,734,Clem,0,952,1240,435,723,Y
DSC_8266.tif,3,3,1,3,1,Emma,0,2091,2419,574,902,Mark,0,2056,2428,548,920,Clem,0,2048,2386,590,928,Y
DSC_8266.tif,3,3,1,3,2,Emma,0,1976,2262,902,1188,Mark,0,1922,2276,869,1223,Clem,0,1972,2242,907,1177,Y
DSC_8266.tif,3,3,1,3,3,Emma,3,2093,2389,1146,1442,Mark,3,2040,2402,1105,1467,Clem,3,2074,2360,1156,1442,Y
DSC_8266.tif,3,3,1,3,4,Emma,6,2436,2738,1084,1386,Mark,5,2410,2790,1066,1446,Clem,5,2410,2696,1088,1374,Y
DSC_8266.tif,3,3,1,3,5,Emma,6,2537,2807,826,1096,Mark,6,2502,2848,813,1159,Clem,6,2486,2756,818,1088,Y
DSC_8266.tif,3,3,1,3,6,Emma,0,2394,2680,600,886,Mark,0,2410,2714,620,924,Clem,0,2410,2706,581,877,Y
DSC_8266.tif,3,3,2,2,1,Emma,0,1316,1618,1758,2060,Mark,0,1298,1618,1741,2061,Clem,0,1256,1636,1736,2116,Y
DSC_8266.tif,3,3,2,2,2,Emma,0,1180,1518,2023,2361,Mark,0,1164,1508,2011,2355,Clem,0,1143,1463,2056,2376,Y
DSC_8266.tif,3,3,2,2,3,Emma,0,1240,1576,2318,2654,Mark,0,1146,1534,2279,2667,Clem,0,1274,1542,2360,2628,Y
DSC_8266.tif,3,3,2,2,4,Emma,3,1668,1972,2203,2507,Mark,2,1668,2022,2191,2545,Clem,2,1694,1914,2241,2461,Y
DSC_8266.tif,3,3,2,2,5,Emma,6,1626,1880,1980,2234,Mark,5,1610,1896,1960,2246,Clem,5,1626,1862,1997,2233,Y
DSC_8266.tif,3,3,2,2,6,Emma,6,1580,1816,1778,2014,Mark,6,1576,1828,1770,2022,Clem,5,1560,1812,1778,2030,Y
DSC_8266.tif,3,3,3,1,1,Emma,4,520,764,2966,3210,Mark,5,448,768,2903,3223,Clem,4,498,742,2975,3219,Y
DSC_8266.tif,3,3,3,1,2,Emma,0,330,674,3207,3551,Mark,0,296,692,3160,3556,Clem,0,338,658,3214,3534,Y
DSC_8266.tif,3,3,3,1,3,Emma,0,548,844,3463,3759,Mark,0,498,868,3417,3787,Clem,0,582,834,3476,3728,Y
DSC_8266.tif,3,3,3,1,4,Emma,0,936,1240,3374,3678,Mark,0,878,1282,3324,3728,Clem,0,920,1222,3363,3665,Y
DSC_8266.tif,3,3,3,1,5,Emma,4,826,1122,3104,3400,Mark,5,826,1122,3113,3409,Clem,4,835,1089,3134,3388,Y
DSC_8266.tif,3,3,3,1,6,Emma,4,742,962,2975,3195,Mark,6,721,983,2932,3194,Clem,6,708,962,2940,3194,Y
DSC_8266.tif,3,3,3,3,1,Emma,5,2136,2422,2908,3194,Mark,6,2106,2428,2864,3186,Clem,5,2140,2376,2941,3177,Y
DSC_8266.tif,3,3,3,3,2,Emma,5,2022,2326,3151,3455,Mark,5,2006,2334,3144,3472,Clem,5,2022,2276,3181,3435,Y
DSC_8266.tif,3,3,3,3,3,Emma,0,1927,2305,3422,3800,Mark,0,1913,2327,3412,3826,Clem,0,1964,2300,3468,3804,Y
DSC_8266.tif,3,3,3,3,4,Emma,0,2503,2907,3346,3750,Mark,0,2478,2992,3282,3796,Clem,0,2528,2856,3346,3674,Y
DSC_8266.tif,3,3,3,3,5,Emma,0,2419,2781,3008,3370,Mark,0,2444,2832,3008,3396,Clem,0,2470,2764,3000,3294,Y
DSC_8266.tif,3,3,3,3,6,Emma,[],[],[],[],[],Mark,5,2394,2714,2743,3063,Clem,5,2418,2662,2802,3046,K
DSC_8267.tif,3,3,1,1,1,Indira,6,738,962,559,783,Yuxuan,5,718,928,549,759,Emma,5,717,929,548,760,Y
DSC_8267.tif,3,3,1,1,2,Indira,5,593,857,726,990,Yuxuan,4,612,844,738,970,Emma,5,627,839,750,962,Y
DSC_8267.tif,3,3,1,1,3,Indira,2,614,870,976,1232,Yuxuan,2,606,838,980,1212,Emma,2,603,847,970,1214,Y
DSC_8267.tif,3,3,1,1,4,Indira,0,966,1264,956,1254,Yuxuan,0,1012,1232,1002,1222,Emma,0,954,1282,936,1264,Y
DSC_8267.tif,3,3,1,1,5,Indira,5,942,1206,674,938,Yuxuan,5,960,1160,728,928,Emma,5,931,1185,674,928,Y
DSC_8267.tif,3,3,1,1,6,Indira,5,911,1073,542,704,Yuxuan,5,918,1076,560,718,Emma,5,893,1087,540,734,Y
DSC_8267.tif,3,3,1,3,1,Indira,5,1963,2215,738,990,Yuxuan,6,1965,2197,738,970,Emma,6,1951,2179,750,978,Y
DSC_8267.tif,3,3,1,3,2,Indira,6,1936,2168,978,1210,Yuxuan,6,1938,2138,1002,1202,Emma,6,1906,2166,962,1222,Y
DSC_8267.tif,3,3,1,3,3,Indira,5,1964,2228,1209,1473,Yuxuan,6,1970,2192,1206,1428,Emma,6,1930,2234,1171,1475,Y
DSC_8267.tif,3,3,1,3,4,Indira,0,2475,2747,1090,1362,Yuxuan,0,2496,2728,1075,1307,Emma,0,2415,2761,1020,1366,Y
DSC_8267.tif,3,3,1,3,5,Indira,0,2296,2580,776,1060,Yuxuan,0,2328,2622,754,1048,Emma,0,2322,2592,784,1054,Y
DSC_8267.tif,3,3,1,3,6,Indira,5,2140,2404,606,870,Yuxuan,6,2138,2380,617,859,Emma,6,2158,2376,638,856,Y
DSC_8267.tif,3,3,2,2,1,Indira,5,1535,1805,1748,2018,Yuxuan,4,1496,1748,1733,1985,Emma,6,1522,1782,1754,2014,Y
DSC_8267.tif,3,3,2,2,2,Indira,5,1450,1700,2012,2262,Yuxuan,4,1439,1669,1992,2222,Emma,6,1416,1686,2014,2284,Y
DSC_8267.tif,3,3,2,2,3,Indira,5,1524,1808,2262,2546,Yuxuan,5,1528,1748,2281,2501,Emma,6,1508,1812,2250,2554,Y
DSC_8267.tif,3,3,2,2,4,Indira,5,1816,2106,2188,2478,Yuxuan,5,1833,2087,2180,2434,Emma,5,1820,2116,2174,2470,Y
DSC_8267.tif,3,3,2,2,5,Indira,0,1896,2168,1882,2154,Yuxuan,0,1906,2150,1864,2108,Emma,0,1850,2152,1880,2182,Y
DSC_8267.tif,3,3,2,2,6,Indira,1,1808,2086,1628,1906,Yuxuan,2,1780,2012,1607,1839,Emma,1,1757,2043,1602,1888,Y
DSC_8267.tif,3,3,3,1,1,Indira,1,749,967,3026,3244,Yuxuan,1,733,975,3012,3254,Emma,1,708,986,2984,3262,Y
DSC_8267.tif,3,3,3,1,2,Indira,4,660,898,3250,3488,Yuxuan,5,659,869,3266,3476,Emma,6,607,885,3228,3506,Y
DSC_8267.tif,3,3,3,1,3,Indira,4,712,936,3490,3714,Yuxuan,5,738,948,3524,3734,Emma,6,721,975,3488,3742,Y
DSC_8267.tif,3,3,3,1,4,Indira,5,1057,1301,3378,3622,Yuxuan,5,1044,1276,3376,3608,Emma,6,1062,1298,3379,3615,Y
DSC_8267.tif,3,3,3,1,5,Indira,4,1010,1274,3159,3423,Yuxuan,5,1039,1249,3182,3392,Emma,6,1021,1257,3168,3404,Y
DSC_8267.tif,3,3,3,1,6,Indira,0,976,1240,2942,3206,Yuxuan,0,1022,1232,2960,3170,Emma,0,965,1243,2916,3194,Y
DSC_8267.tif,3,3,3,3,1,Indira,1,2352,2590,2830,3068,Yuxuan,1,2340,2570,2824,3054,Emma,1,2326,2620,2764,3058,Y
DSC_8267.tif,3,3,3,3,2,Indira,1,2214,2512,3031,3329,Yuxuan,1,2222,2486,3028,3292,Emma,1,2188,2490,3026,3328,Y
DSC_8267.tif,3,3,3,3,3,Indira,4,2194,2492,3264,3562,Yuxuan,4,2233,2465,3308,3540,Emma,4,2199,2495,3286,3582,Y
DSC_8267.tif,3,3,3,3,4,Indira,4,2580,2892,3284,3596,Yuxuan,4,2580,2854,3307,3581,Emma,5,2596,2882,3312,3598,Y
DSC_8267.tif,3,3,3,3,5,Indira,5,2620,2932,3063,3375,Yuxuan,4,2666,2918,3107,3359,Emma,5,2654,2908,3092,3346,Y
DSC_8267.tif,3,3,3,3,6,Indira,4,2611,2861,2824,3074,Yuxuan,4,2613,2845,2834,3066,Emma,5,2609,2869,2824,3084,Y
DSC_8268.tif,3,3,1,1,1,Raf,5,720,940,448,668,Indira,5,698,962,440,704,Yuxuan,4,691,943,412,664,Y
DSC_8268.tif,3,3,1,1,2,Raf,0,528,826,694,992,Indira,0,528,766,722,960,Yuxuan,0,496,790,702,996,Y
DSC_8268.tif,3,3,1,1,3,Raf,0,554,914,975,1335,Indira,0,658,908,1030,1280,Yuxuan,0,644,906,1045,1307,Y
DSC_8268.tif,3,3,1,1,4,Raf,6,984,1282,878,1176,Indira,6,1010,1294,908,1192,Yuxuan,4,980,1276,874,1170,Y
DSC_8268.tif,3,3,1,1,5,Raf,6,984,1194,686,896,Indira,6,996,1232,692,928,Yuxuan,5,979,1191,674,886,Y
DSC_8268.tif,3,3,1,1,6,Raf,5,932,1132,480,680,Indira,5,917,1155,440,678,Yuxuan,5,896,1106,464,674,Y
DSC_8268.tif,3,3,1,3,1,Raf,5,2103,2349,510,756,Indira,5,2126,2390,502,766,Yuxuan,4,2091,2333,496,738,Y
DSC_8268.tif,3,3,1,3,2,Raf,5,1967,2195,720,948,Indira,5,1954,2238,698,982,Yuxuan,5,1960,2212,713,965,Y
DSC_8268.tif,3,3,1,3,3,Raf,5,2071,2309,992,1230,Indira,5,2035,2353,956,1274,Yuxuan,5,2054,2318,969,1233,Y
DSC_8268.tif,3,3,1,3,4,Raf,0,2450,2730,985,1265,Indira,0,2448,2726,1016,1294,Yuxuan,0,2444,2738,1007,1301,Y
DSC_8268.tif,3,3,1,3,5,Raf,0,2450,2738,695,983,Indira,0,2424,2702,684,962,Yuxuan,0,2422,2686,701,965,Y
DSC_8268.tif,3,3,1,3,6,Raf,5,2396,2634,461,699,Indira,5,2410,2654,451,695,Yuxuan,4,2392,2612,486,706,Y
DSC_8268.tif,3,3,2,2,1,Raf,6,1340,1576,1730,1966,Indira,5,1352,1602,1720,1970,Yuxuan,5,1360,1570,1760,1970,Y
DSC_8268.tif,3,3,2,2,2,Raf,6,1264,1510,1975,2221,Indira,5,1256,1528,1970,2242,Yuxuan,5,1264,1518,1980,2234,Y
DSC_8268.tif,3,3,2,2,3,Raf,0,1309,1571,2292,2554,Indira,0,1321,1585,2288,2552,Yuxuan,0,1355,1607,2318,2570,Y
DSC_8268.tif,3,3,2,2,4,Raf,0,1792,2080,2121,2409,Indira,0,1794,2112,2133,2451,Yuxuan,0,1780,2054,2128,2402,Y
DSC_8268.tif,3,3,2,2,5,Raf,5,1668,1888,1896,2116,Indira,5,1652,1924,1886,2158,Yuxuan,5,1629,1881,1886,2138,Y
DSC_8268.tif,3,3,2,2,6,Raf,5,1620,1812,1704,1896,Indira,5,1652,1848,1714,1910,Yuxuan,5,1634,1802,1723,1891,Y
DSC_8268.tif,3,3,3,1,1,Raf,6,686,896,2748,2958,Indira,5,692,922,2732,2962,Yuxuan,6,674,886,2764,2976,Y
DSC_8268.tif,3,3,3,1,2,Raf,6,496,768,2932,3204,Indira,5,539,769,2952,3182,Yuxuan,6,538,758,2950,3170,Y
DSC_8268.tif,3,3,3,1,3,Raf,5,518,790,3204,3476,Indira,5,544,820,3190,3466,Yuxuan,6,559,791,3192,3424,Y
DSC_8268.tif,3,3,3,1,4,Raf,5,914,1186,3186,3458,Indira,4,948,1206,3189,3447,Yuxuan,5,938,1190,3182,3434,Y
DSC_8268.tif,3,3,3,1,5,Raf,0,914,1202,2880,3168,Indira,0,948,1200,2945,3197,Yuxuan,0,933,1165,2928,3160,Y
DSC_8268.tif,3,3,3,1,6,Raf,0,896,1132,2648,2884,Indira,0,939,1149,2708,2918,Yuxuan,0,885,1107,2696,2918,Y
DSC_8268.tif,3,3,3,3,1,Raf,0,2204,2494,2848,3138,Indira,[],[],[],[],[],Yuxuan,0,2239,2439,2918,3118,K
DSC_8268.tif,3,3,3,3,2,Raf,6,2178,2380,3182,3384,Indira,5,2174,2410,3180,3416,Yuxuan,6,2164,2376,3170,3382,Y
DSC_8268.tif,3,3,3,3,3,Raf,5,2212,2442,3396,3626,Indira,5,2200,2492,3375,3667,Yuxuan,5,2212,2434,3402,3624,Y
DSC_8268.tif,3,3,3,3,4,Raf,6,2520,2782,3358,3620,Indira,5,2550,2792,3366,3608,Yuxuan,5,2533,2775,3350,3592,Y
DSC_8268.tif,3,3,3,3,5,Raf,6,2576,2830,3072,3326,Indira,5,2580,2858,3067,3345,Yuxuan,5,2622,2792,3117,3287,Y
DSC_8269.tif,3,3,1,1,1,Mark,0,600,936,351,687,Clem,0,628,940,380,692,JoshW,0,596,894,333,631,Y
DSC_8269.tif,3,3,1,1,2,Mark,0,422,760,623,961,Clem,0,388,760,611,983,JoshW,0,400,738,607,945,Y
DSC_8269.tif,3,3,1,1,3,Mark,6,498,902,868,1272,Clem,6,582,894,936,1248,JoshW,6,562,914,895,1247,Y
DSC_8269.tif,3,3,1,1,4,Mark,6,1054,1382,890,1218,Clem,6,1080,1358,911,1189,JoshW,6,1064,1354,888,1178,Y
DSC_8269.tif,3,3,1,1,5,Mark,6,1020,1348,599,927,Clem,6,978,1382,562,966,JoshW,6,1044,1314,624,894,Y
DSC_8269.tif,3,3,1,1,6,Mark,6,920,1214,388,682,Clem,6,928,1172,406,650,JoshW,5,969,1193,434,658,Y
DSC_8269.tif,3,3,1,3,1,Mark,6,2045,2313,642,910,Clem,6,2048,2310,645,907,JoshW,6,2058,2310,660,912,Y
DSC_8269.tif,3,3,1,3,2,Mark,0,1930,2326,835,1231,Clem,0,1922,2208,903,1189,JoshW,0,1919,2217,868,1166,Y
DSC_8269.tif,3,3,1,3,3,Mark,0,1946,2376,1155,1585,Clem,0,1990,2318,1219,1547,JoshW,0,1983,2323,1212,1552,Y
DSC_8269.tif,3,3,1,3,4,Mark,6,2394,2756,1101,1463,Clem,6,2428,2714,1147,1433,JoshW,6,2424,2736,1104,1416,Y
DSC_8269.tif,3,3,1,3,5,Mark,6,2360,2638,868,1146,Clem,6,2347,2625,868,1146,JoshW,6,2356,2634,837,1115,Y
DSC_8269.tif,3,3,1,3,6,Mark,6,2268,2546,620,898,Clem,6,2276,2502,642,868,JoshW,6,2288,2526,650,888,Y
DSC_8269.tif,3,3,2,2,1,Mark,6,1324,1644,1766,2086,Clem,5,1316,1602,1758,2044,JoshW,6,1348,1612,1771,2035,Y
DSC_8269.tif,3,3,2,2,2,Mark,6,1256,1560,1980,2284,Clem,5,1286,1546,2032,2292,JoshW,5,1311,1555,2018,2262,Y
DSC_8269.tif,3,3,2,2,3,Mark,6,1206,1476,2174,2444,Clem,6,1231,1467,2224,2460,JoshW,4,1206,1476,2168,2438,Y
DSC_8269.tif,3,3,2,2,4,Mark,0,1690,1934,2200,2444,Clem,0,1660,1938,2170,2448,JoshW,0,1680,1964,2208,2492,Y
DSC_8269.tif,3,3,2,2,5,Mark,6,1754,2022,1935,2203,Clem,5,1728,1980,1922,2174,JoshW,6,1748,2012,1916,2180,Y
DSC_8269.tif,3,3,2,2,6,Mark,6,1602,1854,1736,1988,Clem,5,1610,1804,1779,1973,JoshW,5,1605,1855,1748,1998,Y
DSC_8269.tif,3,3,3,1,1,Mark,6,498,742,2950,3194,Clem,5,506,708,2984,3186,JoshW,5,521,705,2992,3176,Y
DSC_8269.tif,3,3,3,1,2,Mark,6,464,776,3135,3447,Clem,6,506,692,3193,3379,JoshW,6,528,738,3206,3416,Y
DSC_8269.tif,3,3,3,1,3,Mark,6,524,826,3375,3677,Clem,6,540,760,3395,3615,JoshW,5,556,772,3410,3626,Y
DSC_8269.tif,3,3,3,1,4,Mark,0,902,1256,3210,3564,Clem,0,894,1214,3228,3548,JoshW,0,952,1256,3216,3520,Y
DSC_8269.tif,3,3,3,1,5,Mark,0,818,1096,2971,3249,Clem,0,802,1088,2962,3248,JoshW,0,834,1050,3020,3236,Y
DSC_8269.tif,3,3,3,3,1,Mark,6,2150,2444,2967,3261,Clem,5,2158,2402,2996,3240,JoshW,5,2140,2424,2987,3271,Y
DSC_8269.tif,3,3,3,3,2,Mark,6,2048,2384,3257,3593,Clem,5,2098,2300,3320,3522,JoshW,6,2110,2346,3298,3534,Y
DSC_8269.tif,3,3,3,3,3,Mark,6,2056,2460,3506,3910,Clem,5,2106,2360,3564,3818,JoshW,6,2154,2438,3548,3832,Y
DSC_8269.tif,3,3,3,3,4,Mark,6,2502,2916,3441,3855,Clem,6,2478,2814,3459,3795,JoshW,6,2552,2810,3504,3762,Y
DSC_8269.tif,3,3,3,3,5,Mark,0,2494,2848,3122,3476,Clem,0,2554,2832,3214,3492,JoshW,0,2532,2872,3161,3501,Y
DSC_8269.tif,3,3,3,3,6,Mark,0,2410,2790,2852,3232,Clem,0,2452,2722,2932,3202,JoshW,0,2391,2681,2892,3182,Y
DSC_8270.tif,3,3,1,1,1,Yuxuan,0,570,802,501,733,Emma,0,503,839,414,750,Mark,0,448,826,376,754,Y
DSC_8270.tif,3,3,1,1,2,Yuxuan,6,485,707,738,960,Emma,6,485,755,742,1012,Mark,6,440,784,697,1041,Y
DSC_8270.tif,3,3,1,1,3,Yuxuan,5,612,822,1023,1233,Emma,5,600,826,1034,1260,Mark,6,540,878,969,1307,Y
DSC_8270.tif,3,3,1,1,4,Yuxuan,5,902,1134,896,1128,Emma,6,902,1164,889,1151,Mark,6,852,1206,865,1219,Y
DSC_8270.tif,3,3,1,1,5,Yuxuan,6,996,1196,706,906,Emma,6,982,1234,684,936,Mark,6,944,1256,657,969,Y
DSC_8270.tif,3,3,1,1,6,Yuxuan,0,886,1074,486,674,Emma,1,818,1088,430,700,Mark,0,839,1143,414,718,Y
DSC_8270.tif,3,3,1,3,1,Yuxuan,0,1848,2092,674,918,Emma,1,1804,2098,684,978,Mark,0,1744,2132,628,1016,Y
DSC_8270.tif,3,3,1,3,2,Yuxuan,0,1822,2064,960,1202,Emma,1,1779,2091,970,1282,Mark,0,1762,2082,936,1256,Y
DSC_8270.tif,3,3,1,3,3,Yuxuan,4,2038,2270,1096,1328,Emma,4,2013,2301,1070,1358,Mark,6,2015,2335,1054,1374,Y
DSC_8270.tif,3,3,1,3,4,Yuxuan,4,2287,2529,938,1180,Emma,4,2247,2557,920,1230,Mark,6,2229,2617,868,1256,Y
DSC_8270.tif,3,3,1,3,5,Yuxuan,5,2276,2518,644,886,Emma,5,2258,2554,632,928,Mark,6,2267,2603,600,936,Y
DSC_8270.tif,3,3,1,3,6,Yuxuan,5,2096,2296,590,790,Emma,6,2090,2318,574,802,Mark,6,2053,2347,524,818,Y
DSC_8270.tif,3,3,2,2,1,Yuxuan,4,1402,1592,1685,1875,Emma,5,1400,1626,1661,1887,Mark,6,1348,1644,1593,1889,Y
DSC_8270.tif,3,3,2,2,2,Yuxuan,0,1306,1528,1901,2123,Emma,0,1270,1564,1838,2132,Mark,0,1274,1602,1813,2141,Y
DSC_8270.tif,3,3,2,2,3,Yuxuan,0,1280,1554,2160,2434,Emma,0,1264,1584,2149,2469,Mark,0,1236,1598,2124,2486,Y
DSC_8270.tif,3,3,2,2,4,Yuxuan,4,1602,1854,2113,2365,Emma,5,1609,1905,2106,2402,Mark,6,1628,1896,2116,2384,Y
DSC_8270.tif,3,3,2,2,5,Yuxuan,5,1634,1834,1901,2101,Emma,6,1618,1880,1871,2133,Mark,6,1610,1930,1825,2145,Y
DSC_8270.tif,3,3,2,2,6,Yuxuan,5,1617,1797,1738,1918,Emma,6,1610,1796,1719,1905,Mark,6,1576,1830,1668,1922,Y
DSC_8270.tif,3,3,3,1,1,Yuxuan,6,760,980,2787,3007,Emma,5,760,1004,2786,3030,Mark,6,742,1012,2747,3017,Y
DSC_8270.tif,3,3,3,1,2,Yuxuan,6,627,837,2992,3202,Emma,5,608,860,2958,3210,Mark,6,582,868,2916,3202,Y
DSC_8270.tif,3,3,3,1,3,Yuxuan,0,617,923,3244,3550,Emma,1,566,894,3228,3556,Mark,0,574,944,3178,3548,Y
DSC_8270.tif,3,3,3,1,4,Yuxuan,0,1096,1318,3244,3466,Emma,1,1033,1345,3194,3506,Mark,0,1004,1416,3156,3568,Y
DSC_8270.tif,3,3,3,1,5,Yuxuan,5,1001,1233,2970,3202,Emma,5,987,1265,2974,3252,Mark,6,970,1298,2945,3273,Y
DSC_8270.tif,3,3,3,1,6,Yuxuan,5,986,1164,2792,2970,Emma,5,982,1202,2772,2992,Mark,6,957,1235,2714,2992,Y
DSC_8270.tif,3,3,3,3,1,Yuxuan,4,2165,2365,2792,2992,Emma,5,2158,2384,2794,3020,Mark,6,2137,2405,2748,3016,Y
DSC_8270.tif,3,3,3,3,2,Yuxuan,5,2150,2360,3034,3244,Emma,6,2124,2376,3000,3252,Mark,6,2106,2394,2978,3266,Y
DSC_8270.tif,3,3,3,3,3,Yuxuan,4,2234,2444,3244,3454,Emma,5,2200,2470,3202,3472,Mark,6,2132,2486,3160,3514,Y
DSC_8270.tif,3,3,3,3,4,Yuxuan,0,2570,2834,3160,3424,Emma,0,2520,2882,3114,3476,Mark,0,2512,2908,3092,3488,Y
DSC_8270.tif,3,3,3,3,5,Yuxuan,0,2508,2760,2845,3097,Emma,0,2466,2760,2840,3134,Mark,0,2460,2806,2797,3143,Y
DSC_8270.tif,3,3,3,3,6,Yuxuan,5,2376,2596,2666,2886,Emma,6,2342,2612,2625,2895,Mark,6,2334,2646,2604,2916,Y
DSC_8534.tif,3,3,1,2,1,Indira,0,1304,1724,982,1402,Yuxuan,0,1333,1711,960,1338,Emma,0,1286,1766,944,1424,Y
DSC_8534.tif,3,3,1,2,2,Indira,0,1281,1667,1646,2032,Yuxuan,0,1249,1649,1612,2012,Emma,0,1180,1712,1542,2074,Y
DSC_8534.tif,3,3,1,2,3,Indira,2,1828,2248,1537,1957,Yuxuan,2,1834,2192,1581,1939,Emma,3,1800,2280,1542,2022,Y
DSC_8534.tif,3,3,1,2,4,Indira,0,1816,2282,976,1442,Yuxuan,0,1823,2181,1022,1380,Emma,1,1778,2250,970,1442,Y
DSC_8534.tif,3,3,2,1,1,Indira,0,610,934,2188,2512,Yuxuan,0,570,906,2213,2549,Emma,0,540,944,2146,2550,Y
DSC_8534.tif,3,3,2,1,2,Indira,2,434,826,2597,2989,Yuxuan,1,449,817,2634,3002,Emma,3,396,868,2562,3034,Y
DSC_8534.tif,3,3,2,1,3,Indira,5,990,1396,2607,3013,Yuxuan,6,1023,1369,2634,2980,Emma,5,978,1408,2596,3026,Y
DSC_8534.tif,3,3,2,1,4,Indira,3,990,1308,2170,2488,Yuxuan,4,960,1286,2170,2496,Emma,4,958,1328,2158,2528,Y
DSC_8534.tif,3,3,2,3,1,Indira,0,2320,2644,2364,2688,Yuxuan,0,2317,2613,2370,2666,Emma,0,2263,2651,2334,2722,Y
DSC_8534.tif,3,3,2,3,2,Indira,0,2225,2537,2708,3020,Yuxuan,0,2239,2513,2728,3002,Emma,0,2179,2575,2688,3084,Y
DSC_8534.tif,3,3,2,3,3,Indira,5,2708,3020,2736,3048,Yuxuan,4,2644,2970,2718,3044,Emma,4,2655,2999,2714,3058,Y
DSC_8534.tif,3,3,2,3,4,Indira,3,2661,2959,2376,2674,Yuxuan,3,2634,2896,2392,2654,Emma,3,2604,2942,2368,2706,Y
DSC_8534.tif,3,3,3,1,1,Indira,0,789,1107,3568,3886,Yuxuan,0,822,1086,3581,3845,Emma,0,759,1105,3556,3902,Y
DSC_8534.tif,3,3,3,1,2,Indira,2,648,1066,3894,4312,Yuxuan,1,686,1032,3898,4244,Emma,1,637,1083,3902,4348,Y
DSC_8534.tif,3,3,3,1,3,Indira,5,1172,1518,3998,4344,Yuxuan,4,1190,1476,3981,4267,Emma,5,1159,1531,3968,4340,Y
DSC_8534.tif,3,3,3,1,4,Indira,4,1101,1445,3528,3872,Yuxuan,3,1101,1417,3486,3802,Emma,4,1088,1450,3522,3884,Y
DSC_8534.tif,3,3,3,3,1,Indira,0,2278,2644,3602,3968,Yuxuan,0,2264,2644,3591,3971,Emma,0,2173,2663,3496,3986,Y
DSC_8534.tif,3,3,3,3,2,Indira,1,2187,2641,4042,4496,Yuxuan,0,2223,2581,4086,4444,Emma,1,2161,2667,4028,4534,Y
DSC_8534.tif,3,3,3,3,3,Indira,4,2722,3122,4008,4408,Yuxuan,5,2729,3087,3982,4340,Emma,4,2688,3118,3960,4390,Y
DSC_8534.tif,3,3,3,3,4,Indira,0,2647,3061,3554,3968,Yuxuan,0,2676,2970,3634,3928,Emma,[],[],[],[],[],K
DSC_9227_s2.TIF,3,3,1,1,1,Raf,0,528,800,497,769,Indira,0,570,826,513,769,Yuxuan,0,549,813,506,770,Y
DSC_9227_s2.TIF,3,3,1,1,2,Raf,0,435,707,826,1098,Indira,0,484,722,840,1078,Yuxuan,0,496,718,853,1075,Y
DSC_9227_s2.TIF,3,3,1,1,3,Raf,0,571,897,1132,1458,Indira,0,567,891,1098,1422,Yuxuan,0,612,886,1112,1386,Y
DSC_9227_s2.TIF,3,3,1,1,4,Raf,6,1018,1264,1054,1300,Indira,5,1016,1254,1042,1280,Yuxuan,5,1012,1244,1044,1276,Y
DSC_9227_s2.TIF,3,3,1,1,5,Raf,6,914,1150,774,1010,Indira,5,924,1162,786,1024,Yuxuan,6,943,1133,790,980,Y
DSC_9227_s2.TIF,3,3,1,1,6,Raf,3,826,1036,510,720,Indira,2,840,1090,509,759,Yuxuan,3,812,1012,506,706,Y
DSC_9227_s2.TIF,3,3,1,3,1,Raf,4,2072,2336,400,664,Indira,4,2080,2356,424,700,Yuxuan,5,2096,2308,432,644,Y
DSC_9227_s2.TIF,3,3,1,3,2,Raf,0,1888,2204,703,1019,Indira,0,1964,2208,759,1003,Yuxuan,0,1959,2223,748,1012,Y
DSC_9227_s2.TIF,3,3,1,3,3,Raf,0,1914,2238,1006,1330,Indira,0,2004,2262,1064,1322,Yuxuan,0,1992,2276,1022,1306,Y
DSC_9227_s2.TIF,3,3,1,3,4,Raf,0,2476,2844,971,1339,Indira,0,2486,2790,1014,1318,Yuxuan,0,2497,2771,1032,1306,Y
DSC_9227_s2.TIF,3,3,1,3,5,Raf,6,2484,2748,694,958,Indira,5,2498,2742,712,956,Yuxuan,6,2481,2713,728,960,Y
DSC_9227_s2.TIF,3,3,1,3,6,Raf,6,2362,2634,422,694,Indira,5,2390,2662,430,702,Yuxuan,6,2370,2612,412,654,Y
DSC_9227_s2.TIF,3,3,2,2,1,Raf,6,1554,1712,1848,2006,Indira,6,1535,1745,1808,2018,Yuxuan,6,1528,1716,1834,2022,Y
DSC_9227_s2.TIF,3,3,2,2,2,Raf,4,1444,1672,2028,2256,Indira,3,1447,1697,2012,2262,Yuxuan,3,1444,1664,2034,2254,Y
DSC_9227_s2.TIF,3,3,2,2,3,Raf,0,1388,1704,2286,2602,Indira,0,1442,1694,2322,2574,Yuxuan,0,1397,1711,2308,2622,Y
DSC_9227_s2.TIF,3,3,2,2,4,Raf,0,1878,2142,2207,2471,Indira,0,1958,2168,2232,2442,Yuxuan,0,1876,2128,2239,2491,Y
DSC_9227_s2.TIF,3,3,2,2,5,Raf,0,1826,2098,1936,2208,Indira,0,1842,2126,1937,2221,Yuxuan,0,1864,2064,1981,2181,Y
DSC_9227_s2.TIF,3,3,2,2,6,Raf,5,1730,1940,1804,2014,Indira,5,1731,1961,1788,2018,Yuxuan,6,1728,1928,1818,2018,Y
DSC_9227_s2.TIF,3,3,3,1,1,Raf,5,746,992,3041,3287,Indira,5,770,1020,3034,3284,Yuxuan,5,759,991,3034,3266,Y
DSC_9227_s2.TIF,3,3,3,1,2,Raf,6,694,940,3353,3599,Indira,6,674,946,3324,3596,Yuxuan,6,706,928,3370,3592,Y
DSC_9227_s2.TIF,3,3,3,1,3,Raf,3,676,976,3612,3912,Indira,2,694,966,3608,3880,Yuxuan,3,696,970,3639,3913,Y
DSC_9227_s2.TIF,3,3,3,1,4,Raf,0,1168,1484,3467,3783,Indira,0,1200,1464,3460,3724,Yuxuan,0,1160,1434,3450,3724,Y
DSC_9227_s2.TIF,3,3,3,1,5,Raf,0,1116,1370,3151,3405,Indira,0,1166,1388,3166,3388,Yuxuan,0,1139,1369,3182,3412,Y
DSC_9227_s2.TIF,3,3,3,1,6,Raf,0,1002,1282,2880,3160,Indira,0,1024,1280,2875,3131,Yuxuan,[],[],[],[],[],K
DSC_9227_s2.TIF,3,3,3,3,1,Raf,0,2160,2388,2984,3212,Indira,0,2186,2384,2992,3190,Yuxuan,[],[],[],[],[],K
DSC_9227_s2.TIF,3,3,3,3,2,Raf,5,2182,2400,3336,3554,Indira,5,2181,2425,3332,3576,Yuxuan,5,2201,2391,3328,3518,Y
DSC_9227_s2.TIF,3,3,3,3,3,Raf,5,2168,2380,3612,3824,Indira,5,2143,2401,3582,3840,Yuxuan,4,2175,2397,3602,3824,Y
DSC_9227_s2.TIF,3,3,3,3,4,Raf,2,2590,2836,3550,3796,Indira,2,2586,2878,3528,3820,Yuxuan,2,2612,2824,3549,3761,Y
DSC_9227_s2.TIF,3,3,3,3,5,Raf,0,2536,2782,3269,3515,Indira,0,2472,2756,3253,3537,Yuxuan,0,2486,2738,3255,3507,Y
DSC_9227_s2.TIF,3,3,3,3,6,Raf,0,2422,2686,2936,3200,Indira,0,2370,2668,2966,3264,Yuxuan,0,2417,2671,2980,3234,Y
DSC_9228_s1.TIF,3,3,1,1,1,JoshW,3,528,792,350,614,JoshB,2,556,802,379,625,Caroline,3,528,802,352,626,Y
DSC_9228_s1.TIF,3,3,1,1,2,JoshW,0,424,742,644,962,JoshB,0,448,776,671,999,Caroline,0,394,802,604,1012,Y
DSC_9228_s1.TIF,3,3,1,1,3,JoshW,0,390,730,948,1288,JoshB,0,422,742,966,1286,Caroline,0,391,707,948,1264,Y
DSC_9228_s1.TIF,3,3,1,1,4,JoshW,0,965,1291,928,1254,JoshB,0,970,1256,923,1209,Caroline,0,998,1314,914,1230,Y
DSC_9228_s1.TIF,3,3,1,1,5,JoshW,6,902,1172,604,874,JoshB,5,928,1164,646,882,Caroline,5,906,1180,632,906,Y
DSC_9228_s1.TIF,3,3,1,1,6,JoshW,6,830,1060,386,616,JoshB,4,826,1122,362,658,Caroline,6,854,1106,380,632,Y
DSC_9228_s1.TIF,3,3,1,3,1,JoshW,3,2102,2332,474,704,JoshB,3,2119,2323,514,718,Caroline,[],[],[],[],[],K
DSC_9228_s1.TIF,3,3,1,3,2,JoshW,2,2018,2282,668,932,JoshB,2,2032,2310,679,957,Caroline,3,2030,2318,667,955,Y
DSC_9228_s1.TIF,3,3,1,3,3,JoshW,0,2086,2376,922,1212,JoshB,0,2106,2368,944,1206,Caroline,0,2050,2430,882,1262,Y
DSC_9228_s1.TIF,3,3,1,3,4,JoshW,0,2537,2793,868,1124,JoshB,0,2562,2874,898,1210,Caroline,0,2528,2880,853,1205,Y
DSC_9228_s1.TIF,3,3,1,3,5,JoshW,0,2384,2648,596,860,JoshB,0,2444,2688,608,852,Caroline,0,2415,2731,598,914,Y
DSC_9228_s1.TIF,3,3,1,3,6,JoshW,5,2288,2512,373,597,JoshB,6,2309,2529,380,600,Caroline,5,2280,2532,366,618,Y
DSC_9228_s1.TIF,3,3,2,2,1,JoshW,6,1166,1436,1687,1957,JoshB,5,1194,1420,1712,1938,Caroline,6,1160,1434,1686,1960,Y
DSC_9228_s1.TIF,3,3,2,2,2,JoshW,6,1124,1388,1964,2228,JoshB,5,1096,1390,1951,2245,Caroline,6,1104,1376,1954,2226,Y
DSC_9228_s1.TIF,3,3,2,2,3,JoshW,2,1240,1518,2255,2533,JoshB,2,1230,1552,2241,2563,Caroline,3,1208,1504,2247,2543,Y
DSC_9228_s1.TIF,3,3,2,2,4,JoshW,0,1686,2018,2079,2411,JoshB,0,1728,2014,2086,2372,Caroline,0,1721,2057,2086,2422,Y
DSC_9228_s1.TIF,3,3,2,2,5,JoshW,0,1578,1876,1771,2069,JoshB,0,1618,1930,1778,2090,Caroline,0,1574,1904,1756,2086,Y
DSC_9228_s1.TIF,3,3,2,2,6,JoshW,1,1464,1694,1544,1774,JoshB,1,1442,1694,1501,1753,Caroline,1,1468,1728,1496,1756,Y
DSC_9228_s1.TIF,3,3,3,1,1,JoshW,0,485,723,2992,3230,JoshB,0,524,718,3130,3324,Caroline,[],[],[],[],[],K
DSC_9228_s1.TIF,3,3,3,1,2,JoshW,6,502,726,3362,3586,JoshB,5,532,760,3371,3599,Caroline,6,510,756,3356,3602,Y
DSC_9228_s1.TIF,3,3,3,1,3,JoshW,5,590,826,3626,3862,JoshB,5,600,810,3624,3834,Caroline,5,574,826,3602,3854,Y
DSC_9228_s1.TIF,3,3,3,1,4,JoshW,2,1056,1288,3463,3695,JoshB,2,1028,1306,3433,3711,Caroline,2,1047,1335,3448,3736,Y
DSC_9228_s1.TIF,3,3,3,1,5,JoshW,0,848,1118,3155,3425,JoshB,0,852,1104,3139,3391,Caroline,0,808,1166,3107,3465,Y
DSC_9228_s1.TIF,3,3,3,1,6,JoshW,1,752,962,2936,3146,JoshB,0,759,963,2940,3144,Caroline,0,696,976,2887,3167,Y
DSC_9228_s1.TIF,3,3,3,3,1,JoshW,0,2099,2389,2912,3202,JoshB,0,2146,2330,2992,3176,Caroline,0,2114,2374,2946,3206,Y
DSC_9228_s1.TIF,3,3,3,3,2,JoshW,0,2048,2380,3256,3588,JoshB,0,2064,2360,3290,3586,Caroline,0,2030,2388,3266,3624,Y
DSC_9228_s1.TIF,3,3,3,3,3,JoshW,6,2134,2376,3680,3922,JoshB,6,2098,2410,3653,3965,Caroline,5,2122,2402,3645,3925,Y
DSC_9228_s1.TIF,3,3,3,3,4,JoshW,6,2607,2871,3474,3738,JoshB,6,2591,2845,3454,3708,Caroline,5,2581,2869,3468,3756,Y
DSC_9228_s1.TIF,3,3,3,3,5,JoshW,4,2594,2844,3196,3446,JoshB,2,2604,2856,3190,3442,Caroline,3,2556,2914,3153,3511,Y
DSC_9228_s1.TIF,3,3,3,3,6,JoshW,0,2445,2709,2932,3196,JoshB,[],[],[],[],[],Caroline,0,2460,2728,2942,3210,K
_DSC2689.tif,3,3,1,1,1,Clem,0,524,914,777,1167,JoshW,0,498,872,759,1133,JoshB,0,519,891,810,1182,Y
_DSC2689.tif,3,3,1,1,2,Clem,0,382,696,1191,1505,JoshW,0,418,708,1202,1492,JoshB,0,362,706,1152,1496,Y
_DSC2689.tif,3,3,1,1,3,Clem,0,368,672,1552,1856,JoshW,0,380,716,1524,1860,JoshB,0,372,676,1505,1809,Y
_DSC2689.tif,3,3,1,1,4,Clem,1,1077,1371,1572,1866,JoshW,0,1102,1446,1542,1886,JoshB,1,1124,1410,1576,1862,Y
_DSC2689.tif,3,3,1,1,5,Clem,0,896,1296,1105,1505,JoshW,0,942,1270,1126,1454,JoshB,0,962,1248,1162,1448,Y
_DSC2689.tif,3,3,1,1,6,Clem,0,858,1276,691,1109,JoshW,0,872,1218,742,1088,JoshB,0,952,1210,790,1048,Y
_DSC2689.tif,3,3,1,3,1,Clem,0,2104,2418,810,1124,JoshW,0,2054,2422,788,1156,JoshB,0,2175,2395,838,1058,Y
_DSC2689.tif,3,3,1,3,2,Clem,0,2048,2456,1129,1537,JoshW,0,2046,2414,1178,1546,JoshB,0,2056,2380,1181,1505,Y
_DSC2689.tif,3,3,1,3,3,Clem,0,1990,2380,1581,1971,JoshW,0,1982,2356,1631,2005,JoshB,0,2056,2352,1609,1905,Y
_DSC2689.tif,3,3,1,3,4,Clem,0,2570,2894,1490,1814,JoshW,0,2544,2888,1492,1836,JoshB,0,2570,2894,1505,1829,Y
_DSC2689.tif,3,3,1,3,5,Clem,0,2518,2814,1114,1410,JoshW,0,2509,2845,1088,1424,JoshB,0,2532,2800,1133,1401,Y
_DSC2689.tif,3,3,1,3,6,Clem,0,2418,2694,791,1067,JoshW,0,2433,2755,712,1034,JoshB,0,2486,2762,815,1091,Y
_DSC2689.tif,3,3,2,2,1,Clem,0,1410,1772,2466,2828,JoshW,0,1424,1790,2453,2819,JoshB,0,1420,1762,2485,2827,Y
_DSC2689.tif,3,3,2,2,2,Clem,0,1314,1638,2842,3166,JoshW,0,1302,1668,2832,3198,JoshB,0,1324,1676,2837,3189,Y
_DSC2689.tif,3,3,2,2,3,Clem,0,1390,1790,3103,3503,JoshW,0,1386,1806,3152,3572,JoshB,0,1448,1772,3209,3533,Y
_DSC2689.tif,3,3,2,2,4,Clem,0,1962,2286,2971,3295,JoshW,0,1966,2318,2972,3324,JoshB,0,1980,2294,2990,3304,Y
_DSC2689.tif,3,3,2,2,5,Clem,3,1980,2314,2732,3066,JoshW,2,2029,2319,2732,3022,JoshB,3,2028,2286,2756,3014,Y
_DSC2689.tif,3,3,2,2,6,Clem,3,1810,2162,2462,2814,JoshW,2,1852,2128,2516,2792,JoshB,3,1856,2094,2528,2766,Y
_DSC2689.tif,3,3,3,1,1,Clem,1,438,744,3560,3866,JoshW,1,436,720,3576,3860,JoshB,2,496,744,3603,3851,Y
_DSC2689.tif,3,3,3,1,2,Clem,0,306,668,3985,4347,JoshW,0,314,690,3985,4361,JoshB,0,334,668,3960,4294,Y
_DSC2689.tif,3,3,3,1,3,Clem,0,334,696,4383,4745,JoshW,0,292,720,4403,4831,JoshB,0,296,734,4384,4822,Y
_DSC2689.tif,3,3,3,1,4,Clem,0,876,1324,4060,4508,JoshW,0,914,1274,4184,4544,JoshB,0,977,1263,4226,4512,Y
_DSC2689.tif,3,3,3,1,5,Clem,0,820,1162,3828,4170,JoshW,0,823,1189,3810,4176,JoshB,0,876,1124,3879,4127,Y
_DSC2689.tif,3,3,3,1,6,Clem,0,752,1010,3561,3819,JoshW,0,728,1026,3512,3810,JoshB,0,757,1015,3532,3790,Y
_DSC2689.tif,3,3,3,3,1,Clem,4,2410,2608,3790,3988,JoshW,3,2406,2658,3764,4016,JoshB,4,2428,2656,3775,4003,Y
_DSC2689.tif,3,3,3,3,2,Clem,4,2386,2614,4028,4256,JoshW,3,2364,2662,4020,4318,JoshB,4,2352,2646,3995,4289,Y
_DSC2689.tif,3,3,3,3,3,Clem,0,2370,2686,4425,4741,JoshW,0,2342,2732,4411,4801,JoshB,[],[],[],[],[],K
_DSC2689.tif,3,3,3,3,4,Clem,0,2962,3200,4294,4532,JoshW,0,2960,3306,4317,4663,JoshB,0,2894,3256,4270,4632,Y
_DSC2689.tif,3,3,3,3,5,Clem,0,2942,3266,3865,4189,JoshW,0,3000,3320,3864,4184,JoshB,0,2990,3352,3899,4261,Y
_DSC2689.tif,3,3,3,3,6,Clem,0,2724,2990,3656,3922,JoshW,0,2662,3000,3610,3948,JoshB,0,2714,3000,3651,3937,Y
_DSC2690.tif,3,3,1,1,1,Raf,0,536,884,804,1152,Indira,0,582,858,850,1126,Yuxuan,0,578,864,846,1132,Y
_DSC2690.tif,3,3,1,1,2,Raf,1,466,774,1190,1498,Indira,1,498,804,1186,1492,Yuxuan,[],[],[],[],[],K
_DSC2690.tif,3,3,1,1,3,Raf,0,526,864,1468,1806,Indira,0,621,873,1554,1806,Yuxuan,0,584,846,1482,1744,Y
_DSC2690.tif,3,3,1,1,4,Raf,0,1023,1369,1360,1706,Indira,0,1068,1352,1362,1646,Yuxuan,0,1048,1404,1316,1672,Y
_DSC2690.tif,3,3,1,1,5,Raf,0,942,1260,992,1310,Indira,0,934,1294,965,1325,Yuxuan,0,964,1238,970,1244,Y
_DSC2690.tif,3,3,1,1,6,Raf,0,864,1180,641,957,Indira,0,904,1140,682,918,Yuxuan,0,906,1156,702,952,Y
_DSC2690.tif,3,3,1,3,1,Raf,0,2271,2589,754,1072,Indira,0,2319,2609,850,1140,Yuxuan,0,2368,2606,906,1144,Y
_DSC2690.tif,3,3,1,3,2,Raf,0,2213,2559,1102,1448,Indira,0,2272,2524,1210,1462,Yuxuan,0,2273,2583,1166,1476,Y
_DSC2690.tif,3,3,1,3,3,Raf,0,2360,2638,1488,1766,Indira,0,2356,2624,1511,1779,Yuxuan,0,2368,2618,1458,1708,Y
_DSC2690.tif,3,3,1,3,4,Raf,1,2768,3084,1211,1527,Indira,1,2800,3076,1244,1520,Yuxuan,1,2784,3022,1250,1488,Y
_DSC2690.tif,3,3,1,3,5,Raf,0,2698,3006,957,1265,Indira,0,2716,2968,1007,1259,Yuxuan,0,2702,2952,1000,1250,Y
_DSC2690.tif,3,3,1,3,6,Raf,0,2638,2886,719,967,Indira,0,2662,2884,808,1030,Yuxuan,0,2660,2874,762,976,Y
_DSC2690.tif,3,3,2,2,1,Raf,0,1548,1864,2178,2494,Indira,0,1608,1898,2239,2529,Yuxuan,0,1620,1880,2281,2541,Y
_DSC2690.tif,3,3,2,2,2,Raf,0,1398,1746,2484,2832,Indira,0,1431,1715,2578,2862,Yuxuan,0,1452,1726,2594,2868,Y
_DSC2690.tif,3,3,2,2,3,Raf,0,1390,1746,2822,3178,Indira,0,1524,1806,2939,3221,Yuxuan,0,1554,1804,2940,3190,Y
_DSC2690.tif,3,3,2,2,4,Raf,0,2024,2370,2792,3138,Indira,0,2082,2380,2831,3129,Yuxuan,0,2036,2310,2820,3094,Y
_DSC2690.tif,3,3,2,2,5,Raf,0,2019,2355,2490,2826,Indira,0,2035,2311,2502,2778,Yuxuan,0,2048,2298,2558,2808,Y
_DSC2690.tif,3,3,2,2,6,Raf,0,1954,2282,2182,2510,Indira,0,1936,2234,2189,2487,Yuxuan,0,1988,2250,2232,2494,Y
_DSC2690.tif,3,3,3,1,1,Raf,0,770,1126,3610,3966,Indira,0,761,1083,3656,3978,Yuxuan,0,834,1108,3672,3946,Y
_DSC2690.tif,3,3,3,1,2,Raf,0,626,982,3957,4313,Indira,0,692,976,4016,4300,Yuxuan,0,656,1000,3987,4331,Y
_DSC2690.tif,3,3,3,1,3,Raf,0,696,1092,4339,4735,Indira,0,735,1049,4384,4698,Yuxuan,0,702,1024,4408,4730,Y
_DSC2690.tif,3,3,3,1,4,Raf,0,1280,1686,4274,4680,Indira,0,1381,1679,4254,4552,Yuxuan,0,1334,1678,4255,4599,Y
_DSC2690.tif,3,3,3,1,5,Raf,1,1211,1527,3888,4204,Indira,2,1240,1568,3879,4207,Yuxuan,2,1227,1523,3904,4200,Y
_DSC2690.tif,3,3,3,1,6,Raf,2,1142,1428,3556,3842,Indira,2,1166,1412,3580,3826,Yuxuan,2,1144,1370,3570,3796,Y
_DSC2690.tif,3,3,3,3,1,Raf,1,2510,2806,3551,3847,Indira,1,2524,2846,3546,3868,Yuxuan,1,2535,2785,3558,3808,Y
_DSC2690.tif,3,3,3,3,2,Raf,0,2420,2708,3873,4161,Indira,1,2426,2686,3860,4120,Yuxuan,0,2446,2696,3880,4130,Y
_DSC2690.tif,3,3,3,3,3,Raf,0,2425,2753,4264,4592,Indira,1,2414,2744,4238,4568,Yuxuan,0,2446,2720,4260,4534,Y
_DSC2690.tif,3,3,3,3,4,Raf,1,2906,3252,4111,4457,Indira,1,2938,3260,4123,4445,Yuxuan,0,2928,3248,4107,4427,Y
_DSC2690.tif,3,3,3,3,5,Raf,0,2826,3154,3818,4146,Indira,0,2816,3114,3810,4108,Yuxuan,0,2862,3100,3844,4082,Y
_DSC2690.tif,3,3,3,3,6,Raf,2,2792,3098,3472,3778,Indira,0,2816,3084,3504,3772,Yuxuan,2,2850,3088,3522,3760,Y
_DSC2691.tif,3,3,1,1,1,JoshW,3,529,819,850,1140,JoshB,2,562,820,866,1124,Caroline,3,536,806,874,1144,Y
_DSC2691.tif,3,3,1,1,2,JoshW,2,472,754,1172,1454,JoshB,1,476,810,1138,1472,Caroline,3,500,722,1198,1420,Y
_DSC2691.tif,3,3,1,1,3,JoshW,0,449,731,1478,1760,JoshB,0,430,752,1439,1761,Caroline,0,444,754,1484,1794,Y
_DSC2691.tif,3,3,1,1,4,JoshW,0,1072,1394,1354,1676,JoshB,0,1048,1352,1319,1623,Caroline,0,1069,1393,1342,1666,Y
_DSC2691.tif,3,3,1,1,5,JoshW,0,923,1213,1034,1324,JoshB,0,944,1248,1029,1333,Caroline,0,948,1218,1048,1318,Y
_DSC2691.tif,3,3,1,1,6,JoshW,0,792,1122,712,1042,JoshB,0,858,1114,791,1047,Caroline,0,818,1104,738,1024,Y
_DSC2691.tif,3,3,1,3,1,JoshW,0,2096,2434,838,1176,JoshB,0,2162,2420,886,1144,Caroline,0,2123,2415,882,1174,Y
_DSC2691.tif,3,3,1,3,2,JoshW,0,1956,2276,1164,1484,JoshB,1,2018,2266,1191,1439,Caroline,1,1996,2250,1166,1420,Y
_DSC2691.tif,3,3,1,3,3,JoshW,0,2004,2350,1522,1868,JoshB,0,2048,2332,1553,1837,Caroline,1,2048,2340,1533,1825,Y
_DSC2691.tif,3,3,1,3,4,JoshW,0,2624,2976,1446,1798,JoshB,0,2628,2980,1433,1785,Caroline,0,2638,3020,1420,1802,Y
_DSC2691.tif,3,3,1,3,5,JoshW,0,2544,2850,1094,1400,JoshB,0,2542,2846,1077,1381,Caroline,0,2512,2860,1072,1420,Y
_DSC2691.tif,3,3,1,3,6,JoshW,0,2418,2678,824,1084,JoshB,0,2438,2704,791,1057,Caroline,0,2420,2690,770,1040,Y
_DSC2691.tif,3,3,2,2,1,JoshW,0,1470,1776,2242,2548,JoshB,0,1524,1800,2257,2533,Caroline,0,1496,1798,2246,2548,Y
_DSC2691.tif,3,3,2,2,2,JoshW,0,1388,1726,2532,2870,JoshB,0,1401,1771,2514,2884,Caroline,0,1404,1714,2554,2864,Y
_DSC2691.tif,3,3,2,2,3,JoshW,0,1286,1638,2942,3294,JoshB,1,1324,1638,2971,3285,Caroline,1,1331,1631,2968,3268,Y
_DSC2691.tif,3,3,2,2,4,JoshW,0,1810,2178,2930,3298,JoshB,1,1866,2190,2899,3223,Caroline,3,1868,2170,2928,3230,Y
_DSC2691.tif,3,3,2,2,5,JoshW,0,1879,2199,2510,2830,JoshB,0,1909,2185,2552,2828,Caroline,0,1928,2262,2523,2857,Y
_DSC2691.tif,3,3,2,2,6,JoshW,0,1836,2128,2241,2533,JoshB,0,1876,2124,2228,2476,Caroline,0,1849,2167,2206,2524,Y
_DSC2691.tif,3,3,3,1,1,JoshW,0,696,980,3488,3772,JoshB,0,724,1000,3475,3751,Caroline,0,714,992,3494,3772,Y
_DSC2691.tif,3,3,3,1,2,JoshW,0,670,1014,3772,4116,JoshB,0,610,990,3728,4108,Caroline,0,668,944,3749,4025,Y
_DSC2691.tif,3,3,3,1,3,JoshW,0,651,949,4170,4468,JoshB,0,620,1010,4108,4498,Caroline,0,644,992,4110,4458,Y
_DSC2691.tif,3,3,3,1,4,JoshW,0,1110,1408,3970,4268,JoshB,1,1114,1400,4013,4299,Caroline,1,1136,1396,4003,4263,Y
_DSC2691.tif,3,3,3,1,5,JoshW,0,1048,1302,3748,4002,JoshB,1,1068,1324,3728,3984,Caroline,1,1048,1326,3724,4002,Y
_DSC2691.tif,3,3,3,1,6,JoshW,0,988,1270,3466,3748,JoshB,0,1058,1304,3486,3732,Caroline,[],[],[],[],[],K
_DSC2691.tif,3,3,3,3,1,JoshW,0,2514,2842,3688,4016,JoshB,0,2504,2846,3666,4008,Caroline,0,2500,2840,3662,4002,Y
_DSC2691.tif,3,3,3,3,2,JoshW,0,2330,2636,4002,4308,JoshB,0,2332,2600,3983,4251,Caroline,0,2302,2650,3936,4284,Y
_DSC2691.tif,3,3,3,3,3,JoshW,0,2410,2762,4288,4640,JoshB,0,2400,2742,4241,4583,Caroline,0,2388,2730,4228,4570,Y
_DSC2691.tif,3,3,3,3,4,JoshW,0,2884,3182,4246,4544,JoshB,0,2942,3228,4275,4561,Caroline,0,2928,3260,4225,4557,Y
_DSC2691.tif,3,3,3,3,5,JoshW,3,3026,3278,3932,4184,JoshB,3,3019,3295,3932,4208,Caroline,3,3015,3307,3920,4212,Y
_DSC2691.tif,3,3,3,3,6,JoshW,4,2904,3156,3688,3940,JoshB,4,2899,3157,3674,3932,Caroline,4,2896,3190,3654,3948,Y
_DSC2692.tif,3,3,1,1,1,Raf,3,676,924,834,1082,Indira,2,666,972,801,1107,Yuxuan,2,692,940,841,1089,Y
_DSC2692.tif,3,3,1,1,2,Raf,0,566,854,1107,1395,Indira,0,614,888,1118,1392,Yuxuan,0,596,906,1107,1417,Y
_DSC2692.tif,3,3,1,1,3,Raf,0,536,824,1582,1870,Indira,0,560,896,1585,1921,Yuxuan,0,596,882,1607,1893,Y
_DSC2692.tif,3,3,1,1,4,Raf,0,1142,1478,1325,1661,Indira,0,1156,1470,1320,1634,Yuxuan,0,1096,1416,1346,1666,Y
_DSC2692.tif,3,3,1,1,5,Raf,0,992,1290,1027,1325,Indira,0,1018,1286,1067,1335,Yuxuan,0,1024,1310,1072,1358,Y
_DSC2692.tif,3,3,1,1,6,Raf,3,942,1210,779,1047,Indira,2,952,1190,788,1026,Yuxuan,3,935,1161,798,1024,Y
_DSC2692.tif,3,3,1,3,1,Raf,1,2262,2520,884,1142,Indira,1,2234,2548,857,1171,Yuxuan,0,2268,2530,894,1156,Y
_DSC2692.tif,3,3,1,3,2,Raf,0,2084,2370,1156,1442,Indira,1,2066,2380,1163,1477,Yuxuan,0,2112,2386,1166,1440,Y
_DSC2692.tif,3,3,1,3,3,Raf,0,2172,2490,1473,1791,Indira,0,2169,2475,1470,1776,Yuxuan,0,2202,2464,1476,1738,Y
_DSC2692.tif,3,3,1,3,4,Raf,0,2628,2926,1413,1711,Indira,0,2610,2946,1405,1741,Yuxuan,0,2606,2904,1428,1726,Y
_DSC2692.tif,3,3,1,3,5,Raf,0,2728,3044,1038,1354,Indira,0,2732,3038,1037,1343,Yuxuan,0,2750,3000,1066,1316,Y
_DSC2692.tif,3,3,1,3,6,Raf,0,2568,2826,829,1087,Indira,0,2551,2811,820,1080,Yuxuan,0,2548,2820,847,1119,Y
_DSC2692.tif,3,3,2,2,1,Raf,0,1474,1760,2510,2796,Indira,0,1511,1757,2532,2778,Yuxuan,0,1506,1756,2512,2762,Y
_DSC2692.tif,3,3,2,2,2,Raf,0,1433,1771,2876,3214,Indira,0,1476,1768,2922,3214,Yuxuan,0,1494,1768,2904,3178,Y
_DSC2692.tif,3,3,2,2,3,Raf,0,1558,1884,3185,3511,Indira,0,1657,1971,3198,3512,Yuxuan,0,1666,1928,3190,3452,Y
_DSC2692.tif,3,3,2,2,4,Raf,0,2152,2410,3069,3327,Indira,0,2044,2410,2984,3350,Yuxuan,0,2118,2368,3058,3308,Y
_DSC2692.tif,3,3,2,2,5,Raf,0,2034,2370,2654,2990,Indira,0,2031,2421,2632,3022,Yuxuan,0,2054,2328,2654,2928,Y
_DSC2692.tif,3,3,2,2,6,Raf,0,1736,2074,2360,2698,Indira,0,1795,2115,2426,2746,Yuxuan,0,1798,2084,2422,2708,Y
_DSC2692.tif,3,3,3,1,1,Raf,0,645,963,3600,3918,Indira,0,624,916,3664,3956,Yuxuan,0,680,918,3654,3892,Y
_DSC2692.tif,3,3,3,1,2,Raf,0,526,804,3937,4215,Indira,0,566,866,3989,4289,Yuxuan,0,620,834,3962,4176,Y
_DSC2692.tif,3,3,3,1,3,Raf,3,724,1062,4174,4512,Indira,2,804,1080,4223,4499,Yuxuan,3,756,1042,4212,4498,Y
_DSC2692.tif,3,3,3,1,4,Raf,3,1171,1527,4126,4482,Indira,2,1190,1466,4200,4476,Yuxuan,3,1196,1422,4188,4414,Y
_DSC2692.tif,3,3,3,1,5,Raf,0,1062,1390,3778,4106,Indira,0,1088,1432,3837,4181,Yuxuan,0,1096,1392,3863,4159,Y
_DSC2692.tif,3,3,3,1,6,Raf,0,913,1231,3500,3818,Indira,0,972,1240,3550,3818,Yuxuan,0,976,1238,3552,3814,Y
_DSC2692.tif,3,3,3,3,1,Raf,0,2811,3099,3500,3788,Indira,0,2811,3133,3480,3802,Yuxuan,0,2826,3076,3534,3784,Y
_DSC2692.tif,3,3,3,3,2,Raf,0,2648,2956,3828,4136,Indira,0,2640,2954,3818,4132,Yuxuan,0,2714,2952,3856,4094,Y
_DSC2692.tif,3,3,3,3,3,Raf,0,2758,3054,4141,4437,Indira,0,2747,3045,4146,4444,Yuxuan,0,2784,3034,4171,4421,Y
_DSC2692.tif,3,3,3,3,4,Raf,0,3164,3500,3957,4293,Indira,1,3160,3466,4005,4311,Yuxuan,1,3410,3434,4236,4260,Y
_DSC2692.tif,3,3,3,3,5,Raf,1,3184,3412,3778,4006,Indira,1,3144,3450,3763,4069,Yuxuan,1,3166,3452,3760,4046,Y
_DSC2692.tif,3,3,3,3,6,Raf,0,3084,3372,3485,3773,Indira,0,3144,3382,3542,3780,Yuxuan,0,3118,3392,3528,3802,Y
_DSC3040.TIF,3,2,1,1,1,Indira,3,904,1248,495,839,Yuxuan,3,976,1202,590,816,Emma,3,919,1243,496,820,K
_DSC3040.TIF,3,2,1,1,3,Indira,0,612,1088,1197,1673,Yuxuan,0,744,1006,1262,1524,Emma,0,696,1106,1253,1663,K
_DSC3040.TIF,3,2,1,2,1,Indira,4,2540,2862,601,923,Yuxuan,3,2570,2856,632,918,Emma,4,2509,2861,592,944,Y
_DSC3040.TIF,3,2,1,2,2,Indira,0,2342,2724,908,1290,Yuxuan,0,2446,2708,976,1238,Emma,0,2395,2757,914,1276,Y
_DSC3040.TIF,3,2,1,2,3,Indira,0,2356,2792,1232,1668,Yuxuan,0,2434,2708,1322,1596,Emma,0,2394,2776,1276,1658,Y
_DSC3040.TIF,3,2,1,2,4,Indira,3,2991,3373,1286,1668,Yuxuan,2,3028,3350,1298,1620,Emma,2,3023,3347,1296,1620,Y
_DSC3040.TIF,3,2,1,2,5,Indira,5,3076,3450,912,1286,Yuxuan,4,3094,3380,917,1203,Emma,4,3076,3418,901,1243,Y
_DSC3040.TIF,3,2,1,2,6,Indira,2,2935,3263,598,926,Yuxuan,1,2976,3226,644,894,Emma,2,2914,3238,605,929,Y
_DSC3040.TIF,3,2,2,1,1,Indira,0,931,1213,2242,2524,Yuxuan,[],[],[],[],[],Emma,0,914,1248,2190,2524,K
_DSC3040.TIF,3,2,2,1,2,Indira,3,780,1056,2540,2816,Yuxuan,1,775,1059,2524,2808,Emma,3,729,1109,2476,2856,Y
_DSC3040.TIF,3,2,2,1,3,Indira,4,685,1045,2876,3236,Yuxuan,4,750,1036,2922,3208,Emma,4,704,1038,2894,3228,Y
_DSC3040.TIF,3,2,2,1,4,Indira,3,1340,1654,2915,3229,Yuxuan,0,1310,1572,2952,3214,Emma,1,1282,1614,2962,3294,Y
_DSC3040.TIF,3,2,2,1,5,Indira,0,1340,1744,2572,2976,Yuxuan,0,1358,1620,2618,2880,Emma,0,1272,1700,2562,2990,Y
_DSC3040.TIF,3,2,2,1,6,Indira,2,1232,1598,2204,2570,Yuxuan,1,1280,1506,2262,2488,Emma,2,1219,1543,2238,2562,Y
_DSC3040.TIF,3,2,2,2,1,Indira,0,2472,2792,2075,2395,Yuxuan,0,2488,2784,2131,2427,Emma,0,2466,2838,2094,2466,Y
_DSC3040.TIF,3,2,2,2,2,Indira,3,2288,2654,2461,2827,Yuxuan,3,2298,2606,2459,2767,Emma,3,2267,2647,2448,2828,Y
_DSC3040.TIF,3,2,2,2,3,Indira,3,2260,2712,2838,3290,Yuxuan,0,2362,2648,2904,3190,Emma,1,2294,2714,2856,3276,Y
_DSC3040.TIF,3,2,2,2,4,Indira,6,2995,3371,2830,3206,Yuxuan,5,3046,3296,2868,3118,Emma,5,3004,3366,2846,3208,Y
_DSC3040.TIF,3,2,2,2,5,Indira,0,3006,3374,2394,2762,Yuxuan,0,3035,3343,2476,2784,Emma,0,3008,3390,2428,2810,Y
_DSC3040.TIF,3,2,2,2,6,Indira,5,2870,3252,2028,2410,Yuxuan,4,2928,3166,2100,2338,Emma,4,2880,3222,2038,2380,Y
_DSC3040.TIF,3,2,3,1,1,Indira,5,1191,1473,3680,3962,Yuxuan,6,1214,1452,3713,3951,Emma,5,1152,1486,3646,3980,Y
_DSC3040.TIF,3,2,3,1,2,Indira,2,1034,1386,3920,4272,Yuxuan,1,1072,1358,3998,4284,Emma,1,1010,1390,3932,4312,Y
_DSC3040.TIF,3,2,3,1,3,Indira,1,1034,1438,4285,4689,Yuxuan,0,1060,1358,4361,4659,Emma,0,1077,1447,4332,4702,Y
_DSC3040.TIF,3,2,3,1,4,Indira,4,1622,2074,4329,4781,Yuxuan,4,1726,1988,4402,4664,Emma,4,1661,2033,4350,4722,Y
_DSC3040.TIF,3,2,3,1,5,Indira,0,1642,1970,4032,4360,Yuxuan,0,1584,1916,4041,4373,Emma,0,1558,1918,4028,4388,Y
_DSC3040.TIF,3,2,3,1,6,Indira,4,1473,1817,3664,4008,Yuxuan,4,1440,1714,3724,3998,Emma,4,1424,1776,3684,4036,Y
_DSC3040.TIF,3,2,3,2,2,Indira,2,2196,2664,3970,4438,Yuxuan,1,2267,2577,4094,4404,Emma,1,2148,2594,4018,4464,Y
_DSC3040.TIF,3,2,3,2,3,Indira,0,2230,2690,4406,4866,Yuxuan,0,2338,2600,4510,4772,Emma,0,2271,2633,4446,4808,Y
_DSC3040.TIF,3,2,3,2,4,Indira,1,2904,3362,4300,4758,Yuxuan,0,2999,3295,4404,4700,Emma,0,2924,3322,4300,4698,Y
_DSC3040.TIF,3,2,3,2,5,Indira,3,2953,3313,4024,4384,Yuxuan,3,3004,3302,3998,4296,Emma,3,2976,3356,3980,4360,Y
_DSC3040.TIF,3,2,3,2,6,Indira,5,2839,3191,3688,4040,Yuxuan,5,2832,3058,3760,3986,Emma,4,2823,3129,3722,4028,Y
_DSC3041.TIF,3,2,1,1,1,Raf,3,744,1082,506,844,Indira,2,773,1109,544,880,Yuxuan,2,810,1108,536,834,Y
_DSC3041.TIF,3,2,1,1,2,Raf,3,556,894,982,1320,Indira,2,606,926,989,1309,Yuxuan,2,584,952,959,1327,Y
_DSC3041.TIF,3,2,1,1,3,Raf,3,656,1022,1305,1671,Indira,3,690,988,1344,1642,Yuxuan,3,673,947,1346,1620,Y
_DSC3041.TIF,3,2,1,1,4,Raf,0,1190,1568,1274,1652,Indira,0,1278,1600,1274,1596,Yuxuan,0,1268,1542,1286,1560,Y
_DSC3041.TIF,3,2,1,1,5,Raf,0,1270,1618,873,1221,Indira,0,1262,1584,938,1260,Yuxuan,0,1298,1536,952,1190,Y
_DSC3041.TIF,3,2,1,1,6,Raf,0,1112,1458,547,893,Indira,1,1149,1493,552,896,Yuxuan,0,1160,1422,608,870,Y
_DSC3041.TIF,3,2,1,2,1,Raf,0,2276,2634,774,1132,Indira,0,2300,2620,812,1132,Yuxuan,0,2314,2612,798,1096,Y
_DSC3041.TIF,3,2,1,2,2,Raf,1,2103,2449,1062,1408,Indira,2,2097,2449,1094,1446,Yuxuan,1,2160,2422,1108,1370,Y
_DSC3041.TIF,3,2,1,2,3,Raf,3,2192,2490,1488,1786,Indira,3,2200,2560,1492,1852,Yuxuan,3,2226,2476,1512,1762,Y
_DSC3041.TIF,3,2,1,2,4,Raf,0,2796,3114,1354,1672,Indira,0,2812,3134,1362,1684,Yuxuan,0,2844,3094,1370,1620,Y
_DSC3041.TIF,3,2,1,2,5,Raf,0,2886,3204,997,1315,Indira,0,2862,3182,973,1293,Yuxuan,0,2880,3142,1000,1262,Y
_DSC3041.TIF,3,2,1,2,6,Raf,0,2558,2876,635,953,Indira,0,2616,2908,662,954,Yuxuan,0,2630,2880,674,924,Y
_DSC3041.TIF,3,2,2,1,1,Raf,1,962,1250,2072,2360,Indira,1,958,1286,2055,2383,Yuxuan,1,1001,1237,2084,2320,Y
_DSC3041.TIF,3,2,2,1,2,Raf,0,834,1250,2351,2767,Indira,0,880,1224,2372,2716,Yuxuan,0,922,1232,2428,2738,Y
_DSC3041.TIF,3,2,2,1,3,Raf,0,650,1088,2796,3234,Indira,0,693,1029,2800,3136,Yuxuan,0,750,1012,2838,3100,Y
_DSC3041.TIF,3,2,2,1,4,Raf,1,1350,1716,2812,3178,Indira,2,1386,1722,2843,3179,Yuxuan,0,1370,1666,2839,3135,Y
_DSC3041.TIF,3,2,2,1,5,Raf,0,1360,1706,2490,2836,Indira,0,1432,1738,2505,2811,Yuxuan,[],[],[],[],[],K
_DSC3041.TIF,3,2,2,1,6,Raf,6,1330,1568,2207,2445,Indira,5,1340,1608,2184,2452,Yuxuan,5,1334,1620,2178,2464,Y
_DSC3041.TIF,3,2,2,2,1,Raf,1,2540,2866,2213,2539,Indira,1,2625,2923,2250,2548,Yuxuan,0,2606,2868,2292,2554,Y
_DSC3041.TIF,3,2,2,2,2,Raf,0,2450,2748,2573,2871,Indira,0,2388,2770,2494,2876,Yuxuan,0,2428,2702,2570,2844,Y
_DSC3041.TIF,3,2,2,2,3,Raf,0,2500,2758,3034,3292,Indira,0,2394,2740,2945,3291,Yuxuan,0,2482,2744,2976,3238,Y
_DSC3041.TIF,3,2,2,2,4,Raf,0,2966,3282,2995,3311,Indira,0,3006,3320,2992,3306,Yuxuan,0,2988,3226,3000,3238,Y
_DSC3041.TIF,3,2,2,2,5,Raf,4,3024,3332,2608,2916,Indira,3,2992,3336,2587,2931,Yuxuan,3,3028,3338,2618,2928,Y
_DSC3041.TIF,3,2,2,2,6,Raf,0,2926,3262,2213,2549,Indira,0,2968,3266,2269,2567,Yuxuan,0,2970,3208,2320,2558,Y
_DSC3041.TIF,3,2,3,1,1,Raf,2,992,1370,3708,4086,Indira,3,1002,1340,3756,4094,Yuxuan,3,1000,1322,3742,4064,Y
_DSC3041.TIF,3,2,3,1,2,Raf,3,829,1137,4046,4354,Indira,4,809,1183,3986,4360,Yuxuan,4,816,1162,4034,4380,Y
_DSC3041.TIF,3,2,3,1,3,Raf,4,819,1127,4472,4780,Indira,5,840,1152,4476,4788,Yuxuan,4,846,1108,4474,4736,Y
_DSC3041.TIF,3,2,3,1,4,Raf,0,1398,1826,4362,4790,Indira,[],[],[],[],[],Yuxuan,0,1416,1750,4355,4689,K
_DSC3041.TIF,3,2,3,1,5,Raf,4,1592,1890,3966,4264,Indira,3,1576,1914,3978,4316,Yuxuan,3,1584,1846,3962,4224,Y
_DSC3041.TIF,3,2,3,1,6,Raf,0,1295,1643,3728,4076,Indira,0,1340,1630,3787,4077,Yuxuan,0,1346,1596,3802,4052,Y
_DSC3041.TIF,3,2,3,2,1,Raf,0,2510,2836,3824,4150,Indira,0,2548,2838,3833,4123,Yuxuan,0,2558,2820,3856,4118,Y
_DSC3041.TIF,3,2,3,2,3,Raf,0,2286,2624,4452,4790,Indira,1,2330,2658,4460,4788,Yuxuan,0,2344,2606,4522,4784,Y
_DSC3041.TIF,3,2,3,2,4,Raf,3,2986,3312,4369,4695,Indira,3,2984,3306,4380,4702,Yuxuan,3,2988,3272,4357,4641,Y
_DSC3041.TIF,3,2,3,2,5,Raf,1,2920,3268,3976,4324,Indira,2,2938,3274,3983,4319,Yuxuan,1,2946,3220,3998,4272,Y
_DSC3041.TIF,3,2,3,2,6,Raf,0,2786,3114,3718,4046,Indira,0,2792,3076,3756,4040,Yuxuan,0,2784,3058,3766,4040,Y
_DSC3042.TIF,3,3,1,1,1,Mark,2,724,1048,815,1139,Clem,4,762,1000,863,1101,JoshW,2,696,1034,818,1156,Y
_DSC3042.TIF,3,3,1,1,2,Mark,0,582,914,1158,1490,Clem,0,544,914,1115,1485,JoshW,0,528,926,1094,1492,Y
_DSC3042.TIF,3,3,1,1,3,Mark,0,696,1048,1524,1876,Clem,0,644,1062,1486,1904,JoshW,0,639,1067,1530,1958,Y
_DSC3042.TIF,3,3,1,1,4,Mark,2,1086,1458,1514,1886,Clem,2,1096,1438,1514,1856,JoshW,2,1088,1438,1562,1912,Y
_DSC3042.TIF,3,3,1,1,5,Mark,5,1144,1534,1162,1552,Clem,5,1123,1467,1190,1534,JoshW,4,1172,1484,1191,1503,Y
_DSC3042.TIF,3,3,1,1,6,Mark,4,1033,1367,886,1220,Clem,[],[],[],[],[],JoshW,4,1006,1298,918,1210,Y
_DSC3042.TIF,3,3,1,3,1,Mark,3,2532,2838,1019,1325,Clem,4,2542,2838,1048,1344,JoshW,3,2548,2830,1038,1320,Y
_DSC3042.TIF,3,3,1,3,2,Mark,0,2342,2676,1281,1615,Clem,0,2294,2608,1300,1614,JoshW,0,2304,2624,1241,1561,Y
_DSC3042.TIF,3,3,1,3,3,Mark,2,2266,2686,1566,1986,Clem,2,2238,2656,1562,1980,JoshW,2,2291,2635,1638,1982,Y
_DSC3042.TIF,3,3,1,3,4,Mark,0,2884,3370,1562,2048,Clem,0,2942,3294,1643,1995,JoshW,0,2938,3252,1638,1952,Y
_DSC3042.TIF,3,3,1,3,5,Mark,0,2894,3352,1271,1729,Clem,0,2980,3256,1353,1629,JoshW,0,2915,3259,1348,1692,Y
_DSC3042.TIF,3,3,1,3,6,Mark,6,2808,3208,1009,1409,Clem,5,2818,3114,1114,1410,JoshW,5,2816,3152,1076,1412,Y
_DSC3042.TIF,3,3,2,2,1,Mark,6,1772,2172,2090,2490,Clem,6,1780,2124,2119,2463,JoshW,5,1784,2074,2139,2429,Y
_DSC3042.TIF,3,3,2,2,2,Mark,1,1580,2000,2413,2833,Clem,1,1585,1967,2494,2876,JoshW,1,1576,1944,2452,2820,Y
_DSC3042.TIF,3,3,2,2,3,Mark,0,1610,2038,2775,3203,Clem,0,1638,1942,2866,3170,JoshW,0,1604,1948,2846,3190,Y
_DSC3042.TIF,3,3,2,2,4,Mark,1,2308,2738,2808,3238,Clem,3,2286,2608,2852,3174,JoshW,1,2296,2662,2835,3201,Y
_DSC3042.TIF,3,3,2,2,5,Mark,2,2248,2676,2419,2847,Clem,3,2248,2618,2476,2846,JoshW,2,2288,2602,2468,2782,Y
_DSC3042.TIF,3,3,2,2,6,Mark,0,2129,2519,2134,2524,Clem,0,2142,2486,2194,2538,JoshW,0,2139,2491,2158,2510,Y
_DSC3042.TIF,3,3,3,1,1,Mark,3,1010,1372,3398,3760,Clem,3,1068,1352,3481,3765,JoshW,2,1010,1324,3412,3726,Y
_DSC3042.TIF,3,3,3,1,2,Mark,6,810,1266,3703,4159,Clem,6,830,1220,3756,4146,JoshW,6,846,1252,3710,4116,Y
_DSC3042.TIF,3,3,3,1,4,Mark,0,1504,1980,4070,4546,Clem,0,1542,1838,4117,4413,JoshW,0,1520,1872,4086,4438,Y
_DSC3042.TIF,3,3,3,1,5,Mark,0,1486,1886,3703,4103,Clem,0,1476,1828,3775,4127,JoshW,0,1492,1822,3809,4139,Y
_DSC3042.TIF,3,3,3,1,6,Mark,3,1324,1742,3351,3769,Clem,3,1304,1658,3398,3752,JoshW,2,1348,1692,3401,3745,Y
_DSC3042.TIF,3,3,3,3,1,Mark,6,2503,2885,3760,4142,Clem,5,2524,2808,3804,4088,JoshW,4,2524,2838,3806,4120,Y
_DSC3042.TIF,3,3,3,3,2,Mark,1,2338,2766,4104,4532,Clem,1,2352,2752,4170,4570,JoshW,1,2284,2706,4100,4522,Y
_DSC3042.TIF,3,3,3,3,3,Mark,0,2343,2761,4542,4960,Clem,0,2400,2790,4569,4959,JoshW,0,2380,2708,4583,4911,Y
_DSC3042.TIF,3,3,3,3,4,Mark,0,3084,3552,4526,4994,Clem,1,3132,3514,4555,4937,JoshW,0,3164,3522,4568,4926,Y
_DSC3042.TIF,3,3,3,3,5,Mark,0,3085,3589,4066,4570,Clem,0,3142,3466,4160,4484,JoshW,0,3136,3488,4162,4514,Y
_DSC3042.TIF,3,3,3,3,6,Mark,0,2924,3436,3605,4117,Clem,0,2914,3314,3647,4047,JoshW,0,2960,3274,3718,4032,Y
_DSC3043.TIF,3,2,1,1,1,Yuxuan,2,928,1132,494,698,Emma,3,891,1177,438,724,Mark,2,868,1248,392,772,Y
_DSC3043.TIF,3,2,1,1,2,Yuxuan,2,768,1030,714,976,Emma,3,687,1057,658,1028,Mark,2,706,1096,653,1043,Y
_DSC3043.TIF,3,2,1,1,4,Yuxuan,0,1317,1625,1132,1440,Emma,0,1296,1704,1067,1475,Mark,0,1314,1704,1077,1467,Y
_DSC3043.TIF,3,2,1,1,5,Yuxuan,6,1422,1696,714,988,Emma,6,1401,1743,706,1048,Mark,6,1390,1762,695,1067,Y
_DSC3043.TIF,3,2,1,1,6,Yuxuan,0,1250,1476,494,720,Emma,0,1228,1542,410,724,Mark,0,1228,1666,381,819,Y
_DSC3043.TIF,3,2,1,2,1,Yuxuan,0,2428,2666,530,768,Emma,0,2381,2723,458,800,Mark,0,2366,2766,410,810,Y
_DSC3043.TIF,3,2,1,2,2,Yuxuan,1,2208,2494,858,1144,Emma,1,2152,2514,810,1172,Mark,1,2153,2543,772,1162,Y
_DSC3043.TIF,3,2,1,2,3,Yuxuan,3,2268,2530,1190,1452,Emma,4,2189,2561,1152,1524,Mark,3,2162,2580,1134,1552,Y
_DSC3043.TIF,3,2,1,2,4,Yuxuan,0,2778,3100,1190,1512,Emma,0,2761,3143,1152,1534,Mark,0,2770,3228,1114,1572,Y
_DSC3043.TIF,3,2,1,2,5,Yuxuan,1,2874,3136,810,1072,Emma,1,2833,3223,782,1172,Mark,1,2818,3284,734,1200,Y
_DSC3043.TIF,3,2,1,2,6,Yuxuan,4,2726,2952,465,691,Emma,4,2681,2967,410,696,Mark,3,2694,3000,410,716,Y
_DSC3043.TIF,3,2,2,1,1,Yuxuan,[],[],[],[],[],Emma,0,976,1290,1980,2294,Mark,0,914,1266,1938,2290,K
_DSC3043.TIF,3,2,2,1,2,Yuxuan,1,811,1131,2250,2570,Emma,1,763,1143,2238,2618,Mark,0,782,1124,2228,2570,Y
_DSC3043.TIF,3,2,2,1,3,Yuxuan,1,858,1166,2673,2981,Emma,1,800,1182,2651,3033,Mark,0,815,1187,2646,3018,Y
_DSC3043.TIF,3,2,2,1,4,Yuxuan,0,1440,1726,2547,2833,Emma,0,1390,1742,2547,2899,Mark,0,1372,1810,2509,2947,Y
_DSC3043.TIF,3,2,2,1,5,Yuxuan,0,1322,1642,2227,2547,Emma,0,1281,1577,2266,2562,Mark,0,1276,1696,2180,2600,Y
_DSC3043.TIF,3,2,2,1,6,Yuxuan,5,1274,1536,1952,2214,Emma,6,1286,1562,1952,2228,Mark,6,1248,1610,1891,2253,Y
_DSC3043.TIF,3,2,2,2,1,Yuxuan,0,2308,2570,2036,2298,Emma,0,2314,2618,1986,2290,Mark,0,2266,2628,1924,2286,Y
_DSC3043.TIF,3,2,2,2,2,Yuxuan,3,2173,2445,2286,2558,Emma,3,2142,2486,2242,2586,Mark,2,2142,2542,2214,2614,Y
_DSC3043.TIF,3,2,2,2,3,Yuxuan,0,2238,2512,2570,2844,Emma,1,2180,2532,2538,2890,Mark,1,2162,2552,2518,2908,Y
_DSC3043.TIF,3,2,2,2,4,Yuxuan,0,2802,3052,2500,2750,Emma,0,2814,3146,2476,2808,Mark,0,2790,3200,2442,2852,Y
_DSC3043.TIF,3,2,2,2,5,Yuxuan,5,2838,3124,2154,2440,Emma,6,2838,3152,2167,2481,Mark,6,2780,3218,2100,2538,Y
_DSC3043.TIF,3,2,2,2,6,Yuxuan,1,2630,2904,1910,2184,Emma,2,2600,2962,1838,2200,Mark,1,2580,3056,1776,2252,Y
_DSC3043.TIF,3,2,3,1,1,Yuxuan,6,1018,1268,3416,3666,Emma,5,976,1272,3408,3704,Mark,6,905,1305,3332,3732,Y
_DSC3043.TIF,3,2,3,1,2,Yuxuan,1,858,1072,3672,3886,Emma,1,790,1076,3622,3908,Mark,1,744,1134,3528,3918,Y
_DSC3043.TIF,3,2,3,1,4,Yuxuan,0,1358,1608,4070,4320,Emma,0,1295,1657,3998,4360,Mark,0,1304,1686,3975,4357,Y
_DSC3043.TIF,3,2,3,1,5,Yuxuan,1,1702,1702,3974,3974,Emma,1,1405,1757,3684,4036,Mark,1,1352,1856,3575,4079,Y
_DSC3043.TIF,3,2,3,1,6,Yuxuan,2,1268,1518,3404,3654,Emma,2,1252,1566,3370,3684,Mark,1,1228,1658,3313,3743,Y
_DSC3043.TIF,3,2,3,2,1,Yuxuan,3,2619,2867,3238,3486,Emma,4,2570,2884,3185,3499,Mark,3,2580,2914,3180,3514,Y
_DSC3043.TIF,3,2,3,2,2,Yuxuan,0,2292,2554,3654,3916,Emma,0,2228,2562,3598,3932,Mark,0,2200,2638,3551,3989,Y
_DSC3043.TIF,3,2,3,2,3,Yuxuan,2,2250,2548,3998,4296,Emma,1,2214,2574,3990,4350,Mark,2,2134,2666,3918,4450,Y
_DSC3043.TIF,3,2,3,2,4,Yuxuan,4,2976,3238,3986,4248,Emma,5,2980,3304,4008,4332,Mark,4,2962,3370,3952,4360,Y
_DSC3043.TIF,3,2,3,2,5,Yuxuan,0,3034,3296,3660,3922,Emma,0,2980,3322,3628,3970,Mark,0,2962,3380,3594,4012,Y
_DSC3043.TIF,3,2,3,2,6,Yuxuan,1,2874,3124,3368,3618,Emma,1,2846,3198,3304,3656,Mark,1,2876,3266,3271,3661,Y
_DSC3044.TIF,3,3,1,1,1,Yuxuan,1,798,1048,756,1006,Emma,2,820,1068,772,1020,Mark,1,800,1076,752,1028,Y
_DSC3044.TIF,3,3,1,1,2,Yuxuan,2,656,952,1031,1327,Emma,2,658,934,1000,1276,Mark,1,648,962,990,1304,Y
_DSC3044.TIF,3,3,1,1,3,Yuxuan,0,608,918,1392,1702,Emma,0,573,981,1334,1742,Mark,1,572,982,1309,1719,Y
_DSC3044.TIF,3,3,1,1,4,Yuxuan,1,1256,1506,1476,1726,Emma,2,1228,1580,1428,1780,Mark,2,1182,1610,1414,1842,Y
_DSC3044.TIF,3,3,1,1,5,Yuxuan,0,1178,1428,1126,1376,Emma,0,1134,1476,1058,1400,Mark,0,1144,1552,1048,1456,Y
_DSC3044.TIF,3,3,1,1,6,Yuxuan,5,1024,1262,840,1078,Emma,5,1000,1258,820,1078,Mark,6,1029,1353,800,1124,Y
_DSC3044.TIF,3,3,1,3,1,Yuxuan,4,2344,2548,809,1013,Emma,4,2342,2590,786,1034,Mark,5,2304,2648,724,1068,Y
_DSC3044.TIF,3,3,1,3,2,Yuxuan,2,2202,2416,1072,1286,Emma,3,2156,2414,1076,1334,Mark,1,2124,2524,991,1391,Y
_DSC3044.TIF,3,3,1,3,4,Yuxuan,4,2768,3028,1382,1642,Emma,5,2770,3066,1385,1681,Mark,6,2724,3200,1276,1752,Y
_DSC3044.TIF,3,3,1,3,5,Yuxuan,4,2796,3034,1096,1334,Emma,4,2770,3076,1071,1377,Mark,4,2752,3160,1001,1409,Y
_DSC3044.TIF,3,3,1,3,6,Yuxuan,4,2654,2880,786,1012,Emma,4,2646,2914,776,1044,Mark,4,2608,2952,733,1077,Y
_DSC3044.TIF,3,3,2,2,1,Yuxuan,4,1578,1840,2048,2310,Emma,4,1542,1848,2008,2314,Mark,5,1486,1896,1933,2343,Y
_DSC3044.TIF,3,3,2,2,2,Yuxuan,0,1392,1678,2344,2630,Emma,0,1337,1691,2332,2686,Mark,0,1314,1752,2261,2699,Y
_DSC3044.TIF,3,3,2,2,3,Yuxuan,2,1416,1690,2773,3047,Emma,2,1334,1752,2728,3146,Mark,3,1334,1800,2694,3160,Y
_DSC3044.TIF,3,3,2,2,4,Yuxuan,1,2048,2332,2745,3029,Emma,1,2028,2418,2704,3094,Mark,1,2028,2486,2675,3133,Y
_DSC3044.TIF,3,3,2,2,5,Yuxuan,0,2094,2368,2380,2654,Emma,0,2048,2410,2314,2676,Mark,0,1990,2428,2233,2671,Y
_DSC3044.TIF,3,3,2,2,6,Yuxuan,1,1874,2136,2048,2310,Emma,2,1814,2166,1990,2342,Mark,1,1828,2256,1962,2390,Y
_DSC3044.TIF,3,3,3,1,2,Yuxuan,5,940,1214,3736,4010,Emma,4,914,1228,3713,4027,Mark,6,838,1286,3627,4075,Y
_DSC3044.TIF,3,3,3,1,3,Yuxuan,1,798,1108,4176,4486,Emma,1,724,1190,4132,4598,Mark,0,724,1220,4103,4599,Y
_DSC3044.TIF,3,3,3,1,4,Yuxuan,3,1518,1816,4058,4356,Emma,3,1510,1852,4056,4398,Mark,3,1514,1934,3998,4418,Y
_DSC3044.TIF,3,3,3,1,5,Yuxuan,1,1476,1762,3688,3974,Emma,1,1496,1848,3680,4032,Mark,0,1458,1972,3571,4085,Y
_DSC3044.TIF,3,3,3,1,6,Yuxuan,2,1322,1584,3332,3594,Emma,3,1258,1618,3314,3674,Mark,1,1281,1709,3294,3722,Y
_DSC3044.TIF,3,3,3,3,1,Yuxuan,3,2422,2636,3546,3760,Emma,3,2405,2671,3466,3732,Mark,1,2348,2738,3418,3808,Y
_DSC3044.TIF,3,3,3,3,2,Yuxuan,0,2262,2570,3851,4159,Emma,0,2223,2605,3722,4104,Mark,0,2251,2613,3732,4094,Y
_DSC3044.TIF,3,3,3,3,3,Yuxuan,3,2232,2494,4284,4546,Emma,3,2176,2518,4246,4588,Mark,3,2171,2543,4226,4598,Y
_DSC3044.TIF,3,3,3,3,4,Yuxuan,5,2642,2916,4136,4410,Emma,6,2637,2941,4132,4436,Mark,5,2661,3023,4112,4474,Y
_DSC3044.TIF,3,3,3,3,5,Yuxuan,2,2690,2952,3856,4118,Emma,2,2685,2979,3828,4122,Mark,1,2676,3046,3804,4174,Y
_DSC3044.TIF,3,3,3,3,6,Yuxuan,0,2648,2838,3642,3832,Emma,[],[],[],[],[],Mark,0,2638,3046,3452,3860,K
_DSC3535.TIF,3,3,1,2,1,Raf,4,1578,1904,587,913,Indira,4,1622,1944,601,923,Yuxuan,3,1620,1880,633,893,Y
_DSC3535.TIF,3,3,1,2,2,Raf,2,1319,1727,942,1350,Indira,3,1355,1783,934,1362,Yuxuan,3,1382,1690,1013,1321,Y
_DSC3535.TIF,3,3,1,2,3,Raf,0,1340,1756,1434,1850,Indira,0,1404,1786,1478,1860,Yuxuan,0,1416,1702,1500,1786,Y
_DSC3535.TIF,3,3,1,2,4,Raf,0,2054,2460,1345,1751,Indira,0,2096,2464,1393,1761,Yuxuan,0,2084,2356,1471,1743,Y
_DSC3535.TIF,3,3,1,2,5,Raf,0,2073,2421,952,1300,Indira,0,2088,2418,964,1294,Yuxuan,0,2124,2422,1000,1298,Y
_DSC3535.TIF,3,3,1,2,6,Raf,4,1914,2262,561,909,Indira,4,1944,2258,597,911,Yuxuan,3,1940,2226,614,900,Y
_DSC3535.TIF,3,3,2,1,1,Raf,5,814,1170,2034,2390,Indira,5,820,1110,2071,2361,Yuxuan,4,834,1096,2118,2380,Y
_DSC3535.TIF,3,3,2,1,2,Raf,4,616,934,2420,2738,Indira,4,548,1000,2326,2778,Yuxuan,3,638,936,2464,2762,Y
_DSC3535.TIF,3,3,2,1,3,Raf,0,655,1013,2836,3194,Indira,0,667,1003,2884,3220,Yuxuan,0,708,1042,2868,3202,Y
_DSC3535.TIF,3,3,2,1,4,Raf,0,1310,1666,2792,3148,Indira,0,1302,1654,2858,3210,Yuxuan,0,1334,1584,2850,3100,Y
_DSC3535.TIF,3,3,2,1,5,Raf,1,1260,1646,2366,2752,Indira,1,1278,1638,2376,2736,Yuxuan,2,1322,1642,2387,2707,Y
_DSC3535.TIF,3,3,2,1,6,Raf,1,1117,1503,1954,2340,Indira,1,1126,1454,2009,2337,Yuxuan,2,1178,1428,2042,2292,Y
_DSC3535.TIF,3,3,2,3,1,Raf,0,2182,2530,2013,2361,Indira,0,2173,2533,2004,2364,Yuxuan,0,2178,2488,2082,2392,Y
_DSC3535.TIF,3,3,2,3,2,Raf,5,1994,2350,2465,2821,Indira,5,1990,2356,2464,2830,Yuxuan,5,2000,2332,2476,2808,Y
_DSC3535.TIF,3,3,2,3,3,Raf,1,2013,2341,2846,3174,Indira,3,1952,2372,2770,3190,Yuxuan,3,2012,2310,2808,3106,Y
_DSC3535.TIF,3,3,2,3,4,Raf,3,2728,3074,2792,3138,Indira,3,2740,3122,2774,3156,Yuxuan,3,2726,3034,2803,3111,Y
_DSC3535.TIF,3,3,2,3,5,Raf,0,2758,3134,2421,2797,Indira,0,2770,3136,2411,2777,Yuxuan,0,2796,3106,2452,2762,Y
_DSC3535.TIF,3,3,2,3,6,Raf,0,2540,2886,2004,2350,Indira,1,2587,2945,1998,2356,Yuxuan,1,2577,2909,2024,2356,Y
_DSC3535.TIF,3,3,3,1,1,Raf,0,774,1152,3708,4086,Indira,0,838,1144,3756,4062,Yuxuan,0,834,1108,3790,4064,Y
_DSC3535.TIF,3,3,3,1,2,Raf,3,566,972,4076,4482,Indira,3,617,991,4070,4444,Yuxuan,3,596,976,4070,4450,Y
_DSC3535.TIF,3,3,3,1,3,Raf,2,646,1022,4503,4879,Indira,3,632,1016,4528,4912,Yuxuan,3,702,976,4564,4838,Y
_DSC3535.TIF,3,3,3,1,4,Raf,4,1260,1696,4483,4919,Indira,4,1309,1661,4536,4888,Yuxuan,4,1262,1642,4487,4867,Y
_DSC3535.TIF,3,3,3,1,5,Raf,0,1330,1736,4066,4472,Indira,0,1362,1722,4131,4491,Yuxuan,0,1334,1666,4112,4444,Y
_DSC3535.TIF,3,3,3,1,6,Raf,1,1160,1518,3684,4042,Indira,1,1194,1530,3718,4054,Yuxuan,2,1196,1458,3748,4010,Y
_DSC3535.TIF,3,3,3,3,1,Raf,0,2330,2658,3683,4011,Indira,0,2357,2655,3764,4062,Yuxuan,0,2356,2630,3748,4022,Y
_DSC3535.TIF,3,3,3,3,2,Raf,2,2132,2510,4016,4394,Indira,3,2161,2505,4024,4368,Yuxuan,3,2184,2518,4046,4380,Y
_DSC3535.TIF,3,3,3,3,3,Raf,3,2172,2500,4482,4810,Indira,4,2173,2525,4482,4834,Yuxuan,4,2226,2524,4498,4796,Y
_DSC3535.TIF,3,3,3,3,4,Raf,1,2778,3124,4458,4804,Indira,2,2784,3114,4474,4804,Yuxuan,2,2832,3046,4486,4700,Y
_DSC3535.TIF,3,3,3,3,5,Raf,4,2758,3144,4026,4412,Indira,4,2746,3152,4024,4430,Yuxuan,4,2796,3094,4058,4356,Y
_DSC3535.TIF,3,3,3,3,6,Raf,2,2678,3034,3699,4055,Indira,2,2686,3014,3734,4062,Yuxuan,2,2732,2982,3796,4046,Y
_DSC3536.TIF,3,3,1,2,1,Indira,3,1630,1990,696,1056,Yuxuan,2,1630,1916,708,994,Emma,2,1572,1972,648,1048,Y
_DSC3536.TIF,3,3,1,2,2,Indira,4,1344,1772,926,1354,Yuxuan,3,1422,1732,964,1274,Emma,4,1343,1743,914,1314,Y
_DSC3536.TIF,3,3,1,2,3,Indira,1,1340,1784,1332,1776,Yuxuan,0,1358,1714,1399,1755,Emma,0,1335,1733,1344,1742,Y
_DSC3536.TIF,3,3,1,2,4,Indira,0,2093,2461,1530,1898,Yuxuan,0,2058,2392,1476,1810,Emma,0,2013,2395,1542,1924,Y
_DSC3536.TIF,3,3,1,2,5,Indira,1,2116,2468,1048,1400,Yuxuan,0,2148,2410,1096,1358,Emma,1,2081,2481,1020,1420,Y
_DSC3536.TIF,3,3,1,2,6,Indira,6,1962,2230,758,1026,Yuxuan,5,1940,2202,750,1012,Emma,6,1934,2238,739,1043,Y
_DSC3536.TIF,3,3,2,1,1,Indira,4,774,1164,1947,2337,Yuxuan,4,858,1144,2012,2298,Emma,4,800,1162,1976,2338,Y
_DSC3536.TIF,3,3,2,1,2,Indira,0,499,889,2342,2732,Yuxuan,0,579,899,2464,2784,Emma,0,486,914,2376,2804,Y
_DSC3536.TIF,3,3,2,1,3,Indira,0,544,942,2838,3236,Yuxuan,0,583,941,2832,3190,Emma,0,458,952,2790,3284,Y
_DSC3536.TIF,3,3,2,1,4,Indira,5,1308,1698,2854,3244,Yuxuan,5,1298,1608,2862,3172,Emma,4,1290,1690,2828,3228,Y
_DSC3536.TIF,3,3,2,1,5,Indira,2,1361,1745,2394,2778,Yuxuan,3,1404,1690,2464,2750,Emma,3,1314,1752,2370,2808,Y
_DSC3536.TIF,3,3,2,1,6,Indira,4,1198,1572,2028,2402,Yuxuan,3,1167,1487,2048,2368,Emma,4,1144,1542,2015,2413,Y
_DSC3536.TIF,3,3,2,3,1,Indira,2,2350,2654,2128,2432,Yuxuan,2,2314,2648,2094,2428,Emma,2,2276,2676,2056,2456,Y
_DSC3536.TIF,3,3,2,3,2,Indira,4,2150,2518,2460,2828,Yuxuan,4,2142,2500,2446,2804,Emma,4,2114,2524,2428,2838,Y
_DSC3536.TIF,3,3,2,3,3,Indira,4,2166,2548,2850,3232,Yuxuan,5,2178,2536,2844,3202,Emma,4,2134,2570,2810,3246,Y
_DSC3536.TIF,3,3,2,3,4,Indira,1,2954,3282,2896,3224,Yuxuan,0,2952,3248,2905,3201,Emma,0,2866,3360,2781,3275,Y
_DSC3536.TIF,3,3,2,3,5,Indira,2,2999,3291,2440,2732,Yuxuan,1,2981,3255,2464,2738,Emma,1,2923,3313,2380,2770,Y
_DSC3536.TIF,3,3,2,3,6,Indira,0,2716,3022,2062,2368,Yuxuan,0,2756,3064,2048,2356,Emma,0,2680,3052,2028,2400,Y
_DSC3536.TIF,3,3,3,1,1,Indira,2,888,1240,3580,3932,Yuxuan,2,882,1190,3589,3897,Emma,2,820,1220,3536,3936,Y
_DSC3536.TIF,3,3,3,1,2,Indira,4,862,1320,3910,4368,Yuxuan,4,922,1244,3986,4308,Emma,4,872,1300,3932,4360,Y
_DSC3536.TIF,3,3,3,1,3,Indira,1,766,1232,4460,4926,Yuxuan,1,798,1166,4469,4837,Emma,1,734,1220,4446,4932,Y
_DSC3536.TIF,3,3,3,1,4,Indira,5,1516,1936,4437,4857,Yuxuan,5,1512,1868,4475,4831,Emma,4,1496,1904,4456,4864,Y
_DSC3536.TIF,3,3,3,1,5,Indira,0,1500,1952,3993,4445,Yuxuan,0,1572,1904,4065,4397,Emma,0,1543,1991,3998,4446,Y
_DSC3536.TIF,3,3,3,1,6,Indira,0,1386,1760,3635,4009,Yuxuan,0,1376,1648,3690,3962,Emma,0,1286,1724,3575,4013,Y
_DSC3536.TIF,3,3,3,3,1,Indira,6,2525,2809,3664,3948,Yuxuan,5,2738,2738,3940,3940,Emma,5,2494,2780,3665,3951,Y
_DSC3536.TIF,3,3,3,3,2,Indira,2,2307,2651,3956,4300,Yuxuan,3,2291,2589,4010,4308,Emma,3,2213,2651,3904,4342,Y
_DSC3536.TIF,3,3,3,3,3,Indira,0,2287,2617,4444,4774,Yuxuan,0,2302,2672,4462,4832,Emma,0,2224,2690,4418,4884,Y
_DSC3536.TIF,3,3,3,3,4,Indira,0,3037,3359,4460,4782,Yuxuan,0,2998,3332,4426,4760,Emma,0,2961,3351,4408,4798,Y
_DSC3536.TIF,3,3,3,3,5,Indira,1,2949,3279,4016,4346,Yuxuan,0,2940,3226,3998,4284,Emma,0,2875,3285,3970,4380,Y
_DSC3536.TIF,3,3,3,3,6,Indira,5,2766,3110,3642,3986,Yuxuan,4,2768,3100,3630,3962,Emma,4,2751,3113,3636,3998,Y
_DSC3537.TIF,3,3,1,2,1,JoshW,2,1568,1898,632,962,JoshB,3,1600,1904,648,952,Caroline,3,1588,1920,620,952,Y
_DSC3537.TIF,3,3,1,2,2,JoshW,0,1278,1698,984,1404,JoshB,0,1352,1696,1019,1363,Caroline,0,1285,1707,960,1382,Y
_DSC3537.TIF,3,3,1,2,3,JoshW,1,1262,1660,1451,1849,JoshB,1,1304,1686,1447,1829,Caroline,3,1222,1714,1408,1900,Y
_DSC3537.TIF,3,3,1,2,4,JoshW,0,2150,2510,1420,1780,JoshB,0,2104,2504,1367,1767,Caroline,0,2090,2582,1326,1818,Y
_DSC3537.TIF,3,3,1,2,5,JoshW,4,2036,2418,1007,1389,JoshB,4,2066,2418,1010,1362,Caroline,4,2043,2401,1016,1374,Y
_DSC3537.TIF,3,3,1,2,6,JoshW,6,1898,2280,652,1034,JoshB,4,1962,2248,710,996,Caroline,5,1913,2269,684,1040,Y
_DSC3537.TIF,3,3,2,1,1,JoshW,2,666,1080,2077,2491,JoshB,2,714,1086,2076,2448,Caroline,4,684,1072,2064,2452,Y
_DSC3537.TIF,3,3,2,1,2,JoshW,4,460,874,2494,2908,JoshB,5,463,891,2476,2904,Caroline,5,449,845,2500,2896,Y
_DSC3537.TIF,3,3,2,1,3,JoshW,0,598,1002,2988,3392,JoshB,0,648,1020,2980,3352,Caroline,1,596,1008,2948,3360,Y
_DSC3537.TIF,3,3,2,1,4,JoshW,3,1332,1692,2968,3328,JoshB,3,1334,1696,2971,3333,Caroline,4,1306,1742,2928,3364,Y
_DSC3537.TIF,3,3,2,1,5,JoshW,0,1354,1706,2456,2808,JoshB,0,1390,1752,2438,2800,Caroline,1,1358,1802,2388,2832,Y
_DSC3537.TIF,3,3,2,1,6,JoshW,0,1164,1508,1955,2299,JoshB,0,1152,1514,1994,2356,Caroline,1,1144,1548,1940,2344,Y
_DSC3537.TIF,3,3,2,3,1,JoshW,1,2134,2480,2042,2388,JoshB,2,2162,2504,2052,2394,Caroline,1,2134,2524,2035,2425,Y
_DSC3537.TIF,3,3,2,3,2,JoshW,5,1996,2372,2356,2732,JoshB,5,2024,2356,2400,2732,Caroline,6,2031,2357,2404,2730,Y
_DSC3537.TIF,3,3,2,3,3,JoshW,0,1994,2346,2732,3084,JoshB,2,2033,2357,2770,3094,Caroline,3,2040,2364,2770,3094,Y
_DSC3537.TIF,3,3,2,3,4,JoshW,1,2708,3068,2789,3149,JoshB,2,2732,3008,2800,3076,Caroline,3,2714,3070,2777,3133,Y
_DSC3537.TIF,3,3,2,3,5,JoshW,0,2686,3060,2391,2765,JoshB,0,2728,3060,2400,2732,Caroline,0,2666,3094,2356,2784,Y
_DSC3537.TIF,3,3,2,3,6,JoshW,0,2578,2916,1992,2330,JoshB,0,2600,2894,2029,2323,Caroline,0,2562,2928,1948,2314,Y
_DSC3537.TIF,3,3,3,1,1,JoshW,4,766,1148,3527,3909,JoshB,3,810,1182,3532,3904,Caroline,3,778,1166,3511,3899,Y
_DSC3537.TIF,3,3,3,1,2,JoshW,0,570,954,3962,4346,JoshB,0,592,982,4013,4403,Caroline,0,612,1016,3955,4359,Y
_DSC3537.TIF,3,3,3,1,3,JoshW,0,586,952,4384,4750,JoshB,1,630,1000,4399,4769,Caroline,1,604,1008,4396,4800,Y
_DSC3537.TIF,3,3,3,1,4,JoshW,3,1332,1722,4421,4811,JoshB,3,1362,1724,4426,4788,Caroline,4,1294,1762,4372,4840,Y
_DSC3537.TIF,3,3,3,1,5,JoshW,0,1435,1779,3940,4284,JoshB,0,1428,1752,3970,4294,Caroline,0,1452,1850,3934,4332,Y
_DSC3537.TIF,3,3,3,1,6,JoshW,6,1186,1500,3626,3940,JoshB,6,1186,1500,3608,3922,Caroline,6,1182,1500,3614,3932,Y
_DSC3537.TIF,3,3,3,3,1,JoshW,5,2196,2494,3573,3871,JoshB,4,2200,2514,3556,3870,Caroline,4,2198,2484,3578,3864,Y
_DSC3537.TIF,3,3,3,3,2,JoshW,0,2013,2411,3962,4360,JoshB,0,2077,2409,4018,4350,Caroline,0,1976,2388,3912,4324,Y
_DSC3537.TIF,3,3,3,3,3,JoshW,0,2028,2418,4399,4789,JoshB,0,2124,2456,4418,4750,Caroline,0,2056,2476,4368,4788,Y
_DSC3537.TIF,3,3,3,3,4,JoshW,2,2816,3198,4338,4720,JoshB,2,2833,3205,4360,4732,Caroline,2,2777,3213,4300,4736,Y
_DSC3537.TIF,3,3,3,3,5,JoshW,1,2797,3179,3802,4184,JoshB,2,2856,3190,3846,4180,Caroline,2,2860,3226,3800,4166,Y
_DSC3537.TIF,3,3,3,3,6,JoshW,4,2610,2884,3593,3867,JoshB,4,2646,2894,3618,3866,Caroline,4,2578,2920,3546,3888,Y
_DSC3538.TIF,3,3,1,2,1,Caroline,3,1366,1682,577,893,Raf,1,1418,1736,541,859,Indira,1,1411,1687,590,866,Y
_DSC3538.TIF,3,3,1,2,3,Caroline,3,1230,1666,1258,1694,Raf,1,1260,1626,1285,1651,Indira,2,1259,1673,1262,1676,Y
_DSC3538.TIF,3,3,1,2,4,Caroline,0,1949,2329,1278,1658,Raf,0,1914,2282,1290,1658,Indira,0,1936,2288,1309,1661,Y
_DSC3538.TIF,3,3,1,2,5,Caroline,4,2013,2321,898,1206,Raf,4,1970,2316,874,1220,Indira,4,1974,2388,884,1298,Y
_DSC3538.TIF,3,3,1,2,6,Caroline,4,1762,2118,612,968,Raf,4,1766,2092,587,913,Indira,5,1738,2128,567,957,Y
_DSC3538.TIF,3,3,2,1,1,Caroline,0,834,1174,1802,2142,Raf,0,844,1170,1757,2083,Indira,0,866,1148,1841,2123,Y
_DSC3538.TIF,3,3,2,1,2,Caroline,1,472,878,2134,2540,Raf,0,506,834,2172,2500,Indira,1,482,866,2183,2567,Y
_DSC3538.TIF,3,3,2,1,3,Caroline,0,532,914,2634,3016,Raf,0,551,889,2628,2966,Indira,0,536,904,2620,2988,Y
_DSC3538.TIF,3,3,2,1,4,Caroline,0,1251,1543,2778,3070,Raf,0,1210,1498,2796,3084,Indira,0,1240,1622,2739,3121,Y
_DSC3538.TIF,3,3,2,1,5,Caroline,5,1317,1675,2348,2706,Raf,5,1309,1647,2360,2698,Indira,5,1308,1638,2356,2686,Y
_DSC3538.TIF,3,3,2,1,6,Caroline,4,1226,1600,1888,2262,Raf,6,1200,1588,1864,2252,Indira,4,1218,1562,1894,2238,Y
_DSC3538.TIF,3,3,2,3,1,Caroline,5,2242,2566,1810,2134,Raf,6,2292,2530,1864,2102,Indira,4,2239,2567,1814,2142,Y
_DSC3538.TIF,3,3,2,3,2,Caroline,3,1976,2428,2174,2626,Raf,2,1984,2370,2222,2608,Indira,3,1997,2417,2174,2594,Y
_DSC3538.TIF,3,3,2,3,3,Caroline,0,2064,2444,2658,3038,Raf,0,2084,2460,2649,3025,Indira,0,2089,2447,2694,3052,Y
_DSC3538.TIF,3,3,2,3,4,Caroline,0,2896,3316,2610,3030,Raf,0,2866,3262,2599,2995,Indira,0,2884,3236,2621,2973,Y
_DSC3538.TIF,3,3,2,3,5,Caroline,6,2792,3222,2153,2583,Raf,6,2826,3184,2187,2545,Indira,5,2824,3236,2174,2586,Y
_DSC3538.TIF,3,3,2,3,6,Caroline,0,2618,2968,1845,2195,Raf,0,2608,2956,1820,2168,Indira,0,2632,2976,1845,2189,Y
_DSC3538.TIF,3,3,3,1,1,Caroline,0,754,1064,3562,3872,Raf,0,824,1092,3575,3843,Indira,0,2180,2494,3558,3872,Y
_DSC3538.TIF,3,3,3,1,2,Caroline,1,477,889,3808,4220,Raf,2,492,858,3848,4214,Indira,2,506,888,3818,4200,Y
_DSC3538.TIF,3,3,3,1,3,Caroline,0,469,897,4276,4704,Raf,0,536,894,4269,4627,Indira,0,536,904,4314,4682,Y
_DSC3538.TIF,3,3,3,1,4,Caroline,1,1166,1572,4251,4657,Raf,1,1190,1578,4288,4676,Indira,1,1232,1592,4268,4628,Y
_DSC3538.TIF,3,3,3,1,5,Caroline,0,1226,1646,3824,4244,Raf,0,1285,1631,3868,4214,Indira,0,1293,1623,3886,4216,Y
_DSC3538.TIF,3,3,3,1,6,Caroline,6,1060,1386,3522,3848,Raf,6,1062,1370,3530,3838,Indira,5,1083,1381,3534,3832,Y
_DSC3538.TIF,3,3,3,3,1,Caroline,0,2094,2578,3424,3908,Raf,0,2172,2530,3500,3858,Indira,0,2180,2494,3558,3872,Y
_DSC3538.TIF,3,3,3,3,2,Caroline,4,2024,2404,3888,4268,Raf,3,2014,2370,3913,4269,Indira,4,2028,2440,3883,4295,Y
_DSC3538.TIF,3,3,3,3,3,Caroline,2,2127,2475,4292,4640,Raf,2,2122,2440,4254,4572,Indira,2,2044,2464,4277,4697,Y
_DSC3538.TIF,3,3,3,3,4,Caroline,4,2706,3142,4236,4672,Raf,4,2748,3114,4280,4646,Indira,4,2732,3220,4216,4704,Y
_DSC3538.TIF,3,3,3,3,5,Caroline,3,2817,3189,3864,4236,Raf,1,2806,3184,3872,4250,Indira,2,2797,3201,3910,4314,Y
_DSC3538.TIF,3,3,3,3,6,Caroline,0,2642,3038,3448,3844,Raf,0,2644,3020,3462,3838,Indira,0,2659,3025,3512,3878,Y
_DSC7359.tif,2,5,1,1,1,JoshW,4,262,460,527,725,JoshB,4,270,480,540,750,Caroline,4,266,476,528,738,Y
_DSC7359.tif,2,5,1,1,2,JoshW,0,194,440,763,1009,JoshB,0,198,438,760,1000,Caroline,0,164,408,780,1024,Y
_DSC7359.tif,2,5,1,1,3,JoshW,0,317,517,990,1190,JoshB,0,344,554,990,1200,Caroline,0,292,536,968,1212,Y
_DSC7359.tif,2,5,1,1,4,JoshW,3,690,940,929,1179,JoshB,3,686,922,927,1163,Caroline,3,646,968,879,1201,Y
_DSC7359.tif,2,5,1,1,5,JoshW,5,628,852,659,883,JoshB,5,636,876,671,911,Caroline,5,640,852,681,893,Y
_DSC7359.tif,2,5,1,1,6,JoshW,0,536,726,464,654,JoshB,0,540,768,486,714,Caroline,0,530,778,440,688,Y
_DSC7359.tif,2,5,1,2,1,JoshW,0,1348,1552,393,597,JoshB,0,1396,1562,454,620,Caroline,0,1345,1577,366,598,Y
_DSC7359.tif,2,5,1,2,2,JoshW,3,1256,1480,677,901,JoshB,3,1276,1474,699,897,Caroline,3,1267,1489,656,878,Y
_DSC7359.tif,2,5,1,2,3,JoshW,0,1312,1510,978,1176,JoshB,0,1334,1542,979,1187,Caroline,0,1313,1545,964,1196,Y
_DSC7359.tif,2,5,1,2,4,JoshW,0,1748,1982,934,1168,JoshB,0,1774,1952,952,1130,Caroline,[],[],[],[],[],K
_DSC7359.tif,2,5,1,2,5,JoshW,4,1652,1862,592,802,JoshB,4,1657,1867,584,794,Caroline,4,1621,1869,594,842,Y
_DSC7359.tif,2,5,1,2,6,JoshW,5,1592,1776,388,572,JoshB,5,1609,1787,394,572,Caroline,4,1554,1802,324,572,Y
_DSC7359.tif,2,5,1,3,1,JoshW,4,2393,2637,236,480,JoshB,4,2418,2660,242,484,Caroline,3,2420,2658,238,476,Y
_DSC7359.tif,2,5,1,3,2,JoshW,0,2316,2536,483,703,JoshB,0,2292,2564,522,794,Caroline,0,2298,2580,476,758,Y
_DSC7359.tif,2,5,1,3,3,JoshW,0,2346,2566,796,1016,JoshB,0,2356,2570,805,1019,Caroline,1,2328,2570,813,1055,Y
_DSC7359.tif,2,5,1,3,4,JoshW,0,2760,3014,822,1076,JoshB,0,2806,3022,839,1055,Caroline,0,2731,3033,768,1070,Y
_DSC7359.tif,2,5,1,3,5,JoshW,0,2800,3040,506,746,JoshB,0,2800,3008,487,695,Caroline,0,2734,3068,432,766,Y
_DSC7359.tif,2,5,1,3,6,JoshW,4,2642,2866,243,467,JoshB,4,2622,2862,230,470,Caroline,3,2621,2875,234,488,Y
_DSC7359.tif,2,5,1,4,1,JoshW,4,3408,3646,412,650,JoshB,4,3422,3636,440,654,Caroline,3,3413,3641,408,636,Y
_DSC7359.tif,2,5,1,4,2,JoshW,4,3420,3644,684,908,JoshB,2,3414,3662,686,934,Caroline,4,3422,3666,681,925,Y
_DSC7359.tif,2,5,1,4,3,JoshW,0,3363,3563,990,1190,JoshB,0,3387,3583,972,1168,Caroline,0,3390,3602,995,1207,Y
_DSC7359.tif,2,5,1,4,4,JoshW,0,3830,4050,822,1042,JoshB,0,3855,4059,838,1042,Caroline,1,3833,4091,832,1090,Y
_DSC7359.tif,2,5,1,4,5,JoshW,0,3873,4113,546,786,JoshB,0,3890,4120,561,791,Caroline,1,3856,4126,514,784,Y
_DSC7359.tif,2,5,1,4,6,JoshW,0,3695,3899,378,582,JoshB,0,3726,3910,382,566,Caroline,0,3660,3908,337,585,Y
_DSC7359.tif,2,5,1,5,1,JoshW,0,4630,4886,286,542,JoshB,0,4671,4855,344,528,Caroline,0,4601,4861,270,530,Y
_DSC7359.tif,2,5,1,5,2,JoshW,5,4540,4820,516,796,JoshB,5,4538,4818,524,804,Caroline,4,4535,4795,524,784,Y
_DSC7359.tif,2,5,1,5,3,JoshW,3,4554,4788,828,1062,JoshB,3,4570,4792,820,1042,Caroline,3,4547,4773,816,1042,Y
_DSC7359.tif,2,5,1,5,4,JoshW,0,4960,5246,816,1102,JoshB,0,4995,5243,864,1112,Caroline,0,4975,5259,816,1100,Y
_DSC7359.tif,2,5,1,5,5,JoshW,3,4922,5192,551,821,JoshB,4,4964,5198,557,791,Caroline,3,4925,5183,536,794,Y
_DSC7359.tif,2,5,1,5,6,JoshW,0,4906,5136,288,518,JoshB,0,4909,5143,300,534,Caroline,0,4898,5156,258,516,Y
_DSC7359.tif,2,5,2,1,1,JoshW,0,480,668,2220,2408,JoshB,0,496,744,2203,2451,Caroline,[],[],[],[],[],K
_DSC7359.tif,2,5,2,1,2,JoshW,0,444,730,2418,2704,JoshB,0,484,692,2451,2659,Caroline,0,440,730,2404,2694,Y
_DSC7359.tif,2,5,2,1,3,JoshW,3,470,674,2724,2928,JoshB,3,484,706,2726,2948,Caroline,3,440,694,2700,2954,Y
_DSC7359.tif,2,5,2,1,4,JoshW,2,960,1128,2759,2927,JoshB,5,934,1118,2742,2926,Caroline,4,934,1124,2762,2952,Y
_DSC7359.tif,2,5,2,1,5,JoshW,0,870,1090,2484,2704,JoshB,0,897,1073,2502,2678,Caroline,0,858,1112,2441,2695,Y
_DSC7359.tif,2,5,2,1,6,JoshW,4,766,974,2273,2481,JoshB,4,794,990,2276,2472,Caroline,5,757,969,2254,2466,Y
_DSC7359.tif,2,5,2,2,1,JoshW,4,1510,1756,2142,2388,JoshB,4,1524,1772,2152,2400,Caroline,4,1537,1759,2164,2386,Y
_DSC7359.tif,2,5,2,2,2,JoshW,0,1335,1569,2372,2606,JoshB,0,1378,1600,2371,2593,Caroline,1,1328,1614,2332,2618,Y
_DSC7359.tif,2,5,2,2,3,JoshW,0,1404,1678,2627,2901,JoshB,0,1396,1682,2599,2885,Caroline,1,1382,1688,2587,2893,Y
_DSC7359.tif,2,5,2,2,4,JoshW,3,1778,2028,2520,2770,JoshB,3,1803,2013,2552,2762,Caroline,3,1778,2036,2534,2792,Y
_DSC7359.tif,2,5,2,2,5,JoshW,6,1872,2096,2295,2519,JoshB,5,1883,2105,2310,2532,Caroline,5,1867,2117,2274,2524,Y
_DSC7359.tif,2,5,2,2,6,JoshW,0,1790,2000,2096,2306,JoshB,0,1810,2000,2162,2352,Caroline,[],[],[],[],[],K
_DSC7359.tif,2,5,2,3,1,JoshW,0,2438,2662,2130,2354,JoshB,0,2432,2710,2149,2427,Caroline,[],[],[],[],[],K
_DSC7359.tif,2,5,2,3,2,JoshW,2,2495,2709,2356,2570,JoshB,1,2508,2736,2359,2587,Caroline,3,2495,2705,2360,2570,Y
_DSC7359.tif,2,5,2,3,3,JoshW,0,2356,2582,2657,2883,JoshB,0,2386,2602,2672,2888,Caroline,0,2352,2600,2650,2898,Y
_DSC7359.tif,2,5,2,3,4,JoshW,0,2810,3046,2598,2834,JoshB,0,2832,3034,2622,2824,Caroline,0,2820,3062,2579,2821,Y
_DSC7359.tif,2,5,2,3,5,JoshW,5,2823,3021,2372,2570,JoshB,5,2814,3018,2380,2584,Caroline,4,2811,3033,2364,2586,Y
_DSC7359.tif,2,5,2,3,6,JoshW,5,2698,2922,2138,2362,JoshB,5,2724,2894,2156,2326,Caroline,4,2682,2926,2116,2360,Y
_DSC7359.tif,2,5,2,4,1,JoshW,3,3576,3794,2133,2351,JoshB,2,3606,3802,2155,2351,Caroline,3,3580,3798,2123,2341,Y
_DSC7359.tif,2,5,2,4,2,JoshW,0,3425,3695,2300,2570,JoshB,0,3468,3684,2342,2558,Caroline,0,3438,3698,2306,2566,Y
_DSC7359.tif,2,5,2,4,3,JoshW,0,3486,3756,2592,2862,JoshB,0,3490,3732,2589,2831,Caroline,1,3489,3769,2586,2866,Y
_DSC7359.tif,2,5,2,4,4,JoshW,0,3916,4208,2578,2870,JoshB,0,3948,4164,2619,2835,Caroline,0,3924,4216,2602,2894,Y
_DSC7359.tif,2,5,2,4,5,JoshW,0,3951,4205,2286,2540,JoshB,0,3948,4234,2301,2587,Caroline,0,3943,4233,2286,2576,Y
_DSC7359.tif,2,5,2,4,6,JoshW,2,3787,4021,2132,2366,JoshB,1,3802,4030,2136,2364,Caroline,2,3814,4014,2156,2356,Y
_DSC7359.tif,2,5,2,5,1,JoshW,5,4718,4936,2196,2414,JoshB,4,4734,4938,2202,2406,Caroline,5,4726,4932,2180,2386,Y
_DSC7359.tif,2,5,2,5,2,JoshW,5,4585,4789,2382,2586,JoshB,5,4579,4827,2374,2622,Caroline,5,4574,4812,2386,2624,Y
_DSC7359.tif,2,5,2,5,3,JoshW,0,4560,4774,2648,2862,JoshB,0,4594,4798,2659,2863,Caroline,0,4561,4821,2618,2878,Y
_DSC7359.tif,2,5,2,5,4,JoshW,2,4946,5156,2667,2877,JoshB,1,4982,5172,2679,2869,Caroline,2,4958,5174,2698,2914,Y
_DSC7359.tif,2,5,2,5,5,JoshW,0,5049,5313,2398,2662,JoshB,0,5058,5248,2438,2628,Caroline,0,5017,5281,2376,2640,Y
_DSC7359.tif,2,5,2,5,6,JoshW,0,4952,5192,2140,2380,JoshB,0,4988,5160,2193,2365,Caroline,0,4972,5204,2140,2372,Y
_DSC7360.tif,2,5,1,1,1,Indira,1,454,704,411,661,Yuxuan,1,438,698,395,655,Emma,1,400,712,362,674,Y
_DSC7360.tif,2,5,1,1,2,Indira,0,363,645,668,950,Yuxuan,0,358,580,714,936,Emma,0,321,651,642,972,Y
_DSC7360.tif,2,5,1,1,3,Indira,0,339,615,954,1230,Yuxuan,0,334,564,960,1190,Emma,0,312,630,940,1258,Y
_DSC7360.tif,2,5,1,1,4,Indira,0,802,1088,865,1151,Yuxuan,0,834,1064,886,1116,Emma,0,792,1108,852,1168,Y
_DSC7360.tif,2,5,1,1,5,Indira,5,756,1010,593,847,Yuxuan,5,734,980,596,842,Emma,4,738,990,592,844,Y
_DSC7360.tif,2,5,1,1,6,Indira,5,720,934,398,612,Yuxuan,5,706,890,397,581,Emma,4,690,930,376,616,Y
_DSC7360.tif,2,5,1,2,1,Indira,5,1551,1749,404,602,Yuxuan,5,1560,1726,422,588,Emma,5,1533,1749,388,604,Y
_DSC7360.tif,2,5,1,2,2,Indira,1,1431,1655,638,862,Yuxuan,0,1425,1631,644,850,Emma,0,1384,1664,623,903,Y
_DSC7360.tif,2,5,1,2,3,Indira,0,1368,1602,970,1204,Yuxuan,0,1377,1569,968,1160,Emma,0,1308,1618,922,1232,Y
_DSC7360.tif,2,5,1,2,4,Indira,0,1924,2198,876,1150,Yuxuan,0,1932,2170,874,1112,Emma,0,1924,2190,890,1156,Y
_DSC7360.tif,2,5,1,2,5,Indira,0,1890,2120,628,858,Yuxuan,0,1896,2126,624,854,Emma,0,1854,2164,586,896,Y
_DSC7360.tif,2,5,1,2,6,Indira,3,1770,1990,360,580,Yuxuan,4,1778,1976,366,564,Emma,4,1746,1980,350,584,Y
_DSC7360.tif,2,5,1,3,1,Indira,4,2658,2856,338,536,Yuxuan,4,2642,2848,342,548,Emma,4,2628,2870,325,567,Y
_DSC7360.tif,2,5,1,3,2,Indira,4,2532,2746,490,704,Yuxuan,5,2539,2737,508,706,Emma,4,2514,2742,496,724,Y
_DSC7360.tif,2,5,1,3,3,Indira,1,2606,2816,722,932,Yuxuan,1,2586,2800,703,917,Emma,1,2596,2830,706,940,Y
_DSC7360.tif,2,5,1,3,4,Indira,0,2954,3168,736,950,Yuxuan,0,2984,3182,695,893,Emma,0,2932,3186,712,966,Y
_DSC7360.tif,2,5,1,3,5,Indira,0,2954,3192,450,688,Yuxuan,0,2991,3159,516,684,Emma,0,2952,3200,454,702,Y
_DSC7360.tif,2,5,1,3,6,Indira,0,2846,3060,261,475,Yuxuan,0,2872,3046,302,476,Emma,0,2838,3060,236,458,Y
_DSC7360.tif,2,5,1,4,1,Indira,0,3724,3938,312,526,Yuxuan,0,3736,3896,365,525,Emma,1,3694,3922,321,549,Y
_DSC7360.tif,2,5,1,4,2,Indira,4,3652,3860,586,794,Yuxuan,5,3654,3836,588,770,Emma,5,3630,3866,577,813,Y
_DSC7360.tif,2,5,1,4,3,Indira,3,3698,3942,784,1028,Yuxuan,4,3720,3928,817,1025,Emma,4,3703,3931,800,1028,Y
_DSC7360.tif,2,5,1,4,4,Indira,0,4086,4310,725,949,Yuxuan,0,4110,4300,738,928,Emma,0,4042,4334,695,987,Y
_DSC7360.tif,2,5,1,4,5,Indira,0,4018,4234,448,664,Yuxuan,0,4041,4217,476,652,Emma,0,3988,4230,438,680,Y
_DSC7360.tif,2,5,1,4,6,Indira,0,3988,4222,213,447,Yuxuan,0,3982,4150,254,422,Emma,0,3986,4226,214,454,Y
_DSC7360.tif,2,5,1,5,1,Indira,0,4705,4919,368,582,Yuxuan,0,4701,4867,390,556,Emma,0,4652,4906,341,595,Y
_DSC7360.tif,2,5,1,5,2,Indira,1,4686,4890,610,814,Yuxuan,0,4689,4871,588,770,Emma,1,4672,4894,622,844,Y
_DSC7360.tif,2,5,1,5,3,Indira,3,4676,4906,820,1050,Yuxuan,4,4684,4898,810,1024,Emma,3,4677,4925,826,1074,Y
_DSC7360.tif,2,5,1,5,4,Indira,4,5003,5227,806,1030,Yuxuan,3,4994,5184,810,1000,Emma,3,4972,5220,800,1048,Y
_DSC7360.tif,2,5,1,5,5,Indira,3,5028,5264,566,802,Yuxuan,2,5038,5236,572,770,Emma,3,4994,5262,556,824,Y
_DSC7360.tif,2,5,1,5,6,Indira,2,4977,5187,368,578,Yuxuan,2,4958,5148,350,540,Emma,3,4931,5185,356,610,Y
_DSC7360.tif,2,5,2,1,1,Indira,1,425,639,1934,2148,Yuxuan,0,458,648,1936,2126,Emma,1,420,674,1911,2165,Y
_DSC7360.tif,2,5,2,1,2,Indira,0,348,588,2188,2428,Yuxuan,0,366,588,2166,2388,Emma,0,312,610,2155,2453,Y
_DSC7360.tif,2,5,2,1,3,Indira,0,407,641,2490,2724,Yuxuan,0,414,628,2480,2694,Emma,0,344,680,2444,2780,Y
_DSC7360.tif,2,5,2,1,4,Indira,3,828,1046,2329,2547,Yuxuan,4,826,1024,2341,2539,Emma,3,782,1068,2288,2574,Y
_DSC7360.tif,2,5,2,1,5,Indira,5,776,1000,2137,2361,Yuxuan,5,778,976,2150,2348,Emma,5,768,990,2139,2361,Y
_DSC7360.tif,2,5,2,1,6,Indira,3,720,934,1951,2165,Yuxuan,3,746,914,1955,2123,Emma,3,712,922,1943,2153,Y
_DSC7360.tif,2,5,2,2,1,Indira,1,1494,1734,1925,2165,Yuxuan,0,1516,1706,1952,2142,Emma,1,1460,1734,1904,2178,Y
_DSC7360.tif,2,5,2,2,2,Indira,0,1372,1638,2198,2464,Yuxuan,0,1392,1638,2190,2436,Emma,0,1334,1670,2162,2498,Y
_DSC7360.tif,2,5,2,2,3,Indira,0,1428,1674,2479,2725,Yuxuan,0,1468,1666,2468,2666,Emma,0,1352,1734,2418,2800,Y
_DSC7360.tif,2,5,2,2,4,Indira,0,1842,2106,2334,2598,Yuxuan,0,1856,2088,2312,2544,Emma,0,1810,2108,2324,2622,Y
_DSC7360.tif,2,5,2,2,5,Indira,5,1800,2066,2061,2327,Yuxuan,5,1755,2135,2080,2460,Emma,5,1772,2076,2032,2336,Y
_DSC7360.tif,2,5,2,2,6,Indira,4,1766,1954,1872,2060,Yuxuan,5,1777,1953,1872,2048,Emma,4,1743,1965,1854,2076,Y
_DSC7360.tif,2,5,2,3,1,Indira,4,2803,3007,1776,1980,Yuxuan,4,2813,3003,1786,1976,Emma,4,2783,3019,1752,1988,Y
_DSC7360.tif,2,5,2,3,2,Indira,1,2690,2904,1984,2198,Yuxuan,0,2674,2904,1992,2222,Emma,0,2638,2942,1950,2254,Y
_DSC7360.tif,2,5,2,3,3,Indira,0,2573,2787,2286,2500,Yuxuan,0,2563,2801,2270,2508,Emma,0,2533,2831,2266,2564,Y
_DSC7360.tif,2,5,2,3,4,Indira,0,3030,3248,2212,2430,Yuxuan,0,3038,3252,2198,2412,Emma,0,2984,3288,2175,2479,Y
_DSC7360.tif,2,5,2,3,5,Indira,5,3014,3264,1935,2185,Yuxuan,0,3038,3268,1952,2182,Emma,0,2990,3256,1943,2209,Y
_DSC7360.tif,2,5,2,3,6,Indira,5,2974,3152,1766,1944,Yuxuan,5,2980,3154,1770,1944,Emma,5,2963,3173,1752,1962,Y
_DSC7360.tif,2,5,2,4,1,Indira,3,3720,3966,1826,2072,Yuxuan,4,3736,3944,1860,2068,Emma,4,3720,3948,1848,2076,Y
_DSC7360.tif,2,5,2,4,2,Indira,3,3570,3830,2036,2296,Yuxuan,3,3578,3792,2056,2270,Emma,3,3548,3820,2032,2304,Y
_DSC7360.tif,2,5,2,4,3,Indira,0,3644,3910,2300,2566,Yuxuan,0,3618,3880,2344,2606,Emma,0,3580,3916,2260,2596,Y
_DSC7360.tif,2,5,2,4,4,Indira,0,4120,4376,2359,2615,Yuxuan,0,4046,4340,2324,2618,Emma,0,4056,4354,2336,2634,Y
_DSC7360.tif,2,5,2,4,5,Indira,0,4172,4406,2072,2306,Yuxuan,0,4126,4356,2084,2314,Emma,0,4085,4395,2032,2342,Y
_DSC7360.tif,2,5,2,4,6,Indira,0,3997,4235,1822,2060,Yuxuan,0,3998,4212,1865,2079,Emma,0,3954,4252,1796,2094,Y
_DSC7360.tif,2,5,2,5,1,Indira,0,4729,4985,1882,2138,Yuxuan,0,4768,4950,1912,2094,Emma,0,4697,4989,1898,2190,Y
_DSC7360.tif,2,5,2,5,2,Indira,3,4626,4900,2138,2412,Yuxuan,3,4661,4859,2166,2364,Emma,3,4643,4851,2172,2380,Y
_DSC7360.tif,2,5,2,5,3,Indira,3,4646,4870,2378,2602,Yuxuan,3,4672,4832,2407,2567,Emma,3,4658,4862,2380,2584,Y
_DSC7360.tif,2,5,2,5,4,Indira,0,5092,5310,2332,2550,Yuxuan,0,5124,5284,2372,2532,Emma,1,5070,5292,2346,2568,Y
_DSC7360.tif,2,5,2,5,5,Indira,0,5038,5268,2076,2306,Yuxuan,0,5070,5268,2103,2301,Emma,0,5010,5264,2044,2298,Y
_DSC7360.tif,2,5,2,5,6,Indira,0,4963,5201,1812,2050,Yuxuan,0,4993,5193,1864,2064,Emma,0,4958,5210,1804,2056,Y
_DSC7621.tif,3,3,1,1,1,Clem,0,476,830,694,1048,JoshW,0,528,782,723,977,JoshB,2,544,782,758,996,Y
_DSC7621.tif,3,3,1,1,2,Clem,0,344,744,971,1371,JoshW,0,331,667,1018,1354,JoshB,0,354,668,1043,1357,Y
_DSC7621.tif,3,3,1,1,3,Clem,0,220,744,1300,1824,JoshW,0,330,612,1385,1667,JoshB,0,324,638,1396,1710,Y
_DSC7621.tif,3,3,1,1,4,Clem,0,1000,1352,1381,1733,JoshW,0,1030,1344,1446,1760,JoshB,0,1000,1296,1390,1686,Y
_DSC7621.tif,3,3,1,1,5,Clem,6,906,1266,1030,1390,JoshW,6,911,1233,1056,1378,JoshB,6,967,1225,1086,1344,Y
_DSC7621.tif,3,3,1,1,6,Clem,6,838,1162,762,1086,JoshW,5,823,1091,812,1080,JoshB,6,858,1114,820,1076,Y
_DSC7621.tif,3,3,1,3,1,Clem,6,1980,2286,671,977,JoshW,5,1974,2220,688,934,JoshB,6,1986,2234,696,944,Y
_DSC7621.tif,3,3,1,3,2,Clem,1,1800,2228,934,1362,JoshW,0,1783,2135,980,1332,JoshB,1,1856,2134,1023,1301,Y
_DSC7621.tif,3,3,1,3,3,Clem,0,1924,2324,1248,1648,JoshW,0,1914,2220,1282,1588,JoshB,0,1956,2252,1304,1600,Y
_DSC7621.tif,3,3,1,3,4,Clem,0,2370,2800,1137,1567,JoshW,0,2418,2762,1164,1508,JoshB,0,2494,2876,1195,1577,Y
_DSC7621.tif,3,3,1,3,5,Clem,0,2324,2724,815,1215,JoshW,0,2333,2677,796,1140,JoshB,0,2362,2790,834,1262,Y
_DSC7621.tif,3,3,1,3,6,Clem,6,2190,2504,520,834,JoshW,6,2219,2479,552,812,JoshB,6,2238,2496,562,820,Y
_DSC7621.tif,3,3,2,2,1,Clem,5,1304,1628,2114,2438,JoshW,4,1340,1584,2158,2402,JoshB,5,1324,1580,2124,2380,Y
_DSC7621.tif,3,3,2,2,2,Clem,6,1220,1504,2415,2699,JoshW,6,1222,1488,2480,2746,JoshB,6,1262,1472,2494,2704,Y
_DSC7621.tif,3,3,2,2,3,Clem,0,1190,1620,2674,3104,JoshW,0,1244,1512,2770,3038,JoshB,1,1238,1496,2770,3028,Y
_DSC7621.tif,3,3,2,2,4,Clem,0,1780,2248,2518,2986,JoshW,0,1811,2123,2610,2922,JoshB,0,1752,2104,2590,2942,Y
_DSC7621.tif,3,3,2,2,5,Clem,0,1714,2038,2266,2590,JoshW,0,1683,2027,2258,2602,JoshB,0,1734,2000,2300,2566,Y
_DSC7621.tif,3,3,2,2,6,Clem,0,1658,1942,1987,2271,JoshW,0,1626,1932,1936,2242,JoshB,0,1676,1904,2024,2252,Y
_DSC7621.tif,3,3,3,1,1,Clem,0,344,676,3500,3832,JoshW,0,300,636,3474,3810,JoshB,0,383,601,3580,3798,Y
_DSC7621.tif,3,3,3,1,2,Clem,4,220,620,3789,4189,JoshW,3,262,544,3864,4146,JoshB,4,282,558,3836,4112,Y
_DSC7621.tif,3,3,3,1,3,Clem,4,392,790,4094,4492,JoshW,2,417,655,4176,4414,JoshB,4,448,640,4188,4380,Y
_DSC7621.tif,3,3,3,1,4,Clem,0,838,1200,3922,4284,JoshW,1,841,1133,3962,4254,JoshB,1,838,1144,3979,4285,Y
_DSC7621.tif,3,3,3,1,5,Clem,0,772,1248,3608,4084,JoshW,0,828,1126,3665,3963,JoshB,0,848,1096,3742,3990,Y
_DSC7621.tif,3,3,3,1,6,Clem,0,592,962,3419,3789,JoshW,0,628,880,3420,3672,JoshB,0,620,906,3479,3765,Y
_DSC7621.tif,3,3,3,3,1,Clem,0,2080,2394,3484,3798,JoshW,0,2036,2364,3455,3783,JoshB,0,2048,2324,3499,3775,Y
_DSC7621.tif,3,3,3,3,2,Clem,0,1919,2243,3760,4084,JoshW,0,1898,2212,3786,4100,JoshB,0,1896,2162,3780,4046,Y
_DSC7621.tif,3,3,3,3,3,Clem,5,1866,2228,4107,4469,JoshW,3,1905,2189,4138,4422,JoshB,5,1933,2161,4160,4388,Y
_DSC7621.tif,3,3,3,3,4,Clem,6,2400,2694,4085,4379,JoshW,5,2440,2654,4124,4338,JoshB,6,2437,2675,4104,4342,Y
_DSC7621.tif,3,3,3,3,5,Clem,4,2486,2838,3794,4146,JoshW,1,2556,2770,3840,4054,JoshB,2,2566,2766,3866,4066,Y
_DSC7621.tif,3,3,3,3,6,Clem,0,2390,2704,3466,3780,JoshW,0,2398,2644,3488,3734,JoshB,0,2380,2694,3514,3828,Y
_DSC7622.tif,3,3,1,1,1,Emma,0,800,1114,648,962,Mark,0,810,1124,649,963,Clem,0,830,1086,672,928,Y
_DSC7622.tif,3,3,1,1,2,Emma,0,611,933,944,1266,Mark,0,620,944,947,1271,Clem,0,620,848,1010,1238,Y
_DSC7622.tif,3,3,1,1,3,Emma,0,562,934,1319,1691,Mark,0,577,901,1314,1638,Clem,0,572,876,1338,1642,Y
_DSC7622.tif,3,3,1,1,4,Emma,4,1238,1504,1244,1510,Mark,4,1248,1514,1234,1500,Clem,3,1238,1496,1224,1482,Y
_DSC7622.tif,3,3,1,1,5,Emma,5,1124,1362,991,1229,Mark,5,1086,1438,914,1266,Clem,5,1124,1314,996,1186,Y
_DSC7622.tif,3,3,1,1,6,Emma,1,1124,1410,676,962,Mark,1,1125,1439,648,962,Clem,1,1134,1362,720,948,Y
_DSC7622.tif,3,3,1,3,1,Emma,1,2223,2519,686,982,Mark,1,2210,2542,663,995,Clem,0,2252,2490,752,990,Y
_DSC7622.tif,3,3,1,3,2,Emma,0,1980,2314,952,1286,Mark,0,1980,2362,928,1310,Clem,0,1990,2294,1001,1305,Y
_DSC7622.tif,3,3,1,3,3,Emma,0,2099,2481,1428,1810,Mark,0,2094,2504,1357,1767,Clem,0,2076,2428,1424,1776,Y
_DSC7622.tif,3,3,1,3,4,Emma,0,2675,3019,1266,1610,Mark,0,2600,3094,1215,1709,Clem,0,2676,2970,1295,1589,Y
_DSC7622.tif,3,3,1,3,5,Emma,6,2600,2924,948,1272,Mark,6,2570,2990,900,1320,Clem,6,2570,2866,943,1239,Y
_DSC7622.tif,3,3,1,3,6,Emma,5,2570,2808,672,910,Mark,5,2557,2871,630,944,Clem,6,2542,2770,686,914,Y
_DSC7622.tif,3,3,2,2,1,Emma,5,1696,1924,2233,2461,Mark,4,1658,1962,2176,2480,Clem,4,1666,1924,2213,2471,Y
_DSC7622.tif,3,3,2,2,2,Emma,1,1596,1928,2448,2780,Mark,0,1618,1924,2456,2762,Clem,0,1595,1843,2476,2724,Y
_DSC7622.tif,3,3,2,2,3,Emma,0,1438,1780,2724,3066,Mark,0,1410,1818,2681,3089,Clem,0,1443,1747,2752,3056,Y
_DSC7622.tif,3,3,2,2,4,Emma,0,2023,2319,2704,3000,Mark,0,1990,2390,2671,3071,Clem,0,2056,2304,2694,2942,Y
_DSC7622.tif,3,3,2,2,5,Emma,0,1952,2248,2437,2733,Mark,0,1952,2324,2375,2747,Clem,0,1942,2228,2428,2714,Y
_DSC7622.tif,3,3,2,2,6,Emma,6,1923,2219,2142,2438,Mark,6,1942,2228,2124,2410,Clem,6,1948,2156,2172,2380,Y
_DSC7622.tif,3,3,3,1,1,Emma,4,658,924,3594,3860,Mark,4,663,957,3580,3874,Clem,4,676,906,3626,3856,Y
_DSC7622.tif,3,3,3,1,2,Emma,6,624,900,3884,4160,Mark,6,610,924,3865,4179,Clem,6,620,848,3908,4136,Y
_DSC7622.tif,3,3,3,1,3,Emma,1,592,906,4208,4522,Mark,0,596,928,4180,4512,Clem,0,638,876,4255,4493,Y
_DSC7622.tif,3,3,3,1,4,Emma,0,1020,1410,4056,4446,Mark,0,1076,1420,4078,4422,Clem,0,1086,1352,4104,4370,Y
_DSC7622.tif,3,3,3,1,5,Emma,0,975,1281,3722,4028,Mark,0,980,1324,3712,4056,Clem,0,1010,1248,3765,4003,Y
_DSC7622.tif,3,3,3,1,6,Emma,0,906,1172,3490,3756,Mark,0,914,1220,3446,3752,Clem,[],[],[],[],[],K
_DSC7622.tif,3,3,3,3,1,Emma,0,2186,2528,3608,3950,Mark,0,2142,2532,3566,3956,Clem,0,2181,2475,3618,3912,Y
_DSC7622.tif,3,3,3,3,2,Emma,6,2162,2466,3966,4270,Mark,6,2161,2457,3970,4266,Clem,5,2152,2438,3989,4275,Y
_DSC7622.tif,3,3,3,3,3,Emma,3,2256,2562,4255,4561,Mark,3,2210,2570,4233,4593,Clem,3,2256,2532,4261,4537,Y
_DSC7622.tif,3,3,3,3,4,Emma,0,2732,3094,4207,4569,Mark,0,2742,3142,4155,4555,Clem,0,2752,3066,4256,4570,Y
_DSC7622.tif,3,3,3,3,5,Emma,0,2590,2942,3790,4142,Mark,0,2570,3000,3760,4190,Clem,0,2590,2942,3775,4127,Y
_DSC7622.tif,3,3,3,3,6,Emma,0,2461,2795,3494,3828,Mark,0,2504,2884,3471,3851,Clem,0,2532,2800,3565,3833,Y
_DSC7623.tif,3,3,1,1,1,Indira,6,582,896,727,1041,Yuxuan,6,620,858,786,1024,Emma,6,620,858,786,1024,Y
_DSC7623.tif,3,3,1,1,2,Indira,0,460,774,1072,1386,Yuxuan,0,476,786,1119,1429,Emma,0,458,754,1124,1420,Y
_DSC7623.tif,3,3,1,1,3,Indira,0,479,853,1386,1760,Yuxuan,0,524,822,1410,1708,Emma,0,477,867,1372,1762,Y
_DSC7623.tif,3,3,1,1,4,Indira,0,1110,1432,1431,1753,Yuxuan,0,1060,1370,1458,1768,Emma,0,1063,1415,1410,1762,Y
_DSC7623.tif,3,3,1,1,5,Indira,0,1030,1382,1072,1424,Yuxuan,0,1072,1346,1084,1358,Emma,0,1000,1352,1043,1395,Y
_DSC7623.tif,3,3,1,1,6,Indira,0,912,1248,709,1045,Yuxuan,0,922,1184,762,1024,Emma,0,886,1240,714,1068,Y
_DSC7623.tif,3,3,1,3,1,Indira,0,2316,2590,728,1002,Yuxuan,0,2362,2564,762,964,Emma,0,2299,2633,724,1058,Y
_DSC7623.tif,3,3,1,3,2,Indira,6,2227,2509,1034,1316,Yuxuan,5,2262,2524,1012,1274,Emma,6,2233,2529,1028,1324,Y
_DSC7623.tif,3,3,1,3,3,Indira,0,1928,2272,1324,1668,Yuxuan,0,2012,2250,1404,1642,Emma,0,1942,2314,1362,1734,Y
_DSC7623.tif,3,3,1,3,4,Indira,0,2610,2884,1439,1713,Yuxuan,0,2601,2921,1382,1702,Emma,0,2580,2962,1376,1758,Y
_DSC7623.tif,3,3,1,3,5,Indira,0,2632,2968,1026,1362,Yuxuan,0,2654,2916,1066,1328,Emma,0,2618,2962,1038,1382,Y
_DSC7623.tif,3,3,1,3,6,Indira,0,2586,2930,712,1056,Yuxuan,0,2624,2898,750,1024,Emma,0,2580,2924,724,1068,Y
_DSC7623.tif,3,3,2,2,1,Indira,0,1339,1669,2364,2694,Yuxuan,0,1428,1642,2392,2606,Emma,0,1339,1643,2390,2694,Y
_DSC7623.tif,3,3,2,2,2,Indira,0,1270,1546,2746,3022,Yuxuan,0,1310,1584,2773,3047,Emma,0,1228,1590,2747,3109,Y
_DSC7623.tif,3,3,2,2,3,Indira,6,1400,1692,3132,3424,Yuxuan,4,1404,1666,3124,3386,Emma,5,1362,1696,3103,3437,Y
_DSC7623.tif,3,3,2,2,4,Indira,0,1920,2250,2884,3214,Yuxuan,0,1982,2220,2904,3142,Emma,0,1914,2228,2894,3208,Y
_DSC7623.tif,3,3,2,2,5,Indira,0,1966,2188,2590,2812,Yuxuan,0,1964,2190,2594,2820,Emma,0,1896,2238,2547,2889,Y
_DSC7623.tif,3,3,2,2,6,Indira,0,1653,1983,2264,2594,Yuxuan,0,1720,1994,2320,2594,Emma,0,1629,2019,2238,2628,Y
_DSC7623.tif,3,3,3,1,1,Indira,0,606,950,3618,3962,Yuxuan,0,620,894,3694,3968,Emma,0,596,948,3598,3950,Y
_DSC7623.tif,3,3,3,1,2,Indira,0,418,746,3910,4238,Yuxuan,0,464,738,3968,4242,Emma,0,382,744,3884,4246,Y
_DSC7623.tif,3,3,3,1,3,Indira,0,376,712,4292,4628,Yuxuan,0,382,668,4302,4588,Emma,0,296,706,4260,4670,Y
_DSC7623.tif,3,3,3,1,4,Indira,6,995,1271,4268,4544,Yuxuan,4,952,1238,4278,4564,Emma,5,982,1258,4274,4550,Y
_DSC7623.tif,3,3,3,1,5,Indira,0,1002,1308,3985,4291,Yuxuan,0,1012,1286,3992,4266,Emma,0,990,1296,3960,4266,Y
_DSC7623.tif,3,3,3,1,6,Indira,0,941,1209,3718,3986,Yuxuan,0,952,1178,3707,3933,Emma,0,885,1239,3636,3990,Y
_DSC7623.tif,3,3,3,3,1,Indira,0,2693,2967,3474,3748,Yuxuan,0,2696,2958,3534,3796,Emma,0,2694,2952,3475,3733,Y
_DSC7623.tif,3,3,3,3,2,Indira,0,2437,2757,3696,4016,Yuxuan,0,2476,2702,3742,3968,Emma,0,2418,2780,3694,4056,Y
_DSC7623.tif,3,3,3,3,3,Indira,0,2368,2750,4086,4468,Yuxuan,0,2392,2666,4112,4386,Emma,0,2309,2737,4018,4446,Y
_DSC7623.tif,3,3,3,3,4,Indira,1,2960,3260,4100,4400,Yuxuan,0,2988,3226,4118,4356,Emma,1,2952,3248,4046,4342,Y
_DSC7623.tif,3,3,3,3,5,Indira,6,2900,3182,3818,4100,Yuxuan,6,2910,3160,3820,4070,Emma,6,2876,3160,3809,4093,Y
_DSC7623.tif,3,3,3,3,6,Indira,0,2934,3202,3596,3864,Yuxuan,0,2928,3130,3594,3796,Emma,0,2918,3184,3570,3836,Y
_DSC7624.tif,3,3,1,1,1,Clem,0,600,868,1238,1506,JoshW,0,598,866,1256,1524,JoshB,0,592,848,1238,1494,Y
_DSC7624.tif,3,3,1,1,2,Clem,0,430,706,1552,1828,JoshW,0,376,682,1500,1806,JoshB,1,448,706,1514,1772,Y
_DSC7624.tif,3,3,1,1,3,Clem,0,514,782,1856,2124,JoshW,0,490,796,1832,2138,JoshB,0,506,820,1871,2185,Y
_DSC7624.tif,3,3,1,1,4,Clem,0,962,1238,1805,2081,JoshW,0,964,1278,1744,2058,JoshB,0,982,1248,1824,2090,Y
_DSC7624.tif,3,3,1,1,5,Clem,0,868,1182,1453,1767,JoshW,0,858,1148,1451,1741,JoshB,0,868,1152,1482,1766,Y
_DSC7624.tif,3,3,1,1,6,Clem,6,858,1038,1286,1466,JoshW,5,815,1069,1224,1478,JoshB,5,876,1020,1323,1467,Y
_DSC7624.tif,3,3,1,3,1,Clem,6,1972,2172,1219,1419,JoshW,5,1982,2166,1217,1401,JoshB,5,1980,2180,1205,1405,Y
_DSC7624.tif,3,3,1,3,2,Clem,1,1734,1980,1425,1671,JoshW,0,1752,2028,1412,1688,JoshB,2,1762,2000,1419,1657,Y
_DSC7624.tif,3,3,1,3,3,Clem,0,1790,2114,1714,2038,JoshW,0,1828,2096,1730,1998,JoshB,0,1833,2147,1724,2038,Y
_DSC7624.tif,3,3,1,3,4,Clem,0,2332,2600,1628,1896,JoshW,0,2306,2644,1660,1998,JoshB,0,2357,2585,1628,1856,Y
_DSC7624.tif,3,3,1,3,5,Clem,0,2466,2732,1401,1667,JoshW,0,2410,2670,1358,1618,JoshB,0,2457,2723,1410,1676,Y
_DSC7624.tif,3,3,1,3,6,Clem,0,2266,2486,1133,1353,JoshW,0,2288,2518,1132,1362,JoshB,0,2276,2486,1157,1367,Y
_DSC7624.tif,3,3,2,2,1,Clem,0,1238,1504,2538,2804,JoshW,0,1218,1524,2502,2808,JoshB,0,1228,1524,2542,2838,Y
_DSC7624.tif,3,3,2,2,2,Clem,6,1148,1338,2942,3132,JoshW,6,1114,1420,2892,3198,JoshB,6,1120,1366,2914,3160,Y
_DSC7624.tif,3,3,2,2,3,Clem,0,1152,1458,3208,3514,JoshW,0,1133,1485,3182,3534,JoshB,0,1152,1458,3212,3518,Y
_DSC7624.tif,3,3,2,2,4,Clem,0,1705,1961,3066,3322,JoshW,0,1699,2011,3046,3358,JoshB,0,1756,2024,3084,3352,Y
_DSC7624.tif,3,3,2,2,5,Clem,0,1772,2038,2738,3004,JoshW,0,1794,2100,2762,3068,JoshB,0,1772,2028,2743,2999,Y
_DSC7624.tif,3,3,2,2,6,Clem,0,1514,1772,2432,2690,JoshW,0,1546,1836,2419,2709,JoshB,1,1542,1810,2460,2728,Y
_DSC7624.tif,3,3,3,1,1,Clem,0,367,671,3904,4208,JoshW,0,398,666,3898,4166,JoshB,0,400,724,3879,4203,Y
_DSC7624.tif,3,3,3,1,2,Clem,0,163,487,4188,4512,JoshW,0,192,582,4208,4598,JoshB,0,205,529,4226,4550,Y
_DSC7624.tif,3,3,3,1,3,Clem,6,268,524,4656,4912,JoshW,5,280,570,4674,4964,JoshB,5,276,524,4664,4912,Y
_DSC7624.tif,3,3,3,1,4,Clem,0,838,1106,4492,4760,JoshW,0,816,1144,4460,4788,JoshB,0,848,1106,4507,4765,Y
_DSC7624.tif,3,3,3,1,5,Clem,0,830,1086,4170,4426,JoshW,0,828,1148,4143,4463,JoshB,0,838,1086,4160,4408,Y
_DSC7624.tif,3,3,3,1,6,Clem,0,762,1076,3832,4146,JoshW,0,766,1094,3826,4154,JoshB,0,795,1053,3846,4104,Y
_DSC7624.tif,3,3,3,3,1,Clem,0,1882,2138,4056,4312,JoshW,0,1860,2188,3994,4322,JoshB,0,1852,2166,4018,4332,Y
_DSC7624.tif,3,3,3,3,2,Clem,0,1814,2100,4360,4646,JoshW,0,1790,2082,4368,4660,JoshB,0,1828,2086,4407,4665,Y
_DSC7624.tif,3,3,3,3,3,Clem,0,1762,2104,4622,4964,JoshW,0,1798,2134,4701,5037,JoshB,0,1790,2094,4661,4965,Y
_DSC7624.tif,3,3,3,3,4,Clem,5,2286,2542,4570,4826,JoshW,4,2264,2556,4562,4854,JoshB,4,2261,2575,4560,4874,Y
_DSC7624.tif,3,3,3,3,5,Clem,0,2248,2494,4266,4512,JoshW,0,2258,2524,4247,4513,JoshB,0,2238,2494,4217,4473,Y
_DSC7624.tif,3,3,3,3,6,Clem,0,2200,2466,3927,4193,JoshW,0,2185,2445,3940,4200,JoshB,0,2162,2410,3960,4208,Y
_DSC8103.tif,3,3,1,1,1,Caroline,5,652,984,395,727,Raf,6,686,962,419,695,Indira,5,712,988,460,736,Y
_DSC8103.tif,3,3,1,1,2,Caroline,0,882,914,1024,1056,Raf,0,522,848,686,1012,Indira,0,576,858,690,972,Y
_DSC8103.tif,3,3,1,1,3,Caroline,0,548,922,1075,1449,Raf,0,556,914,1091,1449,Indira,0,606,942,1102,1438,Y
_DSC8103.tif,3,3,1,1,4,Caroline,0,1112,1476,1096,1460,Raf,0,1092,1508,1042,1458,Indira,0,1164,1462,1114,1412,Y
_DSC8103.tif,3,3,1,1,5,Caroline,6,1119,1413,786,1080,Raf,6,1122,1360,804,1042,Indira,5,1118,1386,796,1064,Y
_DSC8103.tif,3,3,1,1,6,Caroline,6,1048,1350,484,786,Raf,6,1122,1310,556,744,Indira,6,1094,1354,529,789,Y
_DSC8103.tif,3,3,1,3,1,Caroline,6,2504,2734,484,714,Raf,6,2491,2737,458,704,Indira,5,2501,2755,482,736,Y
_DSC8103.tif,3,3,1,3,2,Caroline,4,2312,2606,794,1088,Raf,5,2340,2578,794,1032,Indira,4,2327,2609,766,1048,Y
_DSC8103.tif,3,3,1,3,3,Caroline,0,2337,2685,1136,1484,Raf,0,2247,2663,1132,1548,Indira,0,2394,2670,1224,1500,Y
_DSC8103.tif,3,3,1,3,4,Caroline,0,2872,3268,1048,1444,Raf,0,2876,3262,1097,1483,Indira,0,2854,3182,1076,1404,Y
_DSC8103.tif,3,3,1,3,5,Caroline,0,2880,3174,659,953,Raf,0,2871,3189,704,1022,Indira,0,2908,3176,682,950,Y
_DSC8103.tif,3,3,1,3,6,Caroline,6,2735,2987,446,698,Raf,6,2738,2996,433,691,Indira,6,2728,3002,422,696,Y
_DSC8103.tif,3,3,2,2,1,Caroline,6,1357,1667,1960,2270,Raf,5,1380,1636,1965,2221,Indira,4,1388,1702,1944,2258,Y
_DSC8103.tif,3,3,2,2,2,Caroline,6,1287,1587,2270,2570,Raf,6,1270,1568,2267,2565,Indira,5,1282,1610,2258,2586,Y
_DSC8103.tif,3,3,2,2,3,Caroline,3,1342,1604,2626,2888,Raf,1,1290,1618,2603,2931,Indira,1,1321,1687,2610,2976,Y
_DSC8103.tif,3,3,2,2,4,Caroline,0,1952,2332,2500,2880,Raf,0,1914,2340,2500,2926,Indira,0,2016,2300,2540,2824,Y
_DSC8103.tif,3,3,2,2,5,Caroline,0,1818,2238,2119,2539,Raf,0,1874,2272,2137,2535,Indira,0,1882,2212,2192,2522,Y
_DSC8103.tif,3,3,2,2,6,Caroline,0,1698,2032,1832,2166,Raf,0,1752,2088,1836,2172,Indira,0,1734,2040,1882,2188,Y
_DSC8103.tif,3,3,3,1,1,Caroline,0,335,715,3356,3736,Raf,0,318,754,3333,3769,Indira,0,406,704,3404,3702,Y
_DSC8103.tif,3,3,3,1,2,Caroline,4,358,620,3776,4038,Raf,6,383,601,3788,4006,Indira,4,360,644,3760,4044,Y
_DSC8103.tif,3,3,3,1,3,Caroline,4,426,648,4094,4316,Raf,4,428,636,4061,4269,Indira,4,410,670,4062,4322,Y
_DSC8103.tif,3,3,3,1,4,Caroline,3,953,1269,3912,4228,Raf,2,952,1230,3918,4196,Indira,1,996,1248,3940,4192,Y
_DSC8103.tif,3,3,3,1,5,Caroline,0,817,1167,3498,3848,Raf,0,868,1216,3530,3878,Indira,0,880,1172,3522,3814,Y
_DSC8103.tif,3,3,3,1,6,Caroline,0,613,929,3230,3546,Raf,0,676,992,3194,3510,Indira,0,690,942,3259,3511,Y
_DSC8103.tif,3,3,3,3,1,Caroline,0,2540,2872,3230,3562,Raf,0,2510,2836,3219,3545,Indira,0,2536,2842,3260,3566,Y
_DSC8103.tif,3,3,3,3,2,Caroline,0,2261,2627,3522,3888,Raf,0,2292,2638,3596,3942,Indira,0,2304,2594,3596,3886,Y
_DSC8103.tif,3,3,3,3,3,Caroline,4,2324,2618,3970,4264,Raf,4,2370,2618,3976,4224,Indira,3,2392,2620,4002,4230,Y
_DSC8103.tif,3,3,3,3,4,Caroline,4,3110,3412,3824,4126,Raf,6,3084,3352,3823,4091,Indira,5,3068,3374,3821,4127,Y
_DSC8103.tif,3,3,3,3,5,Caroline,4,3016,3300,3559,3843,Raf,5,2996,3254,3560,3818,Indira,4,3000,3252,3550,3802,Y
_DSC8103.tif,3,3,3,3,6,Caroline,0,2936,3260,3230,3554,Raf,0,2892,3248,3164,3520,Indira,0,2968,3244,3244,3520,Y
_DSC8104.tif,3,3,1,1,1,Yuxuan,6,774,1012,96,334,Emma,0,724,1028,39,343,Mark,0,724,1068,19,363,Y
_DSC8104.tif,3,3,1,1,2,Yuxuan,6,524,822,382,680,Emma,0,505,877,334,706,Mark,0,476,876,291,691,Y
_DSC8104.tif,3,3,1,1,3,Yuxuan,6,542,816,738,1012,Emma,0,506,858,762,1114,Mark,0,486,868,695,1077,Y
_DSC8104.tif,3,3,1,1,4,Yuxuan,3,1114,1364,656,906,Emma,5,1086,1392,638,944,Mark,4,1086,1390,644,948,Y
_DSC8104.tif,3,3,1,1,5,Yuxuan,5,1030,1244,334,548,Emma,6,1023,1281,324,582,Mark,6,1000,1324,291,615,Y
_DSC8104.tif,3,3,1,1,6,Yuxuan,5,1078,1328,108,358,Emma,5,1076,1352,92,368,Mark,6,1020,1448,1,429,Y
_DSC8104.tif,3,3,1,3,1,Yuxuan,3,2172,2482,108,418,Emma,4,2180,2466,115,401,Mark,4,2137,2499,86,448,Y
_DSC8104.tif,3,3,1,3,2,Yuxuan,0,2060,2404,471,815,Emma,0,2066,2438,467,839,Mark,0,2010,2448,410,848,Y
_DSC8104.tif,3,3,1,3,3,Yuxuan,0,2024,2368,840,1184,Emma,0,1914,2352,810,1248,Mark,0,1904,2400,771,1267,Y
_DSC8104.tif,3,3,1,3,4,Yuxuan,0,2750,3024,726,1000,Emma,0,2681,3061,696,1076,Mark,0,2656,3094,662,1100,Y
_DSC8104.tif,3,3,1,3,5,Yuxuan,5,2612,2874,394,656,Emma,6,2595,2909,372,686,Mark,6,2562,2952,334,724,Y
_DSC8104.tif,3,3,1,3,6,Yuxuan,5,2576,2838,84,346,Emma,6,2561,2875,58,372,Mark,6,2552,2904,30,382,Y
_DSC8104.tif,3,3,2,2,1,Yuxuan,6,1524,1786,1666,1928,Emma,6,1505,1809,1648,1952,Mark,6,1496,1856,1620,1980,Y
_DSC8104.tif,3,3,2,2,2,Yuxuan,3,1428,1690,2006,2268,Emma,4,1391,1743,1962,2314,Mark,4,1381,1799,1924,2342,Y
_DSC8104.tif,3,3,2,2,3,Yuxuan,0,1416,1714,2434,2732,Emma,0,1372,1744,2352,2724,Mark,0,1362,1818,2272,2728,Y
_DSC8104.tif,3,3,2,2,4,Yuxuan,4,2042,2292,2190,2440,Emma,5,2018,2342,2162,2486,Mark,5,2034,2414,2152,2532,Y
_DSC8104.tif,3,3,2,2,5,Yuxuan,0,1904,2178,1862,2136,Emma,0,1886,2190,1848,2152,Mark,0,1886,2266,1824,2204,Y
_DSC8104.tif,3,3,2,2,6,Yuxuan,5,1762,2036,1572,1846,Emma,6,1772,2048,1557,1833,Mark,6,1758,2100,1534,1876,Y
_DSC8104.tif,3,3,3,1,1,Yuxuan,5,400,638,3332,3570,Emma,4,377,663,3322,3608,Mark,5,362,734,3275,3647,Y
_DSC8104.tif,3,3,3,1,2,Yuxuan,6,340,590,3678,3928,Emma,6,296,620,3646,3970,Mark,6,248,696,3579,4027,Y
_DSC8104.tif,3,3,3,1,3,Yuxuan,4,500,726,3951,4177,Emma,4,448,752,3894,4198,Mark,4,410,782,3879,4251,Y
_DSC8104.tif,3,3,3,1,4,Yuxuan,0,1012,1274,3724,3986,Emma,0,952,1304,3684,4036,Mark,0,944,1324,3680,4060,Y
_DSC8104.tif,3,3,3,1,5,Yuxuan,0,798,1072,3374,3648,Emma,0,762,1114,3328,3680,Mark,0,752,1182,3289,3719,Y
_DSC8104.tif,3,3,3,1,6,Yuxuan,0,656,918,3040,3302,Emma,0,534,878,3008,3352,Mark,0,554,906,3018,3370,Y
_DSC8104.tif,3,3,3,3,1,Yuxuan,0,2398,2672,3058,3332,Emma,0,2362,2694,3028,3360,Mark,0,2300,2728,2942,3370,Y
_DSC8104.tif,3,3,3,3,2,Yuxuan,5,2250,2512,3404,3666,Emma,6,2251,2519,3360,3628,Mark,6,2200,2580,3304,3684,Y
_DSC8104.tif,3,3,3,3,3,Yuxuan,4,2178,2440,3690,3952,Emma,5,2152,2448,3684,3980,Mark,6,2123,2505,3646,4028,Y
_DSC8104.tif,3,3,3,3,4,Yuxuan,3,2784,3094,3700,4010,Emma,4,2803,3099,3712,4008,Mark,3,2808,3180,3679,4051,Y
_DSC8104.tif,3,3,3,3,5,Yuxuan,0,2796,3058,3380,3642,Emma,0,2742,3094,3314,3666,Mark,0,2752,3160,3276,3684,Y
_DSC8104.tif,3,3,3,3,6,Yuxuan,0,2726,2952,3034,3260,Emma,0,2675,2999,2970,3294,Mark,0,2704,3094,2942,3332,Y
_DSC8105.tif,3,3,1,1,1,Caroline,6,746,1000,596,850,Raf,6,764,992,616,844,Indira,6,742,996,608,862,Y
_DSC8105.tif,3,3,1,1,2,Caroline,2,556,882,909,1235,Raf,1,536,874,898,1236,Indira,0,590,896,950,1256,Y
_DSC8105.tif,3,3,1,1,3,Caroline,1,564,936,1382,1754,Raf,0,542,928,1380,1766,Indira,0,563,899,1416,1752,Y
_DSC8105.tif,3,3,1,1,4,Caroline,1,1222,1572,1270,1620,Raf,0,1122,1558,1280,1716,Indira,0,1218,1478,1328,1588,Y
_DSC8105.tif,3,3,1,1,5,Caroline,0,1112,1460,835,1183,Raf,0,1132,1588,740,1196,Indira,0,1140,1432,857,1149,Y
_DSC8105.tif,3,3,1,1,6,Caroline,1,1096,1390,508,802,Raf,0,1097,1395,506,804,Indira,0,1102,1370,528,796,Y
_DSC8105.tif,3,3,1,3,2,Caroline,6,2305,2559,936,1190,Raf,6,2331,2539,952,1160,Indira,6,2318,2556,964,1202,Y
_DSC8105.tif,3,3,1,3,3,Caroline,2,2142,2492,1166,1516,Raf,1,2147,2445,1210,1508,Indira,0,2146,2474,1218,1546,Y
_DSC8105.tif,3,3,1,3,4,Caroline,0,2610,3038,1262,1690,Raf,0,2628,2986,1339,1697,Indira,0,2662,3000,1316,1654,Y
_DSC8105.tif,3,3,1,3,5,Caroline,0,2670,2980,952,1262,Raf,0,2674,3000,924,1250,Indira,0,2651,2973,980,1302,Y
_DSC8105.tif,3,3,1,3,6,Caroline,0,2566,2876,564,874,Raf,0,2593,2911,556,874,Indira,0,2576,2858,636,918,Y
_DSC8105.tif,3,3,2,2,1,Caroline,0,1416,1766,2118,2468,Raf,0,1380,1786,2044,2450,Indira,0,1470,1722,2151,2403,Y
_DSC8105.tif,3,3,2,2,2,Caroline,0,1334,1650,2476,2792,Raf,0,1240,1548,2479,2787,Indira,0,1316,1622,2490,2796,Y
_DSC8105.tif,3,3,2,2,3,Caroline,6,1374,1738,2900,3264,Raf,6,1413,1671,2906,3164,Indira,6,1375,1711,2884,3220,Y
_DSC8105.tif,3,3,2,2,4,Caroline,0,1960,2340,2730,3110,Raf,0,1924,2262,2786,3124,Indira,0,1974,2264,2777,3067,Y
_DSC8105.tif,3,3,2,2,5,Caroline,0,2007,2357,2340,2690,Raf,0,2013,2341,2360,2688,Indira,0,2036,2334,2422,2720,Y
_DSC8105.tif,3,3,2,2,6,Caroline,0,1802,2118,2111,2427,Raf,0,1786,2132,2049,2395,Indira,0,1802,2108,2128,2434,Y
_DSC8105.tif,3,3,3,1,1,Caroline,0,480,838,3308,3666,Raf,0,486,814,3287,3615,Indira,0,406,804,3301,3699,Y
_DSC8105.tif,3,3,3,1,2,Caroline,0,262,698,3638,4074,Raf,0,294,650,3700,4056,Indira,0,349,631,3742,4024,Y
_DSC8105.tif,3,3,3,1,3,Caroline,0,282,696,4180,4594,Raf,0,328,764,4170,4606,Indira,0,392,736,4216,4560,Y
_DSC8105.tif,3,3,3,1,4,Caroline,6,1008,1350,4014,4356,Raf,6,1042,1270,4046,4274,Indira,6,1042,1316,4040,4314,Y
_DSC8105.tif,3,3,3,1,5,Caroline,0,960,1254,3650,3944,Raf,0,952,1200,3660,3908,Indira,1,942,1248,3642,3948,Y
_DSC8105.tif,3,3,3,1,6,Caroline,0,882,1152,3276,3546,Raf,0,834,1142,3262,3570,Indira,0,887,1141,3312,3566,Y
_DSC8105.tif,3,3,3,3,1,Caroline,0,2578,2888,3300,3610,Raf,0,2598,2826,3312,3540,Indira,0,2602,2908,3274,3580,Y
_DSC8105.tif,3,3,3,3,2,Caroline,0,2445,2777,3626,3958,Raf,0,2420,2758,3595,3933,Indira,0,2456,2746,3653,3943,Y
_DSC8105.tif,3,3,3,3,3,Caroline,0,2408,2758,4006,4356,Raf,0,2395,2743,4006,4354,Indira,0,2421,2765,4054,4398,Y
_DSC8105.tif,3,3,3,3,4,Caroline,0,2992,3380,3927,4315,Raf,0,3015,3341,3918,4244,Indira,0,3038,3382,3936,4280,Y
_DSC8105.tif,3,3,3,3,5,Caroline,6,3016,3324,3587,3895,Raf,6,3034,3302,3600,3868,Indira,6,3052,3328,3592,3868,Y
_DSC8105.tif,3,3,3,3,6,Caroline,0,2924,3250,3252,3578,Raf,1,2926,3244,3287,3605,Indira,1,2981,3225,3328,3572,Y
_DSC8106.tif,3,3,1,1,1,JoshW,0,834,1126,459,751,JoshB,0,914,1134,514,734,Caroline,0,866,1190,422,746,Y
_DSC8106.tif,3,3,1,1,2,JoshW,0,716,984,712,980,JoshB,0,768,958,762,952,Caroline,0,690,992,706,1008,Y
_DSC8106.tif,3,3,1,1,3,JoshW,0,559,911,1056,1408,JoshB,0,582,914,1106,1438,Caroline,0,564,928,1068,1432,Y
_DSC8106.tif,3,3,1,1,4,JoshW,0,1172,1500,1148,1476,JoshB,0,1210,1572,1190,1552,Caroline,0,1128,1540,1143,1555,Y
_DSC8106.tif,3,3,1,1,5,JoshW,0,1186,1554,804,1172,JoshB,0,1248,1552,825,1129,Caroline,0,1195,1543,826,1174,Y
_DSC8106.tif,3,3,1,1,6,JoshW,6,1210,1408,544,742,JoshB,5,1182,1428,526,772,Caroline,6,1162,1432,500,770,Y
_DSC8106.tif,3,3,1,3,1,JoshW,6,2158,2388,650,880,JoshB,4,2162,2418,634,890,Caroline,6,2102,2412,588,898,Y
_DSC8106.tif,3,3,1,3,2,JoshW,0,2013,2311,980,1278,JoshB,0,2028,2324,1004,1300,Caroline,0,2040,2348,965,1273,Y
_DSC8106.tif,3,3,1,3,3,JoshW,0,2104,2388,1458,1742,JoshB,0,2094,2438,1447,1791,Caroline,0,2064,2372,1449,1757,Y
_DSC8106.tif,3,3,1,3,4,JoshW,0,2702,3060,1172,1530,JoshB,0,2738,3052,1200,1514,Caroline,0,2698,3070,1179,1551,Y
_DSC8106.tif,3,3,1,3,5,JoshW,0,2743,3103,788,1148,JoshB,0,2780,3008,877,1105,Caroline,0,2733,3075,770,1112,Y
_DSC8106.tif,3,3,1,3,6,JoshW,0,2464,2770,556,862,JoshB,0,2514,2790,610,886,Caroline,0,2437,2785,462,810,Y
_DSC8106.tif,3,3,2,2,1,JoshW,0,1278,1638,2028,2388,JoshB,0,1362,1628,2115,2381,Caroline,0,1270,1572,2051,2353,Y
_DSC8106.tif,3,3,2,2,2,JoshW,6,1324,1638,2494,2808,JoshB,6,1334,1638,2504,2808,Caroline,6,1318,1626,2496,2804,Y
_DSC8106.tif,3,3,2,2,3,JoshW,0,1278,1592,2849,3163,JoshB,0,1329,1577,2866,3114,Caroline,0,1270,1626,2833,3189,Y
_DSC8106.tif,3,3,2,2,4,JoshW,0,1952,2258,2704,3010,JoshB,0,1972,2256,2700,2984,Caroline,0,1896,2302,2665,3071,Y
_DSC8106.tif,3,3,2,2,5,JoshW,0,1860,2226,2342,2708,JoshB,0,1866,2200,2356,2690,Caroline,0,1842,2222,2313,2693,Y
_DSC8106.tif,3,3,2,2,6,JoshW,0,1615,1921,1952,2258,JoshB,0,1696,1952,2019,2275,Caroline,0,1658,1968,1996,2306,Y
_DSC8106.tif,3,3,3,1,1,JoshW,0,304,654,3306,3656,JoshB,0,382,648,3352,3618,Caroline,0,318,652,3332,3666,Y
_DSC8106.tif,3,3,3,1,2,JoshW,0,181,479,3650,3948,JoshB,0,192,506,3666,3980,Caroline,0,129,437,3642,3950,Y
_DSC8106.tif,3,3,3,1,3,JoshW,6,360,636,3997,4273,JoshB,6,324,648,3961,4285,Caroline,6,318,644,3970,4296,Y
_DSC8106.tif,3,3,3,1,4,JoshW,0,785,1105,3948,4268,JoshB,0,858,1114,3976,4232,Caroline,0,786,1166,3904,4284,Y
_DSC8106.tif,3,3,3,1,5,JoshW,0,801,1061,3642,3902,JoshB,0,838,1096,3665,3923,Caroline,0,786,1120,3602,3936,Y
_DSC8106.tif,3,3,3,1,6,JoshW,0,696,996,3301,3601,JoshB,0,710,986,3342,3618,Caroline,0,628,1008,3246,3626,Y
_DSC8106.tif,3,3,3,3,1,JoshW,0,2464,2754,3428,3718,JoshB,0,2486,2762,3442,3718,Caroline,0,2457,2773,3444,3760,Y
_DSC8106.tif,3,3,3,3,2,JoshW,0,2176,2544,3672,4040,JoshB,0,2227,2533,3684,3990,Caroline,0,2190,2540,3705,4055,Y
_DSC8106.tif,3,3,3,3,3,JoshW,0,2166,2510,4085,4429,JoshB,0,2142,2504,4079,4441,Caroline,0,2135,2539,4094,4498,Y
_DSC8106.tif,3,3,3,3,4,JoshW,6,2872,3164,4100,4392,JoshB,6,2866,3160,4094,4388,Caroline,6,2848,3222,4050,4424,Y
_DSC8106.tif,3,3,3,3,5,JoshW,0,2735,3057,3748,4070,JoshB,0,2742,3038,3770,4066,Caroline,0,2722,3054,3753,4085,Y
_DSC8106.tif,3,3,3,3,6,JoshW,0,2805,3049,3474,3718,JoshB,0,2813,3061,3484,3732,Caroline,0,2773,3153,3380,3760,Y
