split,filename,full_path,label
train,_DSC0024_2_1_1.tif,_DSC0024_2_1_1.tif,2
train,_DSC0024_1_2_8.tif,_DSC0024_1_2_8.tif,1
train,DSC_9240_1_3_3.tif,DSC_9240_1_3_3.tif,3
train,DSC_7712_3_3_1.tif,DSC_7712_3_3_1.tif,2
train,DSC_9227_s2_1_3_5.tif,DSC_9227_s2_1_3_5.tif,6
train,_DSC0771_2_1_1.tif,_DSC0771_2_1_1.tif,2
train,DSC_0212_3_3_1.tif,DSC_0212_3_3_1.tif,1
train,DSC_0104_1_3_4.tif,DSC_0104_1_3_4.tif,2
train,DSC_2452_1_1_5.tif,DSC_2452_1_1_5.tif,6
train,_DSC9858_1_3_8.tif,_DSC9858_1_3_8.tif,5
train,DSC_2395_3_1_3.tif,DSC_2395_3_1_3.tif,5
train,_DSC3040_1_2_3.tif,_DSC3040_1_2_3.tif,0
train,DSC_2452_1_1_1.tif,DSC_2452_1_1_1.tif,5
train,_DSC0175_2_1_8.tif,_DSC0175_2_1_8.tif,3
train,DSC_3612_3_3_2.tif,DSC_3612_3_3_2.tif,2
train,DSC_4390_3_3_2.tif,DSC_4390_3_3_2.tif,6
train,_DSC9859_2_1_2.tif,_DSC9859_2_1_2.tif,4
train,_DSC1334_1_2_1.tif,_DSC1334_1_2_1.tif,6
train,DSC_4390_1_1_2.tif,DSC_4390_1_1_2.tif,3
train,DSC_7588_3_3_1.tif,DSC_7588_3_3_1.tif,1
train,_DSC8787_1_3_8.tif,_DSC8787_1_3_8.tif,2
train,_DSC7622_3_1_2.tif,_DSC7622_3_1_2.tif,6
train,DSC_1351_2_2_1.tif,DSC_1351_2_2_1.tif,6
train,_DSC8787_1_4_7.tif,_DSC8787_1_4_7.tif,4
train,DSC_0216_1_1_6.tif,DSC_0216_1_1_6.tif,3
train,_DSC7623_2_2_5.tif,_DSC7623_2_2_5.tif,0
train,DSC_6339_1_3_3.tif,DSC_6339_1_3_3.tif,3
train,DSC_7586_2_3_5.tif,DSC_7586_2_3_5.tif,3
train,_DSC0023_1_3_3.tif,_DSC0023_1_3_3.tif,0
train,DSC_1346_1_1_3.tif,DSC_1346_1_1_3.tif,3
train,DSC_1176_1_3_5.tif,DSC_1176_1_3_5.tif,6
train,DSC_5087_2_1_5.tif,DSC_5087_2_1_5.tif,0
train,_DSC9261_2_3_2.tif,_DSC9261_2_3_2.tif,5
train,_DSC8787_1_4_5.tif,_DSC8787_1_4_5.tif,3
train,DSC_1351_2_2_4.tif,DSC_1351_2_2_4.tif,3
train,DSC_2453_3_1_4.tif,DSC_2453_3_1_4.tif,4
train,DSC_3614_2_3_2.tif,DSC_3614_2_3_2.tif,3
train,_DSC9260_3_1_2.tif,_DSC9260_3_1_2.tif,2
train,DSC_9242_1_1_6.tif,DSC_9242_1_1_6.tif,2
train,_DSC1805_2_3_7.tif,_DSC1805_2_3_7.tif,6
train,DSC_1180_1_1_4.tif,DSC_1180_1_1_4.tif,5
train,DSC_9234_3_3_5.tif,DSC_9234_3_3_5.tif,4
train,_DSC8106_1_1_3.tif,_DSC8106_1_1_3.tif,0
train,DSC_2870_2_2_2.tif,DSC_2870_2_2_2.tif,6
train,_DSC9856_1_4_5.tif,_DSC9856_1_4_5.tif,0
train,_DSC3538_3_3_3.tif,_DSC3538_3_3_3.tif,2
train,_DSC1805_2_1_1.tif,_DSC1805_2_1_1.tif,6
train,_DSC8787_1_1_4.tif,_DSC8787_1_1_4.tif,4
train,_DSC8787_1_2_5.tif,_DSC8787_1_2_5.tif,2
train,DSC_8265_2_2_5.tif,DSC_8265_2_2_5.tif,3
train,_DSC8787_2_1_6.tif,_DSC8787_2_1_6.tif,2
train,_DSC9857_1_3_2.tif,_DSC9857_1_3_2.tif,0
train,_DSC1647_1_3_5.tif,_DSC1647_1_3_5.tif,3
train,_DSC0139_2_4_2.tif,_DSC0139_2_4_2.tif,1
train,_DSC2690_1_1_4.tif,_DSC2690_1_1_4.tif,0
train,_DSC0768_1_2_2.tif,_DSC0768_1_2_2.tif,3
train,DSC_7588_3_1_5.tif,DSC_7588_3_1_5.tif,2
train,_DSC3043_1_2_2.tif,_DSC3043_1_2_2.tif,1
train,DSC_2867_3_3_5.tif,DSC_2867_3_3_5.tif,3
train,DSC_4388_1_1_3.tif,DSC_4388_1_1_3.tif,1
train,DSC_2828_3_1_5.tif,DSC_2828_3_1_5.tif,0
train,_DSC3044_1_3_2.tif,_DSC3044_1_3_2.tif,2
train,DSC_1351_1_1_3.tif,DSC_1351_1_1_3.tif,4
train,_DSC7621_1_1_6.tif,_DSC7621_1_1_6.tif,6
train,_DSC0023_2_1_7.tif,_DSC0023_2_1_7.tif,1
train,DSC_8265_1_3_4.tif,DSC_8265_1_3_4.tif,3
train,DSC_6619_3_1_4.tif,DSC_6619_3_1_4.tif,2
train,DSC_4540_1_3_5.tif,DSC_4540_1_3_5.tif,3
train,DSC_2828_3_3_6.tif,DSC_2828_3_3_6.tif,0
train,DSC_3614_2_3_1.tif,DSC_3614_2_3_1.tif,3
train,_DSC8787_1_2_4.tif,_DSC8787_1_2_4.tif,3
train,_DSC0768_1_2_1.tif,_DSC0768_1_2_1.tif,3
train,_DSC3040_2_1_5.tif,_DSC3040_2_1_5.tif,0
train,_DSC0175_1_4_7.tif,_DSC0175_1_4_7.tif,1
train,_DSC0138_1_4_4.tif,_DSC0138_1_4_4.tif,0
train,_DSC1014_3_1_2.tif,_DSC1014_3_1_2.tif,5
train,_DSC9859_2_1_4.tif,_DSC9859_2_1_4.tif,3
train,DSC_7585_3_3_6.tif,DSC_7585_3_3_6.tif,2
train,_DSC9856_2_4_3.tif,_DSC9856_2_4_3.tif,4
train,_DSC7622_2_2_6.tif,_DSC7622_2_2_6.tif,6
train,_DSC1334_2_3_1.tif,_DSC1334_2_3_1.tif,1
train,DSC_3615_1_2_4.tif,DSC_3615_1_2_4.tif,1
train,_DSC0170_3_2_2.tif,_DSC0170_3_2_2.tif,6
train,_DSC2691_1_1_1.tif,_DSC2691_1_1_1.tif,3
train,DSC_1558_2_2_5.tif,DSC_1558_2_2_5.tif,5
train,DSC_7711_3_1_2.tif,DSC_7711_3_1_2.tif,6
train,_DSC7623_3_1_2.tif,_DSC7623_3_1_2.tif,0
train,DSC_9239_1_1_1.tif,DSC_9239_1_1_1.tif,2
train,_DSC1646_4_1_3.tif,_DSC1646_4_1_3.tif,5
train,DSC_6617_1_1_6.tif,DSC_6617_1_1_6.tif,0
train,DSC_8268_3_1_4.tif,DSC_8268_3_1_4.tif,5
train,_DSC9854_2_3_2.tif,_DSC9854_2_3_2.tif,1
train,DSC_9235_1_1_6.tif,DSC_9235_1_1_6.tif,3
train,_DSC9858_2_2_1.tif,_DSC9858_2_2_1.tif,5
train,DSC_4388_3_1_2.tif,DSC_4388_3_1_2.tif,6
train,DSC_0208_2_2_6.tif,DSC_0208_2_2_6.tif,6
train,DSC_0212_1_3_5.tif,DSC_0212_1_3_5.tif,2
train,DSC_7709_3_3_3.tif,DSC_7709_3_3_3.tif,2
train,DSC_5087_2_1_1.tif,DSC_5087_2_1_1.tif,5
train,DSC_1593_2_3_4.tif,DSC_1593_2_3_4.tif,0
train,_DSC8104_2_2_4.tif,_DSC8104_2_2_4.tif,5
train,DSC_3612_3_3_1.tif,DSC_3612_3_3_1.tif,2
train,_DSC1159_2_3_1.tif,_DSC1159_2_3_1.tif,1
train,_DSC0170_2_3_2.tif,_DSC0170_2_3_2.tif,5
train,_DSC1332_3_1_4.tif,_DSC1332_3_1_4.tif,1
train,_DSC0765_2_1_2.tif,_DSC0765_2_1_2.tif,1
train,DSC_1556_1_1_2.tif,DSC_1556_1_1_2.tif,0
train,_DSC9858_2_2_7.tif,_DSC9858_2_2_7.tif,1
train,_DSC9258_1_1_4.tif,_DSC9258_1_1_4.tif,5
train,_DSC3537_3_1_1.tif,_DSC3537_3_1_1.tif,3
train,DSC_7586_1_2_1.tif,DSC_7586_1_2_1.tif,4
train,DSC_5086_2_1_6.tif,DSC_5086_2_1_6.tif,6
train,_DSC1646_4_2_7.tif,_DSC1646_4_2_7.tif,2
train,DSC_7492_3_3_4.tif,DSC_7492_3_3_4.tif,5
train,_DSC9856_1_2_5.tif,_DSC9856_1_2_5.tif,2
train,DSC_1592_2_5_2.tif,DSC_1592_2_5_2.tif,3
train,DSC_0109_1_3_6.tif,DSC_0109_1_3_6.tif,3
train,DSC_1180_3_1_2.tif,DSC_1180_3_1_2.tif,6
train,DSC_9228_s1_3_1_2.tif,DSC_9228_s1_3_1_2.tif,6
train,_DSC3044_1_1_1.tif,_DSC3044_1_1_1.tif,1
train,DSC_0806_3_3_6.tif,DSC_0806_3_3_6.tif,3
train,_DSC0765_2_3_6.tif,_DSC0765_2_3_6.tif,1
train,_DSC0170_1_4_3.tif,_DSC0170_1_4_3.tif,5
train,_DSC0170_1_1_6.tif,_DSC0170_1_1_6.tif,4
train,DSC_1349_2_2_1.tif,DSC_1349_2_2_1.tif,6
train,DSC_7490_2_3_6.tif,DSC_7490_2_3_6.tif,0
train,DSC_3613_3_1_2.tif,DSC_3613_3_1_2.tif,4
train,_DSC0769_1_2_5.tif,_DSC0769_1_2_5.tif,1
train,_DSC0768_3_1_4.tif,_DSC0768_3_1_4.tif,2
train,_DSC1647_3_1_1.tif,_DSC1647_3_1_1.tif,6
train,_DSC1805_2_2_1.tif,_DSC1805_2_2_1.tif,5
train,DSC_1174_2_2_2.tif,DSC_1174_2_2_2.tif,6
train,_DSC9856_1_2_3.tif,_DSC9856_1_2_3.tif,2
train,_DSC9259_1_1_2.tif,_DSC9259_1_1_2.tif,2
train,_DSC2691_2_2_4.tif,_DSC2691_2_2_4.tif,1
train,_DSC1805_1_4_3.tif,_DSC1805_1_4_3.tif,5
train,DSC_9242_1_3_6.tif,DSC_9242_1_3_6.tif,1
train,_DSC1805_2_2_3.tif,_DSC1805_2_2_3.tif,1
train,DSC_7710_3_1_2.tif,DSC_7710_3_1_2.tif,6
train,DSC_7492_2_3_6.tif,DSC_7492_2_3_6.tif,6
train,DSC_0112_3_1_5.tif,DSC_0112_3_1_5.tif,3
train,DSC_0113_2_2_6.tif,DSC_0113_2_2_6.tif,1
train,DSC_4543_3_1_1.tif,DSC_4543_3_1_1.tif,3
train,DSC_3611_3_1_4.tif,DSC_3611_3_1_4.tif,3
train,_DSC1646_2_3_8.tif,_DSC1646_2_3_8.tif,5
train,DSC_4391_2_2_3.tif,DSC_4391_2_2_3.tif,5
train,_DSC1805_2_2_8.tif,_DSC1805_2_2_8.tif,4
train,DSC_1558_2_3_2.tif,DSC_1558_2_3_2.tif,0
train,DSC_3618_3_1_3.tif,DSC_3618_3_1_3.tif,3
train,_DSC1648_1_1_3.tif,_DSC1648_1_1_3.tif,3
train,DSC_3612_2_3_5.tif,DSC_3612_2_3_5.tif,2
train,DSC_0212_3_3_2.tif,DSC_0212_3_3_2.tif,1
train,_DSC1158_2_3_5.tif,_DSC1158_2_3_5.tif,5
train,_DSC1647_1_2_3.tif,_DSC1647_1_2_3.tif,2
train,DSC_0209_2_2_2.tif,DSC_0209_2_2_2.tif,1
train,_DSC1014_1_3_2.tif,_DSC1014_1_3_2.tif,6
train,DSC_0208_3_3_6.tif,DSC_0208_3_3_6.tif,3
train,DSC_8266_3_1_6.tif,DSC_8266_3_1_6.tif,6
train,DSC_8265_3_1_6.tif,DSC_8265_3_1_6.tif,4
train,_DSC3044_3_3_1.tif,_DSC3044_3_3_1.tif,3
train,_DSC3044_2_2_4.tif,_DSC3044_2_2_4.tif,1
train,DSC_9237_1_1_6.tif,DSC_9237_1_1_6.tif,6
train,_DSC1647_4_3_1.tif,_DSC1647_4_3_1.tif,0
train,DSC_6617_3_3_2.tif,DSC_6617_3_3_2.tif,6
train,DSC_1173_3_3_3.tif,DSC_1173_3_3_3.tif,3
train,DSC_3615_3_3_1.tif,DSC_3615_3_3_1.tif,2
train,_DSC9259_2_1_2.tif,_DSC9259_2_1_2.tif,0
train,DSC_0217_2_2_2.tif,DSC_0217_2_2_2.tif,2
train,DSC_1349_3_3_2.tif,DSC_1349_3_3_2.tif,6
train,_DSC8787_2_2_6.tif,_DSC8787_2_2_6.tif,4
train,DSC_0807_2_2_6.tif,DSC_0807_2_2_6.tif,0
train,_DSC1648_2_3_1.tif,_DSC1648_2_3_1.tif,4
train,DSC_0803_3_1_3.tif,DSC_0803_3_1_3.tif,4
train,_DSC1160_2_1_5.tif,_DSC1160_2_1_5.tif,2
train,_DSC1805_4_4_3.tif,_DSC1805_4_4_3.tif,5
train,DSC_5088_2_3_3.tif,DSC_5088_2_3_3.tif,4
train,_DSC3042_1_1_5.tif,_DSC3042_1_1_5.tif,5
train,_DSC0170_1_4_5.tif,_DSC0170_1_4_5.tif,5
train,DSC_4390_3_1_1.tif,DSC_4390_3_1_1.tif,6
train,DSC_9231_3_1_1.tif,DSC_9231_3_1_1.tif,5
train,DSC_4392_3_3_5.tif,DSC_4392_3_3_5.tif,5
train,_DSC1158_1_2_6.tif,_DSC1158_1_2_6.tif,3
train,_DSC1804_2_4_1.tif,_DSC1804_2_4_1.tif,6
train,DSC_0111_2_2_2.tif,DSC_0111_2_2_2.tif,2
train,DSC_4387_3_1_1.tif,DSC_4387_3_1_1.tif,0
train,DSC_5086_2_1_3.tif,DSC_5086_2_1_3.tif,0
train,DSC_0111_2_2_3.tif,DSC_0111_2_2_3.tif,3
train,DSC_2451_3_3_4.tif,DSC_2451_3_3_4.tif,6
train,DSC_8264_3_3_1.tif,DSC_8264_3_3_1.tif,0
train,_DSC1647_4_3_6.tif,_DSC1647_4_3_6.tif,3
train,DSC_6339_3_3_4.tif,DSC_6339_3_3_4.tif,0
train,_DSC0023_2_1_6.tif,_DSC0023_2_1_6.tif,0
train,_DSC0768_2_1_6.tif,_DSC0768_2_1_6.tif,2
train,DSC_1347_3_3_6.tif,DSC_1347_3_3_6.tif,3
train,DSC_8267_2_2_1.tif,DSC_8267_2_2_1.tif,5
train,DSC_4388_2_2_6.tif,DSC_4388_2_2_6.tif,2
train,DSC_1592_1_2_6.tif,DSC_1592_1_2_6.tif,3
train,DSC_6338_2_2_5.tif,DSC_6338_2_2_5.tif,1
train,DSC_4542_2_2_2.tif,DSC_4542_2_2_2.tif,3
train,_DSC8787_2_2_1.tif,_DSC8787_2_2_1.tif,5
train,DSC_1592_1_5_5.tif,DSC_1592_1_5_5.tif,3
train,DSC_1174_3_3_3.tif,DSC_1174_3_3_3.tif,1
train,DSC_1178_3_1_4.tif,DSC_1178_3_1_4.tif,4
train,DSC_1349_3_1_4.tif,DSC_1349_3_1_4.tif,5
train,DSC_1348_1_3_5.tif,DSC_1348_1_3_5.tif,0
train,DSC_4393_1_3_6.tif,DSC_4393_1_3_6.tif,5
train,DSC_7708_3_3_2.tif,DSC_7708_3_3_2.tif,0
train,DSC_1351_1_3_5.tif,DSC_1351_1_3_5.tif,6
train,_DSC1647_3_1_3.tif,_DSC1647_3_1_3.tif,5
train,_DSC9261_3_2_5.tif,_DSC9261_3_2_5.tif,5
train,_DSC0766_3_3_6.tif,_DSC0766_3_3_6.tif,4
train,_DSC8787_2_1_1.tif,_DSC8787_2_1_1.tif,5
train,DSC_9227_s2_2_2_2.tif,DSC_9227_s2_2_2_2.tif,3
train,_DSC1646_2_1_3.tif,_DSC1646_2_1_3.tif,1
train,DSC_0217_1_3_6.tif,DSC_0217_1_3_6.tif,1
train,_DSC8788_2_2_4.tif,_DSC8788_2_2_4.tif,2
train,DSC_4394_3_1_5.tif,DSC_4394_3_1_5.tif,5
train,_DSC1648_1_3_7.tif,_DSC1648_1_3_7.tif,4
train,_DSC3537_2_1_1.tif,_DSC3537_2_1_1.tif,2
train,DSC_1344_1_1_1.tif,DSC_1344_1_1_1.tif,6
train,_DSC1805_2_3_8.tif,_DSC1805_2_3_8.tif,0
train,DSC_1178_2_2_2.tif,DSC_1178_2_2_2.tif,4
train,_DSC8786_1_2_6.tif,_DSC8786_1_2_6.tif,0
train,_DSC9261_1_3_5.tif,_DSC9261_1_3_5.tif,5
train,DSC_3612_2_1_1.tif,DSC_3612_2_1_1.tif,1
train,_DSC0139_2_2_1.tif,_DSC0139_2_2_1.tif,1
train,DSC_4393_3_3_2.tif,DSC_4393_3_3_2.tif,5
train,_DSC1648_1_1_2.tif,_DSC1648_1_1_2.tif,5
train,DSC_2871_1_2_4.tif,DSC_2871_1_2_4.tif,5
train,DSC_1592_1_5_2.tif,DSC_1592_1_5_2.tif,0
train,_DSC1333_2_3_1.tif,_DSC1333_2_3_1.tif,4
train,_DSC7360_1_1_6.tif,_DSC7360_1_1_6.tif,5
train,_DSC0170_1_4_1.tif,_DSC0170_1_4_1.tif,6
train,_DSC9857_1_4_4.tif,_DSC9857_1_4_4.tif,0
train,DSC_6618_1_3_3.tif,DSC_6618_1_3_3.tif,1
train,DSC_7494_3_3_6.tif,DSC_7494_3_3_6.tif,3
train,DSC_2454_1_1_4.tif,DSC_2454_1_1_4.tif,0
train,DSC_1345_3_1_3.tif,DSC_1345_3_1_3.tif,6
train,DSC_1592_2_4_3.tif,DSC_1592_2_4_3.tif,0
train,DSC_9228_s1_2_2_6.tif,DSC_9228_s1_2_2_6.tif,1
train,_DSC0023_2_4_5.tif,_DSC0023_2_4_5.tif,2
train,DSC_1350_3_3_4.tif,DSC_1350_3_3_4.tif,6
train,_DSC1648_2_2_2.tif,_DSC1648_2_2_2.tif,3
train,_DSC8788_2_4_6.tif,_DSC8788_2_4_6.tif,1
train,_DSC3044_3_3_5.tif,_DSC3044_3_3_5.tif,2
train,_DSC2690_1_1_2.tif,_DSC2690_1_1_2.tif,1
train,DSC_7712_2_1_1.tif,DSC_7712_2_1_1.tif,3
train,DSC_1556_2_5_6.tif,DSC_1556_2_5_6.tif,0
train,DSC_1344_1_3_1.tif,DSC_1344_1_3_1.tif,5
train,_DSC1804_4_3_5.tif,_DSC1804_4_3_5.tif,4
train,_DSC7359_1_2_5.tif,_DSC7359_1_2_5.tif,4
train,_DSC0764_2_1_2.tif,_DSC0764_2_1_2.tif,2
train,DSC_9232_1_1_5.tif,DSC_9232_1_1_5.tif,6
train,DSC_9239_2_2_4.tif,DSC_9239_2_2_4.tif,1
train,DSC_7494_2_3_2.tif,DSC_7494_2_3_2.tif,3
train,DSC_4541_3_1_1.tif,DSC_4541_3_1_1.tif,3
train,DSC_0217_3_1_6.tif,DSC_0217_3_1_6.tif,0
train,_DSC8788_2_1_8.tif,_DSC8788_2_1_8.tif,2
train,_DSC0766_2_3_1.tif,_DSC0766_2_3_1.tif,4
train,DSC_2452_2_2_2.tif,DSC_2452_2_2_2.tif,6
train,DSC_7492_1_2_5.tif,DSC_7492_1_2_5.tif,6
train,_DSC1646_2_2_5.tif,_DSC1646_2_2_5.tif,3
train,DSC_0104_1_1_5.tif,DSC_0104_1_1_5.tif,2
train,DSC_0214_3_3_5.tif,DSC_0214_3_3_5.tif,4
train,DSC_0112_1_3_3.tif,DSC_0112_1_3_3.tif,3
train,_DSC1804_3_2_4.tif,_DSC1804_3_2_4.tif,6
train,DSC_7586_2_1_6.tif,DSC_7586_2_1_6.tif,5
train,DSC_8268_1_1_1.tif,DSC_8268_1_1_1.tif,5
train,_DSC0023_1_1_2.tif,_DSC0023_1_1_2.tif,0
train,DSC_7494_3_3_4.tif,DSC_7494_3_3_4.tif,1
train,DSC_2870_1_3_5.tif,DSC_2870_1_3_5.tif,1
train,DSC_1179_1_3_4.tif,DSC_1179_1_3_4.tif,3
train,_DSC3535_3_1_4.tif,_DSC3535_3_1_4.tif,4
train,DSC_0113_2_2_5.tif,DSC_0113_2_2_5.tif,1
train,DSC_7587_2_3_6.tif,DSC_7587_2_3_6.tif,1
train,DSC_7494_3_1_6.tif,DSC_7494_3_1_6.tif,2
train,DSC_0218_2_2_2.tif,DSC_0218_2_2_2.tif,3
train,_DSC8104_1_1_6.tif,_DSC8104_1_1_6.tif,5
train,DSC_4545_1_3_4.tif,DSC_4545_1_3_4.tif,2
train,DSC_7492_2_1_2.tif,DSC_7492_2_1_2.tif,6
train,DSC_1179_3_3_2.tif,DSC_1179_3_3_2.tif,4
train,DSC_7492_2_1_4.tif,DSC_7492_2_1_4.tif,5
train,DSC_1179_1_3_1.tif,DSC_1179_1_3_1.tif,5
train,_DSC8788_1_2_7.tif,_DSC8788_1_2_7.tif,0
train,DSC_7586_3_3_2.tif,DSC_7586_3_3_2.tif,3
train,_DSC0175_3_3_8.tif,_DSC0175_3_3_8.tif,4
train,DSC_7586_2_1_1.tif,DSC_7586_2_1_1.tif,4
train,DSC_8268_2_2_2.tif,DSC_8268_2_2_2.tif,5
train,DSC_9239_2_2_6.tif,DSC_9239_2_2_6.tif,4
train,DSC_0214_3_1_3.tif,DSC_0214_3_1_3.tif,1
train,_DSC1648_1_2_1.tif,_DSC1648_1_2_1.tif,2
train,DSC_6339_2_2_3.tif,DSC_6339_2_2_3.tif,4
train,DSC_5086_1_2_2.tif,DSC_5086_1_2_2.tif,1
train,_DSC1648_4_4_5.tif,_DSC1648_4_4_5.tif,3
train,DSC_1558_1_1_1.tif,DSC_1558_1_1_1.tif,3
train,_DSC0771_2_1_2.tif,_DSC0771_2_1_2.tif,1
train,DSC_3614_3_1_5.tif,DSC_3614_3_1_5.tif,5
train,DSC_8268_1_1_6.tif,DSC_8268_1_1_6.tif,5
train,_DSC1015_3_3_4.tif,_DSC1015_3_3_4.tif,5
train,DSC_7712_2_3_3.tif,DSC_7712_2_3_3.tif,1
train,_DSC9859_2_2_1.tif,_DSC9859_2_2_1.tif,6
train,_DSC0175_3_3_2.tif,_DSC0175_3_3_2.tif,1
train,_DSC0175_2_4_1.tif,_DSC0175_2_4_1.tif,2
train,DSC_7708_3_1_6.tif,DSC_7708_3_1_6.tif,2
train,_DSC8787_1_3_6.tif,_DSC8787_1_3_6.tif,2
train,DSC_2452_3_1_1.tif,DSC_2452_3_1_1.tif,0
train,DSC_1179_2_2_6.tif,DSC_1179_2_2_6.tif,4
train,_DSC2692_1_3_4.tif,_DSC2692_1_3_4.tif,0
train,DSC_2827_1_3_2.tif,DSC_2827_1_3_2.tif,6
train,DSC_2454_3_3_4.tif,DSC_2454_3_3_4.tif,5
train,DSC_9235_3_3_2.tif,DSC_9235_3_3_2.tif,3
train,DSC_1179_3_1_1.tif,DSC_1179_3_1_1.tif,6
train,DSC_2828_1_3_1.tif,DSC_2828_1_3_1.tif,4
train,DSC_1349_1_3_6.tif,DSC_1349_1_3_6.tif,6
train,DSC_0217_1_3_5.tif,DSC_0217_1_3_5.tif,1
train,_DSC3537_3_1_2.tif,_DSC3537_3_1_2.tif,0
train,_DSC0765_3_1_5.tif,_DSC0765_3_1_5.tif,1
train,_DSC8786_1_3_6.tif,_DSC8786_1_3_6.tif,0
train,DSC_7712_3_1_1.tif,DSC_7712_3_1_1.tif,0
train,DSC_4393_1_3_1.tif,DSC_4393_1_3_1.tif,5
train,_DSC8787_1_1_8.tif,_DSC8787_1_1_8.tif,4
train,DSC_0808_1_1_4.tif,DSC_0808_1_1_4.tif,2
train,DSC_7491_2_3_5.tif,DSC_7491_2_3_5.tif,4
train,_DSC1804_3_1_1.tif,_DSC1804_3_1_1.tif,4
train,DSC_0104_1_1_2.tif,DSC_0104_1_1_2.tif,1
train,DSC_3614_2_1_5.tif,DSC_3614_2_1_5.tif,4
train,_DSC3536_3_3_6.tif,_DSC3536_3_3_6.tif,4
train,DSC_0215_2_2_5.tif,DSC_0215_2_2_5.tif,2
train,DSC_4545_3_1_3.tif,DSC_4545_3_1_3.tif,4
train,_DSC7360_2_4_2.tif,_DSC7360_2_4_2.tif,3
train,DSC_7710_3_1_4.tif,DSC_7710_3_1_4.tif,5
train,DSC_1558_2_2_6.tif,DSC_1558_2_2_6.tif,5
train,_DSC1647_1_3_8.tif,_DSC1647_1_3_8.tif,4
train,DSC_4541_1_1_3.tif,DSC_4541_1_1_3.tif,2
train,_DSC7359_2_5_4.tif,_DSC7359_2_5_4.tif,2
train,_DSC1334_3_3_5.tif,_DSC1334_3_3_5.tif,6
train,_DSC1646_4_3_4.tif,_DSC1646_4_3_4.tif,2
train,DSC_8264_3_1_6.tif,DSC_8264_3_1_6.tif,2
train,_DSC1647_4_1_1.tif,_DSC1647_4_1_1.tif,4
train,_DSC0766_2_1_6.tif,_DSC0766_2_1_6.tif,4
train,DSC_0106_3_1_5.tif,DSC_0106_3_1_5.tif,0
train,DSC_3613_2_1_6.tif,DSC_3613_2_1_6.tif,3
train,_DSC3535_3_3_3.tif,_DSC3535_3_3_3.tif,4
train,_DSC1647_4_1_7.tif,_DSC1647_4_1_7.tif,6
train,DSC_1592_2_5_4.tif,DSC_1592_2_5_4.tif,1
train,_DSC1648_4_1_7.tif,_DSC1648_4_1_7.tif,1
train,DSC_4393_2_2_1.tif,DSC_4393_2_2_1.tif,5
train,DSC_4540_1_3_4.tif,DSC_4540_1_3_4.tif,1
train,_DSC9856_2_4_4.tif,_DSC9856_2_4_4.tif,1
train,DSC_1345_3_3_5.tif,DSC_1345_3_3_5.tif,0
train,_DSC7622_1_1_5.tif,_DSC7622_1_1_5.tif,5
train,DSC_6339_3_3_2.tif,DSC_6339_3_3_2.tif,0
train,_DSC1804_3_3_5.tif,_DSC1804_3_3_5.tif,6
train,DSC_8267_3_3_2.tif,DSC_8267_3_3_2.tif,1
train,_DSC9260_2_1_5.tif,_DSC9260_2_1_5.tif,2
train,_DSC9856_1_3_4.tif,_DSC9856_1_3_4.tif,1
train,DSC_8534_3_1_2.tif,DSC_8534_3_1_2.tif,1
train,_DSC8787_1_3_1.tif,_DSC8787_1_3_1.tif,4
train,_DSC1648_4_2_1.tif,_DSC1648_4_2_1.tif,3
train,_DSC1804_2_1_6.tif,_DSC1804_2_1_6.tif,5
train,_DSC0170_2_4_5.tif,_DSC0170_2_4_5.tif,5
train,DSC_1592_1_5_6.tif,DSC_1592_1_5_6.tif,5
train,_DSC1646_2_1_2.tif,_DSC1646_2_1_2.tif,0
train,_DSC1646_3_2_7.tif,_DSC1646_3_2_7.tif,5
train,_DSC1333_1_2_2.tif,_DSC1333_1_2_2.tif,5
train,DSC_9237_3_3_5.tif,DSC_9237_3_3_5.tif,3
train,_DSC2691_2_2_3.tif,_DSC2691_2_2_3.tif,1
train,DSC_9239_1_1_3.tif,DSC_9239_1_1_3.tif,1
train,DSC_3612_1_2_3.tif,DSC_3612_1_2_3.tif,1
train,DSC_8269_1_1_3.tif,DSC_8269_1_1_3.tif,6
train,DSC_0109_2_2_5.tif,DSC_0109_2_2_5.tif,5
train,DSC_4547_2_2_3.tif,DSC_4547_2_2_3.tif,2
train,DSC_5087_1_2_4.tif,DSC_5087_1_2_4.tif,2
train,DSC_0218_2_2_3.tif,DSC_0218_2_2_3.tif,2
train,_DSC8105_1_3_3.tif,_DSC8105_1_3_3.tif,1
train,_DSC7360_1_5_6.tif,_DSC7360_1_5_6.tif,2
train,_DSC0175_3_2_5.tif,_DSC0175_3_2_5.tif,0
train,DSC_1178_2_2_4.tif,DSC_1178_2_2_4.tif,0
train,DSC_7587_1_2_1.tif,DSC_7587_1_2_1.tif,1
train,_DSC8787_2_3_5.tif,_DSC8787_2_3_5.tif,6
train,DSC_7490_2_3_1.tif,DSC_7490_2_3_1.tif,1
train,_DSC3537_2_3_1.tif,_DSC3537_2_3_1.tif,1
train,DSC_1348_3_3_5.tif,DSC_1348_3_3_5.tif,6
train,_DSC1805_1_2_6.tif,_DSC1805_1_2_6.tif,4
train,DSC_9242_3_3_6.tif,DSC_9242_3_3_6.tif,1
train,_DSC0766_3_1_5.tif,_DSC0766_3_1_5.tif,5
train,_DSC1805_3_3_1.tif,_DSC1805_3_3_1.tif,6
train,DSC_1173_1_3_1.tif,DSC_1173_1_3_1.tif,6
train,DSC_1348_2_2_3.tif,DSC_1348_2_2_3.tif,4
train,_DSC0764_3_1_4.tif,_DSC0764_3_1_4.tif,1
train,DSC_0215_1_1_2.tif,DSC_0215_1_1_2.tif,3
train,_DSC1804_3_3_1.tif,_DSC1804_3_3_1.tif,6
train,_DSC1160_1_2_3.tif,_DSC1160_1_2_3.tif,2
train,DSC_7713_3_3_3.tif,DSC_7713_3_3_3.tif,3
train,DSC_1558_1_5_5.tif,DSC_1558_1_5_5.tif,2
train,DSC_5088_1_2_6.tif,DSC_5088_1_2_6.tif,0
train,_DSC9259_3_3_5.tif,_DSC9259_3_3_5.tif,1
train,_DSC1805_4_2_8.tif,_DSC1805_4_2_8.tif,4
train,DSC_4545_3_3_1.tif,DSC_4545_3_3_1.tif,2
train,DSC_0109_1_1_3.tif,DSC_0109_1_1_3.tif,5
train,DSC_5088_3_1_5.tif,DSC_5088_3_1_5.tif,1
train,DSC_1344_2_2_3.tif,DSC_1344_2_2_3.tif,3
train,DSC_0217_1_1_3.tif,DSC_0217_1_1_3.tif,3
train,DSC_4545_1_1_4.tif,DSC_4545_1_1_4.tif,4
train,_DSC1805_3_1_2.tif,_DSC1805_3_1_2.tif,5
train,DSC_2453_1_1_5.tif,DSC_2453_1_1_5.tif,6
train,DSC_9239_3_1_5.tif,DSC_9239_3_1_5.tif,3
train,DSC_8263_3_3_6.tif,DSC_8263_3_3_6.tif,0
train,_DSC0139_1_1_3.tif,_DSC0139_1_1_3.tif,0
train,_DSC0175_3_4_4.tif,_DSC0175_3_4_4.tif,1
train,_DSC3042_2_2_5.tif,_DSC3042_2_2_5.tif,2
train,DSC_1347_1_3_4.tif,DSC_1347_1_3_4.tif,4
train,DSC_0216_1_3_1.tif,DSC_0216_1_3_1.tif,3
train,DSC_1178_2_2_6.tif,DSC_1178_2_2_6.tif,3
train,DSC_0207_3_3_5.tif,DSC_0207_3_3_5.tif,5
train,_DSC1158_3_3_6.tif,_DSC1158_3_3_6.tif,3
train,DSC_7710_1_2_3.tif,DSC_7710_1_2_3.tif,4
train,_DSC9260_2_4_3.tif,_DSC9260_2_4_3.tif,1
train,DSC_7711_1_2_4.tif,DSC_7711_1_2_4.tif,6
train,_DSC9854_2_1_4.tif,_DSC9854_2_1_4.tif,2
train,_DSC0023_1_4_4.tif,_DSC0023_1_4_4.tif,0
train,_DSC0770_3_1_5.tif,_DSC0770_3_1_5.tif,2
train,_DSC3041_3_1_3.tif,_DSC3041_3_1_3.tif,4
train,_DSC1805_4_2_6.tif,_DSC1805_4_2_6.tif,6
train,_DSC3535_3_1_2.tif,_DSC3535_3_1_2.tif,3
train,DSC_1593_2_1_3.tif,DSC_1593_2_1_3.tif,1
train,DSC_7585_2_1_4.tif,DSC_7585_2_1_4.tif,2
train,DSC_1558_1_5_3.tif,DSC_1558_1_5_3.tif,4
train,_DSC1805_3_2_5.tif,_DSC1805_3_2_5.tif,3
train,DSC_0807_1_1_5.tif,DSC_0807_1_1_5.tif,4
train,_DSC9856_2_3_1.tif,_DSC9856_2_3_1.tif,2
train,DSC_0110_3_1_1.tif,DSC_0110_3_1_1.tif,2
train,_DSC8787_2_1_7.tif,_DSC8787_2_1_7.tif,3
train,DSC_2869_3_3_3.tif,DSC_2869_3_3_3.tif,1
train,DSC_1345_1_3_3.tif,DSC_1345_1_3_3.tif,0
train,DSC_1346_3_1_2.tif,DSC_1346_3_1_2.tif,5
train,DSC_3614_1_2_5.tif,DSC_3614_1_2_5.tif,4
train,_DSC9859_1_3_6.tif,_DSC9859_1_3_6.tif,2
train,_DSC7359_2_4_5.tif,_DSC7359_2_4_5.tif,0
train,_DSC7359_1_5_4.tif,_DSC7359_1_5_4.tif,0
train,DSC_4541_3_3_6.tif,DSC_4541_3_3_6.tif,1
train,DSC_5085_2_1_6.tif,DSC_5085_2_1_6.tif,6
train,DSC_4539_1_1_4.tif,DSC_4539_1_1_4.tif,1
train,DSC_9228_s1_1_1_2.tif,DSC_9228_s1_1_1_2.tif,0
train,_DSC3044_3_3_3.tif,_DSC3044_3_3_3.tif,3
train,DSC_0218_1_1_5.tif,DSC_0218_1_1_5.tif,3
train,_DSC0138_1_2_3.tif,_DSC0138_1_2_3.tif,0
train,DSC_0103_3_3_5.tif,DSC_0103_3_3_5.tif,5
train,_DSC1804_4_1_8.tif,_DSC1804_4_1_8.tif,6
train,_DSC0764_3_3_4.tif,_DSC0764_3_3_4.tif,2
train,DSC_1556_2_1_3.tif,DSC_1556_2_1_3.tif,2
train,DSC_4542_2_2_3.tif,DSC_4542_2_2_3.tif,4
train,_DSC7621_2_2_1.tif,_DSC7621_2_2_1.tif,5
train,DSC_7493_2_1_5.tif,DSC_7493_2_1_5.tif,2
train,DSC_0107_1_3_4.tif,DSC_0107_1_3_4.tif,1
train,DSC_3618_2_1_1.tif,DSC_3618_2_1_1.tif,3
train,_DSC7360_1_4_3.tif,_DSC7360_1_4_3.tif,4
train,_DSC0024_2_2_1.tif,_DSC0024_2_2_1.tif,0
train,_DSC1646_1_1_5.tif,_DSC1646_1_1_5.tif,2
train,DSC_0803_3_3_5.tif,DSC_0803_3_3_5.tif,6
train,DSC_7585_2_3_3.tif,DSC_7585_2_3_3.tif,1
train,_DSC1805_1_3_3.tif,_DSC1805_1_3_3.tif,3
train,_DSC9858_2_4_5.tif,_DSC9858_2_4_5.tif,4
train,DSC_1351_3_3_1.tif,DSC_1351_3_3_1.tif,6
train,DSC_8269_2_2_3.tif,DSC_8269_2_2_3.tif,6
train,DSC_2395_2_2_2.tif,DSC_2395_2_2_2.tif,6
train,DSC_4392_3_3_4.tif,DSC_4392_3_3_4.tif,5
train,DSC_8270_1_3_6.tif,DSC_8270_1_3_6.tif,6
train,DSC_6618_1_1_2.tif,DSC_6618_1_1_2.tif,5
train,_DSC3041_1_2_2.tif,_DSC3041_1_2_2.tif,1
train,_DSC1805_3_2_7.tif,_DSC1805_3_2_7.tif,6
train,DSC_0207_1_3_6.tif,DSC_0207_1_3_6.tif,5
train,DSC_1348_3_3_6.tif,DSC_1348_3_3_6.tif,6
train,DSC_1351_2_2_6.tif,DSC_1351_2_2_6.tif,6
train,DSC_9231_1_1_2.tif,DSC_9231_1_1_2.tif,5
train,_DSC1647_2_3_4.tif,_DSC1647_2_3_4.tif,4
train,_DSC1804_3_4_3.tif,_DSC1804_3_4_3.tif,6
train,_DSC8787_2_3_3.tif,_DSC8787_2_3_3.tif,4
train,DSC_4540_1_1_3.tif,DSC_4540_1_1_3.tif,1
train,_DSC3536_3_1_4.tif,_DSC3536_3_1_4.tif,5
train,_DSC1804_2_2_2.tif,_DSC1804_2_2_2.tif,6
train,DSC_0216_2_2_3.tif,DSC_0216_2_2_3.tif,3
train,_DSC1646_1_4_2.tif,_DSC1646_1_4_2.tif,3
train,DSC_6618_3_1_6.tif,DSC_6618_3_1_6.tif,4
train,_DSC1805_4_4_6.tif,_DSC1805_4_4_6.tif,6
train,DSC_1558_2_5_5.tif,DSC_1558_2_5_5.tif,0
train,_DSC0175_3_2_2.tif,_DSC0175_3_2_2.tif,0
train,DSC_6340_1_1_1.tif,DSC_6340_1_1_1.tif,6
train,_DSC1805_3_4_4.tif,_DSC1805_3_4_4.tif,5
train,DSC_7491_3_1_6.tif,DSC_7491_3_1_6.tif,6
train,DSC_2394_1_1_2.tif,DSC_2394_1_1_2.tif,0
train,DSC_9237_2_2_1.tif,DSC_9237_2_2_1.tif,2
train,_DSC3538_3_1_2.tif,_DSC3538_3_1_2.tif,2
train,DSC_4538_2_2_1.tif,DSC_4538_2_2_1.tif,1
train,_DSC1333_3_1_4.tif,_DSC1333_3_1_4.tif,0
train,DSC_0109_3_1_4.tif,DSC_0109_3_1_4.tif,2
train,DSC_0207_2_2_2.tif,DSC_0207_2_2_2.tif,6
train,DSC_0110_2_2_5.tif,DSC_0110_2_2_5.tif,2
train,DSC_4540_2_2_5.tif,DSC_4540_2_2_5.tif,2
train,DSC_8534_2_1_3.tif,DSC_8534_2_1_3.tif,5
train,DSC_2868_2_2_3.tif,DSC_2868_2_2_3.tif,1
train,DSC_5088_3_1_3.tif,DSC_5088_3_1_3.tif,0
train,DSC_1180_2_2_1.tif,DSC_1180_2_2_1.tif,5
train,_DSC1160_3_1_1.tif,_DSC1160_3_1_1.tif,1
train,DSC_1346_1_3_4.tif,DSC_1346_1_3_4.tif,3
train,_DSC2690_1_3_5.tif,_DSC2690_1_3_5.tif,0
train,DSC_1180_3_3_1.tif,DSC_1180_3_3_1.tif,6
train,DSC_1351_3_1_1.tif,DSC_1351_3_1_1.tif,6
train,DSC_1173_2_2_2.tif,DSC_1173_2_2_2.tif,4
train,DSC_3615_2_3_5.tif,DSC_3615_2_3_5.tif,2
train,_DSC1647_3_1_7.tif,_DSC1647_3_1_7.tif,5
train,_DSC8106_1_1_6.tif,_DSC8106_1_1_6.tif,6
train,_DSC1333_1_2_5.tif,_DSC1333_1_2_5.tif,4
train,_DSC1647_2_1_6.tif,_DSC1647_2_1_6.tif,4
train,DSC_7710_2_3_5.tif,DSC_7710_2_3_5.tif,6
train,_DSC9859_2_4_7.tif,_DSC9859_2_4_7.tif,5
train,_DSC3040_2_1_4.tif,_DSC3040_2_1_4.tif,1
train,DSC_1179_3_3_5.tif,DSC_1179_3_3_5.tif,5
train,DSC_2827_1_3_3.tif,DSC_2827_1_3_3.tif,2
train,DSC_1556_1_2_2.tif,DSC_1556_1_2_2.tif,6
train,DSC_0213_1_1_6.tif,DSC_0213_1_1_6.tif,5
train,DSC_4393_1_1_6.tif,DSC_4393_1_1_6.tif,5
train,_DSC1159_3_1_5.tif,_DSC1159_3_1_5.tif,4
train,_DSC9858_2_2_4.tif,_DSC9858_2_2_4.tif,4
train,DSC_4545_2_2_2.tif,DSC_4545_2_2_2.tif,5
train,DSC_9233_3_3_6.tif,DSC_9233_3_3_6.tif,2
train,DSC_2870_1_3_2.tif,DSC_2870_1_3_2.tif,2
train,DSC_1178_3_3_3.tif,DSC_1178_3_3_3.tif,5
train,_DSC1804_4_2_8.tif,_DSC1804_4_2_8.tif,5
train,_DSC8787_1_2_3.tif,_DSC8787_1_2_3.tif,3
train,DSC_1180_2_2_4.tif,DSC_1180_2_2_4.tif,3
train,_DSC1648_4_2_8.tif,_DSC1648_4_2_8.tif,4
train,DSC_3611_2_1_5.tif,DSC_3611_2_1_5.tif,3
train,_DSC2689_3_1_1.tif,_DSC2689_3_1_1.tif,1
train,_DSC0023_1_3_2.tif,_DSC0023_1_3_2.tif,4
train,DSC_9239_1_3_2.tif,DSC_9239_1_3_2.tif,1
train,DSC_6337_2_2_6.tif,DSC_6337_2_2_6.tif,6
train,DSC_8534_3_3_2.tif,DSC_8534_3_3_2.tif,1
train,DSC_7585_1_2_6.tif,DSC_7585_1_2_6.tif,4
train,DSC_5087_1_2_5.tif,DSC_5087_1_2_5.tif,0
train,DSC_1176_3_1_1.tif,DSC_1176_3_1_1.tif,6
train,DSC_4389_3_1_1.tif,DSC_4389_3_1_1.tif,4
train,_DSC0024_1_1_8.tif,_DSC0024_1_1_8.tif,0
train,DSC_2451_1_3_2.tif,DSC_2451_1_3_2.tif,4
train,_DSC7621_3_3_4.tif,_DSC7621_3_3_4.tif,6
train,_DSC0025-AVRPib_1_1_2.tif,_DSC0025-AVRPib_1_1_2.tif,0
train,DSC_7491_1_2_4.tif,DSC_7491_1_2_4.tif,5
train,DSC_0808_3_3_2.tif,DSC_0808_3_3_2.tif,6
train,DSC_8267_2_2_6.tif,DSC_8267_2_2_6.tif,1
train,DSC_4542_3_1_5.tif,DSC_4542_3_1_5.tif,3
train,DSC_9240_3_1_2.tif,DSC_9240_3_1_2.tif,2
train,_DSC1646_3_4_8.tif,_DSC1646_3_4_8.tif,3
train,DSC_1177_3_3_4.tif,DSC_1177_3_3_4.tif,5
train,DSC_3613_1_2_2.tif,DSC_3613_1_2_2.tif,4
train,DSC_0810_1_3_6.tif,DSC_0810_1_3_6.tif,6
train,_DSC8785_2_2_4.tif,_DSC8785_2_2_4.tif,3
train,DSC_3613_2_3_4.tif,DSC_3613_2_3_4.tif,3
train,DSC_1180_1_3_1.tif,DSC_1180_1_3_1.tif,0
train,DSC_1593_2_3_6.tif,DSC_1593_2_3_6.tif,4
train,_DSC9858_1_4_5.tif,_DSC9858_1_4_5.tif,2
train,DSC_2454_2_2_3.tif,DSC_2454_2_2_3.tif,1
train,_DSC3040_1_1_2.tif,_DSC3040_1_1_2.tif,1
train,_DSC0138_1_2_8.tif,_DSC0138_1_2_8.tif,0
train,DSC_0111_3_3_3.tif,DSC_0111_3_3_3.tif,2
train,_DSC1333_2_1_1.tif,_DSC1333_2_1_1.tif,4
train,_DSC8788_2_3_6.tif,_DSC8788_2_3_6.tif,1
train,DSC_1345_2_2_2.tif,DSC_1345_2_2_2.tif,5
train,_DSC0175_1_6_4.tif,_DSC0175_1_6_4.tif,0
train,_DSC1158_2_3_2.tif,_DSC1158_2_3_2.tif,5
train,_DSC3040_3_1_2.tif,_DSC3040_3_1_2.tif,1
train,DSC_1558_2_1_4.tif,DSC_1558_2_1_4.tif,3
train,_DSC0769_2_1_2.tif,_DSC0769_2_1_2.tif,2
train,_DSC1805_3_4_5.tif,_DSC1805_3_4_5.tif,6
train,_DSC0175_3_2_3.tif,_DSC0175_3_2_3.tif,4
train,DSC_6337_1_3_5.tif,DSC_6337_1_3_5.tif,3
train,DSC_7493_1_2_3.tif,DSC_7493_1_2_3.tif,1
train,DSC_0111_1_3_2.tif,DSC_0111_1_3_2.tif,1
train,DSC_4394_3_1_1.tif,DSC_4394_3_1_1.tif,5
train,_DSC1648_2_2_4.tif,_DSC1648_2_2_4.tif,1
train,_DSC8787_2_2_3.tif,_DSC8787_2_2_3.tif,2
train,_DSC7621_2_2_2.tif,_DSC7621_2_2_2.tif,6
train,DSC_9240_1_1_4.tif,DSC_9240_1_1_4.tif,4
train,DSC_1592_1_3_3.tif,DSC_1592_1_3_3.tif,2
train,_DSC8785_1_4_7.tif,_DSC8785_1_4_7.tif,2
train,DSC_0208_3_3_4.tif,DSC_0208_3_3_4.tif,3
train,_DSC1647_3_2_5.tif,_DSC1647_3_2_5.tif,2
train,DSC_7494_2_3_1.tif,DSC_7494_2_3_1.tif,3
train,DSC_4539_3_1_3.tif,DSC_4539_3_1_3.tif,3
train,_DSC0138_1_1_1.tif,_DSC0138_1_1_1.tif,5
train,DSC_2869_3_3_5.tif,DSC_2869_3_3_5.tif,1
train,DSC_1177_1_3_2.tif,DSC_1177_1_3_2.tif,5
train,DSC_4542_1_3_2.tif,DSC_4542_1_3_2.tif,3
train,_DSC0170_2_4_6.tif,_DSC0170_2_4_6.tif,4
train,DSC_1350_3_3_1.tif,DSC_1350_3_3_1.tif,5
train,_DSC9858_2_2_6.tif,_DSC9858_2_2_6.tif,4
train,DSC_7583_3_1_5.tif,DSC_7583_3_1_5.tif,0
train,_DSC9260_3_2_2.tif,_DSC9260_3_2_2.tif,4
train,_DSC0769_2_3_4.tif,_DSC0769_2_3_4.tif,2
train,DSC_7588_3_1_3.tif,DSC_7588_3_1_3.tif,0
train,_DSC0766_3_3_5.tif,_DSC0766_3_3_5.tif,4
train,DSC_1175_1_3_5.tif,DSC_1175_1_3_5.tif,6
train,DSC_7708_1_2_6.tif,DSC_7708_1_2_6.tif,1
train,DSC_6619_1_1_4.tif,DSC_6619_1_1_4.tif,0
train,_DSC1647_1_1_3.tif,_DSC1647_1_1_3.tif,6
train,DSC_7494_3_3_1.tif,DSC_7494_3_3_1.tif,0
train,DSC_7490_3_3_5.tif,DSC_7490_3_3_5.tif,0
train,DSC_0807_3_3_3.tif,DSC_0807_3_3_3.tif,3
train,_DSC1015_1_1_5.tif,_DSC1015_1_1_5.tif,6
train,DSC_8264_1_3_1.tif,DSC_8264_1_3_1.tif,6
train,DSC_7588_1_2_2.tif,DSC_7588_1_2_2.tif,0
train,_DSC1158_2_3_4.tif,_DSC1158_2_3_4.tif,2
train,DSC_5085_1_2_1.tif,DSC_5085_1_2_1.tif,2
train,_DSC9258_3_2_5.tif,_DSC9258_3_2_5.tif,5
train,DSC_5088_3_3_6.tif,DSC_5088_3_3_6.tif,0
train,_DSC3041_3_2_5.tif,_DSC3041_3_2_5.tif,1
train,_DSC9261_3_1_2.tif,_DSC9261_3_1_2.tif,4
train,_DSC1159_3_1_2.tif,_DSC1159_3_1_2.tif,1
train,_DSC1647_4_4_7.tif,_DSC1647_4_4_7.tif,5
train,_DSC3536_1_2_5.tif,_DSC3536_1_2_5.tif,1
train,DSC_5086_2_3_2.tif,DSC_5086_2_3_2.tif,5
train,DSC_6261_1_2_1.tif,DSC_6261_1_2_1.tif,5
train,DSC_0210_3_3_1.tif,DSC_0210_3_3_1.tif,0
train,DSC_2871_1_1_4.tif,DSC_2871_1_1_4.tif,5
train,DSC_1593_1_3_1.tif,DSC_1593_1_3_1.tif,4
train,_DSC0175_2_3_5.tif,_DSC0175_2_3_5.tif,0
train,_DSC1647_1_3_4.tif,_DSC1647_1_3_4.tif,5
train,_DSC7622_1_3_1.tif,_DSC7622_1_3_1.tif,1
train,_DSC3042_1_1_1.tif,_DSC3042_1_1_1.tif,2
train,_DSC1648_4_3_3.tif,_DSC1648_4_3_3.tif,4
train,_DSC3043_3_1_1.tif,_DSC3043_3_1_1.tif,6
train,DSC_4392_2_2_3.tif,DSC_4392_2_2_3.tif,6
train,DSC_1345_1_1_4.tif,DSC_1345_1_1_4.tif,1
train,DSC_0112_3_3_6.tif,DSC_0112_3_3_6.tif,2
train,_DSC0175_3_3_4.tif,_DSC0175_3_3_4.tif,0
train,_DSC7360_1_3_3.tif,_DSC7360_1_3_3.tif,1
train,DSC_1592_1_4_6.tif,DSC_1592_1_4_6.tif,0
train,_DSC3040_3_2_4.tif,_DSC3040_3_2_4.tif,0
train,DSC_3615_1_2_5.tif,DSC_3615_1_2_5.tif,1
train,DSC_2871_1_1_1.tif,DSC_2871_1_1_1.tif,0
train,_DSC8104_1_1_4.tif,_DSC8104_1_1_4.tif,4
train,DSC_4394_2_2_5.tif,DSC_4394_2_2_5.tif,4
train,_DSC3040_2_1_3.tif,_DSC3040_2_1_3.tif,4
train,DSC_0808_3_3_5.tif,DSC_0808_3_3_5.tif,6
train,DSC_7709_3_1_1.tif,DSC_7709_3_1_1.tif,1
train,_DSC0024_2_1_8.tif,_DSC0024_2_1_8.tif,0
train,_DSC9858_2_2_2.tif,_DSC9858_2_2_2.tif,4
train,DSC_3613_3_1_1.tif,DSC_3613_3_1_1.tif,4
train,DSC_1175_1_1_3.tif,DSC_1175_1_1_3.tif,3
train,DSC_1178_1_3_1.tif,DSC_1178_1_3_1.tif,5
train,DSC_1175_1_3_4.tif,DSC_1175_1_3_4.tif,2
train,DSC_3616_2_3_2.tif,DSC_3616_2_3_2.tif,1
train,DSC_1345_3_1_1.tif,DSC_1345_3_1_1.tif,4
train,_DSC1805_2_4_2.tif,_DSC1805_2_4_2.tif,6
train,_DSC3044_1_1_2.tif,_DSC3044_1_1_2.tif,2
train,DSC_1346_3_3_3.tif,DSC_1346_3_3_3.tif,4
train,DSC_4393_1_3_4.tif,DSC_4393_1_3_4.tif,5
train,DSC_9235_2_2_4.tif,DSC_9235_2_2_4.tif,2
train,DSC_7712_2_1_2.tif,DSC_7712_2_1_2.tif,3
train,_DSC9258_2_3_3.tif,_DSC9258_2_3_3.tif,0
train,_DSC1157_2_3_6.tif,_DSC1157_2_3_6.tif,4
train,DSC_0810_1_1_2.tif,DSC_0810_1_1_2.tif,5
train,_DSC1157_2_1_4.tif,_DSC1157_2_1_4.tif,1
train,DSC_9242_1_3_3.tif,DSC_9242_1_3_3.tif,1
train,DSC_5086_2_3_1.tif,DSC_5086_2_3_1.tif,6
train,DSC_0810_1_3_3.tif,DSC_0810_1_3_3.tif,3
train,_DSC0024_2_3_1.tif,_DSC0024_2_3_1.tif,1
train,_DSC1648_3_3_2.tif,_DSC1648_3_3_2.tif,1
train,DSC_8264_1_1_4.tif,DSC_8264_1_1_4.tif,2
train,DSC_3616_2_3_1.tif,DSC_3616_2_3_1.tif,1
train,DSC_0111_1_1_6.tif,DSC_0111_1_1_6.tif,2
train,DSC_2452_2_2_1.tif,DSC_2452_2_2_1.tif,6
train,DSC_2869_1_3_4.tif,DSC_2869_1_3_4.tif,0
train,DSC_4392_2_2_6.tif,DSC_4392_2_2_6.tif,6
train,_DSC3041_1_1_1.tif,_DSC3041_1_1_1.tif,2
train,_DSC2690_3_3_6.tif,_DSC2690_3_3_6.tif,2
train,DSC_1176_1_1_3.tif,DSC_1176_1_1_3.tif,5
train,_DSC3537_3_1_4.tif,_DSC3537_3_1_4.tif,3
train,DSC_8270_3_3_6.tif,DSC_8270_3_3_6.tif,6
train,_DSC8788_2_2_6.tif,_DSC8788_2_2_6.tif,1
train,_DSC1160_3_1_6.tif,_DSC1160_3_1_6.tif,2
train,_DSC1646_3_3_4.tif,_DSC1646_3_3_4.tif,1
train,_DSC8103_3_1_2.tif,_DSC8103_3_1_2.tif,4
train,DSC_2827_3_3_6.tif,DSC_2827_3_3_6.tif,5
train,_DSC0765_3_1_6.tif,_DSC0765_3_1_6.tif,1
train,DSC_5088_3_3_2.tif,DSC_5088_3_3_2.tif,3
train,_DSC0170_1_1_5.tif,_DSC0170_1_1_5.tif,0
train,DSC_0105_3_3_1.tif,DSC_0105_3_3_1.tif,0
train,_DSC9858_1_3_7.tif,_DSC9858_1_3_7.tif,4
train,DSC_9240_1_3_1.tif,DSC_9240_1_3_1.tif,4
train,_DSC0769_3_3_5.tif,_DSC0769_3_3_5.tif,1
train,_DSC1648_2_1_2.tif,_DSC1648_2_1_2.tif,5
train,DSC_9240_3_3_2.tif,DSC_9240_3_3_2.tif,2
train,DSC_9238_3_1_5.tif,DSC_9238_3_1_5.tif,3
train,_DSC1648_3_3_4.tif,_DSC1648_3_3_4.tif,2
train,DSC_1173_1_1_2.tif,DSC_1173_1_1_2.tif,0
train,_DSC1647_3_4_5.tif,_DSC1647_3_4_5.tif,2
train,_DSC1648_2_3_3.tif,_DSC1648_2_3_3.tif,0
train,DSC_8264_2_2_2.tif,DSC_8264_2_2_2.tif,5
train,_DSC0139_1_3_6.tif,_DSC0139_1_3_6.tif,4
train,DSC_1347_1_1_3.tif,DSC_1347_1_1_3.tif,3
train,_DSC1805_1_3_1.tif,_DSC1805_1_3_1.tif,5
train,DSC_0104_3_3_4.tif,DSC_0104_3_3_4.tif,4
train,DSC_3618_2_1_2.tif,DSC_3618_2_1_2.tif,2
train,DSC_5085_3_1_3.tif,DSC_5085_3_1_3.tif,4
train,DSC_0112_2_2_5.tif,DSC_0112_2_2_5.tif,3
train,_DSC0769_3_3_6.tif,_DSC0769_3_3_6.tif,2
train,DSC_7493_3_1_2.tif,DSC_7493_3_1_2.tif,0
train,_DSC1804_1_4_5.tif,_DSC1804_1_4_5.tif,5
train,DSC_1592_1_5_4.tif,DSC_1592_1_5_4.tif,5
train,DSC_9240_3_3_1.tif,DSC_9240_3_3_1.tif,1
train,_DSC8786_2_2_8.tif,_DSC8786_2_2_8.tif,1
train,_DSC9260_3_4_5.tif,_DSC9260_3_4_5.tif,2
train,_DSC0771_3_1_1.tif,_DSC0771_3_1_1.tif,3
train,_DSC9856_1_4_4.tif,_DSC9856_1_4_4.tif,4
train,DSC_7583_2_1_5.tif,DSC_7583_2_1_5.tif,0
train,_DSC9859_1_2_8.tif,_DSC9859_1_2_8.tif,4
train,_DSC1647_3_1_2.tif,_DSC1647_3_1_2.tif,1
train,_DSC3535_1_2_2.tif,_DSC3535_1_2_2.tif,3
train,_DSC0764_3_1_5.tif,_DSC0764_3_1_5.tif,2
train,DSC_7585_3_3_1.tif,DSC_7585_3_3_1.tif,3
train,_DSC1805_2_1_6.tif,_DSC1805_2_1_6.tif,6
train,_DSC0170_1_4_4.tif,_DSC0170_1_4_4.tif,4
train,DSC_3615_2_3_6.tif,DSC_3615_2_3_6.tif,2
train,_DSC0170_2_1_3.tif,_DSC0170_2_1_3.tif,3
train,DSC_4393_3_1_6.tif,DSC_4393_3_1_6.tif,5
train,DSC_7492_1_2_3.tif,DSC_7492_1_2_3.tif,5
train,DSC_2827_3_1_1.tif,DSC_2827_3_1_1.tif,0
train,_DSC0170_1_2_2.tif,_DSC0170_1_2_2.tif,6
train,_DSC9259_3_2_5.tif,_DSC9259_3_2_5.tif,2
train,_DSC0765_2_3_5.tif,_DSC0765_2_3_5.tif,1
train,DSC_1176_2_2_6.tif,DSC_1176_2_2_6.tif,6
train,DSC_0113_3_3_6.tif,DSC_0113_3_3_6.tif,2
train,_DSC0138_1_1_2.tif,_DSC0138_1_1_2.tif,0
train,_DSC0139_2_3_8.tif,_DSC0139_2_3_8.tif,5
train,DSC_1345_2_2_6.tif,DSC_1345_2_2_6.tif,2
train,DSC_1173_1_3_5.tif,DSC_1173_1_3_5.tif,1
train,DSC_6338_3_3_2.tif,DSC_6338_3_3_2.tif,0
train,DSC_8265_1_3_6.tif,DSC_8265_1_3_6.tif,5
train,DSC_9239_3_1_6.tif,DSC_9239_3_1_6.tif,3
train,DSC_8264_2_2_4.tif,DSC_8264_2_2_4.tif,0
train,DSC_7586_2_3_1.tif,DSC_7586_2_3_1.tif,1
train,_DSC9856_1_4_1.tif,_DSC9856_1_4_1.tif,4
train,_DSC3044_2_2_6.tif,_DSC3044_2_2_6.tif,1
train,DSC_3617_3_3_5.tif,DSC_3617_3_3_5.tif,3
train,_DSC0765_1_2_3.tif,_DSC0765_1_2_3.tif,2
train,DSC_9241_1_1_2.tif,DSC_9241_1_1_2.tif,3
train,DSC_9236_1_1_2.tif,DSC_9236_1_1_2.tif,3
train,_DSC1805_1_2_7.tif,_DSC1805_1_2_7.tif,4
train,DSC_6338_1_3_3.tif,DSC_6338_1_3_3.tif,1
train,DSC_4391_1_3_6.tif,DSC_4391_1_3_6.tif,5
train,DSC_8270_3_3_4.tif,DSC_8270_3_3_4.tif,0
train,_DSC9858_2_4_8.tif,_DSC9858_2_4_8.tif,1
train,DSC_3618_3_3_4.tif,DSC_3618_3_3_4.tif,2
train,_DSC1158_2_1_5.tif,_DSC1158_2_1_5.tif,3
train,_DSC1804_3_4_1.tif,_DSC1804_3_4_1.tif,6
train,_DSC1805_1_1_1.tif,_DSC1805_1_1_1.tif,3
train,_DSC8103_1_3_6.tif,_DSC8103_1_3_6.tif,6
train,DSC_1175_1_3_6.tif,DSC_1175_1_3_6.tif,6
train,_DSC1648_3_1_7.tif,_DSC1648_3_1_7.tif,5
train,DSC_3618_3_1_2.tif,DSC_3618_3_1_2.tif,3
train,_DSC9854_2_1_1.tif,_DSC9854_2_1_1.tif,4
train,_DSC2692_1_1_1.tif,_DSC2692_1_1_1.tif,2
train,_DSC7623_2_2_4.tif,_DSC7623_2_2_4.tif,0
train,_DSC0170_1_4_8.tif,_DSC0170_1_4_8.tif,5
train,_DSC9261_2_2_2.tif,_DSC9261_2_2_2.tif,4
train,DSC_2868_1_1_3.tif,DSC_2868_1_1_3.tif,1
train,DSC_0804_3_1_2.tif,DSC_0804_3_1_2.tif,2
train,DSC_4392_1_3_5.tif,DSC_4392_1_3_5.tif,4
train,_DSC1647_3_1_5.tif,_DSC1647_3_1_5.tif,4
train,_DSC8788_1_3_8.tif,_DSC8788_1_3_8.tif,2
train,DSC_4388_3_3_2.tif,DSC_4388_3_3_2.tif,1
train,DSC_3617_3_3_6.tif,DSC_3617_3_3_6.tif,3
train,_DSC1332_1_2_2.tif,_DSC1332_1_2_2.tif,6
train,DSC_5085_2_1_2.tif,DSC_5085_2_1_2.tif,0
train,_DSC1646_3_1_2.tif,_DSC1646_3_1_2.tif,0
train,_DSC8105_2_2_3.tif,_DSC8105_2_2_3.tif,6
train,DSC_1349_2_2_6.tif,DSC_1349_2_2_6.tif,6
train,_DSC3043_2_2_1.tif,_DSC3043_2_2_1.tif,0
train,_DSC7624_3_1_3.tif,_DSC7624_3_1_3.tif,5
train,_DSC3043_2_2_2.tif,_DSC3043_2_2_2.tif,3
train,_DSC8787_1_1_2.tif,_DSC8787_1_1_2.tif,5
train,DSC_1178_1_1_1.tif,DSC_1178_1_1_1.tif,6
train,DSC_0208_1_3_1.tif,DSC_0208_1_3_1.tif,4
train,_DSC7624_3_1_1.tif,_DSC7624_3_1_1.tif,0
train,DSC_0217_3_3_1.tif,DSC_0217_3_3_1.tif,2
train,DSC_3611_2_3_3.tif,DSC_3611_2_3_3.tif,1
train,DSC_7492_1_2_4.tif,DSC_7492_1_2_4.tif,6
train,DSC_8265_3_3_1.tif,DSC_8265_3_3_1.tif,3
train,DSC_8534_1_2_3.tif,DSC_8534_1_2_3.tif,2
train,DSC_9235_3_3_3.tif,DSC_9235_3_3_3.tif,1
train,DSC_3612_2_3_4.tif,DSC_3612_2_3_4.tif,2
train,_DSC1648_2_2_1.tif,_DSC1648_2_2_1.tif,3
train,_DSC1647_2_4_6.tif,_DSC1647_2_4_6.tif,6
train,DSC_6340_3_3_4.tif,DSC_6340_3_3_4.tif,3
train,DSC_9232_2_2_1.tif,DSC_9232_2_2_1.tif,5
train,DSC_2827_3_3_1.tif,DSC_2827_3_3_1.tif,4
train,DSC_8534_3_1_4.tif,DSC_8534_3_1_4.tif,4
train,DSC_0210_1_3_6.tif,DSC_0210_1_3_6.tif,1
train,_DSC0770_2_1_4.tif,_DSC0770_2_1_4.tif,1
train,_DSC0770_2_3_3.tif,_DSC0770_2_3_3.tif,1
train,DSC_5086_1_2_5.tif,DSC_5086_1_2_5.tif,5
train,DSC_7492_2_1_1.tif,DSC_7492_2_1_1.tif,6
train,_DSC7360_1_4_2.tif,_DSC7360_1_4_2.tif,5
train,_DSC1335_3_3_3.tif,_DSC1335_3_3_3.tif,3
train,_DSC8785_2_1_4.tif,_DSC8785_2_1_4.tif,3
train,_DSC3537_3_1_6.tif,_DSC3537_3_1_6.tif,6
train,DSC_1175_1_1_5.tif,DSC_1175_1_1_5.tif,6
train,DSC_1349_3_3_3.tif,DSC_1349_3_3_3.tif,6
train,_DSC0765_1_2_1.tif,_DSC0765_1_2_1.tif,3
train,_DSC3042_2_2_4.tif,_DSC3042_2_2_4.tif,1
train,_DSC9260_2_3_4.tif,_DSC9260_2_3_4.tif,3
train,_DSC3043_1_2_5.tif,_DSC3043_1_2_5.tif,1
train,_DSC1648_2_4_7.tif,_DSC1648_2_4_7.tif,5
train,DSC_1351_1_3_3.tif,DSC_1351_1_3_3.tif,5
train,DSC_1351_1_1_5.tif,DSC_1351_1_1_5.tif,6
train,DSC_4547_1_1_3.tif,DSC_4547_1_1_3.tif,0
train,DSC_4388_3_3_5.tif,DSC_4388_3_3_5.tif,0
train,DSC_7584_3_1_3.tif,DSC_7584_3_1_3.tif,0
train,DSC_4387_1_1_5.tif,DSC_4387_1_1_5.tif,2
train,DSC_8534_3_3_1.tif,DSC_8534_3_3_1.tif,0
train,_DSC9260_1_3_1.tif,_DSC9260_1_3_1.tif,4
train,DSC_1177_1_1_5.tif,DSC_1177_1_1_5.tif,4
train,_DSC8788_2_3_2.tif,_DSC8788_2_3_2.tif,2
train,DSC_6339_1_3_5.tif,DSC_6339_1_3_5.tif,0
train,DSC_4543_3_1_3.tif,DSC_4543_3_1_3.tif,4
train,DSC_2870_3_3_3.tif,DSC_2870_3_3_3.tif,0
train,DSC_8269_2_2_5.tif,DSC_8269_2_2_5.tif,6
train,_DSC0175_2_2_5.tif,_DSC0175_2_2_5.tif,2
train,_DSC1647_2_1_1.tif,_DSC1647_2_1_1.tif,5
train,DSC_8269_3_3_1.tif,DSC_8269_3_3_1.tif,5
train,DSC_3617_2_3_2.tif,DSC_3617_2_3_2.tif,4
train,DSC_7711_2_1_5.tif,DSC_7711_2_1_5.tif,6
train,DSC_2451_1_1_1.tif,DSC_2451_1_1_1.tif,2
train,_DSC0138_2_1_1.tif,_DSC0138_2_1_1.tif,0
train,_DSC0139_2_4_8.tif,_DSC0139_2_4_8.tif,6
train,_DSC9261_3_3_2.tif,_DSC9261_3_3_2.tif,2
train,DSC_6618_3_1_1.tif,DSC_6618_3_1_1.tif,0
train,_DSC3537_2_3_4.tif,_DSC3537_2_3_4.tif,2
train,DSC_0212_3_3_3.tif,DSC_0212_3_3_3.tif,3
train,DSC_7492_2_3_1.tif,DSC_7492_2_3_1.tif,6
train,_DSC1804_2_2_6.tif,_DSC1804_2_2_6.tif,6
train,_DSC2690_3_3_1.tif,_DSC2690_3_3_1.tif,1
train,_DSC9854_1_1_2.tif,_DSC9854_1_1_2.tif,1
train,_DSC1016_2_2_6.tif,_DSC1016_2_2_6.tif,3
train,DSC_2870_1_3_4.tif,DSC_2870_1_3_4.tif,1
train,_DSC9859_2_4_3.tif,_DSC9859_2_4_3.tif,4
train,DSC_0207_2_2_3.tif,DSC_0207_2_2_3.tif,6
train,DSC_9239_2_2_5.tif,DSC_9239_2_2_5.tif,3
train,_DSC9258_1_3_2.tif,_DSC9258_1_3_2.tif,6
train,DSC_7494_3_3_5.tif,DSC_7494_3_3_5.tif,2
train,DSC_0806_1_1_2.tif,DSC_0806_1_1_2.tif,4
train,DSC_6261_1_2_2.tif,DSC_6261_1_2_2.tif,0
train,DSC_0107_1_3_3.tif,DSC_0107_1_3_3.tif,1
train,_DSC8785_1_2_1.tif,_DSC8785_1_2_1.tif,2
train,_DSC9260_1_2_5.tif,_DSC9260_1_2_5.tif,1
train,_DSC3536_1_2_1.tif,_DSC3536_1_2_1.tif,2
train,_DSC1647_4_3_7.tif,_DSC1647_4_3_7.tif,4
train,_DSC1805_2_1_2.tif,_DSC1805_2_1_2.tif,6
train,_DSC9260_2_2_4.tif,_DSC9260_2_2_4.tif,3
train,DSC_7709_2_1_2.tif,DSC_7709_2_1_2.tif,0
train,DSC_1351_3_3_6.tif,DSC_1351_3_3_6.tif,5
train,DSC_4392_1_1_5.tif,DSC_4392_1_1_5.tif,5
train,_DSC8785_1_4_1.tif,_DSC8785_1_4_1.tif,1
train,_DSC1646_2_2_4.tif,_DSC1646_2_2_4.tif,1
train,_DSC7360_1_1_3.tif,_DSC7360_1_1_3.tif,0
train,DSC_8269_3_3_5.tif,DSC_8269_3_3_5.tif,0
train,_DSC3536_2_3_1.tif,_DSC3536_2_3_1.tif,2
train,_DSC8788_1_3_5.tif,_DSC8788_1_3_5.tif,0
train,DSC_2396_2_2_1.tif,DSC_2396_2_2_1.tif,0
train,DSC_7493_3_1_4.tif,DSC_7493_3_1_4.tif,2
train,DSC_8268_1_1_3.tif,DSC_8268_1_1_3.tif,0
train,_DSC1804_3_1_4.tif,_DSC1804_3_1_4.tif,6
train,_DSC0024_1_3_1.tif,_DSC0024_1_3_1.tif,0
train,DSC_4539_1_3_5.tif,DSC_4539_1_3_5.tif,4
train,DSC_7710_3_3_6.tif,DSC_7710_3_3_6.tif,6
train,DSC_4394_3_3_6.tif,DSC_4394_3_3_6.tif,5
train,DSC_4545_3_3_4.tif,DSC_4545_3_3_4.tif,4
train,_DSC1335_3_1_1.tif,_DSC1335_3_1_1.tif,3
train,DSC_0114_2_2_3.tif,DSC_0114_2_2_3.tif,1
train,DSC_7811_2_2_2.tif,DSC_7811_2_2_2.tif,3
train,DSC_8270_3_1_2.tif,DSC_8270_3_1_2.tif,6
train,DSC_4539_3_1_2.tif,DSC_4539_3_1_2.tif,4
train,DSC_4387_1_3_6.tif,DSC_4387_1_3_6.tif,4
train,_DSC1805_2_2_6.tif,_DSC1805_2_2_6.tif,6
train,_DSC0139_2_1_3.tif,_DSC0139_2_1_3.tif,2
train,DSC_1350_3_1_6.tif,DSC_1350_3_1_6.tif,6
train,_DSC8106_3_1_3.tif,_DSC8106_3_1_3.tif,6
train,_DSC3044_1_1_4.tif,_DSC3044_1_1_4.tif,2
train,_DSC8788_2_4_7.tif,_DSC8788_2_4_7.tif,1
train,_DSC8103_1_1_6.tif,_DSC8103_1_1_6.tif,6
train,_DSC1648_4_2_7.tif,_DSC1648_4_2_7.tif,1
train,_DSC1805_1_1_3.tif,_DSC1805_1_1_3.tif,6
train,DSC_9240_1_1_5.tif,DSC_9240_1_1_5.tif,4
train,_DSC1335_3_3_4.tif,_DSC1335_3_3_4.tif,1
train,DSC_4389_1_1_6.tif,DSC_4389_1_1_6.tif,1
train,_DSC7359_2_5_2.tif,_DSC7359_2_5_2.tif,5
train,_DSC3043_2_2_6.tif,_DSC3043_2_2_6.tif,1
train,_DSC1648_1_3_2.tif,_DSC1648_1_3_2.tif,1
train,_DSC1805_2_1_5.tif,_DSC1805_2_1_5.tif,4
train,_DSC1646_4_1_1.tif,_DSC1646_4_1_1.tif,4
train,DSC_1593_1_2_6.tif,DSC_1593_1_2_6.tif,5
train,_DSC7623_3_3_4.tif,_DSC7623_3_3_4.tif,1
train,_DSC9258_1_1_2.tif,_DSC9258_1_1_2.tif,2
train,DSC_7494_2_1_1.tif,DSC_7494_2_1_1.tif,2
train,_DSC1804_1_3_1.tif,_DSC1804_1_3_1.tif,6
train,_DSC0175_1_5_6.tif,_DSC0175_1_5_6.tif,1
train,DSC_4394_1_3_3.tif,DSC_4394_1_3_3.tif,4
train,_DSC9859_1_1_7.tif,_DSC9859_1_1_7.tif,4
train,_DSC1335_2_1_5.tif,_DSC1335_2_1_5.tif,4
train,DSC_8269_3_1_2.tif,DSC_8269_3_1_2.tif,6
train,DSC_6338_1_1_3.tif,DSC_6338_1_1_3.tif,4
train,_DSC9260_2_2_1.tif,_DSC9260_2_2_1.tif,0
train,_DSC0139_1_1_5.tif,_DSC0139_1_1_5.tif,3
train,DSC_8264_1_1_6.tif,DSC_8264_1_1_6.tif,5
train,DSC_1174_3_1_2.tif,DSC_1174_3_1_2.tif,4
train,DSC_4389_1_3_5.tif,DSC_4389_1_3_5.tif,3
train,DSC_4393_3_1_3.tif,DSC_4393_3_1_3.tif,0
train,DSC_2394_1_3_2.tif,DSC_2394_1_3_2.tif,1
train,DSC_5088_2_1_6.tif,DSC_5088_2_1_6.tif,2
train,DSC_2395_2_2_3.tif,DSC_2395_2_2_3.tif,0
train,DSC_4542_1_3_4.tif,DSC_4542_1_3_4.tif,0
train,DSC_6340_3_1_4.tif,DSC_6340_3_1_4.tif,6
train,_DSC8104_1_3_2.tif,_DSC8104_1_3_2.tif,0
train,_DSC1647_3_2_3.tif,_DSC1647_3_2_3.tif,2
train,DSC_9235_1_1_1.tif,DSC_9235_1_1_1.tif,3
train,DSC_2394_1_3_1.tif,DSC_2394_1_3_1.tif,5
train,DSC_7710_3_1_1.tif,DSC_7710_3_1_1.tif,6
train,DSC_1556_1_2_4.tif,DSC_1556_1_2_4.tif,0
train,DSC_1349_1_1_1.tif,DSC_1349_1_1_1.tif,6
train,DSC_7585_2_1_3.tif,DSC_7585_2_1_3.tif,1
train,DSC_1179_1_3_6.tif,DSC_1179_1_3_6.tif,6
train,DSC_4394_1_1_3.tif,DSC_4394_1_1_3.tif,4
train,DSC_2395_3_3_4.tif,DSC_2395_3_3_4.tif,5
train,_DSC3042_3_1_2.tif,_DSC3042_3_1_2.tif,6
train,_DSC0138_2_1_7.tif,_DSC0138_2_1_7.tif,2
train,_DSC1805_3_2_3.tif,_DSC1805_3_2_3.tif,6
train,DSC_8263_3_3_5.tif,DSC_8263_3_3_5.tif,6
train,_DSC9859_1_3_8.tif,_DSC9859_1_3_8.tif,3
train,DSC_7492_1_2_1.tif,DSC_7492_1_2_1.tif,5
train,_DSC1805_4_3_5.tif,_DSC1805_4_3_5.tif,4
train,DSC_4538_3_3_3.tif,DSC_4538_3_3_3.tif,1
train,DSC_7588_3_1_6.tif,DSC_7588_3_1_6.tif,1
train,_DSC8788_1_1_4.tif,_DSC8788_1_1_4.tif,1
train,_DSC7621_3_1_2.tif,_DSC7621_3_1_2.tif,4
train,_DSC1159_1_2_5.tif,_DSC1159_1_2_5.tif,1
train,DSC_0805_3_1_1.tif,DSC_0805_3_1_1.tif,6
train,_DSC1647_2_1_3.tif,_DSC1647_2_1_3.tif,4
train,_DSC0170_2_2_5.tif,_DSC0170_2_2_5.tif,2
train,DSC_7494_3_1_1.tif,DSC_7494_3_1_1.tif,0
train,_DSC0024_2_2_5.tif,_DSC0024_2_2_5.tif,0
train,_DSC0767_1_2_5.tif,_DSC0767_1_2_5.tif,4
train,DSC_4539_3_1_1.tif,DSC_4539_3_1_1.tif,1
train,DSC_4391_1_1_5.tif,DSC_4391_1_1_5.tif,4
train,DSC_8263_3_1_3.tif,DSC_8263_3_1_3.tif,5
train,_DSC9261_2_1_1.tif,_DSC9261_2_1_1.tif,2
train,_DSC3536_3_1_3.tif,_DSC3536_3_1_3.tif,1
train,_DSC7621_1_1_5.tif,_DSC7621_1_1_5.tif,6
train,_DSC7360_1_4_5.tif,_DSC7360_1_4_5.tif,0
train,_DSC8788_1_1_2.tif,_DSC8788_1_1_2.tif,5
train,_DSC0175_1_1_7.tif,_DSC0175_1_1_7.tif,0
train,_DSC9258_1_2_4.tif,_DSC9258_1_2_4.tif,5
train,DSC_9241_3_3_3.tif,DSC_9241_3_3_3.tif,2
train,DSC_4392_3_1_1.tif,DSC_4392_3_1_1.tif,6
train,DSC_4392_3_1_4.tif,DSC_4392_3_1_4.tif,5
train,_DSC0768_2_1_5.tif,_DSC0768_2_1_5.tif,2
train,_DSC9857_1_2_4.tif,_DSC9857_1_2_4.tif,1
train,_DSC0175_2_3_8.tif,_DSC0175_2_3_8.tif,2
train,DSC_7713_3_1_6.tif,DSC_7713_3_1_6.tif,2
train,DSC_6261_2_3_4.tif,DSC_6261_2_3_4.tif,5
train,_DSC3040_2_2_6.tif,_DSC3040_2_2_6.tif,4
train,_DSC1014_1_1_3.tif,_DSC1014_1_1_3.tif,2
train,DSC_6339_3_1_2.tif,DSC_6339_3_1_2.tif,0
train,_DSC3043_3_2_2.tif,_DSC3043_3_2_2.tif,0
train,_DSC9261_3_2_3.tif,_DSC9261_3_2_3.tif,3
train,_DSC9259_2_3_1.tif,_DSC9259_2_3_1.tif,0
train,DSC_7713_2_3_5.tif,DSC_7713_2_3_5.tif,1
train,DSC_5086_2_3_6.tif,DSC_5086_2_3_6.tif,2
train,_DSC8106_2_2_5.tif,_DSC8106_2_2_5.tif,0
train,DSC_1556_1_4_1.tif,DSC_1556_1_4_1.tif,5
train,DSC_4543_2_2_4.tif,DSC_4543_2_2_4.tif,0
train,_DSC7621_3_1_4.tif,_DSC7621_3_1_4.tif,1
train,_DSC8106_1_1_1.tif,_DSC8106_1_1_1.tif,0
train,DSC_7708_3_3_6.tif,DSC_7708_3_3_6.tif,0
train,DSC_4539_1_3_6.tif,DSC_4539_1_3_6.tif,0
train,DSC_0806_1_1_5.tif,DSC_0806_1_1_5.tif,0
train,_DSC0175_1_1_1.tif,_DSC0175_1_1_1.tif,4
train,DSC_4542_1_1_2.tif,DSC_4542_1_1_2.tif,4
train,DSC_9235_3_3_5.tif,DSC_9235_3_3_5.tif,3
train,_DSC0138_1_3_4.tif,_DSC0138_1_3_4.tif,0
train,_DSC9259_2_1_4.tif,_DSC9259_2_1_4.tif,3
train,_DSC1647_4_1_3.tif,_DSC1647_4_1_3.tif,3
train,DSC_1350_1_1_3.tif,DSC_1350_1_1_3.tif,6
train,_DSC9856_1_1_1.tif,_DSC9856_1_1_1.tif,0
train,_DSC1159_2_3_6.tif,_DSC1159_2_3_6.tif,3
train,DSC_9236_2_2_2.tif,DSC_9236_2_2_2.tif,3
train,DSC_2870_1_3_3.tif,DSC_2870_1_3_3.tif,0
train,DSC_7492_1_2_6.tif,DSC_7492_1_2_6.tif,5
train,_DSC8788_1_2_8.tif,_DSC8788_1_2_8.tif,1
train,_DSC3044_2_2_5.tif,_DSC3044_2_2_5.tif,0
train,_DSC1333_3_3_6.tif,_DSC1333_3_3_6.tif,2
train,DSC_1558_1_3_2.tif,DSC_1558_1_3_2.tif,5
train,DSC_0215_1_3_5.tif,DSC_0215_1_3_5.tif,5
train,DSC_0216_3_1_4.tif,DSC_0216_3_1_4.tif,4
train,DSC_0217_2_2_1.tif,DSC_0217_2_2_1.tif,2
train,DSC_3613_2_1_5.tif,DSC_3613_2_1_5.tif,4
train,_DSC0170_1_1_2.tif,_DSC0170_1_1_2.tif,5
train,_DSC0765_2_1_1.tif,_DSC0765_2_1_1.tif,2
train,_DSC9854_2_2_4.tif,_DSC9854_2_2_4.tif,1
train,_DSC7621_3_3_3.tif,_DSC7621_3_3_3.tif,5
train,_DSC1158_3_1_6.tif,_DSC1158_3_1_6.tif,3
train,DSC_5087_2_3_6.tif,DSC_5087_2_3_6.tif,5
train,_DSC8787_1_4_1.tif,_DSC8787_1_4_1.tif,4
train,DSC_0807_3_3_5.tif,DSC_0807_3_3_5.tif,6
train,DSC_2394_3_3_1.tif,DSC_2394_3_3_1.tif,0
train,DSC_9231_1_3_5.tif,DSC_9231_1_3_5.tif,4
train,DSC_7492_3_1_6.tif,DSC_7492_3_1_6.tif,5
train,_DSC8785_2_4_6.tif,_DSC8785_2_4_6.tif,0
train,_DSC9261_3_3_1.tif,_DSC9261_3_3_1.tif,2
train,_DSC7359_2_2_1.tif,_DSC7359_2_2_1.tif,4
train,DSC_4388_2_2_1.tif,DSC_4388_2_2_1.tif,5
train,DSC_1173_3_1_6.tif,DSC_1173_3_1_6.tif,0
train,DSC_4540_3_3_1.tif,DSC_4540_3_3_1.tif,1
train,_DSC0175_2_1_6.tif,_DSC0175_2_1_6.tif,2
train,DSC_4387_3_3_5.tif,DSC_4387_3_3_5.tif,6
train,DSC_7490_2_1_6.tif,DSC_7490_2_1_6.tif,1
train,DSC_5085_2_3_5.tif,DSC_5085_2_3_5.tif,3
train,_DSC9857_1_3_5.tif,_DSC9857_1_3_5.tif,4
train,DSC_0110_2_2_2.tif,DSC_0110_2_2_2.tif,3
train,_DSC9858_2_2_8.tif,_DSC9858_2_2_8.tif,4
train,_DSC0139_2_2_8.tif,_DSC0139_2_2_8.tif,0
train,DSC_7583_2_3_3.tif,DSC_7583_2_3_3.tif,0
train,DSC_7583_3_3_1.tif,DSC_7583_3_3_1.tif,0
train,_DSC8788_1_2_3.tif,_DSC8788_1_2_3.tif,0
train,_DSC7622_2_2_5.tif,_DSC7622_2_2_5.tif,0
train,DSC_0111_1_1_2.tif,DSC_0111_1_1_2.tif,2
train,DSC_2867_2_2_3.tif,DSC_2867_2_2_3.tif,0
train,_DSC0023_2_1_3.tif,_DSC0023_2_1_3.tif,3
train,DSC_4393_2_2_6.tif,DSC_4393_2_2_6.tif,5
train,_DSC1804_1_2_3.tif,_DSC1804_1_2_3.tif,0
train,DSC_8264_3_1_4.tif,DSC_8264_3_1_4.tif,0
train,_DSC1648_2_1_5.tif,_DSC1648_2_1_5.tif,3
train,DSC_4541_3_1_6.tif,DSC_4541_3_1_6.tif,3
train,_DSC1804_3_1_3.tif,_DSC1804_3_1_3.tif,0
train,DSC_0805_1_1_3.tif,DSC_0805_1_1_3.tif,0
train,_DSC1647_1_1_8.tif,_DSC1647_1_1_8.tif,5
train,DSC_4391_1_3_3.tif,DSC_4391_1_3_3.tif,2
train,_DSC1647_4_2_5.tif,_DSC1647_4_2_5.tif,5
train,_DSC0138_1_4_2.tif,_DSC0138_1_4_2.tif,3
train,_DSC0175_1_2_2.tif,_DSC0175_1_2_2.tif,0
train,_DSC8105_1_1_4.tif,_DSC8105_1_1_4.tif,0
train,_DSC0139_1_2_1.tif,_DSC0139_1_2_1.tif,1
train,DSC_0803_2_2_3.tif,DSC_0803_2_2_3.tif,6
train,_DSC0170_2_2_6.tif,_DSC0170_2_2_6.tif,3
train,DSC_7492_2_1_5.tif,DSC_7492_2_1_5.tif,6
train,DSC_8265_3_3_5.tif,DSC_8265_3_3_5.tif,0
train,DSC_4392_3_1_3.tif,DSC_4392_3_1_3.tif,6
train,DSC_0110_3_3_2.tif,DSC_0110_3_3_2.tif,2
train,_DSC9261_3_4_1.tif,_DSC9261_3_4_1.tif,6
train,DSC_2397_2_2_4.tif,DSC_2397_2_2_4.tif,0
train,_DSC1648_3_4_2.tif,_DSC1648_3_4_2.tif,1
train,DSC_1344_1_1_3.tif,DSC_1344_1_1_3.tif,0
train,DSC_8269_1_3_6.tif,DSC_8269_1_3_6.tif,6
train,DSC_4543_3_1_4.tif,DSC_4543_3_1_4.tif,4
train,_DSC9258_3_3_3.tif,_DSC9258_3_3_3.tif,3
train,DSC_2869_1_3_1.tif,DSC_2869_1_3_1.tif,6
train,DSC_1349_1_1_5.tif,DSC_1349_1_1_5.tif,5
train,_DSC1647_4_1_6.tif,_DSC1647_4_1_6.tif,5
train,DSC_2395_1_3_2.tif,DSC_2395_1_3_2.tif,2
train,DSC_5085_3_1_1.tif,DSC_5085_3_1_1.tif,3
train,DSC_5085_2_3_4.tif,DSC_5085_2_3_4.tif,1
train,DSC_9228_s1_1_3_3.tif,DSC_9228_s1_1_3_3.tif,0
train,_DSC9260_3_4_1.tif,_DSC9260_3_4_1.tif,1
train,DSC_9231_1_3_6.tif,DSC_9231_1_3_6.tif,4
train,DSC_7584_2_3_2.tif,DSC_7584_2_3_2.tif,0
train,_DSC1805_3_3_3.tif,_DSC1805_3_3_3.tif,5
train,_DSC3537_3_3_5.tif,_DSC3537_3_3_5.tif,2
train,DSC_1558_1_2_4.tif,DSC_1558_1_2_4.tif,0
train,DSC_6619_2_2_4.tif,DSC_6619_2_2_4.tif,5
train,DSC_4547_3_3_5.tif,DSC_4547_3_3_5.tif,0
train,DSC_6619_2_2_6.tif,DSC_6619_2_2_6.tif,0
train,DSC_0805_3_3_2.tif,DSC_0805_3_3_2.tif,5
train,_DSC7623_3_1_4.tif,_DSC7623_3_1_4.tif,5
train,_DSC2691_1_3_2.tif,_DSC2691_1_3_2.tif,1
train,_DSC8787_1_4_2.tif,_DSC8787_1_4_2.tif,2
train,DSC_8534_2_1_4.tif,DSC_8534_2_1_4.tif,4
train,DSC_1556_1_4_2.tif,DSC_1556_1_4_2.tif,5
train,DSC_2869_2_2_4.tif,DSC_2869_2_2_4.tif,0
train,DSC_5087_3_3_4.tif,DSC_5087_3_3_4.tif,4
train,_DSC7359_2_2_3.tif,_DSC7359_2_2_3.tif,0
train,DSC_7585_2_1_5.tif,DSC_7585_2_1_5.tif,4
train,DSC_0208_3_3_2.tif,DSC_0208_3_3_2.tif,2
train,DSC_8270_2_2_1.tif,DSC_8270_2_2_1.tif,5
train,DSC_0805_1_1_4.tif,DSC_0805_1_1_4.tif,3
train,_DSC3535_3_3_6.tif,_DSC3535_3_3_6.tif,2
train,_DSC3044_1_1_6.tif,_DSC3044_1_1_6.tif,5
train,DSC_4394_1_1_4.tif,DSC_4394_1_1_4.tif,4
train,DSC_1178_3_3_4.tif,DSC_1178_3_3_4.tif,5
train,_DSC0170_1_2_8.tif,_DSC0170_1_2_8.tif,5
train,DSC_3616_3_1_1.tif,DSC_3616_3_1_1.tif,1
train,DSC_8270_3_3_2.tif,DSC_8270_3_3_2.tif,6
train,_DSC9261_3_2_1.tif,_DSC9261_3_2_1.tif,4
train,DSC_2869_1_1_4.tif,DSC_2869_1_1_4.tif,0
train,_DSC0764_3_1_6.tif,_DSC0764_3_1_6.tif,2
train,DSC_2867_1_3_1.tif,DSC_2867_1_3_1.tif,5
train,_DSC1016_1_1_2.tif,_DSC1016_1_1_2.tif,3
train,DSC_1349_1_3_3.tif,DSC_1349_1_3_3.tif,0
train,_DSC0170_2_3_5.tif,_DSC0170_2_3_5.tif,3
train,DSC_1348_1_1_1.tif,DSC_1348_1_1_1.tif,6
train,DSC_7489_2_3_3.tif,DSC_7489_2_3_3.tif,0
train,DSC_1558_1_2_5.tif,DSC_1558_1_2_5.tif,0
train,DSC_9231_1_3_4.tif,DSC_9231_1_3_4.tif,4
train,_DSC0023_1_4_2.tif,_DSC0023_1_4_2.tif,1
train,DSC_1346_1_1_4.tif,DSC_1346_1_1_4.tif,5
train,DSC_8270_1_1_4.tif,DSC_8270_1_1_4.tif,6
train,DSC_1174_3_1_3.tif,DSC_1174_3_1_3.tif,5
train,DSC_8267_3_1_3.tif,DSC_8267_3_1_3.tif,5
train,DSC_1351_1_1_2.tif,DSC_1351_1_1_2.tif,4
train,DSC_2869_1_3_2.tif,DSC_2869_1_3_2.tif,0
train,_DSC3043_3_1_5.tif,_DSC3043_3_1_5.tif,1
train,DSC_9239_3_3_2.tif,DSC_9239_3_3_2.tif,2
train,DSC_1175_1_3_2.tif,DSC_1175_1_3_2.tif,0
train,_DSC1648_4_3_6.tif,_DSC1648_4_3_6.tif,3
train,_DSC0025-AVRPib_1_2_1.tif,_DSC0025-AVRPib_1_2_1.tif,1
train,DSC_0210_2_2_5.tif,DSC_0210_2_2_5.tif,3
train,DSC_9241_1_1_6.tif,DSC_9241_1_1_6.tif,3
train,_DSC1646_1_3_6.tif,_DSC1646_1_3_6.tif,5
train,_DSC3042_1_1_6.tif,_DSC3042_1_1_6.tif,4
train,DSC_0114_1_1_4.tif,DSC_0114_1_1_4.tif,1
train,_DSC9260_3_2_5.tif,_DSC9260_3_2_5.tif,4
train,DSC_0806_3_1_5.tif,DSC_0806_3_1_5.tif,3
train,DSC_0112_3_1_1.tif,DSC_0112_3_1_1.tif,1
train,DSC_0110_3_3_5.tif,DSC_0110_3_3_5.tif,2
train,DSC_9228_s1_2_2_1.tif,DSC_9228_s1_2_2_1.tif,6
train,_DSC7359_2_2_4.tif,_DSC7359_2_2_4.tif,3
train,_DSC1648_2_4_4.tif,_DSC1648_2_4_4.tif,2
train,_DSC9259_3_3_3.tif,_DSC9259_3_3_3.tif,2
train,DSC_0216_2_2_1.tif,DSC_0216_2_2_1.tif,2
train,DSC_1345_1_3_1.tif,DSC_1345_1_3_1.tif,6
train,DSC_9228_s1_1_3_6.tif,DSC_9228_s1_1_3_6.tif,5
train,DSC_4540_3_3_3.tif,DSC_4540_3_3_3.tif,3
train,_DSC7360_1_5_2.tif,_DSC7360_1_5_2.tif,1
train,DSC_7585_1_2_4.tif,DSC_7585_1_2_4.tif,2
train,_DSC0170_3_2_4.tif,_DSC0170_3_2_4.tif,5
train,_DSC9859_1_3_2.tif,_DSC9859_1_3_2.tif,1
train,DSC_0208_3_1_2.tif,DSC_0208_3_1_2.tif,3
train,DSC_7494_3_1_5.tif,DSC_7494_3_1_5.tif,2
train,DSC_8534_2_1_2.tif,DSC_8534_2_1_2.tif,2
train,DSC_9238_1_3_6.tif,DSC_9238_1_3_6.tif,3
train,_DSC1647_1_4_2.tif,_DSC1647_1_4_2.tif,3
train,_DSC8104_2_2_6.tif,_DSC8104_2_2_6.tif,6
train,DSC_7710_1_2_1.tif,DSC_7710_1_2_1.tif,6
train,_DSC1804_4_3_7.tif,_DSC1804_4_3_7.tif,6
train,_DSC9260_3_1_5.tif,_DSC9260_3_1_5.tif,5
train,DSC_1350_1_3_5.tif,DSC_1350_1_3_5.tif,6
train,DSC_6617_1_3_4.tif,DSC_6617_1_3_4.tif,3
train,_DSC0170_1_2_1.tif,_DSC0170_1_2_1.tif,0
train,_DSC9260_1_2_3.tif,_DSC9260_1_2_3.tif,3
train,_DSC3535_1_2_6.tif,_DSC3535_1_2_6.tif,4
train,_DSC0770_2_3_2.tif,_DSC0770_2_3_2.tif,2
train,DSC_9231_3_3_6.tif,DSC_9231_3_3_6.tif,5
train,DSC_7709_2_3_5.tif,DSC_7709_2_3_5.tif,0
train,DSC_1350_3_3_5.tif,DSC_1350_3_3_5.tif,0
train,DSC_9241_2_2_6.tif,DSC_9241_2_2_6.tif,4
train,_DSC8787_1_3_7.tif,_DSC8787_1_3_7.tif,3
train,DSC_0805_1_1_5.tif,DSC_0805_1_1_5.tif,5
train,DSC_3611_3_1_5.tif,DSC_3611_3_1_5.tif,3
train,DSC_9239_1_1_5.tif,DSC_9239_1_1_5.tif,1
train,DSC_7491_1_2_5.tif,DSC_7491_1_2_5.tif,6
train,DSC_5086_3_1_2.tif,DSC_5086_3_1_2.tif,1
train,DSC_0105_3_1_2.tif,DSC_0105_3_1_2.tif,1
train,_DSC0768_2_3_1.tif,_DSC0768_2_3_1.tif,3
train,DSC_0114_2_2_1.tif,DSC_0114_2_2_1.tif,3
train,DSC_4539_1_3_4.tif,DSC_4539_1_3_4.tif,3
train,_DSC1805_3_2_8.tif,_DSC1805_3_2_8.tif,6
train,DSC_3615_3_3_3.tif,DSC_3615_3_3_3.tif,1
train,DSC_7491_1_2_6.tif,DSC_7491_1_2_6.tif,5
train,DSC_1179_1_1_4.tif,DSC_1179_1_1_4.tif,5
train,_DSC3044_2_2_3.tif,_DSC3044_2_2_3.tif,2
train,DSC_6338_3_3_4.tif,DSC_6338_3_3_4.tif,0
train,DSC_4392_3_3_2.tif,DSC_4392_3_3_2.tif,4
train,DSC_2454_3_3_2.tif,DSC_2454_3_3_2.tif,0
train,_DSC3043_1_1_1.tif,_DSC3043_1_1_1.tif,2
train,DSC_4388_2_2_5.tif,DSC_4388_2_2_5.tif,0
train,DSC_1177_1_3_1.tif,DSC_1177_1_3_1.tif,6
train,_DSC7360_1_5_5.tif,_DSC7360_1_5_5.tif,3
train,DSC_4540_3_3_2.tif,DSC_4540_3_3_2.tif,4
train,DSC_6617_1_1_3.tif,DSC_6617_1_1_3.tif,4
train,_DSC7360_1_3_1.tif,_DSC7360_1_3_1.tif,4
train,DSC_5087_3_3_2.tif,DSC_5087_3_3_2.tif,4
train,DSC_7711_3_1_3.tif,DSC_7711_3_1_3.tif,6
train,_DSC9854_2_4_5.tif,_DSC9854_2_4_5.tif,1
train,DSC_1174_3_3_2.tif,DSC_1174_3_3_2.tif,1
train,_DSC3536_2_3_3.tif,_DSC3536_2_3_3.tif,4
train,DSC_7584_2_1_1.tif,DSC_7584_2_1_1.tif,0
train,DSC_9227_s2_1_1_4.tif,DSC_9227_s2_1_1_4.tif,5
train,_DSC8106_3_3_4.tif,_DSC8106_3_3_4.tif,6
train,DSC_0103_3_1_4.tif,DSC_0103_3_1_4.tif,3
train,_DSC7359_1_5_6.tif,_DSC7359_1_5_6.tif,0
train,_DSC9854_2_1_3.tif,_DSC9854_2_1_3.tif,4
train,_DSC3044_1_3_1.tif,_DSC3044_1_3_1.tif,4
train,DSC_0804_1_3_5.tif,DSC_0804_1_3_5.tif,3
train,DSC_3612_2_1_2.tif,DSC_3612_2_1_2.tif,1
train,DSC_8534_2_3_4.tif,DSC_8534_2_3_4.tif,3
train,_DSC0771_3_3_5.tif,_DSC0771_3_3_5.tif,4
train,DSC_4540_3_1_1.tif,DSC_4540_3_1_1.tif,3
train,_DSC1158_3_1_4.tif,_DSC1158_3_1_4.tif,2
train,_DSC0769_2_3_5.tif,_DSC0769_2_3_5.tif,2
train,DSC_9233_2_2_2.tif,DSC_9233_2_2_2.tif,2
train,_DSC1646_2_2_8.tif,_DSC1646_2_2_8.tif,0
train,_DSC3536_3_1_1.tif,_DSC3536_3_1_1.tif,2
train,_DSC1805_1_3_8.tif,_DSC1805_1_3_8.tif,5
train,DSC_4394_1_1_2.tif,DSC_4394_1_1_2.tif,4
train,DSC_9232_1_1_6.tif,DSC_9232_1_1_6.tif,5
train,_DSC7359_2_3_6.tif,_DSC7359_2_3_6.tif,5
train,_DSC1334_1_2_6.tif,_DSC1334_1_2_6.tif,3
train,_DSC9258_2_4_2.tif,_DSC9258_2_4_2.tif,4
train,DSC_0803_1_1_1.tif,DSC_0803_1_1_1.tif,4
train,_DSC2689_1_3_2.tif,_DSC2689_1_3_2.tif,0
train,_DSC1648_4_3_1.tif,_DSC1648_4_3_1.tif,5
train,_DSC0138_2_4_8.tif,_DSC0138_2_4_8.tif,2
train,DSC_1177_3_3_6.tif,DSC_1177_3_3_6.tif,4
train,_DSC1646_3_3_8.tif,_DSC1646_3_3_8.tif,4
train,DSC_5086_3_3_1.tif,DSC_5086_3_3_1.tif,3
train,DSC_3617_2_3_3.tif,DSC_3617_2_3_3.tif,3
train,_DSC1647_2_3_8.tif,_DSC1647_2_3_8.tif,4
train,_DSC1333_2_1_6.tif,_DSC1333_2_1_6.tif,4
train,DSC_0810_3_1_6.tif,DSC_0810_3_1_6.tif,4
train,DSC_0806_3_3_1.tif,DSC_0806_3_3_1.tif,5
train,DSC_9240_1_3_2.tif,DSC_9240_1_3_2.tif,3
train,DSC_0810_3_3_1.tif,DSC_0810_3_3_1.tif,5
train,DSC_1176_1_1_2.tif,DSC_1176_1_1_2.tif,3
train,_DSC9260_2_3_3.tif,_DSC9260_2_3_3.tif,2
train,DSC_6337_1_1_3.tif,DSC_6337_1_1_3.tif,2
train,_DSC0769_2_1_1.tif,_DSC0769_2_1_1.tif,1
train,DSC_6338_1_3_4.tif,DSC_6338_1_3_4.tif,1
train,_DSC8104_2_2_3.tif,_DSC8104_2_2_3.tif,0
train,_DSC7622_1_1_6.tif,_DSC7622_1_1_6.tif,1
train,_DSC1805_4_4_8.tif,_DSC1805_4_4_8.tif,1
train,DSC_0804_3_3_6.tif,DSC_0804_3_3_6.tif,0
train,_DSC0024_1_2_4.tif,_DSC0024_1_2_4.tif,3
train,DSC_1180_2_2_5.tif,DSC_1180_2_2_5.tif,6
train,DSC_4547_1_1_5.tif,DSC_4547_1_1_5.tif,4
train,_DSC1014_3_3_2.tif,_DSC1014_3_3_2.tif,4
train,DSC_1348_2_2_1.tif,DSC_1348_2_2_1.tif,2
train,_DSC8786_2_4_5.tif,_DSC8786_2_4_5.tif,0
train,_DSC0770_1_2_2.tif,_DSC0770_1_2_2.tif,3
train,DSC_4389_3_3_2.tif,DSC_4389_3_3_2.tif,5
train,DSC_1180_1_3_5.tif,DSC_1180_1_3_5.tif,6
train,_DSC3535_3_1_6.tif,_DSC3535_3_1_6.tif,1
train,_DSC0023_1_3_1.tif,_DSC0023_1_3_1.tif,0
train,DSC_7491_2_3_6.tif,DSC_7491_2_3_6.tif,5
train,_DSC3040_1_2_6.tif,_DSC3040_1_2_6.tif,2
train,DSC_9231_2_2_2.tif,DSC_9231_2_2_2.tif,6
train,DSC_1176_3_3_2.tif,DSC_1176_3_3_2.tif,5
train,_DSC0175_2_1_1.tif,_DSC0175_2_1_1.tif,3
train,_DSC1015_1_3_3.tif,_DSC1015_1_3_3.tif,5
train,_DSC1648_4_2_4.tif,_DSC1648_4_2_4.tif,2
train,DSC_4393_2_2_4.tif,DSC_4393_2_2_4.tif,0
train,_DSC1333_2_1_4.tif,_DSC1333_2_1_4.tif,3
train,_DSC1648_1_3_6.tif,_DSC1648_1_3_6.tif,1
train,_DSC0023_1_1_3.tif,_DSC0023_1_1_3.tif,2
train,_DSC9258_2_4_4.tif,_DSC9258_2_4_4.tif,2
train,_DSC1805_4_1_1.tif,_DSC1805_4_1_1.tif,6
train,_DSC9258_2_4_5.tif,_DSC9258_2_4_5.tif,2
train,DSC_0114_1_1_6.tif,DSC_0114_1_1_6.tif,1
train,DSC_1176_2_2_5.tif,DSC_1176_2_2_5.tif,4
train,DSC_3612_1_2_1.tif,DSC_3612_1_2_1.tif,3
train,DSC_4543_2_2_1.tif,DSC_4543_2_2_1.tif,5
train,DSC_7588_1_2_1.tif,DSC_7588_1_2_1.tif,2
train,_DSC9258_2_3_1.tif,_DSC9258_2_3_1.tif,0
train,DSC_4541_1_1_2.tif,DSC_4541_1_1_2.tif,1
train,_DSC0170_2_1_6.tif,_DSC0170_2_1_6.tif,6
train,_DSC8787_2_2_5.tif,_DSC8787_2_2_5.tif,3
train,_DSC0139_1_4_8.tif,_DSC0139_1_4_8.tif,2
train,DSC_8270_2_2_5.tif,DSC_8270_2_2_5.tif,6
train,DSC_8270_2_2_3.tif,DSC_8270_2_2_3.tif,0
train,DSC_8264_3_1_1.tif,DSC_8264_3_1_1.tif,3
train,_DSC1648_4_1_6.tif,_DSC1648_4_1_6.tif,5
train,DSC_1178_1_1_5.tif,DSC_1178_1_1_5.tif,6
train,DSC_0212_1_1_6.tif,DSC_0212_1_1_6.tif,2
train,DSC_5088_2_3_1.tif,DSC_5088_2_3_1.tif,1
train,_DSC1160_3_3_5.tif,_DSC1160_3_3_5.tif,4
train,DSC_2870_2_2_5.tif,DSC_2870_2_2_5.tif,0
train,_DSC1805_4_3_8.tif,_DSC1805_4_3_8.tif,1
train,DSC_1593_1_4_4.tif,DSC_1593_1_4_4.tif,1
train,DSC_3617_1_2_1.tif,DSC_3617_1_2_1.tif,4
train,_DSC1647_1_3_6.tif,_DSC1647_1_3_6.tif,4
train,DSC_3615_3_1_5.tif,DSC_3615_3_1_5.tif,2
train,_DSC9261_2_3_1.tif,_DSC9261_2_3_1.tif,6
train,DSC_1180_1_1_1.tif,DSC_1180_1_1_1.tif,6
train,_DSC1647_1_4_5.tif,_DSC1647_1_4_5.tif,2
train,DSC_0215_1_1_1.tif,DSC_0215_1_1_1.tif,3
train,_DSC2689_2_2_4.tif,_DSC2689_2_2_4.tif,0
train,DSC_0216_3_1_5.tif,DSC_0216_3_1_5.tif,3
train,_DSC1804_1_4_3.tif,_DSC1804_1_4_3.tif,5
train,DSC_1178_2_2_5.tif,DSC_1178_2_2_5.tif,0
train,DSC_7712_3_3_3.tif,DSC_7712_3_3_3.tif,1
train,_DSC1805_4_3_6.tif,_DSC1805_4_3_6.tif,6
train,DSC_9236_3_1_1.tif,DSC_9236_3_1_1.tif,3
train,DSC_3616_2_1_2.tif,DSC_3616_2_1_2.tif,1
train,DSC_4538_2_2_3.tif,DSC_4538_2_2_3.tif,3
train,_DSC8787_1_3_5.tif,_DSC8787_1_3_5.tif,2
train,DSC_8264_1_3_5.tif,DSC_8264_1_3_5.tif,6
train,_DSC0024_1_4_4.tif,_DSC0024_1_4_4.tif,2
train,DSC_0208_3_1_3.tif,DSC_0208_3_1_3.tif,4
train,_DSC9260_1_3_3.tif,_DSC9260_1_3_3.tif,4
train,_DSC8106_2_2_2.tif,_DSC8106_2_2_2.tif,6
train,_DSC8104_1_3_5.tif,_DSC8104_1_3_5.tif,6
train,_DSC2692_1_3_1.tif,_DSC2692_1_3_1.tif,1
train,DSC_2828_3_3_2.tif,DSC_2828_3_3_2.tif,0
train,_DSC0175_1_4_8.tif,_DSC0175_1_4_8.tif,1
train,DSC_0112_1_1_5.tif,DSC_0112_1_1_5.tif,4
train,_DSC9858_1_1_6.tif,_DSC9858_1_1_6.tif,5
train,DSC_1593_2_1_4.tif,DSC_1593_2_1_4.tif,1
train,_DSC1334_3_1_2.tif,_DSC1334_3_1_2.tif,1
train,DSC_0108_3_1_3.tif,DSC_0108_3_1_3.tif,1
train,DSC_5087_3_1_3.tif,DSC_5087_3_1_3.tif,0
train,_DSC0768_3_3_1.tif,_DSC0768_3_3_1.tif,3
train,_DSC1648_3_1_6.tif,_DSC1648_3_1_6.tif,4
train,_DSC1647_3_2_8.tif,_DSC1647_3_2_8.tif,5
train,DSC_7585_2_3_2.tif,DSC_7585_2_3_2.tif,3
train,DSC_2453_1_3_1.tif,DSC_2453_1_3_1.tif,6
train,_DSC0175_2_2_7.tif,_DSC0175_2_2_7.tif,0
train,DSC_4547_1_3_4.tif,DSC_4547_1_3_4.tif,3
train,DSC_1344_3_1_4.tif,DSC_1344_3_1_4.tif,4
train,_DSC9260_1_3_4.tif,_DSC9260_1_3_4.tif,4
train,_DSC1647_2_2_1.tif,_DSC1647_2_2_1.tif,6
train,_DSC9858_2_4_7.tif,_DSC9858_2_4_7.tif,4
train,DSC_0212_3_1_2.tif,DSC_0212_3_1_2.tif,2
train,DSC_0213_1_1_1.tif,DSC_0213_1_1_1.tif,6
train,DSC_9228_s1_1_1_1.tif,DSC_9228_s1_1_1_1.tif,3
train,_DSC0023_2_1_5.tif,_DSC0023_2_1_5.tif,0
train,_DSC3536_1_2_2.tif,_DSC3536_1_2_2.tif,4
train,DSC_7710_2_3_2.tif,DSC_7710_2_3_2.tif,6
train,_DSC1804_1_3_7.tif,_DSC1804_1_3_7.tif,6
train,_DSC1648_2_1_4.tif,_DSC1648_2_1_4.tif,3
train,_DSC0023_2_3_5.tif,_DSC0023_2_3_5.tif,2
train,DSC_3617_3_1_4.tif,DSC_3617_3_1_4.tif,2
train,_DSC9260_3_2_1.tif,_DSC9260_3_2_1.tif,4
train,_DSC3040_3_1_4.tif,_DSC3040_3_1_4.tif,4
train,DSC_1177_3_3_3.tif,DSC_1177_3_3_3.tif,5
train,DSC_4389_2_2_1.tif,DSC_4389_2_2_1.tif,4
train,_DSC1804_4_2_3.tif,_DSC1804_4_2_3.tif,1
train,_DSC9258_3_3_1.tif,_DSC9258_3_3_1.tif,2
train,DSC_4542_2_2_4.tif,DSC_4542_2_2_4.tif,4
train,DSC_0216_1_1_3.tif,DSC_0216_1_1_3.tif,4
train,DSC_0804_1_1_4.tif,DSC_0804_1_1_4.tif,3
train,DSC_1558_1_5_6.tif,DSC_1558_1_5_6.tif,1
train,DSC_1556_1_3_2.tif,DSC_1556_1_3_2.tif,2
train,_DSC1646_4_4_6.tif,_DSC1646_4_4_6.tif,5
train,DSC_8269_3_3_4.tif,DSC_8269_3_3_4.tif,6
train,_DSC1648_3_2_3.tif,_DSC1648_3_2_3.tif,4
train,_DSC1646_2_1_5.tif,_DSC1646_2_1_5.tif,3
train,DSC_7490_1_2_2.tif,DSC_7490_1_2_2.tif,0
train,_DSC8788_1_3_3.tif,_DSC8788_1_3_3.tif,2
train,_DSC7622_3_1_1.tif,_DSC7622_3_1_1.tif,4
train,DSC_4389_2_2_5.tif,DSC_4389_2_2_5.tif,3
train,DSC_8264_1_3_2.tif,DSC_8264_1_3_2.tif,0
train,_DSC3041_1_1_2.tif,_DSC3041_1_1_2.tif,2
train,DSC_6340_1_1_6.tif,DSC_6340_1_1_6.tif,6
train,_DSC0767_3_3_2.tif,_DSC0767_3_3_2.tif,2
train,DSC_0210_1_1_2.tif,DSC_0210_1_1_2.tif,1
train,_DSC8785_1_1_2.tif,_DSC8785_1_1_2.tif,1
train,DSC_9227_s2_3_3_4.tif,DSC_9227_s2_3_3_4.tif,2
train,_DSC0024_2_1_7.tif,_DSC0024_2_1_7.tif,3
train,_DSC1648_2_3_6.tif,_DSC1648_2_3_6.tif,3
train,DSC_0216_1_3_6.tif,DSC_0216_1_3_6.tif,3
train,DSC_4390_3_1_3.tif,DSC_4390_3_1_3.tif,0
train,_DSC8105_3_1_4.tif,_DSC8105_3_1_4.tif,6
train,DSC_0804_3_1_3.tif,DSC_0804_3_1_3.tif,3
train,DSC_1345_1_3_5.tif,DSC_1345_1_3_5.tif,3
train,DSC_0211_1_3_4.tif,DSC_0211_1_3_4.tif,2
train,_DSC1647_2_3_6.tif,_DSC1647_2_3_6.tif,4
train,_DSC1805_2_2_5.tif,_DSC1805_2_2_5.tif,6
train,_DSC7360_1_4_6.tif,_DSC7360_1_4_6.tif,0
train,DSC_3614_2_3_3.tif,DSC_3614_2_3_3.tif,3
train,_DSC9259_2_2_1.tif,_DSC9259_2_2_1.tif,6
train,DSC_8264_3_3_2.tif,DSC_8264_3_3_2.tif,1
train,DSC_1175_3_1_2.tif,DSC_1175_3_1_2.tif,6
train,DSC_0807_3_1_3.tif,DSC_0807_3_1_3.tif,6
train,DSC_7586_2_3_2.tif,DSC_7586_2_3_2.tif,1
train,DSC_7811_1_2_4.tif,DSC_7811_1_2_4.tif,3
train,DSC_9239_1_3_1.tif,DSC_9239_1_3_1.tif,4
train,_DSC9260_2_2_3.tif,_DSC9260_2_2_3.tif,3
train,_DSC1805_4_1_6.tif,_DSC1805_4_1_6.tif,6
train,_DSC1335_2_1_2.tif,_DSC1335_2_1_2.tif,1
train,DSC_0808_1_1_5.tif,DSC_0808_1_1_5.tif,5
train,DSC_7710_3_3_5.tif,DSC_7710_3_3_5.tif,5
train,DSC_3616_3_3_4.tif,DSC_3616_3_3_4.tif,1
train,_DSC3042_2_2_6.tif,_DSC3042_2_2_6.tif,0
train,DSC_0104_3_1_4.tif,DSC_0104_3_1_4.tif,4
train,_DSC1648_4_4_7.tif,_DSC1648_4_4_7.tif,4
train,_DSC0170_1_1_1.tif,_DSC0170_1_1_1.tif,2
train,_DSC0024_1_1_2.tif,_DSC0024_1_1_2.tif,0
train,DSC_1349_1_3_2.tif,DSC_1349_1_3_2.tif,6
train,_DSC7621_3_3_5.tif,_DSC7621_3_3_5.tif,2
train,_DSC1158_2_1_4.tif,_DSC1158_2_1_4.tif,3
train,_DSC3537_2_1_2.tif,_DSC3537_2_1_2.tif,5
train,_DSC0170_3_3_3.tif,_DSC0170_3_3_3.tif,4
train,DSC_4393_2_2_2.tif,DSC_4393_2_2_2.tif,4
train,_DSC1159_2_1_1.tif,_DSC1159_2_1_1.tif,1
train,DSC_0214_2_2_4.tif,DSC_0214_2_2_4.tif,3
train,DSC_8263_3_3_3.tif,DSC_8263_3_3_3.tif,2
train,DSC_4539_1_3_3.tif,DSC_4539_1_3_3.tif,1
train,_DSC3040_1_1_5.tif,_DSC3040_1_1_5.tif,1
train,DSC_9240_3_1_6.tif,DSC_9240_3_1_6.tif,1
train,DSC_4538_3_1_6.tif,DSC_4538_3_1_6.tif,0
train,_DSC8787_2_1_4.tif,_DSC8787_2_1_4.tif,2
train,DSC_2395_1_1_3.tif,DSC_2395_1_1_3.tif,0
train,_DSC1647_2_4_7.tif,_DSC1647_2_4_7.tif,3
train,_DSC3041_1_2_3.tif,_DSC3041_1_2_3.tif,3
train,DSC_1178_1_1_6.tif,DSC_1178_1_1_6.tif,6
train,_DSC8787_1_3_2.tif,_DSC8787_1_3_2.tif,1
train,DSC_3611_1_2_5.tif,DSC_3611_1_2_5.tif,3
train,DSC_9235_3_1_2.tif,DSC_9235_3_1_2.tif,2
train,DSC_0208_3_1_1.tif,DSC_0208_3_1_1.tif,2
train,_DSC0767_2_3_1.tif,_DSC0767_2_3_1.tif,4
train,DSC_0214_1_3_3.tif,DSC_0214_1_3_3.tif,4
train,_DSC8786_2_1_6.tif,_DSC8786_2_1_6.tif,0
train,DSC_2452_3_1_2.tif,DSC_2452_3_1_2.tif,5
train,DSC_4541_1_1_4.tif,DSC_4541_1_1_4.tif,4
train,_DSC1158_2_1_6.tif,_DSC1158_2_1_6.tif,2
train,_DSC3043_2_2_5.tif,_DSC3043_2_2_5.tif,6
train,_DSC9258_1_3_3.tif,_DSC9258_1_3_3.tif,1
train,DSC_2454_2_2_4.tif,DSC_2454_2_2_4.tif,0
train,_DSC1332_3_3_2.tif,_DSC1332_3_3_2.tif,3
train,DSC_0103_3_1_1.tif,DSC_0103_3_1_1.tif,3
train,_DSC1805_2_2_4.tif,_DSC1805_2_2_4.tif,5
train,DSC_4387_3_1_2.tif,DSC_4387_3_1_2.tif,2
train,DSC_2867_1_3_2.tif,DSC_2867_1_3_2.tif,2
train,DSC_1174_3_3_4.tif,DSC_1174_3_3_4.tif,5
train,_DSC9859_1_1_1.tif,_DSC9859_1_1_1.tif,2
train,DSC_1175_2_2_1.tif,DSC_1175_2_2_1.tif,6
train,DSC_1558_2_5_6.tif,DSC_1558_2_5_6.tif,0
train,DSC_0805_3_3_4.tif,DSC_0805_3_3_4.tif,0
train,DSC_1179_2_2_1.tif,DSC_1179_2_2_1.tif,5
train,DSC_1180_3_3_3.tif,DSC_1180_3_3_3.tif,4
train,DSC_1173_2_2_3.tif,DSC_1173_2_2_3.tif,6
train,_DSC0766_1_2_2.tif,_DSC0766_1_2_2.tif,3
train,DSC_7712_2_3_1.tif,DSC_7712_2_3_1.tif,3
train,_DSC1805_4_2_2.tif,_DSC1805_4_2_2.tif,6
train,DSC_0106_1_3_6.tif,DSC_0106_1_3_6.tif,0
train,DSC_0104_1_3_1.tif,DSC_0104_1_3_1.tif,4
train,_DSC9858_1_4_4.tif,_DSC9858_1_4_4.tif,3
train,DSC_6340_3_1_3.tif,DSC_6340_3_1_3.tif,6
train,DSC_1178_2_2_1.tif,DSC_1178_2_2_1.tif,5
train,DSC_9235_1_3_1.tif,DSC_9235_1_3_1.tif,2
train,DSC_3615_2_1_3.tif,DSC_3615_2_1_3.tif,0
train,_DSC0139_1_4_2.tif,_DSC0139_1_4_2.tif,1
train,DSC_7585_3_3_4.tif,DSC_7585_3_3_4.tif,1
train,_DSC9859_1_1_3.tif,_DSC9859_1_1_3.tif,5
train,_DSC1804_1_3_3.tif,_DSC1804_1_3_3.tif,6
train,_DSC1015_1_3_4.tif,_DSC1015_1_3_4.tif,5
train,_DSC1648_1_1_8.tif,_DSC1648_1_1_8.tif,5
train,_DSC1333_1_2_4.tif,_DSC1333_1_2_4.tif,1
train,DSC_6337_3_3_1.tif,DSC_6337_3_3_1.tif,6
train,_DSC1332_2_1_6.tif,_DSC1332_2_1_6.tif,4
train,_DSC3538_2_1_2.tif,_DSC3538_2_1_2.tif,1
train,DSC_0805_2_2_2.tif,DSC_0805_2_2_2.tif,0
train,DSC_4542_3_3_5.tif,DSC_4542_3_3_5.tif,4
train,DSC_0214_1_1_5.tif,DSC_0214_1_1_5.tif,4
train,DSC_6618_2_2_2.tif,DSC_6618_2_2_2.tif,0
train,_DSC0767_2_1_1.tif,_DSC0767_2_1_1.tif,4
train,DSC_8263_1_1_1.tif,DSC_8263_1_1_1.tif,6
train,DSC_9231_3_3_2.tif,DSC_9231_3_3_2.tif,2
train,_DSC3040_1_2_4.tif,_DSC3040_1_2_4.tif,2
train,DSC_1351_3_1_6.tif,DSC_1351_3_1_6.tif,6
train,_DSC9859_2_1_5.tif,_DSC9859_2_1_5.tif,3
train,DSC_7811_2_2_3.tif,DSC_7811_2_2_3.tif,5
train,_DSC9261_2_4_4.tif,_DSC9261_2_4_4.tif,3
train,_DSC3042_2_2_1.tif,_DSC3042_2_2_1.tif,6
train,_DSC7360_1_1_1.tif,_DSC7360_1_1_1.tif,1
train,DSC_4538_2_2_2.tif,DSC_4538_2_2_2.tif,3
train,DSC_2452_3_3_4.tif,DSC_2452_3_3_4.tif,6
train,DSC_7584_3_1_5.tif,DSC_7584_3_1_5.tif,0
train,_DSC9258_3_3_4.tif,_DSC9258_3_3_4.tif,0
train,DSC_9227_s2_1_3_6.tif,DSC_9227_s2_1_3_6.tif,6
train,_DSC0139_2_2_3.tif,_DSC0139_2_2_3.tif,1
train,DSC_8263_2_2_3.tif,DSC_8263_2_2_3.tif,6
train,DSC_1558_2_3_6.tif,DSC_1558_2_3_6.tif,5
train,DSC_5087_2_3_4.tif,DSC_5087_2_3_4.tif,0
train,_DSC8785_2_4_2.tif,_DSC8785_2_4_2.tif,0
train,DSC_9231_1_3_1.tif,DSC_9231_1_3_1.tif,2
train,_DSC9859_1_3_4.tif,_DSC9859_1_3_4.tif,3
train,DSC_4394_2_2_1.tif,DSC_4394_2_2_1.tif,5
train,_DSC3043_3_1_2.tif,_DSC3043_3_1_2.tif,1
train,DSC_7492_2_1_3.tif,DSC_7492_2_1_3.tif,5
train,DSC_7711_2_1_2.tif,DSC_7711_2_1_2.tif,6
train,_DSC0767_3_3_1.tif,_DSC0767_3_3_1.tif,2
train,DSC_1348_1_3_6.tif,DSC_1348_1_3_6.tif,6
train,_DSC0139_1_3_2.tif,_DSC0139_1_3_2.tif,2
train,DSC_7711_3_3_6.tif,DSC_7711_3_3_6.tif,6
train,_DSC3044_1_3_6.tif,_DSC3044_1_3_6.tif,4
train,_DSC9858_1_4_1.tif,_DSC9858_1_4_1.tif,4
train,_DSC0766_3_1_6.tif,_DSC0766_3_1_6.tif,5
train,DSC_8268_3_3_4.tif,DSC_8268_3_3_4.tif,5
train,_DSC0170_2_2_4.tif,_DSC0170_2_2_4.tif,4
train,_DSC8106_1_3_1.tif,_DSC8106_1_3_1.tif,6
train,DSC_4542_2_2_1.tif,DSC_4542_2_2_1.tif,3
train,DSC_0807_1_1_4.tif,DSC_0807_1_1_4.tif,0
train,DSC_9236_1_3_5.tif,DSC_9236_1_3_5.tif,3
train,DSC_7585_2_1_6.tif,DSC_7585_2_1_6.tif,4
train,DSC_3611_2_1_6.tif,DSC_3611_2_1_6.tif,3
train,_DSC1647_3_4_1.tif,_DSC1647_3_4_1.tif,5
train,DSC_1556_1_5_2.tif,DSC_1556_1_5_2.tif,3
train,DSC_5085_3_1_2.tif,DSC_5085_3_1_2.tif,3
train,DSC_8269_3_1_5.tif,DSC_8269_3_1_5.tif,0
train,DSC_1349_2_2_2.tif,DSC_1349_2_2_2.tif,6
train,DSC_1351_3_1_2.tif,DSC_1351_3_1_2.tif,6
train,DSC_6339_3_1_4.tif,DSC_6339_3_1_4.tif,1
train,_DSC9859_1_2_3.tif,_DSC9859_1_2_3.tif,4
train,_DSC3537_1_2_5.tif,_DSC3537_1_2_5.tif,4
train,DSC_1556_2_1_6.tif,DSC_1556_2_1_6.tif,5
train,_DSC0175_1_1_4.tif,_DSC0175_1_1_4.tif,0
train,DSC_0103_1_3_4.tif,DSC_0103_1_3_4.tif,5
train,_DSC8103_1_1_1.tif,_DSC8103_1_1_1.tif,5
train,DSC_0810_2_2_4.tif,DSC_0810_2_2_4.tif,2
train,DSC_1350_2_2_6.tif,DSC_1350_2_2_6.tif,6
train,_DSC0170_2_2_8.tif,_DSC0170_2_2_8.tif,4
train,DSC_6617_1_3_3.tif,DSC_6617_1_3_3.tif,0
train,DSC_1175_3_3_5.tif,DSC_1175_3_3_5.tif,0
train,DSC_1347_1_3_3.tif,DSC_1347_1_3_3.tif,1
train,_DSC1805_3_1_4.tif,_DSC1805_3_1_4.tif,6
train,_DSC7624_1_1_4.tif,_DSC7624_1_1_4.tif,0
train,DSC_0207_3_1_3.tif,DSC_0207_3_1_3.tif,6
train,_DSC0170_3_3_7.tif,_DSC0170_3_3_7.tif,4
train,DSC_1179_1_1_6.tif,DSC_1179_1_1_6.tif,6
train,DSC_2397_3_3_1.tif,DSC_2397_3_3_1.tif,0
train,DSC_9235_1_1_5.tif,DSC_9235_1_1_5.tif,3
train,_DSC1014_1_3_4.tif,_DSC1014_1_3_4.tif,6
train,_DSC1333_3_3_4.tif,_DSC1333_3_3_4.tif,4
train,DSC_0217_1_3_4.tif,DSC_0217_1_3_4.tif,1
train,_DSC0139_2_1_8.tif,_DSC0139_2_1_8.tif,0
train,DSC_0803_3_1_4.tif,DSC_0803_3_1_4.tif,5
train,DSC_5088_3_1_4.tif,DSC_5088_3_1_4.tif,3
train,DSC_8270_2_2_6.tif,DSC_8270_2_2_6.tif,6
train,_DSC0765_1_2_2.tif,_DSC0765_1_2_2.tif,3
train,DSC_1351_1_1_4.tif,DSC_1351_1_1_4.tif,6
train,_DSC1648_2_4_8.tif,_DSC1648_2_4_8.tif,2
train,DSC_5088_3_1_6.tif,DSC_5088_3_1_6.tif,1
train,DSC_4391_1_1_2.tif,DSC_4391_1_1_2.tif,5
train,DSC_5087_3_1_4.tif,DSC_5087_3_1_4.tif,1
train,DSC_4539_1_1_5.tif,DSC_4539_1_1_5.tif,5
train,DSC_2869_3_3_4.tif,DSC_2869_3_3_4.tif,5
train,DSC_0804_3_1_5.tif,DSC_0804_3_1_5.tif,0
train,_DSC8788_1_1_5.tif,_DSC8788_1_1_5.tif,1
train,DSC_3615_3_1_6.tif,DSC_3615_3_1_6.tif,2
train,_DSC1647_1_1_1.tif,_DSC1647_1_1_1.tif,6
train,DSC_1347_3_1_1.tif,DSC_1347_3_1_1.tif,6
train,DSC_7811_1_1_3.tif,DSC_7811_1_1_3.tif,2
train,DSC_7712_1_2_6.tif,DSC_7712_1_2_6.tif,3
train,DSC_7708_1_2_5.tif,DSC_7708_1_2_5.tif,1
train,DSC_0810_1_1_5.tif,DSC_0810_1_1_5.tif,6
train,_DSC7624_3_3_4.tif,_DSC7624_3_3_4.tif,4
train,_DSC8105_2_2_5.tif,_DSC8105_2_2_5.tif,0
train,DSC_0207_3_1_2.tif,DSC_0207_3_1_2.tif,6
train,DSC_7711_2_1_3.tif,DSC_7711_2_1_3.tif,6
train,_DSC9259_3_3_1.tif,_DSC9259_3_3_1.tif,1
train,DSC_2395_1_1_1.tif,DSC_2395_1_1_1.tif,3
train,DSC_8267_1_3_2.tif,DSC_8267_1_3_2.tif,6
train,DSC_7489_3_3_5.tif,DSC_7489_3_3_5.tif,2
train,DSC_7491_2_1_2.tif,DSC_7491_2_1_2.tif,5
train,DSC_0217_3_3_2.tif,DSC_0217_3_3_2.tif,1
train,DSC_0810_1_3_4.tif,DSC_0810_1_3_4.tif,5
train,DSC_0106_3_3_3.tif,DSC_0106_3_3_3.tif,0
train,DSC_3614_3_3_3.tif,DSC_3614_3_3_3.tif,4
train,DSC_4389_3_3_1.tif,DSC_4389_3_3_1.tif,4
train,DSC_0216_3_3_2.tif,DSC_0216_3_3_2.tif,2
train,_DSC0023_1_4_3.tif,_DSC0023_1_4_3.tif,0
train,_DSC1017_1_1_3.tif,_DSC1017_1_1_3.tif,2
train,DSC_2394_3_3_5.tif,DSC_2394_3_3_5.tif,5
train,DSC_2454_3_1_4.tif,DSC_2454_3_1_4.tif,3
train,_DSC3042_3_3_5.tif,_DSC3042_3_3_5.tif,0
train,DSC_0110_1_1_4.tif,DSC_0110_1_1_4.tif,3
train,_DSC8786_1_2_2.tif,_DSC8786_1_2_2.tif,1
train,DSC_7494_2_1_3.tif,DSC_7494_2_1_3.tif,1
train,DSC_1173_1_3_2.tif,DSC_1173_1_3_2.tif,6
train,_DSC7621_1_3_2.tif,_DSC7621_1_3_2.tif,1
train,_DSC0769_1_2_4.tif,_DSC0769_1_2_4.tif,0
train,DSC_4392_3_3_3.tif,DSC_4392_3_3_3.tif,4
train,DSC_2396_1_3_2.tif,DSC_2396_1_3_2.tif,0
train,DSC_5087_2_1_6.tif,DSC_5087_2_1_6.tif,5
train,_DSC0768_3_1_5.tif,_DSC0768_3_1_5.tif,3
train,_DSC0138_2_1_5.tif,_DSC0138_2_1_5.tif,0
train,_DSC1648_1_4_1.tif,_DSC1648_1_4_1.tif,5
train,DSC_2451_1_3_1.tif,DSC_2451_1_3_1.tif,6
train,_DSC1804_2_3_7.tif,_DSC1804_2_3_7.tif,6
train,_DSC1805_3_4_7.tif,_DSC1805_3_4_7.tif,4
train,DSC_7491_2_1_3.tif,DSC_7491_2_1_3.tif,5
train,DSC_5087_3_3_3.tif,DSC_5087_3_3_3.tif,1
train,DSC_0803_1_3_2.tif,DSC_0803_1_3_2.tif,6
train,DSC_1558_1_3_3.tif,DSC_1558_1_3_3.tif,3
train,DSC_4391_1_3_1.tif,DSC_4391_1_3_1.tif,6
train,DSC_2394_1_3_5.tif,DSC_2394_1_3_5.tif,0
train,DSC_7494_1_2_5.tif,DSC_7494_1_2_5.tif,2
train,_DSC2690_2_2_5.tif,_DSC2690_2_2_5.tif,0
train,_DSC0138_2_3_2.tif,_DSC0138_2_3_2.tif,0
train,DSC_4541_1_3_3.tif,DSC_4541_1_3_3.tif,2
train,DSC_9227_s2_1_1_5.tif,DSC_9227_s2_1_1_5.tif,6
train,_DSC1646_2_2_1.tif,_DSC1646_2_2_1.tif,3
train,_DSC1805_1_4_5.tif,_DSC1805_1_4_5.tif,6
train,_DSC9858_1_2_3.tif,_DSC9858_1_2_3.tif,5
train,DSC_7710_2_1_6.tif,DSC_7710_2_1_6.tif,5
train,DSC_2828_3_3_4.tif,DSC_2828_3_3_4.tif,5
train,_DSC9258_1_4_5.tif,_DSC9258_1_4_5.tif,4
train,DSC_7711_2_3_1.tif,DSC_7711_2_3_1.tif,6
train,_DSC1647_4_3_4.tif,_DSC1647_4_3_4.tif,1
train,_DSC1648_3_3_3.tif,_DSC1648_3_3_3.tif,5
train,DSC_4542_1_3_1.tif,DSC_4542_1_3_1.tif,4
train,DSC_6618_1_1_3.tif,DSC_6618_1_1_3.tif,4
train,DSC_1556_1_2_6.tif,DSC_1556_1_2_6.tif,6
train,_DSC9858_1_4_8.tif,_DSC9858_1_4_8.tif,5
train,DSC_7709_3_3_2.tif,DSC_7709_3_3_2.tif,2
train,_DSC3538_3_1_6.tif,_DSC3538_3_1_6.tif,6
train,_DSC8787_2_2_2.tif,_DSC8787_2_2_2.tif,4
train,DSC_1174_1_1_5.tif,DSC_1174_1_1_5.tif,6
train,_DSC0023_1_3_6.tif,_DSC0023_1_3_6.tif,1
train,_DSC1334_3_3_2.tif,_DSC1334_3_3_2.tif,2
train,_DSC1646_3_1_7.tif,_DSC1646_3_1_7.tif,5
train,_DSC9259_1_4_5.tif,_DSC9259_1_4_5.tif,5
train,DSC_7712_3_3_2.tif,DSC_7712_3_3_2.tif,2
train,_DSC1648_3_2_8.tif,_DSC1648_3_2_8.tif,5
train,_DSC1646_4_3_6.tif,_DSC1646_4_3_6.tif,4
train,DSC_6619_1_3_3.tif,DSC_6619_1_3_3.tif,3
train,_DSC3043_1_1_2.tif,_DSC3043_1_1_2.tif,2
train,_DSC8787_2_3_4.tif,_DSC8787_2_3_4.tif,2
train,DSC_0808_3_1_2.tif,DSC_0808_3_1_2.tif,4
train,_DSC9259_2_1_1.tif,_DSC9259_2_1_1.tif,5
train,DSC_1593_1_1_5.tif,DSC_1593_1_1_5.tif,5
train,DSC_2868_1_3_1.tif,DSC_2868_1_3_1.tif,4
train,_DSC8104_1_3_6.tif,_DSC8104_1_3_6.tif,6
train,DSC_4547_3_3_2.tif,DSC_4547_3_3_2.tif,4
train,DSC_0806_2_2_6.tif,DSC_0806_2_2_6.tif,5
train,DSC_0807_1_3_3.tif,DSC_0807_1_3_3.tif,5
train,DSC_0109_1_1_4.tif,DSC_0109_1_1_4.tif,5
train,DSC_2454_1_1_1.tif,DSC_2454_1_1_1.tif,5
train,_DSC9859_1_3_7.tif,_DSC9859_1_3_7.tif,6
train,DSC_8267_1_3_1.tif,DSC_8267_1_3_1.tif,6
train,_DSC1805_3_3_8.tif,_DSC1805_3_3_8.tif,6
train,_DSC1157_3_3_6.tif,_DSC1157_3_3_6.tif,3
train,_DSC9260_1_2_1.tif,_DSC9260_1_2_1.tif,2
train,_DSC9261_3_3_4.tif,_DSC9261_3_3_4.tif,3
train,_DSC1647_4_2_6.tif,_DSC1647_4_2_6.tif,6
train,_DSC1160_1_2_4.tif,_DSC1160_1_2_4.tif,2
train,_DSC9260_3_4_4.tif,_DSC9260_3_4_4.tif,2
train,DSC_0110_3_1_6.tif,DSC_0110_3_1_6.tif,2
train,DSC_4547_3_1_5.tif,DSC_4547_3_1_5.tif,4
train,_DSC0767_1_2_4.tif,_DSC0767_1_2_4.tif,4
train,_DSC3041_3_1_2.tif,_DSC3041_3_1_2.tif,4
train,_DSC0764_2_1_3.tif,_DSC0764_2_1_3.tif,2
train,_DSC1646_3_4_6.tif,_DSC1646_3_4_6.tif,4
train,_DSC3040_2_1_6.tif,_DSC3040_2_1_6.tif,2
train,DSC_0213_1_3_2.tif,DSC_0213_1_3_2.tif,4
train,DSC_8266_1_1_2.tif,DSC_8266_1_1_2.tif,2
train,DSC_0214_1_3_4.tif,DSC_0214_1_3_4.tif,6
train,_DSC3044_3_1_2.tif,_DSC3044_3_1_2.tif,5
train,DSC_4542_1_3_3.tif,DSC_4542_1_3_3.tif,1
train,_DSC7623_1_3_5.tif,_DSC7623_1_3_5.tif,0
train,_DSC3538_2_3_2.tif,_DSC3538_2_3_2.tif,3
train,_DSC8788_1_3_7.tif,_DSC8788_1_3_7.tif,2
train,DSC_6339_2_2_4.tif,DSC_6339_2_2_4.tif,4
train,DSC_2868_3_1_2.tif,DSC_2868_3_1_2.tif,2
train,_DSC1332_3_1_5.tif,_DSC1332_3_1_5.tif,3
train,_DSC0170_3_2_7.tif,_DSC0170_3_2_7.tif,6
train,_DSC9859_2_2_2.tif,_DSC9859_2_2_2.tif,5
train,_DSC7359_2_1_3.tif,_DSC7359_2_1_3.tif,3
train,DSC_8266_2_2_6.tif,DSC_8266_2_2_6.tif,6
train,_DSC3042_3_1_1.tif,_DSC3042_3_1_1.tif,3
train,DSC_0112_2_2_2.tif,DSC_0112_2_2_2.tif,0
train,_DSC1017_2_2_4.tif,_DSC1017_2_2_4.tif,1
train,DSC_2394_2_2_2.tif,DSC_2394_2_2_2.tif,3
train,_DSC0771_1_2_3.tif,_DSC0771_1_2_3.tif,3
train,_DSC0175_2_1_5.tif,_DSC0175_2_1_5.tif,1
train,DSC_7713_2_3_6.tif,DSC_7713_2_3_6.tif,2
train,_DSC8105_3_3_5.tif,_DSC8105_3_3_5.tif,6
train,DSC_1347_1_1_4.tif,DSC_1347_1_1_4.tif,4
train,DSC_4538_3_3_4.tif,DSC_4538_3_3_4.tif,3
train,_DSC1648_4_2_2.tif,_DSC1648_4_2_2.tif,2
train,DSC_7710_2_1_1.tif,DSC_7710_2_1_1.tif,6
train,_DSC1016_1_1_5.tif,_DSC1016_1_1_5.tif,2
train,_DSC0170_2_2_1.tif,_DSC0170_2_2_1.tif,3
train,DSC_0103_1_3_6.tif,DSC_0103_1_3_6.tif,5
train,DSC_8266_2_2_4.tif,DSC_8266_2_2_4.tif,2
train,DSC_0218_1_1_4.tif,DSC_0218_1_1_4.tif,2
train,DSC_8268_2_2_4.tif,DSC_8268_2_2_4.tif,0
train,_DSC9260_3_3_2.tif,_DSC9260_3_3_2.tif,3
train,_DSC1804_4_1_6.tif,_DSC1804_4_1_6.tif,6
train,DSC_9239_3_3_3.tif,DSC_9239_3_3_3.tif,1
train,_DSC1647_1_2_5.tif,_DSC1647_1_2_5.tif,1
train,_DSC9261_3_1_1.tif,_DSC9261_3_1_1.tif,4
train,DSC_4545_2_2_5.tif,DSC_4545_2_2_5.tif,4
train,DSC_1345_3_3_2.tif,DSC_1345_3_3_2.tif,3
train,DSC_3618_3_3_5.tif,DSC_3618_3_3_5.tif,2
train,DSC_0209_2_2_5.tif,DSC_0209_2_2_5.tif,0
train,DSC_2395_3_3_3.tif,DSC_2395_3_3_3.tif,0
train,DSC_0807_2_2_3.tif,DSC_0807_2_2_3.tif,4
train,_DSC8105_3_3_2.tif,_DSC8105_3_3_2.tif,0
train,_DSC9261_1_2_4.tif,_DSC9261_1_2_4.tif,3
train,_DSC7621_2_2_3.tif,_DSC7621_2_2_3.tif,0
train,_DSC1804_4_1_4.tif,_DSC1804_4_1_4.tif,5
train,DSC_5088_1_2_5.tif,DSC_5088_1_2_5.tif,1
train,DSC_4540_3_1_6.tif,DSC_4540_3_1_6.tif,1
train,_DSC1160_3_3_2.tif,_DSC1160_3_3_2.tif,1
train,DSC_1556_1_1_4.tif,DSC_1556_1_1_4.tif,6
train,_DSC1333_2_3_3.tif,_DSC1333_2_3_3.tif,1
train,_DSC9859_2_3_5.tif,_DSC9859_2_3_5.tif,2
train,DSC_1173_3_1_3.tif,DSC_1173_3_1_3.tif,5
train,_DSC1648_1_2_6.tif,_DSC1648_1_2_6.tif,4
train,DSC_1177_1_3_6.tif,DSC_1177_1_3_6.tif,4
train,DSC_8265_3_1_1.tif,DSC_8265_3_1_1.tif,5
train,_DSC1335_2_3_2.tif,_DSC1335_2_3_2.tif,2
train,DSC_0215_3_3_5.tif,DSC_0215_3_3_5.tif,4
train,DSC_0213_2_2_4.tif,DSC_0213_2_2_4.tif,5
train,_DSC0770_3_1_4.tif,_DSC0770_3_1_4.tif,1
train,_DSC0024_1_3_4.tif,_DSC0024_1_3_4.tif,0
train,_DSC0138_1_2_5.tif,_DSC0138_1_2_5.tif,0
train,DSC_7491_2_3_4.tif,DSC_7491_2_3_4.tif,4
train,DSC_1347_3_1_6.tif,DSC_1347_3_1_6.tif,4
train,DSC_0109_3_3_1.tif,DSC_0109_3_3_1.tif,1
train,DSC_5086_3_3_6.tif,DSC_5086_3_3_6.tif,1
train,DSC_2394_3_1_1.tif,DSC_2394_3_1_1.tif,0
train,_DSC9259_1_4_3.tif,_DSC9259_1_4_3.tif,2
train,DSC_9228_s1_3_3_2.tif,DSC_9228_s1_3_3_2.tif,0
train,_DSC0768_2_3_2.tif,_DSC0768_2_3_2.tif,3
train,DSC_1177_3_1_3.tif,DSC_1177_3_1_3.tif,4
train,_DSC0771_1_2_2.tif,_DSC0771_1_2_2.tif,3
train,_DSC0138_2_2_5.tif,_DSC0138_2_2_5.tif,1
train,_DSC0175_1_3_6.tif,_DSC0175_1_3_6.tif,2
train,_DSC1159_1_2_3.tif,_DSC1159_1_2_3.tif,1
train,DSC_1347_3_3_2.tif,DSC_1347_3_3_2.tif,6
train,_DSC1647_2_2_5.tif,_DSC1647_2_2_5.tif,3
train,_DSC1647_4_4_3.tif,_DSC1647_4_4_3.tif,4
train,DSC_1348_3_3_4.tif,DSC_1348_3_3_4.tif,5
train,_DSC0175_3_4_2.tif,_DSC0175_3_4_2.tif,1
train,DSC_1593_2_2_1.tif,DSC_1593_2_2_1.tif,6
train,DSC_3618_1_2_2.tif,DSC_3618_1_2_2.tif,3
train,_DSC1646_2_2_2.tif,_DSC1646_2_2_2.tif,1
train,_DSC1159_3_3_3.tif,_DSC1159_3_3_3.tif,3
train,DSC_2827_1_3_5.tif,DSC_2827_1_3_5.tif,0
train,_DSC8785_1_1_3.tif,_DSC8785_1_1_3.tif,0
train,DSC_0214_1_1_2.tif,DSC_0214_1_1_2.tif,6
train,DSC_9239_1_1_2.tif,DSC_9239_1_1_2.tif,2
train,_DSC3041_2_1_1.tif,_DSC3041_2_1_1.tif,1
train,DSC_7490_1_2_6.tif,DSC_7490_1_2_6.tif,2
train,_DSC1648_2_4_1.tif,_DSC1648_2_4_1.tif,5
train,_DSC1158_3_3_5.tif,_DSC1158_3_3_5.tif,4
train,DSC_3616_1_2_5.tif,DSC_3616_1_2_5.tif,2
train,_DSC9261_3_4_4.tif,_DSC9261_3_4_4.tif,5
train,_DSC0024_1_4_6.tif,_DSC0024_1_4_6.tif,3
train,DSC_0212_2_2_1.tif,DSC_0212_2_2_1.tif,3
train,_DSC1805_2_3_1.tif,_DSC1805_2_3_1.tif,5
train,DSC_1180_3_1_1.tif,DSC_1180_3_1_1.tif,6
train,_DSC1646_1_4_4.tif,_DSC1646_1_4_4.tif,4
train,DSC_1179_3_3_6.tif,DSC_1179_3_3_6.tif,0
train,_DSC8788_2_2_5.tif,_DSC8788_2_2_5.tif,0
train,DSC_9228_s1_1_3_2.tif,DSC_9228_s1_1_3_2.tif,2
train,_DSC2692_3_3_4.tif,_DSC2692_3_3_4.tif,1
train,_DSC1805_1_1_7.tif,_DSC1805_1_1_7.tif,5
train,_DSC8787_1_1_3.tif,_DSC8787_1_1_3.tif,5
train,DSC_0806_3_1_1.tif,DSC_0806_3_1_1.tif,6
train,DSC_7710_3_3_2.tif,DSC_7710_3_3_2.tif,5
train,DSC_0112_2_2_6.tif,DSC_0112_2_2_6.tif,0
train,_DSC1805_4_4_1.tif,_DSC1805_4_4_1.tif,5
train,DSC_4389_1_3_4.tif,DSC_4389_1_3_4.tif,3
train,DSC_8265_1_3_3.tif,DSC_8265_1_3_3.tif,2
train,DSC_4391_1_1_6.tif,DSC_4391_1_1_6.tif,5
train,_DSC1647_4_4_1.tif,_DSC1647_4_4_1.tif,2
train,_DSC0175_1_1_3.tif,_DSC0175_1_1_3.tif,0
train,DSC_7583_1_2_1.tif,DSC_7583_1_2_1.tif,0
train,DSC_9241_1_3_2.tif,DSC_9241_1_3_2.tif,1
train,DSC_7710_3_3_4.tif,DSC_7710_3_3_4.tif,2
train,_DSC3043_2_2_3.tif,_DSC3043_2_2_3.tif,1
train,_DSC9858_1_2_8.tif,_DSC9858_1_2_8.tif,4
train,_DSC9854_1_2_5.tif,_DSC9854_1_2_5.tif,0
train,_DSC2691_3_3_5.tif,_DSC2691_3_3_5.tif,3
train,DSC_4539_1_1_3.tif,DSC_4539_1_1_3.tif,0
train,_DSC0764_1_2_2.tif,_DSC0764_1_2_2.tif,2
train,_DSC3042_1_3_6.tif,_DSC3042_1_3_6.tif,5
train,_DSC1647_3_3_8.tif,_DSC1647_3_3_8.tif,4
train,DSC_8268_2_2_5.tif,DSC_8268_2_2_5.tif,5
train,DSC_2452_1_3_2.tif,DSC_2452_1_3_2.tif,3
train,DSC_7586_1_2_5.tif,DSC_7586_1_2_5.tif,4
train,DSC_8268_3_3_2.tif,DSC_8268_3_3_2.tif,6
train,DSC_2869_2_2_3.tif,DSC_2869_2_2_3.tif,2
train,DSC_9232_3_3_6.tif,DSC_9232_3_3_6.tif,6
train,_DSC1017_3_3_2.tif,_DSC1017_3_3_2.tif,2
train,DSC_7586_2_1_3.tif,DSC_7586_2_1_3.tif,3
train,DSC_0804_3_1_1.tif,DSC_0804_3_1_1.tif,0
train,DSC_2869_1_1_1.tif,DSC_2869_1_1_1.tif,3
train,_DSC8787_2_1_2.tif,_DSC8787_2_1_2.tif,2
train,DSC_8267_2_2_3.tif,DSC_8267_2_2_3.tif,5
train,DSC_0808_1_3_2.tif,DSC_0808_1_3_2.tif,6
train,_DSC8788_1_3_2.tif,_DSC8788_1_3_2.tif,1
train,DSC_3617_3_1_6.tif,DSC_3617_3_1_6.tif,4
train,_DSC9854_1_1_5.tif,_DSC9854_1_1_5.tif,1
train,DSC_9228_s1_1_1_6.tif,DSC_9228_s1_1_1_6.tif,6
train,DSC_7586_3_1_3.tif,DSC_7586_3_1_3.tif,3
train,DSC_7586_2_1_4.tif,DSC_7586_2_1_4.tif,2
train,DSC_8264_1_3_3.tif,DSC_8264_1_3_3.tif,0
train,_DSC0139_2_4_5.tif,_DSC0139_2_4_5.tif,0
train,DSC_0215_3_1_3.tif,DSC_0215_3_1_3.tif,5
train,DSC_2454_3_1_2.tif,DSC_2454_3_1_2.tif,1
train,_DSC1648_2_4_3.tif,_DSC1648_2_4_3.tif,4
train,DSC_5085_2_1_3.tif,DSC_5085_2_1_3.tif,1
train,_DSC7360_2_1_4.tif,_DSC7360_2_1_4.tif,3
train,DSC_4538_1_3_1.tif,DSC_4538_1_3_1.tif,4
train,_DSC1647_1_1_2.tif,_DSC1647_1_1_2.tif,1
train,_DSC1647_1_4_1.tif,_DSC1647_1_4_1.tif,3
train,DSC_4393_3_3_4.tif,DSC_4393_3_3_4.tif,5
train,_DSC1805_2_3_2.tif,_DSC1805_2_3_2.tif,5
train,DSC_0111_3_1_4.tif,DSC_0111_3_1_4.tif,1
train,_DSC1647_1_2_4.tif,_DSC1647_1_2_4.tif,2
train,_DSC0175_1_5_3.tif,_DSC0175_1_5_3.tif,5
train,_DSC1805_4_1_2.tif,_DSC1805_4_1_2.tif,6
train,DSC_7708_2_1_2.tif,DSC_7708_2_1_2.tif,0
train,DSC_2454_1_3_1.tif,DSC_2454_1_3_1.tif,6
train,DSC_9234_1_1_5.tif,DSC_9234_1_1_5.tif,3
train,_DSC8788_1_4_3.tif,_DSC8788_1_4_3.tif,4
train,DSC_0110_1_3_2.tif,DSC_0110_1_3_2.tif,5
train,DSC_1349_2_2_4.tif,DSC_1349_2_2_4.tif,0
train,_DSC1014_3_1_5.tif,_DSC1014_3_1_5.tif,5
train,_DSC8786_2_2_4.tif,_DSC8786_2_2_4.tif,1
train,DSC_6338_3_3_1.tif,DSC_6338_3_3_1.tif,4
train,DSC_0210_1_1_5.tif,DSC_0210_1_1_5.tif,1
train,DSC_7489_3_1_2.tif,DSC_7489_3_1_2.tif,0
train,DSC_1178_1_3_5.tif,DSC_1178_1_3_5.tif,6
train,_DSC3041_3_1_1.tif,_DSC3041_3_1_1.tif,3
train,DSC_1179_1_1_5.tif,DSC_1179_1_1_5.tif,6
train,_DSC1647_3_3_4.tif,_DSC1647_3_3_4.tif,4
train,DSC_1177_3_1_2.tif,DSC_1177_3_1_2.tif,4
train,DSC_4388_1_3_1.tif,DSC_4388_1_3_1.tif,4
train,_DSC9260_3_2_3.tif,_DSC9260_3_2_3.tif,3
train,DSC_8268_1_3_1.tif,DSC_8268_1_3_1.tif,5
train,DSC_4389_2_2_6.tif,DSC_4389_2_2_6.tif,4
val,_DSC9259_1_1_4.tif,_DSC9259_1_1_4.tif,4
val,_DSC0175_2_5_7.tif,_DSC0175_2_5_7.tif,0
val,_DSC1805_1_4_1.tif,_DSC1805_1_4_1.tif,6
val,DSC_0207_1_3_5.tif,DSC_0207_1_3_5.tif,6
val,_DSC8786_1_4_6.tif,_DSC8786_1_4_6.tif,2
val,_DSC8786_2_1_8.tif,_DSC8786_2_1_8.tif,3
val,DSC_4390_3_1_5.tif,DSC_4390_3_1_5.tif,3
val,DSC_0114_1_3_1.tif,DSC_0114_1_3_1.tif,1
val,DSC_2828_1_1_6.tif,DSC_2828_1_1_6.tif,6
val,DSC_4539_3_3_1.tif,DSC_4539_3_3_1.tif,0
val,DSC_5088_3_3_3.tif,DSC_5088_3_3_3.tif,1
val,DSC_3612_3_1_4.tif,DSC_3612_3_1_4.tif,3
val,DSC_9239_2_2_3.tif,DSC_9239_2_2_3.tif,2
val,DSC_9227_s2_3_3_2.tif,DSC_9227_s2_3_3_2.tif,5
val,_DSC9854_2_4_4.tif,_DSC9854_2_4_4.tif,4
val,DSC_7584_2_3_1.tif,DSC_7584_2_3_1.tif,0
val,DSC_9241_2_2_3.tif,DSC_9241_2_2_3.tif,2
val,_DSC9859_2_2_6.tif,_DSC9859_2_2_6.tif,3
val,_DSC1015_3_1_6.tif,_DSC1015_3_1_6.tif,4
val,DSC_8267_3_1_1.tif,DSC_8267_3_1_1.tif,1
val,_DSC1647_2_1_4.tif,_DSC1647_2_1_4.tif,1
val,_DSC0765_3_3_1.tif,_DSC0765_3_3_1.tif,2
val,_DSC1647_2_2_7.tif,_DSC1647_2_2_7.tif,4
val,DSC_1176_2_2_4.tif,DSC_1176_2_2_4.tif,1
val,DSC_6619_1_1_2.tif,DSC_6619_1_1_2.tif,4
val,_DSC3537_2_1_4.tif,_DSC3537_2_1_4.tif,3
val,_DSC1157_3_1_2.tif,_DSC1157_3_1_2.tif,1
val,_DSC1333_3_1_2.tif,_DSC1333_3_1_2.tif,6
val,_DSC3537_3_3_2.tif,_DSC3537_3_3_2.tif,0
val,DSC_1592_1_5_3.tif,DSC_1592_1_5_3.tif,4
val,DSC_9227_s2_2_2_6.tif,DSC_9227_s2_2_2_6.tif,5
val,DSC_7586_1_2_4.tif,DSC_7586_1_2_4.tif,3
val,DSC_2827_2_2_3.tif,DSC_2827_2_2_3.tif,6
val,_DSC0024_1_2_1.tif,_DSC0024_1_2_1.tif,1
val,_DSC1805_2_2_2.tif,_DSC1805_2_2_2.tif,6
val,DSC_1346_3_1_6.tif,DSC_1346_3_1_6.tif,1
val,_DSC1648_2_3_7.tif,_DSC1648_2_3_7.tif,4
val,DSC_7586_2_1_2.tif,DSC_7586_2_1_2.tif,4
val,_DSC1646_2_1_1.tif,_DSC1646_2_1_1.tif,1
val,DSC_5087_3_1_5.tif,DSC_5087_3_1_5.tif,1
val,DSC_9231_1_1_5.tif,DSC_9231_1_1_5.tif,4
val,DSC_9240_3_1_4.tif,DSC_9240_3_1_4.tif,1
val,_DSC1804_3_2_8.tif,_DSC1804_3_2_8.tif,6
val,DSC_7713_3_1_4.tif,DSC_7713_3_1_4.tif,1
val,DSC_7713_3_1_5.tif,DSC_7713_3_1_5.tif,2
val,DSC_2867_1_1_4.tif,DSC_2867_1_1_4.tif,1
val,DSC_7811_1_2_3.tif,DSC_7811_1_2_3.tif,1
val,_DSC1647_4_3_3.tif,_DSC1647_4_3_3.tif,3
val,DSC_7711_3_3_5.tif,DSC_7711_3_3_5.tif,6
val,DSC_1174_1_3_5.tif,DSC_1174_1_3_5.tif,4
val,DSC_7711_1_2_1.tif,DSC_7711_1_2_1.tif,5
val,_DSC9857_1_2_3.tif,_DSC9857_1_2_3.tif,0
val,DSC_8264_2_2_6.tif,DSC_8264_2_2_6.tif,3
val,DSC_1349_2_2_3.tif,DSC_1349_2_2_3.tif,6
val,_DSC1805_1_4_2.tif,_DSC1805_1_4_2.tif,2
val,_DSC1333_1_2_6.tif,_DSC1333_1_2_6.tif,4
val,DSC_7584_3_3_5.tif,DSC_7584_3_3_5.tif,0
val,DSC_1348_1_1_6.tif,DSC_1348_1_1_6.tif,6
val,DSC_1593_1_4_5.tif,DSC_1593_1_4_5.tif,0
val,DSC_8270_1_1_2.tif,DSC_8270_1_1_2.tif,6
val,DSC_0104_3_1_6.tif,DSC_0104_3_1_6.tif,3
val,_DSC0023_1_2_6.tif,_DSC0023_1_2_6.tif,0
val,DSC_1178_3_1_5.tif,DSC_1178_3_1_5.tif,0
val,DSC_8270_2_2_4.tif,DSC_8270_2_2_4.tif,5
val,DSC_7586_3_3_1.tif,DSC_7586_3_3_1.tif,4
val,DSC_2396_1_1_2.tif,DSC_2396_1_1_2.tif,0
val,_DSC8104_2_2_1.tif,_DSC8104_2_2_1.tif,6
val,_DSC9261_2_2_5.tif,_DSC9261_2_2_5.tif,4
val,DSC_2828_3_1_3.tif,DSC_2828_3_1_3.tif,5
val,DSC_0112_3_3_5.tif,DSC_0112_3_3_5.tif,3
val,DSC_8269_1_3_4.tif,DSC_8269_1_3_4.tif,6
val,DSC_4390_1_3_5.tif,DSC_4390_1_3_5.tif,5
val,_DSC9259_1_4_4.tif,_DSC9259_1_4_4.tif,0
val,_DSC2690_3_1_6.tif,_DSC2690_3_1_6.tif,2
val,_DSC1157_3_3_4.tif,_DSC1157_3_3_4.tif,3
val,DSC_1175_3_1_1.tif,DSC_1175_3_1_1.tif,6
val,DSC_2828_3_1_6.tif,DSC_2828_3_1_6.tif,0
val,_DSC9858_2_3_7.tif,_DSC9858_2_3_7.tif,4
val,_DSC8103_1_1_5.tif,_DSC8103_1_1_5.tif,6
val,DSC_2451_1_1_2.tif,DSC_2451_1_1_2.tif,1
val,DSC_3611_1_2_4.tif,DSC_3611_1_2_4.tif,2
val,_DSC9856_2_4_1.tif,_DSC9856_2_4_1.tif,4
val,_DSC9856_1_1_5.tif,_DSC9856_1_1_5.tif,4
val,_DSC8103_1_3_5.tif,_DSC8103_1_3_5.tif,0
val,DSC_7811_2_1_1.tif,DSC_7811_2_1_1.tif,0
val,_DSC3041_3_2_2.tif,_DSC3041_3_2_2.tif,6
val,_DSC8104_3_1_2.tif,_DSC8104_3_1_2.tif,6
val,DSC_3618_3_3_6.tif,DSC_3618_3_3_6.tif,2
val,DSC_5085_3_1_5.tif,DSC_5085_3_1_5.tif,1
val,DSC_4541_3_1_5.tif,DSC_4541_3_1_5.tif,0
val,DSC_9242_1_1_5.tif,DSC_9242_1_1_5.tif,2
val,_DSC8788_2_1_1.tif,_DSC8788_2_1_1.tif,0
val,DSC_7708_3_1_2.tif,DSC_7708_3_1_2.tif,0
val,DSC_2828_2_2_3.tif,DSC_2828_2_2_3.tif,1
val,_DSC1014_1_1_1.tif,_DSC1014_1_1_1.tif,4
val,_DSC9857_1_1_2.tif,_DSC9857_1_1_2.tif,3
val,_DSC1646_1_1_4.tif,_DSC1646_1_1_4.tif,0
val,_DSC8785_2_2_6.tif,_DSC8785_2_2_6.tif,1
val,_DSC8785_2_3_7.tif,_DSC8785_2_3_7.tif,4
val,_DSC0138_2_3_8.tif,_DSC0138_2_3_8.tif,1
val,_DSC1805_2_1_4.tif,_DSC1805_2_1_4.tif,5
val,_DSC9259_1_4_2.tif,_DSC9259_1_4_2.tif,5
val,DSC_9239_3_1_4.tif,DSC_9239_3_1_4.tif,1
val,DSC_4388_3_1_1.tif,DSC_4388_3_1_1.tif,3
val,DSC_0208_1_3_3.tif,DSC_0208_1_3_3.tif,5
val,DSC_7711_2_3_2.tif,DSC_7711_2_3_2.tif,6
val,_DSC0175_2_5_5.tif,_DSC0175_2_5_5.tif,5
val,_DSC9856_2_2_5.tif,_DSC9856_2_2_5.tif,2
val,_DSC8105_3_3_6.tif,_DSC8105_3_3_6.tif,1
val,_DSC1805_4_3_1.tif,_DSC1805_4_3_1.tif,5
val,DSC_4538_1_1_5.tif,DSC_4538_1_1_5.tif,0
val,_DSC3041_2_2_6.tif,_DSC3041_2_2_6.tif,0
val,_DSC0768_2_1_4.tif,_DSC0768_2_1_4.tif,2
val,DSC_7494_2_1_2.tif,DSC_7494_2_1_2.tif,2
val,_DSC3538_2_3_5.tif,_DSC3538_2_3_5.tif,6
val,DSC_0803_1_3_1.tif,DSC_0803_1_3_1.tif,4
val,DSC_7713_2_3_2.tif,DSC_7713_2_3_2.tif,0
val,DSC_9228_s1_3_3_3.tif,DSC_9228_s1_3_3_3.tif,6
val,DSC_7710_2_1_3.tif,DSC_7710_2_1_3.tif,5
val,DSC_8268_1_3_6.tif,DSC_8268_1_3_6.tif,5
val,_DSC2692_1_1_2.tif,_DSC2692_1_1_2.tif,0
val,DSC_4389_3_1_5.tif,DSC_4389_3_1_5.tif,0
val,DSC_0810_1_3_5.tif,DSC_0810_1_3_5.tif,6
val,_DSC8786_2_3_3.tif,_DSC8786_2_3_3.tif,0
val,DSC_0103_1_1_1.tif,DSC_0103_1_1_1.tif,3
val,DSC_0113_1_1_3.tif,DSC_0113_1_1_3.tif,3
val,_DSC8785_2_4_1.tif,_DSC8785_2_4_1.tif,2
val,DSC_1176_3_1_4.tif,DSC_1176_3_1_4.tif,0
val,DSC_0114_1_1_5.tif,DSC_0114_1_1_5.tif,1
val,DSC_1556_1_2_5.tif,DSC_1556_1_2_5.tif,5
val,DSC_0109_2_2_2.tif,DSC_0109_2_2_2.tif,3
val,DSC_7584_3_1_4.tif,DSC_7584_3_1_4.tif,0
val,_DSC8104_3_3_4.tif,_DSC8104_3_3_4.tif,3
val,_DSC8787_2_3_8.tif,_DSC8787_2_3_8.tif,3
val,_DSC2690_3_3_2.tif,_DSC2690_3_3_2.tif,0
val,_DSC0138_2_2_4.tif,_DSC0138_2_2_4.tif,0
val,_DSC1647_4_1_2.tif,_DSC1647_4_1_2.tif,6
val,DSC_7494_2_3_3.tif,DSC_7494_2_3_3.tif,1
val,DSC_4391_1_3_2.tif,DSC_4391_1_3_2.tif,4
val,DSC_4392_1_3_2.tif,DSC_4392_1_3_2.tif,6
val,DSC_0211_1_1_5.tif,DSC_0211_1_1_5.tif,1
val,DSC_7493_2_3_1.tif,DSC_7493_2_3_1.tif,1
val,DSC_7491_2_1_1.tif,DSC_7491_2_1_1.tif,6
val,_DSC3042_1_3_3.tif,_DSC3042_1_3_3.tif,2
val,DSC_1558_1_5_4.tif,DSC_1558_1_5_4.tif,3
val,_DSC1804_2_4_3.tif,_DSC1804_2_4_3.tif,6
val,DSC_7712_3_3_5.tif,DSC_7712_3_3_5.tif,5
val,_DSC9856_1_3_2.tif,_DSC9856_1_3_2.tif,2
val,DSC_7710_2_3_1.tif,DSC_7710_2_3_1.tif,6
val,_DSC9858_2_1_4.tif,_DSC9858_2_1_4.tif,2
val,DSC_9232_1_1_4.tif,DSC_9232_1_1_4.tif,6
val,DSC_7709_3_3_1.tif,DSC_7709_3_3_1.tif,2
val,_DSC1648_4_1_2.tif,_DSC1648_4_1_2.tif,5
val,_DSC9259_1_1_1.tif,_DSC9259_1_1_1.tif,3
val,_DSC0768_2_3_3.tif,_DSC0768_2_3_3.tif,2
val,DSC_7811_2_2_4.tif,DSC_7811_2_2_4.tif,5
val,_DSC3537_1_2_3.tif,_DSC3537_1_2_3.tif,1
val,_DSC8788_2_2_8.tif,_DSC8788_2_2_8.tif,3
val,DSC_7493_2_1_6.tif,DSC_7493_2_1_6.tif,2
val,_DSC3041_1_1_3.tif,_DSC3041_1_1_3.tif,3
val,DSC_4538_3_1_2.tif,DSC_4538_3_1_2.tif,2
val,_DSC1804_3_4_5.tif,_DSC1804_3_4_5.tif,6
val,_DSC7621_1_3_6.tif,_DSC7621_1_3_6.tif,6
val,_DSC3042_3_3_2.tif,_DSC3042_3_3_2.tif,1
val,_DSC7623_1_3_2.tif,_DSC7623_1_3_2.tif,6
val,DSC_7491_3_3_5.tif,DSC_7491_3_3_5.tif,5
val,DSC_8270_1_1_5.tif,DSC_8270_1_1_5.tif,6
val,DSC_0106_1_1_4.tif,DSC_0106_1_1_4.tif,1
val,DSC_4387_3_3_4.tif,DSC_4387_3_3_4.tif,4
val,_DSC3043_3_2_3.tif,_DSC3043_3_2_3.tif,2
val,DSC_5085_3_1_6.tif,DSC_5085_3_1_6.tif,5
val,_DSC0765_2_1_3.tif,_DSC0765_2_1_3.tif,1
val,_DSC1647_2_3_7.tif,_DSC1647_2_3_7.tif,4
val,DSC_8270_3_3_3.tif,DSC_8270_3_3_3.tif,5
val,DSC_0215_3_1_1.tif,DSC_0215_3_1_1.tif,3
val,DSC_8534_3_3_3.tif,DSC_8534_3_3_3.tif,4
val,DSC_4393_1_1_3.tif,DSC_4393_1_1_3.tif,4
val,DSC_1556_2_5_4.tif,DSC_1556_2_5_4.tif,3
val,_DSC1648_2_3_5.tif,_DSC1648_2_3_5.tif,2
val,_DSC1157_2_3_2.tif,_DSC1157_2_3_2.tif,5
val,_DSC1805_2_3_6.tif,_DSC1805_2_3_6.tif,4
val,DSC_1180_1_3_2.tif,DSC_1180_1_3_2.tif,0
val,DSC_3615_2_1_1.tif,DSC_3615_2_1_1.tif,2
val,_DSC7359_2_5_1.tif,_DSC7359_2_5_1.tif,5
val,_DSC1332_2_1_2.tif,_DSC1332_2_1_2.tif,3
val,_DSC1804_1_1_6.tif,_DSC1804_1_1_6.tif,6
val,_DSC7622_1_1_4.tif,_DSC7622_1_1_4.tif,4
val,_DSC9258_1_3_1.tif,_DSC9258_1_3_1.tif,0
val,DSC_0103_2_2_4.tif,DSC_0103_2_2_4.tif,1
val,DSC_1173_1_3_6.tif,DSC_1173_1_3_6.tif,6
val,_DSC9858_2_3_3.tif,_DSC9858_2_3_3.tif,3
val,_DSC1646_3_3_6.tif,_DSC1646_3_3_6.tif,0
val,DSC_8269_1_3_5.tif,DSC_8269_1_3_5.tif,6
val,_DSC9260_1_3_5.tif,_DSC9260_1_3_5.tif,4
val,DSC_0104_2_2_1.tif,DSC_0104_2_2_1.tif,2
val,DSC_2867_1_1_1.tif,DSC_2867_1_1_1.tif,2
val,DSC_1556_2_2_4.tif,DSC_1556_2_2_4.tif,2
val,_DSC9258_2_1_3.tif,_DSC9258_2_1_3.tif,2
val,DSC_9233_3_3_1.tif,DSC_9233_3_3_1.tif,0
val,_DSC1648_3_2_6.tif,_DSC1648_3_2_6.tif,3
val,DSC_3612_1_2_2.tif,DSC_3612_1_2_2.tif,1
val,_DSC0023_2_3_1.tif,_DSC0023_2_3_1.tif,1
val,_DSC7622_1_3_3.tif,_DSC7622_1_3_3.tif,0
val,DSC_1174_2_2_6.tif,DSC_1174_2_2_6.tif,4
val,_DSC1648_4_4_8.tif,_DSC1648_4_4_8.tif,2
val,DSC_1350_3_3_3.tif,DSC_1350_3_3_3.tif,6
val,DSC_0207_1_1_5.tif,DSC_0207_1_1_5.tif,6
val,DSC_0214_3_1_4.tif,DSC_0214_3_1_4.tif,3
val,_DSC9259_2_3_2.tif,_DSC9259_2_3_2.tif,4
val,DSC_1176_1_1_4.tif,DSC_1176_1_1_4.tif,5
val,DSC_4543_3_3_4.tif,DSC_4543_3_3_4.tif,3
val,DSC_0807_2_2_1.tif,DSC_0807_2_2_1.tif,2
val,DSC_0211_3_1_2.tif,DSC_0211_3_1_2.tif,1
val,DSC_9242_2_2_4.tif,DSC_9242_2_2_4.tif,3
val,DSC_0803_3_3_3.tif,DSC_0803_3_3_3.tif,2
val,_DSC1647_2_1_7.tif,_DSC1647_2_1_7.tif,4
val,DSC_3611_2_3_2.tif,DSC_3611_2_3_2.tif,2
val,_DSC1646_2_2_6.tif,_DSC1646_2_2_6.tif,0
val,_DSC2690_3_3_4.tif,_DSC2690_3_3_4.tif,1
val,_DSC1804_4_3_3.tif,_DSC1804_4_3_3.tif,5
val,DSC_7493_2_3_2.tif,DSC_7493_2_3_2.tif,1
val,DSC_8270_3_1_6.tif,DSC_8270_3_1_6.tif,5
val,DSC_3617_1_2_3.tif,DSC_3617_1_2_3.tif,1
val,DSC_8267_3_1_2.tif,DSC_8267_3_1_2.tif,5
val,_DSC9857_1_3_3.tif,_DSC9857_1_3_3.tif,1
val,_DSC1648_4_1_4.tif,_DSC1648_4_1_4.tif,2
val,_DSC0170_3_2_8.tif,_DSC0170_3_2_8.tif,6
val,DSC_1348_3_1_5.tif,DSC_1348_3_1_5.tif,5
val,_DSC1804_2_3_3.tif,_DSC1804_2_3_3.tif,6
val,_DSC2692_3_3_5.tif,_DSC2692_3_3_5.tif,1
val,DSC_8268_1_3_2.tif,DSC_8268_1_3_2.tif,5
val,_DSC8788_2_1_4.tif,_DSC8788_2_1_4.tif,1
val,_DSC1648_1_1_1.tif,_DSC1648_1_1_1.tif,0
val,_DSC2691_3_1_6.tif,_DSC2691_3_1_6.tif,0
val,DSC_3618_2_1_3.tif,DSC_3618_2_1_3.tif,2
val,_DSC0023_2_4_7.tif,_DSC0023_2_4_7.tif,1
val,_DSC3538_3_3_5.tif,_DSC3538_3_3_5.tif,2
val,_DSC9261_3_1_3.tif,_DSC9261_3_1_3.tif,3
val,DSC_9228_s1_2_2_3.tif,DSC_9228_s1_2_2_3.tif,2
val,_DSC1335_1_2_4.tif,_DSC1335_1_2_4.tif,1
val,DSC_4392_1_1_4.tif,DSC_4392_1_1_4.tif,4
val,_DSC8103_1_3_1.tif,_DSC8103_1_3_1.tif,6
val,_DSC1648_3_1_4.tif,_DSC1648_3_1_4.tif,5
val,DSC_0806_1_3_5.tif,DSC_0806_1_3_5.tif,6
val,_DSC8103_3_1_3.tif,_DSC8103_3_1_3.tif,4
val,_DSC1804_3_3_7.tif,_DSC1804_3_3_7.tif,5
val,DSC_9237_1_3_5.tif,DSC_9237_1_3_5.tif,4
val,_DSC8788_2_3_7.tif,_DSC8788_2_3_7.tif,1
val,_DSC3537_2_3_3.tif,_DSC3537_2_3_3.tif,2
val,_DSC8787_1_1_6.tif,_DSC8787_1_1_6.tif,6
val,DSC_8269_2_2_1.tif,DSC_8269_2_2_1.tif,6
val,_DSC1647_1_4_4.tif,_DSC1647_1_4_4.tif,3
val,DSC_9240_1_3_6.tif,DSC_9240_1_3_6.tif,3
val,_DSC8788_1_1_3.tif,_DSC8788_1_1_3.tif,1
val,_DSC1332_1_2_3.tif,_DSC1332_1_2_3.tif,5
val,_DSC1805_1_3_4.tif,_DSC1805_1_3_4.tif,3
val,DSC_0107_2_2_4.tif,DSC_0107_2_2_4.tif,1
val,_DSC7359_1_1_5.tif,_DSC7359_1_1_5.tif,5
val,_DSC9858_2_1_8.tif,_DSC9858_2_1_8.tif,4
val,_DSC1647_4_2_7.tif,_DSC1647_4_2_7.tif,4
val,_DSC7359_2_3_5.tif,_DSC7359_2_3_5.tif,5
val,DSC_9227_s2_3_1_2.tif,DSC_9227_s2_3_1_2.tif,6
val,_DSC7359_1_4_2.tif,_DSC7359_1_4_2.tif,4
val,DSC_0213_3_1_5.tif,DSC_0213_3_1_5.tif,4
val,_DSC0175_2_1_4.tif,_DSC0175_2_1_4.tif,5
val,DSC_0212_1_3_3.tif,DSC_0212_1_3_3.tif,1
val,_DSC0764_1_2_1.tif,_DSC0764_1_2_1.tif,2
val,DSC_0806_1_1_3.tif,DSC_0806_1_1_3.tif,4
val,DSC_0808_1_3_1.tif,DSC_0808_1_3_1.tif,6
val,_DSC0024_2_4_8.tif,_DSC0024_2_4_8.tif,4
val,DSC_9232_3_3_5.tif,DSC_9232_3_3_5.tif,6
val,_DSC0175_2_2_4.tif,_DSC0175_2_2_4.tif,5
val,_DSC9261_2_3_4.tif,_DSC9261_2_3_4.tif,3
val,DSC_9241_3_3_1.tif,DSC_9241_3_3_1.tif,4
val,_DSC0764_2_3_6.tif,_DSC0764_2_3_6.tif,2
val,DSC_0218_3_1_4.tif,DSC_0218_3_1_4.tif,2
val,DSC_9236_3_1_6.tif,DSC_9236_3_1_6.tif,3
val,_DSC8787_1_4_4.tif,_DSC8787_1_4_4.tif,3
val,_DSC3535_2_3_3.tif,_DSC3535_2_3_3.tif,3
val,_DSC9858_1_3_2.tif,_DSC9858_1_3_2.tif,1
val,DSC_7494_3_1_4.tif,DSC_7494_3_1_4.tif,1
val,_DSC8788_2_3_5.tif,_DSC8788_2_3_5.tif,3
val,DSC_0808_3_1_1.tif,DSC_0808_3_1_1.tif,5
val,_DSC1804_4_2_6.tif,_DSC1804_4_2_6.tif,6
val,_DSC1804_1_2_7.tif,_DSC1804_1_2_7.tif,1
val,DSC_1347_2_2_5.tif,DSC_1347_2_2_5.tif,4
val,_DSC1804_1_2_6.tif,_DSC1804_1_2_6.tif,5
val,DSC_1558_2_5_4.tif,DSC_1558_2_5_4.tif,1
val,DSC_8266_3_3_2.tif,DSC_8266_3_3_2.tif,5
val,DSC_1176_3_1_5.tif,DSC_1176_3_1_5.tif,5
val,DSC_8265_1_1_3.tif,DSC_8265_1_1_3.tif,2
val,_DSC0175_1_2_1.tif,_DSC0175_1_2_1.tif,5
val,_DSC8106_3_3_1.tif,_DSC8106_3_3_1.tif,0
val,DSC_1351_2_2_5.tif,DSC_1351_2_2_5.tif,6
val,_DSC3538_1_2_1.tif,_DSC3538_1_2_1.tif,1
val,_DSC0170_1_3_5.tif,_DSC0170_1_3_5.tif,4
val,DSC_0111_3_3_2.tif,DSC_0111_3_3_2.tif,1
val,DSC_0215_1_3_6.tif,DSC_0215_1_3_6.tif,3
val,DSC_9233_1_3_6.tif,DSC_9233_1_3_6.tif,2
val,DSC_1344_1_3_6.tif,DSC_1344_1_3_6.tif,2
val,DSC_7713_2_3_3.tif,DSC_7713_2_3_3.tif,0
val,_DSC0139_2_4_6.tif,_DSC0139_2_4_6.tif,0
val,_DSC0139_1_1_8.tif,_DSC0139_1_1_8.tif,0
val,DSC_2397_1_3_2.tif,DSC_2397_1_3_2.tif,2
val,_DSC0771_3_3_4.tif,_DSC0771_3_3_4.tif,2
val,_DSC1015_3_1_5.tif,_DSC1015_3_1_5.tif,5
val,DSC_7491_3_3_3.tif,DSC_7491_3_3_3.tif,4
val,DSC_3613_3_1_3.tif,DSC_3613_3_1_3.tif,3
val,_DSC3537_3_1_3.tif,_DSC3537_3_1_3.tif,1
val,_DSC0139_1_4_3.tif,_DSC0139_1_4_3.tif,0
val,DSC_7712_3_1_6.tif,DSC_7712_3_1_6.tif,3
val,DSC_2870_3_3_4.tif,DSC_2870_3_3_4.tif,5
val,DSC_0808_1_3_6.tif,DSC_0808_1_3_6.tif,5
val,_DSC8785_1_3_7.tif,_DSC8785_1_3_7.tif,2
val,_DSC1804_1_3_6.tif,_DSC1804_1_3_6.tif,0
val,DSC_4393_2_2_5.tif,DSC_4393_2_2_5.tif,5
val,DSC_9241_1_1_5.tif,DSC_9241_1_1_5.tif,3
val,_DSC1158_2_3_6.tif,_DSC1158_2_3_6.tif,4
val,_DSC1648_1_1_6.tif,_DSC1648_1_1_6.tif,3
val,_DSC1647_2_3_3.tif,_DSC1647_2_3_3.tif,5
val,DSC_0808_1_3_3.tif,DSC_0808_1_3_3.tif,0
val,DSC_3616_2_1_1.tif,DSC_3616_2_1_1.tif,3
val,_DSC0170_2_4_7.tif,_DSC0170_2_4_7.tif,6
val,_DSC1646_1_1_6.tif,_DSC1646_1_1_6.tif,1
val,_DSC1646_3_4_2.tif,_DSC1646_3_4_2.tif,3
val,DSC_0805_1_3_5.tif,DSC_0805_1_3_5.tif,5
val,DSC_8263_1_3_6.tif,DSC_8263_1_3_6.tif,3
val,DSC_9242_1_1_2.tif,DSC_9242_1_1_2.tif,2
val,_DSC1646_1_3_4.tif,_DSC1646_1_3_4.tif,1
val,DSC_0805_1_3_3.tif,DSC_0805_1_3_3.tif,4
val,DSC_4541_3_3_1.tif,DSC_4541_3_3_1.tif,3
val,DSC_7584_1_2_5.tif,DSC_7584_1_2_5.tif,0
val,_DSC9854_1_4_1.tif,_DSC9854_1_4_1.tif,0
val,DSC_1556_1_5_6.tif,DSC_1556_1_5_6.tif,0
val,DSC_9232_1_3_1.tif,DSC_9232_1_3_1.tif,4
val,DSC_1177_3_3_5.tif,DSC_1177_3_3_5.tif,5
val,_DSC0170_3_3_4.tif,_DSC0170_3_3_4.tif,3
val,DSC_1592_2_1_6.tif,DSC_1592_2_1_6.tif,6
val,_DSC8105_3_1_3.tif,_DSC8105_3_1_3.tif,0
val,_DSC1805_3_4_1.tif,_DSC1805_3_4_1.tif,5
val,_DSC1014_1_1_6.tif,_DSC1014_1_1_6.tif,3
val,DSC_0810_3_1_5.tif,DSC_0810_3_1_5.tif,4
val,_DSC8788_1_1_6.tif,_DSC8788_1_1_6.tif,4
val,DSC_0804_3_3_2.tif,DSC_0804_3_3_2.tif,2
val,DSC_1350_2_2_5.tif,DSC_1350_2_2_5.tif,6
val,DSC_7586_3_1_4.tif,DSC_7586_3_1_4.tif,2
val,DSC_0114_3_1_6.tif,DSC_0114_3_1_6.tif,0
val,_DSC0769_2_3_6.tif,_DSC0769_2_3_6.tif,2
val,_DSC0138_2_4_6.tif,_DSC0138_2_4_6.tif,1
val,DSC_1351_1_3_4.tif,DSC_1351_1_3_4.tif,6
val,DSC_6619_3_1_1.tif,DSC_6619_3_1_1.tif,0
val,DSC_4391_3_3_6.tif,DSC_4391_3_3_6.tif,5
val,DSC_7710_3_1_6.tif,DSC_7710_3_1_6.tif,6
val,DSC_2867_1_3_4.tif,DSC_2867_1_3_4.tif,0
val,DSC_6617_3_1_1.tif,DSC_6617_3_1_1.tif,4
val,DSC_0804_2_2_3.tif,DSC_0804_2_2_3.tif,0
val,_DSC9258_2_3_5.tif,_DSC9258_2_3_5.tif,2
val,DSC_9242_2_2_6.tif,DSC_9242_2_2_6.tif,0
val,DSC_7711_2_3_6.tif,DSC_7711_2_3_6.tif,6
val,DSC_0808_1_1_1.tif,DSC_0808_1_1_1.tif,5
val,_DSC1159_2_1_6.tif,_DSC1159_2_1_6.tif,3
val,DSC_0808_2_2_2.tif,DSC_0808_2_2_2.tif,4
val,DSC_4392_3_1_2.tif,DSC_4392_3_1_2.tif,6
val,_DSC9859_1_1_2.tif,_DSC9859_1_1_2.tif,5
val,_DSC7359_1_1_4.tif,_DSC7359_1_1_4.tif,3
val,DSC_1347_1_1_2.tif,DSC_1347_1_1_2.tif,3
val,_DSC1805_4_1_3.tif,_DSC1805_4_1_3.tif,3
val,DSC_1593_2_5_2.tif,DSC_1593_2_5_2.tif,4
val,_DSC0170_2_1_2.tif,_DSC0170_2_1_2.tif,6
val,DSC_1344_3_3_3.tif,DSC_1344_3_3_3.tif,3
val,DSC_1350_1_1_5.tif,DSC_1350_1_1_5.tif,6
val,_DSC7623_3_3_5.tif,_DSC7623_3_3_5.tif,6
val,_DSC1648_3_4_3.tif,_DSC1648_3_4_3.tif,4
val,_DSC1015_2_2_1.tif,_DSC1015_2_2_1.tif,5
val,DSC_8270_1_3_3.tif,DSC_8270_1_3_3.tif,4
val,DSC_0111_2_2_1.tif,DSC_0111_2_2_1.tif,3
val,_DSC9858_2_1_5.tif,_DSC9858_2_1_5.tif,2
val,DSC_6618_1_1_5.tif,DSC_6618_1_1_5.tif,0
val,DSC_0112_1_3_2.tif,DSC_0112_1_3_2.tif,3
val,_DSC8788_1_3_1.tif,_DSC8788_1_3_1.tif,2
val,_DSC9859_2_4_5.tif,_DSC9859_2_4_5.tif,4
val,DSC_4541_1_3_4.tif,DSC_4541_1_3_4.tif,3
val,_DSC7624_1_3_2.tif,_DSC7624_1_3_2.tif,1
val,_DSC8785_2_4_8.tif,_DSC8785_2_4_8.tif,0
val,DSC_4543_1_3_4.tif,DSC_4543_1_3_4.tif,0
val,DSC_7492_2_3_2.tif,DSC_7492_2_3_2.tif,6
val,_DSC8104_1_1_3.tif,_DSC8104_1_1_3.tif,0
val,_DSC1016_2_2_1.tif,_DSC1016_2_2_1.tif,1
val,_DSC0175_2_5_1.tif,_DSC0175_2_5_1.tif,3
val,DSC_4389_1_1_2.tif,DSC_4389_1_1_2.tif,0
val,DSC_6618_1_3_4.tif,DSC_6618_1_3_4.tif,4
val,DSC_4394_3_3_3.tif,DSC_4394_3_3_3.tif,5
val,_DSC0764_2_1_1.tif,_DSC0764_2_1_1.tif,1
val,_DSC1647_2_1_2.tif,_DSC1647_2_1_2.tif,5
val,DSC_0804_2_2_2.tif,DSC_0804_2_2_2.tif,6
val,DSC_1176_3_3_5.tif,DSC_1176_3_3_5.tif,0
val,_DSC8104_3_1_1.tif,_DSC8104_3_1_1.tif,5
val,_DSC1804_2_1_4.tif,_DSC1804_2_1_4.tif,4
val,_DSC2689_2_2_6.tif,_DSC2689_2_2_6.tif,3
val,DSC_1592_2_3_2.tif,DSC_1592_2_3_2.tif,0
val,_DSC9854_1_1_1.tif,_DSC9854_1_1_1.tif,4
val,_DSC0771_2_3_4.tif,_DSC0771_2_3_4.tif,1
val,DSC_4394_3_1_2.tif,DSC_4394_3_1_2.tif,5
val,_DSC3538_3_3_4.tif,_DSC3538_3_3_4.tif,4
val,DSC_9228_s1_3_1_4.tif,DSC_9228_s1_3_1_4.tif,2
val,_DSC1647_4_1_5.tif,_DSC1647_4_1_5.tif,5
val,DSC_1351_3_3_2.tif,DSC_1351_3_3_2.tif,6
val,_DSC0764_1_2_3.tif,_DSC0764_1_2_3.tif,2
val,_DSC7359_1_3_6.tif,_DSC7359_1_3_6.tif,4
val,_DSC1804_3_1_8.tif,_DSC1804_3_1_8.tif,6
val,DSC_0218_3_3_2.tif,DSC_0218_3_3_2.tif,4
val,_DSC3042_1_3_1.tif,_DSC3042_1_3_1.tif,3
val,DSC_1180_1_1_6.tif,DSC_1180_1_1_6.tif,0
val,DSC_1592_1_3_2.tif,DSC_1592_1_3_2.tif,5
val,DSC_6340_1_1_4.tif,DSC_6340_1_1_4.tif,0
val,_DSC1805_4_1_7.tif,_DSC1805_4_1_7.tif,2
val,_DSC1648_1_1_4.tif,_DSC1648_1_1_4.tif,2
val,DSC_1350_1_1_6.tif,DSC_1350_1_1_6.tif,6
val,_DSC8788_1_1_8.tif,_DSC8788_1_1_8.tif,2
val,_DSC0766_2_3_3.tif,_DSC0766_2_3_3.tif,2
val,DSC_4392_3_3_1.tif,DSC_4392_3_3_1.tif,0
val,_DSC8786_2_2_6.tif,_DSC8786_2_2_6.tif,0
val,DSC_8266_1_3_4.tif,DSC_8266_1_3_4.tif,5
val,DSC_3611_1_2_6.tif,DSC_3611_1_2_6.tif,3
val,DSC_7713_1_2_6.tif,DSC_7713_1_2_6.tif,3
val,_DSC1646_4_1_6.tif,_DSC1646_4_1_6.tif,0
val,_DSC7359_2_1_4.tif,_DSC7359_2_1_4.tif,4
val,DSC_0103_1_3_1.tif,DSC_0103_1_3_1.tif,2
val,_DSC9258_3_2_3.tif,_DSC9258_3_2_3.tif,4
val,_DSC1158_2_1_3.tif,_DSC1158_2_1_3.tif,2
val,_DSC9858_2_3_6.tif,_DSC9858_2_3_6.tif,5
val,_DSC1648_2_1_1.tif,_DSC1648_2_1_1.tif,4
val,DSC_9228_s1_3_3_4.tif,DSC_9228_s1_3_3_4.tif,6
val,DSC_0806_2_2_5.tif,DSC_0806_2_2_5.tif,5
val,DSC_0218_3_3_1.tif,DSC_0218_3_3_1.tif,3
val,DSC_1177_2_2_1.tif,DSC_1177_2_2_1.tif,4
val,_DSC9260_2_2_5.tif,_DSC9260_2_2_5.tif,2
val,DSC_5086_2_1_1.tif,DSC_5086_2_1_1.tif,2
val,_DSC1646_3_3_2.tif,_DSC1646_3_3_2.tif,2
val,DSC_1173_3_3_4.tif,DSC_1173_3_3_4.tif,5
val,DSC_0112_2_2_4.tif,DSC_0112_2_2_4.tif,1
val,DSC_0807_1_3_1.tif,DSC_0807_1_3_1.tif,5
val,_DSC3535_2_3_6.tif,_DSC3535_2_3_6.tif,1
val,DSC_1346_3_3_2.tif,DSC_1346_3_3_2.tif,5
val,DSC_0112_1_3_6.tif,DSC_0112_1_3_6.tif,3
val,DSC_4389_3_1_6.tif,DSC_4389_3_1_6.tif,1
val,DSC_0808_3_3_4.tif,DSC_0808_3_3_4.tif,6
val,DSC_1593_2_1_2.tif,DSC_1593_2_1_2.tif,0
val,DSC_3611_3_3_2.tif,DSC_3611_3_3_2.tif,2
val,_DSC7360_2_2_1.tif,_DSC7360_2_2_1.tif,1
val,DSC_2867_3_3_2.tif,DSC_2867_3_3_2.tif,1
val,_DSC1332_3_3_6.tif,_DSC1332_3_3_6.tif,4
val,DSC_0208_3_3_5.tif,DSC_0208_3_3_5.tif,5
val,DSC_5088_1_2_1.tif,DSC_5088_1_2_1.tif,6
val,_DSC7360_2_1_1.tif,_DSC7360_2_1_1.tif,1
ensemble,DSC_6618_3_3_6.tif,DSC_6618_3_3_6.tif,4
ensemble,DSC_4547_2_2_2.tif,DSC_4547_2_2_2.tif,0
ensemble,_DSC8104_1_1_5.tif,_DSC8104_1_1_5.tif,6
ensemble,DSC_7492_3_3_1.tif,DSC_7492_3_3_1.tif,6
ensemble,DSC_0217_3_1_3.tif,DSC_0217_3_1_3.tif,2
ensemble,DSC_0803_1_1_5.tif,DSC_0803_1_1_5.tif,3
ensemble,_DSC9856_1_3_1.tif,_DSC9856_1_3_1.tif,3
ensemble,DSC_9242_3_3_1.tif,DSC_9242_3_3_1.tif,1
ensemble,_DSC8105_1_1_1.tif,_DSC8105_1_1_1.tif,6
ensemble,DSC_4388_2_2_4.tif,DSC_4388_2_2_4.tif,0
ensemble,DSC_7586_2_3_4.tif,DSC_7586_2_3_4.tif,1
ensemble,DSC_2454_3_3_5.tif,DSC_2454_3_3_5.tif,3
ensemble,_DSC9258_2_2_3.tif,_DSC9258_2_2_3.tif,2
ensemble,_DSC1646_1_4_8.tif,_DSC1646_1_4_8.tif,5
ensemble,DSC_1179_3_3_4.tif,DSC_1179_3_3_4.tif,4
ensemble,_DSC8788_2_1_6.tif,_DSC8788_2_1_6.tif,0
ensemble,DSC_9238_3_1_2.tif,DSC_9238_3_1_2.tif,2
ensemble,DSC_0103_3_3_4.tif,DSC_0103_3_3_4.tif,3
ensemble,DSC_7586_3_1_6.tif,DSC_7586_3_1_6.tif,4
ensemble,DSC_3616_2_1_3.tif,DSC_3616_2_1_3.tif,1
ensemble,_DSC1646_4_2_3.tif,_DSC1646_4_2_3.tif,1
ensemble,DSC_0113_3_3_5.tif,DSC_0113_3_3_5.tif,2
ensemble,DSC_1556_1_3_1.tif,DSC_1556_1_3_1.tif,4
ensemble,_DSC3044_3_1_3.tif,_DSC3044_3_1_3.tif,1
ensemble,_DSC8788_1_2_6.tif,_DSC8788_1_2_6.tif,4
ensemble,_DSC9854_1_3_5.tif,_DSC9854_1_3_5.tif,3
ensemble,_DSC1648_4_2_5.tif,_DSC1648_4_2_5.tif,1
ensemble,DSC_8266_1_3_5.tif,DSC_8266_1_3_5.tif,6
ensemble,_DSC9854_1_3_4.tif,_DSC9854_1_3_4.tif,0
ensemble,_DSC1647_1_1_4.tif,_DSC1647_1_1_4.tif,4
ensemble,DSC_6340_2_2_3.tif,DSC_6340_2_2_3.tif,5
ensemble,DSC_0216_1_1_5.tif,DSC_0216_1_1_5.tif,3
ensemble,_DSC7623_1_1_1.tif,_DSC7623_1_1_1.tif,6
ensemble,DSC_2395_3_1_4.tif,DSC_2395_3_1_4.tif,1
ensemble,DSC_1178_1_3_2.tif,DSC_1178_1_3_2.tif,6
ensemble,_DSC3043_2_1_2.tif,_DSC3043_2_1_2.tif,1
ensemble,_DSC0767_3_1_2.tif,_DSC0767_3_1_2.tif,4
ensemble,DSC_0207_3_1_6.tif,DSC_0207_3_1_6.tif,4
ensemble,_DSC3040_3_2_2.tif,_DSC3040_3_2_2.tif,1
ensemble,DSC_1556_1_5_3.tif,DSC_1556_1_5_3.tif,1
ensemble,DSC_4543_1_1_6.tif,DSC_4543_1_1_6.tif,4
ensemble,_DSC1335_3_1_6.tif,_DSC1335_3_1_6.tif,1
ensemble,DSC_1173_1_1_1.tif,DSC_1173_1_1_1.tif,6
ensemble,DSC_7489_2_3_6.tif,DSC_7489_2_3_6.tif,1
ensemble,_DSC3042_1_1_4.tif,_DSC3042_1_1_4.tif,2
ensemble,_DSC0139_1_1_1.tif,_DSC0139_1_1_1.tif,1
ensemble,_DSC0023_2_2_7.tif,_DSC0023_2_2_7.tif,1
ensemble,_DSC8787_1_2_2.tif,_DSC8787_1_2_2.tif,3
ensemble,DSC_6619_3_1_5.tif,DSC_6619_3_1_5.tif,6
ensemble,DSC_9241_2_2_5.tif,DSC_9241_2_2_5.tif,4
ensemble,_DSC1334_2_1_1.tif,_DSC1334_2_1_1.tif,5
ensemble,_DSC1646_4_3_7.tif,_DSC1646_4_3_7.tif,0
ensemble,_DSC3040_3_2_5.tif,_DSC3040_3_2_5.tif,3
ensemble,DSC_1350_1_3_6.tif,DSC_1350_1_3_6.tif,6
ensemble,_DSC1646_2_2_3.tif,_DSC1646_2_2_3.tif,2
ensemble,DSC_4547_2_2_5.tif,DSC_4547_2_2_5.tif,4
ensemble,_DSC0023_1_4_1.tif,_DSC0023_1_4_1.tif,0
ensemble,_DSC0139_2_1_7.tif,_DSC0139_2_1_7.tif,6
ensemble,DSC_1173_2_2_4.tif,DSC_1173_2_2_4.tif,0
ensemble,_DSC1805_1_3_5.tif,_DSC1805_1_3_5.tif,6
ensemble,_DSC9261_2_1_3.tif,_DSC9261_2_1_3.tif,3
ensemble,_DSC0139_2_2_5.tif,_DSC0139_2_2_5.tif,0
ensemble,DSC_1592_1_4_1.tif,DSC_1592_1_4_1.tif,0
ensemble,DSC_1348_1_3_3.tif,DSC_1348_1_3_3.tif,5
ensemble,_DSC9260_2_3_1.tif,_DSC9260_2_3_1.tif,4
ensemble,DSC_2867_3_1_1.tif,DSC_2867_3_1_1.tif,0
ensemble,_DSC1804_2_1_2.tif,_DSC1804_2_1_2.tif,6
ensemble,_DSC1647_3_3_1.tif,_DSC1647_3_3_1.tif,4
ensemble,_DSC1804_2_1_8.tif,_DSC1804_2_1_8.tif,5
ensemble,DSC_0103_2_2_1.tif,DSC_0103_2_2_1.tif,3
ensemble,_DSC1805_3_1_3.tif,_DSC1805_3_1_3.tif,6
ensemble,DSC_9228_s1_3_1_3.tif,DSC_9228_s1_3_1_3.tif,5
ensemble,_DSC9854_1_4_3.tif,_DSC9854_1_4_3.tif,0
ensemble,DSC_4547_3_3_3.tif,DSC_4547_3_3_3.tif,2
ensemble,DSC_4387_1_1_1.tif,DSC_4387_1_1_1.tif,3
ensemble,_DSC9258_2_1_1.tif,_DSC9258_2_1_1.tif,6
ensemble,DSC_6337_1_3_1.tif,DSC_6337_1_3_1.tif,0
ensemble,DSC_3614_3_3_1.tif,DSC_3614_3_3_1.tif,4
ensemble,DSC_4387_1_3_2.tif,DSC_4387_1_3_2.tif,6
ensemble,_DSC8786_1_2_5.tif,_DSC8786_1_2_5.tif,1
ensemble,_DSC0771_2_3_5.tif,_DSC0771_2_3_5.tif,2
ensemble,DSC_5086_3_3_3.tif,DSC_5086_3_3_3.tif,4
ensemble,_DSC1157_1_2_1.tif,_DSC1157_1_2_1.tif,4
ensemble,DSC_7587_2_1_3.tif,DSC_7587_2_1_3.tif,0
ensemble,DSC_1347_3_3_3.tif,DSC_1347_3_3_3.tif,0
ensemble,DSC_1174_1_1_6.tif,DSC_1174_1_1_6.tif,6
ensemble,DSC_1180_1_1_2.tif,DSC_1180_1_1_2.tif,6
ensemble,_DSC0767_3_3_3.tif,_DSC0767_3_3_3.tif,2
ensemble,_DSC2689_1_1_4.tif,_DSC2689_1_1_4.tif,1
ensemble,DSC_4393_1_1_1.tif,DSC_4393_1_1_1.tif,0
ensemble,_DSC7359_2_3_2.tif,_DSC7359_2_3_2.tif,2
ensemble,DSC_2828_1_1_2.tif,DSC_2828_1_1_2.tif,0
ensemble,DSC_8270_3_1_4.tif,DSC_8270_3_1_4.tif,0
ensemble,DSC_1347_2_2_4.tif,DSC_1347_2_2_4.tif,1
ensemble,DSC_9240_1_1_6.tif,DSC_9240_1_1_6.tif,4
ensemble,DSC_1593_1_4_1.tif,DSC_1593_1_4_1.tif,3
ensemble,DSC_2828_1_3_3.tif,DSC_2828_1_3_3.tif,0
ensemble,DSC_6337_1_3_4.tif,DSC_6337_1_3_4.tif,1
ensemble,_DSC9859_2_3_1.tif,_DSC9859_2_3_1.tif,4
ensemble,DSC_7713_3_3_6.tif,DSC_7713_3_3_6.tif,1
ensemble,DSC_1345_3_1_2.tif,DSC_1345_3_1_2.tif,5
ensemble,DSC_7586_3_3_6.tif,DSC_7586_3_3_6.tif,5
ensemble,DSC_3615_2_1_2.tif,DSC_3615_2_1_2.tif,1
ensemble,DSC_9234_2_2_2.tif,DSC_9234_2_2_2.tif,3
ensemble,DSC_9236_3_3_5.tif,DSC_9236_3_3_5.tif,5
ensemble,DSC_0808_3_3_3.tif,DSC_0808_3_3_3.tif,6
ensemble,_DSC9261_2_4_1.tif,_DSC9261_2_4_1.tif,5
ensemble,DSC_0217_3_1_1.tif,DSC_0217_3_1_1.tif,2
ensemble,_DSC2691_3_1_5.tif,_DSC2691_3_1_5.tif,1
ensemble,_DSC1648_4_1_1.tif,_DSC1648_4_1_1.tif,5
ensemble,_DSC3040_2_2_1.tif,_DSC3040_2_2_1.tif,0
ensemble,DSC_7489_3_3_1.tif,DSC_7489_3_3_1.tif,0
ensemble,_DSC2690_3_1_5.tif,_DSC2690_3_1_5.tif,2
ensemble,DSC_0104_1_1_6.tif,DSC_0104_1_1_6.tif,2
ensemble,DSC_4392_2_2_2.tif,DSC_4392_2_2_2.tif,6
ensemble,DSC_0215_1_3_2.tif,DSC_0215_1_3_2.tif,4
ensemble,_DSC0138_2_4_3.tif,_DSC0138_2_4_3.tif,0
ensemble,DSC_1346_1_3_6.tif,DSC_1346_1_3_6.tif,6
ensemble,_DSC9259_1_2_1.tif,_DSC9259_1_2_1.tif,5
ensemble,DSC_4390_2_2_5.tif,DSC_4390_2_2_5.tif,5
ensemble,DSC_1175_1_1_1.tif,DSC_1175_1_1_1.tif,0
ensemble,_DSC0138_1_4_5.tif,_DSC0138_1_4_5.tif,0
ensemble,DSC_7710_3_1_5.tif,DSC_7710_3_1_5.tif,6
ensemble,_DSC3537_1_2_2.tif,_DSC3537_1_2_2.tif,0
ensemble,_DSC0175_1_6_7.tif,_DSC0175_1_6_7.tif,3
ensemble,_DSC1648_3_1_5.tif,_DSC1648_3_1_5.tif,3
ensemble,_DSC1158_1_2_3.tif,_DSC1158_1_2_3.tif,2
ensemble,_DSC2689_1_1_2.tif,_DSC2689_1_1_2.tif,0
ensemble,_DSC0771_2_1_3.tif,_DSC0771_2_1_3.tif,1
ensemble,DSC_9231_3_3_5.tif,DSC_9231_3_3_5.tif,5
ensemble,_DSC9858_1_2_6.tif,_DSC9858_1_2_6.tif,3
ensemble,DSC_0804_1_1_2.tif,DSC_0804_1_1_2.tif,0
ensemble,DSC_1593_2_1_6.tif,DSC_1593_2_1_6.tif,3
ensemble,_DSC1158_1_2_5.tif,_DSC1158_1_2_5.tif,3
ensemble,DSC_4540_1_1_6.tif,DSC_4540_1_1_6.tif,0
ensemble,_DSC0175_1_4_4.tif,_DSC0175_1_4_4.tif,0
ensemble,_DSC1804_1_2_8.tif,_DSC1804_1_2_8.tif,6
ensemble,DSC_7588_3_1_4.tif,DSC_7588_3_1_4.tif,1
ensemble,_DSC1646_4_4_4.tif,_DSC1646_4_4_4.tif,4
ensemble,_DSC9858_1_1_7.tif,_DSC9858_1_1_7.tif,6
ensemble,DSC_0209_3_3_1.tif,DSC_0209_3_3_1.tif,1
ensemble,DSC_7712_2_1_3.tif,DSC_7712_2_1_3.tif,1
ensemble,DSC_6337_2_2_5.tif,DSC_6337_2_2_5.tif,6
ensemble,_DSC1646_2_3_4.tif,_DSC1646_2_3_4.tif,2
ensemble,DSC_0109_3_1_3.tif,DSC_0109_3_1_3.tif,3
ensemble,DSC_1177_1_1_2.tif,DSC_1177_1_1_2.tif,6
ensemble,DSC_4393_3_3_3.tif,DSC_4393_3_3_3.tif,5
ensemble,DSC_0217_2_2_3.tif,DSC_0217_2_2_3.tif,2
ensemble,DSC_0805_1_1_6.tif,DSC_0805_1_1_6.tif,6
ensemble,_DSC1647_3_2_4.tif,_DSC1647_3_2_4.tif,2
ensemble,_DSC1647_4_2_1.tif,_DSC1647_4_2_1.tif,6
ensemble,DSC_3616_1_2_4.tif,DSC_3616_1_2_4.tif,2
ensemble,DSC_4387_3_1_4.tif,DSC_4387_3_1_4.tif,5
ensemble,_DSC8786_2_4_1.tif,_DSC8786_2_4_1.tif,3
ensemble,_DSC3537_3_3_4.tif,_DSC3537_3_3_4.tif,2
ensemble,_DSC1017_1_1_4.tif,_DSC1017_1_1_4.tif,5
ensemble,DSC_0106_2_2_1.tif,DSC_0106_2_2_1.tif,1
ensemble,_DSC0769_3_1_2.tif,_DSC0769_3_1_2.tif,3
ensemble,_DSC1014_2_2_6.tif,_DSC1014_2_2_6.tif,2
ensemble,_DSC0769_3_1_3.tif,_DSC0769_3_1_3.tif,3
ensemble,DSC_0804_2_2_6.tif,DSC_0804_2_2_6.tif,2
ensemble,DSC_6337_3_3_2.tif,DSC_6337_3_3_2.tif,6
ensemble,DSC_0807_1_3_2.tif,DSC_0807_1_3_2.tif,6
ensemble,_DSC0175_1_6_8.tif,_DSC0175_1_6_8.tif,1
ensemble,DSC_8263_3_3_4.tif,DSC_8263_3_3_4.tif,6
ensemble,DSC_9237_1_1_1.tif,DSC_9237_1_1_1.tif,5
ensemble,_DSC1805_2_4_3.tif,_DSC1805_2_4_3.tif,6
ensemble,_DSC0024_1_2_5.tif,_DSC0024_1_2_5.tif,1
ensemble,DSC_4538_3_3_5.tif,DSC_4538_3_3_5.tif,4
ensemble,_DSC8103_3_1_4.tif,_DSC8103_3_1_4.tif,2
ensemble,_DSC1805_4_2_5.tif,_DSC1805_4_2_5.tif,5
ensemble,DSC_7712_2_3_2.tif,DSC_7712_2_3_2.tif,1
ensemble,_DSC1333_2_1_5.tif,_DSC1333_2_1_5.tif,4
ensemble,_DSC8104_3_3_3.tif,_DSC8104_3_3_3.tif,5
ensemble,DSC_1344_2_2_2.tif,DSC_1344_2_2_2.tif,3
ensemble,DSC_9231_3_1_2.tif,DSC_9231_3_1_2.tif,4
ensemble,_DSC1648_2_4_2.tif,_DSC1648_2_4_2.tif,4
ensemble,_DSC0023_1_1_1.tif,_DSC0023_1_1_1.tif,3
ensemble,_DSC9858_1_1_1.tif,_DSC9858_1_1_1.tif,2
ensemble,DSC_7492_3_3_6.tif,DSC_7492_3_3_6.tif,5
ensemble,DSC_4391_3_3_4.tif,DSC_4391_3_3_4.tif,4
ensemble,DSC_7583_1_2_4.tif,DSC_7583_1_2_4.tif,0
ensemble,_DSC9261_2_4_2.tif,_DSC9261_2_4_2.tif,2
ensemble,DSC_6261_2_3_1.tif,DSC_6261_2_3_1.tif,5
ensemble,DSC_3617_3_1_5.tif,DSC_3617_3_1_5.tif,3
ensemble,DSC_2394_3_3_4.tif,DSC_2394_3_3_4.tif,6
ensemble,_DSC1014_1_3_6.tif,_DSC1014_1_3_6.tif,4
ensemble,DSC_1344_1_1_2.tif,DSC_1344_1_1_2.tif,0
ensemble,DSC_7811_2_1_3.tif,DSC_7811_2_1_3.tif,1
ensemble,DSC_0807_3_1_4.tif,DSC_0807_3_1_4.tif,6
ensemble,_DSC3041_3_2_4.tif,_DSC3041_3_2_4.tif,3
ensemble,DSC_2396_3_1_2.tif,DSC_2396_3_1_2.tif,0
ensemble,DSC_8269_3_3_2.tif,DSC_8269_3_3_2.tif,6
ensemble,DSC_1593_1_1_1.tif,DSC_1593_1_1_1.tif,4
ensemble,_DSC9854_1_2_4.tif,_DSC9854_1_2_4.tif,2
ensemble,_DSC1647_2_1_8.tif,_DSC1647_2_1_8.tif,2
ensemble,_DSC0770_3_1_6.tif,_DSC0770_3_1_6.tif,2
ensemble,_DSC0765_3_3_2.tif,_DSC0765_3_3_2.tif,2
ensemble,_DSC2692_2_2_5.tif,_DSC2692_2_2_5.tif,0
ensemble,DSC_1176_1_3_3.tif,DSC_1176_1_3_3.tif,3
ensemble,DSC_6339_3_1_5.tif,DSC_6339_3_1_5.tif,1
ensemble,DSC_0111_1_3_1.tif,DSC_0111_1_3_1.tif,1
ensemble,DSC_7709_3_3_4.tif,DSC_7709_3_3_4.tif,0
ensemble,_DSC8788_1_4_7.tif,_DSC8788_1_4_7.tif,4
ensemble,DSC_4538_1_3_6.tif,DSC_4538_1_3_6.tif,2
ensemble,DSC_1347_2_2_6.tif,DSC_1347_2_2_6.tif,6
ensemble,DSC_4390_3_1_6.tif,DSC_4390_3_1_6.tif,6
ensemble,DSC_0109_1_3_1.tif,DSC_0109_1_3_1.tif,3
ensemble,_DSC9858_1_1_2.tif,_DSC9858_1_1_2.tif,4
ensemble,_DSC1804_3_2_6.tif,_DSC1804_3_2_6.tif,5
ensemble,_DSC9856_2_2_2.tif,_DSC9856_2_2_2.tif,3
ensemble,_DSC1648_1_4_2.tif,_DSC1648_1_4_2.tif,2
ensemble,DSC_7587_3_1_5.tif,DSC_7587_3_1_5.tif,1
ensemble,DSC_4545_2_2_1.tif,DSC_4545_2_2_1.tif,3
ensemble,DSC_0104_2_2_2.tif,DSC_0104_2_2_2.tif,2
ensemble,_DSC7360_2_2_6.tif,_DSC7360_2_2_6.tif,4
ensemble,DSC_0216_1_3_5.tif,DSC_0216_1_3_5.tif,2
ensemble,_DSC9858_2_3_8.tif,_DSC9858_2_3_8.tif,0
ensemble,_DSC3043_2_1_3.tif,_DSC3043_2_1_3.tif,1
ensemble,DSC_1558_2_4_1.tif,DSC_1558_2_4_1.tif,5
ensemble,DSC_0217_3_3_3.tif,DSC_0217_3_3_3.tif,1
ensemble,DSC_7491_2_3_2.tif,DSC_7491_2_3_2.tif,5
ensemble,DSC_4541_2_2_4.tif,DSC_4541_2_2_4.tif,1
ensemble,DSC_7491_1_2_3.tif,DSC_7491_1_2_3.tif,5
ensemble,_DSC0764_2_3_4.tif,_DSC0764_2_3_4.tif,1
ensemble,DSC_7587_3_1_6.tif,DSC_7587_3_1_6.tif,2
ensemble,DSC_8269_1_3_1.tif,DSC_8269_1_3_1.tif,6
ensemble,_DSC1805_3_1_6.tif,_DSC1805_3_1_6.tif,5
ensemble,DSC_1350_2_2_1.tif,DSC_1350_2_2_1.tif,6
ensemble,_DSC3042_2_2_2.tif,_DSC3042_2_2_2.tif,1
ensemble,_DSC7360_2_3_6.tif,_DSC7360_2_3_6.tif,5
ensemble,DSC_9240_2_2_1.tif,DSC_9240_2_2_1.tif,1
ensemble,DSC_1348_1_1_4.tif,DSC_1348_1_1_4.tif,0
ensemble,_DSC1804_3_3_4.tif,_DSC1804_3_3_4.tif,0
ensemble,DSC_7585_3_3_3.tif,DSC_7585_3_3_3.tif,2
ensemble,DSC_3615_1_2_6.tif,DSC_3615_1_2_6.tif,1
ensemble,_DSC0170_1_2_3.tif,_DSC0170_1_2_3.tif,2
ensemble,_DSC7359_2_4_1.tif,_DSC7359_2_4_1.tif,3
ensemble,DSC_7493_3_1_5.tif,DSC_7493_3_1_5.tif,2
ensemble,_DSC3536_2_3_5.tif,_DSC3536_2_3_5.tif,1
ensemble,_DSC9260_3_3_1.tif,_DSC9260_3_3_1.tif,4
ensemble,_DSC1805_2_3_3.tif,_DSC1805_2_3_3.tif,6
ensemble,DSC_4391_3_1_5.tif,DSC_4391_3_1_5.tif,5
ensemble,DSC_1350_1_3_1.tif,DSC_1350_1_3_1.tif,6
ensemble,DSC_4547_1_1_2.tif,DSC_4547_1_1_2.tif,4
ensemble,_DSC1804_4_2_4.tif,_DSC1804_4_2_4.tif,5
ensemble,_DSC1646_1_3_8.tif,_DSC1646_1_3_8.tif,4
ensemble,DSC_0112_3_3_3.tif,DSC_0112_3_3_3.tif,1
ensemble,_DSC0770_3_3_4.tif,_DSC0770_3_3_4.tif,2
ensemble,DSC_7492_2_3_3.tif,DSC_7492_2_3_3.tif,6
ensemble,DSC_6617_2_2_6.tif,DSC_6617_2_2_6.tif,6
ensemble,_DSC9259_2_3_5.tif,_DSC9259_2_3_5.tif,3
ensemble,_DSC7622_3_3_3.tif,_DSC7622_3_3_3.tif,3
ensemble,_DSC8103_2_2_3.tif,_DSC8103_2_2_3.tif,1
ensemble,DSC_1349_3_3_4.tif,DSC_1349_3_3_4.tif,5
ensemble,_DSC3535_2_3_4.tif,_DSC3535_2_3_4.tif,3
ensemble,_DSC3535_2_1_6.tif,_DSC3535_2_1_6.tif,1
ensemble,_DSC7360_2_2_5.tif,_DSC7360_2_2_5.tif,5
ensemble,_DSC1648_1_2_8.tif,_DSC1648_1_2_8.tif,4
ensemble,_DSC1332_2_3_1.tif,_DSC1332_2_3_1.tif,4
ensemble,DSC_4538_1_3_2.tif,DSC_4538_1_3_2.tif,5
ensemble,DSC_8270_3_1_1.tif,DSC_8270_3_1_1.tif,6
ensemble,DSC_5085_1_2_6.tif,DSC_5085_1_2_6.tif,4
ensemble,DSC_2397_3_3_5.tif,DSC_2397_3_3_5.tif,4
ensemble,DSC_9232_3_3_1.tif,DSC_9232_3_3_1.tif,5
ensemble,DSC_0210_2_2_2.tif,DSC_0210_2_2_2.tif,1
ensemble,_DSC1017_2_2_2.tif,_DSC1017_2_2_2.tif,2
ensemble,DSC_4538_1_1_1.tif,DSC_4538_1_1_1.tif,4
ensemble,DSC_4390_2_2_6.tif,DSC_4390_2_2_6.tif,6
ensemble,DSC_8264_3_1_3.tif,DSC_8264_3_1_3.tif,4
ensemble,DSC_1350_2_2_2.tif,DSC_1350_2_2_2.tif,6
ensemble,DSC_3614_3_1_6.tif,DSC_3614_3_1_6.tif,5
ensemble,_DSC1648_1_1_7.tif,_DSC1648_1_1_7.tif,3
ensemble,_DSC1646_1_4_6.tif,_DSC1646_1_4_6.tif,4
ensemble,_DSC9260_3_4_2.tif,_DSC9260_3_4_2.tif,2
ensemble,_DSC0770_3_3_5.tif,_DSC0770_3_3_5.tif,2
ensemble,DSC_7585_2_3_6.tif,DSC_7585_2_3_6.tif,3
ensemble,_DSC1158_3_3_4.tif,_DSC1158_3_3_4.tif,3
ensemble,_DSC3042_3_1_6.tif,_DSC3042_3_1_6.tif,3
ensemble,_DSC1016_3_3_3.tif,_DSC1016_3_3_3.tif,1
ensemble,DSC_7493_2_3_3.tif,DSC_7493_2_3_3.tif,1
ensemble,DSC_0216_2_2_2.tif,DSC_0216_2_2_2.tif,3
ensemble,DSC_8267_3_3_5.tif,DSC_8267_3_3_5.tif,5
ensemble,DSC_9231_3_3_4.tif,DSC_9231_3_3_4.tif,6
ensemble,DSC_0211_2_2_1.tif,DSC_0211_2_2_1.tif,1
ensemble,DSC_9231_2_2_3.tif,DSC_9231_2_2_3.tif,4
ensemble,DSC_8268_3_1_3.tif,DSC_8268_3_1_3.tif,5
ensemble,_DSC8788_1_4_1.tif,_DSC8788_1_4_1.tif,1
ensemble,_DSC9258_2_2_1.tif,_DSC9258_2_2_1.tif,5
ensemble,DSC_1558_1_3_1.tif,DSC_1558_1_3_1.tif,5
ensemble,_DSC9859_2_3_3.tif,_DSC9859_2_3_3.tif,2
ensemble,_DSC9858_2_1_1.tif,_DSC9858_2_1_1.tif,5
ensemble,DSC_4391_1_3_4.tif,DSC_4391_1_3_4.tif,0
ensemble,DSC_4392_1_1_1.tif,DSC_4392_1_1_1.tif,6
ensemble,_DSC2691_3_1_4.tif,_DSC2691_3_1_4.tif,1
ensemble,DSC_0808_3_1_3.tif,DSC_0808_3_1_3.tif,4
ensemble,_DSC1646_4_2_5.tif,_DSC1646_4_2_5.tif,1
ensemble,_DSC1647_2_4_4.tif,_DSC1647_2_4_4.tif,3
ensemble,DSC_0111_1_1_4.tif,DSC_0111_1_1_4.tif,2
ensemble,DSC_7712_3_1_4.tif,DSC_7712_3_1_4.tif,2
ensemble,DSC_7489_1_2_1.tif,DSC_7489_1_2_1.tif,0
ensemble,DSC_1173_1_1_3.tif,DSC_1173_1_1_3.tif,0
ensemble,DSC_7493_3_3_2.tif,DSC_7493_3_3_2.tif,0
ensemble,DSC_3611_3_3_3.tif,DSC_3611_3_3_3.tif,2
ensemble,_DSC3043_3_1_6.tif,_DSC3043_3_1_6.tif,2
ensemble,_DSC1805_1_3_7.tif,_DSC1805_1_3_7.tif,5
ensemble,DSC_4391_3_1_2.tif,DSC_4391_3_1_2.tif,4
ensemble,_DSC1646_2_2_7.tif,_DSC1646_2_2_7.tif,3
ensemble,_DSC1648_2_2_3.tif,_DSC1648_2_2_3.tif,1
ensemble,DSC_6339_1_3_1.tif,DSC_6339_1_3_1.tif,0
ensemble,_DSC1157_1_2_6.tif,_DSC1157_1_2_6.tif,3
ensemble,DSC_4394_3_3_1.tif,DSC_4394_3_3_1.tif,5
ensemble,_DSC1804_1_4_7.tif,_DSC1804_1_4_7.tif,5
ensemble,_DSC1648_1_4_4.tif,_DSC1648_1_4_4.tif,2
ensemble,DSC_0218_3_1_1.tif,DSC_0218_3_1_1.tif,0
ensemble,DSC_2869_1_1_5.tif,DSC_2869_1_1_5.tif,5
ensemble,_DSC9859_2_4_8.tif,_DSC9859_2_4_8.tif,3
ensemble,DSC_4547_3_1_1.tif,DSC_4547_3_1_1.tif,4
ensemble,DSC_6617_3_1_6.tif,DSC_6617_3_1_6.tif,3
ensemble,_DSC1805_2_4_5.tif,_DSC1805_2_4_5.tif,5
ensemble,_DSC0138_1_3_6.tif,_DSC0138_1_3_6.tif,0
ensemble,DSC_7494_1_2_6.tif,DSC_7494_1_2_6.tif,3
ensemble,DSC_1556_1_1_5.tif,DSC_1556_1_1_5.tif,6
ensemble,_DSC1647_2_2_8.tif,_DSC1647_2_2_8.tif,1
ensemble,_DSC1648_2_3_2.tif,_DSC1648_2_3_2.tif,3
ensemble,DSC_9231_2_2_1.tif,DSC_9231_2_2_1.tif,5
ensemble,_DSC9258_2_3_4.tif,_DSC9258_2_3_4.tif,3
ensemble,DSC_0104_1_1_4.tif,DSC_0104_1_1_4.tif,2
ensemble,DSC_1344_2_2_1.tif,DSC_1344_2_2_1.tif,1
ensemble,DSC_7586_2_1_5.tif,DSC_7586_2_1_5.tif,4
ensemble,DSC_5087_3_3_6.tif,DSC_5087_3_3_6.tif,3
ensemble,DSC_2867_1_3_5.tif,DSC_2867_1_3_5.tif,0
ensemble,DSC_7490_2_1_3.tif,DSC_7490_2_1_3.tif,0
ensemble,_DSC0023_2_2_2.tif,_DSC0023_2_2_2.tif,0
ensemble,DSC_7586_2_3_6.tif,DSC_7586_2_3_6.tif,4
ensemble,_DSC9859_2_2_8.tif,_DSC9859_2_2_8.tif,5
ensemble,_DSC1648_3_1_1.tif,_DSC1648_3_1_1.tif,3
ensemble,_DSC0170_3_3_6.tif,_DSC0170_3_3_6.tif,6
ensemble,DSC_4389_1_3_6.tif,DSC_4389_1_3_6.tif,0
ensemble,_DSC3044_1_3_4.tif,_DSC3044_1_3_4.tif,5
ensemble,DSC_1176_3_3_6.tif,DSC_1176_3_3_6.tif,3
ensemble,_DSC3538_2_1_6.tif,_DSC3538_2_1_6.tif,4
ensemble,DSC_8265_2_2_6.tif,DSC_8265_2_2_6.tif,4
ensemble,DSC_0807_1_1_3.tif,DSC_0807_1_1_3.tif,2
ensemble,DSC_1351_3_1_5.tif,DSC_1351_3_1_5.tif,6
ensemble,_DSC9259_2_2_3.tif,_DSC9259_2_2_3.tif,2
ensemble,DSC_4389_3_3_4.tif,DSC_4389_3_3_4.tif,0
ensemble,DSC_9232_3_1_5.tif,DSC_9232_3_1_5.tif,2
ensemble,DSC_7708_2_3_1.tif,DSC_7708_2_3_1.tif,1
ensemble,DSC_6617_3_3_1.tif,DSC_6617_3_3_1.tif,6
ensemble,DSC_7490_2_1_5.tif,DSC_7490_2_1_5.tif,0
ensemble,DSC_1179_2_2_2.tif,DSC_1179_2_2_2.tif,5
ensemble,_DSC1805_2_4_7.tif,_DSC1805_2_4_7.tif,6
ensemble,_DSC8103_1_1_3.tif,_DSC8103_1_1_3.tif,0
ensemble,_DSC0766_2_1_5.tif,_DSC0766_2_1_5.tif,4
ensemble,DSC_4388_3_1_4.tif,DSC_4388_3_1_4.tif,0
ensemble,DSC_7709_1_2_5.tif,DSC_7709_1_2_5.tif,2
ensemble,_DSC0175_1_6_5.tif,_DSC0175_1_6_5.tif,0
ensemble,DSC_1350_1_1_4.tif,DSC_1350_1_1_4.tif,6
ensemble,DSC_1349_1_3_1.tif,DSC_1349_1_3_1.tif,5
ensemble,DSC_0215_3_3_3.tif,DSC_0215_3_3_3.tif,3
ensemble,DSC_7492_3_1_3.tif,DSC_7492_3_1_3.tif,4
ensemble,_DSC1648_3_3_1.tif,_DSC1648_3_3_1.tif,6
ensemble,DSC_0810_3_3_6.tif,DSC_0810_3_3_6.tif,5
ensemble,DSC_0211_3_1_5.tif,DSC_0211_3_1_5.tif,3
ensemble,_DSC1647_2_4_3.tif,_DSC1647_2_4_3.tif,3
ensemble,DSC_4543_1_3_1.tif,DSC_4543_1_3_1.tif,3
ensemble,_DSC0170_1_1_8.tif,_DSC0170_1_1_8.tif,4
ensemble,DSC_0807_3_3_6.tif,DSC_0807_3_3_6.tif,6
ensemble,DSC_3618_1_2_1.tif,DSC_3618_1_2_1.tif,3
ensemble,DSC_1179_3_1_2.tif,DSC_1179_3_1_2.tif,6
ensemble,DSC_7492_2_1_6.tif,DSC_7492_2_1_6.tif,6
ensemble,DSC_9235_3_1_5.tif,DSC_9235_3_1_5.tif,4
ensemble,_DSC1805_1_4_7.tif,_DSC1805_1_4_7.tif,5
ensemble,DSC_2452_1_3_1.tif,DSC_2452_1_3_1.tif,4
ensemble,_DSC1647_1_4_6.tif,_DSC1647_1_4_6.tif,3
ensemble,_DSC3044_3_1_6.tif,_DSC3044_3_1_6.tif,2
ensemble,DSC_4545_1_1_2.tif,DSC_4545_1_1_2.tif,0
ensemble,_DSC9261_3_1_5.tif,_DSC9261_3_1_5.tif,3
ensemble,_DSC9858_1_2_4.tif,_DSC9858_1_2_4.tif,2
ensemble,DSC_3613_3_3_1.tif,DSC_3613_3_3_1.tif,4
ensemble,_DSC1014_1_1_2.tif,_DSC1014_1_1_2.tif,3
ensemble,_DSC3041_2_2_1.tif,_DSC3041_2_2_1.tif,1
ensemble,_DSC2692_3_3_6.tif,_DSC2692_3_3_6.tif,0
ensemble,_DSC3040_3_2_3.tif,_DSC3040_3_2_3.tif,0
ensemble,DSC_6261_2_1_3.tif,DSC_6261_2_1_3.tif,6
ensemble,DSC_1347_3_1_2.tif,DSC_1347_3_1_2.tif,0
ensemble,_DSC3043_3_2_6.tif,_DSC3043_3_2_6.tif,1
ensemble,_DSC1157_3_1_4.tif,_DSC1157_3_1_4.tif,3
ensemble,DSC_1178_1_1_3.tif,DSC_1178_1_1_3.tif,0
ensemble,DSC_0108_2_2_2.tif,DSC_0108_2_2_2.tif,4
ensemble,DSC_0803_3_3_4.tif,DSC_0803_3_3_4.tif,5
ensemble,_DSC1160_2_3_2.tif,_DSC1160_2_3_2.tif,1
ensemble,DSC_9231_2_2_5.tif,DSC_9231_2_2_5.tif,5
ensemble,_DSC3536_1_2_6.tif,_DSC3536_1_2_6.tif,6
ensemble,DSC_4392_3_1_5.tif,DSC_4392_3_1_5.tif,0
ensemble,DSC_1347_3_3_1.tif,DSC_1347_3_3_1.tif,5
ensemble,_DSC3040_1_2_5.tif,_DSC3040_1_2_5.tif,4
ensemble,_DSC1157_1_2_4.tif,_DSC1157_1_2_4.tif,3
ensemble,DSC_0806_1_3_6.tif,DSC_0806_1_3_6.tif,0
ensemble,DSC_4391_1_1_1.tif,DSC_4391_1_1_1.tif,4
ensemble,_DSC3044_3_1_5.tif,_DSC3044_3_1_5.tif,1
ensemble,DSC_0803_2_2_2.tif,DSC_0803_2_2_2.tif,5
ensemble,DSC_0810_1_1_3.tif,DSC_0810_1_1_3.tif,4
ensemble,DSC_3614_2_1_4.tif,DSC_3614_2_1_4.tif,2
ensemble,DSC_1349_1_3_5.tif,DSC_1349_1_3_5.tif,5
ensemble,DSC_0805_3_1_2.tif,DSC_0805_3_1_2.tif,6
ensemble,DSC_1556_1_5_5.tif,DSC_1556_1_5_5.tif,2
ensemble,DSC_0805_3_3_3.tif,DSC_0805_3_3_3.tif,4
ensemble,DSC_7710_2_3_3.tif,DSC_7710_2_3_3.tif,6
ensemble,DSC_9240_3_3_3.tif,DSC_9240_3_3_3.tif,4
ensemble,DSC_0111_3_1_5.tif,DSC_0111_3_1_5.tif,3
ensemble,DSC_7493_1_2_6.tif,DSC_7493_1_2_6.tif,0
ensemble,_DSC3536_2_1_4.tif,_DSC3536_2_1_4.tif,5
ensemble,DSC_1179_3_3_1.tif,DSC_1179_3_3_1.tif,0
ensemble,DSC_5088_2_3_5.tif,DSC_5088_2_3_5.tif,2
ensemble,_DSC8787_1_3_4.tif,_DSC8787_1_3_4.tif,2
ensemble,DSC_4387_2_2_2.tif,DSC_4387_2_2_2.tif,6
ensemble,DSC_5085_2_1_1.tif,DSC_5085_2_1_1.tif,2
ensemble,_DSC9857_1_1_4.tif,_DSC9857_1_1_4.tif,2
ensemble,_DSC0025-AVRPib_1_1_1.tif,_DSC0025-AVRPib_1_1_1.tif,0
ensemble,DSC_1178_3_3_1.tif,DSC_1178_3_3_1.tif,0
ensemble,DSC_7492_3_1_5.tif,DSC_7492_3_1_5.tif,5
ensemble,_DSC9261_2_1_4.tif,_DSC9261_2_1_4.tif,3
ensemble,_DSC7360_1_5_4.tif,_DSC7360_1_5_4.tif,3
ensemble,_DSC0175_1_4_5.tif,_DSC0175_1_4_5.tif,0
ensemble,_DSC3538_3_3_2.tif,_DSC3538_3_3_2.tif,4
ensemble,DSC_9236_1_3_2.tif,DSC_9236_1_3_2.tif,2
ensemble,_DSC0767_2_1_3.tif,_DSC0767_2_1_3.tif,4
ensemble,_DSC7359_2_4_6.tif,_DSC7359_2_4_6.tif,2
ensemble,_DSC3537_2_3_2.tif,_DSC3537_2_3_2.tif,5
ensemble,_DSC0170_3_2_3.tif,_DSC0170_3_2_3.tif,4
ensemble,DSC_1173_3_3_5.tif,DSC_1173_3_3_5.tif,6
ensemble,DSC_1176_3_3_1.tif,DSC_1176_3_3_1.tif,5
ensemble,DSC_4388_3_3_4.tif,DSC_4388_3_3_4.tif,3
ensemble,_DSC0175_3_2_7.tif,_DSC0175_3_2_7.tif,4
ensemble,_DSC1805_4_4_4.tif,_DSC1805_4_4_4.tif,2
ensemble,_DSC1158_3_3_2.tif,_DSC1158_3_3_2.tif,2
ensemble,DSC_7586_1_2_3.tif,DSC_7586_1_2_3.tif,2
ensemble,_DSC0170_1_4_7.tif,_DSC0170_1_4_7.tif,5
ensemble,_DSC8105_1_1_2.tif,_DSC8105_1_1_2.tif,1
ensemble,_DSC8788_2_3_1.tif,_DSC8788_2_3_1.tif,5
ensemble,DSC_0209_3_1_6.tif,DSC_0209_3_1_6.tif,1
ensemble,DSC_4390_3_3_1.tif,DSC_4390_3_3_1.tif,5
ensemble,_DSC0770_1_2_1.tif,_DSC0770_1_2_1.tif,3
ensemble,DSC_1558_1_4_4.tif,DSC_1558_1_4_4.tif,1
ensemble,_DSC0138_1_2_1.tif,_DSC0138_1_2_1.tif,6
ensemble,DSC_0806_1_3_2.tif,DSC_0806_1_3_2.tif,0
ensemble,DSC_8267_1_1_3.tif,DSC_8267_1_1_3.tif,2
ensemble,DSC_1174_3_1_1.tif,DSC_1174_3_1_1.tif,1
ensemble,DSC_0108_1_1_6.tif,DSC_0108_1_1_6.tif,1
ensemble,DSC_3613_2_3_5.tif,DSC_3613_2_3_5.tif,4
ensemble,DSC_7712_3_3_6.tif,DSC_7712_3_3_6.tif,5
ensemble,DSC_1556_1_1_1.tif,DSC_1556_1_1_1.tif,6
ensemble,DSC_7709_2_3_6.tif,DSC_7709_2_3_6.tif,1
test,DSC_6339_3_3_5.tif,DSC_6339_3_3_5.tif,6
test,_DSC7624_3_3_1.tif,_DSC7624_3_3_1.tif,0
test,DSC_6618_2_2_4.tif,DSC_6618_2_2_4.tif,1
test,DSC_0212_2_2_6.tif,DSC_0212_2_2_6.tif,1
test,DSC_2397_1_3_4.tif,DSC_2397_1_3_4.tif,0
test,DSC_2868_3_3_5.tif,DSC_2868_3_3_5.tif,1
test,DSC_9235_2_2_3.tif,DSC_9235_2_2_3.tif,2
test,_DSC1016_3_3_4.tif,_DSC1016_3_3_4.tif,4
test,_DSC1805_1_2_4.tif,_DSC1805_1_2_4.tif,5
test,_DSC0139_1_3_8.tif,_DSC0139_1_3_8.tif,1
test,_DSC1805_3_4_6.tif,_DSC1805_3_4_6.tif,1
test,_DSC3536_3_3_2.tif,_DSC3536_3_3_2.tif,3
test,DSC_1176_3_1_6.tif,DSC_1176_3_1_6.tif,6
test,DSC_0808_1_1_6.tif,DSC_0808_1_1_6.tif,6
test,_DSC1804_3_4_7.tif,_DSC1804_3_4_7.tif,6
test,DSC_8265_1_1_5.tif,DSC_8265_1_1_5.tif,6
test,DSC_0810_3_3_4.tif,DSC_0810_3_3_4.tif,0
test,DSC_3616_3_3_5.tif,DSC_3616_3_3_5.tif,3
test,_DSC1157_3_3_1.tif,_DSC1157_3_3_1.tif,3
test,DSC_8266_1_3_3.tif,DSC_8266_1_3_3.tif,3
test,_DSC9854_1_1_3.tif,_DSC9854_1_1_3.tif,1
test,DSC_3615_3_1_4.tif,DSC_3615_3_1_4.tif,2
test,_DSC2689_2_2_5.tif,_DSC2689_2_2_5.tif,3
test,DSC_0810_3_1_1.tif,DSC_0810_3_1_1.tif,4
test,_DSC0175_1_3_4.tif,_DSC0175_1_3_4.tif,1
test,DSC_3613_3_3_3.tif,DSC_3613_3_3_3.tif,3
test,DSC_0107_1_1_5.tif,DSC_0107_1_1_5.tif,2
test,DSC_7583_3_3_2.tif,DSC_7583_3_3_2.tif,0
test,_DSC1805_4_3_3.tif,_DSC1805_4_3_3.tif,6
test,_DSC1647_1_3_1.tif,_DSC1647_1_3_1.tif,5
test,DSC_5085_3_3_1.tif,DSC_5085_3_3_1.tif,2
test,DSC_7587_2_1_6.tif,DSC_7587_2_1_6.tif,0
test,DSC_3615_2_3_4.tif,DSC_3615_2_3_4.tif,1
test,_DSC1157_3_3_5.tif,_DSC1157_3_3_5.tif,5
test,_DSC8788_2_3_3.tif,_DSC8788_2_3_3.tif,2
test,DSC_0218_2_2_1.tif,DSC_0218_2_2_1.tif,2
test,DSC_2870_3_1_2.tif,DSC_2870_3_1_2.tif,1
test,_DSC9854_2_4_3.tif,_DSC9854_2_4_3.tif,0
test,DSC_1348_2_2_2.tif,DSC_1348_2_2_2.tif,4
test,_DSC0764_2_3_5.tif,_DSC0764_2_3_5.tif,2
test,DSC_4542_3_3_1.tif,DSC_4542_3_3_1.tif,0
test,DSC_2397_1_1_4.tif,DSC_2397_1_1_4.tif,0
test,DSC_6619_3_3_6.tif,DSC_6619_3_3_6.tif,4
test,DSC_6339_1_1_2.tif,DSC_6339_1_1_2.tif,5
test,DSC_0810_2_2_1.tif,DSC_0810_2_2_1.tif,6
test,_DSC1647_3_3_2.tif,_DSC1647_3_3_2.tif,4
test,DSC_9228_s1_1_1_5.tif,DSC_9228_s1_1_1_5.tif,5
test,DSC_2394_1_1_3.tif,DSC_2394_1_1_3.tif,0
test,_DSC0138_2_3_4.tif,_DSC0138_2_3_4.tif,6
test,_DSC8785_1_4_4.tif,_DSC8785_1_4_4.tif,1
test,DSC_0217_3_1_2.tif,DSC_0217_3_1_2.tif,2
test,DSC_6340_2_2_2.tif,DSC_6340_2_2_2.tif,5
test,_DSC3040_2_1_2.tif,_DSC3040_2_1_2.tif,3
test,_DSC1160_2_1_2.tif,_DSC1160_2_1_2.tif,1
test,DSC_1592_1_4_2.tif,DSC_1592_1_4_2.tif,4
test,_DSC3535_2_1_1.tif,_DSC3535_2_1_1.tif,5
test,_DSC1804_2_4_7.tif,_DSC1804_2_4_7.tif,6
test,_DSC3536_2_1_6.tif,_DSC3536_2_1_6.tif,4
test,DSC_0212_1_1_2.tif,DSC_0212_1_1_2.tif,4
test,_DSC7360_2_4_1.tif,_DSC7360_2_4_1.tif,4
test,DSC_1348_2_2_4.tif,DSC_1348_2_2_4.tif,5
test,DSC_1556_1_3_6.tif,DSC_1556_1_3_6.tif,3
test,_DSC1805_3_3_2.tif,_DSC1805_3_3_2.tif,2
test,DSC_0806_2_2_4.tif,DSC_0806_2_2_4.tif,2
test,_DSC9858_1_4_7.tif,_DSC9858_1_4_7.tif,5
test,_DSC8103_3_3_4.tif,_DSC8103_3_3_4.tif,5
test,DSC_4392_1_3_6.tif,DSC_4392_1_3_6.tif,4
test,DSC_9242_1_3_2.tif,DSC_9242_1_3_2.tif,1
test,DSC_2828_1_1_1.tif,DSC_2828_1_1_1.tif,3
test,_DSC3040_2_2_3.tif,_DSC3040_2_2_3.tif,1
test,DSC_7708_3_1_4.tif,DSC_7708_3_1_4.tif,2
test,DSC_7709_2_1_4.tif,DSC_7709_2_1_4.tif,0
test,_DSC0767_2_3_2.tif,_DSC0767_2_3_2.tif,4
test,_DSC0175_3_2_1.tif,_DSC0175_3_2_1.tif,0
test,DSC_7709_2_3_3.tif,DSC_7709_2_3_3.tif,0
test,_DSC1804_2_4_5.tif,_DSC1804_2_4_5.tif,5
test,DSC_1558_1_4_5.tif,DSC_1558_1_4_5.tif,1
test,DSC_2397_3_1_4.tif,DSC_2397_3_1_4.tif,3
test,DSC_0216_3_1_1.tif,DSC_0216_3_1_1.tif,3
test,_DSC9261_2_2_4.tif,_DSC9261_2_2_4.tif,4
test,DSC_1346_1_1_5.tif,DSC_1346_1_1_5.tif,6
test,_DSC1647_1_1_5.tif,_DSC1647_1_1_5.tif,4
test,DSC_1558_2_5_3.tif,DSC_1558_2_5_3.tif,3
test,DSC_0218_1_3_2.tif,DSC_0218_1_3_2.tif,3
test,DSC_4389_3_1_2.tif,DSC_4389_3_1_2.tif,2
test,_DSC8787_1_2_6.tif,_DSC8787_1_2_6.tif,5
test,_DSC0769_2_1_3.tif,_DSC0769_2_1_3.tif,1
test,_DSC0769_1_2_6.tif,_DSC0769_1_2_6.tif,2
test,DSC_4545_2_2_6.tif,DSC_4545_2_2_6.tif,3
test,DSC_4545_3_3_3.tif,DSC_4545_3_3_3.tif,5
test,DSC_7708_1_2_3.tif,DSC_7708_1_2_3.tif,0
test,_DSC0023_1_2_1.tif,_DSC0023_1_2_1.tif,3
test,DSC_7588_2_3_6.tif,DSC_7588_2_3_6.tif,1
test,DSC_2453_2_2_2.tif,DSC_2453_2_2_2.tif,6
test,DSC_8268_3_1_2.tif,DSC_8268_3_1_2.tif,6
test,DSC_1349_3_1_1.tif,DSC_1349_3_1_1.tif,1
test,DSC_6337_2_2_1.tif,DSC_6337_2_2_1.tif,0
test,DSC_1175_3_3_6.tif,DSC_1175_3_3_6.tif,0
test,_DSC7621_1_3_1.tif,_DSC7621_1_3_1.tif,6
test,_DSC1805_1_4_4.tif,_DSC1805_1_4_4.tif,5
test,DSC_4547_3_1_4.tif,DSC_4547_3_1_4.tif,2
test,_DSC3535_2_1_5.tif,_DSC3535_2_1_5.tif,1
test,_DSC0175_1_6_3.tif,_DSC0175_1_6_3.tif,5
test,DSC_4543_2_2_3.tif,DSC_4543_2_2_3.tif,0
test,DSC_2395_1_3_5.tif,DSC_2395_1_3_5.tif,0
test,_DSC1017_3_3_6.tif,_DSC1017_3_3_6.tif,1
test,DSC_4540_2_2_6.tif,DSC_4540_2_2_6.tif,3
test,DSC_8267_1_3_6.tif,DSC_8267_1_3_6.tif,6
test,DSC_2868_1_1_4.tif,DSC_2868_1_1_4.tif,1
test,DSC_6618_3_1_5.tif,DSC_6618_3_1_5.tif,2
test,DSC_0111_2_2_4.tif,DSC_0111_2_2_4.tif,1
test,_DSC0138_2_4_7.tif,_DSC0138_2_4_7.tif,0
test,_DSC0170_3_3_1.tif,_DSC0170_3_3_1.tif,4
test,DSC_9227_s2_3_1_3.tif,DSC_9227_s2_3_1_3.tif,3
test,_DSC8786_2_4_7.tif,_DSC8786_2_4_7.tif,5
test,_DSC0770_3_3_6.tif,_DSC0770_3_3_6.tif,2
test,DSC_4541_3_1_3.tif,DSC_4541_3_1_3.tif,0
test,_DSC1016_3_1_1.tif,_DSC1016_3_1_1.tif,5
test,DSC_3617_1_2_2.tif,DSC_3617_1_2_2.tif,2
test,DSC_0216_3_3_3.tif,DSC_0216_3_3_3.tif,3
test,_DSC9859_1_2_4.tif,_DSC9859_1_2_4.tif,3
test,_DSC9259_3_2_1.tif,_DSC9259_3_2_1.tif,1
test,DSC_9232_2_2_2.tif,DSC_9232_2_2_2.tif,5
test,DSC_0108_1_3_5.tif,DSC_0108_1_3_5.tif,3
test,_DSC9260_2_1_3.tif,_DSC9260_2_1_3.tif,2
test,_DSC1647_3_3_6.tif,_DSC1647_3_3_6.tif,5
test,_DSC1804_3_2_2.tif,_DSC1804_3_2_2.tif,4
test,DSC_0807_1_1_1.tif,DSC_0807_1_1_1.tif,6
test,_DSC1014_1_3_5.tif,_DSC1014_1_3_5.tif,6
test,_DSC0768_3_3_2.tif,_DSC0768_3_3_2.tif,3
test,DSC_7710_1_2_2.tif,DSC_7710_1_2_2.tif,4
test,DSC_8534_2_3_3.tif,DSC_8534_2_3_3.tif,4
test,_DSC1805_3_3_5.tif,_DSC1805_3_3_5.tif,6
test,_DSC8786_1_4_7.tif,_DSC8786_1_4_7.tif,2
test,_DSC8786_2_3_5.tif,_DSC8786_2_3_5.tif,0
test,DSC_7492_2_3_4.tif,DSC_7492_2_3_4.tif,5
test,DSC_4391_2_2_2.tif,DSC_4391_2_2_2.tif,4
test,DSC_4540_1_3_6.tif,DSC_4540_1_3_6.tif,3
test,_DSC9259_2_1_3.tif,_DSC9259_2_1_3.tif,2
test,_DSC0175_2_2_8.tif,_DSC0175_2_2_8.tif,4
test,DSC_1593_2_4_3.tif,DSC_1593_2_4_3.tif,2
test,_DSC1804_1_4_1.tif,_DSC1804_1_4_1.tif,6
test,DSC_8268_3_1_1.tif,DSC_8268_3_1_1.tif,6
test,DSC_5087_2_3_1.tif,DSC_5087_2_3_1.tif,5
test,DSC_4391_2_2_1.tif,DSC_4391_2_2_1.tif,4
test,DSC_8265_1_1_4.tif,DSC_8265_1_1_4.tif,5
test,_DSC9260_1_2_2.tif,_DSC9260_1_2_2.tif,0
test,_DSC9260_3_1_3.tif,_DSC9260_3_1_3.tif,2
test,DSC_3618_2_3_1.tif,DSC_3618_2_3_1.tif,4
test,DSC_1345_3_3_4.tif,DSC_1345_3_3_4.tif,4
test,DSC_3611_2_1_4.tif,DSC_3611_2_1_4.tif,2
test,_DSC7360_1_1_5.tif,_DSC7360_1_1_5.tif,5
test,DSC_0207_1_3_4.tif,DSC_0207_1_3_4.tif,6
test,DSC_7713_1_2_5.tif,DSC_7713_1_2_5.tif,2
test,_DSC8786_1_1_6.tif,_DSC8786_1_1_6.tif,1
test,_DSC0175_2_3_4.tif,_DSC0175_2_3_4.tif,0
test,DSC_8267_3_3_1.tif,DSC_8267_3_3_1.tif,1
test,_DSC9261_1_3_4.tif,_DSC9261_1_3_4.tif,5
test,DSC_1556_1_3_3.tif,DSC_1556_1_3_3.tif,2
test,DSC_9227_s2_2_2_1.tif,DSC_9227_s2_2_2_1.tif,6
test,DSC_2451_2_2_3.tif,DSC_2451_2_2_3.tif,3
test,DSC_7585_1_2_5.tif,DSC_7585_1_2_5.tif,3
test,DSC_1350_3_1_1.tif,DSC_1350_3_1_1.tif,6
test,DSC_8270_1_1_3.tif,DSC_8270_1_1_3.tif,5
test,DSC_7586_3_3_4.tif,DSC_7586_3_3_4.tif,1
test,DSC_4543_1_1_5.tif,DSC_4543_1_1_5.tif,4
test,_DSC1648_2_2_5.tif,_DSC1648_2_2_5.tif,1
test,DSC_8267_3_1_4.tif,DSC_8267_3_1_4.tif,5
test,_DSC9859_2_2_4.tif,_DSC9859_2_2_4.tif,3
test,_DSC1646_1_4_7.tif,_DSC1646_1_4_7.tif,0
test,DSC_7490_2_1_4.tif,DSC_7490_2_1_4.tif,0
test,DSC_1593_2_1_1.tif,DSC_1593_2_1_1.tif,0
test,DSC_5088_3_1_2.tif,DSC_5088_3_1_2.tif,3
test,_DSC1648_3_3_5.tif,_DSC1648_3_3_5.tif,3
test,DSC_4394_1_3_6.tif,DSC_4394_1_3_6.tif,5
test,_DSC2691_1_1_2.tif,_DSC2691_1_1_2.tif,2
test,DSC_1556_2_3_2.tif,DSC_1556_2_3_2.tif,4
test,_DSC3041_2_1_4.tif,_DSC3041_2_1_4.tif,1
test,DSC_0103_3_3_2.tif,DSC_0103_3_3_2.tif,2
test,DSC_9238_1_1_1.tif,DSC_9238_1_1_1.tif,4
test,DSC_8266_3_1_1.tif,DSC_8266_3_1_1.tif,4
test,_DSC3537_1_2_6.tif,_DSC3537_1_2_6.tif,5
test,_DSC9857_1_2_1.tif,_DSC9857_1_2_1.tif,0
test,DSC_7585_1_2_3.tif,DSC_7585_1_2_3.tif,2
test,_DSC1804_2_3_5.tif,_DSC1804_2_3_5.tif,5
test,DSC_1592_2_5_3.tif,DSC_1592_2_5_3.tif,3
test,DSC_1592_2_1_1.tif,DSC_1592_2_1_1.tif,0
test,_DSC1805_3_4_8.tif,_DSC1805_3_4_8.tif,6
test,_DSC9854_1_4_5.tif,_DSC9854_1_4_5.tif,3
test,DSC_0215_3_3_4.tif,DSC_0215_3_3_4.tif,4
test,_DSC1646_4_3_1.tif,_DSC1646_4_3_1.tif,0
test,_DSC1805_3_1_7.tif,_DSC1805_3_1_7.tif,6
test,DSC_6340_1_3_1.tif,DSC_6340_1_3_1.tif,6
test,DSC_0104_3_1_2.tif,DSC_0104_3_1_2.tif,2
test,_DSC1648_1_3_8.tif,_DSC1648_1_3_8.tif,4
test,DSC_9232_3_3_4.tif,DSC_9232_3_3_4.tif,6
test,DSC_7489_3_3_6.tif,DSC_7489_3_3_6.tif,2
test,DSC_1592_2_2_1.tif,DSC_1592_2_2_1.tif,3
test,_DSC0170_2_1_5.tif,_DSC0170_2_1_5.tif,2
test,DSC_4540_2_2_4.tif,DSC_4540_2_2_4.tif,0
test,_DSC2690_1_3_4.tif,_DSC2690_1_3_4.tif,1
test,_DSC8787_2_1_8.tif,_DSC8787_2_1_8.tif,3
test,_DSC1014_2_2_4.tif,_DSC1014_2_2_4.tif,5
test,_DSC1647_2_4_2.tif,_DSC1647_2_4_2.tif,4
test,DSC_9232_3_1_2.tif,DSC_9232_3_1_2.tif,5
test,_DSC8788_1_4_4.tif,_DSC8788_1_4_4.tif,0
test,_DSC1015_1_1_2.tif,_DSC1015_1_1_2.tif,6
test,_DSC8103_1_3_2.tif,_DSC8103_1_3_2.tif,4
test,_DSC1804_1_1_2.tif,_DSC1804_1_1_2.tif,6
test,DSC_4545_2_2_4.tif,DSC_4545_2_2_4.tif,0
test,DSC_8268_3_3_5.tif,DSC_8268_3_3_5.tif,5
test,DSC_0113_1_1_1.tif,DSC_0113_1_1_1.tif,0
test,DSC_1593_1_2_5.tif,DSC_1593_1_2_5.tif,2
test,DSC_7811_2_2_1.tif,DSC_7811_2_2_1.tif,0
test,_DSC1804_2_3_1.tif,_DSC1804_2_3_1.tif,5
test,_DSC0024_2_2_7.tif,_DSC0024_2_2_7.tif,3
test,_DSC9858_1_3_3.tif,_DSC9858_1_3_3.tif,5
test,_DSC1333_3_1_5.tif,_DSC1333_3_1_5.tif,6
test,_DSC3536_2_1_5.tif,_DSC3536_2_1_5.tif,3
test,DSC_0112_1_1_4.tif,DSC_0112_1_1_4.tif,1
test,DSC_3613_1_2_3.tif,DSC_3613_1_2_3.tif,4
test,_DSC3537_1_2_1.tif,_DSC3537_1_2_1.tif,3
test,DSC_4390_2_2_4.tif,DSC_4390_2_2_4.tif,2
test,_DSC0170_1_3_1.tif,_DSC0170_1_3_1.tif,6
test,DSC_4390_2_2_1.tif,DSC_4390_2_2_1.tif,0
test,_DSC1805_3_2_1.tif,_DSC1805_3_2_1.tif,1
test,DSC_1348_1_3_1.tif,DSC_1348_1_3_1.tif,6
test,_DSC3040_1_1_4.tif,_DSC3040_1_1_4.tif,1
test,DSC_0112_3_1_3.tif,DSC_0112_3_1_3.tif,1
test,DSC_1347_1_3_5.tif,DSC_1347_1_3_5.tif,5
test,DSC_7493_1_2_1.tif,DSC_7493_1_2_1.tif,3
test,_DSC1648_2_3_8.tif,_DSC1648_2_3_8.tif,0
test,DSC_7709_1_2_6.tif,DSC_7709_1_2_6.tif,2
test,DSC_4392_1_3_1.tif,DSC_4392_1_3_1.tif,6
test,_DSC1648_4_3_7.tif,_DSC1648_4_3_7.tif,4
test,DSC_9228_s1_3_3_5.tif,DSC_9228_s1_3_3_5.tif,3
test,_DSC0024_1_1_1.tif,_DSC0024_1_1_1.tif,0
test,DSC_7711_3_3_3.tif,DSC_7711_3_3_3.tif,6
test,_DSC9854_1_4_2.tif,_DSC9854_1_4_2.tif,2
test,DSC_9239_3_3_1.tif,DSC_9239_3_3_1.tif,1
test,DSC_4388_1_3_6.tif,DSC_4388_1_3_6.tif,5
test,DSC_4542_1_1_1.tif,DSC_4542_1_1_1.tif,4
test,DSC_4545_1_3_1.tif,DSC_4545_1_3_1.tif,4
test,DSC_4393_3_1_4.tif,DSC_4393_3_1_4.tif,0
test,DSC_7710_1_2_6.tif,DSC_7710_1_2_6.tif,5
test,DSC_0804_1_3_1.tif,DSC_0804_1_3_1.tif,6
test,_DSC1805_4_4_7.tif,_DSC1805_4_4_7.tif,6
test,_DSC0175_3_4_8.tif,_DSC0175_3_4_8.tif,4
test,_DSC1646_2_3_5.tif,_DSC1646_2_3_5.tif,0
test,DSC_0216_3_3_1.tif,DSC_0216_3_3_1.tif,1
test,DSC_0109_3_3_6.tif,DSC_0109_3_3_6.tif,2
test,_DSC1805_4_3_7.tif,_DSC1805_4_3_7.tif,6
test,DSC_7491_3_3_1.tif,DSC_7491_3_3_1.tif,5
test,_DSC7624_2_2_2.tif,_DSC7624_2_2_2.tif,6
test,_DSC7360_2_3_1.tif,_DSC7360_2_3_1.tif,4
test,DSC_1593_1_4_2.tif,DSC_1593_1_4_2.tif,3
test,DSC_2869_3_3_2.tif,DSC_2869_3_3_2.tif,0
test,_DSC3537_3_3_6.tif,_DSC3537_3_3_6.tif,4
test,DSC_6619_1_1_1.tif,DSC_6619_1_1_1.tif,4
test,_DSC8785_1_2_2.tif,_DSC8785_1_2_2.tif,2
test,DSC_5087_1_2_3.tif,DSC_5087_1_2_3.tif,1
test,_DSC2690_3_1_4.tif,_DSC2690_3_1_4.tif,0
test,_DSC3538_3_1_4.tif,_DSC3538_3_1_4.tif,1
test,_DSC9854_1_1_4.tif,_DSC9854_1_1_4.tif,1
test,DSC_0804_1_3_6.tif,DSC_0804_1_3_6.tif,4
test,DSC_7587_3_3_3.tif,DSC_7587_3_3_3.tif,0
test,DSC_0804_1_1_5.tif,DSC_0804_1_1_5.tif,5
test,DSC_9237_3_3_2.tif,DSC_9237_3_3_2.tif,2
test,_DSC9260_2_1_4.tif,_DSC9260_2_1_4.tif,1
test,DSC_1173_3_1_4.tif,DSC_1173_3_1_4.tif,6
test,_DSC1647_1_3_2.tif,_DSC1647_1_3_2.tif,5
test,DSC_1558_1_2_3.tif,DSC_1558_1_2_3.tif,0
test,_DSC0770_2_1_5.tif,_DSC0770_2_1_5.tif,2
test,_DSC9854_2_3_4.tif,_DSC9854_2_3_4.tif,3
test,DSC_2451_3_1_3.tif,DSC_2451_3_1_3.tif,6
test,_DSC8787_1_4_8.tif,_DSC8787_1_4_8.tif,3
test,DSC_9242_3_1_6.tif,DSC_9242_3_1_6.tif,6
test,DSC_2397_3_3_4.tif,DSC_2397_3_3_4.tif,5
test,DSC_5086_2_3_5.tif,DSC_5086_2_3_5.tif,1
test,_DSC8786_2_2_5.tif,_DSC8786_2_2_5.tif,1
test,_DSC9854_2_1_2.tif,_DSC9854_2_1_2.tif,3
test,_DSC9858_2_4_3.tif,_DSC9858_2_4_3.tif,4
test,_DSC1805_3_2_4.tif,_DSC1805_3_2_4.tif,6
test,DSC_7586_3_3_5.tif,DSC_7586_3_3_5.tif,4
test,DSC_0216_3_3_5.tif,DSC_0216_3_3_5.tif,3
test,DSC_1592_1_1_1.tif,DSC_1592_1_1_1.tif,1
test,_DSC1647_2_3_1.tif,_DSC1647_2_3_1.tif,1
test,DSC_6338_3_3_6.tif,DSC_6338_3_3_6.tif,5
test,_DSC9859_1_2_7.tif,_DSC9859_1_2_7.tif,5
test,_DSC7623_3_3_6.tif,_DSC7623_3_3_6.tif,0
test,_DSC0170_1_1_7.tif,_DSC0170_1_1_7.tif,3
test,DSC_2452_3_1_3.tif,DSC_2452_3_1_3.tif,6
test,DSC_7492_3_3_3.tif,DSC_7492_3_3_3.tif,4
test,_DSC1804_4_2_2.tif,_DSC1804_4_2_2.tif,5
test,DSC_3618_2_3_3.tif,DSC_3618_2_3_3.tif,3
test,DSC_4547_1_3_3.tif,DSC_4547_1_3_3.tif,2
test,DSC_1177_2_2_4.tif,DSC_1177_2_2_4.tif,3
test,DSC_1174_1_1_4.tif,DSC_1174_1_1_4.tif,2
test,DSC_0210_1_3_1.tif,DSC_0210_1_3_1.tif,1
test,_DSC1014_3_1_6.tif,_DSC1014_3_1_6.tif,4
test,_DSC3535_3_3_4.tif,_DSC3535_3_3_4.tif,2
test,DSC_7711_3_3_1.tif,DSC_7711_3_3_1.tif,6
test,_DSC1648_4_2_3.tif,_DSC1648_4_2_3.tif,0
test,_DSC1015_3_3_2.tif,_DSC1015_3_3_2.tif,4
test,DSC_2868_1_1_2.tif,DSC_2868_1_1_2.tif,1
test,_DSC9854_2_4_2.tif,_DSC9854_2_4_2.tif,2
test,DSC_8263_3_1_4.tif,DSC_8263_3_1_4.tif,6
test,_DSC3538_1_2_3.tif,_DSC3538_1_2_3.tif,2
