Basename,MaxRow,MaxCol,Row,Col,Pos,Scorer1,Score1,X1_1,X2_1,Y1_1,Y2_1,Scorer2,Score2,X1_2,X2_2,Y1_2,Y2_2,Scorer3,Score3,X1_3,X2_3,Y1_3,Y2_3
DSC_0103.TIF,3,3,1,1,1,4,2,654,888,654,888,6,3,655,893,650,888,3,3,639,893,618,872
DSC_0103.TIF,3,3,1,1,2,4,4,542,834,888,1180,6,4,546,808,888,1150,3,4,562,816,878,1132
DSC_0103.TIF,3,3,1,1,3,4,3,411,701,1152,1442,6,3,370,702,1121,1453,3,3,398,728,1096,1426
DSC_0103.TIF,3,3,1,1,5,4,3,900,1174,892,1166,6,3,922,1168,887,1133,3,3,914,1216,882,1184
DSC_0103.TIF,3,3,1,3,1,4,2,2298,2534,764,1000,6,4,2287,2549,756,1018,3,2,2262,2536,738,1012
DSC_0103.TIF,3,3,1,3,4,4,5,2532,2816,1409,1693,6,5,2546,2808,1432,1694,3,4,2536,2922,1359,1745
DSC_0103.TIF,3,3,1,3,5,4,5,2583,2863,1100,1380,6,5,2590,2880,1123,1413,3,5,2612,2942,1121,1451
DSC_0103.TIF,3,3,1,3,6,4,6,2566,2820,798,1052,6,5,2546,2852,756,1062,3,4,2571,2845,788,1062
DSC_0103.TIF,3,3,2,2,1,4,2,1300,1552,1689,1941,6,3,1308,1562,1708,1962,3,3,1306,1594,1682,1970
DSC_0103.TIF,3,3,2,2,2,4,2,1229,1511,1980,2262,6,3,1234,1514,1976,2256,3,3,1258,1566,1991,2299
DSC_0103.TIF,3,3,2,2,3,4,2,1174,1434,2338,2598,6,4,1168,1448,2340,2620,3,4,1180,1524,2321,2665
DSC_0103.TIF,3,3,2,2,4,4,1,1756,2002,2310,2556,6,2,1764,2036,2282,2554,3,1,1774,2034,2324,2584
DSC_0103.TIF,3,3,3,1,1,4,1,660,872,3075,3287,6,3,676,888,3080,3292,3,3,643,895,3048,3300
DSC_0103.TIF,3,3,3,1,4,4,3,994,1262,3616,3884,6,4,1002,1274,3603,3875,3,3,1011,1299,3610,3898
DSC_0103.TIF,3,3,3,1,5,4,3,962,1216,3286,3540,6,4,954,1234,3274,3554,3,4,970,1250,3290,3570
DSC_0103.TIF,3,3,3,1,6,4,2,897,1149,3006,3258,6,4,888,1142,2994,3248,3,4,910,1156,3040,3286
DSC_0103.TIF,3,3,3,3,2,4,2,1956,2216,3336,3596,6,3,1953,2217,3344,3608,3,2,1960,2240,3333,3613
DSC_0103.TIF,3,3,3,3,4,4,3,2536,2794,3670,3928,6,4,2494,2800,3634,3940,3,3,2500,2802,3652,3954
DSC_0103.TIF,3,3,3,3,5,4,4,2480,2710,3358,3588,6,5,2432,2748,3323,3639,3,6,2416,2752,3322,3658
DSC_0103.TIF,3,3,3,3,6,4,3,2310,2598,3012,3300,6,4,2310,2634,2976,3300,3,4,2360,2648,3030,3318
DSC_0104.TIF,3,3,1,1,2,2,1,136,490,578,932,10,1,170,478,616,924,9,1,192,428,656,892
DSC_0104.TIF,3,3,1,1,4,2,2,700,1004,911,1215,10,4,710,1012,914,1216,9,2,720,976,926,1182
DSC_0104.TIF,3,3,1,1,5,2,2,768,1080,620,932,10,4,794,1062,646,914,9,2,812,1058,676,922
DSC_0104.TIF,3,3,1,1,6,2,1,616,944,322,650,10,4,619,921,316,618,9,2,636,910,342,616
DSC_0104.TIF,3,3,1,3,1,2,4,2064,2326,295,557,10,5,2096,2342,310,556,9,3,2094,2320,319,545
DSC_0104.TIF,3,3,1,3,2,2,4,1993,2263,582,852,10,5,1988,2276,576,864,9,4,2005,2251,594,840
DSC_0104.TIF,3,3,1,3,3,2,3,1841,2153,844,1156,10,3,1834,2164,816,1146,9,3,1887,2141,888,1142
DSC_0104.TIF,3,3,1,3,4,2,2,2440,2760,886,1206,10,1,2444,2766,872,1194,9,2,2456,2748,902,1194
DSC_0104.TIF,3,3,2,2,1,2,2,1126,1394,1796,2064,10,1,1146,1404,1806,2064,9,2,1157,1375,1820,2038
DSC_0104.TIF,3,3,2,2,2,2,4,1041,1395,2074,2428,10,2,1040,1384,2054,2398,9,2,1082,1338,2116,2372
DSC_0104.TIF,3,3,2,2,3,2,4,1028,1348,2440,2760,10,3,1033,1341,2430,2738,9,3,1068,1314,2492,2738
DSC_0104.TIF,3,3,2,2,4,2,3,1508,1820,2393,2705,10,2,1532,1854,2388,2710,9,3,1560,1806,2418,2664
DSC_0104.TIF,3,3,3,1,2,2,3,246,556,3207,3517,10,2,288,548,3244,3504,9,1,293,531,3248,3486
DSC_0104.TIF,3,3,3,1,4,2,4,692,1004,3598,3910,10,4,702,1018,3606,3922,9,4,725,971,3624,3870
DSC_0104.TIF,3,3,3,1,5,2,4,810,1096,3320,3606,10,4,808,1090,3321,3603,9,4,831,1077,3342,3588
DSC_0104.TIF,3,3,3,1,6,2,3,718,1028,3026,3336,10,3,702,1012,3030,3340,9,3,753,985,3082,3314
DSC_0104.TIF,3,3,3,3,1,2,3,1925,2187,3058,3320,10,3,1967,2191,3104,3328,9,4,1975,2193,3100,3318
DSC_0104.TIF,3,3,3,3,2,2,4,1872,2174,3312,3614,10,4,1890,2184,3325,3619,9,4,1894,2172,3300,3578
DSC_0104.TIF,3,3,3,3,3,2,4,1812,2140,3569,3897,10,4,1848,2142,3588,3882,9,4,1838,2130,3590,3882
DSC_0104.TIF,3,3,3,3,4,2,4,2330,2616,3582,3868,10,4,2332,2604,3582,3854,9,4,2354,2614,3592,3852
DSC_0105.TIF,3,3,1,1,3,4,0,444,738,1090,1384,6,0,448,808,1067,1427,3,0,411,763,1046,1398
DSC_0105.TIF,3,3,1,1,4,4,0,1089,1369,942,1222,6,0,1059,1427,940,1308,3,0,1076,1398,928,1250
DSC_0105.TIF,3,3,1,3,2,4,0,2037,2359,612,934,6,0,2027,2405,598,976,3,0,2044,2374,615,945
DSC_0105.TIF,3,3,1,3,5,4,0,2578,2900,654,976,6,0,2599,2941,660,1002,3,0,2598,2956,622,980
DSC_0105.TIF,3,3,2,2,1,4,0,1356,1616,1422,1682,6,0,1366,1672,1388,1694,3,0,1366,1662,1404,1700
DSC_0105.TIF,3,3,2,2,6,4,0,1721,1973,1398,1650,6,0,1681,1989,1378,1686,3,0,1672,1938,1356,1622
DSC_0105.TIF,3,3,3,1,2,4,1,486,788,3241,3543,6,1,430,782,3239,3591,3,1,464,794,3220,3550
DSC_0105.TIF,3,3,3,1,5,4,0,903,1205,3230,3532,6,0,935,1225,3274,3564,3,0,899,1223,3230,3554
DSC_0105.TIF,3,3,3,3,1,4,0,2254,2522,2981,3249,6,0,2239,2581,2906,3248,3,0,2272,2546,2964,3238
DSC_0105.TIF,3,3,3,3,6,4,0,2578,2830,2936,3188,6,0,2594,2858,2932,3196,3,0,2567,2849,2928,3210
DSC_0106.TIF,3,3,1,1,3,6,0,414,870,953,1409,3,0,464,738,1015,1289,5,,,,,
DSC_0106.TIF,3,3,1,1,4,6,0,1027,1353,878,1204,3,1,1016,1366,844,1194,5,1,1028,1364,886,1222
DSC_0106.TIF,3,3,1,3,1,6,0,2076,2392,230,546,3,0,2113,2381,246,514,5,0,2114,2390,244,520
DSC_0106.TIF,3,3,1,3,6,6,0,2397,2731,132,466,3,0,2430,2718,162,450,5,0,2404,2700,176,472
DSC_0106.TIF,3,3,2,2,1,6,0,1414,1720,1436,1742,3,1,1447,1727,1476,1756,5,1,1426,1728,1476,1778
DSC_0106.TIF,3,3,2,2,6,6,0,1734,2050,1448,1764,3,0,1760,2026,1482,1748,5,0,1732,2054,1453,1775
DSC_0106.TIF,3,3,3,1,2,6,0,396,764,3068,3436,3,0,475,783,3076,3384,5,0,456,764,3098,3406
DSC_0106.TIF,3,3,3,1,4,6,,,,,,3,0,920,1264,3469,3813,5,,,,,
DSC_0106.TIF,3,3,3,1,5,6,0,966,1370,3112,3516,3,0,998,1370,3142,3514,5,0,1014,1390,3130,3506
DSC_0106.TIF,3,3,3,3,3,6,0,1892,2296,3520,3924,3,0,1935,2307,3496,3868,5,0,1936,2298,3519,3881
DSC_0106.TIF,3,3,3,3,4,6,0,2564,2940,3600,3976,3,0,2556,2914,3596,3954,5,0,2554,2910,3608,3964
DSC_0107.TIF,3,3,1,1,2,9,0,322,574,570,822,4,0,294,608,559,873,6,0,282,616,558,892
DSC_0107.TIF,3,3,1,1,4,9,1,944,1222,1016,1294,4,,,,,,6,,,,,
DSC_0107.TIF,3,3,1,1,5,9,,,,,,4,2,879,1183,640,944,6,2,888,1230,624,966
DSC_0107.TIF,3,3,1,3,3,9,1,1998,2284,928,1214,4,1,1976,2304,910,1238,6,1,1966,2336,900,1270
DSC_0107.TIF,3,3,1,3,4,9,1,2684,2928,928,1172,4,1,2638,2918,906,1186,6,1,2616,3038,821,1243
DSC_0107.TIF,3,3,2,2,3,9,0,1147,1483,2268,2604,4,0,1155,1435,2290,2570,6,0,1142,1476,2243,2577
DSC_0107.TIF,3,3,2,2,4,9,1,1783,2061,2182,2460,4,1,1738,2088,2162,2512,6,1,1773,2107,2150,2484
DSC_0107.TIF,3,3,3,1,2,9,0,456,742,3283,3569,4,0,403,721,3256,3574,6,0,426,768,3256,3598
DSC_0107.TIF,3,3,3,1,5,9,0,1114,1366,3186,3438,4,0,1076,1356,3228,3508,6,0,1036,1388,3186,3538
DSC_0107.TIF,3,3,3,3,3,9,0,2005,2317,3488,3800,4,0,1998,2306,3470,3778,6,0,1958,2308,3450,3800
DSC_0107.TIF,3,3,3,3,4,9,0,2554,2908,3451,3805,4,0,2587,2917,3480,3810,6,0,2590,2950,3467,3827
DSC_0108.TIF,3,3,1,1,1,8,0,452,822,220,590,2,0,469,831,220,582,10,0,497,819,240,562
DSC_0108.TIF,3,3,1,1,6,8,1,814,1176,162,524,2,1,830,1134,220,524,10,1,812,1128,176,492
DSC_0108.TIF,3,3,1,3,2,8,0,2026,2524,624,1122,2,0,2040,2478,620,1058,10,0,2026,2482,626,1082
DSC_0108.TIF,3,3,1,3,5,8,2,2662,3050,705,1093,2,4,2693,3047,726,1080,10,3,2693,3043,718,1068
DSC_0108.TIF,3,3,2,2,1,8,0,1290,1610,1534,1854,2,,,,,,10,0,1268,1584,1510,1826
DSC_0108.TIF,3,3,2,2,2,8,2,1188,1542,1837,2191,2,4,1201,1547,1854,2200,10,4,1191,1549,1840,2198
DSC_0108.TIF,3,3,2,2,3,8,0,1180,1552,2229,2601,2,,,,,,10,,,,,
DSC_0108.TIF,3,3,2,2,5,8,0,1660,2116,1811,2267,2,0,1736,2074,1866,2204,10,1,1739,2075,1876,2212
DSC_0108.TIF,3,3,3,1,3,8,1,338,860,3577,4099,2,1,383,789,3614,4020,10,1,388,808,3589,4009
DSC_0108.TIF,3,3,3,1,4,8,1,1025,1421,3556,3952,2,0,1004,1390,3578,3964,10,0,1032,1412,3574,3954
DSC_0108.TIF,3,3,3,3,2,8,0,1904,2276,3299,3671,2,0,1910,2238,3320,3648,10,0,1946,2248,3322,3624
DSC_0108.TIF,3,3,3,3,5,8,0,2436,2856,3291,3711,2,0,2516,2844,3346,3674,10,0,2528,2866,3317,3655
DSC_0109.TIF,3,3,1,1,3,3,5,342,628,1104,1390,5,6,336,640,1106,1410,8,5,322,632,1110,1420
DSC_0109.TIF,3,3,1,1,4,3,4,858,1166,1142,1450,5,5,818,1172,1137,1491,8,5,886,1146,1155,1415
DSC_0109.TIF,3,3,1,1,5,3,3,858,1160,784,1086,5,,,,,,8,,,,,
DSC_0109.TIF,3,3,1,3,1,3,2,2192,2494,366,668,5,4,2186,2462,396,672,8,3,2174,2502,338,666
DSC_0109.TIF,3,3,1,3,6,3,3,2511,2791,380,660,5,4,2493,2789,370,666,8,3,2482,2802,364,684
DSC_0109.TIF,3,3,2,2,2,3,3,1201,1511,1896,2206,5,4,1226,1522,1913,2209,8,2,1202,1538,1872,2208
DSC_0109.TIF,3,3,2,2,5,3,5,1857,2125,1748,2016,5,6,1824,2128,1718,2022,8,5,1796,2116,1711,2031
DSC_0109.TIF,3,3,3,1,3,3,3,474,784,3672,3982,5,4,416,798,3673,4055,8,3,460,788,3674,4002
DSC_0109.TIF,3,3,3,1,4,3,1,1135,1493,3496,3854,5,3,1120,1474,3536,3890,8,2,1164,1492,3560,3888
DSC_0109.TIF,3,3,3,3,1,3,1,2191,2443,3006,3258,5,2,2114,2450,2920,3256,8,1,2166,2436,2979,3249
DSC_0109.TIF,3,3,3,3,6,3,2,2475,2805,2928,3258,5,3,2495,2765,2982,3252,8,1,2511,2763,2950,3202
DSC_0110.TIF,3,3,1,1,3,9,4,363,641,1096,1374,4,3,352,602,1106,1356,6,5,316,650,1058,1392
DSC_0110.TIF,3,3,1,1,4,9,3,916,1210,1038,1332,4,2,924,1172,1049,1297,6,4,896,1204,1036,1344
DSC_0110.TIF,3,3,1,3,2,9,5,1990,2276,793,1079,4,3,2010,2242,809,1041,6,5,1976,2274,791,1089
DSC_0110.TIF,3,3,1,3,5,9,5,2502,2814,696,1008,4,3,2531,2811,702,982,6,5,2514,2840,702,1028
DSC_0110.TIF,3,3,2,2,2,9,3,1164,1500,1775,2111,4,2,1204,1470,1816,2082,6,4,1160,1510,1783,2133
DSC_0110.TIF,3,3,2,2,5,9,2,1702,1998,1798,2094,4,1,1716,1976,1833,2093,6,2,1699,1997,1800,2098
DSC_0110.TIF,3,3,3,1,1,9,2,599,877,2814,3092,4,0,622,858,2854,3090,6,2,572,888,2814,3130
DSC_0110.TIF,3,3,3,1,6,9,2,852,1172,2861,3181,4,1,882,1142,2877,3137,6,2,861,1177,2852,3168
DSC_0110.TIF,3,3,3,3,2,9,3,1942,2246,3336,3640,4,1,1941,2235,3322,3616,6,2,1922,2230,3309,3617
DSC_0110.TIF,3,3,3,3,5,9,4,2520,2866,3370,3716,4,1,2574,2848,3418,3692,6,2,2484,2844,3362,3722
DSC_0111.TIF,3,3,1,1,2,8,2,296,608,674,986,2,2,309,611,684,986,10,1,303,625,682,1004
DSC_0111.TIF,3,3,1,1,4,8,2,895,1189,1038,1332,2,2,848,1252,996,1400,10,1,882,1240,1012,1370
DSC_0111.TIF,3,3,1,1,5,8,4,987,1257,750,1020,2,4,961,1265,734,1038,10,3,945,1283,702,1040
DSC_0111.TIF,3,3,1,1,6,8,2,826,1164,430,768,2,2,806,1150,440,784,10,2,819,1121,450,752
DSC_0111.TIF,3,3,1,3,1,8,1,2125,2385,482,742,2,1,2090,2360,485,755,10,0,2121,2361,492,732
DSC_0111.TIF,3,3,1,3,2,8,1,2001,2305,776,1080,2,1,1972,2318,750,1096,10,0,2002,2276,784,1058
DSC_0111.TIF,3,3,1,3,3,8,5,1964,2250,1092,1378,2,5,1938,2242,1100,1404,10,3,1938,2254,1068,1384
DSC_0111.TIF,3,3,1,3,4,8,,,,,,2,3,2418,2722,1134,1438,10,1,2402,2752,1093,1443
DSC_0111.TIF,3,3,2,2,1,8,3,1231,1517,1838,2124,2,3,1240,1508,1868,2136,10,1,1240,1528,1834,2122
DSC_0111.TIF,3,3,2,2,2,8,2,1139,1501,2090,2452,2,2,1139,1475,2124,2460,10,1,1145,1461,2114,2430
DSC_0111.TIF,3,3,2,2,3,8,3,1109,1463,2376,2730,2,4,1070,1442,2388,2760,10,2,1090,1420,2391,2721
DSC_0111.TIF,3,3,2,2,4,8,3,1602,2014,2330,2742,2,1,1682,1994,2402,2714,10,1,1686,2008,2399,2721
DSC_0111.TIF,3,3,3,1,2,8,,,,,,2,0,448,784,3266,3602,10,0,436,794,3245,3603
DSC_0111.TIF,3,3,3,1,4,8,2,1038,1424,3649,4035,2,1,1012,1400,3644,4032,10,1,1058,1402,3652,3996
DSC_0111.TIF,3,3,3,1,5,8,3,1020,1374,3341,3695,2,3,1028,1358,3341,3671,10,2,1057,1353,3328,3624
DSC_0111.TIF,3,3,3,1,6,8,1,952,1180,3063,3291,2,0,906,1236,3016,3346,10,0,914,1174,3040,3300
DSC_0111.TIF,3,3,3,3,1,8,1,2150,2436,3182,3468,2,0,2106,2418,3151,3463,10,0,2142,2422,3157,3437
DSC_0111.TIF,3,3,3,3,2,8,1,1994,2330,3464,3800,2,1,1968,2314,3446,3792,10,1,1980,2310,3444,3774
DSC_0111.TIF,3,3,3,3,3,8,3,1905,2191,3826,4112,2,2,1916,2246,3808,4138,10,1,1960,2276,3823,4139
DSC_0111.TIF,3,3,3,3,4,8,0,2502,2916,3733,4147,2,1,2503,2917,3732,4146,10,0,2511,2877,3756,4122
DSC_0112.TIF,3,3,1,1,2,4,4,240,492,732,984,6,5,212,518,712,1018,3,4,219,521,688,990
DSC_0112.TIF,3,3,1,1,4,4,1,854,1094,1004,1244,6,1,818,1124,984,1290,3,2,858,1138,981,1261
DSC_0112.TIF,3,3,1,1,5,4,3,865,1103,732,970,6,4,834,1142,667,975,3,4,879,1153,688,962
DSC_0112.TIF,3,3,1,1,6,4,2,716,942,492,718,6,3,686,966,440,720,3,3,696,998,444,746
DSC_0112.TIF,3,3,1,3,1,4,1,2236,2462,330,556,6,3,2208,2472,282,546,3,3,2198,2486,288,576
DSC_0112.TIF,3,3,1,3,2,4,1,2114,2416,577,879,6,3,2134,2432,585,883,3,4,2124,2412,598,886
DSC_0112.TIF,3,3,1,3,3,4,2,2128,2450,914,1236,6,3,2134,2502,901,1269,3,4,2149,2451,914,1216
DSC_0112.TIF,3,3,1,3,6,4,1,2518,2798,240,520,6,3,2506,2848,176,518,3,3,2514,2852,204,542
DSC_0112.TIF,3,3,2,2,2,4,0,1208,1468,1994,2254,6,0,1194,1520,1997,2323,3,0,1213,1521,2016,2324
DSC_0112.TIF,3,3,2,2,4,4,0,1700,2002,2331,2633,6,1,1694,2020,2304,2630,3,1,1728,2016,2338,2626
DSC_0112.TIF,3,3,2,2,5,4,1,1707,1973,2058,2324,6,3,1686,2010,2024,2348,3,4,1724,2012,2044,2332
DSC_0112.TIF,3,3,2,2,6,4,0,1609,1861,1764,2016,6,0,1594,1954,1720,2080,3,0,1678,1924,1805,2051
DSC_0112.TIF,3,3,3,1,1,4,1,548,830,2970,3252,6,2,536,808,2958,3230,3,1,566,840,2978,3252
DSC_0112.TIF,3,3,3,1,2,4,2,471,759,3230,3518,6,4,458,764,3231,3537,3,4,450,788,3209,3547
DSC_0112.TIF,3,3,3,1,3,4,1,422,668,3605,3851,6,2,378,668,3568,3858,3,1,401,689,3574,3862
DSC_0112.TIF,3,3,3,1,5,4,2,1012,1300,3272,3560,6,3,1002,1290,3266,3554,3,3,984,1306,3266,3588
DSC_0112.TIF,3,3,3,3,3,4,0,1935,2245,3798,4108,6,1,1922,2256,3770,4104,3,1,1922,2216,3792,4086
DSC_0112.TIF,3,3,3,3,4,4,1,2654,2914,3802,4062,6,4,2642,2958,3791,4107,3,4,2641,2963,3792,4114
DSC_0112.TIF,3,3,3,3,5,4,1,2536,2838,3402,3704,6,3,2546,2836,3427,3717,3,3,2529,2851,3392,3714
DSC_0112.TIF,3,3,3,3,6,4,1,2490,2756,3076,3342,6,2,2484,2774,3064,3354,3,2,2511,2771,3068,3328
DSC_0113.TIF,3,3,1,1,1,3,0,387,655,288,556,5,,,,,,8,0,368,730,246,608
DSC_0113.TIF,3,3,1,1,2,3,0,247,619,584,956,5,,,,,,8,0,270,574,539,843
DSC_0113.TIF,3,3,1,1,3,3,3,137,489,906,1258,5,3,149,465,928,1244,8,3,186,490,868,1172
DSC_0113.TIF,3,3,1,1,4,3,0,907,1215,914,1222,5,0,890,1238,899,1247,8,0,928,1198,869,1139
DSC_0113.TIF,3,3,1,3,1,3,1,2272,2588,198,514,5,,,,,,8,0,2321,2549,278,506
DSC_0113.TIF,3,3,1,3,2,3,0,2107,2417,492,802,5,,,,,,8,0,2107,2361,514,768
DSC_0113.TIF,3,3,1,3,3,3,2,2061,2433,822,1194,5,,,,,,8,1,2098,2352,839,1093
DSC_0113.TIF,3,3,1,3,5,3,0,2620,3048,590,1018,5,0,2680,3042,603,965,8,0,2630,2984,633,987
DSC_0113.TIF,3,3,2,2,1,3,0,1244,1518,1517,1791,5,0,1275,1531,1502,1758,8,,,,,
DSC_0113.TIF,3,3,2,2,4,3,0,1749,2009,2212,2472,5,2,1752,2022,2218,2488,8,1,1611,1921,1594,1904
DSC_0113.TIF,3,3,2,2,5,3,1,1798,2100,1889,2191,5,3,1778,2100,1880,2202,8,0,1787,2065,1922,2200
DSC_0113.TIF,3,3,2,2,6,3,1,1630,1938,1588,1896,5,3,1620,1896,1607,1883,8,0,1744,1990,2199,2445
DSC_0113.TIF,3,3,3,1,2,3,1,489,743,3272,3526,5,,,,,,8,0,396,818,3193,3615
DSC_0113.TIF,3,3,3,1,4,3,1,956,1208,3610,3862,5,,,,,,8,,,,,
DSC_0113.TIF,3,3,3,1,5,3,3,892,1208,3251,3567,5,3,902,1192,3272,3562,8,1,920,1240,3228,3548
DSC_0113.TIF,3,3,3,1,6,3,1,868,1114,3026,3272,5,,,,,,8,0,878,1138,2988,3248
DSC_0113.TIF,3,3,3,3,2,3,0,2072,2374,3398,3700,5,0,2106,2396,3417,3707,8,0,1950,2364,3286,3700
DSC_0113.TIF,3,3,3,3,4,3,1,2606,2922,3805,4121,5,,,,,,8,2,2546,2958,3800,4212
DSC_0113.TIF,3,3,3,3,5,3,2,2676,2992,3476,3792,5,3,2700,3002,3505,3807,8,2,2654,2984,3450,3780
DSC_0113.TIF,3,3,3,3,6,3,2,2553,2883,3118,3448,5,,,,,,8,2,2616,2870,3134,3388
DSC_0114.TIF,3,3,1,1,2,6,0,344,642,493,791,3,0,310,702,441,833,5,0,336,732,448,844
DSC_0114.TIF,3,3,1,1,4,6,1,989,1313,896,1220,3,1,983,1279,906,1202,5,3,962,1370,843,1251
DSC_0114.TIF,3,3,1,1,5,6,0,945,1251,528,834,3,1,906,1208,531,833,5,4,902,1252,507,857
DSC_0114.TIF,3,3,1,1,6,6,0,825,1159,202,536,3,1,858,1166,226,534,5,4,850,1114,221,485
DSC_0114.TIF,3,3,1,3,1,6,1,2142,2440,291,589,3,1,2178,2444,327,593,5,,,,,
DSC_0114.TIF,3,3,1,3,2,6,1,2028,2344,527,843,3,2,2022,2352,531,861,5,,,,,
DSC_0114.TIF,3,3,1,3,3,6,,,,,,3,1,2069,2377,858,1166,5,,,,,
DSC_0114.TIF,3,3,1,3,5,6,0,2624,2994,571,941,3,0,2655,2977,612,934,5,,,,,
DSC_0114.TIF,3,3,2,2,1,6,1,1388,1686,1541,1839,3,3,1366,1662,1524,1820,5,6,1357,1653,1514,1810
DSC_0114.TIF,3,3,2,2,2,6,1,1308,1598,1813,2103,3,3,1310,1598,1834,2122,5,5,1318,1606,1828,2116
DSC_0114.TIF,3,3,2,2,3,6,1,1168,1580,2033,2445,3,1,1208,1532,2131,2455,5,5,1206,1508,2127,2429
DSC_0114.TIF,3,3,2,2,4,6,0,1808,2168,2137,2497,3,0,1812,2170,2149,2507,5,0,1804,2180,2113,2489
DSC_0114.TIF,3,3,3,1,3,6,0,474,870,3493,3889,3,0,584,906,3515,3837,5,0,540,850,3502,3812
DSC_0114.TIF,3,3,3,1,4,6,0,1154,1480,3484,3810,3,3,1160,1440,3526,3806,5,,,,,
DSC_0114.TIF,3,3,3,1,5,6,0,1107,1441,3142,3476,3,2,1128,1408,3196,3476,5,,,,,
DSC_0114.TIF,3,3,3,1,6,6,0,935,1207,2844,3116,3,0,946,1260,2838,3152,5,,,,,
DSC_0114.TIF,3,3,3,3,1,6,0,2152,2414,2950,3212,3,0,2157,2423,2992,3258,5,,,,,
DSC_0114.TIF,3,3,3,3,2,6,,,,,,3,0,2013,2279,3252,3518,5,,,,,
DSC_0114.TIF,3,3,3,3,3,6,,,,,,3,0,1988,2254,3554,3820,5,,,,,
DSC_0114.TIF,3,3,3,3,6,6,0,2396,2722,2892,3218,3,0,2433,2685,2950,3202,5,,,,,
DSC_0207.TIF,3,3,1,1,1,6,5,632,878,733,979,3,4,660,878,752,970,5,6,649,919,706,976
DSC_0207.TIF,3,3,1,1,2,6,5,510,712,1015,1217,3,5,499,731,1004,1236,5,,,,,
DSC_0207.TIF,3,3,1,1,3,6,6,475,685,1248,1458,3,5,483,735,1244,1496,5,,,,,
DSC_0207.TIF,3,3,1,1,5,6,6,900,1164,1018,1282,3,6,902,1156,1046,1300,5,6,887,1163,1034,1310
DSC_0207.TIF,3,3,1,1,6,6,5,901,1163,756,1018,3,3,911,1163,766,1018,5,,,,,
DSC_0207.TIF,3,3,1,3,2,6,6,2150,2370,1181,1401,3,6,2146,2398,1146,1398,5,6,2137,2367,1180,1410
DSC_0207.TIF,3,3,1,3,4,6,6,2564,2826,1406,1668,3,4,2596,2812,1448,1664,5,6,2608,2838,1439,1669
DSC_0207.TIF,3,3,1,3,5,6,6,2546,2800,1173,1427,3,6,2522,2794,1157,1429,5,6,2522,2778,1173,1429
DSC_0207.TIF,3,3,1,3,6,6,5,2502,2766,909,1173,3,4,2469,2763,886,1180,5,6,2502,2752,919,1169
DSC_0207.TIF,3,3,2,2,2,6,6,1344,1554,2339,2549,3,6,1335,1559,2318,2542,5,6,1364,1560,2358,2554
DSC_0207.TIF,3,3,2,2,3,6,6,1348,1550,2554,2756,3,6,1322,1566,2550,2794,5,6,1330,1548,2554,2772
DSC_0207.TIF,3,3,2,2,4,6,5,1650,1940,2506,2796,3,5,1735,1959,2550,2774,5,6,1728,1998,2528,2798
DSC_0207.TIF,3,3,2,2,5,6,6,1800,1984,2344,2528,3,6,1770,1988,2332,2550,5,6,1754,1986,2330,2562
DSC_0207.TIF,3,3,2,2,6,6,5,1694,1888,2133,2327,3,4,1664,1910,2100,2346,5,6,1670,1900,2114,2344
DSC_0207.TIF,3,3,3,1,1,6,4,746,984,3440,3678,3,4,724,998,3448,3722,5,6,709,979,3416,3686
DSC_0207.TIF,3,3,3,1,2,6,6,642,896,3748,4002,3,6,626,914,3718,4006,5,6,640,902,3749,4011
DSC_0207.TIF,3,3,3,1,3,6,5,554,808,4038,4292,3,6,590,886,4002,4298,5,6,554,836,4026,4308
DSC_0207.TIF,3,3,3,1,6,6,3,992,1274,3370,3652,3,4,1026,1272,3384,3630,5,5,999,1307,3358,3666
DSC_0207.TIF,3,3,3,3,2,6,4,2252,2488,3792,4028,3,4,2254,2500,3770,4016,5,5,2269,2491,3786,4008
DSC_0207.TIF,3,3,3,3,4,6,4,2704,2896,4108,4300,3,3,2666,2890,4094,4318,5,4,2692,2916,4097,4321
DSC_0207.TIF,3,3,3,3,5,6,5,2652,2914,3784,4046,3,5,2682,2936,3791,4045,5,6,2680,2936,3802,4058
DSC_0207.TIF,3,3,3,3,6,6,3,2585,2813,3538,3766,3,4,2586,2830,3554,3798,5,5,2578,2820,3536,3778
DSC_0208.TIF,3,3,1,1,1,8,5,649,893,1004,1248,2,6,658,894,1028,1264,10,4,678,882,1054,1258
DSC_0208.TIF,3,3,1,1,2,8,5,514,818,1281,1585,2,6,548,784,1316,1552,10,4,542,788,1313,1559
DSC_0208.TIF,3,3,1,1,3,8,4,556,860,1505,1809,2,5,566,844,1525,1803,10,3,584,844,1521,1781
DSC_0208.TIF,3,3,1,1,6,8,4,928,1222,945,1239,2,5,932,1160,1028,1256,10,2,920,1160,1007,1247
DSC_0208.TIF,3,3,1,3,1,8,4,2318,2536,1270,1488,2,6,2300,2512,1264,1476,10,4,2310,2500,1275,1465
DSC_0208.TIF,3,3,1,3,2,8,5,2242,2436,1492,1686,2,6,2234,2410,1496,1672,10,4,2226,2422,1486,1682
DSC_0208.TIF,3,3,1,3,3,8,5,2200,2452,1623,1875,2,6,2200,2436,1652,1888,10,4,2220,2430,1655,1865
DSC_0208.TIF,3,3,1,3,6,8,3,2512,2790,1139,1417,2,4,2500,2718,1198,1416,10,3,2522,2710,1212,1400
DSC_0208.TIF,3,3,2,2,3,8,6,1454,1716,2562,2824,2,6,1466,1694,2591,2819,10,6,1462,1706,2578,2822
DSC_0208.TIF,3,3,2,2,4,8,6,1828,2090,2583,2845,2,6,1849,2027,2646,2824,10,5,1861,2051,2626,2816
DSC_0208.TIF,3,3,2,2,5,8,6,1778,2098,2335,2655,2,6,1812,2022,2410,2620,10,5,1812,2022,2409,2619
DSC_0208.TIF,3,3,2,2,6,8,6,1754,2014,2204,2464,2,6,1800,1994,2250,2444,10,6,1798,1980,2230,2412
DSC_0208.TIF,3,3,3,1,1,8,2,906,1168,3480,3742,2,3,899,1167,3464,3732,10,1,906,1180,3462,3736
DSC_0208.TIF,3,3,3,1,2,8,3,760,1096,3700,4036,2,3,772,1058,3758,4044,10,1,788,1090,3760,4062
DSC_0208.TIF,3,3,3,1,3,8,5,666,1028,3981,4343,2,4,663,973,4020,4330,10,2,682,956,4031,4305
DSC_0208.TIF,3,3,3,1,4,8,5,1264,1618,4053,4407,2,4,1298,1602,4066,4370,10,2,1286,1566,4076,4356
DSC_0208.TIF,3,3,3,3,2,8,2,2056,2394,3757,4095,2,3,2095,2355,3784,4044,10,2,2100,2338,3774,4012
DSC_0208.TIF,3,3,3,3,4,8,3,2588,2832,4091,4335,2,3,2578,2832,4081,4335,10,2,2556,2852,4051,4347
DSC_0208.TIF,3,3,3,3,5,8,5,2596,2866,3809,4079,2,5,2604,2856,3830,4082,10,3,2602,2870,3798,4066
DSC_0208.TIF,3,3,3,3,6,8,3,2502,2748,3597,3843,2,3,2566,2768,3640,3842,10,2,2556,2788,3620,3852
DSC_0209.TIF,3,3,1,1,1,10,0,654,962,658,966,9,0,692,894,734,936,4,0,674,930,669,925
DSC_0209.TIF,3,3,1,1,6,10,0,952,1232,682,962,9,0,970,1198,734,962,4,0,956,1230,684,958
DSC_0209.TIF,3,3,1,3,2,10,0,2114,2402,1032,1320,9,0,2094,2406,1004,1316,4,0,2101,2427,1020,1346
DSC_0209.TIF,3,3,1,3,5,10,1,2714,3066,990,1342,9,0,2680,3034,1012,1366,4,0,2730,3020,1010,1300
DSC_0209.TIF,3,3,2,2,2,10,1,1300,1588,2192,2480,9,1,1303,1589,2200,2486,4,0,1308,1602,2176,2470
DSC_0209.TIF,3,3,2,2,5,10,1,1918,2218,2136,2436,9,0,1951,2171,2174,2394,4,0,1942,2206,2172,2436
DSC_0209.TIF,3,3,3,1,1,10,0,643,953,3230,3540,9,0,675,953,3270,3548,4,0,672,974,3252,3554
DSC_0209.TIF,3,3,3,1,6,10,1,942,1286,3191,3535,9,1,978,1256,3244,3522,4,0,948,1242,3232,3526
DSC_0209.TIF,3,3,3,3,1,10,1,2296,2592,3609,3905,9,1,2348,2600,3640,3892,4,0,2316,2590,3636,3910
DSC_0209.TIF,3,3,3,3,6,10,0,2623,2953,3574,3904,9,0,2680,2932,3640,3892,4,0,2646,2948,3606,3908
DSC_0210.TIF,3,3,1,1,2,3,1,598,878,1135,1415,5,2,610,932,1100,1422,8,1,624,920,1150,1446
DSC_0210.TIF,3,3,1,1,5,3,1,1247,1577,1300,1630,5,3,1226,1580,1301,1655,8,1,1256,1568,1285,1597
DSC_0210.TIF,3,3,1,3,1,3,1,2457,2795,724,1062,5,1,2456,2758,752,1054,8,1,2473,2785,742,1054
DSC_0210.TIF,3,3,1,3,6,3,0,2813,3129,788,1104,5,1,2808,3098,784,1074,8,1,2832,3186,729,1083
DSC_0210.TIF,3,3,2,2,2,3,1,1297,1591,2318,2612,5,2,1324,1606,2318,2600,8,1,1222,1610,2242,2630
DSC_0210.TIF,3,3,2,2,5,3,3,1896,2234,2324,2662,5,5,1976,2264,2374,2662,8,2,2002,2246,2410,2654
DSC_0210.TIF,3,3,3,1,2,3,0,478,794,3482,3798,5,0,432,820,3450,3838,8,0,448,860,3337,3749
DSC_0210.TIF,3,3,3,1,5,3,0,1244,1566,3508,3830,5,0,1255,1591,3508,3844,8,0,1188,1660,3438,3910
DSC_0210.TIF,3,3,3,3,1,3,0,2216,2490,3426,3700,5,0,2186,2522,3390,3726,8,0,2250,2478,3438,3666
DSC_0210.TIF,3,3,3,3,4,3,0,2532,2856,4058,4382,5,,,,,,8,,,,,
DSC_0210.TIF,3,3,3,3,6,3,0,2455,2785,3412,3742,5,0,2459,2769,3430,3740,8,0,2470,2730,3464,3724
DSC_0211.TIF,3,3,1,1,1,3,0,612,850,945,1183,5,1,614,844,975,1205,8,,,,,
DSC_0211.TIF,3,3,1,1,2,3,3,458,732,1156,1430,5,5,488,744,1176,1432,8,2,502,722,1230,1450
DSC_0211.TIF,3,3,1,1,3,3,,,,,,5,0,514,744,1435,1665,8,,,,,
DSC_0211.TIF,3,3,1,1,4,3,,,,,,5,0,1060,1272,1435,1647,8,,,,,
DSC_0211.TIF,3,3,1,1,5,3,0,928,1152,1283,1507,5,1,948,1140,1314,1506,8,1,886,1138,1256,1508
DSC_0211.TIF,3,3,1,1,6,3,,,,,,5,0,942,1192,1031,1281,8,,,,,
DSC_0211.TIF,3,3,1,3,3,3,0,2128,2374,1390,1636,5,0,2151,2387,1416,1652,8,0,2082,2384,1400,1702
DSC_0211.TIF,3,3,1,3,4,3,2,2654,2978,1457,1781,5,2,2700,2996,1472,1768,8,1,2719,2987,1518,1786
DSC_0211.TIF,3,3,2,2,1,3,1,1510,1728,2050,2268,5,2,1534,1726,2047,2239,8,1,1499,1745,2022,2268
DSC_0211.TIF,3,3,2,2,4,3,1,1854,2078,2536,2760,5,,,,,,8,,,,,
DSC_0211.TIF,3,3,2,2,5,3,1,1798,2058,2255,2515,5,,,,,,8,,,,,
DSC_0211.TIF,3,3,2,2,6,3,5,1717,1963,2036,2282,5,4,1764,1950,2064,2250,8,3,1703,2031,2032,2360
DSC_0211.TIF,3,3,3,1,2,3,1,737,1019,3686,3968,5,2,745,1021,3720,3996,8,0,662,1016,3656,4010
DSC_0211.TIF,3,3,3,1,5,3,3,1243,1511,3686,3954,5,4,1244,1528,3712,3996,8,3,1218,1538,3674,3994
DSC_0211.TIF,3,3,3,1,6,3,1,1131,1405,3426,3700,5,,,,,,8,,,,,
DSC_0211.TIF,3,3,3,3,1,3,1,2318,2584,3547,3813,5,,,,,,8,,,,,
DSC_0211.TIF,3,3,3,3,2,3,1,2293,2531,3834,4072,5,,,,,,8,,,,,
DSC_0211.TIF,3,3,3,3,3,3,4,2213,2479,4122,4388,5,5,2232,2522,4114,4404,8,3,2200,2502,4121,4423
DSC_0211.TIF,3,3,3,3,4,3,3,2774,3062,4122,4410,5,3,2766,3062,4120,4416,8,2,2801,3055,4162,4416
DSC_0212.TIF,3,3,1,1,1,8,5,624,844,855,1075,2,5,590,844,851,1105,10,4,604,850,840,1086
DSC_0212.TIF,3,3,1,1,2,8,4,438,726,1070,1358,2,4,439,735,1104,1400,10,3,444,688,1111,1355
DSC_0212.TIF,3,3,1,1,3,8,4,410,722,1324,1636,2,4,422,692,1382,1652,10,3,436,682,1380,1626
DSC_0212.TIF,3,3,1,1,6,8,3,910,1180,784,1054,2,2,868,1156,771,1059,10,2,886,1130,788,1032
DSC_0212.TIF,3,3,1,3,3,8,3,2124,2352,1332,1560,2,1,2082,2368,1298,1584,10,1,2110,2342,1314,1546
DSC_0212.TIF,3,3,1,3,4,8,4,2655,2907,1408,1660,2,5,2630,2924,1396,1690,10,4,2637,2925,1384,1672
DSC_0212.TIF,3,3,1,3,5,8,3,2658,2878,1104,1324,2,2,2638,2874,1122,1358,10,2,2626,2886,1096,1356
DSC_0212.TIF,3,3,1,3,6,8,0,2613,2831,844,1062,2,0,2570,2832,834,1096,10,0,2573,2819,816,1062
DSC_0212.TIF,3,3,2,2,1,8,3,1484,1754,2014,2284,2,3,1454,1748,1998,2292,10,2,1476,1706,2020,2250
DSC_0212.TIF,3,3,2,2,4,8,4,1770,2074,2519,2823,2,,,,,,10,2,1798,2064,2514,2780
DSC_0212.TIF,3,3,2,2,6,8,2,1741,2001,1998,2258,2,1,1744,1980,2040,2276,10,1,1748,1946,2036,2234
DSC_0212.TIF,3,3,3,1,2,8,3,624,928,3674,3978,2,2,623,911,3690,3978,10,1,646,900,3693,3947
DSC_0212.TIF,3,3,3,1,5,8,4,1156,1424,3666,3934,2,4,1151,1455,3648,3952,10,3,1170,1458,3630,3918
DSC_0212.TIF,3,3,3,3,1,8,1,2402,2620,3632,3850,2,,,,,,10,1,2408,2626,3616,3834
DSC_0212.TIF,3,3,3,3,2,8,1,2360,2696,3788,4124,2,,,,,,10,1,2339,2627,3812,4100
DSC_0212.TIF,3,3,3,3,3,8,4,2258,2546,4086,4374,2,3,2250,2578,4096,4424,10,3,2244,2540,4072,4368
DSC_0212.TIF,3,3,3,3,4,8,,,,,,2,1,2739,3059,4138,4458,10,2,2742,3038,4128,4424
DSC_0213.TIF,3,3,1,1,1,4,6,629,875,944,1190,6,6,624,878,940,1194,3,6,619,885,928,1194
DSC_0213.TIF,3,3,1,1,6,4,5,863,1111,910,1158,6,6,843,1141,870,1168,3,5,878,1118,920,1160
DSC_0213.TIF,3,3,1,3,2,4,4,2228,2484,1233,1489,6,5,2212,2466,1265,1519,3,4,2211,2465,1236,1490
DSC_0213.TIF,3,3,1,3,5,4,5,2692,2906,1204,1418,6,5,2681,2937,1176,1432,3,5,2675,2921,1208,1454
DSC_0213.TIF,3,3,2,2,2,4,,,,,,6,,,,,,3,2,1247,1563,2394,2710
DSC_0213.TIF,3,3,2,2,3,4,6,1304,1502,2712,2910,6,6,1256,1502,2704,2950,3,6,1281,1507,2710,2936
DSC_0213.TIF,3,3,2,2,4,4,5,1768,1948,2723,2903,6,6,1738,1950,2711,2923,3,5,1753,1977,2690,2914
DSC_0213.TIF,3,3,3,1,2,4,4,678,948,3657,3927,6,5,632,966,3637,3971,3,4,636,946,3630,3940
DSC_0213.TIF,3,3,3,1,5,4,3,1314,1560,3659,3905,6,4,1300,1598,3643,3941,3,4,1289,1571,3630,3912
DSC_0213.TIF,3,3,3,3,1,4,,,,,,6,,,,,,3,2,2136,2444,3270,3578
DSC_0213.TIF,3,3,3,3,3,4,2,2112,2410,3906,4204,6,3,2090,2388,3902,4200,3,3,2079,2423,3876,4220
DSC_0213.TIF,3,3,3,3,4,4,3,2616,2864,4087,4335,6,3,2572,2896,4060,4384,3,3,2592,2880,4030,4318
DSC_0214.TIF,3,3,1,1,2,9,6,249,435,1222,1408,4,6,214,456,1200,1442,6,6,212,458,1186,1432
DSC_0214.TIF,3,3,1,1,5,9,4,784,1028,1189,1433,4,4,759,1039,1180,1460,6,5,720,1028,1163,1471
DSC_0214.TIF,3,3,1,3,3,9,4,2216,2444,1416,1644,4,3,2186,2456,1390,1660,6,5,2178,2440,1401,1663
DSC_0214.TIF,3,3,1,3,4,9,6,2722,2966,1421,1665,4,4,2708,2972,1404,1668,6,6,2699,2971,1378,1650
DSC_0214.TIF,3,3,2,2,3,9,4,1306,1542,2793,3029,4,3,1283,1511,2772,3000,6,4,1251,1497,2774,3020
DSC_0214.TIF,3,3,2,2,4,9,3,1872,2074,2832,3034,4,2,1834,2100,2782,3048,6,3,1808,2116,2756,3064
DSC_0214.TIF,3,3,3,1,3,9,1,440,726,4125,4411,4,1,428,730,4115,4417,6,2,370,712,4099,4441
DSC_0214.TIF,3,3,3,1,4,9,3,1046,1332,4028,4314,4,3,1041,1305,4020,4284,6,3,1036,1334,4021,4319
DSC_0214.TIF,3,3,3,3,2,9,4,2171,2381,3910,4120,4,3,2145,2377,3878,4110,6,6,2142,2380,3879,4117
DSC_0214.TIF,3,3,3,3,5,9,4,2654,2866,3934,4146,4,4,2646,2878,3922,4154,6,6,2616,2870,3910,4164
DSC_0215.TIF,3,3,1,1,1,5,3,468,698,1176,1406,8,2,472,726,1158,1412,2,4,464,708,1185,1429
DSC_0215.TIF,3,3,1,1,2,5,4,382,620,1438,1676,8,2,406,658,1425,1677,2,3,642,650,1708,1716
DSC_0215.TIF,3,3,1,1,3,5,5,462,744,1739,2021,8,3,464,734,1732,2002,2,5,456,700,1749,1993
DSC_0215.TIF,3,3,1,1,4,5,4,902,1166,1626,1890,8,2,936,1196,1602,1862,2,3,906,1184,1610,1888
DSC_0215.TIF,3,3,1,3,2,5,4,2238,2522,1116,1400,8,3,2242,2588,1071,1417,2,4,2237,2541,1104,1408
DSC_0215.TIF,3,3,1,3,4,5,3,2700,2970,1442,1712,8,3,2680,2958,1399,1677,2,3,2697,2975,1424,1702
DSC_0215.TIF,3,3,1,3,5,5,5,2692,2976,1110,1394,8,4,2672,2966,1076,1370,2,5,2672,2940,1101,1369
DSC_0215.TIF,3,3,1,3,6,5,4,2608,2850,881,1123,8,3,2646,2824,889,1067,2,3,2612,2856,886,1130
DSC_0215.TIF,3,3,2,2,1,5,1,1498,1696,2304,2502,8,0,1483,1703,2292,2512,2,0,1474,1720,2300,2546
DSC_0215.TIF,3,3,2,2,2,5,5,1350,1606,2531,2787,8,3,1332,1636,2490,2794,2,3,1316,1602,2507,2793
DSC_0215.TIF,3,3,2,2,3,5,3,1373,1637,2830,3094,8,3,1366,1636,2798,3068,2,3,1390,1626,2831,3067
DSC_0215.TIF,3,3,2,2,5,5,3,1982,2252,2492,2762,8,2,1990,2284,2490,2784,2,1,1989,2233,2512,2756
DSC_0215.TIF,3,3,3,1,1,5,5,646,870,3304,3528,8,3,600,894,3283,3577,2,3,624,886,3294,3556
DSC_0215.TIF,3,3,3,1,2,5,6,560,798,3535,3773,8,5,498,810,3539,3851,2,5,540,836,3496,3792
DSC_0215.TIF,3,3,3,1,3,5,5,478,748,3786,4056,8,4,485,713,3774,4002,2,5,501,755,3774,4028
DSC_0215.TIF,3,3,3,1,5,5,4,933,1229,3508,3804,8,3,936,1324,3454,3842,2,4,936,1198,3522,3784
DSC_0215.TIF,3,3,3,1,6,5,2,889,1139,3226,3476,8,,,,,,2,,,,,
DSC_0215.TIF,3,3,3,3,3,5,3,1999,2255,3878,4134,8,2,1972,2342,3838,4208,2,3,1993,2271,3860,4138
DSC_0215.TIF,3,3,3,3,4,5,5,2580,2864,3962,4246,8,3,2617,2903,3884,4170,2,4,2596,2882,3952,4238
DSC_0215.TIF,3,3,3,3,5,5,5,2614,2858,3634,3878,8,3,2588,2890,3586,3888,2,4,2584,2870,3624,3910
DSC_0215.TIF,3,3,3,3,6,5,5,2594,2876,3358,3640,8,4,2575,2861,3346,3632,2,4,2595,2865,3370,3640
DSC_0216.TIF,3,3,1,1,3,2,4,322,632,1291,1601,10,3,344,612,1309,1577,9,4,364,616,1312,1564
DSC_0216.TIF,3,3,1,1,4,2,5,936,1172,1374,1610,10,4,934,1208,1362,1636,9,4,970,1146,1408,1584
DSC_0216.TIF,3,3,1,1,5,2,4,919,1147,1138,1366,10,3,925,1155,1146,1376,9,3,941,1143,1138,1340
DSC_0216.TIF,3,3,1,1,6,2,3,928,1154,878,1104,10,3,909,1149,850,1090,9,3,966,1126,936,1096
DSC_0216.TIF,3,3,1,3,1,2,3,2292,2570,920,1198,10,3,2335,2581,934,1180,9,3,2338,2516,978,1156
DSC_0216.TIF,3,3,1,3,2,2,5,2234,2536,1202,1504,10,3,2206,2536,1188,1518,9,4,2276,2494,1240,1458
DSC_0216.TIF,3,3,1,3,4,2,,,,,,10,0,2676,2900,1455,1679,9,1,2714,2898,1476,1660
DSC_0216.TIF,3,3,1,3,5,2,2,2612,2856,1180,1424,10,1,2626,2852,1176,1402,9,3,2634,2818,1198,1382
DSC_0216.TIF,3,3,1,3,6,2,3,2565,2811,910,1156,10,3,2570,2816,927,1173,9,4,2595,2773,944,1122
DSC_0216.TIF,3,3,2,2,1,2,2,1184,1446,2048,2310,10,2,1191,1437,2044,2290,9,2,1226,1420,2082,2276
DSC_0216.TIF,3,3,2,2,2,2,3,1112,1382,2300,2570,10,3,1111,1377,2318,2584,9,2,1152,1336,2352,2536
DSC_0216.TIF,3,3,2,2,3,2,4,1151,1437,2570,2856,10,3,1159,1419,2578,2838,9,3,1180,1416,2587,2823
DSC_0216.TIF,3,3,2,2,4,2,3,1669,1931,2612,2874,10,2,1637,1917,2606,2886,9,4,1712,1914,2617,2819
DSC_0216.TIF,3,3,3,1,1,2,3,759,979,3328,3548,10,2,787,971,3342,3526,9,4,792,962,3345,3515
DSC_0216.TIF,3,3,3,1,4,2,4,1041,1319,3860,4138,10,3,1047,1307,3876,4136,9,5,1084,1278,3902,4096
DSC_0216.TIF,3,3,3,1,5,2,3,1008,1302,3582,3876,10,3,1004,1300,3573,3869,9,4,1046,1256,3624,3834
DSC_0216.TIF,3,3,3,1,6,2,4,983,1227,3354,3598,10,4,987,1211,3364,3588,9,5,1007,1193,3404,3590
DSC_0216.TIF,3,3,3,3,1,2,1,2217,2503,3320,3606,10,1,2234,2480,3342,3588,9,1,2258,2452,3379,3573
DSC_0216.TIF,3,3,3,3,2,2,3,2022,2342,3565,3885,10,2,2039,2363,3560,3884,9,2,2056,2284,3602,3830
DSC_0216.TIF,3,3,3,3,3,2,3,2056,2402,3829,4175,10,2,2078,2366,3851,4139,9,3,2116,2368,3885,4137
DSC_0216.TIF,3,3,3,3,5,2,3,2604,2898,3532,3826,10,2,2620,2894,3543,3817,9,4,2646,2874,3556,3784
DSC_0217.TIF,3,3,1,1,1,10,4,324,598,872,1146,9,4,346,616,889,1159,4,3,314,588,848,1122
DSC_0217.TIF,3,3,1,1,2,10,3,166,440,1082,1356,9,4,228,406,1112,1290,4,3,202,448,1096,1342
DSC_0217.TIF,3,3,1,1,3,10,3,177,485,1370,1678,9,5,254,388,1467,1601,4,3,190,428,1398,1636
DSC_0217.TIF,3,3,1,1,5,10,0,843,1125,1138,1420,9,0,860,1096,1205,1441,4,0,842,1098,1162,1418
DSC_0217.TIF,3,3,1,3,3,10,0,2022,2464,1338,1780,9,,,,,,4,0,2038,2398,1373,1733
DSC_0217.TIF,3,3,1,3,4,10,1,2756,3128,1434,1806,9,2,2798,3058,1505,1765,4,1,2796,3080,1492,1776
DSC_0217.TIF,3,3,1,3,5,10,1,2752,3132,1054,1434,9,2,2785,3097,1088,1400,4,1,2794,3088,1100,1394
DSC_0217.TIF,3,3,1,3,6,10,1,2634,2978,657,1001,9,1,2688,2950,729,991,4,1,2660,2958,701,999
DSC_0217.TIF,3,3,2,2,1,10,2,1408,1718,1868,2178,9,2,1458,1712,1909,2163,4,1,1422,1712,1865,2155
DSC_0217.TIF,3,3,2,2,2,10,2,1230,1580,2160,2510,9,3,1261,1539,2216,2494,4,2,1224,1550,2186,2512
DSC_0217.TIF,3,3,2,2,3,10,2,1258,1588,2564,2894,9,3,1277,1547,2578,2848,4,2,1290,1564,2576,2850
DSC_0217.TIF,3,3,2,2,6,10,0,1742,2064,1824,2146,9,0,1800,2018,1888,2106,4,0,1750,2030,1844,2124
DSC_0217.TIF,3,3,3,1,1,10,2,1054,1300,3328,3574,9,5,1088,1324,3354,3590,4,2,1081,1313,3356,3588
DSC_0217.TIF,3,3,3,1,2,10,2,970,1334,3582,3946,9,4,1008,1286,3614,3892,4,2,986,1280,3617,3911
DSC_0217.TIF,3,3,3,1,3,10,2,864,1188,3974,4298,9,3,894,1120,4020,4246,4,2,881,1131,3996,4246
DSC_0217.TIF,3,3,3,1,6,10,0,1320,1658,3240,3578,9,0,1362,1614,3304,3556,4,0,1346,1626,3277,3557
DSC_0217.TIF,3,3,3,3,1,10,2,2269,2571,3610,3912,9,2,2284,2536,3640,3892,4,2,2281,2545,3622,3886
DSC_0217.TIF,3,3,3,3,2,10,1,2178,2508,3873,4203,9,1,2225,2445,3918,4138,4,0,2202,2444,3896,4138
DSC_0217.TIF,3,3,3,3,3,10,1,2213,2493,4192,4472,9,1,2208,2470,4191,4453,4,,,,,
DSC_0217.TIF,3,3,3,3,5,10,0,2766,3110,3735,4079,9,0,2798,3068,3787,4057,4,0,2802,3066,3780,4044
DSC_0218.TIF,3,3,1,1,1,5,0,527,811,678,962,8,0,506,776,726,996,2,0,498,826,714,1042
DSC_0218.TIF,3,3,1,1,4,5,3,982,1278,1370,1666,8,1,970,1290,1366,1686,2,2,999,1295,1382,1678
DSC_0218.TIF,3,3,1,1,5,5,4,850,1258,909,1317,8,2,822,1260,928,1366,2,3,860,1238,928,1306
DSC_0218.TIF,3,3,1,1,6,5,4,824,1074,692,942,8,3,844,1088,718,962,2,4,835,1079,700,944
DSC_0218.TIF,3,3,1,3,1,5,3,2212,2528,880,1196,8,2,2224,2528,911,1215,2,3,2217,2519,878,1180
DSC_0218.TIF,3,3,1,3,2,5,4,2215,2505,1238,1528,8,2,2140,2546,1171,1577,2,3,2174,2536,1180,1542
DSC_0218.TIF,3,3,1,3,3,5,4,2232,2562,1544,1874,8,,,,,,2,3,2224,2562,1521,1859
DSC_0218.TIF,3,3,1,3,5,5,,,,,,8,0,2512,2908,789,1185,2,,,,,
DSC_0218.TIF,3,3,1,3,6,5,0,2541,2863,778,1100,8,0,2554,2932,831,1209,2,0,2528,2840,826,1138
DSC_0218.TIF,3,3,2,2,1,5,4,1594,1916,1930,2252,8,2,1584,1914,1993,2323,2,2,1559,1947,1904,2292
DSC_0218.TIF,3,3,2,2,2,5,4,1386,1708,2258,2580,8,3,1400,1786,2230,2616,2,3,1400,1728,2250,2578
DSC_0218.TIF,3,3,2,2,3,5,4,1347,1689,2554,2896,8,2,1332,1712,2494,2874,2,2,1345,1707,2562,2924
DSC_0218.TIF,3,3,2,2,5,5,0,2106,2468,2291,2653,8,,,,,,2,0,2057,2435,2310,2688
DSC_0218.TIF,3,3,3,1,1,5,0,732,988,3312,3568,8,0,734,970,3408,3644,2,0,747,983,3370,3606
DSC_0218.TIF,3,3,3,1,4,5,3,1071,1373,3884,4186,8,2,1080,1416,3910,4246,2,2,1045,1357,3868,4180
DSC_0218.TIF,3,3,3,1,5,5,4,1100,1336,3582,3818,8,3,1066,1336,3564,3834,2,4,1062,1366,3556,3860
DSC_0218.TIF,3,3,3,1,6,5,5,962,1232,3321,3591,8,4,948,1210,3336,3598,2,4,928,1214,3320,3606
DSC_0218.TIF,3,3,3,3,1,5,5,2384,2660,3424,3700,8,3,2368,2730,3405,3767,2,3,2368,2696,3384,3712
DSC_0218.TIF,3,3,3,3,2,5,6,2272,2554,3664,3946,8,4,2242,2546,3640,3944,2,4,2268,2554,3662,3948
DSC_0218.TIF,3,3,3,3,3,5,4,2208,2472,3936,4200,8,3,2174,2444,3905,4175,2,3,2179,2541,3876,4238
DSC_0218.TIF,3,3,3,3,4,5,0,2732,2996,4009,4273,8,0,2717,2987,3934,4204,2,0,2714,3026,3977,4289
DSC_3611.tif,3,3,1,2,4,5,4,1699,2029,1376,1706,8,2,1660,2040,1302,1682,2,2,1716,2018,1400,1702
DSC_3611.tif,3,3,1,2,5,5,5,1777,2067,1074,1364,8,2,1786,2082,1028,1324,2,3,1757,2103,1062,1408
DSC_3611.tif,3,3,1,2,6,5,5,1614,1930,787,1103,8,3,1605,1833,784,1012,2,3,1606,1918,784,1096
DSC_3611.tif,3,3,2,1,4,5,3,1206,1548,2452,2794,8,2,1188,1560,2427,2799,2,2,1214,1516,2470,2772
DSC_3611.tif,3,3,2,1,5,5,4,1126,1482,2123,2479,8,2,1156,1442,2154,2440,2,3,1122,1458,2154,2490
DSC_3611.tif,3,3,2,1,6,5,4,988,1290,1884,2186,8,2,1033,1337,1888,2192,2,3,962,1290,1896,2224
DSC_3611.tif,3,3,2,3,1,5,4,2008,2298,1847,2137,8,2,1985,2313,1804,2132,2,3,1980,2342,1812,2174
DSC_3611.tif,3,3,2,3,2,5,3,1795,2129,2134,2468,8,2,1754,2124,2136,2506,2,1,1796,2140,2129,2473
DSC_3611.tif,3,3,2,3,3,5,3,1903,2271,2450,2818,8,1,1976,2254,2478,2756,2,0,1926,2322,2460,2856
DSC_3611.tif,3,3,3,1,4,5,4,1192,1588,3798,4194,8,2,1243,1547,3834,4138,2,3,1214,1550,3818,4154
DSC_3611.tif,3,3,3,1,5,5,4,1192,1540,3460,3808,8,3,1198,1552,3471,3825,2,3,1180,1552,3454,3826
DSC_3611.tif,3,3,3,1,6,5,4,1080,1422,3117,3459,8,2,1096,1358,3113,3375,2,3,1100,1394,3144,3438
DSC_3611.tif,3,3,3,3,1,5,4,2068,2344,3094,3370,8,3,2074,2342,3115,3383,2,3,2056,2352,3101,3397
DSC_3611.tif,3,3,3,3,2,5,4,1929,2225,3338,3634,8,2,1946,2208,3320,3582,2,2,1889,2241,3304,3656
DSC_3611.tif,3,3,3,3,3,5,3,1909,2239,3666,3996,8,2,1952,2288,3666,4002,2,0,1917,2263,3656,4002
DSC_3612.tif,3,3,1,2,1,3,3,1398,1700,534,836,5,4,1376,1692,528,844,8,2,1400,1712,586,898
DSC_3612.tif,3,3,1,2,2,3,1,1226,1570,844,1188,5,3,1229,1571,844,1186,8,1,1219,1597,852,1230
DSC_3612.tif,3,3,1,2,3,3,1,1286,1644,1222,1580,5,2,1244,1686,1186,1628,8,1,1340,1618,1248,1526
DSC_3612.tif,3,3,2,1,1,3,1,699,959,1678,1938,5,4,668,972,1646,1950,8,1,637,957,1660,1980
DSC_3612.tif,3,3,2,1,2,3,1,601,889,1980,2268,5,4,563,899,1942,2278,8,1,540,878,1925,2263
DSC_3612.tif,3,3,2,1,3,3,0,510,840,2262,2592,5,,,,,,8,0,448,894,2234,2680
DSC_3612.tif,3,3,2,3,4,3,1,2349,2701,2352,2704,5,4,2374,2722,2384,2732,8,2,2368,2714,2393,2739
DSC_3612.tif,3,3,2,3,5,3,1,2444,2732,2050,2338,5,4,2456,2698,2068,2310,8,2,2410,2696,2094,2380
DSC_3612.tif,3,3,2,3,6,3,3,2353,2683,1756,2086,5,5,2358,2640,1789,2071,8,2,2334,2630,1782,2078
DSC_3612.tif,3,3,3,1,4,3,3,1125,1441,3638,3954,5,5,1086,1448,3617,3979,8,2,1126,1496,3598,3968
DSC_3612.tif,3,3,3,1,5,3,3,1120,1416,3300,3596,5,5,1106,1422,3298,3614,8,2,1072,1366,3304,3598
DSC_3612.tif,3,3,3,1,6,3,4,990,1328,3002,3340,5,6,1014,1304,3034,3324,8,3,953,1273,3008,3328
DSC_3612.tif,3,3,3,3,1,3,2,1953,2255,3174,3476,5,3,1989,2265,3166,3442,8,2,1980,2284,3181,3485
DSC_3612.tif,3,3,3,3,2,3,0,1778,2142,3746,4110,5,2,1706,2028,3391,3713,8,2,1724,2086,3346,3708
DSC_3612.tif,3,3,3,3,3,3,,,,,,5,,,,,,8,0,1754,2132,3780,4158
DSC_3613.tif,3,3,1,2,1,2,4,1552,1846,726,1020,10,4,1580,1854,745,1019,9,4,1597,1817,792,1012
DSC_3613.tif,3,3,1,2,2,2,5,1370,1698,920,1248,10,4,1373,1675,934,1236,9,4,1412,1656,962,1206
DSC_3613.tif,3,3,1,2,3,2,4,1437,1741,1248,1552,10,4,1454,1756,1236,1538,9,4,1450,1686,1273,1509
DSC_3613.tif,3,3,2,1,4,2,4,1172,1492,2158,2478,10,3,1173,1461,2184,2472,9,3,1222,1476,2187,2441
DSC_3613.tif,3,3,2,1,5,2,5,1188,1492,1845,2149,10,4,1201,1503,1826,2128,9,2,1210,1454,1862,2106
DSC_3613.tif,3,3,2,1,6,2,4,1114,1390,1552,1828,10,3,1090,1390,1529,1829,9,2,1122,1366,1581,1825
DSC_3613.tif,3,3,2,3,4,2,3,2612,2916,2305,2609,10,3,2603,2897,2290,2584,9,2,2612,2890,2293,2571
DSC_3613.tif,3,3,2,3,5,2,4,2654,2958,1946,2250,10,4,2682,2936,1952,2206,9,5,2596,2824,1689,1917
DSC_3613.tif,3,3,2,3,6,2,4,2562,2856,1657,1951,10,4,2542,2830,1643,1931,9,,,,,
DSC_3613.tif,3,3,3,1,1,2,4,674,952,2928,3206,10,4,674,942,2925,3193,9,4,674,920,2940,3186
DSC_3613.tif,3,3,3,1,2,2,4,582,860,3185,3463,10,4,590,844,3159,3413,9,3,642,834,3237,3429
DSC_3613.tif,3,3,3,1,3,2,3,608,936,3459,3787,10,4,632,934,3447,3749,9,3,632,928,3480,3776
DSC_3613.tif,3,3,3,3,1,2,4,2035,2355,3076,3396,10,4,2064,2310,3124,3370,9,4,2085,2297,3134,3346
DSC_3613.tif,3,3,3,3,2,2,3,1862,2200,3332,3670,10,3,1904,2206,3353,3655,9,3,1888,2208,3370,3690
DSC_3613.tif,3,3,3,3,3,2,2,1914,2250,3628,3964,10,3,1932,2282,3610,3960,9,3,1938,2208,3649,3919
DSC_3614.tif,3,3,1,2,4,3,3,1847,2185,1250,1588,5,6,1850,2192,1275,1617,8,3,1880,2158,1264,1542
DSC_3614.tif,3,3,1,2,5,3,4,1887,2223,900,1236,5,6,1909,2219,902,1212,8,3,1914,2250,899,1235
DSC_3614.tif,3,3,1,2,6,3,4,1752,2048,618,914,5,6,1798,2014,683,899,8,4,1711,2149,608,1046
DSC_3614.tif,3,3,2,1,4,3,2,1047,1335,2198,2486,5,4,1022,1384,2173,2535,8,2,1049,1361,2166,2478
DSC_3614.tif,3,3,2,1,5,3,4,1065,1339,1890,2164,5,5,1074,1350,1890,2166,8,3,1054,1374,1900,2220
DSC_3614.tif,3,3,2,1,6,3,5,990,1272,1622,1904,5,6,1001,1251,1620,1870,8,4,996,1256,1631,1891
DSC_3614.tif,3,3,2,3,1,3,3,2065,2359,1602,1896,5,6,2088,2364,1597,1873,8,3,2124,2410,1593,1879
DSC_3614.tif,3,3,2,3,2,3,3,1948,2258,1840,2150,5,6,1919,2221,1824,2126,8,3,1930,2216,1880,2166
DSC_3614.tif,3,3,2,3,3,3,3,2008,2332,2156,2480,5,6,1884,2324,2140,2580,8,3,1972,2368,2111,2507
DSC_3614.tif,3,3,3,1,4,3,4,1198,1492,3476,3770,5,6,1170,1504,3470,3804,8,3,1206,1584,3404,3782
DSC_3614.tif,3,3,3,1,5,3,5,1216,1518,3146,3448,5,6,1218,1540,3157,3479,8,4,1230,1652,3101,3523
DSC_3614.tif,3,3,3,1,6,3,5,1107,1367,2922,3182,5,6,1097,1367,2910,3180,8,4,1070,1492,2877,3299
DSC_3614.tif,3,3,3,3,1,3,4,1854,2150,3005,3301,5,6,1818,2160,2959,3301,8,3,1804,2132,3021,3349
DSC_3614.tif,3,3,3,3,2,3,4,1778,2086,3339,3647,5,6,1738,2100,3325,3687,8,3,1762,2124,3308,3670
DSC_3614.tif,3,3,3,3,3,3,4,1904,2226,3649,3971,5,6,1876,2226,3656,4006,8,3,1972,2308,3666,4002
DSC_3615.tif,3,3,1,2,4,9,2,1786,2048,1289,1551,4,0,1776,2050,1300,1574,6,1,1744,2076,1274,1606
DSC_3615.tif,3,3,1,2,5,9,2,1820,2106,949,1235,4,1,1796,2100,941,1245,6,1,1787,2085,940,1238
DSC_3615.tif,3,3,1,2,6,9,2,1728,1914,742,928,4,1,1674,1906,710,942,6,1,1660,1958,650,948
DSC_3615.tif,3,3,2,1,1,9,3,579,805,1712,1938,4,2,560,778,1678,1896,6,1,546,800,1664,1918
DSC_3615.tif,3,3,2,1,2,9,1,410,688,1914,2192,4,1,380,674,1896,2190,6,1,370,642,1914,2186
DSC_3615.tif,3,3,2,1,3,9,,,,,,4,0,449,747,2248,2546,6,0,439,747,2256,2564
DSC_3615.tif,3,3,2,3,4,9,1,2326,2588,2367,2629,4,1,2318,2578,2356,2616,6,2,2305,2603,2326,2624
DSC_3615.tif,3,3,2,3,5,9,2,2401,2637,2074,2310,4,1,2390,2638,2052,2300,6,2,2406,2652,2041,2287
DSC_3615.tif,3,3,2,3,6,9,2,2267,2503,1804,2040,4,1,2261,2517,1796,2052,6,2,2247,2537,1756,2046
DSC_3615.tif,3,3,3,1,4,9,3,1306,1518,3736,3948,4,1,1294,1532,3744,3982,6,2,1274,1528,3752,4006
DSC_3615.tif,3,3,3,1,5,9,4,1274,1534,3430,3690,4,2,1270,1550,3439,3719,6,2,1274,1536,3442,3704
DSC_3615.tif,3,3,3,1,6,9,2,1164,1434,3109,3379,4,2,1138,1428,3085,3375,6,2,1160,1458,3072,3370
DSC_3615.tif,3,3,3,3,1,9,1,1955,2191,3034,3270,4,2,1906,2208,2982,3284,6,2,1918,2226,3002,3310
DSC_3615.tif,3,3,3,3,2,9,1,1778,2022,3636,3880,4,1,1747,2027,3294,3574,6,2,1742,2050,3282,3590
DSC_3615.tif,3,3,3,3,3,9,,,,,,4,0,1754,2010,3621,3877,6,2,1782,2080,3603,3901
DSC_3616.tif,3,3,1,2,4,9,4,1993,2297,1230,1534,4,1,2014,2290,1228,1504,6,2,1988,2322,1238,1572
DSC_3616.tif,3,3,1,2,5,9,4,1980,2300,902,1222,4,2,1980,2306,906,1232,6,2,1976,2318,878,1220
DSC_3616.tif,3,3,1,2,6,9,5,1896,2166,603,873,4,3,1896,2162,595,861,6,3,1870,2212,528,870
DSC_3616.tif,3,3,2,1,1,9,5,814,1066,1712,1964,4,1,774,1052,1679,1957,6,3,769,1067,1668,1966
DSC_3616.tif,3,3,2,1,2,9,2,561,873,1938,2250,4,1,574,858,1956,2240,6,1,562,904,1923,2265
DSC_3616.tif,3,3,2,1,3,9,2,490,852,2335,2697,4,0,495,821,2352,2678,6,1,466,826,2326,2686
DSC_3616.tif,3,3,2,3,1,9,5,2082,2350,1872,2140,4,1,2090,2338,1874,2122,6,1,2020,2352,1809,2141
DSC_3616.tif,3,3,2,3,2,9,3,1880,2150,2106,2376,4,1,1864,2166,2072,2374,6,0,1818,2150,2068,2400
DSC_3616.tif,3,3,2,3,3,9,2,1888,2166,2444,2722,4,0,1916,2176,2458,2718,6,0,1852,2204,2409,2761
DSC_3616.tif,3,3,3,1,1,9,3,860,1130,3194,3464,4,0,872,1114,3190,3432,6,1,818,1116,3138,3436
DSC_3616.tif,3,3,3,1,2,9,2,575,877,3430,3732,4,0,565,907,3398,3740,6,0,553,879,3396,3722
DSC_3616.tif,3,3,3,1,3,9,1,527,805,3808,4086,4,0,503,801,3788,4086,6,0,497,831,3774,4108
DSC_3616.tif,3,3,3,3,4,9,3,2503,2731,3834,4062,4,1,2494,2778,3820,4104,6,1,2484,2792,3809,4117
DSC_3616.tif,3,3,3,3,5,9,4,2494,2756,3488,3750,4,1,2481,2765,3460,3744,6,3,2466,2792,3440,3766
DSC_3616.tif,3,3,3,3,6,9,4,2376,2596,3243,3463,4,2,2366,2636,3195,3465,6,4,2357,2639,3168,3450
DSC_3617.tif,3,3,1,2,1,9,4,1484,1778,697,991,4,4,1526,1774,725,973,6,4,1492,1774,707,989
DSC_3617.tif,3,3,1,2,2,9,3,1328,1588,928,1188,4,1,1337,1579,930,1172,6,2,1308,1598,900,1190
DSC_3617.tif,3,3,1,2,3,9,2,1366,1644,1231,1509,4,1,1363,1619,1232,1488,6,1,1378,1642,1243,1507
DSC_3617.tif,3,3,2,1,4,9,4,1125,1555,2124,2554,4,4,1247,1475,2308,2536,6,3,1238,1484,2313,2559
DSC_3617.tif,3,3,2,1,5,9,4,1197,1467,2040,2310,4,4,1186,1442,2034,2290,6,3,1186,1466,2037,2317
DSC_3617.tif,3,3,2,1,6,9,4,1121,1415,1754,2048,4,4,1142,1366,1789,2013,6,4,1132,1378,1751,1997
DSC_3617.tif,3,3,2,3,1,9,4,2136,2382,1828,2074,4,3,2162,2346,1842,2026,6,4,2116,2352,1818,2054
DSC_3617.tif,3,3,2,3,2,9,4,2014,2224,2094,2304,4,4,2003,2265,2076,2338,6,3,1992,2264,2072,2344
DSC_3617.tif,3,3,2,3,3,9,4,2064,2318,2401,2655,4,3,2066,2328,2387,2649,6,3,2064,2318,2410,2664
DSC_3617.tif,3,3,3,1,4,9,3,1378,1648,3656,3926,4,2,1378,1658,3630,3910,6,2,1370,1668,3642,3940
DSC_3617.tif,3,3,3,1,5,9,3,1316,1610,3312,3606,4,3,1318,1588,3315,3585,6,3,1334,1624,3305,3595
DSC_3617.tif,3,3,3,1,6,9,4,1151,1429,3050,3328,4,4,1183,1411,3090,3318,6,4,1173,1453,3046,3326
DSC_3617.tif,3,3,3,3,4,9,3,2554,2840,3674,3960,4,2,2553,2827,3674,3948,6,3,2493,2861,3652,4020
DSC_3617.tif,3,3,3,3,5,9,3,2583,2877,3362,3656,4,3,2614,2856,3384,3626,6,3,2604,2884,3362,3642
DSC_3617.tif,3,3,3,3,6,9,3,2504,2730,3102,3328,4,4,2508,2726,3100,3318,6,3,2475,2765,3090,3380
DSC_3618.tif,3,3,1,2,1,10,2,1328,1588,724,984,9,3,1358,1576,768,986,4,4,1342,1588,736,982
DSC_3618.tif,3,3,1,2,2,10,2,1220,1472,942,1194,9,3,1240,1476,953,1189,4,4,1228,1464,940,1176
DSC_3618.tif,3,3,1,2,3,10,3,1142,1500,1188,1546,9,4,1206,1508,1181,1483,4,4,1191,1469,1210,1488
DSC_3618.tif,3,3,2,1,1,10,2,872,1090,1664,1882,9,3,874,1126,1678,1930,4,3,880,1098,1668,1886
DSC_3618.tif,3,3,2,1,2,10,1,643,951,1834,2142,9,3,700,952,1855,2107,4,2,692,964,1848,2120
DSC_3618.tif,3,3,2,1,3,10,1,632,928,2102,2398,9,2,679,941,2132,2394,4,2,672,960,2134,2422
DSC_3618.tif,3,3,2,3,1,10,4,1994,2282,1651,1939,9,4,2035,2271,1694,1930,4,4,2020,2266,1660,1906
DSC_3618.tif,3,3,2,3,2,10,4,1784,2142,1882,2240,9,3,1858,2136,1922,2200,4,4,1862,2140,1916,2194
DSC_3618.tif,3,3,2,3,3,10,3,1854,2170,2220,2536,9,3,1862,2192,2241,2571,4,2,1886,2162,2261,2537
DSC_3618.tif,3,3,3,1,1,10,4,967,1219,3020,3272,9,4,1206,2334,2326,3454,4,3,982,1218,3027,3263
DSC_3618.tif,3,3,3,1,2,10,3,738,1054,3191,3507,9,3,760,1028,3249,3517,4,2,739,1011,3208,3480
DSC_3618.tif,3,3,3,1,3,10,3,791,1071,3526,3806,9,3,834,1080,3572,3818,4,2,831,1087,3546,3802
DSC_3618.tif,3,3,3,2,4,10,,,,,,9,3,2588,2866,3527,3805,4,,,,,
DSC_3618.tif,3,3,3,2,5,10,,,,,,9,3,2503,2797,3194,3488,4,,,,,
DSC_3618.tif,3,3,3,3,3,10,,,,,,9,3,2596,2822,3548,3774,4,,,,,
DSC_3618.tif,3,3,3,3,4,10,2,2553,2869,3504,3820,9,3,2519,2789,3218,3488,4,1,2578,2858,3526,3806
DSC_3618.tif,3,3,3,3,5,10,2,2494,2830,3171,3507,9,4,2342,2578,2945,3181,4,1,2515,2799,3214,3498
DSC_3618.tif,3,3,3,3,6,10,2,2296,2592,2907,3203,9,,,,,,4,2,2346,2598,2943,3195
DSC_9231.TIF,3,3,1,1,1,9,6,540,764,259,483,4,6,516,774,249,507,6,5,492,754,241,503
DSC_9231.TIF,3,3,1,1,2,9,5,453,727,506,780,4,6,469,721,522,774,6,5,450,760,500,810
DSC_9231.TIF,3,3,1,1,3,9,5,478,758,783,1063,4,6,500,764,786,1050,6,5,462,812,752,1102
DSC_9231.TIF,3,3,1,1,5,9,3,1092,1310,394,612,4,4,1081,1311,404,634,6,4,1070,1332,384,646
DSC_9231.TIF,3,3,1,3,1,9,3,3914,4110,268,464,4,1,3852,4114,212,474,6,2,3826,4136,193,503
DSC_9231.TIF,3,3,1,3,4,9,4,4190,4420,980,1210,4,4,4154,4432,934,1212,6,4,4130,4452,930,1252
DSC_9231.TIF,3,3,1,3,5,9,4,4231,4501,606,876,4,4,4204,4492,590,878,6,4,4203,4483,586,866
DSC_9231.TIF,3,3,1,3,6,9,4,4172,4402,326,556,4,4,4158,4398,306,546,6,4,4163,4425,276,538
DSC_9231.TIF,3,3,2,2,1,9,5,2244,2468,954,1178,4,6,2243,2491,948,1196,6,5,2214,2494,904,1184
DSC_9231.TIF,3,3,2,2,2,9,6,2135,2369,1252,1486,4,6,2133,2401,1240,1508,6,6,2147,2405,1256,1514
DSC_9231.TIF,3,3,2,2,3,9,4,2198,2428,1543,1773,4,3,2192,2442,1523,1773,6,4,2174,2424,1520,1770
DSC_9231.TIF,3,3,2,2,5,9,5,2772,2942,1200,1370,4,5,2746,2972,1162,1388,6,5,2752,2956,1172,1376
DSC_9231.TIF,3,3,3,1,1,9,4,590,814,1742,1966,4,5,572,830,1725,1983,6,5,544,818,1713,1987
DSC_9231.TIF,3,3,3,1,2,9,3,506,714,2086,2294,4,4,467,727,2050,2310,6,4,480,754,2051,2325
DSC_9231.TIF,3,3,3,1,3,9,2,596,830,2379,2613,4,3,562,818,2357,2613,6,3,550,830,2340,2620
DSC_9231.TIF,3,3,3,1,6,9,3,836,1044,1624,1832,4,3,792,1066,1589,1863,6,3,807,1069,1584,1846
DSC_9231.TIF,3,3,3,3,2,9,3,3463,3705,1896,2138,4,2,3423,3719,1862,2158,6,2,3430,3740,1852,2162
DSC_9231.TIF,3,3,3,3,4,9,5,4077,4329,2322,2574,4,6,4035,4335,2294,2594,6,6,4025,4363,2268,2606
DSC_9231.TIF,3,3,3,3,5,9,4,4116,4346,1991,2221,4,6,4108,4360,1967,2219,6,5,4101,4381,1946,2226
DSC_9231.TIF,3,3,3,3,6,9,4,4022,4290,1720,1988,4,5,4022,4258,1730,1966,6,5,4019,4289,1700,1970
DSC_9232.TIF,3,3,1,1,2,6,3,498,714,352,568,3,3,504,744,332,572,5,6,510,736,343,569
DSC_9232.TIF,3,3,1,1,4,6,6,1012,1286,643,917,3,5,1046,1242,678,874,5,6,1034,1276,668,910
DSC_9232.TIF,3,3,1,1,5,6,6,1046,1310,438,702,3,6,1066,1300,456,690,5,6,1066,1302,452,688
DSC_9232.TIF,3,3,1,1,6,6,5,970,1234,176,440,3,4,956,1236,170,450,5,6,964,1214,211,461
DSC_9232.TIF,3,3,1,3,1,6,4,3634,3938,103,407,3,4,3681,3923,128,370,5,6,3676,3922,136,382
DSC_9232.TIF,3,3,1,3,2,6,5,3522,3780,365,623,3,5,3509,3763,374,628,5,6,3514,3790,376,652
DSC_9232.TIF,3,3,1,3,3,6,5,3508,3794,638,924,3,6,3520,3804,649,933,5,6,3500,3808,639,947
DSC_9232.TIF,3,3,1,3,4,6,3,4054,4328,705,979,3,3,4096,4376,688,968,5,3,4062,4360,708,1006
DSC_9232.TIF,3,3,2,2,1,6,5,2098,2408,812,1122,3,5,2094,2416,814,1136,5,6,2068,2388,824,1144
DSC_9232.TIF,3,3,2,2,2,6,5,1946,2284,1187,1525,3,4,1950,2282,1188,1520,5,6,1952,2264,1214,1526
DSC_9232.TIF,3,3,2,2,3,6,4,1897,2177,1554,1834,3,4,1898,2192,1567,1861,5,6,1880,2192,1564,1876
DSC_9232.TIF,3,3,2,2,6,6,3,2375,2691,772,1088,3,2,2412,2674,823,1085,5,3,2380,2686,794,1100
DSC_9232.TIF,3,3,3,1,1,6,4,638,906,1628,1896,3,4,636,908,1622,1894,5,6,632,916,1622,1906
DSC_9232.TIF,3,3,3,1,2,6,4,512,810,1864,2162,3,5,487,777,1846,2136,5,6,489,805,1862,2178
DSC_9232.TIF,3,3,3,1,3,6,4,489,757,2192,2460,3,5,501,749,2202,2450,5,6,461,759,2186,2484
DSC_9232.TIF,3,3,3,1,5,6,2,1088,1386,1926,2224,3,2,1104,1370,1922,2188,5,3,1062,1390,1894,2222
DSC_9232.TIF,3,3,3,3,1,6,5,3458,3728,1644,1914,3,5,3468,3710,1682,1924,5,6,3452,3716,1658,1922
DSC_9232.TIF,3,3,3,3,4,6,6,3900,4162,2314,2576,3,5,3896,4158,2300,2562,5,6,3904,4158,2322,2576
DSC_9232.TIF,3,3,3,3,5,6,6,3908,4200,1900,2192,3,6,3925,4169,1958,2202,5,6,3941,4209,1946,2214
DSC_9232.TIF,3,3,3,3,6,6,5,3803,4037,1666,1900,3,6,3794,4080,1620,1906,5,6,3785,4045,1656,1916
DSC_9233.TIF,3,3,1,1,1,3,0,440,772,190,522,5,0,452,746,213,507,8,0,456,702,256,502
DSC_9233.TIF,3,3,1,1,6,3,4,780,1040,198,458,5,6,786,1048,216,478,8,4,786,1038,208,460
DSC_9233.TIF,3,3,1,3,1,3,0,3584,3902,183,501,5,0,3628,3934,177,483,8,0,3472,3870,136,534
DSC_9233.TIF,3,3,1,3,6,3,2,4000,4308,167,475,5,6,4021,4289,172,440,8,2,3960,4330,130,500
DSC_9233.TIF,3,3,2,2,2,3,2,1837,2155,1122,1440,5,3,1845,2117,1166,1438,8,2,1778,2188,1080,1490
DSC_9233.TIF,3,3,2,2,5,3,0,2500,2832,1099,1431,5,0,2520,2866,1115,1461,8,0,2428,2804,1103,1479
DSC_9233.TIF,3,3,3,1,2,3,0,582,906,1888,2212,5,1,552,868,1877,2193,8,0,527,875,1868,2216
DSC_9233.TIF,3,3,3,1,5,3,0,1290,1608,1844,2162,5,0,1302,1640,1847,2185,8,0,1302,1632,1815,2145
DSC_9233.TIF,3,3,3,3,1,3,0,3174,3500,1656,1982,5,0,3186,3522,1640,1976,8,0,3158,3432,1644,1918
DSC_9233.TIF,3,3,3,3,6,3,1,3533,3851,1524,1842,5,4,3517,3863,1500,1846,8,2,3510,3880,1515,1885
DSC_9234.TIF,3,3,1,1,2,3,0,482,838,402,758,5,0,510,786,470,746,8,0,458,828,444,814
DSC_9234.TIF,3,3,1,1,5,3,3,1142,1410,528,796,5,4,1158,1420,530,792,8,3,1128,1426,472,770
DSC_9234.TIF,3,3,1,3,2,3,3,3328,3632,477,781,5,4,3330,3624,498,792,8,3,3280,3634,480,834
DSC_9234.TIF,3,3,1,3,5,3,0,3926,4234,498,806,5,1,3934,4268,497,831,8,0,3876,4212,484,820
DSC_9234.TIF,3,3,2,2,2,3,3,1884,2168,1139,1423,5,4,1880,2178,1171,1469,8,3,1807,2249,1078,1520
DSC_9234.TIF,3,3,2,2,5,3,0,2580,2892,1128,1440,5,0,2542,2884,1074,1416,8,0,2648,2850,1158,1360
DSC_9234.TIF,3,3,3,1,2,3,0,818,1156,1855,2193,5,0,776,1126,1870,2220,8,0,672,1192,1768,2288
DSC_9234.TIF,3,3,3,1,5,3,3,1398,1726,1897,2225,5,4,1434,1710,1935,2211,8,3,1342,1716,1892,2266
DSC_9234.TIF,3,3,3,3,2,3,0,3182,3570,1945,2333,5,0,3212,3570,1938,2296,8,0,3136,3646,1893,2403
DSC_9234.TIF,3,3,3,3,5,3,4,3822,4084,1951,2213,5,6,3826,4106,1959,2239,8,4,3791,4105,1936,2250
DSC_9235.TIF,3,3,1,1,1,3,3,580,810,328,558,5,,,,,,8,2,578,820,312,554
DSC_9235.TIF,3,3,1,1,2,3,,,,,,5,4,548,812,301,565,8,,,,,
DSC_9235.TIF,3,3,1,1,4,3,1,872,1148,884,1160,5,,,,,,8,,,,,
DSC_9235.TIF,3,3,1,1,5,3,3,852,1094,532,774,5,,,,,,8,2,892,1106,508,722
DSC_9235.TIF,3,3,1,1,6,3,3,838,1038,326,526,5,5,876,1138,514,776,8,3,856,1018,366,528
DSC_9235.TIF,3,3,1,2,1,3,,,,,,5,4,834,1062,312,540,8,,,,,
DSC_9235.TIF,3,3,1,3,1,3,2,3500,3780,192,472,5,4,3482,3792,164,474,8,2,3516,3786,214,484
DSC_9235.TIF,3,3,1,3,6,3,2,3777,4075,226,524,5,4,3796,4064,250,518,8,,,,,
DSC_9235.TIF,3,3,2,2,3,3,2,1716,2042,1654,1980,5,3,1762,2078,1654,1970,8,2,1740,2082,1684,2026
DSC_9235.TIF,3,3,2,2,4,3,2,2318,2650,1704,2036,5,3,2296,2678,1718,2100,8,2,2356,2630,1709,1983
DSC_9235.TIF,3,3,2,2,5,3,1,2323,2641,1412,1730,5,,,,,,8,,,,,
DSC_9235.TIF,3,3,2,2,6,3,0,2236,2540,1052,1356,5,,,,,,8,,,,,
DSC_9235.TIF,3,3,3,1,2,3,2,664,964,1886,2186,5,2,662,968,1894,2200,8,1,612,954,1876,2218
DSC_9235.TIF,3,3,3,1,5,3,4,1251,1545,1926,2220,5,6,1276,1596,1947,2267,8,4,1290,1582,1940,2232
DSC_9235.TIF,3,3,3,3,1,3,1,3181,3489,1720,2028,5,2,3176,3496,1712,2032,8,,,,,
DSC_9235.TIF,3,3,3,3,2,3,3,3056,3328,2003,2275,5,3,3040,3388,1969,2317,8,2,3054,3356,1992,2294
DSC_9235.TIF,3,3,3,3,3,3,1,3055,3339,2324,2608,5,1,3014,3356,2320,2662,8,,,,,
DSC_9235.TIF,3,3,3,3,5,3,3,3640,3908,1975,2243,5,4,3608,3914,1968,2274,8,3,3603,3963,1946,2306
DSC_9236.TIF,3,3,1,1,1,3,1,580,874,246,540,5,,,,,,8,,,,,
DSC_9236.TIF,3,3,1,1,2,3,3,439,697,514,772,5,4,430,728,492,790,8,2,405,769,444,808
DSC_9236.TIF,3,3,1,1,5,3,4,1179,1413,520,754,5,5,1162,1424,530,792,8,4,1145,1453,478,786
DSC_9236.TIF,3,3,1,3,1,3,0,3730,4042,100,412,5,,,,,,8,,,,,
DSC_9236.TIF,3,3,1,3,2,3,2,3561,3883,384,706,5,3,3558,3860,407,709,8,2,3447,3879,320,752
DSC_9236.TIF,3,3,1,3,5,3,3,4154,4450,514,810,5,4,4172,4452,531,811,8,3,4198,4478,528,808
DSC_9236.TIF,3,3,2,2,1,3,1,2045,2349,796,1100,5,,,,,,8,,,,,
DSC_9236.TIF,3,3,2,2,2,3,3,1924,2190,1080,1346,5,3,1940,2220,1074,1354,8,2,1835,2227,988,1380
DSC_9236.TIF,3,3,2,2,5,3,3,2565,2807,1104,1346,5,4,2564,2840,1096,1372,8,3,2568,2844,1060,1336
DSC_9236.TIF,3,3,3,1,1,3,3,882,1172,1548,1838,5,4,914,1172,1552,1810,8,3,864,1190,1492,1818
DSC_9236.TIF,3,3,3,1,4,3,0,1214,1508,2262,2556,5,,,,,,8,,,,,
DSC_9236.TIF,3,3,3,1,5,3,1,1250,1578,1888,2216,5,,,,,,8,,,,,
DSC_9236.TIF,3,3,3,1,6,3,3,1164,1492,1566,1894,5,3,1184,1476,1592,1884,8,2,1196,1510,1596,1910
DSC_9236.TIF,3,3,3,3,1,3,1,3322,3622,1542,1842,5,,,,,,8,,,,,
DSC_9236.TIF,3,3,3,3,2,3,3,3178,3444,1786,2052,5,3,3170,3460,1796,2086,8,3,3197,3517,1772,2092
DSC_9236.TIF,3,3,3,3,3,3,1,3164,3506,2140,2482,5,,,,,,8,,,,,
DSC_9236.TIF,3,3,3,3,5,3,5,3856,4102,1796,2042,5,6,3885,4121,1806,2042,8,5,3884,4186,1790,2092
DSC_9237.TIF,3,3,1,1,1,8,6,556,882,169,495,2,5,593,879,208,494,10,4,583,891,170,478
DSC_9237.TIF,3,3,1,1,6,8,6,848,1228,119,499,2,6,920,1206,200,486,10,5,924,1176,206,458
DSC_9237.TIF,3,3,1,3,2,8,4,3598,3906,428,736,2,3,3624,3908,428,712,10,3,3637,3903,440,706
DSC_9237.TIF,3,3,1,3,5,8,4,4139,4481,382,724,2,4,4156,4464,453,761,10,3,4171,4437,454,720
DSC_9237.TIF,3,3,2,2,1,8,3,2124,2414,826,1116,2,2,2092,2418,822,1148,10,2,2112,2402,821,1111
DSC_9237.TIF,3,3,2,2,6,8,3,2428,2714,802,1088,2,3,2428,2714,814,1100,10,1,2430,2678,841,1089
DSC_9237.TIF,3,3,3,1,1,8,4,763,1039,1604,1880,2,4,766,1064,1570,1868,10,3,772,1038,1596,1862
DSC_9237.TIF,3,3,3,1,6,8,6,1084,1426,1545,1887,2,5,1069,1389,1542,1862,10,4,1070,1332,1571,1833
DSC_9237.TIF,3,3,3,3,2,8,2,3455,3779,1902,2226,2,3,3494,3824,1925,2255,10,2,3514,3800,1949,2235
DSC_9237.TIF,3,3,3,3,5,8,4,4103,4371,2026,2294,2,3,4107,4377,2036,2306,10,3,4112,4360,2024,2272
DSC_9238.TIF,3,3,1,1,1,6,4,550,812,281,543,3,4,542,832,253,543,5,6,566,846,242,522
DSC_9238.TIF,3,3,1,1,5,6,,,,,,3,,,,,,5,6,890,1166,231,507
DSC_9238.TIF,3,3,1,1,6,6,4,897,1161,234,498,3,4,888,1146,236,494,5,,,,,
DSC_9238.TIF,3,3,1,2,1,6,,,,,,3,,,,,,5,4,3592,3886,261,555
DSC_9238.TIF,3,3,1,2,6,6,,,,,,3,,,,,,5,4,3918,4202,242,526
DSC_9238.TIF,3,3,1,3,1,6,1,3634,3908,279,553,3,3,3618,3894,296,572,5,,,,,
DSC_9238.TIF,3,3,1,3,6,6,2,3941,4203,270,532,3,3,3895,4227,220,552,5,,,,,
DSC_9238.TIF,3,3,2,1,2,6,,,,,,3,,,,,,5,3,1810,2108,1258,1556
DSC_9238.TIF,3,3,2,1,5,6,,,,,,3,,,,,,5,3,2380,2682,1254,1556
DSC_9238.TIF,3,3,2,2,2,6,1,1834,2086,1274,1526,3,2,1824,2108,1289,1573,5,,,,,
DSC_9238.TIF,3,3,2,2,5,6,1,2408,2676,1275,1543,3,2,2402,2678,1255,1531,5,,,,,
DSC_9238.TIF,3,3,2,3,2,6,,,,,,3,,,,,,5,3,596,850,1985,2239
DSC_9238.TIF,3,3,2,3,4,6,,,,,,3,,,,,,5,4,1202,1460,1977,2235
DSC_9238.TIF,3,3,3,1,2,6,1,602,872,1957,2227,3,2,606,854,1978,2226,5,,,,,
DSC_9238.TIF,3,3,3,1,3,6,,,,,,3,,,,,,5,4,3058,3344,2274,2560
DSC_9238.TIF,3,3,3,1,4,6,,,,,,3,,,,,,5,5,3690,4018,2336,2664
DSC_9238.TIF,3,3,3,1,5,6,1,1192,1450,1954,2212,3,3,1212,1458,1971,2217,5,,,,,
DSC_9238.TIF,3,3,3,3,3,6,2,3062,3342,2297,2577,3,3,3016,3386,2182,2552,5,3,3080,3418,2280,2618
DSC_9238.TIF,3,3,3,3,4,6,4,3692,3984,2320,2612,3,4,3702,3992,2347,2637,5,5,3670,4046,2358,2734
DSC_9239.TIF,3,3,1,1,1,9,4,590,882,267,559,4,2,600,874,281,555,6,2,602,872,287,557
DSC_9239.TIF,3,3,1,1,2,9,4,404,714,535,845,4,2,427,685,550,808,6,2,407,711,520,824
DSC_9239.TIF,3,3,1,1,3,9,3,374,766,836,1228,4,1,425,707,912,1194,6,1,392,736,845,1189
DSC_9239.TIF,3,3,1,1,5,9,4,1101,1369,596,864,4,1,1098,1350,594,846,6,1,1085,1359,574,848
DSC_9239.TIF,3,3,1,3,1,9,5,3522,3876,127,481,4,3,3573,3863,162,452,6,4,3570,3880,144,454
DSC_9239.TIF,3,3,1,3,2,9,2,3425,3727,472,774,4,0,3438,3678,496,736,6,1,3424,3750,448,774
DSC_9239.TIF,3,3,1,3,3,9,1,3404,3686,830,1112,4,0,3418,3668,824,1074,6,0,3424,3680,819,1075
DSC_9239.TIF,3,3,1,3,6,9,5,3870,4150,127,407,4,2,3896,4146,144,394,6,3,3926,4154,152,380
DSC_9239.TIF,3,3,2,2,3,9,3,1898,2230,1408,1740,4,1,1950,2190,1478,1718,6,2,1910,2208,1449,1747
DSC_9239.TIF,3,3,2,2,4,9,3,2574,2810,1506,1742,4,1,2578,2824,1476,1722,6,1,2564,2828,1490,1754
DSC_9239.TIF,3,3,2,2,5,9,3,2541,2861,1078,1398,4,2,2544,2828,1124,1408,6,3,2559,2851,1104,1396
DSC_9239.TIF,3,3,2,2,6,9,4,2474,2798,736,1060,4,4,2475,2775,732,1032,6,4,2457,2795,702,1040
DSC_9239.TIF,3,3,3,1,1,9,4,988,1256,1605,1873,4,2,970,1218,1596,1844,6,3,964,1246,1586,1868
DSC_9239.TIF,3,3,3,1,4,9,2,1492,1734,2249,2491,4,1,1480,1736,2227,2483,6,1,1473,1741,2226,2494
DSC_9239.TIF,3,3,3,1,5,9,3,1453,1733,1924,2204,4,3,1448,1720,1925,2197,6,3,1458,1710,1916,2168
DSC_9239.TIF,3,3,3,1,6,9,4,1262,1514,1557,1809,4,3,1260,1496,1551,1787,6,2,1250,1508,1537,1795
DSC_9239.TIF,3,3,3,3,1,9,2,3085,3405,1570,1890,4,1,3097,3393,1578,1874,6,1,3065,3421,1548,1904
DSC_9239.TIF,3,3,3,3,2,9,3,2907,3261,1896,2250,4,1,2909,3233,1916,2240,6,2,2912,3228,1904,2220
DSC_9239.TIF,3,3,3,3,3,9,2,2934,3230,2311,2607,4,1,2960,3230,2320,2590,6,1,2919,3251,2262,2594
DSC_9239.TIF,3,3,3,3,5,9,4,3594,3926,1960,2292,4,2,3602,3912,1964,2274,6,3,3588,3926,1961,2299
DSC_9240.TIF,3,3,1,1,3,5,6,460,746,892,1178,8,4,444,798,839,1193,2,4,442,766,876,1200
DSC_9240.TIF,3,3,1,1,4,5,6,986,1294,857,1165,8,4,1000,1346,840,1186,2,3,1016,1284,851,1119
DSC_9240.TIF,3,3,1,1,5,5,5,1008,1328,531,851,8,4,1028,1336,515,823,2,4,1010,1330,537,857
DSC_9240.TIF,3,3,1,1,6,5,4,916,1210,178,472,8,4,904,1262,142,500,2,3,932,1184,198,450
DSC_9240.TIF,3,3,1,3,1,5,4,3470,3808,149,487,8,4,3500,3848,169,517,2,3,3486,3822,152,488
DSC_9240.TIF,3,3,1,3,2,5,4,3330,3662,433,765,8,3,3354,3668,447,761,2,3,3357,3649,466,758
DSC_9240.TIF,3,3,1,3,3,5,4,3316,3654,749,1087,8,3,3376,3624,783,1031,2,2,3340,3632,764,1056
DSC_9240.TIF,3,3,1,3,6,5,4,3900,4198,152,450,8,3,3880,4218,149,487,2,2,3883,4197,142,456
DSC_9240.TIF,3,3,2,2,1,5,1,2108,2446,875,1213,8,1,2138,2496,834,1192,2,1,2132,2456,879,1203
DSC_9240.TIF,3,3,2,2,2,5,,,,,,8,0,2067,2325,1302,1560,2,1,2037,2345,1262,1570
DSC_9240.TIF,3,3,2,2,3,5,3,2069,2315,1582,1828,8,3,2070,2372,1568,1870,2,3,2048,2322,1552,1826
DSC_9240.TIF,3,3,2,2,4,5,3,2700,2984,1535,1819,8,2,2698,2984,1518,1804,2,3,2717,2981,1514,1778
DSC_9240.TIF,3,3,3,1,2,5,3,728,1082,1839,2193,8,1,690,1088,1796,2194,2,2,724,1066,1851,2193
DSC_9240.TIF,3,3,3,1,4,5,1,1394,1726,2135,2467,8,1,1414,1846,2084,2516,2,1,1402,1716,2120,2434
DSC_9240.TIF,3,3,3,1,5,5,3,1446,1788,1792,2134,8,2,1481,1779,1834,2132,2,3,1442,1796,1806,2160
DSC_9240.TIF,3,3,3,1,6,5,2,1342,1662,1523,1843,8,1,1312,1762,1463,1913,2,1,1324,1660,1518,1854
DSC_9240.TIF,3,3,3,3,1,5,2,3179,3525,1586,1932,8,1,3230,3494,1669,1933,2,0,3177,3519,1576,1918
DSC_9240.TIF,3,3,3,3,2,5,3,3050,3400,2038,2388,8,1,3090,3416,2036,2362,2,2,3057,3421,2014,2378
DSC_9240.TIF,3,3,3,3,3,5,4,3027,3351,2370,2694,8,3,3034,3342,2331,2639,2,4,3056,3360,2369,2673
DSC_9240.TIF,3,3,3,3,4,5,3,3735,4029,2414,2708,8,2,3757,4077,2378,2698,2,3,3750,4068,2396,2714
DSC_9241.TIF,3,3,1,1,2,5,4,408,724,456,772,8,3,410,758,430,778,2,3,396,750,438,792
DSC_9241.TIF,3,3,1,1,4,5,3,1004,1372,761,1129,8,3,1234,1398,892,1056,2,4,1010,1342,741,1073
DSC_9241.TIF,3,3,1,1,5,5,4,1056,1376,417,737,8,3,1072,1402,428,758,2,3,1038,1370,418,750
DSC_9241.TIF,3,3,1,1,6,5,4,916,1224,158,466,8,3,926,1228,144,446,2,3,918,1226,158,466
DSC_9241.TIF,3,3,1,3,1,5,1,3562,3938,203,579,8,,,,,,2,,,,,
DSC_9241.TIF,3,3,1,3,2,5,2,3468,3814,558,904,8,1,3432,3796,556,920,2,1,3463,3833,544,914
DSC_9241.TIF,3,3,1,3,3,5,1,3436,3782,950,1296,8,,,,,,2,,,,,
DSC_9241.TIF,3,3,1,3,5,5,3,4100,4430,552,882,8,2,4420,4420,870,870,2,3,4105,4431,550,876
DSC_9241.TIF,3,3,2,2,3,5,3,1792,2156,1374,1738,8,2,1800,2142,1375,1717,2,2,1806,2160,1363,1717
DSC_9241.TIF,3,3,2,2,5,5,4,2397,2699,996,1298,8,3,2395,2743,994,1342,2,4,2396,2670,1016,1290
DSC_9241.TIF,3,3,2,2,6,5,5,2270,2582,642,954,8,3,2292,2576,686,970,2,4,2277,2569,656,948
DSC_9241.TIF,3,3,3,1,1,5,4,1077,1387,1570,1880,8,4,1083,1391,1582,1890,2,4,1078,1392,1582,1896
DSC_9241.TIF,3,3,3,1,2,5,3,837,1109,1766,2038,8,3,836,1144,1768,2076,2,3,875,1139,1762,2026
DSC_9241.TIF,3,3,3,1,3,5,4,796,1138,2064,2406,8,3,792,1084,2123,2415,2,3,802,1122,2064,2384
DSC_9241.TIF,3,3,3,1,5,5,6,1442,1744,1951,2253,8,,,,,,2,5,1454,1750,1955,2251
DSC_9241.TIF,3,3,3,3,1,5,4,3054,3356,1668,1970,8,3,3068,3416,1610,1958,2,4,3071,3357,1672,1958
DSC_9241.TIF,3,3,3,3,2,5,4,2900,3256,1978,2334,8,3,2858,3228,1980,2350,2,3,2900,3236,1992,2328
DSC_9241.TIF,3,3,3,3,3,5,4,3006,3308,2283,2585,8,2,2934,3304,2258,2628,2,1,2992,3324,2282,2614
DSC_9241.TIF,3,3,3,3,4,5,5,3567,3855,2332,2620,8,4,3581,3879,2266,2564,2,4,3562,3870,2311,2619
DSC_9242.TIF,3,3,1,1,2,4,2,528,856,526,854,6,2,526,854,520,848,3,3,522,816,538,832
DSC_9242.TIF,3,3,1,1,4,4,3,1044,1316,878,1150,6,2,1024,1320,881,1177,3,4,1017,1321,838,1142
DSC_9242.TIF,3,3,1,1,5,4,2,1030,1342,468,780,6,1,1008,1358,456,806,3,3,1036,1354,472,790
DSC_9242.TIF,3,3,1,1,6,4,2,925,1187,174,436,6,2,924,1222,149,447,3,3,912,1206,171,465
DSC_9242.TIF,3,3,1,3,1,4,1,3338,3616,253,531,6,0,3318,3622,240,544,3,0,3302,3606,258,562
DSC_9242.TIF,3,3,1,3,2,4,2,3278,3542,621,885,6,1,3260,3552,608,900,3,1,3275,3577,600,902
DSC_9242.TIF,3,3,1,3,3,4,1,3278,3556,885,1163,6,1,3272,3570,854,1152,3,1,3272,3598,843,1169
DSC_9242.TIF,3,3,1,3,6,4,1,3659,3953,158,452,6,1,3649,3975,118,444,3,1,3619,3951,146,478
DSC_9242.TIF,3,3,2,2,1,4,4,2032,2306,795,1069,6,4,2028,2320,784,1076,3,3,1983,2333,758,1108
DSC_9242.TIF,3,3,2,2,4,4,3,2478,2748,1476,1746,6,4,2449,2769,1450,1770,3,3,2460,2736,1468,1744
DSC_9242.TIF,3,3,2,2,5,4,4,2469,2739,1140,1410,6,5,2460,2740,1134,1414,3,4,2419,2751,1118,1450
DSC_9242.TIF,3,3,2,2,6,4,0,2326,2600,844,1118,6,0,2337,2635,812,1110,3,0,2332,2660,818,1146
DSC_9242.TIF,3,3,3,1,3,4,5,486,776,2352,2642,6,5,450,760,2334,2644,3,5,472,796,2339,2663
DSC_9242.TIF,3,3,3,1,4,4,4,1206,1452,2307,2553,6,5,1202,1464,2302,2564,3,4,1170,1468,2291,2589
DSC_9242.TIF,3,3,3,1,5,4,6,1169,1429,2022,2282,6,6,1164,1450,2004,2290,3,6,1118,1468,1980,2330
DSC_9242.TIF,3,3,3,1,6,4,6,1040,1308,1710,1978,6,6,1046,1310,1717,1981,3,5,982,1304,1656,1978
DSC_9242.TIF,3,3,3,3,1,4,1,2934,3228,1682,1976,6,1,2922,3224,1664,1966,3,0,2923,3241,1664,1982
DSC_9242.TIF,3,3,3,3,2,4,0,2836,3170,1977,2311,6,1,2840,3172,1964,2296,3,0,2800,3140,1973,2313
DSC_9242.TIF,3,3,3,3,3,4,0,2880,3186,2311,2617,6,1,2868,3190,2311,2633,3,0,2855,3197,2304,2646
DSC_9242.TIF,3,3,3,3,6,4,1,3272,3518,1612,1858,6,1,3242,3540,1566,1864,3,1,3242,3592,1562,1912
_DSC0023.tif,2,4,1,1,1,10,3,456,688,948,1180,9,2,490,680,991,1181,4,3,464,686,968,1190
_DSC0023.tif,2,4,1,1,2,10,0,312,582,1143,1413,9,0,376,592,1187,1403,4,0,336,562,1164,1390
_DSC0023.tif,2,4,1,1,3,10,2,286,540,1378,1632,9,2,306,508,1417,1619,4,1,277,491,1408,1622
_DSC0023.tif,2,4,1,1,4,10,0,402,636,1616,1850,9,0,388,636,1596,1844,4,0,398,608,1632,1842
_DSC0023.tif,2,4,1,1,5,10,0,742,1000,1575,1833,9,0,782,978,1597,1793,4,0,776,990,1595,1809
_DSC0023.tif,2,4,1,1,6,10,1,868,1128,1351,1611,9,0,890,1112,1362,1584,4,0,901,1111,1354,1564
_DSC0023.tif,2,4,1,1,7,10,0,895,1105,1144,1354,9,0,882,1086,1152,1356,4,0,864,1086,1150,1372
_DSC0023.tif,2,4,1,1,8,10,1,726,948,942,1164,9,0,738,946,960,1168,4,0,722,932,954,1164
_DSC0023.tif,2,4,1,2,1,10,3,1706,1960,926,1180,9,3,1726,1942,944,1160,4,3,1714,1932,944,1162
_DSC0023.tif,2,4,1,2,2,10,0,1492,1778,1085,1371,9,0,1524,1752,1131,1359,4,0,1517,1741,1122,1346
_DSC0023.tif,2,4,1,2,3,10,0,1412,1736,1348,1672,9,0,1454,1670,1403,1619,4,0,1425,1685,1372,1632
_DSC0023.tif,2,4,1,2,4,10,0,1609,1831,1560,1782,9,0,1631,1797,1612,1778,4,0,1634,1816,1590,1772
_DSC0023.tif,2,4,1,2,5,10,0,2000,2286,1634,1920,9,0,1988,2228,1645,1885,4,0,1986,2268,1671,1953
_DSC0023.tif,2,4,1,2,6,10,0,2169,2413,1450,1694,9,0,2172,2386,1468,1682,4,0,2158,2362,1478,1682
_DSC0023.tif,2,4,1,2,7,10,0,2146,2384,1212,1450,9,0,2110,2346,1206,1442,4,0,2091,2351,1208,1468
_DSC0023.tif,2,4,1,2,8,10,0,1974,2244,936,1206,9,0,1990,2206,978,1194,4,0,1969,2193,962,1186
_DSC0023.tif,2,4,1,3,1,10,0,3248,3448,877,1077,9,0,3221,3443,870,1092,4,0,3235,3413,872,1050
_DSC0023.tif,2,4,1,3,2,10,4,3132,3370,1033,1271,9,4,3160,3332,1089,1261,4,4,3147,3333,1078,1264
_DSC0023.tif,2,4,1,3,3,10,0,3023,3267,1302,1546,9,0,3022,3294,1293,1565,4,0,3032,3274,1304,1546
_DSC0023.tif,2,4,1,3,4,10,0,3105,3401,1550,1846,9,0,3110,3364,1594,1848,4,0,3114,3384,1590,1860
_DSC0023.tif,2,4,1,3,5,10,0,3563,3885,1450,1772,9,0,3615,3773,1518,1676,4,0,3592,3842,1474,1724
_DSC0023.tif,2,4,1,3,6,10,1,3702,3950,1275,1523,9,1,3688,3948,1280,1540,4,1,3719,3933,1308,1522
_DSC0023.tif,2,4,1,3,7,10,1,3599,3843,1090,1334,9,0,3606,3814,1106,1314,4,0,3577,3803,1114,1340
_DSC0023.tif,2,4,1,3,8,10,0,3446,3710,820,1084,9,0,3490,3694,882,1086,4,0,3492,3684,904,1096
_DSC0023.tif,2,4,1,4,1,10,0,4522,4792,800,1070,9,0,4595,4741,870,1016,4,0,4557,4753,832,1028
_DSC0023.tif,2,4,1,4,2,10,2,4426,4692,981,1247,9,1,4424,4640,1041,1257,4,1,4442,4648,1041,1247
_DSC0023.tif,2,4,1,4,3,10,0,4274,4628,1209,1563,9,0,4303,4601,1296,1594,4,0,4294,4562,1248,1516
_DSC0023.tif,2,4,1,4,4,10,1,4336,4622,1550,1836,9,0,4322,4570,1556,1804,4,0,4338,4606,1566,1834
_DSC0023.tif,2,4,1,4,5,10,1,4924,5230,1556,1862,9,0,4956,5198,1590,1832,4,0,4902,5162,1570,1830
_DSC0023.tif,2,4,1,4,6,10,1,4976,5288,1288,1600,9,0,4970,5224,1299,1553,4,0,4976,5226,1300,1550
_DSC0023.tif,2,4,1,4,7,10,1,4892,5146,1058,1312,9,0,4900,5122,1058,1280,4,0,4880,5126,1043,1289
_DSC0023.tif,2,4,1,4,8,10,1,4762,5012,788,1038,9,0,4801,5011,838,1048,4,0,4763,5001,808,1046
_DSC0023.tif,2,4,2,1,1,10,0,392,636,2187,2431,9,0,420,636,2231,2447,4,0,418,644,2217,2443
_DSC0023.tif,2,4,2,1,2,10,1,228,530,2435,2737,9,0,273,477,2482,2686,4,0,248,518,2455,2725
_DSC0023.tif,2,4,2,1,3,10,3,202,440,2756,2994,9,3,185,459,2742,3016,4,3,197,423,2756,2982
_DSC0023.tif,2,4,2,1,4,10,1,324,578,3042,3296,9,0,324,546,3012,3234,4,0,308,540,3009,3241
_DSC0023.tif,2,4,2,1,5,10,1,810,1080,2917,3187,9,0,820,1092,2904,3176,4,0,790,1050,2911,3171
_DSC0023.tif,2,4,2,1,6,10,1,894,1186,2676,2968,9,0,914,1106,2703,2895,4,0,920,1160,2692,2932
_DSC0023.tif,2,4,2,1,7,10,1,844,1104,2428,2688,9,1,816,1032,2462,2678,4,0,825,1053,2442,2670
_DSC0023.tif,2,4,2,1,8,10,0,672,948,2166,2442,9,0,711,895,2222,2406,4,0,658,944,2142,2428
_DSC0023.tif,2,4,2,2,1,10,0,1646,1910,2190,2454,9,0,1696,1860,2251,2415,4,0,1677,1865,2222,2410
_DSC0023.tif,2,4,2,2,2,10,0,1524,1842,2343,2661,9,0,1580,1778,2418,2616,4,0,1532,1746,2398,2612
_DSC0023.tif,2,4,2,2,3,10,3,1456,1756,2598,2898,9,3,1454,1688,2619,2853,4,3,1468,1690,2633,2855
_DSC0023.tif,2,4,2,2,4,10,1,1550,1836,2861,3147,9,0,1588,1784,2908,3104,4,0,1554,1804,2884,3134
_DSC0023.tif,2,4,2,2,5,10,1,1941,2201,2840,3100,9,0,1991,2219,2856,3084,4,0,1946,2160,2860,3074
_DSC0023.tif,2,4,2,2,6,10,0,2122,2348,2635,2861,9,0,2120,2292,2672,2844,4,0,2117,2331,2636,2850
_DSC0023.tif,2,4,2,2,7,10,2,2006,2264,2392,2650,9,1,2012,2234,2415,2637,4,1,2010,2222,2415,2627
_DSC0023.tif,2,4,2,2,8,10,1,1894,2106,2195,2407,9,0,1914,2098,2234,2418,4,0,1900,2092,2198,2390
_DSC0023.tif,2,4,2,3,1,10,1,3152,3390,2229,2467,9,1,3148,3396,2276,2524,4,0,3156,3356,2266,2466
_DSC0023.tif,2,4,2,3,2,10,0,2994,3284,2389,2679,9,0,3022,3282,2425,2685,4,0,3033,3239,2450,2656
_DSC0023.tif,2,4,2,3,3,10,0,2920,3252,2604,2936,9,0,2964,3230,2634,2900,4,0,2980,3214,2650,2884
_DSC0023.tif,2,4,2,3,4,10,0,3042,3316,2904,3178,9,0,3072,3288,2904,3120,4,0,3042,3292,2902,3152
_DSC0023.tif,2,4,2,3,5,10,2,3448,3740,2817,3109,9,2,3484,3700,2856,3072,4,2,3480,3700,2850,3070
_DSC0023.tif,2,4,2,3,6,10,2,3596,3856,2581,2841,9,0,3592,3866,2557,2831,4,0,3646,3848,2600,2802
_DSC0023.tif,2,4,2,3,7,10,1,3447,3731,2376,2660,9,0,3513,3715,2438,2640,4,0,3484,3710,2442,2668
_DSC0023.tif,2,4,2,3,8,10,0,3390,3634,2192,2436,9,0,3408,3612,2196,2400,4,0,3410,3616,2181,2387
_DSC0023.tif,2,4,2,4,1,10,1,4406,4712,2175,2481,9,0,4436,4684,2196,2444,4,0,4442,4670,2205,2433
_DSC0023.tif,2,4,2,4,2,10,0,4316,4606,2439,2729,9,0,4334,4550,2444,2660,4,0,4304,4572,2456,2724
_DSC0023.tif,2,4,2,4,3,10,1,4242,4516,2680,2954,9,0,4290,4564,2697,2971,4,0,4260,4520,2703,2963
_DSC0023.tif,2,4,2,4,4,10,1,4426,4702,2914,3190,9,0,4430,4684,2920,3174,4,0,4434,4676,2917,3159
_DSC0023.tif,2,4,2,4,5,10,2,4762,5016,2910,3164,9,2,4836,5008,2938,3110,4,1,4802,5044,2905,3147
_DSC0023.tif,2,4,2,4,6,10,1,4930,5220,2680,2970,9,0,4975,5205,2716,2946,4,0,4953,5185,2718,2950
_DSC0023.tif,2,4,2,4,7,10,1,4982,5220,2409,2647,9,1,5008,5224,2431,2647,4,0,4988,5222,2418,2652
_DSC0023.tif,2,4,2,4,8,10,1,4749,5045,2190,2486,9,0,4766,5032,2238,2504,4,0,4754,5032,2214,2492
_DSC0024.tif,2,4,1,1,1,4,0,802,1044,804,1046,6,0,788,1032,821,1065,3,0,781,1029,810,1058
_DSC0024.tif,2,4,1,1,2,4,0,618,880,1025,1287,6,0,628,894,1031,1297,3,0,630,878,1038,1286
_DSC0024.tif,2,4,1,1,3,4,0,600,854,1307,1561,6,0,676,946,1267,1537,3,0,649,877,1318,1546
_DSC0024.tif,2,4,1,1,4,4,3,775,971,1528,1724,6,4,744,1010,1494,1760,3,4,792,982,1530,1720
_DSC0024.tif,2,4,1,1,5,4,0,1140,1394,1457,1711,6,0,1124,1442,1465,1783,3,0,1157,1411,1486,1740
_DSC0024.tif,2,4,1,1,6,4,0,1278,1510,1214,1446,6,0,1218,1568,1161,1511,3,0,1286,1576,1205,1495
_DSC0024.tif,2,4,1,1,7,4,0,1144,1386,981,1223,6,0,1144,1436,945,1237,3,0,1162,1426,980,1244
_DSC0024.tif,2,4,1,1,8,4,0,1025,1201,800,976,6,0,1058,1296,791,1029,3,0,1014,1236,800,1022
_DSC0024.tif,2,4,1,2,1,4,1,1996,2178,867,1049,6,0,1964,2176,840,1052,3,2,1984,2180,868,1064
_DSC0024.tif,2,4,1,2,2,4,0,1842,2060,1031,1249,6,0,1812,2084,998,1270,3,0,1846,2106,1042,1302
_DSC0024.tif,2,4,1,2,3,4,0,1764,2000,1275,1511,6,0,1766,2016,1261,1511,3,0,1740,2026,1270,1556
_DSC0024.tif,2,4,1,2,4,4,2,1846,2086,1532,1772,6,5,1798,2056,1498,1756,3,3,1846,2100,1503,1757
_DSC0024.tif,2,4,1,2,5,4,1,2337,2539,1426,1628,6,1,2333,2565,1422,1654,3,2,2346,2558,1434,1646
_DSC0024.tif,2,4,1,2,6,4,0,2404,2632,1205,1433,6,0,2348,2638,1171,1461,3,0,2439,2671,1196,1428
_DSC0024.tif,2,4,1,2,7,4,0,2338,2550,976,1188,6,0,2320,2546,995,1221,3,0,2348,2586,990,1228
_DSC0024.tif,2,4,1,2,8,4,1,2174,2378,804,1008,6,1,2172,2404,794,1026,3,2,2163,2423,788,1048
_DSC0024.tif,2,4,1,3,1,4,0,3220,3442,870,1092,6,0,3186,3452,820,1086,3,0,3226,3432,908,1114
_DSC0024.tif,2,4,1,3,2,4,0,3082,3342,1018,1278,6,0,3091,3335,1026,1270,3,0,3136,3354,1074,1292
_DSC0024.tif,2,4,1,3,3,4,0,3012,3264,1294,1546,6,0,3018,3244,1296,1522,3,0,3021,3253,1350,1582
_DSC0024.tif,2,4,1,3,4,4,0,3166,3420,1516,1770,6,0,3157,3401,1522,1766,3,0,3171,3397,1546,1772
_DSC0024.tif,2,4,1,3,5,4,0,3538,3756,1566,1784,6,0,3510,3762,1534,1786,3,0,3562,3768,1576,1782
_DSC0024.tif,2,4,1,3,6,4,4,3652,3856,1345,1549,6,5,3630,3880,1330,1580,3,5,3657,3865,1338,1546
_DSC0024.tif,2,4,1,3,7,4,0,3574,3792,1145,1363,6,0,3613,3811,1132,1330,3,0,3583,3821,1138,1376
_DSC0024.tif,2,4,1,3,8,4,0,3496,3710,883,1097,6,0,3480,3752,866,1138,3,0,3494,3768,874,1148
_DSC0024.tif,2,4,1,4,1,4,0,4326,4538,746,958,6,0,4252,4508,765,1021,3,0,4298,4562,736,1000
_DSC0024.tif,2,4,1,4,2,4,0,4211,4453,972,1214,6,0,4152,4422,977,1247,3,0,4242,4490,964,1212
_DSC0024.tif,2,4,1,4,3,4,0,4134,4380,1218,1464,6,0,4066,4344,1250,1528,3,0,4142,4438,1189,1485
_DSC0024.tif,2,4,1,4,4,4,1,4242,4456,1528,1742,6,4,4212,4482,1519,1789,3,2,4268,4496,1529,1757
_DSC0024.tif,2,4,1,4,5,4,0,4734,4970,1505,1741,6,0,4708,4984,1505,1781,3,0,4722,4998,1475,1751
_DSC0024.tif,2,4,1,4,6,4,3,4784,5006,1272,1494,6,5,4726,4984,1237,1495,3,2,4760,5024,1260,1524
_DSC0024.tif,2,4,1,4,7,4,0,4704,4922,1028,1246,6,0,4690,4942,986,1238,3,0,4715,4947,1022,1254
_DSC0024.tif,2,4,1,4,8,4,0,4575,4811,758,994,6,0,4574,4832,728,986,3,0,4564,4828,758,1022
_DSC0024.tif,2,4,2,1,1,4,2,868,1076,1969,2177,6,4,848,1112,1915,2179,3,2,865,1113,1958,2206
_DSC0024.tif,2,4,2,1,2,4,0,740,964,2166,2390,6,0,762,1032,2133,2403,3,0,726,1006,2143,2423
_DSC0024.tif,2,4,2,1,3,4,0,736,976,2410,2650,6,0,696,1012,2398,2714,3,0,762,1026,2397,2661
_DSC0024.tif,2,4,2,1,4,4,0,744,1004,2682,2942,6,0,682,1000,2670,2988,3,0,704,1026,2653,2975
_DSC0024.tif,2,4,2,1,5,4,0,1190,1482,2673,2965,6,0,1210,1508,2680,2978,3,0,1222,1514,2676,2968
_DSC0024.tif,2,4,2,1,6,4,0,1340,1596,2411,2667,6,0,1336,1614,2406,2684,3,0,1386,1640,2404,2658
_DSC0024.tif,2,4,2,1,7,4,3,1274,1480,2200,2406,6,5,1210,1494,2173,2457,3,2,1270,1476,2208,2414
_DSC0024.tif,2,4,2,1,8,4,0,1109,1341,1950,2182,6,0,1137,1415,1944,2222,3,0,1143,1413,1978,2248
_DSC0024.tif,2,4,2,2,1,4,0,1956,2164,2067,2275,6,0,1944,2202,2037,2295,3,0,1957,2195,2064,2302
_DSC0024.tif,2,4,2,2,2,4,0,1825,2049,2264,2488,6,0,1812,2102,2219,2509,3,0,1826,2126,2236,2536
_DSC0024.tif,2,4,2,2,3,4,0,1789,2015,2506,2732,6,0,1772,2024,2472,2724,3,0,1778,2036,2482,2740
_DSC0024.tif,2,4,2,2,4,4,0,1822,2060,2748,2986,6,0,1858,2130,2750,3022,3,0,1820,2106,2735,3021
_DSC0024.tif,2,4,2,2,5,4,0,2310,2556,2653,2899,6,0,2302,2592,2662,2952,3,0,2312,2586,2640,2914
_DSC0024.tif,2,4,2,2,6,4,0,2396,2610,2425,2639,6,0,2320,2632,2387,2699,3,0,2418,2640,2438,2660
_DSC0024.tif,2,4,2,2,7,4,3,2324,2538,2234,2448,6,5,2274,2552,2199,2477,3,3,2296,2560,2223,2487
_DSC0024.tif,2,4,2,2,8,4,0,2264,2454,2034,2224,6,0,2225,2503,1970,2248,3,0,2254,2480,2008,2234
_DSC0024.tif,2,4,2,3,1,4,0,3138,3324,2096,2282,6,1,3088,3326,2070,2308,3,1,3147,3353,2090,2296
_DSC0024.tif,2,4,2,3,2,4,0,2970,3178,2301,2509,6,0,2948,3214,2257,2523,3,1,2940,3184,2290,2534
_DSC0024.tif,2,4,2,3,3,4,0,3146,3216,2704,2774,6,0,2876,3200,2453,2777,3,0,2923,3161,2534,2772
_DSC0024.tif,2,4,2,3,4,4,0,3124,3384,2671,2931,6,0,3108,3398,2626,2916,3,0,3144,3388,2660,2904
_DSC0024.tif,2,4,2,3,5,4,0,3524,3852,2734,3062,6,0,3544,3814,2765,3035,3,0,3538,3808,2735,3005
_DSC0024.tif,2,4,2,3,6,4,0,3638,3912,2439,2713,6,0,3656,3908,2463,2715,3,0,3651,3911,2444,2704
_DSC0024.tif,2,4,2,3,7,4,0,3502,3756,2214,2468,6,0,3472,3808,2159,2495,3,0,3502,3846,2174,2518
_DSC0024.tif,2,4,2,3,8,4,4,3370,3566,2033,2229,6,5,3315,3607,1950,2242,3,4,3338,3580,2006,2248
_DSC0024.tif,2,4,2,4,1,4,0,4376,4576,2144,2344,6,0,4310,4556,2135,2381,3,0,4336,4532,2148,2344
_DSC0024.tif,2,4,2,4,2,4,3,4222,4440,2338,2556,6,4,4202,4446,2314,2558,3,3,4226,4480,2338,2592
_DSC0024.tif,2,4,2,4,3,4,0,4156,4342,2567,2753,6,0,4118,4376,2536,2794,3,0,4130,4348,2554,2772
_DSC0024.tif,2,4,2,4,4,4,0,4234,4448,2776,2990,6,0,4192,4462,2738,3008,3,1,4232,4464,2759,2991
_DSC0024.tif,2,4,2,4,5,4,0,4562,4790,2694,2922,6,0,4556,4820,2681,2945,3,0,4572,4846,2672,2946
_DSC0024.tif,2,4,2,4,6,4,0,4718,4932,2474,2688,6,0,4708,4972,2440,2704,3,0,4664,4966,2460,2762
_DSC0024.tif,2,4,2,4,7,4,0,4676,4848,2298,2470,6,0,4668,4860,2288,2480,3,0,4670,4902,2269,2501
_DSC0024.tif,2,4,2,4,8,4,3,4592,4784,2071,2263,6,5,4548,4812,2024,2288,3,4,4575,4797,2068,2290
_DSC0025-AVRPib.tif,1,4,1,1,1,9,0,626,1108,1644,2126,4,0,615,1143,1632,2160,6,0,715,1039,1720,2044
_DSC0025-AVRPib.tif,1,4,1,1,2,9,0,1178,1584,1664,2070,4,0,1225,1575,1710,2060,6,0,1250,1554,1736,2040
_DSC0025-AVRPib.tif,1,4,1,2,1,9,2,1794,2238,1644,2088,4,1,1775,2225,1642,2092,6,1,1763,2271,1608,2116
_DSC0025-AVRPib.tif,1,4,1,2,2,9,0,2358,2688,1734,2064,4,0,2308,2662,1718,2072,6,0,2334,2678,1726,2070
_DSC0025-AVRPib.tif,1,4,1,3,1,9,2,3298,3552,1740,1994,4,0,3272,3568,1704,2000,6,0,3259,3543,1694,1978
_DSC0025-AVRPib.tif,1,4,1,3,2,9,0,3533,3843,1626,1936,4,0,3548,3866,1638,1956,6,0,3511,3835,1580,1904
_DSC0025-AVRPib.tif,1,4,1,4,1,9,0,4033,4351,1638,1956,4,0,4020,4330,1586,1896,6,0,3977,4327,1568,1918
_DSC0025-AVRPib.tif,1,4,1,4,2,9,0,4331,4719,1562,1950,4,0,4341,4685,1578,1922,6,0,4324,4746,1472,1894
_DSC0138.tif,2,4,1,1,1,5,6,742,960,800,1018,8,5,756,960,841,1045,2,5,756,952,835,1031
_DSC0138.tif,2,4,1,1,2,5,0,630,844,982,1196,8,0,622,870,968,1216,2,0,630,852,990,1212
_DSC0138.tif,2,4,1,1,3,5,0,542,800,1188,1446,8,0,584,820,1187,1423,2,0,522,832,1172,1482
_DSC0138.tif,2,4,1,1,4,5,0,576,854,1438,1716,8,0,610,806,1480,1676,2,0,572,876,1445,1749
_DSC0138.tif,2,4,1,1,5,5,0,1096,1384,1416,1704,8,0,1136,1404,1336,1604,2,0,1098,1384,1406,1692
_DSC0138.tif,2,4,1,1,6,5,0,1116,1398,1134,1416,8,0,1443,1505,1290,1352,2,0,1118,1422,1099,1403
_DSC0138.tif,2,4,1,1,7,5,0,1052,1334,884,1166,8,0,1051,1299,870,1118,2,0,1054,1328,876,1150
_DSC0138.tif,2,4,1,1,8,5,0,952,1146,742,936,8,0,960,1156,734,930,2,0,966,1168,741,943
_DSC0138.tif,2,4,1,2,1,5,6,1929,2107,810,988,8,5,1936,2108,842,1014,2,6,1924,2108,838,1022
_DSC0138.tif,2,4,1,2,2,5,0,1820,1988,965,1133,8,0,1796,2026,930,1160,2,,,,,
_DSC0138.tif,2,4,1,2,3,5,0,1667,1895,1116,1344,8,0,1702,1898,1124,1320,2,0,1679,1907,1150,1378
_DSC0138.tif,2,4,1,2,4,5,0,1618,1924,1377,1683,8,0,1682,1948,1410,1676,2,0,1664,1956,1378,1670
_DSC0138.tif,2,4,1,2,5,5,0,2232,2524,1459,1751,8,0,2240,2400,1479,1639,2,0,2210,2494,1443,1727
_DSC0138.tif,2,4,1,2,6,5,0,2286,2540,1245,1499,8,0,2362,2514,1276,1428,2,0,2278,2526,1242,1490
_DSC0138.tif,2,4,1,2,7,5,0,2202,2436,1024,1258,8,0,2190,2456,976,1242,2,0,2178,2412,1030,1264
_DSC0138.tif,2,4,1,2,8,5,0,2115,2309,844,1038,8,0,2178,2298,858,978,2,0,2117,2313,852,1048
_DSC0138.tif,2,4,1,3,1,5,0,3248,3446,810,1008,8,0,3268,3460,832,1024,2,0,3247,3437,838,1028
_DSC0138.tif,2,4,1,3,2,5,5,3144,3342,988,1186,8,5,3122,3414,966,1258,2,5,3160,3376,990,1206
_DSC0138.tif,2,4,1,3,3,5,0,3032,3260,1176,1404,8,0,3072,3320,1168,1416,2,0,3040,3294,1155,1409
_DSC0138.tif,2,4,1,3,4,5,0,3006,3288,1416,1698,8,0,3092,3218,1476,1602,2,0,3034,3320,1415,1701
_DSC0138.tif,2,4,1,3,5,5,0,3462,3728,1503,1769,8,0,3484,3732,1486,1734,2,0,3466,3738,1483,1755
_DSC0138.tif,2,4,1,3,6,5,1,3520,3738,1266,1484,8,0,3528,3752,1276,1500,2,0,3522,3758,1248,1484
_DSC0138.tif,2,4,1,3,7,5,0,3480,3710,1009,1239,8,0,3536,3706,1048,1218,2,0,3490,3726,1025,1261
_DSC0138.tif,2,4,1,3,8,5,0,3479,3677,854,1052,8,0,3472,3668,820,1016,2,0,3456,3698,800,1042
_DSC0138.tif,2,4,1,4,1,5,0,4115,4339,828,1052,8,0,4144,4366,829,1051,2,0,4134,4364,838,1068
_DSC0138.tif,2,4,1,4,2,5,3,4066,4280,1076,1290,8,3,4089,4335,1068,1314,2,4,4062,4328,1055,1321
_DSC0138.tif,2,4,1,4,3,5,0,3986,4220,1299,1533,8,0,4050,4246,1334,1530,2,0,4017,4291,1282,1556
_DSC0138.tif,2,4,1,4,4,5,0,4066,4318,1516,1768,8,0,4132,4328,1530,1726,2,0,4030,4334,1508,1812
_DSC0138.tif,2,4,1,4,5,5,0,4512,4810,1480,1778,8,0,4609,4919,1448,1758,2,0,4494,4792,1464,1762
_DSC0138.tif,2,4,1,4,6,5,0,4592,4850,1233,1491,8,0,4614,4766,1264,1416,2,0,4576,4862,1216,1502
_DSC0138.tif,2,4,1,4,7,5,0,4606,4860,972,1226,8,0,4602,4836,979,1213,2,0,4582,4862,952,1232
_DSC0138.tif,2,4,1,4,8,5,0,4420,4648,790,1018,8,0,4462,4626,801,965,2,0,4395,4687,776,1068
_DSC0138.tif,2,4,2,1,1,5,0,675,927,2044,2296,8,0,674,960,2072,2358,2,0,686,928,2082,2324
_DSC0138.tif,2,4,2,1,2,5,0,516,794,2252,2530,8,0,496,806,2238,2548,2,0,522,826,2263,2567
_DSC0138.tif,2,4,2,1,3,5,4,502,750,2515,2763,8,4,560,794,2527,2761,2,5,500,778,2508,2786
_DSC0138.tif,2,4,2,1,4,5,0,576,888,2722,3034,8,0,674,908,2764,2998,2,0,598,882,2746,3030
_DSC0138.tif,2,4,2,1,5,5,0,1025,1293,2832,3100,8,0,1042,1264,2844,3066,2,0,978,1302,2789,3113
_DSC0138.tif,2,4,2,1,6,5,0,1106,1344,2591,2829,8,0,1124,1334,2612,2822,2,0,1086,1358,2569,2841
_DSC0138.tif,2,4,2,1,7,5,2,968,1246,2340,2618,8,1,1054,1290,2352,2588,2,2,1010,1320,2317,2627
_DSC0138.tif,2,4,2,1,8,5,0,938,1146,2148,2356,8,0,978,1200,2130,2352,2,0,919,1191,2114,2386
_DSC0138.tif,2,4,2,2,1,5,0,1867,2071,2088,2292,8,0,1892,2070,2117,2295,2,0,1822,2070,2066,2314
_DSC0138.tif,2,4,2,2,2,5,0,1732,1970,2289,2527,8,0,1714,1968,2260,2514,2,0,1724,1996,2286,2558
_DSC0138.tif,2,4,2,2,3,5,5,1696,1910,2529,2743,8,5,1720,1950,2551,2781,2,5,1720,1956,2532,2768
_DSC0138.tif,2,4,2,2,4,5,1,1746,2004,2732,2990,8,0,1842,2038,2777,2973,2,0,1752,2018,2729,2995
_DSC0138.tif,2,4,2,2,5,5,1,2132,2366,2803,3037,8,0,2320,2340,2926,2946,2,1,2120,2412,2767,3059
_DSC0138.tif,2,4,2,2,6,5,0,2232,2530,2551,2849,8,0,2304,2456,2644,2796,2,0,2260,2558,2549,2847
_DSC0138.tif,2,4,2,2,7,5,1,2248,2472,2340,2564,8,0,2400,2400,2470,2470,2,0,2228,2470,2335,2577
_DSC0138.tif,2,4,2,2,8,5,0,2116,2318,2148,2350,8,0,2184,2394,2161,2371,2,0,2102,2368,2120,2386
_DSC0138.tif,2,4,2,3,1,5,0,3080,3258,2162,2340,8,0,3078,3218,2215,2355,2,0,3054,3288,2171,2405
_DSC0138.tif,2,4,2,3,2,5,0,3000,3218,2339,2557,8,0,2993,3189,2362,2558,2,0,3008,3250,2346,2588
_DSC0138.tif,2,4,2,3,3,5,0,2926,3164,2514,2752,8,0,2952,3142,2558,2748,2,0,2935,3157,2514,2736
_DSC0138.tif,2,4,2,3,4,5,6,3000,3228,2718,2946,8,6,3034,3244,2726,2936,2,6,3016,3238,2717,2939
_DSC0138.tif,2,4,2,3,5,5,0,3416,3654,2811,3049,8,0,3463,3653,2832,3022,2,0,3452,3656,2805,3009
_DSC0138.tif,2,4,2,3,6,5,1,3496,3690,2625,2819,8,0,3541,3733,2646,2838,2,0,3510,3732,2616,2838
_DSC0138.tif,2,4,2,3,7,5,0,3520,3724,2373,2577,8,0,3528,3782,2405,2659,2,0,3498,3758,2374,2634
_DSC0138.tif,2,4,2,3,8,5,2,3305,3527,2188,2410,8,1,3319,3529,2190,2400,2,1,3268,3542,2170,2444
_DSC0138.tif,2,4,2,4,1,5,0,4134,4336,2054,2256,8,0,4208,4296,2149,2237,2,0,4126,4360,2060,2294
_DSC0138.tif,2,4,2,4,2,5,0,4006,4264,2252,2510,8,0,4074,4266,2252,2444,2,0,4030,4284,2244,2498
_DSC0138.tif,2,4,2,4,3,5,0,3992,4230,2532,2770,8,0,3989,4167,2546,2724,2,0,3974,4234,2533,2793
_DSC0138.tif,2,4,2,4,4,5,4,4039,4277,2802,3040,8,4,4061,4297,2792,3028,2,4,4036,4316,2770,3050
_DSC0138.tif,2,4,2,4,5,5,0,4388,4646,2767,3025,8,0,4468,4702,2790,3024,2,0,4436,4678,2767,3009
_DSC0138.tif,2,4,2,4,6,5,1,4552,4784,2540,2772,8,0,4567,4769,2584,2786,2,1,4532,4766,2530,2764
_DSC0138.tif,2,4,2,4,7,5,0,4482,4706,2296,2520,8,0,4532,4702,2286,2456,2,0,4471,4699,2286,2514
_DSC0138.tif,2,4,2,4,8,5,2,4354,4542,2118,2306,8,1,4342,4576,2086,2320,2,2,4346,4570,2094,2318
_DSC0139.tif,2,4,1,1,1,5,1,764,1038,744,1018,8,2,814,1054,795,1035,2,1,800,1036,807,1043
_DSC0139.tif,2,4,1,1,2,5,0,700,982,968,1250,8,0,668,972,959,1263,2,0,718,960,1000,1242
_DSC0139.tif,2,4,1,1,3,5,0,656,914,1193,1451,8,0,674,928,1188,1442,2,0,674,928,1206,1460
_DSC0139.tif,2,4,1,1,4,5,0,836,1094,1374,1632,8,0,832,1060,1362,1590,2,0,838,1066,1404,1632
_DSC0139.tif,2,4,1,1,5,5,4,1116,1370,1381,1635,8,3,1124,1328,1390,1594,2,3,1114,1362,1378,1626
_DSC0139.tif,2,4,1,1,6,5,0,1156,1428,1142,1414,8,0,1136,1442,1124,1430,2,0,1179,1407,1150,1378
_DSC0139.tif,2,4,1,1,7,5,0,1147,1349,924,1126,8,0,1159,1369,914,1124,2,0,1141,1337,934,1130
_DSC0139.tif,2,4,1,1,8,5,0,1015,1223,730,938,8,0,1054,1290,727,963,2,0,1028,1244,744,960
_DSC0139.tif,2,4,1,2,1,5,1,1845,2039,640,834,8,1,1848,2070,674,896,2,1,1854,2064,644,854
_DSC0139.tif,2,4,1,2,2,5,0,1682,1924,770,1012,8,0,1720,1956,806,1042,2,0,1702,1950,794,1042
_DSC0139.tif,2,4,1,2,3,5,0,1614,1872,1008,1266,8,0,1625,1873,1010,1258,2,0,1591,1869,998,1276
_DSC0139.tif,2,4,1,2,4,5,0,1656,1894,1287,1525,8,0,1702,1854,1299,1451,2,0,1644,1904,1280,1540
_DSC0139.tif,2,4,1,2,5,5,4,2041,2279,1280,1518,8,5,2102,2298,1299,1495,2,3,2066,2302,1282,1518
_DSC0139.tif,2,4,1,2,6,5,0,2098,2366,1081,1349,8,0,2152,2432,1086,1366,2,0,2146,2406,1099,1359
_DSC0139.tif,2,4,1,2,7,5,0,2192,2406,947,1161,8,0,2196,2400,930,1134,2,0,2172,2400,928,1156
_DSC0139.tif,2,4,1,2,8,5,0,2093,2305,740,952,8,0,2082,2298,712,928,2,0,2076,2336,708,968
_DSC0139.tif,2,4,1,3,1,5,0,3439,3667,590,818,8,0,3440,3682,597,839,2,0,3440,3668,616,844
_DSC0139.tif,2,4,1,3,2,5,2,3302,3550,787,1035,8,1,3332,3554,800,1022,2,2,3314,3574,798,1058
_DSC0139.tif,2,4,1,3,3,5,0,3320,3524,1002,1206,8,0,3320,3574,985,1239,2,0,3310,3552,1016,1258
_DSC0139.tif,2,4,1,3,4,5,0,3440,3672,1186,1418,8,0,3414,3630,1184,1400,2,0,3422,3688,1191,1457
_DSC0139.tif,2,4,1,3,5,5,0,3714,3952,1180,1418,8,0,3744,3992,1175,1423,2,0,3707,3955,1188,1436
_DSC0139.tif,2,4,1,3,6,5,4,3882,4072,1076,1266,8,4,3866,4106,1020,1260,2,4,3872,4100,1051,1279
_DSC0139.tif,2,4,1,3,7,5,0,3818,4056,800,1038,8,0,3802,4126,756,1080,2,0,3808,4062,791,1045
_DSC0139.tif,2,4,1,3,8,5,1,3694,3908,605,819,8,1,3700,3922,610,832,2,1,3710,3932,604,826
_DSC0139.tif,2,4,1,4,1,5,0,4465,4693,640,868,8,0,4474,4716,708,950,2,0,4436,4710,654,928
_DSC0139.tif,2,4,1,4,2,5,2,4374,4596,847,1069,8,1,4367,4615,838,1086,2,1,4372,4634,841,1103
_DSC0139.tif,2,4,1,4,3,5,0,4298,4552,1021,1275,8,0,4348,4620,1023,1295,2,0,4316,4576,1026,1286
_DSC0139.tif,2,4,1,4,4,5,0,4433,4661,1226,1454,8,0,4410,4646,1181,1417,2,0,4404,4702,1226,1524
_DSC0139.tif,2,4,1,4,5,5,0,4716,5002,1266,1552,8,0,4716,4938,1226,1448,2,0,4751,4985,1264,1498
_DSC0139.tif,2,4,1,4,6,5,5,4886,5060,1116,1290,8,6,4868,5096,1092,1320,2,6,4862,5102,1086,1326
_DSC0139.tif,2,4,1,4,7,5,0,4794,5058,848,1112,8,0,4836,5084,864,1112,2,0,4782,5062,838,1118
_DSC0139.tif,2,4,1,4,8,5,2,4690,4958,600,868,8,2,4748,4924,684,860,2,2,4696,4938,626,868
_DSC0139.tif,2,4,2,1,1,5,0,905,1129,2048,2272,8,0,928,1118,2076,2266,2,0,890,1098,2076,2284
_DSC0139.tif,2,4,2,1,2,5,0,780,988,2222,2430,8,0,750,1028,2191,2469,2,1,768,1010,2212,2454
_DSC0139.tif,2,4,2,1,3,5,2,670,942,2440,2712,8,1,668,940,2393,2665,2,2,668,960,2425,2717
_DSC0139.tif,2,4,2,1,4,5,0,704,1002,2700,2998,8,0,718,946,2730,2958,2,0,724,960,2723,2959
_DSC0139.tif,2,4,2,1,5,5,0,1166,1408,2718,2960,8,0,1168,1448,2666,2946,2,0,1162,1422,2691,2951
_DSC0139.tif,2,4,2,1,6,5,0,1220,1448,2515,2743,8,0,1212,1442,2494,2724,2,0,1226,1474,2492,2740
_DSC0139.tif,2,4,2,1,7,5,6,1203,1407,2296,2500,8,6,1220,1384,2311,2475,2,6,1200,1416,2304,2520
_DSC0139.tif,2,4,2,1,8,5,0,1075,1327,2074,2326,8,0,1118,1352,2099,2333,2,0,1096,1318,2108,2330
_DSC0139.tif,2,4,2,2,1,5,1,1873,2105,1940,2172,8,1,1864,2080,1980,2196,2,1,1860,2088,1965,2193
_DSC0139.tif,2,4,2,2,2,5,0,1732,1950,2125,2343,8,0,1765,1937,2126,2298,2,0,1730,1972,2120,2362
_DSC0139.tif,2,4,2,2,3,5,1,1662,1910,2335,2583,8,1,1682,1918,2326,2562,2,1,1658,1918,2345,2605
_DSC0139.tif,2,4,2,2,4,5,0,1738,2016,2574,2852,8,0,1764,1988,2583,2807,2,0,1778,2032,2612,2866
_DSC0139.tif,2,4,2,2,5,5,0,2039,2301,2614,2876,8,0,2070,2286,2602,2818,2,0,2063,2317,2596,2850
_DSC0139.tif,2,4,2,2,6,5,0,2198,2454,2419,2675,8,0,2234,2508,2422,2696,2,0,2216,2476,2402,2662
_DSC0139.tif,2,4,2,2,7,5,6,2179,2409,2206,2436,8,5,2164,2424,2184,2444,2,5,2158,2418,2190,2450
_DSC0139.tif,2,4,2,2,8,5,0,2087,2267,2008,2188,8,0,2117,2333,2000,2216,2,0,2083,2329,1994,2240
_DSC0139.tif,2,4,2,3,1,5,0,3278,3472,1999,2193,8,0,3268,3472,1974,2178,2,0,3276,3522,1982,2228
_DSC0139.tif,2,4,2,3,2,5,1,3208,3442,2189,2423,8,0,3218,3420,2178,2380,2,0,3180,3466,2168,2454
_DSC0139.tif,2,4,2,3,3,5,0,3148,3392,2392,2636,8,0,3186,3422,2421,2657,2,0,3142,3390,2421,2669
_DSC0139.tif,2,4,2,3,4,5,1,3234,3480,2640,2886,8,0,3238,3484,2619,2865,2,0,3186,3522,2599,2935
_DSC0139.tif,2,4,2,3,5,5,0,3694,3952,2584,2842,8,0,3726,3928,2584,2786,2,0,3681,3955,2564,2838
_DSC0139.tif,2,4,2,3,6,5,1,3753,3977,2340,2564,8,0,3764,3986,2349,2571,2,0,3741,3989,2330,2578
_DSC0139.tif,2,4,2,3,7,5,0,3610,3862,2106,2358,8,0,3624,3904,2107,2387,2,0,3598,3840,2120,2362
_DSC0139.tif,2,4,2,3,8,5,6,3506,3734,1942,2170,8,5,3504,3744,1899,2139,2,4,3497,3751,1936,2190
_DSC0139.tif,2,4,2,4,1,5,0,4422,4606,1934,2118,8,0,4335,4595,2064,2324,2,0,4430,4614,1936,2120
_DSC0139.tif,2,4,2,4,2,5,2,4374,4566,2096,2288,8,0,4334,4564,2253,2483,2,1,4372,4570,2094,2292
_DSC0139.tif,2,4,2,4,3,5,1,4294,4526,2249,2481,8,0,4240,4506,2488,2754,2,0,4312,4554,2240,2482
_DSC0139.tif,2,4,2,4,4,5,0,4255,4523,2474,2742,8,0,4722,4880,2555,2713,2,0,4290,4582,2473,2765
_DSC0139.tif,2,4,2,4,5,5,0,4663,4863,2558,2758,8,0,4848,5026,2348,2526,2,1,4684,4912,2546,2774
_DSC0139.tif,2,4,2,4,6,5,1,4775,4993,2360,2578,8,0,4754,4964,2120,2330,2,0,4757,5029,2356,2628
_DSC0139.tif,2,4,2,4,7,5,0,4715,4933,2142,2360,8,0,4782,4992,2126,2336,2,0,4696,4944,2142,2390
_DSC0139.tif,2,4,2,4,8,5,5,4614,4812,1970,2168,8,6,4626,4868,1962,2204,2,6,4582,4810,1949,2177
_DSC0170.tif,3,4,1,1,1,4,2,1037,1165,582,710,6,4,1006,1198,546,738,3,2,1019,1187,546,714
_DSC0170.tif,3,4,1,1,2,4,5,974,1106,710,842,6,6,972,1144,695,867,3,4,955,1131,698,874
_DSC0170.tif,3,4,1,1,3,4,5,930,1072,848,990,6,6,900,1104,825,1029,3,4,941,1101,836,996
_DSC0170.tif,3,4,1,1,4,4,4,942,1084,1038,1180,6,6,906,1118,998,1210,3,4,910,1096,1024,1210
_DSC0170.tif,3,4,1,1,5,4,0,1286,1440,1082,1236,6,0,1270,1488,1065,1283,3,0,1251,1479,1048,1276
_DSC0170.tif,3,4,1,1,6,4,4,1370,1518,914,1062,6,6,1342,1542,886,1086,3,4,1360,1540,892,1072
_DSC0170.tif,3,4,1,1,7,4,3,1330,1478,788,936,6,5,1310,1474,775,939,3,3,1313,1471,774,932
_DSC0170.tif,3,4,1,1,8,4,4,1265,1407,652,794,6,4,1264,1416,628,780,3,4,1254,1428,614,788
_DSC0170.tif,3,4,1,2,1,4,0,1891,2039,598,746,6,0,1864,2030,595,761,3,0,1875,2065,572,762
_DSC0170.tif,3,4,1,2,2,4,6,1831,1963,758,890,6,6,1818,2010,721,913,3,5,1804,1994,720,910
_DSC0170.tif,3,4,1,2,3,4,0,1785,1929,910,1054,6,2,1760,1932,894,1066,3,2,1772,1932,913,1073
_DSC0170.tif,3,4,1,2,4,4,3,1861,2021,1084,1244,6,4,1852,2036,1075,1259,3,3,1836,2032,1080,1276
_DSC0170.tif,3,4,1,2,5,4,0,2180,2338,1048,1206,6,0,2162,2340,1029,1207,3,0,2153,2365,1032,1244
_DSC0170.tif,3,4,1,2,6,4,3,2238,2392,836,990,6,5,2245,2397,840,992,3,3,2222,2418,826,1022
_DSC0170.tif,3,4,1,2,7,4,4,2138,2296,694,852,6,5,2130,2328,678,876,3,5,2129,2309,688,868
_DSC0170.tif,3,4,1,2,8,4,5,2044,2182,556,694,6,6,2036,2196,536,696,3,4,2024,2218,520,714
_DSC0170.tif,3,4,1,3,1,4,5,3148,3296,570,718,6,6,3120,3286,549,715,3,6,3140,3304,562,726
_DSC0170.tif,3,4,1,3,2,4,0,3084,3238,704,858,6,0,3068,3266,695,893,3,1,3074,3248,713,887
_DSC0170.tif,3,4,1,3,3,4,3,2972,3152,895,1075,6,5,2968,3186,863,1081,3,4,2946,3190,870,1114
_DSC0170.tif,3,4,1,3,4,4,2,3094,3280,1079,1265,6,4,3065,3269,1066,1270,3,3,3089,3269,1100,1280
_DSC0170.tif,3,4,1,3,5,4,4,3358,3522,1056,1220,6,5,3339,3531,1046,1238,3,4,3338,3538,1048,1248
_DSC0170.tif,3,4,1,3,6,4,0,3488,3640,890,1042,6,0,3452,3642,864,1054,3,0,3444,3650,898,1104
_DSC0170.tif,3,4,1,3,7,4,3,3390,3564,704,878,6,5,3372,3584,688,900,3,4,3409,3583,710,884
_DSC0170.tif,3,4,1,3,8,4,2,3309,3445,578,714,6,,,,,,3,3,3288,3478,556,746
_DSC0170.tif,3,4,1,4,1,4,6,4073,4205,604,736,6,6,4026,4198,573,745,3,5,4054,4234,582,762
_DSC0170.tif,3,4,1,4,2,4,0,3964,4138,742,916,6,0,3953,4133,734,914,3,0,3967,4157,768,958
_DSC0170.tif,3,4,1,4,3,4,6,3877,4073,932,1128,6,5,3862,4080,919,1137,3,4,3876,4084,936,1144
_DSC0170.tif,3,4,1,4,4,4,4,3930,4100,1151,1321,6,4,3914,4112,1148,1346,3,4,3943,4117,1148,1322
_DSC0170.tif,3,4,1,4,5,4,5,4310,4480,1084,1254,6,6,4304,4496,1084,1276,3,5,4274,4474,1077,1277
_DSC0170.tif,3,4,1,4,6,4,0,4374,4544,942,1112,6,0,4344,4568,897,1121,3,0,4380,4548,934,1102
_DSC0170.tif,3,4,1,4,7,4,5,4291,4445,768,922,6,5,4258,4462,719,923,3,5,4280,4448,768,936
_DSC0170.tif,3,4,1,4,8,4,4,4231,4349,624,742,6,5,4191,4417,562,788,3,5,4215,4389,588,762
_DSC0170.tif,3,4,2,1,2,4,5,926,1074,1777,1925,6,6,900,1084,1750,1934,3,6,922,1074,1776,1928
_DSC0170.tif,3,4,2,1,3,4,2,878,1026,1916,2064,6,3,874,1046,1898,2070,3,4,894,1032,1920,2058
_DSC0170.tif,3,4,2,1,4,4,,,,,,6,0,860,1078,2047,2265,3,,,,,
_DSC0170.tif,3,4,2,1,5,4,1,1186,1344,2153,2311,6,2,1171,1343,2142,2314,3,3,1159,1333,2148,2322
_DSC0170.tif,3,4,2,1,6,4,6,1323,1471,2016,2164,6,5,1310,1508,1964,2162,3,6,1338,1482,2033,2177
_DSC0170.tif,3,4,2,1,7,4,0,1244,1402,1852,2010,6,0,1264,1448,1819,2003,3,0,1257,1411,1852,2006
_DSC0170.tif,3,4,2,1,8,4,5,1174,1322,1703,1851,6,5,1158,1330,1670,1842,3,6,1164,1344,1698,1878
_DSC0170.tif,3,4,2,2,1,4,3,1910,2058,1593,1741,6,2,1885,2077,1574,1766,3,4,1910,2090,1582,1762
_DSC0170.tif,3,4,2,2,2,4,3,1839,1981,1746,1888,6,3,1832,2004,1732,1904,3,4,1841,1999,1768,1926
_DSC0170.tif,3,4,2,2,3,4,0,1812,1988,1904,2080,6,0,1812,1970,1918,2076,3,0,1812,1992,1926,2106
_DSC0170.tif,3,4,2,2,4,4,3,1878,2058,2108,2288,6,4,1872,2076,2107,2311,3,4,1888,2074,2137,2323
_DSC0170.tif,3,4,2,2,5,4,1,2182,2372,2100,2290,6,2,2188,2374,2102,2288,3,2,2165,2367,2110,2312
_DSC0170.tif,3,4,2,2,6,4,2,2273,2431,1936,2094,6,3,2281,2441,1924,2084,3,3,2248,2450,1902,2104
_DSC0170.tif,3,4,2,2,7,4,0,2212,2360,1764,1912,6,0,2222,2420,1739,1937,3,0,2225,2405,1756,1936
_DSC0170.tif,3,4,2,2,8,4,3,2116,2280,1595,1759,6,4,2116,2294,1578,1756,3,4,2111,2307,1592,1788
_DSC0170.tif,3,4,2,3,1,4,5,3148,3296,1593,1741,6,5,3127,3293,1594,1760,3,6,3105,3317,1556,1768
_DSC0170.tif,3,4,2,3,2,4,5,3046,3200,1756,1910,6,5,3016,3234,1710,1928,3,4,3034,3224,1714,1904
_DSC0170.tif,3,4,2,3,3,4,6,3041,3227,1904,2090,6,6,3028,3234,1901,2107,3,5,3026,3226,1913,2113
_DSC0170.tif,3,4,2,3,4,4,1,2952,3120,2119,2287,6,0,2956,3160,2110,2314,3,0,2946,3152,2114,2320
_DSC0170.tif,3,4,2,3,5,4,3,3306,3476,2182,2352,6,4,3306,3498,2195,2387,3,3,3289,3475,2168,2354
_DSC0170.tif,3,4,2,3,6,4,0,3407,3559,2016,2168,6,0,3366,3564,2003,2201,3,2,3422,3580,2032,2190
_DSC0170.tif,3,4,2,3,7,4,3,3406,3534,1878,2006,6,5,3358,3558,1828,2028,3,3,3390,3570,1854,2034
_DSC0170.tif,3,4,2,3,8,4,0,3312,3496,1651,1835,6,0,3320,3498,1651,1829,3,0,3312,3538,1630,1856
_DSC0170.tif,3,4,2,4,1,4,4,3994,4146,1566,1718,6,5,3974,4152,1544,1722,3,4,3977,4167,1556,1746
_DSC0170.tif,3,4,2,4,2,4,3,3866,4020,1714,1868,6,5,3834,4040,1696,1902,3,4,3850,4046,1704,1900
_DSC0170.tif,3,4,2,4,3,4,3,3806,3990,1900,2084,6,4,3795,3993,1872,2070,3,4,3779,4011,1910,2142
_DSC0170.tif,3,4,2,4,4,4,0,3872,4056,2136,2320,6,0,3848,4026,2119,2297,3,0,3856,4056,2143,2343
_DSC0170.tif,3,4,2,4,5,4,6,4201,4387,2094,2280,6,5,4192,4410,2083,2301,3,5,4194,4412,2100,2318
_DSC0170.tif,3,4,2,4,6,4,4,4348,4512,1936,2100,6,3,4318,4536,1912,2130,3,4,4331,4543,1910,2122
_DSC0170.tif,3,4,2,4,7,4,6,4290,4470,1736,1916,6,5,4304,4496,1726,1918,3,6,4287,4493,1730,1936
_DSC0170.tif,3,4,2,4,8,4,0,4173,4341,1588,1756,6,0,4168,4360,1548,1740,3,1,4149,4381,1530,1762
_DSC0170.tif,3,4,3,2,1,4,4,1986,2140,2618,2772,6,5,1978,2136,2619,2777,3,4,1990,2154,2614,2778
_DSC0170.tif,3,4,3,2,2,4,6,1894,2052,2798,2956,6,6,1858,2070,2777,2989,3,6,1866,2076,2778,2988
_DSC0170.tif,3,4,3,2,3,4,3,1878,2048,2994,3164,6,5,1878,2044,2979,3145,3,4,1882,2058,2988,3164
_DSC0170.tif,3,4,3,2,4,4,4,1990,2154,3107,3271,6,6,1970,2162,3101,3293,3,5,1973,2153,3094,3274
_DSC0170.tif,3,4,3,2,5,4,0,2286,2450,3136,3300,6,0,2268,2474,3100,3306,3,0,2261,2451,3078,3268
_DSC0170.tif,3,4,3,2,6,4,5,2393,2585,2824,3016,6,6,2388,2558,2828,2998,3,5,2369,2587,2798,3016
_DSC0170.tif,3,4,3,2,7,4,5,2254,2428,2664,2838,6,6,2236,2434,2645,2843,3,6,2250,2452,2644,2846
_DSC0170.tif,3,4,3,2,8,4,6,2120,2272,2582,2734,6,6,2099,2277,2566,2744,3,6,2128,2288,2570,2730
_DSC0170.tif,3,4,3,3,1,4,3,2919,3063,2618,2762,6,4,2876,3088,2585,2797,3,4,2927,3087,2618,2778
_DSC0170.tif,3,4,3,3,2,4,4,2827,3003,2734,2910,6,5,2824,3034,2732,2942,3,5,2819,3005,2750,2936
_DSC0170.tif,3,4,3,3,3,4,4,2822,3002,2940,3120,6,4,2816,3008,2926,3118,3,4,2823,3023,2926,3126
_DSC0170.tif,3,4,3,3,4,4,3,2888,3084,3152,3348,6,3,2873,3085,3134,3346,3,4,2869,3087,3136,3354
_DSC0170.tif,3,4,3,3,5,4,0,3216,3402,3086,3272,6,0,3186,3412,3074,3300,3,0,3178,3402,3067,3291
_DSC0170.tif,3,4,3,3,6,4,6,3284,3476,2853,3045,6,5,3240,3504,2810,3074,3,6,3284,3496,2853,3065
_DSC0170.tif,3,4,3,3,7,4,5,3200,3380,2685,2865,6,4,3196,3422,2664,2890,3,4,3206,3416,2670,2880
_DSC0170.tif,3,4,3,3,8,4,1,3100,3222,2621,2743,6,,,,,,3,4,3062,3264,2552,2754
_DSC0175.tif,3,6,1,1,1,10,4,519,661,366,508,9,4,511,657,376,522,4,4,508,668,362,522
_DSC0175.tif,3,6,1,1,2,10,0,384,590,488,694,9,0,394,572,496,674,4,0,407,563,508,664
_DSC0175.tif,3,6,1,1,3,10,0,307,541,672,906,9,0,344,508,687,851,4,0,330,534,682,886
_DSC0175.tif,3,6,1,1,4,10,0,424,662,871,1109,9,0,438,636,889,1087,4,0,390,630,854,1094
_DSC0175.tif,3,6,1,1,5,10,0,774,958,932,1116,9,0,762,914,915,1067,4,0,761,963,912,1114
_DSC0175.tif,3,6,1,1,6,10,0,862,1084,726,948,9,0,880,1052,756,928,4,0,880,1072,710,902
_DSC0175.tif,3,6,1,1,7,10,0,731,973,504,746,9,0,730,922,533,725,4,0,716,934,536,754
_DSC0175.tif,3,6,1,1,8,10,1,662,848,355,541,9,,,,,,4,0,674,838,358,522
_DSC0175.tif,3,6,1,2,1,10,2,1339,1465,472,598,9,5,1352,1480,480,608,4,5,1343,1461,480,598
_DSC0175.tif,3,6,1,2,2,10,0,1280,1440,595,755,9,0,1314,1436,632,754,4,0,1263,1415,598,750
_DSC0175.tif,3,6,1,2,3,10,0,1234,1408,755,929,9,0,1258,1378,778,898,4,0,1219,1385,746,912
_DSC0175.tif,3,6,1,2,4,10,0,1339,1513,884,1058,9,0,1372,1448,896,972,4,0,1343,1489,882,1028
_DSC0175.tif,3,6,1,2,5,10,0,1534,1720,818,1004,9,1,1556,1696,857,997,4,0,1558,1718,863,1023
_DSC0175.tif,3,6,1,2,6,10,0,1646,1788,718,860,9,0,1658,1784,760,886,4,0,1636,1796,715,875
_DSC0175.tif,3,6,1,2,7,10,1,1550,1746,566,762,9,0,1594,1734,597,737,4,0,1570,1710,572,712
_DSC0175.tif,3,6,1,2,8,10,1,1492,1624,435,567,9,0,1505,1619,458,572,4,0,1466,1630,408,572
_DSC0175.tif,3,6,1,3,1,10,0,2401,2593,270,462,9,0,2444,2576,338,470,4,0,2400,2560,276,436
_DSC0175.tif,3,6,1,3,2,10,3,2335,2511,418,594,9,4,2352,2504,446,598,4,4,2346,2500,446,600
_DSC0175.tif,3,6,1,3,3,10,1,2290,2486,614,810,9,0,2310,2476,625,791,4,0,2288,2442,638,792
_DSC0175.tif,3,6,1,3,4,10,1,2348,2544,807,1003,9,1,2362,2540,794,972,4,0,2350,2536,785,971
_DSC0175.tif,3,6,1,3,5,10,1,2682,2850,758,926,9,0,2698,2832,759,893,4,0,2678,2820,762,904
_DSC0175.tif,3,6,1,3,6,10,2,2761,2957,578,774,9,2,2786,2964,598,776,4,1,2778,2938,592,752
_DSC0175.tif,3,6,1,3,7,10,0,2698,2888,427,617,9,0,2710,2844,435,569,4,0,2680,2858,416,594
_DSC0175.tif,3,6,1,3,8,10,0,2560,2718,242,400,9,0,2619,2751,268,400,4,0,2595,2755,258,418
_DSC0175.tif,3,6,1,4,1,10,0,3165,3329,318,482,9,0,3206,3338,373,505,4,0,3183,3329,344,490
_DSC0175.tif,3,6,1,4,2,10,3,3148,3300,514,666,9,4,3154,3314,517,677,4,4,3156,3306,522,672
_DSC0175.tif,3,6,1,4,3,10,0,3110,3274,678,842,9,0,3084,3282,664,862,4,0,3108,3260,680,832
_DSC0175.tif,3,6,1,4,4,10,1,3222,3412,820,1010,9,0,3212,3370,820,978,4,0,3203,3369,812,978
_DSC0175.tif,3,6,1,4,5,10,0,3406,3592,759,945,9,0,3440,3554,797,911,4,0,3428,3584,780,936
_DSC0175.tif,3,6,1,4,6,10,3,3494,3684,610,800,9,3,3490,3668,613,791,4,3,3514,3664,626,776
_DSC0175.tif,3,6,1,4,7,10,1,3467,3647,424,604,9,1,3510,3650,452,592,4,0,3472,3630,422,580
_DSC0175.tif,3,6,1,4,8,10,1,3383,3547,312,476,9,1,3405,3519,350,464,4,0,3378,3520,330,472
_DSC0175.tif,3,6,1,5,1,10,0,4094,4274,299,479,9,0,4090,4230,324,464,4,0,4101,4243,340,482
_DSC0175.tif,3,6,1,5,2,10,0,4024,4200,439,615,9,0,4062,4176,467,581,4,0,4042,4184,474,616
_DSC0175.tif,3,6,1,5,3,10,3,3991,4197,604,810,9,5,4011,4189,622,800,4,5,4009,4173,630,794
_DSC0175.tif,3,6,1,5,4,10,1,4099,4269,778,948,9,0,4148,4256,806,914,4,0,4115,4249,796,930
_DSC0175.tif,3,6,1,5,5,10,1,4276,4488,736,948,9,0,4310,4474,738,902,4,0,4284,4466,732,914
_DSC0175.tif,3,6,1,5,6,10,1,4390,4564,586,760,9,1,4411,4551,622,762,4,0,4376,4524,607,755
_DSC0175.tif,3,6,1,5,7,10,3,4329,4519,450,640,9,3,4323,4537,446,660,4,3,4326,4508,450,632
_DSC0175.tif,3,6,1,5,8,10,1,4279,4437,334,492,9,0,4265,4443,312,490,4,0,4288,4438,313,463
_DSC0175.tif,3,6,1,6,1,10,0,4807,5009,312,514,9,0,4804,4956,341,493,4,0,4816,4976,323,483
_DSC0175.tif,3,6,1,6,2,10,0,4716,4916,440,640,9,0,4766,4918,468,620,4,0,4746,4896,472,622
_DSC0175.tif,3,6,1,6,3,10,5,4718,4914,630,826,9,5,4710,4874,642,806,4,6,4708,4882,640,814
_DSC0175.tif,3,6,1,6,4,10,0,4794,5000,816,1022,9,0,4810,4976,838,1004,4,0,4801,4977,836,1012
_DSC0175.tif,3,6,1,6,5,10,0,5020,5252,800,1032,9,0,5070,5236,825,991,4,0,5033,5233,800,1000
_DSC0175.tif,3,6,1,6,6,10,0,5186,5402,646,862,9,0,5198,5382,654,838,4,0,5187,5369,658,840
_DSC0175.tif,3,6,1,6,7,10,3,5083,5305,466,688,9,3,5090,5274,474,658,4,3,5083,5249,498,664
_DSC0175.tif,3,6,1,6,8,10,1,5021,5191,344,514,9,2,5046,5160,376,490,4,0,5040,5162,382,504
_DSC0175.tif,3,6,2,1,1,10,3,504,668,1526,1690,9,5,546,654,1543,1651,4,3,518,648,1519,1649
_DSC0175.tif,3,6,2,1,2,10,0,424,630,1633,1839,9,0,465,635,1664,1834,4,0,440,616,1678,1854
_DSC0175.tif,3,6,2,1,3,10,0,398,652,1828,2082,9,0,394,622,1839,2067,4,0,411,579,1882,2050
_DSC0175.tif,3,6,2,1,4,10,5,476,694,2023,2241,9,5,496,686,2019,2209,4,4,498,680,2048,2230
_DSC0175.tif,3,6,2,1,5,10,1,774,942,1992,2160,9,1,770,940,1994,2164,4,0,743,955,1974,2186
_DSC0175.tif,3,6,2,1,6,10,2,850,1014,1862,2026,9,2,844,1028,1838,2022,4,1,871,1023,1858,2010
_DSC0175.tif,3,6,2,1,7,10,0,839,1025,1666,1852,9,0,858,1004,1692,1838,4,0,804,986,1660,1842
_DSC0175.tif,3,6,2,1,8,10,2,698,874,1518,1694,9,3,718,890,1520,1692,4,3,705,883,1514,1692
_DSC0175.tif,3,6,2,2,1,10,0,1276,1476,1471,1671,9,0,1296,1474,1496,1674,4,0,1290,1482,1473,1665
_DSC0175.tif,3,6,2,2,2,10,0,1154,1396,1614,1856,9,0,1200,1428,1651,1879,4,0,1176,1372,1629,1825
_DSC0175.tif,3,6,2,2,3,10,0,1116,1354,1762,2000,9,0,1174,1346,1781,1953,4,0,1140,1344,1802,2006
_DSC0175.tif,3,6,2,2,4,10,4,1165,1381,2006,2222,9,5,1200,1378,2022,2200,4,5,1195,1369,2004,2178
_DSC0175.tif,3,6,2,2,5,10,2,1476,1688,2007,2219,9,3,1536,1688,2041,2193,4,2,1522,1660,2049,2187
_DSC0175.tif,3,6,2,2,6,10,4,1634,1810,1938,2114,9,4,1626,1804,1939,2117,4,3,1635,1783,1940,2088
_DSC0175.tif,3,6,2,2,7,10,0,1604,1836,1694,1926,9,0,1632,1796,1747,1911,4,0,1618,1782,1754,1918
_DSC0175.tif,3,6,2,2,8,10,4,1522,1690,1540,1708,9,4,1540,1686,1562,1708,4,4,1522,1690,1548,1716
_DSC0175.tif,3,6,2,3,1,10,0,2362,2542,1482,1662,9,,,,,,4,,,,,
_DSC0175.tif,3,6,2,3,2,10,3,2338,2496,1614,1772,9,6,2324,2482,1632,1790,4,,,,,
_DSC0175.tif,3,6,2,3,3,10,0,2244,2476,1739,1971,9,0,2248,2470,1746,1968,4,0,2256,2454,1772,1970
_DSC0175.tif,3,6,2,3,4,10,0,2354,2560,1944,2150,9,0,2374,2540,1968,2134,4,0,2378,2524,1953,2099
_DSC0175.tif,3,6,2,3,5,10,1,2614,2830,1984,2200,9,0,2640,2800,1993,2153,4,0,2592,2764,1997,2169
_DSC0175.tif,3,6,2,3,6,10,0,2698,2926,1777,2005,9,0,2716,2908,1796,1988,4,0,2702,2904,1772,1974
_DSC0175.tif,3,6,2,3,7,10,1,2669,2901,1546,1778,9,0,2704,2900,1569,1765,4,0,2686,2880,1564,1758
_DSC0175.tif,3,6,2,3,8,10,2,2523,2719,1412,1608,9,2,2540,2698,1464,1622,4,0,2474,2686,1410,1622
_DSC0175.tif,3,6,2,4,1,10,2,3213,3461,1344,1592,9,2,3230,3428,1403,1601,4,1,3228,3416,1399,1587
_DSC0175.tif,3,6,2,4,2,10,0,3090,3322,1574,1806,9,0,3078,3314,1571,1807,4,0,3100,3288,1578,1766
_DSC0175.tif,3,6,2,4,3,10,0,3020,3274,1772,2026,9,0,3066,3224,1848,2006,4,0,2997,3225,1790,2018
_DSC0175.tif,3,6,2,4,4,10,0,3121,3369,1968,2216,9,0,3136,3384,1990,2238,4,0,3142,3364,1991,2213
_DSC0175.tif,3,6,2,4,5,10,2,3439,3629,2048,2238,9,5,3452,3650,2034,2232,4,3,3442,3616,2054,2228
_DSC0175.tif,3,6,2,4,6,10,0,3490,3734,1841,2085,9,0,3522,3796,1872,2146,4,0,3493,3701,1846,2054
_DSC0175.tif,3,6,2,4,7,10,1,3462,3726,1540,1804,9,0,3472,3712,1578,1818,4,0,3442,3684,1550,1792
_DSC0175.tif,3,6,2,4,8,10,0,3409,3637,1354,1582,9,0,3440,3592,1410,1562,4,0,3425,3615,1378,1568
_DSC0175.tif,3,6,2,5,1,10,3,4120,4316,1392,1588,9,4,4139,4291,1416,1568,4,3,4141,4289,1428,1576
_DSC0175.tif,3,6,2,5,2,10,0,4060,4286,1546,1772,9,0,4106,4266,1571,1731,4,0,4066,4248,1570,1752
_DSC0175.tif,3,6,2,5,3,10,0,4011,4245,1708,1942,9,0,3998,4226,1743,1971,4,0,4006,4198,1739,1931
_DSC0175.tif,3,6,2,5,4,10,0,4110,4342,1886,2118,9,0,4185,4369,1930,2114,4,0,4154,4326,1906,2078
_DSC0175.tif,3,6,2,5,5,10,5,4353,4555,1872,2074,9,5,4389,4521,1924,2056,4,6,4364,4518,1892,2046
_DSC0175.tif,3,6,2,5,6,10,0,4416,4696,1666,1946,9,0,4424,4626,1686,1888,4,0,4443,4631,1708,1896
_DSC0175.tif,3,6,2,5,7,10,0,4358,4548,1518,1708,9,1,4385,4519,1542,1676,4,0,4365,4539,1540,1714
_DSC0175.tif,3,6,2,5,8,10,0,4290,4464,1384,1558,9,0,4322,4474,1422,1574,4,0,4292,4452,1387,1547
_DSC0175.tif,3,6,3,2,1,10,0,1320,1526,2518,2724,9,0,1328,1492,2556,2720,4,0,1327,1491,2542,2706
_DSC0175.tif,3,6,3,2,2,10,0,1217,1435,2676,2894,9,0,1244,1352,2758,2866,4,0,1204,1386,2704,2886
_DSC0175.tif,3,6,3,2,3,10,4,1238,1396,2912,3070,9,4,1226,1416,2882,3072,4,4,1232,1390,2903,3061
_DSC0175.tif,3,6,3,2,4,10,0,1270,1466,3078,3274,9,0,1302,1492,3072,3262,4,0,1289,1447,3084,3242
_DSC0175.tif,3,6,3,2,5,10,0,1598,1820,2981,3203,9,0,1600,1784,2958,3142,4,0,1635,1825,2974,3164
_DSC0175.tif,3,6,3,2,6,10,0,1672,1916,2785,3029,9,0,1689,1873,2812,2996,4,0,1690,1878,2798,2986
_DSC0175.tif,3,6,3,2,7,10,4,1592,1778,2650,2836,9,4,1626,1752,2686,2812,4,3,1582,1736,2666,2820
_DSC0175.tif,3,6,3,2,8,10,0,1530,1714,2484,2668,9,0,1530,1682,2526,2678,4,0,1520,1688,2518,2686
_DSC0175.tif,3,6,3,3,1,10,0,2391,2545,2496,2650,9,,,,,,4,0,2385,2521,2470,2606
_DSC0175.tif,3,6,3,3,2,10,1,2274,2444,2621,2791,9,1,2260,2456,2609,2805,4,0,2282,2438,2633,2789
_DSC0175.tif,3,6,3,3,3,10,0,2184,2402,2771,2989,9,0,2152,2462,2717,3027,4,0,2174,2386,2786,2998
_DSC0175.tif,3,6,3,3,4,10,0,2296,2496,2978,3178,9,0,2304,2514,2960,3170,4,0,2303,2493,2974,3164
_DSC0175.tif,3,6,3,3,5,10,0,2627,2849,2972,3194,9,0,2637,2809,2970,3142,4,0,2606,2814,2966,3174
_DSC0175.tif,3,6,3,3,6,10,0,2756,2972,2807,3023,9,0,2730,3022,2758,3050,4,0,2732,2964,2774,3006
_DSC0175.tif,3,6,3,3,7,10,0,2751,2947,2602,2798,9,0,2724,2926,2622,2824,4,0,2750,2934,2615,2799
_DSC0175.tif,3,6,3,3,8,10,4,2582,2772,2497,2687,9,5,2584,2762,2492,2670,4,4,2581,2747,2504,2670
_DSC0175.tif,3,6,3,4,1,10,0,3331,3523,2422,2614,9,0,3340,3510,2438,2608,4,0,3332,3488,2434,2590
_DSC0175.tif,3,6,3,4,2,10,1,3216,3428,2550,2762,9,1,3238,3446,2546,2754,4,0,3251,3423,2574,2746
_DSC0175.tif,3,6,3,4,3,10,0,3120,3396,2763,3039,9,0,3160,3390,2782,3012,4,0,3166,3366,2807,3007
_DSC0175.tif,3,6,3,4,4,10,1,3262,3512,2972,3222,9,1,3276,3516,2990,3230,4,1,3274,3484,3005,3215
_DSC0175.tif,3,6,3,4,5,10,0,3554,3846,2949,3241,9,0,3598,3758,2979,3139,4,0,3592,3784,2974,3166
_DSC0175.tif,3,6,3,4,6,10,0,3693,3901,2792,3000,9,0,3662,3872,2795,3005,4,0,3694,3864,2800,2970
_DSC0175.tif,3,6,3,4,7,10,0,3573,3821,2566,2814,9,0,3612,3820,2590,2798,4,0,3614,3806,2595,2787
_DSC0175.tif,3,6,3,4,8,10,4,3484,3694,2392,2602,9,5,3522,3674,2422,2574,4,4,3510,3664,2426,2580
_DSC0764.tif,3,3,1,2,1,8,2,1914,2162,995,1243,2,2,1862,2176,962,1276,10,2,1904,2166,984,1246
_DSC0764.tif,3,3,1,2,2,8,2,1724,2048,1228,1552,2,3,1752,2076,1228,1552,10,2,1746,2080,1194,1528
_DSC0764.tif,3,3,1,2,3,8,2,2056,2172,1875,1991,2,3,1728,2062,1562,1896,10,2,1746,2064,1594,1912
_DSC0764.tif,3,3,2,1,1,8,1,1096,1334,2085,2323,2,1,1028,1362,2047,2381,10,1,1061,1345,2064,2348
_DSC0764.tif,3,3,2,1,2,8,2,863,1243,2324,2704,2,2,872,1234,2390,2752,10,1,826,1200,2356,2730
_DSC0764.tif,3,3,2,1,3,8,2,933,1267,2742,3076,2,2,858,1238,2752,3132,10,1,874,1262,2778,3166
_DSC0764.tif,3,3,2,3,4,8,2,2980,3324,3122,3466,2,1,2952,3332,3047,3427,10,1,2943,3325,3054,3436
_DSC0764.tif,3,3,2,3,5,8,3,3008,3418,2704,3114,2,2,3042,3394,2676,3028,10,1,3070,3396,2686,3012
_DSC0764.tif,3,3,2,3,6,8,2,2808,3180,2337,2709,2,2,2842,3194,2352,2704,10,1,2848,3190,2356,2698
_DSC0764.tif,3,3,3,1,4,8,1,1504,1924,4522,4942,2,0,1476,1848,4531,4903,10,1,1457,1845,4530,4918
_DSC0764.tif,3,3,3,1,5,8,3,1490,1862,4112,4484,2,2,1499,1861,4094,4456,10,2,1504,1900,4054,4450
_DSC0764.tif,3,3,3,1,6,8,2,1395,1747,3770,4122,2,2,1415,1767,3770,4122,10,2,1412,1762,3728,4078
_DSC0764.tif,3,3,3,3,4,8,2,2942,3390,4645,5093,2,2,2942,3256,4664,4978,10,2,2904,3332,4621,5049
_DSC0764.tif,3,3,3,3,5,8,3,2947,3281,4274,4608,2,3,2961,3313,4284,4636,10,2,2919,3317,4228,4626
_DSC0764.tif,3,3,3,3,6,8,3,2952,3208,3971,4227,2,3,2884,3218,3950,4284,10,2,2936,3230,3943,4237
_DSC0765.tif,3,3,1,2,1,8,3,1686,1980,967,1261,2,3,1666,1972,957,1263,10,1,1658,2000,916,1258
_DSC0765.tif,3,3,1,2,2,8,3,1428,1752,1238,1562,2,3,1420,1790,1187,1557,10,1,1456,1766,1198,1508
_DSC0765.tif,3,3,1,2,3,8,2,1490,1928,1476,1914,2,2,1476,1866,1524,1914,10,1,1508,1864,1516,1872
_DSC0765.tif,3,3,2,1,1,8,2,506,858,1990,2342,2,2,501,881,1972,2352,10,1,508,842,1984,2318
_DSC0765.tif,3,3,2,1,2,8,1,439,857,2362,2780,2,1,433,863,2370,2800,10,1,374,866,2340,2832
_DSC0765.tif,3,3,2,1,3,8,1,506,906,2775,3175,2,0,468,934,2790,3256,10,1,500,866,2832,3198
_DSC0765.tif,3,3,2,3,4,8,0,2904,3352,2861,3309,2,0,2990,3390,2904,3304,10,0,2992,3388,2888,3284
_DSC0765.tif,3,3,2,3,5,8,1,2876,3304,2509,2937,2,2,2913,3323,2542,2952,10,1,2928,3316,2532,2920
_DSC0765.tif,3,3,2,3,6,8,1,2846,3152,2251,2557,2,2,2828,3160,2224,2556,10,1,2825,3189,2198,2562
_DSC0765.tif,3,3,3,1,4,8,0,1248,1724,4351,4827,2,1,1347,1767,4426,4846,10,0,1373,1763,4450,4840
_DSC0765.tif,3,3,3,1,5,8,1,1182,1818,3875,4511,2,2,1335,1705,4066,4436,10,1,1362,1742,4062,4442
_DSC0765.tif,3,3,3,1,6,8,1,1182,1628,3728,4174,2,1,1258,1572,3756,4070,10,1,1262,1572,3744,4054
_DSC0765.tif,3,3,3,3,1,8,2,2385,2709,3970,4294,2,3,2414,2766,3960,4312,10,1,2432,2742,3958,4268
_DSC0765.tif,3,3,3,3,2,8,2,2172,2666,4218,4712,2,3,2190,2590,4246,4646,10,1,2238,2570,4301,4633
_DSC0765.tif,3,3,3,3,3,8,,,,,,2,2,2362,2704,4665,5007,10,1,2384,2702,4696,5014
_DSC0766.tif,3,3,1,2,1,6,3,1874,2142,874,1142,3,3,1876,2114,906,1144,5,6,1909,2139,886,1116
_DSC0766.tif,3,3,1,2,2,6,3,1676,1954,1160,1438,3,3,1714,1984,1174,1444,5,6,1666,2008,1131,1473
_DSC0766.tif,3,3,1,2,3,6,3,1706,1984,1523,1801,3,3,1714,2040,1500,1826,5,6,1682,2002,1503,1823
_DSC0766.tif,3,3,2,1,4,6,3,1330,1636,2772,3078,3,3,1326,1626,2774,3074,5,6,1276,1640,2752,3116
_DSC0766.tif,3,3,2,1,5,6,3,1438,1736,2435,2733,3,4,1436,1778,2404,2746,5,6,1450,1742,2439,2731
_DSC0766.tif,3,3,2,1,6,6,3,1370,1656,2143,2429,3,4,1361,1671,2142,2452,5,6,1354,1644,2120,2410
_DSC0766.tif,3,3,2,3,1,6,3,2430,2738,2320,2628,3,4,2417,2741,2310,2634,5,6,2439,2723,2320,2604
_DSC0766.tif,3,3,2,3,2,6,2,2262,2588,2599,2925,3,4,2286,2610,2627,2951,5,5,2276,2596,2626,2946
_DSC0766.tif,3,3,2,3,3,6,1,2340,2678,2936,3274,3,2,2356,2714,2931,3289,5,4,2354,2696,2960,3302
_DSC0766.tif,3,3,3,1,4,6,3,1350,1626,4483,4759,3,3,1357,1651,4466,4760,5,5,1340,1644,4481,4785
_DSC0766.tif,3,3,3,1,5,6,5,1360,1676,4141,4457,3,4,1362,1694,4126,4458,5,6,1324,1644,4147,4467
_DSC0766.tif,3,3,3,1,6,6,4,1370,1646,3789,4065,3,5,1354,1624,3808,4078,5,6,1372,1670,3800,4098
_DSC0766.tif,3,3,3,3,4,6,2,2836,3144,4562,4870,3,4,2836,3106,4578,4848,5,5,2848,3132,4574,4858
_DSC0766.tif,3,3,3,3,5,6,3,2876,3124,4289,4537,3,4,2900,3210,4244,4554,5,5,2878,3184,4250,4556
_DSC0766.tif,3,3,3,3,6,6,2,2856,3104,4026,4274,3,4,2792,3118,3966,4292,5,4,2848,3110,3990,4252
_DSC0767.tif,3,3,1,2,4,3,4,2340,2682,1598,1940,5,6,2344,2716,1611,1983,8,3,2294,2714,1537,1957
_DSC0767.tif,3,3,1,2,5,3,4,2372,2642,1262,1532,5,6,2366,2664,1258,1556,8,3,2370,2656,1276,1562
_DSC0767.tif,3,3,1,2,6,3,4,2293,2619,928,1254,5,6,2306,2634,941,1269,8,3,2352,2656,1029,1333
_DSC0767.tif,3,3,2,1,1,3,4,1040,1342,2238,2540,5,4,1060,1336,2254,2530,8,3,1076,1324,2266,2514
_DSC0767.tif,3,3,2,1,2,3,4,945,1293,2548,2896,5,4,960,1302,2544,2886,8,3,982,1238,2595,2851
_DSC0767.tif,3,3,2,1,3,3,4,968,1278,2904,3214,5,4,957,1277,2894,3214,8,3,934,1200,2895,3161
_DSC0767.tif,3,3,2,3,1,3,4,2464,2812,2500,2848,5,5,2462,2812,2506,2856,8,3,2504,2828,2514,2838
_DSC0767.tif,3,3,2,3,2,3,4,2360,2694,2904,3238,5,5,2358,2692,2856,3190,8,3,2400,2676,2909,3185
_DSC0767.tif,3,3,2,3,3,3,4,2408,2710,3300,3602,5,5,2344,2700,3269,3625,8,3,2404,2786,3246,3628
_DSC0767.tif,3,3,3,1,1,3,4,984,1318,3808,4142,5,5,938,1354,3771,4187,8,3,1000,1352,3799,4151
_DSC0767.tif,3,3,3,1,2,3,4,944,1310,4109,4475,5,5,946,1288,4136,4478,8,3,830,1266,4047,4483
_DSC0767.tif,3,3,3,1,3,3,4,1008,1334,4490,4816,5,5,968,1332,4474,4838,8,3,1028,1314,4498,4784
_DSC0767.tif,3,3,3,3,1,3,1,2722,3008,4078,4364,5,3,2749,3039,4068,4358,8,2,2732,3084,4041,4393
_DSC0767.tif,3,3,3,3,2,3,1,2548,2920,4285,4657,5,3,2536,2848,4314,4626,8,2,2580,2894,4308,4622
_DSC0767.tif,3,3,3,3,3,3,1,2548,2880,4669,5001,5,3,2500,2886,4686,5072,8,2,2418,2894,4570,5046
_DSC0768.tif,3,3,1,2,1,5,5,1392,1696,648,952,8,3,1391,1713,668,990,2,3,1405,1691,686,972
_DSC0768.tif,3,3,1,2,2,5,5,1266,1614,898,1246,8,3,1300,1634,914,1248,2,3,1295,1629,924,1258
_DSC0768.tif,3,3,1,2,3,5,3,1236,1518,1188,1470,8,3,1210,1438,1220,1448,2,2,1266,1496,1219,1449
_DSC0768.tif,3,3,2,1,4,5,3,1042,1362,2574,2894,8,2,1068,1390,2576,2898,2,2,1076,1362,2599,2885
_DSC0768.tif,3,3,2,1,5,5,3,1220,1510,2321,2611,8,2,1209,1543,2266,2600,2,2,1239,1515,2324,2600
_DSC0768.tif,3,3,2,1,6,5,3,1042,1340,2030,2328,8,2,1043,1329,2018,2304,2,2,1038,1344,2027,2333
_DSC0768.tif,3,3,2,3,1,5,4,2347,2593,2090,2336,8,3,2362,2656,2095,2389,2,3,2362,2618,2095,2351
_DSC0768.tif,3,3,2,3,2,5,4,2120,2448,2261,2589,8,3,2134,2428,2286,2580,2,3,2158,2462,2286,2590
_DSC0768.tif,3,3,2,3,3,5,4,2157,2477,2604,2924,8,2,2181,2485,2590,2894,2,1,2152,2494,2595,2937
_DSC0768.tif,3,3,3,1,4,5,4,1309,1711,4180,4582,8,2,1304,1790,4141,4627,2,1,1324,1706,4188,4570
_DSC0768.tif,3,3,3,1,5,5,4,1388,1722,3868,4202,8,3,1420,1734,3903,4217,2,2,1382,1704,3866,4188
_DSC0768.tif,3,3,3,3,1,5,4,2268,2566,3778,4076,8,2,2294,2570,3803,4079,2,3,2276,2570,3776,4070
_DSC0768.tif,3,3,3,3,2,5,4,2236,2556,4046,4366,8,2,2281,2557,4074,4350,2,3,2200,2580,4023,4403
_DSC0768.tif,3,3,3,3,3,5,4,2202,2522,4366,4686,8,,,,,,2,3,2200,2562,4345,4707
_DSC0769.tif,3,3,1,2,4,3,0,2270,2650,1508,1888,5,1,2284,2648,1514,1878,8,0,2248,2742,1443,1937
_DSC0769.tif,3,3,1,2,5,3,1,2278,2562,1179,1463,5,3,2224,2536,1168,1480,8,1,2218,2590,1138,1510
_DSC0769.tif,3,3,1,2,6,3,1,2258,2536,874,1152,5,4,2210,2478,875,1143,8,2,2248,2542,939,1233
_DSC0769.tif,3,3,2,1,1,3,1,1144,1420,2294,2570,5,3,1161,1413,2284,2536,8,1,1124,1400,2280,2556
_DSC0769.tif,3,3,2,1,2,3,1,976,1278,2468,2770,5,4,986,1262,2492,2768,8,2,962,1258,2476,2772
_DSC0769.tif,3,3,2,1,3,3,1,1032,1342,2780,3090,5,3,991,1347,2790,3146,8,1,933,1323,2762,3152
_DSC0769.tif,3,3,2,3,4,3,1,3019,3359,2984,3324,5,4,2935,3387,2954,3406,8,2,3018,3408,2909,3299
_DSC0769.tif,3,3,2,3,5,3,1,2999,3293,2634,2928,5,5,3005,3317,2656,2968,8,2,2970,3360,2566,2956
_DSC0769.tif,3,3,2,3,6,3,1,2912,3230,2324,2642,5,5,2935,3209,2336,2610,8,2,2884,3370,2257,2743
_DSC0769.tif,3,3,3,1,1,3,3,874,1198,3833,4157,5,6,872,1190,3821,4139,8,3,886,1200,3851,4165
_DSC0769.tif,3,3,3,1,2,3,3,735,1043,4118,4426,5,5,708,1042,4102,4436,8,2,762,1028,4122,4388
_DSC0769.tif,3,3,3,1,3,3,3,722,1056,4438,4772,5,5,688,1046,4440,4798,8,2,630,1000,4417,4787
_DSC0769.tif,3,3,3,3,4,3,0,2880,3268,4463,4851,5,0,2864,3400,4410,4946,8,0,2856,3380,4446,4970
_DSC0769.tif,3,3,3,3,5,3,1,2904,3252,4106,4454,5,4,2878,3220,4128,4470,8,1,2962,3314,4161,4513
_DSC0769.tif,3,3,3,3,6,3,1,2844,3162,3816,4134,5,3,2848,3132,3856,4140,8,2,2838,3084,3828,4074
_DSC0770.tif,3,3,1,2,1,2,3,1486,1818,1110,1442,10,1,1529,1805,1136,1412,9,4,1544,1802,1142,1400
_DSC0770.tif,3,3,1,2,2,2,3,1382,1714,1406,1738,10,1,1412,1786,1369,1743,9,4,1408,1698,1413,1703
_DSC0770.tif,3,3,1,2,3,2,3,1390,1752,1756,2118,10,1,1382,1818,1718,2154,9,,,,,
_DSC0770.tif,3,3,2,1,4,2,1,1067,1429,2770,3132,10,0,1024,1444,2733,3153,9,1,1106,1458,2790,3142
_DSC0770.tif,3,3,2,1,5,2,2,1076,1400,2451,2775,10,1,1072,1382,2436,2746,9,2,1082,1392,2442,2752
_DSC0770.tif,3,3,2,1,6,2,4,1048,1352,2114,2418,10,1,1049,1341,2088,2380,9,3,1062,1346,2138,2422
_DSC0770.tif,3,3,2,3,1,2,3,2552,2846,2352,2646,10,1,2546,2816,2348,2618,9,3,2595,2799,2406,2610
_DSC0770.tif,3,3,2,3,2,2,2,2443,2747,2580,2884,10,1,2464,2742,2578,2856,9,2,2480,2726,2614,2860
_DSC0770.tif,3,3,2,3,3,2,2,2524,2866,2928,3270,10,1,2527,2821,2928,3222,9,1,2548,2862,2952,3266
_DSC0770.tif,3,3,3,1,4,2,1,1315,1685,4218,4588,10,0,1310,1682,4209,4581,9,2,1340,1650,4244,4554
_DSC0770.tif,3,3,3,1,5,2,3,1372,1676,3866,4170,10,1,1366,1698,3837,4169,9,2,1402,1686,3882,4166
_DSC0770.tif,3,3,3,1,6,2,4,1276,1610,3570,3904,10,1,1366,1604,3622,3860,9,2,1362,1556,3666,3860
_DSC0770.tif,3,3,3,3,4,2,3,2994,3356,4408,4770,10,1,3008,3380,4411,4783,9,2,3033,3323,4432,4722
_DSC0770.tif,3,3,3,3,5,2,3,3065,3409,4074,4418,10,1,3058,3424,3998,4364,9,2,3057,3367,4076,4386
_DSC0770.tif,3,3,3,3,6,2,3,2884,3256,3712,4084,10,1,2877,3257,3706,4086,9,2,2929,3217,3766,4054
_DSC0771.tif,3,3,1,2,1,6,3,1478,1796,645,963,3,3,1496,1790,698,992,5,6,1503,1823,648,968
_DSC0771.tif,3,3,1,2,2,6,2,1380,1716,953,1289,3,3,1382,1690,965,1273,5,4,1340,1660,957,1277
_DSC0771.tif,3,3,1,2,3,6,2,1458,1816,1294,1652,3,3,1508,1810,1314,1616,5,5,1444,1830,1310,1696
_DSC0771.tif,3,3,2,1,1,6,2,714,1062,2043,2391,3,2,759,1051,2056,2348,5,4,774,1020,2083,2329
_DSC0771.tif,3,3,2,1,2,6,1,566,942,2266,2642,3,1,668,922,2336,2590,5,4,648,886,2344,2582
_DSC0771.tif,3,3,2,1,3,6,1,636,1072,2559,2995,3,1,734,1052,2602,2920,5,4,730,1028,2599,2897
_DSC0771.tif,3,3,2,3,4,6,1,2876,3312,2718,3154,3,1,2909,3257,2754,3102,5,4,2897,3247,2760,3110
_DSC0771.tif,3,3,2,3,5,6,2,2777,3173,2302,2698,3,2,2864,3166,2372,2674,5,5,2816,3172,2366,2722
_DSC0771.tif,3,3,2,3,6,6,3,2777,3083,2034,2340,3,3,2753,3093,2000,2340,5,6,2760,3080,2016,2336
_DSC0771.tif,3,3,3,1,1,6,3,834,1102,3670,3938,3,3,815,1163,3610,3958,5,5,826,1124,3622,3920
_DSC0771.tif,3,3,3,1,2,6,3,734,1032,3927,4225,3,3,754,1064,3927,4237,5,5,700,1042,3886,4228
_DSC0771.tif,3,3,3,1,3,6,4,764,1112,4199,4547,3,4,818,1032,4284,4498,5,6,782,1056,4222,4496
_DSC0771.tif,3,3,3,3,4,6,2,2846,3234,4283,4671,3,1,2864,3198,4308,4642,5,4,2834,3220,4292,4678
_DSC0771.tif,3,3,3,3,5,6,3,2846,3164,3971,4289,3,4,2832,3246,3903,4317,5,5,2834,3168,3961,4295
_DSC0771.tif,3,3,3,3,6,6,3,2768,3064,3690,3986,3,3,2730,3062,3702,4034,5,5,2760,3058,3700,3998
_DSC1014.TIF,3,3,1,1,1,9,5,476,830,495,849,4,4,510,810,506,806,6,4,476,844,496,864
_DSC1014.TIF,3,3,1,1,2,9,3,468,744,906,1182,4,3,440,724,890,1174,6,3,438,724,894,1180
_DSC1014.TIF,3,3,1,1,3,9,2,524,810,1190,1476,4,2,517,759,1210,1452,6,2,448,814,1161,1527
_DSC1014.TIF,3,3,1,1,4,9,0,1110,1376,1296,1562,4,,,,,,6,,,,,
_DSC1014.TIF,3,3,1,1,5,9,0,1043,1329,858,1144,4,,,,,,6,,,,,
_DSC1014.TIF,3,3,1,1,6,9,3,863,1205,420,762,4,2,862,1184,424,746,6,3,844,1220,398,774
_DSC1014.TIF,3,3,1,3,1,9,6,2370,2600,553,783,4,,,,,,6,,,,,
_DSC1014.TIF,3,3,1,3,2,9,6,2276,2638,748,1110,4,6,2302,2608,766,1072,6,6,2252,2608,730,1086
_DSC1014.TIF,3,3,1,3,3,9,6,2134,2456,1173,1495,4,,,,,,6,,,,,
_DSC1014.TIF,3,3,1,3,4,9,6,2884,3132,1076,1324,4,6,2889,3129,1078,1318,6,6,2806,3104,1042,1340
_DSC1014.TIF,3,3,1,3,5,9,6,2861,3205,752,1096,4,6,2875,3165,782,1072,6,5,2846,3134,759,1047
_DSC1014.TIF,3,3,1,3,6,9,6,2752,3000,510,758,4,4,2790,2978,539,727,6,4,2728,3016,481,769
_DSC1014.TIF,3,3,2,2,1,9,0,1276,1572,1837,2133,4,,,,,,6,,,,,
_DSC1014.TIF,3,3,2,2,2,9,2,1081,1339,2152,2410,4,,,,,,6,,,,,
_DSC1014.TIF,3,3,2,2,3,9,4,1172,1496,2442,2766,4,4,1184,1494,2451,2761,6,5,1170,1498,2415,2743
_DSC1014.TIF,3,3,2,2,4,9,5,1866,2172,2485,2791,4,4,1856,2160,2448,2752,6,5,1836,2132,2466,2762
_DSC1014.TIF,3,3,2,2,5,9,3,1848,2134,2171,2457,4,3,1810,2170,2126,2486,6,4,1806,2122,2148,2464
_DSC1014.TIF,3,3,2,2,6,9,2,1696,2000,1809,2113,4,2,1688,1992,1760,2064,6,2,1676,2004,1756,2084
_DSC1014.TIF,3,3,3,1,1,9,0,630,962,3366,3698,4,,,,,,6,,,,,
_DSC1014.TIF,3,3,3,1,2,9,6,553,877,3712,4036,4,5,566,860,3706,4000,6,4,586,854,3738,4006
_DSC1014.TIF,3,3,3,1,3,9,0,348,842,3980,4474,4,,,,,,6,,,,,
_DSC1014.TIF,3,3,3,1,4,9,3,1238,1562,4131,4455,4,2,1254,1554,4137,4437,6,3,1246,1592,4066,4412
_DSC1014.TIF,3,3,3,1,5,9,5,1314,1620,3674,3980,4,5,1329,1619,3684,3974,6,5,1310,1626,3699,4015
_DSC1014.TIF,3,3,3,1,6,9,4,1105,1457,3284,3636,4,3,1120,1436,3309,3625,6,4,1132,1438,3318,3624
_DSC1014.TIF,3,3,3,3,1,9,3,2433,2681,3446,3694,4,5,2434,2692,3438,3696,6,4,2410,2668,3442,3700
_DSC1014.TIF,3,3,3,3,2,9,4,2248,2600,3775,4127,4,5,2263,2591,3764,4092,6,4,2272,2568,3754,4050
_DSC1014.TIF,3,3,3,3,3,9,5,2199,2581,4074,4456,4,5,2223,2529,4112,4418,6,5,2243,2559,4126,4442
_DSC1014.TIF,3,3,3,3,4,9,0,2838,3200,4051,4413,4,,,,,,6,,,,,
_DSC1014.TIF,3,3,3,3,5,9,0,2800,3180,3608,3988,4,,,,,,6,,,,,
_DSC1014.TIF,3,3,3,3,6,9,4,2656,2924,3308,3576,4,5,2668,2908,3327,3567,6,4,2668,2926,3297,3555
_DSC1015.TIF,3,3,1,1,2,2,6,382,744,562,924,10,4,378,742,572,936,9,6,468,686,654,872
_DSC1015.TIF,3,3,1,1,4,2,6,982,1324,944,1286,10,4,960,1318,936,1294,9,6,1010,1258,981,1229
_DSC1015.TIF,3,3,1,1,5,2,6,980,1362,638,1020,10,4,1040,1318,679,957,9,6,992,1286,668,962
_DSC1015.TIF,3,3,1,1,6,2,6,867,1219,306,658,10,3,890,1192,334,636,9,6,900,1158,362,620
_DSC1015.TIF,3,3,1,3,1,2,4,2428,2742,553,867,10,3,2420,2722,564,866,9,4,2485,2703,620,838
_DSC1015.TIF,3,3,1,3,2,2,4,2400,2762,815,1177,10,3,2404,2714,826,1136,9,4,2466,2724,876,1134
_DSC1015.TIF,3,3,1,3,3,2,5,2342,2656,1096,1410,10,3,2333,2689,1040,1396,9,5,2356,2642,1096,1382
_DSC1015.TIF,3,3,1,3,4,2,5,2852,3156,1134,1438,10,4,2853,3137,1136,1420,9,5,2914,3114,1195,1395
_DSC1015.TIF,3,3,2,2,1,2,5,1210,1514,1915,2219,10,4,1214,1500,1936,2222,9,6,1248,1496,1943,2191
_DSC1015.TIF,3,3,2,2,2,2,6,1134,1448,2200,2514,10,4,1103,1429,2206,2532,9,6,1180,1410,2256,2486
_DSC1015.TIF,3,3,2,2,3,2,5,1162,1514,2505,2857,10,3,1206,1492,2546,2832,9,4,1220,1486,2514,2780
_DSC1015.TIF,3,3,2,2,6,2,4,1448,1772,1799,2123,10,3,1460,1746,1825,2111,9,5,1466,1724,1838,2096
_DSC1015.TIF,3,3,3,1,2,2,4,382,830,3636,4084,10,3,414,794,3646,4026,9,3,410,800,3661,4051
_DSC1015.TIF,3,3,3,1,4,2,3,1124,1514,3998,4388,10,3,1158,1460,4014,4316,9,4,1177,1453,4046,4322
_DSC1015.TIF,3,3,3,1,5,2,5,1182,1534,3651,4003,10,4,1219,1519,3666,3966,9,5,1238,1466,3718,3946
_DSC1015.TIF,3,3,3,1,6,2,4,1000,1438,3314,3752,10,3,976,1420,3308,3752,9,4,1076,1390,3380,3694
_DSC1015.TIF,3,3,3,3,2,2,5,2210,2590,3618,3998,10,4,2206,2578,3657,4029,9,4,2248,2580,3651,3983
_DSC1015.TIF,3,3,3,3,3,2,4,2142,2504,3927,4289,10,3,2155,2487,3928,4260,9,5,2190,2438,3970,4218
_DSC1015.TIF,3,3,3,3,4,2,5,2752,3076,3961,4285,10,4,2769,3063,3974,4268,9,5,2794,3060,3990,4256
_DSC1015.TIF,3,3,3,3,5,2,6,2803,3099,3674,3970,10,5,2809,3109,3658,3958,9,5,2847,3067,3708,3928
_DSC1015.TIF,3,3,3,3,6,2,6,2790,3066,3451,3727,10,4,2762,3030,3433,3701,9,4,2836,3010,3509,3683
_DSC1016.TIF,3,3,1,1,2,9,3,430,838,677,1085,4,3,447,849,664,1066,6,3,447,843,666,1062
_DSC1016.TIF,3,3,1,1,5,9,2,1219,1543,638,962,4,1,1168,1526,638,996,6,2,1180,1568,585,973
_DSC1016.TIF,3,3,1,3,2,9,1,2252,2528,1058,1334,4,0,2212,2544,1028,1360,6,0,2252,2530,1062,1340
_DSC1016.TIF,3,3,1,3,5,9,4,2846,3190,1076,1420,4,3,2852,3200,1082,1430,6,3,2826,3214,1066,1454
_DSC1016.TIF,3,3,2,2,1,9,1,1386,1738,1742,2094,4,0,1371,1699,1740,2068,6,1,1373,1711,1746,2084
_DSC1016.TIF,3,3,2,2,6,9,3,1696,1990,1724,2018,4,2,1698,1982,1703,1987,6,4,1686,2014,1696,2024
_DSC1016.TIF,3,3,3,1,1,9,5,658,944,3332,3618,4,6,622,948,3299,3625,6,5,656,934,3322,3600
_DSC1016.TIF,3,3,3,1,2,9,0,548,892,3636,3980,4,,,,,,6,,,,,
_DSC1016.TIF,3,3,3,1,3,9,0,614,900,4008,4294,4,,,,,,6,,,,,
_DSC1016.TIF,3,3,3,1,6,9,3,972,1296,3190,3514,4,3,960,1296,3176,3512,6,3,952,1320,3168,3536
_DSC1016.TIF,3,3,3,3,3,9,1,2271,2623,4084,4436,4,1,2250,2652,4062,4464,6,1,2212,2628,4032,4448
_DSC1016.TIF,3,3,3,3,4,9,4,3047,3333,4132,4418,4,3,3025,3353,4080,4408,6,5,2996,3342,4086,4432
_DSC1016.TIF,3,3,3,3,5,9,2,2975,3289,3666,3980,4,,,,,,6,,,,,
_DSC1016.TIF,3,3,3,3,6,9,0,2742,3076,3261,3595,4,,,,,,6,,,,,
_DSC1017.TIF,3,3,1,1,3,5,,,,,,8,2,457,867,1114,1524,2,2,420,828,1106,1514
_DSC1017.TIF,3,3,1,1,4,5,6,986,1344,1146,1504,8,5,1028,1304,1181,1457,2,5,977,1347,1144,1514
_DSC1017.TIF,3,3,1,3,1,5,6,2280,2630,544,894,8,5,2232,2690,486,944,2,5,2295,2657,534,896
_DSC1017.TIF,3,3,1,3,6,5,6,2604,2968,466,830,8,3,2623,2985,438,800,2,3,2594,2994,458,858
_DSC1017.TIF,3,3,2,2,2,5,2,1231,1603,2194,2566,8,2,1205,1633,2162,2590,2,,,,,
_DSC1017.TIF,3,3,2,2,3,5,4,1324,1816,2555,3047,8,3,1410,1752,2586,2928,2,3,1372,1800,2552,2980
_DSC1017.TIF,3,3,2,2,4,5,2,1983,2347,2634,2998,8,1,1980,2342,2580,2942,2,0,2000,2370,2619,2989
_DSC1017.TIF,3,3,3,1,3,5,3,462,916,3957,4411,8,2,354,982,3879,4507,2,3,458,924,3927,4393
_DSC1017.TIF,3,3,3,1,4,5,5,1080,1592,4062,4574,8,3,1052,1566,4066,4580,2,4,1106,1524,4090,4508
_DSC1017.TIF,3,3,3,1,6,5,,,,,,8,1,1048,1428,3223,3603,2,,,,,
_DSC1017.TIF,3,3,3,3,2,5,3,2284,2640,3745,4101,8,2,2266,2628,3703,4065,2,2,2248,2600,3747,4099
_DSC1017.TIF,3,3,3,3,5,5,6,3116,3488,3615,3987,8,4,3114,3552,3580,4018,2,5,3104,3446,3627,3969
_DSC1017.TIF,3,3,3,3,6,5,1,2842,3190,3370,3718,8,1,2884,3284,3318,3718,2,,,,,
_DSC1157.TIF,3,3,1,2,1,6,4,1766,2084,398,716,3,3,1747,2087,406,746,5,6,1793,2113,372,692
_DSC1157.TIF,3,3,1,2,4,6,2,2202,2530,1210,1538,3,3,2206,2564,1214,1572,5,4,2172,2574,1206,1608
_DSC1157.TIF,3,3,1,2,5,6,4,2142,2460,799,1117,3,4,2110,2452,770,1112,5,6,2136,2514,786,1164
_DSC1157.TIF,3,3,1,2,6,6,3,2074,2460,418,804,3,3,2060,2440,398,778,5,6,2076,2440,410,774
_DSC1157.TIF,3,3,2,1,2,6,5,626,942,2068,2384,3,4,596,952,2028,2384,5,6,655,975,2060,2380
_DSC1157.TIF,3,3,2,1,4,6,1,1330,1696,2520,2886,3,1,1318,1706,2508,2896,5,3,1318,1704,2489,2875
_DSC1157.TIF,3,3,2,1,5,6,5,1240,1588,2117,2465,3,5,1230,1596,2122,2488,5,6,1247,1603,2150,2506
_DSC1157.TIF,3,3,2,1,6,6,3,1107,1425,1766,2084,3,3,1124,1410,1762,2048,5,4,1128,1432,1794,2098
_DSC1157.TIF,3,3,2,3,2,6,5,2360,2648,2360,2648,3,5,2352,2646,2348,2642,5,6,2366,2670,2352,2656
_DSC1157.TIF,3,3,2,3,4,6,3,2906,3224,2678,2996,3,3,2896,3246,2642,2992,5,4,2902,3258,2664,3020
_DSC1157.TIF,3,3,2,3,5,6,4,2826,3164,2261,2599,3,3,2848,3166,2293,2611,5,6,2856,3162,2306,2612
_DSC1157.TIF,3,3,2,3,6,6,4,2747,3075,1984,2312,3,3,2745,3079,1968,2302,5,6,2744,3094,1990,2340
_DSC1157.TIF,3,3,3,1,2,6,1,844,1142,3887,4185,3,1,851,1159,3872,4180,5,4,834,1176,3875,4217
_DSC1157.TIF,3,3,3,1,4,6,3,1375,1701,4126,4452,3,3,1404,1746,4121,4463,5,5,1384,1712,4157,4485
_DSC1157.TIF,3,3,3,1,5,6,3,1350,1656,3804,4110,3,3,1345,1647,3816,4118,5,5,1324,1652,3797,4125
_DSC1157.TIF,3,3,3,1,6,6,2,1260,1538,3540,3818,3,3,1222,1596,3466,3840,5,4,1228,1578,3485,3835
_DSC1157.TIF,3,3,3,3,1,6,3,2485,2783,3620,3918,3,3,2456,2790,3610,3944,5,6,2478,2790,3608,3920
_DSC1157.TIF,3,3,3,3,4,6,4,2897,3213,4364,4680,3,3,2893,3249,4364,4720,5,3,2890,3202,4388,4700
_DSC1157.TIF,3,3,3,3,5,6,5,2806,3144,3941,4279,3,5,2800,3206,3915,4321,5,6,2852,3194,3956,4298
_DSC1157.TIF,3,3,3,3,6,6,3,2758,3024,3666,3932,3,3,2719,3043,3626,3950,5,5,2752,3020,3659,3927
_DSC1158.TIF,3,3,1,2,3,2,2,1848,2152,1214,1518,10,1,1864,2150,1202,1488,9,2,1876,2134,1233,1491
_DSC1158.TIF,3,3,1,2,4,2,4,2400,2676,1190,1466,10,3,2420,2682,1182,1444,9,4,2342,2646,1148,1452
_DSC1158.TIF,3,3,1,2,5,2,4,2370,2638,928,1196,10,3,2368,2622,906,1160,9,3,2362,2628,930,1196
_DSC1158.TIF,3,3,1,2,6,2,3,2294,2552,676,934,10,3,2294,2532,652,890,9,3,2324,2562,691,929
_DSC1158.TIF,3,3,2,1,3,2,3,630,990,2258,2618,10,2,628,1000,2238,2610,9,2,638,972,2256,2590
_DSC1158.TIF,3,3,2,1,4,2,4,1410,1780,2167,2537,10,3,1382,1786,2123,2527,9,3,1458,1724,2205,2471
_DSC1158.TIF,3,3,2,1,5,2,4,1324,1676,1847,2199,10,3,1342,1642,1826,2126,9,3,1362,1648,1876,2162
_DSC1158.TIF,3,3,2,1,6,2,3,1172,1524,1424,1776,10,2,1210,1528,1412,1730,9,2,1228,1486,1461,1719
_DSC1158.TIF,3,3,2,3,2,2,5,2238,2628,2357,2747,10,4,2254,2634,2341,2721,9,5,2324,2590,2414,2680
_DSC1158.TIF,3,3,2,3,4,2,2,2894,3284,2776,3166,10,3,2888,3300,2730,3142,9,2,2914,3228,2809,3123
_DSC1158.TIF,3,3,2,3,5,2,6,2876,3256,2405,2785,10,4,2883,3289,2364,2770,9,5,2890,3204,2438,2752
_DSC1158.TIF,3,3,2,3,6,2,4,2762,3122,2063,2423,10,3,2750,3114,2040,2404,9,4,2772,3056,2086,2370
_DSC1158.TIF,3,3,3,1,2,2,4,638,934,3722,4018,10,4,609,957,3658,4006,9,5,643,901,3712,3970
_DSC1158.TIF,3,3,3,1,4,2,2,1228,1696,3931,4399,10,3,1246,1650,3943,4347,9,2,1304,1620,3993,4309
_DSC1158.TIF,3,3,3,1,5,2,5,1248,1610,3627,3989,10,4,1243,1583,3626,3966,9,5,1315,1561,3666,3912
_DSC1158.TIF,3,3,3,1,6,2,3,1096,1504,3295,3703,10,3,1128,1500,3305,3677,9,3,1152,1458,3351,3657
_DSC1158.TIF,3,3,3,3,2,2,2,2332,2666,3870,4204,10,2,2356,2666,3875,4185,9,1,2362,2628,3894,4160
_DSC1158.TIF,3,3,3,3,4,2,3,2942,3314,4226,4598,10,3,2963,3297,4196,4530,9,3,2942,3284,4232,4574
_DSC1158.TIF,3,3,3,3,5,2,4,2924,3294,3851,4221,10,3,2920,3268,3832,4180,9,4,2980,3238,3898,4156
_DSC1158.TIF,3,3,3,3,6,2,3,2780,3122,3599,3941,10,2,2792,3134,3582,3924,9,4,2855,3085,3636,3866
_DSC1159.TIF,3,3,1,2,3,6,1,1646,1924,913,1191,3,1,1516,1912,854,1250,5,3,1584,1964,867,1247
_DSC1159.TIF,3,3,1,2,4,6,2,2400,2698,977,1275,3,4,2364,2674,972,1282,5,5,2374,2722,957,1305
_DSC1159.TIF,3,3,1,2,5,6,,,,,,3,1,2298,2622,652,976,5,1,2325,2659,648,982
_DSC1159.TIF,3,3,1,2,6,6,,,,,,3,0,2202,2520,270,588,5,2,2224,2610,261,647
_DSC1159.TIF,3,3,2,1,1,6,1,839,1127,1408,1696,3,0,783,1139,1374,1730,5,3,804,1138,1381,1715
_DSC1159.TIF,3,3,2,1,4,6,,,,,,3,0,1322,1710,2206,2594,5,,,,,
_DSC1159.TIF,3,3,2,1,5,6,,,,,,3,0,1361,1655,1786,2080,5,,,,,
_DSC1159.TIF,3,3,2,1,6,6,2,1240,1548,1413,1721,3,3,1214,1548,1428,1762,5,5,1217,1567,1384,1734
_DSC1159.TIF,3,3,2,3,1,6,1,2426,2722,1618,1914,3,1,2460,2762,1686,1988,5,3,2433,2775,1614,1956
_DSC1159.TIF,3,3,2,3,5,6,,,,,,3,0,2816,3214,1936,2334,5,,,,,
_DSC1159.TIF,3,3,2,3,6,6,2,2781,3049,1656,1924,3,3,2721,3079,1634,1992,5,5,2752,3064,1652,1964
_DSC1159.TIF,3,3,3,1,2,6,1,666,1112,3600,4046,3,1,730,1072,3661,4003,5,2,722,1132,3615,4025
_DSC1159.TIF,3,3,3,1,5,6,4,1320,1696,3605,3981,3,3,1310,1650,3599,3939,5,5,1310,1734,3599,4023
_DSC1159.TIF,3,3,3,1,6,6,,,,,,3,0,1198,1556,3264,3622,5,,,,,
_DSC1159.TIF,3,3,3,3,3,6,1,2152,2578,4269,4695,3,3,2150,2524,4291,4665,5,3,2169,2555,4314,4700
_DSC1159.TIF,3,3,3,3,4,6,4,2816,3234,4169,4587,3,4,2872,3214,4204,4546,5,5,2872,3296,4173,4597
_DSC1159.TIF,3,3,3,3,5,6,,,,,,3,0,2832,3182,3792,4142,5,,,,,
_DSC1159.TIF,3,3,3,3,6,6,,,,,,3,0,2674,3054,3396,3776,5,,,,,
_DSC1160.TIF,3,3,1,2,3,10,1,1476,1896,882,1302,9,3,1420,1838,877,1295,4,2,1410,1784,906,1280
_DSC1160.TIF,3,3,1,2,4,10,2,2118,2508,952,1342,9,3,2162,2514,972,1324,4,2,2160,2480,976,1296
_DSC1160.TIF,3,3,1,2,5,10,0,2111,2539,532,960,9,,,,,,4,,,,,
_DSC1160.TIF,3,3,1,2,6,10,0,1960,2348,104,492,9,,,,,,4,,,,,
_DSC1160.TIF,3,3,2,1,2,10,1,604,936,2028,2360,9,2,638,876,2085,2323,4,1,611,889,2052,2330
_DSC1160.TIF,3,3,2,1,5,10,2,1286,1588,1884,2186,9,3,1304,1572,1909,2177,4,2,1286,1560,1896,2170
_DSC1160.TIF,3,3,2,1,6,10,1,1136,1476,1588,1928,9,,,,,,4,,,,,
_DSC1160.TIF,3,3,2,3,2,10,1,2198,2580,1928,2310,9,1,2248,2562,1972,2286,4,1,2249,2539,1992,2282
_DSC1160.TIF,3,3,2,3,4,10,0,2829,3217,2246,2634,9,,,,,,4,,,,,
_DSC1160.TIF,3,3,2,3,5,10,4,2920,3230,1936,2246,9,4,2904,3218,1933,2247,4,5,2911,3199,1940,2228
_DSC1160.TIF,3,3,2,3,6,10,0,2655,3083,1540,1968,9,,,,,,4,,,,,
_DSC1160.TIF,3,3,3,1,1,10,1,976,1286,3498,3808,9,2,995,1281,3542,3828,4,1,944,1276,3514,3846
_DSC1160.TIF,3,3,3,1,4,10,0,1366,1698,4110,4442,9,0,1448,1724,4165,4441,4,,,,,
_DSC1160.TIF,3,3,3,1,5,10,0,1341,1635,3768,4062,9,0,1348,1662,3780,4094,4,,,,,
_DSC1160.TIF,3,3,3,1,6,10,1,1302,1612,3443,3753,9,2,1372,1600,3494,3722,4,2,1340,1596,3479,3735
_DSC1160.TIF,3,3,3,3,2,10,1,2064,2452,3658,4046,9,1,2137,2461,3712,4036,4,0,2126,2432,3700,4006
_DSC1160.TIF,3,3,3,3,4,10,0,2824,3300,4058,4534,9,,,,,,4,,,,,
_DSC1160.TIF,3,3,3,3,5,10,4,2904,3308,3709,4113,9,5,2932,3238,3746,4052,4,4,2946,3246,3762,4062
_DSC1160.TIF,3,3,3,3,6,10,0,2702,3154,3332,3784,9,,,,,,4,,,,,
_DSC1332.TIF,3,3,1,2,1,5,6,1384,1712,432,760,8,4,1420,1704,482,766,2,4,1401,1705,458,762
_DSC1332.TIF,3,3,1,2,2,5,6,1376,1682,737,1043,8,6,1372,1724,725,1077,2,5,1371,1657,772,1058
_DSC1332.TIF,3,3,1,2,3,5,6,1403,1729,1028,1354,8,5,1438,1704,1077,1343,2,4,1438,1734,1038,1334
_DSC1332.TIF,3,3,1,2,5,5,6,1860,2298,641,1079,8,4,1848,2210,638,1000,2,4,1886,2172,686,972
_DSC1332.TIF,3,3,2,1,1,5,6,667,979,1748,2060,8,4,638,944,1775,2081,2,5,658,944,1799,2085
_DSC1332.TIF,3,3,2,1,2,5,5,656,1034,2028,2406,8,3,676,1068,2042,2434,2,3,658,1030,2056,2428
_DSC1332.TIF,3,3,2,1,3,5,6,670,1028,2399,2757,8,2,648,1058,2400,2810,2,3,686,1038,2395,2747
_DSC1332.TIF,3,3,2,1,6,5,6,924,1206,1618,1900,8,3,972,1248,1658,1934,2,4,914,1228,1629,1943
_DSC1332.TIF,3,3,2,3,1,5,5,2180,2522,1874,2216,8,4,2172,2562,1871,2261,2,4,2186,2518,1886,2218
_DSC1332.TIF,3,3,2,3,2,5,6,2106,2514,2180,2588,8,5,2104,2590,2147,2633,2,5,2134,2514,2195,2575
_DSC1332.TIF,3,3,2,3,3,5,5,2194,2574,2544,2924,8,3,2180,2600,2513,2933,2,2,2200,2562,2542,2904
_DSC1332.TIF,3,3,2,3,5,5,6,2848,3176,2053,2381,8,5,2732,3238,1956,2462,2,5,2828,3170,2047,2389
_DSC1332.TIF,3,3,3,1,1,5,6,882,1232,3340,3690,8,5,772,1296,3289,3813,2,5,848,1228,3342,3722
_DSC1332.TIF,3,3,3,1,4,5,1,1392,1852,4002,4462,8,1,1386,1870,4028,4512,2,0,1372,1772,4008,4408
_DSC1332.TIF,3,3,3,1,5,5,3,1376,1868,3506,3998,8,2,1334,1856,3476,3998,2,3,1419,1809,3560,3950
_DSC1332.TIF,3,3,3,1,6,5,5,1228,1556,3253,3581,8,,,,,,2,4,1200,1552,3242,3594
_DSC1332.TIF,3,3,3,3,1,5,6,2232,2574,3459,3801,8,4,2266,2628,3470,3832,2,5,2210,2608,3423,3821
_DSC1332.TIF,3,3,3,3,2,5,4,2101,2473,3756,4128,8,3,2090,2472,3722,4104,2,3,2094,2466,3770,4142
_DSC1332.TIF,3,3,3,3,3,5,4,2128,2506,4113,4491,8,3,2094,2514,4117,4537,2,2,2134,2494,4128,4488
_DSC1332.TIF,3,3,3,3,6,5,6,2610,2916,3424,3730,8,3,2585,2851,3456,3722,2,4,2595,2937,3418,3760
_DSC1333.TIF,3,3,1,2,2,8,5,1428,1886,724,1182,2,5,1400,1914,729,1243,10,3,1428,1888,734,1194
_DSC1333.TIF,3,3,1,2,4,8,2,2124,2504,1110,1490,2,1,2104,2524,1114,1534,10,1,2126,2548,1063,1485
_DSC1333.TIF,3,3,1,2,5,8,5,2028,2552,667,1191,2,4,2081,2461,744,1124,10,3,2090,2472,730,1112
_DSC1333.TIF,3,3,1,2,6,8,5,2000,2400,382,782,2,4,2018,2324,429,735,10,2,2016,2318,409,711
_DSC1333.TIF,3,3,2,1,1,8,4,906,1266,1877,2237,2,4,886,1248,1838,2200,10,3,866,1238,1822,2194
_DSC1333.TIF,3,3,2,1,4,8,3,1372,1818,2491,2937,2,3,1352,1752,2518,2918,10,2,1366,1762,2519,2915
_DSC1333.TIF,3,3,2,1,5,8,4,1248,1752,2033,2537,2,5,1324,1734,2085,2495,10,3,1341,1683,2110,2452
_DSC1333.TIF,3,3,2,1,6,8,4,1190,1562,1743,2115,2,4,1228,1572,1789,2133,10,3,1222,1564,1785,2127
_DSC1333.TIF,3,3,2,3,1,8,5,2272,2642,2010,2380,2,4,2248,2618,2024,2394,10,4,2278,2610,2028,2360
_DSC1333.TIF,3,3,2,3,2,8,5,2162,2494,2309,2641,2,4,2142,2504,2304,2666,10,4,2174,2468,2281,2575
_DSC1333.TIF,3,3,2,3,3,8,1,2218,2638,2556,2976,2,1,2218,2580,2594,2956,10,2,2233,2591,2578,2936
_DSC1333.TIF,3,3,2,3,5,8,4,2762,3142,2105,2485,2,5,2814,3138,2162,2486,10,4,2824,3126,2134,2436
_DSC1333.TIF,3,3,3,1,2,8,6,744,1304,3761,4321,2,6,858,1248,3870,4260,10,5,886,1218,3856,4188
_DSC1333.TIF,3,3,3,1,4,8,1,1481,1899,4094,4512,2,0,1534,1896,4107,4469,10,0,1552,1916,4086,4450
_DSC1333.TIF,3,3,3,1,5,8,6,1500,1880,3732,4112,2,6,1496,1886,3751,4141,10,5,1551,1877,3744,4070
_DSC1333.TIF,3,3,3,1,6,8,5,1286,1800,3404,3918,2,4,1372,1724,3508,3860,10,3,1374,1714,3491,3831
_DSC1333.TIF,3,3,3,3,3,8,4,2190,2694,4341,4845,2,4,2248,2704,4370,4826,10,1,2302,2682,4407,4787
_DSC1333.TIF,3,3,3,3,4,8,4,2808,3266,4222,4680,2,4,2962,3304,4318,4660,10,2,2960,3300,4316,4656
_DSC1333.TIF,3,3,3,3,5,8,3,2800,3284,3842,4326,2,3,2856,3276,3898,4318,10,2,2865,3229,3928,4292
_DSC1333.TIF,3,3,3,3,6,8,2,2618,3170,3499,4051,2,2,2704,3076,3565,3937,10,1,2714,3032,3570,3888
_DSC1334.TIF,3,3,1,2,1,5,6,1562,1852,525,815,8,5,1504,1972,447,915,2,6,1542,1838,534,830
_DSC1334.TIF,3,3,1,2,6,5,3,1831,2173,424,766,8,3,1828,2172,443,787,2,2,1863,2195,420,752
_DSC1334.TIF,3,3,2,1,1,5,6,744,1080,1714,2050,8,5,785,1081,1704,2000,2,5,715,1105,1686,2076
_DSC1334.TIF,3,3,2,3,1,5,2,2514,2900,1783,2169,8,0,2552,2866,1824,2138,2,1,2528,2938,1780,2190
_DSC1334.TIF,3,3,2,3,5,5,1,3042,3444,2258,2660,8,,,,,,2,,,,,
_DSC1334.TIF,3,3,2,3,6,5,5,2935,3269,1868,2202,8,4,2942,3322,1810,2190,2,4,2933,3333,1848,2248
_DSC1334.TIF,3,3,3,1,2,5,3,848,1220,3585,3957,8,1,790,1238,3456,3904,2,1,858,1220,3579,3941
_DSC1334.TIF,3,3,3,1,5,5,5,1443,1801,3518,3876,8,4,1410,1772,3556,3918,2,3,1382,1800,3504,3922
_DSC1334.TIF,3,3,3,3,2,5,3,2440,2760,3805,4125,8,2,2410,2828,3742,4160,2,1,2419,2799,3780,4160
_DSC1334.TIF,3,3,3,3,5,5,6,3020,3370,3868,4218,8,5,2952,3418,3832,4298,2,6,3004,3404,3846,4246
_DSC1334.TIF,3,3,3,3,6,5,1,2904,3232,3510,3838,8,,,,,,2,,,,,
_DSC1335.TIF,3,3,1,2,1,6,,,,,,3,0,1616,1900,208,492,5,,,,,
_DSC1335.TIF,3,3,1,2,3,6,2,1499,1855,884,1240,3,3,1513,1837,922,1246,5,3,1488,1852,878,1242
_DSC1335.TIF,3,3,1,2,4,6,0,2157,2455,952,1250,3,1,2174,2468,952,1246,5,2,2120,2462,890,1232
_DSC1335.TIF,3,3,2,1,2,6,0,596,934,2122,2460,3,1,556,922,2075,2441,5,1,552,960,2091,2499
_DSC1335.TIF,3,3,2,1,5,6,4,1428,1786,1954,2312,3,3,1456,1790,1976,2310,5,5,1439,1819,1956,2336
_DSC1335.TIF,3,3,2,3,2,6,2,2232,2550,2330,2648,3,1,2286,2594,2325,2633,5,3,2268,2558,2350,2640
_DSC1335.TIF,3,3,2,3,4,6,,,,,,3,0,2947,3313,2586,2952,5,,,,,
_DSC1335.TIF,3,3,2,3,5,6,4,2976,3272,2262,2558,3,4,2972,3304,2254,2586,5,5,2946,3302,2251,2607
_DSC1335.TIF,3,3,2,3,6,6,,,,,,3,0,2760,3094,1920,2254,5,,,,,
_DSC1335.TIF,3,3,3,1,1,6,3,734,1122,3475,3863,3,3,766,1116,3506,3856,5,4,752,1138,3485,3871
_DSC1335.TIF,3,3,3,1,2,6,,,,,,3,0,616,980,3872,4236,5,,,,,
_DSC1335.TIF,3,3,3,1,3,6,,,,,,3,0,639,965,4260,4586,5,,,,,
_DSC1335.TIF,3,3,3,1,6,6,0,1200,1518,3441,3759,3,1,1219,1567,3412,3760,5,1,1227,1547,3428,3748
_DSC1335.TIF,3,3,3,3,1,6,,,,,,3,0,2253,2563,3538,3848,5,,,,,
_DSC1335.TIF,3,3,3,3,2,6,,,,,,3,0,2135,2515,3888,4268,5,,,,,
_DSC1335.TIF,3,3,3,3,3,6,3,2222,2628,4314,4720,3,3,2206,2642,4284,4720,5,4,2206,2660,4336,4790
_DSC1335.TIF,3,3,3,3,4,6,0,2866,3234,4279,4647,3,1,2912,3206,4308,4602,5,2,2842,3266,4270,4694
_DSC1646.tif,4,4,1,1,1,9,3,1168,1314,102,248,4,2,1169,1301,90,222,6,4,1167,1313,86,232
_DSC1646.tif,4,4,1,1,2,9,0,1060,1244,232,416,4,0,1054,1218,236,400,6,0,1038,1230,222,414
_DSC1646.tif,4,4,1,1,3,9,4,972,1162,379,569,4,5,986,1146,397,557,6,4,972,1170,374,572
_DSC1646.tif,4,4,1,1,4,9,0,1016,1200,576,760,4,0,1018,1192,572,746,6,0,986,1198,552,764
_DSC1646.tif,4,4,1,1,5,9,2,1328,1492,617,781,4,2,1318,1500,609,791,6,1,1316,1534,595,813
_DSC1646.tif,4,4,1,1,6,9,2,1448,1594,486,632,4,0,1436,1596,453,613,6,1,1422,1580,458,616
_DSC1646.tif,4,4,1,1,7,9,4,1352,1556,248,452,4,4,1358,1514,271,427,6,4,1356,1522,262,428
_DSC1646.tif,4,4,1,1,8,9,0,1359,1487,140,268,4,0,1318,1452,116,250,6,0,1324,1468,134,278
_DSC1646.tif,4,4,1,2,1,9,3,1968,2126,61,219,4,4,1968,2118,66,216,6,4,1950,2130,63,243
_DSC1646.tif,4,4,1,2,2,9,0,1872,2050,204,382,4,0,1866,2012,194,340,6,0,1858,2044,196,382
_DSC1646.tif,4,4,1,2,3,9,4,1784,1988,363,567,4,6,1792,1968,376,552,6,5,1803,1973,372,542
_DSC1646.tif,4,4,1,2,4,9,0,1854,2076,556,778,4,0,1874,2050,564,740,6,0,1865,2037,570,742
_DSC1646.tif,4,4,1,2,5,9,4,2172,2368,601,797,4,4,2174,2360,609,795,6,4,2176,2388,586,798
_DSC1646.tif,4,4,1,2,6,9,0,2298,2514,438,654,4,0,2310,2478,474,642,6,0,2274,2506,427,659
_DSC1646.tif,4,4,1,2,7,9,4,2210,2400,299,489,4,5,2213,2387,312,486,6,5,2219,2383,306,470
_DSC1646.tif,4,4,1,2,8,9,0,2164,2318,139,293,4,0,2156,2320,138,302,6,0,2192,2364,134,306
_DSC1646.tif,4,4,1,3,1,9,0,2996,3154,75,233,4,0,2974,3142,60,228,6,0,2976,3140,65,229
_DSC1646.tif,4,4,1,3,2,9,3,2917,3101,242,426,4,4,2906,3086,236,416,6,4,2910,3102,238,430
_DSC1646.tif,4,4,1,3,3,9,0,2870,3060,413,603,4,0,2838,3032,415,609,6,0,2890,3068,408,586
_DSC1646.tif,4,4,1,3,4,9,1,2901,3105,578,782,4,2,2920,3092,597,769,6,1,2912,3092,582,762
_DSC1646.tif,4,4,1,3,5,9,0,3268,3414,607,753,4,0,3234,3414,586,766,6,0,3260,3472,562,774
_DSC1646.tif,4,4,1,3,6,9,4,3306,3498,403,595,4,5,3292,3492,398,598,6,5,3286,3490,388,592
_DSC1646.tif,4,4,1,3,7,9,0,3282,3460,211,389,4,0,3264,3448,216,400,6,0,3260,3464,203,407
_DSC1646.tif,4,4,1,3,8,9,4,3186,3384,38,236,4,3,3156,3352,40,236,6,4,3170,3362,40,232
_DSC1646.tif,4,4,1,4,1,9,0,3890,4036,68,214,4,0,3856,4010,60,214,6,0,3862,4032,48,218
_DSC1646.tif,4,4,1,4,2,9,3,3820,3980,206,366,4,3,3816,3962,205,351,6,4,3787,3973,192,378
_DSC1646.tif,4,4,1,4,3,9,0,3790,3960,341,511,4,0,3780,3928,350,498,6,0,3728,3960,312,544
_DSC1646.tif,4,4,1,4,4,9,4,3796,3966,528,698,4,4,3793,3957,518,682,6,4,3794,3986,510,702
_DSC1646.tif,4,4,1,4,5,9,0,4176,4290,592,706,4,0,4116,4292,551,727,6,0,4132,4318,523,709
_DSC1646.tif,4,4,1,4,6,9,4,4176,4366,379,569,4,3,4162,4348,367,553,6,4,4172,4350,378,556
_DSC1646.tif,4,4,1,4,7,9,0,4196,4354,233,391,4,0,4170,4312,249,391,6,0,4166,4344,219,397
_DSC1646.tif,4,4,1,4,8,9,5,4105,4259,108,262,4,4,4092,4242,106,256,6,5,4092,4258,86,252
_DSC1646.tif,4,4,2,1,1,9,2,1112,1252,1004,1144,4,0,1092,1248,994,1150,6,1,1098,1264,979,1145
_DSC1646.tif,4,4,2,1,2,9,0,1042,1194,1153,1305,4,0,1025,1147,1146,1268,6,0,1006,1190,1122,1306
_DSC1646.tif,4,4,2,1,3,9,1,972,1150,1270,1448,4,0,977,1117,1278,1418,6,1,980,1158,1260,1438
_DSC1646.tif,4,4,2,1,4,9,1,1060,1220,1428,1588,4,0,1054,1204,1408,1558,6,0,1038,1218,1392,1572
_DSC1646.tif,4,4,2,1,5,9,3,1298,1482,1410,1594,4,3,1290,1448,1428,1586,6,4,1298,1462,1416,1580
_DSC1646.tif,4,4,2,1,6,9,0,1410,1562,1302,1454,4,0,1392,1542,1296,1446,6,0,1362,1534,1273,1445
_DSC1646.tif,4,4,2,1,7,9,3,1328,1498,1131,1301,4,3,1326,1496,1136,1306,6,4,1322,1494,1121,1293
_DSC1646.tif,4,4,2,1,8,9,0,1314,1466,1003,1155,4,0,1291,1459,978,1146,6,0,1296,1482,982,1168
_DSC1646.tif,4,4,2,2,1,9,2,1988,2172,971,1155,4,3,1992,2154,975,1137,6,4,1981,2153,960,1132
_DSC1646.tif,4,4,2,2,2,9,1,1848,2032,1102,1286,4,0,1842,1998,1108,1264,6,1,1832,2016,1092,1276
_DSC1646.tif,4,4,2,2,3,9,2,1854,2082,1257,1485,4,2,1864,2072,1264,1472,6,3,1858,2050,1257,1449
_DSC1646.tif,4,4,2,2,4,9,1,1854,2064,1428,1638,4,0,1869,2037,1464,1632,6,1,1884,2050,1449,1615
_DSC1646.tif,4,4,2,2,5,9,3,2178,2336,1477,1635,4,3,2150,2338,1453,1641,6,3,2149,2361,1448,1660
_DSC1646.tif,4,4,2,2,6,9,0,2288,2460,1308,1480,4,0,2272,2438,1304,1470,6,0,2242,2454,1266,1478
_DSC1646.tif,4,4,2,2,7,9,3,2207,2365,1144,1302,4,3,2210,2372,1132,1294,6,4,2196,2380,1118,1302
_DSC1646.tif,4,4,2,2,8,9,0,2196,2336,997,1137,4,0,2172,2324,957,1109,6,0,2162,2354,946,1138
_DSC1646.tif,4,4,2,3,1,9,0,3024,3208,928,1112,4,0,2990,3176,890,1076,6,0,2988,3140,923,1075
_DSC1646.tif,4,4,2,3,2,9,4,2945,3123,1074,1252,4,5,2933,3115,1064,1246,6,4,2948,3120,1082,1254
_DSC1646.tif,4,4,2,3,3,9,0,2838,3104,1210,1476,4,0,2892,3078,1241,1427,6,0,2890,3082,1253,1445
_DSC1646.tif,4,4,2,3,4,9,2,2888,3092,1476,1680,4,2,2881,3053,1478,1650,6,2,2890,3082,1468,1660
_DSC1646.tif,4,4,2,3,5,9,0,3250,3472,1460,1682,4,0,3256,3420,1502,1666,6,0,3272,3432,1504,1664
_DSC1646.tif,4,4,2,3,6,9,5,3320,3490,1337,1507,4,5,3316,3482,1348,1514,6,5,3306,3478,1343,1515
_DSC1646.tif,4,4,2,3,7,9,0,3288,3490,1140,1342,4,0,3314,3478,1157,1321,6,0,3303,3475,1178,1350
_DSC1646.tif,4,4,2,3,8,9,5,3230,3396,971,1137,4,6,3215,3383,972,1140,6,5,3190,3416,926,1152
_DSC1646.tif,4,4,3,1,1,9,4,1130,1302,1825,1997,4,5,1150,1296,1836,1982,6,5,1138,1296,1829,1987
_DSC1646.tif,4,4,3,1,2,9,0,1068,1244,1979,2155,4,0,1054,1200,1982,2128,6,0,1078,1224,1984,2130
_DSC1646.tif,4,4,3,1,3,9,4,1004,1174,2125,2295,4,6,1002,1166,2122,2286,6,5,992,1170,2120,2298
_DSC1646.tif,4,4,3,1,4,9,0,1028,1194,2303,2469,4,0,1009,1177,2296,2464,6,0,1036,1214,2328,2506
_DSC1646.tif,4,4,3,1,5,9,5,1328,1524,2340,2536,4,5,1346,1504,2353,2511,6,5,1350,1522,2357,2529
_DSC1646.tif,4,4,3,1,6,9,0,1390,1588,2177,2375,4,0,1405,1543,2200,2338,6,0,1350,1568,2149,2367
_DSC1646.tif,4,4,3,1,7,9,4,1346,1536,2016,2206,4,5,1365,1525,2028,2188,6,5,1350,1528,2023,2201
_DSC1646.tif,4,4,3,1,8,9,0,1366,1524,1874,2032,4,0,1336,1496,1840,2000,6,0,1304,1468,1846,2010
_DSC1646.tif,4,4,3,2,1,9,3,1993,2153,1796,1956,4,1,2000,2146,1800,1946,6,3,1984,2150,1805,1971
_DSC1646.tif,4,4,3,2,2,9,0,1880,2134,1939,2193,4,0,1900,2068,1960,2128,6,0,1926,2090,1958,2122
_DSC1646.tif,4,4,3,2,3,9,3,1880,2082,2121,2323,4,3,1887,2055,2138,2306,6,4,1884,2076,2116,2308
_DSC1646.tif,4,4,3,2,4,9,0,1988,2158,2298,2468,4,0,1970,2136,2304,2470,6,0,1964,2168,2276,2480
_DSC1646.tif,4,4,3,2,5,9,3,2252,2450,2234,2432,4,2,2264,2438,2259,2433,6,3,2262,2454,2248,2440
_DSC1646.tif,4,4,3,2,6,9,0,2329,2507,2094,2272,4,0,2341,2483,2100,2242,6,0,2254,2500,2072,2318
_DSC1646.tif,4,4,3,2,7,9,5,2247,2413,1974,2140,4,4,2264,2400,1986,2122,6,5,2262,2434,1951,2123
_DSC1646.tif,4,4,3,2,8,9,0,2159,2343,1804,1988,4,0,2157,2335,1796,1974,6,0,2188,2368,1791,1971
_DSC1646.tif,4,4,3,3,1,9,0,3016,3180,1752,1916,4,0,3024,3192,1750,1918,6,0,3016,3186,1740,1910
_DSC1646.tif,4,4,3,3,2,9,2,2920,3098,1905,2083,4,1,2938,3088,1907,2057,6,2,2916,3094,1898,2076
_DSC1646.tif,4,4,3,3,3,9,0,2856,3054,2069,2267,4,0,2865,3057,2082,2274,6,0,2856,3034,2070,2248
_DSC1646.tif,4,4,3,3,4,9,1,2856,3078,2317,2539,4,0,2852,3038,2338,2524,6,1,2862,3074,2317,2529
_DSC1646.tif,4,4,3,3,5,9,0,3300,3460,2313,2473,4,0,3306,3488,2287,2469,6,0,3272,3484,2254,2466
_DSC1646.tif,4,4,3,3,6,9,0,3390,3580,2105,2295,4,0,3402,3606,2083,2287,6,0,3392,3570,2099,2277
_DSC1646.tif,4,4,3,3,7,9,1,3320,3498,1898,2076,4,0,3320,3506,1906,2092,6,0,3313,3505,1884,2076
_DSC1646.tif,4,4,3,3,8,9,4,3224,3390,1748,1914,4,3,3220,3370,1754,1904,6,4,3196,3402,1726,1932
_DSC1646.tif,4,4,3,4,1,9,0,3958,4148,1714,1904,4,0,3970,4120,1728,1878,6,0,3946,4132,1722,1908
_DSC1646.tif,4,4,3,4,2,9,3,3866,4062,1864,2060,4,3,3892,4056,1879,2043,6,3,3900,4060,1897,2057
_DSC1646.tif,4,4,3,4,3,9,0,3852,4088,2046,2282,4,0,3877,4045,2056,2224,6,0,3848,4046,2060,2258
_DSC1646.tif,4,4,3,4,4,9,3,3871,4093,2254,2476,4,4,3875,4057,2272,2454,6,3,3878,4076,2268,2466
_DSC1646.tif,4,4,3,4,5,9,0,4220,4410,2283,2473,4,0,4210,4388,2267,2445,6,0,4252,4422,2272,2442
_DSC1646.tif,4,4,3,4,6,9,4,4290,4488,2081,2279,4,4,4297,4461,2092,2256,6,4,4264,4470,2059,2265
_DSC1646.tif,4,4,3,4,7,9,0,4220,4450,1872,2102,4,0,4244,4412,1894,2062,6,0,4266,4466,1884,2084
_DSC1646.tif,4,4,3,4,8,9,3,4183,4361,1702,1880,4,4,4176,4344,1704,1872,6,3,4184,4336,1726,1878
_DSC1646.tif,4,4,4,1,1,9,4,1118,1282,2739,2903,4,4,1118,1264,2746,2892,6,4,1132,1296,2732,2896
_DSC1646.tif,4,4,4,1,2,9,0,1080,1252,2913,3085,4,0,1063,1199,2896,3032,6,0,1058,1256,2863,3061
_DSC1646.tif,4,4,4,1,3,9,5,1051,1215,3054,3218,4,4,1040,1194,3033,3187,6,5,1052,1238,3031,3217
_DSC1646.tif,4,4,4,1,4,9,0,1042,1238,3228,3424,4,0,1032,1246,3235,3449,6,0,1081,1247,3266,3432
_DSC1646.tif,4,4,4,1,5,9,4,1181,1315,108,242,4,4,1364,1532,3247,3415,6,4,1336,1548,3213,3425
_DSC1646.tif,4,4,4,1,6,9,0,1057,1223,248,414,4,0,1458,1634,3084,3260,6,0,1428,1560,3094,3226
_DSC1646.tif,4,4,4,1,7,9,4,966,1174,370,578,4,3,1401,1571,2896,3066,6,5,1401,1581,2882,3062
_DSC1646.tif,4,4,4,1,8,9,0,1010,1182,569,741,4,0,1317,1481,2746,2910,6,0,1320,1498,2738,2916
_DSC1646.tif,4,4,4,2,1,9,4,2032,2196,2698,2862,4,4,2024,2172,2700,2848,6,5,2030,2216,2687,2873
_DSC1646.tif,4,4,4,2,2,9,0,1962,2132,2870,3040,4,0,1975,2153,2864,3042,6,0,1932,2116,2883,3067
_DSC1646.tif,4,4,4,2,3,9,2,1920,2104,3054,3238,4,1,1931,2077,3082,3228,6,1,1918,2116,3071,3269
_DSC1646.tif,4,4,4,2,4,9,0,1950,2126,3264,3440,4,0,1926,2098,3260,3432,6,0,1938,2116,3256,3434
_DSC1646.tif,4,4,4,2,5,9,2,2260,2456,3209,3405,4,0,2272,2454,3229,3411,6,1,2268,2466,3210,3408
_DSC1646.tif,4,4,4,2,6,9,0,2450,2590,3091,3231,4,0,2418,2592,3041,3215,6,0,2360,2558,3041,3239
_DSC1646.tif,4,4,4,2,7,9,2,2300,2466,2900,3066,4,2,2304,2464,2893,3053,6,2,2262,2460,2873,3071
_DSC1646.tif,4,4,4,2,8,9,0,2184,2380,2683,2879,4,0,2185,2393,2674,2882,6,0,2209,2427,2678,2896
_DSC1646.tif,4,4,4,3,1,9,1,3086,3224,2686,2824,4,0,3066,3206,2682,2822,6,0,3022,3200,2658,2836
_DSC1646.tif,4,4,4,3,2,9,4,2983,3117,2824,2958,4,4,2968,3124,2799,2955,6,4,2959,3137,2804,2982
_DSC1646.tif,4,4,4,3,3,9,1,2946,3110,2959,3123,4,0,2928,3096,2958,3126,6,0,2942,3108,2949,3115
_DSC1646.tif,4,4,4,3,4,9,2,3016,3168,3110,3262,4,2,3020,3164,3111,3255,6,2,2988,3168,3120,3300
_DSC1646.tif,4,4,4,3,5,9,0,3268,3396,3161,3289,4,0,3246,3398,3146,3298,6,0,3246,3432,3124,3310
_DSC1646.tif,4,4,4,3,6,9,4,3345,3485,3002,3142,4,4,3341,3511,2982,3152,6,4,3345,3511,2982,3148
_DSC1646.tif,4,4,4,3,7,9,0,3294,3446,2844,2996,4,0,3294,3448,2820,2974,6,0,3280,3478,2790,2988
_DSC1646.tif,4,4,4,3,8,9,4,3256,3396,2698,2838,4,3,3248,3384,2692,2828,6,3,3223,3429,2638,2844
_DSC1646.tif,4,4,4,4,1,9,0,3999,4163,2616,2780,4,0,4012,4152,2630,2770,6,0,3974,4138,2616,2780
_DSC1646.tif,4,4,4,4,2,9,4,3910,4074,2746,2910,4,4,3924,4062,2748,2886,6,4,3920,4066,2754,2900
_DSC1646.tif,4,4,4,4,3,9,0,3904,4050,2908,3054,4,0,3906,4056,2922,3072,6,0,3888,4092,2890,3094
_DSC1646.tif,4,4,4,4,4,9,4,3890,4088,3069,3267,4,3,3889,4063,3078,3252,6,4,3900,4100,3060,3260
_DSC1646.tif,4,4,4,4,5,9,0,4256,4446,3104,3294,4,0,4248,4444,3125,3321,6,0,4232,4404,3121,3293
_DSC1646.tif,4,4,4,4,6,9,5,4341,4525,2914,3098,4,5,4339,4507,2910,3078,6,5,4344,4508,2920,3084
_DSC1646.tif,4,4,4,4,7,9,0,4258,4410,2774,2926,4,0,4238,4398,2764,2924,6,0,4241,4399,2764,2922
_DSC1646.tif,4,4,4,4,8,9,5,4172,4300,2634,2762,4,4,4152,4294,2623,2765,6,5,4159,4311,2598,2750
_DSC1647.tif,4,4,1,1,1,10,4,1244,1392,278,426,9,6,1244,1396,278,430,4,6,1246,1376,278,408
_DSC1647.tif,4,4,1,1,2,10,1,1116,1328,366,578,9,1,1156,1296,397,537,4,0,1127,1293,382,548
_DSC1647.tif,4,4,1,1,3,10,4,1057,1241,536,720,9,6,1086,1220,571,705,4,6,1072,1226,564,718
_DSC1647.tif,4,4,1,1,4,10,3,1042,1254,728,940,9,4,1080,1238,756,914,4,4,1068,1236,758,926
_DSC1647.tif,4,4,1,1,5,10,3,1440,1620,821,1001,9,5,1441,1607,806,972,4,4,1444,1602,814,972
_DSC1647.tif,4,4,1,1,6,10,0,1486,1714,593,821,9,0,1505,1671,610,776,4,0,1495,1683,608,796
_DSC1647.tif,4,4,1,1,7,10,5,1466,1634,428,596,9,5,1474,1606,433,565,4,6,1460,1600,429,569
_DSC1647.tif,4,4,1,1,8,10,5,1395,1563,298,466,9,5,1422,1562,315,455,4,6,1404,1546,310,452
_DSC1647.tif,4,4,1,2,1,10,3,2010,2138,270,398,9,5,2029,2155,268,394,4,4,2022,2142,271,391
_DSC1647.tif,4,4,1,2,2,10,0,1946,2106,354,514,9,0,1965,2091,382,508,4,0,1950,2078,385,513
_DSC1647.tif,4,4,1,2,3,10,1,1870,2044,466,640,9,3,1904,2032,492,620,4,2,1896,2036,500,640
_DSC1647.tif,4,4,1,2,4,10,2,1897,2061,698,862,9,4,1914,2054,698,838,4,2,1923,2055,726,858
_DSC1647.tif,4,4,1,2,5,10,1,2244,2396,784,936,9,1,2240,2400,775,935,4,0,2256,2404,789,937
_DSC1647.tif,4,4,1,2,6,10,0,2258,2476,555,773,9,0,2254,2456,570,772,4,0,2282,2418,598,734
_DSC1647.tif,4,4,1,2,7,10,4,2216,2354,427,565,9,6,2228,2336,445,553,4,6,2222,2342,439,559
_DSC1647.tif,4,4,1,2,8,10,3,2144,2280,298,434,9,5,2160,2282,292,414,4,3,2155,2273,298,416
_DSC1647.tif,4,4,1,3,1,10,4,3071,3267,234,430,9,5,3107,3247,268,408,4,5,3074,3234,248,408
_DSC1647.tif,4,4,1,3,2,10,4,3010,3184,372,546,9,5,3028,3168,397,537,4,5,3014,3166,393,545
_DSC1647.tif,4,4,1,3,3,10,0,2984,3164,551,731,9,1,2984,3174,550,740,4,0,3020,3160,568,708
_DSC1647.tif,4,4,1,3,4,10,4,2952,3152,734,934,9,5,2970,3148,746,924,4,6,2971,3135,754,918
_DSC1647.tif,4,4,1,3,5,10,3,3280,3476,794,990,9,3,3326,3472,806,952,4,3,3289,3471,790,972
_DSC1647.tif,4,4,1,3,6,10,4,3342,3518,621,797,9,5,3349,3507,642,800,4,4,3347,3507,636,796
_DSC1647.tif,4,4,1,3,7,10,0,3295,3513,392,610,9,0,3328,3506,414,592,4,0,3330,3478,432,580
_DSC1647.tif,4,4,1,3,8,10,4,3238,3416,237,415,9,5,3276,3414,275,413,4,4,3261,3401,276,416
_DSC1647.tif,4,4,1,4,1,10,3,3924,4104,202,382,9,6,3802,3960,680,838,4,3,3952,4092,226,366
_DSC1647.tif,4,4,1,4,2,10,3,3898,4084,344,530,9,4,3922,4050,372,500,4,3,3891,4063,358,530
_DSC1647.tif,4,4,1,4,3,10,0,3776,4010,450,684,9,0,3846,3992,502,648,4,0,3838,4002,495,659
_DSC1647.tif,4,4,1,4,4,10,4,3776,3966,668,858,9,3,3802,3974,679,851,4,3,3798,3962,681,845
_DSC1647.tif,4,4,1,4,5,10,2,4136,4358,707,929,9,3,4164,4310,727,873,4,2,4174,4310,742,878
_DSC1647.tif,4,4,1,4,6,10,3,4213,4381,562,730,9,4,4214,4372,560,718,4,3,4229,4365,582,718
_DSC1647.tif,4,4,1,4,7,10,0,4178,4374,397,593,9,0,4214,4360,429,575,4,0,4181,4339,390,548
_DSC1647.tif,4,4,1,4,8,10,4,4113,4281,234,402,9,5,4117,4275,242,400,4,5,4120,4266,257,403
_DSC1647.tif,4,4,2,1,1,10,4,1243,1401,1180,1338,9,5,1267,1375,1220,1328,4,5,1250,1378,1204,1332
_DSC1647.tif,4,4,2,1,2,10,4,1148,1376,1267,1495,9,5,1200,1328,1324,1452,4,6,1195,1323,1318,1446
_DSC1647.tif,4,4,2,1,3,10,4,1148,1322,1434,1608,9,4,1188,1308,1460,1580,4,4,1175,1293,1458,1576
_DSC1647.tif,4,4,2,1,4,10,1,1234,1382,1566,1714,9,2,1264,1372,1584,1692,4,1,1252,1364,1578,1690
_DSC1647.tif,4,4,2,1,5,10,3,1392,1572,1552,1732,9,4,1410,1556,1562,1708,4,4,1397,1535,1576,1714
_DSC1647.tif,4,4,2,1,6,10,4,1482,1688,1432,1638,9,4,1518,1650,1474,1606,4,4,1506,1652,1464,1610
_DSC1647.tif,4,4,2,1,7,10,4,1466,1624,1312,1470,9,4,1483,1615,1334,1466,4,4,1466,1624,1318,1476
_DSC1647.tif,4,4,2,1,8,10,3,1385,1545,1174,1334,9,2,1435,1543,1232,1340,4,2,1418,1536,1205,1323
_DSC1647.tif,4,4,2,2,1,10,5,1990,2142,1142,1294,9,6,2022,2136,1168,1282,4,6,2016,2144,1158,1286
_DSC1647.tif,4,4,2,2,2,10,4,1910,2052,1270,1412,9,5,1936,2062,1270,1396,4,4,1946,2068,1280,1402
_DSC1647.tif,4,4,2,2,3,10,3,1894,2084,1389,1579,9,4,1911,2051,1416,1556,4,4,1890,2060,1402,1572
_DSC1647.tif,4,4,2,2,4,10,0,1888,2116,1581,1809,9,0,1942,2088,1625,1771,4,0,1917,2075,1610,1768
_DSC1647.tif,4,4,2,2,5,10,3,2206,2376,1529,1699,9,3,2228,2342,1568,1682,4,3,2218,2338,1556,1676
_DSC1647.tif,4,4,2,2,6,10,3,2267,2457,1370,1560,9,4,2304,2418,1410,1524,4,4,2286,2430,1382,1526
_DSC1647.tif,4,4,2,2,7,10,3,2212,2360,1251,1399,9,4,2229,2373,1252,1396,4,4,2238,2350,1267,1379
_DSC1647.tif,4,4,2,2,8,10,1,2126,2290,1130,1294,9,1,2152,2272,1144,1264,4,0,2142,2272,1146,1276
_DSC1647.tif,4,4,2,3,1,10,1,3012,3182,1100,1270,9,1,3028,3154,1118,1244,4,0,3034,3170,1123,1259
_DSC1647.tif,4,4,2,3,2,10,4,2926,3120,1234,1428,9,5,2952,3104,1261,1413,4,6,2938,3112,1240,1414
_DSC1647.tif,4,4,2,3,3,10,4,2904,3078,1400,1574,9,5,2910,3082,1422,1594,4,6,2914,3088,1410,1584
_DSC1647.tif,4,4,2,3,4,10,4,2872,3084,1592,1804,9,4,2894,3060,1619,1785,4,6,2914,3056,1640,1782
_DSC1647.tif,4,4,2,3,5,10,0,3264,3476,1661,1873,9,0,3297,3425,1682,1810,4,0,3270,3438,1675,1843
_DSC1647.tif,4,4,2,3,6,10,4,3348,3538,1463,1653,9,4,3352,3522,1483,1653,4,4,3351,3511,1482,1642
_DSC1647.tif,4,4,2,3,7,10,4,3310,3504,1292,1486,9,4,3326,3498,1311,1483,4,5,3327,3489,1310,1472
_DSC1647.tif,4,4,2,3,8,10,4,3205,3401,1112,1308,9,4,3227,3379,1144,1296,4,5,3226,3376,1140,1290
_DSC1647.tif,4,4,2,4,1,10,0,3946,4104,1091,1249,9,0,3942,4088,1102,1248,4,0,3946,4080,1112,1246
_DSC1647.tif,4,4,2,4,2,10,4,3856,4014,1226,1384,9,4,3878,4030,1226,1378,4,5,3880,4030,1221,1371
_DSC1647.tif,4,4,2,4,3,10,3,3803,4019,1382,1598,9,3,3822,3986,1404,1568,4,4,3816,3974,1396,1554
_DSC1647.tif,4,4,2,4,4,10,3,3846,4062,1572,1788,9,3,3852,4024,1568,1740,4,3,3852,4024,1586,1758
_DSC1647.tif,4,4,2,4,5,10,0,4162,4400,1579,1817,9,0,4188,4348,1589,1749,4,0,4162,4344,1600,1782
_DSC1647.tif,4,4,2,4,6,10,4,4204,4410,1397,1603,9,6,4231,4369,1436,1574,4,6,4220,4360,1425,1565
_DSC1647.tif,4,4,2,4,7,10,3,4142,4332,1209,1399,9,4,4170,4316,1238,1384,4,3,4174,4306,1250,1382
_DSC1647.tif,4,4,2,4,8,10,3,4104,4268,1077,1241,9,4,4126,4252,1112,1238,4,3,4110,4244,1091,1225
_DSC1647.tif,4,4,3,1,1,10,4,1204,1372,1868,2036,9,6,1235,1361,1892,2018,4,6,1213,1359,1890,2036
_DSC1647.tif,4,4,3,1,2,10,1,1135,1299,2032,2196,9,1,1156,1282,2055,2181,4,0,1132,1272,2052,2192
_DSC1647.tif,4,4,3,1,3,10,4,1084,1302,2185,2403,9,5,1118,1276,2225,2383,4,6,1112,1258,2218,2364
_DSC1647.tif,4,4,3,1,4,10,3,1128,1376,2354,2602,9,3,1174,1358,2381,2565,4,3,1177,1363,2396,2582
_DSC1647.tif,4,4,3,1,5,10,4,1500,1700,2402,2602,9,4,1499,1689,2406,2596,4,3,1518,1672,2428,2582
_DSC1647.tif,4,4,3,1,6,10,0,1492,1736,2168,2412,9,0,1530,1696,2202,2368,4,0,1523,1683,2200,2360
_DSC1647.tif,4,4,3,1,7,10,4,1418,1634,1987,2203,9,5,1464,1610,2012,2158,4,5,1436,1610,2003,2177
_DSC1647.tif,4,4,3,1,8,10,4,1392,1534,1836,1978,9,6,1410,1542,1864,1996,4,5,1394,1536,1847,1989
_DSC1647.tif,4,4,3,2,1,10,3,2018,2156,1952,2090,9,4,2038,2134,1978,2074,4,5,2027,2143,1972,2088
_DSC1647.tif,4,4,3,2,2,10,0,1962,2110,2055,2203,9,0,2012,2134,2066,2188,4,0,2000,2114,2069,2183
_DSC1647.tif,4,4,3,2,3,10,2,2006,2168,2165,2327,9,3,2032,2140,2202,2310,4,2,2035,2133,2188,2286
_DSC1647.tif,4,4,3,2,4,10,2,1961,2129,2344,2512,9,2,1996,2136,2348,2488,4,2,1992,2132,2354,2494
_DSC1647.tif,4,4,3,2,5,10,1,2222,2364,2445,2587,9,2,2248,2362,2450,2564,4,2,2228,2364,2437,2573
_DSC1647.tif,4,4,3,2,6,10,0,2275,2439,2270,2434,9,0,2304,2432,2272,2400,4,0,2287,2433,2274,2420
_DSC1647.tif,4,4,3,2,7,10,3,2212,2392,2087,2267,9,4,2227,2387,2088,2248,4,4,2232,2376,2088,2232
_DSC1647.tif,4,4,3,2,8,10,4,2164,2328,1918,2082,9,5,2172,2318,1943,2089,4,5,2171,2303,1956,2088
_DSC1647.tif,4,4,3,3,1,10,4,3000,3184,2016,2200,9,4,3018,3158,2044,2184,4,4,3011,3153,2046,2188
_DSC1647.tif,4,4,3,3,2,10,4,2927,3097,2190,2360,9,4,2920,3098,2193,2371,4,4,2937,3079,2196,2338
_DSC1647.tif,4,4,3,3,3,10,0,2852,3058,2359,2565,9,0,2876,3054,2387,2565,4,0,2850,3014,2381,2545
_DSC1647.tif,4,4,3,3,4,10,4,2814,3010,2582,2778,9,3,2837,3027,2578,2768,4,4,2847,3015,2582,2750
_DSC1647.tif,4,4,3,3,5,10,4,3194,3444,2578,2828,9,4,3230,3414,2606,2790,4,4,3210,3406,2587,2783
_DSC1647.tif,4,4,3,3,6,10,4,3311,3507,2412,2608,9,5,3316,3468,2444,2596,4,5,3326,3472,2436,2582
_DSC1647.tif,4,4,3,3,7,10,0,3271,3467,2196,2392,9,0,3279,3449,2210,2380,4,0,3269,3443,2204,2378
_DSC1647.tif,4,4,3,3,8,10,4,3200,3380,2036,2216,9,4,3218,3358,2069,2209,4,4,3202,3356,2060,2214
_DSC1647.tif,4,4,3,4,1,10,4,3917,4091,1994,2168,9,5,3938,4072,2000,2134,4,5,3938,4066,2013,2141
_DSC1647.tif,4,4,3,4,2,10,4,3813,3999,2126,2312,9,5,3840,3992,2146,2298,4,4,3838,3998,2151,2311
_DSC1647.tif,4,4,3,4,3,10,0,3720,3916,2274,2470,9,0,3752,3904,2307,2459,4,0,3755,3891,2332,2468
_DSC1647.tif,4,4,3,4,4,10,5,3761,3993,2476,2708,9,5,3770,3954,2502,2686,4,3,3787,3929,2518,2660
_DSC1647.tif,4,4,3,4,5,10,3,4056,4278,2471,2693,9,2,4073,4243,2508,2678,4,2,4060,4226,2501,2667
_DSC1647.tif,4,4,3,4,6,10,5,4165,4375,2318,2528,9,4,4173,4363,2336,2526,4,4,4190,4342,2368,2520
_DSC1647.tif,4,4,3,4,7,10,0,4162,4368,2127,2333,9,0,4176,4354,2155,2333,4,0,4163,4313,2164,2314
_DSC1647.tif,4,4,3,4,8,10,5,4103,4263,1978,2138,9,6,4106,4266,1974,2134,4,4,4112,4244,1986,2118
_DSC1647.tif,4,4,4,1,1,10,4,1256,1442,2750,2936,9,4,1254,1444,2748,2938,4,4,1264,1428,2755,2919
_DSC1647.tif,4,4,4,1,2,10,6,1180,1386,2889,3095,9,6,1196,1374,2926,3104,4,5,1216,1374,2934,3092
_DSC1647.tif,4,4,4,1,3,10,3,1116,1360,3105,3349,9,4,1156,1340,3145,3329,4,3,1154,1314,3146,3306
_DSC1647.tif,4,4,4,1,4,10,1,1116,1386,3301,3571,9,0,1156,1314,3342,3500,4,0,1114,1308,3341,3535
_DSC1647.tif,4,4,4,1,5,10,4,1460,1672,3282,3494,9,6,1492,1664,3291,3463,4,5,1486,1658,3295,3467
_DSC1647.tif,4,4,4,1,6,10,4,1576,1778,3105,3307,9,6,1594,1772,3116,3294,4,5,1600,1760,3130,3290
_DSC1647.tif,4,4,4,1,7,10,4,1521,1753,2910,3142,9,6,1556,1720,2975,3139,4,6,1559,1719,2974,3134
_DSC1647.tif,4,4,4,1,8,10,0,1418,1646,2742,2970,9,0,1486,1626,2821,2961,4,0,1467,1617,2792,2942
_DSC1647.tif,4,4,4,2,1,10,6,2132,2290,2780,2938,9,6,2158,2286,2793,2921,4,6,2162,2276,2792,2906
_DSC1647.tif,4,4,4,2,2,10,5,2048,2206,2875,3033,9,5,2070,2210,2881,3021,4,5,2050,2186,2879,3015
_DSC1647.tif,4,4,4,2,3,10,4,2016,2180,3020,3184,9,4,2018,2184,3034,3200,4,4,2016,2164,3034,3182
_DSC1647.tif,4,4,4,2,4,10,1,1984,2174,3227,3417,9,0,2012,2178,3230,3396,4,0,2003,2141,3228,3366
_DSC1647.tif,4,4,4,2,5,10,5,2364,2496,3194,3326,9,6,2374,2494,3212,3332,4,5,2370,2492,3202,3324
_DSC1647.tif,4,4,4,2,6,10,5,2312,2486,3042,3216,9,6,2324,2470,3069,3215,4,6,2323,2469,3056,3202
_DSC1647.tif,4,4,4,2,7,10,4,2274,2460,2879,3065,9,4,2288,2460,2888,3060,4,3,2297,2435,2918,3056
_DSC1647.tif,4,4,4,2,8,10,0,2274,2438,2751,2915,9,0,2307,2421,2780,2894,4,0,2280,2414,2768,2902
_DSC1647.tif,4,4,4,3,1,10,0,3090,3248,2873,3031,9,0,3113,3227,2882,2996,4,0,3102,3206,2892,2996
_DSC1647.tif,4,4,4,3,2,10,5,3000,3152,2976,3128,9,5,3022,3154,3000,3132,4,4,3020,3156,3004,3140
_DSC1647.tif,4,4,4,3,3,10,3,2910,3062,3116,3268,9,3,2917,3063,3122,3268,4,2,2917,3043,3134,3260
_DSC1647.tif,4,4,4,3,4,10,2,2866,3062,3279,3475,9,1,2888,3046,3288,3446,4,1,2882,3024,3290,3432
_DSC1647.tif,4,4,4,3,5,10,0,3248,3416,3346,3514,9,0,3205,3365,3338,3498,4,0,3202,3364,3354,3516
_DSC1647.tif,4,4,4,3,6,10,4,3300,3470,3197,3367,9,3,3322,3456,3218,3352,4,3,3306,3456,3204,3354
_DSC1647.tif,4,4,4,3,7,10,4,3274,3422,3030,3178,9,4,3288,3422,3050,3184,4,3,3278,3392,3058,3172
_DSC1647.tif,4,4,4,3,8,10,4,3227,3369,2894,3036,9,4,3253,3373,2920,3040,4,3,3234,3364,2902,3032
_DSC1647.tif,4,4,4,4,1,10,2,3805,3969,2882,3046,9,2,3821,3961,2914,3054,4,2,3812,3948,2903,3039
_DSC1647.tif,4,4,4,4,2,10,4,3744,3936,3038,3230,9,5,3758,3898,3072,3212,4,6,3747,3905,3056,3214
_DSC1647.tif,4,4,4,4,3,10,4,3750,3920,3189,3359,9,4,3782,3922,3224,3364,4,5,3772,3908,3228,3364
_DSC1647.tif,4,4,4,4,4,10,4,3816,4012,3306,3502,9,5,3846,4024,3310,3488,4,5,3842,3998,3319,3475
_DSC1647.tif,4,4,4,4,5,10,0,4046,4268,3274,3496,9,0,4075,4227,3294,3446,4,0,4091,4241,3324,3474
_DSC1647.tif,4,4,4,4,6,10,5,4167,4395,3110,3338,9,4,4189,4341,3154,3306,4,6,4181,4345,3134,3298
_DSC1647.tif,4,4,4,4,7,10,5,4115,4295,2962,3142,9,5,4138,4284,2980,3126,4,6,4108,4286,2942,3120
_DSC1647.tif,4,4,4,4,8,10,4,3982,4162,2835,3015,9,6,3999,4169,2838,3008,4,5,3984,4170,2834,3020
_DSC1648.tif,4,4,1,1,1,2,0,1276,1448,359,531,10,0,1270,1428,355,513,9,0,1292,1434,367,509
_DSC1648.tif,4,4,1,1,2,2,5,1252,1416,522,686,10,5,1234,1402,528,696,9,5,1262,1396,528,662
_DSC1648.tif,4,4,1,1,3,2,4,1144,1366,617,839,10,3,1148,1360,616,828,9,3,1182,1340,650,808
_DSC1648.tif,4,4,1,1,4,2,1,1232,1428,766,962,10,2,1257,1389,800,932,9,3,1270,1396,800,926
_DSC1648.tif,4,4,1,1,5,2,0,1530,1734,828,1032,10,1,1518,1688,826,996,9,0,1536,1686,860,1010
_DSC1648.tif,4,4,1,1,6,2,3,1568,1734,660,826,10,3,1560,1740,652,832,9,3,1604,1714,686,796
_DSC1648.tif,4,4,1,1,7,2,3,1498,1702,492,696,10,3,1508,1688,495,675,9,4,1522,1694,513,685
_DSC1648.tif,4,4,1,1,8,2,6,1436,1594,382,540,10,4,1412,1592,358,538,9,5,1458,1576,398,516
_DSC1648.tif,4,4,1,2,1,2,2,2076,2248,318,490,10,2,2074,2244,333,503,9,1,2104,2246,336,478
_DSC1648.tif,4,4,1,2,2,2,4,2000,2216,458,674,10,4,2010,2196,468,654,9,4,2034,2182,487,635
_DSC1648.tif,4,4,1,2,3,2,4,1967,2177,654,864,10,4,1958,2148,652,842,9,4,1998,2156,694,852
_DSC1648.tif,4,4,1,2,4,2,4,2056,2286,794,1024,10,4,2074,2274,795,995,9,4,2112,2270,832,990
_DSC1648.tif,4,4,1,2,5,2,0,2310,2526,794,1010,10,0,2328,2540,799,1011,9,0,2332,2522,808,998
_DSC1648.tif,4,4,1,2,6,2,4,2380,2602,635,857,10,4,2406,2592,654,840,9,4,2420,2568,675,823
_DSC1648.tif,4,4,1,2,7,2,4,2374,2552,474,652,10,3,2354,2550,460,656,9,4,2388,2546,489,647
_DSC1648.tif,4,4,1,2,8,2,3,2245,2447,312,514,10,4,2239,2431,312,504,9,4,2278,2426,353,501
_DSC1648.tif,4,4,1,3,1,2,4,3072,3262,300,490,10,4,3068,3258,282,472,9,4,3104,3246,328,470
_DSC1648.tif,4,4,1,3,2,2,0,2996,3186,464,654,10,1,2968,3194,446,672,9,1,2994,3144,478,628
_DSC1648.tif,4,4,1,3,3,2,5,2925,3123,622,820,10,4,2920,3116,620,816,9,4,2938,3120,634,816
_DSC1648.tif,4,4,1,3,4,2,4,2996,3218,782,1004,10,3,2972,3200,778,1006,9,3,3018,3184,824,990
_DSC1648.tif,4,4,1,3,5,2,5,3300,3516,762,978,10,4,3314,3508,758,952,9,4,3304,3494,772,962
_DSC1648.tif,4,4,1,3,6,2,1,3358,3548,604,794,10,1,3340,3546,572,778,9,1,3372,3538,600,766
_DSC1648.tif,4,4,1,3,7,2,4,3320,3484,452,616,10,4,3324,3488,434,598,9,4,3340,3474,474,608
_DSC1648.tif,4,4,1,3,8,2,4,3243,3421,312,490,10,4,3264,3406,329,471,9,4,3270,3412,336,478
_DSC1648.tif,4,4,1,4,1,2,5,3960,4120,317,477,10,5,3946,4110,305,469,9,5,3974,4116,324,466
_DSC1648.tif,4,4,1,4,2,2,2,3849,4051,458,660,10,2,3846,4036,469,659,9,1,3852,4034,481,663
_DSC1648.tif,4,4,1,4,3,2,4,3751,3967,648,864,10,3,3763,3949,656,842,9,4,3766,3956,662,852
_DSC1648.tif,4,4,1,4,4,2,2,3790,4042,830,1082,10,2,3792,4014,834,1056,9,2,3798,4002,844,1048
_DSC1648.tif,4,4,1,4,5,2,3,4112,4348,838,1074,10,3,4094,4310,835,1051,9,3,4136,4340,848,1052
_DSC1648.tif,4,4,1,4,6,2,0,4150,4386,616,852,10,0,4158,4368,623,833,9,0,4208,4380,651,823
_DSC1648.tif,4,4,1,4,7,2,5,4144,4328,480,664,10,4,4126,4336,459,669,9,5,4152,4310,490,648
_DSC1648.tif,4,4,1,4,8,2,5,4081,4277,312,508,10,4,4087,4261,324,498,9,5,4127,4223,386,482
_DSC1648.tif,4,4,2,1,1,2,4,1261,1451,1206,1396,10,4,1292,1456,1220,1384,9,4,1270,1450,1227,1407
_DSC1648.tif,4,4,2,1,2,2,5,1106,1346,1334,1574,10,4,1122,1328,1328,1534,9,5,1144,1324,1368,1548
_DSC1648.tif,4,4,2,1,3,2,0,1106,1328,1550,1772,10,0,1106,1344,1550,1788,9,0,1150,1324,1588,1762
_DSC1648.tif,4,4,2,1,4,2,3,1225,1467,1708,1950,10,3,1244,1444,1720,1920,9,3,1276,1442,1753,1919
_DSC1648.tif,4,4,2,1,5,2,3,1530,1752,1720,1942,10,2,1502,1768,1680,1946,9,3,1536,1734,1718,1916
_DSC1648.tif,4,4,2,1,6,2,5,1550,1790,1496,1736,10,4,1530,1778,1484,1732,9,4,1552,1766,1509,1723
_DSC1648.tif,4,4,2,1,7,2,0,1518,1720,1331,1533,10,0,1530,1708,1331,1509,9,0,1522,1678,1365,1521
_DSC1648.tif,4,4,2,1,8,2,4,1442,1620,1184,1362,10,4,1434,1614,1174,1354,9,4,1466,1592,1214,1340
_DSC1648.tif,4,4,2,2,1,2,3,2108,2272,1153,1317,10,3,2108,2272,1144,1308,9,3,2120,2262,1174,1316
_DSC1648.tif,4,4,2,2,2,2,4,2018,2190,1257,1429,10,3,2035,2171,1260,1396,9,3,2044,2164,1276,1396
_DSC1648.tif,4,4,2,2,3,2,0,1950,2140,1407,1597,10,1,1975,2145,1412,1582,9,1,2002,2128,1442,1568
_DSC1648.tif,4,4,2,2,4,2,1,1950,2196,1563,1809,10,2,1979,2185,1604,1810,9,1,1946,2168,1580,1802
_DSC1648.tif,4,4,2,2,5,2,1,2304,2540,1564,1800,10,1,2338,2544,1587,1793,9,1,2332,2490,1588,1746
_DSC1648.tif,4,4,2,2,6,2,3,2292,2508,1362,1578,10,3,2325,2505,1376,1556,9,3,2324,2490,1395,1561
_DSC1648.tif,4,4,2,2,7,2,0,2310,2476,1209,1375,10,0,2325,2495,1212,1382,9,0,2320,2470,1206,1356
_DSC1648.tif,4,4,2,2,8,2,,,,,,10,3,2262,2378,1122,1238,9,5,2262,2364,1143,1245
_DSC1648.tif,4,4,2,3,1,2,4,3088,3266,1226,1404,10,4,3107,3245,1244,1382,9,5,3088,3254,1242,1408
_DSC1648.tif,4,4,2,3,2,2,3,2913,3155,1378,1620,10,3,2935,3137,1386,1588,9,3,2935,3131,1396,1592
_DSC1648.tif,4,4,2,3,3,2,0,2984,3212,1603,1831,10,0,2978,3094,1588,1704,9,0,3010,3198,1597,1785
_DSC1648.tif,4,4,2,3,4,2,3,3256,3522,1590,1856,10,0,3058,3194,1665,1801,9,2,3310,3490,1636,1816
_DSC1648.tif,4,4,2,3,5,2,3,3376,3568,1441,1633,10,2,3309,3505,1624,1820,9,3,3388,3554,1466,1632
_DSC1648.tif,4,4,2,3,6,2,5,3306,3478,1305,1477,10,2,3401,3549,1466,1614,9,4,3320,3486,1324,1490
_DSC1648.tif,4,4,2,3,7,2,0,3262,3408,1182,1328,10,4,3326,3470,1319,1463,9,0,3286,3428,1206,1348
_DSC1648.tif,4,4,2,3,8,2,5,3960,4106,1181,1327,10,2,3263,3417,1164,1318,9,5,3956,4088,1191,1323
_DSC1648.tif,4,4,2,4,1,2,5,3954,4094,1188,1328,10,4,3949,4101,1170,1322,9,4,4018,3822,1450,1254
_DSC1648.tif,4,4,2,4,2,2,4,3814,3992,1238,1416,10,4,3802,3982,1243,1423,9,4,3726,3924,1382,1580
_DSC1648.tif,4,4,2,4,3,2,5,3744,3942,1383,1581,10,4,3755,3951,1386,1582,9,2,3734,3940,1612,1818
_DSC1648.tif,4,4,2,4,4,2,2,3719,3955,1580,1816,10,3,3724,3924,1604,1804,9,3,4112,4262,1632,1782
_DSC1648.tif,4,4,2,4,5,2,4,4088,4310,1604,1826,10,4,4094,4284,1614,1804,9,4,4200,4340,1467,1607
_DSC1648.tif,4,4,2,4,6,2,5,4182,4366,1454,1638,10,5,4194,4364,1460,1630,9,4,4136,4302,1328,1494
_DSC1648.tif,4,4,2,4,7,2,5,4126,4316,1321,1511,10,5,4130,4294,1315,1479,9,2,4097,4215,1214,1332
_DSC1648.tif,4,4,2,4,8,2,2,4071,4249,1168,1346,10,2,4082,4234,1186,1338,9,2,1316,1442,2112,2238
_DSC1648.tif,4,4,3,1,1,2,3,1290,1466,2070,2246,10,3,1286,1456,2076,2246,9,4,1222,1372,2202,2352
_DSC1648.tif,4,4,3,1,2,2,5,1194,1384,2193,2383,10,4,1192,1376,2180,2364,9,4,1182,1332,2364,2514
_DSC1648.tif,4,4,3,1,3,2,5,1149,1353,2342,2546,10,5,1154,1360,2352,2558,9,5,1262,1458,2463,2659
_DSC1648.tif,4,4,3,1,4,2,5,1270,1460,2476,2666,10,5,1264,1456,2462,2654,9,2,1532,1706,2458,2632
_DSC1648.tif,4,4,3,1,5,2,4,1534,1736,2470,2672,10,3,1545,1719,2470,2644,9,4,1592,1742,2328,2478
_DSC1648.tif,4,4,3,1,6,2,6,1574,1764,2301,2491,10,4,1576,1756,2299,2479,9,5,1576,1726,2148,2298
_DSC1648.tif,4,4,3,1,7,2,5,1550,1734,2136,2320,10,4,1566,1730,2143,2307,9,4,1490,1624,2034,2168
_DSC1648.tif,4,4,3,1,8,2,4,1463,1635,2018,2190,10,4,1466,1634,2011,2179,9,0,2026,2182,1971,2127
_DSC1648.tif,4,4,3,2,1,2,0,2032,2210,1959,2137,10,0,2032,2200,1974,2142,9,4,1954,2120,2096,2262
_DSC1648.tif,4,4,3,2,2,2,5,1918,2146,2063,2291,10,4,1920,2132,2082,2294,9,4,1914,2120,2268,2474
_DSC1648.tif,4,4,3,2,3,2,4,1901,2123,2254,2476,10,4,1908,2118,2244,2454,9,3,1970,2182,2455,2667
_DSC1648.tif,4,4,3,2,4,2,3,1956,2178,2454,2676,10,3,1946,2168,2441,2663,9,0,2294,2498,2376,2580
_DSC1648.tif,4,4,3,2,5,2,0,2286,2502,2384,2600,10,0,2274,2480,2370,2576,9,3,2340,2522,2198,2380
_DSC1648.tif,4,4,3,2,6,2,3,2324,2552,2171,2399,10,4,2325,2547,2174,2396,9,4,2324,2482,2056,2214
_DSC1648.tif,4,4,3,2,7,2,4,2304,2488,2019,2203,10,5,2306,2480,2023,2197,9,5,2222,2356,1907,2041
_DSC1648.tif,4,4,3,2,8,2,5,2197,2381,1886,2070,10,6,2228,2364,1900,2036,9,5,3072,3198,1915,2041
_DSC1648.tif,4,4,3,3,1,2,6,3034,3212,1882,2060,10,6,3042,3194,1897,2049,9,0,2954,3112,2029,2187
_DSC1648.tif,4,4,3,3,2,2,1,2946,3130,2019,2203,10,2,2946,3148,2004,2206,9,5,2904,3076,2168,2340
_DSC1648.tif,4,4,3,3,3,2,6,2926,3092,2183,2349,10,5,2926,3104,2167,2345,9,1,2986,3198,2333,2545
_DSC1648.tif,4,4,3,3,4,2,2,3002,3218,2342,2558,10,2,2986,3202,2328,2544,9,3,3254,3428,2352,2526
_DSC1648.tif,4,4,3,3,5,2,3,3247,3449,2356,2558,10,3,3255,3435,2360,2540,9,0,3294,3482,2183,2371
_DSC1648.tif,4,4,3,3,6,2,0,3300,3504,2165,2369,10,1,3284,3502,2144,2362,9,5,3287,3435,2034,2182
_DSC1648.tif,4,4,3,3,7,2,6,3282,3440,2029,2187,10,5,3264,3454,2000,2190,9,5,3184,3332,1900,2048
_DSC1648.tif,4,4,3,3,8,2,6,3158,3342,1892,2076,10,5,3159,3335,1888,2064,9,5,3852,4018,1898,2064
_DSC1648.tif,4,4,3,4,1,2,5,3852,4018,1898,2064,10,5,3846,4024,1887,2065,9,1,3782,3932,2072,2222
_DSC1648.tif,4,4,3,4,2,2,1,3758,3948,2038,2228,10,2,3782,3930,2066,2214,9,4,3710,3908,2218,2416
_DSC1648.tif,4,4,3,4,3,2,4,3680,3922,2190,2432,10,4,3700,3900,2206,2406,9,3,3798,3970,2404,2576
_DSC1648.tif,4,4,3,4,4,2,4,3770,3992,2394,2616,10,3,3774,3980,2396,2602,9,4,4058,4230,2439,2611
_DSC1648.tif,4,4,3,4,5,2,4,4040,4248,2432,2640,10,4,4062,4242,2434,2614,9,1,4128,4310,2245,2427
_DSC1648.tif,4,4,3,4,6,2,0,4100,4328,2228,2456,10,0,4115,4321,2228,2434,9,4,4082,4278,2053,2249
_DSC1648.tif,4,4,3,4,7,2,4,4081,4291,2038,2248,10,4,4084,4284,2040,2240,9,4,4058,4192,1915,2049
_DSC1648.tif,4,4,3,4,8,2,4,4042,4214,1891,2063,10,4,4041,4205,1878,2042,9,5,1396,1544,2695,2843
_DSC1648.tif,4,4,4,1,1,2,5,1372,1556,2673,2857,10,4,1396,1546,2687,2837,9,5,1238,1434,2801,2997
_DSC1648.tif,4,4,4,1,2,2,5,1220,1454,2794,3028,10,5,1247,1447,2804,3004,9,0,1144,1316,3101,3273
_DSC1648.tif,4,4,4,1,3,2,0,1130,1358,3040,3268,10,0,1170,1354,3090,3274,9,2,1292,1490,3238,3436
_DSC1648.tif,4,4,4,1,4,2,2,1276,1498,3221,3443,10,2,1326,1494,3248,3416,9,3,1552,1750,3198,3396
_DSC1648.tif,4,4,4,1,5,2,3,1533,1781,3174,3422,10,3,1558,1754,3194,3390,9,4,1678,1852,3041,3215
_DSC1648.tif,4,4,4,1,6,2,5,1664,1880,3006,3222,10,5,1672,1852,3026,3206,9,1,1616,1788,2865,3037
_DSC1648.tif,4,4,4,1,7,2,1,1580,1804,2833,3057,10,2,1599,1789,2840,3030,9,5,1576,1694,2742,2860
_DSC1648.tif,4,4,4,1,8,2,5,1536,1714,2701,2879,10,4,1530,1714,2696,2880,9,2,2214,2324,2726,2836
_DSC1648.tif,4,4,4,2,1,2,4,2190,2356,2679,2845,10,3,2200,2354,2701,2855,9,2,2136,2270,2828,2962
_DSC1648.tif,4,4,4,2,2,2,3,2094,2304,2796,3006,10,2,2122,2270,2809,2957,9,0,2092,2234,3002,3144
_DSC1648.tif,4,4,4,2,3,2,0,2026,2234,2961,3169,10,0,2068,2248,2968,3148,9,3,2190,2348,3144,3302
_DSC1648.tif,4,4,4,2,4,2,2,2184,2368,3139,3323,10,1,2166,2356,3132,3322,9,2,2482,2648,3080,3246
_DSC1648.tif,4,4,4,2,5,2,1,2476,2660,3088,3272,10,1,2454,2672,3075,3293,9,3,2466,2656,2934,3124
_DSC1648.tif,4,4,4,2,6,2,3,2456,2666,2916,3126,10,3,2466,2640,2931,3105,9,1,2404,2560,2805,2961
_DSC1648.tif,4,4,4,2,7,2,1,2394,2564,2791,2961,10,0,2392,2560,2772,2940,9,4,2348,2482,2679,2813
_DSC1648.tif,4,4,4,2,8,2,4,2330,2488,2660,2818,10,4,2330,2484,2660,2814,9,5,3073,3229,2782,2938
_DSC1648.tif,4,4,4,3,1,2,5,3060,3244,2742,2926,10,4,3090,3222,2778,2910,9,5,2986,3136,2888,3038
_DSC1648.tif,4,4,4,3,2,2,5,2964,3148,2882,3066,10,4,2972,3126,2895,3049,9,5,2883,3065,3002,3184
_DSC1648.tif,4,4,4,3,3,2,4,2888,3104,2999,3215,10,4,2910,3074,3025,3189,9,0,2986,3176,3186,3376
_DSC1648.tif,4,4,4,3,4,2,0,2946,3200,3161,3415,10,0,2978,3168,3187,3377,9,2,3298,3440,3190,3332
_DSC1648.tif,4,4,4,3,5,2,3,3256,3472,3148,3364,10,3,3284,3454,3181,3351,9,3,3349,3513,3026,3190
_DSC1648.tif,4,4,4,3,6,2,3,3326,3522,3006,3202,10,3,3346,3514,3010,3178,9,5,3340,3474,2876,3010
_DSC1648.tif,4,4,4,3,7,2,4,3314,3498,2854,3038,10,4,3316,3490,2851,3025,9,0,3270,3380,2774,2884
_DSC1648.tif,4,4,4,3,8,2,0,3238,3414,2724,2900,10,0,3237,3381,2750,2894,9,4,3852,4018,2738,2904
_DSC1648.tif,4,4,4,4,1,2,4,3842,4040,2716,2914,10,4,3851,4031,2724,2904,9,4,3762,3912,2860,3010
_DSC1648.tif,4,4,4,4,2,2,4,3726,3928,2838,3040,10,4,3748,3912,2852,3016,9,4,3734,3908,3002,3176
_DSC1648.tif,4,4,4,4,3,2,4,3720,3922,2990,3192,10,3,3724,3914,2981,3171,9,4,3806,3916,3203,3313
_DSC1648.tif,4,4,4,4,4,2,3,3764,3954,3168,3358,10,2,3788,3956,3174,3342,9,3,4050,4238,3219,3407
_DSC1648.tif,4,4,4,4,5,2,2,4036,4234,3217,3415,10,3,4030,4220,3227,3417,9,3,4168,4348,3089,3269
_DSC1648.tif,4,4,4,4,6,2,3,4144,4348,3081,3285,10,3,4152,4348,3068,3264,9,4,4152,4334,2918,3100
_DSC1648.tif,4,4,4,4,7,2,4,4126,4342,2895,3111,10,4,4136,4326,2896,3086,9,2,4057,4231,2734,2908
_DSC1648.tif,4,4,4,4,8,2,1,4044,4240,2698,2894,10,2,4022,4228,2704,2910,9,,,,,
_DSC1804.tif,4,4,1,1,1,3,0,1275,1423,160,308,5,0,1263,1417,144,298,8,0,1282,1416,172,306
_DSC1804.tif,4,4,1,1,2,3,6,1183,1363,318,498,5,6,1176,1364,296,484,8,6,1204,1330,338,464
_DSC1804.tif,4,4,1,1,3,3,0,1159,1355,456,652,5,0,1146,1354,445,653,8,0,1144,1334,465,655
_DSC1804.tif,4,4,1,1,4,3,6,1257,1415,652,810,5,6,1235,1419,626,810,8,6,1188,1512,569,893
_DSC1804.tif,4,4,1,1,5,3,0,1509,1683,604,778,5,0,1504,1692,609,797,8,0,1542,1708,606,772
_DSC1804.tif,4,4,1,1,6,3,5,1593,1773,450,630,5,6,1587,1741,472,626,8,6,1613,1727,470,584
_DSC1804.tif,4,4,1,1,7,3,0,1502,1704,297,499,5,0,1504,1696,291,483,8,0,1536,1676,267,407
_DSC1804.tif,4,4,1,1,8,3,6,1444,1624,144,324,5,6,1448,1598,164,314,8,6,1460,1650,170,360
_DSC1804.tif,4,4,1,2,1,3,0,1980,2108,138,266,5,0,1974,2132,120,278,8,0,2026,2172,163,309
_DSC1804.tif,4,4,1,2,2,3,3,1965,2103,286,424,5,6,1940,2112,290,462,8,5,1936,2158,274,496
_DSC1804.tif,4,4,1,2,3,3,0,1912,2060,476,624,5,0,1914,2068,452,606,8,0,1898,2082,445,629
_DSC1804.tif,4,4,1,2,4,3,4,2024,2166,562,704,5,6,2004,2158,563,717,8,6,1980,2164,540,724
_DSC1804.tif,4,4,1,2,5,3,0,2246,2394,540,688,5,0,2262,2440,525,703,8,0,2260,2526,477,743
_DSC1804.tif,4,4,1,2,6,3,4,2328,2470,350,492,5,6,2316,2480,348,512,8,5,2318,2494,342,518
_DSC1804.tif,4,4,1,2,7,3,1,2216,2380,204,368,5,1,2188,2376,185,373,8,0,2190,2380,192,382
_DSC1804.tif,4,4,1,2,8,3,5,2145,2283,96,234,5,6,2132,2262,100,230,8,6,2127,2299,70,242
_DSC1804.tif,4,4,1,3,1,3,6,2819,2973,180,334,5,6,2826,2960,187,321,8,6,2818,2996,172,350
_DSC1804.tif,4,4,1,3,2,3,0,2746,2914,326,494,5,0,2762,2930,311,479,8,0,2780,2914,330,464
_DSC1804.tif,4,4,1,3,3,3,4,2737,2913,476,652,5,6,2742,2896,484,638,8,6,2736,2926,464,654
_DSC1804.tif,4,4,1,3,4,3,0,2756,2952,662,858,5,0,2740,2938,656,854,8,0,2806,2958,696,848
_DSC1804.tif,4,4,1,3,5,3,5,3068,3238,678,848,5,6,3050,3228,690,868,8,6,3066,3256,658,848
_DSC1804.tif,4,4,1,3,6,3,0,3120,3268,527,675,5,0,3168,3352,499,683,8,0,3200,3314,541,655
_DSC1804.tif,4,4,1,3,7,3,5,3078,3286,328,536,5,6,3078,3240,334,496,8,6,3092,3262,322,492
_DSC1804.tif,4,4,1,3,8,3,0,3020,3216,128,324,5,0,3010,3158,160,308,8,0,2970,3238,133,401
_DSC1804.tif,4,4,1,4,1,3,6,3713,3857,270,414,5,6,3724,3852,254,382,8,6,3706,3866,235,395
_DSC1804.tif,4,4,1,4,2,3,0,3654,3830,405,581,5,0,3650,3804,395,549,8,0,3640,3786,400,546
_DSC1804.tif,4,4,1,4,3,3,5,3689,3863,588,762,5,6,3684,3848,578,742,8,5,3650,3858,547,755
_DSC1804.tif,4,4,1,4,4,3,0,3785,3949,720,884,5,1,3778,3932,722,876,8,0,3744,3884,699,839
_DSC1804.tif,4,4,1,4,5,3,4,3923,4117,610,804,5,6,3924,4118,606,800,8,5,3925,4129,616,820
_DSC1804.tif,4,4,1,4,6,3,0,3938,4090,462,614,5,0,3990,4148,428,586,8,,,,,
_DSC1804.tif,4,4,1,4,7,3,4,3962,4126,266,430,5,6,3946,4096,278,428,8,5,3928,4138,245,455
_DSC1804.tif,4,4,1,4,8,3,0,3872,4030,147,305,5,0,3818,3962,139,283,8,0,3802,3974,118,290
_DSC1804.tif,4,4,2,1,1,3,0,1301,1461,1042,1202,5,1,1330,1444,1059,1173,8,0,1334,1448,1061,1175
_DSC1804.tif,4,4,2,1,2,3,6,1263,1415,1202,1354,5,6,1270,1404,1200,1334,8,6,1264,1422,1206,1364
_DSC1804.tif,4,4,2,1,3,3,0,1164,1360,1381,1577,5,0,1142,1330,1369,1557,8,0,1168,1366,1336,1534
_DSC1804.tif,4,4,2,1,4,3,3,1180,1382,1571,1773,5,5,1176,1360,1579,1763,8,4,1136,1378,1523,1765
_DSC1804.tif,4,4,2,1,5,3,0,1482,1672,1567,1757,5,1,1484,1682,1551,1749,8,0,1442,1726,1452,1736
_DSC1804.tif,4,4,2,1,6,3,4,1488,1688,1376,1576,5,6,1498,1662,1393,1557,8,5,1486,1708,1381,1603
_DSC1804.tif,4,4,2,1,7,3,0,1514,1688,1231,1405,5,0,1471,1639,1206,1374,8,0,1474,1682,1169,1377
_DSC1804.tif,4,4,2,1,8,3,3,1482,1656,1059,1233,5,5,1468,1626,1052,1210,8,5,1498,1650,1079,1231
_DSC1804.tif,4,4,2,2,1,3,0,2176,2304,1148,1276,5,0,2149,2323,1126,1300,8,0,2140,2318,1089,1267
_DSC1804.tif,4,4,2,2,2,3,5,2111,2307,1286,1482,5,6,2122,2292,1281,1451,8,6,2152,2324,1295,1467
_DSC1804.tif,4,4,2,2,3,3,0,2110,2296,1465,1651,5,0,2084,2256,1449,1621,8,0,2102,2260,1432,1590
_DSC1804.tif,4,4,2,2,4,3,5,2256,2436,1592,1772,5,6,2212,2416,1582,1786,8,5,2266,2462,1578,1774
_DSC1804.tif,4,4,2,2,5,3,0,2523,2713,1582,1772,5,0,2500,2718,1562,1780,8,0,2494,2762,1564,1832
_DSC1804.tif,4,4,2,2,6,3,6,2570,2792,1347,1569,5,6,2632,2784,1390,1542,8,6,2628,2768,1384,1524
_DSC1804.tif,4,4,2,2,7,3,0,2523,2703,1222,1402,5,0,2487,2671,1220,1404,8,0,2508,2710,1217,1419
_DSC1804.tif,4,4,2,2,8,3,4,2322,2528,1054,1260,5,6,2338,2502,1082,1246,8,5,2336,2526,1083,1273
_DSC1804.tif,4,4,2,3,1,3,5,3018,3182,1080,1244,5,6,3012,3176,1066,1230,8,5,3028,3174,1105,1251
_DSC1804.tif,4,4,2,3,2,3,0,2920,3094,1225,1399,5,0,2900,3080,1193,1373,8,0,2910,3138,1188,1416
_DSC1804.tif,4,4,2,3,3,3,6,2845,3073,1338,1566,5,6,2859,3057,1354,1552,8,6,2882,3040,1366,1524
_DSC1804.tif,4,4,2,3,4,3,0,2968,3126,1550,1708,5,0,2963,3131,1528,1696,8,0,2946,3122,1512,1688
_DSC1804.tif,4,4,2,3,5,3,4,3200,3380,1511,1691,5,6,3179,3391,1484,1696,8,5,3218,3384,1517,1683
_DSC1804.tif,4,4,2,3,6,3,0,3284,3470,1328,1514,5,0,3262,3456,1324,1518,8,0,3288,3422,1372,1506
_DSC1804.tif,4,4,2,3,7,3,5,3184,3364,1190,1370,5,6,3178,3342,1206,1370,8,6,3200,3358,1185,1343
_DSC1804.tif,4,4,2,3,8,3,0,3178,3338,1058,1218,5,0,3164,3328,1059,1223,8,0,3173,3287,1098,1212
_DSC1804.tif,4,4,2,4,1,3,5,3676,3830,1058,1212,5,6,3687,3855,1032,1200,8,6,3694,3814,1077,1197
_DSC1804.tif,4,4,2,4,2,3,0,3650,3792,1255,1397,5,,,,,,8,0,3644,3808,1254,1418
_DSC1804.tif,4,4,2,4,3,3,6,3579,3805,1382,1608,5,6,3634,3788,1421,1575,8,6,3646,3786,1454,1594
_DSC1804.tif,4,4,2,4,4,3,0,3673,3843,1576,1746,5,0,3640,3808,1592,1760,8,0,3700,3808,1629,1737
_DSC1804.tif,4,4,2,4,5,3,4,3925,4115,1550,1740,5,6,3928,4100,1541,1713,8,5,3928,4094,1536,1702
_DSC1804.tif,4,4,2,4,6,3,0,4030,4226,1336,1532,5,0,4012,4240,1322,1550,8,0,4010,4246,1314,1550
_DSC1804.tif,4,4,2,4,7,3,6,3956,4136,1174,1354,5,6,3986,4146,1178,1338,8,6,3980,4132,1168,1320
_DSC1804.tif,4,4,2,4,8,3,0,3837,4017,1000,1180,5,0,3835,4013,992,1170,8,0,3858,3922,1070,1134
_DSC1804.tif,4,4,3,1,1,3,3,1357,1495,2132,2270,5,4,1366,1506,2132,2272,8,4,1396,1518,2152,2274
_DSC1804.tif,4,4,3,1,2,3,4,1305,1453,2258,2406,5,6,1300,1464,2254,2418,8,5,1270,1524,2219,2473
_DSC1804.tif,4,4,3,1,3,3,0,1248,1386,2391,2529,5,0,1256,1414,2388,2546,8,0,1220,1436,2365,2581
_DSC1804.tif,4,4,3,1,4,3,6,1354,1492,2529,2667,5,6,1340,1478,2530,2668,8,6,1352,1448,2513,2609
_DSC1804.tif,4,4,3,1,5,3,0,1553,1691,2512,2650,5,0,1538,1706,2512,2680,8,0,1542,1676,2504,2638
_DSC1804.tif,4,4,3,1,6,3,5,1634,1778,2356,2500,5,6,1632,1800,2356,2524,8,5,1644,1772,2323,2451
_DSC1804.tif,4,4,3,1,7,3,0,1598,1736,2232,2370,5,0,1578,1712,2249,2383,8,0,1612,1682,2263,2333
_DSC1804.tif,4,4,3,1,8,3,6,1495,1669,2090,2264,5,6,1485,1645,2102,2262,8,6,1448,1638,2064,2254
_DSC1804.tif,4,4,3,2,1,3,0,2152,2306,2036,2190,5,0,2155,2283,2064,2192,8,0,2145,2273,2056,2184
_DSC1804.tif,4,4,3,2,2,3,4,2034,2188,2164,2318,5,5,2054,2198,2178,2322,8,4,2043,2197,2164,2318
_DSC1804.tif,4,4,3,2,3,3,0,2080,2200,2318,2438,5,0,2044,2152,2324,2432,8,0,2076,2158,2321,2403
_DSC1804.tif,4,4,3,2,4,3,6,2146,2272,2392,2518,5,6,2148,2272,2410,2534,8,5,2133,2285,2394,2546
_DSC1804.tif,4,4,3,2,5,3,0,2301,2407,2434,2540,5,0,2276,2406,2410,2540,8,0,2286,2438,2394,2546
_DSC1804.tif,4,4,3,2,6,3,4,2369,2507,2322,2460,5,5,2368,2498,2320,2450,8,5,2342,2520,2273,2451
_DSC1804.tif,4,4,3,2,7,3,0,2338,2456,2184,2302,5,0,2326,2450,2188,2312,8,0,2307,2453,2172,2318
_DSC1804.tif,4,4,3,2,8,3,6,2282,2430,2042,2190,5,6,2320,2430,2078,2188,8,6,2336,2502,2050,2216
_DSC1804.tif,4,4,3,3,1,3,6,3041,3195,1846,2000,5,6,3034,3184,1856,2006,8,6,3056,3196,1854,1994
_DSC1804.tif,4,4,3,3,2,3,0,2922,3076,1968,2122,5,0,2900,3064,1939,2103,8,0,2958,3098,1971,2111
_DSC1804.tif,4,4,3,3,3,3,3,2814,3010,2068,2264,5,6,2806,3006,2070,2270,8,5,2838,3016,2089,2267
_DSC1804.tif,4,4,3,3,4,3,1,2911,3113,2290,2492,5,0,2874,3072,2266,2464,8,0,2870,3078,2286,2494
_DSC1804.tif,4,4,3,3,5,3,4,3227,3381,2348,2502,5,6,3234,3406,2329,2501,8,6,3221,3443,2292,2514
_DSC1804.tif,4,4,3,3,6,3,0,3312,3460,2188,2336,5,0,3272,3432,2179,2339,8,0,3317,3443,2184,2310
_DSC1804.tif,4,4,3,3,7,3,5,3268,3454,2015,2201,5,6,3268,3442,2016,2190,8,5,3294,3446,2012,2164
_DSC1804.tif,4,4,3,3,8,3,0,3213,3335,1904,2026,5,,,,,,8,0,3212,3294,1956,2038
_DSC1804.tif,4,4,3,4,1,3,6,3877,4015,1942,2080,5,6,3887,4011,1934,2058,8,6,3884,4050,1942,2108
_DSC1804.tif,4,4,3,4,2,3,0,3802,3940,2065,2203,5,0,3768,3938,2025,2195,8,0,3782,3992,2016,2226
_DSC1804.tif,4,4,3,4,3,3,5,3729,3919,2164,2354,5,6,3738,3908,2179,2349,8,6,3722,3926,2164,2368
_DSC1804.tif,4,4,3,4,4,3,0,3776,3956,2375,2555,5,0,3736,3958,2346,2568,8,0,3782,4024,2374,2616
_DSC1804.tif,4,4,3,4,5,3,5,4066,4234,2450,2618,5,6,4066,4224,2490,2648,8,6,4056,4196,2482,2622
_DSC1804.tif,4,4,3,4,6,3,0,4188,4342,2330,2484,5,0,4190,4354,2338,2502,8,0,4150,4328,2339,2517
_DSC1804.tif,4,4,3,4,7,3,6,4146,4316,2142,2312,5,6,4133,4301,2152,2320,8,6,4132,4442,2117,2427
_DSC1804.tif,4,4,3,4,8,3,0,4046,4232,1978,2164,5,0,4066,4220,1974,2128,8,0,4062,4220,1988,2146
_DSC1804.tif,4,4,4,1,1,3,0,1374,1532,2878,3036,5,,,,,,8,,,,,
_DSC1804.tif,4,4,4,1,2,3,6,1320,1478,3020,3178,5,6,1320,1484,3027,3191,8,6,1314,1512,3005,3203
_DSC1804.tif,4,4,4,1,3,3,0,1246,1442,3174,3370,5,0,1236,1454,3154,3372,8,0,1290,1504,3197,3411
_DSC1804.tif,4,4,4,1,4,3,5,1336,1500,3412,3576,5,6,1329,1499,3396,3566,8,5,1302,1536,3362,3596
_DSC1804.tif,4,4,4,1,5,3,0,1558,1754,3322,3518,5,0,1556,1788,3328,3560,8,0,1594,1696,3361,3463
_DSC1804.tif,4,4,4,1,6,3,6,1694,1856,3140,3302,5,6,1689,1833,3158,3302,8,6,1670,1854,3116,3300
_DSC1804.tif,4,4,4,1,7,3,0,1585,1749,3000,3164,5,0,1578,1746,3005,3173,8,0,1574,1810,2941,3177
_DSC1804.tif,4,4,4,1,8,3,5,1506,1658,2852,3004,5,6,1520,1664,2852,2996,8,6,1460,1708,2786,3034
_DSC1804.tif,4,4,4,2,1,3,0,2171,2267,2830,2926,5,,,,,,8,0,2184,2284,2876,2976
_DSC1804.tif,4,4,4,2,2,3,5,2113,2277,2994,3158,5,6,2122,2302,2994,3174,8,5,2134,2298,2991,3155
_DSC1804.tif,4,4,4,2,3,3,1,2064,2248,3148,3332,5,1,2074,2266,3145,3337,8,0,2050,2254,3138,3342
_DSC1804.tif,4,4,4,2,4,3,4,2190,2364,3319,3493,5,5,2178,2380,3310,3512,8,5,2120,2406,3269,3555
_DSC1804.tif,4,4,4,2,5,3,0,2447,2621,3264,3438,5,0,2455,2619,3262,3426,8,0,2470,2584,3269,3383
_DSC1804.tif,4,4,4,2,6,3,5,2492,2672,3062,3242,5,6,2511,2661,3094,3244,8,6,2494,2666,3066,3238
_DSC1804.tif,4,4,4,2,7,3,0,2418,2566,2912,3060,5,0,2425,2585,2910,3070,8,0,2470,2646,2911,3087
_DSC1804.tif,4,4,4,2,8,3,5,2290,2466,2777,2953,5,6,2312,2454,2795,2937,8,5,2314,2474,2792,2952
_DSC1804.tif,4,4,4,3,1,3,3,3116,3248,2746,2878,5,4,3104,3272,2725,2893,8,4,3078,3262,2701,2885
_DSC1804.tif,4,4,4,3,2,3,0,3023,3175,2894,3046,5,0,2970,3168,2861,3059,8,0,3016,3244,2854,3082
_DSC1804.tif,4,4,4,3,3,3,4,2946,3142,3044,3240,5,6,2956,3144,3040,3228,8,5,2958,3206,3049,3297
_DSC1804.tif,4,4,4,3,4,3,0,3004,3222,3215,3433,5,0,3024,3208,3213,3397,8,0,2996,3154,3222,3380
_DSC1804.tif,4,4,4,3,5,3,4,3309,3477,3222,3390,5,6,3303,3481,3228,3406,8,4,3298,3514,3160,3376
_DSC1804.tif,4,4,4,3,6,3,0,3390,3580,3063,3253,5,0,3401,3585,3044,3228,8,0,3390,3662,3054,3326
_DSC1804.tif,4,4,4,3,7,3,5,3361,3515,2904,3058,5,6,3371,3525,2916,3070,8,6,3352,3536,2881,3065
_DSC1804.tif,4,4,4,3,8,3,0,3264,3444,2746,2926,5,0,3236,3464,2702,2930,8,0,3268,3402,2754,2888
_DSC1804.tif,4,4,4,4,1,3,4,3966,4158,2824,3016,5,6,3981,4135,2826,2980,8,5,3998,4138,2834,2974
_DSC1804.tif,4,4,4,4,2,3,0,3914,4068,2988,3142,5,0,3892,4056,2973,3137,8,0,3846,4018,2938,3110
_DSC1804.tif,4,4,4,4,3,3,5,3866,4062,3110,3306,5,6,3876,4038,3130,3292,8,5,3846,4062,3091,3307
_DSC1804.tif,4,4,4,4,4,3,0,3940,4114,3298,3472,5,0,3927,4091,3302,3466,8,0,3866,4138,3222,3494
_DSC1804.tif,4,4,4,4,5,3,5,4173,4369,3284,3480,5,6,4185,4339,3322,3476,8,5,4144,4372,3266,3494
_DSC1804.tif,4,4,4,4,6,3,0,4226,4410,3116,3300,5,1,4244,4404,3133,3293,8,0,4220,4404,3113,3297
_DSC1804.tif,4,4,4,4,7,3,5,4208,4398,2952,3142,5,6,4220,4384,2963,3127,8,5,4220,4392,2938,3110
_DSC1804.tif,4,4,4,4,8,3,0,4200,4336,2836,2972,5,0,4184,4348,2819,2983,8,0,4170,4278,2824,2932
_DSC1805.tif,4,4,1,1,1,4,3,1396,1504,552,660,6,5,1382,1534,519,671,3,3,1380,1508,540,668
_DSC1805.tif,4,4,1,1,2,4,6,1325,1447,636,758,6,6,1316,1462,622,768,3,5,1323,1455,604,736
_DSC1805.tif,4,4,1,1,3,4,6,1346,1450,756,860,6,6,1336,1456,744,864,3,6,1328,1450,755,877
_DSC1805.tif,4,4,1,1,4,4,5,1386,1504,866,984,6,6,1382,1528,863,1009,3,6,1392,1508,871,987
_DSC1805.tif,4,4,1,1,5,4,0,1614,1754,827,967,6,0,1608,1752,835,979,3,0,1584,1712,836,964
_DSC1805.tif,4,4,1,1,6,4,6,1597,1725,694,822,6,6,1580,1746,665,831,3,4,1604,1724,703,823
_DSC1805.tif,4,4,1,1,7,4,5,1605,1687,600,682,6,6,1574,1732,557,715,3,5,1593,1719,588,714
_DSC1805.tif,4,4,1,1,8,4,,,,,,6,,,,,,3,0,1620,1714,518,612
_DSC1805.tif,4,4,1,2,1,4,,,,,,6,,,,,,3,1,2188,2320,340,472
_DSC1805.tif,4,4,1,2,2,4,6,2098,2216,432,550,6,5,2084,2228,431,575,3,4,2082,2240,414,572
_DSC1805.tif,4,4,1,2,3,4,6,2048,2176,540,668,6,6,2024,2188,517,681,3,5,2034,2182,536,684
_DSC1805.tif,4,4,1,2,4,4,5,2053,2161,686,794,6,6,2036,2168,662,794,3,5,2028,2166,672,810
_DSC1805.tif,4,4,1,2,5,4,0,2232,2364,726,858,6,5,2302,2446,481,625,3,1,2230,2356,726,852
_DSC1805.tif,4,4,1,2,6,4,4,2326,2452,618,744,6,4,2320,2460,612,752,3,3,2338,2460,638,760
_DSC1805.tif,4,4,1,2,7,4,4,2308,2426,504,622,6,0,2248,2388,734,874,3,3,2318,2428,512,622
_DSC1805.tif,4,4,1,2,8,4,3,2307,2429,358,480,6,,,,,,3,3,2287,2441,334,488
_DSC1805.tif,4,4,1,3,1,4,6,2882,3002,335,455,6,5,2862,2996,311,445,3,5,2867,3015,318,466
_DSC1805.tif,4,4,1,3,2,4,0,2774,2910,484,620,6,0,2786,2912,464,590,3,0,2775,2907,488,620
_DSC1805.tif,4,4,1,3,3,4,3,2714,2860,647,793,6,,,,,,3,3,2724,2872,643,791
_DSC1805.tif,4,4,1,3,4,4,3,2829,2951,768,890,6,4,2824,2968,765,909,3,3,2817,2965,736,884
_DSC1805.tif,4,4,1,3,5,4,6,3031,3163,726,858,6,6,3028,3174,718,864,3,5,2996,3208,688,900
_DSC1805.tif,4,4,1,3,6,4,0,3178,3332,558,712,6,0,3088,3240,572,724,3,0,3132,3296,551,715
_DSC1805.tif,4,4,1,3,7,4,6,3080,3226,394,540,6,5,3100,3240,410,550,3,5,3104,3238,431,565
_DSC1805.tif,4,4,1,3,8,4,5,2994,3108,354,468,6,5,2975,3141,318,484,3,4,2991,3139,328,476
_DSC1805.tif,4,4,1,4,1,4,6,3724,3842,316,434,6,6,3722,3842,311,431,3,6,3694,3842,302,450
_DSC1805.tif,4,4,1,4,2,4,2,3642,3776,430,564,6,3,3632,3792,410,570,3,2,3650,3782,443,575
_DSC1805.tif,4,4,1,4,3,4,5,3587,3725,576,714,6,5,3584,3742,563,721,3,4,3584,3720,578,714
_DSC1805.tif,4,4,1,4,4,4,6,3664,3796,708,840,6,5,3650,3808,702,860,3,4,3673,3811,714,852
_DSC1805.tif,4,4,1,4,5,4,6,3833,3971,730,868,6,6,3815,3993,696,874,3,6,3819,3967,710,858
_DSC1805.tif,4,4,1,4,6,4,0,3960,4098,578,716,6,0,3946,4138,579,771,3,0,3966,4084,600,718
_DSC1805.tif,4,4,1,4,7,4,5,3882,4014,436,568,6,6,3868,4046,404,582,3,5,3866,4004,453,591
_DSC1805.tif,4,4,1,4,8,4,,,,,,6,,,,,,3,4,3848,3986,308,446
_DSC1805.tif,4,4,2,1,1,4,5,1418,1546,1154,1282,6,6,1428,1560,1148,1280,3,6,1410,1548,1138,1276
_DSC1805.tif,4,4,2,1,2,4,6,1358,1490,1253,1385,6,6,1350,1494,1248,1392,3,6,1355,1487,1244,1376
_DSC1805.tif,4,4,2,1,3,4,0,1337,1491,1410,1564,6,0,1356,1542,1379,1565,3,0,1354,1502,1418,1566
_DSC1805.tif,4,4,2,1,4,4,6,1422,1582,1583,1743,6,5,1416,1594,1554,1732,3,5,1423,1567,1592,1736
_DSC1805.tif,4,4,2,1,5,4,3,1634,1820,1560,1746,6,5,1631,1835,1542,1746,3,4,1643,1807,1566,1730
_DSC1805.tif,4,4,2,1,6,4,6,1724,1850,1401,1527,6,6,1712,1858,1386,1532,3,6,1724,1862,1412,1550
_DSC1805.tif,4,4,2,1,7,4,0,1636,1786,1228,1378,6,0,1640,1832,1227,1419,3,1,1650,1798,1241,1389
_DSC1805.tif,4,4,2,1,8,4,3,1568,1674,1150,1256,6,,,,,,3,4,1561,1709,1116,1264
_DSC1805.tif,4,4,2,2,1,4,5,2164,2296,1118,1250,6,6,2133,2311,1078,1256,3,5,2158,2296,1122,1260
_DSC1805.tif,4,4,2,2,2,4,6,2090,2228,1222,1360,6,6,2080,2246,1230,1396,3,6,2090,2228,1222,1360
_DSC1805.tif,4,4,2,2,3,4,1,2016,2166,1372,1522,6,2,2004,2188,1354,1538,3,1,2016,2180,1371,1535
_DSC1805.tif,4,4,2,2,4,4,5,2074,2224,1535,1685,6,5,2064,2236,1524,1696,3,4,2068,2238,1532,1702
_DSC1805.tif,4,4,2,2,5,4,6,2368,2518,1570,1720,6,6,2351,2523,1554,1726,3,5,2354,2550,1545,1741
_DSC1805.tif,4,4,2,2,6,4,6,2398,2544,1404,1550,6,6,2400,2558,1409,1567,3,6,2399,2547,1418,1566
_DSC1805.tif,4,4,2,2,7,4,0,2406,2564,1250,1408,6,0,2360,2506,1240,1386,3,0,2396,2554,1262,1420
_DSC1805.tif,4,4,2,2,8,4,4,2324,2470,1099,1245,6,5,2327,2493,1084,1250,3,4,2322,2502,1084,1264
_DSC1805.tif,4,4,2,3,1,4,5,2968,3106,1137,1275,6,5,2976,3114,1118,1256,3,5,2980,3102,1132,1254
_DSC1805.tif,4,4,2,3,2,4,5,2892,3032,1234,1374,6,5,2870,3048,1224,1402,3,5,2904,3042,1222,1360
_DSC1805.tif,4,4,2,3,3,4,6,2850,2982,1382,1514,6,6,2830,2988,1360,1518,3,6,2869,2997,1386,1514
_DSC1805.tif,4,4,2,3,4,4,0,2899,3067,1542,1710,6,0,2830,3028,1555,1753,3,0,2898,3046,1540,1688
_DSC1805.tif,4,4,2,3,5,4,3,3142,3320,1568,1746,6,3,3148,3320,1584,1756,3,2,3158,3322,1576,1740
_DSC1805.tif,4,4,2,3,6,4,4,3242,3414,1384,1556,6,5,3226,3398,1370,1542,3,3,3242,3396,1391,1545
_DSC1805.tif,4,4,2,3,7,4,6,3195,3317,1282,1404,6,6,3200,3326,1270,1396,3,5,3189,3327,1270,1408
_DSC1805.tif,4,4,2,3,8,4,0,3135,3281,1144,1290,6,0,3133,3273,1144,1284,3,0,3148,3296,1154,1302
_DSC1805.tif,4,4,2,4,1,4,4,3806,3924,1109,1227,6,,,,,,3,5,3808,3930,1100,1222
_DSC1805.tif,4,4,2,4,2,4,6,3692,3848,1174,1330,6,6,3676,3842,1174,1340,3,6,3666,3830,1170,1334
_DSC1805.tif,4,4,2,4,3,4,6,3559,3741,1294,1476,6,6,3564,3736,1296,1468,3,6,3592,3734,1302,1444
_DSC1805.tif,4,4,2,4,4,4,0,3598,3762,1491,1655,6,0,3596,3776,1508,1688,3,0,3618,3750,1487,1619
_DSC1805.tif,4,4,2,4,5,4,5,3906,4056,1572,1722,6,4,3868,4072,1542,1746,3,5,3900,4054,1576,1730
_DSC1805.tif,4,4,2,4,6,4,5,3965,4131,1394,1560,6,4,3951,4129,1376,1554,3,4,3969,4139,1386,1556
_DSC1805.tif,4,4,2,4,7,4,6,4006,4130,1249,1373,6,6,4010,4136,1244,1370,3,6,3988,4142,1245,1399
_DSC1805.tif,4,4,2,4,8,4,0,3936,4044,1128,1236,6,,,,,,3,0,3936,4056,1128,1248
_DSC1805.tif,4,4,3,1,1,4,2,1600,1724,2043,2167,6,,,,,,3,4,1603,1709,2052,2158
_DSC1805.tif,4,4,3,1,2,4,5,1561,1671,2154,2264,6,5,1522,1694,2119,2291,3,5,1550,1688,2148,2286
_DSC1805.tif,4,4,3,1,3,4,6,1514,1650,2264,2400,6,6,1508,1686,2259,2437,3,6,1514,1656,2272,2414
_DSC1805.tif,4,4,3,1,4,4,6,1516,1648,2406,2538,6,6,1514,1654,2406,2546,3,6,1521,1643,2418,2540
_DSC1805.tif,4,4,3,1,5,4,0,1764,1904,2456,2596,6,0,1792,1970,2447,2625,3,0,1785,1891,2476,2582
_DSC1805.tif,4,4,3,1,6,4,4,1853,1985,2314,2446,6,5,1826,1990,2289,2453,3,5,1865,2003,2306,2444
_DSC1805.tif,4,4,3,1,7,4,6,1810,1950,2166,2306,6,6,1806,1950,2150,2294,3,6,1830,1952,2179,2301
_DSC1805.tif,4,4,3,1,8,4,6,1730,1856,2046,2172,6,6,1727,1871,2024,2168,3,6,1744,1870,2048,2174
_DSC1805.tif,4,4,3,2,1,4,1,2292,2424,1975,2107,6,1,2278,2450,1938,2110,3,1,2285,2423,1978,2116
_DSC1805.tif,4,4,3,2,2,4,3,2210,2350,2092,2232,6,4,2208,2360,2076,2228,3,3,2228,2360,2103,2235
_DSC1805.tif,4,4,3,2,3,4,6,2246,2364,2224,2342,6,6,2235,2381,2202,2348,3,5,2246,2372,2222,2348
_DSC1805.tif,4,4,3,2,4,4,6,2284,2430,2336,2482,6,6,2298,2430,2334,2466,3,6,2287,2431,2332,2476
_DSC1805.tif,4,4,3,2,5,4,3,2470,2582,2292,2404,6,3,2460,2606,2268,2414,3,2,2463,2601,2296,2434
_DSC1805.tif,4,4,3,2,6,4,5,2536,2674,2155,2293,6,6,2520,2704,2130,2314,3,5,2534,2676,2170,2312
_DSC1805.tif,4,4,3,2,7,4,6,2523,2659,2024,2160,6,6,2512,2638,2016,2142,3,5,2524,2666,2037,2179
_DSC1805.tif,4,4,3,2,8,4,6,2468,2582,1948,2062,6,6,2446,2592,1921,2067,3,5,2455,2587,1932,2064
_DSC1805.tif,4,4,3,3,1,4,6,3050,3178,1964,2092,6,6,3031,3157,1958,2084,3,5,3026,3190,1946,2110
_DSC1805.tif,4,4,3,3,2,4,1,2974,3138,2097,2261,6,3,2956,3140,2086,2270,3,2,2965,3129,2106,2270
_DSC1805.tif,4,4,3,3,3,4,5,2942,3066,2284,2408,6,5,2930,3088,2278,2436,3,4,2936,3078,2286,2428
_DSC1805.tif,4,4,3,3,4,4,4,3022,3168,2424,2570,6,5,2988,3214,2376,2602,3,5,3004,3174,2406,2576
_DSC1805.tif,4,4,3,3,5,4,6,3200,3338,2350,2488,6,6,3220,3346,2357,2483,3,6,3201,3343,2354,2496
_DSC1805.tif,4,4,3,3,6,4,0,3270,3388,2232,2350,6,0,3214,3412,2206,2404,3,0,3255,3377,2216,2338
_DSC1805.tif,4,4,3,3,7,4,4,3220,3360,2096,2236,6,5,3220,3358,2096,2234,3,5,3232,3370,2100,2238
_DSC1805.tif,4,4,3,3,8,4,6,3158,3288,1974,2104,6,6,3144,3290,1944,2090,3,5,3126,3316,1926,2116
_DSC1805.tif,4,4,3,4,1,4,6,3730,3902,1948,2120,6,5,3736,3900,1929,2093,3,5,3729,3871,1952,2094
_DSC1805.tif,4,4,3,4,2,4,3,3666,3816,2078,2228,6,2,3650,3814,2070,2234,3,4,3675,3825,2094,2244
_DSC1805.tif,4,4,3,4,3,4,5,3648,3806,2235,2393,6,5,3616,3814,2209,2407,3,5,3634,3798,2235,2399
_DSC1805.tif,4,4,3,4,4,4,5,3774,3898,2362,2486,6,5,3762,3888,2360,2486,3,5,3750,3892,2360,2502
_DSC1805.tif,4,4,3,4,5,4,6,3895,4035,2360,2500,6,6,3884,4036,2354,2506,3,6,3890,4038,2364,2512
_DSC1805.tif,4,4,3,4,6,4,1,4006,4174,2213,2381,6,1,4016,4182,2222,2388,3,2,4017,4165,2222,2370
_DSC1805.tif,4,4,3,4,7,4,4,3933,4097,2092,2256,6,4,3928,4080,2099,2251,3,5,3940,4084,2100,2244
_DSC1805.tif,4,4,3,4,8,4,6,3892,4024,1966,2098,6,6,3872,4030,1932,2090,3,5,3903,4051,1952,2100
_DSC1805.tif,4,4,4,1,1,4,6,1618,1764,2852,2998,6,6,1620,1772,2843,2995,3,5,1624,1756,2859,2991
_DSC1805.tif,4,4,4,1,2,4,6,1536,1672,2958,3094,6,6,1514,1712,2939,3137,3,6,1540,1688,2954,3102
_DSC1805.tif,4,4,4,1,3,4,4,1517,1675,3092,3250,6,3,1494,1694,3077,3277,3,3,1530,1678,3102,3250
_DSC1805.tif,4,4,4,1,4,4,4,1578,1726,3250,3398,6,3,1584,1750,3252,3418,3,4,1594,1722,3258,3386
_DSC1805.tif,4,4,4,1,5,4,6,1704,1854,3216,3366,6,5,1700,1864,3214,3378,3,5,1719,1867,3216,3364
_DSC1805.tif,4,4,4,1,6,4,6,1808,1924,3118,3234,6,6,1792,1932,3094,3234,3,6,1809,1937,3110,3238
_DSC1805.tif,4,4,4,1,7,4,0,1789,1935,2964,3110,6,2,1792,1958,2945,3111,3,2,1794,1932,2959,3097
_DSC1805.tif,4,4,4,1,8,4,5,1786,1890,2864,2968,6,4,1780,1884,2853,2957,3,4,1779,1907,2856,2984
_DSC1805.tif,4,4,4,2,1,4,5,2368,2492,2800,2924,6,,,,,,3,4,2370,2486,2782,2898
_DSC1805.tif,4,4,4,2,2,4,6,2288,2424,2902,3038,6,6,2274,2426,2903,3055,3,5,2274,2444,2896,3066
_DSC1805.tif,4,4,4,2,3,4,3,2248,2406,3038,3196,6,3,2242,2446,3032,3236,3,4,2254,2418,3046,3210
_DSC1805.tif,4,4,4,2,4,4,4,2351,2509,3206,3364,6,4,2348,2506,3180,3338,3,5,2328,2492,3192,3356
_DSC1805.tif,4,4,4,2,5,4,6,2534,2680,3138,3284,6,5,2532,2704,3134,3306,3,5,2532,2684,3132,3284
_DSC1805.tif,4,4,4,2,6,4,6,2633,2747,3018,3132,6,5,2612,2770,3008,3166,3,6,2619,2767,3010,3158
_DSC1805.tif,4,4,4,2,7,4,,,,,,6,,,,,,3,3,2576,2694,2882,3000
_DSC1805.tif,4,4,4,2,8,4,5,2509,2669,2728,2888,6,4,2506,2664,2741,2899,3,4,2505,2669,2730,2894
_DSC1805.tif,4,4,4,3,1,4,6,3120,3252,2808,2940,6,5,3100,3266,2786,2952,3,5,3123,3261,2814,2952
_DSC1805.tif,4,4,4,3,2,4,6,3046,3174,2914,3042,6,5,3048,3200,2903,3055,3,5,3052,3184,2915,3047
_DSC1805.tif,4,4,4,3,3,4,6,3064,3188,3046,3170,6,6,3034,3200,3028,3194,3,6,3068,3190,3049,3171
_DSC1805.tif,4,4,4,3,4,4,0,3056,3200,3190,3334,6,0,3068,3220,3187,3339,3,0,3049,3193,3194,3338
_DSC1805.tif,4,4,4,3,5,4,4,3298,3464,3162,3328,6,3,3280,3452,3157,3329,3,4,3316,3448,3182,3314
_DSC1805.tif,4,4,4,3,6,4,6,3370,3484,3075,3189,6,6,3332,3484,3002,3154,3,6,3364,3476,3072,3184
_DSC1805.tif,4,4,4,3,7,4,6,3264,3446,2893,3075,6,6,3252,3398,2873,3019,3,6,3274,3428,2888,3042
_DSC1805.tif,4,4,4,3,8,4,1,3284,3420,2767,2903,6,1,3266,3432,2740,2906,3,3,3268,3428,2750,2910
_DSC1805.tif,4,4,4,4,1,4,5,3866,3998,2730,2862,6,5,3858,3990,2724,2856,3,5,3886,4006,2746,2866
_DSC1805.tif,4,4,4,4,2,4,6,3806,3942,2833,2969,6,5,3808,3940,2847,2979,3,5,3801,3927,2836,2962
_DSC1805.tif,4,4,4,4,3,4,6,3762,3898,2942,3078,6,5,3742,3888,2945,3091,3,5,3734,3862,2937,3065
_DSC1805.tif,4,4,4,4,4,4,2,3786,3940,3110,3264,6,2,3768,3974,3091,3297,3,3,3794,3938,3120,3264
_DSC1805.tif,4,4,4,4,5,4,6,4029,4171,3160,3302,6,4,4036,4188,3160,3312,3,5,4024,4184,3157,3317
_DSC1805.tif,4,4,4,4,6,4,6,4131,4269,3050,3188,6,6,4132,4298,3018,3184,3,6,4142,4284,3053,3195
_DSC1805.tif,4,4,4,4,7,4,6,4142,4288,2890,3036,6,6,4132,4310,2866,3044,3,6,4120,4284,2873,3037
_DSC1805.tif,4,4,4,4,8,4,0,4042,4194,2761,2913,6,1,4020,4264,2681,2925,3,1,4046,4190,2750,2894
_DSC8785.tif,2,4,1,1,1,9,0,807,1029,744,966,4,0,820,1002,780,962,6,0,794,1006,737,949
_DSC8785.tif,2,4,1,1,2,9,1,654,844,899,1089,4,1,662,812,936,1086,6,1,662,854,890,1082
_DSC8785.tif,2,4,1,1,3,9,0,639,861,1144,1366,4,0,609,835,1150,1376,6,0,626,876,1132,1382
_DSC8785.tif,2,4,1,1,4,9,0,835,1019,1334,1518,4,0,815,1019,1350,1554,6,0,834,1020,1342,1528
_DSC8785.tif,2,4,1,1,5,9,0,1089,1261,1358,1530,4,0,1064,1264,1328,1528,6,0,1092,1264,1336,1508
_DSC8785.tif,2,4,1,1,6,9,3,1194,1346,1165,1317,4,0,1175,1349,1136,1310,6,0,1132,1370,1101,1339
_DSC8785.tif,2,4,1,1,7,9,1,1200,1328,952,1080,4,0,1188,1332,946,1090,6,0,1147,1333,886,1072
_DSC8785.tif,2,4,1,1,8,9,0,1060,1226,758,924,4,0,1076,1208,767,899,6,0,1058,1224,728,894
_DSC8785.tif,2,4,1,2,1,9,3,1828,2000,698,870,4,2,1840,1990,699,849,6,1,1792,1990,676,874
_DSC8785.tif,2,4,1,2,2,9,2,1626,1860,836,1070,4,3,1654,1840,872,1058,6,2,1607,1837,854,1084
_DSC8785.tif,2,4,1,2,3,9,0,1542,1740,1079,1277,4,0,1535,1705,1062,1232,6,0,1560,1760,1081,1281
_DSC8785.tif,2,4,1,2,4,9,0,1581,1771,1308,1498,4,0,1544,1766,1278,1500,6,0,1571,1815,1316,1560
_DSC8785.tif,2,4,1,2,5,9,0,2006,2292,1388,1674,4,0,2022,2262,1400,1640,6,0,2080,2232,1442,1594
_DSC8785.tif,2,4,1,2,6,9,4,2216,2386,1226,1396,4,3,2200,2374,1217,1391,6,5,2162,2380,1194,1412
_DSC8785.tif,2,4,1,2,7,9,0,2152,2336,978,1162,4,0,2147,2335,994,1182,6,0,2152,2324,992,1164
_DSC8785.tif,2,4,1,2,8,9,0,2025,2241,756,972,4,0,2050,2222,796,968,6,0,2024,2248,749,973
_DSC8785.tif,2,4,1,3,1,9,0,3276,3446,776,946,4,0,3254,3444,772,962,6,0,3260,3438,739,917
_DSC8785.tif,2,4,1,3,2,9,0,3130,3326,988,1184,4,0,3125,3293,1004,1172,6,0,3127,3339,966,1178
_DSC8785.tif,2,4,1,3,3,9,1,3066,3256,1194,1384,4,0,3074,3252,1209,1387,6,0,3098,3290,1184,1376
_DSC8785.tif,2,4,1,3,4,9,0,3253,3437,1352,1536,4,0,3232,3428,1323,1519,6,0,3220,3430,1304,1514
_DSC8785.tif,2,4,1,3,5,9,0,3568,3758,1245,1435,4,0,3570,3766,1254,1450,6,0,3538,3762,1234,1458
_DSC8785.tif,2,4,1,3,6,9,0,3650,3904,1052,1306,4,0,3652,3852,1068,1268,6,0,3610,3868,1025,1283
_DSC8785.tif,2,4,1,3,7,9,2,3592,3814,810,1032,4,2,3610,3810,836,1036,6,1,3576,3802,780,1006
_DSC8785.tif,2,4,1,3,8,9,0,3491,3681,692,882,4,0,3498,3652,692,846,6,0,3488,3666,656,834
_DSC8785.tif,2,4,1,4,1,9,2,4488,4678,594,784,4,1,4470,4662,598,790,6,1,4476,4694,626,844
_DSC8785.tif,2,4,1,4,2,9,0,4344,4522,788,966,4,0,4316,4534,793,1011,6,0,4324,4528,791,995
_DSC8785.tif,2,4,1,4,3,9,4,4196,4430,1033,1267,4,4,4200,4404,1040,1244,6,5,4212,4422,1033,1243
_DSC8785.tif,2,4,1,4,4,9,1,4312,4592,1314,1594,4,0,4320,4598,1322,1600,6,1,4323,4549,1342,1568
_DSC8785.tif,2,4,1,4,5,9,1,4710,4994,1375,1659,4,0,4738,4972,1383,1617,6,0,4734,4952,1393,1611
_DSC8785.tif,2,4,1,4,6,9,1,4950,5178,1178,1406,4,0,4934,5144,1177,1387,6,0,4946,5156,1168,1378
_DSC8785.tif,2,4,1,4,7,9,2,4789,5073,852,1136,4,2,4825,5047,914,1136,6,2,4812,5058,892,1138
_DSC8785.tif,2,4,1,4,8,9,0,4719,4947,636,864,4,0,4705,4923,654,872,6,0,4727,4945,668,886
_DSC8785.tif,2,4,2,1,1,9,0,804,1058,1924,2178,4,0,814,1000,1968,2154,6,0,820,1058,1944,2182
_DSC8785.tif,2,4,2,1,2,9,1,686,876,2117,2307,4,0,676,850,2116,2290,6,0,662,886,2104,2328
_DSC8785.tif,2,4,2,1,3,9,1,630,820,2330,2520,4,0,609,835,2306,2532,6,0,616,848,2294,2526
_DSC8785.tif,2,4,2,1,4,9,2,681,965,2540,2824,4,3,679,997,2538,2856,6,4,692,976,2552,2836
_DSC8785.tif,2,4,2,1,5,9,0,1134,1368,2578,2812,4,0,1099,1359,2582,2842,6,0,1112,1382,2586,2856
_DSC8785.tif,2,4,2,1,6,9,1,1290,1492,2387,2589,4,0,1310,1482,2406,2578,6,0,1250,1468,2371,2589
_DSC8785.tif,2,4,2,1,7,9,0,1282,1486,2184,2388,4,0,1295,1437,2204,2346,6,0,1238,1482,2159,2403
_DSC8785.tif,2,4,2,1,8,9,3,1106,1358,1972,2224,4,3,1082,1336,1974,2228,6,3,1058,1336,1944,2222
_DSC8785.tif,2,4,2,2,1,9,0,1936,2120,2000,2184,4,0,1950,2104,1982,2136,6,0,1950,2122,1981,2153
_DSC8785.tif,2,4,2,2,2,9,1,1711,1921,2126,2336,4,0,1728,1882,2165,2319,6,0,1732,1912,2132,2312
_DSC8785.tif,2,4,2,2,3,9,1,1895,2035,2330,2470,4,0,1862,2044,2286,2468,6,0,1838,2056,2265,2483
_DSC8785.tif,2,4,2,2,4,9,4,1734,2026,2441,2733,4,2,1792,2010,2471,2689,6,3,1760,2016,2438,2694
_DSC8785.tif,2,4,2,2,5,9,0,2120,2298,2570,2748,4,0,2111,2277,2570,2736,6,0,2116,2302,2549,2735
_DSC8785.tif,2,4,2,2,6,9,1,2298,2488,2482,2672,4,1,2298,2470,2492,2664,6,1,2274,2474,2449,2649
_DSC8785.tif,2,4,2,2,7,9,1,2342,2494,2269,2421,4,0,2332,2518,2260,2446,6,0,2274,2512,2212,2450
_DSC8785.tif,2,4,2,2,8,9,4,2196,2386,2044,2234,4,4,2179,2393,2024,2238,6,3,2176,2414,2027,2265
_DSC8785.tif,2,4,2,3,1,9,5,3377,3579,1842,2044,4,4,3388,3580,1828,2020,6,5,3358,3564,1825,2031
_DSC8785.tif,2,4,2,3,2,9,0,3228,3436,2064,2272,4,0,3210,3416,2072,2278,6,0,3246,3484,2037,2275
_DSC8785.tif,2,4,2,3,3,9,0,3084,3314,2326,2556,4,0,3108,3344,2328,2564,6,0,3148,3366,2321,2539
_DSC8785.tif,2,4,2,3,4,9,0,3292,3564,2540,2812,4,0,3238,3528,2532,2822,6,0,3250,3520,2546,2816
_DSC8785.tif,2,4,2,3,5,9,0,3700,3936,2539,2775,4,0,3692,3912,2531,2751,6,0,3716,3934,2526,2744
_DSC8785.tif,2,4,2,3,6,9,0,3802,4030,2295,2523,4,0,3796,4010,2278,2492,6,0,3782,4046,2275,2539
_DSC8785.tif,2,4,2,3,7,9,4,3745,3993,1980,2228,4,3,3761,3987,1978,2204,6,5,3746,3976,1978,2208
_DSC8785.tif,2,4,2,3,8,9,0,3662,3846,1828,2012,4,0,3652,3824,1796,1968,6,0,3662,3848,1831,2017
_DSC8785.tif,2,4,2,4,1,9,2,4494,4734,1956,2196,4,2,4480,4712,1947,2179,6,2,4516,4746,1958,2188
_DSC8785.tif,2,4,2,4,2,9,1,4266,4512,2169,2415,4,0,4289,4525,2164,2400,6,0,4310,4548,2179,2417
_DSC8785.tif,2,4,2,4,3,9,0,4436,4658,2364,2586,4,0,4437,4641,2370,2574,6,0,4446,4678,2334,2566
_DSC8785.tif,2,4,2,4,4,9,0,4461,4709,2558,2806,4,0,4469,4695,2588,2814,6,0,4470,4694,2549,2773
_DSC8785.tif,2,4,2,4,5,9,0,4766,4956,2682,2872,4,0,4752,4962,2696,2906,6,0,4727,4951,2658,2882
_DSC8785.tif,2,4,2,4,6,9,0,4894,5108,2470,2684,4,0,4898,5090,2484,2676,6,0,4872,5130,2407,2665
_DSC8785.tif,2,4,2,4,7,9,,,,,,4,4,4898,5140,2189,2431,6,4,4878,5136,2175,2433
_DSC8785.tif,2,4,2,4,8,9,,,,,,4,0,4794,5016,1960,2182,6,0,4780,5004,1984,2208
_DSC8786.tif,2,4,1,1,1,4,0,976,1194,689,907,6,0,966,1190,669,893,3,0,993,1161,710,878
_DSC8786.tif,2,4,1,1,2,4,3,822,996,790,964,6,2,808,992,778,962,3,3,826,990,800,964
_DSC8786.tif,2,4,1,1,3,4,0,776,1040,981,1245,6,0,768,1006,996,1234,3,0,804,1016,1006,1218
_DSC8786.tif,2,4,1,1,4,4,0,770,1022,1276,1528,6,0,734,1052,1259,1577,3,0,746,1000,1286,1540
_DSC8786.tif,2,4,1,1,5,4,0,1193,1439,1364,1610,6,0,1144,1428,1356,1640,3,0,1146,1320,1334,1508
_DSC8786.tif,2,4,1,1,6,4,1,1394,1600,1190,1396,6,1,1370,1594,1155,1379,3,1,1418,1576,1180,1338
_DSC8786.tif,2,4,1,1,7,4,0,1346,1582,909,1145,6,0,1304,1560,904,1160,3,0,1376,1556,944,1124
_DSC8786.tif,2,4,1,1,8,4,0,1236,1428,704,896,6,0,1221,1451,702,932,3,0,1264,1450,704,890
_DSC8786.tif,2,4,1,2,1,4,0,1842,2060,693,911,6,0,1851,2063,688,900,3,0,1869,2039,714,884
_DSC8786.tif,2,4,1,2,2,4,2,1686,1904,879,1097,6,1,1666,1918,863,1115,3,1,1699,1899,900,1100
_DSC8786.tif,2,4,1,2,3,4,0,1672,1882,1136,1346,6,0,1663,1889,1170,1396,3,0,1688,1878,1164,1354
_DSC8786.tif,2,4,1,2,4,4,0,1818,2046,1332,1560,6,0,1825,2037,1322,1534,3,0,1856,1994,1379,1517
_DSC8786.tif,2,4,1,2,5,4,1,2099,2329,1296,1526,6,0,2116,2340,1320,1544,3,1,2109,2299,1292,1482
_DSC8786.tif,2,4,1,2,6,4,0,2300,2468,1146,1314,6,0,2254,2500,1081,1327,3,0,2293,2447,1132,1286
_DSC8786.tif,2,4,1,2,7,4,0,2191,2431,836,1076,6,0,2178,2424,820,1066,3,0,2248,2434,868,1054
_DSC8786.tif,2,4,1,2,8,4,0,2095,2255,640,800,6,0,2084,2268,642,826,3,0,2079,2275,636,832
_DSC8786.tif,2,4,1,3,1,4,0,3202,3388,739,925,6,0,3174,3412,721,959,3,0,3219,3367,758,906
_DSC8786.tif,2,4,1,3,2,4,2,3113,3277,954,1118,6,3,3077,3263,926,1112,3,3,3100,3268,948,1116
_DSC8786.tif,2,4,1,3,3,4,3,3150,3290,1104,1244,6,3,3108,3286,1102,1280,3,4,3132,3296,1098,1262
_DSC8786.tif,2,4,1,3,4,4,1,3112,3312,1254,1454,6,0,3128,3332,1264,1468,3,0,3126,3310,1286,1470
_DSC8786.tif,2,4,1,3,5,4,0,3474,3678,1305,1509,6,0,3490,3690,1305,1505,3,0,3472,3616,1322,1466
_DSC8786.tif,2,4,1,3,6,4,0,3630,3848,1109,1327,6,0,3630,3854,1092,1316,3,0,3666,3824,1122,1280
_DSC8786.tif,2,4,1,3,7,4,4,3499,3735,858,1094,6,3,3518,3736,866,1084,3,4,3539,3723,890,1074
_DSC8786.tif,2,4,1,3,8,4,0,3441,3621,714,894,6,0,3432,3610,722,900,3,0,3465,3617,742,894
_DSC8786.tif,2,4,1,4,1,4,0,4279,4503,526,750,6,0,4278,4508,524,754,3,0,4322,4474,594,746
_DSC8786.tif,2,4,1,4,2,4,0,4060,4302,697,939,6,0,4086,4304,708,926,3,0,4100,4290,744,934
_DSC8786.tif,2,4,1,4,3,4,0,4012,4224,995,1207,6,0,4027,4257,960,1190,3,0,4040,4248,1010,1218
_DSC8786.tif,2,4,1,4,4,4,0,4074,4394,1269,1589,6,0,4112,4384,1253,1525,3,0,4110,4316,1299,1505
_DSC8786.tif,2,4,1,4,5,4,0,4676,4976,1230,1530,6,0,4660,4978,1211,1529,3,0,4722,4930,1266,1474
_DSC8786.tif,2,4,1,4,6,4,2,4766,4994,950,1178,6,1,4759,5051,952,1244,3,2,4781,4971,964,1154
_DSC8786.tif,2,4,1,4,7,4,3,4702,4908,701,907,6,1,4674,4926,701,953,3,2,4702,4876,715,889
_DSC8786.tif,2,4,1,4,8,4,0,4508,4750,530,772,6,,,,,,3,0,4545,4757,550,762
_DSC8786.tif,2,4,2,1,1,4,0,908,1160,2201,2453,6,0,900,1178,2205,2483,3,0,936,1138,2250,2452
_DSC8786.tif,2,4,2,1,2,4,0,730,958,2405,2633,6,0,748,1038,2427,2717,3,0,730,926,2451,2647
_DSC8786.tif,2,4,2,1,3,4,0,623,875,2668,2920,6,0,642,932,2678,2968,3,0,656,878,2706,2928
_DSC8786.tif,2,4,2,1,4,4,1,662,976,2915,3229,6,0,682,986,2956,3260,3,0,678,894,2968,3184
_DSC8786.tif,2,4,2,1,5,4,0,1159,1477,2960,3278,6,0,1228,1498,2982,3252,3,0,1172,1484,2962,3274
_DSC8786.tif,2,4,2,1,6,4,0,1485,1735,2932,3182,6,0,1468,1752,2876,3160,3,0,1521,1707,2978,3164
_DSC8786.tif,2,4,2,1,7,4,0,1364,1658,2574,2868,6,0,1304,1588,2572,2856,3,0,1424,1624,2624,2824
_DSC8786.tif,2,4,2,1,8,4,3,1203,1465,2274,2536,6,4,1228,1466,2288,2526,3,3,1241,1453,2290,2502
_DSC8786.tif,2,4,2,2,1,4,0,2079,2309,2188,2418,6,0,2076,2294,2205,2423,3,0,2094,2274,2227,2407
_DSC8786.tif,2,4,2,2,2,4,0,1858,2046,2327,2515,6,0,1872,2122,2318,2568,3,0,1884,2042,2339,2497
_DSC8786.tif,2,4,2,2,3,4,0,1754,2018,2488,2752,6,0,1786,2024,2516,2754,3,0,1810,2026,2528,2744
_DSC8786.tif,2,4,2,2,4,4,1,1906,2202,2728,3024,6,1,1891,2169,2744,3022,3,2,1905,2159,2766,3020
_DSC8786.tif,2,4,2,2,5,4,1,2298,2526,2888,3116,6,0,2294,2558,2896,3160,3,1,2307,2539,2920,3152
_DSC8786.tif,2,4,2,2,6,4,0,2458,2670,2720,2932,6,0,2440,2698,2681,2939,3,0,2470,2656,2727,2913
_DSC8786.tif,2,4,2,2,7,4,0,2458,2670,2470,2682,6,0,2440,2704,2444,2708,3,0,2465,2677,2470,2682
_DSC8786.tif,2,4,2,2,8,4,1,2374,2570,2252,2448,6,1,2374,2632,2239,2497,3,2,2392,2602,2273,2483
_DSC8786.tif,2,4,2,3,1,4,3,3232,3452,2091,2311,6,3,3204,3454,2064,2314,3,3,3233,3441,2110,2318
_DSC8786.tif,2,4,2,3,2,4,0,2992,3228,2285,2521,6,0,3022,3286,2272,2536,3,0,3018,3240,2274,2496
_DSC8786.tif,2,4,2,3,3,4,0,2918,3228,2601,2911,6,0,2936,3234,2595,2893,3,0,2940,3174,2613,2847
_DSC8786.tif,2,4,2,3,4,4,0,3114,3434,2842,3162,6,0,3110,3402,2816,3108,3,0,3164,3322,2886,3044
_DSC8786.tif,2,4,2,3,5,4,0,3483,3815,2746,3078,6,0,3527,3825,2724,3022,3,0,3543,3765,2766,2988
_DSC8786.tif,2,4,2,3,6,4,0,3736,3986,2500,2750,6,0,3690,3960,2513,2783,3,0,3750,3950,2542,2742
_DSC8786.tif,2,4,2,3,7,4,2,3646,3910,2269,2533,6,1,3636,3914,2238,2516,3,1,3629,3835,2270,2476
_DSC8786.tif,2,4,2,3,8,4,,,,,,6,,,,,,3,0,3502,3698,2084,2280
_DSC8786.tif,2,4,2,4,1,4,3,4252,4462,2248,2458,6,4,4228,4434,2208,2414,3,3,4241,4453,2216,2428
_DSC8786.tif,2,4,2,4,2,4,0,4130,4360,2406,2636,6,0,4146,4376,2420,2650,3,0,4168,4322,2451,2605
_DSC8786.tif,2,4,2,4,3,4,0,4069,4289,2664,2884,6,0,4085,4297,2632,2844,3,0,4076,4286,2656,2866
_DSC8786.tif,2,4,2,4,4,4,0,4242,4434,2835,3027,6,0,4241,4445,2804,3008,3,0,4245,4377,2830,2962
_DSC8786.tif,2,4,2,4,5,4,1,4526,4708,2841,3023,6,0,4522,4780,2787,3045,3,0,4512,4654,2847,2989
_DSC8786.tif,2,4,2,4,6,4,0,4634,4812,2678,2856,6,0,4614,4852,2635,2873,3,0,4648,4786,2685,2823
_DSC8786.tif,2,4,2,4,7,4,6,4664,4926,2406,2668,6,5,4654,4918,2388,2652,3,5,4677,4885,2422,2630
_DSC8786.tif,2,4,2,4,8,4,0,4498,4730,2214,2446,6,0,4532,4750,2242,2460,3,1,4489,4771,2184,2466
_DSC8787.tif,2,4,1,1,2,8,5,698,902,1095,1299,2,6,692,934,1073,1315,10,4,726,906,1119,1299
_DSC8787.tif,2,4,1,1,3,8,5,648,902,1251,1505,2,6,636,908,1249,1521,10,4,684,884,1281,1481
_DSC8787.tif,2,4,1,1,4,8,4,648,914,1467,1733,2,4,670,918,1498,1746,10,3,681,893,1502,1714
_DSC8787.tif,2,4,1,1,5,8,0,1093,1403,1518,1828,2,0,1086,1352,1530,1796,10,0,1096,1354,1535,1793
_DSC8787.tif,2,4,1,1,6,8,6,1106,1390,1274,1558,2,6,1127,1369,1314,1556,10,6,1138,1376,1302,1540
_DSC8787.tif,2,4,1,1,7,8,4,1118,1378,1090,1350,2,3,1136,1378,1070,1312,10,2,1160,1370,1078,1288
_DSC8787.tif,2,4,1,1,8,8,4,1022,1252,891,1121,2,4,1018,1248,876,1106,10,3,1035,1225,894,1084
_DSC8787.tif,2,4,1,2,1,8,0,1816,2006,848,1038,2,0,1845,2041,852,1048,10,0,1856,2032,876,1052
_DSC8787.tif,2,4,1,2,2,8,3,1764,2006,1032,1274,2,3,1739,1993,1028,1282,10,3,1762,1962,1048,1248
_DSC8787.tif,2,4,1,2,3,8,3,1720,1910,1279,1469,2,4,1708,1956,1257,1505,10,3,1708,1916,1266,1474
_DSC8787.tif,2,4,1,2,4,8,3,1714,1950,1507,1743,2,4,1708,1988,1485,1765,10,3,1746,1968,1505,1727
_DSC8787.tif,2,4,1,2,5,8,2,2108,2386,1426,1704,2,2,2120,2348,1445,1673,10,2,2106,2322,1421,1637
_DSC8787.tif,2,4,1,2,6,8,5,2126,2380,1207,1461,2,5,2108,2386,1198,1476,10,4,2154,2370,1225,1441
_DSC8787.tif,2,4,1,2,7,8,4,2094,2348,1019,1273,2,4,2102,2342,1033,1273,10,3,2119,2315,1058,1254
_DSC8787.tif,2,4,1,2,8,8,4,2016,2244,800,1028,2,4,2026,2234,852,1060,10,3,2037,2249,836,1048
_DSC8787.tif,2,4,1,3,1,8,5,3009,3249,928,1168,2,4,3028,3288,908,1168,10,3,3055,3241,942,1128
_DSC8787.tif,2,4,1,3,2,8,1,2976,3244,1161,1429,2,1,2990,3250,1150,1410,10,1,3016,3248,1149,1381
_DSC8787.tif,2,4,1,3,3,8,4,2914,3142,1394,1622,2,4,2926,3168,1387,1629,10,2,2933,3155,1402,1624
_DSC8787.tif,2,4,1,3,4,8,2,3072,3288,1577,1793,2,3,3084,3326,1571,1813,10,1,3108,3288,1588,1768
_DSC8787.tif,2,4,1,3,5,8,2,3413,3653,1486,1726,2,3,3440,3682,1511,1753,10,1,3454,3660,1516,1722
_DSC8787.tif,2,4,1,3,6,8,2,3522,3752,1282,1512,2,2,3516,3752,1292,1528,10,1,3520,3726,1292,1498
_DSC8787.tif,2,4,1,3,7,8,3,3390,3618,1064,1292,2,4,3392,3634,1098,1340,10,2,3406,3628,1093,1315
_DSC8787.tif,2,4,1,3,8,8,2,3343,3577,864,1098,2,3,3314,3574,864,1124,10,1,3358,3528,913,1083
_DSC8787.tif,2,4,1,4,1,8,4,4221,4437,890,1106,2,5,4208,4436,870,1098,10,3,4216,4426,874,1084
_DSC8787.tif,2,4,1,4,2,8,2,4138,4360,1042,1264,2,4,4132,4372,1052,1292,10,2,4158,4348,1070,1260
_DSC8787.tif,2,4,1,4,3,8,5,4106,4386,1231,1511,2,6,4074,4380,1241,1547,10,4,4126,4342,1286,1502
_DSC8787.tif,2,4,1,4,4,8,3,4075,4323,1524,1772,2,3,4042,4342,1501,1801,10,3,4078,4300,1546,1768
_DSC8787.tif,2,4,1,4,5,8,3,4576,4836,1588,1848,2,3,4557,4855,1574,1872,10,3,4580,4818,1593,1831
_DSC8787.tif,2,4,1,4,6,8,1,4659,4913,1308,1562,2,0,4634,4944,1296,1606,10,0,4681,4903,1350,1572
_DSC8787.tif,2,4,1,4,7,8,4,4588,4836,1092,1340,2,6,4570,4824,1083,1337,10,4,4591,4797,1106,1312
_DSC8787.tif,2,4,1,4,8,8,3,4474,4678,864,1068,2,4,4472,4726,838,1092,10,3,4492,4694,868,1070
_DSC8787.tif,2,4,2,1,1,8,5,820,1022,2384,2586,2,5,820,1004,2394,2578,10,5,836,1010,2399,2573
_DSC8787.tif,2,4,2,1,2,8,2,768,960,2517,2709,2,2,724,946,2501,2723,10,1,768,926,2537,2695
_DSC8787.tif,2,4,2,1,3,8,0,718,890,2663,2835,2,0,698,922,2652,2876,10,0,691,897,2660,2866
_DSC8787.tif,2,4,2,1,4,8,1,800,1004,2856,3060,2,2,787,1023,2824,3060,10,2,813,1003,2856,3046
_DSC8787.tif,2,4,2,1,5,8,3,1080,1296,2828,3044,2,3,1080,1282,2822,3024,10,3,1084,1244,2848,3008
_DSC8787.tif,2,4,2,1,6,8,2,1019,1203,2666,2850,2,2,1028,1206,2666,2844,10,2,1048,1202,2676,2830
_DSC8787.tif,2,4,2,1,7,8,3,1131,1365,2482,2716,2,4,1144,1358,2493,2707,10,3,1155,1339,2492,2676
_DSC8787.tif,2,4,2,1,8,8,3,1007,1217,2368,2578,2,4,1010,1212,2400,2602,10,3,1001,1175,2396,2570
_DSC8787.tif,2,4,2,2,1,8,4,1821,2019,2342,2540,2,5,1834,2026,2370,2562,10,5,1814,2016,2359,2561
_DSC8787.tif,2,4,2,2,2,8,3,1726,1980,2473,2727,2,4,1714,1936,2485,2707,10,4,1740,1920,2512,2692
_DSC8787.tif,2,4,2,2,3,8,1,1722,1930,2692,2900,2,2,1714,1930,2692,2908,10,2,1712,1912,2704,2904
_DSC8787.tif,2,4,2,2,4,8,3,1720,2006,2907,3193,2,4,1702,2000,2879,3177,10,3,1728,1960,2910,3142
_DSC8787.tif,2,4,2,2,5,8,3,2079,2313,2838,3072,2,4,2012,2298,2837,3123,10,3,2072,2272,2878,3078
_DSC8787.tif,2,4,2,2,6,8,4,2172,2438,2657,2923,2,5,2200,2422,2686,2908,10,4,2196,2418,2690,2912
_DSC8787.tif,2,4,2,2,7,8,1,2140,2330,2559,2749,2,0,2117,2315,2526,2724,10,0,2122,2312,2528,2718
_DSC8787.tif,2,4,2,2,8,8,4,2044,2248,2332,2536,2,5,2031,2241,2330,2540,10,4,2064,2232,2339,2507
_DSC8787.tif,2,4,2,3,1,8,5,3129,3333,2196,2400,2,5,3142,3332,2234,2424,10,4,3132,3316,2236,2420
_DSC8787.tif,2,4,2,3,2,8,5,3046,3256,2329,2539,2,5,3022,3238,2343,2559,10,4,3020,3226,2336,2542
_DSC8787.tif,2,4,2,3,3,8,5,2952,3212,2485,2745,2,4,2958,3180,2485,2707,10,4,2962,3178,2478,2694
_DSC8787.tif,2,4,2,3,4,8,3,3098,3288,2711,2901,2,2,3078,3320,2691,2933,10,2,3092,3314,2676,2898
_DSC8787.tif,2,4,2,3,5,8,6,3440,3644,2754,2958,2,6,3440,3644,2776,2980,10,5,3448,3624,2789,2965
_DSC8787.tif,2,4,2,3,6,8,4,3560,3758,2554,2752,2,4,3564,3768,2558,2762,10,3,3586,3766,2560,2740
_DSC8787.tif,2,4,2,3,7,8,4,3488,3730,2336,2578,2,4,3456,3710,2342,2596,10,3,3494,3684,2376,2566
_DSC8787.tif,2,4,2,3,8,8,5,3326,3548,2200,2422,2,3,3368,3576,2216,2424,10,3,3367,3541,2248,2422
_DSC8788.tif,2,4,1,1,1,2,0,800,1066,688,954,10,0,824,1046,694,916,9,0,828,1032,726,930
_DSC8788.tif,2,4,1,1,2,2,4,662,920,843,1101,10,5,694,890,882,1078,9,5,687,883,876,1072
_DSC8788.tif,2,4,1,1,3,2,2,612,904,1054,1346,10,1,640,900,1047,1307,9,1,670,868,1126,1324
_DSC8788.tif,2,4,1,1,4,2,1,662,972,1273,1583,10,1,694,952,1284,1542,9,1,705,911,1316,1522
_DSC8788.tif,2,4,1,1,5,2,1,1092,1410,1333,1651,10,1,1130,1374,1370,1614,9,1,1144,1364,1376,1596
_DSC8788.tif,2,4,1,1,6,2,4,1246,1522,1105,1381,10,4,1291,1497,1132,1338,9,5,1230,1498,1092,1360
_DSC8788.tif,2,4,1,1,7,2,0,1144,1436,886,1178,10,1,1170,1392,911,1133,9,0,1174,1426,907,1159
_DSC8788.tif,2,4,1,1,8,2,1,1032,1316,654,938,10,2,1032,1260,678,906,9,2,1057,1285,678,906
_DSC8788.tif,2,4,1,2,1,2,0,1892,2150,658,916,10,0,1913,2135,662,884,9,0,1922,2104,682,864
_DSC8788.tif,2,4,1,2,2,2,4,1772,2072,843,1143,10,4,1805,2053,884,1132,9,5,1821,2025,884,1088
_DSC8788.tif,2,4,1,2,3,2,0,1710,2038,1087,1415,10,0,1756,2010,1125,1379,9,0,1766,2002,1147,1383
_DSC8788.tif,2,4,1,2,4,2,0,1856,2174,1363,1681,10,0,1920,2126,1413,1619,9,0,1908,2182,1372,1646
_DSC8788.tif,2,4,1,2,5,2,0,2270,2562,1281,1573,10,0,2301,2533,1302,1534,9,0,2316,2506,1300,1490
_DSC8788.tif,2,4,1,2,6,2,4,2364,2630,1024,1290,10,4,2381,2597,1022,1238,9,4,2407,2605,1048,1246
_DSC8788.tif,2,4,1,2,7,2,0,2312,2544,826,1058,10,1,2315,2541,832,1058,9,0,2316,2514,844,1042
_DSC8788.tif,2,4,1,2,8,2,1,2150,2398,672,920,10,1,2159,2369,684,894,9,0,2195,2391,702,898
_DSC8788.tif,2,4,1,3,1,2,2,3258,3472,792,1006,10,1,3282,3462,800,980,9,2,3309,3467,828,986
_DSC8788.tif,2,4,1,3,2,2,1,3154,3360,924,1130,10,0,3163,3349,936,1122,9,1,3190,3348,954,1112
_DSC8788.tif,2,4,1,3,3,2,2,3094,3344,1083,1333,10,2,3116,3322,1091,1297,9,2,3128,3324,1092,1288
_DSC8788.tif,2,4,1,3,4,2,0,3154,3438,1294,1578,10,0,3210,3406,1318,1514,9,0,3160,3380,1293,1513
_DSC8788.tif,2,4,1,3,5,2,0,3472,3722,1349,1599,10,0,3506,3692,1383,1569,9,0,3490,3702,1356,1568
_DSC8788.tif,2,4,1,3,6,2,0,3641,3837,1196,1392,10,0,3624,3834,1186,1396,9,0,3640,3822,1194,1376
_DSC8788.tif,2,4,1,3,7,2,3,3532,3774,1001,1243,10,2,3549,3755,1006,1212,9,2,3546,3750,1009,1213
_DSC8788.tif,2,4,1,3,8,2,2,3502,3734,808,1040,10,1,3534,3728,811,1005,9,2,3546,3718,825,997
_DSC8788.tif,2,4,1,4,1,2,1,4272,4478,723,929,10,1,4297,4483,746,932,9,1,4267,4479,726,938
_DSC8788.tif,2,4,1,4,2,2,0,4100,4348,878,1126,10,0,4129,4371,858,1100,9,0,4152,4356,899,1103
_DSC8788.tif,2,4,1,4,3,2,4,4112,4344,1100,1332,10,4,4126,4326,1109,1309,9,4,4128,4334,1122,1328
_DSC8788.tif,2,4,1,4,4,2,0,4152,4444,1312,1604,10,0,4174,4422,1328,1576,9,0,4136,4436,1316,1616
_DSC8788.tif,2,4,1,4,5,2,0,4640,4950,1380,1690,10,1,4686,4956,1370,1640,9,0,4688,4924,1384,1620
_DSC8788.tif,2,4,1,4,6,2,0,4702,4994,1113,1405,10,0,4749,5009,1122,1382,9,0,4672,4964,1119,1411
_DSC8788.tif,2,4,1,4,7,2,4,4624,4890,920,1186,10,4,4648,4892,916,1160,9,4,4616,4892,903,1179
_DSC8788.tif,2,4,1,4,8,2,0,4530,4762,714,946,10,1,4554,4766,714,926,9,0,4550,4778,718,946
_DSC8788.tif,2,4,2,1,1,2,0,868,1152,1896,2180,10,0,884,1144,1901,2161,9,0,922,1080,1946,2104
_DSC8788.tif,2,4,2,1,2,2,0,714,998,2080,2364,10,0,730,964,2089,2323,9,0,750,986,2104,2340
_DSC8788.tif,2,4,2,1,3,2,0,602,904,2295,2597,10,0,628,902,2296,2570,9,0,616,892,2324,2600
_DSC8788.tif,2,4,2,1,4,2,1,654,972,2699,3017,10,1,726,952,2754,2980,9,1,710,954,2718,2962
_DSC8788.tif,2,4,2,1,5,2,0,1147,1415,2638,2906,10,0,1164,1424,2621,2881,9,0,1163,1391,2664,2892
_DSC8788.tif,2,4,2,1,6,2,0,1272,1574,2372,2674,10,0,1328,1582,2428,2682,9,0,1309,1545,2420,2656
_DSC8788.tif,2,4,2,1,7,2,2,1143,1401,1994,2252,10,0,1124,1362,2232,2470,9,0,1119,1371,2316,2568
_DSC8788.tif,2,4,2,1,8,2,0,1968,2226,2025,2283,10,2,1175,1381,2000,2206,9,4,1182,1380,2020,2218
_DSC8788.tif,2,4,2,2,1,2,0,1814,2114,2209,2509,10,0,2000,2206,2048,2254,9,0,1982,2210,2034,2262
_DSC8788.tif,2,4,2,2,2,2,0,1827,2093,2218,2484,10,0,1844,2072,2238,2466,9,0,1876,2088,2262,2474
_DSC8788.tif,2,4,2,2,3,2,0,1796,2080,2454,2738,10,0,1820,2058,2478,2716,9,0,1820,2034,2478,2692
_DSC8788.tif,2,4,2,2,4,2,1,1994,2236,2681,2923,10,2,2010,2248,2701,2939,9,2,1994,2222,2687,2915
_DSC8788.tif,2,4,2,2,5,2,0,2296,2562,2670,2936,10,0,2312,2554,2680,2922,9,0,2281,2517,2672,2908
_DSC8788.tif,2,4,2,2,6,2,1,2472,2704,2458,2690,10,1,2489,2701,2476,2688,9,1,2490,2672,2458,2640
_DSC8788.tif,2,4,2,2,7,2,0,2316,2582,2278,2544,10,0,2344,2554,2304,2514,9,0,2332,2514,2336,2518
_DSC8788.tif,2,4,2,2,8,2,2,2232,2480,2038,2286,10,4,2239,2481,2032,2274,9,3,2257,2463,2064,2270
_DSC8788.tif,2,4,2,3,1,2,4,3258,3490,1942,2174,10,5,3274,3476,1957,2159,9,5,3278,3474,1967,2163
_DSC8788.tif,2,4,2,3,2,2,2,3090,3364,2132,2406,10,2,3078,3326,2140,2388,9,3,3128,3348,2143,2363
_DSC8788.tif,2,4,2,3,3,2,2,3008,3292,2351,2635,10,2,3047,3285,2376,2614,9,2,3064,3278,2402,2616
_DSC8788.tif,2,4,2,3,4,2,0,3128,3412,2617,2901,10,0,3168,3412,2634,2878,9,0,3128,3356,2620,2848
_DSC8788.tif,2,4,2,3,5,2,3,3597,3855,2588,2846,10,3,3604,3848,2576,2820,9,3,3597,3849,2560,2812
_DSC8788.tif,2,4,2,3,6,2,1,3670,3920,2359,2609,10,1,3686,3908,2346,2568,9,1,3703,3923,2348,2568
_DSC8788.tif,2,4,2,3,7,2,1,3512,3760,2184,2432,10,1,3496,3740,2184,2428,9,1,3537,3743,2214,2420
_DSC8788.tif,2,4,2,3,8,2,0,3524,3782,1952,2210,10,0,3512,3756,1943,2187,9,0,3562,3766,1979,2183
_DSC8788.tif,2,4,2,4,1,2,3,4470,4718,1961,2209,10,3,4490,4702,1960,2172,9,3,4498,4704,1978,2184
_DSC8788.tif,2,4,2,4,2,2,0,4362,4636,2132,2406,10,0,4389,4607,2158,2376,9,1,4372,4616,2160,2404
_DSC8788.tif,2,4,2,4,3,2,0,4298,4590,2351,2643,10,0,4348,4574,2386,2612,9,1,4348,4562,2403,2617
_DSC8788.tif,2,4,2,4,4,2,0,4280,4590,2583,2893,10,0,4374,4554,2644,2824,9,1,4348,4562,2627,2841
_DSC8788.tif,2,4,2,4,5,2,3,4705,5005,2536,2836,10,3,4754,4992,2563,2801,9,3,4726,4964,2568,2806
_DSC8788.tif,2,4,2,4,6,2,,,,,,10,1,4900,5116,2344,2560,9,1,4904,5110,2332,2538
_DSC8788.tif,2,4,2,4,7,2,0,4713,4955,2200,2442,10,1,4744,4930,2240,2426,9,1,4720,4956,2195,2431
_DSC8788.tif,2,4,2,4,8,2,0,4744,5002,1969,2227,10,0,4770,4998,1981,2209,9,0,4750,4956,1962,2168
_DSC9258.tif,3,4,1,1,1,5,,,,,,8,5,772,1044,306,578,2,4,823,1007,370,554
_DSC9258.tif,3,4,1,1,2,5,5,802,1016,328,542,8,1,674,934,550,810,2,2,686,952,569,835
_DSC9258.tif,3,4,1,1,3,5,3,686,924,561,799,8,0,738,1036,838,1136,2,0,724,1016,882,1174
_DSC9258.tif,3,4,1,1,4,5,0,686,1032,854,1200,8,5,1144,1486,629,971,2,5,1209,1483,654,928
_DSC9258.tif,3,4,1,1,5,5,6,1226,1464,681,919,8,0,1074,1372,357,655,2,0,1068,1372,388,692
_DSC9258.tif,3,4,1,2,1,5,0,1061,1359,362,660,8,5,1956,2240,195,479,2,4,1962,2210,289,537
_DSC9258.tif,3,4,1,2,2,5,4,1978,2182,293,497,8,4,1778,2082,382,686,2,3,1842,2076,443,677
_DSC9258.tif,3,4,1,2,3,5,4,1840,2048,457,665,8,0,1702,2032,731,1061,2,0,1724,2034,744,1054
_DSC9258.tif,3,4,1,2,4,5,0,1713,2031,710,1028,8,5,2268,2536,622,890,2,5,2240,2488,629,877
_DSC9258.tif,3,4,1,2,5,5,6,2259,2477,666,884,8,0,2260,2552,325,617,2,0,2234,2476,346,588
_DSC9258.tif,3,4,1,3,1,5,0,2180,2452,308,580,8,0,3212,3344,370,502,2,0,3196,3374,350,528
_DSC9258.tif,3,4,1,3,2,5,0,3188,3358,338,508,8,6,3180,3396,508,724,2,5,3168,3376,538,746
_DSC9258.tif,3,4,1,3,3,5,6,3169,3361,532,724,8,0,3183,3361,750,928,2,1,3148,3370,728,950
_DSC9258.tif,3,4,1,3,4,5,1,3144,3338,739,933,8,0,3452,3682,609,839,2,0,3449,3639,630,820
_DSC9258.tif,3,4,1,3,5,5,0,3445,3615,640,810,8,4,3376,3662,372,658,2,4,3398,3628,400,630
_DSC9258.tif,3,4,1,4,1,5,5,3430,3598,432,600,8,0,4015,4275,236,496,2,0,4053,4287,262,496
_DSC9258.tif,3,4,1,4,2,5,0,4054,4286,254,486,8,5,3916,4208,458,750,2,5,3915,4189,470,744
_DSC9258.tif,3,4,1,4,3,5,5,3956,4150,502,696,8,0,3878,4202,794,1118,2,1,3954,4252,762,1060
_DSC9258.tif,3,4,1,4,4,5,0,3939,4217,750,1028,8,0,4404,4786,718,1100,2,0,4360,4684,760,1084
_DSC9258.tif,3,4,1,4,5,5,0,4348,4676,764,1092,8,4,4319,4669,330,680,2,4,4361,4645,414,698
_DSC9258.tif,3,4,2,1,1,5,6,4371,4609,448,686,8,6,762,1016,1524,1778,2,6,768,1016,1530,1778
_DSC9258.tif,3,4,2,1,2,5,6,779,997,1528,1746,8,0,660,940,1704,1984,2,0,636,928,1755,2047
_DSC9258.tif,3,4,2,1,3,5,0,620,898,1756,2034,8,2,610,882,2035,2307,2,2,624,858,2070,2304
_DSC9258.tif,3,4,2,1,4,5,4,613,871,2058,2316,8,0,1086,1314,1933,2161,2,0,1054,1308,1965,2219
_DSC9258.tif,3,4,2,1,5,5,2,1042,1314,1962,2234,8,0,952,1378,1621,2047,2,0,997,1251,1682,1936
_DSC9258.tif,3,4,2,2,1,5,0,1002,1260,1662,1920,8,5,1885,2089,1530,1734,2,5,1831,2085,1504,1758
_DSC9258.tif,3,4,2,2,2,5,6,1846,2074,1496,1724,8,0,1752,2088,1752,2088,2,0,1778,2064,1739,2025
_DSC9258.tif,3,4,2,2,3,5,0,1772,2036,1750,2014,8,2,1834,2108,2030,2304,2,2,1796,2082,2025,2311
_DSC9258.tif,3,4,2,2,4,5,3,1793,2051,2034,2292,8,3,2234,2546,1837,2149,2,3,2240,2514,1907,2181
_DSC9258.tif,3,4,2,2,5,5,3,2232,2480,1937,2185,8,0,2165,2337,1606,1778,2,0,2157,2463,1580,1886
_DSC9258.tif,3,4,2,3,1,5,0,2127,2465,1552,1890,8,0,3294,3536,1412,1654,2,0,3260,3564,1448,1752
_DSC9258.tif,3,4,2,3,2,5,0,3278,3546,1434,1702,8,5,3160,3422,1720,1982,2,5,3130,3428,1696,1994
_DSC9258.tif,3,4,2,3,3,5,6,3144,3392,1711,1959,8,0,3098,3484,1965,2351,2,0,3199,3479,1968,2248
_DSC9258.tif,3,4,2,3,4,5,0,3198,3452,1971,2225,8,3,3688,3898,1787,1997,2,3,3652,3900,1764,2012
_DSC9258.tif,3,4,2,3,5,5,4,3640,3878,1776,2014,8,2,3553,3805,1512,1764,2,2,3535,3815,1498,1778
_DSC9258.tif,3,4,2,4,1,5,3,3536,3798,1484,1746,8,0,4151,4361,1530,1740,2,0,4158,4398,1550,1790
_DSC9258.tif,3,4,2,4,2,5,0,4131,4369,1512,1750,8,3,4144,4360,1794,2010,2,4,4088,4360,1762,2034
_DSC9258.tif,3,4,2,4,3,5,4,4076,4348,1761,2033,8,0,4211,4427,2044,2260,2,0,4138,4424,2012,2298
_DSC9258.tif,3,4,2,4,4,5,1,4140,4418,2018,2296,8,2,4512,4748,1869,2105,2,2,4434,4726,1880,2172
_DSC9258.tif,3,4,2,4,5,5,2,4448,4730,1898,2180,8,2,4404,4626,1609,1831,2,2,4418,4672,1556,1810
_DSC9258.tif,3,4,3,1,1,5,3,4388,4666,1548,1826,8,,,,,,2,,,,,
_DSC9258.tif,3,4,3,2,1,5,4,2034,2256,2698,2920,8,4,2050,2248,2688,2886,2,4,2056,2260,2729,2933
_DSC9258.tif,3,4,3,2,2,5,0,1904,2148,2957,3201,8,0,1888,2124,2964,3200,2,0,1898,2172,2929,3203
_DSC9258.tif,3,4,3,2,3,5,5,1991,2219,3198,3426,8,4,1886,2286,3135,3535,2,4,1942,2234,3180,3472
_DSC9258.tif,3,4,3,2,4,5,0,2301,2633,3070,3402,8,0,2400,2596,3117,3313,2,0,2295,2625,3054,3384
_DSC9258.tif,3,4,3,2,5,5,6,2253,2463,2796,3006,8,5,2298,2546,2780,3028,2,3,2250,2492,2780,3022
_DSC9258.tif,3,4,3,3,1,5,4,2930,3134,2802,3006,8,2,2964,3136,2818,2990,2,2,2920,3160,2800,3040
_DSC9258.tif,3,4,3,3,2,5,0,2814,3032,2990,3208,8,0,2800,3016,3005,3221,2,0,2812,3046,2996,3230
_DSC9258.tif,3,4,3,3,3,5,5,2919,3151,3214,3446,8,3,2908,3168,3187,3447,2,3,2914,3148,3200,3434
_DSC9258.tif,3,4,3,3,4,5,0,3214,3480,3120,3386,8,0,3266,3450,3130,3314,2,0,3211,3497,3098,3384
_DSC9258.tif,3,4,3,3,5,5,3,3168,3452,2788,3072,8,3,3170,3488,2780,3098,2,3,3170,3444,2792,3066
_DSC9259.tif,3,4,1,1,1,6,2,1342,1548,298,504,3,,,,,,5,4,1335,1557,284,506
_DSC9259.tif,3,4,1,1,2,6,1,1304,1514,573,783,3,3,1328,1546,270,488,5,2,1260,1498,529,767
_DSC9259.tif,3,4,1,1,3,6,0,1316,1542,781,1007,3,2,1260,1476,554,770,5,0,1304,1504,799,999
_DSC9259.tif,3,4,1,1,4,6,4,1646,1912,599,865,3,0,1331,1547,774,990,5,6,1682,1870,655,843
_DSC9259.tif,3,4,1,1,5,6,0,1626,1884,374,632,3,4,1698,1878,636,816,5,0,1608,1860,381,633
_DSC9259.tif,3,4,1,2,1,6,5,2222,2426,232,436,3,0,1677,1851,414,588,5,6,2231,2431,258,458
_DSC9259.tif,3,4,1,2,2,6,3,2173,2403,458,688,3,5,2203,2415,238,450,5,4,2145,2393,448,696
_DSC9259.tif,3,4,1,2,3,6,0,2136,2388,760,1012,3,3,2164,2380,459,675,5,0,2082,2400,744,1062
_DSC9259.tif,3,4,1,2,4,6,4,2520,2764,636,880,3,0,2137,2337,768,968,5,5,2512,2760,646,894
_DSC9259.tif,3,4,1,2,5,6,0,2512,2758,314,560,3,4,2512,2740,665,893,5,0,2454,2748,258,552
_DSC9259.tif,3,4,1,3,1,6,0,3134,3398,229,493,3,0,2507,2719,318,530,5,0,3188,3396,234,442
_DSC9259.tif,3,4,1,3,2,6,3,3148,3346,470,668,3,0,3222,3402,238,418,5,4,3138,3352,459,673
_DSC9259.tif,3,4,1,3,3,6,0,3108,3358,725,975,3,3,3132,3338,455,661,5,0,3090,3372,740,1022
_DSC9259.tif,3,4,1,3,4,6,0,3564,3794,640,870,3,0,3137,3353,742,958,5,0,3536,3838,537,839
_DSC9259.tif,3,4,1,3,5,6,4,3464,3682,305,523,3,0,3560,3818,520,778,5,6,3441,3705,268,532
_DSC9259.tif,3,4,1,4,1,6,0,4118,4318,324,524,3,0,4194,4358,339,503,5,0,4175,4367,304,496
_DSC9259.tif,3,4,1,4,2,6,5,4086,4264,487,665,3,5,4094,4284,517,707,5,6,4096,4294,494,692
_DSC9259.tif,3,4,1,4,3,6,1,4118,4356,695,933,3,2,4146,4326,739,919,5,2,4135,4355,704,924
_DSC9259.tif,3,4,1,4,4,6,0,4442,4660,622,840,3,0,4442,4638,614,810,5,0,4438,4706,620,888
_DSC9259.tif,3,4,1,4,5,6,5,4406,4638,358,590,3,4,4392,4620,376,604,5,6,4408,4612,375,579
_DSC9259.tif,3,4,2,1,1,6,5,1260,1478,1390,1608,3,4,1270,1466,1399,1595,5,6,1283,1465,1390,1572
_DSC9259.tif,3,4,2,1,2,6,0,1178,1390,1597,1809,3,0,1196,1396,1596,1796,5,0,1186,1414,1578,1806
_DSC9259.tif,3,4,2,1,3,6,1,1152,1390,1812,2050,3,5,1106,1386,1820,2100,5,2,1132,1374,1833,2075
_DSC9259.tif,3,4,2,1,4,6,2,1554,1806,1729,1981,3,5,1577,1799,1740,1962,5,3,1567,1795,1732,1960
_DSC9259.tif,3,4,2,1,5,6,0,1528,1780,1421,1673,3,0,1534,1752,1484,1702,5,0,1508,1736,1464,1692
_DSC9259.tif,3,4,2,2,1,6,6,2202,2388,1438,1624,3,5,2225,2409,1450,1634,5,6,2231,2405,1434,1608
_DSC9259.tif,3,4,2,2,2,6,0,2168,2334,1604,1770,3,0,2164,2344,1593,1773,5,0,2172,2370,1578,1776
_DSC9259.tif,3,4,2,2,3,6,1,2149,2361,1746,1958,3,2,2154,2348,1786,1980,5,2,2165,2369,1780,1984
_DSC9259.tif,3,4,2,2,4,6,0,2434,2692,1736,1994,3,0,2466,2630,1804,1968,5,1,2450,2688,1771,2009
_DSC9259.tif,3,4,2,2,5,6,0,2426,2672,1510,1756,3,0,2450,2644,1562,1756,5,0,2440,2658,1532,1750
_DSC9259.tif,3,4,2,3,1,6,0,3154,3392,1399,1637,3,0,3203,3383,1396,1576,5,0,3168,3396,1375,1603
_DSC9259.tif,3,4,2,3,2,6,4,3048,3266,1614,1832,3,3,3074,3290,1648,1864,5,4,3044,3308,1609,1873
_DSC9259.tif,3,4,2,3,3,6,0,3117,3361,1878,2122,3,0,3105,3363,1868,2126,5,0,3102,3390,1874,2162
_DSC9259.tif,3,4,2,3,4,6,3,3544,3794,1737,1987,3,2,3560,3782,1752,1974,5,3,3518,3796,1726,2004
_DSC9259.tif,3,4,2,3,5,6,3,3478,3702,1442,1666,3,3,3475,3719,1428,1672,5,4,3468,3732,1418,1682
_DSC9259.tif,3,4,2,4,1,6,0,4158,4430,1259,1531,3,0,4210,4390,1299,1479,5,0,4184,4418,1258,1492
_DSC9259.tif,3,4,2,4,2,6,3,4000,4270,1499,1769,3,3,4004,4242,1530,1768,5,4,4002,4250,1517,1765
_DSC9259.tif,3,4,2,4,3,6,0,4086,4344,1750,2008,3,0,4088,4384,1730,2026,5,0,4076,4338,1756,2018
_DSC9259.tif,3,4,2,4,4,6,4,4493,4711,1620,1838,3,3,4516,4728,1624,1836,5,4,4497,4731,1626,1860
_DSC9259.tif,3,4,2,4,5,6,4,4476,4674,1399,1597,3,3,4464,4654,1408,1598,5,4,4482,4696,1404,1618
_DSC9259.tif,3,4,3,2,1,6,1,2030,2302,2516,2788,3,1,2097,2293,2576,2772,5,1,2078,2306,2544,2772
_DSC9259.tif,3,4,3,2,2,6,0,1970,2236,2849,3115,3,0,1994,2196,2853,3055,5,0,1981,2225,2826,3070
_DSC9259.tif,3,4,3,2,3,6,3,1970,2222,3170,3422,3,3,1952,2206,3186,3440,5,3,1954,2232,3166,3444
_DSC9259.tif,3,4,3,2,4,6,0,2434,2698,3101,3365,3,0,2417,2649,2978,3210,5,0,2381,2733,2966,3318
_DSC9259.tif,3,4,3,2,5,6,2,2368,2672,2602,2906,3,2,2380,2586,2674,2880,5,2,2360,2598,2646,2884
_DSC9259.tif,3,4,3,3,1,6,1,3058,3322,2540,2804,3,1,3097,3287,2576,2766,5,2,3090,3332,2550,2792
_DSC9259.tif,3,4,3,3,2,6,0,2953,3217,2790,3054,3,0,3004,3222,2840,3058,5,0,2966,3268,2782,3084
_DSC9259.tif,3,4,3,3,3,6,2,2962,3260,3087,3385,3,2,2994,3226,3182,3414,5,3,2968,3270,3130,3432
_DSC9259.tif,3,4,3,3,4,6,0,3452,3710,2989,3247,3,0,3490,3756,2919,3185,5,0,3445,3751,2892,3198
_DSC9259.tif,3,4,3,3,5,6,1,3412,3662,2586,2836,3,1,3380,3644,2592,2856,5,2,3384,3642,2578,2836
_DSC9260.tif,3,4,1,2,1,2,2,2146,2386,452,692,10,3,2148,2370,453,675,9,2,2182,2364,485,667
_DSC9260.tif,3,4,1,2,2,2,0,2108,2374,671,937,10,0,2126,2370,673,917,9,0,2132,2336,702,906
_DSC9260.tif,3,4,1,2,3,2,3,2140,2394,918,1172,10,4,2158,2386,928,1156,9,3,2168,2380,927,1139
_DSC9260.tif,3,4,1,2,4,2,2,2456,2698,775,1017,10,3,2470,2682,788,1000,9,3,2482,2672,788,978
_DSC9260.tif,3,4,1,2,5,2,1,2403,2649,484,730,10,2,2413,2619,482,688,9,1,2422,2628,520,726
_DSC9260.tif,3,4,1,3,1,2,4,3160,3408,470,718,10,4,3182,3420,476,714,9,4,3199,3371,506,678
_DSC9260.tif,3,4,1,3,2,2,0,3098,3344,700,946,10,0,3120,3312,743,935,9,0,3144,3294,764,914
_DSC9260.tif,3,4,1,3,3,2,4,3174,3452,909,1187,10,4,3210,3416,934,1140,9,4,3214,3412,930,1128
_DSC9260.tif,3,4,1,3,4,2,5,3503,3783,768,1048,10,4,3496,3744,795,1043,9,4,3529,3743,780,994
_DSC9260.tif,3,4,1,3,5,2,6,3426,3694,470,738,10,4,3451,3647,508,704,9,4,3482,3664,524,706
_DSC9260.tif,3,4,2,1,1,2,0,864,1168,1407,1711,10,0,882,1162,1434,1714,9,0,898,1112,1466,1680
_DSC9260.tif,3,4,2,1,2,2,4,830,1108,1702,1980,10,4,842,1100,1717,1975,9,3,836,1104,1714,1982
_DSC9260.tif,3,4,2,1,3,2,2,870,1144,1930,2204,10,3,910,1112,1946,2148,9,2,919,1115,2002,2198
_DSC9260.tif,3,4,2,1,4,2,1,1238,1542,1879,2183,10,1,1243,1523,1900,2180,9,1,1284,1482,1914,2112
_DSC9260.tif,3,4,2,1,5,2,2,1200,1486,1486,1772,10,2,1244,1460,1514,1730,9,2,1210,1462,1514,1766
_DSC9260.tif,3,4,2,2,1,2,0,1983,2295,1396,1708,10,0,2026,2212,1457,1643,9,0,2048,2214,1474,1640
_DSC9260.tif,3,4,2,2,2,2,4,1936,2196,1708,1968,10,3,1968,2174,1730,1936,9,4,1954,2160,1726,1932
_DSC9260.tif,3,4,2,2,3,2,3,1962,2202,1968,2208,10,3,1943,2203,1946,2206,9,3,2002,2168,1998,2164
_DSC9260.tif,3,4,2,2,4,2,3,2368,2596,1781,2009,10,3,2388,2590,1798,2000,9,3,2392,2566,1812,1986
_DSC9260.tif,3,4,2,2,5,2,2,2280,2532,1512,1764,10,3,2299,2531,1514,1746,9,2,2316,2490,1548,1722
_DSC9260.tif,3,4,2,3,1,2,4,3091,3383,1530,1822,10,4,3104,3342,1555,1793,9,4,3120,3348,1569,1797
_DSC9260.tif,3,4,2,3,2,2,4,2967,3215,1764,2012,10,4,2978,3190,1794,2006,9,4,2994,3184,1800,1990
_DSC9260.tif,3,4,2,3,3,2,2,3097,3313,1962,2178,10,3,3116,3306,1963,2153,9,2,3128,3286,2006,2164
_DSC9260.tif,3,4,2,3,4,2,2,3422,3650,1857,2085,10,4,3431,3657,1842,2068,9,3,3444,3624,1876,2056
_DSC9260.tif,3,4,2,3,5,2,0,3402,3656,1550,1804,10,0,3404,3668,1530,1794,9,0,3431,3635,1600,1804
_DSC9260.tif,3,4,2,4,1,2,6,4176,4450,1409,1683,10,6,4201,4435,1428,1662,9,4,4214,4420,1450,1656
_DSC9260.tif,3,4,2,4,2,2,4,4084,4370,1714,2000,10,5,4104,4332,1749,1977,9,3,4128,4340,1770,1982
_DSC9260.tif,3,4,2,4,3,2,1,4226,4474,1949,2197,10,3,4268,4458,1976,2166,9,1,4230,4466,1943,2179
_DSC9260.tif,3,4,2,4,4,2,3,4620,4900,1748,2028,10,4,4653,4895,1768,2010,9,3,4648,4852,1781,1985
_DSC9260.tif,3,4,2,4,5,2,0,4488,4786,1474,1772,10,0,4514,4778,1444,1708,9,0,4554,4758,1514,1718
_DSC9260.tif,3,4,3,1,1,2,4,1042,1308,2505,2771,10,4,1058,1254,2541,2737,9,5,1088,1262,2540,2714
_DSC9260.tif,3,4,3,1,2,2,2,940,1200,2710,2970,10,2,980,1190,2720,2930,9,2,1001,1159,2774,2932
_DSC9260.tif,3,4,3,1,3,2,2,920,1226,2970,3276,10,2,952,1202,2996,3246,9,2,970,1166,3026,3222
_DSC9260.tif,3,4,3,1,4,2,0,1366,1644,2940,3218,10,1,1392,1614,2944,3166,9,0,1410,1608,2950,3148
_DSC9260.tif,3,4,3,1,5,2,5,1310,1552,2704,2946,10,5,1312,1524,2718,2930,9,4,1348,1498,2766,2916
_DSC9260.tif,3,4,3,2,1,2,4,1974,2222,2618,2866,10,4,1989,2211,2630,2852,9,4,2037,2179,2686,2828
_DSC9260.tif,3,4,3,2,2,2,3,1895,2123,2850,3078,10,4,1923,2103,2878,3058,9,4,1938,2104,2896,3062
_DSC9260.tif,3,4,3,2,3,2,3,1942,2178,3037,3273,10,3,1978,2154,3062,3238,9,3,1986,2152,3064,3230
_DSC9260.tif,3,4,3,2,4,2,0,2272,2558,2939,3225,10,1,2318,2518,2950,3150,9,0,2332,2498,2970,3136
_DSC9260.tif,3,4,3,2,5,2,4,2253,2495,2716,2958,10,5,2254,2466,2718,2930,9,4,2282,2478,2742,2938
_DSC9260.tif,3,4,3,3,1,2,4,3107,3361,2476,2730,10,4,3117,3329,2486,2698,9,4,3149,3305,2530,2686
_DSC9260.tif,3,4,3,3,2,2,2,3037,3323,2704,2990,10,4,3062,3296,2734,2968,9,3,3073,3301,2734,2962
_DSC9260.tif,3,4,3,3,3,2,0,3002,3306,2981,3285,10,1,3030,3280,3011,3261,9,0,3026,3254,3014,3242
_DSC9260.tif,3,4,3,3,4,2,4,3390,3726,2828,3164,10,4,3435,3685,2866,3116,9,3,3475,3655,2908,3088
_DSC9260.tif,3,4,3,3,5,2,4,3367,3645,2578,2856,10,4,3380,3624,2599,2843,9,4,3415,3589,2632,2806
_DSC9260.tif,3,4,3,4,1,2,1,4246,4512,2581,2847,10,2,4262,4480,2597,2815,9,1,4270,4452,2632,2814
_DSC9260.tif,3,4,3,4,2,2,2,4132,4436,2800,3104,10,3,4168,4384,2830,3046,9,2,4176,4372,2853,3049
_DSC9260.tif,3,4,3,4,3,2,0,4226,4512,3018,3304,10,1,4258,4474,3039,3255,9,0,4262,4466,3041,3245
_DSC9260.tif,3,4,3,4,4,2,2,4576,4824,2929,3177,10,2,4599,4811,2946,3158,9,2,4594,4806,2935,3147
_DSC9260.tif,3,4,3,4,5,2,2,4541,4833,2634,2926,10,2,4564,4786,2666,2888,9,2,4585,4783,2702,2900
_DSC9261.tif,3,4,1,2,1,8,4,1994,2266,354,626,2,4,2000,2248,362,610,10,4,2006,2254,350,598
_DSC9261.tif,3,4,1,2,2,8,0,1799,2117,584,902,2,0,1822,2134,610,922,10,0,1862,2106,619,863
_DSC9261.tif,3,4,1,2,3,8,4,1936,2248,867,1179,2,4,1962,2260,896,1194,10,4,1990,2238,914,1162
_DSC9261.tif,3,4,1,2,4,8,3,2336,2590,778,1032,2,3,2336,2616,758,1038,10,3,2338,2614,744,1020
_DSC9261.tif,3,4,1,2,5,8,4,2292,2558,407,673,2,3,2276,2550,394,668,10,3,2304,2520,398,614
_DSC9261.tif,3,4,1,3,1,8,3,2958,3186,435,663,2,3,2935,3177,426,668,10,3,2988,3190,455,657
_DSC9261.tif,3,4,1,3,2,8,0,2844,3110,674,940,2,0,2844,3110,668,934,10,0,2851,3079,656,884
_DSC9261.tif,3,4,1,3,3,8,3,2908,3218,870,1180,2,3,2894,3154,899,1159,10,3,2928,3154,906,1132
_DSC9261.tif,3,4,1,3,4,8,5,3313,3541,674,902,2,6,3288,3536,654,902,10,5,3316,3522,672,878
_DSC9261.tif,3,4,1,3,5,8,5,3186,3446,432,692,2,5,3187,3441,432,686,10,4,3184,3412,448,676
_DSC9261.tif,3,4,2,1,1,8,2,776,1036,1464,1724,2,2,800,1028,1448,1676,10,1,816,1026,1458,1668
_DSC9261.tif,3,4,2,1,2,8,5,642,952,1594,1904,2,6,686,928,1657,1899,10,5,704,916,1653,1865
_DSC9261.tif,3,4,2,1,3,8,4,768,1068,1814,2114,2,3,814,1054,1842,2082,10,3,835,1027,1856,2048
_DSC9261.tif,3,4,2,1,4,8,3,1106,1334,1743,1971,2,3,1130,1340,1746,1956,10,3,1100,1350,1724,1974
_DSC9261.tif,3,4,2,1,5,8,4,1065,1305,1474,1714,2,4,1054,1322,1466,1734,10,4,1059,1297,1460,1698
_DSC9261.tif,3,4,2,2,1,8,1,1740,1994,1454,1708,2,0,1749,2009,1436,1696,10,0,1756,2020,1427,1691
_DSC9261.tif,3,4,2,2,2,8,4,1626,1904,1683,1961,2,5,1653,1915,1688,1950,10,4,1662,1894,1706,1938
_DSC9261.tif,3,4,2,2,3,8,5,1644,1936,1879,2171,2,4,1688,1936,1917,2165,10,3,1693,1937,1904,2148
_DSC9261.tif,3,4,2,2,4,8,5,2044,2348,1715,2019,2,4,2064,2336,1740,2012,10,3,2066,2336,1730,2000
_DSC9261.tif,3,4,2,2,5,8,5,1974,2266,1454,1746,2,4,2010,2270,1480,1740,10,4,2006,2244,1479,1717
_DSC9261.tif,3,4,2,3,1,8,6,3046,3276,1470,1700,2,6,3002,3268,1451,1717,10,6,3046,3258,1468,1680
_DSC9261.tif,3,4,2,3,2,8,5,2905,3133,1682,1910,2,5,2911,3133,1688,1910,10,5,2930,3132,1698,1900
_DSC9261.tif,3,4,2,3,3,8,4,2970,3230,1848,2108,2,3,3002,3224,1857,2079,10,4,3004,3238,1835,2069
_DSC9261.tif,3,4,2,3,4,8,2,3344,3548,1853,2057,2,3,3314,3542,1863,2091,10,3,3345,3557,1856,2068
_DSC9261.tif,3,4,2,3,5,8,1,3357,3549,1580,1772,2,0,3316,3570,1562,1816,10,0,3338,3576,1564,1802
_DSC9261.tif,3,4,2,4,1,8,5,4056,4304,1260,1508,2,5,4074,4304,1282,1512,10,4,4072,4306,1267,1501
_DSC9261.tif,3,4,2,4,2,8,2,3866,4164,1486,1784,2,3,3882,4160,1512,1790,10,2,3892,4158,1518,1784
_DSC9261.tif,3,4,2,4,3,8,1,3960,4208,1799,2047,2,0,3944,4236,1772,2064,10,0,3978,4216,1778,2016
_DSC9261.tif,3,4,2,4,4,8,3,4386,4672,1647,1933,2,3,4356,4624,1682,1950,10,3,4400,4602,1714,1916
_DSC9261.tif,3,4,2,4,5,8,0,4376,4606,1358,1588,2,0,4316,4608,1352,1644,10,0,4347,4595,1376,1624
_DSC9261.tif,3,4,3,1,1,8,3,788,990,2368,2570,2,4,782,1022,2356,2596,10,4,788,1006,2367,2585
_DSC9261.tif,3,4,3,1,2,8,5,654,876,2590,2812,2,4,641,903,2570,2832,10,3,662,874,2581,2793
_DSC9261.tif,3,4,3,1,3,8,2,630,914,2800,3084,2,4,660,908,2812,3060,10,3,665,913,2798,3046
_DSC9261.tif,3,4,3,1,4,8,0,1048,1352,2784,3088,2,0,1036,1340,2774,3078,10,0,1038,1354,2783,3099
_DSC9261.tif,3,4,3,1,5,8,3,1016,1358,2450,2792,2,4,1074,1334,2514,2774,10,3,1090,1350,2499,2759
_DSC9261.tif,3,4,3,2,1,8,4,1734,1924,2422,2612,2,5,1752,1950,2434,2632,10,4,1764,1966,2428,2630
_DSC9261.tif,3,4,3,2,2,8,4,1634,1838,2602,2806,2,5,1612,1842,2577,2807,10,5,1630,1810,2606,2786
_DSC9261.tif,3,4,3,2,3,8,3,1620,1866,2806,3052,2,2,1632,1892,2803,3063,10,4,1624,1852,2824,3052
_DSC9261.tif,3,4,3,2,4,8,0,2032,2286,2758,3012,2,0,2000,2240,2784,3024,10,0,2042,2274,2786,3018
_DSC9261.tif,3,4,3,2,5,8,4,1930,2184,2533,2787,2,5,1940,2212,2546,2818,10,5,1955,2177,2560,2782
_DSC9261.tif,3,4,3,3,1,8,1,3028,3294,2336,2602,2,2,3047,3301,2362,2616,10,2,3052,3300,2363,2611
_DSC9261.tif,3,4,3,3,2,8,2,2862,3192,2549,2879,2,2,2876,3180,2578,2882,10,2,2877,3147,2576,2846
_DSC9261.tif,3,4,3,3,3,8,0,2952,3238,2913,3199,2,0,3002,3276,2872,3146,10,0,2940,3184,2909,3153
_DSC9261.tif,3,4,3,3,4,8,3,3320,3644,2777,3101,2,3,3376,3656,2796,3076,10,3,3383,3625,2820,3062
_DSC9261.tif,3,4,3,3,5,8,3,3320,3598,2514,2792,2,3,3310,3622,2488,2800,10,3,3335,3595,2512,2772
_DSC9261.tif,3,4,3,4,1,8,6,4239,4469,2386,2616,2,6,4251,4481,2386,2616,10,5,4231,4469,2380,2618
_DSC9261.tif,3,4,3,4,2,8,4,4010,4316,2456,2762,2,4,4037,4303,2482,2748,10,3,4068,4284,2508,2724
_DSC9261.tif,3,4,3,4,3,8,0,4039,4337,2800,3098,2,0,4002,4306,2818,3122,10,0,4044,4302,2836,3094
_DSC9261.tif,3,4,3,4,4,8,5,4488,4772,2774,3058,2,5,4474,4740,2768,3034,10,5,4490,4722,2775,3007
_DSC9261.tif,3,4,3,4,5,8,4,4506,4760,2495,2749,2,5,4484,4750,2488,2754,10,5,4485,4755,2476,2746
_DSC9854.tif,2,4,1,1,1,2,4,451,699,458,706,10,4,456,668,476,688,9,5,494,682,490,678
_DSC9854.tif,2,4,1,1,2,2,1,295,671,698,1074,10,1,324,668,720,1064,9,1,364,624,780,1040
_DSC9854.tif,2,4,1,1,3,2,1,292,712,1051,1471,10,1,342,644,1084,1386,9,1,380,678,1093,1391
_DSC9854.tif,2,4,1,1,4,2,2,750,1086,994,1330,10,1,774,1038,1001,1265,9,1,772,1072,989,1289
_DSC9854.tif,2,4,1,1,5,2,0,680,1016,556,892,10,1,704,932,593,821,9,1,694,954,592,852
_DSC9854.tif,2,4,1,2,1,2,4,1585,1851,528,794,10,3,1592,1830,524,762,9,4,1616,1844,561,789
_DSC9854.tif,2,4,1,2,2,2,0,1384,1720,747,1083,10,0,1423,1693,800,1070,9,0,1426,1702,796,1072
_DSC9854.tif,2,4,1,2,3,2,0,1492,1860,1130,1498,10,1,1540,1820,1175,1455,9,0,1536,1812,1182,1458
_DSC9854.tif,2,4,1,2,4,2,2,1924,2254,1016,1346,10,2,1955,2247,1026,1318,9,1,1931,2237,986,1292
_DSC9854.tif,2,4,1,2,5,2,0,1863,2237,572,946,10,1,1894,2206,627,939,9,0,1908,2198,635,925
_DSC9854.tif,2,4,1,3,1,2,0,3002,3332,392,722,10,0,3052,3300,445,693,9,0,3026,3286,454,714
_DSC9854.tif,2,4,1,3,2,2,3,2882,3174,715,1007,10,2,2935,3153,762,980,9,4,2946,3128,784,966
_DSC9854.tif,2,4,1,3,3,2,0,2964,3344,972,1352,10,1,3004,3306,990,1292,9,0,2994,3340,974,1320
_DSC9854.tif,2,4,1,3,4,2,0,3440,3814,896,1270,10,1,3496,3802,930,1236,9,0,3450,3758,906,1214
_DSC9854.tif,2,4,1,3,5,2,3,3323,3703,490,870,10,4,3345,3663,498,816,9,3,3372,3718,529,875
_DSC9854.tif,2,4,1,4,1,2,0,4208,4530,376,698,10,0,4234,4498,408,672,9,0,4234,4486,434,686
_DSC9854.tif,2,4,1,4,2,2,3,4144,4486,718,1060,10,2,4186,4466,742,1022,9,2,4192,4428,777,1013
_DSC9854.tif,2,4,1,4,3,2,0,4142,4534,1068,1460,10,1,4202,4466,1132,1396,9,0,4207,4467,1104,1364
_DSC9854.tif,2,4,1,4,4,2,0,4684,5058,886,1260,10,1,4715,5005,900,1190,9,0,4712,5010,911,1209
_DSC9854.tif,2,4,1,4,5,2,3,4553,4929,476,852,10,2,4564,4886,496,818,9,3,4562,4916,470,824
_DSC9854.tif,2,4,2,1,1,2,5,449,733,2178,2462,10,4,476,720,2203,2447,9,4,498,702,2227,2431
_DSC9854.tif,2,4,2,1,2,2,3,302,652,2424,2774,10,4,344,624,2446,2726,9,2,308,616,2454,2762
_DSC9854.tif,2,4,2,1,3,2,4,344,692,2755,3103,10,4,400,648,2788,3036,9,3,402,638,2782,3018
_DSC9854.tif,2,4,2,1,4,2,2,814,1136,2607,2929,10,3,869,1127,2624,2882,9,2,888,1092,2648,2852
_DSC9854.tif,2,4,2,1,5,2,0,776,1092,2251,2567,10,0,813,1061,2280,2528,9,0,836,1064,2293,2521
_DSC9854.tif,2,4,2,2,1,2,3,1504,1796,2094,2386,10,3,1542,1776,2126,2360,9,4,1536,1766,2139,2369
_DSC9854.tif,2,4,2,2,2,2,0,1355,1711,2412,2768,10,0,1405,1675,2454,2724,9,0,1418,1648,2493,2723
_DSC9854.tif,2,4,2,2,3,2,3,1436,1726,2762,3052,10,3,1460,1730,2761,3031,9,3,1466,1726,2798,3058
_DSC9854.tif,2,4,2,2,4,2,1,1910,2260,2548,2898,10,1,1932,2248,2566,2882,9,1,1974,2218,2600,2844
_DSC9854.tif,2,4,2,2,5,2,0,1794,2130,2190,2526,10,1,1791,2119,2200,2528,9,0,1816,2092,2254,2530
_DSC9854.tif,2,4,2,3,1,2,0,2932,3276,2094,2438,10,0,2991,3271,2138,2418,9,0,3002,3206,2152,2356
_DSC9854.tif,2,4,2,3,2,2,2,2748,3098,2370,2720,10,1,2770,3086,2392,2708,9,1,2766,3034,2415,2683
_DSC9854.tif,2,4,2,3,3,2,0,2844,3206,2704,3066,10,1,2889,3153,2740,3004,9,0,2884,3136,2746,2998
_DSC9854.tif,2,4,2,3,4,2,3,3320,3644,2666,2990,10,3,3332,3602,2700,2970,9,2,3352,3612,2702,2962
_DSC9854.tif,2,4,2,3,5,2,0,3276,3606,2301,2631,10,0,3306,3592,2317,2603,9,0,3337,3573,2348,2584
_DSC9854.tif,2,4,2,4,1,2,0,4211,4565,2026,2380,10,0,4245,4547,2052,2354,9,0,4270,4562,2092,2384
_DSC9854.tif,2,4,2,4,2,2,2,3998,4404,2390,2796,10,2,4012,4356,2412,2756,9,2,4050,4340,2451,2741
_DSC9854.tif,2,4,2,4,3,2,0,3998,4424,2789,3215,10,1,4059,4345,2856,3142,9,0,4049,4365,2828,3144
_DSC9854.tif,2,4,2,4,4,2,4,4608,4976,2616,2984,10,4,4671,4935,2650,2914,9,4,4652,4912,2672,2932
_DSC9854.tif,2,4,2,4,5,2,1,4544,4912,2178,2546,10,2,4586,4892,2174,2480,9,1,4597,4857,2230,2490
_DSC9856.tif,2,4,1,1,1,8,0,490,800,493,803,2,0,508,826,477,795,10,0,550,778,535,763
_DSC9856.tif,2,4,1,1,2,8,0,312,622,776,1086,2,0,254,642,733,1121,10,0,308,604,758,1054
_DSC9856.tif,2,4,1,1,3,8,0,274,636,1168,1530,2,1,230,642,1112,1524,10,0,289,633,1138,1482
_DSC9856.tif,2,4,1,1,4,8,0,782,1276,966,1460,2,0,896,1270,1052,1426,10,0,922,1260,1067,1405
_DSC9856.tif,2,4,1,1,5,8,3,806,1150,711,1055,2,4,816,1146,738,1068,10,4,852,1112,762,1022
_DSC9856.tif,2,4,1,2,1,8,0,1774,2104,426,756,2,0,1784,2088,464,768,10,0,1802,2066,456,720
_DSC9856.tif,2,4,1,2,2,8,0,1572,1964,776,1168,2,0,1598,1952,782,1136,10,0,1616,1934,788,1106
_DSC9856.tif,2,4,1,2,3,8,1,1688,2094,1057,1463,2,2,1746,2094,1112,1460,10,2,1767,2079,1106,1418
_DSC9856.tif,2,4,1,2,4,8,0,2186,2510,972,1296,2,0,2180,2556,952,1328,10,1,2222,2518,995,1291
_DSC9856.tif,2,4,1,2,5,8,1,2177,2495,616,934,2,3,2196,2482,636,922,10,2,2244,2480,655,891
_DSC9856.tif,2,4,1,3,1,8,3,3376,3644,489,757,2,4,3344,3644,450,750,10,3,3386,3634,469,717
_DSC9856.tif,2,4,1,3,2,8,2,3116,3440,686,1010,2,,,,,,10,2,3187,3409,746,968
_DSC9856.tif,2,4,1,3,3,8,0,3182,3602,984,1404,2,0,3225,3631,1022,1428,10,0,3216,3586,1024,1394
_DSC9856.tif,2,4,1,3,4,8,2,3741,4135,1054,1448,2,1,3752,4144,1033,1425,10,1,3824,4120,1067,1363
_DSC9856.tif,2,4,1,3,5,8,0,3760,4122,622,984,2,0,3738,4106,626,994,10,1,3798,4088,668,958
_DSC9856.tif,2,4,1,4,1,8,4,4624,4908,446,730,2,5,4626,4880,458,712,10,4,4648,4876,447,675
_DSC9856.tif,2,4,1,4,2,8,0,4322,4728,734,1140,2,0,4354,4716,791,1153,10,0,4406,4680,834,1108
_DSC9856.tif,2,4,1,4,3,8,0,4538,4868,1159,1489,2,0,4506,4868,1114,1476,10,0,4527,4839,1112,1424
_DSC9856.tif,2,4,1,4,4,8,4,4932,5338,937,1343,2,4,4948,5302,998,1352,10,3,4988,5246,1030,1288
_DSC9856.tif,2,4,1,4,5,8,0,4861,5293,528,960,2,0,4915,5265,578,928,10,0,4927,5233,594,900
_DSC9856.tif,2,4,2,1,1,8,0,514,806,2234,2526,2,0,522,832,2248,2558,10,0,540,842,2224,2526
_DSC9856.tif,2,4,2,1,2,8,5,376,712,2511,2847,2,5,402,724,2540,2862,10,4,440,694,2573,2827
_DSC9856.tif,2,4,2,1,3,8,0,394,756,2806,3168,2,0,418,740,2832,3154,10,1,459,739,2846,3126
_DSC9856.tif,2,4,2,1,4,8,0,946,1212,2675,2941,2,0,947,1283,2672,3008,10,1,1006,1264,2680,2938
_DSC9856.tif,2,4,2,1,5,8,1,882,1200,2336,2654,2,0,892,1198,2348,2654,10,0,932,1218,2351,2637
_DSC9856.tif,2,4,2,2,1,8,0,1874,2178,2044,2348,2,0,1867,2183,2064,2380,10,0,1872,2180,2049,2357
_DSC9856.tif,2,4,2,2,2,8,3,1688,2056,2355,2723,2,3,1673,2015,2400,2742,10,3,1736,1978,2452,2694
_DSC9856.tif,2,4,2,2,3,8,0,1752,2152,2720,3120,2,0,1828,2190,2751,3113,10,1,1836,2164,2766,3094
_DSC9856.tif,2,4,2,2,4,8,0,2324,2692,2584,2952,2,0,2291,2653,2584,2946,10,1,2338,2608,2656,2926
_DSC9856.tif,2,4,2,2,5,8,2,2240,2654,2151,2565,2,2,2257,2587,2146,2476,10,2,2275,2545,2164,2434
_DSC9856.tif,2,4,2,3,1,8,3,3238,3630,2026,2418,2,2,3256,3592,2038,2374,10,2,3306,3564,2077,2335
_DSC9856.tif,2,4,2,3,2,8,0,3189,3583,2292,2686,2,0,3154,3542,2310,2698,10,1,3219,3499,2360,2640
_DSC9856.tif,2,4,2,3,3,8,4,3212,3636,2651,3075,2,4,3268,3586,2675,2993,10,3,3322,3554,2727,2959
_DSC9856.tif,2,4,2,3,4,8,0,3684,3970,2418,2704,2,0,3700,4024,2421,2745,10,1,3721,4007,2428,2714
_DSC9856.tif,2,4,2,3,5,8,0,3623,3923,2056,2356,2,0,3589,3925,2076,2412,10,1,3608,3866,2080,2338
_DSC9856.tif,2,4,2,4,1,8,4,4570,4862,2054,2346,2,3,4588,4880,2060,2352,10,4,4596,4886,2040,2330
_DSC9856.tif,2,4,2,4,2,8,0,4480,4760,2342,2622,2,0,4456,4748,2336,2628,10,1,4464,4792,2317,2645
_DSC9856.tif,2,4,2,4,3,8,5,4518,4868,2608,2958,2,4,4554,4820,2622,2888,10,3,4586,4818,2622,2854
_DSC9856.tif,2,4,2,4,4,8,0,5020,5388,2517,2885,2,1,5026,5370,2570,2914,10,1,5072,5358,2552,2838
_DSC9856.tif,2,4,2,4,5,8,0,4983,5287,2172,2476,2,0,4988,5318,2172,2502,10,1,4976,5316,2168,2508
_DSC9857.tif,1,4,1,1,1,6,0,378,656,1101,1379,3,0,434,698,1099,1363,5,,,,,
_DSC9857.tif,1,4,1,1,2,6,3,208,480,1494,1766,3,3,208,492,1488,1772,5,0,392,710,1054,1372
_DSC9857.tif,1,4,1,1,3,6,0,246,510,1872,2136,3,0,250,566,1918,2234,5,3,197,509,1488,1800
_DSC9857.tif,1,4,1,1,4,6,2,813,1079,1666,1932,3,1,804,1064,1677,1937,5,0,199,561,1874,2236
_DSC9857.tif,1,4,1,1,5,6,0,754,1006,1346,1598,3,0,710,968,1326,1584,5,2,800,1116,1668,1984
_DSC9857.tif,1,4,1,2,1,6,0,1818,2096,1025,1303,3,0,1900,2122,1091,1313,5,0,690,992,1323,1625
_DSC9857.tif,1,4,1,2,2,6,0,1686,1996,1316,1626,3,0,1730,1974,1376,1620,5,0,1856,2122,1025,1291
_DSC9857.tif,1,4,1,2,3,6,0,1648,1918,1700,1970,3,0,1672,1932,1730,1990,5,1,1739,2045,1340,1646
_DSC9857.tif,1,4,1,2,4,6,1,2242,2526,1515,1799,3,1,2228,2508,1534,1814,5,0,1659,1977,1706,2024
_DSC9857.tif,1,4,1,2,5,6,0,2162,2500,1177,1515,3,0,2206,2470,1262,1526,5,2,2213,2497,1542,1826
_DSC9857.tif,1,4,1,3,1,6,0,3306,3538,1052,1284,3,0,3311,3537,1054,1280,5,0,2168,2480,1233,1545
_DSC9857.tif,1,4,1,3,2,6,0,3159,3405,1322,1568,3,0,3168,3396,1328,1556,5,0,3262,3536,1009,1283
_DSC9857.tif,1,4,1,3,3,6,1,3111,3435,1620,1944,3,1,3145,3409,1646,1910,5,0,3144,3446,1285,1587
_DSC9857.tif,1,4,1,3,4,6,0,3729,3987,1554,1812,3,0,3702,3966,1539,1803,5,2,3124,3456,1602,1934
_DSC9857.tif,1,4,1,3,5,6,4,3639,3937,1144,1442,3,3,3647,3901,1190,1444,5,0,3651,3969,1498,1816
_DSC9857.tif,1,4,1,4,1,6,0,4422,4780,1006,1364,3,0,4496,4754,1020,1278,5,5,3644,3922,1178,1456
_DSC9857.tif,1,4,1,4,2,6,0,4344,4614,1360,1630,3,0,4317,4569,1382,1634,5,0,4468,4794,983,1309
_DSC9857.tif,1,4,1,4,3,6,0,4404,4740,1621,1957,3,0,4470,4734,1698,1962,5,0,4296,4634,1334,1672
_DSC9857.tif,1,4,1,4,4,6,0,4992,5296,1462,1766,3,0,4967,5273,1482,1788,5,0,4415,4807,1646,2038
_DSC9857.tif,1,4,1,4,5,6,3,4899,5209,1066,1376,3,2,4932,5200,1070,1338,5,0,4951,5333,1454,1836
_DSC9858.tif,2,4,1,1,1,8,3,584,806,715,937,2,2,604,788,741,925,10,2,609,805,720,916
_DSC9858.tif,2,4,1,1,2,8,5,420,680,833,1093,2,4,481,683,896,1098,10,3,466,672,877,1083
_DSC9858.tif,2,4,1,1,3,8,6,401,661,1068,1328,2,5,414,660,1080,1326,10,4,424,630,1074,1280
_DSC9858.tif,2,4,1,1,4,8,4,330,660,1264,1594,2,4,369,661,1276,1568,10,3,376,620,1283,1527
_DSC9858.tif,2,4,1,1,5,8,0,890,1124,1306,1540,2,0,890,1162,1296,1568,10,1,874,1138,1291,1555
_DSC9858.tif,2,4,1,1,6,8,5,1004,1320,1045,1361,2,5,1016,1296,1069,1349,10,4,1038,1280,1060,1302
_DSC9858.tif,2,4,1,1,7,8,6,890,1212,852,1174,2,6,914,1156,898,1140,10,4,913,1135,900,1122
_DSC9858.tif,2,4,1,1,8,8,4,794,1042,696,944,2,4,800,1048,692,940,10,4,816,1048,684,916
_DSC9858.tif,2,4,1,2,2,8,4,1638,1886,829,1077,2,5,1682,1892,838,1048,10,3,1682,1862,847,1027
_DSC9858.tif,2,4,1,2,3,8,6,1568,1898,966,1296,2,5,1600,1860,1029,1289,10,4,1621,1833,1022,1234
_DSC9858.tif,2,4,1,2,4,8,2,1588,1898,1261,1571,2,2,1620,1918,1280,1578,10,2,1661,1867,1334,1540
_DSC9858.tif,2,4,1,2,5,8,0,2098,2446,1258,1606,2,0,2158,2424,1302,1568,10,0,2148,2406,1315,1573
_DSC9858.tif,2,4,1,2,6,8,4,2120,2380,1038,1298,2,3,2146,2406,1042,1302,10,3,2158,2392,1047,1281
_DSC9858.tif,2,4,1,2,7,8,4,2044,2292,778,1026,2,4,2050,2310,785,1045,10,3,2080,2302,784,1006
_DSC9858.tif,2,4,1,2,8,8,4,1988,2190,627,829,2,4,1980,2158,655,833,10,3,1984,2148,662,826
_DSC9858.tif,2,4,1,3,1,8,3,3218,3466,575,823,2,5,3224,3452,601,829,10,4,3215,3449,582,816
_DSC9858.tif,2,4,1,3,2,8,0,3008,3320,756,1068,2,1,3062,3316,768,1022,10,1,3058,3306,781,1029
_DSC9858.tif,2,4,1,3,3,8,4,2938,3282,971,1315,2,5,3019,3265,1036,1282,10,5,3015,3269,1016,1270
_DSC9858.tif,2,4,1,3,4,8,3,3016,3390,1270,1644,2,4,3040,3344,1287,1591,10,4,3080,3350,1302,1572
_DSC9858.tif,2,4,1,3,5,8,3,3472,3840,1261,1629,2,4,3542,3796,1336,1590,10,3,3584,3790,1350,1556
_DSC9858.tif,2,4,1,3,6,8,0,3674,3948,1064,1338,2,0,3682,3954,1086,1358,10,1,3708,3914,1122,1328
_DSC9858.tif,2,4,1,3,7,8,4,3606,3898,813,1105,2,5,3592,3884,845,1137,10,4,3646,3848,868,1070
_DSC9858.tif,2,4,1,3,8,8,5,3522,3802,635,915,2,5,3522,3790,644,912,10,4,3530,3752,652,874
_DSC9858.tif,2,4,1,4,1,8,4,4468,4734,483,749,2,5,4474,4710,514,750,10,3,4488,4700,530,742
_DSC9858.tif,2,4,1,4,2,8,0,4258,4614,661,1017,2,0,4345,4605,744,1004,10,0,4361,4583,726,948
_DSC9858.tif,2,4,1,4,3,8,3,4253,4487,1004,1238,2,4,4272,4512,1020,1260,10,3,4284,4512,1000,1228
_DSC9858.tif,2,4,1,4,4,8,2,4266,4620,1220,1574,2,4,4284,4570,1248,1534,10,3,4308,4552,1248,1492
_DSC9858.tif,2,4,1,4,5,8,2,4710,5020,1321,1631,2,3,4716,5020,1321,1625,10,1,4750,5004,1342,1596
_DSC9858.tif,2,4,1,4,6,8,0,4895,5163,1028,1296,2,0,4894,5198,1016,1320,10,1,4914,5194,1014,1294
_DSC9858.tif,2,4,1,4,7,8,5,4792,5072,762,1042,2,6,4810,5096,772,1058,10,4,4827,5079,774,1026
_DSC9858.tif,2,4,1,4,8,8,5,4728,5040,509,821,2,5,4702,4970,546,814,10,4,4700,4942,546,788
_DSC9858.tif,2,4,2,1,1,8,4,668,908,2051,2291,2,5,660,908,2041,2289,10,5,694,900,2047,2253
_DSC9858.tif,2,4,2,1,2,8,4,496,768,2194,2466,2,4,528,768,2190,2430,10,4,574,770,2200,2396
_DSC9858.tif,2,4,2,1,3,8,0,394,718,2377,2701,2,0,394,706,2424,2736,10,0,450,720,2420,2690
_DSC9858.tif,2,4,2,1,4,8,2,514,788,2726,3000,2,3,484,762,2746,3024,10,1,540,768,2743,2971
_DSC9858.tif,2,4,2,1,5,8,2,934,1302,2720,3088,2,3,966,1244,2762,3040,10,2,984,1212,2772,3000
_DSC9858.tif,2,4,2,1,6,8,3,1048,1296,2504,2752,2,4,1048,1320,2514,2786,10,3,1093,1315,2540,2762
_DSC9858.tif,2,4,2,1,7,8,0,1004,1334,2171,2501,2,0,997,1295,2210,2508,10,0,1024,1304,2228,2508
_DSC9858.tif,2,4,2,1,8,8,4,922,1212,1972,2262,2,6,940,1182,1999,2241,10,4,958,1164,1987,2193
_DSC9858.tif,2,4,2,2,1,8,4,1854,2132,1988,2266,2,6,1866,2082,2032,2248,10,5,1875,2093,2036,2254
_DSC9858.tif,2,4,2,2,2,8,4,1530,1950,2142,2562,2,5,1626,1886,2196,2456,10,4,1634,1900,2181,2447
_DSC9858.tif,2,4,2,2,3,8,0,1600,1886,2399,2685,2,0,1612,1886,2431,2705,10,0,1620,1868,2434,2682
_DSC9858.tif,2,4,2,2,4,8,3,1726,2000,2672,2946,2,4,1696,1962,2663,2929,10,4,1714,1936,2688,2910
_DSC9858.tif,2,4,2,2,5,8,3,2076,2394,2602,2920,2,4,2088,2348,2628,2888,10,3,2110,2338,2637,2865
_DSC9858.tif,2,4,2,2,6,8,4,2142,2440,2348,2646,2,5,2190,2470,2386,2666,10,4,2198,2462,2386,2650
_DSC9858.tif,2,4,2,2,7,8,1,2222,2476,2136,2390,2,1,2228,2476,2152,2400,10,1,2274,2476,2158,2360
_DSC9858.tif,2,4,2,2,8,8,4,2032,2330,1931,2229,2,5,2114,2292,2009,2187,10,4,2127,2275,2026,2174
_DSC9858.tif,2,4,2,3,1,8,3,3154,3422,2011,2279,2,5,3174,3390,2038,2254,10,4,3165,3377,2036,2248
_DSC9858.tif,2,4,2,3,2,8,3,3002,3308,2164,2470,2,5,2990,3262,2228,2500,10,4,2989,3221,2238,2470
_DSC9858.tif,2,4,2,3,3,8,3,2824,3148,2418,2742,2,4,2862,3130,2459,2727,10,3,2888,3122,2454,2688
_DSC9858.tif,2,4,2,3,4,8,0,2914,3288,2701,3075,2,0,2876,3206,2758,3088,10,0,2934,3202,2762,3030
_DSC9858.tif,2,4,2,3,5,8,3,3408,3752,2703,3047,2,3,3452,3732,2720,3000,10,2,3493,3715,2740,2962
_DSC9858.tif,2,4,2,3,6,8,5,3522,3890,2384,2752,2,6,3560,3866,2446,2752,10,4,3592,3834,2474,2716
_DSC9858.tif,2,4,2,3,7,8,4,3528,3764,2215,2451,2,5,3510,3782,2206,2478,10,3,3533,3777,2222,2466
_DSC9858.tif,2,4,2,3,8,8,0,3408,3738,2006,2336,2,0,3402,3644,2040,2282,10,1,3417,3645,2026,2254
_DSC9858.tif,2,4,2,4,1,8,4,4383,4605,2088,2310,2,5,4348,4614,2089,2355,10,4,4363,4595,2106,2338
_DSC9858.tif,2,4,2,4,2,8,4,4196,4436,2324,2564,2,5,4182,4442,2330,2590,10,4,4213,4419,2338,2544
_DSC9858.tif,2,4,2,4,3,8,3,4120,4456,2514,2850,2,4,4135,4433,2552,2850,10,4,4189,4411,2582,2804
_DSC9858.tif,2,4,2,4,4,8,0,4252,4582,2774,3104,2,0,4243,4541,2806,3104,10,1,4277,4509,2804,3036
_DSC9858.tif,2,4,2,4,5,8,3,4678,5020,2707,3049,2,4,4672,4982,2723,3033,10,4,4712,4930,2772,2990
_DSC9858.tif,2,4,2,4,6,8,4,4836,5160,2494,2818,2,4,4830,5096,2505,2771,10,4,4850,5072,2524,2746
_DSC9858.tif,2,4,2,4,7,8,4,4773,5077,2172,2476,2,4,4772,5040,2243,2511,10,4,4810,5006,2280,2476
_DSC9858.tif,2,4,2,4,8,8,1,4626,4842,2031,2247,2,1,4652,4918,2034,2300,10,2,4691,4855,2080,2244
_DSC9859.tif,2,4,1,1,1,10,2,730,910,688,868,9,1,744,902,725,883,4,2,712,940,660,888
_DSC9859.tif,2,4,1,1,2,10,5,566,762,847,1043,9,5,604,788,867,1051,4,6,586,800,858,1072
_DSC9859.tif,2,4,1,1,3,10,5,508,742,1042,1276,9,5,534,712,1093,1271,4,6,510,722,1064,1276
_DSC9859.tif,2,4,1,1,4,10,3,601,829,1280,1508,9,3,598,782,1314,1498,4,4,572,804,1288,1520
_DSC9859.tif,2,4,1,1,5,10,0,990,1228,1289,1527,9,0,1003,1181,1308,1486,4,0,1008,1222,1304,1518
_DSC9859.tif,2,4,1,1,6,10,4,1087,1315,1042,1270,9,4,1108,1280,1060,1232,4,4,1092,1306,1036,1250
_DSC9859.tif,2,4,1,1,7,10,4,1048,1254,836,1042,9,5,1036,1238,858,1060,4,4,1040,1228,848,1036
_DSC9859.tif,2,4,1,1,8,10,4,974,1160,646,832,9,4,998,1150,706,858,4,5,972,1158,679,865
_DSC9859.tif,2,4,1,2,1,10,0,1788,1974,624,810,9,0,1778,1956,619,797,4,0,1800,1972,636,808
_DSC9859.tif,2,4,1,2,2,10,4,1661,1879,788,1006,9,5,1667,1851,800,984,4,5,1681,1863,808,990
_DSC9859.tif,2,4,1,2,3,10,3,1576,1768,1013,1205,9,4,1572,1774,998,1200,4,4,1574,1768,1014,1208
_DSC9859.tif,2,4,1,2,4,10,3,1592,1820,1286,1514,9,4,1620,1810,1308,1498,4,3,1589,1833,1282,1526
_DSC9859.tif,2,4,1,2,5,10,0,2116,2360,1262,1506,9,0,2114,2336,1197,1419,4,0,2130,2348,1240,1458
_DSC9859.tif,2,4,1,2,6,10,5,2169,2375,984,1190,9,6,2161,2359,990,1188,4,4,2146,2364,990,1208
_DSC9859.tif,2,4,1,2,7,10,4,2049,2277,762,990,9,5,2076,2266,800,990,4,5,2075,2253,808,986
_DSC9859.tif,2,4,1,2,8,10,4,2005,2179,630,804,9,5,2026,2146,671,791,4,3,1993,2167,644,818
_DSC9859.tif,2,4,1,3,1,10,4,3483,3709,636,862,9,4,3504,3668,674,838,4,5,3489,3671,650,832
_DSC9859.tif,2,4,1,3,2,10,2,3319,3531,794,1006,9,1,3345,3529,820,1004,4,0,3316,3522,794,1000
_DSC9859.tif,2,4,1,3,3,10,4,3181,3399,984,1202,9,5,3192,3390,987,1185,4,6,3179,3397,982,1200
_DSC9859.tif,2,4,1,3,4,10,3,3148,3422,1244,1518,9,3,3180,3408,1264,1492,4,3,3178,3406,1263,1491
_DSC9859.tif,2,4,1,3,5,10,3,3624,3788,1292,1456,9,4,3656,3808,1299,1451,4,3,3646,3816,1286,1456
_DSC9859.tif,2,4,1,3,6,10,2,3718,3950,1096,1328,9,2,3744,3898,1158,1312,4,3,3720,3920,1137,1337
_DSC9859.tif,2,4,1,3,7,10,6,3660,3834,979,1153,9,5,3668,3866,952,1150,4,6,3676,3836,972,1132
_DSC9859.tif,2,4,1,3,8,10,3,3625,3843,746,964,9,4,3665,3799,800,934,4,3,3655,3801,780,926
_DSC9859.tif,2,4,2,1,1,10,6,630,832,2063,2265,9,6,622,838,2057,2273,4,6,632,826,2056,2250
_DSC9859.tif,2,4,2,1,2,10,5,506,724,2232,2450,9,4,522,698,2254,2430,4,4,506,724,2236,2454
_DSC9859.tif,2,4,2,1,3,10,1,340,668,2405,2733,9,0,452,660,2486,2694,4,0,387,619,2436,2668
_DSC9859.tif,2,4,2,1,4,10,3,443,711,2688,2956,9,3,457,693,2678,2914,4,3,454,690,2717,2953
_DSC9859.tif,2,4,2,1,5,10,3,910,1160,2663,2913,9,3,940,1150,2669,2879,4,3,928,1152,2650,2874
_DSC9859.tif,2,4,2,1,6,10,4,1048,1322,2447,2721,9,4,1060,1264,2452,2656,4,3,1076,1296,2455,2675
_DSC9859.tif,2,4,2,1,7,10,0,985,1217,2244,2476,9,0,1036,1188,2292,2444,4,0,986,1186,2251,2451
_DSC9859.tif,2,4,2,1,8,10,5,836,1026,2066,2256,9,6,870,1036,2107,2273,4,5,882,1032,2102,2252
_DSC9859.tif,2,4,2,2,1,10,6,1794,2010,2082,2298,9,5,1804,1980,2096,2272,4,6,1790,1986,2080,2276
_DSC9859.tif,2,4,2,2,2,10,5,1606,1844,2228,2466,9,5,1638,1834,2269,2465,4,4,1633,1851,2250,2468
_DSC9859.tif,2,4,2,2,3,10,1,1574,1764,2524,2714,9,0,1600,1778,2508,2686,4,0,1585,1759,2536,2710
_DSC9859.tif,2,4,2,2,4,10,3,1620,1794,2740,2914,9,3,1612,1796,2732,2916,4,3,1609,1791,2736,2918
_DSC9859.tif,2,4,2,2,5,10,3,2026,2290,2655,2919,9,4,2063,2247,2698,2882,4,3,2050,2260,2682,2892
_DSC9859.tif,2,4,2,2,6,10,3,2218,2452,2480,2714,9,4,2202,2444,2456,2698,4,3,2217,2421,2474,2678
_DSC9859.tif,2,4,2,2,7,10,1,2180,2354,2251,2425,9,0,2180,2346,2278,2444,4,0,2155,2341,2250,2436
_DSC9859.tif,2,4,2,2,8,10,5,2035,2229,2080,2274,9,5,2064,2234,2076,2246,4,5,2036,2214,2075,2253
_DSC9859.tif,2,4,2,3,1,10,4,3284,3470,1939,2125,9,5,3282,3472,1937,2127,4,4,3284,3464,1938,2118
_DSC9859.tif,2,4,2,3,2,10,4,3203,3435,2132,2364,9,5,3216,3430,2134,2348,4,4,3209,3447,2118,2356
_DSC9859.tif,2,4,2,3,3,10,2,3159,3391,2370,2602,9,2,3174,3370,2384,2580,4,2,3169,3365,2392,2588
_DSC9859.tif,2,4,2,3,4,10,1,3184,3418,2660,2894,9,0,3211,3389,2678,2856,4,0,3166,3424,2654,2912
_DSC9859.tif,2,4,2,3,5,10,2,3596,3898,2517,2819,9,2,3650,3872,2555,2777,4,2,3638,3870,2550,2782
_DSC9859.tif,2,4,2,3,6,10,3,3705,3933,2312,2540,9,3,3726,3928,2339,2541,4,2,3728,3912,2336,2520
_DSC9859.tif,2,4,2,3,7,10,3,3681,3867,2116,2302,9,3,3688,3852,2134,2298,4,3,3681,3875,2110,2304
_DSC9859.tif,2,4,2,3,8,10,0,3538,3724,1949,2135,9,1,3542,3738,1946,2142,4,0,3510,3734,1925,2149
_DSC9859.tif,2,4,2,4,1,10,4,4477,4679,2110,2312,9,6,4494,4658,2137,2301,4,5,4484,4662,2114,2292
_DSC9859.tif,2,4,2,4,2,10,4,4348,4570,2266,2488,9,4,4360,4576,2272,2488,4,4,4374,4548,2284,2458
_DSC9859.tif,2,4,2,4,3,10,4,4337,4527,2460,2650,9,4,4316,4550,2416,2650,4,4,4324,4512,2463,2651
_DSC9859.tif,2,4,2,4,4,10,0,4457,4647,2666,2856,9,0,4430,4678,2663,2911,4,0,4458,4626,2666,2834
_DSC9859.tif,2,4,2,4,5,10,4,4766,4988,2568,2790,9,4,4785,5007,2564,2786,4,3,4780,5002,2559,2781
_DSC9859.tif,2,4,2,4,6,10,4,4860,5066,2386,2592,9,5,4880,5040,2424,2584,4,4,4870,5052,2400,2582
_DSC9859.tif,2,4,2,4,7,10,4,4829,5035,2200,2406,9,5,4862,5008,2222,2368,4,5,4838,5016,2204,2382
_DSC9859.tif,2,4,2,4,8,10,3,4707,4887,2052,2232,9,3,4734,4906,2066,2238,4,1,4740,4884,2088,2232
