img,maxrow,maxcol,row,col,pos,score,x1,x2,y1,y2
/Volumes/shared/Research-Groups/Mark-Banfield/Josh_Williams/Scoring_20Oct/Clem/DSC_1593.tif,2,5,1,1,1,5,556,774,324,542
/Volumes/shared/Research-Groups/Mark-Banfield/Josh_Williams/Scoring_20Oct/Clem/DSC_1593.tif,2,5,1,1,2,0,393,651,512,770
/Volumes/shared/Research-Groups/Mark-Banfield/Josh_Williams/Scoring_20Oct/Clem/DSC_1593.tif,2,5,1,1,3,0,349,635,770,1056
/Volumes/shared/Research-Groups/Mark-Banfield/Josh_Williams/Scoring_20Oct/Clem/DSC_1593.tif,2,5,1,1,4,0,753,987,344,578
/Volumes/shared/Research-Groups/Mark-Banfield/Josh_Williams/Scoring_20Oct/Clem/DSC_1593.tif,2,5,1,1,5,5,746,932,584,770
/Volumes/shared/Research-Groups/Mark-Banfield/Josh_Williams/Scoring_20Oct/Clem/DSC_1593.tif,2,5,1,1,6,4,702,942,775,1015
/Volumes/shared/Research-Groups/Mark-Banfield/Josh_Williams/Scoring_20Oct/Clem/DSC_1593.tif,2,5,1,2,1,0,1293,1495,360,562
/Volumes/shared/Research-Groups/Mark-Banfield/Josh_Williams/Scoring_20Oct/Clem/DSC_1593.tif,2,5,1,2,2,4,1227,1445,562,780
/Volumes/shared/Research-Groups/Mark-Banfield/Josh_Williams/Scoring_20Oct/Clem/DSC_1593.tif,2,5,1,2,3,0,1168,1386,784,1002
/Volumes/shared/Research-Groups/Mark-Banfield/Josh_Williams/Scoring_20Oct/Clem/DSC_1593.tif,2,5,1,2,4,5,1483,1683,372,572
/Volumes/shared/Research-Groups/Mark-Banfield/Josh_Williams/Scoring_20Oct/Clem/DSC_1593.tif,2,5,1,2,5,1,1594,1784,534,724
/Volumes/shared/Research-Groups/Mark-Banfield/Josh_Williams/Scoring_20Oct/Clem/DSC_1593.tif,2,5,1,2,6,0,1604,1840,769,1005
/Volumes/shared/Research-Groups/Mark-Banfield/Josh_Williams/Scoring_20Oct/Clem/DSC_1593.tif,2,5,1,3,1,4,2221,2435,236,450
/Volumes/shared/Research-Groups/Mark-Banfield/Josh_Williams/Scoring_20Oct/Clem/DSC_1593.tif,2,5,1,3,2,0,2180,2410,444,674
/Volumes/shared/Research-Groups/Mark-Banfield/Josh_Williams/Scoring_20Oct/Clem/DSC_1593.tif,2,5,1,3,3,3,2154,2428,654,928
/Volumes/shared/Research-Groups/Mark-Banfield/Josh_Williams/Scoring_20Oct/Clem/DSC_1593.tif,2,5,1,3,4,3,2428,2710,193,475
/Volumes/shared/Research-Groups/Mark-Banfield/Josh_Williams/Scoring_20Oct/Clem/DSC_1593.tif,2,5,1,3,5,0,2546,2788,440,682
/Volumes/shared/Research-Groups/Mark-Banfield/Josh_Williams/Scoring_20Oct/Clem/DSC_1593.tif,2,5,1,3,6,0,2574,2798,696,920
/Volumes/shared/Research-Groups/Mark-Banfield/Josh_Williams/Scoring_20Oct/Clem/DSC_1593.tif,2,5,1,4,1,3,3152,3326,320,494
/Volumes/shared/Research-Groups/Mark-Banfield/Josh_Williams/Scoring_20Oct/Clem/DSC_1593.tif,2,5,1,4,2,3,3115,3329,472,686
/Volumes/shared/Research-Groups/Mark-Banfield/Josh_Williams/Scoring_20Oct/Clem/DSC_1593.tif,2,5,1,4,3,0,3046,3248,716,918
/Volumes/shared/Research-Groups/Mark-Banfield/Josh_Williams/Scoring_20Oct/Clem/DSC_1593.tif,2,5,1,4,4,0,3382,3556,265,439
/Volumes/shared/Research-Groups/Mark-Banfield/Josh_Williams/Scoring_20Oct/Clem/DSC_1593.tif,2,5,1,4,5,0,3376,3606,419,649
/Volumes/shared/Research-Groups/Mark-Banfield/Josh_Williams/Scoring_20Oct/Clem/DSC_1593.tif,2,5,1,4,6,1,3398,3634,659,895
/Volumes/shared/Research-Groups/Mark-Banfield/Josh_Williams/Scoring_20Oct/Clem/DSC_1593.tif,2,5,1,5,1,0,4111,4295,428,612
/Volumes/shared/Research-Groups/Mark-Banfield/Josh_Williams/Scoring_20Oct/Clem/DSC_1593.tif,2,5,1,5,2,5,4004,4194,624,814
/Volumes/shared/Research-Groups/Mark-Banfield/Josh_Williams/Scoring_20Oct/Clem/DSC_1593.tif,2,5,1,5,3,5,4044,4256,815,1027
/Volumes/shared/Research-Groups/Mark-Banfield/Josh_Williams/Scoring_20Oct/Clem/DSC_1593.tif,2,5,1,5,4,0,4312,4536,382,606
/Volumes/shared/Research-Groups/Mark-Banfield/Josh_Williams/Scoring_20Oct/Clem/DSC_1593.tif,2,5,1,5,5,4,4396,4582,597,783
/Volumes/shared/Research-Groups/Mark-Banfield/Josh_Williams/Scoring_20Oct/Clem/DSC_1593.tif,2,5,1,5,6,0,4416,4578,870,1032
/Volumes/shared/Research-Groups/Mark-Banfield/Josh_Williams/Scoring_20Oct/Clem/DSC_1593.tif,2,5,2,1,1,0,323,531,1688,1896
/Volumes/shared/Research-Groups/Mark-Banfield/Josh_Williams/Scoring_20Oct/Clem/DSC_1593.tif,2,5,2,1,2,0,130,366,1870,2106
/Volumes/shared/Research-Groups/Mark-Banfield/Josh_Williams/Scoring_20Oct/Clem/DSC_1593.tif,2,5,2,1,3,1,180,344,2100,2264
/Volumes/shared/Research-Groups/Mark-Banfield/Josh_Williams/Scoring_20Oct/Clem/DSC_1593.tif,2,5,2,1,4,4,541,769,1684,1912
/Volumes/shared/Research-Groups/Mark-Banfield/Josh_Williams/Scoring_20Oct/Clem/DSC_1593.tif,2,5,2,1,5,0,531,733,1856,2058
/Volumes/shared/Research-Groups/Mark-Banfield/Josh_Williams/Scoring_20Oct/Clem/DSC_1593.tif,2,5,2,1,6,1,562,742,2086,2266
/Volumes/shared/Research-Groups/Mark-Banfield/Josh_Williams/Scoring_20Oct/Clem/DSC_1593.tif,2,5,2,2,1,5,1364,1542,1720,1898
/Volumes/shared/Research-Groups/Mark-Banfield/Josh_Williams/Scoring_20Oct/Clem/DSC_1593.tif,2,5,2,2,2,0,1254,1462,1862,2070
/Volumes/shared/Research-Groups/Mark-Banfield/Josh_Williams/Scoring_20Oct/Clem/DSC_1593.tif,2,5,2,2,3,0,1228,1420,2049,2241
/Volumes/shared/Research-Groups/Mark-Banfield/Josh_Williams/Scoring_20Oct/Clem/DSC_1593.tif,2,5,2,2,4,0,1577,1711,1728,1862
/Volumes/shared/Research-Groups/Mark-Banfield/Josh_Williams/Scoring_20Oct/Clem/DSC_1593.tif,2,5,2,2,5,4,1498,1716,1852,2070
/Volumes/shared/Research-Groups/Mark-Banfield/Josh_Williams/Scoring_20Oct/Clem/DSC_1593.tif,2,5,2,2,6,5,1532,1744,2020,2232
/Volumes/shared/Research-Groups/Mark-Banfield/Josh_Williams/Scoring_20Oct/Clem/DSC_1593.tif,2,5,2,3,1,0,2250,2428,1659,1837
/Volumes/shared/Research-Groups/Mark-Banfield/Josh_Williams/Scoring_20Oct/Clem/DSC_1593.tif,2,5,2,3,2,4,2126,2362,1812,2048
/Volumes/shared/Research-Groups/Mark-Banfield/Josh_Williams/Scoring_20Oct/Clem/DSC_1593.tif,2,5,2,3,3,0,2176,2350,2053,2227
/Volumes/shared/Research-Groups/Mark-Banfield/Josh_Williams/Scoring_20Oct/Clem/DSC_1593.tif,2,5,2,3,4,3,2434,2592,1646,1804
/Volumes/shared/Research-Groups/Mark-Banfield/Josh_Williams/Scoring_20Oct/Clem/DSC_1593.tif,2,5,2,3,5,5,2406,2658,1767,2019
/Volumes/shared/Research-Groups/Mark-Banfield/Josh_Williams/Scoring_20Oct/Clem/DSC_1593.tif,2,5,2,3,6,0,2518,2738,1997,2217
/Volumes/shared/Research-Groups/Mark-Banfield/Josh_Williams/Scoring_20Oct/Clem/DSC_1593.tif,2,5,2,4,1,5,3186,3360,1560,1734
/Volumes/shared/Research-Groups/Mark-Banfield/Josh_Williams/Scoring_20Oct/Clem/DSC_1593.tif,2,5,2,4,2,0,3087,3261,1722,1896
/Volumes/shared/Research-Groups/Mark-Banfield/Josh_Williams/Scoring_20Oct/Clem/DSC_1593.tif,2,5,2,4,3,2,3102,3310,1935,2143
/Volumes/shared/Research-Groups/Mark-Banfield/Josh_Williams/Scoring_20Oct/Clem/DSC_1593.tif,2,5,2,4,4,3,3404,3550,1568,1714
/Volumes/shared/Research-Groups/Mark-Banfield/Josh_Williams/Scoring_20Oct/Clem/DSC_1593.tif,2,5,2,4,5,0,3506,3690,1684,1868
/Volumes/shared/Research-Groups/Mark-Banfield/Josh_Williams/Scoring_20Oct/Clem/DSC_1593.tif,2,5,2,4,6,0,3411,3691,1874,2154
/Volumes/shared/Research-Groups/Mark-Banfield/Josh_Williams/Scoring_20Oct/Clem/DSC_1593.tif,2,5,2,5,1,4,3994,4190,1543,1739
/Volumes/shared/Research-Groups/Mark-Banfield/Josh_Williams/Scoring_20Oct/Clem/DSC_1593.tif,2,5,2,5,2,4,3942,4172,1708,1938
/Volumes/shared/Research-Groups/Mark-Banfield/Josh_Williams/Scoring_20Oct/Clem/DSC_1593.tif,2,5,2,5,3,0,3882,4122,1936,2176
/Volumes/shared/Research-Groups/Mark-Banfield/Josh_Williams/Scoring_20Oct/Clem/DSC_1593.tif,2,5,2,5,4,0,4206,4408,1484,1686
/Volumes/shared/Research-Groups/Mark-Banfield/Josh_Williams/Scoring_20Oct/Clem/DSC_1593.tif,2,5,2,5,5,0,4260,4484,1694,1918
/Volumes/shared/Research-Groups/Mark-Banfield/Josh_Williams/Scoring_20Oct/Clem/DSC_1593.tif,2,5,2,5,6,3,4268,4508,1953,2193
/Volumes/shared/Research-Groups/Mark-Banfield/Josh_Williams/Scoring_20Oct/Clem/DSC_0808.tif,3,3,1,1,1,5,717,1013,430,726
/Volumes/shared/Research-Groups/Mark-Banfield/Josh_Williams/Scoring_20Oct/Clem/DSC_0808.tif,3,3,1,1,2,0,590,944,599,953
/Volumes/shared/Research-Groups/Mark-Banfield/Josh_Williams/Scoring_20Oct/Clem/DSC_0808.tif,3,3,1,1,3,0,514,852,940,1278
/Volumes/shared/Research-Groups/Mark-Banfield/Josh_Williams/Scoring_20Oct/Clem/DSC_0808.tif,3,3,1,1,4,5,996,1256,482,742
/Volumes/shared/Research-Groups/Mark-Banfield/Josh_Williams/Scoring_20Oct/Clem/DSC_0808.tif,3,3,1,1,5,5,996,1348,630,982
/Volumes/shared/Research-Groups/Mark-Banfield/Josh_Williams/Scoring_20Oct/Clem/DSC_0808.tif,3,3,1,1,6,4,1004,1306,975,1277
/Volumes/shared/Research-Groups/Mark-Banfield/Josh_Williams/Scoring_20Oct/Clem/DSC_0808.tif,3,3,1,3,1,6,2056,2326,565,835
/Volumes/shared/Research-Groups/Mark-Banfield/Josh_Williams/Scoring_20Oct/Clem/DSC_0808.tif,3,3,1,3,2,6,1904,2276,716,1088
/Volumes/shared/Research-Groups/Mark-Banfield/Josh_Williams/Scoring_20Oct/Clem/DSC_0808.tif,3,3,1,3,3,0,1914,2310,1020,1416
/Volumes/shared/Research-Groups/Mark-Banfield/Josh_Williams/Scoring_20Oct/Clem/DSC_0808.tif,3,3,1,3,4,5,2284,2578,515,809
/Volumes/shared/Research-Groups/Mark-Banfield/Josh_Williams/Scoring_20Oct/Clem/DSC_0808.tif,3,3,1,3,5,6,2376,2706,759,1089
/Volumes/shared/Research-Groups/Mark-Banfield/Josh_Williams/Scoring_20Oct/Clem/DSC_0808.tif,3,3,1,3,6,0,2461,2781,986,1306
/Volumes/shared/Research-Groups/Mark-Banfield/Josh_Williams/Scoring_20Oct/Clem/DSC_0808.tif,3,3,2,2,1,5,1382,1610,1774,2002
/Volumes/shared/Research-Groups/Mark-Banfield/Josh_Williams/Scoring_20Oct/Clem/DSC_0808.tif,3,3,2,2,2,5,1400,1626,2003,2229
/Volumes/shared/Research-Groups/Mark-Banfield/Josh_Williams/Scoring_20Oct/Clem/DSC_0808.tif,3,3,2,2,3,5,1366,1626,2222,2482
/Volumes/shared/Research-Groups/Mark-Banfield/Josh_Williams/Scoring_20Oct/Clem/DSC_0808.tif,3,3,2,2,4,0,1804,2074,2153,2423
/Volumes/shared/Research-Groups/Mark-Banfield/Josh_Williams/Scoring_20Oct/Clem/DSC_0808.tif,3,3,2,2,5,0,1686,2048,1808,2170
/Volumes/shared/Research-Groups/Mark-Banfield/Josh_Williams/Scoring_20Oct/Clem/DSC_0808.tif,3,3,2,2,6,5,1568,1812,1712,1956
/Volumes/shared/Research-Groups/Mark-Banfield/Josh_Williams/Scoring_20Oct/Clem/DSC_0808.tif,3,3,3,1,1,5,650,952,2807,3109
/Volumes/shared/Research-Groups/Mark-Banfield/Josh_Williams/Scoring_20Oct/Clem/DSC_0808.tif,3,3,3,1,2,5,524,894,3084,3454
/Volumes/shared/Research-Groups/Mark-Banfield/Josh_Williams/Scoring_20Oct/Clem/DSC_0808.tif,3,3,3,1,3,5,556,844,3442,3730
/Volumes/shared/Research-Groups/Mark-Banfield/Josh_Williams/Scoring_20Oct/Clem/DSC_0808.tif,3,3,3,1,4,0,996,1340,2748,3092
/Volumes/shared/Research-Groups/Mark-Banfield/Josh_Williams/Scoring_20Oct/Clem/DSC_0808.tif,3,3,3,1,5,0,1130,1466,3039,3375
/Volumes/shared/Research-Groups/Mark-Banfield/Josh_Williams/Scoring_20Oct/Clem/DSC_0808.tif,3,3,3,1,6,5,1172,1450,3438,3716
/Volumes/shared/Research-Groups/Mark-Banfield/Josh_Williams/Scoring_20Oct/Clem/DSC_0808.tif,3,3,3,3,1,0,2090,2418,2680,3008
/Volumes/shared/Research-Groups/Mark-Banfield/Josh_Williams/Scoring_20Oct/Clem/DSC_0808.tif,3,3,3,3,2,6,1964,2300,3035,3371
/Volumes/shared/Research-Groups/Mark-Banfield/Josh_Williams/Scoring_20Oct/Clem/DSC_0808.tif,3,3,3,3,3,6,2032,2368,3342,3678
/Volumes/shared/Research-Groups/Mark-Banfield/Josh_Williams/Scoring_20Oct/Clem/DSC_0808.tif,3,3,3,3,4,6,2512,2798,3219,3505
/Volumes/shared/Research-Groups/Mark-Banfield/Josh_Williams/Scoring_20Oct/Clem/DSC_0808.tif,3,3,3,3,5,6,2520,2772,2971,3223
/Volumes/shared/Research-Groups/Mark-Banfield/Josh_Williams/Scoring_20Oct/Clem/DSC_0808.tif,3,3,3,3,6,0,2428,2730,2710,3012
/Volumes/shared/Research-Groups/Mark-Banfield/Josh_Williams/Scoring_20Oct/Clem/_DSC7621.tif,3,3,1,1,1,0,476,830,694,1048
/Volumes/shared/Research-Groups/Mark-Banfield/Josh_Williams/Scoring_20Oct/Clem/_DSC7621.tif,3,3,1,1,2,0,344,744,971,1371
/Volumes/shared/Research-Groups/Mark-Banfield/Josh_Williams/Scoring_20Oct/Clem/_DSC7621.tif,3,3,1,1,3,0,220,744,1300,1824
/Volumes/shared/Research-Groups/Mark-Banfield/Josh_Williams/Scoring_20Oct/Clem/_DSC7621.tif,3,3,1,1,4,0,1000,1352,1381,1733
/Volumes/shared/Research-Groups/Mark-Banfield/Josh_Williams/Scoring_20Oct/Clem/_DSC7621.tif,3,3,1,1,5,6,906,1266,1030,1390
/Volumes/shared/Research-Groups/Mark-Banfield/Josh_Williams/Scoring_20Oct/Clem/_DSC7621.tif,3,3,1,1,6,6,838,1162,762,1086
/Volumes/shared/Research-Groups/Mark-Banfield/Josh_Williams/Scoring_20Oct/Clem/_DSC7621.tif,3,3,1,3,1,6,1980,2286,671,977
/Volumes/shared/Research-Groups/Mark-Banfield/Josh_Williams/Scoring_20Oct/Clem/_DSC7621.tif,3,3,1,3,2,1,1800,2228,934,1362
/Volumes/shared/Research-Groups/Mark-Banfield/Josh_Williams/Scoring_20Oct/Clem/_DSC7621.tif,3,3,1,3,3,0,1924,2324,1248,1648
/Volumes/shared/Research-Groups/Mark-Banfield/Josh_Williams/Scoring_20Oct/Clem/_DSC7621.tif,3,3,1,3,4,0,2370,2800,1137,1567
/Volumes/shared/Research-Groups/Mark-Banfield/Josh_Williams/Scoring_20Oct/Clem/_DSC7621.tif,3,3,1,3,5,0,2324,2724,815,1215
/Volumes/shared/Research-Groups/Mark-Banfield/Josh_Williams/Scoring_20Oct/Clem/_DSC7621.tif,3,3,1,3,6,6,2190,2504,520,834
/Volumes/shared/Research-Groups/Mark-Banfield/Josh_Williams/Scoring_20Oct/Clem/_DSC7621.tif,3,3,2,2,1,5,1304,1628,2114,2438
/Volumes/shared/Research-Groups/Mark-Banfield/Josh_Williams/Scoring_20Oct/Clem/_DSC7621.tif,3,3,2,2,2,6,1220,1504,2415,2699
/Volumes/shared/Research-Groups/Mark-Banfield/Josh_Williams/Scoring_20Oct/Clem/_DSC7621.tif,3,3,2,2,3,0,1190,1620,2674,3104
/Volumes/shared/Research-Groups/Mark-Banfield/Josh_Williams/Scoring_20Oct/Clem/_DSC7621.tif,3,3,2,2,4,0,1780,2248,2518,2986
/Volumes/shared/Research-Groups/Mark-Banfield/Josh_Williams/Scoring_20Oct/Clem/_DSC7621.tif,3,3,2,2,5,0,1714,2038,2266,2590
/Volumes/shared/Research-Groups/Mark-Banfield/Josh_Williams/Scoring_20Oct/Clem/_DSC7621.tif,3,3,2,2,6,0,1658,1942,1987,2271
/Volumes/shared/Research-Groups/Mark-Banfield/Josh_Williams/Scoring_20Oct/Clem/_DSC7621.tif,3,3,3,1,1,0,344,676,3500,3832
/Volumes/shared/Research-Groups/Mark-Banfield/Josh_Williams/Scoring_20Oct/Clem/_DSC7621.tif,3,3,3,1,2,4,220,620,3789,4189
/Volumes/shared/Research-Groups/Mark-Banfield/Josh_Williams/Scoring_20Oct/Clem/_DSC7621.tif,3,3,3,1,3,4,392,790,4094,4492
/Volumes/shared/Research-Groups/Mark-Banfield/Josh_Williams/Scoring_20Oct/Clem/_DSC7621.tif,3,3,3,1,4,0,838,1200,3922,4284
/Volumes/shared/Research-Groups/Mark-Banfield/Josh_Williams/Scoring_20Oct/Clem/_DSC7621.tif,3,3,3,1,5,0,772,1248,3608,4084
/Volumes/shared/Research-Groups/Mark-Banfield/Josh_Williams/Scoring_20Oct/Clem/_DSC7621.tif,3,3,3,1,6,0,592,962,3419,3789
/Volumes/shared/Research-Groups/Mark-Banfield/Josh_Williams/Scoring_20Oct/Clem/_DSC7621.tif,3,3,3,3,1,0,2080,2394,3484,3798
/Volumes/shared/Research-Groups/Mark-Banfield/Josh_Williams/Scoring_20Oct/Clem/_DSC7621.tif,3,3,3,3,2,0,1919,2243,3760,4084
/Volumes/shared/Research-Groups/Mark-Banfield/Josh_Williams/Scoring_20Oct/Clem/_DSC7621.tif,3,3,3,3,3,5,1866,2228,4107,4469
/Volumes/shared/Research-Groups/Mark-Banfield/Josh_Williams/Scoring_20Oct/Clem/_DSC7621.tif,3,3,3,3,4,6,2400,2694,4085,4379
/Volumes/shared/Research-Groups/Mark-Banfield/Josh_Williams/Scoring_20Oct/Clem/_DSC7621.tif,3,3,3,3,5,4,2486,2838,3794,4146
/Volumes/shared/Research-Groups/Mark-Banfield/Josh_Williams/Scoring_20Oct/Clem/_DSC7621.tif,3,3,3,3,6,0,2390,2704,3466,3780
/Volumes/shared/Research-Groups/Mark-Banfield/Josh_Williams/Scoring_20Oct/Clem/DSC_4392.TIF,3,3,1,1,1,5,860,1138,527,805
/Volumes/shared/Research-Groups/Mark-Banfield/Josh_Williams/Scoring_20Oct/Clem/DSC_4392.TIF,3,3,1,1,2,0,742,1088,687,1033
/Volumes/shared/Research-Groups/Mark-Banfield/Josh_Williams/Scoring_20Oct/Clem/DSC_4392.TIF,3,3,1,1,3,0,612,932,1028,1348
/Volumes/shared/Research-Groups/Mark-Banfield/Josh_Williams/Scoring_20Oct/Clem/DSC_4392.TIF,3,3,1,1,4,4,1046,1382,1109,1445
/Volumes/shared/Research-Groups/Mark-Banfield/Josh_Williams/Scoring_20Oct/Clem/DSC_4392.TIF,3,3,1,1,5,6,1112,1416,780,1084
/Volumes/shared/Research-Groups/Mark-Banfield/Josh_Williams/Scoring_20Oct/Clem/DSC_4392.TIF,3,3,1,3,1,6,2140,2452,683,995
/Volumes/shared/Research-Groups/Mark-Banfield/Josh_Williams/Scoring_20Oct/Clem/DSC_4392.TIF,3,3,1,3,2,6,2106,2352,952,1198
/Volumes/shared/Research-Groups/Mark-Banfield/Josh_Williams/Scoring_20Oct/Clem/DSC_4392.TIF,3,3,1,3,3,0,2106,2460,1084,1438
/Volumes/shared/Research-Groups/Mark-Banfield/Josh_Williams/Scoring_20Oct/Clem/DSC_4392.TIF,3,3,1,3,4,0,2596,2940,1021,1365
/Volumes/shared/Research-Groups/Mark-Banfield/Josh_Williams/Scoring_20Oct/Clem/DSC_4392.TIF,3,3,1,3,5,4,2478,2748,751,1021
/Volumes/shared/Research-Groups/Mark-Banfield/Josh_Williams/Scoring_20Oct/Clem/DSC_4392.TIF,3,3,1,3,6,4,2360,2722,519,881
/Volumes/shared/Research-Groups/Mark-Banfield/Josh_Williams/Scoring_20Oct/Clem/DSC_4392.TIF,3,3,2,2,1,5,1458,1754,1874,2170
/Volumes/shared/Research-Groups/Mark-Banfield/Josh_Williams/Scoring_20Oct/Clem/DSC_4392.TIF,3,3,2,2,2,6,1390,1754,2072,2436
/Volumes/shared/Research-Groups/Mark-Banfield/Josh_Williams/Scoring_20Oct/Clem/DSC_4392.TIF,3,3,2,2,3,6,1416,1762,2305,2651
/Volumes/shared/Research-Groups/Mark-Banfield/Josh_Williams/Scoring_20Oct/Clem/DSC_4392.TIF,3,3,2,2,4,0,1838,2258,2196,2616
/Volumes/shared/Research-Groups/Mark-Banfield/Josh_Williams/Scoring_20Oct/Clem/DSC_4392.TIF,3,3,2,2,5,0,1786,2150,1975,2339
/Volumes/shared/Research-Groups/Mark-Banfield/Josh_Williams/Scoring_20Oct/Clem/DSC_4392.TIF,3,3,2,2,6,6,1660,1956,1765,2061
/Volumes/shared/Research-Groups/Mark-Banfield/Josh_Williams/Scoring_20Oct/Clem/DSC_4392.TIF,3,3,3,1,1,6,590,826,3059,3295
/Volumes/shared/Research-Groups/Mark-Banfield/Josh_Williams/Scoring_20Oct/Clem/DSC_4392.TIF,3,3,3,1,2,6,514,792,3282,3560
/Volumes/shared/Research-Groups/Mark-Banfield/Josh_Williams/Scoring_20Oct/Clem/DSC_4392.TIF,3,3,3,1,3,6,582,844,3492,3754
/Volumes/shared/Research-Groups/Mark-Banfield/Josh_Williams/Scoring_20Oct/Clem/DSC_4392.TIF,3,3,3,1,4,6,894,1256,3518,3880
/Volumes/shared/Research-Groups/Mark-Banfield/Josh_Williams/Scoring_20Oct/Clem/DSC_4392.TIF,3,3,3,1,5,0,860,1256,3211,3607
/Volumes/shared/Research-Groups/Mark-Banfield/Josh_Williams/Scoring_20Oct/Clem/DSC_4392.TIF,3,3,3,1,6,0,802,1146,2972,3316
/Volumes/shared/Research-Groups/Mark-Banfield/Josh_Williams/Scoring_20Oct/Clem/DSC_4392.TIF,3,3,3,3,1,0,2090,2410,3320,3640
/Volumes/shared/Research-Groups/Mark-Banfield/Josh_Williams/Scoring_20Oct/Clem/DSC_4392.TIF,3,3,3,3,2,4,1964,2250,3602,3888
/Volumes/shared/Research-Groups/Mark-Banfield/Josh_Williams/Scoring_20Oct/Clem/DSC_4392.TIF,3,3,3,3,3,4,2106,2360,3812,4066
/Volumes/shared/Research-Groups/Mark-Banfield/Josh_Williams/Scoring_20Oct/Clem/DSC_4392.TIF,3,3,3,3,4,5,2418,2756,3644,3982
/Volumes/shared/Research-Groups/Mark-Banfield/Josh_Williams/Scoring_20Oct/Clem/DSC_4392.TIF,3,3,3,3,5,5,2470,2662,3540,3732
/Volumes/shared/Research-Groups/Mark-Banfield/Josh_Williams/Scoring_20Oct/Clem/DSC_4392.TIF,3,3,3,3,6,0,2452,2738,3321,3607
/Volumes/shared/Research-Groups/Mark-Banfield/Josh_Williams/Scoring_20Oct/Clem/DSC_1351.tif,3,3,1,1,1,0,590,844,329,583
/Volumes/shared/Research-Groups/Mark-Banfield/Josh_Williams/Scoring_20Oct/Clem/DSC_1351.tif,3,3,1,1,2,4,372,642,578,848
/Volumes/shared/Research-Groups/Mark-Banfield/Josh_Williams/Scoring_20Oct/Clem/DSC_1351.tif,3,3,1,1,3,4,367,595,928,1156
/Volumes/shared/Research-Groups/Mark-Banfield/Josh_Williams/Scoring_20Oct/Clem/DSC_1351.tif,3,3,1,1,4,6,734,1020,835,1121
/Volumes/shared/Research-Groups/Mark-Banfield/Josh_Williams/Scoring_20Oct/Clem/DSC_1351.tif,3,3,1,1,5,6,844,1070,654,880
/Volumes/shared/Research-Groups/Mark-Banfield/Josh_Williams/Scoring_20Oct/Clem/DSC_1351.tif,3,3,1,1,6,0,844,1104,330,590
/Volumes/shared/Research-Groups/Mark-Banfield/Josh_Williams/Scoring_20Oct/Clem/DSC_1351.tif,3,3,1,3,1,0,1892,2128,540,776
/Volumes/shared/Research-Groups/Mark-Banfield/Josh_Williams/Scoring_20Oct/Clem/DSC_1351.tif,3,3,1,3,2,0,1720,2022,835,1137
/Volumes/shared/Research-Groups/Mark-Banfield/Josh_Williams/Scoring_20Oct/Clem/DSC_1351.tif,3,3,1,3,3,5,1812,2090,1210,1488
/Volumes/shared/Research-Groups/Mark-Banfield/Josh_Williams/Scoring_20Oct/Clem/DSC_1351.tif,3,3,1,3,4,6,2221,2499,952,1230
/Volumes/shared/Research-Groups/Mark-Banfield/Josh_Williams/Scoring_20Oct/Clem/DSC_1351.tif,3,3,1,3,5,6,2150,2460,730,1040
/Volumes/shared/Research-Groups/Mark-Banfield/Josh_Williams/Scoring_20Oct/Clem/DSC_1351.tif,3,3,1,3,6,6,2203,2423,548,768
/Volumes/shared/Research-Groups/Mark-Banfield/Josh_Williams/Scoring_20Oct/Clem/DSC_1351.tif,3,3,2,2,1,6,1240,1424,1704,1888
/Volumes/shared/Research-Groups/Mark-Banfield/Josh_Williams/Scoring_20Oct/Clem/DSC_1351.tif,3,3,2,2,2,0,1020,1390,1872,2242
/Volumes/shared/Research-Groups/Mark-Banfield/Josh_Williams/Scoring_20Oct/Clem/DSC_1351.tif,3,3,2,2,3,0,978,1358,2313,2693
/Volumes/shared/Research-Groups/Mark-Banfield/Josh_Williams/Scoring_20Oct/Clem/DSC_1351.tif,3,3,2,2,4,4,1496,1766,2208,2478
/Volumes/shared/Research-Groups/Mark-Banfield/Josh_Williams/Scoring_20Oct/Clem/DSC_1351.tif,3,3,2,2,5,6,1476,1754,1976,2254
/Volumes/shared/Research-Groups/Mark-Banfield/Josh_Williams/Scoring_20Oct/Clem/DSC_1351.tif,3,3,2,2,6,6,1484,1668,1770,1954
/Volumes/shared/Research-Groups/Mark-Banfield/Josh_Williams/Scoring_20Oct/Clem/DSC_1351.tif,3,3,3,1,1,6,354,582,3058,3286
/Volumes/shared/Research-Groups/Mark-Banfield/Josh_Williams/Scoring_20Oct/Clem/DSC_1351.tif,3,3,3,1,2,6,258,494,3328,3564
/Volumes/shared/Research-Groups/Mark-Banfield/Josh_Williams/Scoring_20Oct/Clem/DSC_1351.tif,3,3,3,1,3,0,304,582,3657,3935
/Volumes/shared/Research-Groups/Mark-Banfield/Josh_Williams/Scoring_20Oct/Clem/DSC_1351.tif,3,3,3,1,4,0,792,1146,3459,3813
/Volumes/shared/Research-Groups/Mark-Banfield/Josh_Williams/Scoring_20Oct/Clem/DSC_1351.tif,3,3,3,1,5,6,734,1020,3194,3480
/Volumes/shared/Research-Groups/Mark-Banfield/Josh_Williams/Scoring_20Oct/Clem/DSC_1351.tif,3,3,3,1,6,6,600,910,2984,3294
/Volumes/shared/Research-Groups/Mark-Banfield/Josh_Williams/Scoring_20Oct/Clem/DSC_1351.tif,3,3,3,3,1,6,2106,2326,2843,3063
/Volumes/shared/Research-Groups/Mark-Banfield/Josh_Williams/Scoring_20Oct/Clem/DSC_1351.tif,3,3,3,3,2,6,2014,2224,3110,3320
/Volumes/shared/Research-Groups/Mark-Banfield/Josh_Williams/Scoring_20Oct/Clem/DSC_1351.tif,3,3,3,3,3,6,2022,2224,3438,3640
/Volumes/shared/Research-Groups/Mark-Banfield/Josh_Williams/Scoring_20Oct/Clem/DSC_1351.tif,3,3,3,3,4,0,2546,2814,3350,3618
/Volumes/shared/Research-Groups/Mark-Banfield/Josh_Williams/Scoring_20Oct/Clem/DSC_1351.tif,3,3,3,3,5,0,2478,2780,3043,3345
/Volumes/shared/Research-Groups/Mark-Banfield/Josh_Williams/Scoring_20Oct/Clem/DSC_1351.tif,3,3,3,3,6,5,2368,2588,2831,3051
/Volumes/shared/Research-Groups/Mark-Banfield/Josh_Williams/Scoring_20Oct/Clem/DSC_2827.TIF,3,3,1,1,1,5,414,658,536,780
/Volumes/shared/Research-Groups/Mark-Banfield/Josh_Williams/Scoring_20Oct/Clem/DSC_2827.TIF,3,3,1,1,2,0,304,642,822,1160
/Volumes/shared/Research-Groups/Mark-Banfield/Josh_Williams/Scoring_20Oct/Clem/DSC_2827.TIF,3,3,1,1,3,0,220,666,1055,1501
/Volumes/shared/Research-Groups/Mark-Banfield/Josh_Williams/Scoring_20Oct/Clem/DSC_2827.TIF,3,3,1,1,4,0,910,1180,1046,1316
/Volumes/shared/Research-Groups/Mark-Banfield/Josh_Williams/Scoring_20Oct/Clem/DSC_2827.TIF,3,3,1,1,5,0,936,1230,700,994
/Volumes/shared/Research-Groups/Mark-Banfield/Josh_Williams/Scoring_20Oct/Clem/DSC_2827.TIF,3,3,1,1,6,0,708,970,506,768
/Volumes/shared/Research-Groups/Mark-Banfield/Josh_Williams/Scoring_20Oct/Clem/DSC_2827.TIF,3,3,1,3,1,0,1862,2106,595,839
/Volumes/shared/Research-Groups/Mark-Banfield/Josh_Williams/Scoring_20Oct/Clem/DSC_2827.TIF,3,3,1,3,2,6,1828,2124,822,1118
/Volumes/shared/Research-Groups/Mark-Banfield/Josh_Williams/Scoring_20Oct/Clem/DSC_2827.TIF,3,3,1,3,3,4,1820,2140,1126,1446
/Volumes/shared/Research-Groups/Mark-Banfield/Josh_Williams/Scoring_20Oct/Clem/DSC_2827.TIF,3,3,1,3,4,0,2352,2620,1022,1290
/Volumes/shared/Research-Groups/Mark-Banfield/Josh_Williams/Scoring_20Oct/Clem/DSC_2827.TIF,3,3,1,3,5,0,2268,2546,738,1016
/Volumes/shared/Research-Groups/Mark-Banfield/Josh_Williams/Scoring_20Oct/Clem/DSC_2827.TIF,3,3,1,3,6,0,2124,2376,498,750
/Volumes/shared/Research-Groups/Mark-Banfield/Josh_Williams/Scoring_20Oct/Clem/DSC_2827.TIF,3,3,2,2,1,0,1122,1434,1866,2178
/Volumes/shared/Research-Groups/Mark-Banfield/Josh_Williams/Scoring_20Oct/Clem/DSC_2827.TIF,3,3,2,2,2,0,1004,1348,2158,2502
/Volumes/shared/Research-Groups/Mark-Banfield/Josh_Williams/Scoring_20Oct/Clem/DSC_2827.TIF,3,3,2,2,3,6,1130,1466,2516,2852
/Volumes/shared/Research-Groups/Mark-Banfield/Josh_Williams/Scoring_20Oct/Clem/DSC_2827.TIF,3,3,2,2,4,0,1652,1980,2318,2646
/Volumes/shared/Research-Groups/Mark-Banfield/Josh_Williams/Scoring_20Oct/Clem/DSC_2827.TIF,3,3,2,2,5,0,1568,1838,2090,2360
/Volumes/shared/Research-Groups/Mark-Banfield/Josh_Williams/Scoring_20Oct/Clem/DSC_2827.TIF,3,3,2,2,6,0,1416,1736,1821,2141
/Volumes/shared/Research-Groups/Mark-Banfield/Josh_Williams/Scoring_20Oct/Clem/DSC_2827.TIF,3,3,3,1,1,0,388,650,3105,3367
/Volumes/shared/Research-Groups/Mark-Banfield/Josh_Williams/Scoring_20Oct/Clem/DSC_2827.TIF,3,3,3,1,2,0,236,490,3429,3683
/Volumes/shared/Research-Groups/Mark-Banfield/Josh_Williams/Scoring_20Oct/Clem/DSC_2827.TIF,3,3,3,1,3,0,270,632,3712,4074
/Volumes/shared/Research-Groups/Mark-Banfield/Josh_Williams/Scoring_20Oct/Clem/DSC_2827.TIF,3,3,3,1,4,4,792,1038,3480,3726
/Volumes/shared/Research-Groups/Mark-Banfield/Josh_Williams/Scoring_20Oct/Clem/DSC_2827.TIF,3,3,3,1,5,0,684,978,3241,3535
/Volumes/shared/Research-Groups/Mark-Banfield/Josh_Williams/Scoring_20Oct/Clem/DSC_2827.TIF,3,3,3,1,6,0,624,920,2996,3292
/Volumes/shared/Research-Groups/Mark-Banfield/Josh_Williams/Scoring_20Oct/Clem/DSC_2827.TIF,3,3,3,3,1,4,2124,2310,2907,3093
/Volumes/shared/Research-Groups/Mark-Banfield/Josh_Williams/Scoring_20Oct/Clem/DSC_2827.TIF,3,3,3,3,2,0,1998,2234,3131,3367
/Volumes/shared/Research-Groups/Mark-Banfield/Josh_Williams/Scoring_20Oct/Clem/DSC_2827.TIF,3,3,3,3,3,0,1938,2182,3459,3703
/Volumes/shared/Research-Groups/Mark-Banfield/Josh_Williams/Scoring_20Oct/Clem/DSC_2827.TIF,3,3,3,3,4,0,2486,2824,3298,3636
/Volumes/shared/Research-Groups/Mark-Banfield/Josh_Williams/Scoring_20Oct/Clem/DSC_2827.TIF,3,3,3,3,5,6,2428,2696,3081,3349
/Volumes/shared/Research-Groups/Mark-Banfield/Josh_Williams/Scoring_20Oct/Clem/DSC_2827.TIF,3,3,3,3,6,5,2384,2612,2915,3143
/Volumes/shared/Research-Groups/Mark-Banfield/Josh_Williams/Scoring_20Oct/Clem/_DSC2689.tif,3,3,1,1,1,0,524,914,777,1167
/Volumes/shared/Research-Groups/Mark-Banfield/Josh_Williams/Scoring_20Oct/Clem/_DSC2689.tif,3,3,1,1,2,0,382,696,1191,1505
/Volumes/shared/Research-Groups/Mark-Banfield/Josh_Williams/Scoring_20Oct/Clem/_DSC2689.tif,3,3,1,1,3,0,368,672,1552,1856
/Volumes/shared/Research-Groups/Mark-Banfield/Josh_Williams/Scoring_20Oct/Clem/_DSC2689.tif,3,3,1,1,4,1,1077,1371,1572,1866
/Volumes/shared/Research-Groups/Mark-Banfield/Josh_Williams/Scoring_20Oct/Clem/_DSC2689.tif,3,3,1,1,5,0,896,1296,1105,1505
/Volumes/shared/Research-Groups/Mark-Banfield/Josh_Williams/Scoring_20Oct/Clem/_DSC2689.tif,3,3,1,1,6,0,858,1276,691,1109
/Volumes/shared/Research-Groups/Mark-Banfield/Josh_Williams/Scoring_20Oct/Clem/_DSC2689.tif,3,3,1,3,1,0,2104,2418,810,1124
/Volumes/shared/Research-Groups/Mark-Banfield/Josh_Williams/Scoring_20Oct/Clem/_DSC2689.tif,3,3,1,3,2,0,2048,2456,1129,1537
/Volumes/shared/Research-Groups/Mark-Banfield/Josh_Williams/Scoring_20Oct/Clem/_DSC2689.tif,3,3,1,3,3,0,1990,2380,1581,1971
/Volumes/shared/Research-Groups/Mark-Banfield/Josh_Williams/Scoring_20Oct/Clem/_DSC2689.tif,3,3,1,3,4,0,2570,2894,1490,1814
/Volumes/shared/Research-Groups/Mark-Banfield/Josh_Williams/Scoring_20Oct/Clem/_DSC2689.tif,3,3,1,3,5,0,2518,2814,1114,1410
/Volumes/shared/Research-Groups/Mark-Banfield/Josh_Williams/Scoring_20Oct/Clem/_DSC2689.tif,3,3,1,3,6,0,2418,2694,791,1067
/Volumes/shared/Research-Groups/Mark-Banfield/Josh_Williams/Scoring_20Oct/Clem/_DSC2689.tif,3,3,2,2,1,0,1410,1772,2466,2828
/Volumes/shared/Research-Groups/Mark-Banfield/Josh_Williams/Scoring_20Oct/Clem/_DSC2689.tif,3,3,2,2,2,0,1314,1638,2842,3166
/Volumes/shared/Research-Groups/Mark-Banfield/Josh_Williams/Scoring_20Oct/Clem/_DSC2689.tif,3,3,2,2,3,0,1390,1790,3103,3503
/Volumes/shared/Research-Groups/Mark-Banfield/Josh_Williams/Scoring_20Oct/Clem/_DSC2689.tif,3,3,2,2,4,0,1962,2286,2971,3295
/Volumes/shared/Research-Groups/Mark-Banfield/Josh_Williams/Scoring_20Oct/Clem/_DSC2689.tif,3,3,2,2,5,3,1980,2314,2732,3066
/Volumes/shared/Research-Groups/Mark-Banfield/Josh_Williams/Scoring_20Oct/Clem/_DSC2689.tif,3,3,2,2,6,3,1810,2162,2462,2814
/Volumes/shared/Research-Groups/Mark-Banfield/Josh_Williams/Scoring_20Oct/Clem/_DSC2689.tif,3,3,3,1,1,1,438,744,3560,3866
/Volumes/shared/Research-Groups/Mark-Banfield/Josh_Williams/Scoring_20Oct/Clem/_DSC2689.tif,3,3,3,1,2,0,306,668,3985,4347
/Volumes/shared/Research-Groups/Mark-Banfield/Josh_Williams/Scoring_20Oct/Clem/_DSC2689.tif,3,3,3,1,3,0,334,696,4383,4745
/Volumes/shared/Research-Groups/Mark-Banfield/Josh_Williams/Scoring_20Oct/Clem/_DSC2689.tif,3,3,3,1,4,0,876,1324,4060,4508
/Volumes/shared/Research-Groups/Mark-Banfield/Josh_Williams/Scoring_20Oct/Clem/_DSC2689.tif,3,3,3,1,5,0,820,1162,3828,4170
/Volumes/shared/Research-Groups/Mark-Banfield/Josh_Williams/Scoring_20Oct/Clem/_DSC2689.tif,3,3,3,1,6,0,752,1010,3561,3819
/Volumes/shared/Research-Groups/Mark-Banfield/Josh_Williams/Scoring_20Oct/Clem/_DSC2689.tif,3,3,3,3,1,4,2410,2608,3790,3988
/Volumes/shared/Research-Groups/Mark-Banfield/Josh_Williams/Scoring_20Oct/Clem/_DSC2689.tif,3,3,3,3,2,4,2386,2614,4028,4256
/Volumes/shared/Research-Groups/Mark-Banfield/Josh_Williams/Scoring_20Oct/Clem/_DSC2689.tif,3,3,3,3,3,0,2370,2686,4425,4741
/Volumes/shared/Research-Groups/Mark-Banfield/Josh_Williams/Scoring_20Oct/Clem/_DSC2689.tif,3,3,3,3,4,0,2962,3200,4294,4532
/Volumes/shared/Research-Groups/Mark-Banfield/Josh_Williams/Scoring_20Oct/Clem/_DSC2689.tif,3,3,3,3,5,0,2942,3266,3865,4189
/Volumes/shared/Research-Groups/Mark-Banfield/Josh_Williams/Scoring_20Oct/Clem/_DSC2689.tif,3,3,3,3,6,0,2724,2990,3656,3922
/Volumes/shared/Research-Groups/Mark-Banfield/Josh_Williams/Scoring_20Oct/Clem/DSC_2452.tif,3,3,1,1,1,5,860,1070,355,565
/Volumes/shared/Research-Groups/Mark-Banfield/Josh_Williams/Scoring_20Oct/Clem/DSC_2452.tif,3,3,1,1,2,0,718,1028,545,855
/Volumes/shared/Research-Groups/Mark-Banfield/Josh_Williams/Scoring_20Oct/Clem/DSC_2452.tif,3,3,1,1,3,0,632,886,826,1080
/Volumes/shared/Research-Groups/Mark-Banfield/Josh_Williams/Scoring_20Oct/Clem/DSC_2452.tif,3,3,1,1,4,0,1020,1350,708,1038
/Volumes/shared/Research-Groups/Mark-Banfield/Josh_Williams/Scoring_20Oct/Clem/DSC_2452.tif,3,3,1,1,5,6,1012,1206,515,709
/Volumes/shared/Research-Groups/Mark-Banfield/Josh_Williams/Scoring_20Oct/Clem/DSC_2452.tif,3,3,1,3,1,4,2204,2380,406,582
/Volumes/shared/Research-Groups/Mark-Banfield/Josh_Williams/Scoring_20Oct/Clem/DSC_2452.tif,3,3,1,3,2,3,2053,2297,650,894
/Volumes/shared/Research-Groups/Mark-Banfield/Josh_Williams/Scoring_20Oct/Clem/DSC_2452.tif,3,3,1,3,3,0,2064,2310,918,1164
/Volumes/shared/Research-Groups/Mark-Banfield/Josh_Williams/Scoring_20Oct/Clem/DSC_2452.tif,3,3,1,3,4,0,2478,2772,777,1071
/Volumes/shared/Research-Groups/Mark-Banfield/Josh_Williams/Scoring_20Oct/Clem/DSC_2452.tif,3,3,1,3,5,0,2410,2772,456,818
/Volumes/shared/Research-Groups/Mark-Banfield/Josh_Williams/Scoring_20Oct/Clem/DSC_2452.tif,3,3,2,2,1,6,1677,1787,1728,1838
/Volumes/shared/Research-Groups/Mark-Banfield/Josh_Williams/Scoring_20Oct/Clem/DSC_2452.tif,3,3,2,2,2,6,1577,1753,1796,1972
/Volumes/shared/Research-Groups/Mark-Banfield/Josh_Williams/Scoring_20Oct/Clem/DSC_2452.tif,3,3,2,2,3,0,1584,1838,2072,2326
/Volumes/shared/Research-Groups/Mark-Banfield/Josh_Williams/Scoring_20Oct/Clem/DSC_2452.tif,3,3,2,2,4,0,1972,2242,1884,2154
/Volumes/shared/Research-Groups/Mark-Banfield/Josh_Williams/Scoring_20Oct/Clem/DSC_2452.tif,3,3,3,1,1,0,751,953,2806,3008
/Volumes/shared/Research-Groups/Mark-Banfield/Josh_Williams/Scoring_20Oct/Clem/DSC_2452.tif,3,3,3,1,3,6,910,1070,3248,3408
/Volumes/shared/Research-Groups/Mark-Banfield/Josh_Williams/Scoring_20Oct/Clem/DSC_2452.tif,3,3,3,1,4,3,1122,1122,3050,3050
/Volumes/shared/Research-Groups/Mark-Banfield/Josh_Williams/Scoring_20Oct/Clem/DSC_2452.tif,3,3,3,1,5,0,1020,1256,2811,3047
/Volumes/shared/Research-Groups/Mark-Banfield/Josh_Williams/Scoring_20Oct/Clem/DSC_2452.tif,3,3,3,3,1,0,2318,2520,2815,3017
/Volumes/shared/Research-Groups/Mark-Banfield/Josh_Williams/Scoring_20Oct/Clem/DSC_2452.tif,3,3,3,3,2,0,2242,2494,3038,3290
/Volumes/shared/Research-Groups/Mark-Banfield/Josh_Williams/Scoring_20Oct/Clem/DSC_2452.tif,3,3,3,3,3,0,2035,2305,3252,3522
/Volumes/shared/Research-Groups/Mark-Banfield/Josh_Williams/Scoring_20Oct/Clem/DSC_2452.tif,3,3,3,3,4,6,2418,2630,3261,3473
/Volumes/shared/Research-Groups/Mark-Banfield/Josh_Williams/Scoring_20Oct/Clem/DSC_2452.tif,3,3,3,3,5,4,2486,2706,3016,3236
/Volumes/shared/Research-Groups/Mark-Banfield/Josh_Williams/Scoring_20Oct/Clem/DSC_1179.tif,3,3,1,1,1,0,574,818,338,582
/Volumes/shared/Research-Groups/Mark-Banfield/Josh_Williams/Scoring_20Oct/Clem/DSC_1179.tif,3,3,1,1,2,0,354,666,611,923
/Volumes/shared/Research-Groups/Mark-Banfield/Josh_Williams/Scoring_20Oct/Clem/DSC_1179.tif,3,3,1,1,3,5,498,802,847,1151
/Volumes/shared/Research-Groups/Mark-Banfield/Josh_Williams/Scoring_20Oct/Clem/DSC_1179.tif,3,3,1,1,4,6,935,1129,860,1054
/Volumes/shared/Research-Groups/Mark-Banfield/Josh_Williams/Scoring_20Oct/Clem/DSC_1179.tif,3,3,1,1,5,6,910,1130,615,835
/Volumes/shared/Research-Groups/Mark-Banfield/Josh_Williams/Scoring_20Oct/Clem/DSC_1179.tif,3,3,1,1,6,6,835,1029,354,548
/Volumes/shared/Research-Groups/Mark-Banfield/Josh_Williams/Scoring_20Oct/Clem/DSC_1179.tif,3,3,1,3,1,6,1914,2106,453,645
/Volumes/shared/Research-Groups/Mark-Banfield/Josh_Williams/Scoring_20Oct/Clem/DSC_1179.tif,3,3,1,3,2,0,1786,2022,738,974
/Volumes/shared/Research-Groups/Mark-Banfield/Josh_Williams/Scoring_20Oct/Clem/DSC_1179.tif,3,3,1,3,3,0,1846,2140,1025,1319
/Volumes/shared/Research-Groups/Mark-Banfield/Josh_Williams/Scoring_20Oct/Clem/DSC_1179.tif,3,3,1,3,4,5,2292,2512,915,1135
/Volumes/shared/Research-Groups/Mark-Banfield/Josh_Williams/Scoring_20Oct/Clem/DSC_1179.tif,3,3,1,3,5,6,2212,2424,674,886
/Volumes/shared/Research-Groups/Mark-Banfield/Josh_Williams/Scoring_20Oct/Clem/DSC_1179.tif,3,3,1,3,6,6,2166,2334,478,646
/Volumes/shared/Research-Groups/Mark-Banfield/Josh_Williams/Scoring_20Oct/Clem/DSC_1179.tif,3,3,2,2,1,6,1336,1590,1584,1838
/Volumes/shared/Research-Groups/Mark-Banfield/Josh_Williams/Scoring_20Oct/Clem/DSC_1179.tif,3,3,2,2,2,5,1206,1390,1839,2023
/Volumes/shared/Research-Groups/Mark-Banfield/Josh_Williams/Scoring_20Oct/Clem/DSC_1179.tif,3,3,2,2,3,0,1188,1526,2190,2528
/Volumes/shared/Research-Groups/Mark-Banfield/Josh_Williams/Scoring_20Oct/Clem/DSC_1179.tif,3,3,2,2,4,0,1812,2106,2066,2360
/Volumes/shared/Research-Groups/Mark-Banfield/Josh_Williams/Scoring_20Oct/Clem/DSC_1179.tif,3,3,2,2,5,6,1686,1930,1779,2023
/Volumes/shared/Research-Groups/Mark-Banfield/Josh_Williams/Scoring_20Oct/Clem/DSC_1179.tif,3,3,2,2,6,6,1580,1790,1568,1778
/Volumes/shared/Research-Groups/Mark-Banfield/Josh_Williams/Scoring_20Oct/Clem/DSC_1179.tif,3,3,3,1,1,6,556,768,2886,3098
/Volumes/shared/Research-Groups/Mark-Banfield/Josh_Williams/Scoring_20Oct/Clem/DSC_1179.tif,3,3,3,1,2,6,482,718,3126,3362
/Volumes/shared/Research-Groups/Mark-Banfield/Josh_Williams/Scoring_20Oct/Clem/DSC_1179.tif,3,3,3,1,3,4,540,792,3425,3677
/Volumes/shared/Research-Groups/Mark-Banfield/Josh_Williams/Scoring_20Oct/Clem/DSC_1179.tif,3,3,3,1,4,0,986,1340,3278,3632
/Volumes/shared/Research-Groups/Mark-Banfield/Josh_Williams/Scoring_20Oct/Clem/DSC_1179.tif,3,3,3,1,5,0,952,1188,3008,3244
/Volumes/shared/Research-Groups/Mark-Banfield/Josh_Williams/Scoring_20Oct/Clem/DSC_1179.tif,3,3,3,1,6,6,776,996,2755,2975
/Volumes/shared/Research-Groups/Mark-Banfield/Josh_Williams/Scoring_20Oct/Clem/DSC_1179.tif,3,3,3,3,1,0,2238,2440,2696,2898
/Volumes/shared/Research-Groups/Mark-Banfield/Josh_Williams/Scoring_20Oct/Clem/DSC_1179.tif,3,3,3,3,2,5,2098,2342,2924,3168
/Volumes/shared/Research-Groups/Mark-Banfield/Josh_Williams/Scoring_20Oct/Clem/DSC_1179.tif,3,3,3,3,3,5,2082,2326,3202,3446
/Volumes/shared/Research-Groups/Mark-Banfield/Josh_Williams/Scoring_20Oct/Clem/DSC_1179.tif,3,3,3,3,4,5,2557,2743,3176,3362
/Volumes/shared/Research-Groups/Mark-Banfield/Josh_Williams/Scoring_20Oct/Clem/DSC_1179.tif,3,3,3,3,5,5,2562,2738,2958,3134
/Volumes/shared/Research-Groups/Mark-Banfield/Josh_Williams/Scoring_20Oct/Clem/DSC_1179.tif,3,3,3,3,6,0,2517,2735,2706,2924
/Volumes/shared/Research-Groups/Mark-Banfield/Josh_Williams/Scoring_20Oct/Clem/DSC_0807.tif,3,3,1,1,1,6,414,676,396,658
/Volumes/shared/Research-Groups/Mark-Banfield/Josh_Williams/Scoring_20Oct/Clem/DSC_0807.tif,3,3,1,1,2,6,350,562,674,886
/Volumes/shared/Research-Groups/Mark-Banfield/Josh_Williams/Scoring_20Oct/Clem/DSC_0807.tif,3,3,1,1,3,2,262,582,882,1202
/Volumes/shared/Research-Groups/Mark-Banfield/Josh_Williams/Scoring_20Oct/Clem/DSC_0807.tif,3,3,1,1,4,0,826,1070,802,1046
/Volumes/shared/Research-Groups/Mark-Banfield/Josh_Williams/Scoring_20Oct/Clem/DSC_0807.tif,3,3,1,1,5,5,750,1028,557,835
/Volumes/shared/Research-Groups/Mark-Banfield/Josh_Williams/Scoring_20Oct/Clem/DSC_0807.tif,3,3,1,1,6,4,692,970,288,566
/Volumes/shared/Research-Groups/Mark-Banfield/Josh_Williams/Scoring_20Oct/Clem/DSC_0807.tif,3,3,1,3,1,5,1980,2208,679,907
/Volumes/shared/Research-Groups/Mark-Banfield/Josh_Williams/Scoring_20Oct/Clem/DSC_0807.tif,3,3,1,3,2,6,1904,2174,944,1214
/Volumes/shared/Research-Groups/Mark-Banfield/Josh_Williams/Scoring_20Oct/Clem/DSC_0807.tif,3,3,1,3,3,6,1946,2158,1382,1594
/Volumes/shared/Research-Groups/Mark-Banfield/Josh_Williams/Scoring_20Oct/Clem/DSC_0807.tif,3,3,1,3,4,0,2528,2730,1147,1349
/Volumes/shared/Research-Groups/Mark-Banfield/Josh_Williams/Scoring_20Oct/Clem/DSC_0807.tif,3,3,1,3,5,0,2393,2663,852,1122
/Volumes/shared/Research-Groups/Mark-Banfield/Josh_Williams/Scoring_20Oct/Clem/DSC_0807.tif,3,3,1,3,6,4,2217,2495,540,818
/Volumes/shared/Research-Groups/Mark-Banfield/Josh_Williams/Scoring_20Oct/Clem/DSC_0807.tif,3,3,2,2,1,2,1088,1366,1584,1862
/Volumes/shared/Research-Groups/Mark-Banfield/Josh_Williams/Scoring_20Oct/Clem/DSC_0807.tif,3,3,2,2,2,3,1037,1257,1930,2150
/Volumes/shared/Research-Groups/Mark-Banfield/Josh_Williams/Scoring_20Oct/Clem/DSC_0807.tif,3,3,2,2,3,4,1155,1383,2166,2394
/Volumes/shared/Research-Groups/Mark-Banfield/Josh_Williams/Scoring_20Oct/Clem/DSC_0807.tif,3,3,2,2,4,4,1505,1741,2090,2326
/Volumes/shared/Research-Groups/Mark-Banfield/Josh_Williams/Scoring_20Oct/Clem/DSC_0807.tif,3,3,2,2,5,0,1614,1860,1828,2074
/Volumes/shared/Research-Groups/Mark-Banfield/Josh_Williams/Scoring_20Oct/Clem/DSC_0807.tif,3,3,2,2,6,0,1442,1678,1538,1774
/Volumes/shared/Research-Groups/Mark-Banfield/Josh_Williams/Scoring_20Oct/Clem/DSC_0807.tif,3,3,3,1,1,0,658,886,2852,3080
/Volumes/shared/Research-Groups/Mark-Banfield/Josh_Williams/Scoring_20Oct/Clem/DSC_0807.tif,3,3,3,1,2,6,511,739,3076,3304
/Volumes/shared/Research-Groups/Mark-Banfield/Josh_Williams/Scoring_20Oct/Clem/DSC_0807.tif,3,3,3,1,3,6,490,666,3414,3590
/Volumes/shared/Research-Groups/Mark-Banfield/Josh_Williams/Scoring_20Oct/Clem/DSC_0807.tif,3,3,3,1,4,6,910,1130,3337,3557
/Volumes/shared/Research-Groups/Mark-Banfield/Josh_Williams/Scoring_20Oct/Clem/DSC_0807.tif,3,3,3,1,5,6,886,1130,3076,3320
/Volumes/shared/Research-Groups/Mark-Banfield/Josh_Williams/Scoring_20Oct/Clem/DSC_0807.tif,3,3,3,1,6,0,952,1172,2885,3105
/Volumes/shared/Research-Groups/Mark-Banfield/Josh_Williams/Scoring_20Oct/Clem/DSC_0807.tif,3,3,3,3,1,0,2056,2292,2439,2675
/Volumes/shared/Research-Groups/Mark-Banfield/Josh_Williams/Scoring_20Oct/Clem/DSC_0807.tif,3,3,3,3,2,0,1896,2182,2701,2987
/Volumes/shared/Research-Groups/Mark-Banfield/Josh_Williams/Scoring_20Oct/Clem/DSC_0807.tif,3,3,3,3,3,3,1930,2182,3110,3362
/Volumes/shared/Research-Groups/Mark-Banfield/Josh_Williams/Scoring_20Oct/Clem/DSC_0807.tif,3,3,3,3,4,6,2452,2706,2991,3245
/Volumes/shared/Research-Groups/Mark-Banfield/Josh_Williams/Scoring_20Oct/Clem/DSC_0807.tif,3,3,3,3,5,6,2407,2651,2748,2992
/Volumes/shared/Research-Groups/Mark-Banfield/Josh_Williams/Scoring_20Oct/Clem/DSC_0807.tif,3,3,3,3,6,6,2352,2562,2436,2646
/Volumes/shared/Research-Groups/Mark-Banfield/Josh_Williams/Scoring_20Oct/Clem/_DSC7624.tif,3,3,1,1,1,0,600,868,1238,1506
/Volumes/shared/Research-Groups/Mark-Banfield/Josh_Williams/Scoring_20Oct/Clem/_DSC7624.tif,3,3,1,1,2,0,430,706,1552,1828
/Volumes/shared/Research-Groups/Mark-Banfield/Josh_Williams/Scoring_20Oct/Clem/_DSC7624.tif,3,3,1,1,3,0,514,782,1856,2124
/Volumes/shared/Research-Groups/Mark-Banfield/Josh_Williams/Scoring_20Oct/Clem/_DSC7624.tif,3,3,1,1,4,0,962,1238,1805,2081
/Volumes/shared/Research-Groups/Mark-Banfield/Josh_Williams/Scoring_20Oct/Clem/_DSC7624.tif,3,3,1,1,5,0,868,1182,1453,1767
/Volumes/shared/Research-Groups/Mark-Banfield/Josh_Williams/Scoring_20Oct/Clem/_DSC7624.tif,3,3,1,1,6,6,858,1038,1286,1466
/Volumes/shared/Research-Groups/Mark-Banfield/Josh_Williams/Scoring_20Oct/Clem/_DSC7624.tif,3,3,1,3,1,6,1972,2172,1219,1419
/Volumes/shared/Research-Groups/Mark-Banfield/Josh_Williams/Scoring_20Oct/Clem/_DSC7624.tif,3,3,1,3,2,1,1734,1980,1425,1671
/Volumes/shared/Research-Groups/Mark-Banfield/Josh_Williams/Scoring_20Oct/Clem/_DSC7624.tif,3,3,1,3,3,0,1790,2114,1714,2038
/Volumes/shared/Research-Groups/Mark-Banfield/Josh_Williams/Scoring_20Oct/Clem/_DSC7624.tif,3,3,1,3,4,0,2332,2600,1628,1896
/Volumes/shared/Research-Groups/Mark-Banfield/Josh_Williams/Scoring_20Oct/Clem/_DSC7624.tif,3,3,1,3,5,0,2466,2732,1401,1667
/Volumes/shared/Research-Groups/Mark-Banfield/Josh_Williams/Scoring_20Oct/Clem/_DSC7624.tif,3,3,1,3,6,0,2266,2486,1133,1353
/Volumes/shared/Research-Groups/Mark-Banfield/Josh_Williams/Scoring_20Oct/Clem/_DSC7624.tif,3,3,2,2,1,0,1238,1504,2538,2804
/Volumes/shared/Research-Groups/Mark-Banfield/Josh_Williams/Scoring_20Oct/Clem/_DSC7624.tif,3,3,2,2,2,6,1148,1338,2942,3132
/Volumes/shared/Research-Groups/Mark-Banfield/Josh_Williams/Scoring_20Oct/Clem/_DSC7624.tif,3,3,2,2,3,0,1152,1458,3208,3514
/Volumes/shared/Research-Groups/Mark-Banfield/Josh_Williams/Scoring_20Oct/Clem/_DSC7624.tif,3,3,2,2,4,0,1705,1961,3066,3322
/Volumes/shared/Research-Groups/Mark-Banfield/Josh_Williams/Scoring_20Oct/Clem/_DSC7624.tif,3,3,2,2,5,0,1772,2038,2738,3004
/Volumes/shared/Research-Groups/Mark-Banfield/Josh_Williams/Scoring_20Oct/Clem/_DSC7624.tif,3,3,2,2,6,0,1514,1772,2432,2690
/Volumes/shared/Research-Groups/Mark-Banfield/Josh_Williams/Scoring_20Oct/Clem/_DSC7624.tif,3,3,3,1,1,0,367,671,3904,4208
/Volumes/shared/Research-Groups/Mark-Banfield/Josh_Williams/Scoring_20Oct/Clem/_DSC7624.tif,3,3,3,1,2,0,163,487,4188,4512
/Volumes/shared/Research-Groups/Mark-Banfield/Josh_Williams/Scoring_20Oct/Clem/_DSC7624.tif,3,3,3,1,3,6,268,524,4656,4912
/Volumes/shared/Research-Groups/Mark-Banfield/Josh_Williams/Scoring_20Oct/Clem/_DSC7624.tif,3,3,3,1,4,0,838,1106,4492,4760
/Volumes/shared/Research-Groups/Mark-Banfield/Josh_Williams/Scoring_20Oct/Clem/_DSC7624.tif,3,3,3,1,5,0,830,1086,4170,4426
/Volumes/shared/Research-Groups/Mark-Banfield/Josh_Williams/Scoring_20Oct/Clem/_DSC7624.tif,3,3,3,1,6,0,762,1076,3832,4146
/Volumes/shared/Research-Groups/Mark-Banfield/Josh_Williams/Scoring_20Oct/Clem/_DSC7624.tif,3,3,3,3,1,0,1882,2138,4056,4312
/Volumes/shared/Research-Groups/Mark-Banfield/Josh_Williams/Scoring_20Oct/Clem/_DSC7624.tif,3,3,3,3,2,0,1814,2100,4360,4646
/Volumes/shared/Research-Groups/Mark-Banfield/Josh_Williams/Scoring_20Oct/Clem/_DSC7624.tif,3,3,3,3,3,0,1762,2104,4622,4964
/Volumes/shared/Research-Groups/Mark-Banfield/Josh_Williams/Scoring_20Oct/Clem/_DSC7624.tif,3,3,3,3,4,5,2286,2542,4570,4826
/Volumes/shared/Research-Groups/Mark-Banfield/Josh_Williams/Scoring_20Oct/Clem/_DSC7624.tif,3,3,3,3,5,0,2248,2494,4266,4512
/Volumes/shared/Research-Groups/Mark-Banfield/Josh_Williams/Scoring_20Oct/Clem/_DSC7624.tif,3,3,3,3,6,0,2200,2466,3927,4193
/Volumes/shared/Research-Groups/Mark-Banfield/Josh_Williams/Scoring_20Oct/Clem/DSC_7588.TIF,3,3,1,2,1,2,1500,1796,207,503
/Volumes/shared/Research-Groups/Mark-Banfield/Josh_Williams/Scoring_20Oct/Clem/DSC_7588.TIF,3,3,1,2,2,0,1324,1594,469,739
/Volumes/shared/Research-Groups/Mark-Banfield/Josh_Williams/Scoring_20Oct/Clem/DSC_7588.TIF,3,3,1,2,3,0,1366,1686,848,1168
/Volumes/shared/Research-Groups/Mark-Banfield/Josh_Williams/Scoring_20Oct/Clem/DSC_7588.TIF,3,3,1,2,4,0,1946,2208,944,1206
/Volumes/shared/Research-Groups/Mark-Banfield/Josh_Williams/Scoring_20Oct/Clem/DSC_7588.TIF,3,3,1,2,5,0,1985,2305,506,826
/Volumes/shared/Research-Groups/Mark-Banfield/Josh_Williams/Scoring_20Oct/Clem/DSC_7588.TIF,3,3,1,2,6,0,1786,2098,166,478
/Volumes/shared/Research-Groups/Mark-Banfield/Josh_Williams/Scoring_20Oct/Clem/DSC_7588.TIF,3,3,2,1,1,0,818,1054,1286,1522
/Volumes/shared/Research-Groups/Mark-Banfield/Josh_Williams/Scoring_20Oct/Clem/DSC_7588.TIF,3,3,2,1,2,0,557,843,1610,1896
/Volumes/shared/Research-Groups/Mark-Banfield/Josh_Williams/Scoring_20Oct/Clem/DSC_7588.TIF,3,3,2,1,3,0,498,802,1904,2208
/Volumes/shared/Research-Groups/Mark-Banfield/Josh_Williams/Scoring_20Oct/Clem/DSC_7588.TIF,3,3,2,1,4,0,1172,1458,2082,2368
/Volumes/shared/Research-Groups/Mark-Banfield/Josh_Williams/Scoring_20Oct/Clem/DSC_7588.TIF,3,3,2,1,5,0,1138,1526,1581,1969
/Volumes/shared/Research-Groups/Mark-Banfield/Josh_Williams/Scoring_20Oct/Clem/DSC_7588.TIF,3,3,2,1,6,0,1054,1358,1264,1568
/Volumes/shared/Research-Groups/Mark-Banfield/Josh_Williams/Scoring_20Oct/Clem/DSC_7588.TIF,3,3,2,3,1,0,2031,2335,1458,1762
/Volumes/shared/Research-Groups/Mark-Banfield/Josh_Williams/Scoring_20Oct/Clem/DSC_7588.TIF,3,3,2,3,2,0,1846,2174,1741,2069
/Volumes/shared/Research-Groups/Mark-Banfield/Josh_Williams/Scoring_20Oct/Clem/DSC_7588.TIF,3,3,2,3,3,0,1862,2224,2099,2461
/Volumes/shared/Research-Groups/Mark-Banfield/Josh_Williams/Scoring_20Oct/Clem/DSC_7588.TIF,3,3,2,3,4,0,2705,2975,2140,2410
/Volumes/shared/Research-Groups/Mark-Banfield/Josh_Williams/Scoring_20Oct/Clem/DSC_7588.TIF,3,3,2,3,5,0,2545,2957,1728,2140
/Volumes/shared/Research-Groups/Mark-Banfield/Josh_Williams/Scoring_20Oct/Clem/DSC_7588.TIF,3,3,2,3,6,2,2384,2722,1353,1691
/Volumes/shared/Research-Groups/Mark-Banfield/Josh_Williams/Scoring_20Oct/Clem/DSC_7588.TIF,3,3,3,1,1,0,674,978,2873,3177
/Volumes/shared/Research-Groups/Mark-Banfield/Josh_Williams/Scoring_20Oct/Clem/DSC_7588.TIF,3,3,3,1,2,0,523,827,3168,3472
/Volumes/shared/Research-Groups/Mark-Banfield/Josh_Williams/Scoring_20Oct/Clem/DSC_7588.TIF,3,3,3,1,3,0,556,834,3518,3796
/Volumes/shared/Research-Groups/Mark-Banfield/Josh_Williams/Scoring_20Oct/Clem/DSC_7588.TIF,3,3,3,1,4,2,1180,1458,3464,3742
/Volumes/shared/Research-Groups/Mark-Banfield/Josh_Williams/Scoring_20Oct/Clem/DSC_7588.TIF,3,3,3,1,5,2,1122,1390,3102,3370
/Volumes/shared/Research-Groups/Mark-Banfield/Josh_Williams/Scoring_20Oct/Clem/DSC_7588.TIF,3,3,3,1,6,2,1054,1290,2852,3088
/Volumes/shared/Research-Groups/Mark-Banfield/Josh_Williams/Scoring_20Oct/Clem/DSC_7588.TIF,3,3,3,3,1,3,2234,2502,2921,3189
/Volumes/shared/Research-Groups/Mark-Banfield/Josh_Williams/Scoring_20Oct/Clem/DSC_7588.TIF,3,3,3,3,2,0,1998,2334,3194,3530
/Volumes/shared/Research-Groups/Mark-Banfield/Josh_Williams/Scoring_20Oct/Clem/DSC_7588.TIF,3,3,3,3,3,0,1922,2284,3535,3897
/Volumes/shared/Research-Groups/Mark-Banfield/Josh_Williams/Scoring_20Oct/Clem/DSC_7588.TIF,3,3,3,3,4,0,2680,3026,3594,3940
/Volumes/shared/Research-Groups/Mark-Banfield/Josh_Williams/Scoring_20Oct/Clem/DSC_7588.TIF,3,3,3,3,5,0,2662,2950,3311,3599
/Volumes/shared/Research-Groups/Mark-Banfield/Josh_Williams/Scoring_20Oct/Clem/DSC_7588.TIF,3,3,3,3,6,0,2494,2824,2924,3254
/Volumes/shared/Research-Groups/Mark-Banfield/Josh_Williams/Scoring_20Oct/Clem/DSC_6617.tif,3,3,1,1,1,0,566,776,566,776
/Volumes/shared/Research-Groups/Mark-Banfield/Josh_Williams/Scoring_20Oct/Clem/DSC_6617.tif,3,3,1,1,2,0,515,759,802,1046
/Volumes/shared/Research-Groups/Mark-Banfield/Josh_Williams/Scoring_20Oct/Clem/DSC_6617.tif,3,3,1,1,3,5,548,792,1080,1324
/Volumes/shared/Research-Groups/Mark-Banfield/Josh_Williams/Scoring_20Oct/Clem/DSC_6617.tif,3,3,1,1,4,5,1095,1307,1062,1274
/Volumes/shared/Research-Groups/Mark-Banfield/Josh_Williams/Scoring_20Oct/Clem/DSC_6617.tif,3,3,1,1,5,0,1046,1298,777,1029
/Volumes/shared/Research-Groups/Mark-Banfield/Josh_Williams/Scoring_20Oct/Clem/DSC_6617.tif,3,3,1,1,6,0,852,1164,456,768
/Volumes/shared/Research-Groups/Mark-Banfield/Josh_Williams/Scoring_20Oct/Clem/DSC_6617.tif,3,3,1,3,1,0,2032,2258,633,859
/Volumes/shared/Research-Groups/Mark-Banfield/Josh_Williams/Scoring_20Oct/Clem/DSC_6617.tif,3,3,1,3,2,0,1990,2276,852,1138
/Volumes/shared/Research-Groups/Mark-Banfield/Josh_Williams/Scoring_20Oct/Clem/DSC_6617.tif,3,3,1,3,3,0,1922,2200,1147,1425
/Volumes/shared/Research-Groups/Mark-Banfield/Josh_Williams/Scoring_20Oct/Clem/DSC_6617.tif,3,3,1,3,4,4,2368,2612,1125,1369
/Volumes/shared/Research-Groups/Mark-Banfield/Josh_Williams/Scoring_20Oct/Clem/DSC_6617.tif,3,3,1,3,5,6,2352,2570,898,1116
/Volumes/shared/Research-Groups/Mark-Banfield/Josh_Williams/Scoring_20Oct/Clem/DSC_6617.tif,3,3,1,3,6,0,2246,2508,632,894
/Volumes/shared/Research-Groups/Mark-Banfield/Josh_Williams/Scoring_20Oct/Clem/DSC_6617.tif,3,3,2,2,1,0,1374,1678,1964,2268
/Volumes/shared/Research-Groups/Mark-Banfield/Josh_Williams/Scoring_20Oct/Clem/DSC_6617.tif,3,3,2,2,2,0,1172,1484,2242,2554
/Volumes/shared/Research-Groups/Mark-Banfield/Josh_Williams/Scoring_20Oct/Clem/DSC_6617.tif,3,3,2,2,3,0,1248,1602,2604,2958
/Volumes/shared/Research-Groups/Mark-Banfield/Josh_Williams/Scoring_20Oct/Clem/DSC_6617.tif,3,3,2,2,4,0,1770,2032,2507,2769
/Volumes/shared/Research-Groups/Mark-Banfield/Josh_Williams/Scoring_20Oct/Clem/DSC_6617.tif,3,3,2,2,5,6,1880,2090,2208,2418
/Volumes/shared/Research-Groups/Mark-Banfield/Josh_Williams/Scoring_20Oct/Clem/DSC_6617.tif,3,3,2,2,6,6,1770,1956,2027,2213
/Volumes/shared/Research-Groups/Mark-Banfield/Josh_Williams/Scoring_20Oct/Clem/DSC_6617.tif,3,3,3,1,1,5,380,616,3168,3404
/Volumes/shared/Research-Groups/Mark-Banfield/Josh_Williams/Scoring_20Oct/Clem/DSC_6617.tif,3,3,3,1,2,0,350,612,3438,3700
/Volumes/shared/Research-Groups/Mark-Banfield/Josh_Williams/Scoring_20Oct/Clem/DSC_6617.tif,3,3,3,1,3,0,296,566,3809,4079
/Volumes/shared/Research-Groups/Mark-Banfield/Josh_Williams/Scoring_20Oct/Clem/DSC_6617.tif,3,3,3,1,4,0,878,1138,3692,3952
/Volumes/shared/Research-Groups/Mark-Banfield/Josh_Williams/Scoring_20Oct/Clem/DSC_6617.tif,3,3,3,1,5,0,776,1012,3404,3640
/Volumes/shared/Research-Groups/Mark-Banfield/Josh_Williams/Scoring_20Oct/Clem/DSC_6617.tif,3,3,3,1,6,5,662,882,3134,3354
/Volumes/shared/Research-Groups/Mark-Banfield/Josh_Williams/Scoring_20Oct/Clem/DSC_6617.tif,3,3,3,3,1,6,2376,2578,3219,3421
/Volumes/shared/Research-Groups/Mark-Banfield/Josh_Williams/Scoring_20Oct/Clem/DSC_6617.tif,3,3,3,3,2,6,2264,2498,3422,3656
/Volumes/shared/Research-Groups/Mark-Banfield/Josh_Williams/Scoring_20Oct/Clem/DSC_6617.tif,3,3,3,3,3,0,2192,2436,3766,4010
/Volumes/shared/Research-Groups/Mark-Banfield/Josh_Williams/Scoring_20Oct/Clem/DSC_6617.tif,3,3,3,3,4,0,2747,2967,3774,3994
/Volumes/shared/Research-Groups/Mark-Banfield/Josh_Williams/Scoring_20Oct/Clem/DSC_6617.tif,3,3,3,3,5,0,2744,2988,3438,3682
/Volumes/shared/Research-Groups/Mark-Banfield/Josh_Williams/Scoring_20Oct/Clem/DSC_6617.tif,3,3,3,3,6,0,2630,2908,3113,3391
/Volumes/shared/Research-Groups/Mark-Banfield/Josh_Williams/Scoring_20Oct/Clem/DSC_4390.TIF,3,3,1,1,1,0,758,962,556,760
/Volumes/shared/Research-Groups/Mark-Banfield/Josh_Williams/Scoring_20Oct/Clem/DSC_4390.TIF,3,3,1,1,2,4,658,902,860,1104
/Volumes/shared/Research-Groups/Mark-Banfield/Josh_Williams/Scoring_20Oct/Clem/DSC_4390.TIF,3,3,1,1,4,5,1214,1466,987,1239
/Volumes/shared/Research-Groups/Mark-Banfield/Josh_Williams/Scoring_20Oct/Clem/DSC_4390.TIF,3,3,1,1,5,0,1096,1400,679,983
/Volumes/shared/Research-Groups/Mark-Banfield/Josh_Williams/Scoring_20Oct/Clem/DSC_4390.TIF,3,3,1,1,6,0,1004,1274,460,730
/Volumes/shared/Research-Groups/Mark-Banfield/Josh_Williams/Scoring_20Oct/Clem/DSC_4390.TIF,3,3,1,3,1,0,2140,2402,477,739
/Volumes/shared/Research-Groups/Mark-Banfield/Josh_Williams/Scoring_20Oct/Clem/DSC_4390.TIF,3,3,1,3,2,0,2040,2368,781,1109
/Volumes/shared/Research-Groups/Mark-Banfield/Josh_Williams/Scoring_20Oct/Clem/DSC_4390.TIF,3,3,1,3,3,0,2098,2436,1108,1446
/Volumes/shared/Research-Groups/Mark-Banfield/Josh_Williams/Scoring_20Oct/Clem/DSC_4390.TIF,3,3,1,3,4,6,2588,2840,995,1247
/Volumes/shared/Research-Groups/Mark-Banfield/Josh_Williams/Scoring_20Oct/Clem/DSC_4390.TIF,3,3,1,3,5,6,2578,2780,734,936
/Volumes/shared/Research-Groups/Mark-Banfield/Josh_Williams/Scoring_20Oct/Clem/DSC_4390.TIF,3,3,1,3,6,0,2502,2764,451,713
/Volumes/shared/Research-Groups/Mark-Banfield/Josh_Williams/Scoring_20Oct/Clem/DSC_4390.TIF,3,3,2,2,1,0,1484,1744,1851,2111
/Volumes/shared/Research-Groups/Mark-Banfield/Josh_Williams/Scoring_20Oct/Clem/DSC_4390.TIF,3,3,2,2,2,0,1333,1619,2158,2444
/Volumes/shared/Research-Groups/Mark-Banfield/Josh_Williams/Scoring_20Oct/Clem/DSC_4390.TIF,3,3,2,2,3,0,1282,1626,2448,2792
/Volumes/shared/Research-Groups/Mark-Banfield/Josh_Williams/Scoring_20Oct/Clem/DSC_4390.TIF,3,3,2,2,4,2,1820,2106,2410,2696
/Volumes/shared/Research-Groups/Mark-Banfield/Josh_Williams/Scoring_20Oct/Clem/DSC_4390.TIF,3,3,2,2,5,5,1828,2014,2153,2339
/Volumes/shared/Research-Groups/Mark-Banfield/Josh_Williams/Scoring_20Oct/Clem/DSC_4390.TIF,3,3,2,2,6,6,1799,2035,1896,2132
/Volumes/shared/Research-Groups/Mark-Banfield/Josh_Williams/Scoring_20Oct/Clem/DSC_4390.TIF,3,3,3,1,1,6,894,1112,3177,3395
/Volumes/shared/Research-Groups/Mark-Banfield/Josh_Williams/Scoring_20Oct/Clem/DSC_4390.TIF,3,3,3,1,2,0,684,1012,3404,3732
/Volumes/shared/Research-Groups/Mark-Banfield/Josh_Williams/Scoring_20Oct/Clem/DSC_4390.TIF,3,3,3,1,3,0,768,1088,3737,4057
/Volumes/shared/Research-Groups/Mark-Banfield/Josh_Williams/Scoring_20Oct/Clem/DSC_4390.TIF,3,3,3,1,4,0,1274,1552,3716,3994
/Volumes/shared/Research-Groups/Mark-Banfield/Josh_Williams/Scoring_20Oct/Clem/DSC_4390.TIF,3,3,3,1,5,3,1269,1505,3454,3690
/Volumes/shared/Research-Groups/Mark-Banfield/Josh_Williams/Scoring_20Oct/Clem/DSC_4390.TIF,3,3,3,1,6,6,1176,1438,3176,3438
/Volumes/shared/Research-Groups/Mark-Banfield/Josh_Williams/Scoring_20Oct/Clem/DSC_4390.TIF,3,3,3,3,1,6,2237,2491,3058,3312
/Volumes/shared/Research-Groups/Mark-Banfield/Josh_Williams/Scoring_20Oct/Clem/DSC_4390.TIF,3,3,3,3,2,6,2203,2431,3328,3556
/Volumes/shared/Research-Groups/Mark-Banfield/Josh_Williams/Scoring_20Oct/Clem/DSC_4390.TIF,3,3,3,3,3,0,2161,2439,3582,3860
/Volumes/shared/Research-Groups/Mark-Banfield/Josh_Williams/Scoring_20Oct/Clem/DSC_4390.TIF,3,3,3,3,4,0,2638,2890,3582,3834
/Volumes/shared/Research-Groups/Mark-Banfield/Josh_Williams/Scoring_20Oct/Clem/DSC_4390.TIF,3,3,3,3,5,0,2588,2832,3278,3522
/Volumes/shared/Research-Groups/Mark-Banfield/Josh_Williams/Scoring_20Oct/Clem/DSC_4390.TIF,3,3,3,3,6,3,2486,2748,2999,3261
/Volumes/shared/Research-Groups/Mark-Banfield/Josh_Williams/Scoring_20Oct/Clem/DSC_1175.tif,3,3,1,1,1,0,506,776,199,469
/Volumes/shared/Research-Groups/Mark-Banfield/Josh_Williams/Scoring_20Oct/Clem/DSC_1175.tif,3,3,1,1,2,0,410,654,524,768
/Volumes/shared/Research-Groups/Mark-Banfield/Josh_Williams/Scoring_20Oct/Clem/DSC_1175.tif,3,3,1,1,3,3,410,662,860,1112
/Volumes/shared/Research-Groups/Mark-Banfield/Josh_Williams/Scoring_20Oct/Clem/DSC_1175.tif,3,3,1,1,4,6,868,1138,788,1058
/Volumes/shared/Research-Groups/Mark-Banfield/Josh_Williams/Scoring_20Oct/Clem/DSC_1175.tif,3,3,1,1,5,6,961,1197,514,750
/Volumes/shared/Research-Groups/Mark-Banfield/Josh_Williams/Scoring_20Oct/Clem/DSC_1175.tif,3,3,1,1,6,0,818,1104,212,498
/Volumes/shared/Research-Groups/Mark-Banfield/Josh_Williams/Scoring_20Oct/Clem/DSC_1175.tif,3,3,1,3,1,0,1880,2124,292,536
/Volumes/shared/Research-Groups/Mark-Banfield/Josh_Williams/Scoring_20Oct/Clem/DSC_1175.tif,3,3,1,3,2,0,1741,2019,590,868
/Volumes/shared/Research-Groups/Mark-Banfield/Josh_Williams/Scoring_20Oct/Clem/DSC_1175.tif,3,3,1,3,3,0,1838,2082,906,1150
/Volumes/shared/Research-Groups/Mark-Banfield/Josh_Williams/Scoring_20Oct/Clem/DSC_1175.tif,3,3,1,3,4,1,2342,2578,865,1101
/Volumes/shared/Research-Groups/Mark-Banfield/Josh_Williams/Scoring_20Oct/Clem/DSC_1175.tif,3,3,1,3,5,6,2276,2470,565,759
/Volumes/shared/Research-Groups/Mark-Banfield/Josh_Williams/Scoring_20Oct/Clem/DSC_1175.tif,3,3,1,3,6,6,2174,2376,371,573
/Volumes/shared/Research-Groups/Mark-Banfield/Josh_Williams/Scoring_20Oct/Clem/DSC_1175.tif,3,3,2,2,1,6,1198,1390,1488,1680
/Volumes/shared/Research-Groups/Mark-Banfield/Josh_Williams/Scoring_20Oct/Clem/DSC_1175.tif,3,3,2,2,2,0,1062,1316,1828,2082
/Volumes/shared/Research-Groups/Mark-Banfield/Josh_Williams/Scoring_20Oct/Clem/DSC_1175.tif,3,3,2,2,3,0,1084,1378,2090,2384
/Volumes/shared/Research-Groups/Mark-Banfield/Josh_Williams/Scoring_20Oct/Clem/DSC_1175.tif,3,3,2,2,4,0,1712,1964,2052,2304
/Volumes/shared/Research-Groups/Mark-Banfield/Josh_Williams/Scoring_20Oct/Clem/DSC_1175.tif,3,3,2,2,5,4,1636,1880,1677,1921
/Volumes/shared/Research-Groups/Mark-Banfield/Josh_Williams/Scoring_20Oct/Clem/DSC_1175.tif,3,3,2,2,6,4,1508,1754,1496,1742
/Volumes/shared/Research-Groups/Mark-Banfield/Josh_Williams/Scoring_20Oct/Clem/DSC_1175.tif,3,3,3,1,1,6,552,738,2738,2924
/Volumes/shared/Research-Groups/Mark-Banfield/Josh_Williams/Scoring_20Oct/Clem/DSC_1175.tif,3,3,3,1,2,6,380,608,2911,3139
/Volumes/shared/Research-Groups/Mark-Banfield/Josh_Williams/Scoring_20Oct/Clem/DSC_1175.tif,3,3,3,1,3,0,346,600,3243,3497
/Volumes/shared/Research-Groups/Mark-Banfield/Josh_Williams/Scoring_20Oct/Clem/DSC_1175.tif,3,3,3,1,4,0,1004,1290,3227,3513
/Volumes/shared/Research-Groups/Mark-Banfield/Josh_Williams/Scoring_20Oct/Clem/DSC_1175.tif,3,3,3,1,5,0,920,1188,2908,3176
/Volumes/shared/Research-Groups/Mark-Banfield/Josh_Williams/Scoring_20Oct/Clem/DSC_1175.tif,3,3,3,1,6,4,852,1088,2663,2899
/Volumes/shared/Research-Groups/Mark-Banfield/Josh_Williams/Scoring_20Oct/Clem/DSC_1175.tif,3,3,3,3,1,1,2022,2242,2730,2950
/Volumes/shared/Research-Groups/Mark-Banfield/Josh_Williams/Scoring_20Oct/Clem/DSC_1175.tif,3,3,3,3,2,5,1922,2192,3030,3300
/Volumes/shared/Research-Groups/Mark-Banfield/Josh_Williams/Scoring_20Oct/Clem/DSC_1175.tif,3,3,3,3,3,5,2132,2384,3366,3618
/Volumes/shared/Research-Groups/Mark-Banfield/Josh_Williams/Scoring_20Oct/Clem/DSC_1175.tif,3,3,3,3,4,0,2579,2815,3210,3446
/Volumes/shared/Research-Groups/Mark-Banfield/Josh_Williams/Scoring_20Oct/Clem/DSC_1175.tif,3,3,3,3,5,0,2452,2706,2903,3157
/Volumes/shared/Research-Groups/Mark-Banfield/Josh_Williams/Scoring_20Oct/Clem/DSC_1175.tif,3,3,3,3,6,0,2334,2630,2612,2908
/Volumes/shared/Research-Groups/Mark-Banfield/Josh_Williams/Scoring_20Oct/Clem/DSC_7584.TIF,3,3,1,2,1,0,1021,1299,178,456
/Volumes/shared/Research-Groups/Mark-Banfield/Josh_Williams/Scoring_20Oct/Clem/DSC_7584.TIF,3,3,1,2,2,0,860,1138,472,750
/Volumes/shared/Research-Groups/Mark-Banfield/Josh_Williams/Scoring_20Oct/Clem/DSC_7584.TIF,3,3,1,2,3,0,920,1248,831,1159
/Volumes/shared/Research-Groups/Mark-Banfield/Josh_Williams/Scoring_20Oct/Clem/DSC_7584.TIF,3,3,1,2,4,0,1500,1796,814,1110
/Volumes/shared/Research-Groups/Mark-Banfield/Josh_Williams/Scoring_20Oct/Clem/DSC_7584.TIF,3,3,1,2,5,0,1466,1804,400,738
/Volumes/shared/Research-Groups/Mark-Banfield/Josh_Williams/Scoring_20Oct/Clem/DSC_7584.TIF,3,3,1,2,6,0,1282,1636,77,431
/Volumes/shared/Research-Groups/Mark-Banfield/Josh_Williams/Scoring_20Oct/Clem/DSC_7584.TIF,3,3,2,1,1,0,844,1112,1455,1723
/Volumes/shared/Research-Groups/Mark-Banfield/Josh_Williams/Scoring_20Oct/Clem/DSC_7584.TIF,3,3,2,1,2,0,600,928,1796,2124
/Volumes/shared/Research-Groups/Mark-Banfield/Josh_Williams/Scoring_20Oct/Clem/DSC_7584.TIF,3,3,2,1,3,0,548,902,2191,2545
/Volumes/shared/Research-Groups/Mark-Banfield/Josh_Williams/Scoring_20Oct/Clem/DSC_7584.TIF,3,3,2,1,4,0,1332,1652,2158,2478
/Volumes/shared/Research-Groups/Mark-Banfield/Josh_Williams/Scoring_20Oct/Clem/DSC_7584.TIF,3,3,2,1,5,0,1340,1652,1677,1989
/Volumes/shared/Research-Groups/Mark-Banfield/Josh_Williams/Scoring_20Oct/Clem/DSC_7584.TIF,3,3,2,1,6,0,1096,1434,1374,1712
/Volumes/shared/Research-Groups/Mark-Banfield/Josh_Williams/Scoring_20Oct/Clem/DSC_7584.TIF,3,3,2,3,1,0,2157,2419,1222,1484
/Volumes/shared/Research-Groups/Mark-Banfield/Josh_Williams/Scoring_20Oct/Clem/DSC_7584.TIF,3,3,2,3,2,0,2022,2310,1491,1779
/Volumes/shared/Research-Groups/Mark-Banfield/Josh_Williams/Scoring_20Oct/Clem/DSC_7584.TIF,3,3,2,3,3,0,1988,2258,1888,2158
/Volumes/shared/Research-Groups/Mark-Banfield/Josh_Williams/Scoring_20Oct/Clem/DSC_7584.TIF,3,3,2,3,4,0,2532,2820,1828,2116
/Volumes/shared/Research-Groups/Mark-Banfield/Josh_Williams/Scoring_20Oct/Clem/DSC_7584.TIF,3,3,2,3,5,0,2470,2798,1400,1728
/Volumes/shared/Research-Groups/Mark-Banfield/Josh_Williams/Scoring_20Oct/Clem/DSC_7584.TIF,3,3,2,3,6,0,2402,2646,1100,1344
/Volumes/shared/Research-Groups/Mark-Banfield/Josh_Williams/Scoring_20Oct/Clem/DSC_7584.TIF,3,3,3,1,1,0,941,1201,2916,3176
/Volumes/shared/Research-Groups/Mark-Banfield/Josh_Williams/Scoring_20Oct/Clem/DSC_7584.TIF,3,3,3,1,2,0,583,979,3186,3582
/Volumes/shared/Research-Groups/Mark-Banfield/Josh_Williams/Scoring_20Oct/Clem/DSC_7584.TIF,3,3,3,1,3,0,566,936,3619,3989
/Volumes/shared/Research-Groups/Mark-Banfield/Josh_Williams/Scoring_20Oct/Clem/DSC_7584.TIF,3,3,3,1,4,0,1256,1594,3733,4071
/Volumes/shared/Research-Groups/Mark-Banfield/Josh_Williams/Scoring_20Oct/Clem/DSC_7584.TIF,3,3,3,1,5,0,1332,1660,3358,3686
/Volumes/shared/Research-Groups/Mark-Banfield/Josh_Williams/Scoring_20Oct/Clem/DSC_7584.TIF,3,3,3,1,6,0,1214,1542,2971,3299
/Volumes/shared/Research-Groups/Mark-Banfield/Josh_Williams/Scoring_20Oct/Clem/DSC_7584.TIF,3,3,3,3,1,0,2242,2528,2798,3084
/Volumes/shared/Research-Groups/Mark-Banfield/Josh_Williams/Scoring_20Oct/Clem/DSC_7584.TIF,3,3,3,3,2,0,2032,2318,3046,3332
/Volumes/shared/Research-Groups/Mark-Banfield/Josh_Williams/Scoring_20Oct/Clem/DSC_7584.TIF,3,3,3,3,3,0,1959,2271,3370,3682
/Volumes/shared/Research-Groups/Mark-Banfield/Josh_Williams/Scoring_20Oct/Clem/DSC_7584.TIF,3,3,3,3,4,0,2679,2949,3328,3598
/Volumes/shared/Research-Groups/Mark-Banfield/Josh_Williams/Scoring_20Oct/Clem/DSC_7584.TIF,3,3,3,3,5,0,2607,2911,3008,3312
/Volumes/shared/Research-Groups/Mark-Banfield/Josh_Williams/Scoring_20Oct/Clem/DSC_7584.TIF,3,3,3,3,6,0,2494,2764,2738,3008
/Volumes/shared/Research-Groups/Mark-Banfield/Josh_Williams/Scoring_20Oct/Clem/DSC_0804.tif,3,3,1,1,1,0,763,1033,354,624
/Volumes/shared/Research-Groups/Mark-Banfield/Josh_Williams/Scoring_20Oct/Clem/DSC_0804.tif,3,3,1,1,2,0,481,801,582,902
/Volumes/shared/Research-Groups/Mark-Banfield/Josh_Williams/Scoring_20Oct/Clem/DSC_0804.tif,3,3,1,1,3,0,396,776,851,1231
/Volumes/shared/Research-Groups/Mark-Banfield/Josh_Williams/Scoring_20Oct/Clem/DSC_0804.tif,3,3,1,1,4,4,1092,1336,878,1122
/Volumes/shared/Research-Groups/Mark-Banfield/Josh_Williams/Scoring_20Oct/Clem/DSC_0804.tif,3,3,1,1,5,6,1016,1268,642,894
/Volumes/shared/Research-Groups/Mark-Banfield/Josh_Williams/Scoring_20Oct/Clem/DSC_0804.tif,3,3,1,1,6,6,1062,1230,456,624
/Volumes/shared/Research-Groups/Mark-Banfield/Josh_Williams/Scoring_20Oct/Clem/DSC_0804.tif,3,3,1,3,1,6,2182,2394,497,709
/Volumes/shared/Research-Groups/Mark-Banfield/Josh_Williams/Scoring_20Oct/Clem/DSC_0804.tif,3,3,1,3,2,0,1985,2281,742,1038
/Volumes/shared/Research-Groups/Mark-Banfield/Josh_Williams/Scoring_20Oct/Clem/DSC_0804.tif,3,3,1,3,3,0,1990,2310,1083,1403
/Volumes/shared/Research-Groups/Mark-Banfield/Josh_Williams/Scoring_20Oct/Clem/DSC_0804.tif,3,3,1,3,4,0,2465,2785,996,1316
/Volumes/shared/Research-Groups/Mark-Banfield/Josh_Williams/Scoring_20Oct/Clem/DSC_0804.tif,3,3,1,3,5,4,2452,2672,717,937
/Volumes/shared/Research-Groups/Mark-Banfield/Josh_Williams/Scoring_20Oct/Clem/DSC_0804.tif,3,3,1,3,6,4,2428,2646,532,750
/Volumes/shared/Research-Groups/Mark-Banfield/Josh_Williams/Scoring_20Oct/Clem/DSC_0804.tif,3,3,2,2,1,6,1462,1648,1778,1964
/Volumes/shared/Research-Groups/Mark-Banfield/Josh_Williams/Scoring_20Oct/Clem/DSC_0804.tif,3,3,2,2,2,6,1374,1636,2018,2280
/Volumes/shared/Research-Groups/Mark-Banfield/Josh_Williams/Scoring_20Oct/Clem/DSC_0804.tif,3,3,2,2,3,0,1437,1673,2342,2578
/Volumes/shared/Research-Groups/Mark-Banfield/Josh_Williams/Scoring_20Oct/Clem/DSC_0804.tif,3,3,2,2,4,0,1862,2098,2153,2389
/Volumes/shared/Research-Groups/Mark-Banfield/Josh_Williams/Scoring_20Oct/Clem/DSC_0804.tif,3,3,2,2,5,0,1770,2006,1925,2161
/Volumes/shared/Research-Groups/Mark-Banfield/Josh_Williams/Scoring_20Oct/Clem/DSC_0804.tif,3,3,2,2,6,2,1660,1930,1673,1943
/Volumes/shared/Research-Groups/Mark-Banfield/Josh_Williams/Scoring_20Oct/Clem/DSC_0804.tif,3,3,3,1,1,0,490,776,2671,2957
/Volumes/shared/Research-Groups/Mark-Banfield/Josh_Williams/Scoring_20Oct/Clem/DSC_0804.tif,3,3,3,1,2,2,394,662,3026,3294
/Volumes/shared/Research-Groups/Mark-Banfield/Josh_Williams/Scoring_20Oct/Clem/DSC_0804.tif,3,3,3,1,3,3,440,700,3418,3678
/Volumes/shared/Research-Groups/Mark-Banfield/Josh_Williams/Scoring_20Oct/Clem/DSC_0804.tif,3,3,3,1,4,0,1007,1311,3370,3674
/Volumes/shared/Research-Groups/Mark-Banfield/Josh_Williams/Scoring_20Oct/Clem/DSC_0804.tif,3,3,3,1,5,0,952,1282,2961,3291
/Volumes/shared/Research-Groups/Mark-Banfield/Josh_Williams/Scoring_20Oct/Clem/DSC_0804.tif,3,3,3,1,6,0,852,1112,2646,2906
/Volumes/shared/Research-Groups/Mark-Banfield/Josh_Williams/Scoring_20Oct/Clem/DSC_0804.tif,3,3,3,3,1,0,2267,2503,2840,3076
/Volumes/shared/Research-Groups/Mark-Banfield/Josh_Williams/Scoring_20Oct/Clem/DSC_0804.tif,3,3,3,3,2,3,2057,2325,3102,3370
/Volumes/shared/Research-Groups/Mark-Banfield/Josh_Williams/Scoring_20Oct/Clem/DSC_0804.tif,3,3,3,3,3,5,2014,2242,3467,3695
/Volumes/shared/Research-Groups/Mark-Banfield/Josh_Williams/Scoring_20Oct/Clem/DSC_0804.tif,3,3,3,3,4,3,2494,2738,3502,3746
/Volumes/shared/Research-Groups/Mark-Banfield/Josh_Williams/Scoring_20Oct/Clem/DSC_0804.tif,3,3,3,3,5,0,2588,2848,3202,3462
/Volumes/shared/Research-Groups/Mark-Banfield/Josh_Williams/Scoring_20Oct/Clem/DSC_0804.tif,3,3,3,3,6,0,2554,2814,2836,3096
/Volumes/shared/Research-Groups/Mark-Banfield/Josh_Williams/Scoring_20Oct/Clem/DSC_0805.tif,3,3,1,1,1,0,482,768,406,692
/Volumes/shared/Research-Groups/Mark-Banfield/Josh_Williams/Scoring_20Oct/Clem/DSC_0805.tif,3,3,1,1,2,0,278,650,721,1093
/Volumes/shared/Research-Groups/Mark-Banfield/Josh_Williams/Scoring_20Oct/Clem/DSC_0805.tif,3,3,1,1,3,0,388,684,1053,1349
/Volumes/shared/Research-Groups/Mark-Banfield/Josh_Williams/Scoring_20Oct/Clem/DSC_0805.tif,3,3,1,1,4,5,1028,1282,965,1219
/Volumes/shared/Research-Groups/Mark-Banfield/Josh_Williams/Scoring_20Oct/Clem/DSC_0805.tif,3,3,1,1,5,5,920,1214,650,944
/Volumes/shared/Research-Groups/Mark-Banfield/Josh_Williams/Scoring_20Oct/Clem/DSC_0805.tif,3,3,1,1,6,6,810,1080,389,659
/Volumes/shared/Research-Groups/Mark-Banfield/Josh_Williams/Scoring_20Oct/Clem/DSC_0805.tif,3,3,1,3,1,0,1977,2237,440,700
/Volumes/shared/Research-Groups/Mark-Banfield/Josh_Williams/Scoring_20Oct/Clem/DSC_0805.tif,3,3,1,3,2,0,1796,2082,760,1046
/Volumes/shared/Research-Groups/Mark-Banfield/Josh_Williams/Scoring_20Oct/Clem/DSC_0805.tif,3,3,1,3,3,4,1786,2106,1083,1403
/Volumes/shared/Research-Groups/Mark-Banfield/Josh_Williams/Scoring_20Oct/Clem/DSC_0805.tif,3,3,1,3,4,5,2376,2672,1112,1408
/Volumes/shared/Research-Groups/Mark-Banfield/Josh_Williams/Scoring_20Oct/Clem/DSC_0805.tif,3,3,1,3,5,5,2394,2638,814,1058
/Volumes/shared/Research-Groups/Mark-Banfield/Josh_Williams/Scoring_20Oct/Clem/DSC_0805.tif,3,3,1,3,6,0,2356,2550,556,750
/Volumes/shared/Research-Groups/Mark-Banfield/Josh_Williams/Scoring_20Oct/Clem/DSC_0805.tif,3,3,2,2,1,5,1361,1581,1744,1964
/Volumes/shared/Research-Groups/Mark-Banfield/Josh_Williams/Scoring_20Oct/Clem/DSC_0805.tif,3,3,2,2,2,0,1151,1471,2064,2384
/Volumes/shared/Research-Groups/Mark-Banfield/Josh_Williams/Scoring_20Oct/Clem/DSC_0805.tif,3,3,2,2,3,0,1146,1484,2422,2760
/Volumes/shared/Research-Groups/Mark-Banfield/Josh_Williams/Scoring_20Oct/Clem/DSC_0805.tif,3,3,2,2,4,0,1736,2048,2296,2608
/Volumes/shared/Research-Groups/Mark-Banfield/Josh_Williams/Scoring_20Oct/Clem/DSC_0805.tif,3,3,2,2,5,5,1712,1922,2036,2246
/Volumes/shared/Research-Groups/Mark-Banfield/Josh_Williams/Scoring_20Oct/Clem/DSC_0805.tif,3,3,2,2,6,5,1589,1909,1644,1964
/Volumes/shared/Research-Groups/Mark-Banfield/Josh_Williams/Scoring_20Oct/Clem/DSC_0805.tif,3,3,3,1,1,6,540,726,3105,3291
/Volumes/shared/Research-Groups/Mark-Banfield/Josh_Williams/Scoring_20Oct/Clem/DSC_0805.tif,3,3,3,1,2,6,600,600,3404,3404
/Volumes/shared/Research-Groups/Mark-Banfield/Josh_Williams/Scoring_20Oct/Clem/DSC_0805.tif,3,3,3,1,3,0,514,768,3698,3952
/Volumes/shared/Research-Groups/Mark-Banfield/Josh_Williams/Scoring_20Oct/Clem/DSC_0805.tif,3,3,3,1,4,0,952,1214,3572,3834
/Volumes/shared/Research-Groups/Mark-Banfield/Josh_Williams/Scoring_20Oct/Clem/DSC_0805.tif,3,3,3,1,5,0,834,1138,3273,3577
/Volumes/shared/Research-Groups/Mark-Banfield/Josh_Williams/Scoring_20Oct/Clem/DSC_0805.tif,3,3,3,1,6,3,734,996,3024,3286
/Volumes/shared/Research-Groups/Mark-Banfield/Josh_Williams/Scoring_20Oct/Clem/DSC_0805.tif,3,3,3,3,1,3,2230,2466,3042,3278
/Volumes/shared/Research-Groups/Mark-Banfield/Josh_Williams/Scoring_20Oct/Clem/DSC_0805.tif,3,3,3,3,2,4,2166,2360,3378,3572
/Volumes/shared/Research-Groups/Mark-Banfield/Josh_Williams/Scoring_20Oct/Clem/DSC_0805.tif,3,3,3,3,3,4,2103,2313,3632,3842
/Volumes/shared/Research-Groups/Mark-Banfield/Josh_Williams/Scoring_20Oct/Clem/DSC_0805.tif,3,3,3,3,4,0,2654,2916,3639,3901
/Volumes/shared/Research-Groups/Mark-Banfield/Josh_Williams/Scoring_20Oct/Clem/DSC_0805.tif,3,3,3,3,5,0,2654,2874,3323,3543
/Volumes/shared/Research-Groups/Mark-Banfield/Josh_Williams/Scoring_20Oct/Clem/DSC_0805.tif,3,3,3,3,6,0,2630,2824,3050,3244
/Volumes/shared/Research-Groups/Mark-Banfield/Josh_Williams/Scoring_20Oct/Clem/DSC_1592.tif,2,5,1,1,1,1,607,781,550,724
/Volumes/shared/Research-Groups/Mark-Banfield/Josh_Williams/Scoring_20Oct/Clem/DSC_1592.tif,2,5,1,1,2,0,599,817,730,948
/Volumes/shared/Research-Groups/Mark-Banfield/Josh_Williams/Scoring_20Oct/Clem/DSC_1592.tif,2,5,1,1,3,0,472,690,923,1141
/Volumes/shared/Research-Groups/Mark-Banfield/Josh_Williams/Scoring_20Oct/Clem/DSC_1592.tif,2,5,1,1,4,0,862,1074,938,1150
/Volumes/shared/Research-Groups/Mark-Banfield/Josh_Williams/Scoring_20Oct/Clem/DSC_1592.tif,2,5,1,1,5,5,820,1044,690,914
/Volumes/shared/Research-Groups/Mark-Banfield/Josh_Williams/Scoring_20Oct/Clem/DSC_1592.tif,2,5,1,1,6,5,786,982,509,705
/Volumes/shared/Research-Groups/Mark-Banfield/Josh_Williams/Scoring_20Oct/Clem/DSC_1592.tif,2,5,1,2,1,6,1397,1571,466,640
/Volumes/shared/Research-Groups/Mark-Banfield/Josh_Williams/Scoring_20Oct/Clem/DSC_1592.tif,2,5,1,2,2,0,1358,1570,686,898
/Volumes/shared/Research-Groups/Mark-Banfield/Josh_Williams/Scoring_20Oct/Clem/DSC_1592.tif,2,5,1,2,4,0,1734,1974,873,1113
/Volumes/shared/Research-Groups/Mark-Banfield/Josh_Williams/Scoring_20Oct/Clem/DSC_1592.tif,2,5,1,2,5,0,1656,1852,615,811
/Volumes/shared/Research-Groups/Mark-Banfield/Josh_Williams/Scoring_20Oct/Clem/DSC_1592.tif,2,5,1,2,6,5,1574,1764,422,612
/Volumes/shared/Research-Groups/Mark-Banfield/Josh_Williams/Scoring_20Oct/Clem/DSC_1592.tif,2,5,1,3,1,5,2247,2425,512,690
/Volumes/shared/Research-Groups/Mark-Banfield/Josh_Williams/Scoring_20Oct/Clem/DSC_1592.tif,2,5,1,3,2,5,2198,2344,687,833
/Volumes/shared/Research-Groups/Mark-Banfield/Josh_Williams/Scoring_20Oct/Clem/DSC_1592.tif,2,5,1,3,3,1,2252,2426,842,1016
/Volumes/shared/Research-Groups/Mark-Banfield/Josh_Williams/Scoring_20Oct/Clem/DSC_1592.tif,2,5,1,3,4,0,2524,2732,803,1011
/Volumes/shared/Research-Groups/Mark-Banfield/Josh_Williams/Scoring_20Oct/Clem/DSC_1592.tif,2,5,1,3,5,0,2547,2737,624,814
/Volumes/shared/Research-Groups/Mark-Banfield/Josh_Williams/Scoring_20Oct/Clem/DSC_1592.tif,2,5,1,3,6,0,2431,2605,444,618
/Volumes/shared/Research-Groups/Mark-Banfield/Josh_Williams/Scoring_20Oct/Clem/DSC_1592.tif,2,5,1,4,1,0,3034,3260,488,714
/Volumes/shared/Research-Groups/Mark-Banfield/Josh_Williams/Scoring_20Oct/Clem/DSC_1592.tif,2,5,1,4,2,3,3012,3196,739,923
/Volumes/shared/Research-Groups/Mark-Banfield/Josh_Williams/Scoring_20Oct/Clem/DSC_1592.tif,2,5,1,4,3,3,3090,3286,895,1091
/Volumes/shared/Research-Groups/Mark-Banfield/Josh_Williams/Scoring_20Oct/Clem/DSC_1592.tif,2,5,1,4,4,0,3320,3522,797,999
/Volumes/shared/Research-Groups/Mark-Banfield/Josh_Williams/Scoring_20Oct/Clem/DSC_1592.tif,2,5,1,4,5,0,3365,3601,572,808
/Volumes/shared/Research-Groups/Mark-Banfield/Josh_Williams/Scoring_20Oct/Clem/DSC_1592.tif,2,5,1,4,6,0,3233,3463,422,652
/Volumes/shared/Research-Groups/Mark-Banfield/Josh_Williams/Scoring_20Oct/Clem/DSC_1592.tif,2,5,1,5,1,0,3976,4178,494,696
/Volumes/shared/Research-Groups/Mark-Banfield/Josh_Williams/Scoring_20Oct/Clem/DSC_1592.tif,2,5,1,5,2,0,3836,4082,674,920
/Volumes/shared/Research-Groups/Mark-Banfield/Josh_Williams/Scoring_20Oct/Clem/DSC_1592.tif,2,5,1,5,3,4,3876,4082,879,1085
/Volumes/shared/Research-Groups/Mark-Banfield/Josh_Williams/Scoring_20Oct/Clem/DSC_1592.tif,2,5,1,5,4,5,4156,4364,825,1033
/Volumes/shared/Research-Groups/Mark-Banfield/Josh_Williams/Scoring_20Oct/Clem/DSC_1592.tif,2,5,1,5,5,4,4162,4386,668,892
/Volumes/shared/Research-Groups/Mark-Banfield/Josh_Williams/Scoring_20Oct/Clem/DSC_1592.tif,2,5,1,5,6,6,4218,4402,481,665
/Volumes/shared/Research-Groups/Mark-Banfield/Josh_Williams/Scoring_20Oct/Clem/DSC_1592.tif,2,5,2,1,1,0,646,826,1686,1866
/Volumes/shared/Research-Groups/Mark-Banfield/Josh_Williams/Scoring_20Oct/Clem/DSC_1592.tif,2,5,2,1,2,0,536,778,1856,2098
/Volumes/shared/Research-Groups/Mark-Banfield/Josh_Williams/Scoring_20Oct/Clem/DSC_1592.tif,2,5,2,1,3,0,618,792,2104,2278
/Volumes/shared/Research-Groups/Mark-Banfield/Josh_Williams/Scoring_20Oct/Clem/DSC_1592.tif,2,5,2,1,4,4,898,1050,2050,2202
/Volumes/shared/Research-Groups/Mark-Banfield/Josh_Williams/Scoring_20Oct/Clem/DSC_1592.tif,2,5,2,1,5,6,903,1083,1840,2020
/Volumes/shared/Research-Groups/Mark-Banfield/Josh_Williams/Scoring_20Oct/Clem/DSC_1592.tif,2,5,2,1,6,6,851,1007,1672,1828
/Volumes/shared/Research-Groups/Mark-Banfield/Josh_Williams/Scoring_20Oct/Clem/DSC_1592.tif,2,5,2,2,1,3,1364,1572,1610,1818
/Volumes/shared/Research-Groups/Mark-Banfield/Josh_Williams/Scoring_20Oct/Clem/DSC_1592.tif,2,5,2,2,2,0,1246,1492,1816,2062
/Volumes/shared/Research-Groups/Mark-Banfield/Josh_Williams/Scoring_20Oct/Clem/DSC_1592.tif,2,5,2,2,3,0,1243,1495,2048,2300
/Volumes/shared/Research-Groups/Mark-Banfield/Josh_Williams/Scoring_20Oct/Clem/DSC_1592.tif,2,5,2,2,4,0,1671,1901,2014,2244
/Volumes/shared/Research-Groups/Mark-Banfield/Josh_Williams/Scoring_20Oct/Clem/DSC_1592.tif,2,5,2,2,5,3,1615,1835,1772,1992
/Volumes/shared/Research-Groups/Mark-Banfield/Josh_Williams/Scoring_20Oct/Clem/DSC_1592.tif,2,5,2,2,6,5,1582,1800,1563,1781
/Volumes/shared/Research-Groups/Mark-Banfield/Josh_Williams/Scoring_20Oct/Clem/DSC_1592.tif,2,5,2,3,1,6,2165,2295,1638,1768
/Volumes/shared/Research-Groups/Mark-Banfield/Josh_Williams/Scoring_20Oct/Clem/DSC_1592.tif,2,5,2,3,2,0,2114,2294,1821,2001
/Volumes/shared/Research-Groups/Mark-Banfield/Josh_Williams/Scoring_20Oct/Clem/DSC_1592.tif,2,5,2,3,5,0,2362,2580,1781,1999
/Volumes/shared/Research-Groups/Mark-Banfield/Josh_Williams/Scoring_20Oct/Clem/DSC_1592.tif,2,5,2,3,6,6,2322,2468,1669,1815
/Volumes/shared/Research-Groups/Mark-Banfield/Josh_Williams/Scoring_20Oct/Clem/DSC_1592.tif,2,5,2,4,1,6,2945,3203,1588,1846
/Volumes/shared/Research-Groups/Mark-Banfield/Josh_Williams/Scoring_20Oct/Clem/DSC_1592.tif,2,5,2,4,2,5,2878,3130,1804,2056
/Volumes/shared/Research-Groups/Mark-Banfield/Josh_Williams/Scoring_20Oct/Clem/DSC_1592.tif,2,5,2,4,3,0,2910,3108,2069,2267
/Volumes/shared/Research-Groups/Mark-Banfield/Josh_Williams/Scoring_20Oct/Clem/DSC_1592.tif,2,5,2,4,4,0,3332,3538,2040,2246
/Volumes/shared/Research-Groups/Mark-Banfield/Josh_Williams/Scoring_20Oct/Clem/DSC_1592.tif,2,5,2,4,5,0,3292,3544,1728,1980
/Volumes/shared/Research-Groups/Mark-Banfield/Josh_Williams/Scoring_20Oct/Clem/DSC_1592.tif,2,5,2,4,6,0,3186,3460,1529,1803
/Volumes/shared/Research-Groups/Mark-Banfield/Josh_Williams/Scoring_20Oct/Clem/DSC_1592.tif,2,5,2,5,1,0,3948,4128,1660,1840
/Volumes/shared/Research-Groups/Mark-Banfield/Josh_Williams/Scoring_20Oct/Clem/DSC_1592.tif,2,5,2,5,2,3,3937,4157,1884,2104
/Volumes/shared/Research-Groups/Mark-Banfield/Josh_Williams/Scoring_20Oct/Clem/DSC_1592.tif,2,5,2,5,3,3,3908,4060,2111,2263
/Volumes/shared/Research-Groups/Mark-Banfield/Josh_Williams/Scoring_20Oct/Clem/DSC_1592.tif,2,5,2,5,4,0,4274,4476,2044,2246
/Volumes/shared/Research-Groups/Mark-Banfield/Josh_Williams/Scoring_20Oct/Clem/DSC_1592.tif,2,5,2,5,5,0,4172,4392,1783,2003
/Volumes/shared/Research-Groups/Mark-Banfield/Josh_Williams/Scoring_20Oct/Clem/DSC_1592.tif,2,5,2,5,6,0,4106,4308,1570,1772
/Volumes/shared/Research-Groups/Mark-Banfield/Josh_Williams/Scoring_20Oct/Clem/DSC_8269.tif,3,3,1,1,1,0,628,940,380,692
/Volumes/shared/Research-Groups/Mark-Banfield/Josh_Williams/Scoring_20Oct/Clem/DSC_8269.tif,3,3,1,1,2,0,388,760,611,983
/Volumes/shared/Research-Groups/Mark-Banfield/Josh_Williams/Scoring_20Oct/Clem/DSC_8269.tif,3,3,1,1,3,6,582,894,936,1248
/Volumes/shared/Research-Groups/Mark-Banfield/Josh_Williams/Scoring_20Oct/Clem/DSC_8269.tif,3,3,1,1,4,6,1080,1358,911,1189
/Volumes/shared/Research-Groups/Mark-Banfield/Josh_Williams/Scoring_20Oct/Clem/DSC_8269.tif,3,3,1,1,5,6,978,1382,562,966
/Volumes/shared/Research-Groups/Mark-Banfield/Josh_Williams/Scoring_20Oct/Clem/DSC_8269.tif,3,3,1,1,6,6,928,1172,406,650
/Volumes/shared/Research-Groups/Mark-Banfield/Josh_Williams/Scoring_20Oct/Clem/DSC_8269.tif,3,3,1,3,1,6,2048,2310,645,907
/Volumes/shared/Research-Groups/Mark-Banfield/Josh_Williams/Scoring_20Oct/Clem/DSC_8269.tif,3,3,1,3,2,0,1922,2208,903,1189
/Volumes/shared/Research-Groups/Mark-Banfield/Josh_Williams/Scoring_20Oct/Clem/DSC_8269.tif,3,3,1,3,3,0,1990,2318,1219,1547
/Volumes/shared/Research-Groups/Mark-Banfield/Josh_Williams/Scoring_20Oct/Clem/DSC_8269.tif,3,3,1,3,4,6,2428,2714,1147,1433
/Volumes/shared/Research-Groups/Mark-Banfield/Josh_Williams/Scoring_20Oct/Clem/DSC_8269.tif,3,3,1,3,5,6,2347,2625,868,1146
/Volumes/shared/Research-Groups/Mark-Banfield/Josh_Williams/Scoring_20Oct/Clem/DSC_8269.tif,3,3,1,3,6,6,2276,2502,642,868
/Volumes/shared/Research-Groups/Mark-Banfield/Josh_Williams/Scoring_20Oct/Clem/DSC_8269.tif,3,3,2,2,1,5,1316,1602,1758,2044
/Volumes/shared/Research-Groups/Mark-Banfield/Josh_Williams/Scoring_20Oct/Clem/DSC_8269.tif,3,3,2,2,2,5,1286,1546,2032,2292
/Volumes/shared/Research-Groups/Mark-Banfield/Josh_Williams/Scoring_20Oct/Clem/DSC_8269.tif,3,3,2,2,3,6,1231,1467,2224,2460
/Volumes/shared/Research-Groups/Mark-Banfield/Josh_Williams/Scoring_20Oct/Clem/DSC_8269.tif,3,3,2,2,4,0,1660,1938,2170,2448
/Volumes/shared/Research-Groups/Mark-Banfield/Josh_Williams/Scoring_20Oct/Clem/DSC_8269.tif,3,3,2,2,5,5,1728,1980,1922,2174
/Volumes/shared/Research-Groups/Mark-Banfield/Josh_Williams/Scoring_20Oct/Clem/DSC_8269.tif,3,3,2,2,6,5,1610,1804,1779,1973
/Volumes/shared/Research-Groups/Mark-Banfield/Josh_Williams/Scoring_20Oct/Clem/DSC_8269.tif,3,3,3,1,1,5,506,708,2984,3186
/Volumes/shared/Research-Groups/Mark-Banfield/Josh_Williams/Scoring_20Oct/Clem/DSC_8269.tif,3,3,3,1,2,6,506,692,3193,3379
/Volumes/shared/Research-Groups/Mark-Banfield/Josh_Williams/Scoring_20Oct/Clem/DSC_8269.tif,3,3,3,1,3,6,540,760,3395,3615
/Volumes/shared/Research-Groups/Mark-Banfield/Josh_Williams/Scoring_20Oct/Clem/DSC_8269.tif,3,3,3,1,4,0,894,1214,3228,3548
/Volumes/shared/Research-Groups/Mark-Banfield/Josh_Williams/Scoring_20Oct/Clem/DSC_8269.tif,3,3,3,1,5,0,802,1088,2962,3248
/Volumes/shared/Research-Groups/Mark-Banfield/Josh_Williams/Scoring_20Oct/Clem/DSC_8269.tif,3,3,3,3,1,5,2158,2402,2996,3240
/Volumes/shared/Research-Groups/Mark-Banfield/Josh_Williams/Scoring_20Oct/Clem/DSC_8269.tif,3,3,3,3,2,5,2098,2300,3320,3522
/Volumes/shared/Research-Groups/Mark-Banfield/Josh_Williams/Scoring_20Oct/Clem/DSC_8269.tif,3,3,3,3,3,5,2106,2360,3564,3818
/Volumes/shared/Research-Groups/Mark-Banfield/Josh_Williams/Scoring_20Oct/Clem/DSC_8269.tif,3,3,3,3,4,6,2478,2814,3459,3795
/Volumes/shared/Research-Groups/Mark-Banfield/Josh_Williams/Scoring_20Oct/Clem/DSC_8269.tif,3,3,3,3,5,0,2554,2832,3214,3492
/Volumes/shared/Research-Groups/Mark-Banfield/Josh_Williams/Scoring_20Oct/Clem/DSC_8269.tif,3,3,3,3,6,0,2452,2722,2932,3202
/Volumes/shared/Research-Groups/Mark-Banfield/Josh_Williams/Scoring_20Oct/Clem/DSC_7811.tif,2,2,1,1,1,0,1262,1510,735,983
/Volumes/shared/Research-Groups/Mark-Banfield/Josh_Williams/Scoring_20Oct/Clem/DSC_7811.tif,2,2,1,1,2,0,1210,1512,1044,1346
/Volumes/shared/Research-Groups/Mark-Banfield/Josh_Williams/Scoring_20Oct/Clem/DSC_7811.tif,2,2,1,1,3,2,1632,1890,1061,1319
/Volumes/shared/Research-Groups/Mark-Banfield/Josh_Williams/Scoring_20Oct/Clem/DSC_7811.tif,2,2,1,1,4,5,1818,1818,954,954
/Volumes/shared/Research-Groups/Mark-Banfield/Josh_Williams/Scoring_20Oct/Clem/DSC_7811.tif,2,2,1,2,1,0,3010,3356,484,830
/Volumes/shared/Research-Groups/Mark-Banfield/Josh_Williams/Scoring_20Oct/Clem/DSC_7811.tif,2,2,1,2,2,0,2987,3367,904,1284
/Volumes/shared/Research-Groups/Mark-Banfield/Josh_Williams/Scoring_20Oct/Clem/DSC_7811.tif,2,2,1,2,3,1,3483,3847,876,1240
/Volumes/shared/Research-Groups/Mark-Banfield/Josh_Williams/Scoring_20Oct/Clem/DSC_7811.tif,2,2,1,2,4,3,3354,3674,461,781
/Volumes/shared/Research-Groups/Mark-Banfield/Josh_Williams/Scoring_20Oct/Clem/DSC_7811.tif,2,2,2,1,1,0,1330,1622,2030,2322
/Volumes/shared/Research-Groups/Mark-Banfield/Josh_Williams/Scoring_20Oct/Clem/DSC_7811.tif,2,2,2,1,2,0,1221,1579,2468,2826
/Volumes/shared/Research-Groups/Mark-Banfield/Josh_Williams/Scoring_20Oct/Clem/DSC_7811.tif,2,2,2,1,3,1,1700,2026,2456,2782
/Volumes/shared/Research-Groups/Mark-Banfield/Josh_Williams/Scoring_20Oct/Clem/DSC_7811.tif,2,2,2,1,4,0,1675,1977,2020,2322
/Volumes/shared/Research-Groups/Mark-Banfield/Josh_Williams/Scoring_20Oct/Clem/DSC_7811.tif,2,2,2,2,1,0,3192,3478,2042,2328
/Volumes/shared/Research-Groups/Mark-Banfield/Josh_Williams/Scoring_20Oct/Clem/DSC_7811.tif,2,2,2,2,2,3,3144,3468,2396,2720
/Volumes/shared/Research-Groups/Mark-Banfield/Josh_Williams/Scoring_20Oct/Clem/DSC_7811.tif,2,2,2,2,3,5,3654,3900,2368,2614
/Volumes/shared/Research-Groups/Mark-Banfield/Josh_Williams/Scoring_20Oct/Clem/DSC_7811.tif,2,2,2,2,4,5,3485,3789,2008,2312
/Volumes/shared/Research-Groups/Mark-Banfield/Josh_Williams/Scoring_20Oct/Clem/DSC_4543.TIF,3,3,1,1,1,4,430,674,553,797
/Volumes/shared/Research-Groups/Mark-Banfield/Josh_Williams/Scoring_20Oct/Clem/DSC_4543.TIF,3,3,1,1,2,0,236,548,826,1138
/Volumes/shared/Research-Groups/Mark-Banfield/Josh_Williams/Scoring_20Oct/Clem/DSC_4543.TIF,3,3,1,1,3,0,296,616,1188,1508
/Volumes/shared/Research-Groups/Mark-Banfield/Josh_Williams/Scoring_20Oct/Clem/DSC_4543.TIF,3,3,1,1,4,4,802,1096,1072,1366
/Volumes/shared/Research-Groups/Mark-Banfield/Josh_Williams/Scoring_20Oct/Clem/DSC_4543.TIF,3,3,1,1,5,4,802,1020,860,1078
/Volumes/shared/Research-Groups/Mark-Banfield/Josh_Williams/Scoring_20Oct/Clem/DSC_4543.TIF,3,3,1,1,6,4,726,902,625,801
/Volumes/shared/Research-Groups/Mark-Banfield/Josh_Williams/Scoring_20Oct/Clem/DSC_4543.TIF,3,3,1,3,1,3,1858,2068,734,944
/Volumes/shared/Research-Groups/Mark-Banfield/Josh_Williams/Scoring_20Oct/Clem/DSC_4543.TIF,3,3,1,3,2,5,1812,2090,978,1256
/Volumes/shared/Research-Groups/Mark-Banfield/Josh_Williams/Scoring_20Oct/Clem/DSC_4543.TIF,3,3,1,3,3,0,1728,1964,1424,1660
/Volumes/shared/Research-Groups/Mark-Banfield/Josh_Williams/Scoring_20Oct/Clem/DSC_4543.TIF,3,3,1,3,4,0,2280,2566,1214,1500
/Volumes/shared/Research-Groups/Mark-Banfield/Josh_Williams/Scoring_20Oct/Clem/DSC_4543.TIF,3,3,1,3,5,6,2182,2410,919,1147
/Volumes/shared/Research-Groups/Mark-Banfield/Josh_Williams/Scoring_20Oct/Clem/DSC_4543.TIF,3,3,1,3,6,6,2116,2376,671,931
/Volumes/shared/Research-Groups/Mark-Banfield/Josh_Williams/Scoring_20Oct/Clem/DSC_4543.TIF,3,3,2,2,1,5,1193,1411,2040,2258
/Volumes/shared/Research-Groups/Mark-Banfield/Josh_Williams/Scoring_20Oct/Clem/DSC_4543.TIF,3,3,2,2,2,4,1113,1307,2342,2536
/Volumes/shared/Research-Groups/Mark-Banfield/Josh_Williams/Scoring_20Oct/Clem/DSC_4543.TIF,3,3,2,2,3,0,1180,1458,2616,2894
/Volumes/shared/Research-Groups/Mark-Banfield/Josh_Williams/Scoring_20Oct/Clem/DSC_4543.TIF,3,3,2,2,4,0,1652,1896,2377,2621
/Volumes/shared/Research-Groups/Mark-Banfield/Josh_Williams/Scoring_20Oct/Clem/DSC_4543.TIF,3,3,2,2,5,0,1424,1728,2153,2457
/Volumes/shared/Research-Groups/Mark-Banfield/Josh_Williams/Scoring_20Oct/Clem/DSC_4543.TIF,3,3,2,2,6,5,1408,1594,1951,2137
/Volumes/shared/Research-Groups/Mark-Banfield/Josh_Williams/Scoring_20Oct/Clem/DSC_4543.TIF,3,3,3,1,1,3,254,506,3190,3442
/Volumes/shared/Research-Groups/Mark-Banfield/Josh_Williams/Scoring_20Oct/Clem/DSC_4543.TIF,3,3,3,1,2,4,220,464,3438,3682
/Volumes/shared/Research-Groups/Mark-Banfield/Josh_Williams/Scoring_20Oct/Clem/DSC_4543.TIF,3,3,3,1,3,4,330,574,3699,3943
/Volumes/shared/Research-Groups/Mark-Banfield/Josh_Williams/Scoring_20Oct/Clem/DSC_4543.TIF,3,3,3,1,4,4,802,1172,3505,3875
/Volumes/shared/Research-Groups/Mark-Banfield/Josh_Williams/Scoring_20Oct/Clem/DSC_4543.TIF,3,3,3,1,5,0,742,986,3316,3560
/Volumes/shared/Research-Groups/Mark-Banfield/Josh_Williams/Scoring_20Oct/Clem/DSC_4543.TIF,3,3,3,1,6,0,600,852,3034,3286
/Volumes/shared/Research-Groups/Mark-Banfield/Josh_Williams/Scoring_20Oct/Clem/DSC_4543.TIF,3,3,3,3,1,0,1906,2216,3186,3496
/Volumes/shared/Research-Groups/Mark-Banfield/Josh_Williams/Scoring_20Oct/Clem/DSC_4543.TIF,3,3,3,3,2,3,1872,2098,3506,3732
/Volumes/shared/Research-Groups/Mark-Banfield/Josh_Williams/Scoring_20Oct/Clem/DSC_4543.TIF,3,3,3,3,3,3,2022,2250,3859,4087
/Volumes/shared/Research-Groups/Mark-Banfield/Josh_Williams/Scoring_20Oct/Clem/DSC_4543.TIF,3,3,3,3,4,4,2478,2680,3526,3728
/Volumes/shared/Research-Groups/Mark-Banfield/Josh_Williams/Scoring_20Oct/Clem/DSC_4543.TIF,3,3,3,3,5,4,2334,2562,3303,3531
/Volumes/shared/Research-Groups/Mark-Banfield/Josh_Williams/Scoring_20Oct/Clem/DSC_4543.TIF,3,3,3,3,6,0,2242,2460,3085,3303
/Volumes/shared/Research-Groups/Mark-Banfield/Josh_Williams/Scoring_20Oct/Clem/DSC_1556.tif,2,5,1,1,1,6,540,686,352,498
/Volumes/shared/Research-Groups/Mark-Banfield/Josh_Williams/Scoring_20Oct/Clem/DSC_1556.tif,2,5,1,1,2,0,455,623,506,674
/Volumes/shared/Research-Groups/Mark-Banfield/Josh_Williams/Scoring_20Oct/Clem/DSC_1556.tif,2,5,1,1,3,0,455,601,680,826
/Volumes/shared/Research-Groups/Mark-Banfield/Josh_Williams/Scoring_20Oct/Clem/DSC_1556.tif,2,5,1,1,4,6,718,886,637,805
/Volumes/shared/Research-Groups/Mark-Banfield/Josh_Williams/Scoring_20Oct/Clem/DSC_1556.tif,2,5,1,1,5,6,735,909,460,634
/Volumes/shared/Research-Groups/Mark-Banfield/Josh_Williams/Scoring_20Oct/Clem/DSC_1556.tif,2,5,1,1,6,0,718,892,323,497
/Volumes/shared/Research-Groups/Mark-Banfield/Josh_Williams/Scoring_20Oct/Clem/DSC_1556.tif,2,5,1,2,1,0,1330,1514,327,511
/Volumes/shared/Research-Groups/Mark-Banfield/Josh_Williams/Scoring_20Oct/Clem/DSC_1556.tif,2,5,1,2,2,6,1247,1419,484,656
/Volumes/shared/Research-Groups/Mark-Banfield/Josh_Williams/Scoring_20Oct/Clem/DSC_1556.tif,2,5,1,2,4,0,1548,1728,665,845
/Volumes/shared/Research-Groups/Mark-Banfield/Josh_Williams/Scoring_20Oct/Clem/DSC_1556.tif,2,5,1,2,5,5,1520,1710,456,646
/Volumes/shared/Research-Groups/Mark-Banfield/Josh_Williams/Scoring_20Oct/Clem/DSC_1556.tif,2,5,1,2,6,6,1486,1616,326,456
/Volumes/shared/Research-Groups/Mark-Banfield/Josh_Williams/Scoring_20Oct/Clem/DSC_1556.tif,2,5,1,3,1,4,2055,2269,314,528
/Volumes/shared/Research-Groups/Mark-Banfield/Josh_Williams/Scoring_20Oct/Clem/DSC_1556.tif,2,5,1,3,2,2,2036,2170,562,696
/Volumes/shared/Research-Groups/Mark-Banfield/Josh_Williams/Scoring_20Oct/Clem/DSC_1556.tif,2,5,1,3,3,2,2048,2260,680,892
/Volumes/shared/Research-Groups/Mark-Banfield/Josh_Williams/Scoring_20Oct/Clem/DSC_1556.tif,2,5,1,3,4,0,2378,2596,640,858
/Volumes/shared/Research-Groups/Mark-Banfield/Josh_Williams/Scoring_20Oct/Clem/DSC_1556.tif,2,5,1,3,5,0,2409,2595,404,590
/Volumes/shared/Research-Groups/Mark-Banfield/Josh_Williams/Scoring_20Oct/Clem/DSC_1556.tif,2,5,1,3,6,3,2247,2459,226,438
/Volumes/shared/Research-Groups/Mark-Banfield/Josh_Williams/Scoring_20Oct/Clem/DSC_1556.tif,2,5,1,4,1,5,2987,3199,304,516
/Volumes/shared/Research-Groups/Mark-Banfield/Josh_Williams/Scoring_20Oct/Clem/DSC_1556.tif,2,5,1,4,2,5,2950,3124,506,680
/Volumes/shared/Research-Groups/Mark-Banfield/Josh_Williams/Scoring_20Oct/Clem/DSC_1556.tif,2,5,1,4,3,0,3046,3208,710,872
/Volumes/shared/Research-Groups/Mark-Banfield/Josh_Williams/Scoring_20Oct/Clem/DSC_1556.tif,2,5,1,4,4,3,3223,3435,624,836
/Volumes/shared/Research-Groups/Mark-Banfield/Josh_Williams/Scoring_20Oct/Clem/DSC_1556.tif,2,5,1,4,5,0,3304,3528,391,615
/Volumes/shared/Research-Groups/Mark-Banfield/Josh_Williams/Scoring_20Oct/Clem/DSC_1556.tif,2,5,1,4,6,0,3196,3382,258,444
/Volumes/shared/Research-Groups/Mark-Banfield/Josh_Williams/Scoring_20Oct/Clem/DSC_1556.tif,2,5,1,5,1,0,3920,4134,242,456
/Volumes/shared/Research-Groups/Mark-Banfield/Josh_Williams/Scoring_20Oct/Clem/DSC_1556.tif,2,5,1,5,2,3,3817,4013,494,690
/Volumes/shared/Research-Groups/Mark-Banfield/Josh_Williams/Scoring_20Oct/Clem/DSC_1556.tif,2,5,1,5,3,1,3912,4186,674,948
/Volumes/shared/Research-Groups/Mark-Banfield/Josh_Williams/Scoring_20Oct/Clem/DSC_1556.tif,2,5,1,5,4,0,4228,4430,730,932
/Volumes/shared/Research-Groups/Mark-Banfield/Josh_Williams/Scoring_20Oct/Clem/DSC_1556.tif,2,5,1,5,5,2,4195,4431,438,674
/Volumes/shared/Research-Groups/Mark-Banfield/Josh_Williams/Scoring_20Oct/Clem/DSC_1556.tif,2,5,1,5,6,0,4145,4397,152,404
/Volumes/shared/Research-Groups/Mark-Banfield/Josh_Williams/Scoring_20Oct/Clem/DSC_1556.tif,2,5,2,1,1,0,444,646,1650,1852
/Volumes/shared/Research-Groups/Mark-Banfield/Josh_Williams/Scoring_20Oct/Clem/DSC_1556.tif,2,5,2,1,2,0,286,528,1800,2042
/Volumes/shared/Research-Groups/Mark-Banfield/Josh_Williams/Scoring_20Oct/Clem/DSC_1556.tif,2,5,2,1,3,3,376,634,2036,2294
/Volumes/shared/Research-Groups/Mark-Banfield/Josh_Williams/Scoring_20Oct/Clem/DSC_1556.tif,2,5,2,1,4,4,714,966,2082,2334
/Volumes/shared/Research-Groups/Mark-Banfield/Josh_Williams/Scoring_20Oct/Clem/DSC_1556.tif,2,5,2,1,5,0,770,982,1866,2078
/Volumes/shared/Research-Groups/Mark-Banfield/Josh_Williams/Scoring_20Oct/Clem/DSC_1556.tif,2,5,2,1,6,5,718,926,1660,1868
/Volumes/shared/Research-Groups/Mark-Banfield/Josh_Williams/Scoring_20Oct/Clem/DSC_1556.tif,2,5,2,2,1,5,1333,1585,1622,1874
/Volumes/shared/Research-Groups/Mark-Banfield/Josh_Williams/Scoring_20Oct/Clem/DSC_1556.tif,2,5,2,2,2,0,1228,1476,1862,2110
/Volumes/shared/Research-Groups/Mark-Banfield/Josh_Williams/Scoring_20Oct/Clem/DSC_1556.tif,2,5,2,2,3,0,1355,1585,2086,2316
/Volumes/shared/Research-Groups/Mark-Banfield/Josh_Williams/Scoring_20Oct/Clem/DSC_1556.tif,2,5,2,2,4,3,1624,1916,2036,2328
/Volumes/shared/Research-Groups/Mark-Banfield/Josh_Williams/Scoring_20Oct/Clem/DSC_1556.tif,2,5,2,2,5,5,1706,1924,1838,2056
/Volumes/shared/Research-Groups/Mark-Banfield/Josh_Williams/Scoring_20Oct/Clem/DSC_1556.tif,2,5,2,2,6,0,1644,1858,1604,1818
/Volumes/shared/Research-Groups/Mark-Banfield/Josh_Williams/Scoring_20Oct/Clem/DSC_1556.tif,2,5,2,3,1,0,2272,2474,1570,1772
/Volumes/shared/Research-Groups/Mark-Banfield/Josh_Williams/Scoring_20Oct/Clem/DSC_1556.tif,2,5,2,3,2,3,2208,2398,1784,1974
/Volumes/shared/Research-Groups/Mark-Banfield/Josh_Williams/Scoring_20Oct/Clem/DSC_1556.tif,2,5,2,3,3,0,2160,2428,2015,2283
/Volumes/shared/Research-Groups/Mark-Banfield/Josh_Williams/Scoring_20Oct/Clem/DSC_1556.tif,2,5,2,3,4,0,2552,2810,1992,2250
/Volumes/shared/Research-Groups/Mark-Banfield/Josh_Williams/Scoring_20Oct/Clem/DSC_1556.tif,2,5,2,3,5,3,2536,2766,1722,1952
/Volumes/shared/Research-Groups/Mark-Banfield/Josh_Williams/Scoring_20Oct/Clem/DSC_1556.tif,2,5,2,3,6,4,2506,2704,1542,1740
/Volumes/shared/Research-Groups/Mark-Banfield/Josh_Williams/Scoring_20Oct/Clem/DSC_1556.tif,2,5,2,4,1,3,3096,3276,1632,1812
/Volumes/shared/Research-Groups/Mark-Banfield/Josh_Williams/Scoring_20Oct/Clem/DSC_1556.tif,2,5,2,4,2,0,3124,3332,1832,2040
/Volumes/shared/Research-Groups/Mark-Banfield/Josh_Williams/Scoring_20Oct/Clem/DSC_1556.tif,2,5,2,4,3,3,3062,3348,1977,2263
/Volumes/shared/Research-Groups/Mark-Banfield/Josh_Williams/Scoring_20Oct/Clem/DSC_1556.tif,2,5,2,4,4,0,3420,3646,1968,2194
/Volumes/shared/Research-Groups/Mark-Banfield/Josh_Williams/Scoring_20Oct/Clem/DSC_1556.tif,2,5,2,4,5,0,3416,3652,1711,1947
/Volumes/shared/Research-Groups/Mark-Banfield/Josh_Williams/Scoring_20Oct/Clem/DSC_1556.tif,2,5,2,4,6,4,3304,3528,1540,1764
/Volumes/shared/Research-Groups/Mark-Banfield/Josh_Williams/Scoring_20Oct/Clem/DSC_1556.tif,2,5,2,5,1,3,3996,4198,1700,1902
/Volumes/shared/Research-Groups/Mark-Banfield/Josh_Williams/Scoring_20Oct/Clem/DSC_1556.tif,2,5,2,5,2,4,3928,4124,1880,2076
/Volumes/shared/Research-Groups/Mark-Banfield/Josh_Williams/Scoring_20Oct/Clem/DSC_1556.tif,2,5,2,5,3,0,4050,4240,2096,2286
/Volumes/shared/Research-Groups/Mark-Banfield/Josh_Williams/Scoring_20Oct/Clem/DSC_1556.tif,2,5,2,5,4,3,4266,4506,2026,2266
/Volumes/shared/Research-Groups/Mark-Banfield/Josh_Williams/Scoring_20Oct/Clem/DSC_1556.tif,2,5,2,5,5,0,4326,4506,1828,2008
/Volumes/shared/Research-Groups/Mark-Banfield/Josh_Williams/Scoring_20Oct/Clem/DSC_1556.tif,2,5,2,5,6,0,4222,4430,1616,1824
/Volumes/shared/Research-Groups/Mark-Banfield/Josh_Williams/Scoring_20Oct/Clem/_DSC3042.TIF,3,3,1,1,1,4,762,1000,863,1101
/Volumes/shared/Research-Groups/Mark-Banfield/Josh_Williams/Scoring_20Oct/Clem/_DSC3042.TIF,3,3,1,1,2,0,544,914,1115,1485
/Volumes/shared/Research-Groups/Mark-Banfield/Josh_Williams/Scoring_20Oct/Clem/_DSC3042.TIF,3,3,1,1,3,0,644,1062,1486,1904
/Volumes/shared/Research-Groups/Mark-Banfield/Josh_Williams/Scoring_20Oct/Clem/_DSC3042.TIF,3,3,1,1,4,2,1096,1438,1514,1856
/Volumes/shared/Research-Groups/Mark-Banfield/Josh_Williams/Scoring_20Oct/Clem/_DSC3042.TIF,3,3,1,1,5,5,1123,1467,1190,1534
/Volumes/shared/Research-Groups/Mark-Banfield/Josh_Williams/Scoring_20Oct/Clem/_DSC3042.TIF,3,3,1,3,1,4,2542,2838,1048,1344
/Volumes/shared/Research-Groups/Mark-Banfield/Josh_Williams/Scoring_20Oct/Clem/_DSC3042.TIF,3,3,1,3,2,0,2294,2608,1300,1614
/Volumes/shared/Research-Groups/Mark-Banfield/Josh_Williams/Scoring_20Oct/Clem/_DSC3042.TIF,3,3,1,3,3,2,2238,2656,1562,1980
/Volumes/shared/Research-Groups/Mark-Banfield/Josh_Williams/Scoring_20Oct/Clem/_DSC3042.TIF,3,3,1,3,4,0,2942,3294,1643,1995
/Volumes/shared/Research-Groups/Mark-Banfield/Josh_Williams/Scoring_20Oct/Clem/_DSC3042.TIF,3,3,1,3,5,0,2980,3256,1353,1629
/Volumes/shared/Research-Groups/Mark-Banfield/Josh_Williams/Scoring_20Oct/Clem/_DSC3042.TIF,3,3,1,3,6,5,2818,3114,1114,1410
/Volumes/shared/Research-Groups/Mark-Banfield/Josh_Williams/Scoring_20Oct/Clem/_DSC3042.TIF,3,3,2,2,1,6,1780,2124,2119,2463
/Volumes/shared/Research-Groups/Mark-Banfield/Josh_Williams/Scoring_20Oct/Clem/_DSC3042.TIF,3,3,2,2,2,1,1585,1967,2494,2876
/Volumes/shared/Research-Groups/Mark-Banfield/Josh_Williams/Scoring_20Oct/Clem/_DSC3042.TIF,3,3,2,2,3,0,1638,1942,2866,3170
/Volumes/shared/Research-Groups/Mark-Banfield/Josh_Williams/Scoring_20Oct/Clem/_DSC3042.TIF,3,3,2,2,4,3,2286,2608,2852,3174
/Volumes/shared/Research-Groups/Mark-Banfield/Josh_Williams/Scoring_20Oct/Clem/_DSC3042.TIF,3,3,2,2,5,3,2248,2618,2476,2846
/Volumes/shared/Research-Groups/Mark-Banfield/Josh_Williams/Scoring_20Oct/Clem/_DSC3042.TIF,3,3,2,2,6,0,2142,2486,2194,2538
/Volumes/shared/Research-Groups/Mark-Banfield/Josh_Williams/Scoring_20Oct/Clem/_DSC3042.TIF,3,3,3,1,1,3,1068,1352,3481,3765
/Volumes/shared/Research-Groups/Mark-Banfield/Josh_Williams/Scoring_20Oct/Clem/_DSC3042.TIF,3,3,3,1,2,6,830,1220,3756,4146
/Volumes/shared/Research-Groups/Mark-Banfield/Josh_Williams/Scoring_20Oct/Clem/_DSC3042.TIF,3,3,3,1,4,0,1542,1838,4117,4413
/Volumes/shared/Research-Groups/Mark-Banfield/Josh_Williams/Scoring_20Oct/Clem/_DSC3042.TIF,3,3,3,1,5,0,1476,1828,3775,4127
/Volumes/shared/Research-Groups/Mark-Banfield/Josh_Williams/Scoring_20Oct/Clem/_DSC3042.TIF,3,3,3,1,6,3,1304,1658,3398,3752
/Volumes/shared/Research-Groups/Mark-Banfield/Josh_Williams/Scoring_20Oct/Clem/_DSC3042.TIF,3,3,3,3,1,5,2524,2808,3804,4088
/Volumes/shared/Research-Groups/Mark-Banfield/Josh_Williams/Scoring_20Oct/Clem/_DSC3042.TIF,3,3,3,3,2,1,2352,2752,4170,4570
/Volumes/shared/Research-Groups/Mark-Banfield/Josh_Williams/Scoring_20Oct/Clem/_DSC3042.TIF,3,3,3,3,3,0,2400,2790,4569,4959
/Volumes/shared/Research-Groups/Mark-Banfield/Josh_Williams/Scoring_20Oct/Clem/_DSC3042.TIF,3,3,3,3,4,1,3132,3514,4555,4937
/Volumes/shared/Research-Groups/Mark-Banfield/Josh_Williams/Scoring_20Oct/Clem/_DSC3042.TIF,3,3,3,3,5,0,3142,3466,4160,4484
/Volumes/shared/Research-Groups/Mark-Banfield/Josh_Williams/Scoring_20Oct/Clem/_DSC3042.TIF,3,3,3,3,6,0,2914,3314,3647,4047
/Volumes/shared/Research-Groups/Mark-Banfield/Josh_Williams/Scoring_20Oct/Clem/DSC_7490.TIF,3,3,1,2,1,0,1205,1509,734,1038
/Volumes/shared/Research-Groups/Mark-Banfield/Josh_Williams/Scoring_20Oct/Clem/DSC_7490.TIF,3,3,1,2,2,0,1054,1416,1071,1433
/Volumes/shared/Research-Groups/Mark-Banfield/Josh_Williams/Scoring_20Oct/Clem/DSC_7490.TIF,3,3,1,2,3,0,1146,1518,1415,1787
/Volumes/shared/Research-Groups/Mark-Banfield/Josh_Williams/Scoring_20Oct/Clem/DSC_7490.TIF,3,3,1,2,4,0,1804,2192,1348,1736
/Volumes/shared/Research-Groups/Mark-Banfield/Josh_Williams/Scoring_20Oct/Clem/DSC_7490.TIF,3,3,1,2,5,0,1712,2022,966,1276
/Volumes/shared/Research-Groups/Mark-Banfield/Josh_Williams/Scoring_20Oct/Clem/DSC_7490.TIF,3,3,1,2,6,2,1584,1888,699,1003
/Volumes/shared/Research-Groups/Mark-Banfield/Josh_Williams/Scoring_20Oct/Clem/DSC_7490.TIF,3,3,2,1,1,0,536,814,2048,2326
/Volumes/shared/Research-Groups/Mark-Banfield/Josh_Williams/Scoring_20Oct/Clem/DSC_7490.TIF,3,3,2,1,2,0,430,726,2296,2592
/Volumes/shared/Research-Groups/Mark-Banfield/Josh_Williams/Scoring_20Oct/Clem/DSC_7490.TIF,3,3,2,1,3,0,490,802,2549,2861
/Volumes/shared/Research-Groups/Mark-Banfield/Josh_Williams/Scoring_20Oct/Clem/DSC_7490.TIF,3,3,2,1,4,0,1100,1362,2494,2756
/Volumes/shared/Research-Groups/Mark-Banfield/Josh_Williams/Scoring_20Oct/Clem/DSC_7490.TIF,3,3,2,1,5,0,1046,1282,2204,2440
/Volumes/shared/Research-Groups/Mark-Banfield/Josh_Williams/Scoring_20Oct/Clem/DSC_7490.TIF,3,3,2,1,6,3,834,1138,1917,2221
/Volumes/shared/Research-Groups/Mark-Banfield/Josh_Williams/Scoring_20Oct/Clem/DSC_7490.TIF,3,3,2,3,1,1,2178,2474,1702,1998
/Volumes/shared/Research-Groups/Mark-Banfield/Josh_Williams/Scoring_20Oct/Clem/DSC_7490.TIF,3,3,2,3,2,0,1922,2342,1994,2414
/Volumes/shared/Research-Groups/Mark-Banfield/Josh_Williams/Scoring_20Oct/Clem/DSC_7490.TIF,3,3,2,3,3,0,1972,2326,2419,2773
/Volumes/shared/Research-Groups/Mark-Banfield/Josh_Williams/Scoring_20Oct/Clem/DSC_7490.TIF,3,3,2,3,4,0,2650,2954,2444,2748
/Volumes/shared/Research-Groups/Mark-Banfield/Josh_Williams/Scoring_20Oct/Clem/DSC_7490.TIF,3,3,2,3,5,0,2672,3008,2074,2410
/Volumes/shared/Research-Groups/Mark-Banfield/Josh_Williams/Scoring_20Oct/Clem/DSC_7490.TIF,3,3,2,3,6,0,2562,2798,1732,1968
/Volumes/shared/Research-Groups/Mark-Banfield/Josh_Williams/Scoring_20Oct/Clem/DSC_7490.TIF,3,3,3,1,1,0,474,776,3430,3732
/Volumes/shared/Research-Groups/Mark-Banfield/Josh_Williams/Scoring_20Oct/Clem/DSC_7490.TIF,3,3,3,1,2,0,246,574,3738,4066
/Volumes/shared/Research-Groups/Mark-Banfield/Josh_Williams/Scoring_20Oct/Clem/DSC_7490.TIF,3,3,3,1,3,0,346,718,4061,4433
/Volumes/shared/Research-Groups/Mark-Banfield/Josh_Williams/Scoring_20Oct/Clem/DSC_7490.TIF,3,3,3,1,4,0,932,1370,3926,4364
/Volumes/shared/Research-Groups/Mark-Banfield/Josh_Williams/Scoring_20Oct/Clem/DSC_7490.TIF,3,3,3,1,5,0,894,1274,3559,3939
/Volumes/shared/Research-Groups/Mark-Banfield/Josh_Williams/Scoring_20Oct/Clem/DSC_7490.TIF,3,3,3,3,1,0,1998,2352,3248,3602
/Volumes/shared/Research-Groups/Mark-Banfield/Josh_Williams/Scoring_20Oct/Clem/DSC_7490.TIF,3,3,3,3,2,0,1828,2216,3577,3965
/Volumes/shared/Research-Groups/Mark-Banfield/Josh_Williams/Scoring_20Oct/Clem/DSC_7490.TIF,3,3,3,3,3,0,1922,2310,3952,4340
/Volumes/shared/Research-Groups/Mark-Banfield/Josh_Williams/Scoring_20Oct/Clem/DSC_7490.TIF,3,3,3,3,4,0,2570,2932,3884,4246
/Volumes/shared/Research-Groups/Mark-Banfield/Josh_Williams/Scoring_20Oct/Clem/DSC_7490.TIF,3,3,3,3,5,0,2486,2898,3447,3859
/Volumes/shared/Research-Groups/Mark-Banfield/Josh_Williams/Scoring_20Oct/Clem/DSC_7490.TIF,3,3,3,3,6,0,2318,2680,3185,3547
/Volumes/shared/Research-Groups/Mark-Banfield/Josh_Williams/Scoring_20Oct/Clem/DSC_7710.TIF,3,3,1,2,1,6,1390,1636,606,852
/Volumes/shared/Research-Groups/Mark-Banfield/Josh_Williams/Scoring_20Oct/Clem/DSC_7710.TIF,3,3,1,2,2,5,1382,1602,936,1156
/Volumes/shared/Research-Groups/Mark-Banfield/Josh_Williams/Scoring_20Oct/Clem/DSC_7710.TIF,3,3,1,2,3,5,1306,1492,1213,1399
/Volumes/shared/Research-Groups/Mark-Banfield/Josh_Williams/Scoring_20Oct/Clem/DSC_7710.TIF,3,3,1,2,5,5,1807,2035,936,1164
/Volumes/shared/Research-Groups/Mark-Banfield/Josh_Williams/Scoring_20Oct/Clem/DSC_7710.TIF,3,3,1,2,6,5,1626,1904,666,944
/Volumes/shared/Research-Groups/Mark-Banfield/Josh_Williams/Scoring_20Oct/Clem/DSC_7710.TIF,3,3,2,1,1,6,886,1088,1820,2022
/Volumes/shared/Research-Groups/Mark-Banfield/Josh_Williams/Scoring_20Oct/Clem/DSC_7710.TIF,3,3,2,1,2,5,717,987,2040,2310
/Volumes/shared/Research-Groups/Mark-Banfield/Josh_Williams/Scoring_20Oct/Clem/DSC_7710.TIF,3,3,2,1,3,6,725,937,2376,2588
/Volumes/shared/Research-Groups/Mark-Banfield/Josh_Williams/Scoring_20Oct/Clem/DSC_7710.TIF,3,3,2,1,4,4,1264,1476,2367,2579
/Volumes/shared/Research-Groups/Mark-Banfield/Josh_Williams/Scoring_20Oct/Clem/DSC_7710.TIF,3,3,2,1,5,5,1274,1492,2103,2321
/Volumes/shared/Research-Groups/Mark-Banfield/Josh_Williams/Scoring_20Oct/Clem/DSC_7710.TIF,3,3,2,1,6,6,1152,1404,1872,2124
/Volumes/shared/Research-Groups/Mark-Banfield/Josh_Williams/Scoring_20Oct/Clem/DSC_7710.TIF,3,3,2,3,1,6,2174,2470,1841,2137
/Volumes/shared/Research-Groups/Mark-Banfield/Josh_Williams/Scoring_20Oct/Clem/DSC_7710.TIF,3,3,2,3,2,6,2010,2280,2140,2410
/Volumes/shared/Research-Groups/Mark-Banfield/Josh_Williams/Scoring_20Oct/Clem/DSC_7710.TIF,3,3,2,3,3,6,2032,2318,2410,2696
/Volumes/shared/Research-Groups/Mark-Banfield/Josh_Williams/Scoring_20Oct/Clem/DSC_7710.TIF,3,3,2,3,5,6,2591,2879,2106,2394
/Volumes/shared/Research-Groups/Mark-Banfield/Josh_Williams/Scoring_20Oct/Clem/DSC_7710.TIF,3,3,2,3,6,6,2470,2680,1876,2086
/Volumes/shared/Research-Groups/Mark-Banfield/Josh_Williams/Scoring_20Oct/Clem/DSC_7710.TIF,3,3,3,1,1,6,952,1180,3429,3657
/Volumes/shared/Research-Groups/Mark-Banfield/Josh_Williams/Scoring_20Oct/Clem/DSC_7710.TIF,3,3,3,1,2,6,826,1070,3678,3922
/Volumes/shared/Research-Groups/Mark-Banfield/Josh_Williams/Scoring_20Oct/Clem/DSC_7710.TIF,3,3,3,1,3,6,878,1130,3948,4200
/Volumes/shared/Research-Groups/Mark-Banfield/Josh_Williams/Scoring_20Oct/Clem/DSC_7710.TIF,3,3,3,1,4,6,1492,1728,3952,4188
/Volumes/shared/Research-Groups/Mark-Banfield/Josh_Williams/Scoring_20Oct/Clem/DSC_7710.TIF,3,3,3,1,5,6,1450,1678,3636,3864
/Volumes/shared/Research-Groups/Mark-Banfield/Josh_Williams/Scoring_20Oct/Clem/DSC_7710.TIF,3,3,3,1,6,6,1256,1492,3341,3577
/Volumes/shared/Research-Groups/Mark-Banfield/Josh_Williams/Scoring_20Oct/Clem/DSC_7710.TIF,3,3,3,3,1,5,2258,2604,3219,3565
/Volumes/shared/Research-Groups/Mark-Banfield/Josh_Williams/Scoring_20Oct/Clem/DSC_7710.TIF,3,3,3,3,2,5,2124,2384,3523,3783
/Volumes/shared/Research-Groups/Mark-Banfield/Josh_Williams/Scoring_20Oct/Clem/DSC_7710.TIF,3,3,3,3,3,4,2086,2322,3902,4138
/Volumes/shared/Research-Groups/Mark-Banfield/Josh_Williams/Scoring_20Oct/Clem/DSC_7710.TIF,3,3,3,3,4,4,2688,2966,3930,4208
/Volumes/shared/Research-Groups/Mark-Banfield/Josh_Williams/Scoring_20Oct/Clem/DSC_7710.TIF,3,3,3,3,5,5,2651,2937,3624,3910
/Volumes/shared/Research-Groups/Mark-Banfield/Josh_Williams/Scoring_20Oct/Clem/DSC_7710.TIF,3,3,3,3,6,6,2604,2848,3370,3614
/Volumes/shared/Research-Groups/Mark-Banfield/Josh_Williams/Scoring_20Oct/Clem/DSC_0810.tif,3,3,1,1,1,0,178,498,275,595
/Volumes/shared/Research-Groups/Mark-Banfield/Josh_Williams/Scoring_20Oct/Clem/DSC_0810.tif,3,3,1,1,2,6,156,426,590,860
/Volumes/shared/Research-Groups/Mark-Banfield/Josh_Williams/Scoring_20Oct/Clem/DSC_0810.tif,3,3,1,1,3,4,296,506,844,1054
/Volumes/shared/Research-Groups/Mark-Banfield/Josh_Williams/Scoring_20Oct/Clem/DSC_0810.tif,3,3,1,1,4,6,776,1046,776,1046
/Volumes/shared/Research-Groups/Mark-Banfield/Josh_Williams/Scoring_20Oct/Clem/DSC_0810.tif,3,3,1,1,5,6,688,982,456,750
/Volumes/shared/Research-Groups/Mark-Banfield/Josh_Williams/Scoring_20Oct/Clem/DSC_0810.tif,3,3,1,1,6,0,552,788,236,472
/Volumes/shared/Research-Groups/Mark-Banfield/Josh_Williams/Scoring_20Oct/Clem/DSC_0810.tif,3,3,1,3,1,0,2452,2688,308,544
/Volumes/shared/Research-Groups/Mark-Banfield/Josh_Williams/Scoring_20Oct/Clem/DSC_0810.tif,3,3,1,3,2,0,2204,2558,532,886
/Volumes/shared/Research-Groups/Mark-Banfield/Josh_Williams/Scoring_20Oct/Clem/DSC_0810.tif,3,3,1,3,3,3,2132,2436,843,1147
/Volumes/shared/Research-Groups/Mark-Banfield/Josh_Williams/Scoring_20Oct/Clem/DSC_0810.tif,3,3,1,3,4,6,2718,2962,936,1180
/Volumes/shared/Research-Groups/Mark-Banfield/Josh_Williams/Scoring_20Oct/Clem/DSC_0810.tif,3,3,1,3,5,6,2794,3072,632,910
/Volumes/shared/Research-Groups/Mark-Banfield/Josh_Williams/Scoring_20Oct/Clem/DSC_0810.tif,3,3,1,3,6,6,2706,2966,393,653
/Volumes/shared/Research-Groups/Mark-Banfield/Josh_Williams/Scoring_20Oct/Clem/DSC_0810.tif,3,3,2,2,1,6,1274,1476,1122,1324
/Volumes/shared/Research-Groups/Mark-Banfield/Josh_Williams/Scoring_20Oct/Clem/DSC_0810.tif,3,3,2,2,2,0,1096,1408,1302,1614
/Volumes/shared/Research-Groups/Mark-Banfield/Josh_Williams/Scoring_20Oct/Clem/DSC_0810.tif,3,3,2,2,3,0,1112,1416,1614,1918
/Volumes/shared/Research-Groups/Mark-Banfield/Josh_Williams/Scoring_20Oct/Clem/DSC_0810.tif,3,3,2,2,4,2,1615,1841,1476,1702
/Volumes/shared/Research-Groups/Mark-Banfield/Josh_Williams/Scoring_20Oct/Clem/DSC_0810.tif,3,3,2,2,5,3,1576,1754,1302,1480
/Volumes/shared/Research-Groups/Mark-Banfield/Josh_Williams/Scoring_20Oct/Clem/DSC_0810.tif,3,3,3,1,1,5,608,834,2276,2502
/Volumes/shared/Research-Groups/Mark-Banfield/Josh_Williams/Scoring_20Oct/Clem/DSC_0810.tif,3,3,3,1,2,5,431,659,2570,2798
/Volumes/shared/Research-Groups/Mark-Banfield/Josh_Williams/Scoring_20Oct/Clem/DSC_0810.tif,3,3,3,1,3,0,406,776,2798,3168
/Volumes/shared/Research-Groups/Mark-Banfield/Josh_Williams/Scoring_20Oct/Clem/DSC_0810.tif,3,3,3,1,4,0,986,1282,2717,3013
/Volumes/shared/Research-Groups/Mark-Banfield/Josh_Williams/Scoring_20Oct/Clem/DSC_0810.tif,3,3,3,1,5,4,962,1188,2453,2679
/Volumes/shared/Research-Groups/Mark-Banfield/Josh_Williams/Scoring_20Oct/Clem/DSC_0810.tif,3,3,3,1,6,4,856,1076,2208,2428
/Volumes/shared/Research-Groups/Mark-Banfield/Josh_Williams/Scoring_20Oct/Clem/DSC_0810.tif,3,3,3,3,1,5,2006,2268,2056,2318
/Volumes/shared/Research-Groups/Mark-Banfield/Josh_Williams/Scoring_20Oct/Clem/DSC_0810.tif,3,3,3,3,2,5,1838,2148,2310,2620
/Volumes/shared/Research-Groups/Mark-Banfield/Josh_Williams/Scoring_20Oct/Clem/DSC_0810.tif,3,3,3,3,3,5,1930,2192,2662,2924
/Volumes/shared/Research-Groups/Mark-Banfield/Josh_Williams/Scoring_20Oct/Clem/DSC_0810.tif,3,3,3,3,4,0,2402,2706,2591,2895
/Volumes/shared/Research-Groups/Mark-Banfield/Josh_Williams/Scoring_20Oct/Clem/DSC_0810.tif,3,3,3,3,5,0,2347,2609,2292,2554
/Volumes/shared/Research-Groups/Mark-Banfield/Josh_Williams/Scoring_20Oct/Clem/DSC_0810.tif,3,3,3,3,6,5,2275,2537,2006,2268
/Volumes/shared/Research-Groups/Mark-Banfield/Josh_Williams/Scoring_20Oct/Clem/DSC_2871.tif,1,2,1,1,1,0,531,869,1626,1964
/Volumes/shared/Research-Groups/Mark-Banfield/Josh_Williams/Scoring_20Oct/Clem/DSC_2871.tif,1,2,1,1,2,0,464,852,1989,2377
/Volumes/shared/Research-Groups/Mark-Banfield/Josh_Williams/Scoring_20Oct/Clem/DSC_2871.tif,1,2,1,1,3,0,945,1331,1956,2342
/Volumes/shared/Research-Groups/Mark-Banfield/Josh_Williams/Scoring_20Oct/Clem/DSC_2871.tif,1,2,1,1,4,5,928,1264,1636,1972
/Volumes/shared/Research-Groups/Mark-Banfield/Josh_Williams/Scoring_20Oct/Clem/DSC_2871.tif,1,2,1,2,1,0,2040,2368,1711,2039
/Volumes/shared/Research-Groups/Mark-Banfield/Josh_Williams/Scoring_20Oct/Clem/DSC_2871.tif,1,2,1,2,2,0,1931,2317,2074,2460
/Volumes/shared/Research-Groups/Mark-Banfield/Josh_Williams/Scoring_20Oct/Clem/DSC_2871.tif,1,2,1,2,3,0,2448,2836,2090,2478
/Volumes/shared/Research-Groups/Mark-Banfield/Josh_Williams/Scoring_20Oct/Clem/DSC_2871.tif,1,2,1,2,4,5,2376,2696,1720,2040
/Volumes/shared/Research-Groups/Mark-Banfield/Josh_Williams/Scoring_20Oct/Clem/DSC_8264.tif,3,3,1,1,1,0,596,906,246,556
/Volumes/shared/Research-Groups/Mark-Banfield/Josh_Williams/Scoring_20Oct/Clem/DSC_8264.tif,3,3,1,1,2,0,494,780,574,860
/Volumes/shared/Research-Groups/Mark-Banfield/Josh_Williams/Scoring_20Oct/Clem/DSC_8264.tif,3,3,1,1,3,0,600,902,848,1150
/Volumes/shared/Research-Groups/Mark-Banfield/Josh_Williams/Scoring_20Oct/Clem/DSC_8264.tif,3,3,1,1,4,2,1028,1298,733,1003
/Volumes/shared/Research-Groups/Mark-Banfield/Josh_Williams/Scoring_20Oct/Clem/DSC_8264.tif,3,3,1,1,5,5,1020,1240,464,684
/Volumes/shared/Research-Groups/Mark-Banfield/Josh_Williams/Scoring_20Oct/Clem/DSC_8264.tif,3,3,1,1,6,5,878,1112,271,505
/Volumes/shared/Research-Groups/Mark-Banfield/Josh_Williams/Scoring_20Oct/Clem/DSC_8264.tif,3,3,1,3,1,6,2199,2419,388,608
/Volumes/shared/Research-Groups/Mark-Banfield/Josh_Williams/Scoring_20Oct/Clem/DSC_8264.tif,3,3,1,3,2,0,1977,2289,532,844
/Volumes/shared/Research-Groups/Mark-Banfield/Josh_Williams/Scoring_20Oct/Clem/DSC_8264.tif,3,3,1,3,3,0,1990,2268,881,1159
/Volumes/shared/Research-Groups/Mark-Banfield/Josh_Williams/Scoring_20Oct/Clem/DSC_8264.tif,3,3,1,3,4,0,2486,2764,844,1122
/Volumes/shared/Research-Groups/Mark-Banfield/Josh_Williams/Scoring_20Oct/Clem/DSC_8264.tif,3,3,1,3,5,6,2470,2706,570,806
/Volumes/shared/Research-Groups/Mark-Banfield/Josh_Williams/Scoring_20Oct/Clem/DSC_8264.tif,3,3,1,3,6,6,2440,2666,330,556
/Volumes/shared/Research-Groups/Mark-Banfield/Josh_Williams/Scoring_20Oct/Clem/DSC_8264.tif,3,3,2,2,1,5,1336,1598,1450,1712
/Volumes/shared/Research-Groups/Mark-Banfield/Josh_Williams/Scoring_20Oct/Clem/DSC_8264.tif,3,3,2,2,2,5,1274,1518,1690,1934
/Volumes/shared/Research-Groups/Mark-Banfield/Josh_Williams/Scoring_20Oct/Clem/DSC_8264.tif,3,3,2,2,3,0,1298,1584,1938,2224
/Volumes/shared/Research-Groups/Mark-Banfield/Josh_Williams/Scoring_20Oct/Clem/DSC_8264.tif,3,3,2,2,5,0,1694,1998,1555,1859
/Volumes/shared/Research-Groups/Mark-Banfield/Josh_Williams/Scoring_20Oct/Clem/DSC_8264.tif,3,3,2,2,6,3,1584,1804,1416,1636
/Volumes/shared/Research-Groups/Mark-Banfield/Josh_Williams/Scoring_20Oct/Clem/DSC_8264.tif,3,3,3,1,1,3,582,860,2781,3059
/Volumes/shared/Research-Groups/Mark-Banfield/Josh_Williams/Scoring_20Oct/Clem/DSC_8264.tif,3,3,3,1,2,4,586,806,3092,3312
/Volumes/shared/Research-Groups/Mark-Banfield/Josh_Williams/Scoring_20Oct/Clem/DSC_8264.tif,3,3,3,1,3,4,684,970,3287,3573
/Volumes/shared/Research-Groups/Mark-Banfield/Josh_Williams/Scoring_20Oct/Clem/DSC_8264.tif,3,3,3,1,4,0,1062,1374,3202,3514
/Volumes/shared/Research-Groups/Mark-Banfield/Josh_Williams/Scoring_20Oct/Clem/DSC_8264.tif,3,3,3,1,5,0,1028,1358,2889,3219
/Volumes/shared/Research-Groups/Mark-Banfield/Josh_Williams/Scoring_20Oct/Clem/DSC_8264.tif,3,3,3,1,6,2,894,1156,2658,2920
/Volumes/shared/Research-Groups/Mark-Banfield/Josh_Williams/Scoring_20Oct/Clem/DSC_8264.tif,3,3,3,3,1,0,1981,2191,2672,2882
/Volumes/shared/Research-Groups/Mark-Banfield/Josh_Williams/Scoring_20Oct/Clem/DSC_8264.tif,3,3,3,3,2,1,1964,2300,2878,3214
/Volumes/shared/Research-Groups/Mark-Banfield/Josh_Williams/Scoring_20Oct/Clem/DSC_8264.tif,3,3,3,3,3,2,2032,2292,3186,3446
/Volumes/shared/Research-Groups/Mark-Banfield/Josh_Williams/Scoring_20Oct/Clem/DSC_8264.tif,3,3,3,3,4,4,2486,2706,3063,3283
/Volumes/shared/Research-Groups/Mark-Banfield/Josh_Williams/Scoring_20Oct/Clem/DSC_8264.tif,3,3,3,3,5,0,2334,2604,2764,3034
/Volumes/shared/Research-Groups/Mark-Banfield/Josh_Williams/Scoring_20Oct/Clem/DSC_1178.tif,3,3,1,1,2,0,616,878,598,860
/Volumes/shared/Research-Groups/Mark-Banfield/Josh_Williams/Scoring_20Oct/Clem/DSC_1178.tif,3,3,1,1,3,0,544,848,860,1164
/Volumes/shared/Research-Groups/Mark-Banfield/Josh_Williams/Scoring_20Oct/Clem/DSC_1178.tif,3,3,1,1,4,4,1029,1273,944,1188
/Volumes/shared/Research-Groups/Mark-Banfield/Josh_Williams/Scoring_20Oct/Clem/DSC_1178.tif,3,3,1,1,5,5,1050,1276,608,834
/Volumes/shared/Research-Groups/Mark-Banfield/Josh_Williams/Scoring_20Oct/Clem/DSC_1178.tif,3,3,1,1,6,6,975,1185,380,590
/Volumes/shared/Research-Groups/Mark-Banfield/Josh_Williams/Scoring_20Oct/Clem/DSC_1178.tif,3,3,1,3,1,5,1904,2116,434,646
/Volumes/shared/Research-Groups/Mark-Banfield/Josh_Williams/Scoring_20Oct/Clem/DSC_1178.tif,3,3,1,3,2,6,1796,1990,755,949
/Volumes/shared/Research-Groups/Mark-Banfield/Josh_Williams/Scoring_20Oct/Clem/DSC_1178.tif,3,3,1,3,3,0,1762,2074,1066,1378
/Volumes/shared/Research-Groups/Mark-Banfield/Josh_Williams/Scoring_20Oct/Clem/DSC_1178.tif,3,3,1,3,4,0,2326,2646,890,1210
/Volumes/shared/Research-Groups/Mark-Banfield/Josh_Williams/Scoring_20Oct/Clem/DSC_1178.tif,3,3,1,3,5,5,2242,2520,616,894
/Volumes/shared/Research-Groups/Mark-Banfield/Josh_Williams/Scoring_20Oct/Clem/DSC_1178.tif,3,3,1,3,6,6,2182,2402,341,561
/Volumes/shared/Research-Groups/Mark-Banfield/Josh_Williams/Scoring_20Oct/Clem/DSC_1178.tif,3,3,2,2,1,5,1392,1568,1552,1728
/Volumes/shared/Research-Groups/Mark-Banfield/Josh_Williams/Scoring_20Oct/Clem/DSC_1178.tif,3,3,2,2,2,4,1324,1568,1778,2022
/Volumes/shared/Research-Groups/Mark-Banfield/Josh_Williams/Scoring_20Oct/Clem/DSC_1178.tif,3,3,2,2,3,5,1248,1434,2263,2449
/Volumes/shared/Research-Groups/Mark-Banfield/Josh_Williams/Scoring_20Oct/Clem/DSC_1178.tif,3,3,2,2,4,0,1655,1951,2064,2360
/Volumes/shared/Research-Groups/Mark-Banfield/Josh_Williams/Scoring_20Oct/Clem/DSC_1178.tif,3,3,2,2,5,0,1619,1871,1770,2022
/Volumes/shared/Research-Groups/Mark-Banfield/Josh_Williams/Scoring_20Oct/Clem/DSC_1178.tif,3,3,2,2,6,3,1610,1880,1488,1758
/Volumes/shared/Research-Groups/Mark-Banfield/Josh_Williams/Scoring_20Oct/Clem/DSC_1178.tif,3,3,3,1,1,5,540,792,2672,2924
/Volumes/shared/Research-Groups/Mark-Banfield/Josh_Williams/Scoring_20Oct/Clem/DSC_1178.tif,3,3,3,1,2,6,414,674,3018,3278
/Volumes/shared/Research-Groups/Mark-Banfield/Josh_Williams/Scoring_20Oct/Clem/DSC_1178.tif,3,3,3,1,3,5,600,886,3257,3543
/Volumes/shared/Research-Groups/Mark-Banfield/Josh_Williams/Scoring_20Oct/Clem/DSC_1178.tif,3,3,3,1,4,4,1054,1298,3240,3484
/Volumes/shared/Research-Groups/Mark-Banfield/Josh_Williams/Scoring_20Oct/Clem/DSC_1178.tif,3,3,3,1,5,0,978,1248,2886,3156
/Volumes/shared/Research-Groups/Mark-Banfield/Josh_Williams/Scoring_20Oct/Clem/DSC_1178.tif,3,3,3,1,6,0,852,1096,2604,2848
/Volumes/shared/Research-Groups/Mark-Banfield/Josh_Williams/Scoring_20Oct/Clem/DSC_1178.tif,3,3,3,3,1,0,2090,2368,2730,3008
/Volumes/shared/Research-Groups/Mark-Banfield/Josh_Williams/Scoring_20Oct/Clem/DSC_1178.tif,3,3,3,3,2,4,2022,2310,3016,3304
/Volumes/shared/Research-Groups/Mark-Banfield/Josh_Williams/Scoring_20Oct/Clem/DSC_1178.tif,3,3,3,3,3,4,2040,2334,3337,3631
/Volumes/shared/Research-Groups/Mark-Banfield/Josh_Williams/Scoring_20Oct/Clem/DSC_1178.tif,3,3,3,3,4,4,2616,2836,3252,3472
/Volumes/shared/Research-Groups/Mark-Banfield/Josh_Williams/Scoring_20Oct/Clem/DSC_1178.tif,3,3,3,3,5,5,2520,2722,2970,3172
/Volumes/shared/Research-Groups/Mark-Banfield/Josh_Williams/Scoring_20Oct/Clem/DSC_1178.tif,3,3,3,3,6,0,2411,2671,2672,2932
/Volumes/shared/Research-Groups/Mark-Banfield/Josh_Williams/Scoring_20Oct/Clem/DSC_8263.tif,3,3,1,1,1,6,632,920,371,659
/Volumes/shared/Research-Groups/Mark-Banfield/Josh_Williams/Scoring_20Oct/Clem/DSC_8263.tif,3,3,1,1,2,0,620,924,666,970
/Volumes/shared/Research-Groups/Mark-Banfield/Josh_Williams/Scoring_20Oct/Clem/DSC_8263.tif,3,3,1,1,3,0,537,907,996,1366
/Volumes/shared/Research-Groups/Mark-Banfield/Josh_Williams/Scoring_20Oct/Clem/DSC_8263.tif,3,3,1,1,4,0,1054,1366,970,1282
/Volumes/shared/Research-Groups/Mark-Banfield/Josh_Williams/Scoring_20Oct/Clem/DSC_8263.tif,3,3,1,1,5,3,983,1261,674,952
/Volumes/shared/Research-Groups/Mark-Banfield/Josh_Williams/Scoring_20Oct/Clem/DSC_8263.tif,3,3,1,1,6,5,886,1164,443,721
/Volumes/shared/Research-Groups/Mark-Banfield/Josh_Williams/Scoring_20Oct/Clem/DSC_8263.tif,3,3,1,3,5,0,2376,2680,654,958
/Volumes/shared/Research-Groups/Mark-Banfield/Josh_Williams/Scoring_20Oct/Clem/DSC_8263.tif,3,3,1,3,6,3,2242,2470,502,730
/Volumes/shared/Research-Groups/Mark-Banfield/Josh_Williams/Scoring_20Oct/Clem/DSC_8263.tif,3,3,2,2,1,5,1264,1526,1723,1985
/Volumes/shared/Research-Groups/Mark-Banfield/Josh_Williams/Scoring_20Oct/Clem/DSC_8263.tif,3,3,2,2,2,6,1230,1458,1930,2158
/Volumes/shared/Research-Groups/Mark-Banfield/Josh_Williams/Scoring_20Oct/Clem/DSC_8263.tif,3,3,2,2,3,6,1374,1618,2128,2372
/Volumes/shared/Research-Groups/Mark-Banfield/Josh_Williams/Scoring_20Oct/Clem/DSC_8263.tif,3,3,2,2,4,0,1686,1938,2040,2292
/Volumes/shared/Research-Groups/Mark-Banfield/Josh_Williams/Scoring_20Oct/Clem/DSC_8263.tif,3,3,2,2,5,0,1678,1922,1754,1998
/Volumes/shared/Research-Groups/Mark-Banfield/Josh_Williams/Scoring_20Oct/Clem/DSC_8263.tif,3,3,2,2,6,0,1518,1728,1606,1816
/Volumes/shared/Research-Groups/Mark-Banfield/Josh_Williams/Scoring_20Oct/Clem/DSC_8263.tif,3,3,3,1,1,0,894,1104,2790,3000
/Volumes/shared/Research-Groups/Mark-Banfield/Josh_Williams/Scoring_20Oct/Clem/DSC_8263.tif,3,3,3,1,2,5,856,1050,3050,3244
/Volumes/shared/Research-Groups/Mark-Banfield/Josh_Williams/Scoring_20Oct/Clem/DSC_8263.tif,3,3,3,1,3,5,759,961,3278,3480
/Volumes/shared/Research-Groups/Mark-Banfield/Josh_Williams/Scoring_20Oct/Clem/DSC_8263.tif,3,3,3,1,4,6,1104,1350,3336,3582
/Volumes/shared/Research-Groups/Mark-Banfield/Josh_Williams/Scoring_20Oct/Clem/DSC_8263.tif,3,3,3,1,5,0,1210,1454,3102,3346
/Volumes/shared/Research-Groups/Mark-Banfield/Josh_Williams/Scoring_20Oct/Clem/DSC_8263.tif,3,3,3,1,6,0,1097,1357,2756,3016
/Volumes/shared/Research-Groups/Mark-Banfield/Josh_Williams/Scoring_20Oct/Clem/DSC_8263.tif,3,3,3,3,1,0,2166,2460,2874,3168
/Volumes/shared/Research-Groups/Mark-Banfield/Josh_Williams/Scoring_20Oct/Clem/DSC_8263.tif,3,3,3,3,2,0,2040,2334,3202,3496
/Volumes/shared/Research-Groups/Mark-Banfield/Josh_Williams/Scoring_20Oct/Clem/DSC_8263.tif,3,3,3,3,3,2,2124,2460,3493,3829
/Volumes/shared/Research-Groups/Mark-Banfield/Josh_Williams/Scoring_20Oct/Clem/DSC_8263.tif,3,3,3,3,4,6,2638,2882,3450,3694
/Volumes/shared/Research-Groups/Mark-Banfield/Josh_Williams/Scoring_20Oct/Clem/DSC_8263.tif,3,3,3,3,5,6,2604,2898,3135,3429
/Volumes/shared/Research-Groups/Mark-Banfield/Josh_Williams/Scoring_20Oct/Clem/DSC_8263.tif,3,3,3,3,6,0,2502,2772,2869,3139
/Volumes/shared/Research-Groups/Mark-Banfield/Josh_Williams/Scoring_20Oct/Clem/_DSC7622.tif,3,3,1,1,1,0,830,1086,672,928
/Volumes/shared/Research-Groups/Mark-Banfield/Josh_Williams/Scoring_20Oct/Clem/_DSC7622.tif,3,3,1,1,2,0,620,848,1010,1238
/Volumes/shared/Research-Groups/Mark-Banfield/Josh_Williams/Scoring_20Oct/Clem/_DSC7622.tif,3,3,1,1,3,0,572,876,1338,1642
/Volumes/shared/Research-Groups/Mark-Banfield/Josh_Williams/Scoring_20Oct/Clem/_DSC7622.tif,3,3,1,1,4,3,1238,1496,1224,1482
/Volumes/shared/Research-Groups/Mark-Banfield/Josh_Williams/Scoring_20Oct/Clem/_DSC7622.tif,3,3,1,1,5,5,1124,1314,996,1186
/Volumes/shared/Research-Groups/Mark-Banfield/Josh_Williams/Scoring_20Oct/Clem/_DSC7622.tif,3,3,1,1,6,1,1134,1362,720,948
/Volumes/shared/Research-Groups/Mark-Banfield/Josh_Williams/Scoring_20Oct/Clem/_DSC7622.tif,3,3,1,3,1,0,2252,2490,752,990
/Volumes/shared/Research-Groups/Mark-Banfield/Josh_Williams/Scoring_20Oct/Clem/_DSC7622.tif,3,3,1,3,2,0,1990,2294,1001,1305
/Volumes/shared/Research-Groups/Mark-Banfield/Josh_Williams/Scoring_20Oct/Clem/_DSC7622.tif,3,3,1,3,3,0,2076,2428,1424,1776
/Volumes/shared/Research-Groups/Mark-Banfield/Josh_Williams/Scoring_20Oct/Clem/_DSC7622.tif,3,3,1,3,4,0,2676,2970,1295,1589
/Volumes/shared/Research-Groups/Mark-Banfield/Josh_Williams/Scoring_20Oct/Clem/_DSC7622.tif,3,3,1,3,5,6,2570,2866,943,1239
/Volumes/shared/Research-Groups/Mark-Banfield/Josh_Williams/Scoring_20Oct/Clem/_DSC7622.tif,3,3,1,3,6,6,2542,2770,686,914
/Volumes/shared/Research-Groups/Mark-Banfield/Josh_Williams/Scoring_20Oct/Clem/_DSC7622.tif,3,3,2,2,1,4,1666,1924,2213,2471
/Volumes/shared/Research-Groups/Mark-Banfield/Josh_Williams/Scoring_20Oct/Clem/_DSC7622.tif,3,3,2,2,2,0,1595,1843,2476,2724
/Volumes/shared/Research-Groups/Mark-Banfield/Josh_Williams/Scoring_20Oct/Clem/_DSC7622.tif,3,3,2,2,3,0,1443,1747,2752,3056
/Volumes/shared/Research-Groups/Mark-Banfield/Josh_Williams/Scoring_20Oct/Clem/_DSC7622.tif,3,3,2,2,4,0,2056,2304,2694,2942
/Volumes/shared/Research-Groups/Mark-Banfield/Josh_Williams/Scoring_20Oct/Clem/_DSC7622.tif,3,3,2,2,5,0,1942,2228,2428,2714
/Volumes/shared/Research-Groups/Mark-Banfield/Josh_Williams/Scoring_20Oct/Clem/_DSC7622.tif,3,3,2,2,6,6,1948,2156,2172,2380
/Volumes/shared/Research-Groups/Mark-Banfield/Josh_Williams/Scoring_20Oct/Clem/_DSC7622.tif,3,3,3,1,1,4,676,906,3626,3856
/Volumes/shared/Research-Groups/Mark-Banfield/Josh_Williams/Scoring_20Oct/Clem/_DSC7622.tif,3,3,3,1,2,6,620,848,3908,4136
/Volumes/shared/Research-Groups/Mark-Banfield/Josh_Williams/Scoring_20Oct/Clem/_DSC7622.tif,3,3,3,1,3,0,638,876,4255,4493
/Volumes/shared/Research-Groups/Mark-Banfield/Josh_Williams/Scoring_20Oct/Clem/_DSC7622.tif,3,3,3,1,4,0,1086,1352,4104,4370
/Volumes/shared/Research-Groups/Mark-Banfield/Josh_Williams/Scoring_20Oct/Clem/_DSC7622.tif,3,3,3,1,5,0,1010,1248,3765,4003
/Volumes/shared/Research-Groups/Mark-Banfield/Josh_Williams/Scoring_20Oct/Clem/_DSC7622.tif,3,3,3,3,1,0,2181,2475,3618,3912
/Volumes/shared/Research-Groups/Mark-Banfield/Josh_Williams/Scoring_20Oct/Clem/_DSC7622.tif,3,3,3,3,2,5,2152,2438,3989,4275
/Volumes/shared/Research-Groups/Mark-Banfield/Josh_Williams/Scoring_20Oct/Clem/_DSC7622.tif,3,3,3,3,3,3,2256,2532,4261,4537
/Volumes/shared/Research-Groups/Mark-Banfield/Josh_Williams/Scoring_20Oct/Clem/_DSC7622.tif,3,3,3,3,4,0,2752,3066,4256,4570
/Volumes/shared/Research-Groups/Mark-Banfield/Josh_Williams/Scoring_20Oct/Clem/_DSC7622.tif,3,3,3,3,5,0,2590,2942,3775,4127
/Volumes/shared/Research-Groups/Mark-Banfield/Josh_Williams/Scoring_20Oct/Clem/_DSC7622.tif,3,3,3,3,6,0,2532,2800,3565,3833
/Volumes/shared/Research-Groups/Mark-Banfield/Josh_Williams/Scoring_20Oct/Clem/DSC_7585.TIF,3,3,1,2,1,4,1382,1652,296,566
/Volumes/shared/Research-Groups/Mark-Banfield/Josh_Williams/Scoring_20Oct/Clem/DSC_7585.TIF,3,3,1,2,2,3,1206,1526,612,932
/Volumes/shared/Research-Groups/Mark-Banfield/Josh_Williams/Scoring_20Oct/Clem/DSC_7585.TIF,3,3,1,2,3,3,1214,1560,894,1240
/Volumes/shared/Research-Groups/Mark-Banfield/Josh_Williams/Scoring_20Oct/Clem/DSC_7585.TIF,3,3,1,2,4,3,1812,2048,877,1113
/Volumes/shared/Research-Groups/Mark-Banfield/Josh_Williams/Scoring_20Oct/Clem/DSC_7585.TIF,3,3,1,2,5,3,1744,2040,539,835
/Volumes/shared/Research-Groups/Mark-Banfield/Josh_Williams/Scoring_20Oct/Clem/DSC_7585.TIF,3,3,1,2,6,5,1652,1896,275,519
/Volumes/shared/Research-Groups/Mark-Banfield/Josh_Williams/Scoring_20Oct/Clem/DSC_7585.TIF,3,3,2,1,1,5,650,894,1366,1610
/Volumes/shared/Research-Groups/Mark-Banfield/Josh_Williams/Scoring_20Oct/Clem/DSC_7585.TIF,3,3,2,1,2,4,452,738,1720,2006
/Volumes/shared/Research-Groups/Mark-Banfield/Josh_Williams/Scoring_20Oct/Clem/DSC_7585.TIF,3,3,2,1,3,0,524,844,2023,2343
/Volumes/shared/Research-Groups/Mark-Banfield/Josh_Williams/Scoring_20Oct/Clem/DSC_7585.TIF,3,3,2,1,4,1,1176,1428,1888,2140
/Volumes/shared/Research-Groups/Mark-Banfield/Josh_Williams/Scoring_20Oct/Clem/DSC_7585.TIF,3,3,2,1,5,4,1020,1298,1560,1838
/Volumes/shared/Research-Groups/Mark-Banfield/Josh_Williams/Scoring_20Oct/Clem/DSC_7585.TIF,3,3,2,1,6,5,920,1180,1299,1559
/Volumes/shared/Research-Groups/Mark-Banfield/Josh_Williams/Scoring_20Oct/Clem/DSC_7585.TIF,3,3,2,3,1,5,1972,2268,1327,1623
/Volumes/shared/Research-Groups/Mark-Banfield/Josh_Williams/Scoring_20Oct/Clem/DSC_7585.TIF,3,3,2,3,2,3,1863,2141,1626,1904
/Volumes/shared/Research-Groups/Mark-Banfield/Josh_Williams/Scoring_20Oct/Clem/DSC_7585.TIF,3,3,2,3,3,2,1896,2150,2018,2272
/Volumes/shared/Research-Groups/Mark-Banfield/Josh_Williams/Scoring_20Oct/Clem/DSC_7585.TIF,3,3,2,3,4,0,2486,2738,1998,2250
/Volumes/shared/Research-Groups/Mark-Banfield/Josh_Williams/Scoring_20Oct/Clem/DSC_7585.TIF,3,3,2,3,5,3,2384,2662,1602,1880
/Volumes/shared/Research-Groups/Mark-Banfield/Josh_Williams/Scoring_20Oct/Clem/DSC_7585.TIF,3,3,2,3,6,3,2300,2520,1353,1573
/Volumes/shared/Research-Groups/Mark-Banfield/Josh_Williams/Scoring_20Oct/Clem/DSC_7585.TIF,3,3,3,1,1,4,448,792,3186,3530
/Volumes/shared/Research-Groups/Mark-Banfield/Josh_Williams/Scoring_20Oct/Clem/DSC_7585.TIF,3,3,3,1,2,4,528,856,3506,3834
/Volumes/shared/Research-Groups/Mark-Banfield/Josh_Williams/Scoring_20Oct/Clem/DSC_7585.TIF,3,3,3,1,3,4,1113,1451,3480,3818
/Volumes/shared/Research-Groups/Mark-Banfield/Josh_Williams/Scoring_20Oct/Clem/DSC_7585.TIF,3,3,3,1,4,4,1168,1438,3076,3346
/Volumes/shared/Research-Groups/Mark-Banfield/Josh_Williams/Scoring_20Oct/Clem/DSC_7585.TIF,3,3,3,1,5,5,1012,1248,2802,3038
/Volumes/shared/Research-Groups/Mark-Banfield/Josh_Williams/Scoring_20Oct/Clem/DSC_7585.TIF,3,3,3,1,6,4,986,1230,2798,3042
/Volumes/shared/Research-Groups/Mark-Banfield/Josh_Williams/Scoring_20Oct/Clem/DSC_7585.TIF,3,3,3,3,1,3,1922,2208,2890,3176
/Volumes/shared/Research-Groups/Mark-Banfield/Josh_Williams/Scoring_20Oct/Clem/DSC_7585.TIF,3,3,3,3,2,4,1872,2166,3211,3505
/Volumes/shared/Research-Groups/Mark-Banfield/Josh_Williams/Scoring_20Oct/Clem/DSC_7585.TIF,3,3,3,3,3,1,1990,2224,3557,3791
/Volumes/shared/Research-Groups/Mark-Banfield/Josh_Williams/Scoring_20Oct/Clem/DSC_7585.TIF,3,3,3,3,4,0,2478,2806,3438,3766
/Volumes/shared/Research-Groups/Mark-Banfield/Josh_Williams/Scoring_20Oct/Clem/DSC_7585.TIF,3,3,3,3,5,3,2410,3152,2911,3653
/Volumes/shared/Research-Groups/Mark-Banfield/Josh_Williams/Scoring_20Oct/Clem/DSC_7585.TIF,3,3,3,3,6,3,2258,2588,2734,3064
/Volumes/shared/Research-Groups/Mark-Banfield/Josh_Williams/Scoring_20Oct/Clem/DSC_1350.tif,3,3,1,1,1,0,414,708,258,552
/Volumes/shared/Research-Groups/Mark-Banfield/Josh_Williams/Scoring_20Oct/Clem/DSC_1350.tif,3,3,1,1,2,0,312,582,645,915
/Volumes/shared/Research-Groups/Mark-Banfield/Josh_Williams/Scoring_20Oct/Clem/DSC_1350.tif,3,3,1,1,3,6,430,700,1024,1294
/Volumes/shared/Research-Groups/Mark-Banfield/Josh_Williams/Scoring_20Oct/Clem/DSC_1350.tif,3,3,1,1,4,6,996,1188,886,1078
/Volumes/shared/Research-Groups/Mark-Banfield/Josh_Williams/Scoring_20Oct/Clem/DSC_1350.tif,3,3,1,1,5,6,910,1122,573,785
/Volumes/shared/Research-Groups/Mark-Banfield/Josh_Williams/Scoring_20Oct/Clem/DSC_1350.tif,3,3,1,1,6,6,776,996,270,490
/Volumes/shared/Research-Groups/Mark-Banfield/Josh_Williams/Scoring_20Oct/Clem/DSC_1350.tif,3,3,1,3,1,6,1993,2171,472,650
/Volumes/shared/Research-Groups/Mark-Banfield/Josh_Williams/Scoring_20Oct/Clem/DSC_1350.tif,3,3,1,3,2,0,1888,2216,625,953
/Volumes/shared/Research-Groups/Mark-Banfield/Josh_Williams/Scoring_20Oct/Clem/DSC_1350.tif,3,3,1,3,3,0,1838,2124,1083,1369
/Volumes/shared/Research-Groups/Mark-Banfield/Josh_Williams/Scoring_20Oct/Clem/DSC_1350.tif,3,3,1,3,4,4,2326,2528,1000,1202
/Volumes/shared/Research-Groups/Mark-Banfield/Josh_Williams/Scoring_20Oct/Clem/DSC_1350.tif,3,3,1,3,5,6,2250,2478,700,928
/Volumes/shared/Research-Groups/Mark-Banfield/Josh_Williams/Scoring_20Oct/Clem/DSC_1350.tif,3,3,1,3,6,6,2200,2428,451,679
/Volumes/shared/Research-Groups/Mark-Banfield/Josh_Williams/Scoring_20Oct/Clem/DSC_1350.tif,3,3,2,2,1,6,1618,1836,1754,1972
/Volumes/shared/Research-Groups/Mark-Banfield/Josh_Williams/Scoring_20Oct/Clem/DSC_1350.tif,3,3,2,2,2,6,1370,1588,1922,2140
/Volumes/shared/Research-Groups/Mark-Banfield/Josh_Williams/Scoring_20Oct/Clem/DSC_1350.tif,3,3,2,2,3,0,1257,1585,2310,2638
/Volumes/shared/Research-Groups/Mark-Banfield/Josh_Williams/Scoring_20Oct/Clem/DSC_1350.tif,3,3,2,2,4,0,1884,2178,2326,2620
/Volumes/shared/Research-Groups/Mark-Banfield/Josh_Williams/Scoring_20Oct/Clem/DSC_1350.tif,3,3,2,2,5,6,1985,2221,2014,2250
/Volumes/shared/Research-Groups/Mark-Banfield/Josh_Williams/Scoring_20Oct/Clem/DSC_1350.tif,3,3,2,2,6,6,1904,2124,1773,1993
/Volumes/shared/Research-Groups/Mark-Banfield/Josh_Williams/Scoring_20Oct/Clem/DSC_1350.tif,3,3,3,1,1,6,406,608,3034,3236
/Volumes/shared/Research-Groups/Mark-Banfield/Josh_Williams/Scoring_20Oct/Clem/DSC_1350.tif,3,3,3,1,2,6,330,600,3320,3590
/Volumes/shared/Research-Groups/Mark-Banfield/Josh_Williams/Scoring_20Oct/Clem/DSC_1350.tif,3,3,3,1,3,5,388,708,3610,3930
/Volumes/shared/Research-Groups/Mark-Banfield/Josh_Williams/Scoring_20Oct/Clem/DSC_1350.tif,3,3,3,1,4,0,834,1146,3391,3703
/Volumes/shared/Research-Groups/Mark-Banfield/Josh_Williams/Scoring_20Oct/Clem/DSC_1350.tif,3,3,3,1,5,0,886,1130,3038,3282
/Volumes/shared/Research-Groups/Mark-Banfield/Josh_Williams/Scoring_20Oct/Clem/DSC_1350.tif,3,3,3,1,6,6,600,844,2865,3109
/Volumes/shared/Research-Groups/Mark-Banfield/Josh_Williams/Scoring_20Oct/Clem/DSC_1350.tif,3,3,3,3,1,5,2090,2310,3063,3283
/Volumes/shared/Research-Groups/Mark-Banfield/Josh_Williams/Scoring_20Oct/Clem/DSC_1350.tif,3,3,3,3,2,6,2006,2234,3328,3556
/Volumes/shared/Research-Groups/Mark-Banfield/Josh_Williams/Scoring_20Oct/Clem/DSC_1350.tif,3,3,3,3,3,6,2090,2394,3598,3902
/Volumes/shared/Research-Groups/Mark-Banfield/Josh_Williams/Scoring_20Oct/Clem/DSC_1350.tif,3,3,3,3,4,6,2570,2790,3795,4015
/Volumes/shared/Research-Groups/Mark-Banfield/Josh_Williams/Scoring_20Oct/Clem/DSC_1350.tif,3,3,3,3,5,0,2646,2882,3278,3514
/Volumes/shared/Research-Groups/Mark-Banfield/Josh_Williams/Scoring_20Oct/Clem/DSC_1350.tif,3,3,3,3,6,0,2428,2722,2992,3286
/Volumes/shared/Research-Groups/Mark-Banfield/Josh_Williams/Scoring_20Oct/Clem/DSC_4387.TIF,3,3,1,1,1,4,600,818,301,519
/Volumes/shared/Research-Groups/Mark-Banfield/Josh_Williams/Scoring_20Oct/Clem/DSC_4387.TIF,3,3,1,1,2,0,422,700,650,928
/Volumes/shared/Research-Groups/Mark-Banfield/Josh_Williams/Scoring_20Oct/Clem/DSC_4387.TIF,3,3,1,1,3,0,296,608,953,1265
/Volumes/shared/Research-Groups/Mark-Banfield/Josh_Williams/Scoring_20Oct/Clem/DSC_4387.TIF,3,3,1,1,4,0,1062,1374,898,1210
/Volumes/shared/Research-Groups/Mark-Banfield/Josh_Williams/Scoring_20Oct/Clem/DSC_4387.TIF,3,3,1,1,5,2,881,1117,642,878
/Volumes/shared/Research-Groups/Mark-Banfield/Josh_Williams/Scoring_20Oct/Clem/DSC_4387.TIF,3,3,1,1,6,6,881,1125,346,590
/Volumes/shared/Research-Groups/Mark-Banfield/Josh_Williams/Scoring_20Oct/Clem/DSC_4387.TIF,3,3,1,3,2,6,1956,2182,633,859
/Volumes/shared/Research-Groups/Mark-Banfield/Josh_Williams/Scoring_20Oct/Clem/DSC_4387.TIF,3,3,1,3,3,0,2048,2342,915,1209
/Volumes/shared/Research-Groups/Mark-Banfield/Josh_Williams/Scoring_20Oct/Clem/DSC_4387.TIF,3,3,1,3,4,0,2588,2824,957,1193
/Volumes/shared/Research-Groups/Mark-Banfield/Josh_Williams/Scoring_20Oct/Clem/DSC_4387.TIF,3,3,1,3,5,0,2532,2802,650,920
/Volumes/shared/Research-Groups/Mark-Banfield/Josh_Williams/Scoring_20Oct/Clem/DSC_4387.TIF,3,3,1,3,6,5,2386,2596,364,574
/Volumes/shared/Research-Groups/Mark-Banfield/Josh_Williams/Scoring_20Oct/Clem/DSC_4387.TIF,3,3,2,2,1,6,1316,1552,1517,1753
/Volumes/shared/Research-Groups/Mark-Banfield/Josh_Williams/Scoring_20Oct/Clem/DSC_4387.TIF,3,3,2,2,2,6,1186,1412,1754,1980
/Volumes/shared/Research-Groups/Mark-Banfield/Josh_Williams/Scoring_20Oct/Clem/DSC_4387.TIF,3,3,2,2,3,4,1273,1525,1998,2250
/Volumes/shared/Research-Groups/Mark-Banfield/Josh_Williams/Scoring_20Oct/Clem/DSC_4387.TIF,3,3,2,2,4,0,1796,2082,2015,2301
/Volumes/shared/Research-Groups/Mark-Banfield/Josh_Williams/Scoring_20Oct/Clem/DSC_4387.TIF,3,3,2,2,5,0,1744,2022,1728,2006
/Volumes/shared/Research-Groups/Mark-Banfield/Josh_Williams/Scoring_20Oct/Clem/DSC_4387.TIF,3,3,2,2,6,0,1636,1888,1472,1724
/Volumes/shared/Research-Groups/Mark-Banfield/Josh_Williams/Scoring_20Oct/Clem/DSC_4387.TIF,3,3,3,1,1,0,388,674,3051,3337
/Volumes/shared/Research-Groups/Mark-Banfield/Josh_Williams/Scoring_20Oct/Clem/DSC_4387.TIF,3,3,3,1,2,2,321,557,3388,3624
/Volumes/shared/Research-Groups/Mark-Banfield/Josh_Williams/Scoring_20Oct/Clem/DSC_4387.TIF,3,3,3,1,3,4,346,600,3661,3915
/Volumes/shared/Research-Groups/Mark-Banfield/Josh_Williams/Scoring_20Oct/Clem/DSC_4387.TIF,3,3,3,1,4,5,802,1054,3607,3859
/Volumes/shared/Research-Groups/Mark-Banfield/Josh_Williams/Scoring_20Oct/Clem/DSC_4387.TIF,3,3,3,1,5,0,878,1146,3329,3597
/Volumes/shared/Research-Groups/Mark-Banfield/Josh_Williams/Scoring_20Oct/Clem/DSC_4387.TIF,3,3,3,1,6,0,725,961,3050,3286
/Volumes/shared/Research-Groups/Mark-Banfield/Josh_Williams/Scoring_20Oct/Clem/DSC_4387.TIF,3,3,3,3,1,0,1999,2225,2950,3176
/Volumes/shared/Research-Groups/Mark-Banfield/Josh_Williams/Scoring_20Oct/Clem/DSC_4387.TIF,3,3,3,3,2,0,1702,1980,3231,3509
/Volumes/shared/Research-Groups/Mark-Banfield/Josh_Williams/Scoring_20Oct/Clem/DSC_4387.TIF,3,3,3,3,3,0,1854,2140,3568,3854
/Volumes/shared/Research-Groups/Mark-Banfield/Josh_Williams/Scoring_20Oct/Clem/DSC_4387.TIF,3,3,3,3,4,5,2258,2512,3509,3763
/Volumes/shared/Research-Groups/Mark-Banfield/Josh_Williams/Scoring_20Oct/Clem/DSC_4387.TIF,3,3,3,3,5,6,2216,2436,3273,3493
/Volumes/shared/Research-Groups/Mark-Banfield/Josh_Williams/Scoring_20Oct/Clem/DSC_4387.TIF,3,3,3,3,6,6,2203,2457,2974,3228
/Volumes/shared/Research-Groups/Mark-Banfield/Josh_Williams/Scoring_20Oct/Clem/DSC_8266.tif,3,3,1,1,1,0,641,935,440,734
/Volumes/shared/Research-Groups/Mark-Banfield/Josh_Williams/Scoring_20Oct/Clem/DSC_8266.tif,3,3,1,1,2,3,503,789,692,978
/Volumes/shared/Research-Groups/Mark-Banfield/Josh_Williams/Scoring_20Oct/Clem/DSC_8266.tif,3,3,1,1,3,4,590,810,961,1181
/Volumes/shared/Research-Groups/Mark-Banfield/Josh_Williams/Scoring_20Oct/Clem/DSC_8266.tif,3,3,1,1,4,4,952,1214,1003,1265
/Volumes/shared/Research-Groups/Mark-Banfield/Josh_Williams/Scoring_20Oct/Clem/DSC_8266.tif,3,3,1,1,5,0,952,1248,704,1000
/Volumes/shared/Research-Groups/Mark-Banfield/Josh_Williams/Scoring_20Oct/Clem/DSC_8266.tif,3,3,1,1,6,0,952,1240,435,723
/Volumes/shared/Research-Groups/Mark-Banfield/Josh_Williams/Scoring_20Oct/Clem/DSC_8266.tif,3,3,1,3,1,0,2048,2386,590,928
/Volumes/shared/Research-Groups/Mark-Banfield/Josh_Williams/Scoring_20Oct/Clem/DSC_8266.tif,3,3,1,3,2,0,1972,2242,907,1177
/Volumes/shared/Research-Groups/Mark-Banfield/Josh_Williams/Scoring_20Oct/Clem/DSC_8266.tif,3,3,1,3,3,3,2074,2360,1156,1442
/Volumes/shared/Research-Groups/Mark-Banfield/Josh_Williams/Scoring_20Oct/Clem/DSC_8266.tif,3,3,1,3,4,5,2410,2696,1088,1374
/Volumes/shared/Research-Groups/Mark-Banfield/Josh_Williams/Scoring_20Oct/Clem/DSC_8266.tif,3,3,1,3,5,6,2486,2756,818,1088
/Volumes/shared/Research-Groups/Mark-Banfield/Josh_Williams/Scoring_20Oct/Clem/DSC_8266.tif,3,3,1,3,6,0,2410,2706,581,877
/Volumes/shared/Research-Groups/Mark-Banfield/Josh_Williams/Scoring_20Oct/Clem/DSC_8266.tif,3,3,2,2,1,0,1256,1636,1736,2116
/Volumes/shared/Research-Groups/Mark-Banfield/Josh_Williams/Scoring_20Oct/Clem/DSC_8266.tif,3,3,2,2,2,0,1143,1463,2056,2376
/Volumes/shared/Research-Groups/Mark-Banfield/Josh_Williams/Scoring_20Oct/Clem/DSC_8266.tif,3,3,2,2,3,0,1274,1542,2360,2628
/Volumes/shared/Research-Groups/Mark-Banfield/Josh_Williams/Scoring_20Oct/Clem/DSC_8266.tif,3,3,2,2,4,2,1694,1914,2241,2461
/Volumes/shared/Research-Groups/Mark-Banfield/Josh_Williams/Scoring_20Oct/Clem/DSC_8266.tif,3,3,2,2,5,5,1626,1862,1997,2233
/Volumes/shared/Research-Groups/Mark-Banfield/Josh_Williams/Scoring_20Oct/Clem/DSC_8266.tif,3,3,2,2,6,5,1560,1812,1778,2030
/Volumes/shared/Research-Groups/Mark-Banfield/Josh_Williams/Scoring_20Oct/Clem/DSC_8266.tif,3,3,3,1,1,4,498,742,2975,3219
/Volumes/shared/Research-Groups/Mark-Banfield/Josh_Williams/Scoring_20Oct/Clem/DSC_8266.tif,3,3,3,1,2,0,338,658,3214,3534
/Volumes/shared/Research-Groups/Mark-Banfield/Josh_Williams/Scoring_20Oct/Clem/DSC_8266.tif,3,3,3,1,3,0,582,834,3476,3728
/Volumes/shared/Research-Groups/Mark-Banfield/Josh_Williams/Scoring_20Oct/Clem/DSC_8266.tif,3,3,3,1,4,0,920,1222,3363,3665
/Volumes/shared/Research-Groups/Mark-Banfield/Josh_Williams/Scoring_20Oct/Clem/DSC_8266.tif,3,3,3,1,5,4,835,1089,3134,3388
/Volumes/shared/Research-Groups/Mark-Banfield/Josh_Williams/Scoring_20Oct/Clem/DSC_8266.tif,3,3,3,1,6,6,708,962,2940,3194
/Volumes/shared/Research-Groups/Mark-Banfield/Josh_Williams/Scoring_20Oct/Clem/DSC_8266.tif,3,3,3,3,1,5,2140,2376,2941,3177
/Volumes/shared/Research-Groups/Mark-Banfield/Josh_Williams/Scoring_20Oct/Clem/DSC_8266.tif,3,3,3,3,2,5,2022,2276,3181,3435
/Volumes/shared/Research-Groups/Mark-Banfield/Josh_Williams/Scoring_20Oct/Clem/DSC_8266.tif,3,3,3,3,3,0,1964,2300,3468,3804
/Volumes/shared/Research-Groups/Mark-Banfield/Josh_Williams/Scoring_20Oct/Clem/DSC_8266.tif,3,3,3,3,4,0,2528,2856,3346,3674
/Volumes/shared/Research-Groups/Mark-Banfield/Josh_Williams/Scoring_20Oct/Clem/DSC_8266.tif,3,3,3,3,5,0,2470,2764,3000,3294
/Volumes/shared/Research-Groups/Mark-Banfield/Josh_Williams/Scoring_20Oct/Clem/DSC_8266.tif,3,3,3,3,6,5,2418,2662,2802,3046
/Volumes/shared/Research-Groups/Mark-Banfield/Josh_Williams/Scoring_20Oct/Clem/DSC_4545.TIF,3,3,1,1,1,0,456,718,363,625
/Volumes/shared/Research-Groups/Mark-Banfield/Josh_Williams/Scoring_20Oct/Clem/DSC_4545.TIF,3,3,1,1,2,0,338,608,650,920
/Volumes/shared/Research-Groups/Mark-Banfield/Josh_Williams/Scoring_20Oct/Clem/DSC_4545.TIF,3,3,1,1,3,3,372,600,1011,1239
/Volumes/shared/Research-Groups/Mark-Banfield/Josh_Williams/Scoring_20Oct/Clem/DSC_4545.TIF,3,3,1,1,4,4,860,1096,873,1109
/Volumes/shared/Research-Groups/Mark-Banfield/Josh_Williams/Scoring_20Oct/Clem/DSC_4545.TIF,3,3,1,1,5,4,760,970,503,713
/Volumes/shared/Research-Groups/Mark-Banfield/Josh_Williams/Scoring_20Oct/Clem/DSC_4545.TIF,3,3,1,1,6,4,784,1028,346,590
/Volumes/shared/Research-Groups/Mark-Banfield/Josh_Williams/Scoring_20Oct/Clem/DSC_4545.TIF,3,3,1,3,1,5,2022,2224,486,688
/Volumes/shared/Research-Groups/Mark-Banfield/Josh_Williams/Scoring_20Oct/Clem/DSC_4545.TIF,3,3,1,3,2,0,1762,2056,718,1012
/Volumes/shared/Research-Groups/Mark-Banfield/Josh_Williams/Scoring_20Oct/Clem/DSC_4545.TIF,3,3,1,3,3,0,1796,2014,1126,1344
/Volumes/shared/Research-Groups/Mark-Banfield/Josh_Williams/Scoring_20Oct/Clem/DSC_4545.TIF,3,3,1,3,4,2,2318,2536,974,1192
/Volumes/shared/Research-Groups/Mark-Banfield/Josh_Williams/Scoring_20Oct/Clem/DSC_4545.TIF,3,3,1,3,5,4,2258,2494,687,923
/Volumes/shared/Research-Groups/Mark-Banfield/Josh_Williams/Scoring_20Oct/Clem/DSC_4545.TIF,3,3,1,3,6,4,2233,2419,540,726
/Volumes/shared/Research-Groups/Mark-Banfield/Josh_Williams/Scoring_20Oct/Clem/DSC_4545.TIF,3,3,2,2,1,3,1164,1340,1699,1875
/Volumes/shared/Research-Groups/Mark-Banfield/Josh_Williams/Scoring_20Oct/Clem/DSC_4545.TIF,3,3,2,2,2,5,1016,1244,1922,2150
/Volumes/shared/Research-Groups/Mark-Banfield/Josh_Williams/Scoring_20Oct/Clem/DSC_4545.TIF,3,3,2,2,3,0,1028,1324,2162,2458
/Volumes/shared/Research-Groups/Mark-Banfield/Josh_Williams/Scoring_20Oct/Clem/DSC_4545.TIF,3,3,2,2,4,0,1500,1744,2115,2359
/Volumes/shared/Research-Groups/Mark-Banfield/Josh_Williams/Scoring_20Oct/Clem/DSC_4545.TIF,3,3,2,2,5,5,1454,1672,1872,2090
/Volumes/shared/Research-Groups/Mark-Banfield/Josh_Williams/Scoring_20Oct/Clem/DSC_4545.TIF,3,3,2,2,6,5,1459,1669,1678,1888
/Volumes/shared/Research-Groups/Mark-Banfield/Josh_Williams/Scoring_20Oct/Clem/DSC_4545.TIF,3,3,3,1,1,5,464,658,3089,3283
/Volumes/shared/Research-Groups/Mark-Banfield/Josh_Williams/Scoring_20Oct/Clem/DSC_4545.TIF,3,3,3,1,2,5,342,528,3396,3582
/Volumes/shared/Research-Groups/Mark-Banfield/Josh_Williams/Scoring_20Oct/Clem/DSC_4545.TIF,3,3,3,1,3,5,430,658,3677,3905
/Volumes/shared/Research-Groups/Mark-Banfield/Josh_Williams/Scoring_20Oct/Clem/DSC_4545.TIF,3,3,3,1,4,0,898,1134,3454,3690
/Volumes/shared/Research-Groups/Mark-Banfield/Josh_Williams/Scoring_20Oct/Clem/DSC_4545.TIF,3,3,3,1,5,0,788,1024,3160,3396
/Volumes/shared/Research-Groups/Mark-Banfield/Josh_Williams/Scoring_20Oct/Clem/DSC_4545.TIF,3,3,3,1,6,4,611,865,2898,3152
/Volumes/shared/Research-Groups/Mark-Banfield/Josh_Williams/Scoring_20Oct/Clem/DSC_4545.TIF,3,3,3,3,1,4,1728,1990,2924,3186
/Volumes/shared/Research-Groups/Mark-Banfield/Josh_Williams/Scoring_20Oct/Clem/DSC_4545.TIF,3,3,3,3,2,5,1636,1888,3261,3513
/Volumes/shared/Research-Groups/Mark-Banfield/Josh_Williams/Scoring_20Oct/Clem/DSC_4545.TIF,3,3,3,3,3,6,1812,2106,3472,3766
/Volumes/shared/Research-Groups/Mark-Banfield/Josh_Williams/Scoring_20Oct/Clem/DSC_4545.TIF,3,3,3,3,4,6,2250,2528,3400,3678
/Volumes/shared/Research-Groups/Mark-Banfield/Josh_Williams/Scoring_20Oct/Clem/DSC_4545.TIF,3,3,3,3,5,0,2124,2402,3084,3362
/Volumes/shared/Research-Groups/Mark-Banfield/Josh_Williams/Scoring_20Oct/Clem/DSC_4545.TIF,3,3,3,3,6,0,2056,2334,2836,3114
/Volumes/shared/Research-Groups/Mark-Banfield/Josh_Williams/Scoring_20Oct/Clem/DSC_1180.tif,3,3,1,1,1,6,464,674,662,872
/Volumes/shared/Research-Groups/Mark-Banfield/Josh_Williams/Scoring_20Oct/Clem/DSC_1180.tif,3,3,1,1,2,6,482,684,877,1079
/Volumes/shared/Research-Groups/Mark-Banfield/Josh_Williams/Scoring_20Oct/Clem/DSC_1180.tif,3,3,1,1,3,6,556,792,1062,1298
/Volumes/shared/Research-Groups/Mark-Banfield/Josh_Williams/Scoring_20Oct/Clem/DSC_1180.tif,3,3,1,1,4,5,936,1096,962,1122
/Volumes/shared/Research-Groups/Mark-Banfield/Josh_Williams/Scoring_20Oct/Clem/DSC_1180.tif,3,3,1,1,5,0,844,1088,671,915
/Volumes/shared/Research-Groups/Mark-Banfield/Josh_Williams/Scoring_20Oct/Clem/DSC_1180.tif,3,3,1,1,6,0,700,920,497,717
/Volumes/shared/Research-Groups/Mark-Banfield/Josh_Williams/Scoring_20Oct/Clem/DSC_1180.tif,3,3,1,3,1,0,1872,2132,368,628
/Volumes/shared/Research-Groups/Mark-Banfield/Josh_Williams/Scoring_20Oct/Clem/DSC_1180.tif,3,3,1,3,2,0,1728,2064,671,1007
/Volumes/shared/Research-Groups/Mark-Banfield/Josh_Williams/Scoring_20Oct/Clem/DSC_1180.tif,3,3,1,3,3,5,1702,1990,1015,1303
/Volumes/shared/Research-Groups/Mark-Banfield/Josh_Williams/Scoring_20Oct/Clem/DSC_1180.tif,3,3,1,3,4,6,2284,2502,970,1188
/Volumes/shared/Research-Groups/Mark-Banfield/Josh_Williams/Scoring_20Oct/Clem/DSC_1180.tif,3,3,1,3,5,6,2250,2512,661,923
/Volumes/shared/Research-Groups/Mark-Banfield/Josh_Williams/Scoring_20Oct/Clem/DSC_1180.tif,3,3,1,3,6,6,2208,2394,443,629
/Volumes/shared/Research-Groups/Mark-Banfield/Josh_Williams/Scoring_20Oct/Clem/DSC_1180.tif,3,3,2,2,1,5,1249,1627,1560,1938
/Volumes/shared/Research-Groups/Mark-Banfield/Josh_Williams/Scoring_20Oct/Clem/DSC_1180.tif,3,3,2,2,2,0,1184,1522,1778,2116
/Volumes/shared/Research-Groups/Mark-Banfield/Josh_Williams/Scoring_20Oct/Clem/DSC_1180.tif,3,3,2,2,3,0,1104,1416,2124,2436
/Volumes/shared/Research-Groups/Mark-Banfield/Josh_Williams/Scoring_20Oct/Clem/DSC_1180.tif,3,3,2,2,4,3,1584,1846,2170,2432
/Volumes/shared/Research-Groups/Mark-Banfield/Josh_Williams/Scoring_20Oct/Clem/DSC_1180.tif,3,3,2,2,5,5,1564,1834,1828,2098
/Volumes/shared/Research-Groups/Mark-Banfield/Josh_Williams/Scoring_20Oct/Clem/DSC_1180.tif,3,3,2,2,6,5,1534,1720,1626,1812
/Volumes/shared/Research-Groups/Mark-Banfield/Josh_Williams/Scoring_20Oct/Clem/DSC_1180.tif,3,3,3,1,1,5,430,692,2839,3101
/Volumes/shared/Research-Groups/Mark-Banfield/Josh_Williams/Scoring_20Oct/Clem/DSC_1180.tif,3,3,3,1,2,6,343,595,3152,3404
/Volumes/shared/Research-Groups/Mark-Banfield/Josh_Williams/Scoring_20Oct/Clem/DSC_1180.tif,3,3,3,1,3,0,364,624,3456,3716
/Volumes/shared/Research-Groups/Mark-Banfield/Josh_Williams/Scoring_20Oct/Clem/DSC_1180.tif,3,3,3,1,4,0,920,1180,3304,3564
/Volumes/shared/Research-Groups/Mark-Banfield/Josh_Williams/Scoring_20Oct/Clem/DSC_1180.tif,3,3,3,1,5,6,784,1070,3029,3315
/Volumes/shared/Research-Groups/Mark-Banfield/Josh_Williams/Scoring_20Oct/Clem/DSC_1180.tif,3,3,3,1,6,6,687,923,2798,3034
/Volumes/shared/Research-Groups/Mark-Banfield/Josh_Williams/Scoring_20Oct/Clem/DSC_1180.tif,3,3,3,3,1,6,2203,2389,2798,2984
/Volumes/shared/Research-Groups/Mark-Banfield/Josh_Williams/Scoring_20Oct/Clem/DSC_1180.tif,3,3,3,3,2,4,2014,2276,3016,3278
/Volumes/shared/Research-Groups/Mark-Banfield/Josh_Williams/Scoring_20Oct/Clem/DSC_1180.tif,3,3,3,3,3,4,1998,2352,3290,3644
/Volumes/shared/Research-Groups/Mark-Banfield/Josh_Williams/Scoring_20Oct/Clem/DSC_1180.tif,3,3,3,3,4,0,2620,2856,3328,3564
/Volumes/shared/Research-Groups/Mark-Banfield/Josh_Williams/Scoring_20Oct/Clem/DSC_1180.tif,3,3,3,3,5,0,2478,2772,2975,3269
/Volumes/shared/Research-Groups/Mark-Banfield/Josh_Williams/Scoring_20Oct/Clem/DSC_1180.tif,3,3,3,3,6,5,2394,2680,2727,3013
/Volumes/shared/Research-Groups/Mark-Banfield/Josh_Williams/Scoring_20Oct/Clem/DSC_7712.TIF,3,3,1,2,1,0,1542,1862,704,1024
/Volumes/shared/Research-Groups/Mark-Banfield/Josh_Williams/Scoring_20Oct/Clem/DSC_7712.TIF,3,3,1,2,2,0,1416,1762,953,1299
/Volumes/shared/Research-Groups/Mark-Banfield/Josh_Williams/Scoring_20Oct/Clem/DSC_7712.TIF,3,3,1,2,3,0,1455,1807,1316,1668
/Volumes/shared/Research-Groups/Mark-Banfield/Josh_Williams/Scoring_20Oct/Clem/DSC_7712.TIF,3,3,1,2,4,0,2116,2368,1336,1588
/Volumes/shared/Research-Groups/Mark-Banfield/Josh_Williams/Scoring_20Oct/Clem/DSC_7712.TIF,3,3,1,2,5,0,2022,2334,940,1252
/Volumes/shared/Research-Groups/Mark-Banfield/Josh_Williams/Scoring_20Oct/Clem/DSC_7712.TIF,3,3,1,2,6,3,1804,2140,634,970
/Volumes/shared/Research-Groups/Mark-Banfield/Josh_Williams/Scoring_20Oct/Clem/DSC_7712.TIF,3,3,2,1,1,3,734,986,1741,1993
/Volumes/shared/Research-Groups/Mark-Banfield/Josh_Williams/Scoring_20Oct/Clem/DSC_7712.TIF,3,3,2,1,2,3,582,818,2039,2275
/Volumes/shared/Research-Groups/Mark-Banfield/Josh_Williams/Scoring_20Oct/Clem/DSC_7712.TIF,3,3,2,1,3,1,734,1062,2259,2587
/Volumes/shared/Research-Groups/Mark-Banfield/Josh_Williams/Scoring_20Oct/Clem/DSC_7712.TIF,3,3,2,1,4,0,1354,1614,2268,2528
/Volumes/shared/Research-Groups/Mark-Banfield/Josh_Williams/Scoring_20Oct/Clem/DSC_7712.TIF,3,3,2,1,5,0,1316,1568,1930,2182
/Volumes/shared/Research-Groups/Mark-Banfield/Josh_Williams/Scoring_20Oct/Clem/DSC_7712.TIF,3,3,2,1,6,0,1038,1340,1648,1950
/Volumes/shared/Research-Groups/Mark-Banfield/Josh_Williams/Scoring_20Oct/Clem/DSC_7712.TIF,3,3,2,3,1,3,2040,2342,1994,2296
/Volumes/shared/Research-Groups/Mark-Banfield/Josh_Williams/Scoring_20Oct/Clem/DSC_7712.TIF,3,3,2,3,2,1,1914,2250,2259,2595
/Volumes/shared/Research-Groups/Mark-Banfield/Josh_Williams/Scoring_20Oct/Clem/DSC_7712.TIF,3,3,2,3,3,1,1938,2216,2680,2958
/Volumes/shared/Research-Groups/Mark-Banfield/Josh_Williams/Scoring_20Oct/Clem/DSC_7712.TIF,3,3,2,3,4,0,2554,2866,2604,2916
/Volumes/shared/Research-Groups/Mark-Banfield/Josh_Williams/Scoring_20Oct/Clem/DSC_7712.TIF,3,3,2,3,5,0,2520,2814,2322,2616
/Volumes/shared/Research-Groups/Mark-Banfield/Josh_Williams/Scoring_20Oct/Clem/DSC_7712.TIF,3,3,2,3,6,0,2384,2714,2009,2339
/Volumes/shared/Research-Groups/Mark-Banfield/Josh_Williams/Scoring_20Oct/Clem/DSC_7712.TIF,3,3,3,1,1,0,970,1290,3186,3506
/Volumes/shared/Research-Groups/Mark-Banfield/Josh_Williams/Scoring_20Oct/Clem/DSC_7712.TIF,3,3,3,1,2,0,886,1164,3484,3762
/Volumes/shared/Research-Groups/Mark-Banfield/Josh_Williams/Scoring_20Oct/Clem/DSC_7712.TIF,3,3,3,1,3,0,834,1198,3791,4155
/Volumes/shared/Research-Groups/Mark-Banfield/Josh_Williams/Scoring_20Oct/Clem/DSC_7712.TIF,3,3,3,1,4,3,1467,1745,3842,4120
/Volumes/shared/Research-Groups/Mark-Banfield/Josh_Williams/Scoring_20Oct/Clem/DSC_7712.TIF,3,3,3,1,5,4,1408,1694,3505,3791
/Volumes/shared/Research-Groups/Mark-Banfield/Josh_Williams/Scoring_20Oct/Clem/DSC_7712.TIF,3,3,3,1,6,4,1274,1594,3202,3522
/Volumes/shared/Research-Groups/Mark-Banfield/Josh_Williams/Scoring_20Oct/Clem/DSC_7712.TIF,3,3,3,3,1,3,2098,2394,3433,3729
/Volumes/shared/Research-Groups/Mark-Banfield/Josh_Williams/Scoring_20Oct/Clem/DSC_7712.TIF,3,3,3,3,2,3,1980,2268,3656,3944
/Volumes/shared/Research-Groups/Mark-Banfield/Josh_Williams/Scoring_20Oct/Clem/DSC_7712.TIF,3,3,3,3,3,3,2074,2326,3998,4250
/Volumes/shared/Research-Groups/Mark-Banfield/Josh_Williams/Scoring_20Oct/Clem/DSC_7712.TIF,3,3,3,3,4,4,2721,2949,3892,4120
/Volumes/shared/Research-Groups/Mark-Banfield/Josh_Williams/Scoring_20Oct/Clem/DSC_7712.TIF,3,3,3,3,5,5,2578,2840,3615,3877
/Volumes/shared/Research-Groups/Mark-Banfield/Josh_Williams/Scoring_20Oct/Clem/DSC_7712.TIF,3,3,3,3,6,6,2452,2722,3375,3645
/Volumes/shared/Research-Groups/Mark-Banfield/Josh_Williams/Scoring_20Oct/Clem/DSC_4539.TIF,3,3,1,1,1,0,490,742,410,662
/Volumes/shared/Research-Groups/Mark-Banfield/Josh_Williams/Scoring_20Oct/Clem/DSC_4539.TIF,3,3,1,1,2,0,296,600,624,928
/Volumes/shared/Research-Groups/Mark-Banfield/Josh_Williams/Scoring_20Oct/Clem/DSC_4539.TIF,3,3,1,1,3,0,254,556,967,1269
/Volumes/shared/Research-Groups/Mark-Banfield/Josh_Williams/Scoring_20Oct/Clem/DSC_4539.TIF,3,3,1,1,4,1,784,1070,923,1209
/Volumes/shared/Research-Groups/Mark-Banfield/Josh_Williams/Scoring_20Oct/Clem/DSC_4539.TIF,3,3,1,1,5,5,708,920,665,877
/Volumes/shared/Research-Groups/Mark-Banfield/Josh_Williams/Scoring_20Oct/Clem/DSC_4539.TIF,3,3,1,3,1,0,1796,2074,620,898
/Volumes/shared/Research-Groups/Mark-Banfield/Josh_Williams/Scoring_20Oct/Clem/DSC_4539.TIF,3,3,1,3,2,0,1712,1712,878,878
/Volumes/shared/Research-Groups/Mark-Banfield/Josh_Williams/Scoring_20Oct/Clem/DSC_4539.TIF,3,3,1,3,3,1,1720,1964,1269,1513
/Volumes/shared/Research-Groups/Mark-Banfield/Josh_Williams/Scoring_20Oct/Clem/DSC_4539.TIF,3,3,1,3,4,4,2301,2545,1198,1442
/Volumes/shared/Research-Groups/Mark-Banfield/Josh_Williams/Scoring_20Oct/Clem/DSC_4539.TIF,3,3,1,3,5,5,2326,2544,894,1112
/Volumes/shared/Research-Groups/Mark-Banfield/Josh_Williams/Scoring_20Oct/Clem/DSC_4539.TIF,3,3,1,3,6,0,2182,2436,649,903
/Volumes/shared/Research-Groups/Mark-Banfield/Josh_Williams/Scoring_20Oct/Clem/DSC_4539.TIF,3,3,2,2,1,0,1387,1597,1720,1930
/Volumes/shared/Research-Groups/Mark-Banfield/Josh_Williams/Scoring_20Oct/Clem/DSC_4539.TIF,3,3,2,2,2,0,1206,1442,1993,2229
/Volumes/shared/Research-Groups/Mark-Banfield/Josh_Williams/Scoring_20Oct/Clem/DSC_4539.TIF,3,3,2,2,3,0,1232,1442,2360,2570
/Volumes/shared/Research-Groups/Mark-Banfield/Josh_Williams/Scoring_20Oct/Clem/DSC_4539.TIF,3,3,2,2,4,0,1720,1990,2233,2503
/Volumes/shared/Research-Groups/Mark-Banfield/Josh_Williams/Scoring_20Oct/Clem/DSC_4539.TIF,3,3,2,2,5,5,1594,1846,1973,2225
/Volumes/shared/Research-Groups/Mark-Banfield/Josh_Williams/Scoring_20Oct/Clem/DSC_4539.TIF,3,3,3,1,1,0,708,944,2996,3232
/Volumes/shared/Research-Groups/Mark-Banfield/Josh_Williams/Scoring_20Oct/Clem/DSC_4539.TIF,3,3,3,1,2,4,582,810,3286,3514
/Volumes/shared/Research-Groups/Mark-Banfield/Josh_Williams/Scoring_20Oct/Clem/DSC_4539.TIF,3,3,3,1,3,3,684,928,3640,3884
/Volumes/shared/Research-Groups/Mark-Banfield/Josh_Williams/Scoring_20Oct/Clem/DSC_4539.TIF,3,3,3,1,4,0,1172,1416,3451,3695
/Volumes/shared/Research-Groups/Mark-Banfield/Josh_Williams/Scoring_20Oct/Clem/DSC_4539.TIF,3,3,3,1,5,0,1104,1382,3164,3442
/Volumes/shared/Research-Groups/Mark-Banfield/Josh_Williams/Scoring_20Oct/Clem/DSC_4539.TIF,3,3,3,1,6,0,966,1218,2924,3176
/Volumes/shared/Research-Groups/Mark-Banfield/Josh_Williams/Scoring_20Oct/Clem/DSC_4539.TIF,3,3,3,3,1,0,2047,2275,2966,3194
/Volumes/shared/Research-Groups/Mark-Banfield/Josh_Williams/Scoring_20Oct/Clem/DSC_4539.TIF,3,3,3,3,2,0,1964,2208,3202,3446
/Volumes/shared/Research-Groups/Mark-Banfield/Josh_Williams/Scoring_20Oct/Clem/DSC_4539.TIF,3,3,3,3,3,5,1940,2166,3430,3656
/Volumes/shared/Research-Groups/Mark-Banfield/Josh_Williams/Scoring_20Oct/Clem/DSC_4539.TIF,3,3,3,3,5,0,2292,2502,3168,3378
/Volumes/shared/Research-Groups/Mark-Banfield/Josh_Williams/Scoring_20Oct/Clem/DSC_4539.TIF,3,3,3,3,6,0,2292,2510,2950,3168
/Volumes/shared/Research-Groups/Mark-Banfield/Josh_Williams/Scoring_20Oct/Clem/DSC_1349.tif,3,3,1,1,1,6,734,970,380,616
/Volumes/shared/Research-Groups/Mark-Banfield/Josh_Williams/Scoring_20Oct/Clem/DSC_1349.tif,3,3,1,1,2,0,561,831,556,826
/Volumes/shared/Research-Groups/Mark-Banfield/Josh_Williams/Scoring_20Oct/Clem/DSC_1349.tif,3,3,1,1,3,0,511,847,878,1214
/Volumes/shared/Research-Groups/Mark-Banfield/Josh_Williams/Scoring_20Oct/Clem/DSC_1349.tif,3,3,1,1,4,4,1054,1290,924,1160
/Volumes/shared/Research-Groups/Mark-Banfield/Josh_Williams/Scoring_20Oct/Clem/DSC_1349.tif,3,3,1,1,5,5,979,1205,600,826
/Volumes/shared/Research-Groups/Mark-Banfield/Josh_Williams/Scoring_20Oct/Clem/DSC_1349.tif,3,3,1,1,6,6,970,1154,372,556
/Volumes/shared/Research-Groups/Mark-Banfield/Josh_Williams/Scoring_20Oct/Clem/DSC_1349.tif,3,3,1,3,1,6,1981,2175,490,684
/Volumes/shared/Research-Groups/Mark-Banfield/Josh_Williams/Scoring_20Oct/Clem/DSC_1349.tif,3,3,1,3,2,6,1833,2069,632,868
/Volumes/shared/Research-Groups/Mark-Banfield/Josh_Williams/Scoring_20Oct/Clem/DSC_1349.tif,3,3,1,3,3,0,1723,1993,986,1256
/Volumes/shared/Research-Groups/Mark-Banfield/Josh_Williams/Scoring_20Oct/Clem/DSC_1349.tif,3,3,1,3,4,0,2275,2571,952,1248
/Volumes/shared/Research-Groups/Mark-Banfield/Josh_Williams/Scoring_20Oct/Clem/DSC_1349.tif,3,3,1,3,5,6,2292,2554,657,919
/Volumes/shared/Research-Groups/Mark-Banfield/Josh_Williams/Scoring_20Oct/Clem/DSC_1349.tif,3,3,1,3,6,6,2224,2460,414,650
/Volumes/shared/Research-Groups/Mark-Banfield/Josh_Williams/Scoring_20Oct/Clem/DSC_1349.tif,3,3,2,2,1,6,1180,1400,1744,1964
/Volumes/shared/Research-Groups/Mark-Banfield/Josh_Williams/Scoring_20Oct/Clem/DSC_1349.tif,3,3,2,2,2,6,1146,1358,2064,2276
/Volumes/shared/Research-Groups/Mark-Banfield/Josh_Williams/Scoring_20Oct/Clem/DSC_1349.tif,3,3,2,2,3,6,1206,1400,2359,2553
/Volumes/shared/Research-Groups/Mark-Banfield/Josh_Williams/Scoring_20Oct/Clem/DSC_1349.tif,3,3,2,2,4,0,1668,1922,2174,2428
/Volumes/shared/Research-Groups/Mark-Banfield/Josh_Williams/Scoring_20Oct/Clem/DSC_1349.tif,3,3,2,2,5,0,1552,1854,1851,2153
/Volumes/shared/Research-Groups/Mark-Banfield/Josh_Williams/Scoring_20Oct/Clem/DSC_1349.tif,3,3,2,2,6,6,1416,1686,1610,1880
/Volumes/shared/Research-Groups/Mark-Banfield/Josh_Williams/Scoring_20Oct/Clem/DSC_1349.tif,3,3,3,1,1,1,414,700,2941,3227
/Volumes/shared/Research-Groups/Mark-Banfield/Josh_Williams/Scoring_20Oct/Clem/DSC_1349.tif,3,3,3,1,2,4,330,582,3236,3488
/Volumes/shared/Research-Groups/Mark-Banfield/Josh_Williams/Scoring_20Oct/Clem/DSC_1349.tif,3,3,3,1,3,4,333,561,3530,3758
/Volumes/shared/Research-Groups/Mark-Banfield/Josh_Williams/Scoring_20Oct/Clem/DSC_1349.tif,3,3,3,1,4,6,852,1096,3543,3787
/Volumes/shared/Research-Groups/Mark-Banfield/Josh_Williams/Scoring_20Oct/Clem/DSC_1349.tif,3,3,3,1,5,0,868,1130,3235,3497
/Volumes/shared/Research-Groups/Mark-Banfield/Josh_Williams/Scoring_20Oct/Clem/DSC_1349.tif,3,3,3,1,6,0,729,991,2932,3194
/Volumes/shared/Research-Groups/Mark-Banfield/Josh_Williams/Scoring_20Oct/Clem/DSC_1349.tif,3,3,3,3,1,0,2111,2423,2780,3092
/Volumes/shared/Research-Groups/Mark-Banfield/Josh_Williams/Scoring_20Oct/Clem/DSC_1349.tif,3,3,3,3,2,6,1990,2216,3123,3349
/Volumes/shared/Research-Groups/Mark-Banfield/Josh_Williams/Scoring_20Oct/Clem/DSC_1349.tif,3,3,3,3,3,6,1946,2224,3443,3721
/Volumes/shared/Research-Groups/Mark-Banfield/Josh_Williams/Scoring_20Oct/Clem/DSC_1349.tif,3,3,3,3,4,5,2428,2646,3460,3678
/Volumes/shared/Research-Groups/Mark-Banfield/Josh_Williams/Scoring_20Oct/Clem/DSC_1349.tif,3,3,3,3,5,5,2360,2562,3206,3408
/Volumes/shared/Research-Groups/Mark-Banfield/Josh_Williams/Scoring_20Oct/Clem/DSC_1349.tif,3,3,3,3,6,0,2420,2638,2874,3092
/Volumes/shared/Research-Groups/Mark-Banfield/Josh_Williams/Scoring_20Oct/Clem/DSC_5086.TIF,3,3,1,2,1,0,1382,1636,283,537
/Volumes/shared/Research-Groups/Mark-Banfield/Josh_Williams/Scoring_20Oct/Clem/DSC_5086.TIF,3,3,1,2,2,1,1260,1530,582,852
/Volumes/shared/Research-Groups/Mark-Banfield/Josh_Williams/Scoring_20Oct/Clem/DSC_5086.TIF,3,3,1,2,3,4,1171,1509,952,1290
/Volumes/shared/Research-Groups/Mark-Banfield/Josh_Williams/Scoring_20Oct/Clem/DSC_5086.TIF,3,3,1,2,4,0,1914,2208,1025,1319
/Volumes/shared/Research-Groups/Mark-Banfield/Josh_Williams/Scoring_20Oct/Clem/DSC_5086.TIF,3,3,1,2,5,5,1803,2107,666,970
/Volumes/shared/Research-Groups/Mark-Banfield/Josh_Williams/Scoring_20Oct/Clem/DSC_5086.TIF,3,3,1,2,6,0,1712,2022,301,611
/Volumes/shared/Research-Groups/Mark-Banfield/Josh_Williams/Scoring_20Oct/Clem/DSC_5086.TIF,3,3,2,1,1,2,928,1240,1522,1834
/Volumes/shared/Research-Groups/Mark-Banfield/Josh_Williams/Scoring_20Oct/Clem/DSC_5086.TIF,3,3,2,1,2,0,666,1038,1757,2129
/Volumes/shared/Research-Groups/Mark-Banfield/Josh_Williams/Scoring_20Oct/Clem/DSC_5086.TIF,3,3,2,1,3,0,684,1054,2158,2528
/Volumes/shared/Research-Groups/Mark-Banfield/Josh_Williams/Scoring_20Oct/Clem/DSC_5086.TIF,3,3,2,1,4,3,1306,1610,2203,2507
/Volumes/shared/Research-Groups/Mark-Banfield/Josh_Williams/Scoring_20Oct/Clem/DSC_5086.TIF,3,3,2,1,5,0,1366,1610,1934,2178
/Volumes/shared/Research-Groups/Mark-Banfield/Josh_Williams/Scoring_20Oct/Clem/DSC_5086.TIF,3,3,2,1,6,6,1218,1530,1610,1922
/Volumes/shared/Research-Groups/Mark-Banfield/Josh_Williams/Scoring_20Oct/Clem/DSC_5086.TIF,3,3,2,3,1,6,2074,2368,1610,1904
/Volumes/shared/Research-Groups/Mark-Banfield/Josh_Williams/Scoring_20Oct/Clem/DSC_5086.TIF,3,3,2,3,2,5,1872,2216,1880,2224
/Volumes/shared/Research-Groups/Mark-Banfield/Josh_Williams/Scoring_20Oct/Clem/DSC_5086.TIF,3,3,2,3,4,0,2562,2950,2258,2646
/Volumes/shared/Research-Groups/Mark-Banfield/Josh_Williams/Scoring_20Oct/Clem/DSC_5086.TIF,3,3,2,3,5,1,2582,2970,1820,2208
/Volumes/shared/Research-Groups/Mark-Banfield/Josh_Williams/Scoring_20Oct/Clem/DSC_5086.TIF,3,3,2,3,6,1,2376,2654,1560,1838
/Volumes/shared/Research-Groups/Mark-Banfield/Josh_Williams/Scoring_20Oct/Clem/DSC_5086.TIF,3,3,3,1,1,6,1121,1391,3134,3404
/Volumes/shared/Research-Groups/Mark-Banfield/Josh_Williams/Scoring_20Oct/Clem/DSC_5086.TIF,3,3,3,1,2,1,886,1256,3388,3758
/Volumes/shared/Research-Groups/Mark-Banfield/Josh_Williams/Scoring_20Oct/Clem/DSC_5086.TIF,3,3,3,1,3,0,700,1088,3757,4145
/Volumes/shared/Research-Groups/Mark-Banfield/Josh_Williams/Scoring_20Oct/Clem/DSC_5086.TIF,3,3,3,1,4,0,1424,1668,3762,4006
/Volumes/shared/Research-Groups/Mark-Banfield/Josh_Williams/Scoring_20Oct/Clem/DSC_5086.TIF,3,3,3,1,5,4,1390,1754,3336,3700
/Volumes/shared/Research-Groups/Mark-Banfield/Josh_Williams/Scoring_20Oct/Clem/DSC_5086.TIF,3,3,3,1,6,0,1378,1632,3058,3312
/Volumes/shared/Research-Groups/Mark-Banfield/Josh_Williams/Scoring_20Oct/Clem/DSC_5086.TIF,3,3,3,3,1,3,2423,2727,3042,3346
/Volumes/shared/Research-Groups/Mark-Banfield/Josh_Williams/Scoring_20Oct/Clem/DSC_5086.TIF,3,3,3,3,2,0,2124,2460,3320,3656
/Volumes/shared/Research-Groups/Mark-Banfield/Josh_Williams/Scoring_20Oct/Clem/DSC_5086.TIF,3,3,3,3,3,4,2098,2520,3724,4146
/Volumes/shared/Research-Groups/Mark-Banfield/Josh_Williams/Scoring_20Oct/Clem/DSC_5086.TIF,3,3,3,3,4,0,2798,3102,3855,4159
/Volumes/shared/Research-Groups/Mark-Banfield/Josh_Williams/Scoring_20Oct/Clem/DSC_5086.TIF,3,3,3,3,5,6,2856,3118,3543,3805
/Volumes/shared/Research-Groups/Mark-Banfield/Josh_Williams/Scoring_20Oct/Clem/DSC_5086.TIF,3,3,3,3,6,1,2794,3080,3236,3522
