img,maxrow,maxcol,row,col,pos,score,x1,x2,y1,y2
/Volumes/Mark-Banfield/Josh_Williams/Scoring_20Oct/Emma/DSC_2871.tif,1,2,1,1,1,1,541,927,1594,1980
/Volumes/Mark-Banfield/Josh_Williams/Scoring_20Oct/Emma/DSC_2871.tif,1,2,1,1,2,0,470,890,1990,2410
/Volumes/Mark-Banfield/Josh_Williams/Scoring_20Oct/Emma/DSC_2871.tif,1,2,1,1,3,0,949,1369,1964,2384
/Volumes/Mark-Banfield/Josh_Williams/Scoring_20Oct/Emma/DSC_2871.tif,1,2,1,1,4,4,916,1278,1610,1972
/Volumes/Mark-Banfield/Josh_Williams/Scoring_20Oct/Emma/DSC_2871.tif,1,2,1,2,1,0,2061,2423,1686,2048
/Volumes/Mark-Banfield/Josh_Williams/Scoring_20Oct/Emma/DSC_2871.tif,1,2,1,2,2,0,1938,2394,2035,2491
/Volumes/Mark-Banfield/Josh_Williams/Scoring_20Oct/Emma/DSC_2871.tif,1,2,1,2,3,0,2419,2849,2056,2486
/Volumes/Mark-Banfield/Josh_Williams/Scoring_20Oct/Emma/DSC_2871.tif,1,2,1,2,4,5,2363,2735,1702,2074
/Volumes/Mark-Banfield/Josh_Williams/Scoring_20Oct/Emma/DSC_8264.tif,3,3,1,1,1,0,600,928,212,540
/Volumes/Mark-Banfield/Josh_Williams/Scoring_20Oct/Emma/DSC_8264.tif,3,3,1,1,2,0,418,790,514,886
/Volumes/Mark-Banfield/Josh_Williams/Scoring_20Oct/Emma/DSC_8264.tif,3,3,1,1,3,0,600,962,805,1167
/Volumes/Mark-Banfield/Josh_Williams/Scoring_20Oct/Emma/DSC_8264.tif,3,3,1,1,4,3,1041,1353,734,1046
/Volumes/Mark-Banfield/Josh_Williams/Scoring_20Oct/Emma/DSC_8264.tif,3,3,1,1,5,5,1012,1256,464,708
/Volumes/Mark-Banfield/Josh_Williams/Scoring_20Oct/Emma/DSC_8264.tif,3,3,1,1,6,5,902,1130,300,528
/Volumes/Mark-Banfield/Josh_Williams/Scoring_20Oct/Emma/DSC_8264.tif,3,3,1,3,1,6,2184,2444,330,590
/Volumes/Mark-Banfield/Josh_Williams/Scoring_20Oct/Emma/DSC_8264.tif,3,3,1,3,2,0,1951,2297,498,844
/Volumes/Mark-Banfield/Josh_Williams/Scoring_20Oct/Emma/DSC_8264.tif,3,3,1,3,3,0,1922,2310,826,1214
/Volumes/Mark-Banfield/Josh_Williams/Scoring_20Oct/Emma/DSC_8264.tif,3,3,1,3,4,0,2410,2798,826,1214
/Volumes/Mark-Banfield/Josh_Williams/Scoring_20Oct/Emma/DSC_8264.tif,3,3,1,3,5,5,2452,2730,556,834
/Volumes/Mark-Banfield/Josh_Williams/Scoring_20Oct/Emma/DSC_8264.tif,3,3,1,3,6,6,2428,2688,313,573
/Volumes/Mark-Banfield/Josh_Williams/Scoring_20Oct/Emma/DSC_8264.tif,3,3,2,2,1,4,1361,1607,1466,1712
/Volumes/Mark-Banfield/Josh_Williams/Scoring_20Oct/Emma/DSC_8264.tif,3,3,2,2,2,4,1290,1534,1682,1926
/Volumes/Mark-Banfield/Josh_Williams/Scoring_20Oct/Emma/DSC_8264.tif,3,3,2,2,3,0,1306,1618,1917,2229
/Volumes/Mark-Banfield/Josh_Williams/Scoring_20Oct/Emma/DSC_8264.tif,3,3,2,2,4,0,1699,2061,1922,2284
/Volumes/Mark-Banfield/Josh_Williams/Scoring_20Oct/Emma/DSC_8264.tif,3,3,2,2,5,0,1686,2022,1539,1875
/Volumes/Mark-Banfield/Josh_Williams/Scoring_20Oct/Emma/DSC_8264.tif,3,3,2,2,6,3,1572,1800,1416,1644
/Volumes/Mark-Banfield/Josh_Williams/Scoring_20Oct/Emma/DSC_8264.tif,3,3,3,1,1,4,582,886,2789,3093
/Volumes/Mark-Banfield/Josh_Williams/Scoring_20Oct/Emma/DSC_8264.tif,3,3,3,1,2,5,591,843,3084,3336
/Volumes/Mark-Banfield/Josh_Williams/Scoring_20Oct/Emma/DSC_8264.tif,3,3,3,1,3,4,704,982,3294,3572
/Volumes/Mark-Banfield/Josh_Williams/Scoring_20Oct/Emma/DSC_8264.tif,3,3,3,1,4,0,1066,1446,3210,3590
/Volumes/Mark-Banfield/Josh_Williams/Scoring_20Oct/Emma/DSC_8264.tif,3,3,3,1,5,0,1012,1358,2873,3219
/Volumes/Mark-Banfield/Josh_Williams/Scoring_20Oct/Emma/DSC_8264.tif,3,3,3,1,6,2,881,1143,2696,2958
/Volumes/Mark-Banfield/Josh_Williams/Scoring_20Oct/Emma/DSC_8264.tif,3,3,3,3,1,0,1938,2224,2638,2924
/Volumes/Mark-Banfield/Josh_Williams/Scoring_20Oct/Emma/DSC_8264.tif,3,3,3,3,2,2,1980,2258,2899,3177
/Volumes/Mark-Banfield/Josh_Williams/Scoring_20Oct/Emma/DSC_8264.tif,3,3,3,3,4,3,2439,2727,3016,3304
/Volumes/Mark-Banfield/Josh_Williams/Scoring_20Oct/Emma/DSC_8264.tif,3,3,3,3,5,0,2342,2620,2755,3033
/Volumes/Mark-Banfield/Josh_Williams/Scoring_20Oct/Emma/DSC_8264.tif,3,3,3,3,6,0,2242,2536,2525,2819
/Volumes/Mark-Banfield/Josh_Williams/Scoring_20Oct/Emma/DSC_1178.tif,3,3,1,1,1,6,654,898,372,616
/Volumes/Mark-Banfield/Josh_Williams/Scoring_20Oct/Emma/DSC_1178.tif,3,3,1,1,2,0,590,878,569,857
/Volumes/Mark-Banfield/Josh_Williams/Scoring_20Oct/Emma/DSC_1178.tif,3,3,1,1,3,0,548,844,877,1173
/Volumes/Mark-Banfield/Josh_Williams/Scoring_20Oct/Emma/DSC_1178.tif,3,3,1,1,4,4,999,1319,910,1230
/Volumes/Mark-Banfield/Josh_Williams/Scoring_20Oct/Emma/DSC_1178.tif,3,3,1,1,5,6,1045,1323,582,860
/Volumes/Mark-Banfield/Josh_Williams/Scoring_20Oct/Emma/DSC_1178.tif,3,3,1,1,6,6,974,1210,346,582
/Volumes/Mark-Banfield/Josh_Williams/Scoring_20Oct/Emma/DSC_1178.tif,3,3,1,3,1,5,1880,2132,418,670
/Volumes/Mark-Banfield/Josh_Williams/Scoring_20Oct/Emma/DSC_1178.tif,3,3,1,3,2,6,1786,2032,737,983
/Volumes/Mark-Banfield/Josh_Williams/Scoring_20Oct/Emma/DSC_1178.tif,3,3,1,3,3,0,1778,2116,1049,1387
/Volumes/Mark-Banfield/Josh_Williams/Scoring_20Oct/Emma/DSC_1178.tif,3,3,1,3,4,0,2300,2604,915,1219
/Volumes/Mark-Banfield/Josh_Williams/Scoring_20Oct/Emma/DSC_1178.tif,3,3,1,3,5,6,2234,2554,616,936
/Volumes/Mark-Banfield/Josh_Williams/Scoring_20Oct/Emma/DSC_1178.tif,3,3,1,3,6,6,2153,2439,304,590
/Volumes/Mark-Banfield/Josh_Williams/Scoring_20Oct/Emma/DSC_1178.tif,3,3,2,2,1,6,1374,1618,1518,1762
/Volumes/Mark-Banfield/Josh_Williams/Scoring_20Oct/Emma/DSC_1178.tif,3,3,2,2,2,5,1316,1602,1749,2035
/Volumes/Mark-Banfield/Josh_Williams/Scoring_20Oct/Emma/DSC_1178.tif,3,3,2,2,3,4,1252,1488,2234,2470
/Volumes/Mark-Banfield/Josh_Williams/Scoring_20Oct/Emma/DSC_1178.tif,3,3,2,2,4,0,1686,1998,2040,2352
/Volumes/Mark-Banfield/Josh_Williams/Scoring_20Oct/Emma/DSC_1178.tif,3,3,2,2,5,0,1626,1914,1739,2027
/Volumes/Mark-Banfield/Josh_Williams/Scoring_20Oct/Emma/DSC_1178.tif,3,3,2,2,6,4,1610,1872,1475,1737
/Volumes/Mark-Banfield/Josh_Williams/Scoring_20Oct/Emma/DSC_1178.tif,3,3,3,1,1,4,545,823,2662,2940
/Volumes/Mark-Banfield/Josh_Williams/Scoring_20Oct/Emma/DSC_1178.tif,3,3,3,1,2,5,419,721,2992,3294
/Volumes/Mark-Banfield/Josh_Williams/Scoring_20Oct/Emma/DSC_1178.tif,3,3,3,1,3,6,600,878,3291,3569
/Volumes/Mark-Banfield/Josh_Williams/Scoring_20Oct/Emma/DSC_1178.tif,3,3,3,1,4,4,1084,1328,3236,3480
/Volumes/Mark-Banfield/Josh_Williams/Scoring_20Oct/Emma/DSC_1178.tif,3,3,3,1,5,0,962,1282,2874,3194
/Volumes/Mark-Banfield/Josh_Williams/Scoring_20Oct/Emma/DSC_1178.tif,3,3,3,1,6,0,818,1156,2578,2916
/Volumes/Mark-Banfield/Josh_Williams/Scoring_20Oct/Emma/DSC_1178.tif,3,3,3,3,1,0,2141,2427,2730,3016
/Volumes/Mark-Banfield/Josh_Williams/Scoring_20Oct/Emma/DSC_1178.tif,3,3,3,3,2,4,2032,2334,3004,3306
/Volumes/Mark-Banfield/Josh_Williams/Scoring_20Oct/Emma/DSC_1178.tif,3,3,3,3,3,5,2082,2352,3358,3628
/Volumes/Mark-Banfield/Josh_Williams/Scoring_20Oct/Emma/DSC_1178.tif,3,3,3,3,4,5,2600,2844,3244,3488
/Volumes/Mark-Banfield/Josh_Williams/Scoring_20Oct/Emma/DSC_1178.tif,3,3,3,3,5,6,2519,2789,2932,3202
/Volumes/Mark-Banfield/Josh_Williams/Scoring_20Oct/Emma/DSC_8263.tif,3,3,1,1,1,6,658,936,388,666
/Volumes/Mark-Banfield/Josh_Williams/Scoring_20Oct/Emma/DSC_8263.tif,3,3,1,1,2,0,582,936,642,996
/Volumes/Mark-Banfield/Josh_Williams/Scoring_20Oct/Emma/DSC_8263.tif,3,3,1,1,3,0,477,923,962,1408
/Volumes/Mark-Banfield/Josh_Williams/Scoring_20Oct/Emma/DSC_8263.tif,3,3,1,1,4,0,1030,1408,920,1298
/Volumes/Mark-Banfield/Josh_Williams/Scoring_20Oct/Emma/DSC_8263.tif,3,3,1,1,5,3,978,1274,666,962
/Volumes/Mark-Banfield/Josh_Williams/Scoring_20Oct/Emma/DSC_8263.tif,3,3,1,1,6,5,882,1168,422,708
/Volumes/Mark-Banfield/Josh_Williams/Scoring_20Oct/Emma/DSC_8263.tif,3,3,1,3,5,0,2360,2696,646,982
/Volumes/Mark-Banfield/Josh_Williams/Scoring_20Oct/Emma/DSC_8263.tif,3,3,1,3,6,3,2216,2502,477,763
/Volumes/Mark-Banfield/Josh_Williams/Scoring_20Oct/Emma/DSC_8263.tif,3,3,2,2,1,5,1308,1534,1754,1980
/Volumes/Mark-Banfield/Josh_Williams/Scoring_20Oct/Emma/DSC_8263.tif,3,3,2,2,2,5,1240,1484,1935,2179
/Volumes/Mark-Banfield/Josh_Williams/Scoring_20Oct/Emma/DSC_8263.tif,3,3,2,2,3,6,1358,1618,2112,2372
/Volumes/Mark-Banfield/Josh_Williams/Scoring_20Oct/Emma/DSC_8263.tif,3,3,2,2,4,0,1668,2006,2009,2347
/Volumes/Mark-Banfield/Josh_Williams/Scoring_20Oct/Emma/DSC_8263.tif,3,3,2,2,5,0,1636,1964,1715,2043
/Volumes/Mark-Banfield/Josh_Williams/Scoring_20Oct/Emma/DSC_8263.tif,3,3,2,2,6,1,1492,1728,1576,1812
/Volumes/Mark-Banfield/Josh_Williams/Scoring_20Oct/Emma/DSC_8263.tif,3,3,3,1,1,0,869,1189,2722,3042
/Volumes/Mark-Banfield/Josh_Williams/Scoring_20Oct/Emma/DSC_8263.tif,3,3,3,1,2,4,827,1097,3016,3286
/Volumes/Mark-Banfield/Josh_Williams/Scoring_20Oct/Emma/DSC_8263.tif,3,3,3,1,3,5,734,1012,3244,3522
/Volumes/Mark-Banfield/Josh_Williams/Scoring_20Oct/Emma/DSC_8263.tif,3,3,3,1,4,6,1117,1379,3328,3590
/Volumes/Mark-Banfield/Josh_Williams/Scoring_20Oct/Emma/DSC_8263.tif,3,3,3,1,5,0,1167,1479,3000,3312
/Volumes/Mark-Banfield/Josh_Williams/Scoring_20Oct/Emma/DSC_8263.tif,3,3,3,1,6,0,1126,1378,2722,2974
/Volumes/Mark-Banfield/Josh_Williams/Scoring_20Oct/Emma/DSC_8263.tif,3,3,3,3,1,0,2125,2495,2806,3176
/Volumes/Mark-Banfield/Josh_Williams/Scoring_20Oct/Emma/DSC_8263.tif,3,3,3,3,2,0,2006,2394,3152,3540
/Volumes/Mark-Banfield/Josh_Williams/Scoring_20Oct/Emma/DSC_8263.tif,3,3,3,3,3,2,2098,2486,3476,3864
/Volumes/Mark-Banfield/Josh_Williams/Scoring_20Oct/Emma/DSC_8263.tif,3,3,3,3,4,5,2630,2924,3430,3724
/Volumes/Mark-Banfield/Josh_Williams/Scoring_20Oct/Emma/DSC_8263.tif,3,3,3,3,5,6,2617,2903,3152,3438
/Volumes/Mark-Banfield/Josh_Williams/Scoring_20Oct/Emma/DSC_8263.tif,3,3,3,3,6,0,2512,2814,2874,3176
/Volumes/Mark-Banfield/Josh_Williams/Scoring_20Oct/Emma/_DSC7622.tif,3,3,1,1,1,0,800,1114,648,962
/Volumes/Mark-Banfield/Josh_Williams/Scoring_20Oct/Emma/_DSC7622.tif,3,3,1,1,2,0,611,933,944,1266
/Volumes/Mark-Banfield/Josh_Williams/Scoring_20Oct/Emma/_DSC7622.tif,3,3,1,1,3,0,562,934,1319,1691
/Volumes/Mark-Banfield/Josh_Williams/Scoring_20Oct/Emma/_DSC7622.tif,3,3,1,1,4,4,1238,1504,1244,1510
/Volumes/Mark-Banfield/Josh_Williams/Scoring_20Oct/Emma/_DSC7622.tif,3,3,1,1,5,5,1124,1362,991,1229
/Volumes/Mark-Banfield/Josh_Williams/Scoring_20Oct/Emma/_DSC7622.tif,3,3,1,1,6,1,1124,1410,676,962
/Volumes/Mark-Banfield/Josh_Williams/Scoring_20Oct/Emma/_DSC7622.tif,3,3,1,3,1,1,2223,2519,686,982
/Volumes/Mark-Banfield/Josh_Williams/Scoring_20Oct/Emma/_DSC7622.tif,3,3,1,3,2,0,1980,2314,952,1286
/Volumes/Mark-Banfield/Josh_Williams/Scoring_20Oct/Emma/_DSC7622.tif,3,3,1,3,3,0,2099,2481,1428,1810
/Volumes/Mark-Banfield/Josh_Williams/Scoring_20Oct/Emma/_DSC7622.tif,3,3,1,3,4,0,2675,3019,1266,1610
/Volumes/Mark-Banfield/Josh_Williams/Scoring_20Oct/Emma/_DSC7622.tif,3,3,1,3,5,6,2600,2924,948,1272
/Volumes/Mark-Banfield/Josh_Williams/Scoring_20Oct/Emma/_DSC7622.tif,3,3,1,3,6,5,2570,2808,672,910
/Volumes/Mark-Banfield/Josh_Williams/Scoring_20Oct/Emma/_DSC7622.tif,3,3,2,2,1,5,1696,1924,2233,2461
/Volumes/Mark-Banfield/Josh_Williams/Scoring_20Oct/Emma/_DSC7622.tif,3,3,2,2,2,1,1596,1928,2448,2780
/Volumes/Mark-Banfield/Josh_Williams/Scoring_20Oct/Emma/_DSC7622.tif,3,3,2,2,3,0,1438,1780,2724,3066
/Volumes/Mark-Banfield/Josh_Williams/Scoring_20Oct/Emma/_DSC7622.tif,3,3,2,2,4,0,2023,2319,2704,3000
/Volumes/Mark-Banfield/Josh_Williams/Scoring_20Oct/Emma/_DSC7622.tif,3,3,2,2,5,0,1952,2248,2437,2733
/Volumes/Mark-Banfield/Josh_Williams/Scoring_20Oct/Emma/_DSC7622.tif,3,3,2,2,6,6,1923,2219,2142,2438
/Volumes/Mark-Banfield/Josh_Williams/Scoring_20Oct/Emma/_DSC7622.tif,3,3,3,1,1,4,658,924,3594,3860
/Volumes/Mark-Banfield/Josh_Williams/Scoring_20Oct/Emma/_DSC7622.tif,3,3,3,1,2,6,624,900,3884,4160
/Volumes/Mark-Banfield/Josh_Williams/Scoring_20Oct/Emma/_DSC7622.tif,3,3,3,1,3,1,592,906,4208,4522
/Volumes/Mark-Banfield/Josh_Williams/Scoring_20Oct/Emma/_DSC7622.tif,3,3,3,1,4,0,1020,1410,4056,4446
/Volumes/Mark-Banfield/Josh_Williams/Scoring_20Oct/Emma/_DSC7622.tif,3,3,3,1,5,0,975,1281,3722,4028
/Volumes/Mark-Banfield/Josh_Williams/Scoring_20Oct/Emma/_DSC7622.tif,3,3,3,1,6,0,906,1172,3490,3756
/Volumes/Mark-Banfield/Josh_Williams/Scoring_20Oct/Emma/_DSC7622.tif,3,3,3,3,1,0,2186,2528,3608,3950
/Volumes/Mark-Banfield/Josh_Williams/Scoring_20Oct/Emma/_DSC7622.tif,3,3,3,3,2,6,2162,2466,3966,4270
/Volumes/Mark-Banfield/Josh_Williams/Scoring_20Oct/Emma/_DSC7622.tif,3,3,3,3,3,3,2256,2562,4255,4561
/Volumes/Mark-Banfield/Josh_Williams/Scoring_20Oct/Emma/_DSC7622.tif,3,3,3,3,4,0,2732,3094,4207,4569
/Volumes/Mark-Banfield/Josh_Williams/Scoring_20Oct/Emma/_DSC7622.tif,3,3,3,3,5,0,2590,2942,3790,4142
/Volumes/Mark-Banfield/Josh_Williams/Scoring_20Oct/Emma/_DSC7622.tif,3,3,3,3,6,0,2461,2795,3494,3828
/Volumes/Mark-Banfield/Josh_Williams/Scoring_20Oct/Emma/DSC_7585.TIF,3,3,1,2,1,4,1366,1636,274,544
/Volumes/Mark-Banfield/Josh_Williams/Scoring_20Oct/Emma/DSC_7585.TIF,3,3,1,2,2,3,1202,1530,574,902
/Volumes/Mark-Banfield/Josh_Williams/Scoring_20Oct/Emma/DSC_7585.TIF,3,3,1,2,3,2,1214,1576,915,1277
/Volumes/Mark-Banfield/Josh_Williams/Scoring_20Oct/Emma/DSC_7585.TIF,3,3,1,2,4,2,1786,2106,860,1180
/Volumes/Mark-Banfield/Josh_Williams/Scoring_20Oct/Emma/DSC_7585.TIF,3,3,1,2,5,3,1736,2048,532,844
/Volumes/Mark-Banfield/Josh_Williams/Scoring_20Oct/Emma/DSC_7585.TIF,3,3,1,2,6,4,1644,1888,262,506
/Volumes/Mark-Banfield/Josh_Williams/Scoring_20Oct/Emma/DSC_7585.TIF,3,3,2,1,1,4,666,920,1377,1631
/Volumes/Mark-Banfield/Josh_Williams/Scoring_20Oct/Emma/DSC_7585.TIF,3,3,2,1,2,3,410,772,1694,2056
/Volumes/Mark-Banfield/Josh_Williams/Scoring_20Oct/Emma/DSC_7585.TIF,3,3,2,1,3,1,514,860,2014,2360
/Volumes/Mark-Banfield/Josh_Williams/Scoring_20Oct/Emma/DSC_7585.TIF,3,3,2,1,4,2,1172,1466,1888,2182
/Volumes/Mark-Banfield/Josh_Williams/Scoring_20Oct/Emma/DSC_7585.TIF,3,3,2,1,5,4,1012,1332,1543,1863
/Volumes/Mark-Banfield/Josh_Williams/Scoring_20Oct/Emma/DSC_7585.TIF,3,3,2,1,6,4,910,1198,1297,1585
/Volumes/Mark-Banfield/Josh_Williams/Scoring_20Oct/Emma/DSC_7585.TIF,3,3,2,3,1,4,2014,2300,1341,1627
/Volumes/Mark-Banfield/Josh_Williams/Scoring_20Oct/Emma/DSC_7585.TIF,3,3,2,3,2,3,1867,2179,1584,1896
/Volumes/Mark-Banfield/Josh_Williams/Scoring_20Oct/Emma/DSC_7585.TIF,3,3,2,3,3,1,1867,2203,1956,2292
/Volumes/Mark-Banfield/Josh_Williams/Scoring_20Oct/Emma/DSC_7585.TIF,3,3,2,3,4,0,2465,2785,1980,2300
/Volumes/Mark-Banfield/Josh_Williams/Scoring_20Oct/Emma/DSC_7585.TIF,3,3,2,3,5,3,2382,2684,1594,1896
/Volumes/Mark-Banfield/Josh_Williams/Scoring_20Oct/Emma/DSC_7585.TIF,3,3,2,3,6,3,2293,2571,1332,1610
/Volumes/Mark-Banfield/Josh_Williams/Scoring_20Oct/Emma/DSC_7585.TIF,3,3,3,1,1,4,620,964,2866,3210
/Volumes/Mark-Banfield/Josh_Williams/Scoring_20Oct/Emma/DSC_7585.TIF,3,3,3,1,2,4,490,810,3202,3522
/Volumes/Mark-Banfield/Josh_Williams/Scoring_20Oct/Emma/DSC_7585.TIF,3,3,3,1,3,3,548,860,3548,3860
/Volumes/Mark-Banfield/Josh_Williams/Scoring_20Oct/Emma/DSC_7585.TIF,3,3,3,1,4,4,1146,1450,3488,3792
/Volumes/Mark-Banfield/Josh_Williams/Scoring_20Oct/Emma/DSC_7585.TIF,3,3,3,1,5,4,1147,1459,3058,3370
/Volumes/Mark-Banfield/Josh_Williams/Scoring_20Oct/Emma/DSC_7585.TIF,3,3,3,1,6,4,957,1269,2756,3068
/Volumes/Mark-Banfield/Josh_Williams/Scoring_20Oct/Emma/DSC_7585.TIF,3,3,3,3,1,2,1964,2276,2877,3189
/Volumes/Mark-Banfield/Josh_Williams/Scoring_20Oct/Emma/DSC_7585.TIF,3,3,3,3,2,3,1838,2182,3194,3538
/Volumes/Mark-Banfield/Josh_Williams/Scoring_20Oct/Emma/DSC_7585.TIF,3,3,3,3,3,2,1956,2268,3514,3826
/Volumes/Mark-Banfield/Josh_Williams/Scoring_20Oct/Emma/DSC_7585.TIF,3,3,3,3,4,1,2477,2815,3454,3792
/Volumes/Mark-Banfield/Josh_Williams/Scoring_20Oct/Emma/DSC_7585.TIF,3,3,3,3,5,2,2334,2688,3016,3370
/Volumes/Mark-Banfield/Josh_Williams/Scoring_20Oct/Emma/DSC_7585.TIF,3,3,3,3,6,2,2268,2562,2744,3038
/Volumes/Mark-Banfield/Josh_Williams/Scoring_20Oct/Emma/DSC_1350.tif,3,3,1,1,1,0,440,734,258,552
/Volumes/Mark-Banfield/Josh_Williams/Scoring_20Oct/Emma/DSC_1350.tif,3,3,1,1,2,0,296,650,616,970
/Volumes/Mark-Banfield/Josh_Williams/Scoring_20Oct/Emma/DSC_1350.tif,3,3,1,1,3,6,414,708,1008,1302
/Volumes/Mark-Banfield/Josh_Williams/Scoring_20Oct/Emma/DSC_1350.tif,3,3,1,1,4,6,958,1218,852,1112
/Volumes/Mark-Banfield/Josh_Williams/Scoring_20Oct/Emma/DSC_1350.tif,3,3,1,1,5,5,902,1156,565,819
/Volumes/Mark-Banfield/Josh_Williams/Scoring_20Oct/Emma/DSC_1350.tif,3,3,1,1,6,6,768,1038,245,515
/Volumes/Mark-Banfield/Josh_Williams/Scoring_20Oct/Emma/DSC_1350.tif,3,3,1,3,1,6,1977,2195,456,674
/Volumes/Mark-Banfield/Josh_Williams/Scoring_20Oct/Emma/DSC_1350.tif,3,3,1,3,2,0,1838,2200,608,970
/Volumes/Mark-Banfield/Josh_Williams/Scoring_20Oct/Emma/DSC_1350.tif,3,3,1,3,3,0,1817,2187,1038,1408
/Volumes/Mark-Banfield/Josh_Williams/Scoring_20Oct/Emma/DSC_1350.tif,3,3,1,3,4,5,2276,2570,966,1260
/Volumes/Mark-Banfield/Josh_Williams/Scoring_20Oct/Emma/DSC_1350.tif,3,3,1,3,5,6,2242,2494,680,932
/Volumes/Mark-Banfield/Josh_Williams/Scoring_20Oct/Emma/DSC_1350.tif,3,3,1,3,6,6,2208,2460,440,692
/Volumes/Mark-Banfield/Josh_Williams/Scoring_20Oct/Emma/DSC_1350.tif,3,3,2,2,1,6,1610,1872,1736,1998
/Volumes/Mark-Banfield/Josh_Williams/Scoring_20Oct/Emma/DSC_1350.tif,3,3,2,2,2,6,1365,1635,1904,2174
/Volumes/Mark-Banfield/Josh_Williams/Scoring_20Oct/Emma/DSC_1350.tif,3,3,2,2,3,0,1252,1640,2258,2646
/Volumes/Mark-Banfield/Josh_Williams/Scoring_20Oct/Emma/DSC_1350.tif,3,3,2,2,4,0,1872,2234,2292,2654
/Volumes/Mark-Banfield/Josh_Williams/Scoring_20Oct/Emma/DSC_1350.tif,3,3,2,2,5,5,1964,2258,2002,2296
/Volumes/Mark-Banfield/Josh_Williams/Scoring_20Oct/Emma/DSC_1350.tif,3,3,2,2,6,5,1901,2163,1744,2006
/Volumes/Mark-Banfield/Josh_Williams/Scoring_20Oct/Emma/DSC_1350.tif,3,3,3,1,1,6,396,600,3049,3253
/Volumes/Mark-Banfield/Josh_Williams/Scoring_20Oct/Emma/DSC_1350.tif,3,3,3,1,2,6,330,600,3328,3598
/Volumes/Mark-Banfield/Josh_Williams/Scoring_20Oct/Emma/DSC_1350.tif,3,3,3,1,3,4,422,708,3632,3918
/Volumes/Mark-Banfield/Josh_Williams/Scoring_20Oct/Emma/DSC_1350.tif,3,3,3,1,4,0,809,1139,3378,3708
/Volumes/Mark-Banfield/Josh_Williams/Scoring_20Oct/Emma/DSC_1350.tif,3,3,3,1,5,0,827,1163,2992,3328
/Volumes/Mark-Banfield/Josh_Williams/Scoring_20Oct/Emma/DSC_1350.tif,3,3,3,1,6,6,582,844,2861,3123
/Volumes/Mark-Banfield/Josh_Williams/Scoring_20Oct/Emma/DSC_1350.tif,3,3,3,3,1,5,2061,2339,3034,3312
/Volumes/Mark-Banfield/Josh_Williams/Scoring_20Oct/Emma/DSC_1350.tif,3,3,3,3,2,6,2002,2280,3304,3582
/Volumes/Mark-Banfield/Josh_Williams/Scoring_20Oct/Emma/DSC_1350.tif,3,3,3,3,3,6,2124,2418,3611,3905
/Volumes/Mark-Banfield/Josh_Williams/Scoring_20Oct/Emma/DSC_1350.tif,3,3,3,3,4,6,2546,2832,3758,4044
/Volumes/Mark-Banfield/Josh_Williams/Scoring_20Oct/Emma/DSC_1350.tif,3,3,3,3,5,0,2608,2928,3210,3530
/Volumes/Mark-Banfield/Josh_Williams/Scoring_20Oct/Emma/DSC_1350.tif,3,3,3,3,6,0,2368,2722,2950,3304
/Volumes/Mark-Banfield/Josh_Williams/Scoring_20Oct/Emma/DSC_4387.TIF,3,3,1,1,1,3,620,856,296,532
/Volumes/Mark-Banfield/Josh_Williams/Scoring_20Oct/Emma/DSC_4387.TIF,3,3,1,1,2,0,372,734,604,966
/Volumes/Mark-Banfield/Josh_Williams/Scoring_20Oct/Emma/DSC_4387.TIF,3,3,1,1,3,0,258,662,920,1324
/Volumes/Mark-Banfield/Josh_Williams/Scoring_20Oct/Emma/DSC_4387.TIF,3,3,1,1,4,0,1054,1424,852,1222
/Volumes/Mark-Banfield/Josh_Williams/Scoring_20Oct/Emma/DSC_4387.TIF,3,3,1,1,5,3,897,1151,632,886
/Volumes/Mark-Banfield/Josh_Williams/Scoring_20Oct/Emma/DSC_4387.TIF,3,3,1,1,6,5,872,1134,346,608
/Volumes/Mark-Banfield/Josh_Williams/Scoring_20Oct/Emma/DSC_4387.TIF,3,3,1,3,2,6,1976,2212,642,878
/Volumes/Mark-Banfield/Josh_Williams/Scoring_20Oct/Emma/DSC_4387.TIF,3,3,1,3,3,0,2056,2360,873,1177
/Volumes/Mark-Banfield/Josh_Williams/Scoring_20Oct/Emma/DSC_4387.TIF,3,3,1,3,4,0,2536,2840,911,1215
/Volumes/Mark-Banfield/Josh_Williams/Scoring_20Oct/Emma/DSC_4387.TIF,3,3,1,3,5,0,2520,2840,599,919
/Volumes/Mark-Banfield/Josh_Williams/Scoring_20Oct/Emma/DSC_4387.TIF,3,3,1,3,6,4,2368,2604,354,590
/Volumes/Mark-Banfield/Josh_Williams/Scoring_20Oct/Emma/DSC_4387.TIF,3,3,2,2,1,5,1324,1584,1510,1770
/Volumes/Mark-Banfield/Josh_Williams/Scoring_20Oct/Emma/DSC_4387.TIF,3,3,2,2,2,6,1184,1428,1736,1980
/Volumes/Mark-Banfield/Josh_Williams/Scoring_20Oct/Emma/DSC_4387.TIF,3,3,2,2,3,4,1293,1547,2014,2268
/Volumes/Mark-Banfield/Josh_Williams/Scoring_20Oct/Emma/DSC_4387.TIF,3,3,2,2,4,0,1804,2116,1989,2301
/Volumes/Mark-Banfield/Josh_Williams/Scoring_20Oct/Emma/DSC_4387.TIF,3,3,2,2,5,0,1754,2048,1708,2002
/Volumes/Mark-Banfield/Josh_Williams/Scoring_20Oct/Emma/DSC_4387.TIF,3,3,2,2,6,0,1619,1913,1450,1744
/Volumes/Mark-Banfield/Josh_Williams/Scoring_20Oct/Emma/DSC_4387.TIF,3,3,3,1,1,0,354,708,3016,3370
/Volumes/Mark-Banfield/Josh_Williams/Scoring_20Oct/Emma/DSC_4387.TIF,3,3,3,1,2,3,280,624,3312,3656
/Volumes/Mark-Banfield/Josh_Williams/Scoring_20Oct/Emma/DSC_4387.TIF,3,3,3,1,3,4,346,642,3652,3948
/Volumes/Mark-Banfield/Josh_Williams/Scoring_20Oct/Emma/DSC_4387.TIF,3,3,3,1,4,5,785,1063,3614,3892
/Volumes/Mark-Banfield/Josh_Williams/Scoring_20Oct/Emma/DSC_4387.TIF,3,3,3,1,5,0,836,1164,3304,3632
/Volumes/Mark-Banfield/Josh_Williams/Scoring_20Oct/Emma/DSC_4387.TIF,3,3,3,1,6,0,662,1024,2984,3346
/Volumes/Mark-Banfield/Josh_Williams/Scoring_20Oct/Emma/DSC_4387.TIF,3,3,3,3,1,0,1930,2242,2932,3244
/Volumes/Mark-Banfield/Josh_Williams/Scoring_20Oct/Emma/DSC_4387.TIF,3,3,3,3,2,0,1681,2045,3218,3582
/Volumes/Mark-Banfield/Josh_Williams/Scoring_20Oct/Emma/DSC_4387.TIF,3,3,3,3,3,0,1828,2166,3547,3885
/Volumes/Mark-Banfield/Josh_Williams/Scoring_20Oct/Emma/DSC_4387.TIF,3,3,3,3,4,3,2234,2562,3464,3792
/Volumes/Mark-Banfield/Josh_Williams/Scoring_20Oct/Emma/DSC_4387.TIF,3,3,3,3,5,5,2217,2503,3228,3514
/Volumes/Mark-Banfield/Josh_Williams/Scoring_20Oct/Emma/DSC_8266.tif,3,3,1,1,1,0,603,941,396,734
/Volumes/Mark-Banfield/Josh_Williams/Scoring_20Oct/Emma/DSC_8266.tif,3,3,1,1,2,2,548,834,692,978
/Volumes/Mark-Banfield/Josh_Williams/Scoring_20Oct/Emma/DSC_8266.tif,3,3,1,1,3,4,540,834,945,1239
/Volumes/Mark-Banfield/Josh_Williams/Scoring_20Oct/Emma/DSC_8266.tif,3,3,1,1,4,3,978,1240,1033,1295
/Volumes/Mark-Banfield/Josh_Williams/Scoring_20Oct/Emma/DSC_8266.tif,3,3,1,1,5,0,957,1261,700,1004
/Volumes/Mark-Banfield/Josh_Williams/Scoring_20Oct/Emma/DSC_8266.tif,3,3,1,1,6,1,927,1257,396,726
/Volumes/Mark-Banfield/Josh_Williams/Scoring_20Oct/Emma/DSC_8266.tif,3,3,1,3,1,0,2091,2419,574,902
/Volumes/Mark-Banfield/Josh_Williams/Scoring_20Oct/Emma/DSC_8266.tif,3,3,1,3,2,0,1976,2262,902,1188
/Volumes/Mark-Banfield/Josh_Williams/Scoring_20Oct/Emma/DSC_8266.tif,3,3,1,3,3,3,2093,2389,1146,1442
/Volumes/Mark-Banfield/Josh_Williams/Scoring_20Oct/Emma/DSC_8266.tif,3,3,1,3,4,6,2436,2738,1084,1386
/Volumes/Mark-Banfield/Josh_Williams/Scoring_20Oct/Emma/DSC_8266.tif,3,3,1,3,5,6,2537,2807,826,1096
/Volumes/Mark-Banfield/Josh_Williams/Scoring_20Oct/Emma/DSC_8266.tif,3,3,1,3,6,0,2394,2680,600,886
/Volumes/Mark-Banfield/Josh_Williams/Scoring_20Oct/Emma/DSC_8266.tif,3,3,2,2,1,0,1316,1618,1758,2060
/Volumes/Mark-Banfield/Josh_Williams/Scoring_20Oct/Emma/DSC_8266.tif,3,3,2,2,2,0,1180,1518,2023,2361
/Volumes/Mark-Banfield/Josh_Williams/Scoring_20Oct/Emma/DSC_8266.tif,3,3,2,2,3,0,1240,1576,2318,2654
/Volumes/Mark-Banfield/Josh_Williams/Scoring_20Oct/Emma/DSC_8266.tif,3,3,2,2,4,3,1668,1972,2203,2507
/Volumes/Mark-Banfield/Josh_Williams/Scoring_20Oct/Emma/DSC_8266.tif,3,3,2,2,5,6,1626,1880,1980,2234
/Volumes/Mark-Banfield/Josh_Williams/Scoring_20Oct/Emma/DSC_8266.tif,3,3,2,2,6,6,1580,1816,1778,2014
/Volumes/Mark-Banfield/Josh_Williams/Scoring_20Oct/Emma/DSC_8266.tif,3,3,3,1,1,4,520,764,2966,3210
/Volumes/Mark-Banfield/Josh_Williams/Scoring_20Oct/Emma/DSC_8266.tif,3,3,3,1,2,0,330,674,3207,3551
/Volumes/Mark-Banfield/Josh_Williams/Scoring_20Oct/Emma/DSC_8266.tif,3,3,3,1,3,0,548,844,3463,3759
/Volumes/Mark-Banfield/Josh_Williams/Scoring_20Oct/Emma/DSC_8266.tif,3,3,3,1,4,0,936,1240,3374,3678
/Volumes/Mark-Banfield/Josh_Williams/Scoring_20Oct/Emma/DSC_8266.tif,3,3,3,1,5,4,826,1122,3104,3400
/Volumes/Mark-Banfield/Josh_Williams/Scoring_20Oct/Emma/DSC_8266.tif,3,3,3,1,6,4,742,962,2975,3195
/Volumes/Mark-Banfield/Josh_Williams/Scoring_20Oct/Emma/DSC_8266.tif,3,3,3,3,1,5,2136,2422,2908,3194
/Volumes/Mark-Banfield/Josh_Williams/Scoring_20Oct/Emma/DSC_8266.tif,3,3,3,3,2,5,2022,2326,3151,3455
/Volumes/Mark-Banfield/Josh_Williams/Scoring_20Oct/Emma/DSC_8266.tif,3,3,3,3,3,0,1927,2305,3422,3800
/Volumes/Mark-Banfield/Josh_Williams/Scoring_20Oct/Emma/DSC_8266.tif,3,3,3,3,4,0,2503,2907,3346,3750
/Volumes/Mark-Banfield/Josh_Williams/Scoring_20Oct/Emma/DSC_8266.tif,3,3,3,3,5,0,2419,2781,3008,3370
/Volumes/Mark-Banfield/Josh_Williams/Scoring_20Oct/Emma/DSC_4545.TIF,3,3,1,1,1,0,435,755,312,632
/Volumes/Mark-Banfield/Josh_Williams/Scoring_20Oct/Emma/DSC_4545.TIF,3,3,1,1,2,0,300,612,624,936
/Volumes/Mark-Banfield/Josh_Williams/Scoring_20Oct/Emma/DSC_4545.TIF,3,3,1,1,3,4,350,636,962,1248
/Volumes/Mark-Banfield/Josh_Williams/Scoring_20Oct/Emma/DSC_4545.TIF,3,3,1,1,4,4,881,1143,868,1130
/Volumes/Mark-Banfield/Josh_Williams/Scoring_20Oct/Emma/DSC_4545.TIF,3,3,1,1,5,5,789,1041,600,852
/Volumes/Mark-Banfield/Josh_Williams/Scoring_20Oct/Emma/DSC_4545.TIF,3,3,1,1,6,4,814,1024,346,556
/Volumes/Mark-Banfield/Josh_Williams/Scoring_20Oct/Emma/DSC_4545.TIF,3,3,1,3,1,4,2019,2237,456,674
/Volumes/Mark-Banfield/Josh_Williams/Scoring_20Oct/Emma/DSC_4545.TIF,3,3,1,3,2,0,1753,2099,674,1020
/Volumes/Mark-Banfield/Josh_Williams/Scoring_20Oct/Emma/DSC_4545.TIF,3,3,1,3,3,0,1741,2095,1046,1400
/Volumes/Mark-Banfield/Josh_Williams/Scoring_20Oct/Emma/DSC_4545.TIF,3,3,1,3,4,2,2272,2566,928,1222
/Volumes/Mark-Banfield/Josh_Williams/Scoring_20Oct/Emma/DSC_4545.TIF,3,3,1,3,5,3,2234,2486,692,944
/Volumes/Mark-Banfield/Josh_Williams/Scoring_20Oct/Emma/DSC_4545.TIF,3,3,1,3,6,5,2204,2448,482,726
/Volumes/Mark-Banfield/Josh_Williams/Scoring_20Oct/Emma/DSC_4545.TIF,3,3,2,2,1,3,1176,1404,1668,1896
/Volumes/Mark-Banfield/Josh_Williams/Scoring_20Oct/Emma/DSC_4545.TIF,3,3,2,2,2,4,1050,1268,1922,2140
/Volumes/Mark-Banfield/Josh_Williams/Scoring_20Oct/Emma/DSC_4545.TIF,3,3,2,2,3,0,1021,1333,2158,2470
/Volumes/Mark-Banfield/Josh_Williams/Scoring_20Oct/Emma/DSC_4545.TIF,3,3,2,2,4,0,1500,1804,2106,2410
/Volumes/Mark-Banfield/Josh_Williams/Scoring_20Oct/Emma/DSC_4545.TIF,3,3,2,2,5,3,1459,1719,1880,2140
/Volumes/Mark-Banfield/Josh_Williams/Scoring_20Oct/Emma/DSC_4545.TIF,3,3,2,2,6,3,1466,1678,1672,1884
/Volumes/Mark-Banfield/Josh_Williams/Scoring_20Oct/Emma/DSC_4545.TIF,3,3,3,1,1,3,456,658,3084,3286
/Volumes/Mark-Banfield/Josh_Williams/Scoring_20Oct/Emma/DSC_4545.TIF,3,3,3,1,2,4,355,599,3346,3590
/Volumes/Mark-Banfield/Josh_Williams/Scoring_20Oct/Emma/DSC_4545.TIF,3,3,3,1,3,4,410,712,3632,3934
/Volumes/Mark-Banfield/Josh_Williams/Scoring_20Oct/Emma/DSC_4545.TIF,3,3,3,1,4,0,860,1172,3404,3716
/Volumes/Mark-Banfield/Josh_Williams/Scoring_20Oct/Emma/DSC_4545.TIF,3,3,3,1,5,0,784,1054,3118,3388
/Volumes/Mark-Banfield/Josh_Williams/Scoring_20Oct/Emma/DSC_4545.TIF,3,3,3,1,6,3,633,885,2908,3160
/Volumes/Mark-Banfield/Josh_Williams/Scoring_20Oct/Emma/DSC_4545.TIF,3,3,3,3,1,2,1749,1985,2940,3176
/Volumes/Mark-Banfield/Josh_Williams/Scoring_20Oct/Emma/DSC_4545.TIF,3,3,3,3,2,3,1639,1901,3252,3514
/Volumes/Mark-Banfield/Josh_Williams/Scoring_20Oct/Emma/DSC_4545.TIF,3,3,3,3,3,5,1828,2098,3501,3771
/Volumes/Mark-Banfield/Josh_Williams/Scoring_20Oct/Emma/DSC_4545.TIF,3,3,3,3,4,4,2242,2510,3388,3656
/Volumes/Mark-Banfield/Josh_Williams/Scoring_20Oct/Emma/DSC_4545.TIF,3,3,3,3,5,0,2124,2436,3076,3388
/Volumes/Mark-Banfield/Josh_Williams/Scoring_20Oct/Emma/DSC_4545.TIF,3,3,3,3,6,0,2032,2318,2815,3101
/Volumes/Mark-Banfield/Josh_Williams/Scoring_20Oct/Emma/DSC_1180.tif,3,3,1,1,1,5,482,700,663,881
/Volumes/Mark-Banfield/Josh_Williams/Scoring_20Oct/Emma/DSC_1180.tif,3,3,1,1,2,6,472,718,860,1106
/Volumes/Mark-Banfield/Josh_Williams/Scoring_20Oct/Emma/DSC_1180.tif,3,3,1,1,3,5,556,792,1067,1303
/Volumes/Mark-Banfield/Josh_Williams/Scoring_20Oct/Emma/DSC_1180.tif,3,3,1,1,4,4,893,1121,936,1164
/Volumes/Mark-Banfield/Josh_Williams/Scoring_20Oct/Emma/DSC_1180.tif,3,3,1,1,5,0,826,1104,667,945
/Volumes/Mark-Banfield/Josh_Williams/Scoring_20Oct/Emma/DSC_1180.tif,3,3,1,1,6,1,708,962,510,764
/Volumes/Mark-Banfield/Josh_Williams/Scoring_20Oct/Emma/DSC_1180.tif,3,3,1,3,1,0,1872,2182,360,670
/Volumes/Mark-Banfield/Josh_Williams/Scoring_20Oct/Emma/DSC_1180.tif,3,3,1,3,2,0,1761,2115,642,996
/Volumes/Mark-Banfield/Josh_Williams/Scoring_20Oct/Emma/DSC_1180.tif,3,3,1,3,3,6,1715,2027,1012,1324
/Volumes/Mark-Banfield/Josh_Williams/Scoring_20Oct/Emma/DSC_1180.tif,3,3,1,3,4,6,2268,2578,920,1230
/Volumes/Mark-Banfield/Josh_Williams/Scoring_20Oct/Emma/DSC_1180.tif,3,3,1,3,5,6,2258,2512,665,919
/Volumes/Mark-Banfield/Josh_Williams/Scoring_20Oct/Emma/DSC_1180.tif,3,3,1,3,6,5,2204,2440,430,666
/Volumes/Mark-Banfield/Josh_Williams/Scoring_20Oct/Emma/DSC_1180.tif,3,3,2,2,1,5,1341,1569,1542,1770
/Volumes/Mark-Banfield/Josh_Williams/Scoring_20Oct/Emma/DSC_1180.tif,3,3,2,2,2,0,1159,1529,1770,2140
/Volumes/Mark-Banfield/Josh_Williams/Scoring_20Oct/Emma/DSC_1180.tif,3,3,2,2,3,0,1109,1437,2116,2444
/Volumes/Mark-Banfield/Josh_Williams/Scoring_20Oct/Emma/DSC_1180.tif,3,3,2,2,4,3,1594,1888,2150,2444
/Volumes/Mark-Banfield/Josh_Williams/Scoring_20Oct/Emma/DSC_1180.tif,3,3,2,2,5,6,1590,1850,1846,2106
/Volumes/Mark-Banfield/Josh_Williams/Scoring_20Oct/Emma/DSC_1180.tif,3,3,2,2,6,5,1539,1757,1594,1812
/Volumes/Mark-Banfield/Josh_Williams/Scoring_20Oct/Emma/DSC_1180.tif,3,3,3,1,1,6,443,721,2832,3110
/Volumes/Mark-Banfield/Josh_Williams/Scoring_20Oct/Emma/DSC_1180.tif,3,3,3,1,2,6,354,642,3130,3418
/Volumes/Mark-Banfield/Josh_Williams/Scoring_20Oct/Emma/DSC_1180.tif,3,3,3,1,3,0,313,675,3438,3800
/Volumes/Mark-Banfield/Josh_Williams/Scoring_20Oct/Emma/DSC_1180.tif,3,3,3,1,4,0,916,1218,3304,3606
/Volumes/Mark-Banfield/Josh_Williams/Scoring_20Oct/Emma/DSC_1180.tif,3,3,3,1,5,6,780,1074,3034,3328
/Volumes/Mark-Banfield/Josh_Williams/Scoring_20Oct/Emma/DSC_1180.tif,3,3,3,1,6,6,691,945,2780,3034
/Volumes/Mark-Banfield/Josh_Williams/Scoring_20Oct/Emma/DSC_1180.tif,3,3,3,3,1,6,2170,2414,2764,3008
/Volumes/Mark-Banfield/Josh_Williams/Scoring_20Oct/Emma/DSC_1180.tif,3,3,3,3,2,5,2014,2268,3025,3279
/Volumes/Mark-Banfield/Josh_Williams/Scoring_20Oct/Emma/DSC_1180.tif,3,3,3,3,3,4,2032,2334,3346,3648
/Volumes/Mark-Banfield/Josh_Williams/Scoring_20Oct/Emma/DSC_1180.tif,3,3,3,3,4,0,2566,2894,3286,3614
/Volumes/Mark-Banfield/Josh_Williams/Scoring_20Oct/Emma/DSC_1180.tif,3,3,3,3,5,0,2486,2772,2966,3252
/Volumes/Mark-Banfield/Josh_Williams/Scoring_20Oct/Emma/DSC_1180.tif,3,3,3,3,6,6,2427,2697,2764,3034
/Volumes/Mark-Banfield/Josh_Williams/Scoring_20Oct/Emma/DSC_7712.TIF,3,3,1,2,1,0,1547,1875,684,1012
/Volumes/Mark-Banfield/Josh_Williams/Scoring_20Oct/Emma/DSC_7712.TIF,3,3,1,2,2,0,1374,1736,932,1294
/Volumes/Mark-Banfield/Josh_Williams/Scoring_20Oct/Emma/DSC_7712.TIF,3,3,1,2,3,0,1374,1804,1264,1694
/Volumes/Mark-Banfield/Josh_Williams/Scoring_20Oct/Emma/DSC_7712.TIF,3,3,1,2,4,0,2064,2394,1281,1611
/Volumes/Mark-Banfield/Josh_Williams/Scoring_20Oct/Emma/DSC_7712.TIF,3,3,1,2,5,0,2055,2377,952,1274
/Volumes/Mark-Banfield/Josh_Williams/Scoring_20Oct/Emma/DSC_7712.TIF,3,3,1,2,6,3,1854,2150,645,941
/Volumes/Mark-Banfield/Josh_Williams/Scoring_20Oct/Emma/DSC_7712.TIF,3,3,2,1,1,2,760,1020,1712,1972
/Volumes/Mark-Banfield/Josh_Williams/Scoring_20Oct/Emma/DSC_7712.TIF,3,3,2,1,2,3,612,882,2006,2276
/Volumes/Mark-Banfield/Josh_Williams/Scoring_20Oct/Emma/DSC_7712.TIF,3,3,2,1,3,1,747,1083,2268,2604
/Volumes/Mark-Banfield/Josh_Williams/Scoring_20Oct/Emma/DSC_7712.TIF,3,3,2,1,4,0,1344,1674,2258,2588
/Volumes/Mark-Banfield/Josh_Williams/Scoring_20Oct/Emma/DSC_7712.TIF,3,3,2,1,5,0,1273,1593,1922,2242
/Volumes/Mark-Banfield/Josh_Williams/Scoring_20Oct/Emma/DSC_7712.TIF,3,3,2,1,6,0,1083,1379,1660,1956
/Volumes/Mark-Banfield/Josh_Williams/Scoring_20Oct/Emma/DSC_7712.TIF,3,3,2,3,1,3,2073,2377,1980,2284
/Volumes/Mark-Banfield/Josh_Williams/Scoring_20Oct/Emma/DSC_7712.TIF,3,3,2,3,2,1,1922,2208,2284,2570
/Volumes/Mark-Banfield/Josh_Williams/Scoring_20Oct/Emma/DSC_7712.TIF,3,3,2,3,3,2,1926,2246,2638,2958
/Volumes/Mark-Banfield/Josh_Williams/Scoring_20Oct/Emma/DSC_7712.TIF,3,3,2,3,4,0,2523,2869,2612,2958
/Volumes/Mark-Banfield/Josh_Williams/Scoring_20Oct/Emma/DSC_7712.TIF,3,3,2,3,5,0,2486,2840,2296,2650
/Volumes/Mark-Banfield/Josh_Williams/Scoring_20Oct/Emma/DSC_7712.TIF,3,3,2,3,6,0,2380,2666,2048,2334
/Volumes/Mark-Banfield/Josh_Williams/Scoring_20Oct/Emma/DSC_7712.TIF,3,3,3,1,1,1,1004,1264,3236,3496
/Volumes/Mark-Banfield/Josh_Williams/Scoring_20Oct/Emma/DSC_7712.TIF,3,3,3,1,2,1,860,1172,3472,3784
/Volumes/Mark-Banfield/Josh_Williams/Scoring_20Oct/Emma/DSC_7712.TIF,3,3,3,1,3,1,826,1206,3796,4176
/Volumes/Mark-Banfield/Josh_Williams/Scoring_20Oct/Emma/DSC_7712.TIF,3,3,3,1,4,2,1484,1770,3834,4120
/Volumes/Mark-Banfield/Josh_Williams/Scoring_20Oct/Emma/DSC_7712.TIF,3,3,3,1,5,2,1424,1728,3484,3788
/Volumes/Mark-Banfield/Josh_Williams/Scoring_20Oct/Emma/DSC_7712.TIF,3,3,3,1,6,3,1256,1550,3202,3496
/Volumes/Mark-Banfield/Josh_Williams/Scoring_20Oct/Emma/DSC_7712.TIF,3,3,3,3,1,2,2098,2384,3404,3690
/Volumes/Mark-Banfield/Josh_Williams/Scoring_20Oct/Emma/DSC_7712.TIF,3,3,3,3,2,2,1980,2276,3661,3957
/Volumes/Mark-Banfield/Josh_Williams/Scoring_20Oct/Emma/DSC_7712.TIF,3,3,3,3,3,1,2040,2360,3973,4293
/Volumes/Mark-Banfield/Josh_Williams/Scoring_20Oct/Emma/DSC_7712.TIF,3,3,3,3,4,3,2688,2984,3867,4163
/Volumes/Mark-Banfield/Josh_Williams/Scoring_20Oct/Emma/DSC_7712.TIF,3,3,3,3,5,5,2576,2844,3624,3892
/Volumes/Mark-Banfield/Josh_Williams/Scoring_20Oct/Emma/DSC_7712.TIF,3,3,3,3,6,5,2436,2714,3374,3652
/Volumes/Mark-Banfield/Josh_Williams/Scoring_20Oct/Emma/DSC_4539.TIF,3,3,1,1,1,0,482,734,423,675
/Volumes/Mark-Banfield/Josh_Williams/Scoring_20Oct/Emma/DSC_4539.TIF,3,3,1,1,2,0,254,540,624,910
/Volumes/Mark-Banfield/Josh_Williams/Scoring_20Oct/Emma/DSC_4539.TIF,3,3,1,1,3,0,254,566,953,1265
/Volumes/Mark-Banfield/Josh_Williams/Scoring_20Oct/Emma/DSC_4539.TIF,3,3,1,1,4,1,784,1078,886,1180
/Volumes/Mark-Banfield/Josh_Williams/Scoring_20Oct/Emma/DSC_4539.TIF,3,3,1,1,5,4,742,944,658,860
/Volumes/Mark-Banfield/Josh_Williams/Scoring_20Oct/Emma/DSC_4539.TIF,3,3,1,3,1,0,1841,2111,624,894
/Volumes/Mark-Banfield/Josh_Williams/Scoring_20Oct/Emma/DSC_4539.TIF,3,3,1,3,2,0,1698,1994,868,1164
/Volumes/Mark-Banfield/Josh_Williams/Scoring_20Oct/Emma/DSC_4539.TIF,3,3,1,3,3,1,1690,2002,1222,1534
/Volumes/Mark-Banfield/Josh_Williams/Scoring_20Oct/Emma/DSC_4539.TIF,3,3,1,3,4,3,2292,2570,1159,1437
/Volumes/Mark-Banfield/Josh_Williams/Scoring_20Oct/Emma/DSC_4539.TIF,3,3,1,3,5,4,2334,2554,889,1109
/Volumes/Mark-Banfield/Josh_Williams/Scoring_20Oct/Emma/DSC_4539.TIF,3,3,1,3,6,0,2166,2428,637,899
/Volumes/Mark-Banfield/Josh_Williams/Scoring_20Oct/Emma/DSC_4539.TIF,3,3,2,2,1,0,1374,1634,1686,1946
/Volumes/Mark-Banfield/Josh_Williams/Scoring_20Oct/Emma/DSC_4539.TIF,3,3,2,2,2,0,1172,1518,1925,2271
/Volumes/Mark-Banfield/Josh_Williams/Scoring_20Oct/Emma/DSC_4539.TIF,3,3,2,2,3,0,1206,1550,2268,2612
/Volumes/Mark-Banfield/Josh_Williams/Scoring_20Oct/Emma/DSC_4539.TIF,3,3,2,2,4,1,1694,1998,2216,2520
/Volumes/Mark-Banfield/Josh_Williams/Scoring_20Oct/Emma/DSC_4539.TIF,3,3,2,2,5,4,1632,1876,1980,2224
/Volumes/Mark-Banfield/Josh_Williams/Scoring_20Oct/Emma/DSC_4539.TIF,3,3,3,1,1,1,700,952,2980,3232
/Volumes/Mark-Banfield/Josh_Williams/Scoring_20Oct/Emma/DSC_4539.TIF,3,3,3,1,2,4,591,843,3278,3530
/Volumes/Mark-Banfield/Josh_Williams/Scoring_20Oct/Emma/DSC_4539.TIF,3,3,3,1,3,3,674,962,3631,3919
/Volumes/Mark-Banfield/Josh_Williams/Scoring_20Oct/Emma/DSC_4539.TIF,3,3,3,1,4,0,1129,1441,3412,3724
/Volumes/Mark-Banfield/Josh_Williams/Scoring_20Oct/Emma/DSC_4539.TIF,3,3,3,1,5,0,1046,1316,3152,3422
/Volumes/Mark-Banfield/Josh_Williams/Scoring_20Oct/Emma/DSC_4539.TIF,3,3,3,1,6,0,936,1214,2920,3198
/Volumes/Mark-Banfield/Josh_Williams/Scoring_20Oct/Emma/DSC_4539.TIF,3,3,3,3,1,0,2039,2293,2940,3194
/Volumes/Mark-Banfield/Josh_Williams/Scoring_20Oct/Emma/DSC_4539.TIF,3,3,3,3,2,1,1972,2258,3194,3480
/Volumes/Mark-Banfield/Josh_Williams/Scoring_20Oct/Emma/DSC_4539.TIF,3,3,3,3,3,4,1972,2192,3446,3666
/Volumes/Mark-Banfield/Josh_Williams/Scoring_20Oct/Emma/DSC_4539.TIF,3,3,3,3,5,0,2300,2554,3155,3409
/Volumes/Mark-Banfield/Josh_Williams/Scoring_20Oct/Emma/DSC_4539.TIF,3,3,3,3,6,0,2258,2520,2890,3152
/Volumes/Mark-Banfield/Josh_Williams/Scoring_20Oct/Emma/DSC_1349.tif,3,3,1,1,1,6,768,962,388,582
/Volumes/Mark-Banfield/Josh_Williams/Scoring_20Oct/Emma/DSC_1349.tif,3,3,1,1,2,0,590,868,556,834
/Volumes/Mark-Banfield/Josh_Williams/Scoring_20Oct/Emma/DSC_1349.tif,3,3,1,1,3,0,506,844,873,1211
/Volumes/Mark-Banfield/Josh_Williams/Scoring_20Oct/Emma/DSC_1349.tif,3,3,1,1,4,4,1054,1306,920,1172
/Volumes/Mark-Banfield/Josh_Williams/Scoring_20Oct/Emma/DSC_1349.tif,3,3,1,1,5,5,979,1247,600,868
/Volumes/Mark-Banfield/Josh_Williams/Scoring_20Oct/Emma/DSC_1349.tif,3,3,1,1,6,6,958,1184,364,590
/Volumes/Mark-Banfield/Josh_Williams/Scoring_20Oct/Emma/DSC_1349.tif,3,3,1,3,1,5,1964,2200,456,692
/Volumes/Mark-Banfield/Josh_Williams/Scoring_20Oct/Emma/DSC_1349.tif,3,3,1,3,2,6,1825,2069,624,868
/Volumes/Mark-Banfield/Josh_Williams/Scoring_20Oct/Emma/DSC_1349.tif,3,3,1,3,3,0,1711,2057,936,1282
/Volumes/Mark-Banfield/Josh_Williams/Scoring_20Oct/Emma/DSC_1349.tif,3,3,1,3,4,0,2296,2626,944,1274
/Volumes/Mark-Banfield/Josh_Williams/Scoring_20Oct/Emma/DSC_1349.tif,3,3,1,3,5,5,2310,2578,654,922
/Volumes/Mark-Banfield/Josh_Williams/Scoring_20Oct/Emma/DSC_1349.tif,3,3,1,3,6,6,2238,2482,406,650
/Volumes/Mark-Banfield/Josh_Williams/Scoring_20Oct/Emma/DSC_1349.tif,3,3,2,2,1,6,1198,1416,1754,1972
/Volumes/Mark-Banfield/Josh_Williams/Scoring_20Oct/Emma/DSC_1349.tif,3,3,2,2,2,6,1138,1400,2039,2301
/Volumes/Mark-Banfield/Josh_Williams/Scoring_20Oct/Emma/DSC_1349.tif,3,3,2,2,3,5,1188,1434,2342,2588
/Volumes/Mark-Banfield/Josh_Williams/Scoring_20Oct/Emma/DSC_1349.tif,3,3,2,2,4,0,1686,1990,2140,2444
/Volumes/Mark-Banfield/Josh_Williams/Scoring_20Oct/Emma/DSC_1349.tif,3,3,2,2,5,0,1534,1898,1828,2192
/Volumes/Mark-Banfield/Josh_Williams/Scoring_20Oct/Emma/DSC_1349.tif,3,3,2,2,6,6,1424,1694,1601,1871
/Volumes/Mark-Banfield/Josh_Williams/Scoring_20Oct/Emma/DSC_1349.tif,3,3,3,1,1,2,435,721,2932,3218
/Volumes/Mark-Banfield/Josh_Williams/Scoring_20Oct/Emma/DSC_1349.tif,3,3,3,1,2,5,351,603,3244,3496
/Volumes/Mark-Banfield/Josh_Williams/Scoring_20Oct/Emma/DSC_1349.tif,3,3,3,1,3,4,330,600,3517,3787
/Volumes/Mark-Banfield/Josh_Williams/Scoring_20Oct/Emma/DSC_1349.tif,3,3,3,1,4,5,878,1130,3540,3792
/Volumes/Mark-Banfield/Josh_Williams/Scoring_20Oct/Emma/DSC_1349.tif,3,3,3,1,5,0,877,1165,3218,3506
/Volumes/Mark-Banfield/Josh_Williams/Scoring_20Oct/Emma/DSC_1349.tif,3,3,3,1,6,0,718,1012,2916,3210
/Volumes/Mark-Banfield/Josh_Williams/Scoring_20Oct/Emma/DSC_1349.tif,3,3,3,3,1,0,2089,2419,2772,3102
/Volumes/Mark-Banfield/Josh_Williams/Scoring_20Oct/Emma/DSC_1349.tif,3,3,3,3,2,6,1990,2250,3102,3362
/Volumes/Mark-Banfield/Josh_Williams/Scoring_20Oct/Emma/DSC_1349.tif,3,3,3,3,3,6,2014,2284,3454,3724
/Volumes/Mark-Banfield/Josh_Williams/Scoring_20Oct/Emma/DSC_1349.tif,3,3,3,3,4,6,2452,2706,3445,3699
/Volumes/Mark-Banfield/Josh_Williams/Scoring_20Oct/Emma/DSC_1349.tif,3,3,3,3,5,6,2351,2613,3176,3438
/Volumes/Mark-Banfield/Josh_Williams/Scoring_20Oct/Emma/DSC_1349.tif,3,3,3,3,6,0,2401,2671,2856,3126
/Volumes/Mark-Banfield/Josh_Williams/Scoring_20Oct/Emma/DSC_5086.TIF,3,3,1,2,1,0,1382,1728,232,578
/Volumes/Mark-Banfield/Josh_Williams/Scoring_20Oct/Emma/DSC_5086.TIF,3,3,1,2,2,1,1230,1602,531,903
/Volumes/Mark-Banfield/Josh_Williams/Scoring_20Oct/Emma/DSC_5086.TIF,3,3,1,2,3,3,1172,1568,944,1340
/Volumes/Mark-Banfield/Josh_Williams/Scoring_20Oct/Emma/DSC_5086.TIF,3,3,1,2,4,0,1888,2208,1004,1324
/Volumes/Mark-Banfield/Josh_Williams/Scoring_20Oct/Emma/DSC_5086.TIF,3,3,1,2,5,4,1833,2171,674,1012
/Volumes/Mark-Banfield/Josh_Williams/Scoring_20Oct/Emma/DSC_5086.TIF,3,3,1,2,6,0,1690,2052,296,658
/Volumes/Mark-Banfield/Josh_Williams/Scoring_20Oct/Emma/DSC_5086.TIF,3,3,2,1,1,3,970,1282,1517,1829
/Volumes/Mark-Banfield/Josh_Williams/Scoring_20Oct/Emma/DSC_5086.TIF,3,3,2,1,2,0,633,1053,1754,2174
/Volumes/Mark-Banfield/Josh_Williams/Scoring_20Oct/Emma/DSC_5086.TIF,3,3,2,1,3,0,637,1041,2158,2562
/Volumes/Mark-Banfield/Josh_Williams/Scoring_20Oct/Emma/DSC_5086.TIF,3,3,2,1,4,3,1345,1649,2208,2512
/Volumes/Mark-Banfield/Josh_Williams/Scoring_20Oct/Emma/DSC_5086.TIF,3,3,2,1,5,0,1353,1657,1904,2208
/Volumes/Mark-Banfield/Josh_Williams/Scoring_20Oct/Emma/DSC_5086.TIF,3,3,2,1,6,5,1223,1559,1610,1946
/Volumes/Mark-Banfield/Josh_Williams/Scoring_20Oct/Emma/DSC_5086.TIF,3,3,2,3,1,4,2082,2384,1594,1896
/Volumes/Mark-Banfield/Josh_Williams/Scoring_20Oct/Emma/DSC_5086.TIF,3,3,2,3,2,5,1921,2233,1896,2208
/Volumes/Mark-Banfield/Josh_Williams/Scoring_20Oct/Emma/DSC_5086.TIF,3,3,2,3,3,0,1930,2268,2254,2592
/Volumes/Mark-Banfield/Josh_Williams/Scoring_20Oct/Emma/DSC_5086.TIF,3,3,2,3,4,0,2584,2962,2276,2654
/Volumes/Mark-Banfield/Josh_Williams/Scoring_20Oct/Emma/DSC_5086.TIF,3,3,2,3,5,1,2561,2941,1812,2192
/Volumes/Mark-Banfield/Josh_Williams/Scoring_20Oct/Emma/DSC_5086.TIF,3,3,2,3,6,2,2380,2658,1584,1862
/Volumes/Mark-Banfield/Josh_Williams/Scoring_20Oct/Emma/DSC_5086.TIF,3,3,3,1,1,5,1122,1424,3076,3378
/Volumes/Mark-Banfield/Josh_Williams/Scoring_20Oct/Emma/DSC_5086.TIF,3,3,3,1,2,1,902,1238,3396,3732
/Volumes/Mark-Banfield/Josh_Williams/Scoring_20Oct/Emma/DSC_5086.TIF,3,3,3,1,3,1,730,1134,3724,4128
/Volumes/Mark-Banfield/Josh_Williams/Scoring_20Oct/Emma/DSC_5086.TIF,3,3,3,1,4,0,1382,1744,3666,4028
/Volumes/Mark-Banfield/Josh_Williams/Scoring_20Oct/Emma/DSC_5086.TIF,3,3,3,1,5,4,1387,1791,3328,3732
/Volumes/Mark-Banfield/Josh_Williams/Scoring_20Oct/Emma/DSC_5086.TIF,3,3,3,1,6,1,1370,1664,3068,3362
/Volumes/Mark-Banfield/Josh_Williams/Scoring_20Oct/Emma/DSC_5086.TIF,3,3,3,3,1,3,2419,2739,3042,3362
/Volumes/Mark-Banfield/Josh_Williams/Scoring_20Oct/Emma/DSC_5086.TIF,3,3,3,3,2,1,2103,2525,3286,3708
/Volumes/Mark-Banfield/Josh_Williams/Scoring_20Oct/Emma/DSC_5086.TIF,3,3,3,3,3,4,2094,2532,3708,4146
/Volumes/Mark-Banfield/Josh_Williams/Scoring_20Oct/Emma/DSC_5086.TIF,3,3,3,3,4,0,2744,3122,3826,4204
/Volumes/Mark-Banfield/Josh_Williams/Scoring_20Oct/Emma/DSC_5086.TIF,3,3,3,3,5,4,2882,3168,3522,3808
/Volumes/Mark-Banfield/Josh_Williams/Scoring_20Oct/Emma/DSC_5086.TIF,3,3,3,3,6,2,2794,3114,3244,3564
/Volumes/Mark-Banfield/Josh_Williams/Scoring_20Oct/Emma/DSC_4541.TIF,3,3,1,1,2,1,553,797,330,574
/Volumes/Mark-Banfield/Josh_Williams/Scoring_20Oct/Emma/DSC_4541.TIF,3,3,1,1,3,2,435,671,624,860
/Volumes/Mark-Banfield/Josh_Williams/Scoring_20Oct/Emma/DSC_4541.TIF,3,3,1,1,4,3,514,742,915,1143
/Volumes/Mark-Banfield/Josh_Williams/Scoring_20Oct/Emma/DSC_4541.TIF,3,3,1,1,5,4,928,1096,894,1062
/Volumes/Mark-Banfield/Josh_Williams/Scoring_20Oct/Emma/DSC_4541.TIF,3,3,1,1,6,0,814,1066,616,868
/Volumes/Mark-Banfield/Josh_Williams/Scoring_20Oct/Emma/DSC_4541.TIF,3,3,1,2,1,0,780,998,330,548
/Volumes/Mark-Banfield/Josh_Williams/Scoring_20Oct/Emma/DSC_4541.TIF,3,3,1,3,1,0,1942,2178,312,548
/Volumes/Mark-Banfield/Josh_Williams/Scoring_20Oct/Emma/DSC_4541.TIF,3,3,1,3,2,0,1838,2132,616,910
/Volumes/Mark-Banfield/Josh_Williams/Scoring_20Oct/Emma/DSC_4541.TIF,3,3,1,3,3,3,1838,2106,899,1167
/Volumes/Mark-Banfield/Josh_Williams/Scoring_20Oct/Emma/DSC_4541.TIF,3,3,1,3,4,4,2334,2562,944,1172
/Volumes/Mark-Banfield/Josh_Williams/Scoring_20Oct/Emma/DSC_4541.TIF,3,3,1,3,5,4,2368,2612,642,886
/Volumes/Mark-Banfield/Josh_Williams/Scoring_20Oct/Emma/DSC_4541.TIF,3,3,1,3,6,0,2258,2494,364,600
/Volumes/Mark-Banfield/Josh_Williams/Scoring_20Oct/Emma/DSC_4541.TIF,3,3,2,2,1,0,1180,1484,1656,1960
/Volumes/Mark-Banfield/Josh_Williams/Scoring_20Oct/Emma/DSC_4541.TIF,3,3,2,2,2,0,1112,1442,1933,2263
/Volumes/Mark-Banfield/Josh_Williams/Scoring_20Oct/Emma/DSC_4541.TIF,3,3,2,2,3,0,1112,1416,2258,2562
/Volumes/Mark-Banfield/Josh_Williams/Scoring_20Oct/Emma/DSC_4541.TIF,3,3,2,2,4,1,1736,2022,2216,2502
/Volumes/Mark-Banfield/Josh_Williams/Scoring_20Oct/Emma/DSC_4541.TIF,3,3,2,2,5,5,1559,1837,1904,2182
/Volumes/Mark-Banfield/Josh_Williams/Scoring_20Oct/Emma/DSC_4541.TIF,3,3,3,1,1,4,448,708,3046,3306
/Volumes/Mark-Banfield/Josh_Williams/Scoring_20Oct/Emma/DSC_4541.TIF,3,3,3,1,2,0,187,531,3270,3614
/Volumes/Mark-Banfield/Josh_Williams/Scoring_20Oct/Emma/DSC_4541.TIF,3,3,3,1,3,0,216,602,3666,4052
/Volumes/Mark-Banfield/Josh_Williams/Scoring_20Oct/Emma/DSC_4541.TIF,3,3,3,1,4,0,825,1189,3614,3978
/Volumes/Mark-Banfield/Josh_Williams/Scoring_20Oct/Emma/DSC_4541.TIF,3,3,3,1,5,1,779,1041,3320,3582
/Volumes/Mark-Banfield/Josh_Williams/Scoring_20Oct/Emma/DSC_4541.TIF,3,3,3,1,6,3,743,987,3034,3278
/Volumes/Mark-Banfield/Josh_Williams/Scoring_20Oct/Emma/DSC_4541.TIF,3,3,3,3,1,3,2031,2283,3160,3412
/Volumes/Mark-Banfield/Josh_Williams/Scoring_20Oct/Emma/DSC_4541.TIF,3,3,3,3,2,3,2040,2276,3421,3657
/Volumes/Mark-Banfield/Josh_Williams/Scoring_20Oct/Emma/DSC_4541.TIF,3,3,3,3,3,0,2002,2322,3648,3968
/Volumes/Mark-Banfield/Josh_Williams/Scoring_20Oct/Emma/DSC_4541.TIF,3,3,3,3,4,0,2436,2714,3530,3808
/Volumes/Mark-Banfield/Josh_Williams/Scoring_20Oct/Emma/DSC_4541.TIF,3,3,3,3,5,0,2334,2604,3282,3552
/Volumes/Mark-Banfield/Josh_Williams/Scoring_20Oct/Emma/DSC_4541.TIF,3,3,3,3,6,1,2225,2469,3092,3336
/Volumes/Mark-Banfield/Josh_Williams/Scoring_20Oct/Emma/DSC_6340.tif,3,3,1,1,1,6,396,590,456,650
/Volumes/Mark-Banfield/Josh_Williams/Scoring_20Oct/Emma/DSC_6340.tif,3,3,1,1,2,0,304,574,658,928
/Volumes/Mark-Banfield/Josh_Williams/Scoring_20Oct/Emma/DSC_6340.tif,3,3,1,1,3,0,322,666,966,1310
/Volumes/Mark-Banfield/Josh_Williams/Scoring_20Oct/Emma/DSC_6340.tif,3,3,1,1,4,0,718,1046,793,1121
/Volumes/Mark-Banfield/Josh_Williams/Scoring_20Oct/Emma/DSC_6340.tif,3,3,1,1,5,0,616,910,536,830
/Volumes/Mark-Banfield/Josh_Williams/Scoring_20Oct/Emma/DSC_6340.tif,3,3,1,1,6,6,600,784,389,573
/Volumes/Mark-Banfield/Josh_Williams/Scoring_20Oct/Emma/DSC_6340.tif,3,3,1,3,1,6,1610,1820,574,784
/Volumes/Mark-Banfield/Josh_Williams/Scoring_20Oct/Emma/DSC_6340.tif,3,3,1,3,2,6,1526,1720,725,919
/Volumes/Mark-Banfield/Josh_Williams/Scoring_20Oct/Emma/DSC_6340.tif,3,3,1,3,3,0,1576,1804,902,1130
/Volumes/Mark-Banfield/Josh_Williams/Scoring_20Oct/Emma/DSC_6340.tif,3,3,1,3,4,0,1930,2192,902,1164
/Volumes/Mark-Banfield/Josh_Williams/Scoring_20Oct/Emma/DSC_6340.tif,3,3,1,3,5,0,1892,2144,658,910
/Volumes/Mark-Banfield/Josh_Williams/Scoring_20Oct/Emma/DSC_6340.tif,3,3,1,3,6,0,1838,2056,469,687
/Volumes/Mark-Banfield/Josh_Williams/Scoring_20Oct/Emma/DSC_6340.tif,3,3,2,2,1,0,1130,1426,1744,2040
/Volumes/Mark-Banfield/Josh_Williams/Scoring_20Oct/Emma/DSC_6340.tif,3,3,2,2,2,5,1160,1404,2014,2258
/Volumes/Mark-Banfield/Josh_Williams/Scoring_20Oct/Emma/DSC_6340.tif,3,3,2,2,3,5,1112,1374,2220,2482
/Volumes/Mark-Banfield/Josh_Williams/Scoring_20Oct/Emma/DSC_6340.tif,3,3,2,2,4,0,1526,1820,2200,2494
/Volumes/Mark-Banfield/Josh_Williams/Scoring_20Oct/Emma/DSC_6340.tif,3,3,2,2,5,0,1466,1754,1904,2192
/Volumes/Mark-Banfield/Josh_Williams/Scoring_20Oct/Emma/DSC_6340.tif,3,3,2,2,6,0,1424,1686,1652,1914
/Volumes/Mark-Banfield/Josh_Williams/Scoring_20Oct/Emma/DSC_6340.tif,3,3,3,1,1,0,257,511,3016,3270
/Volumes/Mark-Banfield/Josh_Williams/Scoring_20Oct/Emma/DSC_6340.tif,3,3,3,1,2,0,148,410,3244,3506
/Volumes/Mark-Banfield/Josh_Williams/Scoring_20Oct/Emma/DSC_6340.tif,3,3,3,1,3,6,330,582,3472,3724
/Volumes/Mark-Banfield/Josh_Williams/Scoring_20Oct/Emma/DSC_6340.tif,3,3,3,1,4,6,620,856,3412,3648
/Volumes/Mark-Banfield/Josh_Williams/Scoring_20Oct/Emma/DSC_6340.tif,3,3,3,1,5,0,600,834,3173,3407
/Volumes/Mark-Banfield/Josh_Williams/Scoring_20Oct/Emma/DSC_6340.tif,3,3,3,1,6,1,485,713,2974,3202
/Volumes/Mark-Banfield/Josh_Williams/Scoring_20Oct/Emma/DSC_6340.tif,3,3,3,3,1,0,2090,2376,2832,3118
/Volumes/Mark-Banfield/Josh_Williams/Scoring_20Oct/Emma/DSC_6340.tif,3,3,3,3,2,0,1976,2296,3058,3378
/Volumes/Mark-Banfield/Josh_Williams/Scoring_20Oct/Emma/DSC_6340.tif,3,3,3,3,3,0,1938,2276,3362,3700
/Volumes/Mark-Banfield/Josh_Williams/Scoring_20Oct/Emma/DSC_6340.tif,3,3,3,3,4,3,2473,2751,3320,3598
/Volumes/Mark-Banfield/Josh_Williams/Scoring_20Oct/Emma/DSC_6340.tif,3,3,3,3,5,6,2444,2680,3089,3325
/Volumes/Mark-Banfield/Josh_Williams/Scoring_20Oct/Emma/DSC_6340.tif,3,3,3,3,6,1,2411,2655,2924,3168
/Volumes/Mark-Banfield/Josh_Williams/Scoring_20Oct/Emma/_DSC3043.TIF,3,2,1,1,1,3,891,1177,438,724
/Volumes/Mark-Banfield/Josh_Williams/Scoring_20Oct/Emma/_DSC3043.TIF,3,2,1,1,2,3,687,1057,658,1028
/Volumes/Mark-Banfield/Josh_Williams/Scoring_20Oct/Emma/_DSC3043.TIF,3,2,1,1,3,1,634,986,1106,1458
/Volumes/Mark-Banfield/Josh_Williams/Scoring_20Oct/Emma/_DSC3043.TIF,3,2,1,1,4,0,1296,1704,1067,1475
/Volumes/Mark-Banfield/Josh_Williams/Scoring_20Oct/Emma/_DSC3043.TIF,3,2,1,1,5,6,1401,1743,706,1048
/Volumes/Mark-Banfield/Josh_Williams/Scoring_20Oct/Emma/_DSC3043.TIF,3,2,1,1,6,0,1228,1542,410,724
/Volumes/Mark-Banfield/Josh_Williams/Scoring_20Oct/Emma/_DSC3043.TIF,3,2,1,2,1,0,2381,2723,458,800
/Volumes/Mark-Banfield/Josh_Williams/Scoring_20Oct/Emma/_DSC3043.TIF,3,2,1,2,2,1,2152,2514,810,1172
/Volumes/Mark-Banfield/Josh_Williams/Scoring_20Oct/Emma/_DSC3043.TIF,3,2,1,2,3,4,2189,2561,1152,1524
/Volumes/Mark-Banfield/Josh_Williams/Scoring_20Oct/Emma/_DSC3043.TIF,3,2,1,2,4,0,2761,3143,1152,1534
/Volumes/Mark-Banfield/Josh_Williams/Scoring_20Oct/Emma/_DSC3043.TIF,3,2,1,2,5,1,2833,3223,782,1172
/Volumes/Mark-Banfield/Josh_Williams/Scoring_20Oct/Emma/_DSC3043.TIF,3,2,1,2,6,4,2681,2967,410,696
/Volumes/Mark-Banfield/Josh_Williams/Scoring_20Oct/Emma/_DSC3043.TIF,3,2,2,1,1,0,976,1290,1980,2294
/Volumes/Mark-Banfield/Josh_Williams/Scoring_20Oct/Emma/_DSC3043.TIF,3,2,2,1,2,1,763,1143,2238,2618
/Volumes/Mark-Banfield/Josh_Williams/Scoring_20Oct/Emma/_DSC3043.TIF,3,2,2,1,3,1,800,1182,2651,3033
/Volumes/Mark-Banfield/Josh_Williams/Scoring_20Oct/Emma/_DSC3043.TIF,3,2,2,1,4,0,1390,1742,2547,2899
/Volumes/Mark-Banfield/Josh_Williams/Scoring_20Oct/Emma/_DSC3043.TIF,3,2,2,1,5,0,1281,1577,2266,2562
/Volumes/Mark-Banfield/Josh_Williams/Scoring_20Oct/Emma/_DSC3043.TIF,3,2,2,1,6,6,1286,1562,1952,2228
/Volumes/Mark-Banfield/Josh_Williams/Scoring_20Oct/Emma/_DSC3043.TIF,3,2,2,2,1,0,2314,2618,1986,2290
/Volumes/Mark-Banfield/Josh_Williams/Scoring_20Oct/Emma/_DSC3043.TIF,3,2,2,2,2,3,2142,2486,2242,2586
/Volumes/Mark-Banfield/Josh_Williams/Scoring_20Oct/Emma/_DSC3043.TIF,3,2,2,2,3,1,2180,2532,2538,2890
/Volumes/Mark-Banfield/Josh_Williams/Scoring_20Oct/Emma/_DSC3043.TIF,3,2,2,2,4,0,2814,3146,2476,2808
/Volumes/Mark-Banfield/Josh_Williams/Scoring_20Oct/Emma/_DSC3043.TIF,3,2,2,2,5,6,2838,3152,2167,2481
/Volumes/Mark-Banfield/Josh_Williams/Scoring_20Oct/Emma/_DSC3043.TIF,3,2,2,2,6,2,2600,2962,1838,2200
/Volumes/Mark-Banfield/Josh_Williams/Scoring_20Oct/Emma/_DSC3043.TIF,3,2,3,1,1,5,976,1272,3408,3704
/Volumes/Mark-Banfield/Josh_Williams/Scoring_20Oct/Emma/_DSC3043.TIF,3,2,3,1,2,1,790,1076,3622,3908
/Volumes/Mark-Banfield/Josh_Williams/Scoring_20Oct/Emma/_DSC3043.TIF,3,2,3,1,4,0,1295,1657,3998,4360
/Volumes/Mark-Banfield/Josh_Williams/Scoring_20Oct/Emma/_DSC3043.TIF,3,2,3,1,5,1,1405,1757,3684,4036
/Volumes/Mark-Banfield/Josh_Williams/Scoring_20Oct/Emma/_DSC3043.TIF,3,2,3,1,6,2,1252,1566,3370,3684
/Volumes/Mark-Banfield/Josh_Williams/Scoring_20Oct/Emma/_DSC3043.TIF,3,2,3,2,1,4,2570,2884,3185,3499
/Volumes/Mark-Banfield/Josh_Williams/Scoring_20Oct/Emma/_DSC3043.TIF,3,2,3,2,2,0,2228,2562,3598,3932
/Volumes/Mark-Banfield/Josh_Williams/Scoring_20Oct/Emma/_DSC3043.TIF,3,2,3,2,3,1,2214,2574,3990,4350
/Volumes/Mark-Banfield/Josh_Williams/Scoring_20Oct/Emma/_DSC3043.TIF,3,2,3,2,4,5,2980,3304,4008,4332
/Volumes/Mark-Banfield/Josh_Williams/Scoring_20Oct/Emma/_DSC3043.TIF,3,2,3,2,5,0,2980,3322,3628,3970
/Volumes/Mark-Banfield/Josh_Williams/Scoring_20Oct/Emma/_DSC3043.TIF,3,2,3,2,6,1,2846,3198,3304,3656
/Volumes/Mark-Banfield/Josh_Williams/Scoring_20Oct/Emma/DSC_8270.tif,3,3,1,1,1,0,503,839,414,750
/Volumes/Mark-Banfield/Josh_Williams/Scoring_20Oct/Emma/DSC_8270.tif,3,3,1,1,2,6,485,755,742,1012
/Volumes/Mark-Banfield/Josh_Williams/Scoring_20Oct/Emma/DSC_8270.tif,3,3,1,1,3,5,600,826,1034,1260
/Volumes/Mark-Banfield/Josh_Williams/Scoring_20Oct/Emma/DSC_8270.tif,3,3,1,1,4,6,902,1164,889,1151
/Volumes/Mark-Banfield/Josh_Williams/Scoring_20Oct/Emma/DSC_8270.tif,3,3,1,1,5,6,982,1234,684,936
/Volumes/Mark-Banfield/Josh_Williams/Scoring_20Oct/Emma/DSC_8270.tif,3,3,1,1,6,1,818,1088,430,700
/Volumes/Mark-Banfield/Josh_Williams/Scoring_20Oct/Emma/DSC_8270.tif,3,3,1,3,1,1,1804,2098,684,978
/Volumes/Mark-Banfield/Josh_Williams/Scoring_20Oct/Emma/DSC_8270.tif,3,3,1,3,2,1,1779,2091,970,1282
/Volumes/Mark-Banfield/Josh_Williams/Scoring_20Oct/Emma/DSC_8270.tif,3,3,1,3,3,4,2013,2301,1070,1358
/Volumes/Mark-Banfield/Josh_Williams/Scoring_20Oct/Emma/DSC_8270.tif,3,3,1,3,4,4,2247,2557,920,1230
/Volumes/Mark-Banfield/Josh_Williams/Scoring_20Oct/Emma/DSC_8270.tif,3,3,1,3,5,5,2258,2554,632,928
/Volumes/Mark-Banfield/Josh_Williams/Scoring_20Oct/Emma/DSC_8270.tif,3,3,1,3,6,6,2090,2318,574,802
/Volumes/Mark-Banfield/Josh_Williams/Scoring_20Oct/Emma/DSC_8270.tif,3,3,2,2,1,5,1400,1626,1661,1887
/Volumes/Mark-Banfield/Josh_Williams/Scoring_20Oct/Emma/DSC_8270.tif,3,3,2,2,2,0,1270,1564,1838,2132
/Volumes/Mark-Banfield/Josh_Williams/Scoring_20Oct/Emma/DSC_8270.tif,3,3,2,2,3,0,1264,1584,2149,2469
/Volumes/Mark-Banfield/Josh_Williams/Scoring_20Oct/Emma/DSC_8270.tif,3,3,2,2,4,5,1609,1905,2106,2402
/Volumes/Mark-Banfield/Josh_Williams/Scoring_20Oct/Emma/DSC_8270.tif,3,3,2,2,5,6,1618,1880,1871,2133
/Volumes/Mark-Banfield/Josh_Williams/Scoring_20Oct/Emma/DSC_8270.tif,3,3,2,2,6,6,1610,1796,1719,1905
/Volumes/Mark-Banfield/Josh_Williams/Scoring_20Oct/Emma/DSC_8270.tif,3,3,2,3,1,5,1408,1626,1657,1875
/Volumes/Mark-Banfield/Josh_Williams/Scoring_20Oct/Emma/DSC_8270.tif,3,3,3,1,1,5,760,1004,2786,3030
/Volumes/Mark-Banfield/Josh_Williams/Scoring_20Oct/Emma/DSC_8270.tif,3,3,3,1,2,5,608,860,2958,3210
/Volumes/Mark-Banfield/Josh_Williams/Scoring_20Oct/Emma/DSC_8270.tif,3,3,3,1,3,1,566,894,3228,3556
/Volumes/Mark-Banfield/Josh_Williams/Scoring_20Oct/Emma/DSC_8270.tif,3,3,3,1,4,1,1033,1345,3194,3506
/Volumes/Mark-Banfield/Josh_Williams/Scoring_20Oct/Emma/DSC_8270.tif,3,3,3,1,5,5,987,1265,2974,3252
/Volumes/Mark-Banfield/Josh_Williams/Scoring_20Oct/Emma/DSC_8270.tif,3,3,3,1,6,5,982,1202,2772,2992
/Volumes/Mark-Banfield/Josh_Williams/Scoring_20Oct/Emma/DSC_8270.tif,3,3,3,3,1,5,2158,2384,2794,3020
/Volumes/Mark-Banfield/Josh_Williams/Scoring_20Oct/Emma/DSC_8270.tif,3,3,3,3,2,6,2124,2376,3000,3252
/Volumes/Mark-Banfield/Josh_Williams/Scoring_20Oct/Emma/DSC_8270.tif,3,3,3,3,3,5,2200,2470,3202,3472
/Volumes/Mark-Banfield/Josh_Williams/Scoring_20Oct/Emma/DSC_8270.tif,3,3,3,3,4,0,2520,2882,3114,3476
/Volumes/Mark-Banfield/Josh_Williams/Scoring_20Oct/Emma/DSC_8270.tif,3,3,3,3,5,0,2466,2760,2840,3134
/Volumes/Mark-Banfield/Josh_Williams/Scoring_20Oct/Emma/DSC_8270.tif,3,3,3,3,6,6,2342,2612,2625,2895
/Volumes/Mark-Banfield/Josh_Williams/Scoring_20Oct/Emma/DSC_6337.tif,3,3,1,1,1,0,312,608,299,595
/Volumes/Mark-Banfield/Josh_Williams/Scoring_20Oct/Emma/DSC_6337.tif,3,3,1,1,2,0,186,506,562,882
/Volumes/Mark-Banfield/Josh_Williams/Scoring_20Oct/Emma/DSC_6337.tif,3,3,1,1,3,3,262,532,936,1206
/Volumes/Mark-Banfield/Josh_Williams/Scoring_20Oct/Emma/DSC_6337.tif,3,3,1,1,4,3,718,970,928,1180
/Volumes/Mark-Banfield/Josh_Williams/Scoring_20Oct/Emma/DSC_6337.tif,3,3,1,1,5,0,674,996,556,878
/Volumes/Mark-Banfield/Josh_Williams/Scoring_20Oct/Emma/DSC_6337.tif,3,3,1,1,6,0,586,882,270,566
/Volumes/Mark-Banfield/Josh_Williams/Scoring_20Oct/Emma/DSC_6337.tif,3,3,1,3,1,0,1905,2167,514,776
/Volumes/Mark-Banfield/Josh_Williams/Scoring_20Oct/Emma/DSC_6337.tif,3,3,1,3,2,0,1876,2154,776,1054
/Volumes/Mark-Banfield/Josh_Williams/Scoring_20Oct/Emma/DSC_6337.tif,3,3,1,3,3,0,1812,2132,1070,1390
/Volumes/Mark-Banfield/Josh_Williams/Scoring_20Oct/Emma/DSC_6337.tif,3,3,1,3,4,2,2216,2470,1033,1287
/Volumes/Mark-Banfield/Josh_Williams/Scoring_20Oct/Emma/DSC_6337.tif,3,3,1,3,5,3,2192,2418,785,1011
/Volumes/Mark-Banfield/Josh_Williams/Scoring_20Oct/Emma/DSC_6337.tif,3,3,1,3,6,0,2144,2398,506,760
/Volumes/Mark-Banfield/Josh_Williams/Scoring_20Oct/Emma/DSC_6337.tif,3,3,2,2,1,0,1164,1382,1678,1896
/Volumes/Mark-Banfield/Josh_Williams/Scoring_20Oct/Emma/DSC_6337.tif,3,3,2,2,2,0,1046,1290,1896,2140
/Volumes/Mark-Banfield/Josh_Williams/Scoring_20Oct/Emma/DSC_6337.tif,3,3,2,2,3,0,919,1205,2124,2410
/Volumes/Mark-Banfield/Josh_Williams/Scoring_20Oct/Emma/DSC_6337.tif,3,3,2,2,4,0,1358,1652,2158,2452
/Volumes/Mark-Banfield/Josh_Williams/Scoring_20Oct/Emma/DSC_6337.tif,3,3,2,2,5,6,1416,1652,1938,2174
/Volumes/Mark-Banfield/Josh_Williams/Scoring_20Oct/Emma/DSC_6337.tif,3,3,2,2,6,6,1327,1547,1736,1956
/Volumes/Mark-Banfield/Josh_Williams/Scoring_20Oct/Emma/DSC_6337.tif,3,3,3,1,1,4,632,834,2945,3147
/Volumes/Mark-Banfield/Josh_Williams/Scoring_20Oct/Emma/DSC_6337.tif,3,3,3,1,2,0,460,720,3102,3362
/Volumes/Mark-Banfield/Josh_Williams/Scoring_20Oct/Emma/DSC_6337.tif,3,3,3,1,3,0,346,666,3362,3682
/Volumes/Mark-Banfield/Josh_Williams/Scoring_20Oct/Emma/DSC_6337.tif,3,3,3,1,4,0,760,1046,3404,3690
/Volumes/Mark-Banfield/Josh_Williams/Scoring_20Oct/Emma/DSC_6337.tif,3,3,3,1,5,0,789,1057,3144,3412
/Volumes/Mark-Banfield/Josh_Williams/Scoring_20Oct/Emma/DSC_6337.tif,3,3,3,1,6,5,818,1012,2974,3168
/Volumes/Mark-Banfield/Josh_Williams/Scoring_20Oct/Emma/DSC_6337.tif,3,3,3,3,1,6,1820,2022,2890,3092
/Volumes/Mark-Banfield/Josh_Williams/Scoring_20Oct/Emma/DSC_6337.tif,3,3,3,3,2,6,1728,1980,3076,3328
/Volumes/Mark-Banfield/Josh_Williams/Scoring_20Oct/Emma/DSC_6337.tif,3,3,3,3,3,0,1715,1977,3286,3548
/Volumes/Mark-Banfield/Josh_Williams/Scoring_20Oct/Emma/DSC_6337.tif,3,3,3,3,4,0,2200,2512,3177,3489
/Volumes/Mark-Banfield/Josh_Williams/Scoring_20Oct/Emma/DSC_6337.tif,3,3,3,3,5,0,2140,2428,2927,3215
/Volumes/Mark-Banfield/Josh_Williams/Scoring_20Oct/Emma/DSC_6337.tif,3,3,3,3,6,0,2040,2292,2748,3000
/Volumes/Mark-Banfield/Josh_Williams/Scoring_20Oct/Emma/DSC_2394.tif,3,3,1,1,1,3,607,843,422,658
/Volumes/Mark-Banfield/Josh_Williams/Scoring_20Oct/Emma/DSC_2394.tif,3,3,1,1,2,0,473,759,642,928
/Volumes/Mark-Banfield/Josh_Williams/Scoring_20Oct/Emma/DSC_2394.tif,3,3,1,1,3,0,632,868,877,1113
/Volumes/Mark-Banfield/Josh_Williams/Scoring_20Oct/Emma/DSC_2394.tif,3,3,1,1,4,0,868,1138,717,987
/Volumes/Mark-Banfield/Josh_Williams/Scoring_20Oct/Emma/DSC_2394.tif,3,3,1,1,5,5,877,1113,490,726
/Volumes/Mark-Banfield/Josh_Williams/Scoring_20Oct/Emma/DSC_2394.tif,3,3,1,3,1,5,1809,2035,440,666
/Volumes/Mark-Banfield/Josh_Williams/Scoring_20Oct/Emma/DSC_2394.tif,3,3,1,3,2,1,1731,2035,666,970
/Volumes/Mark-Banfield/Josh_Williams/Scoring_20Oct/Emma/DSC_2394.tif,3,3,1,3,3,0,1828,2106,936,1214
/Volumes/Mark-Banfield/Josh_Williams/Scoring_20Oct/Emma/DSC_2394.tif,3,3,1,3,4,0,2127,2465,666,1004
/Volumes/Mark-Banfield/Josh_Williams/Scoring_20Oct/Emma/DSC_2394.tif,3,3,1,3,5,1,2074,2368,360,654
/Volumes/Mark-Banfield/Josh_Williams/Scoring_20Oct/Emma/DSC_2394.tif,3,3,2,2,1,0,1282,1594,1547,1859
/Volumes/Mark-Banfield/Josh_Williams/Scoring_20Oct/Emma/DSC_2394.tif,3,3,2,2,2,4,1159,1455,1820,2116
/Volumes/Mark-Banfield/Josh_Williams/Scoring_20Oct/Emma/DSC_2394.tif,3,3,2,2,3,0,1201,1555,2074,2428
/Volumes/Mark-Banfield/Josh_Williams/Scoring_20Oct/Emma/DSC_2394.tif,3,3,2,2,4,0,1723,2069,2006,2352
/Volumes/Mark-Banfield/Josh_Williams/Scoring_20Oct/Emma/DSC_2394.tif,3,3,2,2,5,0,1610,1946,1657,1993
/Volumes/Mark-Banfield/Josh_Williams/Scoring_20Oct/Emma/DSC_2394.tif,3,3,3,1,1,0,524,852,2798,3126
/Volumes/Mark-Banfield/Josh_Williams/Scoring_20Oct/Emma/DSC_2394.tif,3,3,3,1,2,0,440,768,3110,3438
/Volumes/Mark-Banfield/Josh_Williams/Scoring_20Oct/Emma/DSC_2394.tif,3,3,3,1,3,4,524,834,3410,3720
/Volumes/Mark-Banfield/Josh_Williams/Scoring_20Oct/Emma/DSC_2394.tif,3,3,3,1,4,0,1004,1332,3206,3534
/Volumes/Mark-Banfield/Josh_Williams/Scoring_20Oct/Emma/DSC_2394.tif,3,3,3,1,5,0,886,1222,2882,3218
/Volumes/Mark-Banfield/Josh_Williams/Scoring_20Oct/Emma/DSC_2394.tif,3,3,3,3,1,0,2195,2541,2798,3144
/Volumes/Mark-Banfield/Josh_Williams/Scoring_20Oct/Emma/DSC_2394.tif,3,3,3,3,2,0,2104,2414,3068,3378
/Volumes/Mark-Banfield/Josh_Williams/Scoring_20Oct/Emma/DSC_2394.tif,3,3,3,3,3,0,2116,2402,3328,3614
/Volumes/Mark-Banfield/Josh_Williams/Scoring_20Oct/Emma/DSC_2394.tif,3,3,3,3,4,6,2494,2730,3228,3464
/Volumes/Mark-Banfield/Josh_Williams/Scoring_20Oct/Emma/DSC_2394.tif,3,3,3,3,5,5,2487,2755,2984,3252
/Volumes/Mark-Banfield/Josh_Williams/Scoring_20Oct/Emma/_DSC3044.TIF,3,3,1,1,1,2,820,1068,772,1020
/Volumes/Mark-Banfield/Josh_Williams/Scoring_20Oct/Emma/_DSC3044.TIF,3,3,1,1,2,2,658,934,1000,1276
/Volumes/Mark-Banfield/Josh_Williams/Scoring_20Oct/Emma/_DSC3044.TIF,3,3,1,1,3,0,573,981,1334,1742
/Volumes/Mark-Banfield/Josh_Williams/Scoring_20Oct/Emma/_DSC3044.TIF,3,3,1,1,4,2,1228,1580,1428,1780
/Volumes/Mark-Banfield/Josh_Williams/Scoring_20Oct/Emma/_DSC3044.TIF,3,3,1,1,5,0,1134,1476,1058,1400
/Volumes/Mark-Banfield/Josh_Williams/Scoring_20Oct/Emma/_DSC3044.TIF,3,3,1,1,6,5,1000,1258,820,1078
/Volumes/Mark-Banfield/Josh_Williams/Scoring_20Oct/Emma/_DSC3044.TIF,3,3,1,3,1,4,2342,2590,786,1034
/Volumes/Mark-Banfield/Josh_Williams/Scoring_20Oct/Emma/_DSC3044.TIF,3,3,1,3,2,3,2156,2414,1076,1334
/Volumes/Mark-Banfield/Josh_Williams/Scoring_20Oct/Emma/_DSC3044.TIF,3,3,1,3,4,5,2770,3066,1385,1681
/Volumes/Mark-Banfield/Josh_Williams/Scoring_20Oct/Emma/_DSC3044.TIF,3,3,1,3,5,4,2770,3076,1071,1377
/Volumes/Mark-Banfield/Josh_Williams/Scoring_20Oct/Emma/_DSC3044.TIF,3,3,1,3,6,4,2646,2914,776,1044
/Volumes/Mark-Banfield/Josh_Williams/Scoring_20Oct/Emma/_DSC3044.TIF,3,3,2,2,1,4,1542,1848,2008,2314
/Volumes/Mark-Banfield/Josh_Williams/Scoring_20Oct/Emma/_DSC3044.TIF,3,3,2,2,2,0,1337,1691,2332,2686
/Volumes/Mark-Banfield/Josh_Williams/Scoring_20Oct/Emma/_DSC3044.TIF,3,3,2,2,3,2,1334,1752,2728,3146
/Volumes/Mark-Banfield/Josh_Williams/Scoring_20Oct/Emma/_DSC3044.TIF,3,3,2,2,4,1,2028,2418,2704,3094
/Volumes/Mark-Banfield/Josh_Williams/Scoring_20Oct/Emma/_DSC3044.TIF,3,3,2,2,5,0,2048,2410,2314,2676
/Volumes/Mark-Banfield/Josh_Williams/Scoring_20Oct/Emma/_DSC3044.TIF,3,3,2,2,6,2,1814,2166,1990,2342
/Volumes/Mark-Banfield/Josh_Williams/Scoring_20Oct/Emma/_DSC3044.TIF,3,3,3,1,2,4,914,1228,3713,4027
/Volumes/Mark-Banfield/Josh_Williams/Scoring_20Oct/Emma/_DSC3044.TIF,3,3,3,1,3,1,724,1190,4132,4598
/Volumes/Mark-Banfield/Josh_Williams/Scoring_20Oct/Emma/_DSC3044.TIF,3,3,3,1,4,3,1510,1852,4056,4398
/Volumes/Mark-Banfield/Josh_Williams/Scoring_20Oct/Emma/_DSC3044.TIF,3,3,3,1,5,1,1496,1848,3680,4032
/Volumes/Mark-Banfield/Josh_Williams/Scoring_20Oct/Emma/_DSC3044.TIF,3,3,3,1,6,3,1258,1618,3314,3674
/Volumes/Mark-Banfield/Josh_Williams/Scoring_20Oct/Emma/_DSC3044.TIF,3,3,3,3,1,3,2405,2671,3466,3732
/Volumes/Mark-Banfield/Josh_Williams/Scoring_20Oct/Emma/_DSC3044.TIF,3,3,3,3,2,0,2223,2605,3722,4104
/Volumes/Mark-Banfield/Josh_Williams/Scoring_20Oct/Emma/_DSC3044.TIF,3,3,3,3,3,3,2176,2518,4246,4588
/Volumes/Mark-Banfield/Josh_Williams/Scoring_20Oct/Emma/_DSC3044.TIF,3,3,3,3,4,6,2637,2941,4132,4436
/Volumes/Mark-Banfield/Josh_Williams/Scoring_20Oct/Emma/_DSC3044.TIF,3,3,3,3,5,2,2685,2979,3828,4122
/Volumes/Mark-Banfield/Josh_Williams/Scoring_20Oct/Emma/DSC_1346.tif,3,3,1,1,1,0,506,784,317,595
/Volumes/Mark-Banfield/Josh_Williams/Scoring_20Oct/Emma/DSC_1346.tif,3,3,1,1,2,0,296,624,582,910
/Volumes/Mark-Banfield/Josh_Williams/Scoring_20Oct/Emma/DSC_1346.tif,3,3,1,1,3,3,338,642,961,1265
/Volumes/Mark-Banfield/Josh_Williams/Scoring_20Oct/Emma/DSC_1346.tif,3,3,1,1,4,5,823,1159,970,1306
/Volumes/Mark-Banfield/Josh_Williams/Scoring_20Oct/Emma/DSC_1346.tif,3,3,1,1,5,6,977,1265,708,996
/Volumes/Mark-Banfield/Josh_Williams/Scoring_20Oct/Emma/DSC_1346.tif,3,3,1,1,6,0,834,1138,422,726
/Volumes/Mark-Banfield/Josh_Williams/Scoring_20Oct/Emma/DSC_1346.tif,3,3,1,3,1,0,2014,2292,406,684
/Volumes/Mark-Banfield/Josh_Williams/Scoring_20Oct/Emma/DSC_1346.tif,3,3,1,3,2,0,1732,2052,608,928
/Volumes/Mark-Banfield/Josh_Williams/Scoring_20Oct/Emma/DSC_1346.tif,3,3,1,3,3,0,1681,2035,978,1332
/Volumes/Mark-Banfield/Josh_Williams/Scoring_20Oct/Emma/DSC_1346.tif,3,3,1,3,4,3,2326,2596,986,1256
/Volumes/Mark-Banfield/Josh_Williams/Scoring_20Oct/Emma/DSC_1346.tif,3,3,1,3,5,6,2234,2494,730,990
/Volumes/Mark-Banfield/Josh_Williams/Scoring_20Oct/Emma/DSC_1346.tif,3,3,1,3,6,6,2250,2520,422,692
/Volumes/Mark-Banfield/Josh_Williams/Scoring_20Oct/Emma/DSC_1346.tif,3,3,2,2,1,6,1282,1508,1712,1938
/Volumes/Mark-Banfield/Josh_Williams/Scoring_20Oct/Emma/DSC_1346.tif,3,3,2,2,2,0,1180,1484,2039,2343
/Volumes/Mark-Banfield/Josh_Williams/Scoring_20Oct/Emma/DSC_1346.tif,3,3,2,2,3,0,1180,1500,2334,2654
/Volumes/Mark-Banfield/Josh_Williams/Scoring_20Oct/Emma/DSC_1346.tif,3,3,2,2,4,0,1699,2019,2216,2536
/Volumes/Mark-Banfield/Josh_Williams/Scoring_20Oct/Emma/DSC_1346.tif,3,3,2,2,5,5,1673,1909,1930,2166
/Volumes/Mark-Banfield/Josh_Williams/Scoring_20Oct/Emma/DSC_1346.tif,3,3,2,2,6,6,1559,1821,1652,1914
/Volumes/Mark-Banfield/Josh_Williams/Scoring_20Oct/Emma/DSC_1346.tif,3,3,3,1,1,4,519,779,2798,3058
/Volumes/Mark-Banfield/Josh_Williams/Scoring_20Oct/Emma/DSC_1346.tif,3,3,3,1,2,5,442,688,3016,3262
/Volumes/Mark-Banfield/Josh_Williams/Scoring_20Oct/Emma/DSC_1346.tif,3,3,3,1,3,0,397,759,3354,3716
/Volumes/Mark-Banfield/Josh_Williams/Scoring_20Oct/Emma/DSC_1346.tif,3,3,3,1,4,0,939,1235,3328,3624
/Volumes/Mark-Banfield/Josh_Williams/Scoring_20Oct/Emma/DSC_1346.tif,3,3,3,1,5,0,852,1154,3034,3336
/Volumes/Mark-Banfield/Josh_Williams/Scoring_20Oct/Emma/DSC_1346.tif,3,3,3,1,6,2,810,1046,2798,3034
/Volumes/Mark-Banfield/Josh_Williams/Scoring_20Oct/Emma/DSC_1346.tif,3,3,3,3,1,3,2040,2292,2764,3016
/Volumes/Mark-Banfield/Josh_Williams/Scoring_20Oct/Emma/DSC_1346.tif,3,3,3,3,2,5,1910,2136,3026,3252
/Volumes/Mark-Banfield/Josh_Williams/Scoring_20Oct/Emma/DSC_1346.tif,3,3,3,3,3,4,1914,2192,3362,3640
/Volumes/Mark-Banfield/Josh_Williams/Scoring_20Oct/Emma/DSC_1346.tif,3,3,3,3,4,0,2512,2840,3186,3514
/Volumes/Mark-Banfield/Josh_Williams/Scoring_20Oct/Emma/DSC_1346.tif,3,3,3,3,5,0,2376,2706,2865,3195
/Volumes/Mark-Banfield/Josh_Williams/Scoring_20Oct/Emma/DSC_1346.tif,3,3,3,3,6,0,2318,2588,2629,2899
/Volumes/Mark-Banfield/Josh_Williams/Scoring_20Oct/Emma/DSC_1176.tif,3,3,1,1,1,0,548,784,396,632
/Volumes/Mark-Banfield/Josh_Williams/Scoring_20Oct/Emma/DSC_1176.tif,3,3,1,1,2,4,502,788,642,928
/Volumes/Mark-Banfield/Josh_Williams/Scoring_20Oct/Emma/DSC_1176.tif,3,3,1,1,3,5,456,734,936,1214
/Volumes/Mark-Banfield/Josh_Williams/Scoring_20Oct/Emma/DSC_1176.tif,3,3,1,1,4,5,1003,1281,978,1256
/Volumes/Mark-Banfield/Josh_Williams/Scoring_20Oct/Emma/DSC_1176.tif,3,3,1,1,5,0,873,1185,624,936
/Volumes/Mark-Banfield/Josh_Williams/Scoring_20Oct/Emma/DSC_1176.tif,3,3,1,1,6,0,776,1088,304,616
/Volumes/Mark-Banfield/Josh_Williams/Scoring_20Oct/Emma/DSC_1176.tif,3,3,1,3,1,0,2001,2313,380,692
/Volumes/Mark-Banfield/Josh_Williams/Scoring_20Oct/Emma/DSC_1176.tif,3,3,1,3,2,0,1854,2166,683,995
/Volumes/Mark-Banfield/Josh_Williams/Scoring_20Oct/Emma/DSC_1176.tif,3,3,1,3,3,3,1817,2153,1080,1416
/Volumes/Mark-Banfield/Josh_Williams/Scoring_20Oct/Emma/DSC_1176.tif,3,3,1,3,4,5,2372,2658,1020,1306
/Volumes/Mark-Banfield/Josh_Williams/Scoring_20Oct/Emma/DSC_1176.tif,3,3,1,3,5,6,2389,2659,708,978
/Volumes/Mark-Banfield/Josh_Williams/Scoring_20Oct/Emma/DSC_1176.tif,3,3,1,3,6,0,2305,2609,396,700
/Volumes/Mark-Banfield/Josh_Williams/Scoring_20Oct/Emma/DSC_1176.tif,3,3,2,2,1,0,1374,1678,1647,1951
/Volumes/Mark-Banfield/Josh_Williams/Scoring_20Oct/Emma/DSC_1176.tif,3,3,2,2,2,0,1214,1542,1914,2242
/Volumes/Mark-Banfield/Josh_Williams/Scoring_20Oct/Emma/DSC_1176.tif,3,3,2,2,3,0,1095,1441,2216,2562
/Volumes/Mark-Banfield/Josh_Williams/Scoring_20Oct/Emma/DSC_1176.tif,3,3,2,2,4,2,1686,1980,2200,2494
/Volumes/Mark-Banfield/Josh_Williams/Scoring_20Oct/Emma/DSC_1176.tif,3,3,2,2,5,4,1677,1905,1964,2192
/Volumes/Mark-Banfield/Josh_Williams/Scoring_20Oct/Emma/DSC_1176.tif,3,3,2,2,6,6,1615,1833,1728,1946
/Volumes/Mark-Banfield/Josh_Williams/Scoring_20Oct/Emma/DSC_1176.tif,3,3,3,1,1,6,477,721,2764,3008
/Volumes/Mark-Banfield/Josh_Williams/Scoring_20Oct/Emma/DSC_1176.tif,3,3,3,1,2,0,300,620,2958,3278
/Volumes/Mark-Banfield/Josh_Williams/Scoring_20Oct/Emma/DSC_1176.tif,3,3,3,1,3,0,363,701,3294,3632
/Volumes/Mark-Banfield/Josh_Williams/Scoring_20Oct/Emma/DSC_1176.tif,3,3,3,1,4,0,802,1180,3232,3610
/Volumes/Mark-Banfield/Josh_Williams/Scoring_20Oct/Emma/DSC_1176.tif,3,3,3,1,5,5,860,1104,2928,3172
/Volumes/Mark-Banfield/Josh_Williams/Scoring_20Oct/Emma/DSC_1176.tif,3,3,3,1,6,6,768,1028,2680,2940
/Volumes/Mark-Banfield/Josh_Williams/Scoring_20Oct/Emma/DSC_1176.tif,3,3,3,3,1,5,2132,2376,2696,2940
/Volumes/Mark-Banfield/Josh_Williams/Scoring_20Oct/Emma/DSC_1176.tif,3,3,3,3,2,6,2002,2254,2924,3176
/Volumes/Mark-Banfield/Josh_Williams/Scoring_20Oct/Emma/DSC_1176.tif,3,3,3,3,3,0,1965,2351,3186,3572
/Volumes/Mark-Banfield/Josh_Williams/Scoring_20Oct/Emma/DSC_1176.tif,3,3,3,3,4,0,2587,2907,3186,3506
/Volumes/Mark-Banfield/Josh_Williams/Scoring_20Oct/Emma/DSC_1176.tif,3,3,3,3,5,0,2486,2790,2924,3228
/Volumes/Mark-Banfield/Josh_Williams/Scoring_20Oct/Emma/DSC_1176.tif,3,3,3,3,6,3,2411,2663,2706,2958
/Volumes/Mark-Banfield/Josh_Williams/Scoring_20Oct/Emma/DSC_2396.tif,3,3,1,1,1,3,662,890,372,600
/Volumes/Mark-Banfield/Josh_Williams/Scoring_20Oct/Emma/DSC_2396.tif,3,3,1,1,2,1,573,827,590,844
/Volumes/Mark-Banfield/Josh_Williams/Scoring_20Oct/Emma/DSC_2396.tif,3,3,1,1,3,0,616,902,844,1130
/Volumes/Mark-Banfield/Josh_Williams/Scoring_20Oct/Emma/DSC_2396.tif,3,3,1,1,4,0,944,1240,695,991
/Volumes/Mark-Banfield/Josh_Williams/Scoring_20Oct/Emma/DSC_2396.tif,3,3,1,1,5,0,881,1185,396,700
/Volumes/Mark-Banfield/Josh_Williams/Scoring_20Oct/Emma/DSC_2396.tif,3,3,1,3,1,4,1929,2233,396,700
/Volumes/Mark-Banfield/Josh_Williams/Scoring_20Oct/Emma/DSC_2396.tif,3,3,1,3,2,0,1799,2119,632,952
/Volumes/Mark-Banfield/Josh_Williams/Scoring_20Oct/Emma/DSC_2396.tif,3,3,1,3,3,0,1880,2258,894,1272
/Volumes/Mark-Banfield/Josh_Williams/Scoring_20Oct/Emma/DSC_2396.tif,3,3,1,3,4,0,2296,2582,684,970
/Volumes/Mark-Banfield/Josh_Williams/Scoring_20Oct/Emma/DSC_2396.tif,3,3,1,3,5,5,2254,2482,430,658
/Volumes/Mark-Banfield/Josh_Williams/Scoring_20Oct/Emma/DSC_2396.tif,3,3,2,2,1,0,1168,1470,1762,2064
/Volumes/Mark-Banfield/Josh_Williams/Scoring_20Oct/Emma/DSC_2396.tif,3,3,2,2,2,5,1198,1434,2035,2271
/Volumes/Mark-Banfield/Josh_Williams/Scoring_20Oct/Emma/DSC_2396.tif,3,3,2,2,3,2,1306,1594,2207,2495
/Volumes/Mark-Banfield/Josh_Williams/Scoring_20Oct/Emma/DSC_2396.tif,3,3,2,2,4,0,1598,1934,1990,2326
/Volumes/Mark-Banfield/Josh_Williams/Scoring_20Oct/Emma/DSC_2396.tif,3,3,2,2,5,0,1459,1779,1686,2006
/Volumes/Mark-Banfield/Josh_Williams/Scoring_20Oct/Emma/DSC_2396.tif,3,3,3,1,1,0,498,860,2916,3278
/Volumes/Mark-Banfield/Josh_Williams/Scoring_20Oct/Emma/DSC_2396.tif,3,3,3,1,2,0,409,789,3294,3674
/Volumes/Mark-Banfield/Josh_Williams/Scoring_20Oct/Emma/DSC_2396.tif,3,3,3,1,3,4,590,920,3605,3935
/Volumes/Mark-Banfield/Josh_Williams/Scoring_20Oct/Emma/DSC_2396.tif,3,3,3,1,4,1,1007,1361,3312,3666
/Volumes/Mark-Banfield/Josh_Williams/Scoring_20Oct/Emma/DSC_2396.tif,3,3,3,1,5,0,840,1202,2966,3328
/Volumes/Mark-Banfield/Josh_Williams/Scoring_20Oct/Emma/DSC_2396.tif,3,3,3,3,1,0,2043,2415,3092,3464
/Volumes/Mark-Banfield/Josh_Williams/Scoring_20Oct/Emma/DSC_2396.tif,3,3,3,3,2,0,2027,2381,3404,3758
/Volumes/Mark-Banfield/Josh_Williams/Scoring_20Oct/Emma/DSC_2396.tif,3,3,3,3,3,0,2098,2478,3653,4033
/Volumes/Mark-Banfield/Josh_Williams/Scoring_20Oct/Emma/DSC_2396.tif,3,3,3,3,4,4,2482,2802,3454,3774
/Volumes/Mark-Banfield/Josh_Williams/Scoring_20Oct/Emma/DSC_2396.tif,3,3,3,3,5,1,2402,2722,3152,3472
/Volumes/Mark-Banfield/Josh_Williams/Scoring_20Oct/Emma/DSC_4388.TIF,3,3,1,1,1,0,616,952,267,603
/Volumes/Mark-Banfield/Josh_Williams/Scoring_20Oct/Emma/DSC_4388.TIF,3,3,1,1,2,0,364,700,528,864
/Volumes/Mark-Banfield/Josh_Williams/Scoring_20Oct/Emma/DSC_4388.TIF,3,3,1,1,3,2,430,760,868,1198
/Volumes/Mark-Banfield/Josh_Williams/Scoring_20Oct/Emma/DSC_4388.TIF,3,3,1,1,4,5,826,1096,894,1164
/Volumes/Mark-Banfield/Josh_Williams/Scoring_20Oct/Emma/DSC_4388.TIF,3,3,1,1,5,6,915,1143,674,902
/Volumes/Mark-Banfield/Josh_Williams/Scoring_20Oct/Emma/DSC_4388.TIF,3,3,1,1,6,0,894,1156,439,701
/Volumes/Mark-Banfield/Josh_Williams/Scoring_20Oct/Emma/DSC_4388.TIF,3,3,1,3,1,4,1993,2255,498,760
/Volumes/Mark-Banfield/Josh_Williams/Scoring_20Oct/Emma/DSC_4388.TIF,3,3,1,3,2,0,1854,2174,726,1046
/Volumes/Mark-Banfield/Josh_Williams/Scoring_20Oct/Emma/DSC_4388.TIF,3,3,1,3,3,0,1736,2148,996,1408
/Volumes/Mark-Banfield/Josh_Williams/Scoring_20Oct/Emma/DSC_4388.TIF,3,3,1,3,4,0,2436,2798,1054,1416
/Volumes/Mark-Banfield/Josh_Williams/Scoring_20Oct/Emma/DSC_4388.TIF,3,3,1,3,5,4,2401,2705,742,1046
/Volumes/Mark-Banfield/Josh_Williams/Scoring_20Oct/Emma/DSC_4388.TIF,3,3,1,3,6,5,2306,2566,490,750
/Volumes/Mark-Banfield/Josh_Williams/Scoring_20Oct/Emma/DSC_4388.TIF,3,3,2,2,1,5,1222,1466,1618,1862
/Volumes/Mark-Banfield/Josh_Williams/Scoring_20Oct/Emma/DSC_4388.TIF,3,3,2,2,2,5,1155,1433,1872,2150
/Volumes/Mark-Banfield/Josh_Williams/Scoring_20Oct/Emma/DSC_4388.TIF,3,3,2,2,3,0,1054,1408,2116,2470
/Volumes/Mark-Banfield/Josh_Williams/Scoring_20Oct/Emma/DSC_4388.TIF,3,3,2,2,4,0,1593,1973,2098,2478
/Volumes/Mark-Banfield/Josh_Williams/Scoring_20Oct/Emma/DSC_4388.TIF,3,3,2,2,5,0,1594,1896,1808,2110
/Volumes/Mark-Banfield/Josh_Williams/Scoring_20Oct/Emma/DSC_4388.TIF,3,3,2,2,6,2,1488,1774,1560,1846
/Volumes/Mark-Banfield/Josh_Williams/Scoring_20Oct/Emma/DSC_4388.TIF,3,3,3,1,1,3,490,768,2932,3210
/Volumes/Mark-Banfield/Josh_Williams/Scoring_20Oct/Emma/DSC_4388.TIF,3,3,3,1,2,6,481,759,3244,3522
/Volumes/Mark-Banfield/Josh_Williams/Scoring_20Oct/Emma/DSC_4388.TIF,3,3,3,1,3,5,506,768,3543,3805
/Volumes/Mark-Banfield/Josh_Williams/Scoring_20Oct/Emma/DSC_4388.TIF,3,3,3,1,4,0,944,1274,3374,3704
/Volumes/Mark-Banfield/Josh_Williams/Scoring_20Oct/Emma/DSC_4388.TIF,3,3,3,1,5,0,826,1146,3046,3366
/Volumes/Mark-Banfield/Josh_Williams/Scoring_20Oct/Emma/DSC_4388.TIF,3,3,3,1,6,0,708,1004,2797,3093
/Volumes/Mark-Banfield/Josh_Williams/Scoring_20Oct/Emma/DSC_4388.TIF,3,3,3,3,1,0,2036,2330,2824,3118
/Volumes/Mark-Banfield/Josh_Williams/Scoring_20Oct/Emma/DSC_4388.TIF,3,3,3,3,2,1,1989,2259,3126,3396
/Volumes/Mark-Banfield/Josh_Williams/Scoring_20Oct/Emma/DSC_4388.TIF,3,3,3,3,3,3,1985,2247,3362,3624
/Volumes/Mark-Banfield/Josh_Williams/Scoring_20Oct/Emma/DSC_4388.TIF,3,3,3,3,4,3,2427,2697,3430,3700
/Volumes/Mark-Banfield/Josh_Williams/Scoring_20Oct/Emma/DSC_4388.TIF,3,3,3,3,5,0,2347,2677,3092,3422
/Volumes/Mark-Banfield/Josh_Williams/Scoring_20Oct/Emma/DSC_4388.TIF,3,3,3,3,6,0,2342,2638,2772,3068
/Volumes/Mark-Banfield/Josh_Williams/Scoring_20Oct/Emma/DSC_2453.tif,3,3,1,1,1,4,713,983,430,700
/Volumes/Mark-Banfield/Josh_Williams/Scoring_20Oct/Emma/DSC_2453.tif,3,3,1,1,2,0,674,978,658,962
/Volumes/Mark-Banfield/Josh_Williams/Scoring_20Oct/Emma/DSC_2453.tif,3,3,1,1,3,0,574,936,932,1294
/Volumes/Mark-Banfield/Josh_Williams/Scoring_20Oct/Emma/DSC_2453.tif,3,3,1,1,4,0,950,1328,810,1188
/Volumes/Mark-Banfield/Josh_Williams/Scoring_20Oct/Emma/DSC_2453.tif,3,3,1,1,5,6,944,1206,548,810
/Volumes/Mark-Banfield/Josh_Williams/Scoring_20Oct/Emma/DSC_2453.tif,3,3,1,3,1,6,2056,2310,455,709
/Volumes/Mark-Banfield/Josh_Williams/Scoring_20Oct/Emma/DSC_2453.tif,3,3,1,3,2,4,1986,2322,684,1020
/Volumes/Mark-Banfield/Josh_Williams/Scoring_20Oct/Emma/DSC_2453.tif,3,3,1,3,3,0,2006,2352,969,1315
/Volumes/Mark-Banfield/Josh_Williams/Scoring_20Oct/Emma/DSC_2453.tif,3,3,1,3,4,0,2402,2806,718,1122
/Volumes/Mark-Banfield/Josh_Williams/Scoring_20Oct/Emma/DSC_2453.tif,3,3,1,3,5,0,2288,2624,414,750
/Volumes/Mark-Banfield/Josh_Williams/Scoring_20Oct/Emma/DSC_2453.tif,3,3,2,2,1,0,1454,1716,1938,2200
/Volumes/Mark-Banfield/Josh_Williams/Scoring_20Oct/Emma/DSC_2453.tif,3,3,2,2,2,5,1340,1584,2150,2394
/Volumes/Mark-Banfield/Josh_Williams/Scoring_20Oct/Emma/DSC_2453.tif,3,3,2,2,3,0,1412,1714,2360,2662
/Volumes/Mark-Banfield/Josh_Williams/Scoring_20Oct/Emma/DSC_2453.tif,3,3,2,2,4,0,1774,2138,2224,2588
/Volumes/Mark-Banfield/Josh_Williams/Scoring_20Oct/Emma/DSC_2453.tif,3,3,2,2,5,0,1712,2056,1880,2224
/Volumes/Mark-Banfield/Josh_Williams/Scoring_20Oct/Emma/DSC_2453.tif,3,3,3,1,1,0,679,1033,3068,3422
/Volumes/Mark-Banfield/Josh_Williams/Scoring_20Oct/Emma/DSC_2453.tif,3,3,3,1,2,0,603,957,3378,3732
/Volumes/Mark-Banfield/Josh_Williams/Scoring_20Oct/Emma/DSC_2453.tif,3,3,3,1,3,5,789,1075,3674,3960
/Volumes/Mark-Banfield/Josh_Williams/Scoring_20Oct/Emma/DSC_2453.tif,3,3,3,1,4,4,1146,1434,3421,3709
/Volumes/Mark-Banfield/Josh_Williams/Scoring_20Oct/Emma/DSC_2453.tif,3,3,3,1,5,0,1021,1323,3144,3446
/Volumes/Mark-Banfield/Josh_Williams/Scoring_20Oct/Emma/DSC_2453.tif,3,3,3,3,1,0,2343,2637,2824,3118
/Volumes/Mark-Banfield/Josh_Williams/Scoring_20Oct/Emma/DSC_2453.tif,3,3,3,3,2,0,2148,2478,3016,3346
/Volumes/Mark-Banfield/Josh_Williams/Scoring_20Oct/Emma/DSC_2453.tif,3,3,3,3,3,0,2242,2562,3304,3624
/Volumes/Mark-Banfield/Josh_Williams/Scoring_20Oct/Emma/DSC_2453.tif,3,3,3,3,4,5,2584,2836,3270,3522
/Volumes/Mark-Banfield/Josh_Williams/Scoring_20Oct/Emma/_DSC8104.tif,3,3,1,1,1,0,724,1028,39,343
/Volumes/Mark-Banfield/Josh_Williams/Scoring_20Oct/Emma/_DSC8104.tif,3,3,1,1,2,0,505,877,334,706
/Volumes/Mark-Banfield/Josh_Williams/Scoring_20Oct/Emma/_DSC8104.tif,3,3,1,1,3,0,506,858,762,1114
/Volumes/Mark-Banfield/Josh_Williams/Scoring_20Oct/Emma/_DSC8104.tif,3,3,1,1,4,5,1086,1392,638,944
/Volumes/Mark-Banfield/Josh_Williams/Scoring_20Oct/Emma/_DSC8104.tif,3,3,1,1,5,6,1023,1281,324,582
/Volumes/Mark-Banfield/Josh_Williams/Scoring_20Oct/Emma/_DSC8104.tif,3,3,1,1,6,5,1076,1352,92,368
/Volumes/Mark-Banfield/Josh_Williams/Scoring_20Oct/Emma/_DSC8104.tif,3,3,1,3,1,4,2180,2466,115,401
/Volumes/Mark-Banfield/Josh_Williams/Scoring_20Oct/Emma/_DSC8104.tif,3,3,1,3,2,0,2066,2438,467,839
/Volumes/Mark-Banfield/Josh_Williams/Scoring_20Oct/Emma/_DSC8104.tif,3,3,1,3,3,0,1914,2352,810,1248
/Volumes/Mark-Banfield/Josh_Williams/Scoring_20Oct/Emma/_DSC8104.tif,3,3,1,3,4,0,2681,3061,696,1076
/Volumes/Mark-Banfield/Josh_Williams/Scoring_20Oct/Emma/_DSC8104.tif,3,3,1,3,5,6,2595,2909,372,686
/Volumes/Mark-Banfield/Josh_Williams/Scoring_20Oct/Emma/_DSC8104.tif,3,3,1,3,6,6,2561,2875,58,372
/Volumes/Mark-Banfield/Josh_Williams/Scoring_20Oct/Emma/_DSC8104.tif,3,3,2,2,1,6,1505,1809,1648,1952
/Volumes/Mark-Banfield/Josh_Williams/Scoring_20Oct/Emma/_DSC8104.tif,3,3,2,2,2,4,1391,1743,1962,2314
/Volumes/Mark-Banfield/Josh_Williams/Scoring_20Oct/Emma/_DSC8104.tif,3,3,2,2,3,0,1372,1744,2352,2724
/Volumes/Mark-Banfield/Josh_Williams/Scoring_20Oct/Emma/_DSC8104.tif,3,3,2,2,4,5,2018,2342,2162,2486
/Volumes/Mark-Banfield/Josh_Williams/Scoring_20Oct/Emma/_DSC8104.tif,3,3,2,2,5,0,1886,2190,1848,2152
/Volumes/Mark-Banfield/Josh_Williams/Scoring_20Oct/Emma/_DSC8104.tif,3,3,2,2,6,6,1772,2048,1557,1833
/Volumes/Mark-Banfield/Josh_Williams/Scoring_20Oct/Emma/_DSC8104.tif,3,3,3,1,1,4,377,663,3322,3608
/Volumes/Mark-Banfield/Josh_Williams/Scoring_20Oct/Emma/_DSC8104.tif,3,3,3,1,2,6,296,620,3646,3970
/Volumes/Mark-Banfield/Josh_Williams/Scoring_20Oct/Emma/_DSC8104.tif,3,3,3,1,3,4,448,752,3894,4198
/Volumes/Mark-Banfield/Josh_Williams/Scoring_20Oct/Emma/_DSC8104.tif,3,3,3,1,4,0,952,1304,3684,4036
/Volumes/Mark-Banfield/Josh_Williams/Scoring_20Oct/Emma/_DSC8104.tif,3,3,3,1,5,0,762,1114,3328,3680
/Volumes/Mark-Banfield/Josh_Williams/Scoring_20Oct/Emma/_DSC8104.tif,3,3,3,1,6,0,534,878,3008,3352
/Volumes/Mark-Banfield/Josh_Williams/Scoring_20Oct/Emma/_DSC8104.tif,3,3,3,3,1,0,2362,2694,3028,3360
/Volumes/Mark-Banfield/Josh_Williams/Scoring_20Oct/Emma/_DSC8104.tif,3,3,3,3,2,6,2251,2519,3360,3628
/Volumes/Mark-Banfield/Josh_Williams/Scoring_20Oct/Emma/_DSC8104.tif,3,3,3,3,3,5,2152,2448,3684,3980
/Volumes/Mark-Banfield/Josh_Williams/Scoring_20Oct/Emma/_DSC8104.tif,3,3,3,3,4,4,2803,3099,3712,4008
/Volumes/Mark-Banfield/Josh_Williams/Scoring_20Oct/Emma/_DSC8104.tif,3,3,3,3,5,0,2742,3094,3314,3666
/Volumes/Mark-Banfield/Josh_Williams/Scoring_20Oct/Emma/_DSC8104.tif,3,3,3,3,6,0,2675,2999,2970,3294
/Volumes/Mark-Banfield/Josh_Williams/Scoring_20Oct/Emma/DSC_7493.TIF,3,3,1,2,1,3,1332,1576,666,910
/Volumes/Mark-Banfield/Josh_Williams/Scoring_20Oct/Emma/DSC_7493.TIF,3,3,1,2,3,2,1222,1542,1328,1648
/Volumes/Mark-Banfield/Josh_Williams/Scoring_20Oct/Emma/DSC_7493.TIF,3,3,1,2,4,0,1796,2082,1218,1504
/Volumes/Mark-Banfield/Josh_Williams/Scoring_20Oct/Emma/DSC_7493.TIF,3,3,1,2,5,0,1744,2032,893,1181
/Volumes/Mark-Banfield/Josh_Williams/Scoring_20Oct/Emma/DSC_7493.TIF,3,3,1,2,6,0,1576,1872,595,891
/Volumes/Mark-Banfield/Josh_Williams/Scoring_20Oct/Emma/DSC_7493.TIF,3,3,2,1,1,0,675,953,1636,1914
/Volumes/Mark-Banfield/Josh_Williams/Scoring_20Oct/Emma/DSC_7493.TIF,3,3,2,1,2,0,527,855,1880,2208
/Volumes/Mark-Banfield/Josh_Williams/Scoring_20Oct/Emma/DSC_7493.TIF,3,3,2,1,3,0,477,805,2192,2520
/Volumes/Mark-Banfield/Josh_Williams/Scoring_20Oct/Emma/DSC_7493.TIF,3,3,2,1,4,4,1070,1358,2211,2499
/Volumes/Mark-Banfield/Josh_Williams/Scoring_20Oct/Emma/DSC_7493.TIF,3,3,2,1,5,2,1003,1315,1904,2216
/Volumes/Mark-Banfield/Josh_Williams/Scoring_20Oct/Emma/DSC_7493.TIF,3,3,2,1,6,3,957,1227,1610,1880
/Volumes/Mark-Banfield/Josh_Williams/Scoring_20Oct/Emma/DSC_7493.TIF,3,3,2,3,1,3,2073,2343,1854,2124
/Volumes/Mark-Banfield/Josh_Williams/Scoring_20Oct/Emma/DSC_7493.TIF,3,3,2,3,2,1,1968,2262,2200,2494
/Volumes/Mark-Banfield/Josh_Williams/Scoring_20Oct/Emma/DSC_7493.TIF,3,3,2,3,3,1,1990,2284,2478,2772
/Volumes/Mark-Banfield/Josh_Williams/Scoring_20Oct/Emma/DSC_7493.TIF,3,3,2,3,4,0,2536,2874,2435,2773
/Volumes/Mark-Banfield/Josh_Williams/Scoring_20Oct/Emma/DSC_7493.TIF,3,3,2,3,5,0,2537,2899,1998,2360
/Volumes/Mark-Banfield/Josh_Williams/Scoring_20Oct/Emma/DSC_7493.TIF,3,3,2,3,6,0,2360,2680,1728,2048
/Volumes/Mark-Banfield/Josh_Williams/Scoring_20Oct/Emma/DSC_7493.TIF,3,3,3,1,1,0,877,1181,3118,3422
/Volumes/Mark-Banfield/Josh_Williams/Scoring_20Oct/Emma/DSC_7493.TIF,3,3,3,1,2,0,733,1071,3404,3742
/Volumes/Mark-Banfield/Josh_Williams/Scoring_20Oct/Emma/DSC_7493.TIF,3,3,3,1,3,0,670,1092,3732,4154
/Volumes/Mark-Banfield/Josh_Williams/Scoring_20Oct/Emma/DSC_7493.TIF,3,3,3,1,4,2,1277,1623,3690,4036
/Volumes/Mark-Banfield/Josh_Williams/Scoring_20Oct/Emma/DSC_7493.TIF,3,3,3,1,5,3,1253,1589,3354,3690
/Volumes/Mark-Banfield/Josh_Williams/Scoring_20Oct/Emma/DSC_7493.TIF,3,3,3,1,6,4,1180,1492,3063,3375
/Volumes/Mark-Banfield/Josh_Williams/Scoring_20Oct/Emma/DSC_7493.TIF,3,3,3,3,1,0,2120,2498,3118,3496
/Volumes/Mark-Banfield/Josh_Williams/Scoring_20Oct/Emma/DSC_7493.TIF,3,3,3,3,2,0,1972,2368,3522,3918
/Volumes/Mark-Banfield/Josh_Williams/Scoring_20Oct/Emma/DSC_7493.TIF,3,3,3,3,3,0,1933,2355,3934,4356
/Volumes/Mark-Banfield/Josh_Williams/Scoring_20Oct/Emma/DSC_7493.TIF,3,3,3,3,4,3,2672,3034,3872,4234
/Volumes/Mark-Banfield/Josh_Williams/Scoring_20Oct/Emma/DSC_7493.TIF,3,3,3,3,5,3,2603,2949,3480,3826
/Volumes/Mark-Banfield/Josh_Williams/Scoring_20Oct/Emma/DSC_7493.TIF,3,3,3,3,6,4,2486,2772,3152,3438
/Volumes/Mark-Banfield/Josh_Williams/Scoring_20Oct/Emma/_DSC3040.TIF,3,2,1,1,1,3,919,1243,496,820
/Volumes/Mark-Banfield/Josh_Williams/Scoring_20Oct/Emma/_DSC3040.TIF,3,2,1,1,2,1,676,1038,820,1182
/Volumes/Mark-Banfield/Josh_Williams/Scoring_20Oct/Emma/_DSC3040.TIF,3,2,1,1,3,0,696,1106,1253,1663
/Volumes/Mark-Banfield/Josh_Williams/Scoring_20Oct/Emma/_DSC3040.TIF,3,2,1,1,4,1,1343,1751,1144,1552
/Volumes/Mark-Banfield/Josh_Williams/Scoring_20Oct/Emma/_DSC3040.TIF,3,2,1,1,5,1,1372,1724,791,1143
/Volumes/Mark-Banfield/Josh_Williams/Scoring_20Oct/Emma/_DSC3040.TIF,3,2,1,1,6,5,1200,1496,567,863
/Volumes/Mark-Banfield/Josh_Williams/Scoring_20Oct/Emma/_DSC3040.TIF,3,2,1,2,1,4,2509,2861,592,944
/Volumes/Mark-Banfield/Josh_Williams/Scoring_20Oct/Emma/_DSC3040.TIF,3,2,1,2,2,0,2395,2757,914,1276
/Volumes/Mark-Banfield/Josh_Williams/Scoring_20Oct/Emma/_DSC3040.TIF,3,2,1,2,3,0,2394,2776,1276,1658
/Volumes/Mark-Banfield/Josh_Williams/Scoring_20Oct/Emma/_DSC3040.TIF,3,2,1,2,4,2,3023,3347,1296,1620
/Volumes/Mark-Banfield/Josh_Williams/Scoring_20Oct/Emma/_DSC3040.TIF,3,2,1,2,5,4,3076,3418,901,1243
/Volumes/Mark-Banfield/Josh_Williams/Scoring_20Oct/Emma/_DSC3040.TIF,3,2,1,2,6,2,2914,3238,605,929
/Volumes/Mark-Banfield/Josh_Williams/Scoring_20Oct/Emma/_DSC3040.TIF,3,2,2,1,1,0,914,1248,2190,2524
/Volumes/Mark-Banfield/Josh_Williams/Scoring_20Oct/Emma/_DSC3040.TIF,3,2,2,1,2,3,729,1109,2476,2856
/Volumes/Mark-Banfield/Josh_Williams/Scoring_20Oct/Emma/_DSC3040.TIF,3,2,2,1,3,4,704,1038,2894,3228
/Volumes/Mark-Banfield/Josh_Williams/Scoring_20Oct/Emma/_DSC3040.TIF,3,2,2,1,4,1,1282,1614,2962,3294
/Volumes/Mark-Banfield/Josh_Williams/Scoring_20Oct/Emma/_DSC3040.TIF,3,2,2,1,5,0,1272,1700,2562,2990
/Volumes/Mark-Banfield/Josh_Williams/Scoring_20Oct/Emma/_DSC3040.TIF,3,2,2,1,6,2,1219,1543,2238,2562
/Volumes/Mark-Banfield/Josh_Williams/Scoring_20Oct/Emma/_DSC3040.TIF,3,2,2,2,1,0,2466,2838,2094,2466
/Volumes/Mark-Banfield/Josh_Williams/Scoring_20Oct/Emma/_DSC3040.TIF,3,2,2,2,2,3,2267,2647,2448,2828
/Volumes/Mark-Banfield/Josh_Williams/Scoring_20Oct/Emma/_DSC3040.TIF,3,2,2,2,3,1,2294,2714,2856,3276
/Volumes/Mark-Banfield/Josh_Williams/Scoring_20Oct/Emma/_DSC3040.TIF,3,2,2,2,4,5,3004,3366,2846,3208
/Volumes/Mark-Banfield/Josh_Williams/Scoring_20Oct/Emma/_DSC3040.TIF,3,2,2,2,5,0,3008,3390,2428,2810
/Volumes/Mark-Banfield/Josh_Williams/Scoring_20Oct/Emma/_DSC3040.TIF,3,2,2,2,6,4,2880,3222,2038,2380
/Volumes/Mark-Banfield/Josh_Williams/Scoring_20Oct/Emma/_DSC3040.TIF,3,2,3,1,1,5,1152,1486,3646,3980
/Volumes/Mark-Banfield/Josh_Williams/Scoring_20Oct/Emma/_DSC3040.TIF,3,2,3,1,2,1,1010,1390,3932,4312
/Volumes/Mark-Banfield/Josh_Williams/Scoring_20Oct/Emma/_DSC3040.TIF,3,2,3,1,3,0,1077,1447,4332,4702
/Volumes/Mark-Banfield/Josh_Williams/Scoring_20Oct/Emma/_DSC3040.TIF,3,2,3,1,4,4,1661,2033,4350,4722
/Volumes/Mark-Banfield/Josh_Williams/Scoring_20Oct/Emma/_DSC3040.TIF,3,2,3,1,5,0,1558,1918,4028,4388
/Volumes/Mark-Banfield/Josh_Williams/Scoring_20Oct/Emma/_DSC3040.TIF,3,2,3,1,6,4,1424,1776,3684,4036
/Volumes/Mark-Banfield/Josh_Williams/Scoring_20Oct/Emma/_DSC3040.TIF,3,2,3,2,1,0,2480,2862,3608,3990
/Volumes/Mark-Banfield/Josh_Williams/Scoring_20Oct/Emma/_DSC3040.TIF,3,2,3,2,2,1,2148,2594,4018,4464
/Volumes/Mark-Banfield/Josh_Williams/Scoring_20Oct/Emma/_DSC3040.TIF,3,2,3,2,3,0,2271,2633,4446,4808
/Volumes/Mark-Banfield/Josh_Williams/Scoring_20Oct/Emma/_DSC3040.TIF,3,2,3,2,4,0,2924,3322,4300,4698
/Volumes/Mark-Banfield/Josh_Williams/Scoring_20Oct/Emma/_DSC3040.TIF,3,2,3,2,5,3,2976,3356,3980,4360
/Volumes/Mark-Banfield/Josh_Williams/Scoring_20Oct/Emma/_DSC3040.TIF,3,2,3,2,6,4,2823,3129,3722,4028
/Volumes/Mark-Banfield/Josh_Williams/Scoring_20Oct/Emma/_DSC7623.tif,3,3,1,1,1,6,620,858,786,1024
/Volumes/Mark-Banfield/Josh_Williams/Scoring_20Oct/Emma/_DSC7623.tif,3,3,1,1,2,0,458,754,1124,1420
/Volumes/Mark-Banfield/Josh_Williams/Scoring_20Oct/Emma/_DSC7623.tif,3,3,1,1,3,0,477,867,1372,1762
/Volumes/Mark-Banfield/Josh_Williams/Scoring_20Oct/Emma/_DSC7623.tif,3,3,1,1,4,0,1063,1415,1410,1762
/Volumes/Mark-Banfield/Josh_Williams/Scoring_20Oct/Emma/_DSC7623.tif,3,3,1,1,5,0,1000,1352,1043,1395
/Volumes/Mark-Banfield/Josh_Williams/Scoring_20Oct/Emma/_DSC7623.tif,3,3,1,1,6,0,886,1240,714,1068
/Volumes/Mark-Banfield/Josh_Williams/Scoring_20Oct/Emma/_DSC7623.tif,3,3,1,3,1,0,2299,2633,724,1058
/Volumes/Mark-Banfield/Josh_Williams/Scoring_20Oct/Emma/_DSC7623.tif,3,3,1,3,2,6,2233,2529,1028,1324
/Volumes/Mark-Banfield/Josh_Williams/Scoring_20Oct/Emma/_DSC7623.tif,3,3,1,3,3,0,1942,2314,1362,1734
/Volumes/Mark-Banfield/Josh_Williams/Scoring_20Oct/Emma/_DSC7623.tif,3,3,1,3,4,0,2580,2962,1376,1758
/Volumes/Mark-Banfield/Josh_Williams/Scoring_20Oct/Emma/_DSC7623.tif,3,3,1,3,5,0,2618,2962,1038,1382
/Volumes/Mark-Banfield/Josh_Williams/Scoring_20Oct/Emma/_DSC7623.tif,3,3,1,3,6,0,2580,2924,724,1068
/Volumes/Mark-Banfield/Josh_Williams/Scoring_20Oct/Emma/_DSC7623.tif,3,3,2,2,1,0,1339,1643,2390,2694
/Volumes/Mark-Banfield/Josh_Williams/Scoring_20Oct/Emma/_DSC7623.tif,3,3,2,2,2,0,1228,1590,2747,3109
/Volumes/Mark-Banfield/Josh_Williams/Scoring_20Oct/Emma/_DSC7623.tif,3,3,2,2,3,5,1362,1696,3103,3437
/Volumes/Mark-Banfield/Josh_Williams/Scoring_20Oct/Emma/_DSC7623.tif,3,3,2,2,4,0,1914,2228,2894,3208
/Volumes/Mark-Banfield/Josh_Williams/Scoring_20Oct/Emma/_DSC7623.tif,3,3,2,2,5,0,1896,2238,2547,2889
/Volumes/Mark-Banfield/Josh_Williams/Scoring_20Oct/Emma/_DSC7623.tif,3,3,2,2,6,0,1629,2019,2238,2628
/Volumes/Mark-Banfield/Josh_Williams/Scoring_20Oct/Emma/_DSC7623.tif,3,3,3,1,1,0,596,948,3598,3950
/Volumes/Mark-Banfield/Josh_Williams/Scoring_20Oct/Emma/_DSC7623.tif,3,3,3,1,2,0,382,744,3884,4246
/Volumes/Mark-Banfield/Josh_Williams/Scoring_20Oct/Emma/_DSC7623.tif,3,3,3,1,3,0,296,706,4260,4670
/Volumes/Mark-Banfield/Josh_Williams/Scoring_20Oct/Emma/_DSC7623.tif,3,3,3,1,4,5,982,1258,4274,4550
/Volumes/Mark-Banfield/Josh_Williams/Scoring_20Oct/Emma/_DSC7623.tif,3,3,3,1,5,0,990,1296,3960,4266
/Volumes/Mark-Banfield/Josh_Williams/Scoring_20Oct/Emma/_DSC7623.tif,3,3,3,1,6,0,885,1239,3636,3990
/Volumes/Mark-Banfield/Josh_Williams/Scoring_20Oct/Emma/_DSC7623.tif,3,3,3,3,1,0,2694,2952,3475,3733
/Volumes/Mark-Banfield/Josh_Williams/Scoring_20Oct/Emma/_DSC7623.tif,3,3,3,3,2,0,2418,2780,3694,4056
/Volumes/Mark-Banfield/Josh_Williams/Scoring_20Oct/Emma/_DSC7623.tif,3,3,3,3,3,0,2309,2737,4018,4446
/Volumes/Mark-Banfield/Josh_Williams/Scoring_20Oct/Emma/_DSC7623.tif,3,3,3,3,4,1,2952,3248,4046,4342
/Volumes/Mark-Banfield/Josh_Williams/Scoring_20Oct/Emma/_DSC7623.tif,3,3,3,3,5,6,2876,3160,3809,4093
/Volumes/Mark-Banfield/Josh_Williams/Scoring_20Oct/Emma/_DSC7623.tif,3,3,3,3,6,0,2918,3184,3570,3836
/Volumes/Mark-Banfield/Josh_Williams/Scoring_20Oct/Emma/_DSC3536.TIF,3,3,1,2,1,2,1572,1972,648,1048
/Volumes/Mark-Banfield/Josh_Williams/Scoring_20Oct/Emma/_DSC3536.TIF,3,3,1,2,2,4,1343,1743,914,1314
/Volumes/Mark-Banfield/Josh_Williams/Scoring_20Oct/Emma/_DSC3536.TIF,3,3,1,2,3,0,1335,1733,1344,1742
/Volumes/Mark-Banfield/Josh_Williams/Scoring_20Oct/Emma/_DSC3536.TIF,3,3,1,2,4,0,2013,2395,1542,1924
/Volumes/Mark-Banfield/Josh_Williams/Scoring_20Oct/Emma/_DSC3536.TIF,3,3,1,2,5,1,2081,2481,1020,1420
/Volumes/Mark-Banfield/Josh_Williams/Scoring_20Oct/Emma/_DSC3536.TIF,3,3,1,2,6,6,1934,2238,739,1043
/Volumes/Mark-Banfield/Josh_Williams/Scoring_20Oct/Emma/_DSC3536.TIF,3,3,2,1,1,4,800,1162,1976,2338
/Volumes/Mark-Banfield/Josh_Williams/Scoring_20Oct/Emma/_DSC3536.TIF,3,3,2,1,2,0,486,914,2376,2804
/Volumes/Mark-Banfield/Josh_Williams/Scoring_20Oct/Emma/_DSC3536.TIF,3,3,2,1,3,0,458,952,2790,3284
/Volumes/Mark-Banfield/Josh_Williams/Scoring_20Oct/Emma/_DSC3536.TIF,3,3,2,1,4,4,1290,1690,2828,3228
/Volumes/Mark-Banfield/Josh_Williams/Scoring_20Oct/Emma/_DSC3536.TIF,3,3,2,1,5,3,1314,1752,2370,2808
/Volumes/Mark-Banfield/Josh_Williams/Scoring_20Oct/Emma/_DSC3536.TIF,3,3,2,1,6,4,1144,1542,2015,2413
/Volumes/Mark-Banfield/Josh_Williams/Scoring_20Oct/Emma/_DSC3536.TIF,3,3,2,3,1,2,2276,2676,2056,2456
/Volumes/Mark-Banfield/Josh_Williams/Scoring_20Oct/Emma/_DSC3536.TIF,3,3,2,3,2,4,2114,2524,2428,2838
/Volumes/Mark-Banfield/Josh_Williams/Scoring_20Oct/Emma/_DSC3536.TIF,3,3,2,3,3,4,2134,2570,2810,3246
/Volumes/Mark-Banfield/Josh_Williams/Scoring_20Oct/Emma/_DSC3536.TIF,3,3,2,3,4,0,2866,3360,2781,3275
/Volumes/Mark-Banfield/Josh_Williams/Scoring_20Oct/Emma/_DSC3536.TIF,3,3,2,3,5,1,2923,3313,2380,2770
/Volumes/Mark-Banfield/Josh_Williams/Scoring_20Oct/Emma/_DSC3536.TIF,3,3,2,3,6,0,2680,3052,2028,2400
/Volumes/Mark-Banfield/Josh_Williams/Scoring_20Oct/Emma/_DSC3536.TIF,3,3,3,1,1,2,820,1220,3536,3936
/Volumes/Mark-Banfield/Josh_Williams/Scoring_20Oct/Emma/_DSC3536.TIF,3,3,3,1,2,4,872,1300,3932,4360
/Volumes/Mark-Banfield/Josh_Williams/Scoring_20Oct/Emma/_DSC3536.TIF,3,3,3,1,3,1,734,1220,4446,4932
/Volumes/Mark-Banfield/Josh_Williams/Scoring_20Oct/Emma/_DSC3536.TIF,3,3,3,1,4,4,1496,1904,4456,4864
/Volumes/Mark-Banfield/Josh_Williams/Scoring_20Oct/Emma/_DSC3536.TIF,3,3,3,1,5,0,1543,1991,3998,4446
/Volumes/Mark-Banfield/Josh_Williams/Scoring_20Oct/Emma/_DSC3536.TIF,3,3,3,1,6,0,1286,1724,3575,4013
/Volumes/Mark-Banfield/Josh_Williams/Scoring_20Oct/Emma/_DSC3536.TIF,3,3,3,3,1,5,2494,2780,3665,3951
/Volumes/Mark-Banfield/Josh_Williams/Scoring_20Oct/Emma/_DSC3536.TIF,3,3,3,3,2,3,2213,2651,3904,4342
/Volumes/Mark-Banfield/Josh_Williams/Scoring_20Oct/Emma/_DSC3536.TIF,3,3,3,3,3,0,2224,2690,4418,4884
/Volumes/Mark-Banfield/Josh_Williams/Scoring_20Oct/Emma/_DSC3536.TIF,3,3,3,3,4,0,2961,3351,4408,4798
/Volumes/Mark-Banfield/Josh_Williams/Scoring_20Oct/Emma/_DSC3536.TIF,3,3,3,3,5,0,2875,3285,3970,4380
/Volumes/Mark-Banfield/Josh_Williams/Scoring_20Oct/Emma/_DSC3536.TIF,3,3,3,3,6,4,2751,3113,3636,3998
/Volumes/Mark-Banfield/Josh_Williams/Scoring_20Oct/Emma/DSC_6619.tif,3,3,1,1,1,4,482,750,520,788
/Volumes/Mark-Banfield/Josh_Williams/Scoring_20Oct/Emma/DSC_6619.tif,3,3,1,1,2,5,380,684,821,1125
/Volumes/Mark-Banfield/Josh_Williams/Scoring_20Oct/Emma/DSC_6619.tif,3,3,1,1,3,0,330,692,1096,1458
/Volumes/Mark-Banfield/Josh_Williams/Scoring_20Oct/Emma/DSC_6619.tif,3,3,1,1,4,0,970,1306,1046,1382
/Volumes/Mark-Banfield/Josh_Williams/Scoring_20Oct/Emma/DSC_6619.tif,3,3,1,1,5,0,857,1177,726,1046
/Volumes/Mark-Banfield/Josh_Williams/Scoring_20Oct/Emma/DSC_6619.tif,3,3,1,1,6,0,768,1028,448,708
/Volumes/Mark-Banfield/Josh_Williams/Scoring_20Oct/Emma/DSC_6619.tif,3,3,1,3,1,0,1917,2229,684,996
/Volumes/Mark-Banfield/Josh_Williams/Scoring_20Oct/Emma/DSC_6619.tif,3,3,1,3,2,3,1914,2192,986,1264
/Volumes/Mark-Banfield/Josh_Williams/Scoring_20Oct/Emma/DSC_6619.tif,3,3,1,3,3,3,1972,2242,1256,1526
/Volumes/Mark-Banfield/Josh_Williams/Scoring_20Oct/Emma/DSC_6619.tif,3,3,1,3,4,0,2470,2772,1067,1369
/Volumes/Mark-Banfield/Josh_Williams/Scoring_20Oct/Emma/DSC_6619.tif,3,3,1,3,5,0,2448,2760,750,1062
/Volumes/Mark-Banfield/Josh_Williams/Scoring_20Oct/Emma/DSC_6619.tif,3,3,1,3,6,0,2200,2528,503,831
/Volumes/Mark-Banfield/Josh_Williams/Scoring_20Oct/Emma/DSC_6619.tif,3,3,2,2,1,0,1420,1682,1896,2158
/Volumes/Mark-Banfield/Josh_Williams/Scoring_20Oct/Emma/DSC_6619.tif,3,3,2,2,2,0,1282,1552,2174,2444
/Volumes/Mark-Banfield/Josh_Williams/Scoring_20Oct/Emma/DSC_6619.tif,3,3,2,2,3,3,1306,1618,2423,2735
/Volumes/Mark-Banfield/Josh_Williams/Scoring_20Oct/Emma/DSC_6619.tif,3,3,2,2,4,5,1758,2036,2360,2638
/Volumes/Mark-Banfield/Josh_Williams/Scoring_20Oct/Emma/DSC_6619.tif,3,3,2,2,5,0,1741,2027,2074,2360
/Volumes/Mark-Banfield/Josh_Williams/Scoring_20Oct/Emma/DSC_6619.tif,3,3,2,2,6,0,1689,1943,1828,2082
/Volumes/Mark-Banfield/Josh_Williams/Scoring_20Oct/Emma/DSC_6619.tif,3,3,3,1,1,0,734,1020,3236,3522
/Volumes/Mark-Banfield/Josh_Williams/Scoring_20Oct/Emma/DSC_6619.tif,3,3,3,1,2,0,700,1004,3547,3851
/Volumes/Mark-Banfield/Josh_Williams/Scoring_20Oct/Emma/DSC_6619.tif,3,3,3,1,3,0,616,936,3847,4167
/Volumes/Mark-Banfield/Josh_Williams/Scoring_20Oct/Emma/DSC_6619.tif,3,3,3,1,4,2,1117,1379,3774,4036
/Volumes/Mark-Banfield/Josh_Williams/Scoring_20Oct/Emma/DSC_6619.tif,3,3,3,1,5,6,1070,1324,3559,3813
/Volumes/Mark-Banfield/Josh_Williams/Scoring_20Oct/Emma/DSC_6619.tif,3,3,3,3,1,0,2043,2373,2940,3270
/Volumes/Mark-Banfield/Josh_Williams/Scoring_20Oct/Emma/DSC_6619.tif,3,3,3,3,2,0,1922,2268,3269,3615
/Volumes/Mark-Banfield/Josh_Williams/Scoring_20Oct/Emma/DSC_6619.tif,3,3,3,3,3,0,1946,2310,3630,3994
/Volumes/Mark-Banfield/Josh_Williams/Scoring_20Oct/Emma/DSC_6619.tif,3,3,3,3,4,0,2520,2840,3506,3826
/Volumes/Mark-Banfield/Josh_Williams/Scoring_20Oct/Emma/DSC_6619.tif,3,3,3,3,5,4,2478,2772,3194,3488
/Volumes/Mark-Banfield/Josh_Williams/Scoring_20Oct/Emma/DSC_6619.tif,3,3,3,3,6,4,2393,2663,2916,3186
/Volumes/Mark-Banfield/Josh_Williams/Scoring_20Oct/Emma/_DSC7360.tif,2,5,1,1,1,1,400,712,362,674
/Volumes/Mark-Banfield/Josh_Williams/Scoring_20Oct/Emma/_DSC7360.tif,2,5,1,1,2,0,321,651,642,972
/Volumes/Mark-Banfield/Josh_Williams/Scoring_20Oct/Emma/_DSC7360.tif,2,5,1,1,3,0,312,630,940,1258
/Volumes/Mark-Banfield/Josh_Williams/Scoring_20Oct/Emma/_DSC7360.tif,2,5,1,1,4,0,792,1108,852,1168
/Volumes/Mark-Banfield/Josh_Williams/Scoring_20Oct/Emma/_DSC7360.tif,2,5,1,1,5,4,738,990,592,844
/Volumes/Mark-Banfield/Josh_Williams/Scoring_20Oct/Emma/_DSC7360.tif,2,5,1,1,6,4,690,930,376,616
/Volumes/Mark-Banfield/Josh_Williams/Scoring_20Oct/Emma/_DSC7360.tif,2,5,1,2,1,5,1533,1749,388,604
/Volumes/Mark-Banfield/Josh_Williams/Scoring_20Oct/Emma/_DSC7360.tif,2,5,1,2,2,0,1384,1664,623,903
/Volumes/Mark-Banfield/Josh_Williams/Scoring_20Oct/Emma/_DSC7360.tif,2,5,1,2,3,0,1308,1618,922,1232
/Volumes/Mark-Banfield/Josh_Williams/Scoring_20Oct/Emma/_DSC7360.tif,2,5,1,2,4,0,1924,2190,890,1156
/Volumes/Mark-Banfield/Josh_Williams/Scoring_20Oct/Emma/_DSC7360.tif,2,5,1,2,5,0,1854,2164,586,896
/Volumes/Mark-Banfield/Josh_Williams/Scoring_20Oct/Emma/_DSC7360.tif,2,5,1,2,6,4,1746,1980,350,584
/Volumes/Mark-Banfield/Josh_Williams/Scoring_20Oct/Emma/_DSC7360.tif,2,5,1,3,1,4,2628,2870,325,567
/Volumes/Mark-Banfield/Josh_Williams/Scoring_20Oct/Emma/_DSC7360.tif,2,5,1,3,2,4,2514,2742,496,724
/Volumes/Mark-Banfield/Josh_Williams/Scoring_20Oct/Emma/_DSC7360.tif,2,5,1,3,3,1,2596,2830,706,940
/Volumes/Mark-Banfield/Josh_Williams/Scoring_20Oct/Emma/_DSC7360.tif,2,5,1,3,4,0,2932,3186,712,966
/Volumes/Mark-Banfield/Josh_Williams/Scoring_20Oct/Emma/_DSC7360.tif,2,5,1,3,5,0,2952,3200,454,702
/Volumes/Mark-Banfield/Josh_Williams/Scoring_20Oct/Emma/_DSC7360.tif,2,5,1,3,6,0,2838,3060,236,458
/Volumes/Mark-Banfield/Josh_Williams/Scoring_20Oct/Emma/_DSC7360.tif,2,5,1,4,1,1,3694,3922,321,549
/Volumes/Mark-Banfield/Josh_Williams/Scoring_20Oct/Emma/_DSC7360.tif,2,5,1,4,2,5,3630,3866,577,813
/Volumes/Mark-Banfield/Josh_Williams/Scoring_20Oct/Emma/_DSC7360.tif,2,5,1,4,3,4,3703,3931,800,1028
/Volumes/Mark-Banfield/Josh_Williams/Scoring_20Oct/Emma/_DSC7360.tif,2,5,1,4,4,0,4042,4334,695,987
/Volumes/Mark-Banfield/Josh_Williams/Scoring_20Oct/Emma/_DSC7360.tif,2,5,1,4,5,0,3988,4230,438,680
/Volumes/Mark-Banfield/Josh_Williams/Scoring_20Oct/Emma/_DSC7360.tif,2,5,1,4,6,0,3986,4226,214,454
/Volumes/Mark-Banfield/Josh_Williams/Scoring_20Oct/Emma/_DSC7360.tif,2,5,1,5,1,0,4652,4906,341,595
/Volumes/Mark-Banfield/Josh_Williams/Scoring_20Oct/Emma/_DSC7360.tif,2,5,1,5,2,1,4672,4894,622,844
/Volumes/Mark-Banfield/Josh_Williams/Scoring_20Oct/Emma/_DSC7360.tif,2,5,1,5,3,3,4677,4925,826,1074
/Volumes/Mark-Banfield/Josh_Williams/Scoring_20Oct/Emma/_DSC7360.tif,2,5,1,5,4,3,4972,5220,800,1048
/Volumes/Mark-Banfield/Josh_Williams/Scoring_20Oct/Emma/_DSC7360.tif,2,5,1,5,5,3,4994,5262,556,824
/Volumes/Mark-Banfield/Josh_Williams/Scoring_20Oct/Emma/_DSC7360.tif,2,5,1,5,6,3,4931,5185,356,610
/Volumes/Mark-Banfield/Josh_Williams/Scoring_20Oct/Emma/_DSC7360.tif,2,5,2,1,1,1,420,674,1911,2165
/Volumes/Mark-Banfield/Josh_Williams/Scoring_20Oct/Emma/_DSC7360.tif,2,5,2,1,2,0,312,610,2155,2453
/Volumes/Mark-Banfield/Josh_Williams/Scoring_20Oct/Emma/_DSC7360.tif,2,5,2,1,3,0,344,680,2444,2780
/Volumes/Mark-Banfield/Josh_Williams/Scoring_20Oct/Emma/_DSC7360.tif,2,5,2,1,4,3,782,1068,2288,2574
/Volumes/Mark-Banfield/Josh_Williams/Scoring_20Oct/Emma/_DSC7360.tif,2,5,2,1,5,5,768,990,2139,2361
/Volumes/Mark-Banfield/Josh_Williams/Scoring_20Oct/Emma/_DSC7360.tif,2,5,2,1,6,3,712,922,1943,2153
/Volumes/Mark-Banfield/Josh_Williams/Scoring_20Oct/Emma/_DSC7360.tif,2,5,2,2,1,1,1460,1734,1904,2178
/Volumes/Mark-Banfield/Josh_Williams/Scoring_20Oct/Emma/_DSC7360.tif,2,5,2,2,2,0,1334,1670,2162,2498
/Volumes/Mark-Banfield/Josh_Williams/Scoring_20Oct/Emma/_DSC7360.tif,2,5,2,2,3,0,1352,1734,2418,2800
/Volumes/Mark-Banfield/Josh_Williams/Scoring_20Oct/Emma/_DSC7360.tif,2,5,2,2,4,0,1810,2108,2324,2622
/Volumes/Mark-Banfield/Josh_Williams/Scoring_20Oct/Emma/_DSC7360.tif,2,5,2,2,5,5,1772,2076,2032,2336
/Volumes/Mark-Banfield/Josh_Williams/Scoring_20Oct/Emma/_DSC7360.tif,2,5,2,2,6,4,1743,1965,1854,2076
/Volumes/Mark-Banfield/Josh_Williams/Scoring_20Oct/Emma/_DSC7360.tif,2,5,2,3,1,4,2783,3019,1752,1988
/Volumes/Mark-Banfield/Josh_Williams/Scoring_20Oct/Emma/_DSC7360.tif,2,5,2,3,2,0,2638,2942,1950,2254
/Volumes/Mark-Banfield/Josh_Williams/Scoring_20Oct/Emma/_DSC7360.tif,2,5,2,3,3,0,2533,2831,2266,2564
/Volumes/Mark-Banfield/Josh_Williams/Scoring_20Oct/Emma/_DSC7360.tif,2,5,2,3,4,0,2984,3288,2175,2479
/Volumes/Mark-Banfield/Josh_Williams/Scoring_20Oct/Emma/_DSC7360.tif,2,5,2,3,5,0,2990,3256,1943,2209
/Volumes/Mark-Banfield/Josh_Williams/Scoring_20Oct/Emma/_DSC7360.tif,2,5,2,3,6,5,2963,3173,1752,1962
/Volumes/Mark-Banfield/Josh_Williams/Scoring_20Oct/Emma/_DSC7360.tif,2,5,2,4,1,4,3720,3948,1848,2076
/Volumes/Mark-Banfield/Josh_Williams/Scoring_20Oct/Emma/_DSC7360.tif,2,5,2,4,2,3,3548,3820,2032,2304
/Volumes/Mark-Banfield/Josh_Williams/Scoring_20Oct/Emma/_DSC7360.tif,2,5,2,4,3,0,3580,3916,2260,2596
/Volumes/Mark-Banfield/Josh_Williams/Scoring_20Oct/Emma/_DSC7360.tif,2,5,2,4,4,0,4056,4354,2336,2634
/Volumes/Mark-Banfield/Josh_Williams/Scoring_20Oct/Emma/_DSC7360.tif,2,5,2,4,5,0,4085,4395,2032,2342
/Volumes/Mark-Banfield/Josh_Williams/Scoring_20Oct/Emma/_DSC7360.tif,2,5,2,4,6,0,3954,4252,1796,2094
/Volumes/Mark-Banfield/Josh_Williams/Scoring_20Oct/Emma/_DSC7360.tif,2,5,2,5,1,0,4697,4989,1898,2190
/Volumes/Mark-Banfield/Josh_Williams/Scoring_20Oct/Emma/_DSC7360.tif,2,5,2,5,2,3,4643,4851,2172,2380
/Volumes/Mark-Banfield/Josh_Williams/Scoring_20Oct/Emma/_DSC7360.tif,2,5,2,5,3,3,4658,4862,2380,2584
/Volumes/Mark-Banfield/Josh_Williams/Scoring_20Oct/Emma/_DSC7360.tif,2,5,2,5,4,1,5070,5292,2346,2568
/Volumes/Mark-Banfield/Josh_Williams/Scoring_20Oct/Emma/_DSC7360.tif,2,5,2,5,5,0,5010,5264,2044,2298
/Volumes/Mark-Banfield/Josh_Williams/Scoring_20Oct/Emma/_DSC7360.tif,2,5,2,5,6,0,4958,5210,1804,2056
/Volumes/Mark-Banfield/Josh_Williams/Scoring_20Oct/Emma/DSC_2451.tif,3,3,1,1,1,3,1003,1257,388,642
/Volumes/Mark-Banfield/Josh_Williams/Scoring_20Oct/Emma/DSC_2451.tif,3,3,1,1,2,1,784,1078,566,860
/Volumes/Mark-Banfield/Josh_Williams/Scoring_20Oct/Emma/DSC_2451.tif,3,3,1,1,3,0,877,1131,826,1080
/Volumes/Mark-Banfield/Josh_Williams/Scoring_20Oct/Emma/DSC_2451.tif,3,3,1,1,4,1,1193,1463,700,970
/Volumes/Mark-Banfield/Josh_Williams/Scoring_20Oct/Emma/DSC_2451.tif,3,3,1,1,5,6,1209,1445,456,692
/Volumes/Mark-Banfield/Josh_Williams/Scoring_20Oct/Emma/DSC_2451.tif,3,3,1,3,1,6,2098,2292,599,793
/Volumes/Mark-Banfield/Josh_Williams/Scoring_20Oct/Emma/DSC_2451.tif,3,3,1,3,2,4,2048,2258,760,970
/Volumes/Mark-Banfield/Josh_Williams/Scoring_20Oct/Emma/DSC_2451.tif,3,3,1,3,3,0,1998,2318,962,1282
/Volumes/Mark-Banfield/Josh_Williams/Scoring_20Oct/Emma/DSC_2451.tif,3,3,1,3,4,0,2334,2662,894,1222
/Volumes/Mark-Banfield/Josh_Williams/Scoring_20Oct/Emma/DSC_2451.tif,3,3,1,3,5,0,2292,2578,612,898
/Volumes/Mark-Banfield/Josh_Williams/Scoring_20Oct/Emma/DSC_2451.tif,3,3,2,2,1,0,1450,1738,1584,1872
/Volumes/Mark-Banfield/Josh_Williams/Scoring_20Oct/Emma/DSC_2451.tif,3,3,2,2,2,6,1390,1602,1824,2036
/Volumes/Mark-Banfield/Josh_Williams/Scoring_20Oct/Emma/DSC_2451.tif,3,3,2,2,3,4,1382,1652,2056,2326
/Volumes/Mark-Banfield/Josh_Williams/Scoring_20Oct/Emma/DSC_2451.tif,3,3,2,2,4,0,1744,2074,1909,2239
/Volumes/Mark-Banfield/Josh_Williams/Scoring_20Oct/Emma/DSC_2451.tif,3,3,2,2,5,0,1699,1985,1594,1880
/Volumes/Mark-Banfield/Josh_Williams/Scoring_20Oct/Emma/DSC_2451.tif,3,3,3,1,1,0,873,1201,2730,3058
/Volumes/Mark-Banfield/Josh_Williams/Scoring_20Oct/Emma/DSC_2451.tif,3,3,3,1,2,0,856,1124,3068,3336
/Volumes/Mark-Banfield/Josh_Williams/Scoring_20Oct/Emma/DSC_2451.tif,3,3,3,1,3,6,986,1230,3291,3535
/Volumes/Mark-Banfield/Josh_Williams/Scoring_20Oct/Emma/DSC_2451.tif,3,3,3,1,4,4,1230,1518,3067,3355
/Volumes/Mark-Banfield/Josh_Williams/Scoring_20Oct/Emma/DSC_2451.tif,3,3,3,1,5,0,1143,1421,2772,3050
/Volumes/Mark-Banfield/Josh_Williams/Scoring_20Oct/Emma/DSC_2451.tif,3,3,3,3,1,0,2250,2546,2697,2993
/Volumes/Mark-Banfield/Josh_Williams/Scoring_20Oct/Emma/DSC_2451.tif,3,3,3,3,2,0,1990,2326,2912,3248
/Volumes/Mark-Banfield/Josh_Williams/Scoring_20Oct/Emma/DSC_2451.tif,3,3,3,3,3,0,2006,2368,3173,3535
/Volumes/Mark-Banfield/Josh_Williams/Scoring_20Oct/Emma/DSC_2451.tif,3,3,3,3,4,6,2460,2722,3227,3489
/Volumes/Mark-Banfield/Josh_Williams/Scoring_20Oct/Emma/DSC_2451.tif,3,3,3,3,5,4,2561,2831,2940,3210
/Volumes/Mark-Banfield/Josh_Williams/Scoring_20Oct/Emma/DSC_8534.tif,3,3,1,2,1,0,1286,1766,944,1424
/Volumes/Mark-Banfield/Josh_Williams/Scoring_20Oct/Emma/DSC_8534.tif,3,3,1,2,2,0,1180,1712,1542,2074
/Volumes/Mark-Banfield/Josh_Williams/Scoring_20Oct/Emma/DSC_8534.tif,3,3,1,2,3,3,1800,2280,1542,2022
/Volumes/Mark-Banfield/Josh_Williams/Scoring_20Oct/Emma/DSC_8534.tif,3,3,1,2,4,1,1778,2250,970,1442
/Volumes/Mark-Banfield/Josh_Williams/Scoring_20Oct/Emma/DSC_8534.tif,3,3,2,1,1,0,540,944,2146,2550
/Volumes/Mark-Banfield/Josh_Williams/Scoring_20Oct/Emma/DSC_8534.tif,3,3,2,1,2,3,396,868,2562,3034
/Volumes/Mark-Banfield/Josh_Williams/Scoring_20Oct/Emma/DSC_8534.tif,3,3,2,1,3,5,978,1408,2596,3026
/Volumes/Mark-Banfield/Josh_Williams/Scoring_20Oct/Emma/DSC_8534.tif,3,3,2,1,4,4,958,1328,2158,2528
/Volumes/Mark-Banfield/Josh_Williams/Scoring_20Oct/Emma/DSC_8534.tif,3,3,2,3,1,0,2263,2651,2334,2722
/Volumes/Mark-Banfield/Josh_Williams/Scoring_20Oct/Emma/DSC_8534.tif,3,3,2,3,2,0,2179,2575,2688,3084
/Volumes/Mark-Banfield/Josh_Williams/Scoring_20Oct/Emma/DSC_8534.tif,3,3,2,3,3,4,2655,2999,2714,3058
/Volumes/Mark-Banfield/Josh_Williams/Scoring_20Oct/Emma/DSC_8534.tif,3,3,2,3,4,3,2604,2942,2368,2706
/Volumes/Mark-Banfield/Josh_Williams/Scoring_20Oct/Emma/DSC_8534.tif,3,3,3,1,1,0,759,1105,3556,3902
/Volumes/Mark-Banfield/Josh_Williams/Scoring_20Oct/Emma/DSC_8534.tif,3,3,3,1,2,1,637,1083,3902,4348
/Volumes/Mark-Banfield/Josh_Williams/Scoring_20Oct/Emma/DSC_8534.tif,3,3,3,1,3,5,1159,1531,3968,4340
/Volumes/Mark-Banfield/Josh_Williams/Scoring_20Oct/Emma/DSC_8534.tif,3,3,3,1,4,4,1088,1450,3522,3884
/Volumes/Mark-Banfield/Josh_Williams/Scoring_20Oct/Emma/DSC_8534.tif,3,3,3,3,1,0,2173,2663,3496,3986
/Volumes/Mark-Banfield/Josh_Williams/Scoring_20Oct/Emma/DSC_8534.tif,3,3,3,3,2,1,2161,2667,4028,4534
/Volumes/Mark-Banfield/Josh_Williams/Scoring_20Oct/Emma/DSC_8534.tif,3,3,3,3,3,4,2688,3118,3960,4390
/Volumes/Mark-Banfield/Josh_Williams/Scoring_20Oct/Emma/DSC_8265.tif,3,3,1,1,1,1,865,1169,414,718
/Volumes/Mark-Banfield/Josh_Williams/Scoring_20Oct/Emma/DSC_8265.tif,3,3,1,1,2,0,666,978,666,978
/Volumes/Mark-Banfield/Josh_Williams/Scoring_20Oct/Emma/DSC_8265.tif,3,3,1,1,3,2,591,953,986,1348
/Volumes/Mark-Banfield/Josh_Williams/Scoring_20Oct/Emma/DSC_8265.tif,3,3,1,1,4,5,1138,1416,982,1260
/Volumes/Mark-Banfield/Josh_Williams/Scoring_20Oct/Emma/DSC_8265.tif,3,3,1,1,5,6,1332,1560,767,995
/Volumes/Mark-Banfield/Josh_Williams/Scoring_20Oct/Emma/DSC_8265.tif,3,3,1,1,6,0,1176,1462,498,784
/Volumes/Mark-Banfield/Josh_Williams/Scoring_20Oct/Emma/DSC_8265.tif,3,3,1,3,1,0,2158,2394,595,831
/Volumes/Mark-Banfield/Josh_Williams/Scoring_20Oct/Emma/DSC_8265.tif,3,3,1,3,2,0,1990,2292,802,1104
/Volumes/Mark-Banfield/Josh_Williams/Scoring_20Oct/Emma/DSC_8265.tif,3,3,1,3,3,2,2056,2352,1087,1383
/Volumes/Mark-Banfield/Josh_Williams/Scoring_20Oct/Emma/DSC_8265.tif,3,3,1,3,4,3,2503,2781,1054,1332
/Volumes/Mark-Banfield/Josh_Williams/Scoring_20Oct/Emma/DSC_8265.tif,3,3,1,3,5,4,2486,2722,789,1025
/Volumes/Mark-Banfield/Josh_Williams/Scoring_20Oct/Emma/DSC_8265.tif,3,3,1,3,6,5,2393,2621,574,802
/Volumes/Mark-Banfield/Josh_Williams/Scoring_20Oct/Emma/DSC_8265.tif,3,3,2,2,1,4,1626,1854,1926,2154
/Volumes/Mark-Banfield/Josh_Williams/Scoring_20Oct/Emma/DSC_8265.tif,3,3,2,2,2,0,1484,1828,2116,2460
/Volumes/Mark-Banfield/Josh_Williams/Scoring_20Oct/Emma/DSC_8265.tif,3,3,2,2,3,0,1518,1888,2402,2772
/Volumes/Mark-Banfield/Josh_Williams/Scoring_20Oct/Emma/DSC_8265.tif,3,3,2,2,4,0,2022,2368,2343,2689
/Volumes/Mark-Banfield/Josh_Williams/Scoring_20Oct/Emma/DSC_8265.tif,3,3,2,2,5,4,1946,2216,2111,2381
/Volumes/Mark-Banfield/Josh_Williams/Scoring_20Oct/Emma/DSC_8265.tif,3,3,2,2,6,4,1829,2099,1854,2124
/Volumes/Mark-Banfield/Josh_Williams/Scoring_20Oct/Emma/DSC_8265.tif,3,3,3,1,1,5,852,1138,2932,3218
/Volumes/Mark-Banfield/Josh_Williams/Scoring_20Oct/Emma/DSC_8265.tif,3,3,3,1,2,5,726,986,3148,3408
/Volumes/Mark-Banfield/Josh_Williams/Scoring_20Oct/Emma/DSC_8265.tif,3,3,3,1,3,0,696,1058,3404,3766
/Volumes/Mark-Banfield/Josh_Williams/Scoring_20Oct/Emma/DSC_8265.tif,3,3,3,1,4,0,1248,1552,3362,3666
/Volumes/Mark-Banfield/Josh_Williams/Scoring_20Oct/Emma/DSC_8265.tif,3,3,3,1,5,0,1222,1518,3075,3371
/Volumes/Mark-Banfield/Josh_Williams/Scoring_20Oct/Emma/DSC_8265.tif,3,3,3,1,6,4,1083,1345,2848,3110
/Volumes/Mark-Banfield/Josh_Williams/Scoring_20Oct/Emma/DSC_8265.tif,3,3,3,3,1,3,2292,2562,3210,3480
/Volumes/Mark-Banfield/Josh_Williams/Scoring_20Oct/Emma/DSC_8265.tif,3,3,3,3,2,4,2199,2511,3438,3750
/Volumes/Mark-Banfield/Josh_Williams/Scoring_20Oct/Emma/DSC_8265.tif,3,3,3,3,3,4,2292,2604,3733,4045
/Volumes/Mark-Banfield/Josh_Williams/Scoring_20Oct/Emma/DSC_8265.tif,3,3,3,3,4,0,2662,3042,3573,3953
/Volumes/Mark-Banfield/Josh_Williams/Scoring_20Oct/Emma/DSC_8265.tif,3,3,3,3,5,0,2714,3026,3286,3598
/Volumes/Mark-Banfield/Josh_Williams/Scoring_20Oct/Emma/DSC_8265.tif,3,3,3,3,6,0,2578,2882,3042,3346
/Volumes/Mark-Banfield/Josh_Williams/Scoring_20Oct/Emma/DSC_4540.TIF,3,3,1,1,1,0,354,608,379,633
/Volumes/Mark-Banfield/Josh_Williams/Scoring_20Oct/Emma/DSC_4540.TIF,3,3,1,1,2,0,191,495,666,970
/Volumes/Mark-Banfield/Josh_Williams/Scoring_20Oct/Emma/DSC_4540.TIF,3,3,1,1,3,1,236,540,1037,1341
/Volumes/Mark-Banfield/Josh_Williams/Scoring_20Oct/Emma/DSC_4540.TIF,3,3,1,1,4,4,852,1130,894,1172
/Volumes/Mark-Banfield/Josh_Williams/Scoring_20Oct/Emma/DSC_4540.TIF,3,3,1,1,5,4,810,1054,624,868
/Volumes/Mark-Banfield/Josh_Williams/Scoring_20Oct/Emma/DSC_4540.TIF,3,3,1,1,6,0,658,936,380,658
/Volumes/Mark-Banfield/Josh_Williams/Scoring_20Oct/Emma/DSC_4540.TIF,3,3,1,3,1,0,1694,1930,482,718
/Volumes/Mark-Banfield/Josh_Williams/Scoring_20Oct/Emma/DSC_4540.TIF,3,3,1,3,2,0,1576,1846,683,953
/Volumes/Mark-Banfield/Josh_Williams/Scoring_20Oct/Emma/DSC_4540.TIF,3,3,1,3,3,0,1618,1938,962,1282
/Volumes/Mark-Banfield/Josh_Williams/Scoring_20Oct/Emma/DSC_4540.TIF,3,3,1,3,4,1,2132,2402,868,1138
/Volumes/Mark-Banfield/Josh_Williams/Scoring_20Oct/Emma/DSC_4540.TIF,3,3,1,3,5,3,2022,2268,674,920
/Volumes/Mark-Banfield/Josh_Williams/Scoring_20Oct/Emma/DSC_4540.TIF,3,3,1,3,6,3,1942,2162,422,642
/Volumes/Mark-Banfield/Josh_Williams/Scoring_20Oct/Emma/DSC_4540.TIF,3,3,2,2,1,3,1126,1394,1796,2064
/Volumes/Mark-Banfield/Josh_Williams/Scoring_20Oct/Emma/DSC_4540.TIF,3,3,2,2,2,0,940,1268,2032,2360
/Volumes/Mark-Banfield/Josh_Williams/Scoring_20Oct/Emma/DSC_4540.TIF,3,3,2,2,3,0,870,1206,2394,2730
/Volumes/Mark-Banfield/Josh_Williams/Scoring_20Oct/Emma/DSC_4540.TIF,3,3,2,2,4,0,1492,1828,2356,2692
/Volumes/Mark-Banfield/Josh_Williams/Scoring_20Oct/Emma/DSC_4540.TIF,3,3,2,2,5,2,1492,1754,2077,2339
/Volumes/Mark-Banfield/Josh_Williams/Scoring_20Oct/Emma/DSC_4540.TIF,3,3,2,2,6,3,1400,1660,1804,2064
/Volumes/Mark-Banfield/Josh_Williams/Scoring_20Oct/Emma/DSC_4540.TIF,3,3,3,1,1,3,351,613,3210,3472
/Volumes/Mark-Banfield/Josh_Williams/Scoring_20Oct/Emma/DSC_4540.TIF,3,3,3,1,2,3,254,540,3422,3708
/Volumes/Mark-Banfield/Josh_Williams/Scoring_20Oct/Emma/DSC_4540.TIF,3,3,3,1,3,0,195,541,3732,4078
/Volumes/Mark-Banfield/Josh_Williams/Scoring_20Oct/Emma/DSC_4540.TIF,3,3,3,1,4,0,805,1193,3606,3994
/Volumes/Mark-Banfield/Josh_Williams/Scoring_20Oct/Emma/DSC_4540.TIF,3,3,3,1,5,0,767,1079,3312,3624
/Volumes/Mark-Banfield/Josh_Williams/Scoring_20Oct/Emma/DSC_4540.TIF,3,3,3,1,6,1,616,878,3121,3383
/Volumes/Mark-Banfield/Josh_Williams/Scoring_20Oct/Emma/DSC_4540.TIF,3,3,3,3,1,1,2036,2288,3084,3336
/Volumes/Mark-Banfield/Josh_Williams/Scoring_20Oct/Emma/DSC_4540.TIF,3,3,3,3,2,4,1812,2082,3362,3632
/Volumes/Mark-Banfield/Josh_Williams/Scoring_20Oct/Emma/DSC_4540.TIF,3,3,3,3,3,3,1753,2057,3716,4020
/Volumes/Mark-Banfield/Josh_Williams/Scoring_20Oct/Emma/DSC_4540.TIF,3,3,3,3,4,0,2237,2575,3766,4104
/Volumes/Mark-Banfield/Josh_Williams/Scoring_20Oct/Emma/DSC_4540.TIF,3,3,3,3,5,0,2254,2584,3412,3742
/Volumes/Mark-Banfield/Josh_Williams/Scoring_20Oct/Emma/DSC_4540.TIF,3,3,3,3,6,0,2284,2528,3122,3366
/Volumes/Mark-Banfield/Josh_Williams/Scoring_20Oct/Emma/DSC_2868.tif,3,3,1,1,2,1,557,869,624,936
/Volumes/Mark-Banfield/Josh_Williams/Scoring_20Oct/Emma/DSC_2868.tif,3,3,1,1,3,1,582,902,894,1214
/Volumes/Mark-Banfield/Josh_Williams/Scoring_20Oct/Emma/DSC_2868.tif,3,3,1,1,4,0,1003,1333,834,1164
/Volumes/Mark-Banfield/Josh_Williams/Scoring_20Oct/Emma/DSC_2868.tif,3,3,1,1,5,5,1004,1298,544,838
/Volumes/Mark-Banfield/Josh_Williams/Scoring_20Oct/Emma/DSC_2868.tif,3,3,1,3,1,5,2375,2663,556,844
/Volumes/Mark-Banfield/Josh_Williams/Scoring_20Oct/Emma/DSC_2868.tif,3,3,1,3,2,3,2254,2584,868,1198
/Volumes/Mark-Banfield/Josh_Williams/Scoring_20Oct/Emma/DSC_2868.tif,3,3,1,3,3,0,2174,2486,1172,1484
/Volumes/Mark-Banfield/Josh_Williams/Scoring_20Oct/Emma/DSC_2868.tif,3,3,1,3,4,0,2604,2958,1054,1408
/Volumes/Mark-Banfield/Josh_Williams/Scoring_20Oct/Emma/DSC_2868.tif,3,3,1,3,5,0,2633,2979,692,1038
/Volumes/Mark-Banfield/Josh_Williams/Scoring_20Oct/Emma/DSC_2868.tif,3,3,2,2,1,0,1265,1593,1644,1972
/Volumes/Mark-Banfield/Josh_Williams/Scoring_20Oct/Emma/DSC_2868.tif,3,3,2,2,2,5,1214,1500,1942,2228
/Volumes/Mark-Banfield/Josh_Williams/Scoring_20Oct/Emma/DSC_2868.tif,3,3,2,2,3,1,1198,1552,2196,2550
/Volumes/Mark-Banfield/Josh_Williams/Scoring_20Oct/Emma/DSC_2868.tif,3,3,2,2,4,0,1665,2077,2074,2486
/Volumes/Mark-Banfield/Josh_Williams/Scoring_20Oct/Emma/DSC_2868.tif,3,3,2,2,5,0,1580,1934,1686,2040
/Volumes/Mark-Banfield/Josh_Williams/Scoring_20Oct/Emma/DSC_2868.tif,3,3,3,1,1,0,435,789,2662,3016
/Volumes/Mark-Banfield/Josh_Williams/Scoring_20Oct/Emma/DSC_2868.tif,3,3,3,1,2,2,233,611,2916,3294
/Volumes/Mark-Banfield/Josh_Williams/Scoring_20Oct/Emma/DSC_2868.tif,3,3,3,1,3,5,464,776,3194,3506
/Volumes/Mark-Banfield/Josh_Williams/Scoring_20Oct/Emma/DSC_2868.tif,3,3,3,1,4,3,755,1101,3042,3388
/Volumes/Mark-Banfield/Josh_Williams/Scoring_20Oct/Emma/DSC_2868.tif,3,3,3,1,5,0,742,1122,2646,3026
/Volumes/Mark-Banfield/Josh_Williams/Scoring_20Oct/Emma/DSC_2868.tif,3,3,3,3,1,0,2310,2706,2528,2924
/Volumes/Mark-Banfield/Josh_Williams/Scoring_20Oct/Emma/DSC_2868.tif,3,3,3,3,2,0,2153,2575,2856,3278
/Volumes/Mark-Banfield/Josh_Williams/Scoring_20Oct/Emma/DSC_2868.tif,3,3,3,3,3,0,2150,2588,3236,3674
/Volumes/Mark-Banfield/Josh_Williams/Scoring_20Oct/Emma/DSC_2868.tif,3,3,3,3,4,5,2701,3047,3126,3472
/Volumes/Mark-Banfield/Josh_Williams/Scoring_20Oct/Emma/DSC_2868.tif,3,3,3,3,5,2,2654,3050,2764,3160
/Volumes/Mark-Banfield/Josh_Williams/Scoring_20Oct/Emma/DSC_4389.TIF,3,3,1,1,1,0,616,886,498,768
/Volumes/Mark-Banfield/Josh_Williams/Scoring_20Oct/Emma/DSC_4389.TIF,3,3,1,1,2,0,388,718,737,1067
/Volumes/Mark-Banfield/Josh_Williams/Scoring_20Oct/Emma/DSC_4389.TIF,3,3,1,1,3,0,472,818,1057,1403
/Volumes/Mark-Banfield/Josh_Williams/Scoring_20Oct/Emma/DSC_4389.TIF,3,3,1,1,4,0,881,1209,1062,1390
/Volumes/Mark-Banfield/Josh_Williams/Scoring_20Oct/Emma/DSC_4389.TIF,3,3,1,1,5,4,894,1146,810,1062
/Volumes/Mark-Banfield/Josh_Williams/Scoring_20Oct/Emma/DSC_4389.TIF,3,3,1,1,6,1,878,1138,566,826
/Volumes/Mark-Banfield/Josh_Williams/Scoring_20Oct/Emma/DSC_4389.TIF,3,3,1,3,1,0,2064,2368,645,949
/Volumes/Mark-Banfield/Josh_Williams/Scoring_20Oct/Emma/DSC_4389.TIF,3,3,1,3,2,0,1862,2174,940,1252
/Volumes/Mark-Banfield/Josh_Williams/Scoring_20Oct/Emma/DSC_4389.TIF,3,3,1,3,3,0,1905,2209,1290,1594
/Volumes/Mark-Banfield/Josh_Williams/Scoring_20Oct/Emma/DSC_4389.TIF,3,3,1,3,4,3,2436,2696,1240,1500
/Volumes/Mark-Banfield/Josh_Williams/Scoring_20Oct/Emma/DSC_4389.TIF,3,3,1,3,5,3,2402,2646,995,1239
/Volumes/Mark-Banfield/Josh_Williams/Scoring_20Oct/Emma/DSC_4389.TIF,3,3,1,3,6,0,2402,2696,726,1020
/Volumes/Mark-Banfield/Josh_Williams/Scoring_20Oct/Emma/DSC_4389.TIF,3,3,2,2,1,4,1416,1678,1989,2251
/Volumes/Mark-Banfield/Josh_Williams/Scoring_20Oct/Emma/DSC_4389.TIF,3,3,2,2,2,0,1240,1568,2226,2554
/Volumes/Mark-Banfield/Josh_Williams/Scoring_20Oct/Emma/DSC_4389.TIF,3,3,2,2,3,0,1226,1630,2562,2966
/Volumes/Mark-Banfield/Josh_Williams/Scoring_20Oct/Emma/DSC_4389.TIF,3,3,2,2,4,0,1850,2204,2536,2890
/Volumes/Mark-Banfield/Josh_Williams/Scoring_20Oct/Emma/DSC_4389.TIF,3,3,2,2,5,2,1846,2166,2225,2545
/Volumes/Mark-Banfield/Josh_Williams/Scoring_20Oct/Emma/DSC_4389.TIF,3,3,2,2,6,5,1724,2018,2006,2300
/Volumes/Mark-Banfield/Josh_Williams/Scoring_20Oct/Emma/DSC_4389.TIF,3,3,3,1,1,4,700,936,3139,3375
/Volumes/Mark-Banfield/Josh_Williams/Scoring_20Oct/Emma/DSC_4389.TIF,3,3,3,1,2,3,616,860,3396,3640
/Volumes/Mark-Banfield/Josh_Williams/Scoring_20Oct/Emma/DSC_4389.TIF,3,3,3,1,3,0,440,708,3582,3850
/Volumes/Mark-Banfield/Josh_Williams/Scoring_20Oct/Emma/DSC_4389.TIF,3,3,3,1,4,0,978,1256,3624,3902
/Volumes/Mark-Banfield/Josh_Williams/Scoring_20Oct/Emma/DSC_4389.TIF,3,3,3,1,5,0,920,1240,3350,3670
/Volumes/Mark-Banfield/Josh_Williams/Scoring_20Oct/Emma/DSC_4389.TIF,3,3,3,1,6,1,902,1138,3152,3388
/Volumes/Mark-Banfield/Josh_Williams/Scoring_20Oct/Emma/DSC_4389.TIF,3,3,3,3,1,4,2125,2393,3144,3412
/Volumes/Mark-Banfield/Josh_Williams/Scoring_20Oct/Emma/DSC_4389.TIF,3,3,3,3,2,5,2129,2397,3464,3732
/Volumes/Mark-Banfield/Josh_Williams/Scoring_20Oct/Emma/DSC_4389.TIF,3,3,3,3,3,5,2127,2389,3716,3978
/Volumes/Mark-Banfield/Josh_Williams/Scoring_20Oct/Emma/DSC_4389.TIF,3,3,3,3,4,0,2536,2866,3648,3978
/Volumes/Mark-Banfield/Josh_Williams/Scoring_20Oct/Emma/DSC_4389.TIF,3,3,3,3,5,0,2444,2738,3354,3648
/Volumes/Mark-Banfield/Josh_Williams/Scoring_20Oct/Emma/DSC_4389.TIF,3,3,3,3,6,0,2410,2680,3109,3379
/Volumes/Mark-Banfield/Josh_Williams/Scoring_20Oct/Emma/DSC_1173.tif,3,3,1,1,1,6,654,906,414,666
/Volumes/Mark-Banfield/Josh_Williams/Scoring_20Oct/Emma/DSC_1173.tif,3,3,1,1,2,0,461,763,600,902
/Volumes/Mark-Banfield/Josh_Williams/Scoring_20Oct/Emma/DSC_1173.tif,3,3,1,1,3,0,596,940,878,1222
/Volumes/Mark-Banfield/Josh_Williams/Scoring_20Oct/Emma/DSC_1173.tif,3,3,1,1,4,0,1070,1400,801,1131
/Volumes/Mark-Banfield/Josh_Williams/Scoring_20Oct/Emma/DSC_1173.tif,3,3,1,1,5,4,996,1256,540,800
/Volumes/Mark-Banfield/Josh_Williams/Scoring_20Oct/Emma/DSC_1173.tif,3,3,1,1,6,4,902,1130,342,570
/Volumes/Mark-Banfield/Josh_Williams/Scoring_20Oct/Emma/DSC_1173.tif,3,3,1,3,1,6,2137,2331,430,624
/Volumes/Mark-Banfield/Josh_Williams/Scoring_20Oct/Emma/DSC_1173.tif,3,3,1,3,2,6,1985,2221,540,776
/Volumes/Mark-Banfield/Josh_Williams/Scoring_20Oct/Emma/DSC_1173.tif,3,3,1,3,3,0,1938,2284,750,1096
/Volumes/Mark-Banfield/Josh_Williams/Scoring_20Oct/Emma/DSC_1173.tif,3,3,1,3,4,0,2401,2689,792,1080
/Volumes/Mark-Banfield/Josh_Williams/Scoring_20Oct/Emma/DSC_1173.tif,3,3,1,3,5,1,2376,2620,544,788
/Volumes/Mark-Banfield/Josh_Williams/Scoring_20Oct/Emma/DSC_1173.tif,3,3,1,3,6,6,2322,2524,372,574
/Volumes/Mark-Banfield/Josh_Williams/Scoring_20Oct/Emma/DSC_1173.tif,3,3,2,2,1,4,1505,1741,1694,1930
/Volumes/Mark-Banfield/Josh_Williams/Scoring_20Oct/Emma/DSC_1173.tif,3,3,2,2,2,4,1437,1657,1946,2166
/Volumes/Mark-Banfield/Josh_Williams/Scoring_20Oct/Emma/DSC_1173.tif,3,3,2,2,3,6,1400,1610,2166,2376
/Volumes/Mark-Banfield/Josh_Williams/Scoring_20Oct/Emma/DSC_1173.tif,3,3,2,2,4,0,1862,2140,2116,2394
/Volumes/Mark-Banfield/Josh_Williams/Scoring_20Oct/Emma/DSC_1173.tif,3,3,2,2,5,0,1770,2074,1845,2149
/Volumes/Mark-Banfield/Josh_Williams/Scoring_20Oct/Emma/DSC_1173.tif,3,3,2,2,6,0,1703,1981,1644,1922
/Volumes/Mark-Banfield/Josh_Williams/Scoring_20Oct/Emma/DSC_1173.tif,3,3,3,1,1,0,497,767,2848,3118
/Volumes/Mark-Banfield/Josh_Williams/Scoring_20Oct/Emma/DSC_1173.tif,3,3,3,1,2,4,444,696,3110,3362
/Volumes/Mark-Banfield/Josh_Williams/Scoring_20Oct/Emma/DSC_1173.tif,3,3,3,1,3,5,464,666,3400,3602
/Volumes/Mark-Banfield/Josh_Williams/Scoring_20Oct/Emma/DSC_1173.tif,3,3,3,1,4,6,851,1129,3328,3606
/Volumes/Mark-Banfield/Josh_Williams/Scoring_20Oct/Emma/DSC_1173.tif,3,3,3,1,5,0,957,1219,3058,3320
/Volumes/Mark-Banfield/Josh_Williams/Scoring_20Oct/Emma/DSC_1173.tif,3,3,3,1,6,0,776,1046,2832,3102
/Volumes/Mark-Banfield/Josh_Williams/Scoring_20Oct/Emma/DSC_1173.tif,3,3,3,3,1,0,1889,2217,2824,3152
/Volumes/Mark-Banfield/Josh_Williams/Scoring_20Oct/Emma/DSC_1173.tif,3,3,3,3,2,0,1812,2106,3160,3454
/Volumes/Mark-Banfield/Josh_Williams/Scoring_20Oct/Emma/DSC_1173.tif,3,3,3,3,3,3,1796,2106,3464,3774
/Volumes/Mark-Banfield/Josh_Williams/Scoring_20Oct/Emma/DSC_1173.tif,3,3,3,3,4,5,2453,2755,3422,3724
/Volumes/Mark-Banfield/Josh_Williams/Scoring_20Oct/Emma/DSC_1173.tif,3,3,3,3,5,6,2368,2628,3152,3412
/Volumes/Mark-Banfield/Josh_Williams/Scoring_20Oct/Emma/DSC_1173.tif,3,3,3,3,6,0,2251,2537,2848,3134
/Volumes/Mark-Banfield/Josh_Williams/Scoring_20Oct/Emma/DSC_8267.tif,3,3,1,1,2,5,717,929,548,760
/Volumes/Mark-Banfield/Josh_Williams/Scoring_20Oct/Emma/DSC_8267.tif,3,3,1,1,3,5,627,839,750,962
/Volumes/Mark-Banfield/Josh_Williams/Scoring_20Oct/Emma/DSC_8267.tif,3,3,1,1,4,2,603,847,970,1214
/Volumes/Mark-Banfield/Josh_Williams/Scoring_20Oct/Emma/DSC_8267.tif,3,3,1,1,5,0,954,1282,936,1264
/Volumes/Mark-Banfield/Josh_Williams/Scoring_20Oct/Emma/DSC_8267.tif,3,3,1,1,6,5,931,1185,674,928
/Volumes/Mark-Banfield/Josh_Williams/Scoring_20Oct/Emma/DSC_8267.tif,3,3,1,2,1,5,893,1087,540,734
/Volumes/Mark-Banfield/Josh_Williams/Scoring_20Oct/Emma/DSC_8267.tif,3,3,1,3,1,6,1951,2179,750,978
/Volumes/Mark-Banfield/Josh_Williams/Scoring_20Oct/Emma/DSC_8267.tif,3,3,1,3,2,6,1906,2166,962,1222
/Volumes/Mark-Banfield/Josh_Williams/Scoring_20Oct/Emma/DSC_8267.tif,3,3,1,3,3,6,1930,2234,1171,1475
/Volumes/Mark-Banfield/Josh_Williams/Scoring_20Oct/Emma/DSC_8267.tif,3,3,1,3,4,0,2415,2761,1020,1366
/Volumes/Mark-Banfield/Josh_Williams/Scoring_20Oct/Emma/DSC_8267.tif,3,3,1,3,5,0,2322,2592,784,1054
/Volumes/Mark-Banfield/Josh_Williams/Scoring_20Oct/Emma/DSC_8267.tif,3,3,1,3,6,6,2158,2376,638,856
/Volumes/Mark-Banfield/Josh_Williams/Scoring_20Oct/Emma/DSC_8267.tif,3,3,2,2,1,6,1522,1782,1754,2014
/Volumes/Mark-Banfield/Josh_Williams/Scoring_20Oct/Emma/DSC_8267.tif,3,3,2,2,2,6,1416,1686,2014,2284
/Volumes/Mark-Banfield/Josh_Williams/Scoring_20Oct/Emma/DSC_8267.tif,3,3,2,2,3,6,1508,1812,2250,2554
/Volumes/Mark-Banfield/Josh_Williams/Scoring_20Oct/Emma/DSC_8267.tif,3,3,2,2,4,5,1820,2116,2174,2470
/Volumes/Mark-Banfield/Josh_Williams/Scoring_20Oct/Emma/DSC_8267.tif,3,3,2,2,5,0,1850,2152,1880,2182
/Volumes/Mark-Banfield/Josh_Williams/Scoring_20Oct/Emma/DSC_8267.tif,3,3,2,2,6,1,1757,2043,1602,1888
/Volumes/Mark-Banfield/Josh_Williams/Scoring_20Oct/Emma/DSC_8267.tif,3,3,3,1,1,1,708,986,2984,3262
/Volumes/Mark-Banfield/Josh_Williams/Scoring_20Oct/Emma/DSC_8267.tif,3,3,3,1,2,6,607,885,3228,3506
/Volumes/Mark-Banfield/Josh_Williams/Scoring_20Oct/Emma/DSC_8267.tif,3,3,3,1,3,6,721,975,3488,3742
/Volumes/Mark-Banfield/Josh_Williams/Scoring_20Oct/Emma/DSC_8267.tif,3,3,3,1,4,6,1062,1298,3379,3615
/Volumes/Mark-Banfield/Josh_Williams/Scoring_20Oct/Emma/DSC_8267.tif,3,3,3,1,5,6,1021,1257,3168,3404
/Volumes/Mark-Banfield/Josh_Williams/Scoring_20Oct/Emma/DSC_8267.tif,3,3,3,1,6,0,965,1243,2916,3194
/Volumes/Mark-Banfield/Josh_Williams/Scoring_20Oct/Emma/DSC_8267.tif,3,3,3,3,1,1,2326,2620,2764,3058
/Volumes/Mark-Banfield/Josh_Williams/Scoring_20Oct/Emma/DSC_8267.tif,3,3,3,3,2,1,2188,2490,3026,3328
/Volumes/Mark-Banfield/Josh_Williams/Scoring_20Oct/Emma/DSC_8267.tif,3,3,3,3,3,4,2199,2495,3286,3582
/Volumes/Mark-Banfield/Josh_Williams/Scoring_20Oct/Emma/DSC_8267.tif,3,3,3,3,4,5,2596,2882,3312,3598
/Volumes/Mark-Banfield/Josh_Williams/Scoring_20Oct/Emma/DSC_8267.tif,3,3,3,3,5,5,2654,2908,3092,3346
/Volumes/Mark-Banfield/Josh_Williams/Scoring_20Oct/Emma/DSC_8267.tif,3,3,3,3,6,5,2609,2869,2824,3084
/Volumes/Mark-Banfield/Josh_Williams/Scoring_20Oct/Emma/DSC_1347.tif,3,3,1,1,1,0,548,818,207,477
/Volumes/Mark-Banfield/Josh_Williams/Scoring_20Oct/Emma/DSC_1347.tif,3,3,1,1,2,3,464,734,490,760
/Volumes/Mark-Banfield/Josh_Williams/Scoring_20Oct/Emma/DSC_1347.tif,3,3,1,1,3,3,427,697,826,1096
/Volumes/Mark-Banfield/Josh_Williams/Scoring_20Oct/Emma/DSC_1347.tif,3,3,1,1,4,4,952,1198,775,1021
/Volumes/Mark-Banfield/Josh_Williams/Scoring_20Oct/Emma/DSC_1347.tif,3,3,1,1,5,0,869,1189,482,802
/Volumes/Mark-Banfield/Josh_Williams/Scoring_20Oct/Emma/DSC_1347.tif,3,3,1,1,6,0,878,1214,170,506
/Volumes/Mark-Banfield/Josh_Williams/Scoring_20Oct/Emma/DSC_1347.tif,3,3,1,3,1,0,1910,2204,288,582
/Volumes/Mark-Banfield/Josh_Williams/Scoring_20Oct/Emma/DSC_1347.tif,3,3,1,3,2,0,1775,2153,574,952
/Volumes/Mark-Banfield/Josh_Williams/Scoring_20Oct/Emma/DSC_1347.tif,3,3,1,3,3,1,1821,2157,996,1332
/Volumes/Mark-Banfield/Josh_Williams/Scoring_20Oct/Emma/DSC_1347.tif,3,3,1,3,4,5,2310,2588,818,1096
/Volumes/Mark-Banfield/Josh_Williams/Scoring_20Oct/Emma/DSC_1347.tif,3,3,1,3,5,6,2389,2625,582,818
/Volumes/Mark-Banfield/Josh_Williams/Scoring_20Oct/Emma/DSC_1347.tif,3,3,1,3,6,0,2254,2566,338,650
/Volumes/Mark-Banfield/Josh_Williams/Scoring_20Oct/Emma/DSC_1347.tif,3,3,2,2,1,0,1438,1732,1602,1896
/Volumes/Mark-Banfield/Josh_Williams/Scoring_20Oct/Emma/DSC_1347.tif,3,3,2,2,2,0,1369,1707,1854,2192
/Volumes/Mark-Banfield/Josh_Williams/Scoring_20Oct/Emma/DSC_1347.tif,3,3,2,2,3,0,1156,1534,2175,2553
/Volumes/Mark-Banfield/Josh_Williams/Scoring_20Oct/Emma/DSC_1347.tif,3,3,2,2,4,2,1727,2031,2106,2410
/Volumes/Mark-Banfield/Josh_Williams/Scoring_20Oct/Emma/DSC_1347.tif,3,3,2,2,5,4,1715,1985,1854,2124
/Volumes/Mark-Banfield/Josh_Williams/Scoring_20Oct/Emma/DSC_1347.tif,3,3,2,2,6,6,1707,1901,1702,1896
/Volumes/Mark-Banfield/Josh_Williams/Scoring_20Oct/Emma/DSC_1347.tif,3,3,3,1,1,6,599,851,2722,2974
/Volumes/Mark-Banfield/Josh_Williams/Scoring_20Oct/Emma/DSC_1347.tif,3,3,3,1,2,0,367,663,2974,3270
/Volumes/Mark-Banfield/Josh_Williams/Scoring_20Oct/Emma/DSC_1347.tif,3,3,3,1,3,0,494,814,3244,3564
/Volumes/Mark-Banfield/Josh_Williams/Scoring_20Oct/Emma/DSC_1347.tif,3,3,3,1,4,0,856,1150,3186,3480
/Volumes/Mark-Banfield/Josh_Williams/Scoring_20Oct/Emma/DSC_1347.tif,3,3,3,1,5,3,945,1189,2932,3176
/Volumes/Mark-Banfield/Josh_Williams/Scoring_20Oct/Emma/DSC_1347.tif,3,3,3,1,6,4,822,1058,2748,2984
/Volumes/Mark-Banfield/Josh_Williams/Scoring_20Oct/Emma/DSC_1347.tif,3,3,3,3,1,5,2205,2431,2984,3210
/Volumes/Mark-Banfield/Josh_Williams/Scoring_20Oct/Emma/DSC_1347.tif,3,3,3,3,2,6,2119,2355,3176,3412
/Volumes/Mark-Banfield/Josh_Williams/Scoring_20Oct/Emma/DSC_1347.tif,3,3,3,3,3,0,2106,2394,3378,3666
/Volumes/Mark-Banfield/Josh_Williams/Scoring_20Oct/Emma/DSC_1347.tif,3,3,3,3,4,0,2536,2874,3387,3725
/Volumes/Mark-Banfield/Josh_Williams/Scoring_20Oct/Emma/DSC_1347.tif,3,3,3,3,5,0,2546,2840,3122,3416
/Volumes/Mark-Banfield/Josh_Williams/Scoring_20Oct/Emma/DSC_1347.tif,3,3,3,3,6,3,2448,2718,2890,3160
