img,maxrow,maxcol,row,col,pos,score,x1,x2,y1,y2
/Volumes/shared/Research-Groups/Mark-Banfield/Josh_Williams/Scoring_20Oct/JoshW/DSC_7587.TIF,3,3,1,1,1,1,1496,1842,78,424
/Volumes/shared/Research-Groups/Mark-Banfield/Josh_Williams/Scoring_20Oct/JoshW/DSC_7587.TIF,3,3,1,1,2,0,1345,1689,462,806
/Volumes/shared/Research-Groups/Mark-Banfield/Josh_Williams/Scoring_20Oct/JoshW/DSC_7587.TIF,3,3,1,1,3,0,1351,1703,826,1178
/Volumes/shared/Research-Groups/Mark-Banfield/Josh_Williams/Scoring_20Oct/JoshW/DSC_7587.TIF,3,3,1,1,4,0,1927,2259,820,1152
/Volumes/shared/Research-Groups/Mark-Banfield/Josh_Williams/Scoring_20Oct/JoshW/DSC_7587.TIF,3,3,1,1,5,0,1920,2334,366,780
/Volumes/shared/Research-Groups/Mark-Banfield/Josh_Williams/Scoring_20Oct/JoshW/DSC_7587.TIF,3,3,1,1,6,0,1811,2191,14,394
/Volumes/shared/Research-Groups/Mark-Banfield/Josh_Williams/Scoring_20Oct/JoshW/DSC_7587.TIF,3,3,1,2,1,0,1498,1840,93,435
/Volumes/shared/Research-Groups/Mark-Banfield/Josh_Williams/Scoring_20Oct/JoshW/DSC_7587.TIF,3,3,1,2,2,0,1338,1660,456,778
/Volumes/shared/Research-Groups/Mark-Banfield/Josh_Williams/Scoring_20Oct/JoshW/DSC_7587.TIF,3,3,1,2,3,0,1392,1670,864,1142
/Volumes/shared/Research-Groups/Mark-Banfield/Josh_Williams/Scoring_20Oct/JoshW/DSC_7587.TIF,3,3,1,2,4,0,1968,2242,805,1079
/Volumes/shared/Research-Groups/Mark-Banfield/Josh_Williams/Scoring_20Oct/JoshW/DSC_7587.TIF,3,3,1,2,5,0,1955,2305,414,764
/Volumes/shared/Research-Groups/Mark-Banfield/Josh_Williams/Scoring_20Oct/JoshW/DSC_7587.TIF,3,3,1,2,6,0,1843,2147,58,362
/Volumes/shared/Research-Groups/Mark-Banfield/Josh_Williams/Scoring_20Oct/JoshW/DSC_7587.TIF,3,3,2,1,1,0,675,987,1134,1446
/Volumes/shared/Research-Groups/Mark-Banfield/Josh_Williams/Scoring_20Oct/JoshW/DSC_7587.TIF,3,3,2,1,2,0,504,830,1423,1749
/Volumes/shared/Research-Groups/Mark-Banfield/Josh_Williams/Scoring_20Oct/JoshW/DSC_7587.TIF,3,3,2,1,3,0,416,710,1792,2086
/Volumes/shared/Research-Groups/Mark-Banfield/Josh_Williams/Scoring_20Oct/JoshW/DSC_7587.TIF,3,3,2,1,4,0,1121,1449,1758,2086
/Volumes/shared/Research-Groups/Mark-Banfield/Josh_Williams/Scoring_20Oct/JoshW/DSC_7587.TIF,3,3,2,1,5,0,1062,1398,1414,1750
/Volumes/shared/Research-Groups/Mark-Banfield/Josh_Williams/Scoring_20Oct/JoshW/DSC_7587.TIF,3,3,2,1,6,0,968,1280,1120,1432
/Volumes/shared/Research-Groups/Mark-Banfield/Josh_Williams/Scoring_20Oct/JoshW/DSC_7587.TIF,3,3,2,3,1,0,2225,2543,1280,1598
/Volumes/shared/Research-Groups/Mark-Banfield/Josh_Williams/Scoring_20Oct/JoshW/DSC_7587.TIF,3,3,2,3,2,0,2021,2347,1598,1924
/Volumes/shared/Research-Groups/Mark-Banfield/Josh_Williams/Scoring_20Oct/JoshW/DSC_7587.TIF,3,3,2,3,3,0,1950,2310,1973,2333
/Volumes/shared/Research-Groups/Mark-Banfield/Josh_Williams/Scoring_20Oct/JoshW/DSC_7587.TIF,3,3,2,3,4,0,2640,3000,2031,2391
/Volumes/shared/Research-Groups/Mark-Banfield/Josh_Williams/Scoring_20Oct/JoshW/DSC_7587.TIF,3,3,2,3,5,0,2675,3053,1572,1950
/Volumes/shared/Research-Groups/Mark-Banfield/Josh_Williams/Scoring_20Oct/JoshW/DSC_7587.TIF,3,3,2,3,6,1,2533,2885,1226,1578
/Volumes/shared/Research-Groups/Mark-Banfield/Josh_Williams/Scoring_20Oct/JoshW/DSC_7587.TIF,3,3,3,1,1,0,908,1200,2664,2956
/Volumes/shared/Research-Groups/Mark-Banfield/Josh_Williams/Scoring_20Oct/JoshW/DSC_7587.TIF,3,3,3,1,2,0,664,990,2901,3227
/Volumes/shared/Research-Groups/Mark-Banfield/Josh_Williams/Scoring_20Oct/JoshW/DSC_7587.TIF,3,3,3,1,3,0,556,936,3290,3670
/Volumes/shared/Research-Groups/Mark-Banfield/Josh_Williams/Scoring_20Oct/JoshW/DSC_7587.TIF,3,3,3,1,4,0,1246,1558,3395,3707
/Volumes/shared/Research-Groups/Mark-Banfield/Josh_Williams/Scoring_20Oct/JoshW/DSC_7587.TIF,3,3,3,1,5,1,1280,1572,3026,3318
/Volumes/shared/Research-Groups/Mark-Banfield/Josh_Williams/Scoring_20Oct/JoshW/DSC_7587.TIF,3,3,3,1,6,2,1186,1436,2736,2986
/Volumes/shared/Research-Groups/Mark-Banfield/Josh_Williams/Scoring_20Oct/JoshW/DSC_7587.TIF,3,3,3,3,1,0,2022,2326,2858,3162
/Volumes/shared/Research-Groups/Mark-Banfield/Josh_Williams/Scoring_20Oct/JoshW/DSC_7587.TIF,3,3,3,3,2,0,1911,2255,3156,3500
/Volumes/shared/Research-Groups/Mark-Banfield/Josh_Williams/Scoring_20Oct/JoshW/DSC_7587.TIF,3,3,3,3,3,0,1950,2296,3548,3894
/Volumes/shared/Research-Groups/Mark-Banfield/Josh_Williams/Scoring_20Oct/JoshW/DSC_7587.TIF,3,3,3,3,4,0,2600,2986,3383,3769
/Volumes/shared/Research-Groups/Mark-Banfield/Josh_Williams/Scoring_20Oct/JoshW/DSC_7587.TIF,3,3,3,3,5,0,2532,2858,2999,3325
/Volumes/shared/Research-Groups/Mark-Banfield/Josh_Williams/Scoring_20Oct/JoshW/DSC_7587.TIF,3,3,3,3,6,0,2356,2668,2705,3017
/Volumes/shared/Research-Groups/Mark-Banfield/Josh_Williams/Scoring_20Oct/JoshW/DSC_6338.tif,3,3,1,1,1,0,215,499,394,678
/Volumes/shared/Research-Groups/Mark-Banfield/Josh_Williams/Scoring_20Oct/JoshW/DSC_6338.tif,3,3,1,1,2,4,260,444,704,888
/Volumes/shared/Research-Groups/Mark-Banfield/Josh_Williams/Scoring_20Oct/JoshW/DSC_6338.tif,3,3,1,1,3,4,286,414,936,1064
/Volumes/shared/Research-Groups/Mark-Banfield/Josh_Williams/Scoring_20Oct/JoshW/DSC_6338.tif,3,3,1,1,4,0,616,854,894,1132
/Volumes/shared/Research-Groups/Mark-Banfield/Josh_Williams/Scoring_20Oct/JoshW/DSC_6338.tif,3,3,1,1,5,0,536,766,624,854
/Volumes/shared/Research-Groups/Mark-Banfield/Josh_Williams/Scoring_20Oct/JoshW/DSC_6338.tif,3,3,1,1,6,0,505,729,400,624
/Volumes/shared/Research-Groups/Mark-Banfield/Josh_Williams/Scoring_20Oct/JoshW/DSC_6338.tif,3,3,1,3,1,0,1645,1889,596,840
/Volumes/shared/Research-Groups/Mark-Banfield/Josh_Williams/Scoring_20Oct/JoshW/DSC_6338.tif,3,3,1,3,2,0,1568,1846,880,1158
/Volumes/shared/Research-Groups/Mark-Banfield/Josh_Williams/Scoring_20Oct/JoshW/DSC_6338.tif,3,3,1,3,3,1,1686,1984,1118,1416
/Volumes/shared/Research-Groups/Mark-Banfield/Josh_Williams/Scoring_20Oct/JoshW/DSC_6338.tif,3,3,1,3,4,0,2062,2292,1090,1320
/Volumes/shared/Research-Groups/Mark-Banfield/Josh_Williams/Scoring_20Oct/JoshW/DSC_6338.tif,3,3,1,3,5,0,1984,2228,840,1084
/Volumes/shared/Research-Groups/Mark-Banfield/Josh_Williams/Scoring_20Oct/JoshW/DSC_6338.tif,3,3,1,3,6,0,1923,2195,542,814
/Volumes/shared/Research-Groups/Mark-Banfield/Josh_Williams/Scoring_20Oct/JoshW/DSC_6338.tif,3,3,2,2,1,0,936,1240,1852,2156
/Volumes/shared/Research-Groups/Mark-Banfield/Josh_Williams/Scoring_20Oct/JoshW/DSC_6338.tif,3,3,2,2,2,0,938,1202,2214,2478
/Volumes/shared/Research-Groups/Mark-Banfield/Josh_Williams/Scoring_20Oct/JoshW/DSC_6338.tif,3,3,2,2,3,0,726,1016,2537,2827
/Volumes/shared/Research-Groups/Mark-Banfield/Josh_Williams/Scoring_20Oct/JoshW/DSC_6338.tif,3,3,2,2,4,0,1328,1626,2404,2702
/Volumes/shared/Research-Groups/Mark-Banfield/Josh_Williams/Scoring_20Oct/JoshW/DSC_6338.tif,3,3,2,2,5,0,1430,1680,2140,2390
/Volumes/shared/Research-Groups/Mark-Banfield/Josh_Williams/Scoring_20Oct/JoshW/DSC_6338.tif,3,3,2,2,6,0,1274,1578,1856,2160
/Volumes/shared/Research-Groups/Mark-Banfield/Josh_Williams/Scoring_20Oct/JoshW/DSC_6338.tif,3,3,3,1,1,0,387,597,3256,3466
/Volumes/shared/Research-Groups/Mark-Banfield/Josh_Williams/Scoring_20Oct/JoshW/DSC_6338.tif,3,3,3,1,2,0,298,556,3514,3772
/Volumes/shared/Research-Groups/Mark-Banfield/Josh_Williams/Scoring_20Oct/JoshW/DSC_6338.tif,3,3,3,1,3,0,464,688,3778,4002
/Volumes/shared/Research-Groups/Mark-Banfield/Josh_Williams/Scoring_20Oct/JoshW/DSC_6338.tif,3,3,3,1,4,0,786,1084,3642,3940
/Volumes/shared/Research-Groups/Mark-Banfield/Josh_Williams/Scoring_20Oct/JoshW/DSC_6338.tif,3,3,3,1,5,5,796,1006,3426,3636
/Volumes/shared/Research-Groups/Mark-Banfield/Josh_Williams/Scoring_20Oct/JoshW/DSC_6338.tif,3,3,3,1,6,4,630,826,3314,3510
/Volumes/shared/Research-Groups/Mark-Banfield/Josh_Williams/Scoring_20Oct/JoshW/DSC_6338.tif,3,3,3,3,1,4,1862,2066,3148,3352
/Volumes/shared/Research-Groups/Mark-Banfield/Josh_Williams/Scoring_20Oct/JoshW/DSC_6338.tif,3,3,3,3,2,0,1822,2038,3355,3571
/Volumes/shared/Research-Groups/Mark-Banfield/Josh_Williams/Scoring_20Oct/JoshW/DSC_6338.tif,3,3,3,3,3,0,1730,2008,3520,3798
/Volumes/shared/Research-Groups/Mark-Banfield/Josh_Williams/Scoring_20Oct/JoshW/DSC_6338.tif,3,3,3,3,4,0,2181,2445,3534,3798
/Volumes/shared/Research-Groups/Mark-Banfield/Josh_Williams/Scoring_20Oct/JoshW/DSC_6338.tif,3,3,3,3,5,0,2103,2347,3264,3508
/Volumes/shared/Research-Groups/Mark-Banfield/Josh_Williams/Scoring_20Oct/JoshW/DSC_6338.tif,3,3,3,3,6,5,2042,2238,3074,3270
/Volumes/shared/Research-Groups/Mark-Banfield/Josh_Williams/Scoring_20Oct/JoshW/_DSC8106.tif,3,3,1,1,1,0,834,1126,459,751
/Volumes/shared/Research-Groups/Mark-Banfield/Josh_Williams/Scoring_20Oct/JoshW/_DSC8106.tif,3,3,1,1,2,0,716,984,712,980
/Volumes/shared/Research-Groups/Mark-Banfield/Josh_Williams/Scoring_20Oct/JoshW/_DSC8106.tif,3,3,1,1,3,0,559,911,1056,1408
/Volumes/shared/Research-Groups/Mark-Banfield/Josh_Williams/Scoring_20Oct/JoshW/_DSC8106.tif,3,3,1,1,4,0,1172,1500,1148,1476
/Volumes/shared/Research-Groups/Mark-Banfield/Josh_Williams/Scoring_20Oct/JoshW/_DSC8106.tif,3,3,1,1,5,0,1186,1554,804,1172
/Volumes/shared/Research-Groups/Mark-Banfield/Josh_Williams/Scoring_20Oct/JoshW/_DSC8106.tif,3,3,1,1,6,6,1210,1408,544,742
/Volumes/shared/Research-Groups/Mark-Banfield/Josh_Williams/Scoring_20Oct/JoshW/_DSC8106.tif,3,3,1,3,1,6,2158,2388,650,880
/Volumes/shared/Research-Groups/Mark-Banfield/Josh_Williams/Scoring_20Oct/JoshW/_DSC8106.tif,3,3,1,3,2,0,2013,2311,980,1278
/Volumes/shared/Research-Groups/Mark-Banfield/Josh_Williams/Scoring_20Oct/JoshW/_DSC8106.tif,3,3,1,3,3,0,2104,2388,1458,1742
/Volumes/shared/Research-Groups/Mark-Banfield/Josh_Williams/Scoring_20Oct/JoshW/_DSC8106.tif,3,3,1,3,4,0,2702,3060,1172,1530
/Volumes/shared/Research-Groups/Mark-Banfield/Josh_Williams/Scoring_20Oct/JoshW/_DSC8106.tif,3,3,1,3,5,0,2743,3103,788,1148
/Volumes/shared/Research-Groups/Mark-Banfield/Josh_Williams/Scoring_20Oct/JoshW/_DSC8106.tif,3,3,1,3,6,0,2464,2770,556,862
/Volumes/shared/Research-Groups/Mark-Banfield/Josh_Williams/Scoring_20Oct/JoshW/_DSC8106.tif,3,3,2,2,1,0,1278,1638,2028,2388
/Volumes/shared/Research-Groups/Mark-Banfield/Josh_Williams/Scoring_20Oct/JoshW/_DSC8106.tif,3,3,2,2,2,6,1324,1638,2494,2808
/Volumes/shared/Research-Groups/Mark-Banfield/Josh_Williams/Scoring_20Oct/JoshW/_DSC8106.tif,3,3,2,2,3,0,1278,1592,2849,3163
/Volumes/shared/Research-Groups/Mark-Banfield/Josh_Williams/Scoring_20Oct/JoshW/_DSC8106.tif,3,3,2,2,4,0,1952,2258,2704,3010
/Volumes/shared/Research-Groups/Mark-Banfield/Josh_Williams/Scoring_20Oct/JoshW/_DSC8106.tif,3,3,2,2,5,0,1860,2226,2342,2708
/Volumes/shared/Research-Groups/Mark-Banfield/Josh_Williams/Scoring_20Oct/JoshW/_DSC8106.tif,3,3,2,2,6,0,1615,1921,1952,2258
/Volumes/shared/Research-Groups/Mark-Banfield/Josh_Williams/Scoring_20Oct/JoshW/_DSC8106.tif,3,3,3,1,1,0,304,654,3306,3656
/Volumes/shared/Research-Groups/Mark-Banfield/Josh_Williams/Scoring_20Oct/JoshW/_DSC8106.tif,3,3,3,1,2,0,181,479,3650,3948
/Volumes/shared/Research-Groups/Mark-Banfield/Josh_Williams/Scoring_20Oct/JoshW/_DSC8106.tif,3,3,3,1,3,6,360,636,3997,4273
/Volumes/shared/Research-Groups/Mark-Banfield/Josh_Williams/Scoring_20Oct/JoshW/_DSC8106.tif,3,3,3,1,4,0,785,1105,3948,4268
/Volumes/shared/Research-Groups/Mark-Banfield/Josh_Williams/Scoring_20Oct/JoshW/_DSC8106.tif,3,3,3,1,5,0,801,1061,3642,3902
/Volumes/shared/Research-Groups/Mark-Banfield/Josh_Williams/Scoring_20Oct/JoshW/_DSC8106.tif,3,3,3,1,6,0,696,996,3301,3601
/Volumes/shared/Research-Groups/Mark-Banfield/Josh_Williams/Scoring_20Oct/JoshW/_DSC8106.tif,3,3,3,3,1,0,2464,2754,3428,3718
/Volumes/shared/Research-Groups/Mark-Banfield/Josh_Williams/Scoring_20Oct/JoshW/_DSC8106.tif,3,3,3,3,2,0,2176,2544,3672,4040
/Volumes/shared/Research-Groups/Mark-Banfield/Josh_Williams/Scoring_20Oct/JoshW/_DSC8106.tif,3,3,3,3,3,0,2166,2510,4085,4429
/Volumes/shared/Research-Groups/Mark-Banfield/Josh_Williams/Scoring_20Oct/JoshW/_DSC8106.tif,3,3,3,3,4,6,2872,3164,4100,4392
/Volumes/shared/Research-Groups/Mark-Banfield/Josh_Williams/Scoring_20Oct/JoshW/_DSC8106.tif,3,3,3,3,5,0,2735,3057,3748,4070
/Volumes/shared/Research-Groups/Mark-Banfield/Josh_Williams/Scoring_20Oct/JoshW/_DSC8106.tif,3,3,3,3,6,0,2805,3049,3474,3718
/Volumes/shared/Research-Groups/Mark-Banfield/Josh_Williams/Scoring_20Oct/JoshW/DSC_9228_s1.TIF,3,3,1,1,1,3,528,792,350,614
/Volumes/shared/Research-Groups/Mark-Banfield/Josh_Williams/Scoring_20Oct/JoshW/DSC_9228_s1.TIF,3,3,1,1,2,0,424,742,644,962
/Volumes/shared/Research-Groups/Mark-Banfield/Josh_Williams/Scoring_20Oct/JoshW/DSC_9228_s1.TIF,3,3,1,1,3,0,390,730,948,1288
/Volumes/shared/Research-Groups/Mark-Banfield/Josh_Williams/Scoring_20Oct/JoshW/DSC_9228_s1.TIF,3,3,1,1,4,0,965,1291,928,1254
/Volumes/shared/Research-Groups/Mark-Banfield/Josh_Williams/Scoring_20Oct/JoshW/DSC_9228_s1.TIF,3,3,1,1,5,6,902,1172,604,874
/Volumes/shared/Research-Groups/Mark-Banfield/Josh_Williams/Scoring_20Oct/JoshW/DSC_9228_s1.TIF,3,3,1,1,6,6,830,1060,386,616
/Volumes/shared/Research-Groups/Mark-Banfield/Josh_Williams/Scoring_20Oct/JoshW/DSC_9228_s1.TIF,3,3,1,3,1,3,2102,2332,474,704
/Volumes/shared/Research-Groups/Mark-Banfield/Josh_Williams/Scoring_20Oct/JoshW/DSC_9228_s1.TIF,3,3,1,3,2,2,2018,2282,668,932
/Volumes/shared/Research-Groups/Mark-Banfield/Josh_Williams/Scoring_20Oct/JoshW/DSC_9228_s1.TIF,3,3,1,3,3,0,2086,2376,922,1212
/Volumes/shared/Research-Groups/Mark-Banfield/Josh_Williams/Scoring_20Oct/JoshW/DSC_9228_s1.TIF,3,3,1,3,4,0,2537,2793,868,1124
/Volumes/shared/Research-Groups/Mark-Banfield/Josh_Williams/Scoring_20Oct/JoshW/DSC_9228_s1.TIF,3,3,1,3,5,0,2384,2648,596,860
/Volumes/shared/Research-Groups/Mark-Banfield/Josh_Williams/Scoring_20Oct/JoshW/DSC_9228_s1.TIF,3,3,1,3,6,5,2288,2512,373,597
/Volumes/shared/Research-Groups/Mark-Banfield/Josh_Williams/Scoring_20Oct/JoshW/DSC_9228_s1.TIF,3,3,2,2,1,6,1166,1436,1687,1957
/Volumes/shared/Research-Groups/Mark-Banfield/Josh_Williams/Scoring_20Oct/JoshW/DSC_9228_s1.TIF,3,3,2,2,2,6,1124,1388,1964,2228
/Volumes/shared/Research-Groups/Mark-Banfield/Josh_Williams/Scoring_20Oct/JoshW/DSC_9228_s1.TIF,3,3,2,2,3,2,1240,1518,2255,2533
/Volumes/shared/Research-Groups/Mark-Banfield/Josh_Williams/Scoring_20Oct/JoshW/DSC_9228_s1.TIF,3,3,2,2,4,0,1686,2018,2079,2411
/Volumes/shared/Research-Groups/Mark-Banfield/Josh_Williams/Scoring_20Oct/JoshW/DSC_9228_s1.TIF,3,3,2,2,5,0,1578,1876,1771,2069
/Volumes/shared/Research-Groups/Mark-Banfield/Josh_Williams/Scoring_20Oct/JoshW/DSC_9228_s1.TIF,3,3,2,2,6,1,1464,1694,1544,1774
/Volumes/shared/Research-Groups/Mark-Banfield/Josh_Williams/Scoring_20Oct/JoshW/DSC_9228_s1.TIF,3,3,3,1,1,0,485,723,2992,3230
/Volumes/shared/Research-Groups/Mark-Banfield/Josh_Williams/Scoring_20Oct/JoshW/DSC_9228_s1.TIF,3,3,3,1,2,6,502,726,3362,3586
/Volumes/shared/Research-Groups/Mark-Banfield/Josh_Williams/Scoring_20Oct/JoshW/DSC_9228_s1.TIF,3,3,3,1,3,5,590,826,3626,3862
/Volumes/shared/Research-Groups/Mark-Banfield/Josh_Williams/Scoring_20Oct/JoshW/DSC_9228_s1.TIF,3,3,3,1,4,2,1056,1288,3463,3695
/Volumes/shared/Research-Groups/Mark-Banfield/Josh_Williams/Scoring_20Oct/JoshW/DSC_9228_s1.TIF,3,3,3,1,5,0,848,1118,3155,3425
/Volumes/shared/Research-Groups/Mark-Banfield/Josh_Williams/Scoring_20Oct/JoshW/DSC_9228_s1.TIF,3,3,3,1,6,1,752,962,2936,3146
/Volumes/shared/Research-Groups/Mark-Banfield/Josh_Williams/Scoring_20Oct/JoshW/DSC_9228_s1.TIF,3,3,3,3,1,0,2099,2389,2912,3202
/Volumes/shared/Research-Groups/Mark-Banfield/Josh_Williams/Scoring_20Oct/JoshW/DSC_9228_s1.TIF,3,3,3,3,2,0,2048,2380,3256,3588
/Volumes/shared/Research-Groups/Mark-Banfield/Josh_Williams/Scoring_20Oct/JoshW/DSC_9228_s1.TIF,3,3,3,3,3,6,2134,2376,3680,3922
/Volumes/shared/Research-Groups/Mark-Banfield/Josh_Williams/Scoring_20Oct/JoshW/DSC_9228_s1.TIF,3,3,3,3,4,6,2607,2871,3474,3738
/Volumes/shared/Research-Groups/Mark-Banfield/Josh_Williams/Scoring_20Oct/JoshW/DSC_9228_s1.TIF,3,3,3,3,5,4,2594,2844,3196,3446
/Volumes/shared/Research-Groups/Mark-Banfield/Josh_Williams/Scoring_20Oct/JoshW/DSC_9228_s1.TIF,3,3,3,3,6,0,2445,2709,2932,3196
/Volumes/shared/Research-Groups/Mark-Banfield/Josh_Williams/Scoring_20Oct/JoshW/DSC_1344.tif,3,3,1,1,1,6,691,935,252,496
/Volumes/shared/Research-Groups/Mark-Banfield/Josh_Williams/Scoring_20Oct/JoshW/DSC_1344.tif,3,3,1,1,2,0,556,806,485,735
/Volumes/shared/Research-Groups/Mark-Banfield/Josh_Williams/Scoring_20Oct/JoshW/DSC_1344.tif,3,3,1,1,3,0,488,772,840,1124
/Volumes/shared/Research-Groups/Mark-Banfield/Josh_Williams/Scoring_20Oct/JoshW/DSC_1344.tif,3,3,1,1,4,0,1075,1351,814,1090
/Volumes/shared/Research-Groups/Mark-Banfield/Josh_Williams/Scoring_20Oct/JoshW/DSC_1344.tif,3,3,1,1,5,5,1029,1253,536,760
/Volumes/shared/Research-Groups/Mark-Banfield/Josh_Williams/Scoring_20Oct/JoshW/DSC_1344.tif,3,3,1,1,6,5,1074,1264,312,502
/Volumes/shared/Research-Groups/Mark-Banfield/Josh_Williams/Scoring_20Oct/JoshW/DSC_1344.tif,3,3,1,3,1,5,2046,2248,462,664
/Volumes/shared/Research-Groups/Mark-Banfield/Josh_Williams/Scoring_20Oct/JoshW/DSC_1344.tif,3,3,1,3,2,5,1968,2164,664,860
/Volumes/shared/Research-Groups/Mark-Banfield/Josh_Williams/Scoring_20Oct/JoshW/DSC_1344.tif,3,3,1,3,3,0,1958,2222,986,1250
/Volumes/shared/Research-Groups/Mark-Banfield/Josh_Williams/Scoring_20Oct/JoshW/DSC_1344.tif,3,3,1,3,4,0,2432,2722,857,1147
/Volumes/shared/Research-Groups/Mark-Banfield/Josh_Williams/Scoring_20Oct/JoshW/DSC_1344.tif,3,3,1,3,5,0,2370,2620,587,837
/Volumes/shared/Research-Groups/Mark-Banfield/Josh_Williams/Scoring_20Oct/JoshW/DSC_1344.tif,3,3,1,3,6,3,2282,2512,404,634
/Volumes/shared/Research-Groups/Mark-Banfield/Josh_Williams/Scoring_20Oct/JoshW/DSC_1344.tif,3,3,2,2,1,1,1314,1530,1669,1885
/Volumes/shared/Research-Groups/Mark-Banfield/Josh_Williams/Scoring_20Oct/JoshW/DSC_1344.tif,3,3,2,2,2,3,1206,1416,1933,2143
/Volumes/shared/Research-Groups/Mark-Banfield/Josh_Williams/Scoring_20Oct/JoshW/DSC_1344.tif,3,3,2,2,3,3,1246,1450,2278,2482
/Volumes/shared/Research-Groups/Mark-Banfield/Josh_Williams/Scoring_20Oct/JoshW/DSC_1344.tif,3,3,2,2,4,0,1768,2024,2239,2495
/Volumes/shared/Research-Groups/Mark-Banfield/Josh_Williams/Scoring_20Oct/JoshW/DSC_1344.tif,3,3,2,2,5,0,1754,1984,1910,2140
/Volumes/shared/Research-Groups/Mark-Banfield/Josh_Williams/Scoring_20Oct/JoshW/DSC_1344.tif,3,3,2,2,6,0,1652,1890,1659,1897
/Volumes/shared/Research-Groups/Mark-Banfield/Josh_Williams/Scoring_20Oct/JoshW/DSC_1344.tif,3,3,3,1,1,0,346,650,2682,2986
/Volumes/shared/Research-Groups/Mark-Banfield/Josh_Williams/Scoring_20Oct/JoshW/DSC_1344.tif,3,3,3,1,2,2,286,508,3135,3357
/Volumes/shared/Research-Groups/Mark-Banfield/Josh_Williams/Scoring_20Oct/JoshW/DSC_1344.tif,3,3,3,1,3,4,359,611,3520,3772
/Volumes/shared/Research-Groups/Mark-Banfield/Josh_Williams/Scoring_20Oct/JoshW/DSC_1344.tif,3,3,3,1,4,5,885,1141,3332,3588
/Volumes/shared/Research-Groups/Mark-Banfield/Josh_Williams/Scoring_20Oct/JoshW/DSC_1344.tif,3,3,3,1,5,0,830,1148,2884,3202
/Volumes/shared/Research-Groups/Mark-Banfield/Josh_Williams/Scoring_20Oct/JoshW/DSC_1344.tif,3,3,3,1,6,0,712,928,2669,2885
/Volumes/shared/Research-Groups/Mark-Banfield/Josh_Williams/Scoring_20Oct/JoshW/DSC_1344.tif,3,3,3,3,1,0,2140,2432,2816,3108
/Volumes/shared/Research-Groups/Mark-Banfield/Josh_Williams/Scoring_20Oct/JoshW/DSC_1344.tif,3,3,3,3,2,0,1968,2300,3122,3454
/Volumes/shared/Research-Groups/Mark-Banfield/Josh_Williams/Scoring_20Oct/JoshW/DSC_1344.tif,3,3,3,3,3,3,2174,2390,3511,3727
/Volumes/shared/Research-Groups/Mark-Banfield/Josh_Williams/Scoring_20Oct/JoshW/DSC_1344.tif,3,3,3,3,4,5,2526,2776,3358,3608
/Volumes/shared/Research-Groups/Mark-Banfield/Josh_Williams/Scoring_20Oct/JoshW/DSC_1344.tif,3,3,3,3,5,5,2580,2796,3142,3358
/Volumes/shared/Research-Groups/Mark-Banfield/Josh_Williams/Scoring_20Oct/JoshW/DSC_1344.tif,3,3,3,3,6,0,2523,2779,2858,3114
/Volumes/shared/Research-Groups/Mark-Banfield/Josh_Williams/Scoring_20Oct/JoshW/_DSC2691.tif,3,3,1,1,1,3,529,819,850,1140
/Volumes/shared/Research-Groups/Mark-Banfield/Josh_Williams/Scoring_20Oct/JoshW/_DSC2691.tif,3,3,1,1,2,2,472,754,1172,1454
/Volumes/shared/Research-Groups/Mark-Banfield/Josh_Williams/Scoring_20Oct/JoshW/_DSC2691.tif,3,3,1,1,3,0,449,731,1478,1760
/Volumes/shared/Research-Groups/Mark-Banfield/Josh_Williams/Scoring_20Oct/JoshW/_DSC2691.tif,3,3,1,1,4,0,1072,1394,1354,1676
/Volumes/shared/Research-Groups/Mark-Banfield/Josh_Williams/Scoring_20Oct/JoshW/_DSC2691.tif,3,3,1,1,5,0,923,1213,1034,1324
/Volumes/shared/Research-Groups/Mark-Banfield/Josh_Williams/Scoring_20Oct/JoshW/_DSC2691.tif,3,3,1,1,6,0,792,1122,712,1042
/Volumes/shared/Research-Groups/Mark-Banfield/Josh_Williams/Scoring_20Oct/JoshW/_DSC2691.tif,3,3,1,3,1,0,2096,2434,838,1176
/Volumes/shared/Research-Groups/Mark-Banfield/Josh_Williams/Scoring_20Oct/JoshW/_DSC2691.tif,3,3,1,3,2,0,1956,2276,1164,1484
/Volumes/shared/Research-Groups/Mark-Banfield/Josh_Williams/Scoring_20Oct/JoshW/_DSC2691.tif,3,3,1,3,3,0,2004,2350,1522,1868
/Volumes/shared/Research-Groups/Mark-Banfield/Josh_Williams/Scoring_20Oct/JoshW/_DSC2691.tif,3,3,1,3,4,0,2624,2976,1446,1798
/Volumes/shared/Research-Groups/Mark-Banfield/Josh_Williams/Scoring_20Oct/JoshW/_DSC2691.tif,3,3,1,3,5,0,2544,2850,1094,1400
/Volumes/shared/Research-Groups/Mark-Banfield/Josh_Williams/Scoring_20Oct/JoshW/_DSC2691.tif,3,3,1,3,6,0,2418,2678,824,1084
/Volumes/shared/Research-Groups/Mark-Banfield/Josh_Williams/Scoring_20Oct/JoshW/_DSC2691.tif,3,3,2,2,1,0,1470,1776,2242,2548
/Volumes/shared/Research-Groups/Mark-Banfield/Josh_Williams/Scoring_20Oct/JoshW/_DSC2691.tif,3,3,2,2,2,0,1388,1726,2532,2870
/Volumes/shared/Research-Groups/Mark-Banfield/Josh_Williams/Scoring_20Oct/JoshW/_DSC2691.tif,3,3,2,2,3,0,1286,1638,2942,3294
/Volumes/shared/Research-Groups/Mark-Banfield/Josh_Williams/Scoring_20Oct/JoshW/_DSC2691.tif,3,3,2,2,4,0,1810,2178,2930,3298
/Volumes/shared/Research-Groups/Mark-Banfield/Josh_Williams/Scoring_20Oct/JoshW/_DSC2691.tif,3,3,2,2,5,0,1879,2199,2510,2830
/Volumes/shared/Research-Groups/Mark-Banfield/Josh_Williams/Scoring_20Oct/JoshW/_DSC2691.tif,3,3,2,2,6,0,1836,2128,2241,2533
/Volumes/shared/Research-Groups/Mark-Banfield/Josh_Williams/Scoring_20Oct/JoshW/_DSC2691.tif,3,3,3,1,1,0,696,980,3488,3772
/Volumes/shared/Research-Groups/Mark-Banfield/Josh_Williams/Scoring_20Oct/JoshW/_DSC2691.tif,3,3,3,1,2,0,670,1014,3772,4116
/Volumes/shared/Research-Groups/Mark-Banfield/Josh_Williams/Scoring_20Oct/JoshW/_DSC2691.tif,3,3,3,1,3,0,651,949,4170,4468
/Volumes/shared/Research-Groups/Mark-Banfield/Josh_Williams/Scoring_20Oct/JoshW/_DSC2691.tif,3,3,3,1,4,0,1110,1408,3970,4268
/Volumes/shared/Research-Groups/Mark-Banfield/Josh_Williams/Scoring_20Oct/JoshW/_DSC2691.tif,3,3,3,1,5,0,1048,1302,3748,4002
/Volumes/shared/Research-Groups/Mark-Banfield/Josh_Williams/Scoring_20Oct/JoshW/_DSC2691.tif,3,3,3,1,6,0,988,1270,3466,3748
/Volumes/shared/Research-Groups/Mark-Banfield/Josh_Williams/Scoring_20Oct/JoshW/_DSC2691.tif,3,3,3,3,1,0,2514,2842,3688,4016
/Volumes/shared/Research-Groups/Mark-Banfield/Josh_Williams/Scoring_20Oct/JoshW/_DSC2691.tif,3,3,3,3,2,0,2330,2636,4002,4308
/Volumes/shared/Research-Groups/Mark-Banfield/Josh_Williams/Scoring_20Oct/JoshW/_DSC2691.tif,3,3,3,3,3,0,2410,2762,4288,4640
/Volumes/shared/Research-Groups/Mark-Banfield/Josh_Williams/Scoring_20Oct/JoshW/_DSC2691.tif,3,3,3,3,4,0,2884,3182,4246,4544
/Volumes/shared/Research-Groups/Mark-Banfield/Josh_Williams/Scoring_20Oct/JoshW/_DSC2691.tif,3,3,3,3,5,3,3026,3278,3932,4184
/Volumes/shared/Research-Groups/Mark-Banfield/Josh_Williams/Scoring_20Oct/JoshW/_DSC2691.tif,3,3,3,3,6,4,2904,3156,3688,3940
/Volumes/shared/Research-Groups/Mark-Banfield/Josh_Williams/Scoring_20Oct/JoshW/DSC_7494.TIF,3,3,1,2,1,0,1090,1368,789,1067
/Volumes/shared/Research-Groups/Mark-Banfield/Josh_Williams/Scoring_20Oct/JoshW/DSC_7494.TIF,3,3,1,2,2,0,959,1257,1098,1396
/Volumes/shared/Research-Groups/Mark-Banfield/Josh_Williams/Scoring_20Oct/JoshW/DSC_7494.TIF,3,3,1,2,3,0,1016,1334,1402,1720
/Volumes/shared/Research-Groups/Mark-Banfield/Josh_Williams/Scoring_20Oct/JoshW/DSC_7494.TIF,3,3,1,2,4,0,1680,2004,1288,1612
/Volumes/shared/Research-Groups/Mark-Banfield/Josh_Williams/Scoring_20Oct/JoshW/DSC_7494.TIF,3,3,1,2,5,1,1598,1896,867,1165
/Volumes/shared/Research-Groups/Mark-Banfield/Josh_Williams/Scoring_20Oct/JoshW/DSC_7494.TIF,3,3,1,2,6,3,1430,1666,726,962
/Volumes/shared/Research-Groups/Mark-Banfield/Josh_Williams/Scoring_20Oct/JoshW/DSC_7494.TIF,3,3,2,1,1,2,291,569,1666,1944
/Volumes/shared/Research-Groups/Mark-Banfield/Josh_Williams/Scoring_20Oct/JoshW/DSC_7494.TIF,3,3,2,1,2,1,173,465,1970,2262
/Volumes/shared/Research-Groups/Mark-Banfield/Josh_Williams/Scoring_20Oct/JoshW/DSC_7494.TIF,3,3,2,1,3,1,164,462,2326,2624
/Volumes/shared/Research-Groups/Mark-Banfield/Josh_Williams/Scoring_20Oct/JoshW/DSC_7494.TIF,3,3,2,1,4,0,746,1098,2339,2691
/Volumes/shared/Research-Groups/Mark-Banfield/Josh_Williams/Scoring_20Oct/JoshW/DSC_7494.TIF,3,3,2,1,5,0,729,1135,1896,2302
/Volumes/shared/Research-Groups/Mark-Banfield/Josh_Williams/Scoring_20Oct/JoshW/DSC_7494.TIF,3,3,2,1,6,0,590,880,1646,1936
/Volumes/shared/Research-Groups/Mark-Banfield/Josh_Williams/Scoring_20Oct/JoshW/DSC_7494.TIF,3,3,2,3,1,3,1876,2126,1971,2221
/Volumes/shared/Research-Groups/Mark-Banfield/Josh_Williams/Scoring_20Oct/JoshW/DSC_7494.TIF,3,3,2,3,2,3,1720,2032,2208,2520
/Volumes/shared/Research-Groups/Mark-Banfield/Josh_Williams/Scoring_20Oct/JoshW/DSC_7494.TIF,3,3,2,3,3,0,1788,2058,2540,2810
/Volumes/shared/Research-Groups/Mark-Banfield/Josh_Williams/Scoring_20Oct/JoshW/DSC_7494.TIF,3,3,2,3,4,0,2356,2634,2431,2709
/Volumes/shared/Research-Groups/Mark-Banfield/Josh_Williams/Scoring_20Oct/JoshW/DSC_7494.TIF,3,3,2,3,5,0,2316,2628,2126,2438
/Volumes/shared/Research-Groups/Mark-Banfield/Josh_Williams/Scoring_20Oct/JoshW/DSC_7494.TIF,3,3,2,3,6,0,2188,2444,1863,2119
/Volumes/shared/Research-Groups/Mark-Banfield/Josh_Williams/Scoring_20Oct/JoshW/DSC_7494.TIF,3,3,3,1,1,0,562,834,3161,3433
/Volumes/shared/Research-Groups/Mark-Banfield/Josh_Williams/Scoring_20Oct/JoshW/DSC_7494.TIF,3,3,3,1,2,0,429,715,3520,3806
/Volumes/shared/Research-Groups/Mark-Banfield/Josh_Williams/Scoring_20Oct/JoshW/DSC_7494.TIF,3,3,3,1,3,0,387,679,3852,4144
/Volumes/shared/Research-Groups/Mark-Banfield/Josh_Williams/Scoring_20Oct/JoshW/DSC_7494.TIF,3,3,3,1,4,1,1071,1395,3718,4042
/Volumes/shared/Research-Groups/Mark-Banfield/Josh_Williams/Scoring_20Oct/JoshW/DSC_7494.TIF,3,3,3,1,5,2,1050,1334,3396,3680
/Volumes/shared/Research-Groups/Mark-Banfield/Josh_Williams/Scoring_20Oct/JoshW/DSC_7494.TIF,3,3,3,1,6,3,840,1084,3176,3420
/Volumes/shared/Research-Groups/Mark-Banfield/Josh_Williams/Scoring_20Oct/JoshW/DSC_7494.TIF,3,3,3,3,1,0,1916,2194,3243,3521
/Volumes/shared/Research-Groups/Mark-Banfield/Josh_Williams/Scoring_20Oct/JoshW/DSC_7494.TIF,3,3,3,3,2,0,1795,2107,3568,3880
/Volumes/shared/Research-Groups/Mark-Banfield/Josh_Williams/Scoring_20Oct/JoshW/DSC_7494.TIF,3,3,3,3,3,0,1741,1985,4028,4272
/Volumes/shared/Research-Groups/Mark-Banfield/Josh_Williams/Scoring_20Oct/JoshW/DSC_7494.TIF,3,3,3,3,4,1,2336,2574,3984,4222
/Volumes/shared/Research-Groups/Mark-Banfield/Josh_Williams/Scoring_20Oct/JoshW/DSC_7494.TIF,3,3,3,3,5,2,2350,2608,3602,3860
/Volumes/shared/Research-Groups/Mark-Banfield/Josh_Williams/Scoring_20Oct/JoshW/DSC_7494.TIF,3,3,3,3,6,3,2208,2438,3304,3534
/Volumes/shared/Research-Groups/Mark-Banfield/Josh_Williams/Scoring_20Oct/JoshW/_DSC7359.tif,2,5,1,1,1,4,262,460,527,725
/Volumes/shared/Research-Groups/Mark-Banfield/Josh_Williams/Scoring_20Oct/JoshW/_DSC7359.tif,2,5,1,1,2,0,194,440,763,1009
/Volumes/shared/Research-Groups/Mark-Banfield/Josh_Williams/Scoring_20Oct/JoshW/_DSC7359.tif,2,5,1,1,3,0,317,517,990,1190
/Volumes/shared/Research-Groups/Mark-Banfield/Josh_Williams/Scoring_20Oct/JoshW/_DSC7359.tif,2,5,1,1,4,3,690,940,929,1179
/Volumes/shared/Research-Groups/Mark-Banfield/Josh_Williams/Scoring_20Oct/JoshW/_DSC7359.tif,2,5,1,1,5,5,628,852,659,883
/Volumes/shared/Research-Groups/Mark-Banfield/Josh_Williams/Scoring_20Oct/JoshW/_DSC7359.tif,2,5,1,1,6,0,536,726,464,654
/Volumes/shared/Research-Groups/Mark-Banfield/Josh_Williams/Scoring_20Oct/JoshW/_DSC7359.tif,2,5,1,2,1,0,1348,1552,393,597
/Volumes/shared/Research-Groups/Mark-Banfield/Josh_Williams/Scoring_20Oct/JoshW/_DSC7359.tif,2,5,1,2,2,3,1256,1480,677,901
/Volumes/shared/Research-Groups/Mark-Banfield/Josh_Williams/Scoring_20Oct/JoshW/_DSC7359.tif,2,5,1,2,3,0,1312,1510,978,1176
/Volumes/shared/Research-Groups/Mark-Banfield/Josh_Williams/Scoring_20Oct/JoshW/_DSC7359.tif,2,5,1,2,4,0,1748,1982,934,1168
/Volumes/shared/Research-Groups/Mark-Banfield/Josh_Williams/Scoring_20Oct/JoshW/_DSC7359.tif,2,5,1,2,5,4,1652,1862,592,802
/Volumes/shared/Research-Groups/Mark-Banfield/Josh_Williams/Scoring_20Oct/JoshW/_DSC7359.tif,2,5,1,2,6,5,1592,1776,388,572
/Volumes/shared/Research-Groups/Mark-Banfield/Josh_Williams/Scoring_20Oct/JoshW/_DSC7359.tif,2,5,1,3,1,4,2393,2637,236,480
/Volumes/shared/Research-Groups/Mark-Banfield/Josh_Williams/Scoring_20Oct/JoshW/_DSC7359.tif,2,5,1,3,2,0,2316,2536,483,703
/Volumes/shared/Research-Groups/Mark-Banfield/Josh_Williams/Scoring_20Oct/JoshW/_DSC7359.tif,2,5,1,3,3,0,2346,2566,796,1016
/Volumes/shared/Research-Groups/Mark-Banfield/Josh_Williams/Scoring_20Oct/JoshW/_DSC7359.tif,2,5,1,3,4,0,2760,3014,822,1076
/Volumes/shared/Research-Groups/Mark-Banfield/Josh_Williams/Scoring_20Oct/JoshW/_DSC7359.tif,2,5,1,3,5,0,2800,3040,506,746
/Volumes/shared/Research-Groups/Mark-Banfield/Josh_Williams/Scoring_20Oct/JoshW/_DSC7359.tif,2,5,1,3,6,4,2642,2866,243,467
/Volumes/shared/Research-Groups/Mark-Banfield/Josh_Williams/Scoring_20Oct/JoshW/_DSC7359.tif,2,5,1,4,1,4,3408,3646,412,650
/Volumes/shared/Research-Groups/Mark-Banfield/Josh_Williams/Scoring_20Oct/JoshW/_DSC7359.tif,2,5,1,4,2,4,3420,3644,684,908
/Volumes/shared/Research-Groups/Mark-Banfield/Josh_Williams/Scoring_20Oct/JoshW/_DSC7359.tif,2,5,1,4,3,0,3363,3563,990,1190
/Volumes/shared/Research-Groups/Mark-Banfield/Josh_Williams/Scoring_20Oct/JoshW/_DSC7359.tif,2,5,1,4,4,0,3830,4050,822,1042
/Volumes/shared/Research-Groups/Mark-Banfield/Josh_Williams/Scoring_20Oct/JoshW/_DSC7359.tif,2,5,1,4,5,0,3873,4113,546,786
/Volumes/shared/Research-Groups/Mark-Banfield/Josh_Williams/Scoring_20Oct/JoshW/_DSC7359.tif,2,5,1,4,6,0,3695,3899,378,582
/Volumes/shared/Research-Groups/Mark-Banfield/Josh_Williams/Scoring_20Oct/JoshW/_DSC7359.tif,2,5,1,5,1,0,4630,4886,286,542
/Volumes/shared/Research-Groups/Mark-Banfield/Josh_Williams/Scoring_20Oct/JoshW/_DSC7359.tif,2,5,1,5,2,5,4540,4820,516,796
/Volumes/shared/Research-Groups/Mark-Banfield/Josh_Williams/Scoring_20Oct/JoshW/_DSC7359.tif,2,5,1,5,3,3,4554,4788,828,1062
/Volumes/shared/Research-Groups/Mark-Banfield/Josh_Williams/Scoring_20Oct/JoshW/_DSC7359.tif,2,5,1,5,4,0,4960,5246,816,1102
/Volumes/shared/Research-Groups/Mark-Banfield/Josh_Williams/Scoring_20Oct/JoshW/_DSC7359.tif,2,5,1,5,5,3,4922,5192,551,821
/Volumes/shared/Research-Groups/Mark-Banfield/Josh_Williams/Scoring_20Oct/JoshW/_DSC7359.tif,2,5,1,5,6,0,4906,5136,288,518
/Volumes/shared/Research-Groups/Mark-Banfield/Josh_Williams/Scoring_20Oct/JoshW/_DSC7359.tif,2,5,2,1,1,0,480,668,2220,2408
/Volumes/shared/Research-Groups/Mark-Banfield/Josh_Williams/Scoring_20Oct/JoshW/_DSC7359.tif,2,5,2,1,2,0,444,730,2418,2704
/Volumes/shared/Research-Groups/Mark-Banfield/Josh_Williams/Scoring_20Oct/JoshW/_DSC7359.tif,2,5,2,1,3,3,470,674,2724,2928
/Volumes/shared/Research-Groups/Mark-Banfield/Josh_Williams/Scoring_20Oct/JoshW/_DSC7359.tif,2,5,2,1,4,2,960,1128,2759,2927
/Volumes/shared/Research-Groups/Mark-Banfield/Josh_Williams/Scoring_20Oct/JoshW/_DSC7359.tif,2,5,2,1,5,0,870,1090,2484,2704
/Volumes/shared/Research-Groups/Mark-Banfield/Josh_Williams/Scoring_20Oct/JoshW/_DSC7359.tif,2,5,2,1,6,4,766,974,2273,2481
/Volumes/shared/Research-Groups/Mark-Banfield/Josh_Williams/Scoring_20Oct/JoshW/_DSC7359.tif,2,5,2,2,1,4,1510,1756,2142,2388
/Volumes/shared/Research-Groups/Mark-Banfield/Josh_Williams/Scoring_20Oct/JoshW/_DSC7359.tif,2,5,2,2,2,0,1335,1569,2372,2606
/Volumes/shared/Research-Groups/Mark-Banfield/Josh_Williams/Scoring_20Oct/JoshW/_DSC7359.tif,2,5,2,2,3,0,1404,1678,2627,2901
/Volumes/shared/Research-Groups/Mark-Banfield/Josh_Williams/Scoring_20Oct/JoshW/_DSC7359.tif,2,5,2,2,4,3,1778,2028,2520,2770
/Volumes/shared/Research-Groups/Mark-Banfield/Josh_Williams/Scoring_20Oct/JoshW/_DSC7359.tif,2,5,2,2,5,6,1872,2096,2295,2519
/Volumes/shared/Research-Groups/Mark-Banfield/Josh_Williams/Scoring_20Oct/JoshW/_DSC7359.tif,2,5,2,2,6,0,1790,2000,2096,2306
/Volumes/shared/Research-Groups/Mark-Banfield/Josh_Williams/Scoring_20Oct/JoshW/_DSC7359.tif,2,5,2,3,1,0,2438,2662,2130,2354
/Volumes/shared/Research-Groups/Mark-Banfield/Josh_Williams/Scoring_20Oct/JoshW/_DSC7359.tif,2,5,2,3,2,2,2495,2709,2356,2570
/Volumes/shared/Research-Groups/Mark-Banfield/Josh_Williams/Scoring_20Oct/JoshW/_DSC7359.tif,2,5,2,3,3,0,2356,2582,2657,2883
/Volumes/shared/Research-Groups/Mark-Banfield/Josh_Williams/Scoring_20Oct/JoshW/_DSC7359.tif,2,5,2,3,4,0,2810,3046,2598,2834
/Volumes/shared/Research-Groups/Mark-Banfield/Josh_Williams/Scoring_20Oct/JoshW/_DSC7359.tif,2,5,2,3,5,5,2823,3021,2372,2570
/Volumes/shared/Research-Groups/Mark-Banfield/Josh_Williams/Scoring_20Oct/JoshW/_DSC7359.tif,2,5,2,3,6,5,2698,2922,2138,2362
/Volumes/shared/Research-Groups/Mark-Banfield/Josh_Williams/Scoring_20Oct/JoshW/_DSC7359.tif,2,5,2,4,1,3,3576,3794,2133,2351
/Volumes/shared/Research-Groups/Mark-Banfield/Josh_Williams/Scoring_20Oct/JoshW/_DSC7359.tif,2,5,2,4,2,0,3425,3695,2300,2570
/Volumes/shared/Research-Groups/Mark-Banfield/Josh_Williams/Scoring_20Oct/JoshW/_DSC7359.tif,2,5,2,4,3,0,3486,3756,2592,2862
/Volumes/shared/Research-Groups/Mark-Banfield/Josh_Williams/Scoring_20Oct/JoshW/_DSC7359.tif,2,5,2,4,4,0,3916,4208,2578,2870
/Volumes/shared/Research-Groups/Mark-Banfield/Josh_Williams/Scoring_20Oct/JoshW/_DSC7359.tif,2,5,2,4,5,0,3951,4205,2286,2540
/Volumes/shared/Research-Groups/Mark-Banfield/Josh_Williams/Scoring_20Oct/JoshW/_DSC7359.tif,2,5,2,4,6,2,3787,4021,2132,2366
/Volumes/shared/Research-Groups/Mark-Banfield/Josh_Williams/Scoring_20Oct/JoshW/_DSC7359.tif,2,5,2,5,1,5,4718,4936,2196,2414
/Volumes/shared/Research-Groups/Mark-Banfield/Josh_Williams/Scoring_20Oct/JoshW/_DSC7359.tif,2,5,2,5,2,5,4585,4789,2382,2586
/Volumes/shared/Research-Groups/Mark-Banfield/Josh_Williams/Scoring_20Oct/JoshW/_DSC7359.tif,2,5,2,5,3,0,4560,4774,2648,2862
/Volumes/shared/Research-Groups/Mark-Banfield/Josh_Williams/Scoring_20Oct/JoshW/_DSC7359.tif,2,5,2,5,4,2,4946,5156,2667,2877
/Volumes/shared/Research-Groups/Mark-Banfield/Josh_Williams/Scoring_20Oct/JoshW/_DSC7359.tif,2,5,2,5,5,0,5049,5313,2398,2662
/Volumes/shared/Research-Groups/Mark-Banfield/Josh_Williams/Scoring_20Oct/JoshW/_DSC7359.tif,2,5,2,5,6,0,4952,5192,2140,2380
/Volumes/shared/Research-Groups/Mark-Banfield/Josh_Williams/Scoring_20Oct/JoshW/_DSC3537.TIF,3,3,1,2,1,2,1568,1898,632,962
/Volumes/shared/Research-Groups/Mark-Banfield/Josh_Williams/Scoring_20Oct/JoshW/_DSC3537.TIF,3,3,1,2,2,0,1278,1698,984,1404
/Volumes/shared/Research-Groups/Mark-Banfield/Josh_Williams/Scoring_20Oct/JoshW/_DSC3537.TIF,3,3,1,2,3,1,1262,1660,1451,1849
/Volumes/shared/Research-Groups/Mark-Banfield/Josh_Williams/Scoring_20Oct/JoshW/_DSC3537.TIF,3,3,1,2,4,0,2150,2510,1420,1780
/Volumes/shared/Research-Groups/Mark-Banfield/Josh_Williams/Scoring_20Oct/JoshW/_DSC3537.TIF,3,3,1,2,5,4,2036,2418,1007,1389
/Volumes/shared/Research-Groups/Mark-Banfield/Josh_Williams/Scoring_20Oct/JoshW/_DSC3537.TIF,3,3,1,2,6,6,1898,2280,652,1034
/Volumes/shared/Research-Groups/Mark-Banfield/Josh_Williams/Scoring_20Oct/JoshW/_DSC3537.TIF,3,3,1,3,1,2,666,1080,2077,2491
/Volumes/shared/Research-Groups/Mark-Banfield/Josh_Williams/Scoring_20Oct/JoshW/_DSC3537.TIF,3,3,1,3,2,4,460,874,2494,2908
/Volumes/shared/Research-Groups/Mark-Banfield/Josh_Williams/Scoring_20Oct/JoshW/_DSC3537.TIF,3,3,1,3,3,0,598,1002,2988,3392
/Volumes/shared/Research-Groups/Mark-Banfield/Josh_Williams/Scoring_20Oct/JoshW/_DSC3537.TIF,3,3,1,3,4,3,1332,1692,2968,3328
/Volumes/shared/Research-Groups/Mark-Banfield/Josh_Williams/Scoring_20Oct/JoshW/_DSC3537.TIF,3,3,1,3,5,0,1354,1706,2456,2808
/Volumes/shared/Research-Groups/Mark-Banfield/Josh_Williams/Scoring_20Oct/JoshW/_DSC3537.TIF,3,3,1,3,6,0,1164,1508,1955,2299
/Volumes/shared/Research-Groups/Mark-Banfield/Josh_Williams/Scoring_20Oct/JoshW/_DSC3537.TIF,3,3,2,3,1,1,2134,2480,2042,2388
/Volumes/shared/Research-Groups/Mark-Banfield/Josh_Williams/Scoring_20Oct/JoshW/_DSC3537.TIF,3,3,2,3,2,5,1996,2372,2356,2732
/Volumes/shared/Research-Groups/Mark-Banfield/Josh_Williams/Scoring_20Oct/JoshW/_DSC3537.TIF,3,3,2,3,3,0,1994,2346,2732,3084
/Volumes/shared/Research-Groups/Mark-Banfield/Josh_Williams/Scoring_20Oct/JoshW/_DSC3537.TIF,3,3,2,3,4,1,2708,3068,2789,3149
/Volumes/shared/Research-Groups/Mark-Banfield/Josh_Williams/Scoring_20Oct/JoshW/_DSC3537.TIF,3,3,2,3,5,0,2686,3060,2391,2765
/Volumes/shared/Research-Groups/Mark-Banfield/Josh_Williams/Scoring_20Oct/JoshW/_DSC3537.TIF,3,3,2,3,6,0,2578,2916,1992,2330
/Volumes/shared/Research-Groups/Mark-Banfield/Josh_Williams/Scoring_20Oct/JoshW/_DSC3537.TIF,3,3,3,1,1,4,766,1148,3527,3909
/Volumes/shared/Research-Groups/Mark-Banfield/Josh_Williams/Scoring_20Oct/JoshW/_DSC3537.TIF,3,3,3,1,2,0,570,954,3962,4346
/Volumes/shared/Research-Groups/Mark-Banfield/Josh_Williams/Scoring_20Oct/JoshW/_DSC3537.TIF,3,3,3,1,3,0,586,952,4384,4750
/Volumes/shared/Research-Groups/Mark-Banfield/Josh_Williams/Scoring_20Oct/JoshW/_DSC3537.TIF,3,3,3,1,4,3,1332,1722,4421,4811
/Volumes/shared/Research-Groups/Mark-Banfield/Josh_Williams/Scoring_20Oct/JoshW/_DSC3537.TIF,3,3,3,1,5,0,1435,1779,3940,4284
/Volumes/shared/Research-Groups/Mark-Banfield/Josh_Williams/Scoring_20Oct/JoshW/_DSC3537.TIF,3,3,3,1,6,6,1186,1500,3626,3940
/Volumes/shared/Research-Groups/Mark-Banfield/Josh_Williams/Scoring_20Oct/JoshW/_DSC3537.TIF,3,3,3,3,1,5,2196,2494,3573,3871
/Volumes/shared/Research-Groups/Mark-Banfield/Josh_Williams/Scoring_20Oct/JoshW/_DSC3537.TIF,3,3,3,3,2,0,2013,2411,3962,4360
/Volumes/shared/Research-Groups/Mark-Banfield/Josh_Williams/Scoring_20Oct/JoshW/_DSC3537.TIF,3,3,3,3,3,0,2028,2418,4399,4789
/Volumes/shared/Research-Groups/Mark-Banfield/Josh_Williams/Scoring_20Oct/JoshW/_DSC3537.TIF,3,3,3,3,4,2,2816,3198,4338,4720
/Volumes/shared/Research-Groups/Mark-Banfield/Josh_Williams/Scoring_20Oct/JoshW/_DSC3537.TIF,3,3,3,3,5,1,2797,3179,3802,4184
/Volumes/shared/Research-Groups/Mark-Banfield/Josh_Williams/Scoring_20Oct/JoshW/_DSC3537.TIF,3,3,3,3,6,4,2610,2884,3593,3867
/Volumes/shared/Research-Groups/Mark-Banfield/Josh_Williams/Scoring_20Oct/JoshW/DSC_7708.TIF,3,3,1,2,1,0,1345,1643,664,962
/Volumes/shared/Research-Groups/Mark-Banfield/Josh_Williams/Scoring_20Oct/JoshW/DSC_7708.TIF,3,3,1,2,2,0,1185,1525,948,1288
/Volumes/shared/Research-Groups/Mark-Banfield/Josh_Williams/Scoring_20Oct/JoshW/DSC_7708.TIF,3,3,1,2,3,0,1287,1633,1300,1646
/Volumes/shared/Research-Groups/Mark-Banfield/Josh_Williams/Scoring_20Oct/JoshW/DSC_7708.TIF,3,3,1,2,4,0,1856,2154,1226,1524
/Volumes/shared/Research-Groups/Mark-Banfield/Josh_Williams/Scoring_20Oct/JoshW/DSC_7708.TIF,3,3,1,2,5,0,1788,2112,885,1209
/Volumes/shared/Research-Groups/Mark-Banfield/Josh_Williams/Scoring_20Oct/JoshW/DSC_7708.TIF,3,3,1,2,6,0,1646,1910,647,911
/Volumes/shared/Research-Groups/Mark-Banfield/Josh_Williams/Scoring_20Oct/JoshW/DSC_7708.TIF,3,3,2,1,1,0,607,937,1728,2058
/Volumes/shared/Research-Groups/Mark-Banfield/Josh_Williams/Scoring_20Oct/JoshW/DSC_7708.TIF,3,3,2,1,2,0,465,837,2086,2458
/Volumes/shared/Research-Groups/Mark-Banfield/Josh_Williams/Scoring_20Oct/JoshW/DSC_7708.TIF,3,3,2,1,3,0,580,918,2458,2796
/Volumes/shared/Research-Groups/Mark-Banfield/Josh_Williams/Scoring_20Oct/JoshW/DSC_7708.TIF,3,3,2,1,4,0,1064,1450,2434,2820
/Volumes/shared/Research-Groups/Mark-Banfield/Josh_Williams/Scoring_20Oct/JoshW/DSC_7708.TIF,3,3,2,1,5,0,1179,1511,2106,2438
/Volumes/shared/Research-Groups/Mark-Banfield/Josh_Williams/Scoring_20Oct/JoshW/DSC_7708.TIF,3,3,2,1,6,0,956,1300,1751,2095
/Volumes/shared/Research-Groups/Mark-Banfield/Josh_Williams/Scoring_20Oct/JoshW/DSC_7708.TIF,3,3,2,3,1,0,1981,2313,1808,2140
/Volumes/shared/Research-Groups/Mark-Banfield/Josh_Williams/Scoring_20Oct/JoshW/DSC_7708.TIF,3,3,2,3,2,0,1812,2156,2168,2512
/Volumes/shared/Research-Groups/Mark-Banfield/Josh_Williams/Scoring_20Oct/JoshW/DSC_7708.TIF,3,3,2,3,3,0,1893,2285,2512,2904
/Volumes/shared/Research-Groups/Mark-Banfield/Josh_Williams/Scoring_20Oct/JoshW/DSC_7708.TIF,3,3,2,3,4,0,2628,2952,2408,2732
/Volumes/shared/Research-Groups/Mark-Banfield/Josh_Williams/Scoring_20Oct/JoshW/DSC_7708.TIF,3,3,2,3,5,0,2560,2892,2032,2364
/Volumes/shared/Research-Groups/Mark-Banfield/Josh_Williams/Scoring_20Oct/JoshW/DSC_7708.TIF,3,3,2,3,6,0,2296,2628,1714,2046
/Volumes/shared/Research-Groups/Mark-Banfield/Josh_Williams/Scoring_20Oct/JoshW/DSC_7708.TIF,3,3,3,1,1,0,819,1071,3290,3542
/Volumes/shared/Research-Groups/Mark-Banfield/Josh_Williams/Scoring_20Oct/JoshW/DSC_7708.TIF,3,3,3,1,2,0,684,982,3626,3924
/Volumes/shared/Research-Groups/Mark-Banfield/Josh_Williams/Scoring_20Oct/JoshW/DSC_7708.TIF,3,3,3,1,3,0,726,1064,3890,4228
/Volumes/shared/Research-Groups/Mark-Banfield/Josh_Williams/Scoring_20Oct/JoshW/DSC_7708.TIF,3,3,3,1,4,2,1354,1606,3814,4066
/Volumes/shared/Research-Groups/Mark-Banfield/Josh_Williams/Scoring_20Oct/JoshW/DSC_7708.TIF,3,3,3,1,5,3,1335,1591,3542,3798
/Volumes/shared/Research-Groups/Mark-Banfield/Josh_Williams/Scoring_20Oct/JoshW/DSC_7708.TIF,3,3,3,1,6,2,1172,1436,3304,3568
/Volumes/shared/Research-Groups/Mark-Banfield/Josh_Williams/Scoring_20Oct/JoshW/DSC_7708.TIF,3,3,3,3,1,0,2079,2397,3148,3466
/Volumes/shared/Research-Groups/Mark-Banfield/Josh_Williams/Scoring_20Oct/JoshW/DSC_7708.TIF,3,3,3,3,2,0,1892,2238,3534,3880
/Volumes/shared/Research-Groups/Mark-Banfield/Josh_Williams/Scoring_20Oct/JoshW/DSC_7708.TIF,3,3,3,3,3,0,1890,2234,3924,4268
/Volumes/shared/Research-Groups/Mark-Banfield/Josh_Williams/Scoring_20Oct/JoshW/DSC_7708.TIF,3,3,3,3,4,0,2552,2960,3926,4334
/Volumes/shared/Research-Groups/Mark-Banfield/Josh_Williams/Scoring_20Oct/JoshW/DSC_7708.TIF,3,3,3,3,5,0,2614,2940,3534,3860
/Volumes/shared/Research-Groups/Mark-Banfield/Josh_Williams/Scoring_20Oct/JoshW/DSC_7708.TIF,3,3,3,3,6,0,2458,2750,3135,3427
/Volumes/shared/Research-Groups/Mark-Banfield/Josh_Williams/Scoring_20Oct/JoshW/DSC_4538.TIF,3,3,1,1,1,4,440,664,406,630
/Volumes/shared/Research-Groups/Mark-Banfield/Josh_Williams/Scoring_20Oct/JoshW/DSC_4538.TIF,3,3,1,1,2,0,354,610,658,914
/Volumes/shared/Research-Groups/Mark-Banfield/Josh_Williams/Scoring_20Oct/JoshW/DSC_4538.TIF,3,3,1,1,3,0,340,630,976,1266
/Volumes/shared/Research-Groups/Mark-Banfield/Josh_Williams/Scoring_20Oct/JoshW/DSC_4538.TIF,3,3,1,1,4,0,850,1114,928,1192
/Volumes/shared/Research-Groups/Mark-Banfield/Josh_Williams/Scoring_20Oct/JoshW/DSC_4538.TIF,3,3,1,1,5,0,834,1098,584,848
/Volumes/shared/Research-Groups/Mark-Banfield/Josh_Williams/Scoring_20Oct/JoshW/DSC_4538.TIF,3,3,1,1,6,3,712,948,353,589
/Volumes/shared/Research-Groups/Mark-Banfield/Josh_Williams/Scoring_20Oct/JoshW/DSC_4538.TIF,3,3,1,3,1,4,1936,2154,562,780
/Volumes/shared/Research-Groups/Mark-Banfield/Josh_Williams/Scoring_20Oct/JoshW/DSC_4538.TIF,3,3,1,3,2,4,1808,2032,803,1027
/Volumes/shared/Research-Groups/Mark-Banfield/Josh_Williams/Scoring_20Oct/JoshW/DSC_4538.TIF,3,3,1,3,3,0,1778,2062,1084,1368
/Volumes/shared/Research-Groups/Mark-Banfield/Josh_Williams/Scoring_20Oct/JoshW/DSC_4538.TIF,3,3,1,3,4,0,2310,2600,1000,1290
/Volumes/shared/Research-Groups/Mark-Banfield/Josh_Williams/Scoring_20Oct/JoshW/DSC_4538.TIF,3,3,1,3,5,0,2268,2512,776,1020
/Volumes/shared/Research-Groups/Mark-Banfield/Josh_Williams/Scoring_20Oct/JoshW/DSC_4538.TIF,3,3,1,3,6,2,2168,2344,570,746
/Volumes/shared/Research-Groups/Mark-Banfield/Josh_Williams/Scoring_20Oct/JoshW/DSC_4538.TIF,3,3,2,2,1,1,1172,1388,1930,2146
/Volumes/shared/Research-Groups/Mark-Banfield/Josh_Williams/Scoring_20Oct/JoshW/DSC_4538.TIF,3,3,2,2,2,3,1151,1355,2214,2418
/Volumes/shared/Research-Groups/Mark-Banfield/Josh_Williams/Scoring_20Oct/JoshW/DSC_4538.TIF,3,3,2,2,3,3,1172,1408,2455,2691
/Volumes/shared/Research-Groups/Mark-Banfield/Josh_Williams/Scoring_20Oct/JoshW/DSC_4538.TIF,3,3,2,2,4,0,1625,1951,2390,2716
/Volumes/shared/Research-Groups/Mark-Banfield/Josh_Williams/Scoring_20Oct/JoshW/DSC_4538.TIF,3,3,2,2,5,0,1660,1950,2060,2350
/Volumes/shared/Research-Groups/Mark-Banfield/Josh_Williams/Scoring_20Oct/JoshW/DSC_4538.TIF,3,3,2,2,6,0,1422,1686,1808,2072
/Volumes/shared/Research-Groups/Mark-Banfield/Josh_Williams/Scoring_20Oct/JoshW/DSC_4538.TIF,3,3,3,1,1,0,468,752,3132,3416
/Volumes/shared/Research-Groups/Mark-Banfield/Josh_Williams/Scoring_20Oct/JoshW/DSC_4538.TIF,3,3,3,1,2,1,286,522,3444,3680
/Volumes/shared/Research-Groups/Mark-Banfield/Josh_Williams/Scoring_20Oct/JoshW/DSC_4538.TIF,3,3,3,1,3,3,329,567,3778,4016
/Volumes/shared/Research-Groups/Mark-Banfield/Josh_Williams/Scoring_20Oct/JoshW/DSC_4538.TIF,3,3,3,1,4,4,902,1132,3693,3923
/Volumes/shared/Research-Groups/Mark-Banfield/Josh_Williams/Scoring_20Oct/JoshW/DSC_4538.TIF,3,3,3,1,5,0,860,1112,3415,3667
/Volumes/shared/Research-Groups/Mark-Banfield/Josh_Williams/Scoring_20Oct/JoshW/DSC_4538.TIF,3,3,3,1,6,0,766,990,3162,3386
/Volumes/shared/Research-Groups/Mark-Banfield/Josh_Williams/Scoring_20Oct/JoshW/DSC_4538.TIF,3,3,3,3,1,0,2126,2384,3067,3325
/Volumes/shared/Research-Groups/Mark-Banfield/Josh_Williams/Scoring_20Oct/JoshW/DSC_4538.TIF,3,3,3,3,2,0,1870,2160,3244,3534
/Volumes/shared/Research-Groups/Mark-Banfield/Josh_Williams/Scoring_20Oct/JoshW/DSC_4538.TIF,3,3,3,3,3,0,1953,2197,3568,3812
/Volumes/shared/Research-Groups/Mark-Banfield/Josh_Williams/Scoring_20Oct/JoshW/DSC_4538.TIF,3,3,3,3,4,3,2441,2651,3616,3826
/Volumes/shared/Research-Groups/Mark-Banfield/Josh_Williams/Scoring_20Oct/JoshW/DSC_4538.TIF,3,3,3,3,5,3,2498,2702,3385,3589
/Volumes/shared/Research-Groups/Mark-Banfield/Josh_Williams/Scoring_20Oct/JoshW/DSC_4538.TIF,3,3,3,3,6,0,2471,2715,3114,3358
/Volumes/shared/Research-Groups/Mark-Banfield/Josh_Williams/Scoring_20Oct/JoshW/DSC_7586.TIF,3,3,1,2,1,4,1355,1619,326,590
/Volumes/shared/Research-Groups/Mark-Banfield/Josh_Williams/Scoring_20Oct/JoshW/DSC_7586.TIF,3,3,1,2,2,3,1246,1476,630,860
/Volumes/shared/Research-Groups/Mark-Banfield/Josh_Williams/Scoring_20Oct/JoshW/DSC_7586.TIF,3,3,1,2,3,1,1294,1558,936,1200
/Volumes/shared/Research-Groups/Mark-Banfield/Josh_Williams/Scoring_20Oct/JoshW/DSC_7586.TIF,3,3,1,2,4,3,1870,2154,840,1124
/Volumes/shared/Research-Groups/Mark-Banfield/Josh_Williams/Scoring_20Oct/JoshW/DSC_7586.TIF,3,3,1,2,5,3,1822,2120,441,739
/Volumes/shared/Research-Groups/Mark-Banfield/Josh_Williams/Scoring_20Oct/JoshW/DSC_7586.TIF,3,3,1,2,6,4,1646,1910,252,516
/Volumes/shared/Research-Groups/Mark-Banfield/Josh_Williams/Scoring_20Oct/JoshW/DSC_7586.TIF,3,3,2,1,1,3,786,1036,1344,1594
/Volumes/shared/Research-Groups/Mark-Banfield/Josh_Williams/Scoring_20Oct/JoshW/DSC_7586.TIF,3,3,2,1,2,3,616,880,1598,1862
/Volumes/shared/Research-Groups/Mark-Banfield/Josh_Williams/Scoring_20Oct/JoshW/DSC_7586.TIF,3,3,2,1,3,3,562,800,1916,2154
/Volumes/shared/Research-Groups/Mark-Banfield/Josh_Williams/Scoring_20Oct/JoshW/DSC_7586.TIF,3,3,2,1,4,2,1291,1569,1936,2214
/Volumes/shared/Research-Groups/Mark-Banfield/Josh_Williams/Scoring_20Oct/JoshW/DSC_7586.TIF,3,3,2,1,5,3,1226,1490,1598,1862
/Volumes/shared/Research-Groups/Mark-Banfield/Josh_Williams/Scoring_20Oct/JoshW/DSC_7586.TIF,3,3,2,1,6,5,1044,1266,1314,1536
/Volumes/shared/Research-Groups/Mark-Banfield/Josh_Williams/Scoring_20Oct/JoshW/DSC_7586.TIF,3,3,2,3,1,0,2100,2390,1399,1689
/Volumes/shared/Research-Groups/Mark-Banfield/Josh_Williams/Scoring_20Oct/JoshW/DSC_7586.TIF,3,3,2,3,2,0,1856,2180,1694,2018
/Volumes/shared/Research-Groups/Mark-Banfield/Josh_Williams/Scoring_20Oct/JoshW/DSC_7586.TIF,3,3,2,3,3,0,1887,2211,2046,2370
/Volumes/shared/Research-Groups/Mark-Banfield/Josh_Williams/Scoring_20Oct/JoshW/DSC_7586.TIF,3,3,2,3,4,0,2506,2804,2004,2302
/Volumes/shared/Research-Groups/Mark-Banfield/Josh_Williams/Scoring_20Oct/JoshW/DSC_7586.TIF,3,3,2,3,5,3,2560,2824,1680,1944
/Volumes/shared/Research-Groups/Mark-Banfield/Josh_Williams/Scoring_20Oct/JoshW/DSC_7586.TIF,3,3,2,3,6,3,2410,2682,1395,1667
/Volumes/shared/Research-Groups/Mark-Banfield/Josh_Williams/Scoring_20Oct/JoshW/DSC_7586.TIF,3,3,3,1,1,4,874,1152,2755,3033
/Volumes/shared/Research-Groups/Mark-Banfield/Josh_Williams/Scoring_20Oct/JoshW/DSC_7586.TIF,3,3,3,1,2,3,664,982,3006,3324
/Volumes/shared/Research-Groups/Mark-Banfield/Josh_Williams/Scoring_20Oct/JoshW/DSC_7586.TIF,3,3,3,1,3,3,726,1036,3383,3693
/Volumes/shared/Research-Groups/Mark-Banfield/Josh_Williams/Scoring_20Oct/JoshW/DSC_7586.TIF,3,3,3,1,4,2,1348,1632,3433,3717
/Volumes/shared/Research-Groups/Mark-Banfield/Josh_Williams/Scoring_20Oct/JoshW/DSC_7586.TIF,3,3,3,1,5,3,1300,1592,3056,3348
/Volumes/shared/Research-Groups/Mark-Banfield/Josh_Williams/Scoring_20Oct/JoshW/DSC_7586.TIF,3,3,3,1,6,2,1138,1408,2764,3034
/Volumes/shared/Research-Groups/Mark-Banfield/Josh_Williams/Scoring_20Oct/JoshW/DSC_7586.TIF,3,3,3,3,1,4,2038,2296,2877,3135
/Volumes/shared/Research-Groups/Mark-Banfield/Josh_Williams/Scoring_20Oct/JoshW/DSC_7586.TIF,3,3,3,3,2,3,1951,2221,3156,3426
/Volumes/shared/Research-Groups/Mark-Banfield/Josh_Williams/Scoring_20Oct/JoshW/DSC_7586.TIF,3,3,3,3,3,2,1887,2171,3446,3730
/Volumes/shared/Research-Groups/Mark-Banfield/Josh_Williams/Scoring_20Oct/JoshW/DSC_7586.TIF,3,3,3,3,4,1,2586,2878,3429,3721
/Volumes/shared/Research-Groups/Mark-Banfield/Josh_Williams/Scoring_20Oct/JoshW/DSC_7586.TIF,3,3,3,3,5,4,2478,2764,3114,3400
/Volumes/shared/Research-Groups/Mark-Banfield/Josh_Williams/Scoring_20Oct/JoshW/DSC_7586.TIF,3,3,3,3,6,3,2364,2628,2821,3085
/Volumes/shared/Research-Groups/Mark-Banfield/Josh_Williams/Scoring_20Oct/JoshW/DSC_7711.TIF,3,3,1,2,1,5,1382,1640,1097,1355
/Volumes/shared/Research-Groups/Mark-Banfield/Josh_Williams/Scoring_20Oct/JoshW/DSC_7711.TIF,3,3,1,2,2,5,1267,1511,1396,1640
/Volumes/shared/Research-Groups/Mark-Banfield/Josh_Williams/Scoring_20Oct/JoshW/DSC_7711.TIF,3,3,1,2,3,6,1331,1567,1612,1848
/Volumes/shared/Research-Groups/Mark-Banfield/Josh_Williams/Scoring_20Oct/JoshW/DSC_7711.TIF,3,3,1,2,4,6,1862,2174,1608,1920
/Volumes/shared/Research-Groups/Mark-Banfield/Josh_Williams/Scoring_20Oct/JoshW/DSC_7711.TIF,3,3,1,2,5,4,1890,2112,1308,1530
/Volumes/shared/Research-Groups/Mark-Banfield/Josh_Williams/Scoring_20Oct/JoshW/DSC_7711.TIF,3,3,1,2,6,5,1632,1916,1017,1301
/Volumes/shared/Research-Groups/Mark-Banfield/Josh_Williams/Scoring_20Oct/JoshW/DSC_7711.TIF,3,3,2,1,1,5,718,990,1970,2242
/Volumes/shared/Research-Groups/Mark-Banfield/Josh_Williams/Scoring_20Oct/JoshW/DSC_7711.TIF,3,3,2,1,2,6,600,850,2248,2498
/Volumes/shared/Research-Groups/Mark-Banfield/Josh_Williams/Scoring_20Oct/JoshW/DSC_7711.TIF,3,3,2,1,3,6,539,809,2506,2776
/Volumes/shared/Research-Groups/Mark-Banfield/Josh_Williams/Scoring_20Oct/JoshW/DSC_7711.TIF,3,3,2,1,4,4,1104,1368,2563,2827
/Volumes/shared/Research-Groups/Mark-Banfield/Josh_Williams/Scoring_20Oct/JoshW/DSC_7711.TIF,3,3,2,1,5,6,1070,1348,2184,2462
/Volumes/shared/Research-Groups/Mark-Banfield/Josh_Williams/Scoring_20Oct/JoshW/DSC_7711.TIF,3,3,2,1,6,6,968,1220,1950,2202
/Volumes/shared/Research-Groups/Mark-Banfield/Josh_Williams/Scoring_20Oct/JoshW/DSC_7711.TIF,3,3,2,3,1,6,2140,2404,2021,2285
/Volumes/shared/Research-Groups/Mark-Banfield/Josh_Williams/Scoring_20Oct/JoshW/DSC_7711.TIF,3,3,2,3,2,6,2073,2343,2330,2600
/Volumes/shared/Research-Groups/Mark-Banfield/Josh_Williams/Scoring_20Oct/JoshW/DSC_7711.TIF,3,3,2,3,3,5,2102,2400,2600,2898
/Volumes/shared/Research-Groups/Mark-Banfield/Josh_Williams/Scoring_20Oct/JoshW/DSC_7711.TIF,3,3,2,3,4,5,2686,2976,2418,2708
/Volumes/shared/Research-Groups/Mark-Banfield/Josh_Williams/Scoring_20Oct/JoshW/DSC_7711.TIF,3,3,2,3,5,6,2633,2871,2180,2418
/Volumes/shared/Research-Groups/Mark-Banfield/Josh_Williams/Scoring_20Oct/JoshW/DSC_7711.TIF,3,3,2,3,6,6,2398,2682,1941,2225
/Volumes/shared/Research-Groups/Mark-Banfield/Josh_Williams/Scoring_20Oct/JoshW/DSC_7711.TIF,3,3,3,1,1,6,1016,1280,3396,3660
/Volumes/shared/Research-Groups/Mark-Banfield/Josh_Williams/Scoring_20Oct/JoshW/DSC_7711.TIF,3,3,3,1,2,6,847,1165,3664,3982
/Volumes/shared/Research-Groups/Mark-Banfield/Josh_Williams/Scoring_20Oct/JoshW/DSC_7711.TIF,3,3,3,1,3,5,880,1172,3988,4280
/Volumes/shared/Research-Groups/Mark-Banfield/Josh_Williams/Scoring_20Oct/JoshW/DSC_7711.TIF,3,3,3,1,4,3,1504,1788,3988,4272
/Volumes/shared/Research-Groups/Mark-Banfield/Josh_Williams/Scoring_20Oct/JoshW/DSC_7711.TIF,3,3,3,1,5,5,1456,1728,3660,3932
/Volumes/shared/Research-Groups/Mark-Banfield/Josh_Williams/Scoring_20Oct/JoshW/DSC_7711.TIF,3,3,3,1,6,6,1288,1598,3383,3693
/Volumes/shared/Research-Groups/Mark-Banfield/Josh_Williams/Scoring_20Oct/JoshW/DSC_7711.TIF,3,3,3,3,1,6,2086,2316,3352,3582
/Volumes/shared/Research-Groups/Mark-Banfield/Josh_Williams/Scoring_20Oct/JoshW/DSC_7711.TIF,3,3,3,3,2,6,1947,2231,3582,3866
/Volumes/shared/Research-Groups/Mark-Banfield/Josh_Williams/Scoring_20Oct/JoshW/DSC_7711.TIF,3,3,3,3,3,6,1975,2245,3914,4184
/Volumes/shared/Research-Groups/Mark-Banfield/Josh_Williams/Scoring_20Oct/JoshW/DSC_7711.TIF,3,3,3,3,4,4,2580,2864,3893,4177
/Volumes/shared/Research-Groups/Mark-Banfield/Josh_Williams/Scoring_20Oct/JoshW/DSC_7711.TIF,3,3,3,3,5,6,2520,2810,3528,3818
/Volumes/shared/Research-Groups/Mark-Banfield/Josh_Williams/Scoring_20Oct/JoshW/DSC_7711.TIF,3,3,3,3,6,6,2376,2608,3284,3516
/Volumes/shared/Research-Groups/Mark-Banfield/Josh_Williams/Scoring_20Oct/JoshW/DSC_1348.tif,3,3,1,1,1,6,624,854,420,650
/Volumes/shared/Research-Groups/Mark-Banfield/Josh_Williams/Scoring_20Oct/JoshW/DSC_1348.tif,3,3,1,1,2,5,474,678,634,838
/Volumes/shared/Research-Groups/Mark-Banfield/Josh_Williams/Scoring_20Oct/JoshW/DSC_1348.tif,3,3,1,1,3,0,451,729,996,1274
/Volumes/shared/Research-Groups/Mark-Banfield/Josh_Williams/Scoring_20Oct/JoshW/DSC_1348.tif,3,3,1,1,4,0,982,1320,871,1209
/Volumes/shared/Research-Groups/Mark-Banfield/Josh_Williams/Scoring_20Oct/JoshW/DSC_1348.tif,3,3,1,1,5,5,925,1149,644,868
/Volumes/shared/Research-Groups/Mark-Banfield/Josh_Williams/Scoring_20Oct/JoshW/DSC_1348.tif,3,3,1,1,6,5,830,1074,352,596
/Volumes/shared/Research-Groups/Mark-Banfield/Josh_Williams/Scoring_20Oct/JoshW/DSC_1348.tif,3,3,1,3,1,6,2106,2282,542,718
/Volumes/shared/Research-Groups/Mark-Banfield/Josh_Williams/Scoring_20Oct/JoshW/DSC_1348.tif,3,3,1,3,2,5,1936,2168,701,933
/Volumes/shared/Research-Groups/Mark-Banfield/Josh_Williams/Scoring_20Oct/JoshW/DSC_1348.tif,3,3,1,3,3,5,2011,2241,990,1220
/Volumes/shared/Research-Groups/Mark-Banfield/Josh_Williams/Scoring_20Oct/JoshW/DSC_1348.tif,3,3,1,3,4,0,2350,2628,1040,1318
/Volumes/shared/Research-Groups/Mark-Banfield/Josh_Williams/Scoring_20Oct/JoshW/DSC_1348.tif,3,3,1,3,5,0,2357,2655,746,1044
/Volumes/shared/Research-Groups/Mark-Banfield/Josh_Williams/Scoring_20Oct/JoshW/DSC_1348.tif,3,3,1,3,6,6,2306,2468,516,678
/Volumes/shared/Research-Groups/Mark-Banfield/Josh_Williams/Scoring_20Oct/JoshW/DSC_1348.tif,3,3,2,2,1,2,1311,1561,1802,2052
/Volumes/shared/Research-Groups/Mark-Banfield/Josh_Williams/Scoring_20Oct/JoshW/DSC_1348.tif,3,3,2,2,2,4,1216,1486,2140,2410
/Volumes/shared/Research-Groups/Mark-Banfield/Josh_Williams/Scoring_20Oct/JoshW/DSC_1348.tif,3,3,2,2,3,4,1342,1544,2442,2644
/Volumes/shared/Research-Groups/Mark-Banfield/Josh_Williams/Scoring_20Oct/JoshW/DSC_1348.tif,3,3,2,2,4,4,1813,2015,2384,2586
/Volumes/shared/Research-Groups/Mark-Banfield/Josh_Williams/Scoring_20Oct/JoshW/DSC_1348.tif,3,3,2,2,5,0,1791,2035,2086,2330
/Volumes/shared/Research-Groups/Mark-Banfield/Josh_Williams/Scoring_20Oct/JoshW/DSC_1348.tif,3,3,2,2,6,0,1645,1883,1794,2032
/Volumes/shared/Research-Groups/Mark-Banfield/Josh_Williams/Scoring_20Oct/JoshW/DSC_1348.tif,3,3,3,1,1,0,384,674,2960,3250
/Volumes/shared/Research-Groups/Mark-Banfield/Josh_Williams/Scoring_20Oct/JoshW/DSC_1348.tif,3,3,3,1,2,3,332,522,3280,3470
/Volumes/shared/Research-Groups/Mark-Banfield/Josh_Williams/Scoring_20Oct/JoshW/DSC_1348.tif,3,3,3,1,3,2,330,552,3562,3784
/Volumes/shared/Research-Groups/Mark-Banfield/Josh_Williams/Scoring_20Oct/JoshW/DSC_1348.tif,3,3,3,1,4,3,718,1016,3510,3808
/Volumes/shared/Research-Groups/Mark-Banfield/Josh_Williams/Scoring_20Oct/JoshW/DSC_1348.tif,3,3,3,1,5,4,908,1118,3304,3514
/Volumes/shared/Research-Groups/Mark-Banfield/Josh_Williams/Scoring_20Oct/JoshW/DSC_1348.tif,3,3,3,1,6,0,688,952,2946,3210
/Volumes/shared/Research-Groups/Mark-Banfield/Josh_Williams/Scoring_20Oct/JoshW/DSC_1348.tif,3,3,3,3,1,0,2248,2464,2906,3122
/Volumes/shared/Research-Groups/Mark-Banfield/Josh_Williams/Scoring_20Oct/JoshW/DSC_1348.tif,3,3,3,3,2,0,1975,2273,3162,3460
/Volumes/shared/Research-Groups/Mark-Banfield/Josh_Williams/Scoring_20Oct/JoshW/DSC_1348.tif,3,3,3,3,3,5,1957,2207,3514,3764
/Volumes/shared/Research-Groups/Mark-Banfield/Josh_Williams/Scoring_20Oct/JoshW/DSC_1348.tif,3,3,3,3,4,5,2492,2702,3545,3755
/Volumes/shared/Research-Groups/Mark-Banfield/Josh_Williams/Scoring_20Oct/JoshW/DSC_1348.tif,3,3,3,3,5,6,2452,2688,3234,3470
/Volumes/shared/Research-Groups/Mark-Banfield/Josh_Williams/Scoring_20Oct/JoshW/DSC_1348.tif,3,3,3,3,6,6,2451,2695,2980,3224
/Volumes/shared/Research-Groups/Mark-Banfield/Josh_Williams/Scoring_20Oct/JoshW/DSC_1593.tif,2,5,1,1,1,4,556,780,319,543
/Volumes/shared/Research-Groups/Mark-Banfield/Josh_Williams/Scoring_20Oct/JoshW/DSC_1593.tif,2,5,1,1,2,0,388,636,488,736
/Volumes/shared/Research-Groups/Mark-Banfield/Josh_Williams/Scoring_20Oct/JoshW/DSC_1593.tif,2,5,1,1,3,0,326,600,758,1032
/Volumes/shared/Research-Groups/Mark-Banfield/Josh_Williams/Scoring_20Oct/JoshW/DSC_1593.tif,2,5,1,1,4,4,712,956,767,1011
/Volumes/shared/Research-Groups/Mark-Banfield/Josh_Williams/Scoring_20Oct/JoshW/DSC_1593.tif,2,5,1,1,5,5,718,960,560,802
/Volumes/shared/Research-Groups/Mark-Banfield/Josh_Williams/Scoring_20Oct/JoshW/DSC_1593.tif,2,5,1,1,6,0,774,972,352,550
/Volumes/shared/Research-Groups/Mark-Banfield/Josh_Williams/Scoring_20Oct/JoshW/DSC_1593.tif,2,5,1,2,1,0,1281,1465,398,582
/Volumes/shared/Research-Groups/Mark-Banfield/Josh_Williams/Scoring_20Oct/JoshW/DSC_1593.tif,2,5,1,2,2,4,1208,1402,587,781
/Volumes/shared/Research-Groups/Mark-Banfield/Josh_Williams/Scoring_20Oct/JoshW/DSC_1593.tif,2,5,1,2,3,0,1164,1366,789,991
/Volumes/shared/Research-Groups/Mark-Banfield/Josh_Williams/Scoring_20Oct/JoshW/DSC_1593.tif,2,5,1,2,4,0,1596,1798,769,971
/Volumes/shared/Research-Groups/Mark-Banfield/Josh_Williams/Scoring_20Oct/JoshW/DSC_1593.tif,2,5,1,2,5,2,1602,1774,546,718
/Volumes/shared/Research-Groups/Mark-Banfield/Josh_Williams/Scoring_20Oct/JoshW/DSC_1593.tif,2,5,1,2,6,5,1502,1664,409,571
/Volumes/shared/Research-Groups/Mark-Banfield/Josh_Williams/Scoring_20Oct/JoshW/DSC_1593.tif,2,5,1,3,1,4,2204,2402,236,434
/Volumes/shared/Research-Groups/Mark-Banfield/Josh_Williams/Scoring_20Oct/JoshW/DSC_1593.tif,2,5,1,3,2,0,2168,2398,418,648
/Volumes/shared/Research-Groups/Mark-Banfield/Josh_Williams/Scoring_20Oct/JoshW/DSC_1593.tif,2,5,1,3,3,3,2182,2394,665,877
/Volumes/shared/Research-Groups/Mark-Banfield/Josh_Williams/Scoring_20Oct/JoshW/DSC_1593.tif,2,5,1,3,4,0,2598,2824,690,916
/Volumes/shared/Research-Groups/Mark-Banfield/Josh_Williams/Scoring_20Oct/JoshW/DSC_1593.tif,2,5,1,3,5,0,2570,2786,454,670
/Volumes/shared/Research-Groups/Mark-Banfield/Josh_Williams/Scoring_20Oct/JoshW/DSC_1593.tif,2,5,1,3,6,3,2447,2651,230,434
/Volumes/shared/Research-Groups/Mark-Banfield/Josh_Williams/Scoring_20Oct/JoshW/DSC_1593.tif,2,5,1,4,1,3,3128,3304,312,488
/Volumes/shared/Research-Groups/Mark-Banfield/Josh_Williams/Scoring_20Oct/JoshW/DSC_1593.tif,2,5,1,4,2,2,3128,3312,492,676
/Volumes/shared/Research-Groups/Mark-Banfield/Josh_Williams/Scoring_20Oct/JoshW/DSC_1593.tif,2,5,1,4,3,0,3024,3226,704,906
/Volumes/shared/Research-Groups/Mark-Banfield/Josh_Williams/Scoring_20Oct/JoshW/DSC_1593.tif,2,5,1,4,4,1,3434,3610,677,853
/Volumes/shared/Research-Groups/Mark-Banfield/Josh_Williams/Scoring_20Oct/JoshW/DSC_1593.tif,2,5,1,4,5,0,3380,3582,458,660
/Volumes/shared/Research-Groups/Mark-Banfield/Josh_Williams/Scoring_20Oct/JoshW/DSC_1593.tif,2,5,1,4,6,0,3336,3542,250,456
/Volumes/shared/Research-Groups/Mark-Banfield/Josh_Williams/Scoring_20Oct/JoshW/DSC_1593.tif,2,5,1,5,1,0,4100,4304,396,600
/Volumes/shared/Research-Groups/Mark-Banfield/Josh_Williams/Scoring_20Oct/JoshW/DSC_1593.tif,2,5,1,5,2,5,4005,4215,610,820
/Volumes/shared/Research-Groups/Mark-Banfield/Josh_Williams/Scoring_20Oct/JoshW/DSC_1593.tif,2,5,1,5,3,3,4070,4272,840,1042
/Volumes/shared/Research-Groups/Mark-Banfield/Josh_Williams/Scoring_20Oct/JoshW/DSC_1593.tif,2,5,1,5,4,0,4387,4595,852,1060
/Volumes/shared/Research-Groups/Mark-Banfield/Josh_Williams/Scoring_20Oct/JoshW/DSC_1593.tif,2,5,1,5,5,4,4380,4588,581,789
/Volumes/shared/Research-Groups/Mark-Banfield/Josh_Williams/Scoring_20Oct/JoshW/DSC_1593.tif,2,5,1,5,6,0,4322,4524,378,580
/Volumes/shared/Research-Groups/Mark-Banfield/Josh_Williams/Scoring_20Oct/JoshW/DSC_1593.tif,2,5,2,1,1,0,272,532,1657,1917
/Volumes/shared/Research-Groups/Mark-Banfield/Josh_Williams/Scoring_20Oct/JoshW/DSC_1593.tif,2,5,2,1,2,0,163,379,1884,2100
/Volumes/shared/Research-Groups/Mark-Banfield/Josh_Williams/Scoring_20Oct/JoshW/DSC_1593.tif,2,5,2,1,3,1,186,338,2112,2264
/Volumes/shared/Research-Groups/Mark-Banfield/Josh_Williams/Scoring_20Oct/JoshW/DSC_1593.tif,2,5,2,1,4,1,556,740,2069,2253
/Volumes/shared/Research-Groups/Mark-Banfield/Josh_Williams/Scoring_20Oct/JoshW/DSC_1593.tif,2,5,2,1,5,0,514,704,1884,2074
/Volumes/shared/Research-Groups/Mark-Banfield/Josh_Williams/Scoring_20Oct/JoshW/DSC_1593.tif,2,5,2,1,6,3,730,984,1861,2115
/Volumes/shared/Research-Groups/Mark-Banfield/Josh_Williams/Scoring_20Oct/JoshW/DSC_1593.tif,2,5,2,2,1,6,1362,1560,1718,1916
/Volumes/shared/Research-Groups/Mark-Banfield/Josh_Williams/Scoring_20Oct/JoshW/DSC_1593.tif,2,5,2,2,2,0,1244,1420,1862,2038
/Volumes/shared/Research-Groups/Mark-Banfield/Josh_Williams/Scoring_20Oct/JoshW/DSC_1593.tif,2,5,2,2,3,0,1218,1420,2049,2251
/Volumes/shared/Research-Groups/Mark-Banfield/Josh_Williams/Scoring_20Oct/JoshW/DSC_1593.tif,2,5,2,2,4,5,1520,1744,2031,2255
/Volumes/shared/Research-Groups/Mark-Banfield/Josh_Williams/Scoring_20Oct/JoshW/DSC_1593.tif,2,5,2,2,5,6,1502,1704,1851,2053
/Volumes/shared/Research-Groups/Mark-Banfield/Josh_Williams/Scoring_20Oct/JoshW/DSC_1593.tif,2,5,2,2,6,0,1550,1714,1692,1856
/Volumes/shared/Research-Groups/Mark-Banfield/Josh_Williams/Scoring_20Oct/JoshW/DSC_1593.tif,2,5,2,3,1,0,2196,2394,1645,1843
/Volumes/shared/Research-Groups/Mark-Banfield/Josh_Williams/Scoring_20Oct/JoshW/DSC_1593.tif,2,5,2,3,2,4,2150,2344,1826,2020
/Volumes/shared/Research-Groups/Mark-Banfield/Josh_Williams/Scoring_20Oct/JoshW/DSC_1593.tif,2,5,2,3,3,0,2139,2351,2020,2232
/Volumes/shared/Research-Groups/Mark-Banfield/Josh_Williams/Scoring_20Oct/JoshW/DSC_1593.tif,2,5,2,3,4,0,2506,2708,1982,2184
/Volumes/shared/Research-Groups/Mark-Banfield/Josh_Williams/Scoring_20Oct/JoshW/DSC_1593.tif,2,5,2,3,5,6,2443,2637,1798,1992
/Volumes/shared/Research-Groups/Mark-Banfield/Josh_Williams/Scoring_20Oct/JoshW/DSC_1593.tif,2,5,2,3,6,4,2418,2576,1618,1776
/Volumes/shared/Research-Groups/Mark-Banfield/Josh_Williams/Scoring_20Oct/JoshW/DSC_1593.tif,2,5,2,4,1,5,3142,3362,1520,1740
/Volumes/shared/Research-Groups/Mark-Banfield/Josh_Williams/Scoring_20Oct/JoshW/DSC_1593.tif,2,5,2,4,2,0,3060,3258,1714,1912
/Volumes/shared/Research-Groups/Mark-Banfield/Josh_Williams/Scoring_20Oct/JoshW/DSC_1593.tif,2,5,2,4,3,3,3049,3283,1912,2146
/Volumes/shared/Research-Groups/Mark-Banfield/Josh_Williams/Scoring_20Oct/JoshW/DSC_1593.tif,2,5,2,4,4,0,3394,3668,1862,2136
/Volumes/shared/Research-Groups/Mark-Banfield/Josh_Williams/Scoring_20Oct/JoshW/DSC_1593.tif,2,5,2,4,5,0,3474,3696,1665,1887
/Volumes/shared/Research-Groups/Mark-Banfield/Josh_Williams/Scoring_20Oct/JoshW/DSC_1593.tif,2,5,2,4,6,4,3394,3538,1545,1689
/Volumes/shared/Research-Groups/Mark-Banfield/Josh_Williams/Scoring_20Oct/JoshW/DSC_1593.tif,2,5,2,5,1,4,4026,4194,1564,1732
/Volumes/shared/Research-Groups/Mark-Banfield/Josh_Williams/Scoring_20Oct/JoshW/DSC_1593.tif,2,5,2,5,2,4,3934,4120,1714,1900
/Volumes/shared/Research-Groups/Mark-Banfield/Josh_Williams/Scoring_20Oct/JoshW/DSC_1593.tif,2,5,2,5,3,0,3836,4100,1910,2174
/Volumes/shared/Research-Groups/Mark-Banfield/Josh_Williams/Scoring_20Oct/JoshW/DSC_1593.tif,2,5,2,5,4,3,4294,4498,1938,2142
/Volumes/shared/Research-Groups/Mark-Banfield/Josh_Williams/Scoring_20Oct/JoshW/DSC_1593.tif,2,5,2,5,5,0,4268,4474,1694,1900
/Volumes/shared/Research-Groups/Mark-Banfield/Josh_Williams/Scoring_20Oct/JoshW/DSC_1593.tif,2,5,2,5,6,0,4240,4402,1518,1680
/Volumes/shared/Research-Groups/Mark-Banfield/Josh_Williams/Scoring_20Oct/JoshW/DSC_0808.tif,3,3,1,1,1,5,738,968,475,705
/Volumes/shared/Research-Groups/Mark-Banfield/Josh_Williams/Scoring_20Oct/JoshW/DSC_0808.tif,3,3,1,1,2,0,584,834,658,908
/Volumes/shared/Research-Groups/Mark-Banfield/Josh_Williams/Scoring_20Oct/JoshW/DSC_0808.tif,3,3,1,1,3,0,542,826,979,1263
/Volumes/shared/Research-Groups/Mark-Banfield/Josh_Williams/Scoring_20Oct/JoshW/DSC_0808.tif,3,3,1,1,4,2,1002,1294,995,1287
/Volumes/shared/Research-Groups/Mark-Banfield/Josh_Williams/Scoring_20Oct/JoshW/DSC_0808.tif,3,3,1,1,5,4,1006,1264,684,942
/Volumes/shared/Research-Groups/Mark-Banfield/Josh_Williams/Scoring_20Oct/JoshW/DSC_0808.tif,3,3,1,1,6,6,990,1186,508,704
/Volumes/shared/Research-Groups/Mark-Banfield/Josh_Williams/Scoring_20Oct/JoshW/DSC_0808.tif,3,3,1,3,1,6,2086,2308,570,792
/Volumes/shared/Research-Groups/Mark-Banfield/Josh_Williams/Scoring_20Oct/JoshW/DSC_0808.tif,3,3,1,3,2,6,1970,2168,799,997
/Volumes/shared/Research-Groups/Mark-Banfield/Josh_Williams/Scoring_20Oct/JoshW/DSC_0808.tif,3,3,1,3,3,0,1977,2269,1056,1348
/Volumes/shared/Research-Groups/Mark-Banfield/Josh_Williams/Scoring_20Oct/JoshW/DSC_0808.tif,3,3,1,3,4,0,2458,2770,999,1311
/Volumes/shared/Research-Groups/Mark-Banfield/Josh_Williams/Scoring_20Oct/JoshW/DSC_0808.tif,3,3,1,3,5,5,2415,2671,780,1036
/Volumes/shared/Research-Groups/Mark-Banfield/Josh_Williams/Scoring_20Oct/JoshW/DSC_0808.tif,3,3,1,3,6,5,2322,2540,569,787
/Volumes/shared/Research-Groups/Mark-Banfield/Josh_Williams/Scoring_20Oct/JoshW/DSC_0808.tif,3,3,2,2,1,4,1425,1623,1794,1992
/Volumes/shared/Research-Groups/Mark-Banfield/Josh_Williams/Scoring_20Oct/JoshW/DSC_0808.tif,3,3,2,2,2,4,1401,1605,2024,2228
/Volumes/shared/Research-Groups/Mark-Banfield/Josh_Williams/Scoring_20Oct/JoshW/DSC_0808.tif,3,3,2,2,3,0,1828,2066,2133,2371
/Volumes/shared/Research-Groups/Mark-Banfield/Josh_Williams/Scoring_20Oct/JoshW/DSC_0808.tif,3,3,2,2,4,0,1714,2012,1859,2157
/Volumes/shared/Research-Groups/Mark-Banfield/Josh_Williams/Scoring_20Oct/JoshW/DSC_0808.tif,3,3,2,2,5,4,1598,1774,1744,1920
/Volumes/shared/Research-Groups/Mark-Banfield/Josh_Williams/Scoring_20Oct/JoshW/DSC_0808.tif,3,3,3,1,1,3,624,908,2807,3091
/Volumes/shared/Research-Groups/Mark-Banfield/Josh_Williams/Scoring_20Oct/JoshW/DSC_0808.tif,3,3,3,1,2,4,592,830,3168,3406
/Volumes/shared/Research-Groups/Mark-Banfield/Josh_Williams/Scoring_20Oct/JoshW/DSC_0808.tif,3,3,3,1,3,4,550,826,3471,3747
/Volumes/shared/Research-Groups/Mark-Banfield/Josh_Williams/Scoring_20Oct/JoshW/DSC_0808.tif,3,3,3,1,4,4,1192,1430,3436,3674
/Volumes/shared/Research-Groups/Mark-Banfield/Josh_Williams/Scoring_20Oct/JoshW/DSC_0808.tif,3,3,3,1,5,0,1144,1416,3087,3359
/Volumes/shared/Research-Groups/Mark-Banfield/Josh_Williams/Scoring_20Oct/JoshW/DSC_0808.tif,3,3,3,1,6,0,1024,1280,2798,3054
/Volumes/shared/Research-Groups/Mark-Banfield/Josh_Williams/Scoring_20Oct/JoshW/DSC_0808.tif,3,3,3,3,1,0,2156,2468,2722,3034
/Volumes/shared/Research-Groups/Mark-Banfield/Josh_Williams/Scoring_20Oct/JoshW/DSC_0808.tif,3,3,3,3,2,5,2025,2263,3080,3318
/Volumes/shared/Research-Groups/Mark-Banfield/Josh_Williams/Scoring_20Oct/JoshW/DSC_0808.tif,3,3,3,3,3,4,2126,2316,3406,3596
/Volumes/shared/Research-Groups/Mark-Banfield/Josh_Williams/Scoring_20Oct/JoshW/DSC_0808.tif,3,3,3,3,4,5,2539,2763,3230,3454
/Volumes/shared/Research-Groups/Mark-Banfield/Josh_Williams/Scoring_20Oct/JoshW/DSC_0808.tif,3,3,3,3,5,6,2549,2725,2992,3168
/Volumes/shared/Research-Groups/Mark-Banfield/Josh_Williams/Scoring_20Oct/JoshW/DSC_0808.tif,3,3,3,3,6,0,2489,2705,2770,2986
/Volumes/shared/Research-Groups/Mark-Banfield/Josh_Williams/Scoring_20Oct/JoshW/_DSC7621.tif,3,3,1,1,1,0,528,782,723,977
/Volumes/shared/Research-Groups/Mark-Banfield/Josh_Williams/Scoring_20Oct/JoshW/_DSC7621.tif,3,3,1,1,2,0,331,667,1018,1354
/Volumes/shared/Research-Groups/Mark-Banfield/Josh_Williams/Scoring_20Oct/JoshW/_DSC7621.tif,3,3,1,1,3,0,330,612,1385,1667
/Volumes/shared/Research-Groups/Mark-Banfield/Josh_Williams/Scoring_20Oct/JoshW/_DSC7621.tif,3,3,1,1,4,0,1030,1344,1446,1760
/Volumes/shared/Research-Groups/Mark-Banfield/Josh_Williams/Scoring_20Oct/JoshW/_DSC7621.tif,3,3,1,1,5,6,911,1233,1056,1378
/Volumes/shared/Research-Groups/Mark-Banfield/Josh_Williams/Scoring_20Oct/JoshW/_DSC7621.tif,3,3,1,1,6,5,823,1091,812,1080
/Volumes/shared/Research-Groups/Mark-Banfield/Josh_Williams/Scoring_20Oct/JoshW/_DSC7621.tif,3,3,1,3,1,5,1974,2220,688,934
/Volumes/shared/Research-Groups/Mark-Banfield/Josh_Williams/Scoring_20Oct/JoshW/_DSC7621.tif,3,3,1,3,2,0,1783,2135,980,1332
/Volumes/shared/Research-Groups/Mark-Banfield/Josh_Williams/Scoring_20Oct/JoshW/_DSC7621.tif,3,3,1,3,3,0,1914,2220,1282,1588
/Volumes/shared/Research-Groups/Mark-Banfield/Josh_Williams/Scoring_20Oct/JoshW/_DSC7621.tif,3,3,1,3,4,0,2418,2762,1164,1508
/Volumes/shared/Research-Groups/Mark-Banfield/Josh_Williams/Scoring_20Oct/JoshW/_DSC7621.tif,3,3,1,3,5,0,2333,2677,796,1140
/Volumes/shared/Research-Groups/Mark-Banfield/Josh_Williams/Scoring_20Oct/JoshW/_DSC7621.tif,3,3,1,3,6,6,2219,2479,552,812
/Volumes/shared/Research-Groups/Mark-Banfield/Josh_Williams/Scoring_20Oct/JoshW/_DSC7621.tif,3,3,2,2,1,4,1340,1584,2158,2402
/Volumes/shared/Research-Groups/Mark-Banfield/Josh_Williams/Scoring_20Oct/JoshW/_DSC7621.tif,3,3,2,2,2,6,1222,1488,2480,2746
/Volumes/shared/Research-Groups/Mark-Banfield/Josh_Williams/Scoring_20Oct/JoshW/_DSC7621.tif,3,3,2,2,3,0,1244,1512,2770,3038
/Volumes/shared/Research-Groups/Mark-Banfield/Josh_Williams/Scoring_20Oct/JoshW/_DSC7621.tif,3,3,2,2,4,0,1811,2123,2610,2922
/Volumes/shared/Research-Groups/Mark-Banfield/Josh_Williams/Scoring_20Oct/JoshW/_DSC7621.tif,3,3,2,2,5,0,1683,2027,2258,2602
/Volumes/shared/Research-Groups/Mark-Banfield/Josh_Williams/Scoring_20Oct/JoshW/_DSC7621.tif,3,3,2,2,6,0,1626,1932,1936,2242
/Volumes/shared/Research-Groups/Mark-Banfield/Josh_Williams/Scoring_20Oct/JoshW/_DSC7621.tif,3,3,3,1,1,0,300,636,3474,3810
/Volumes/shared/Research-Groups/Mark-Banfield/Josh_Williams/Scoring_20Oct/JoshW/_DSC7621.tif,3,3,3,1,2,3,262,544,3864,4146
/Volumes/shared/Research-Groups/Mark-Banfield/Josh_Williams/Scoring_20Oct/JoshW/_DSC7621.tif,3,3,3,1,3,2,417,655,4176,4414
/Volumes/shared/Research-Groups/Mark-Banfield/Josh_Williams/Scoring_20Oct/JoshW/_DSC7621.tif,3,3,3,1,4,1,841,1133,3962,4254
/Volumes/shared/Research-Groups/Mark-Banfield/Josh_Williams/Scoring_20Oct/JoshW/_DSC7621.tif,3,3,3,1,5,0,828,1126,3665,3963
/Volumes/shared/Research-Groups/Mark-Banfield/Josh_Williams/Scoring_20Oct/JoshW/_DSC7621.tif,3,3,3,1,6,0,628,880,3420,3672
/Volumes/shared/Research-Groups/Mark-Banfield/Josh_Williams/Scoring_20Oct/JoshW/_DSC7621.tif,3,3,3,3,1,0,2036,2364,3455,3783
/Volumes/shared/Research-Groups/Mark-Banfield/Josh_Williams/Scoring_20Oct/JoshW/_DSC7621.tif,3,3,3,3,2,0,1898,2212,3786,4100
/Volumes/shared/Research-Groups/Mark-Banfield/Josh_Williams/Scoring_20Oct/JoshW/_DSC7621.tif,3,3,3,3,3,3,1905,2189,4138,4422
/Volumes/shared/Research-Groups/Mark-Banfield/Josh_Williams/Scoring_20Oct/JoshW/_DSC7621.tif,3,3,3,3,4,5,2440,2654,4124,4338
/Volumes/shared/Research-Groups/Mark-Banfield/Josh_Williams/Scoring_20Oct/JoshW/_DSC7621.tif,3,3,3,3,5,1,2556,2770,3840,4054
/Volumes/shared/Research-Groups/Mark-Banfield/Josh_Williams/Scoring_20Oct/JoshW/_DSC7621.tif,3,3,3,3,6,0,2398,2644,3488,3734
/Volumes/shared/Research-Groups/Mark-Banfield/Josh_Williams/Scoring_20Oct/JoshW/DSC_4392.TIF,3,3,1,1,1,6,888,1070,574,756
/Volumes/shared/Research-Groups/Mark-Banfield/Josh_Williams/Scoring_20Oct/JoshW/DSC_4392.TIF,3,3,1,1,2,0,779,1023,752,996
/Volumes/shared/Research-Groups/Mark-Banfield/Josh_Williams/Scoring_20Oct/JoshW/DSC_4392.TIF,3,3,1,1,3,0,613,905,1036,1328
/Volumes/shared/Research-Groups/Mark-Banfield/Josh_Williams/Scoring_20Oct/JoshW/DSC_4392.TIF,3,3,1,1,4,3,1098,1354,1153,1409
/Volumes/shared/Research-Groups/Mark-Banfield/Josh_Williams/Scoring_20Oct/JoshW/DSC_4392.TIF,3,3,1,1,5,5,1135,1385,834,1084
/Volumes/shared/Research-Groups/Mark-Banfield/Josh_Williams/Scoring_20Oct/JoshW/DSC_4392.TIF,3,3,1,1,6,5,1128,1312,650,834
/Volumes/shared/Research-Groups/Mark-Banfield/Josh_Williams/Scoring_20Oct/JoshW/DSC_4392.TIF,3,3,1,3,1,6,2177,2401,732,956
/Volumes/shared/Research-Groups/Mark-Banfield/Josh_Williams/Scoring_20Oct/JoshW/DSC_4392.TIF,3,3,1,3,2,6,2097,2313,942,1158
/Volumes/shared/Research-Groups/Mark-Banfield/Josh_Williams/Scoring_20Oct/JoshW/DSC_4392.TIF,3,3,1,3,3,0,2160,2404,1131,1375
/Volumes/shared/Research-Groups/Mark-Banfield/Josh_Williams/Scoring_20Oct/JoshW/DSC_4392.TIF,3,3,1,3,4,0,2614,2872,999,1257
/Volumes/shared/Research-Groups/Mark-Banfield/Josh_Williams/Scoring_20Oct/JoshW/DSC_4392.TIF,3,3,1,3,5,4,2520,2736,800,1016
/Volumes/shared/Research-Groups/Mark-Banfield/Josh_Williams/Scoring_20Oct/JoshW/DSC_4392.TIF,3,3,1,3,6,4,2418,2628,589,799
/Volumes/shared/Research-Groups/Mark-Banfield/Josh_Williams/Scoring_20Oct/JoshW/DSC_4392.TIF,3,3,2,2,1,5,1486,1676,1936,2126
/Volumes/shared/Research-Groups/Mark-Banfield/Josh_Williams/Scoring_20Oct/JoshW/DSC_4392.TIF,3,3,2,2,2,6,1470,1706,2131,2367
/Volumes/shared/Research-Groups/Mark-Banfield/Josh_Williams/Scoring_20Oct/JoshW/DSC_4392.TIF,3,3,2,2,3,6,1442,1652,2398,2608
/Volumes/shared/Research-Groups/Mark-Banfield/Josh_Williams/Scoring_20Oct/JoshW/DSC_4392.TIF,3,3,2,2,4,0,1924,2228,2239,2543
/Volumes/shared/Research-Groups/Mark-Banfield/Josh_Williams/Scoring_20Oct/JoshW/DSC_4392.TIF,3,3,2,2,5,0,1822,2080,1994,2252
/Volumes/shared/Research-Groups/Mark-Banfield/Josh_Williams/Scoring_20Oct/JoshW/DSC_4392.TIF,3,3,2,2,6,6,1734,1924,1802,1992
/Volumes/shared/Research-Groups/Mark-Banfield/Josh_Williams/Scoring_20Oct/JoshW/DSC_4392.TIF,3,3,3,1,1,5,620,810,3108,3298
/Volumes/shared/Research-Groups/Mark-Banfield/Josh_Williams/Scoring_20Oct/JoshW/DSC_4392.TIF,3,3,3,1,2,6,522,718,3318,3514
/Volumes/shared/Research-Groups/Mark-Banfield/Josh_Williams/Scoring_20Oct/JoshW/DSC_4392.TIF,3,3,3,1,3,5,590,820,3548,3778
/Volumes/shared/Research-Groups/Mark-Banfield/Josh_Williams/Scoring_20Oct/JoshW/DSC_4392.TIF,3,3,3,1,4,4,949,1165,3616,3832
/Volumes/shared/Research-Groups/Mark-Banfield/Josh_Williams/Scoring_20Oct/JoshW/DSC_4392.TIF,3,3,3,1,5,0,860,1152,3270,3562
/Volumes/shared/Research-Groups/Mark-Banfield/Josh_Williams/Scoring_20Oct/JoshW/DSC_4392.TIF,3,3,3,1,6,0,874,1124,2993,3243
/Volumes/shared/Research-Groups/Mark-Banfield/Josh_Williams/Scoring_20Oct/JoshW/DSC_4392.TIF,3,3,3,3,1,0,2112,2356,3365,3609
/Volumes/shared/Research-Groups/Mark-Banfield/Josh_Williams/Scoring_20Oct/JoshW/DSC_4392.TIF,3,3,3,3,2,4,2025,2235,3642,3852
/Volumes/shared/Research-Groups/Mark-Banfield/Josh_Williams/Scoring_20Oct/JoshW/DSC_4392.TIF,3,3,3,3,3,4,2150,2354,3866,4070
/Volumes/shared/Research-Groups/Mark-Banfield/Josh_Williams/Scoring_20Oct/JoshW/DSC_4392.TIF,3,3,3,3,4,5,2520,2722,3741,3943
/Volumes/shared/Research-Groups/Mark-Banfield/Josh_Williams/Scoring_20Oct/JoshW/DSC_4392.TIF,3,3,3,3,5,5,2532,2688,3589,3745
/Volumes/shared/Research-Groups/Mark-Banfield/Josh_Williams/Scoring_20Oct/JoshW/DSC_4392.TIF,3,3,3,3,6,0,2452,2708,3298,3554
/Volumes/shared/Research-Groups/Mark-Banfield/Josh_Williams/Scoring_20Oct/JoshW/DSC_1351.tif,3,3,1,1,1,0,550,800,306,556
/Volumes/shared/Research-Groups/Mark-Banfield/Josh_Williams/Scoring_20Oct/JoshW/DSC_1351.tif,3,3,1,1,2,3,360,596,601,837
/Volumes/shared/Research-Groups/Mark-Banfield/Josh_Williams/Scoring_20Oct/JoshW/DSC_1351.tif,3,3,1,1,3,2,332,584,918,1170
/Volumes/shared/Research-Groups/Mark-Banfield/Josh_Williams/Scoring_20Oct/JoshW/DSC_1351.tif,3,3,1,1,4,6,760,1002,875,1117
/Volumes/shared/Research-Groups/Mark-Banfield/Josh_Williams/Scoring_20Oct/JoshW/DSC_1351.tif,3,3,1,1,5,6,814,1056,648,890
/Volumes/shared/Research-Groups/Mark-Banfield/Josh_Williams/Scoring_20Oct/JoshW/DSC_1351.tif,3,3,1,1,6,0,890,1128,366,604
/Volumes/shared/Research-Groups/Mark-Banfield/Josh_Williams/Scoring_20Oct/JoshW/DSC_1351.tif,3,3,1,3,1,0,1873,2157,448,732
/Volumes/shared/Research-Groups/Mark-Banfield/Josh_Williams/Scoring_20Oct/JoshW/DSC_1351.tif,3,3,1,3,2,0,1730,2008,834,1112
/Volumes/shared/Research-Groups/Mark-Banfield/Josh_Williams/Scoring_20Oct/JoshW/DSC_1351.tif,3,3,1,3,3,5,1788,2052,1192,1456
/Volumes/shared/Research-Groups/Mark-Banfield/Josh_Williams/Scoring_20Oct/JoshW/DSC_1351.tif,3,3,1,3,4,5,2232,2448,1030,1246
/Volumes/shared/Research-Groups/Mark-Banfield/Josh_Williams/Scoring_20Oct/JoshW/DSC_1351.tif,3,3,1,3,5,6,2168,2424,756,1012
/Volumes/shared/Research-Groups/Mark-Banfield/Josh_Williams/Scoring_20Oct/JoshW/DSC_1351.tif,3,3,1,3,6,5,2180,2376,559,755
/Volumes/shared/Research-Groups/Mark-Banfield/Josh_Williams/Scoring_20Oct/JoshW/DSC_1351.tif,3,3,2,2,1,5,1226,1448,1694,1916
/Volumes/shared/Research-Groups/Mark-Banfield/Josh_Williams/Scoring_20Oct/JoshW/DSC_1351.tif,3,3,2,2,2,0,1078,1354,1992,2268
/Volumes/shared/Research-Groups/Mark-Banfield/Josh_Williams/Scoring_20Oct/JoshW/DSC_1351.tif,3,3,2,2,3,0,979,1297,2356,2674
/Volumes/shared/Research-Groups/Mark-Banfield/Josh_Williams/Scoring_20Oct/JoshW/DSC_1351.tif,3,3,2,2,4,3,1524,1774,2242,2492
/Volumes/shared/Research-Groups/Mark-Banfield/Josh_Williams/Scoring_20Oct/JoshW/DSC_1351.tif,3,3,2,2,5,6,1490,1728,1984,2222
/Volumes/shared/Research-Groups/Mark-Banfield/Josh_Williams/Scoring_20Oct/JoshW/DSC_1351.tif,3,3,2,2,6,6,1500,1704,1788,1992
/Volumes/shared/Research-Groups/Mark-Banfield/Josh_Williams/Scoring_20Oct/JoshW/DSC_1351.tif,3,3,3,1,1,6,340,522,3091,3273
/Volumes/shared/Research-Groups/Mark-Banfield/Josh_Williams/Scoring_20Oct/JoshW/DSC_1351.tif,3,3,3,1,2,6,261,485,3358,3582
/Volumes/shared/Research-Groups/Mark-Banfield/Josh_Williams/Scoring_20Oct/JoshW/DSC_1351.tif,3,3,3,1,3,0,264,576,3639,3951
/Volumes/shared/Research-Groups/Mark-Banfield/Josh_Williams/Scoring_20Oct/JoshW/DSC_1351.tif,3,3,3,1,4,0,792,1132,3483,3823
/Volumes/shared/Research-Groups/Mark-Banfield/Josh_Williams/Scoring_20Oct/JoshW/DSC_1351.tif,3,3,3,1,5,6,726,976,3237,3487
/Volumes/shared/Research-Groups/Mark-Banfield/Josh_Williams/Scoring_20Oct/JoshW/DSC_1351.tif,3,3,3,1,6,5,618,840,3014,3236
/Volumes/shared/Research-Groups/Mark-Banfield/Josh_Williams/Scoring_20Oct/JoshW/DSC_1351.tif,3,3,3,3,1,5,2126,2330,2887,3091
/Volumes/shared/Research-Groups/Mark-Banfield/Josh_Williams/Scoring_20Oct/JoshW/DSC_1351.tif,3,3,3,3,2,5,1970,2208,3077,3315
/Volumes/shared/Research-Groups/Mark-Banfield/Josh_Williams/Scoring_20Oct/JoshW/DSC_1351.tif,3,3,3,3,3,5,2002,2278,3400,3676
/Volumes/shared/Research-Groups/Mark-Banfield/Josh_Williams/Scoring_20Oct/JoshW/DSC_1351.tif,3,3,3,3,4,0,2498,2790,3368,3660
/Volumes/shared/Research-Groups/Mark-Banfield/Josh_Williams/Scoring_20Oct/JoshW/DSC_1351.tif,3,3,3,3,5,0,2458,2750,3060,3352
/Volumes/shared/Research-Groups/Mark-Banfield/Josh_Williams/Scoring_20Oct/JoshW/DSC_1351.tif,3,3,3,3,6,4,2384,2586,2835,3037
/Volumes/shared/Research-Groups/Mark-Banfield/Josh_Williams/Scoring_20Oct/JoshW/DSC_2827.TIF,3,3,1,1,1,5,394,664,515,785
/Volumes/shared/Research-Groups/Mark-Banfield/Josh_Williams/Scoring_20Oct/JoshW/DSC_2827.TIF,3,3,1,1,2,0,298,610,826,1138
/Volumes/shared/Research-Groups/Mark-Banfield/Josh_Williams/Scoring_20Oct/JoshW/DSC_2827.TIF,3,3,1,1,3,0,278,604,1130,1456
/Volumes/shared/Research-Groups/Mark-Banfield/Josh_Williams/Scoring_20Oct/JoshW/DSC_2827.TIF,3,3,1,1,4,0,898,1202,1016,1320
/Volumes/shared/Research-Groups/Mark-Banfield/Josh_Williams/Scoring_20Oct/JoshW/DSC_2827.TIF,3,3,1,1,5,0,948,1254,725,1031
/Volumes/shared/Research-Groups/Mark-Banfield/Josh_Williams/Scoring_20Oct/JoshW/DSC_2827.TIF,3,3,1,1,6,0,732,982,519,769
/Volumes/shared/Research-Groups/Mark-Banfield/Josh_Williams/Scoring_20Oct/JoshW/DSC_2827.TIF,3,3,1,3,1,0,1836,2106,533,803
/Volumes/shared/Research-Groups/Mark-Banfield/Josh_Williams/Scoring_20Oct/JoshW/DSC_2827.TIF,3,3,1,3,2,6,1882,2112,868,1098
/Volumes/shared/Research-Groups/Mark-Banfield/Josh_Williams/Scoring_20Oct/JoshW/DSC_2827.TIF,3,3,1,3,3,2,1887,2143,1186,1442
/Volumes/shared/Research-Groups/Mark-Banfield/Josh_Williams/Scoring_20Oct/JoshW/DSC_2827.TIF,3,3,1,3,4,0,2330,2608,1033,1311
/Volumes/shared/Research-Groups/Mark-Banfield/Josh_Williams/Scoring_20Oct/JoshW/DSC_2827.TIF,3,3,1,3,5,0,2269,2547,746,1024
/Volumes/shared/Research-Groups/Mark-Banfield/Josh_Williams/Scoring_20Oct/JoshW/DSC_2827.TIF,3,3,1,3,6,0,2139,2377,474,712
/Volumes/shared/Research-Groups/Mark-Banfield/Josh_Williams/Scoring_20Oct/JoshW/DSC_2827.TIF,3,3,2,2,1,0,1090,1416,1841,2167
/Volumes/shared/Research-Groups/Mark-Banfield/Josh_Williams/Scoring_20Oct/JoshW/DSC_2827.TIF,3,3,2,2,2,0,1036,1374,2208,2546
/Volumes/shared/Research-Groups/Mark-Banfield/Josh_Williams/Scoring_20Oct/JoshW/DSC_2827.TIF,3,3,2,2,3,6,1200,1416,2577,2793
/Volumes/shared/Research-Groups/Mark-Banfield/Josh_Williams/Scoring_20Oct/JoshW/DSC_2827.TIF,3,3,2,2,4,0,1686,1964,2370,2648
/Volumes/shared/Research-Groups/Mark-Banfield/Josh_Williams/Scoring_20Oct/JoshW/DSC_2827.TIF,3,3,2,2,5,0,1564,1822,2099,2357
/Volumes/shared/Research-Groups/Mark-Banfield/Josh_Williams/Scoring_20Oct/JoshW/DSC_2827.TIF,3,3,2,2,6,0,1450,1714,1862,2126
/Volumes/shared/Research-Groups/Mark-Banfield/Josh_Williams/Scoring_20Oct/JoshW/DSC_2827.TIF,3,3,3,1,1,0,386,650,3077,3341
/Volumes/shared/Research-Groups/Mark-Banfield/Josh_Williams/Scoring_20Oct/JoshW/DSC_2827.TIF,3,3,3,1,2,0,232,550,3392,3710
/Volumes/shared/Research-Groups/Mark-Banfield/Josh_Williams/Scoring_20Oct/JoshW/DSC_2827.TIF,3,3,3,1,3,0,326,584,3764,4022
/Volumes/shared/Research-Groups/Mark-Banfield/Josh_Williams/Scoring_20Oct/JoshW/DSC_2827.TIF,3,3,3,1,4,4,792,1036,3456,3700
/Volumes/shared/Research-Groups/Mark-Banfield/Josh_Williams/Scoring_20Oct/JoshW/DSC_2827.TIF,3,3,3,1,5,0,698,962,3267,3531
/Volumes/shared/Research-Groups/Mark-Banfield/Josh_Williams/Scoring_20Oct/JoshW/DSC_2827.TIF,3,3,3,1,6,0,650,874,3003,3227
/Volumes/shared/Research-Groups/Mark-Banfield/Josh_Williams/Scoring_20Oct/JoshW/DSC_2827.TIF,3,3,3,3,1,2,2146,2336,2898,3088
/Volumes/shared/Research-Groups/Mark-Banfield/Josh_Williams/Scoring_20Oct/JoshW/DSC_2827.TIF,3,3,3,3,2,0,1987,2245,3094,3352
/Volumes/shared/Research-Groups/Mark-Banfield/Josh_Williams/Scoring_20Oct/JoshW/DSC_2827.TIF,3,3,3,3,3,0,1933,2217,3412,3696
/Volumes/shared/Research-Groups/Mark-Banfield/Josh_Williams/Scoring_20Oct/JoshW/DSC_2827.TIF,3,3,3,3,4,0,2492,2796,3341,3645
/Volumes/shared/Research-Groups/Mark-Banfield/Josh_Williams/Scoring_20Oct/JoshW/DSC_2827.TIF,3,3,3,3,5,6,2458,2688,3112,3342
/Volumes/shared/Research-Groups/Mark-Banfield/Josh_Williams/Scoring_20Oct/JoshW/DSC_2827.TIF,3,3,3,3,6,3,2389,2607,2918,3136
/Volumes/shared/Research-Groups/Mark-Banfield/Josh_Williams/Scoring_20Oct/JoshW/_DSC2689.tif,3,3,1,1,1,0,498,872,759,1133
/Volumes/shared/Research-Groups/Mark-Banfield/Josh_Williams/Scoring_20Oct/JoshW/_DSC2689.tif,3,3,1,1,2,0,418,708,1202,1492
/Volumes/shared/Research-Groups/Mark-Banfield/Josh_Williams/Scoring_20Oct/JoshW/_DSC2689.tif,3,3,1,1,3,0,380,716,1524,1860
/Volumes/shared/Research-Groups/Mark-Banfield/Josh_Williams/Scoring_20Oct/JoshW/_DSC2689.tif,3,3,1,1,4,0,1102,1446,1542,1886
/Volumes/shared/Research-Groups/Mark-Banfield/Josh_Williams/Scoring_20Oct/JoshW/_DSC2689.tif,3,3,1,1,5,0,942,1270,1126,1454
/Volumes/shared/Research-Groups/Mark-Banfield/Josh_Williams/Scoring_20Oct/JoshW/_DSC2689.tif,3,3,1,1,6,0,872,1218,742,1088
/Volumes/shared/Research-Groups/Mark-Banfield/Josh_Williams/Scoring_20Oct/JoshW/_DSC2689.tif,3,3,1,3,1,0,2054,2422,788,1156
/Volumes/shared/Research-Groups/Mark-Banfield/Josh_Williams/Scoring_20Oct/JoshW/_DSC2689.tif,3,3,1,3,2,0,2046,2414,1178,1546
/Volumes/shared/Research-Groups/Mark-Banfield/Josh_Williams/Scoring_20Oct/JoshW/_DSC2689.tif,3,3,1,3,3,0,1982,2356,1631,2005
/Volumes/shared/Research-Groups/Mark-Banfield/Josh_Williams/Scoring_20Oct/JoshW/_DSC2689.tif,3,3,1,3,4,0,2544,2888,1492,1836
/Volumes/shared/Research-Groups/Mark-Banfield/Josh_Williams/Scoring_20Oct/JoshW/_DSC2689.tif,3,3,1,3,5,0,2509,2845,1088,1424
/Volumes/shared/Research-Groups/Mark-Banfield/Josh_Williams/Scoring_20Oct/JoshW/_DSC2689.tif,3,3,1,3,6,0,2433,2755,712,1034
/Volumes/shared/Research-Groups/Mark-Banfield/Josh_Williams/Scoring_20Oct/JoshW/_DSC2689.tif,3,3,2,2,1,0,1424,1790,2453,2819
/Volumes/shared/Research-Groups/Mark-Banfield/Josh_Williams/Scoring_20Oct/JoshW/_DSC2689.tif,3,3,2,2,2,0,1302,1668,2832,3198
/Volumes/shared/Research-Groups/Mark-Banfield/Josh_Williams/Scoring_20Oct/JoshW/_DSC2689.tif,3,3,2,2,3,0,1386,1806,3152,3572
/Volumes/shared/Research-Groups/Mark-Banfield/Josh_Williams/Scoring_20Oct/JoshW/_DSC2689.tif,3,3,2,2,4,0,1966,2318,2972,3324
/Volumes/shared/Research-Groups/Mark-Banfield/Josh_Williams/Scoring_20Oct/JoshW/_DSC2689.tif,3,3,2,2,5,2,2029,2319,2732,3022
/Volumes/shared/Research-Groups/Mark-Banfield/Josh_Williams/Scoring_20Oct/JoshW/_DSC2689.tif,3,3,2,2,6,2,1852,2128,2516,2792
/Volumes/shared/Research-Groups/Mark-Banfield/Josh_Williams/Scoring_20Oct/JoshW/_DSC2689.tif,3,3,3,1,1,1,436,720,3576,3860
/Volumes/shared/Research-Groups/Mark-Banfield/Josh_Williams/Scoring_20Oct/JoshW/_DSC2689.tif,3,3,3,1,2,0,314,690,3985,4361
/Volumes/shared/Research-Groups/Mark-Banfield/Josh_Williams/Scoring_20Oct/JoshW/_DSC2689.tif,3,3,3,1,3,0,292,720,4403,4831
/Volumes/shared/Research-Groups/Mark-Banfield/Josh_Williams/Scoring_20Oct/JoshW/_DSC2689.tif,3,3,3,1,4,0,914,1274,4184,4544
/Volumes/shared/Research-Groups/Mark-Banfield/Josh_Williams/Scoring_20Oct/JoshW/_DSC2689.tif,3,3,3,1,5,0,823,1189,3810,4176
/Volumes/shared/Research-Groups/Mark-Banfield/Josh_Williams/Scoring_20Oct/JoshW/_DSC2689.tif,3,3,3,1,6,0,728,1026,3512,3810
/Volumes/shared/Research-Groups/Mark-Banfield/Josh_Williams/Scoring_20Oct/JoshW/_DSC2689.tif,3,3,3,3,1,3,2406,2658,3764,4016
/Volumes/shared/Research-Groups/Mark-Banfield/Josh_Williams/Scoring_20Oct/JoshW/_DSC2689.tif,3,3,3,3,2,3,2364,2662,4020,4318
/Volumes/shared/Research-Groups/Mark-Banfield/Josh_Williams/Scoring_20Oct/JoshW/_DSC2689.tif,3,3,3,3,3,0,2342,2732,4411,4801
/Volumes/shared/Research-Groups/Mark-Banfield/Josh_Williams/Scoring_20Oct/JoshW/_DSC2689.tif,3,3,3,3,4,0,2960,3306,4317,4663
/Volumes/shared/Research-Groups/Mark-Banfield/Josh_Williams/Scoring_20Oct/JoshW/_DSC2689.tif,3,3,3,3,5,0,3000,3320,3864,4184
/Volumes/shared/Research-Groups/Mark-Banfield/Josh_Williams/Scoring_20Oct/JoshW/_DSC2689.tif,3,3,3,3,6,0,2662,3000,3610,3948
/Volumes/shared/Research-Groups/Mark-Banfield/Josh_Williams/Scoring_20Oct/JoshW/DSC_2452.tif,3,3,1,1,2,5,834,1078,329,573
/Volumes/shared/Research-Groups/Mark-Banfield/Josh_Williams/Scoring_20Oct/JoshW/DSC_2452.tif,3,3,1,1,3,0,725,989,576,840
/Volumes/shared/Research-Groups/Mark-Banfield/Josh_Williams/Scoring_20Oct/JoshW/DSC_2452.tif,3,3,1,1,4,0,650,914,837,1101
/Volumes/shared/Research-Groups/Mark-Banfield/Josh_Williams/Scoring_20Oct/JoshW/DSC_2452.tif,3,3,1,1,5,0,1036,1342,711,1017
/Volumes/shared/Research-Groups/Mark-Banfield/Josh_Williams/Scoring_20Oct/JoshW/DSC_2452.tif,3,3,1,2,1,6,1023,1225,502,704
/Volumes/shared/Research-Groups/Mark-Banfield/Josh_Williams/Scoring_20Oct/JoshW/DSC_2452.tif,3,3,1,3,1,3,2191,2415,380,604
/Volumes/shared/Research-Groups/Mark-Banfield/Josh_Williams/Scoring_20Oct/JoshW/DSC_2452.tif,3,3,1,3,2,2,2056,2326,644,914
/Volumes/shared/Research-Groups/Mark-Banfield/Josh_Williams/Scoring_20Oct/JoshW/DSC_2452.tif,3,3,1,3,3,0,2052,2364,891,1203
/Volumes/shared/Research-Groups/Mark-Banfield/Josh_Williams/Scoring_20Oct/JoshW/DSC_2452.tif,3,3,1,3,4,0,2516,2780,834,1098
/Volumes/shared/Research-Groups/Mark-Banfield/Josh_Williams/Scoring_20Oct/JoshW/DSC_2452.tif,3,3,1,3,5,0,2464,2742,498,776
/Volumes/shared/Research-Groups/Mark-Banfield/Josh_Williams/Scoring_20Oct/JoshW/DSC_2452.tif,3,3,2,2,1,5,1652,1808,1663,1819
/Volumes/shared/Research-Groups/Mark-Banfield/Josh_Williams/Scoring_20Oct/JoshW/DSC_2452.tif,3,3,2,2,2,5,1584,1760,1808,1984
/Volumes/shared/Research-Groups/Mark-Banfield/Josh_Williams/Scoring_20Oct/JoshW/DSC_2452.tif,3,3,2,2,3,0,1572,1828,2049,2305
/Volumes/shared/Research-Groups/Mark-Banfield/Josh_Williams/Scoring_20Oct/JoshW/DSC_2452.tif,3,3,2,2,4,0,1984,2268,1873,2157
/Volumes/shared/Research-Groups/Mark-Banfield/Josh_Williams/Scoring_20Oct/JoshW/DSC_2452.tif,3,3,2,2,5,0,1882,2140,1571,1829
/Volumes/shared/Research-Groups/Mark-Banfield/Josh_Williams/Scoring_20Oct/JoshW/DSC_2452.tif,3,3,3,1,1,0,721,985,2784,3048
/Volumes/shared/Research-Groups/Mark-Banfield/Josh_Williams/Scoring_20Oct/JoshW/DSC_2452.tif,3,3,3,1,2,5,766,928,3119,3281
/Volumes/shared/Research-Groups/Mark-Banfield/Josh_Williams/Scoring_20Oct/JoshW/DSC_2452.tif,3,3,3,1,3,5,894,1090,3216,3412
/Volumes/shared/Research-Groups/Mark-Banfield/Josh_Williams/Scoring_20Oct/JoshW/DSC_2452.tif,3,3,3,1,4,2,1120,1412,3020,3312
/Volumes/shared/Research-Groups/Mark-Banfield/Josh_Williams/Scoring_20Oct/JoshW/DSC_2452.tif,3,3,3,1,5,0,1000,1318,2702,3020
/Volumes/shared/Research-Groups/Mark-Banfield/Josh_Williams/Scoring_20Oct/JoshW/DSC_2452.tif,3,3,3,3,1,0,2316,2566,2783,3033
/Volumes/shared/Research-Groups/Mark-Banfield/Josh_Williams/Scoring_20Oct/JoshW/DSC_2452.tif,3,3,3,3,2,0,2248,2498,3006,3256
/Volumes/shared/Research-Groups/Mark-Banfield/Josh_Williams/Scoring_20Oct/JoshW/DSC_2452.tif,3,3,3,3,3,0,2024,2296,3206,3478
/Volumes/shared/Research-Groups/Mark-Banfield/Josh_Williams/Scoring_20Oct/JoshW/DSC_2452.tif,3,3,3,3,4,6,2458,2674,3284,3500
/Volumes/shared/Research-Groups/Mark-Banfield/Josh_Williams/Scoring_20Oct/JoshW/DSC_2452.tif,3,3,3,3,5,3,2492,2728,3000,3236
/Volumes/shared/Research-Groups/Mark-Banfield/Josh_Williams/Scoring_20Oct/JoshW/DSC_1179.tif,3,3,1,1,1,0,562,834,312,584
/Volumes/shared/Research-Groups/Mark-Banfield/Josh_Williams/Scoring_20Oct/JoshW/DSC_1179.tif,3,3,1,1,2,0,374,664,614,904
/Volumes/shared/Research-Groups/Mark-Banfield/Josh_Williams/Scoring_20Oct/JoshW/DSC_1179.tif,3,3,1,1,3,3,552,790,894,1132
/Volumes/shared/Research-Groups/Mark-Banfield/Josh_Williams/Scoring_20Oct/JoshW/DSC_1179.tif,3,3,1,1,4,5,990,1166,888,1064
/Volumes/shared/Research-Groups/Mark-Banfield/Josh_Williams/Scoring_20Oct/JoshW/DSC_1179.tif,3,3,1,1,5,6,922,1132,603,813
/Volumes/shared/Research-Groups/Mark-Banfield/Josh_Williams/Scoring_20Oct/JoshW/DSC_1179.tif,3,3,1,1,6,5,848,1030,380,562
/Volumes/shared/Research-Groups/Mark-Banfield/Josh_Williams/Scoring_20Oct/JoshW/DSC_1179.tif,3,3,1,3,1,5,1892,2150,400,658
/Volumes/shared/Research-Groups/Mark-Banfield/Josh_Williams/Scoring_20Oct/JoshW/DSC_1179.tif,3,3,1,3,2,0,1762,2100,672,1010
/Volumes/shared/Research-Groups/Mark-Banfield/Josh_Williams/Scoring_20Oct/JoshW/DSC_1179.tif,3,3,1,3,3,0,1802,2106,1020,1324
/Volumes/shared/Research-Groups/Mark-Banfield/Josh_Williams/Scoring_20Oct/JoshW/DSC_1179.tif,3,3,1,3,4,3,2256,2526,878,1148
/Volumes/shared/Research-Groups/Mark-Banfield/Josh_Williams/Scoring_20Oct/JoshW/DSC_1179.tif,3,3,1,3,5,6,2214,2410,671,867
/Volumes/shared/Research-Groups/Mark-Banfield/Josh_Williams/Scoring_20Oct/JoshW/DSC_1179.tif,3,3,1,3,6,4,2174,2376,459,661
/Volumes/shared/Research-Groups/Mark-Banfield/Josh_Williams/Scoring_20Oct/JoshW/DSC_1179.tif,3,3,2,2,1,5,1342,1564,1609,1831
/Volumes/shared/Research-Groups/Mark-Banfield/Josh_Williams/Scoring_20Oct/JoshW/DSC_1179.tif,3,3,2,2,2,5,1192,1416,1838,2062
/Volumes/shared/Research-Groups/Mark-Banfield/Josh_Williams/Scoring_20Oct/JoshW/DSC_1179.tif,3,3,2,2,3,0,1144,1484,2193,2533
/Volumes/shared/Research-Groups/Mark-Banfield/Josh_Williams/Scoring_20Oct/JoshW/DSC_1179.tif,3,3,2,2,4,0,1782,2134,2056,2408
/Volumes/shared/Research-Groups/Mark-Banfield/Josh_Williams/Scoring_20Oct/JoshW/DSC_1179.tif,3,3,2,2,5,6,1700,1924,1801,2025
/Volumes/shared/Research-Groups/Mark-Banfield/Josh_Williams/Scoring_20Oct/JoshW/DSC_1179.tif,3,3,2,2,6,3,1595,1805,1584,1794
/Volumes/shared/Research-Groups/Mark-Banfield/Josh_Williams/Scoring_20Oct/JoshW/DSC_1179.tif,3,3,3,1,1,5,569,773,2898,3102
/Volumes/shared/Research-Groups/Mark-Banfield/Josh_Williams/Scoring_20Oct/JoshW/DSC_1179.tif,3,3,3,1,2,4,509,739,3148,3378
/Volumes/shared/Research-Groups/Mark-Banfield/Josh_Williams/Scoring_20Oct/JoshW/DSC_1179.tif,3,3,3,1,3,2,550,820,3440,3710
/Volumes/shared/Research-Groups/Mark-Banfield/Josh_Williams/Scoring_20Oct/JoshW/DSC_1179.tif,3,3,3,1,4,0,1033,1365,3318,3650
/Volumes/shared/Research-Groups/Mark-Banfield/Josh_Williams/Scoring_20Oct/JoshW/DSC_1179.tif,3,3,3,1,5,0,922,1212,2953,3243
/Volumes/shared/Research-Groups/Mark-Banfield/Josh_Williams/Scoring_20Oct/JoshW/DSC_1179.tif,3,3,3,1,6,6,752,1016,2756,3020
/Volumes/shared/Research-Groups/Mark-Banfield/Josh_Williams/Scoring_20Oct/JoshW/DSC_1179.tif,3,3,3,3,1,0,2207,2485,2640,2918
/Volumes/shared/Research-Groups/Mark-Banfield/Josh_Williams/Scoring_20Oct/JoshW/DSC_1179.tif,3,3,3,3,2,4,2096,2360,2904,3168
/Volumes/shared/Research-Groups/Mark-Banfield/Josh_Williams/Scoring_20Oct/JoshW/DSC_1179.tif,3,3,3,3,3,3,2065,2329,3196,3460
/Volumes/shared/Research-Groups/Mark-Banfield/Josh_Williams/Scoring_20Oct/JoshW/DSC_1179.tif,3,3,3,3,4,3,2594,2784,3189,3379
/Volumes/shared/Research-Groups/Mark-Banfield/Josh_Williams/Scoring_20Oct/JoshW/DSC_1179.tif,3,3,3,3,5,3,2567,2757,2946,3136
/Volumes/shared/Research-Groups/Mark-Banfield/Josh_Williams/Scoring_20Oct/JoshW/DSC_1179.tif,3,3,3,3,6,0,2516,2754,2674,2912
/Volumes/shared/Research-Groups/Mark-Banfield/Josh_Williams/Scoring_20Oct/JoshW/DSC_0807.tif,3,3,1,1,1,6,414,678,377,641
/Volumes/shared/Research-Groups/Mark-Banfield/Josh_Williams/Scoring_20Oct/JoshW/DSC_0807.tif,3,3,1,1,2,6,346,584,691,929
/Volumes/shared/Research-Groups/Mark-Banfield/Josh_Williams/Scoring_20Oct/JoshW/DSC_0807.tif,3,3,1,1,3,2,282,532,936,1186
/Volumes/shared/Research-Groups/Mark-Banfield/Josh_Williams/Scoring_20Oct/JoshW/DSC_0807.tif,3,3,1,1,4,0,834,1152,790,1108
/Volumes/shared/Research-Groups/Mark-Banfield/Josh_Williams/Scoring_20Oct/JoshW/DSC_0807.tif,3,3,1,1,5,4,772,1016,549,793
/Volumes/shared/Research-Groups/Mark-Banfield/Josh_Williams/Scoring_20Oct/JoshW/DSC_0807.tif,3,3,1,1,6,4,752,968,340,556
/Volumes/shared/Research-Groups/Mark-Banfield/Josh_Williams/Scoring_20Oct/JoshW/DSC_0807.tif,3,3,1,3,1,4,1992,2228,672,908
/Volumes/shared/Research-Groups/Mark-Banfield/Josh_Williams/Scoring_20Oct/JoshW/DSC_0807.tif,3,3,1,3,2,6,1916,2168,961,1213
/Volumes/shared/Research-Groups/Mark-Banfield/Josh_Williams/Scoring_20Oct/JoshW/DSC_0807.tif,3,3,1,3,3,5,1944,2222,1344,1622
/Volumes/shared/Research-Groups/Mark-Banfield/Josh_Williams/Scoring_20Oct/JoshW/DSC_0807.tif,3,3,1,3,4,0,2492,2784,1134,1426
/Volumes/shared/Research-Groups/Mark-Banfield/Josh_Williams/Scoring_20Oct/JoshW/DSC_0807.tif,3,3,1,3,5,0,2390,2688,810,1108
/Volumes/shared/Research-Groups/Mark-Banfield/Josh_Williams/Scoring_20Oct/JoshW/DSC_0807.tif,3,3,1,3,6,4,2217,2509,522,814
/Volumes/shared/Research-Groups/Mark-Banfield/Josh_Williams/Scoring_20Oct/JoshW/DSC_0807.tif,3,3,2,2,1,2,1118,1388,1606,1876
/Volumes/shared/Research-Groups/Mark-Banfield/Josh_Williams/Scoring_20Oct/JoshW/DSC_0807.tif,3,3,2,2,2,2,1002,1266,1906,2170
/Volumes/shared/Research-Groups/Mark-Banfield/Josh_Williams/Scoring_20Oct/JoshW/DSC_0807.tif,3,3,2,2,3,4,1131,1409,2140,2418
/Volumes/shared/Research-Groups/Mark-Banfield/Josh_Williams/Scoring_20Oct/JoshW/DSC_0807.tif,3,3,2,2,4,3,1557,1795,2112,2350
/Volumes/shared/Research-Groups/Mark-Banfield/Josh_Williams/Scoring_20Oct/JoshW/DSC_0807.tif,3,3,2,2,5,0,1578,1862,1778,2062
/Volumes/shared/Research-Groups/Mark-Banfield/Josh_Williams/Scoring_20Oct/JoshW/DSC_0807.tif,3,3,2,2,6,0,1409,1673,1490,1754
/Volumes/shared/Research-Groups/Mark-Banfield/Josh_Williams/Scoring_20Oct/JoshW/DSC_0807.tif,3,3,3,1,1,0,586,890,2790,3094
/Volumes/shared/Research-Groups/Mark-Banfield/Josh_Williams/Scoring_20Oct/JoshW/DSC_0807.tif,3,3,3,1,2,6,501,745,3068,3312
/Volumes/shared/Research-Groups/Mark-Banfield/Josh_Williams/Scoring_20Oct/JoshW/DSC_0807.tif,3,3,3,1,3,6,434,704,3352,3622
/Volumes/shared/Research-Groups/Mark-Banfield/Josh_Williams/Scoring_20Oct/JoshW/DSC_0807.tif,3,3,3,1,4,6,928,1132,3358,3562
/Volumes/shared/Research-Groups/Mark-Banfield/Josh_Williams/Scoring_20Oct/JoshW/DSC_0807.tif,3,3,3,1,5,6,918,1148,3094,3324
/Volumes/shared/Research-Groups/Mark-Banfield/Josh_Williams/Scoring_20Oct/JoshW/DSC_0807.tif,3,3,3,1,6,0,914,1152,2830,3068
/Volumes/shared/Research-Groups/Mark-Banfield/Josh_Williams/Scoring_20Oct/JoshW/DSC_0807.tif,3,3,3,3,1,0,1984,2268,2384,2668
/Volumes/shared/Research-Groups/Mark-Banfield/Josh_Williams/Scoring_20Oct/JoshW/DSC_0807.tif,3,3,3,3,2,0,1856,2194,2682,3020
/Volumes/shared/Research-Groups/Mark-Banfield/Josh_Williams/Scoring_20Oct/JoshW/DSC_0807.tif,3,3,3,3,3,2,1910,2208,3094,3392
/Volumes/shared/Research-Groups/Mark-Banfield/Josh_Williams/Scoring_20Oct/JoshW/DSC_0807.tif,3,3,3,3,4,4,2475,2705,3000,3230
/Volumes/shared/Research-Groups/Mark-Banfield/Josh_Williams/Scoring_20Oct/JoshW/DSC_0807.tif,3,3,3,3,5,5,2400,2644,2742,2986
/Volumes/shared/Research-Groups/Mark-Banfield/Josh_Williams/Scoring_20Oct/JoshW/DSC_0807.tif,3,3,3,3,6,5,2370,2620,2418,2668
/Volumes/shared/Research-Groups/Mark-Banfield/Josh_Williams/Scoring_20Oct/JoshW/_DSC7624.tif,3,3,1,1,1,0,598,866,1256,1524
/Volumes/shared/Research-Groups/Mark-Banfield/Josh_Williams/Scoring_20Oct/JoshW/_DSC7624.tif,3,3,1,1,2,0,376,682,1500,1806
/Volumes/shared/Research-Groups/Mark-Banfield/Josh_Williams/Scoring_20Oct/JoshW/_DSC7624.tif,3,3,1,1,3,0,490,796,1832,2138
/Volumes/shared/Research-Groups/Mark-Banfield/Josh_Williams/Scoring_20Oct/JoshW/_DSC7624.tif,3,3,1,1,4,0,964,1278,1744,2058
/Volumes/shared/Research-Groups/Mark-Banfield/Josh_Williams/Scoring_20Oct/JoshW/_DSC7624.tif,3,3,1,1,5,0,858,1148,1451,1741
/Volumes/shared/Research-Groups/Mark-Banfield/Josh_Williams/Scoring_20Oct/JoshW/_DSC7624.tif,3,3,1,1,6,5,815,1069,1224,1478
/Volumes/shared/Research-Groups/Mark-Banfield/Josh_Williams/Scoring_20Oct/JoshW/_DSC7624.tif,3,3,1,3,1,5,1982,2166,1217,1401
/Volumes/shared/Research-Groups/Mark-Banfield/Josh_Williams/Scoring_20Oct/JoshW/_DSC7624.tif,3,3,1,3,2,0,1752,2028,1412,1688
/Volumes/shared/Research-Groups/Mark-Banfield/Josh_Williams/Scoring_20Oct/JoshW/_DSC7624.tif,3,3,1,3,3,0,1828,2096,1730,1998
/Volumes/shared/Research-Groups/Mark-Banfield/Josh_Williams/Scoring_20Oct/JoshW/_DSC7624.tif,3,3,1,3,4,0,2306,2644,1660,1998
/Volumes/shared/Research-Groups/Mark-Banfield/Josh_Williams/Scoring_20Oct/JoshW/_DSC7624.tif,3,3,1,3,5,0,2410,2670,1358,1618
/Volumes/shared/Research-Groups/Mark-Banfield/Josh_Williams/Scoring_20Oct/JoshW/_DSC7624.tif,3,3,1,3,6,0,2288,2518,1132,1362
/Volumes/shared/Research-Groups/Mark-Banfield/Josh_Williams/Scoring_20Oct/JoshW/_DSC7624.tif,3,3,2,2,1,0,1218,1524,2502,2808
/Volumes/shared/Research-Groups/Mark-Banfield/Josh_Williams/Scoring_20Oct/JoshW/_DSC7624.tif,3,3,2,2,2,6,1114,1420,2892,3198
/Volumes/shared/Research-Groups/Mark-Banfield/Josh_Williams/Scoring_20Oct/JoshW/_DSC7624.tif,3,3,2,2,3,0,1133,1485,3182,3534
/Volumes/shared/Research-Groups/Mark-Banfield/Josh_Williams/Scoring_20Oct/JoshW/_DSC7624.tif,3,3,2,2,4,0,1699,2011,3046,3358
/Volumes/shared/Research-Groups/Mark-Banfield/Josh_Williams/Scoring_20Oct/JoshW/_DSC7624.tif,3,3,2,2,5,0,1794,2100,2762,3068
/Volumes/shared/Research-Groups/Mark-Banfield/Josh_Williams/Scoring_20Oct/JoshW/_DSC7624.tif,3,3,2,2,6,0,1546,1836,2419,2709
/Volumes/shared/Research-Groups/Mark-Banfield/Josh_Williams/Scoring_20Oct/JoshW/_DSC7624.tif,3,3,3,1,1,0,398,666,3898,4166
/Volumes/shared/Research-Groups/Mark-Banfield/Josh_Williams/Scoring_20Oct/JoshW/_DSC7624.tif,3,3,3,1,2,0,192,582,4208,4598
/Volumes/shared/Research-Groups/Mark-Banfield/Josh_Williams/Scoring_20Oct/JoshW/_DSC7624.tif,3,3,3,1,3,5,280,570,4674,4964
/Volumes/shared/Research-Groups/Mark-Banfield/Josh_Williams/Scoring_20Oct/JoshW/_DSC7624.tif,3,3,3,1,4,0,816,1144,4460,4788
/Volumes/shared/Research-Groups/Mark-Banfield/Josh_Williams/Scoring_20Oct/JoshW/_DSC7624.tif,3,3,3,1,5,0,828,1148,4143,4463
/Volumes/shared/Research-Groups/Mark-Banfield/Josh_Williams/Scoring_20Oct/JoshW/_DSC7624.tif,3,3,3,1,6,0,766,1094,3826,4154
/Volumes/shared/Research-Groups/Mark-Banfield/Josh_Williams/Scoring_20Oct/JoshW/_DSC7624.tif,3,3,3,3,1,0,1860,2188,3994,4322
/Volumes/shared/Research-Groups/Mark-Banfield/Josh_Williams/Scoring_20Oct/JoshW/_DSC7624.tif,3,3,3,3,2,0,1790,2082,4368,4660
/Volumes/shared/Research-Groups/Mark-Banfield/Josh_Williams/Scoring_20Oct/JoshW/_DSC7624.tif,3,3,3,3,3,0,1798,2134,4701,5037
/Volumes/shared/Research-Groups/Mark-Banfield/Josh_Williams/Scoring_20Oct/JoshW/_DSC7624.tif,3,3,3,3,4,4,2264,2556,4562,4854
/Volumes/shared/Research-Groups/Mark-Banfield/Josh_Williams/Scoring_20Oct/JoshW/_DSC7624.tif,3,3,3,3,5,0,2258,2524,4247,4513
/Volumes/shared/Research-Groups/Mark-Banfield/Josh_Williams/Scoring_20Oct/JoshW/_DSC7624.tif,3,3,3,3,6,0,2185,2445,3940,4200
/Volumes/shared/Research-Groups/Mark-Banfield/Josh_Williams/Scoring_20Oct/JoshW/DSC_7588.TIF,3,3,1,2,1,1,1490,1780,198,488
/Volumes/shared/Research-Groups/Mark-Banfield/Josh_Williams/Scoring_20Oct/JoshW/DSC_7588.TIF,3,3,1,2,2,0,1284,1622,462,800
/Volumes/shared/Research-Groups/Mark-Banfield/Josh_Williams/Scoring_20Oct/JoshW/DSC_7588.TIF,3,3,1,2,3,0,1328,1666,854,1192
/Volumes/shared/Research-Groups/Mark-Banfield/Josh_Williams/Scoring_20Oct/JoshW/DSC_7588.TIF,3,3,1,2,4,0,1970,2322,870,1222
/Volumes/shared/Research-Groups/Mark-Banfield/Josh_Williams/Scoring_20Oct/JoshW/DSC_7588.TIF,3,3,1,2,5,0,1992,2404,465,877
/Volumes/shared/Research-Groups/Mark-Banfield/Josh_Williams/Scoring_20Oct/JoshW/DSC_7588.TIF,3,3,1,2,6,0,1818,2130,156,468
/Volumes/shared/Research-Groups/Mark-Banfield/Josh_Williams/Scoring_20Oct/JoshW/DSC_7588.TIF,3,3,2,1,1,0,806,1098,1229,1521
/Volumes/shared/Research-Groups/Mark-Banfield/Josh_Williams/Scoring_20Oct/JoshW/DSC_7588.TIF,3,3,2,1,2,0,550,874,1582,1906
/Volumes/shared/Research-Groups/Mark-Banfield/Josh_Williams/Scoring_20Oct/JoshW/DSC_7588.TIF,3,3,2,1,3,0,525,809,1904,2188
/Volumes/shared/Research-Groups/Mark-Banfield/Josh_Williams/Scoring_20Oct/JoshW/DSC_7588.TIF,3,3,2,1,4,0,1152,1484,2082,2414
/Volumes/shared/Research-Groups/Mark-Banfield/Josh_Williams/Scoring_20Oct/JoshW/DSC_7588.TIF,3,3,2,1,5,0,1144,1504,1622,1982
/Volumes/shared/Research-Groups/Mark-Banfield/Josh_Williams/Scoring_20Oct/JoshW/DSC_7588.TIF,3,3,2,1,6,0,1090,1450,1222,1582
/Volumes/shared/Research-Groups/Mark-Banfield/Josh_Williams/Scoring_20Oct/JoshW/DSC_7588.TIF,3,3,2,3,1,0,2024,2336,1453,1765
/Volumes/shared/Research-Groups/Mark-Banfield/Josh_Williams/Scoring_20Oct/JoshW/DSC_7588.TIF,3,3,2,3,2,0,1862,2208,1754,2100
/Volumes/shared/Research-Groups/Mark-Banfield/Josh_Williams/Scoring_20Oct/JoshW/DSC_7588.TIF,3,3,2,3,3,0,1821,2235,2106,2520
/Volumes/shared/Research-Groups/Mark-Banfield/Josh_Williams/Scoring_20Oct/JoshW/DSC_7588.TIF,3,3,2,3,4,0,2662,3006,2107,2451
/Volumes/shared/Research-Groups/Mark-Banfield/Josh_Williams/Scoring_20Oct/JoshW/DSC_7588.TIF,3,3,2,3,5,0,2546,2892,1744,2090
/Volumes/shared/Research-Groups/Mark-Banfield/Josh_Williams/Scoring_20Oct/JoshW/DSC_7588.TIF,3,3,2,3,6,1,2376,2696,1381,1701
/Volumes/shared/Research-Groups/Mark-Banfield/Josh_Williams/Scoring_20Oct/JoshW/DSC_7588.TIF,3,3,3,1,1,0,732,990,2843,3101
/Volumes/shared/Research-Groups/Mark-Banfield/Josh_Williams/Scoring_20Oct/JoshW/DSC_7588.TIF,3,3,3,1,2,0,522,800,3148,3426
/Volumes/shared/Research-Groups/Mark-Banfield/Josh_Williams/Scoring_20Oct/JoshW/DSC_7588.TIF,3,3,3,1,3,0,553,823,3542,3812
/Volumes/shared/Research-Groups/Mark-Banfield/Josh_Williams/Scoring_20Oct/JoshW/DSC_7588.TIF,3,3,3,1,4,1,1189,1453,3460,3724
/Volumes/shared/Research-Groups/Mark-Banfield/Josh_Williams/Scoring_20Oct/JoshW/DSC_7588.TIF,3,3,3,1,5,1,1124,1388,3102,3366
/Volumes/shared/Research-Groups/Mark-Banfield/Josh_Williams/Scoring_20Oct/JoshW/DSC_7588.TIF,3,3,3,1,6,1,1036,1280,2803,3047
/Volumes/shared/Research-Groups/Mark-Banfield/Josh_Williams/Scoring_20Oct/JoshW/DSC_7588.TIF,3,3,3,3,1,1,2222,2486,2905,3169
/Volumes/shared/Research-Groups/Mark-Banfield/Josh_Williams/Scoring_20Oct/JoshW/DSC_7588.TIF,3,3,3,3,2,0,2012,2344,3189,3521
/Volumes/shared/Research-Groups/Mark-Banfield/Josh_Williams/Scoring_20Oct/JoshW/DSC_7588.TIF,3,3,3,3,3,0,1930,2282,3582,3934
/Volumes/shared/Research-Groups/Mark-Banfield/Josh_Williams/Scoring_20Oct/JoshW/DSC_7588.TIF,3,3,3,3,4,0,2696,3040,3579,3923
/Volumes/shared/Research-Groups/Mark-Banfield/Josh_Williams/Scoring_20Oct/JoshW/DSC_7588.TIF,3,3,3,3,5,0,2637,2975,3278,3616
/Volumes/shared/Research-Groups/Mark-Banfield/Josh_Williams/Scoring_20Oct/JoshW/DSC_7588.TIF,3,3,3,3,6,0,2498,2816,2956,3274
/Volumes/shared/Research-Groups/Mark-Banfield/Josh_Williams/Scoring_20Oct/JoshW/DSC_6617.tif,3,3,1,1,1,0,562,814,535,787
/Volumes/shared/Research-Groups/Mark-Banfield/Josh_Williams/Scoring_20Oct/JoshW/DSC_6617.tif,3,3,1,1,2,0,485,797,772,1084
/Volumes/shared/Research-Groups/Mark-Banfield/Josh_Williams/Scoring_20Oct/JoshW/DSC_6617.tif,3,3,1,1,3,4,536,800,1105,1369
/Volumes/shared/Research-Groups/Mark-Banfield/Josh_Williams/Scoring_20Oct/JoshW/DSC_6617.tif,3,3,1,1,4,4,1064,1348,1037,1321
/Volumes/shared/Research-Groups/Mark-Banfield/Josh_Williams/Scoring_20Oct/JoshW/DSC_6617.tif,3,3,1,1,5,0,1047,1311,760,1024
/Volumes/shared/Research-Groups/Mark-Banfield/Josh_Williams/Scoring_20Oct/JoshW/DSC_6617.tif,3,3,1,1,6,0,820,1124,499,803
/Volumes/shared/Research-Groups/Mark-Banfield/Josh_Williams/Scoring_20Oct/JoshW/DSC_6617.tif,3,3,1,3,1,0,2025,2289,610,874
/Volumes/shared/Research-Groups/Mark-Banfield/Josh_Williams/Scoring_20Oct/JoshW/DSC_6617.tif,3,3,1,3,2,0,1978,2282,840,1144
/Volumes/shared/Research-Groups/Mark-Banfield/Josh_Williams/Scoring_20Oct/JoshW/DSC_6617.tif,3,3,1,3,3,0,1937,2261,1132,1456
/Volumes/shared/Research-Groups/Mark-Banfield/Josh_Williams/Scoring_20Oct/JoshW/DSC_6617.tif,3,3,1,3,4,3,2373,2645,1104,1376
/Volumes/shared/Research-Groups/Mark-Banfield/Josh_Williams/Scoring_20Oct/JoshW/DSC_6617.tif,3,3,1,3,5,6,2356,2586,914,1144
/Volumes/shared/Research-Groups/Mark-Banfield/Josh_Williams/Scoring_20Oct/JoshW/DSC_6617.tif,3,3,1,3,6,0,2282,2540,606,864
/Volumes/shared/Research-Groups/Mark-Banfield/Josh_Williams/Scoring_20Oct/JoshW/DSC_6617.tif,3,3,2,2,1,0,1368,1686,1937,2255
/Volumes/shared/Research-Groups/Mark-Banfield/Josh_Williams/Scoring_20Oct/JoshW/DSC_6617.tif,3,3,2,2,2,0,1220,1510,2313,2603
/Volumes/shared/Research-Groups/Mark-Banfield/Josh_Williams/Scoring_20Oct/JoshW/DSC_6617.tif,3,3,2,2,3,0,1246,1558,2627,2939
/Volumes/shared/Research-Groups/Mark-Banfield/Josh_Williams/Scoring_20Oct/JoshW/DSC_6617.tif,3,3,2,2,4,0,1706,2080,2434,2808
/Volumes/shared/Research-Groups/Mark-Banfield/Josh_Williams/Scoring_20Oct/JoshW/DSC_6617.tif,3,3,2,2,5,5,1896,2134,2200,2438
/Volumes/shared/Research-Groups/Mark-Banfield/Josh_Williams/Scoring_20Oct/JoshW/DSC_6617.tif,3,3,2,2,6,6,1727,1997,1958,2228
/Volumes/shared/Research-Groups/Mark-Banfield/Josh_Williams/Scoring_20Oct/JoshW/DSC_6617.tif,3,3,3,1,1,4,407,631,3182,3406
/Volumes/shared/Research-Groups/Mark-Banfield/Josh_Williams/Scoring_20Oct/JoshW/DSC_6617.tif,3,3,3,1,2,0,357,647,3440,3730
/Volumes/shared/Research-Groups/Mark-Banfield/Josh_Williams/Scoring_20Oct/JoshW/DSC_6617.tif,3,3,3,1,3,0,251,583,3778,4110
/Volumes/shared/Research-Groups/Mark-Banfield/Josh_Williams/Scoring_20Oct/JoshW/DSC_6617.tif,3,3,3,1,4,0,840,1220,3676,4056
/Volumes/shared/Research-Groups/Mark-Banfield/Josh_Williams/Scoring_20Oct/JoshW/DSC_6617.tif,3,3,3,1,5,0,736,1060,3352,3676
/Volumes/shared/Research-Groups/Mark-Banfield/Josh_Williams/Scoring_20Oct/JoshW/DSC_6617.tif,3,3,3,1,6,3,664,894,3115,3345
/Volumes/shared/Research-Groups/Mark-Banfield/Josh_Williams/Scoring_20Oct/JoshW/DSC_6617.tif,3,3,3,3,1,5,2350,2594,3196,3440
/Volumes/shared/Research-Groups/Mark-Banfield/Josh_Williams/Scoring_20Oct/JoshW/DSC_6617.tif,3,3,3,3,2,5,2269,2519,3406,3656
/Volumes/shared/Research-Groups/Mark-Banfield/Josh_Williams/Scoring_20Oct/JoshW/DSC_6617.tif,3,3,3,3,3,0,2171,2461,3738,4028
/Volumes/shared/Research-Groups/Mark-Banfield/Josh_Williams/Scoring_20Oct/JoshW/DSC_6617.tif,3,3,3,3,4,0,2756,3014,3758,4016
/Volumes/shared/Research-Groups/Mark-Banfield/Josh_Williams/Scoring_20Oct/JoshW/DSC_6617.tif,3,3,3,3,5,0,2742,3000,3436,3694
/Volumes/shared/Research-Groups/Mark-Banfield/Josh_Williams/Scoring_20Oct/JoshW/DSC_6617.tif,3,3,3,3,6,0,2655,2945,3088,3378
/Volumes/shared/Research-Groups/Mark-Banfield/Josh_Williams/Scoring_20Oct/JoshW/DSC_4390.TIF,3,3,1,1,1,0,712,996,516,800
/Volumes/shared/Research-Groups/Mark-Banfield/Josh_Williams/Scoring_20Oct/JoshW/DSC_4390.TIF,3,3,1,1,2,2,684,922,853,1091
/Volumes/shared/Research-Groups/Mark-Banfield/Josh_Williams/Scoring_20Oct/JoshW/DSC_4390.TIF,3,3,1,1,3,0,718,1024,1093,1399
/Volumes/shared/Research-Groups/Mark-Banfield/Josh_Williams/Scoring_20Oct/JoshW/DSC_4390.TIF,3,3,1,1,4,3,1203,1473,976,1246
/Volumes/shared/Research-Groups/Mark-Banfield/Josh_Williams/Scoring_20Oct/JoshW/DSC_4390.TIF,3,3,1,1,5,0,1090,1388,657,955
/Volumes/shared/Research-Groups/Mark-Banfield/Josh_Williams/Scoring_20Oct/JoshW/DSC_4390.TIF,3,3,1,1,6,0,1036,1254,481,699
/Volumes/shared/Research-Groups/Mark-Banfield/Josh_Williams/Scoring_20Oct/JoshW/DSC_4390.TIF,3,3,1,3,1,0,2133,2417,502,786
/Volumes/shared/Research-Groups/Mark-Banfield/Josh_Williams/Scoring_20Oct/JoshW/DSC_4390.TIF,3,3,1,3,2,0,2012,2370,786,1144
/Volumes/shared/Research-Groups/Mark-Banfield/Josh_Williams/Scoring_20Oct/JoshW/DSC_4390.TIF,3,3,1,3,3,0,2114,2452,1112,1450
/Volumes/shared/Research-Groups/Mark-Banfield/Josh_Williams/Scoring_20Oct/JoshW/DSC_4390.TIF,3,3,1,3,4,5,2594,2850,1034,1290
/Volumes/shared/Research-Groups/Mark-Banfield/Josh_Williams/Scoring_20Oct/JoshW/DSC_4390.TIF,3,3,1,3,5,5,2580,2804,725,949
/Volumes/shared/Research-Groups/Mark-Banfield/Josh_Williams/Scoring_20Oct/JoshW/DSC_4390.TIF,3,3,1,3,6,0,2506,2776,462,732
/Volumes/shared/Research-Groups/Mark-Banfield/Josh_Williams/Scoring_20Oct/JoshW/DSC_4390.TIF,3,3,2,2,1,0,1530,1808,1852,2130
/Volumes/shared/Research-Groups/Mark-Banfield/Josh_Williams/Scoring_20Oct/JoshW/DSC_4390.TIF,3,3,2,2,2,0,1362,1660,2184,2482
/Volumes/shared/Research-Groups/Mark-Banfield/Josh_Williams/Scoring_20Oct/JoshW/DSC_4390.TIF,3,3,2,2,3,0,1256,1602,2458,2804
/Volumes/shared/Research-Groups/Mark-Banfield/Josh_Williams/Scoring_20Oct/JoshW/DSC_4390.TIF,3,3,2,2,4,2,1816,2112,2415,2711
/Volumes/shared/Research-Groups/Mark-Banfield/Josh_Williams/Scoring_20Oct/JoshW/DSC_4390.TIF,3,3,2,2,5,6,1819,2075,2100,2356
/Volumes/shared/Research-Groups/Mark-Banfield/Josh_Williams/Scoring_20Oct/JoshW/DSC_4390.TIF,3,3,2,2,6,6,1826,2034,1904,2112
/Volumes/shared/Research-Groups/Mark-Banfield/Josh_Williams/Scoring_20Oct/JoshW/DSC_4390.TIF,3,3,3,1,1,6,914,1132,3178,3396
/Volumes/shared/Research-Groups/Mark-Banfield/Josh_Williams/Scoring_20Oct/JoshW/DSC_4390.TIF,3,3,3,1,2,0,732,1050,3429,3747
/Volumes/shared/Research-Groups/Mark-Banfield/Josh_Williams/Scoring_20Oct/JoshW/DSC_4390.TIF,3,3,3,1,3,0,793,1071,3758,4036
/Volumes/shared/Research-Groups/Mark-Banfield/Josh_Williams/Scoring_20Oct/JoshW/DSC_4390.TIF,3,3,3,1,4,0,1260,1592,3745,4077
/Volumes/shared/Research-Groups/Mark-Banfield/Josh_Williams/Scoring_20Oct/JoshW/DSC_4390.TIF,3,3,3,1,5,3,1259,1537,3432,3710
/Volumes/shared/Research-Groups/Mark-Banfield/Josh_Williams/Scoring_20Oct/JoshW/DSC_4390.TIF,3,3,3,1,6,6,1188,1466,3162,3440
/Volumes/shared/Research-Groups/Mark-Banfield/Josh_Williams/Scoring_20Oct/JoshW/DSC_4390.TIF,3,3,3,3,1,3,2293,2523,3074,3304
/Volumes/shared/Research-Groups/Mark-Banfield/Josh_Williams/Scoring_20Oct/JoshW/DSC_4390.TIF,3,3,3,3,2,6,2211,2455,3304,3548
/Volumes/shared/Research-Groups/Mark-Banfield/Josh_Williams/Scoring_20Oct/JoshW/DSC_4390.TIF,3,3,3,3,3,0,2154,2432,3581,3859
/Volumes/shared/Research-Groups/Mark-Banfield/Josh_Williams/Scoring_20Oct/JoshW/DSC_4390.TIF,3,3,3,3,4,0,2594,2918,3549,3873
/Volumes/shared/Research-Groups/Mark-Banfield/Josh_Williams/Scoring_20Oct/JoshW/DSC_4390.TIF,3,3,3,3,5,0,2633,2945,3304,3616
/Volumes/shared/Research-Groups/Mark-Banfield/Josh_Williams/Scoring_20Oct/JoshW/DSC_4390.TIF,3,3,3,3,6,3,2526,2756,3016,3246
/Volumes/shared/Research-Groups/Mark-Banfield/Josh_Williams/Scoring_20Oct/JoshW/DSC_1175.tif,3,3,1,1,1,0,536,812,198,474
/Volumes/shared/Research-Groups/Mark-Banfield/Josh_Williams/Scoring_20Oct/JoshW/DSC_1175.tif,3,3,1,1,2,0,393,711,502,820
/Volumes/shared/Research-Groups/Mark-Banfield/Josh_Williams/Scoring_20Oct/JoshW/DSC_1175.tif,3,3,1,1,3,2,397,681,834,1118
/Volumes/shared/Research-Groups/Mark-Banfield/Josh_Williams/Scoring_20Oct/JoshW/DSC_1175.tif,3,3,1,1,4,5,888,1124,804,1040
/Volumes/shared/Research-Groups/Mark-Banfield/Josh_Williams/Scoring_20Oct/JoshW/DSC_1175.tif,3,3,1,1,5,6,983,1213,536,766
/Volumes/shared/Research-Groups/Mark-Banfield/Josh_Williams/Scoring_20Oct/JoshW/DSC_1175.tif,3,3,1,1,6,0,851,1101,252,502
/Volumes/shared/Research-Groups/Mark-Banfield/Josh_Williams/Scoring_20Oct/JoshW/DSC_1175.tif,3,3,1,3,1,0,1863,2133,306,576
/Volumes/shared/Research-Groups/Mark-Banfield/Josh_Williams/Scoring_20Oct/JoshW/DSC_1175.tif,3,3,1,3,2,0,1754,2058,583,887
/Volumes/shared/Research-Groups/Mark-Banfield/Josh_Williams/Scoring_20Oct/JoshW/DSC_1175.tif,3,3,1,3,3,0,1734,2120,870,1256
/Volumes/shared/Research-Groups/Mark-Banfield/Josh_Williams/Scoring_20Oct/JoshW/DSC_1175.tif,3,3,1,3,4,2,2356,2668,840,1152
/Volumes/shared/Research-Groups/Mark-Banfield/Josh_Williams/Scoring_20Oct/JoshW/DSC_1175.tif,3,3,1,3,5,6,2248,2546,522,820
/Volumes/shared/Research-Groups/Mark-Banfield/Josh_Williams/Scoring_20Oct/JoshW/DSC_1175.tif,3,3,1,3,6,6,2148,2364,360,576
/Volumes/shared/Research-Groups/Mark-Banfield/Josh_Williams/Scoring_20Oct/JoshW/DSC_1175.tif,3,3,2,2,1,6,1223,1439,1518,1734
/Volumes/shared/Research-Groups/Mark-Banfield/Josh_Williams/Scoring_20Oct/JoshW/DSC_1175.tif,3,3,2,2,2,0,1036,1328,1814,2106
/Volumes/shared/Research-Groups/Mark-Banfield/Josh_Williams/Scoring_20Oct/JoshW/DSC_1175.tif,3,3,2,2,3,0,1044,1362,2075,2393
/Volumes/shared/Research-Groups/Mark-Banfield/Josh_Williams/Scoring_20Oct/JoshW/DSC_1175.tif,3,3,2,2,4,0,1686,2046,2008,2368
/Volumes/shared/Research-Groups/Mark-Banfield/Josh_Williams/Scoring_20Oct/JoshW/DSC_1175.tif,3,3,2,2,5,3,1660,1890,1700,1930
/Volumes/shared/Research-Groups/Mark-Banfield/Josh_Williams/Scoring_20Oct/JoshW/DSC_1175.tif,3,3,2,2,6,4,1510,1768,1480,1738
/Volumes/shared/Research-Groups/Mark-Banfield/Josh_Williams/Scoring_20Oct/JoshW/DSC_1175.tif,3,3,3,1,1,6,556,760,2722,2926
/Volumes/shared/Research-Groups/Mark-Banfield/Josh_Williams/Scoring_20Oct/JoshW/DSC_1175.tif,3,3,3,1,2,6,372,624,2884,3136
/Volumes/shared/Research-Groups/Mark-Banfield/Josh_Williams/Scoring_20Oct/JoshW/DSC_1175.tif,3,3,3,1,3,0,330,674,3190,3534
/Volumes/shared/Research-Groups/Mark-Banfield/Josh_Williams/Scoring_20Oct/JoshW/DSC_1175.tif,3,3,3,1,4,0,990,1334,3217,3561
/Volumes/shared/Research-Groups/Mark-Banfield/Josh_Williams/Scoring_20Oct/JoshW/DSC_1175.tif,3,3,3,1,5,0,942,1226,2919,3203
/Volumes/shared/Research-Groups/Mark-Banfield/Josh_Williams/Scoring_20Oct/JoshW/DSC_1175.tif,3,3,3,1,6,4,820,1104,2647,2931
/Volumes/shared/Research-Groups/Mark-Banfield/Josh_Williams/Scoring_20Oct/JoshW/DSC_1175.tif,3,3,3,3,1,0,2012,2322,2679,2989
/Volumes/shared/Research-Groups/Mark-Banfield/Josh_Williams/Scoring_20Oct/JoshW/DSC_1175.tif,3,3,3,3,2,4,1936,2200,3047,3311
/Volumes/shared/Research-Groups/Mark-Banfield/Josh_Williams/Scoring_20Oct/JoshW/DSC_1175.tif,3,3,3,3,3,6,2140,2376,3386,3622
/Volumes/shared/Research-Groups/Mark-Banfield/Josh_Williams/Scoring_20Oct/JoshW/DSC_1175.tif,3,3,3,3,4,0,2512,2790,3175,3453
/Volumes/shared/Research-Groups/Mark-Banfield/Josh_Williams/Scoring_20Oct/JoshW/DSC_1175.tif,3,3,3,3,5,0,2472,2762,2909,3199
/Volumes/shared/Research-Groups/Mark-Banfield/Josh_Williams/Scoring_20Oct/JoshW/DSC_1175.tif,3,3,3,3,6,0,2322,2608,2589,2875
/Volumes/shared/Research-Groups/Mark-Banfield/Josh_Williams/Scoring_20Oct/JoshW/DSC_7584.TIF,3,3,1,2,1,0,990,1294,174,478
/Volumes/shared/Research-Groups/Mark-Banfield/Josh_Williams/Scoring_20Oct/JoshW/DSC_7584.TIF,3,3,1,2,2,0,891,1169,488,766
/Volumes/shared/Research-Groups/Mark-Banfield/Josh_Williams/Scoring_20Oct/JoshW/DSC_7584.TIF,3,3,1,2,3,0,898,1216,820,1138
/Volumes/shared/Research-Groups/Mark-Banfield/Josh_Williams/Scoring_20Oct/JoshW/DSC_7584.TIF,3,3,1,2,4,0,1476,1848,800,1172
/Volumes/shared/Research-Groups/Mark-Banfield/Josh_Williams/Scoring_20Oct/JoshW/DSC_7584.TIF,3,3,1,2,5,0,1446,1744,428,726
/Volumes/shared/Research-Groups/Mark-Banfield/Josh_Williams/Scoring_20Oct/JoshW/DSC_7584.TIF,3,3,1,2,6,0,1354,1700,180,526
/Volumes/shared/Research-Groups/Mark-Banfield/Josh_Williams/Scoring_20Oct/JoshW/DSC_7584.TIF,3,3,2,1,1,0,772,1112,1398,1738
/Volumes/shared/Research-Groups/Mark-Banfield/Josh_Williams/Scoring_20Oct/JoshW/DSC_7584.TIF,3,3,2,1,2,0,596,902,1821,2127
/Volumes/shared/Research-Groups/Mark-Banfield/Josh_Williams/Scoring_20Oct/JoshW/DSC_7584.TIF,3,3,2,1,3,0,553,905,2222,2574
/Volumes/shared/Research-Groups/Mark-Banfield/Josh_Williams/Scoring_20Oct/JoshW/DSC_7584.TIF,3,3,2,1,4,0,1314,1734,2150,2570
/Volumes/shared/Research-Groups/Mark-Banfield/Josh_Williams/Scoring_20Oct/JoshW/DSC_7584.TIF,3,3,2,1,5,0,1320,1700,1679,2059
/Volumes/shared/Research-Groups/Mark-Banfield/Josh_Williams/Scoring_20Oct/JoshW/DSC_7584.TIF,3,3,2,1,6,0,1132,1408,1430,1706
/Volumes/shared/Research-Groups/Mark-Banfield/Josh_Williams/Scoring_20Oct/JoshW/DSC_7584.TIF,3,3,2,3,1,0,2166,2452,1232,1518
/Volumes/shared/Research-Groups/Mark-Banfield/Josh_Williams/Scoring_20Oct/JoshW/DSC_7584.TIF,3,3,2,3,2,0,2008,2374,1456,1822
/Volumes/shared/Research-Groups/Mark-Banfield/Josh_Williams/Scoring_20Oct/JoshW/DSC_7584.TIF,3,3,2,3,3,0,2024,2296,1882,2154
/Volumes/shared/Research-Groups/Mark-Banfield/Josh_Williams/Scoring_20Oct/JoshW/DSC_7584.TIF,3,3,2,3,4,0,2545,2851,1862,2168
/Volumes/shared/Research-Groups/Mark-Banfield/Josh_Williams/Scoring_20Oct/JoshW/DSC_7584.TIF,3,3,2,3,5,0,2492,2858,1416,1782
/Volumes/shared/Research-Groups/Mark-Banfield/Josh_Williams/Scoring_20Oct/JoshW/DSC_7584.TIF,3,3,2,3,6,0,2404,2648,1124,1368
/Volumes/shared/Research-Groups/Mark-Banfield/Josh_Williams/Scoring_20Oct/JoshW/DSC_7584.TIF,3,3,3,1,1,0,914,1232,2868,3186
/Volumes/shared/Research-Groups/Mark-Banfield/Josh_Williams/Scoring_20Oct/JoshW/DSC_7584.TIF,3,3,3,1,2,0,603,977,3202,3576
/Volumes/shared/Research-Groups/Mark-Banfield/Josh_Williams/Scoring_20Oct/JoshW/DSC_7584.TIF,3,3,3,1,3,0,576,962,3636,4022
/Volumes/shared/Research-Groups/Mark-Banfield/Josh_Williams/Scoring_20Oct/JoshW/DSC_7584.TIF,3,3,3,1,4,0,1288,1646,3755,4113
/Volumes/shared/Research-Groups/Mark-Banfield/Josh_Williams/Scoring_20Oct/JoshW/DSC_7584.TIF,3,3,3,1,5,0,1379,1669,3420,3710
/Volumes/shared/Research-Groups/Mark-Banfield/Josh_Williams/Scoring_20Oct/JoshW/DSC_7584.TIF,3,3,3,1,6,0,1206,1530,2926,3250
/Volumes/shared/Research-Groups/Mark-Banfield/Josh_Williams/Scoring_20Oct/JoshW/DSC_7584.TIF,3,3,3,3,1,0,2228,2532,2790,3094
/Volumes/shared/Research-Groups/Mark-Banfield/Josh_Williams/Scoring_20Oct/JoshW/DSC_7584.TIF,3,3,3,3,2,0,2073,2391,3020,3338
/Volumes/shared/Research-Groups/Mark-Banfield/Josh_Williams/Scoring_20Oct/JoshW/DSC_7584.TIF,3,3,3,3,3,0,1924,2262,3372,3710
/Volumes/shared/Research-Groups/Mark-Banfield/Josh_Williams/Scoring_20Oct/JoshW/DSC_7584.TIF,3,3,3,3,4,0,2682,2952,3372,3642
/Volumes/shared/Research-Groups/Mark-Banfield/Josh_Williams/Scoring_20Oct/JoshW/DSC_7584.TIF,3,3,3,3,5,0,2634,2926,2989,3281
/Volumes/shared/Research-Groups/Mark-Banfield/Josh_Williams/Scoring_20Oct/JoshW/DSC_7584.TIF,3,3,3,3,6,1,2586,2830,2739,2983
/Volumes/shared/Research-Groups/Mark-Banfield/Josh_Williams/Scoring_20Oct/JoshW/DSC_0804.tif,3,3,1,1,1,0,760,1064,278,582
/Volumes/shared/Research-Groups/Mark-Banfield/Josh_Williams/Scoring_20Oct/JoshW/DSC_0804.tif,3,3,1,1,2,0,502,848,596,942
/Volumes/shared/Research-Groups/Mark-Banfield/Josh_Williams/Scoring_20Oct/JoshW/DSC_0804.tif,3,3,1,1,3,0,428,712,949,1233
/Volumes/shared/Research-Groups/Mark-Banfield/Josh_Williams/Scoring_20Oct/JoshW/DSC_0804.tif,3,3,1,1,4,2,1046,1378,860,1192
/Volumes/shared/Research-Groups/Mark-Banfield/Josh_Williams/Scoring_20Oct/JoshW/DSC_0804.tif,3,3,1,1,5,5,1064,1280,671,887
/Volumes/shared/Research-Groups/Mark-Banfield/Josh_Williams/Scoring_20Oct/JoshW/DSC_0804.tif,3,3,1,1,6,5,1047,1297,374,624
/Volumes/shared/Research-Groups/Mark-Banfield/Josh_Williams/Scoring_20Oct/JoshW/DSC_0804.tif,3,3,1,3,1,6,2200,2404,474,678
/Volumes/shared/Research-Groups/Mark-Banfield/Josh_Williams/Scoring_20Oct/JoshW/DSC_0804.tif,3,3,1,3,2,0,2038,2322,779,1063
/Volumes/shared/Research-Groups/Mark-Banfield/Josh_Williams/Scoring_20Oct/JoshW/DSC_0804.tif,3,3,1,3,3,0,2004,2276,1101,1373
/Volumes/shared/Research-Groups/Mark-Banfield/Josh_Williams/Scoring_20Oct/JoshW/DSC_0804.tif,3,3,1,3,4,0,2506,2790,1013,1297
/Volumes/shared/Research-Groups/Mark-Banfield/Josh_Williams/Scoring_20Oct/JoshW/DSC_0804.tif,3,3,1,3,5,2,2428,2718,712,1002
/Volumes/shared/Research-Groups/Mark-Banfield/Josh_Williams/Scoring_20Oct/JoshW/DSC_0804.tif,3,3,1,3,6,3,2458,2674,502,718
/Volumes/shared/Research-Groups/Mark-Banfield/Josh_Williams/Scoring_20Oct/JoshW/DSC_0804.tif,3,3,2,2,1,4,1496,1672,1757,1933
/Volumes/shared/Research-Groups/Mark-Banfield/Josh_Williams/Scoring_20Oct/JoshW/DSC_0804.tif,3,3,2,2,2,6,1385,1663,2052,2330
/Volumes/shared/Research-Groups/Mark-Banfield/Josh_Williams/Scoring_20Oct/JoshW/DSC_0804.tif,3,3,2,2,3,0,1416,1660,2333,2577
/Volumes/shared/Research-Groups/Mark-Banfield/Josh_Williams/Scoring_20Oct/JoshW/DSC_0804.tif,3,3,2,2,4,0,1848,2180,2116,2448
/Volumes/shared/Research-Groups/Mark-Banfield/Josh_Williams/Scoring_20Oct/JoshW/DSC_0804.tif,3,3,2,2,5,0,1782,2038,1903,2159
/Volumes/shared/Research-Groups/Mark-Banfield/Josh_Williams/Scoring_20Oct/JoshW/DSC_0804.tif,3,3,2,2,6,3,1680,1916,1687,1923
/Volumes/shared/Research-Groups/Mark-Banfield/Josh_Williams/Scoring_20Oct/JoshW/DSC_0804.tif,3,3,3,1,1,0,522,834,2678,2990
/Volumes/shared/Research-Groups/Mark-Banfield/Josh_Williams/Scoring_20Oct/JoshW/DSC_0804.tif,3,3,3,1,2,2,426,698,3026,3298
/Volumes/shared/Research-Groups/Mark-Banfield/Josh_Williams/Scoring_20Oct/JoshW/DSC_0804.tif,3,3,3,1,3,3,437,729,3412,3704
/Volumes/shared/Research-Groups/Mark-Banfield/Josh_Williams/Scoring_20Oct/JoshW/DSC_0804.tif,3,3,3,1,4,0,1064,1376,3372,3684
/Volumes/shared/Research-Groups/Mark-Banfield/Josh_Williams/Scoring_20Oct/JoshW/DSC_0804.tif,3,3,3,1,5,0,1010,1308,2962,3260
/Volumes/shared/Research-Groups/Mark-Banfield/Josh_Williams/Scoring_20Oct/JoshW/DSC_0804.tif,3,3,3,1,6,0,884,1142,2668,2926
/Volumes/shared/Research-Groups/Mark-Banfield/Josh_Williams/Scoring_20Oct/JoshW/DSC_0804.tif,3,3,3,3,1,0,2299,2549,2838,3088
/Volumes/shared/Research-Groups/Mark-Banfield/Josh_Williams/Scoring_20Oct/JoshW/DSC_0804.tif,3,3,3,3,2,2,2058,2316,3111,3369
/Volumes/shared/Research-Groups/Mark-Banfield/Josh_Williams/Scoring_20Oct/JoshW/DSC_0804.tif,3,3,3,3,3,4,2024,2262,3487,3725
/Volumes/shared/Research-Groups/Mark-Banfield/Josh_Williams/Scoring_20Oct/JoshW/DSC_0804.tif,3,3,3,3,4,2,2514,2746,3520,3752
/Volumes/shared/Research-Groups/Mark-Banfield/Josh_Williams/Scoring_20Oct/JoshW/DSC_0804.tif,3,3,3,3,5,0,2628,2858,3216,3446
/Volumes/shared/Research-Groups/Mark-Banfield/Josh_Williams/Scoring_20Oct/JoshW/DSC_0804.tif,3,3,3,3,6,0,2580,2858,2824,3102
/Volumes/shared/Research-Groups/Mark-Banfield/Josh_Williams/Scoring_20Oct/JoshW/DSC_0805.tif,3,3,1,1,1,0,440,772,383,715
/Volumes/shared/Research-Groups/Mark-Banfield/Josh_Williams/Scoring_20Oct/JoshW/DSC_0805.tif,3,3,1,1,2,0,332,664,702,1034
/Volumes/shared/Research-Groups/Mark-Banfield/Josh_Williams/Scoring_20Oct/JoshW/DSC_0805.tif,3,3,1,1,3,0,428,712,1095,1379
/Volumes/shared/Research-Groups/Mark-Banfield/Josh_Williams/Scoring_20Oct/JoshW/DSC_0805.tif,3,3,1,1,4,2,1047,1291,996,1240
/Volumes/shared/Research-Groups/Mark-Banfield/Josh_Williams/Scoring_20Oct/JoshW/DSC_0805.tif,3,3,1,1,5,5,976,1206,668,898
/Volumes/shared/Research-Groups/Mark-Banfield/Josh_Williams/Scoring_20Oct/JoshW/DSC_0805.tif,3,3,1,1,6,6,806,1064,352,610
/Volumes/shared/Research-Groups/Mark-Banfield/Josh_Williams/Scoring_20Oct/JoshW/DSC_0805.tif,3,3,1,3,1,0,1947,2251,360,664
/Volumes/shared/Research-Groups/Mark-Banfield/Josh_Williams/Scoring_20Oct/JoshW/DSC_0805.tif,3,3,1,3,2,0,1762,2086,692,1016
/Volumes/shared/Research-Groups/Mark-Banfield/Josh_Williams/Scoring_20Oct/JoshW/DSC_0805.tif,3,3,1,3,3,3,1839,2097,1124,1382
/Volumes/shared/Research-Groups/Mark-Banfield/Josh_Williams/Scoring_20Oct/JoshW/DSC_0805.tif,3,3,1,3,4,4,2384,2668,1098,1382
/Volumes/shared/Research-Groups/Mark-Banfield/Josh_Williams/Scoring_20Oct/JoshW/DSC_0805.tif,3,3,1,3,5,5,2404,2654,797,1047
/Volumes/shared/Research-Groups/Mark-Banfield/Josh_Williams/Scoring_20Oct/JoshW/DSC_0805.tif,3,3,1,3,6,0,2282,2574,491,783
/Volumes/shared/Research-Groups/Mark-Banfield/Josh_Williams/Scoring_20Oct/JoshW/DSC_0805.tif,3,3,2,2,1,6,1362,1592,1724,1954
/Volumes/shared/Research-Groups/Mark-Banfield/Josh_Williams/Scoring_20Oct/JoshW/DSC_0805.tif,3,3,2,2,2,0,1189,1487,2072,2370
/Volumes/shared/Research-Groups/Mark-Banfield/Josh_Williams/Scoring_20Oct/JoshW/DSC_0805.tif,3,3,2,2,3,0,1158,1456,2451,2749
/Volumes/shared/Research-Groups/Mark-Banfield/Josh_Williams/Scoring_20Oct/JoshW/DSC_0805.tif,3,3,2,2,4,0,1714,2024,2272,2582
/Volumes/shared/Research-Groups/Mark-Banfield/Josh_Williams/Scoring_20Oct/JoshW/DSC_0805.tif,3,3,2,2,5,2,1740,1944,2038,2242
/Volumes/shared/Research-Groups/Mark-Banfield/Josh_Williams/Scoring_20Oct/JoshW/DSC_0805.tif,3,3,2,2,6,3,1694,1910,1737,1953
/Volumes/shared/Research-Groups/Mark-Banfield/Josh_Williams/Scoring_20Oct/JoshW/DSC_0805.tif,3,3,3,1,1,6,559,749,3108,3298
/Volumes/shared/Research-Groups/Mark-Banfield/Josh_Williams/Scoring_20Oct/JoshW/DSC_0805.tif,3,3,3,1,2,6,600,762,3392,3554
/Volumes/shared/Research-Groups/Mark-Banfield/Josh_Williams/Scoring_20Oct/JoshW/DSC_0805.tif,3,3,3,1,3,0,521,779,3690,3948
/Volumes/shared/Research-Groups/Mark-Banfield/Josh_Williams/Scoring_20Oct/JoshW/DSC_0805.tif,3,3,3,1,4,0,968,1254,3598,3884
/Volumes/shared/Research-Groups/Mark-Banfield/Josh_Williams/Scoring_20Oct/JoshW/DSC_0805.tif,3,3,3,1,5,0,888,1132,3290,3534
/Volumes/shared/Research-Groups/Mark-Banfield/Josh_Williams/Scoring_20Oct/JoshW/DSC_0805.tif,3,3,3,1,6,3,831,1047,3054,3270
/Volumes/shared/Research-Groups/Mark-Banfield/Josh_Williams/Scoring_20Oct/JoshW/DSC_0805.tif,3,3,3,3,1,2,2211,2455,3040,3284
/Volumes/shared/Research-Groups/Mark-Banfield/Josh_Williams/Scoring_20Oct/JoshW/DSC_0805.tif,3,3,3,3,2,5,2133,2397,3298,3562
/Volumes/shared/Research-Groups/Mark-Banfield/Josh_Williams/Scoring_20Oct/JoshW/DSC_0805.tif,3,3,3,3,3,4,2110,2360,3622,3872
/Volumes/shared/Research-Groups/Mark-Banfield/Josh_Williams/Scoring_20Oct/JoshW/DSC_0805.tif,3,3,3,3,4,0,2628,2926,3575,3873
/Volumes/shared/Research-Groups/Mark-Banfield/Josh_Williams/Scoring_20Oct/JoshW/DSC_0805.tif,3,3,3,3,5,0,2620,2986,3247,3613
/Volumes/shared/Research-Groups/Mark-Banfield/Josh_Williams/Scoring_20Oct/JoshW/DSC_0805.tif,3,3,3,3,6,0,2586,2878,2959,3251
/Volumes/shared/Research-Groups/Mark-Banfield/Josh_Williams/Scoring_20Oct/JoshW/DSC_1592.tif,2,5,1,1,1,1,560,758,517,715
/Volumes/shared/Research-Groups/Mark-Banfield/Josh_Williams/Scoring_20Oct/JoshW/DSC_1592.tif,2,5,1,1,2,0,614,826,710,922
/Volumes/shared/Research-Groups/Mark-Banfield/Josh_Williams/Scoring_20Oct/JoshW/DSC_1592.tif,2,5,1,1,3,0,402,658,898,1154
/Volumes/shared/Research-Groups/Mark-Banfield/Josh_Williams/Scoring_20Oct/JoshW/DSC_1592.tif,2,5,1,1,4,0,867,1095,930,1158
/Volumes/shared/Research-Groups/Mark-Banfield/Josh_Williams/Scoring_20Oct/JoshW/DSC_1592.tif,2,5,1,1,5,5,837,1039,700,902
/Volumes/shared/Research-Groups/Mark-Banfield/Josh_Williams/Scoring_20Oct/JoshW/DSC_1592.tif,2,5,1,1,6,4,776,1010,488,722
/Volumes/shared/Research-Groups/Mark-Banfield/Josh_Williams/Scoring_20Oct/JoshW/DSC_1592.tif,2,5,1,2,1,5,1394,1550,448,604
/Volumes/shared/Research-Groups/Mark-Banfield/Josh_Williams/Scoring_20Oct/JoshW/DSC_1592.tif,2,5,1,2,2,0,1367,1569,668,870
/Volumes/shared/Research-Groups/Mark-Banfield/Josh_Williams/Scoring_20Oct/JoshW/DSC_1592.tif,2,5,1,2,3,0,1366,1578,922,1134
/Volumes/shared/Research-Groups/Mark-Banfield/Josh_Williams/Scoring_20Oct/JoshW/DSC_1592.tif,2,5,1,2,4,0,1740,1948,861,1069
/Volumes/shared/Research-Groups/Mark-Banfield/Josh_Williams/Scoring_20Oct/JoshW/DSC_1592.tif,2,5,1,2,5,0,1648,1918,574,844
/Volumes/shared/Research-Groups/Mark-Banfield/Josh_Williams/Scoring_20Oct/JoshW/DSC_1592.tif,2,5,1,2,6,3,1574,1754,425,605
/Volumes/shared/Research-Groups/Mark-Banfield/Josh_Williams/Scoring_20Oct/JoshW/DSC_1592.tif,2,5,1,3,1,5,2258,2448,510,700
/Volumes/shared/Research-Groups/Mark-Banfield/Josh_Williams/Scoring_20Oct/JoshW/DSC_1592.tif,2,5,1,3,2,4,2172,2352,668,848
/Volumes/shared/Research-Groups/Mark-Banfield/Josh_Williams/Scoring_20Oct/JoshW/DSC_1592.tif,2,5,1,3,3,2,2231,2439,816,1024
/Volumes/shared/Research-Groups/Mark-Banfield/Josh_Williams/Scoring_20Oct/JoshW/DSC_1592.tif,2,5,1,3,4,0,2529,2727,840,1038
/Volumes/shared/Research-Groups/Mark-Banfield/Josh_Williams/Scoring_20Oct/JoshW/DSC_1592.tif,2,5,1,3,5,0,2565,2781,592,808
/Volumes/shared/Research-Groups/Mark-Banfield/Josh_Williams/Scoring_20Oct/JoshW/DSC_1592.tif,2,5,1,3,6,0,2434,2618,430,614
/Volumes/shared/Research-Groups/Mark-Banfield/Josh_Williams/Scoring_20Oct/JoshW/DSC_1592.tif,2,5,1,4,1,0,3058,3256,514,712
/Volumes/shared/Research-Groups/Mark-Banfield/Josh_Williams/Scoring_20Oct/JoshW/DSC_1592.tif,2,5,1,4,2,4,3024,3214,757,947
/Volumes/shared/Research-Groups/Mark-Banfield/Josh_Williams/Scoring_20Oct/JoshW/DSC_1592.tif,2,5,1,4,3,3,3092,3276,923,1107
/Volumes/shared/Research-Groups/Mark-Banfield/Josh_Williams/Scoring_20Oct/JoshW/DSC_1592.tif,2,5,1,4,4,0,3354,3546,801,993
/Volumes/shared/Research-Groups/Mark-Banfield/Josh_Williams/Scoring_20Oct/JoshW/DSC_1592.tif,2,5,1,4,5,0,3438,3624,580,766
/Volumes/shared/Research-Groups/Mark-Banfield/Josh_Williams/Scoring_20Oct/JoshW/DSC_1592.tif,2,5,1,4,6,0,3998,4204,486,692
/Volumes/shared/Research-Groups/Mark-Banfield/Josh_Williams/Scoring_20Oct/JoshW/DSC_1592.tif,2,5,1,5,1,0,3860,4100,672,912
/Volumes/shared/Research-Groups/Mark-Banfield/Josh_Williams/Scoring_20Oct/JoshW/DSC_1592.tif,2,5,1,5,2,4,3890,4110,900,1120
/Volumes/shared/Research-Groups/Mark-Banfield/Josh_Williams/Scoring_20Oct/JoshW/DSC_1592.tif,2,5,1,5,3,4,4180,4374,848,1042
/Volumes/shared/Research-Groups/Mark-Banfield/Josh_Williams/Scoring_20Oct/JoshW/DSC_1592.tif,2,5,1,5,4,3,4212,4392,690,870
/Volumes/shared/Research-Groups/Mark-Banfield/Josh_Williams/Scoring_20Oct/JoshW/DSC_1592.tif,2,5,1,5,5,4,4229,4401,474,646
/Volumes/shared/Research-Groups/Mark-Banfield/Josh_Williams/Scoring_20Oct/JoshW/DSC_1592.tif,2,5,1,5,6,5,4234,4432,484,682
/Volumes/shared/Research-Groups/Mark-Banfield/Josh_Williams/Scoring_20Oct/JoshW/DSC_1592.tif,2,5,2,1,1,0,654,816,1689,1851
/Volumes/shared/Research-Groups/Mark-Banfield/Josh_Williams/Scoring_20Oct/JoshW/DSC_1592.tif,2,5,2,1,2,0,564,754,1889,2079
/Volumes/shared/Research-Groups/Mark-Banfield/Josh_Williams/Scoring_20Oct/JoshW/DSC_1592.tif,2,5,2,1,3,0,610,794,2110,2294
/Volumes/shared/Research-Groups/Mark-Banfield/Josh_Williams/Scoring_20Oct/JoshW/DSC_1592.tif,2,5,2,1,4,3,897,1069,2046,2218
/Volumes/shared/Research-Groups/Mark-Banfield/Josh_Williams/Scoring_20Oct/JoshW/DSC_1592.tif,2,5,2,1,5,5,888,1078,1823,2013
/Volumes/shared/Research-Groups/Mark-Banfield/Josh_Williams/Scoring_20Oct/JoshW/DSC_1592.tif,2,5,2,1,6,5,825,1029,1654,1858
/Volumes/shared/Research-Groups/Mark-Banfield/Josh_Williams/Scoring_20Oct/JoshW/DSC_1592.tif,2,5,2,2,1,2,1358,1596,1596,1834
/Volumes/shared/Research-Groups/Mark-Banfield/Josh_Williams/Scoring_20Oct/JoshW/DSC_1592.tif,2,5,2,2,2,1,1273,1485,1812,2024
/Volumes/shared/Research-Groups/Mark-Banfield/Josh_Williams/Scoring_20Oct/JoshW/DSC_1592.tif,2,5,2,2,3,0,1275,1511,2050,2286
/Volumes/shared/Research-Groups/Mark-Banfield/Josh_Williams/Scoring_20Oct/JoshW/DSC_1592.tif,2,5,2,2,4,0,1663,1911,2014,2262
/Volumes/shared/Research-Groups/Mark-Banfield/Josh_Williams/Scoring_20Oct/JoshW/DSC_1592.tif,2,5,2,2,5,4,1636,1866,1753,1983
/Volumes/shared/Research-Groups/Mark-Banfield/Josh_Williams/Scoring_20Oct/JoshW/DSC_1592.tif,2,5,2,2,6,5,1604,1826,1548,1770
/Volumes/shared/Research-Groups/Mark-Banfield/Josh_Williams/Scoring_20Oct/JoshW/DSC_1592.tif,2,5,2,3,1,6,2178,2326,1623,1771
/Volumes/shared/Research-Groups/Mark-Banfield/Josh_Williams/Scoring_20Oct/JoshW/DSC_1592.tif,2,5,2,3,2,0,2107,2333,1794,2020
/Volumes/shared/Research-Groups/Mark-Banfield/Josh_Williams/Scoring_20Oct/JoshW/DSC_1592.tif,2,5,2,3,3,0,2092,2312,2001,2221
/Volumes/shared/Research-Groups/Mark-Banfield/Josh_Williams/Scoring_20Oct/JoshW/DSC_1592.tif,2,5,2,3,4,0,2465,2699,2060,2294
/Volumes/shared/Research-Groups/Mark-Banfield/Josh_Williams/Scoring_20Oct/JoshW/DSC_1592.tif,2,5,2,3,5,0,2339,2547,1798,2006
/Volumes/shared/Research-Groups/Mark-Banfield/Josh_Williams/Scoring_20Oct/JoshW/DSC_1592.tif,2,5,2,3,6,4,2320,2482,1678,1840
/Volumes/shared/Research-Groups/Mark-Banfield/Josh_Williams/Scoring_20Oct/JoshW/DSC_1592.tif,2,5,2,4,1,6,2973,3189,1600,1816
/Volumes/shared/Research-Groups/Mark-Banfield/Josh_Williams/Scoring_20Oct/JoshW/DSC_1592.tif,2,5,2,4,2,4,2925,3129,1834,2038
/Volumes/shared/Research-Groups/Mark-Banfield/Josh_Williams/Scoring_20Oct/JoshW/DSC_1592.tif,2,5,2,4,3,0,2930,3128,2064,2262
/Volumes/shared/Research-Groups/Mark-Banfield/Josh_Williams/Scoring_20Oct/JoshW/DSC_1592.tif,2,5,2,4,4,0,3322,3614,2015,2307
/Volumes/shared/Research-Groups/Mark-Banfield/Josh_Williams/Scoring_20Oct/JoshW/DSC_1592.tif,2,5,2,4,5,0,3262,3534,1725,1997
/Volumes/shared/Research-Groups/Mark-Banfield/Josh_Williams/Scoring_20Oct/JoshW/DSC_1592.tif,2,5,2,4,6,0,3214,3448,1546,1780
/Volumes/shared/Research-Groups/Mark-Banfield/Josh_Williams/Scoring_20Oct/JoshW/DSC_1592.tif,2,5,2,5,1,0,3930,4120,1648,1838
/Volumes/shared/Research-Groups/Mark-Banfield/Josh_Williams/Scoring_20Oct/JoshW/DSC_1592.tif,2,5,2,5,2,3,3970,4142,1870,2042
/Volumes/shared/Research-Groups/Mark-Banfield/Josh_Williams/Scoring_20Oct/JoshW/DSC_1592.tif,2,5,2,5,3,0,3902,4070,2098,2266
/Volumes/shared/Research-Groups/Mark-Banfield/Josh_Williams/Scoring_20Oct/JoshW/DSC_1592.tif,2,5,2,5,4,1,4290,4510,2002,2222
/Volumes/shared/Research-Groups/Mark-Banfield/Josh_Williams/Scoring_20Oct/JoshW/DSC_1592.tif,2,5,2,5,5,0,4192,4416,1767,1991
/Volumes/shared/Research-Groups/Mark-Banfield/Josh_Williams/Scoring_20Oct/JoshW/DSC_1592.tif,2,5,2,5,6,0,4117,4333,1556,1772
/Volumes/shared/Research-Groups/Mark-Banfield/Josh_Williams/Scoring_20Oct/JoshW/DSC_8269.tif,3,3,1,1,1,0,596,894,333,631
/Volumes/shared/Research-Groups/Mark-Banfield/Josh_Williams/Scoring_20Oct/JoshW/DSC_8269.tif,3,3,1,1,2,0,400,738,607,945
/Volumes/shared/Research-Groups/Mark-Banfield/Josh_Williams/Scoring_20Oct/JoshW/DSC_8269.tif,3,3,1,1,3,6,562,914,895,1247
/Volumes/shared/Research-Groups/Mark-Banfield/Josh_Williams/Scoring_20Oct/JoshW/DSC_8269.tif,3,3,1,1,4,6,1064,1354,888,1178
/Volumes/shared/Research-Groups/Mark-Banfield/Josh_Williams/Scoring_20Oct/JoshW/DSC_8269.tif,3,3,1,1,5,6,1044,1314,624,894
/Volumes/shared/Research-Groups/Mark-Banfield/Josh_Williams/Scoring_20Oct/JoshW/DSC_8269.tif,3,3,1,1,6,5,969,1193,434,658
/Volumes/shared/Research-Groups/Mark-Banfield/Josh_Williams/Scoring_20Oct/JoshW/DSC_8269.tif,3,3,1,3,1,6,2058,2310,660,912
/Volumes/shared/Research-Groups/Mark-Banfield/Josh_Williams/Scoring_20Oct/JoshW/DSC_8269.tif,3,3,1,3,2,0,1919,2217,868,1166
/Volumes/shared/Research-Groups/Mark-Banfield/Josh_Williams/Scoring_20Oct/JoshW/DSC_8269.tif,3,3,1,3,3,0,1983,2323,1212,1552
/Volumes/shared/Research-Groups/Mark-Banfield/Josh_Williams/Scoring_20Oct/JoshW/DSC_8269.tif,3,3,1,3,4,6,2424,2736,1104,1416
/Volumes/shared/Research-Groups/Mark-Banfield/Josh_Williams/Scoring_20Oct/JoshW/DSC_8269.tif,3,3,1,3,5,6,2356,2634,837,1115
/Volumes/shared/Research-Groups/Mark-Banfield/Josh_Williams/Scoring_20Oct/JoshW/DSC_8269.tif,3,3,1,3,6,6,2288,2526,650,888
/Volumes/shared/Research-Groups/Mark-Banfield/Josh_Williams/Scoring_20Oct/JoshW/DSC_8269.tif,3,3,2,2,1,6,1348,1612,1771,2035
/Volumes/shared/Research-Groups/Mark-Banfield/Josh_Williams/Scoring_20Oct/JoshW/DSC_8269.tif,3,3,2,2,2,5,1311,1555,2018,2262
/Volumes/shared/Research-Groups/Mark-Banfield/Josh_Williams/Scoring_20Oct/JoshW/DSC_8269.tif,3,3,2,2,3,4,1206,1476,2168,2438
/Volumes/shared/Research-Groups/Mark-Banfield/Josh_Williams/Scoring_20Oct/JoshW/DSC_8269.tif,3,3,2,2,4,0,1680,1964,2208,2492
/Volumes/shared/Research-Groups/Mark-Banfield/Josh_Williams/Scoring_20Oct/JoshW/DSC_8269.tif,3,3,2,2,5,6,1748,2012,1916,2180
/Volumes/shared/Research-Groups/Mark-Banfield/Josh_Williams/Scoring_20Oct/JoshW/DSC_8269.tif,3,3,2,2,6,5,1605,1855,1748,1998
/Volumes/shared/Research-Groups/Mark-Banfield/Josh_Williams/Scoring_20Oct/JoshW/DSC_8269.tif,3,3,3,1,1,5,521,705,2992,3176
/Volumes/shared/Research-Groups/Mark-Banfield/Josh_Williams/Scoring_20Oct/JoshW/DSC_8269.tif,3,3,3,1,2,6,528,738,3206,3416
/Volumes/shared/Research-Groups/Mark-Banfield/Josh_Williams/Scoring_20Oct/JoshW/DSC_8269.tif,3,3,3,1,3,5,556,772,3410,3626
/Volumes/shared/Research-Groups/Mark-Banfield/Josh_Williams/Scoring_20Oct/JoshW/DSC_8269.tif,3,3,3,1,4,0,952,1256,3216,3520
/Volumes/shared/Research-Groups/Mark-Banfield/Josh_Williams/Scoring_20Oct/JoshW/DSC_8269.tif,3,3,3,1,5,0,834,1050,3020,3236
/Volumes/shared/Research-Groups/Mark-Banfield/Josh_Williams/Scoring_20Oct/JoshW/DSC_8269.tif,3,3,3,1,6,5,650,860,2834,3044
/Volumes/shared/Research-Groups/Mark-Banfield/Josh_Williams/Scoring_20Oct/JoshW/DSC_8269.tif,3,3,3,3,1,5,2140,2424,2987,3271
/Volumes/shared/Research-Groups/Mark-Banfield/Josh_Williams/Scoring_20Oct/JoshW/DSC_8269.tif,3,3,3,3,2,6,2110,2346,3298,3534
/Volumes/shared/Research-Groups/Mark-Banfield/Josh_Williams/Scoring_20Oct/JoshW/DSC_8269.tif,3,3,3,3,3,6,2154,2438,3548,3832
/Volumes/shared/Research-Groups/Mark-Banfield/Josh_Williams/Scoring_20Oct/JoshW/DSC_8269.tif,3,3,3,3,4,6,2552,2810,3504,3762
/Volumes/shared/Research-Groups/Mark-Banfield/Josh_Williams/Scoring_20Oct/JoshW/DSC_8269.tif,3,3,3,3,5,0,2532,2872,3161,3501
/Volumes/shared/Research-Groups/Mark-Banfield/Josh_Williams/Scoring_20Oct/JoshW/DSC_8269.tif,3,3,3,3,6,0,2391,2681,2892,3182
/Volumes/shared/Research-Groups/Mark-Banfield/Josh_Williams/Scoring_20Oct/JoshW/DSC_7811.tif,2,2,1,1,1,0,1254,1524,709,979
/Volumes/shared/Research-Groups/Mark-Banfield/Josh_Williams/Scoring_20Oct/JoshW/DSC_7811.tif,2,2,1,1,2,0,1204,1492,1046,1334
/Volumes/shared/Research-Groups/Mark-Banfield/Josh_Williams/Scoring_20Oct/JoshW/DSC_7811.tif,2,2,1,1,3,2,1600,1912,1019,1331
/Volumes/shared/Research-Groups/Mark-Banfield/Josh_Williams/Scoring_20Oct/JoshW/DSC_7811.tif,2,2,1,1,4,3,1600,1858,721,979
/Volumes/shared/Research-Groups/Mark-Banfield/Josh_Williams/Scoring_20Oct/JoshW/DSC_7811.tif,2,2,1,2,1,0,3046,3336,467,757
/Volumes/shared/Research-Groups/Mark-Banfield/Josh_Williams/Scoring_20Oct/JoshW/DSC_7811.tif,2,2,1,2,2,0,2997,3353,934,1290
/Volumes/shared/Research-Groups/Mark-Banfield/Josh_Williams/Scoring_20Oct/JoshW/DSC_7811.tif,2,2,1,2,3,1,3498,3830,873,1205
/Volumes/shared/Research-Groups/Mark-Banfield/Josh_Williams/Scoring_20Oct/JoshW/DSC_7811.tif,2,2,1,2,4,1,3413,3725,460,772
/Volumes/shared/Research-Groups/Mark-Banfield/Josh_Williams/Scoring_20Oct/JoshW/DSC_7811.tif,2,2,2,1,1,0,1326,1646,1977,2297
/Volumes/shared/Research-Groups/Mark-Banfield/Josh_Williams/Scoring_20Oct/JoshW/DSC_7811.tif,2,2,2,1,2,0,1218,1610,2443,2835
/Volumes/shared/Research-Groups/Mark-Banfield/Josh_Williams/Scoring_20Oct/JoshW/DSC_7811.tif,2,2,2,1,3,0,1695,2047,2434,2786
/Volumes/shared/Research-Groups/Mark-Banfield/Josh_Williams/Scoring_20Oct/JoshW/DSC_7811.tif,2,2,2,1,4,0,1726,1992,2049,2315
/Volumes/shared/Research-Groups/Mark-Banfield/Josh_Williams/Scoring_20Oct/JoshW/DSC_7811.tif,2,2,2,2,1,0,3188,3496,2014,2322
/Volumes/shared/Research-Groups/Mark-Banfield/Josh_Williams/Scoring_20Oct/JoshW/DSC_7811.tif,2,2,2,2,2,2,3145,3483,2398,2736
/Volumes/shared/Research-Groups/Mark-Banfield/Josh_Williams/Scoring_20Oct/JoshW/DSC_7811.tif,2,2,2,2,3,4,3664,3934,2332,2602
/Volumes/shared/Research-Groups/Mark-Banfield/Josh_Williams/Scoring_20Oct/JoshW/DSC_7811.tif,2,2,2,2,4,4,3517,3815,2014,2312
/Volumes/shared/Research-Groups/Mark-Banfield/Josh_Williams/Scoring_20Oct/JoshW/DSC_4543.TIF,3,3,1,1,1,4,441,665,562,786
/Volumes/shared/Research-Groups/Mark-Banfield/Josh_Williams/Scoring_20Oct/JoshW/DSC_4543.TIF,3,3,1,1,2,0,268,580,806,1118
/Volumes/shared/Research-Groups/Mark-Banfield/Josh_Williams/Scoring_20Oct/JoshW/DSC_4543.TIF,3,3,1,1,3,0,336,606,1254,1524
/Volumes/shared/Research-Groups/Mark-Banfield/Josh_Williams/Scoring_20Oct/JoshW/DSC_4543.TIF,3,3,1,1,4,3,860,1090,1108,1338
/Volumes/shared/Research-Groups/Mark-Banfield/Josh_Williams/Scoring_20Oct/JoshW/DSC_4543.TIF,3,3,1,1,5,3,786,1030,847,1091
/Volumes/shared/Research-Groups/Mark-Banfield/Josh_Williams/Scoring_20Oct/JoshW/DSC_4543.TIF,3,3,1,1,6,3,766,942,620,796
/Volumes/shared/Research-Groups/Mark-Banfield/Josh_Williams/Scoring_20Oct/JoshW/DSC_4543.TIF,3,3,1,3,1,3,1862,2100,735,973
/Volumes/shared/Research-Groups/Mark-Banfield/Josh_Williams/Scoring_20Oct/JoshW/DSC_4543.TIF,3,3,1,3,2,5,1869,2127,1016,1274
/Volumes/shared/Research-Groups/Mark-Banfield/Josh_Williams/Scoring_20Oct/JoshW/DSC_4543.TIF,3,3,1,3,3,0,1771,2035,1402,1666
/Volumes/shared/Research-Groups/Mark-Banfield/Josh_Williams/Scoring_20Oct/JoshW/DSC_4543.TIF,3,3,1,3,4,0,2344,2648,1193,1497
/Volumes/shared/Research-Groups/Mark-Banfield/Josh_Williams/Scoring_20Oct/JoshW/DSC_4543.TIF,3,3,1,3,5,4,2188,2458,908,1178
/Volumes/shared/Research-Groups/Mark-Banfield/Josh_Williams/Scoring_20Oct/JoshW/DSC_4543.TIF,3,3,1,3,6,4,2106,2336,692,922
/Volumes/shared/Research-Groups/Mark-Banfield/Josh_Williams/Scoring_20Oct/JoshW/DSC_4543.TIF,3,3,2,2,1,4,1240,1428,2080,2268
/Volumes/shared/Research-Groups/Mark-Banfield/Josh_Williams/Scoring_20Oct/JoshW/DSC_4543.TIF,3,3,2,2,2,3,1155,1365,2316,2526
/Volumes/shared/Research-Groups/Mark-Banfield/Josh_Williams/Scoring_20Oct/JoshW/DSC_4543.TIF,3,3,2,2,3,2,1220,1476,2645,2901
/Volumes/shared/Research-Groups/Mark-Banfield/Josh_Williams/Scoring_20Oct/JoshW/DSC_4543.TIF,3,3,2,2,4,0,1680,1944,2431,2695
/Volumes/shared/Research-Groups/Mark-Banfield/Josh_Williams/Scoring_20Oct/JoshW/DSC_4543.TIF,3,3,2,2,5,0,1464,1686,2141,2363
/Volumes/shared/Research-Groups/Mark-Banfield/Josh_Williams/Scoring_20Oct/JoshW/DSC_4543.TIF,3,3,2,2,6,3,1396,1632,1924,2160
/Volumes/shared/Research-Groups/Mark-Banfield/Josh_Williams/Scoring_20Oct/JoshW/DSC_4543.TIF,3,3,3,1,1,2,332,536,3223,3427
/Volumes/shared/Research-Groups/Mark-Banfield/Josh_Williams/Scoring_20Oct/JoshW/DSC_4543.TIF,3,3,3,1,2,3,232,428,3461,3657
/Volumes/shared/Research-Groups/Mark-Banfield/Josh_Williams/Scoring_20Oct/JoshW/DSC_4543.TIF,3,3,3,1,3,3,366,590,3694,3918
/Volumes/shared/Research-Groups/Mark-Banfield/Josh_Williams/Scoring_20Oct/JoshW/DSC_4543.TIF,3,3,3,1,4,4,888,1090,3585,3787
/Volumes/shared/Research-Groups/Mark-Banfield/Josh_Williams/Scoring_20Oct/JoshW/DSC_4543.TIF,3,3,3,1,5,0,786,1030,3304,3548
/Volumes/shared/Research-Groups/Mark-Banfield/Josh_Williams/Scoring_20Oct/JoshW/DSC_4543.TIF,3,3,3,1,6,0,630,880,3074,3324
/Volumes/shared/Research-Groups/Mark-Banfield/Josh_Williams/Scoring_20Oct/JoshW/DSC_4543.TIF,3,3,3,3,1,0,1966,2204,3250,3488
/Volumes/shared/Research-Groups/Mark-Banfield/Josh_Williams/Scoring_20Oct/JoshW/DSC_4543.TIF,3,3,3,3,2,3,1916,2140,3514,3738
/Volumes/shared/Research-Groups/Mark-Banfield/Josh_Williams/Scoring_20Oct/JoshW/DSC_4543.TIF,3,3,3,3,3,3,2052,2262,3873,4083
/Volumes/shared/Research-Groups/Mark-Banfield/Josh_Williams/Scoring_20Oct/JoshW/DSC_4543.TIF,3,3,3,3,4,3,2478,2668,3558,3748
/Volumes/shared/Research-Groups/Mark-Banfield/Josh_Williams/Scoring_20Oct/JoshW/DSC_4543.TIF,3,3,3,3,5,4,2370,2600,3298,3528
/Volumes/shared/Research-Groups/Mark-Banfield/Josh_Williams/Scoring_20Oct/JoshW/DSC_4543.TIF,3,3,3,3,6,0,2214,2478,3084,3348
/Volumes/shared/Research-Groups/Mark-Banfield/Josh_Williams/Scoring_20Oct/JoshW/DSC_1556.tif,2,5,1,1,1,6,532,690,350,508
/Volumes/shared/Research-Groups/Mark-Banfield/Josh_Williams/Scoring_20Oct/JoshW/DSC_1556.tif,2,5,1,1,2,0,466,632,488,654
/Volumes/shared/Research-Groups/Mark-Banfield/Josh_Williams/Scoring_20Oct/JoshW/DSC_1556.tif,2,5,1,1,3,0,452,654,668,870
/Volumes/shared/Research-Groups/Mark-Banfield/Josh_Williams/Scoring_20Oct/JoshW/DSC_1556.tif,2,5,1,1,4,6,700,884,621,805
/Volumes/shared/Research-Groups/Mark-Banfield/Josh_Williams/Scoring_20Oct/JoshW/DSC_1556.tif,2,5,1,1,5,6,758,938,474,654
/Volumes/shared/Research-Groups/Mark-Banfield/Josh_Williams/Scoring_20Oct/JoshW/DSC_1556.tif,2,5,1,1,6,0,740,916,319,495
/Volumes/shared/Research-Groups/Mark-Banfield/Josh_Williams/Scoring_20Oct/JoshW/DSC_1556.tif,2,5,1,2,1,0,1304,1488,306,490
/Volumes/shared/Research-Groups/Mark-Banfield/Josh_Williams/Scoring_20Oct/JoshW/DSC_1556.tif,2,5,1,2,2,5,1246,1452,466,672
/Volumes/shared/Research-Groups/Mark-Banfield/Josh_Williams/Scoring_20Oct/JoshW/DSC_1556.tif,2,5,1,2,3,0,1316,1510,694,888
/Volumes/shared/Research-Groups/Mark-Banfield/Josh_Williams/Scoring_20Oct/JoshW/DSC_1556.tif,2,5,1,2,4,0,1568,1736,687,855
/Volumes/shared/Research-Groups/Mark-Banfield/Josh_Williams/Scoring_20Oct/JoshW/DSC_1556.tif,2,5,1,2,5,4,1526,1728,470,672
/Volumes/shared/Research-Groups/Mark-Banfield/Josh_Williams/Scoring_20Oct/JoshW/DSC_1556.tif,2,5,1,2,6,5,1476,1652,312,488
/Volumes/shared/Research-Groups/Mark-Banfield/Josh_Williams/Scoring_20Oct/JoshW/DSC_1556.tif,2,5,1,3,1,4,2064,2254,309,499
/Volumes/shared/Research-Groups/Mark-Banfield/Josh_Williams/Scoring_20Oct/JoshW/DSC_1556.tif,2,5,1,3,2,1,2024,2178,537,691
/Volumes/shared/Research-Groups/Mark-Banfield/Josh_Williams/Scoring_20Oct/JoshW/DSC_1556.tif,2,5,1,3,3,2,2032,2258,675,901
/Volumes/shared/Research-Groups/Mark-Banfield/Josh_Williams/Scoring_20Oct/JoshW/DSC_1556.tif,2,5,1,3,4,0,2412,2628,623,839
/Volumes/shared/Research-Groups/Mark-Banfield/Josh_Williams/Scoring_20Oct/JoshW/DSC_1556.tif,2,5,1,3,5,0,2412,2618,391,597
/Volumes/shared/Research-Groups/Mark-Banfield/Josh_Williams/Scoring_20Oct/JoshW/DSC_1556.tif,2,5,1,3,6,3,2262,2470,216,424
/Volumes/shared/Research-Groups/Mark-Banfield/Josh_Williams/Scoring_20Oct/JoshW/DSC_1556.tif,2,5,1,4,1,5,3007,3193,320,506
/Volumes/shared/Research-Groups/Mark-Banfield/Josh_Williams/Scoring_20Oct/JoshW/DSC_1556.tif,2,5,1,4,2,6,2946,3120,520,694
/Volumes/shared/Research-Groups/Mark-Banfield/Josh_Williams/Scoring_20Oct/JoshW/DSC_1556.tif,2,5,1,4,3,0,3019,3227,712,920
/Volumes/shared/Research-Groups/Mark-Banfield/Josh_Williams/Scoring_20Oct/JoshW/DSC_1556.tif,2,5,1,4,4,3,3242,3432,650,840
/Volumes/shared/Research-Groups/Mark-Banfield/Josh_Williams/Scoring_20Oct/JoshW/DSC_1556.tif,2,5,1,4,5,0,3330,3552,402,624
/Volumes/shared/Research-Groups/Mark-Banfield/Josh_Williams/Scoring_20Oct/JoshW/DSC_1556.tif,2,5,1,4,6,0,3160,3412,202,454
/Volumes/shared/Research-Groups/Mark-Banfield/Josh_Williams/Scoring_20Oct/JoshW/DSC_1556.tif,2,5,1,5,1,0,3873,4103,200,430
/Volumes/shared/Research-Groups/Mark-Banfield/Josh_Williams/Scoring_20Oct/JoshW/DSC_1556.tif,2,5,1,5,2,3,3789,4015,474,700
/Volumes/shared/Research-Groups/Mark-Banfield/Josh_Williams/Scoring_20Oct/JoshW/DSC_1556.tif,2,5,1,5,3,1,3957,4187,704,934
/Volumes/shared/Research-Groups/Mark-Banfield/Josh_Williams/Scoring_20Oct/JoshW/DSC_1556.tif,2,5,1,5,4,0,4231,4435,712,916
/Volumes/shared/Research-Groups/Mark-Banfield/Josh_Williams/Scoring_20Oct/JoshW/DSC_1556.tif,2,5,1,5,5,2,4196,4438,416,658
/Volumes/shared/Research-Groups/Mark-Banfield/Josh_Williams/Scoring_20Oct/JoshW/DSC_1556.tif,2,5,1,5,6,0,4174,4390,172,388
/Volumes/shared/Research-Groups/Mark-Banfield/Josh_Williams/Scoring_20Oct/JoshW/DSC_1556.tif,2,5,2,1,1,0,424,664,1586,1826
/Volumes/shared/Research-Groups/Mark-Banfield/Josh_Williams/Scoring_20Oct/JoshW/DSC_1556.tif,2,5,2,1,2,0,330,546,1823,2039
/Volumes/shared/Research-Groups/Mark-Banfield/Josh_Williams/Scoring_20Oct/JoshW/DSC_1556.tif,2,5,2,1,3,1,362,618,2022,2278
/Volumes/shared/Research-Groups/Mark-Banfield/Josh_Williams/Scoring_20Oct/JoshW/DSC_1556.tif,2,5,2,1,4,3,730,988,2096,2354
/Volumes/shared/Research-Groups/Mark-Banfield/Josh_Williams/Scoring_20Oct/JoshW/DSC_1556.tif,2,5,2,1,5,0,776,992,1857,2073
/Volumes/shared/Research-Groups/Mark-Banfield/Josh_Williams/Scoring_20Oct/JoshW/DSC_1556.tif,2,5,2,1,6,5,740,928,1646,1834
/Volumes/shared/Research-Groups/Mark-Banfield/Josh_Williams/Scoring_20Oct/JoshW/DSC_1556.tif,2,5,2,2,1,6,1359,1589,1604,1834
/Volumes/shared/Research-Groups/Mark-Banfield/Josh_Williams/Scoring_20Oct/JoshW/DSC_1556.tif,2,5,2,2,2,0,1222,1448,1862,2088
/Volumes/shared/Research-Groups/Mark-Banfield/Josh_Williams/Scoring_20Oct/JoshW/DSC_1556.tif,2,5,2,2,3,0,1362,1636,2079,2353
/Volumes/shared/Research-Groups/Mark-Banfield/Josh_Williams/Scoring_20Oct/JoshW/DSC_1556.tif,2,5,2,2,4,2,1644,1914,2038,2308
/Volumes/shared/Research-Groups/Mark-Banfield/Josh_Williams/Scoring_20Oct/JoshW/DSC_1556.tif,2,5,2,2,5,0,1687,1903,1858,2074
/Volumes/shared/Research-Groups/Mark-Banfield/Josh_Williams/Scoring_20Oct/JoshW/DSC_1556.tif,2,5,2,2,6,0,1646,1888,1605,1847
/Volumes/shared/Research-Groups/Mark-Banfield/Josh_Williams/Scoring_20Oct/JoshW/DSC_1556.tif,2,5,2,3,1,0,2236,2506,1531,1801
/Volumes/shared/Research-Groups/Mark-Banfield/Josh_Williams/Scoring_20Oct/JoshW/DSC_1556.tif,2,5,2,3,2,5,2229,2441,1808,2020
/Volumes/shared/Research-Groups/Mark-Banfield/Josh_Williams/Scoring_20Oct/JoshW/DSC_1556.tif,2,5,2,3,3,0,2164,2412,2017,2265
/Volumes/shared/Research-Groups/Mark-Banfield/Josh_Williams/Scoring_20Oct/JoshW/DSC_1556.tif,2,5,2,3,4,0,2520,2746,1970,2196
/Volumes/shared/Research-Groups/Mark-Banfield/Josh_Williams/Scoring_20Oct/JoshW/DSC_1556.tif,2,5,2,3,5,4,2516,2750,1698,1932
/Volumes/shared/Research-Groups/Mark-Banfield/Josh_Williams/Scoring_20Oct/JoshW/DSC_1556.tif,2,5,2,3,6,4,2510,2672,1567,1729
/Volumes/shared/Research-Groups/Mark-Banfield/Josh_Williams/Scoring_20Oct/JoshW/DSC_1556.tif,2,5,2,4,1,3,3136,3280,1655,1799
/Volumes/shared/Research-Groups/Mark-Banfield/Josh_Williams/Scoring_20Oct/JoshW/DSC_1556.tif,2,5,2,4,2,0,3107,3347,1816,2056
/Volumes/shared/Research-Groups/Mark-Banfield/Josh_Williams/Scoring_20Oct/JoshW/DSC_1556.tif,2,5,2,4,3,2,3112,3342,2024,2254
/Volumes/shared/Research-Groups/Mark-Banfield/Josh_Williams/Scoring_20Oct/JoshW/DSC_1556.tif,2,5,2,4,4,0,3452,3672,1970,2190
/Volumes/shared/Research-Groups/Mark-Banfield/Josh_Williams/Scoring_20Oct/JoshW/DSC_1556.tif,2,5,2,4,5,0,3438,3632,1731,1925
/Volumes/shared/Research-Groups/Mark-Banfield/Josh_Williams/Scoring_20Oct/JoshW/DSC_1556.tif,2,5,2,4,6,4,3312,3502,1571,1761
/Volumes/shared/Research-Groups/Mark-Banfield/Josh_Williams/Scoring_20Oct/JoshW/DSC_1556.tif,2,5,2,5,1,3,4016,4210,1688,1882
/Volumes/shared/Research-Groups/Mark-Banfield/Josh_Williams/Scoring_20Oct/JoshW/DSC_1556.tif,2,5,2,5,2,4,3908,4142,1866,2100
/Volumes/shared/Research-Groups/Mark-Banfield/Josh_Williams/Scoring_20Oct/JoshW/DSC_1556.tif,2,5,2,5,3,0,4032,4236,2082,2286
/Volumes/shared/Research-Groups/Mark-Banfield/Josh_Williams/Scoring_20Oct/JoshW/DSC_1556.tif,2,5,2,5,4,2,4304,4548,2035,2279
/Volumes/shared/Research-Groups/Mark-Banfield/Josh_Williams/Scoring_20Oct/JoshW/DSC_1556.tif,2,5,2,5,5,0,4304,4524,1784,2004
/Volumes/shared/Research-Groups/Mark-Banfield/Josh_Williams/Scoring_20Oct/JoshW/DSC_1556.tif,2,5,2,5,6,0,4210,4412,1594,1796
/Volumes/shared/Research-Groups/Mark-Banfield/Josh_Williams/Scoring_20Oct/JoshW/_DSC3042.TIF,3,3,1,1,1,2,696,1034,818,1156
/Volumes/shared/Research-Groups/Mark-Banfield/Josh_Williams/Scoring_20Oct/JoshW/_DSC3042.TIF,3,3,1,1,2,0,528,926,1094,1492
/Volumes/shared/Research-Groups/Mark-Banfield/Josh_Williams/Scoring_20Oct/JoshW/_DSC3042.TIF,3,3,1,1,3,0,639,1067,1530,1958
/Volumes/shared/Research-Groups/Mark-Banfield/Josh_Williams/Scoring_20Oct/JoshW/_DSC3042.TIF,3,3,1,1,4,2,1088,1438,1562,1912
/Volumes/shared/Research-Groups/Mark-Banfield/Josh_Williams/Scoring_20Oct/JoshW/_DSC3042.TIF,3,3,1,1,5,4,1172,1484,1191,1503
/Volumes/shared/Research-Groups/Mark-Banfield/Josh_Williams/Scoring_20Oct/JoshW/_DSC3042.TIF,3,3,1,1,6,4,1006,1298,918,1210
/Volumes/shared/Research-Groups/Mark-Banfield/Josh_Williams/Scoring_20Oct/JoshW/_DSC3042.TIF,3,3,1,3,1,3,2548,2830,1038,1320
/Volumes/shared/Research-Groups/Mark-Banfield/Josh_Williams/Scoring_20Oct/JoshW/_DSC3042.TIF,3,3,1,3,2,0,2304,2624,1241,1561
/Volumes/shared/Research-Groups/Mark-Banfield/Josh_Williams/Scoring_20Oct/JoshW/_DSC3042.TIF,3,3,1,3,3,2,2291,2635,1638,1982
/Volumes/shared/Research-Groups/Mark-Banfield/Josh_Williams/Scoring_20Oct/JoshW/_DSC3042.TIF,3,3,1,3,4,0,2938,3252,1638,1952
/Volumes/shared/Research-Groups/Mark-Banfield/Josh_Williams/Scoring_20Oct/JoshW/_DSC3042.TIF,3,3,1,3,5,0,2915,3259,1348,1692
/Volumes/shared/Research-Groups/Mark-Banfield/Josh_Williams/Scoring_20Oct/JoshW/_DSC3042.TIF,3,3,1,3,6,5,2816,3152,1076,1412
/Volumes/shared/Research-Groups/Mark-Banfield/Josh_Williams/Scoring_20Oct/JoshW/_DSC3042.TIF,3,3,2,2,1,5,1784,2074,2139,2429
/Volumes/shared/Research-Groups/Mark-Banfield/Josh_Williams/Scoring_20Oct/JoshW/_DSC3042.TIF,3,3,2,2,2,1,1576,1944,2452,2820
/Volumes/shared/Research-Groups/Mark-Banfield/Josh_Williams/Scoring_20Oct/JoshW/_DSC3042.TIF,3,3,2,2,3,0,1604,1948,2846,3190
/Volumes/shared/Research-Groups/Mark-Banfield/Josh_Williams/Scoring_20Oct/JoshW/_DSC3042.TIF,3,3,2,2,4,1,2296,2662,2835,3201
/Volumes/shared/Research-Groups/Mark-Banfield/Josh_Williams/Scoring_20Oct/JoshW/_DSC3042.TIF,3,3,2,2,5,2,2288,2602,2468,2782
/Volumes/shared/Research-Groups/Mark-Banfield/Josh_Williams/Scoring_20Oct/JoshW/_DSC3042.TIF,3,3,2,2,6,0,2139,2491,2158,2510
/Volumes/shared/Research-Groups/Mark-Banfield/Josh_Williams/Scoring_20Oct/JoshW/_DSC3042.TIF,3,3,3,1,1,2,1010,1324,3412,3726
/Volumes/shared/Research-Groups/Mark-Banfield/Josh_Williams/Scoring_20Oct/JoshW/_DSC3042.TIF,3,3,3,1,2,6,846,1252,3710,4116
/Volumes/shared/Research-Groups/Mark-Banfield/Josh_Williams/Scoring_20Oct/JoshW/_DSC3042.TIF,3,3,3,1,3,0,899,1251,4184,4536
/Volumes/shared/Research-Groups/Mark-Banfield/Josh_Williams/Scoring_20Oct/JoshW/_DSC3042.TIF,3,3,3,1,4,0,1520,1872,4086,4438
/Volumes/shared/Research-Groups/Mark-Banfield/Josh_Williams/Scoring_20Oct/JoshW/_DSC3042.TIF,3,3,3,1,5,0,1492,1822,3809,4139
/Volumes/shared/Research-Groups/Mark-Banfield/Josh_Williams/Scoring_20Oct/JoshW/_DSC3042.TIF,3,3,3,1,6,2,1348,1692,3401,3745
/Volumes/shared/Research-Groups/Mark-Banfield/Josh_Williams/Scoring_20Oct/JoshW/_DSC3042.TIF,3,3,3,3,1,4,2524,2838,3806,4120
/Volumes/shared/Research-Groups/Mark-Banfield/Josh_Williams/Scoring_20Oct/JoshW/_DSC3042.TIF,3,3,3,3,2,1,2284,2706,4100,4522
/Volumes/shared/Research-Groups/Mark-Banfield/Josh_Williams/Scoring_20Oct/JoshW/_DSC3042.TIF,3,3,3,3,3,0,2380,2708,4583,4911
/Volumes/shared/Research-Groups/Mark-Banfield/Josh_Williams/Scoring_20Oct/JoshW/_DSC3042.TIF,3,3,3,3,4,0,3164,3522,4568,4926
/Volumes/shared/Research-Groups/Mark-Banfield/Josh_Williams/Scoring_20Oct/JoshW/_DSC3042.TIF,3,3,3,3,5,0,3136,3488,4162,4514
/Volumes/shared/Research-Groups/Mark-Banfield/Josh_Williams/Scoring_20Oct/JoshW/_DSC3042.TIF,3,3,3,3,6,0,2960,3274,3718,4032
/Volumes/shared/Research-Groups/Mark-Banfield/Josh_Williams/Scoring_20Oct/JoshW/DSC_7490.TIF,3,3,1,2,1,0,1254,1584,729,1059
/Volumes/shared/Research-Groups/Mark-Banfield/Josh_Williams/Scoring_20Oct/JoshW/DSC_7490.TIF,3,3,1,2,2,0,1000,1418,1024,1442
/Volumes/shared/Research-Groups/Mark-Banfield/Josh_Williams/Scoring_20Oct/JoshW/DSC_7490.TIF,3,3,1,2,3,0,1118,1518,1412,1812
/Volumes/shared/Research-Groups/Mark-Banfield/Josh_Williams/Scoring_20Oct/JoshW/DSC_7490.TIF,3,3,1,2,4,0,1842,2194,1402,1754
/Volumes/shared/Research-Groups/Mark-Banfield/Josh_Williams/Scoring_20Oct/JoshW/DSC_7490.TIF,3,3,1,2,5,0,1682,2042,948,1308
/Volumes/shared/Research-Groups/Mark-Banfield/Josh_Williams/Scoring_20Oct/JoshW/DSC_7490.TIF,3,3,1,2,6,2,1574,1892,672,990
/Volumes/shared/Research-Groups/Mark-Banfield/Josh_Williams/Scoring_20Oct/JoshW/DSC_7490.TIF,3,3,2,1,1,0,539,831,2024,2316
/Volumes/shared/Research-Groups/Mark-Banfield/Josh_Williams/Scoring_20Oct/JoshW/DSC_7490.TIF,3,3,2,1,2,0,440,726,2315,2601
/Volumes/shared/Research-Groups/Mark-Banfield/Josh_Williams/Scoring_20Oct/JoshW/DSC_7490.TIF,3,3,2,1,3,0,468,826,2546,2904
/Volumes/shared/Research-Groups/Mark-Banfield/Josh_Williams/Scoring_20Oct/JoshW/DSC_7490.TIF,3,3,2,1,4,0,1044,1382,2509,2847
/Volumes/shared/Research-Groups/Mark-Banfield/Josh_Williams/Scoring_20Oct/JoshW/DSC_7490.TIF,3,3,2,1,5,0,1010,1288,2211,2489
/Volumes/shared/Research-Groups/Mark-Banfield/Josh_Williams/Scoring_20Oct/JoshW/DSC_7490.TIF,3,3,2,1,6,1,898,1168,1904,2174
/Volumes/shared/Research-Groups/Mark-Banfield/Josh_Williams/Scoring_20Oct/JoshW/DSC_7490.TIF,3,3,2,3,1,0,2197,2481,1680,1964
/Volumes/shared/Research-Groups/Mark-Banfield/Josh_Williams/Scoring_20Oct/JoshW/DSC_7490.TIF,3,3,2,3,2,0,1984,2322,2018,2356
/Volumes/shared/Research-Groups/Mark-Banfield/Josh_Williams/Scoring_20Oct/JoshW/DSC_7490.TIF,3,3,2,3,3,0,2024,2398,2410,2784
/Volumes/shared/Research-Groups/Mark-Banfield/Josh_Williams/Scoring_20Oct/JoshW/DSC_7490.TIF,3,3,2,3,4,0,2682,2994,2498,2810
/Volumes/shared/Research-Groups/Mark-Banfield/Josh_Williams/Scoring_20Oct/JoshW/DSC_7490.TIF,3,3,2,3,5,0,2708,2992,2093,2377
/Volumes/shared/Research-Groups/Mark-Banfield/Josh_Williams/Scoring_20Oct/JoshW/DSC_7490.TIF,3,3,2,3,6,0,2532,2938,1673,2079
/Volumes/shared/Research-Groups/Mark-Banfield/Josh_Williams/Scoring_20Oct/JoshW/DSC_7490.TIF,3,3,3,1,1,0,428,746,3416,3734
/Volumes/shared/Research-Groups/Mark-Banfield/Josh_Williams/Scoring_20Oct/JoshW/DSC_7490.TIF,3,3,3,1,2,0,218,528,3715,4025
/Volumes/shared/Research-Groups/Mark-Banfield/Josh_Williams/Scoring_20Oct/JoshW/DSC_7490.TIF,3,3,3,1,3,0,374,746,4059,4431
/Volumes/shared/Research-Groups/Mark-Banfield/Josh_Williams/Scoring_20Oct/JoshW/DSC_7490.TIF,3,3,3,1,4,0,946,1332,3940,4326
/Volumes/shared/Research-Groups/Mark-Banfield/Josh_Williams/Scoring_20Oct/JoshW/DSC_7490.TIF,3,3,3,1,5,0,901,1273,3582,3954
/Volumes/shared/Research-Groups/Mark-Banfield/Josh_Williams/Scoring_20Oct/JoshW/DSC_7490.TIF,3,3,3,1,6,2,860,1056,3338,3534
/Volumes/shared/Research-Groups/Mark-Banfield/Josh_Williams/Scoring_20Oct/JoshW/DSC_7490.TIF,3,3,3,3,1,0,1998,2322,3257,3581
/Volumes/shared/Research-Groups/Mark-Banfield/Josh_Williams/Scoring_20Oct/JoshW/DSC_7490.TIF,3,3,3,3,2,0,1816,2194,3599,3977
/Volumes/shared/Research-Groups/Mark-Banfield/Josh_Williams/Scoring_20Oct/JoshW/DSC_7490.TIF,3,3,3,3,3,0,1882,2288,3928,4334
/Volumes/shared/Research-Groups/Mark-Banfield/Josh_Williams/Scoring_20Oct/JoshW/DSC_7490.TIF,3,3,3,3,4,0,2546,2912,3914,4280
/Volumes/shared/Research-Groups/Mark-Banfield/Josh_Williams/Scoring_20Oct/JoshW/DSC_7490.TIF,3,3,3,3,5,0,2532,2850,3501,3819
/Volumes/shared/Research-Groups/Mark-Banfield/Josh_Williams/Scoring_20Oct/JoshW/DSC_7490.TIF,3,3,3,3,6,0,2316,2696,3114,3494
/Volumes/shared/Research-Groups/Mark-Banfield/Josh_Williams/Scoring_20Oct/JoshW/DSC_7710.TIF,3,3,1,2,1,5,1430,1652,611,833
/Volumes/shared/Research-Groups/Mark-Banfield/Josh_Williams/Scoring_20Oct/JoshW/DSC_7710.TIF,3,3,1,2,2,3,1355,1619,914,1178
/Volumes/shared/Research-Groups/Mark-Banfield/Josh_Williams/Scoring_20Oct/JoshW/DSC_7710.TIF,3,3,1,2,3,3,1314,1552,1165,1403
/Volumes/shared/Research-Groups/Mark-Banfield/Josh_Williams/Scoring_20Oct/JoshW/DSC_7710.TIF,3,3,1,2,4,2,1964,2140,1189,1365
/Volumes/shared/Research-Groups/Mark-Banfield/Josh_Williams/Scoring_20Oct/JoshW/DSC_7710.TIF,3,3,1,2,5,3,1822,2046,898,1122
/Volumes/shared/Research-Groups/Mark-Banfield/Josh_Williams/Scoring_20Oct/JoshW/DSC_7710.TIF,3,3,1,2,6,4,1652,1910,708,966
/Volumes/shared/Research-Groups/Mark-Banfield/Josh_Williams/Scoring_20Oct/JoshW/DSC_7710.TIF,3,3,2,1,1,6,840,1078,1767,2005
/Volumes/shared/Research-Groups/Mark-Banfield/Josh_Williams/Scoring_20Oct/JoshW/DSC_7710.TIF,3,3,2,1,2,3,718,976,2028,2286
/Volumes/shared/Research-Groups/Mark-Banfield/Josh_Williams/Scoring_20Oct/JoshW/DSC_7710.TIF,3,3,2,1,3,4,752,996,2336,2580
/Volumes/shared/Research-Groups/Mark-Banfield/Josh_Williams/Scoring_20Oct/JoshW/DSC_7710.TIF,3,3,2,1,4,1,1286,1450,2410,2574
/Volumes/shared/Research-Groups/Mark-Banfield/Josh_Williams/Scoring_20Oct/JoshW/DSC_7710.TIF,3,3,2,1,5,3,1247,1525,2072,2350
/Volumes/shared/Research-Groups/Mark-Banfield/Josh_Williams/Scoring_20Oct/JoshW/DSC_7710.TIF,3,3,2,1,6,4,1152,1396,1872,2116
/Volumes/shared/Research-Groups/Mark-Banfield/Josh_Williams/Scoring_20Oct/JoshW/DSC_7710.TIF,3,3,2,3,1,5,2180,2492,1852,2164
/Volumes/shared/Research-Groups/Mark-Banfield/Josh_Williams/Scoring_20Oct/JoshW/DSC_7710.TIF,3,3,2,3,2,5,2018,2316,2106,2404
/Volumes/shared/Research-Groups/Mark-Banfield/Josh_Williams/Scoring_20Oct/JoshW/DSC_7710.TIF,3,3,2,3,3,5,2038,2322,2398,2682
/Volumes/shared/Research-Groups/Mark-Banfield/Josh_Williams/Scoring_20Oct/JoshW/DSC_7710.TIF,3,3,2,3,4,3,2594,2904,2469,2779
/Volumes/shared/Research-Groups/Mark-Banfield/Josh_Williams/Scoring_20Oct/JoshW/DSC_7710.TIF,3,3,2,3,5,5,2590,2888,2106,2404
/Volumes/shared/Research-Groups/Mark-Banfield/Josh_Williams/Scoring_20Oct/JoshW/DSC_7710.TIF,3,3,2,3,6,5,2492,2728,1880,2116
/Volumes/shared/Research-Groups/Mark-Banfield/Josh_Williams/Scoring_20Oct/JoshW/DSC_7710.TIF,3,3,3,1,1,6,982,1192,3436,3646
/Volumes/shared/Research-Groups/Mark-Banfield/Josh_Williams/Scoring_20Oct/JoshW/DSC_7710.TIF,3,3,3,1,2,6,806,1078,3642,3914
/Volumes/shared/Research-Groups/Mark-Banfield/Josh_Williams/Scoring_20Oct/JoshW/DSC_7710.TIF,3,3,3,1,3,5,881,1139,3954,4212
/Volumes/shared/Research-Groups/Mark-Banfield/Josh_Williams/Scoring_20Oct/JoshW/DSC_7710.TIF,3,3,3,1,4,5,1484,1754,3903,4173
/Volumes/shared/Research-Groups/Mark-Banfield/Josh_Williams/Scoring_20Oct/JoshW/DSC_7710.TIF,3,3,3,1,5,5,1453,1717,3616,3880
/Volumes/shared/Research-Groups/Mark-Banfield/Josh_Williams/Scoring_20Oct/JoshW/DSC_7710.TIF,3,3,3,1,6,6,1246,1490,3345,3589
/Volumes/shared/Research-Groups/Mark-Banfield/Josh_Williams/Scoring_20Oct/JoshW/DSC_7710.TIF,3,3,3,3,1,5,2302,2608,3229,3535
/Volumes/shared/Research-Groups/Mark-Banfield/Josh_Williams/Scoring_20Oct/JoshW/DSC_7710.TIF,3,3,3,3,2,5,2120,2398,3531,3809
/Volumes/shared/Research-Groups/Mark-Banfield/Josh_Williams/Scoring_20Oct/JoshW/DSC_7710.TIF,3,3,3,3,3,4,2038,2336,3860,4158
/Volumes/shared/Research-Groups/Mark-Banfield/Josh_Williams/Scoring_20Oct/JoshW/DSC_7710.TIF,3,3,3,3,4,2,2728,2952,3960,4184
/Volumes/shared/Research-Groups/Mark-Banfield/Josh_Williams/Scoring_20Oct/JoshW/DSC_7710.TIF,3,3,3,3,5,4,2708,2932,3663,3887
/Volumes/shared/Research-Groups/Mark-Banfield/Josh_Williams/Scoring_20Oct/JoshW/DSC_7710.TIF,3,3,3,3,6,5,2617,2841,3426,3650
/Volumes/shared/Research-Groups/Mark-Banfield/Josh_Williams/Scoring_20Oct/JoshW/DSC_0810.tif,3,3,1,1,1,0,238,516,312,590
/Volumes/shared/Research-Groups/Mark-Banfield/Josh_Williams/Scoring_20Oct/JoshW/DSC_0810.tif,3,3,1,1,2,4,190,462,582,854
/Volumes/shared/Research-Groups/Mark-Banfield/Josh_Williams/Scoring_20Oct/JoshW/DSC_0810.tif,3,3,1,1,3,3,296,498,848,1050
/Volumes/shared/Research-Groups/Mark-Banfield/Josh_Williams/Scoring_20Oct/JoshW/DSC_0810.tif,3,3,1,1,4,4,817,1033,820,1036
/Volumes/shared/Research-Groups/Mark-Banfield/Josh_Williams/Scoring_20Oct/JoshW/DSC_0810.tif,3,3,1,1,5,5,667,979,420,732
/Volumes/shared/Research-Groups/Mark-Banfield/Josh_Williams/Scoring_20Oct/JoshW/DSC_0810.tif,3,3,1,1,6,0,540,824,190,474
/Volumes/shared/Research-Groups/Mark-Banfield/Josh_Williams/Scoring_20Oct/JoshW/DSC_0810.tif,3,3,1,3,1,0,2418,2696,264,542
/Volumes/shared/Research-Groups/Mark-Banfield/Josh_Williams/Scoring_20Oct/JoshW/DSC_0810.tif,3,3,1,3,2,0,2248,2546,528,826
/Volumes/shared/Research-Groups/Mark-Banfield/Josh_Williams/Scoring_20Oct/JoshW/DSC_0810.tif,3,3,1,3,3,3,2168,2438,857,1127
/Volumes/shared/Research-Groups/Mark-Banfield/Josh_Williams/Scoring_20Oct/JoshW/DSC_0810.tif,3,3,1,3,4,4,2698,2956,942,1200
/Volumes/shared/Research-Groups/Mark-Banfield/Josh_Williams/Scoring_20Oct/JoshW/DSC_0810.tif,3,3,1,3,5,6,2838,3054,664,880
/Volumes/shared/Research-Groups/Mark-Banfield/Josh_Williams/Scoring_20Oct/JoshW/DSC_0810.tif,3,3,1,3,6,6,2722,2952,400,630
/Volumes/shared/Research-Groups/Mark-Banfield/Josh_Williams/Scoring_20Oct/JoshW/DSC_0810.tif,3,3,2,2,1,6,1266,1504,1107,1345
/Volumes/shared/Research-Groups/Mark-Banfield/Josh_Williams/Scoring_20Oct/JoshW/DSC_0810.tif,3,3,2,2,2,0,1148,1440,1354,1646
/Volumes/shared/Research-Groups/Mark-Banfield/Josh_Williams/Scoring_20Oct/JoshW/DSC_0810.tif,3,3,2,2,3,0,1090,1382,1628,1920
/Volumes/shared/Research-Groups/Mark-Banfield/Josh_Williams/Scoring_20Oct/JoshW/DSC_0810.tif,3,3,2,2,4,1,1640,1842,1467,1669
/Volumes/shared/Research-Groups/Mark-Banfield/Josh_Williams/Scoring_20Oct/JoshW/DSC_0810.tif,3,3,2,2,5,3,1572,1748,1317,1493
/Volumes/shared/Research-Groups/Mark-Banfield/Josh_Williams/Scoring_20Oct/JoshW/DSC_0810.tif,3,3,2,2,6,3,1469,1673,1124,1328
/Volumes/shared/Research-Groups/Mark-Banfield/Josh_Williams/Scoring_20Oct/JoshW/DSC_0810.tif,3,3,3,1,1,4,587,857,2256,2526
/Volumes/shared/Research-Groups/Mark-Banfield/Josh_Williams/Scoring_20Oct/JoshW/DSC_0810.tif,3,3,3,1,2,4,414,658,2556,2800
/Volumes/shared/Research-Groups/Mark-Banfield/Josh_Williams/Scoring_20Oct/JoshW/DSC_0810.tif,3,3,3,1,3,0,404,688,2858,3142
/Volumes/shared/Research-Groups/Mark-Banfield/Josh_Williams/Scoring_20Oct/JoshW/DSC_0810.tif,3,3,3,1,4,0,1009,1321,2742,3054
/Volumes/shared/Research-Groups/Mark-Banfield/Josh_Williams/Scoring_20Oct/JoshW/DSC_0810.tif,3,3,3,1,5,3,948,1186,2444,2682
/Volumes/shared/Research-Groups/Mark-Banfield/Josh_Williams/Scoring_20Oct/JoshW/DSC_0810.tif,3,3,3,1,6,3,864,1060,2214,2410
/Volumes/shared/Research-Groups/Mark-Banfield/Josh_Williams/Scoring_20Oct/JoshW/DSC_0810.tif,3,3,3,3,1,4,2046,2276,2093,2323
/Volumes/shared/Research-Groups/Mark-Banfield/Josh_Williams/Scoring_20Oct/JoshW/DSC_0810.tif,3,3,3,3,2,3,1907,2137,2364,2594
/Volumes/shared/Research-Groups/Mark-Banfield/Josh_Williams/Scoring_20Oct/JoshW/DSC_0810.tif,3,3,3,3,3,3,1961,2183,2682,2904
/Volumes/shared/Research-Groups/Mark-Banfield/Josh_Williams/Scoring_20Oct/JoshW/DSC_0810.tif,3,3,3,3,4,0,2410,2702,2600,2892
/Volumes/shared/Research-Groups/Mark-Banfield/Josh_Williams/Scoring_20Oct/JoshW/DSC_0810.tif,3,3,3,3,5,0,2336,2628,2268,2560
/Volumes/shared/Research-Groups/Mark-Banfield/Josh_Williams/Scoring_20Oct/JoshW/DSC_0810.tif,3,3,3,3,6,3,2272,2564,1984,2276
