img,maxrow,maxcol,row,col,pos,score,x1,x2,y1,y2
/Volumes/Mark-Banfield/Josh_Williams/Scoring_20Oct/JoshB/DSC_7587.TIF,3,3,1,2,1,1,1534,1846,136,448
/Volumes/Mark-Banfield/Josh_Williams/Scoring_20Oct/JoshB/DSC_7587.TIF,3,3,1,2,2,0,1390,1668,511,789
/Volumes/Mark-Banfield/Josh_Williams/Scoring_20Oct/JoshB/DSC_7587.TIF,3,3,1,2,3,0,1412,1690,844,1122
/Volumes/Mark-Banfield/Josh_Williams/Scoring_20Oct/JoshB/DSC_7587.TIF,3,3,1,2,4,0,2001,2229,860,1088
/Volumes/Mark-Banfield/Josh_Williams/Scoring_20Oct/JoshB/DSC_7587.TIF,3,3,1,2,5,0,1990,2268,468,746
/Volumes/Mark-Banfield/Josh_Williams/Scoring_20Oct/JoshB/DSC_7587.TIF,3,3,1,2,6,0,1934,2170,128,364
/Volumes/Mark-Banfield/Josh_Williams/Scoring_20Oct/JoshB/DSC_7587.TIF,3,3,2,1,1,0,717,961,1180,1424
/Volumes/Mark-Banfield/Josh_Williams/Scoring_20Oct/JoshB/DSC_7587.TIF,3,3,2,1,2,0,548,826,1479,1757
/Volumes/Mark-Banfield/Josh_Williams/Scoring_20Oct/JoshB/DSC_7587.TIF,3,3,2,1,3,0,448,718,1828,2098
/Volumes/Mark-Banfield/Josh_Williams/Scoring_20Oct/JoshB/DSC_7587.TIF,3,3,2,1,4,0,1137,1383,1786,2032
/Volumes/Mark-Banfield/Josh_Williams/Scoring_20Oct/JoshB/DSC_7587.TIF,3,3,2,1,5,0,1096,1340,1429,1673
/Volumes/Mark-Banfield/Josh_Williams/Scoring_20Oct/JoshB/DSC_7587.TIF,3,3,2,1,6,0,1020,1240,1180,1400
/Volumes/Mark-Banfield/Josh_Williams/Scoring_20Oct/JoshB/DSC_7587.TIF,3,3,2,3,1,0,2283,2495,1348,1560
/Volumes/Mark-Banfield/Josh_Williams/Scoring_20Oct/JoshB/DSC_7587.TIF,3,3,2,3,2,0,1998,2326,1614,1942
/Volumes/Mark-Banfield/Josh_Williams/Scoring_20Oct/JoshB/DSC_7587.TIF,3,3,2,3,3,0,2006,2292,1998,2284
/Volumes/Mark-Banfield/Josh_Williams/Scoring_20Oct/JoshB/DSC_7587.TIF,3,3,2,3,4,0,2693,2937,2074,2318
/Volumes/Mark-Banfield/Josh_Williams/Scoring_20Oct/JoshB/DSC_7587.TIF,3,3,2,3,5,0,2755,3001,1668,1914
/Volumes/Mark-Banfield/Josh_Williams/Scoring_20Oct/JoshB/DSC_7587.TIF,3,3,2,3,6,1,2599,2845,1306,1552
/Volumes/Mark-Banfield/Josh_Williams/Scoring_20Oct/JoshB/DSC_7587.TIF,3,3,3,1,1,0,928,1156,2709,2937
/Volumes/Mark-Banfield/Josh_Williams/Scoring_20Oct/JoshB/DSC_7587.TIF,3,3,3,1,2,0,684,994,2908,3218
/Volumes/Mark-Banfield/Josh_Williams/Scoring_20Oct/JoshB/DSC_7587.TIF,3,3,3,1,3,0,590,928,3286,3624
/Volumes/Mark-Banfield/Josh_Williams/Scoring_20Oct/JoshB/DSC_7587.TIF,3,3,3,1,4,0,1297,1517,3404,3624
/Volumes/Mark-Banfield/Josh_Williams/Scoring_20Oct/JoshB/DSC_7587.TIF,3,3,3,1,5,1,1316,1568,3026,3278
/Volumes/Mark-Banfield/Josh_Williams/Scoring_20Oct/JoshB/DSC_7587.TIF,3,3,3,1,6,2,1183,1429,2738,2984
/Volumes/Mark-Banfield/Josh_Williams/Scoring_20Oct/JoshB/DSC_7587.TIF,3,3,3,3,1,0,2082,2292,2908,3118
/Volumes/Mark-Banfield/Josh_Williams/Scoring_20Oct/JoshB/DSC_7587.TIF,3,3,3,3,2,0,1946,2208,3202,3464
/Volumes/Mark-Banfield/Josh_Williams/Scoring_20Oct/JoshB/DSC_7587.TIF,3,3,3,3,3,0,1938,2268,3514,3844
/Volumes/Mark-Banfield/Josh_Williams/Scoring_20Oct/JoshB/DSC_7587.TIF,3,3,3,3,4,0,2701,2945,3464,3708
/Volumes/Mark-Banfield/Josh_Williams/Scoring_20Oct/JoshB/DSC_7587.TIF,3,3,3,3,5,0,2588,2840,3034,3286
/Volumes/Mark-Banfield/Josh_Williams/Scoring_20Oct/JoshB/DSC_7587.TIF,3,3,3,3,6,0,2418,2662,2735,2979
/Volumes/Mark-Banfield/Josh_Williams/Scoring_20Oct/JoshB/DSC_6338.tif,3,3,1,1,1,0,287,473,464,650
/Volumes/Mark-Banfield/Josh_Williams/Scoring_20Oct/JoshB/DSC_6338.tif,3,3,1,1,2,5,278,440,712,874
/Volumes/Mark-Banfield/Josh_Williams/Scoring_20Oct/JoshB/DSC_6338.tif,3,3,1,1,3,5,291,427,944,1080
/Volumes/Mark-Banfield/Josh_Williams/Scoring_20Oct/JoshB/DSC_6338.tif,3,3,1,1,4,0,684,844,978,1138
/Volumes/Mark-Banfield/Josh_Williams/Scoring_20Oct/JoshB/DSC_6338.tif,3,3,1,1,5,0,582,760,645,823
/Volumes/Mark-Banfield/Josh_Williams/Scoring_20Oct/JoshB/DSC_6338.tif,3,3,1,1,6,0,511,687,440,616
/Volumes/Mark-Banfield/Josh_Williams/Scoring_20Oct/JoshB/DSC_6338.tif,3,3,1,3,1,0,1660,1930,616,886
/Volumes/Mark-Banfield/Josh_Williams/Scoring_20Oct/JoshB/DSC_6338.tif,3,3,1,3,2,0,1601,1837,910,1146
/Volumes/Mark-Banfield/Josh_Williams/Scoring_20Oct/JoshB/DSC_6338.tif,3,3,1,3,3,0,1728,1938,1168,1378
/Volumes/Mark-Banfield/Josh_Williams/Scoring_20Oct/JoshB/DSC_6338.tif,3,3,1,3,4,1,2074,2276,1104,1306
/Volumes/Mark-Banfield/Josh_Williams/Scoring_20Oct/JoshB/DSC_6338.tif,3,3,1,3,5,0,1998,2208,860,1070
/Volumes/Mark-Banfield/Josh_Williams/Scoring_20Oct/JoshB/DSC_6338.tif,3,3,1,3,6,0,1981,2141,608,768
/Volumes/Mark-Banfield/Josh_Williams/Scoring_20Oct/JoshB/DSC_6338.tif,3,3,2,2,1,0,983,1193,1922,2132
/Volumes/Mark-Banfield/Josh_Williams/Scoring_20Oct/JoshB/DSC_6338.tif,3,3,2,2,2,0,962,1198,2250,2486
/Volumes/Mark-Banfield/Josh_Williams/Scoring_20Oct/JoshB/DSC_6338.tif,3,3,2,2,3,0,792,1038,2548,2794
/Volumes/Mark-Banfield/Josh_Williams/Scoring_20Oct/JoshB/DSC_6338.tif,3,3,2,2,4,0,1366,1610,2444,2688
/Volumes/Mark-Banfield/Josh_Williams/Scoring_20Oct/JoshB/DSC_6338.tif,3,3,2,2,5,1,1466,1668,2170,2372
/Volumes/Mark-Banfield/Josh_Williams/Scoring_20Oct/JoshB/DSC_6338.tif,3,3,2,2,6,0,1323,1517,1946,2140
/Volumes/Mark-Banfield/Josh_Williams/Scoring_20Oct/JoshB/DSC_6338.tif,3,3,3,1,1,0,448,548,3346,3446
/Volumes/Mark-Banfield/Josh_Williams/Scoring_20Oct/JoshB/DSC_6338.tif,3,3,3,1,2,0,338,566,3543,3771
/Volumes/Mark-Banfield/Josh_Williams/Scoring_20Oct/JoshB/DSC_6338.tif,3,3,3,1,3,0,464,674,3771,3981
/Volumes/Mark-Banfield/Josh_Williams/Scoring_20Oct/JoshB/DSC_6338.tif,3,3,3,1,4,0,818,1020,3670,3872
/Volumes/Mark-Banfield/Josh_Williams/Scoring_20Oct/JoshB/DSC_6338.tif,3,3,3,1,5,4,831,999,3472,3640
/Volumes/Mark-Banfield/Josh_Williams/Scoring_20Oct/JoshB/DSC_6338.tif,3,3,3,3,1,4,1893,2053,3176,3336
/Volumes/Mark-Banfield/Josh_Williams/Scoring_20Oct/JoshB/DSC_6338.tif,3,3,3,3,2,0,1820,2048,3375,3603
/Volumes/Mark-Banfield/Josh_Williams/Scoring_20Oct/JoshB/DSC_6338.tif,3,3,3,3,3,0,1745,1989,3548,3792
/Volumes/Mark-Banfield/Josh_Williams/Scoring_20Oct/JoshB/DSC_6338.tif,3,3,3,3,4,0,2158,2410,3523,3775
/Volumes/Mark-Banfield/Josh_Williams/Scoring_20Oct/JoshB/DSC_6338.tif,3,3,3,3,5,0,2140,2334,3282,3476
/Volumes/Mark-Banfield/Josh_Williams/Scoring_20Oct/JoshB/DSC_6338.tif,3,3,3,3,6,5,2057,2259,3084,3286
/Volumes/Mark-Banfield/Josh_Williams/Scoring_20Oct/JoshB/_DSC8106.tif,3,3,1,1,1,0,914,1134,514,734
/Volumes/Mark-Banfield/Josh_Williams/Scoring_20Oct/JoshB/_DSC8106.tif,3,3,1,1,2,0,768,958,762,952
/Volumes/Mark-Banfield/Josh_Williams/Scoring_20Oct/JoshB/_DSC8106.tif,3,3,1,1,3,0,582,914,1106,1438
/Volumes/Mark-Banfield/Josh_Williams/Scoring_20Oct/JoshB/_DSC8106.tif,3,3,1,1,4,0,1210,1572,1190,1552
/Volumes/Mark-Banfield/Josh_Williams/Scoring_20Oct/JoshB/_DSC8106.tif,3,3,1,1,5,0,1248,1552,825,1129
/Volumes/Mark-Banfield/Josh_Williams/Scoring_20Oct/JoshB/_DSC8106.tif,3,3,1,1,6,5,1182,1428,526,772
/Volumes/Mark-Banfield/Josh_Williams/Scoring_20Oct/JoshB/_DSC8106.tif,3,3,1,3,1,4,2162,2418,634,890
/Volumes/Mark-Banfield/Josh_Williams/Scoring_20Oct/JoshB/_DSC8106.tif,3,3,1,3,2,0,2028,2324,1004,1300
/Volumes/Mark-Banfield/Josh_Williams/Scoring_20Oct/JoshB/_DSC8106.tif,3,3,1,3,3,0,2094,2438,1447,1791
/Volumes/Mark-Banfield/Josh_Williams/Scoring_20Oct/JoshB/_DSC8106.tif,3,3,1,3,4,0,2738,3052,1200,1514
/Volumes/Mark-Banfield/Josh_Williams/Scoring_20Oct/JoshB/_DSC8106.tif,3,3,1,3,5,0,2780,3008,877,1105
/Volumes/Mark-Banfield/Josh_Williams/Scoring_20Oct/JoshB/_DSC8106.tif,3,3,1,3,6,0,2514,2790,610,886
/Volumes/Mark-Banfield/Josh_Williams/Scoring_20Oct/JoshB/_DSC8106.tif,3,3,2,2,1,0,1362,1628,2115,2381
/Volumes/Mark-Banfield/Josh_Williams/Scoring_20Oct/JoshB/_DSC8106.tif,3,3,2,2,2,6,1334,1638,2504,2808
/Volumes/Mark-Banfield/Josh_Williams/Scoring_20Oct/JoshB/_DSC8106.tif,3,3,2,2,3,0,1329,1577,2866,3114
/Volumes/Mark-Banfield/Josh_Williams/Scoring_20Oct/JoshB/_DSC8106.tif,3,3,2,2,4,0,1972,2256,2700,2984
/Volumes/Mark-Banfield/Josh_Williams/Scoring_20Oct/JoshB/_DSC8106.tif,3,3,2,2,5,0,1866,2200,2356,2690
/Volumes/Mark-Banfield/Josh_Williams/Scoring_20Oct/JoshB/_DSC8106.tif,3,3,2,2,6,0,1696,1952,2019,2275
/Volumes/Mark-Banfield/Josh_Williams/Scoring_20Oct/JoshB/_DSC8106.tif,3,3,3,1,1,0,382,648,3352,3618
/Volumes/Mark-Banfield/Josh_Williams/Scoring_20Oct/JoshB/_DSC8106.tif,3,3,3,1,2,0,192,506,3666,3980
/Volumes/Mark-Banfield/Josh_Williams/Scoring_20Oct/JoshB/_DSC8106.tif,3,3,3,1,3,6,324,648,3961,4285
/Volumes/Mark-Banfield/Josh_Williams/Scoring_20Oct/JoshB/_DSC8106.tif,3,3,3,1,4,0,858,1114,3976,4232
/Volumes/Mark-Banfield/Josh_Williams/Scoring_20Oct/JoshB/_DSC8106.tif,3,3,3,1,5,0,838,1096,3665,3923
/Volumes/Mark-Banfield/Josh_Williams/Scoring_20Oct/JoshB/_DSC8106.tif,3,3,3,1,6,0,710,986,3342,3618
/Volumes/Mark-Banfield/Josh_Williams/Scoring_20Oct/JoshB/_DSC8106.tif,3,3,3,3,1,0,2486,2762,3442,3718
/Volumes/Mark-Banfield/Josh_Williams/Scoring_20Oct/JoshB/_DSC8106.tif,3,3,3,3,2,0,2227,2533,3684,3990
/Volumes/Mark-Banfield/Josh_Williams/Scoring_20Oct/JoshB/_DSC8106.tif,3,3,3,3,3,0,2142,2504,4079,4441
/Volumes/Mark-Banfield/Josh_Williams/Scoring_20Oct/JoshB/_DSC8106.tif,3,3,3,3,4,6,2866,3160,4094,4388
/Volumes/Mark-Banfield/Josh_Williams/Scoring_20Oct/JoshB/_DSC8106.tif,3,3,3,3,5,0,2742,3038,3770,4066
/Volumes/Mark-Banfield/Josh_Williams/Scoring_20Oct/JoshB/_DSC8106.tif,3,3,3,3,6,0,2813,3061,3484,3732
/Volumes/Mark-Banfield/Josh_Williams/Scoring_20Oct/JoshB/DSC_9228_s1.TIF,3,3,1,1,1,2,556,802,379,625
/Volumes/Mark-Banfield/Josh_Williams/Scoring_20Oct/JoshB/DSC_9228_s1.TIF,3,3,1,1,2,0,448,776,671,999
/Volumes/Mark-Banfield/Josh_Williams/Scoring_20Oct/JoshB/DSC_9228_s1.TIF,3,3,1,1,3,0,422,742,966,1286
/Volumes/Mark-Banfield/Josh_Williams/Scoring_20Oct/JoshB/DSC_9228_s1.TIF,3,3,1,1,4,0,970,1256,923,1209
/Volumes/Mark-Banfield/Josh_Williams/Scoring_20Oct/JoshB/DSC_9228_s1.TIF,3,3,1,1,5,5,928,1164,646,882
/Volumes/Mark-Banfield/Josh_Williams/Scoring_20Oct/JoshB/DSC_9228_s1.TIF,3,3,1,1,6,4,826,1122,362,658
/Volumes/Mark-Banfield/Josh_Williams/Scoring_20Oct/JoshB/DSC_9228_s1.TIF,3,3,1,3,1,3,2119,2323,514,718
/Volumes/Mark-Banfield/Josh_Williams/Scoring_20Oct/JoshB/DSC_9228_s1.TIF,3,3,1,3,2,2,2032,2310,679,957
/Volumes/Mark-Banfield/Josh_Williams/Scoring_20Oct/JoshB/DSC_9228_s1.TIF,3,3,1,3,3,0,2106,2368,944,1206
/Volumes/Mark-Banfield/Josh_Williams/Scoring_20Oct/JoshB/DSC_9228_s1.TIF,3,3,1,3,4,0,2562,2874,898,1210
/Volumes/Mark-Banfield/Josh_Williams/Scoring_20Oct/JoshB/DSC_9228_s1.TIF,3,3,1,3,5,0,2444,2688,608,852
/Volumes/Mark-Banfield/Josh_Williams/Scoring_20Oct/JoshB/DSC_9228_s1.TIF,3,3,1,3,6,6,2309,2529,380,600
/Volumes/Mark-Banfield/Josh_Williams/Scoring_20Oct/JoshB/DSC_9228_s1.TIF,3,3,2,2,1,5,1194,1420,1712,1938
/Volumes/Mark-Banfield/Josh_Williams/Scoring_20Oct/JoshB/DSC_9228_s1.TIF,3,3,2,2,2,5,1096,1390,1951,2245
/Volumes/Mark-Banfield/Josh_Williams/Scoring_20Oct/JoshB/DSC_9228_s1.TIF,3,3,2,2,3,2,1230,1552,2241,2563
/Volumes/Mark-Banfield/Josh_Williams/Scoring_20Oct/JoshB/DSC_9228_s1.TIF,3,3,2,2,4,0,1728,2014,2086,2372
/Volumes/Mark-Banfield/Josh_Williams/Scoring_20Oct/JoshB/DSC_9228_s1.TIF,3,3,2,2,5,0,1618,1930,1778,2090
/Volumes/Mark-Banfield/Josh_Williams/Scoring_20Oct/JoshB/DSC_9228_s1.TIF,3,3,2,2,6,1,1442,1694,1501,1753
/Volumes/Mark-Banfield/Josh_Williams/Scoring_20Oct/JoshB/DSC_9228_s1.TIF,3,3,3,1,1,0,524,718,3130,3324
/Volumes/Mark-Banfield/Josh_Williams/Scoring_20Oct/JoshB/DSC_9228_s1.TIF,3,3,3,1,2,5,532,760,3371,3599
/Volumes/Mark-Banfield/Josh_Williams/Scoring_20Oct/JoshB/DSC_9228_s1.TIF,3,3,3,1,3,5,600,810,3624,3834
/Volumes/Mark-Banfield/Josh_Williams/Scoring_20Oct/JoshB/DSC_9228_s1.TIF,3,3,3,1,4,2,1028,1306,3433,3711
/Volumes/Mark-Banfield/Josh_Williams/Scoring_20Oct/JoshB/DSC_9228_s1.TIF,3,3,3,1,5,0,852,1104,3139,3391
/Volumes/Mark-Banfield/Josh_Williams/Scoring_20Oct/JoshB/DSC_9228_s1.TIF,3,3,3,1,6,0,759,963,2940,3144
/Volumes/Mark-Banfield/Josh_Williams/Scoring_20Oct/JoshB/DSC_9228_s1.TIF,3,3,3,3,1,0,2146,2330,2992,3176
/Volumes/Mark-Banfield/Josh_Williams/Scoring_20Oct/JoshB/DSC_9228_s1.TIF,3,3,3,3,2,0,2064,2360,3290,3586
/Volumes/Mark-Banfield/Josh_Williams/Scoring_20Oct/JoshB/DSC_9228_s1.TIF,3,3,3,3,3,6,2098,2410,3653,3965
/Volumes/Mark-Banfield/Josh_Williams/Scoring_20Oct/JoshB/DSC_9228_s1.TIF,3,3,3,3,4,6,2591,2845,3454,3708
/Volumes/Mark-Banfield/Josh_Williams/Scoring_20Oct/JoshB/DSC_9228_s1.TIF,3,3,3,3,5,2,2604,2856,3190,3442
/Volumes/Mark-Banfield/Josh_Williams/Scoring_20Oct/JoshB/DSC_1344.tif,3,3,1,1,1,6,718,910,293,485
/Volumes/Mark-Banfield/Josh_Williams/Scoring_20Oct/JoshB/DSC_1344.tif,3,3,1,1,2,0,566,878,494,806
/Volumes/Mark-Banfield/Josh_Williams/Scoring_20Oct/JoshB/DSC_1344.tif,3,3,1,1,3,0,498,886,818,1206
/Volumes/Mark-Banfield/Josh_Williams/Scoring_20Oct/JoshB/DSC_1344.tif,3,3,1,1,4,0,1054,1332,801,1079
/Volumes/Mark-Banfield/Josh_Williams/Scoring_20Oct/JoshB/DSC_1344.tif,3,3,1,1,5,4,1045,1231,556,742
/Volumes/Mark-Banfield/Josh_Williams/Scoring_20Oct/JoshB/DSC_1344.tif,3,3,1,1,6,6,1093,1285,322,514
/Volumes/Mark-Banfield/Josh_Williams/Scoring_20Oct/JoshB/DSC_1344.tif,3,3,1,3,1,5,2048,2258,452,662
/Volumes/Mark-Banfield/Josh_Williams/Scoring_20Oct/JoshB/DSC_1344.tif,3,3,1,3,2,5,1998,2200,671,873
/Volumes/Mark-Banfield/Josh_Williams/Scoring_20Oct/JoshB/DSC_1344.tif,3,3,1,3,3,0,1972,2224,971,1223
/Volumes/Mark-Banfield/Josh_Williams/Scoring_20Oct/JoshB/DSC_1344.tif,3,3,1,3,4,0,2478,2764,881,1167
/Volumes/Mark-Banfield/Josh_Williams/Scoring_20Oct/JoshB/DSC_1344.tif,3,3,1,3,5,0,2384,2620,612,848
/Volumes/Mark-Banfield/Josh_Williams/Scoring_20Oct/JoshB/DSC_1344.tif,3,3,1,3,6,2,2310,2528,406,624
/Volumes/Mark-Banfield/Josh_Williams/Scoring_20Oct/JoshB/DSC_1344.tif,3,3,2,2,1,2,1316,1518,1690,1892
/Volumes/Mark-Banfield/Josh_Williams/Scoring_20Oct/JoshB/DSC_1344.tif,3,3,2,2,2,3,1230,1442,1947,2159
/Volumes/Mark-Banfield/Josh_Williams/Scoring_20Oct/JoshB/DSC_1344.tif,3,3,2,2,3,3,1298,1484,2297,2483
/Volumes/Mark-Banfield/Josh_Williams/Scoring_20Oct/JoshB/DSC_1344.tif,3,3,2,2,4,0,1770,1938,2284,2452
/Volumes/Mark-Banfield/Josh_Williams/Scoring_20Oct/JoshB/DSC_1344.tif,3,3,2,2,5,0,1770,2014,1897,2141
/Volumes/Mark-Banfield/Josh_Williams/Scoring_20Oct/JoshB/DSC_1344.tif,3,3,2,2,6,0,1644,1922,1648,1926
/Volumes/Mark-Banfield/Josh_Williams/Scoring_20Oct/JoshB/DSC_1344.tif,3,3,3,1,1,0,435,645,2730,2940
/Volumes/Mark-Banfield/Josh_Williams/Scoring_20Oct/JoshB/DSC_1344.tif,3,3,3,1,2,1,291,527,3152,3388
/Volumes/Mark-Banfield/Josh_Williams/Scoring_20Oct/JoshB/DSC_1344.tif,3,3,3,1,3,3,406,616,3548,3758
/Volumes/Mark-Banfield/Josh_Williams/Scoring_20Oct/JoshB/DSC_1344.tif,3,3,3,1,4,4,944,1138,3374,3568
/Volumes/Mark-Banfield/Josh_Williams/Scoring_20Oct/JoshB/DSC_1344.tif,3,3,3,1,5,0,889,1151,2966,3228
/Volumes/Mark-Banfield/Josh_Williams/Scoring_20Oct/JoshB/DSC_1344.tif,3,3,3,1,6,0,700,952,2672,2924
/Volumes/Mark-Banfield/Josh_Williams/Scoring_20Oct/JoshB/DSC_1344.tif,3,3,3,3,1,0,2158,2410,2836,3088
/Volumes/Mark-Banfield/Josh_Williams/Scoring_20Oct/JoshB/DSC_1344.tif,3,3,3,3,2,0,2022,2268,3151,3397
/Volumes/Mark-Banfield/Josh_Williams/Scoring_20Oct/JoshB/DSC_1344.tif,3,3,3,3,3,3,2158,2436,3471,3749
/Volumes/Mark-Banfield/Josh_Williams/Scoring_20Oct/JoshB/DSC_1344.tif,3,3,3,3,4,5,2554,2790,3392,3628
/Volumes/Mark-Banfield/Josh_Williams/Scoring_20Oct/JoshB/DSC_1344.tif,3,3,3,3,5,6,2591,2785,3168,3362
/Volumes/Mark-Banfield/Josh_Williams/Scoring_20Oct/JoshB/DSC_1344.tif,3,3,3,3,6,0,2546,2756,2912,3122
/Volumes/Mark-Banfield/Josh_Williams/Scoring_20Oct/JoshB/_DSC2691.tif,3,3,1,1,1,2,562,820,866,1124
/Volumes/Mark-Banfield/Josh_Williams/Scoring_20Oct/JoshB/_DSC2691.tif,3,3,1,1,2,1,476,810,1138,1472
/Volumes/Mark-Banfield/Josh_Williams/Scoring_20Oct/JoshB/_DSC2691.tif,3,3,1,1,3,0,430,752,1439,1761
/Volumes/Mark-Banfield/Josh_Williams/Scoring_20Oct/JoshB/_DSC2691.tif,3,3,1,1,4,0,1048,1352,1319,1623
/Volumes/Mark-Banfield/Josh_Williams/Scoring_20Oct/JoshB/_DSC2691.tif,3,3,1,1,5,0,944,1248,1029,1333
/Volumes/Mark-Banfield/Josh_Williams/Scoring_20Oct/JoshB/_DSC2691.tif,3,3,1,1,6,0,858,1114,791,1047
/Volumes/Mark-Banfield/Josh_Williams/Scoring_20Oct/JoshB/_DSC2691.tif,3,3,1,3,1,0,2162,2420,886,1144
/Volumes/Mark-Banfield/Josh_Williams/Scoring_20Oct/JoshB/_DSC2691.tif,3,3,1,3,2,1,2018,2266,1191,1439
/Volumes/Mark-Banfield/Josh_Williams/Scoring_20Oct/JoshB/_DSC2691.tif,3,3,1,3,3,0,2048,2332,1553,1837
/Volumes/Mark-Banfield/Josh_Williams/Scoring_20Oct/JoshB/_DSC2691.tif,3,3,1,3,4,0,2628,2980,1433,1785
/Volumes/Mark-Banfield/Josh_Williams/Scoring_20Oct/JoshB/_DSC2691.tif,3,3,1,3,5,0,2542,2846,1077,1381
/Volumes/Mark-Banfield/Josh_Williams/Scoring_20Oct/JoshB/_DSC2691.tif,3,3,1,3,6,0,2438,2704,791,1057
/Volumes/Mark-Banfield/Josh_Williams/Scoring_20Oct/JoshB/_DSC2691.tif,3,3,2,2,1,0,1524,1800,2257,2533
/Volumes/Mark-Banfield/Josh_Williams/Scoring_20Oct/JoshB/_DSC2691.tif,3,3,2,2,2,0,1401,1771,2514,2884
/Volumes/Mark-Banfield/Josh_Williams/Scoring_20Oct/JoshB/_DSC2691.tif,3,3,2,2,3,1,1324,1638,2971,3285
/Volumes/Mark-Banfield/Josh_Williams/Scoring_20Oct/JoshB/_DSC2691.tif,3,3,2,2,4,1,1866,2190,2899,3223
/Volumes/Mark-Banfield/Josh_Williams/Scoring_20Oct/JoshB/_DSC2691.tif,3,3,2,2,5,0,1909,2185,2552,2828
/Volumes/Mark-Banfield/Josh_Williams/Scoring_20Oct/JoshB/_DSC2691.tif,3,3,2,2,6,0,1876,2124,2228,2476
/Volumes/Mark-Banfield/Josh_Williams/Scoring_20Oct/JoshB/_DSC2691.tif,3,3,3,1,1,0,724,1000,3475,3751
/Volumes/Mark-Banfield/Josh_Williams/Scoring_20Oct/JoshB/_DSC2691.tif,3,3,3,1,2,0,610,990,3728,4108
/Volumes/Mark-Banfield/Josh_Williams/Scoring_20Oct/JoshB/_DSC2691.tif,3,3,3,1,3,0,620,1010,4108,4498
/Volumes/Mark-Banfield/Josh_Williams/Scoring_20Oct/JoshB/_DSC2691.tif,3,3,3,1,4,1,1114,1400,4013,4299
/Volumes/Mark-Banfield/Josh_Williams/Scoring_20Oct/JoshB/_DSC2691.tif,3,3,3,1,5,1,1068,1324,3728,3984
/Volumes/Mark-Banfield/Josh_Williams/Scoring_20Oct/JoshB/_DSC2691.tif,3,3,3,1,6,0,1058,1304,3486,3732
/Volumes/Mark-Banfield/Josh_Williams/Scoring_20Oct/JoshB/_DSC2691.tif,3,3,3,3,1,0,2504,2846,3666,4008
/Volumes/Mark-Banfield/Josh_Williams/Scoring_20Oct/JoshB/_DSC2691.tif,3,3,3,3,2,0,2332,2600,3983,4251
/Volumes/Mark-Banfield/Josh_Williams/Scoring_20Oct/JoshB/_DSC2691.tif,3,3,3,3,3,0,2400,2742,4241,4583
/Volumes/Mark-Banfield/Josh_Williams/Scoring_20Oct/JoshB/_DSC2691.tif,3,3,3,3,4,0,2942,3228,4275,4561
/Volumes/Mark-Banfield/Josh_Williams/Scoring_20Oct/JoshB/_DSC2691.tif,3,3,3,3,5,3,3019,3295,3932,4208
/Volumes/Mark-Banfield/Josh_Williams/Scoring_20Oct/JoshB/_DSC2691.tif,3,3,3,3,6,4,2899,3157,3674,3932
/Volumes/Mark-Banfield/Josh_Williams/Scoring_20Oct/JoshB/DSC_7494.TIF,3,3,1,2,1,0,1130,1358,826,1054
/Volumes/Mark-Banfield/Josh_Williams/Scoring_20Oct/JoshB/DSC_7494.TIF,3,3,1,2,2,0,986,1240,1112,1366
/Volumes/Mark-Banfield/Josh_Williams/Scoring_20Oct/JoshB/DSC_7494.TIF,3,3,1,2,3,0,1028,1340,1404,1716
/Volumes/Mark-Banfield/Josh_Williams/Scoring_20Oct/JoshB/DSC_7494.TIF,3,3,1,2,4,1,1678,1998,1299,1619
/Volumes/Mark-Banfield/Josh_Williams/Scoring_20Oct/JoshB/DSC_7494.TIF,3,3,1,2,5,2,1626,1872,889,1135
/Volumes/Mark-Banfield/Josh_Williams/Scoring_20Oct/JoshB/DSC_7494.TIF,3,3,1,2,6,3,1408,1644,721,957
/Volumes/Mark-Banfield/Josh_Williams/Scoring_20Oct/JoshB/DSC_7494.TIF,3,3,2,1,1,3,322,540,1699,1917
/Volumes/Mark-Banfield/Josh_Williams/Scoring_20Oct/JoshB/DSC_7494.TIF,3,3,2,1,2,2,194,440,2009,2255
/Volumes/Mark-Banfield/Josh_Williams/Scoring_20Oct/JoshB/DSC_7494.TIF,3,3,2,1,3,1,186,456,2355,2625
/Volumes/Mark-Banfield/Josh_Williams/Scoring_20Oct/JoshB/DSC_7494.TIF,3,3,2,1,4,0,756,1016,2360,2620
/Volumes/Mark-Banfield/Josh_Williams/Scoring_20Oct/JoshB/DSC_7494.TIF,3,3,2,1,5,0,776,1088,1968,2280
/Volumes/Mark-Banfield/Josh_Williams/Scoring_20Oct/JoshB/DSC_7494.TIF,3,3,2,1,6,0,628,882,1668,1922
/Volumes/Mark-Banfield/Josh_Williams/Scoring_20Oct/JoshB/DSC_7494.TIF,3,3,2,3,1,3,1884,2144,1990,2250
/Volumes/Mark-Banfield/Josh_Williams/Scoring_20Oct/JoshB/DSC_7494.TIF,3,3,2,3,2,3,1702,2022,2213,2533
/Volumes/Mark-Banfield/Josh_Williams/Scoring_20Oct/JoshB/DSC_7494.TIF,3,3,2,3,3,1,1754,2048,2550,2844
/Volumes/Mark-Banfield/Josh_Williams/Scoring_20Oct/JoshB/DSC_7494.TIF,3,3,2,3,4,0,2352,2672,2397,2717
/Volumes/Mark-Banfield/Josh_Williams/Scoring_20Oct/JoshB/DSC_7494.TIF,3,3,2,3,5,0,2317,2647,2098,2428
/Volumes/Mark-Banfield/Josh_Williams/Scoring_20Oct/JoshB/DSC_7494.TIF,3,3,2,3,6,0,2174,2410,1901,2137
/Volumes/Mark-Banfield/Josh_Williams/Scoring_20Oct/JoshB/DSC_7494.TIF,3,3,3,1,1,0,615,835,3168,3388
/Volumes/Mark-Banfield/Josh_Williams/Scoring_20Oct/JoshB/DSC_7494.TIF,3,3,3,1,2,0,396,666,3501,3771
/Volumes/Mark-Banfield/Josh_Williams/Scoring_20Oct/JoshB/DSC_7494.TIF,3,3,3,1,3,0,448,726,3839,4117
/Volumes/Mark-Banfield/Josh_Williams/Scoring_20Oct/JoshB/DSC_7494.TIF,3,3,3,1,4,1,1067,1387,3742,4062
/Volumes/Mark-Banfield/Josh_Williams/Scoring_20Oct/JoshB/DSC_7494.TIF,3,3,3,1,5,3,1028,1324,3387,3683
/Volumes/Mark-Banfield/Josh_Williams/Scoring_20Oct/JoshB/DSC_7494.TIF,3,3,3,1,6,2,843,1097,3168,3422
/Volumes/Mark-Banfield/Josh_Williams/Scoring_20Oct/JoshB/DSC_7494.TIF,3,3,3,3,1,0,1938,2200,3253,3515
/Volumes/Mark-Banfield/Josh_Williams/Scoring_20Oct/JoshB/DSC_7494.TIF,3,3,3,3,2,0,1762,2098,3560,3896
/Volumes/Mark-Banfield/Josh_Williams/Scoring_20Oct/JoshB/DSC_7494.TIF,3,3,3,3,3,0,1728,2006,3982,4260
/Volumes/Mark-Banfield/Josh_Williams/Scoring_20Oct/JoshB/DSC_7494.TIF,3,3,3,3,4,1,2339,2565,3978,4204
/Volumes/Mark-Banfield/Josh_Williams/Scoring_20Oct/JoshB/DSC_7494.TIF,3,3,3,3,5,2,2346,2642,3606,3902
/Volumes/Mark-Banfield/Josh_Williams/Scoring_20Oct/JoshB/DSC_7494.TIF,3,3,3,3,6,3,2162,2448,3286,3572
/Volumes/Mark-Banfield/Josh_Williams/Scoring_20Oct/JoshB/_DSC7359.tif,2,5,1,1,1,4,270,480,540,750
/Volumes/Mark-Banfield/Josh_Williams/Scoring_20Oct/JoshB/_DSC7359.tif,2,5,1,1,2,0,198,438,760,1000
/Volumes/Mark-Banfield/Josh_Williams/Scoring_20Oct/JoshB/_DSC7359.tif,2,5,1,1,3,0,344,554,990,1200
/Volumes/Mark-Banfield/Josh_Williams/Scoring_20Oct/JoshB/_DSC7359.tif,2,5,1,1,4,3,686,922,927,1163
/Volumes/Mark-Banfield/Josh_Williams/Scoring_20Oct/JoshB/_DSC7359.tif,2,5,1,1,5,5,636,876,671,911
/Volumes/Mark-Banfield/Josh_Williams/Scoring_20Oct/JoshB/_DSC7359.tif,2,5,1,1,6,0,540,768,486,714
/Volumes/Mark-Banfield/Josh_Williams/Scoring_20Oct/JoshB/_DSC7359.tif,2,5,1,2,1,0,1396,1562,454,620
/Volumes/Mark-Banfield/Josh_Williams/Scoring_20Oct/JoshB/_DSC7359.tif,2,5,1,2,2,3,1276,1474,699,897
/Volumes/Mark-Banfield/Josh_Williams/Scoring_20Oct/JoshB/_DSC7359.tif,2,5,1,2,3,0,1334,1542,979,1187
/Volumes/Mark-Banfield/Josh_Williams/Scoring_20Oct/JoshB/_DSC7359.tif,2,5,1,2,4,0,1774,1952,952,1130
/Volumes/Mark-Banfield/Josh_Williams/Scoring_20Oct/JoshB/_DSC7359.tif,2,5,1,2,5,4,1657,1867,584,794
/Volumes/Mark-Banfield/Josh_Williams/Scoring_20Oct/JoshB/_DSC7359.tif,2,5,1,2,6,5,1609,1787,394,572
/Volumes/Mark-Banfield/Josh_Williams/Scoring_20Oct/JoshB/_DSC7359.tif,2,5,1,3,1,4,2418,2660,242,484
/Volumes/Mark-Banfield/Josh_Williams/Scoring_20Oct/JoshB/_DSC7359.tif,2,5,1,3,2,0,2292,2564,522,794
/Volumes/Mark-Banfield/Josh_Williams/Scoring_20Oct/JoshB/_DSC7359.tif,2,5,1,3,3,0,2356,2570,805,1019
/Volumes/Mark-Banfield/Josh_Williams/Scoring_20Oct/JoshB/_DSC7359.tif,2,5,1,3,4,0,2806,3022,839,1055
/Volumes/Mark-Banfield/Josh_Williams/Scoring_20Oct/JoshB/_DSC7359.tif,2,5,1,3,5,0,2800,3008,487,695
/Volumes/Mark-Banfield/Josh_Williams/Scoring_20Oct/JoshB/_DSC7359.tif,2,5,1,3,6,4,2622,2862,230,470
/Volumes/Mark-Banfield/Josh_Williams/Scoring_20Oct/JoshB/_DSC7359.tif,2,5,1,4,1,4,3422,3636,440,654
/Volumes/Mark-Banfield/Josh_Williams/Scoring_20Oct/JoshB/_DSC7359.tif,2,5,1,4,2,2,3414,3662,686,934
/Volumes/Mark-Banfield/Josh_Williams/Scoring_20Oct/JoshB/_DSC7359.tif,2,5,1,4,3,0,3387,3583,972,1168
/Volumes/Mark-Banfield/Josh_Williams/Scoring_20Oct/JoshB/_DSC7359.tif,2,5,1,4,4,0,3855,4059,838,1042
/Volumes/Mark-Banfield/Josh_Williams/Scoring_20Oct/JoshB/_DSC7359.tif,2,5,1,4,5,0,3890,4120,561,791
/Volumes/Mark-Banfield/Josh_Williams/Scoring_20Oct/JoshB/_DSC7359.tif,2,5,1,4,6,0,3726,3910,382,566
/Volumes/Mark-Banfield/Josh_Williams/Scoring_20Oct/JoshB/_DSC7359.tif,2,5,1,5,1,0,4671,4855,344,528
/Volumes/Mark-Banfield/Josh_Williams/Scoring_20Oct/JoshB/_DSC7359.tif,2,5,1,5,2,5,4538,4818,524,804
/Volumes/Mark-Banfield/Josh_Williams/Scoring_20Oct/JoshB/_DSC7359.tif,2,5,1,5,3,3,4570,4792,820,1042
/Volumes/Mark-Banfield/Josh_Williams/Scoring_20Oct/JoshB/_DSC7359.tif,2,5,1,5,4,0,4995,5243,864,1112
/Volumes/Mark-Banfield/Josh_Williams/Scoring_20Oct/JoshB/_DSC7359.tif,2,5,1,5,5,4,4964,5198,557,791
/Volumes/Mark-Banfield/Josh_Williams/Scoring_20Oct/JoshB/_DSC7359.tif,2,5,1,5,6,0,4909,5143,300,534
/Volumes/Mark-Banfield/Josh_Williams/Scoring_20Oct/JoshB/_DSC7359.tif,2,5,2,1,1,0,496,744,2203,2451
/Volumes/Mark-Banfield/Josh_Williams/Scoring_20Oct/JoshB/_DSC7359.tif,2,5,2,1,2,0,484,692,2451,2659
/Volumes/Mark-Banfield/Josh_Williams/Scoring_20Oct/JoshB/_DSC7359.tif,2,5,2,1,3,3,484,706,2726,2948
/Volumes/Mark-Banfield/Josh_Williams/Scoring_20Oct/JoshB/_DSC7359.tif,2,5,2,1,4,5,934,1118,2742,2926
/Volumes/Mark-Banfield/Josh_Williams/Scoring_20Oct/JoshB/_DSC7359.tif,2,5,2,1,5,0,897,1073,2502,2678
/Volumes/Mark-Banfield/Josh_Williams/Scoring_20Oct/JoshB/_DSC7359.tif,2,5,2,1,6,4,794,990,2276,2472
/Volumes/Mark-Banfield/Josh_Williams/Scoring_20Oct/JoshB/_DSC7359.tif,2,5,2,2,1,4,1524,1772,2152,2400
/Volumes/Mark-Banfield/Josh_Williams/Scoring_20Oct/JoshB/_DSC7359.tif,2,5,2,2,2,0,1378,1600,2371,2593
/Volumes/Mark-Banfield/Josh_Williams/Scoring_20Oct/JoshB/_DSC7359.tif,2,5,2,2,3,0,1396,1682,2599,2885
/Volumes/Mark-Banfield/Josh_Williams/Scoring_20Oct/JoshB/_DSC7359.tif,2,5,2,2,4,3,1803,2013,2552,2762
/Volumes/Mark-Banfield/Josh_Williams/Scoring_20Oct/JoshB/_DSC7359.tif,2,5,2,2,5,5,1883,2105,2310,2532
/Volumes/Mark-Banfield/Josh_Williams/Scoring_20Oct/JoshB/_DSC7359.tif,2,5,2,2,6,0,1810,2000,2162,2352
/Volumes/Mark-Banfield/Josh_Williams/Scoring_20Oct/JoshB/_DSC7359.tif,2,5,2,3,1,0,2432,2710,2149,2427
/Volumes/Mark-Banfield/Josh_Williams/Scoring_20Oct/JoshB/_DSC7359.tif,2,5,2,3,2,1,2508,2736,2359,2587
/Volumes/Mark-Banfield/Josh_Williams/Scoring_20Oct/JoshB/_DSC7359.tif,2,5,2,3,3,0,2386,2602,2672,2888
/Volumes/Mark-Banfield/Josh_Williams/Scoring_20Oct/JoshB/_DSC7359.tif,2,5,2,3,4,0,2832,3034,2622,2824
/Volumes/Mark-Banfield/Josh_Williams/Scoring_20Oct/JoshB/_DSC7359.tif,2,5,2,3,5,5,2814,3018,2380,2584
/Volumes/Mark-Banfield/Josh_Williams/Scoring_20Oct/JoshB/_DSC7359.tif,2,5,2,3,6,5,2724,2894,2156,2326
/Volumes/Mark-Banfield/Josh_Williams/Scoring_20Oct/JoshB/_DSC7359.tif,2,5,2,4,1,2,3606,3802,2155,2351
/Volumes/Mark-Banfield/Josh_Williams/Scoring_20Oct/JoshB/_DSC7359.tif,2,5,2,4,2,0,3468,3684,2342,2558
/Volumes/Mark-Banfield/Josh_Williams/Scoring_20Oct/JoshB/_DSC7359.tif,2,5,2,4,3,0,3490,3732,2589,2831
/Volumes/Mark-Banfield/Josh_Williams/Scoring_20Oct/JoshB/_DSC7359.tif,2,5,2,4,4,0,3948,4164,2619,2835
/Volumes/Mark-Banfield/Josh_Williams/Scoring_20Oct/JoshB/_DSC7359.tif,2,5,2,4,5,0,3948,4234,2301,2587
/Volumes/Mark-Banfield/Josh_Williams/Scoring_20Oct/JoshB/_DSC7359.tif,2,5,2,4,6,1,3802,4030,2136,2364
/Volumes/Mark-Banfield/Josh_Williams/Scoring_20Oct/JoshB/_DSC7359.tif,2,5,2,5,1,4,4734,4938,2202,2406
/Volumes/Mark-Banfield/Josh_Williams/Scoring_20Oct/JoshB/_DSC7359.tif,2,5,2,5,2,5,4579,4827,2374,2622
/Volumes/Mark-Banfield/Josh_Williams/Scoring_20Oct/JoshB/_DSC7359.tif,2,5,2,5,3,0,4594,4798,2659,2863
/Volumes/Mark-Banfield/Josh_Williams/Scoring_20Oct/JoshB/_DSC7359.tif,2,5,2,5,4,1,4982,5172,2679,2869
/Volumes/Mark-Banfield/Josh_Williams/Scoring_20Oct/JoshB/_DSC7359.tif,2,5,2,5,5,0,5058,5248,2438,2628
/Volumes/Mark-Banfield/Josh_Williams/Scoring_20Oct/JoshB/_DSC7359.tif,2,5,2,5,6,0,4988,5160,2193,2365
/Volumes/Mark-Banfield/Josh_Williams/Scoring_20Oct/JoshB/_DSC3537.TIF,3,3,1,2,1,3,1600,1904,648,952
/Volumes/Mark-Banfield/Josh_Williams/Scoring_20Oct/JoshB/_DSC3537.TIF,3,3,1,2,2,0,1352,1696,1019,1363
/Volumes/Mark-Banfield/Josh_Williams/Scoring_20Oct/JoshB/_DSC3537.TIF,3,3,1,2,3,1,1304,1686,1447,1829
/Volumes/Mark-Banfield/Josh_Williams/Scoring_20Oct/JoshB/_DSC3537.TIF,3,3,1,2,4,0,2104,2504,1367,1767
/Volumes/Mark-Banfield/Josh_Williams/Scoring_20Oct/JoshB/_DSC3537.TIF,3,3,1,2,5,4,2066,2418,1010,1362
/Volumes/Mark-Banfield/Josh_Williams/Scoring_20Oct/JoshB/_DSC3537.TIF,3,3,1,2,6,4,1962,2248,710,996
/Volumes/Mark-Banfield/Josh_Williams/Scoring_20Oct/JoshB/_DSC3537.TIF,3,3,2,1,1,2,714,1086,2076,2448
/Volumes/Mark-Banfield/Josh_Williams/Scoring_20Oct/JoshB/_DSC3537.TIF,3,3,2,1,2,5,463,891,2476,2904
/Volumes/Mark-Banfield/Josh_Williams/Scoring_20Oct/JoshB/_DSC3537.TIF,3,3,2,1,3,0,648,1020,2980,3352
/Volumes/Mark-Banfield/Josh_Williams/Scoring_20Oct/JoshB/_DSC3537.TIF,3,3,2,1,4,3,1334,1696,2971,3333
/Volumes/Mark-Banfield/Josh_Williams/Scoring_20Oct/JoshB/_DSC3537.TIF,3,3,2,1,5,0,1390,1752,2438,2800
/Volumes/Mark-Banfield/Josh_Williams/Scoring_20Oct/JoshB/_DSC3537.TIF,3,3,2,1,6,0,1152,1514,1994,2356
/Volumes/Mark-Banfield/Josh_Williams/Scoring_20Oct/JoshB/_DSC3537.TIF,3,3,2,3,1,2,2162,2504,2052,2394
/Volumes/Mark-Banfield/Josh_Williams/Scoring_20Oct/JoshB/_DSC3537.TIF,3,3,2,3,2,5,2024,2356,2400,2732
/Volumes/Mark-Banfield/Josh_Williams/Scoring_20Oct/JoshB/_DSC3537.TIF,3,3,2,3,3,2,2033,2357,2770,3094
/Volumes/Mark-Banfield/Josh_Williams/Scoring_20Oct/JoshB/_DSC3537.TIF,3,3,2,3,4,2,2732,3008,2800,3076
/Volumes/Mark-Banfield/Josh_Williams/Scoring_20Oct/JoshB/_DSC3537.TIF,3,3,2,3,5,0,2728,3060,2400,2732
/Volumes/Mark-Banfield/Josh_Williams/Scoring_20Oct/JoshB/_DSC3537.TIF,3,3,2,3,6,0,2600,2894,2029,2323
/Volumes/Mark-Banfield/Josh_Williams/Scoring_20Oct/JoshB/_DSC3537.TIF,3,3,3,1,1,3,810,1182,3532,3904
/Volumes/Mark-Banfield/Josh_Williams/Scoring_20Oct/JoshB/_DSC3537.TIF,3,3,3,1,2,0,592,982,4013,4403
/Volumes/Mark-Banfield/Josh_Williams/Scoring_20Oct/JoshB/_DSC3537.TIF,3,3,3,1,3,1,630,1000,4399,4769
/Volumes/Mark-Banfield/Josh_Williams/Scoring_20Oct/JoshB/_DSC3537.TIF,3,3,3,1,4,3,1362,1724,4426,4788
/Volumes/Mark-Banfield/Josh_Williams/Scoring_20Oct/JoshB/_DSC3537.TIF,3,3,3,1,5,0,1428,1752,3970,4294
/Volumes/Mark-Banfield/Josh_Williams/Scoring_20Oct/JoshB/_DSC3537.TIF,3,3,3,1,6,6,1186,1500,3608,3922
/Volumes/Mark-Banfield/Josh_Williams/Scoring_20Oct/JoshB/_DSC3537.TIF,3,3,3,3,1,4,2200,2514,3556,3870
/Volumes/Mark-Banfield/Josh_Williams/Scoring_20Oct/JoshB/_DSC3537.TIF,3,3,3,3,2,0,2077,2409,4018,4350
/Volumes/Mark-Banfield/Josh_Williams/Scoring_20Oct/JoshB/_DSC3537.TIF,3,3,3,3,3,0,2124,2456,4418,4750
/Volumes/Mark-Banfield/Josh_Williams/Scoring_20Oct/JoshB/_DSC3537.TIF,3,3,3,3,4,2,2833,3205,4360,4732
/Volumes/Mark-Banfield/Josh_Williams/Scoring_20Oct/JoshB/_DSC3537.TIF,3,3,3,3,5,2,2856,3190,3846,4180
/Volumes/Mark-Banfield/Josh_Williams/Scoring_20Oct/JoshB/_DSC3537.TIF,3,3,3,3,6,4,2646,2894,3618,3866
/Volumes/Mark-Banfield/Josh_Williams/Scoring_20Oct/JoshB/DSC_7708.TIF,3,3,1,2,1,1,1396,1614,726,944
/Volumes/Mark-Banfield/Josh_Williams/Scoring_20Oct/JoshB/DSC_7708.TIF,3,3,1,2,2,0,1274,1518,1050,1294
/Volumes/Mark-Banfield/Josh_Williams/Scoring_20Oct/JoshB/DSC_7708.TIF,3,3,1,2,3,0,1290,1552,1353,1615
/Volumes/Mark-Banfield/Josh_Williams/Scoring_20Oct/JoshB/DSC_7708.TIF,3,3,1,2,4,0,1888,2124,1244,1480
/Volumes/Mark-Banfield/Josh_Williams/Scoring_20Oct/JoshB/DSC_7708.TIF,3,3,1,2,5,1,1796,2090,899,1193
/Volumes/Mark-Banfield/Josh_Williams/Scoring_20Oct/JoshB/DSC_7708.TIF,3,3,1,2,6,1,1651,1863,674,886
/Volumes/Mark-Banfield/Josh_Williams/Scoring_20Oct/JoshB/DSC_7708.TIF,3,3,2,1,1,0,666,910,1829,2073
/Volumes/Mark-Banfield/Josh_Williams/Scoring_20Oct/JoshB/DSC_7708.TIF,3,3,2,1,2,0,527,763,2166,2402
/Volumes/Mark-Banfield/Josh_Williams/Scoring_20Oct/JoshB/DSC_7708.TIF,3,3,2,1,3,0,556,852,2464,2760
/Volumes/Mark-Banfield/Josh_Williams/Scoring_20Oct/JoshB/DSC_7708.TIF,3,3,2,1,4,0,1146,1450,2427,2731
/Volumes/Mark-Banfield/Josh_Williams/Scoring_20Oct/JoshB/DSC_7708.TIF,3,3,2,1,5,0,1188,1434,2132,2378
/Volumes/Mark-Banfield/Josh_Williams/Scoring_20Oct/JoshB/DSC_7708.TIF,3,3,2,1,6,0,970,1256,1800,2086
/Volumes/Mark-Banfield/Josh_Williams/Scoring_20Oct/JoshB/DSC_7708.TIF,3,3,2,3,1,1,1972,2268,1850,2146
/Volumes/Mark-Banfield/Josh_Williams/Scoring_20Oct/JoshB/DSC_7708.TIF,3,3,2,3,2,1,1828,2158,2187,2517
/Volumes/Mark-Banfield/Josh_Williams/Scoring_20Oct/JoshB/DSC_7708.TIF,3,3,2,3,3,0,1972,2276,2582,2886
/Volumes/Mark-Banfield/Josh_Williams/Scoring_20Oct/JoshB/DSC_7708.TIF,3,3,2,3,4,0,2672,2950,2457,2735
/Volumes/Mark-Banfield/Josh_Williams/Scoring_20Oct/JoshB/DSC_7708.TIF,3,3,2,3,5,0,2554,2806,2074,2326
/Volumes/Mark-Banfield/Josh_Williams/Scoring_20Oct/JoshB/DSC_7708.TIF,3,3,2,3,6,0,2334,2570,1795,2031
/Volumes/Mark-Banfield/Josh_Williams/Scoring_20Oct/JoshB/DSC_7708.TIF,3,3,3,1,1,0,886,1112,3329,3555
/Volumes/Mark-Banfield/Josh_Williams/Scoring_20Oct/JoshB/DSC_7708.TIF,3,3,3,1,2,0,726,978,3627,3879
/Volumes/Mark-Banfield/Josh_Williams/Scoring_20Oct/JoshB/DSC_7708.TIF,3,3,3,1,3,0,776,1028,3931,4183
/Volumes/Mark-Banfield/Josh_Williams/Scoring_20Oct/JoshB/DSC_7708.TIF,3,3,3,1,4,2,1348,1576,3808,4036
/Volumes/Mark-Banfield/Josh_Williams/Scoring_20Oct/JoshB/DSC_7708.TIF,3,3,3,1,5,2,1358,1576,3578,3796
/Volumes/Mark-Banfield/Josh_Williams/Scoring_20Oct/JoshB/DSC_7708.TIF,3,3,3,1,6,2,1213,1433,3328,3548
/Volumes/Mark-Banfield/Josh_Williams/Scoring_20Oct/JoshB/DSC_7708.TIF,3,3,3,3,1,0,2106,2410,3143,3447
/Volumes/Mark-Banfield/Josh_Williams/Scoring_20Oct/JoshB/DSC_7708.TIF,3,3,3,3,2,0,1930,2242,3552,3864
/Volumes/Mark-Banfield/Josh_Williams/Scoring_20Oct/JoshB/DSC_7708.TIF,3,3,3,3,3,0,1904,2216,3939,4251
/Volumes/Mark-Banfield/Josh_Williams/Scoring_20Oct/JoshB/DSC_7708.TIF,3,3,3,3,4,0,2613,2915,3944,4246
/Volumes/Mark-Banfield/Josh_Williams/Scoring_20Oct/JoshB/DSC_7708.TIF,3,3,3,3,5,0,2582,2978,3514,3910
/Volumes/Mark-Banfield/Josh_Williams/Scoring_20Oct/JoshB/DSC_7708.TIF,3,3,3,3,6,0,2418,2756,3113,3451
/Volumes/Mark-Banfield/Josh_Williams/Scoring_20Oct/JoshB/DSC_4538.TIF,3,3,1,1,1,4,469,653,440,624
/Volumes/Mark-Banfield/Josh_Williams/Scoring_20Oct/JoshB/DSC_4538.TIF,3,3,1,1,2,0,372,616,709,953
/Volumes/Mark-Banfield/Josh_Williams/Scoring_20Oct/JoshB/DSC_4538.TIF,3,3,1,1,3,0,330,632,987,1289
/Volumes/Mark-Banfield/Josh_Williams/Scoring_20Oct/JoshB/DSC_4538.TIF,3,3,1,1,4,0,852,1112,928,1188
/Volumes/Mark-Banfield/Josh_Williams/Scoring_20Oct/JoshB/DSC_4538.TIF,3,3,1,1,5,0,834,1080,611,857
/Volumes/Mark-Banfield/Josh_Williams/Scoring_20Oct/JoshB/DSC_4538.TIF,3,3,1,1,6,3,738,932,380,574
/Volumes/Mark-Banfield/Josh_Williams/Scoring_20Oct/JoshB/DSC_4538.TIF,3,3,1,3,1,5,1938,2140,557,759
/Volumes/Mark-Banfield/Josh_Williams/Scoring_20Oct/JoshB/DSC_4538.TIF,3,3,1,3,2,6,1837,2007,834,1004
/Volumes/Mark-Banfield/Josh_Williams/Scoring_20Oct/JoshB/DSC_4538.TIF,3,3,1,3,3,0,1846,2048,1104,1306
/Volumes/Mark-Banfield/Josh_Williams/Scoring_20Oct/JoshB/DSC_4538.TIF,3,3,1,3,4,0,2326,2536,1088,1298
/Volumes/Mark-Banfield/Josh_Williams/Scoring_20Oct/JoshB/DSC_4538.TIF,3,3,1,3,5,0,2300,2562,750,1012
/Volumes/Mark-Banfield/Josh_Williams/Scoring_20Oct/JoshB/DSC_4538.TIF,3,3,1,3,6,1,2174,2360,556,742
/Volumes/Mark-Banfield/Josh_Williams/Scoring_20Oct/JoshB/DSC_4538.TIF,3,3,2,2,1,1,1184,1404,1938,2158
/Volumes/Mark-Banfield/Josh_Williams/Scoring_20Oct/JoshB/DSC_4538.TIF,3,3,2,2,2,3,1147,1383,2224,2460
/Volumes/Mark-Banfield/Josh_Williams/Scoring_20Oct/JoshB/DSC_4538.TIF,3,3,2,2,3,3,1222,1408,2473,2659
/Volumes/Mark-Banfield/Josh_Williams/Scoring_20Oct/JoshB/DSC_4538.TIF,3,3,2,2,4,0,1668,1880,2452,2664
/Volumes/Mark-Banfield/Josh_Williams/Scoring_20Oct/JoshB/DSC_4538.TIF,3,3,2,2,5,0,1678,1888,2070,2280
/Volumes/Mark-Banfield/Josh_Williams/Scoring_20Oct/JoshB/DSC_4538.TIF,3,3,2,2,6,0,1492,1694,1888,2090
/Volumes/Mark-Banfield/Josh_Williams/Scoring_20Oct/JoshB/DSC_4538.TIF,3,3,3,1,1,0,562,764,3194,3396
/Volumes/Mark-Banfield/Josh_Williams/Scoring_20Oct/JoshB/DSC_4538.TIF,3,3,3,1,2,2,304,532,3450,3678
/Volumes/Mark-Banfield/Josh_Williams/Scoring_20Oct/JoshB/DSC_4538.TIF,3,3,3,1,3,3,360,570,3818,4028
/Volumes/Mark-Banfield/Josh_Williams/Scoring_20Oct/JoshB/DSC_4538.TIF,3,3,3,1,4,4,894,1104,3674,3884
/Volumes/Mark-Banfield/Josh_Williams/Scoring_20Oct/JoshB/DSC_4538.TIF,3,3,3,1,5,0,844,1046,3459,3661
/Volumes/Mark-Banfield/Josh_Williams/Scoring_20Oct/JoshB/DSC_4538.TIF,3,3,3,1,6,0,864,1032,3194,3362
/Volumes/Mark-Banfield/Josh_Williams/Scoring_20Oct/JoshB/DSC_4538.TIF,3,3,3,3,1,0,2132,2394,3075,3337
/Volumes/Mark-Banfield/Josh_Williams/Scoring_20Oct/JoshB/DSC_4538.TIF,3,3,3,3,2,0,1947,2167,3294,3514
/Volumes/Mark-Banfield/Josh_Williams/Scoring_20Oct/JoshB/DSC_4538.TIF,3,3,3,3,3,1,1981,2249,3540,3808
/Volumes/Mark-Banfield/Josh_Williams/Scoring_20Oct/JoshB/DSC_4538.TIF,3,3,3,3,4,3,2435,2663,3606,3834
/Volumes/Mark-Banfield/Josh_Williams/Scoring_20Oct/JoshB/DSC_4538.TIF,3,3,3,3,5,4,2507,2709,3388,3590
/Volumes/Mark-Banfield/Josh_Williams/Scoring_20Oct/JoshB/DSC_4538.TIF,3,3,3,3,6,0,2495,2739,3160,3404
/Volumes/Mark-Banfield/Josh_Williams/Scoring_20Oct/JoshB/DSC_7586.TIF,3,3,1,2,1,4,1348,1626,321,599
/Volumes/Mark-Banfield/Josh_Williams/Scoring_20Oct/JoshB/DSC_7586.TIF,3,3,1,2,2,2,1235,1489,632,886
/Volumes/Mark-Banfield/Josh_Williams/Scoring_20Oct/JoshB/DSC_7586.TIF,3,3,1,2,3,2,1306,1576,919,1189
/Volumes/Mark-Banfield/Josh_Williams/Scoring_20Oct/JoshB/DSC_7586.TIF,3,3,1,2,4,4,1922,2140,878,1096
/Volumes/Mark-Banfield/Josh_Williams/Scoring_20Oct/JoshB/DSC_7586.TIF,3,3,1,2,5,4,1862,2106,490,734
/Volumes/Mark-Banfield/Josh_Williams/Scoring_20Oct/JoshB/DSC_7586.TIF,3,3,1,2,6,4,1686,1904,262,480
/Volumes/Mark-Banfield/Josh_Williams/Scoring_20Oct/JoshB/DSC_7586.TIF,3,3,2,1,1,4,780,1032,1366,1618
/Volumes/Mark-Banfield/Josh_Williams/Scoring_20Oct/JoshB/DSC_7586.TIF,3,3,2,1,2,4,641,895,1626,1880
/Volumes/Mark-Banfield/Josh_Williams/Scoring_20Oct/JoshB/DSC_7586.TIF,3,3,2,1,3,4,566,834,1902,2170
/Volumes/Mark-Banfield/Josh_Williams/Scoring_20Oct/JoshB/DSC_7586.TIF,3,3,2,1,4,2,1320,1572,1956,2208
/Volumes/Mark-Banfield/Josh_Williams/Scoring_20Oct/JoshB/DSC_7586.TIF,3,3,2,1,5,4,1248,1508,1590,1850
/Volumes/Mark-Banfield/Josh_Williams/Scoring_20Oct/JoshB/DSC_7586.TIF,3,3,2,1,6,5,1068,1286,1316,1534
/Volumes/Mark-Banfield/Josh_Williams/Scoring_20Oct/JoshB/DSC_7586.TIF,3,3,2,3,1,1,2116,2384,1387,1655
/Volumes/Mark-Banfield/Josh_Williams/Scoring_20Oct/JoshB/DSC_7586.TIF,3,3,2,3,2,1,1896,2158,1702,1964
/Volumes/Mark-Banfield/Josh_Williams/Scoring_20Oct/JoshB/DSC_7586.TIF,3,3,2,3,3,0,1904,2174,2047,2317
/Volumes/Mark-Banfield/Josh_Williams/Scoring_20Oct/JoshB/DSC_7586.TIF,3,3,2,3,4,1,2528,2790,2039,2301
/Volumes/Mark-Banfield/Josh_Williams/Scoring_20Oct/JoshB/DSC_7586.TIF,3,3,2,3,5,5,2570,2832,1652,1914
/Volumes/Mark-Banfield/Josh_Williams/Scoring_20Oct/JoshB/DSC_7586.TIF,3,3,2,3,6,5,2444,2646,1429,1631
/Volumes/Mark-Banfield/Josh_Williams/Scoring_20Oct/JoshB/DSC_7586.TIF,3,3,3,1,1,4,928,1138,2798,3008
/Volumes/Mark-Banfield/Josh_Williams/Scoring_20Oct/JoshB/DSC_7586.TIF,3,3,3,1,2,2,684,962,3013,3291
/Volumes/Mark-Banfield/Josh_Williams/Scoring_20Oct/JoshB/DSC_7586.TIF,3,3,3,1,3,1,700,996,3395,3691
/Volumes/Mark-Banfield/Josh_Williams/Scoring_20Oct/JoshB/DSC_7586.TIF,3,3,3,1,4,2,1348,1618,3425,3695
/Volumes/Mark-Banfield/Josh_Williams/Scoring_20Oct/JoshB/DSC_7586.TIF,3,3,3,1,5,4,1316,1576,3089,3349
/Volumes/Mark-Banfield/Josh_Williams/Scoring_20Oct/JoshB/DSC_7586.TIF,3,3,3,1,6,4,1164,1416,2790,3042
/Volumes/Mark-Banfield/Josh_Williams/Scoring_20Oct/JoshB/DSC_7586.TIF,3,3,3,3,1,5,2056,2326,2881,3151
/Volumes/Mark-Banfield/Josh_Williams/Scoring_20Oct/JoshB/DSC_7586.TIF,3,3,3,3,2,3,1946,2224,3139,3417
/Volumes/Mark-Banfield/Josh_Williams/Scoring_20Oct/JoshB/DSC_7586.TIF,3,3,3,3,3,3,1904,2166,3454,3716
/Volumes/Mark-Banfield/Josh_Williams/Scoring_20Oct/JoshB/DSC_7586.TIF,3,3,3,3,4,1,2620,2848,3476,3704
/Volumes/Mark-Banfield/Josh_Williams/Scoring_20Oct/JoshB/DSC_7586.TIF,3,3,3,3,5,5,2512,2764,3131,3383
/Volumes/Mark-Banfield/Josh_Williams/Scoring_20Oct/JoshB/DSC_7586.TIF,3,3,3,3,6,5,2402,2638,2856,3092
/Volumes/Mark-Banfield/Josh_Williams/Scoring_20Oct/JoshB/DSC_7711.TIF,3,3,1,2,1,6,1400,1644,1118,1362
/Volumes/Mark-Banfield/Josh_Williams/Scoring_20Oct/JoshB/DSC_7711.TIF,3,3,1,2,2,6,1316,1500,1396,1580
/Volumes/Mark-Banfield/Josh_Williams/Scoring_20Oct/JoshB/DSC_7711.TIF,3,3,1,2,3,6,1319,1581,1626,1888
/Volumes/Mark-Banfield/Josh_Williams/Scoring_20Oct/JoshB/DSC_7711.TIF,3,3,1,2,4,6,1905,2149,1618,1862
/Volumes/Mark-Banfield/Josh_Williams/Scoring_20Oct/JoshB/DSC_7711.TIF,3,3,1,2,5,6,1904,2124,1307,1527
/Volumes/Mark-Banfield/Josh_Williams/Scoring_20Oct/JoshB/DSC_7711.TIF,3,3,1,2,6,6,1644,1888,1055,1299
/Volumes/Mark-Banfield/Josh_Williams/Scoring_20Oct/JoshB/DSC_7711.TIF,3,3,2,1,1,6,776,1012,1980,2216
/Volumes/Mark-Banfield/Josh_Williams/Scoring_20Oct/JoshB/DSC_7711.TIF,3,3,2,1,2,6,607,835,2250,2478
/Volumes/Mark-Banfield/Josh_Williams/Scoring_20Oct/JoshB/DSC_7711.TIF,3,3,2,1,3,6,574,810,2533,2769
/Volumes/Mark-Banfield/Josh_Williams/Scoring_20Oct/JoshB/DSC_7711.TIF,3,3,2,1,4,4,1114,1400,2512,2798
/Volumes/Mark-Banfield/Josh_Williams/Scoring_20Oct/JoshB/DSC_7711.TIF,3,3,2,1,5,6,1079,1323,2208,2452
/Volumes/Mark-Banfield/Josh_Williams/Scoring_20Oct/JoshB/DSC_7711.TIF,3,3,2,1,6,6,986,1222,1973,2209
/Volumes/Mark-Banfield/Josh_Williams/Scoring_20Oct/JoshB/DSC_7711.TIF,3,3,2,3,1,6,2166,2376,2035,2245
/Volumes/Mark-Banfield/Josh_Williams/Scoring_20Oct/JoshB/DSC_7711.TIF,3,3,2,3,2,6,2082,2376,2306,2600
/Volumes/Mark-Banfield/Josh_Williams/Scoring_20Oct/JoshB/DSC_7711.TIF,3,3,2,3,3,6,2116,2368,2604,2856
/Volumes/Mark-Banfield/Josh_Williams/Scoring_20Oct/JoshB/DSC_7711.TIF,3,3,2,3,4,6,2705,2915,2452,2662
/Volumes/Mark-Banfield/Josh_Williams/Scoring_20Oct/JoshB/DSC_7711.TIF,3,3,2,3,5,6,2638,2856,2192,2410
/Volumes/Mark-Banfield/Josh_Williams/Scoring_20Oct/JoshB/DSC_7711.TIF,3,3,2,3,6,6,2409,2663,1946,2200
/Volumes/Mark-Banfield/Josh_Williams/Scoring_20Oct/JoshB/DSC_7711.TIF,3,3,3,1,1,6,996,1264,3375,3643
/Volumes/Mark-Banfield/Josh_Williams/Scoring_20Oct/JoshB/DSC_7711.TIF,3,3,3,1,2,6,899,1159,3700,3960
/Volumes/Mark-Banfield/Josh_Williams/Scoring_20Oct/JoshB/DSC_7711.TIF,3,3,3,1,3,6,902,1172,4006,4276
/Volumes/Mark-Banfield/Josh_Williams/Scoring_20Oct/JoshB/DSC_7711.TIF,3,3,3,1,4,6,1517,1787,3986,4256
/Volumes/Mark-Banfield/Josh_Williams/Scoring_20Oct/JoshB/DSC_7711.TIF,3,3,3,1,5,6,1450,1770,3632,3952
/Volumes/Mark-Banfield/Josh_Williams/Scoring_20Oct/JoshB/DSC_7711.TIF,3,3,3,1,6,6,1298,1568,3396,3666
/Volumes/Mark-Banfield/Josh_Williams/Scoring_20Oct/JoshB/DSC_7711.TIF,3,3,3,3,1,6,2056,2326,3345,3615
/Volumes/Mark-Banfield/Josh_Williams/Scoring_20Oct/JoshB/DSC_7711.TIF,3,3,3,3,2,6,1938,2216,3569,3847
/Volumes/Mark-Banfield/Josh_Williams/Scoring_20Oct/JoshB/DSC_7711.TIF,3,3,3,3,3,6,1964,2208,3918,4162
/Volumes/Mark-Banfield/Josh_Williams/Scoring_20Oct/JoshB/DSC_7711.TIF,3,3,3,3,4,6,2583,2861,3910,4188
/Volumes/Mark-Banfield/Josh_Williams/Scoring_20Oct/JoshB/DSC_7711.TIF,3,3,3,3,5,6,2528,2874,3514,3860
/Volumes/Mark-Banfield/Josh_Williams/Scoring_20Oct/JoshB/DSC_7711.TIF,3,3,3,3,6,6,2360,2620,3266,3526
/Volumes/Mark-Banfield/Josh_Williams/Scoring_20Oct/JoshB/DSC_1348.tif,3,3,1,1,1,6,632,818,472,658
/Volumes/Mark-Banfield/Josh_Williams/Scoring_20Oct/JoshB/DSC_1348.tif,3,3,1,1,2,6,490,718,653,881
/Volumes/Mark-Banfield/Josh_Williams/Scoring_20Oct/JoshB/DSC_1348.tif,3,3,1,1,3,0,430,734,965,1269
/Volumes/Mark-Banfield/Josh_Williams/Scoring_20Oct/JoshB/DSC_1348.tif,3,3,1,1,4,0,996,1306,895,1205
/Volumes/Mark-Banfield/Josh_Williams/Scoring_20Oct/JoshB/DSC_1348.tif,3,3,1,1,5,6,937,1197,608,868
/Volumes/Mark-Banfield/Josh_Williams/Scoring_20Oct/JoshB/DSC_1348.tif,3,3,1,1,6,6,881,1091,372,582
/Volumes/Mark-Banfield/Josh_Williams/Scoring_20Oct/JoshB/DSC_1348.tif,3,3,1,3,1,6,2116,2276,562,722
/Volumes/Mark-Banfield/Josh_Williams/Scoring_20Oct/JoshB/DSC_1348.tif,3,3,1,3,2,6,1977,2203,726,952
/Volumes/Mark-Banfield/Josh_Williams/Scoring_20Oct/JoshB/DSC_1348.tif,3,3,1,3,3,6,2014,2208,952,1146
/Volumes/Mark-Banfield/Josh_Williams/Scoring_20Oct/JoshB/DSC_1348.tif,3,3,1,3,4,0,2389,2625,1054,1290
/Volumes/Mark-Banfield/Josh_Williams/Scoring_20Oct/JoshB/DSC_1348.tif,3,3,1,3,5,0,2394,2662,718,986
/Volumes/Mark-Banfield/Josh_Williams/Scoring_20Oct/JoshB/DSC_1348.tif,3,3,1,3,6,6,2296,2482,498,684
/Volumes/Mark-Banfield/Josh_Williams/Scoring_20Oct/JoshB/DSC_1348.tif,3,3,2,2,1,2,1316,1534,1821,2039
/Volumes/Mark-Banfield/Josh_Williams/Scoring_20Oct/JoshB/DSC_1348.tif,3,3,2,2,2,4,1248,1476,2203,2431
/Volumes/Mark-Banfield/Josh_Williams/Scoring_20Oct/JoshB/DSC_1348.tif,3,3,2,2,3,5,1316,1576,2411,2671
/Volumes/Mark-Banfield/Josh_Williams/Scoring_20Oct/JoshB/DSC_1348.tif,3,3,2,2,4,6,1796,2022,2386,2612
/Volumes/Mark-Banfield/Josh_Williams/Scoring_20Oct/JoshB/DSC_1348.tif,3,3,2,2,5,0,1792,2052,2040,2300
/Volumes/Mark-Banfield/Josh_Williams/Scoring_20Oct/JoshB/DSC_1348.tif,3,3,2,2,6,0,1655,1867,1820,2032
/Volumes/Mark-Banfield/Josh_Williams/Scoring_20Oct/JoshB/DSC_1348.tif,3,3,3,1,1,0,422,666,3008,3252
/Volumes/Mark-Banfield/Josh_Williams/Scoring_20Oct/JoshB/DSC_1348.tif,3,3,3,1,2,4,312,514,3291,3493
/Volumes/Mark-Banfield/Josh_Williams/Scoring_20Oct/JoshB/DSC_1348.tif,3,3,3,1,3,4,346,566,3568,3788
/Volumes/Mark-Banfield/Josh_Williams/Scoring_20Oct/JoshB/DSC_1348.tif,3,3,3,1,4,4,784,970,3581,3767
/Volumes/Mark-Banfield/Josh_Williams/Scoring_20Oct/JoshB/DSC_1348.tif,3,3,3,1,5,5,897,1117,3286,3506
/Volumes/Mark-Banfield/Josh_Williams/Scoring_20Oct/JoshB/DSC_1348.tif,3,3,3,1,6,0,722,966,2984,3228
/Volumes/Mark-Banfield/Josh_Williams/Scoring_20Oct/JoshB/DSC_1348.tif,3,3,3,3,1,0,2200,2452,2887,3139
/Volumes/Mark-Banfield/Josh_Williams/Scoring_20Oct/JoshB/DSC_1348.tif,3,3,3,3,2,0,2006,2258,3144,3396
/Volumes/Mark-Banfield/Josh_Williams/Scoring_20Oct/JoshB/DSC_1348.tif,3,3,3,3,3,6,1972,2200,3514,3742
/Volumes/Mark-Banfield/Josh_Williams/Scoring_20Oct/JoshB/DSC_1348.tif,3,3,3,3,4,6,2487,2705,3540,3758
/Volumes/Mark-Banfield/Josh_Williams/Scoring_20Oct/JoshB/DSC_1348.tif,3,3,3,3,5,6,2452,2680,3252,3480
/Volumes/Mark-Banfield/Josh_Williams/Scoring_20Oct/JoshB/DSC_1348.tif,3,3,3,3,6,6,2503,2679,3034,3210
/Volumes/Mark-Banfield/Josh_Williams/Scoring_20Oct/JoshB/DSC_1593.tif,2,5,1,1,1,3,562,774,332,544
/Volumes/Mark-Banfield/Josh_Williams/Scoring_20Oct/JoshB/DSC_1593.tif,2,5,1,1,2,0,439,629,540,730
/Volumes/Mark-Banfield/Josh_Williams/Scoring_20Oct/JoshB/DSC_1593.tif,2,5,1,1,3,0,394,540,825,971
/Volumes/Mark-Banfield/Josh_Williams/Scoring_20Oct/JoshB/DSC_1593.tif,2,5,1,1,4,4,730,926,800,996
/Volumes/Mark-Banfield/Josh_Williams/Scoring_20Oct/JoshB/DSC_1593.tif,2,5,1,1,5,5,735,943,584,792
/Volumes/Mark-Banfield/Josh_Williams/Scoring_20Oct/JoshB/DSC_1593.tif,2,5,1,1,6,0,798,932,421,555
/Volumes/Mark-Banfield/Josh_Williams/Scoring_20Oct/JoshB/DSC_1593.tif,2,5,1,2,1,0,1281,1473,404,596
/Volumes/Mark-Banfield/Josh_Williams/Scoring_20Oct/JoshB/DSC_1593.tif,2,5,1,2,2,3,1229,1415,584,770
/Volumes/Mark-Banfield/Josh_Williams/Scoring_20Oct/JoshB/DSC_1593.tif,2,5,1,2,3,0,1168,1352,778,962
/Volumes/Mark-Banfield/Josh_Williams/Scoring_20Oct/JoshB/DSC_1593.tif,2,5,1,2,4,0,1594,1762,809,977
/Volumes/Mark-Banfield/Josh_Williams/Scoring_20Oct/JoshB/DSC_1593.tif,2,5,1,2,5,2,1604,1772,556,724
/Volumes/Mark-Banfield/Josh_Williams/Scoring_20Oct/JoshB/DSC_1593.tif,2,5,1,2,6,4,1510,1660,414,564
/Volumes/Mark-Banfield/Josh_Williams/Scoring_20Oct/JoshB/DSC_1593.tif,2,5,1,3,1,4,2208,2432,226,450
/Volumes/Mark-Banfield/Josh_Williams/Scoring_20Oct/JoshB/DSC_1593.tif,2,5,1,3,2,0,2210,2384,464,638
/Volumes/Mark-Banfield/Josh_Williams/Scoring_20Oct/JoshB/DSC_1593.tif,2,5,1,3,3,4,2198,2406,682,890
/Volumes/Mark-Banfield/Josh_Williams/Scoring_20Oct/JoshB/DSC_1593.tif,2,5,1,3,4,0,2580,2810,691,921
/Volumes/Mark-Banfield/Josh_Williams/Scoring_20Oct/JoshB/DSC_1593.tif,2,5,1,3,5,0,2564,2770,445,651
/Volumes/Mark-Banfield/Josh_Williams/Scoring_20Oct/JoshB/DSC_1593.tif,2,5,1,3,6,4,2474,2648,262,436
/Volumes/Mark-Banfield/Josh_Williams/Scoring_20Oct/JoshB/DSC_1593.tif,2,5,1,4,1,5,3152,3332,314,494
/Volumes/Mark-Banfield/Josh_Williams/Scoring_20Oct/JoshB/DSC_1593.tif,2,5,1,4,2,3,3121,3307,494,680
/Volumes/Mark-Banfield/Josh_Williams/Scoring_20Oct/JoshB/DSC_1593.tif,2,5,1,4,3,0,3102,3248,713,859
/Volumes/Mark-Banfield/Josh_Williams/Scoring_20Oct/JoshB/DSC_1593.tif,2,5,1,4,4,2,3444,3634,702,892
/Volumes/Mark-Banfield/Josh_Williams/Scoring_20Oct/JoshB/DSC_1593.tif,2,5,1,4,5,0,3404,3594,466,656
/Volumes/Mark-Banfield/Josh_Williams/Scoring_20Oct/JoshB/DSC_1593.tif,2,5,1,4,6,0,3370,3516,286,432
/Volumes/Mark-Banfield/Josh_Williams/Scoring_20Oct/JoshB/DSC_1593.tif,2,5,1,5,1,0,4096,4282,410,596
/Volumes/Mark-Banfield/Josh_Williams/Scoring_20Oct/JoshB/DSC_1593.tif,2,5,1,5,2,5,4004,4240,598,834
/Volumes/Mark-Banfield/Josh_Williams/Scoring_20Oct/JoshB/DSC_1593.tif,2,5,1,5,3,3,4066,4284,820,1038
/Volumes/Mark-Banfield/Josh_Williams/Scoring_20Oct/JoshB/DSC_1593.tif,2,5,1,5,4,0,4405,4573,854,1022
/Volumes/Mark-Banfield/Josh_Williams/Scoring_20Oct/JoshB/DSC_1593.tif,2,5,1,5,5,4,4396,4610,600,814
/Volumes/Mark-Banfield/Josh_Williams/Scoring_20Oct/JoshB/DSC_1593.tif,2,5,1,5,6,0,4352,4498,410,556
/Volumes/Mark-Banfield/Josh_Williams/Scoring_20Oct/JoshB/DSC_1593.tif,2,5,2,1,1,0,270,494,1711,1935
/Volumes/Mark-Banfield/Josh_Williams/Scoring_20Oct/JoshB/DSC_1593.tif,2,5,2,1,2,0,186,360,2009,2183
/Volumes/Mark-Banfield/Josh_Williams/Scoring_20Oct/JoshB/DSC_1593.tif,2,5,2,1,3,0,183,385,2086,2288
/Volumes/Mark-Banfield/Josh_Williams/Scoring_20Oct/JoshB/DSC_1593.tif,2,5,2,1,4,1,556,758,2064,2266
/Volumes/Mark-Banfield/Josh_Williams/Scoring_20Oct/JoshB/DSC_1593.tif,2,5,2,1,5,0,534,702,1902,2070
/Volumes/Mark-Banfield/Josh_Williams/Scoring_20Oct/JoshB/DSC_1593.tif,2,5,2,1,6,3,568,736,1725,1893
/Volumes/Mark-Banfield/Josh_Williams/Scoring_20Oct/JoshB/DSC_1593.tif,2,5,2,2,1,6,1361,1557,1688,1884
/Volumes/Mark-Banfield/Josh_Williams/Scoring_20Oct/JoshB/DSC_1593.tif,2,5,2,2,2,0,1296,1430,1902,2036
/Volumes/Mark-Banfield/Josh_Williams/Scoring_20Oct/JoshB/DSC_1593.tif,2,5,2,2,3,0,1246,1408,2062,2224
/Volumes/Mark-Banfield/Josh_Williams/Scoring_20Oct/JoshB/DSC_1593.tif,2,5,2,2,4,5,1548,1734,2047,2233
/Volumes/Mark-Banfield/Josh_Williams/Scoring_20Oct/JoshB/DSC_1593.tif,2,5,2,2,5,5,1520,1706,1856,2042
/Volumes/Mark-Banfield/Josh_Williams/Scoring_20Oct/JoshB/DSC_1593.tif,2,5,2,2,6,0,1594,1706,1762,1874
/Volumes/Mark-Banfield/Josh_Williams/Scoring_20Oct/JoshB/DSC_1593.tif,2,5,2,3,1,0,2266,2424,1671,1829
/Volumes/Mark-Banfield/Josh_Williams/Scoring_20Oct/JoshB/DSC_1593.tif,2,5,2,3,2,3,2157,2359,1818,2020
/Volumes/Mark-Banfield/Josh_Williams/Scoring_20Oct/JoshB/DSC_1593.tif,2,5,2,3,3,0,2183,2395,2048,2260
/Volumes/Mark-Banfield/Josh_Williams/Scoring_20Oct/JoshB/DSC_1593.tif,2,5,2,3,4,0,2496,2692,2025,2221
/Volumes/Mark-Banfield/Josh_Williams/Scoring_20Oct/JoshB/DSC_1593.tif,2,5,2,3,5,5,2451,2647,1796,1992
/Volumes/Mark-Banfield/Josh_Williams/Scoring_20Oct/JoshB/DSC_1593.tif,2,5,2,3,6,5,2457,2569,1666,1778
/Volumes/Mark-Banfield/Josh_Williams/Scoring_20Oct/JoshB/DSC_1593.tif,2,5,2,4,1,5,3174,3348,1557,1731
/Volumes/Mark-Banfield/Josh_Williams/Scoring_20Oct/JoshB/DSC_1593.tif,2,5,2,4,2,0,3070,3238,1716,1884
/Volumes/Mark-Banfield/Josh_Williams/Scoring_20Oct/JoshB/DSC_1593.tif,2,5,2,4,3,2,3076,3318,1918,2160
/Volumes/Mark-Banfield/Josh_Williams/Scoring_20Oct/JoshB/DSC_1593.tif,2,5,2,4,4,0,3408,3632,1896,2120
/Volumes/Mark-Banfield/Josh_Williams/Scoring_20Oct/JoshB/DSC_1593.tif,2,5,2,4,5,0,3517,3707,1678,1868
/Volumes/Mark-Banfield/Josh_Williams/Scoring_20Oct/JoshB/DSC_1593.tif,2,5,2,4,6,6,3404,3528,1579,1703
/Volumes/Mark-Banfield/Josh_Williams/Scoring_20Oct/JoshB/DSC_1593.tif,2,5,2,5,1,5,4026,4194,1562,1730
/Volumes/Mark-Banfield/Josh_Williams/Scoring_20Oct/JoshB/DSC_1593.tif,2,5,2,5,2,5,3940,4130,1712,1902
/Volumes/Mark-Banfield/Josh_Williams/Scoring_20Oct/JoshB/DSC_1593.tif,2,5,2,5,3,0,3858,4088,1944,2174
/Volumes/Mark-Banfield/Josh_Williams/Scoring_20Oct/JoshB/DSC_1593.tif,2,5,2,5,4,3,4268,4514,1908,2154
/Volumes/Mark-Banfield/Josh_Williams/Scoring_20Oct/JoshB/DSC_1593.tif,2,5,2,5,5,0,4271,4451,1728,1908
/Volumes/Mark-Banfield/Josh_Williams/Scoring_20Oct/JoshB/DSC_1593.tif,2,5,2,5,6,0,4250,4430,1517,1697
/Volumes/Mark-Banfield/Josh_Williams/Scoring_20Oct/JoshB/DSC_0808.tif,3,3,1,1,1,5,734,986,469,721
/Volumes/Mark-Banfield/Josh_Williams/Scoring_20Oct/JoshB/DSC_0808.tif,3,3,1,1,2,0,600,868,688,956
/Volumes/Mark-Banfield/Josh_Williams/Scoring_20Oct/JoshB/DSC_0808.tif,3,3,1,1,3,0,548,834,982,1268
/Volumes/Mark-Banfield/Josh_Williams/Scoring_20Oct/JoshB/DSC_0808.tif,3,3,1,1,4,2,1038,1298,1042,1302
/Volumes/Mark-Banfield/Josh_Williams/Scoring_20Oct/JoshB/DSC_0808.tif,3,3,1,1,5,5,1041,1261,700,920
/Volumes/Mark-Banfield/Josh_Williams/Scoring_20Oct/JoshB/DSC_0808.tif,3,3,1,1,6,6,1028,1188,548,708
/Volumes/Mark-Banfield/Josh_Williams/Scoring_20Oct/JoshB/DSC_0808.tif,3,3,1,3,1,6,2094,2304,582,792
/Volumes/Mark-Banfield/Josh_Williams/Scoring_20Oct/JoshB/DSC_0808.tif,3,3,1,3,2,6,1950,2170,776,996
/Volumes/Mark-Banfield/Josh_Williams/Scoring_20Oct/JoshB/DSC_0808.tif,3,3,1,3,3,0,1938,2250,1070,1382
/Volumes/Mark-Banfield/Josh_Williams/Scoring_20Oct/JoshB/DSC_0808.tif,3,3,1,3,4,0,2444,2738,1034,1328
/Volumes/Mark-Banfield/Josh_Williams/Scoring_20Oct/JoshB/DSC_0808.tif,3,3,1,3,5,5,2428,2646,798,1016
/Volumes/Mark-Banfield/Josh_Williams/Scoring_20Oct/JoshB/DSC_0808.tif,3,3,1,3,6,5,2314,2540,566,792
/Volumes/Mark-Banfield/Josh_Williams/Scoring_20Oct/JoshB/DSC_0808.tif,3,3,2,2,1,4,1434,1610,1804,1980
/Volumes/Mark-Banfield/Josh_Williams/Scoring_20Oct/JoshB/DSC_0808.tif,3,3,2,2,2,4,1395,1615,2022,2242
/Volumes/Mark-Banfield/Josh_Williams/Scoring_20Oct/JoshB/DSC_0808.tif,3,3,2,2,3,0,1850,2094,2132,2376
/Volumes/Mark-Banfield/Josh_Williams/Scoring_20Oct/JoshB/DSC_0808.tif,3,3,2,2,4,0,1796,2048,1896,2148
/Volumes/Mark-Banfield/Josh_Williams/Scoring_20Oct/JoshB/DSC_0808.tif,3,3,2,2,5,5,1610,1786,1754,1930
/Volumes/Mark-Banfield/Josh_Williams/Scoring_20Oct/JoshB/DSC_0808.tif,3,3,2,3,1,5,674,894,2843,3063
/Volumes/Mark-Banfield/Josh_Williams/Scoring_20Oct/JoshB/DSC_0808.tif,3,3,2,3,2,4,603,839,3152,3388
/Volumes/Mark-Banfield/Josh_Williams/Scoring_20Oct/JoshB/DSC_0808.tif,3,3,2,3,3,4,574,818,3493,3737
/Volumes/Mark-Banfield/Josh_Williams/Scoring_20Oct/JoshB/DSC_0808.tif,3,3,2,3,4,6,1222,1416,3471,3665
/Volumes/Mark-Banfield/Josh_Williams/Scoring_20Oct/JoshB/DSC_0808.tif,3,3,2,3,5,0,1118,1446,3042,3370
/Volumes/Mark-Banfield/Josh_Williams/Scoring_20Oct/JoshB/DSC_0808.tif,3,3,2,3,6,0,1062,1314,2806,3058
/Volumes/Mark-Banfield/Josh_Williams/Scoring_20Oct/JoshB/DSC_0808.tif,3,3,3,3,1,0,2166,2410,2739,2983
/Volumes/Mark-Banfield/Josh_Williams/Scoring_20Oct/JoshB/DSC_0808.tif,3,3,3,3,2,6,2052,2254,3102,3304
/Volumes/Mark-Banfield/Josh_Williams/Scoring_20Oct/JoshB/DSC_0808.tif,3,3,3,3,3,6,2111,2313,3404,3606
/Volumes/Mark-Banfield/Josh_Williams/Scoring_20Oct/JoshB/DSC_0808.tif,3,3,3,3,4,6,2537,2747,3236,3446
/Volumes/Mark-Banfield/Josh_Williams/Scoring_20Oct/JoshB/DSC_0808.tif,3,3,3,3,5,5,2516,2752,2958,3194
/Volumes/Mark-Banfield/Josh_Williams/Scoring_20Oct/JoshB/DSC_0808.tif,3,3,3,3,6,0,2508,2676,2790,2958
/Volumes/Mark-Banfield/Josh_Williams/Scoring_20Oct/JoshB/_DSC7621.tif,3,3,1,1,1,2,544,782,758,996
/Volumes/Mark-Banfield/Josh_Williams/Scoring_20Oct/JoshB/_DSC7621.tif,3,3,1,1,2,0,354,668,1043,1357
/Volumes/Mark-Banfield/Josh_Williams/Scoring_20Oct/JoshB/_DSC7621.tif,3,3,1,1,3,0,324,638,1396,1710
/Volumes/Mark-Banfield/Josh_Williams/Scoring_20Oct/JoshB/_DSC7621.tif,3,3,1,1,4,0,1000,1296,1390,1686
/Volumes/Mark-Banfield/Josh_Williams/Scoring_20Oct/JoshB/_DSC7621.tif,3,3,1,1,5,6,967,1225,1086,1344
/Volumes/Mark-Banfield/Josh_Williams/Scoring_20Oct/JoshB/_DSC7621.tif,3,3,1,1,6,6,858,1114,820,1076
/Volumes/Mark-Banfield/Josh_Williams/Scoring_20Oct/JoshB/_DSC7621.tif,3,3,1,3,1,6,1986,2234,696,944
/Volumes/Mark-Banfield/Josh_Williams/Scoring_20Oct/JoshB/_DSC7621.tif,3,3,1,3,2,1,1856,2134,1023,1301
/Volumes/Mark-Banfield/Josh_Williams/Scoring_20Oct/JoshB/_DSC7621.tif,3,3,1,3,3,0,1956,2252,1304,1600
/Volumes/Mark-Banfield/Josh_Williams/Scoring_20Oct/JoshB/_DSC7621.tif,3,3,1,3,4,0,2494,2876,1195,1577
/Volumes/Mark-Banfield/Josh_Williams/Scoring_20Oct/JoshB/_DSC7621.tif,3,3,1,3,5,0,2362,2790,834,1262
/Volumes/Mark-Banfield/Josh_Williams/Scoring_20Oct/JoshB/_DSC7621.tif,3,3,1,3,6,6,2238,2496,562,820
/Volumes/Mark-Banfield/Josh_Williams/Scoring_20Oct/JoshB/_DSC7621.tif,3,3,2,2,1,5,1324,1580,2124,2380
/Volumes/Mark-Banfield/Josh_Williams/Scoring_20Oct/JoshB/_DSC7621.tif,3,3,2,2,2,6,1262,1472,2494,2704
/Volumes/Mark-Banfield/Josh_Williams/Scoring_20Oct/JoshB/_DSC7621.tif,3,3,2,2,3,1,1238,1496,2770,3028
/Volumes/Mark-Banfield/Josh_Williams/Scoring_20Oct/JoshB/_DSC7621.tif,3,3,2,2,4,0,1752,2104,2590,2942
/Volumes/Mark-Banfield/Josh_Williams/Scoring_20Oct/JoshB/_DSC7621.tif,3,3,2,2,5,0,1734,2000,2300,2566
/Volumes/Mark-Banfield/Josh_Williams/Scoring_20Oct/JoshB/_DSC7621.tif,3,3,2,2,6,0,1676,1904,2024,2252
/Volumes/Mark-Banfield/Josh_Williams/Scoring_20Oct/JoshB/_DSC7621.tif,3,3,3,1,1,0,383,601,3580,3798
/Volumes/Mark-Banfield/Josh_Williams/Scoring_20Oct/JoshB/_DSC7621.tif,3,3,3,1,2,4,282,558,3836,4112
/Volumes/Mark-Banfield/Josh_Williams/Scoring_20Oct/JoshB/_DSC7621.tif,3,3,3,1,3,4,448,640,4188,4380
/Volumes/Mark-Banfield/Josh_Williams/Scoring_20Oct/JoshB/_DSC7621.tif,3,3,3,1,4,1,838,1144,3979,4285
/Volumes/Mark-Banfield/Josh_Williams/Scoring_20Oct/JoshB/_DSC7621.tif,3,3,3,1,5,0,848,1096,3742,3990
/Volumes/Mark-Banfield/Josh_Williams/Scoring_20Oct/JoshB/_DSC7621.tif,3,3,3,1,6,0,620,906,3479,3765
/Volumes/Mark-Banfield/Josh_Williams/Scoring_20Oct/JoshB/_DSC7621.tif,3,3,3,3,1,0,2048,2324,3499,3775
/Volumes/Mark-Banfield/Josh_Williams/Scoring_20Oct/JoshB/_DSC7621.tif,3,3,3,3,2,0,1896,2162,3780,4046
/Volumes/Mark-Banfield/Josh_Williams/Scoring_20Oct/JoshB/_DSC7621.tif,3,3,3,3,3,5,1933,2161,4160,4388
/Volumes/Mark-Banfield/Josh_Williams/Scoring_20Oct/JoshB/_DSC7621.tif,3,3,3,3,4,6,2437,2675,4104,4342
/Volumes/Mark-Banfield/Josh_Williams/Scoring_20Oct/JoshB/_DSC7621.tif,3,3,3,3,5,2,2566,2766,3866,4066
/Volumes/Mark-Banfield/Josh_Williams/Scoring_20Oct/JoshB/_DSC7621.tif,3,3,3,3,6,0,2380,2694,3514,3828
/Volumes/Mark-Banfield/Josh_Williams/Scoring_20Oct/JoshB/DSC_4392.TIF,3,3,1,1,1,6,886,1104,566,784
/Volumes/Mark-Banfield/Josh_Williams/Scoring_20Oct/JoshB/DSC_4392.TIF,3,3,1,1,2,0,792,1012,755,975
/Volumes/Mark-Banfield/Josh_Williams/Scoring_20Oct/JoshB/DSC_4392.TIF,3,3,1,1,3,0,637,925,1070,1358
/Volumes/Mark-Banfield/Josh_Williams/Scoring_20Oct/JoshB/DSC_4392.TIF,3,3,1,1,4,4,1104,1340,1151,1387
/Volumes/Mark-Banfield/Josh_Williams/Scoring_20Oct/JoshB/DSC_4392.TIF,3,3,1,1,5,5,1172,1348,865,1041
/Volumes/Mark-Banfield/Josh_Williams/Scoring_20Oct/JoshB/DSC_4392.TIF,3,3,1,1,6,6,1130,1298,642,810
/Volumes/Mark-Banfield/Josh_Williams/Scoring_20Oct/JoshB/DSC_4392.TIF,3,3,1,3,1,6,2158,2394,717,953
/Volumes/Mark-Banfield/Josh_Williams/Scoring_20Oct/JoshB/DSC_4392.TIF,3,3,1,3,2,6,2098,2318,957,1177
/Volumes/Mark-Banfield/Josh_Williams/Scoring_20Oct/JoshB/DSC_4392.TIF,3,3,1,3,3,0,2140,2428,1108,1396
/Volumes/Mark-Banfield/Josh_Williams/Scoring_20Oct/JoshB/DSC_4392.TIF,3,3,1,3,4,0,2638,2908,1003,1273
/Volumes/Mark-Banfield/Josh_Williams/Scoring_20Oct/JoshB/DSC_4392.TIF,3,3,1,3,5,4,2494,2730,785,1021
/Volumes/Mark-Banfield/Josh_Williams/Scoring_20Oct/JoshB/DSC_4392.TIF,3,3,1,3,6,4,2402,2638,603,839
/Volumes/Mark-Banfield/Josh_Williams/Scoring_20Oct/JoshB/DSC_4392.TIF,3,3,2,2,1,6,1492,1684,1914,2106
/Volumes/Mark-Banfield/Josh_Williams/Scoring_20Oct/JoshB/DSC_4392.TIF,3,3,2,2,2,4,1446,1672,2116,2342
/Volumes/Mark-Banfield/Josh_Williams/Scoring_20Oct/JoshB/DSC_4392.TIF,3,3,2,2,3,5,1390,1660,2343,2613
/Volumes/Mark-Banfield/Josh_Williams/Scoring_20Oct/JoshB/DSC_4392.TIF,3,3,2,2,4,0,1880,2216,2230,2566
/Volumes/Mark-Banfield/Josh_Williams/Scoring_20Oct/JoshB/DSC_4392.TIF,3,3,2,2,5,0,1838,2074,2010,2246
/Volumes/Mark-Banfield/Josh_Williams/Scoring_20Oct/JoshB/DSC_4392.TIF,3,3,2,2,6,6,1720,1922,1787,1989
/Volumes/Mark-Banfield/Josh_Williams/Scoring_20Oct/JoshB/DSC_4392.TIF,3,3,3,1,1,6,600,802,3089,3291
/Volumes/Mark-Banfield/Josh_Williams/Scoring_20Oct/JoshB/DSC_4392.TIF,3,3,3,1,2,6,531,709,3328,3506
/Volumes/Mark-Banfield/Josh_Williams/Scoring_20Oct/JoshB/DSC_4392.TIF,3,3,3,1,3,6,616,826,3535,3745
/Volumes/Mark-Banfield/Josh_Williams/Scoring_20Oct/JoshB/DSC_4392.TIF,3,3,3,1,4,5,936,1146,3607,3817
/Volumes/Mark-Banfield/Josh_Williams/Scoring_20Oct/JoshB/DSC_4392.TIF,3,3,3,1,5,0,919,1131,3294,3506
/Volumes/Mark-Banfield/Josh_Williams/Scoring_20Oct/JoshB/DSC_4392.TIF,3,3,3,1,6,0,890,1058,3068,3236
/Volumes/Mark-Banfield/Josh_Williams/Scoring_20Oct/JoshB/DSC_4392.TIF,3,3,3,3,1,0,2098,2368,3362,3632
/Volumes/Mark-Banfield/Josh_Williams/Scoring_20Oct/JoshB/DSC_4392.TIF,3,3,3,3,2,4,2022,2250,3644,3872
/Volumes/Mark-Banfield/Josh_Williams/Scoring_20Oct/JoshB/DSC_4392.TIF,3,3,3,3,3,4,2162,2346,3860,4044
/Volumes/Mark-Banfield/Josh_Williams/Scoring_20Oct/JoshB/DSC_4392.TIF,3,3,3,3,4,5,2502,2706,3715,3919
/Volumes/Mark-Banfield/Josh_Williams/Scoring_20Oct/JoshB/DSC_4392.TIF,3,3,3,3,5,6,2520,2680,3586,3746
/Volumes/Mark-Banfield/Josh_Williams/Scoring_20Oct/JoshB/DSC_4392.TIF,3,3,3,3,6,0,2444,2662,3362,3580
/Volumes/Mark-Banfield/Josh_Williams/Scoring_20Oct/JoshB/DSC_1351.tif,3,3,1,1,1,0,608,860,300,552
/Volumes/Mark-Banfield/Josh_Williams/Scoring_20Oct/JoshB/DSC_1351.tif,3,3,1,1,2,4,388,616,595,823
/Volumes/Mark-Banfield/Josh_Williams/Scoring_20Oct/JoshB/DSC_1351.tif,3,3,1,1,3,4,367,611,928,1172
/Volumes/Mark-Banfield/Josh_Williams/Scoring_20Oct/JoshB/DSC_1351.tif,3,3,1,1,4,6,788,990,894,1096
/Volumes/Mark-Banfield/Josh_Williams/Scoring_20Oct/JoshB/DSC_1351.tif,3,3,1,1,5,6,835,1087,642,894
/Volumes/Mark-Banfield/Josh_Williams/Scoring_20Oct/JoshB/DSC_1351.tif,3,3,1,1,6,0,886,1104,406,624
/Volumes/Mark-Banfield/Josh_Williams/Scoring_20Oct/JoshB/DSC_1351.tif,3,3,1,3,1,0,1904,2140,527,763
/Volumes/Mark-Banfield/Josh_Williams/Scoring_20Oct/JoshB/DSC_1351.tif,3,3,1,3,2,0,1761,1989,868,1096
/Volumes/Mark-Banfield/Josh_Williams/Scoring_20Oct/JoshB/DSC_1351.tif,3,3,1,3,3,5,1804,2064,1202,1462
/Volumes/Mark-Banfield/Josh_Williams/Scoring_20Oct/JoshB/DSC_1351.tif,3,3,1,3,4,6,2242,2460,1042,1260
/Volumes/Mark-Banfield/Josh_Williams/Scoring_20Oct/JoshB/DSC_1351.tif,3,3,1,3,5,6,2192,2410,776,994
/Volumes/Mark-Banfield/Josh_Williams/Scoring_20Oct/JoshB/DSC_1351.tif,3,3,1,3,6,6,2233,2385,608,760
/Volumes/Mark-Banfield/Josh_Williams/Scoring_20Oct/JoshB/DSC_1351.tif,3,3,2,2,1,6,1239,1459,1694,1914
/Volumes/Mark-Banfield/Josh_Williams/Scoring_20Oct/JoshB/DSC_1351.tif,3,3,2,2,2,0,1054,1358,1989,2293
/Volumes/Mark-Banfield/Josh_Williams/Scoring_20Oct/JoshB/DSC_1351.tif,3,3,2,2,3,0,1041,1319,2368,2646
/Volumes/Mark-Banfield/Josh_Williams/Scoring_20Oct/JoshB/DSC_1351.tif,3,3,2,2,4,3,1522,1740,2268,2486
/Volumes/Mark-Banfield/Josh_Williams/Scoring_20Oct/JoshB/DSC_1351.tif,3,3,2,2,5,5,1476,1728,1986,2238
/Volumes/Mark-Banfield/Josh_Williams/Scoring_20Oct/JoshB/DSC_1351.tif,3,3,2,2,6,6,1495,1673,1786,1964
/Volumes/Mark-Banfield/Josh_Williams/Scoring_20Oct/JoshB/DSC_1351.tif,3,3,3,1,1,6,330,532,3092,3294
/Volumes/Mark-Banfield/Josh_Williams/Scoring_20Oct/JoshB/DSC_1351.tif,3,3,3,1,2,6,237,499,3362,3624
/Volumes/Mark-Banfield/Josh_Williams/Scoring_20Oct/JoshB/DSC_1351.tif,3,3,3,1,3,0,312,582,3682,3952
/Volumes/Mark-Banfield/Josh_Williams/Scoring_20Oct/JoshB/DSC_1351.tif,3,3,3,1,4,0,792,1088,3534,3830
/Volumes/Mark-Banfield/Josh_Williams/Scoring_20Oct/JoshB/DSC_1351.tif,3,3,3,1,5,6,718,970,3232,3484
/Volumes/Mark-Banfield/Josh_Williams/Scoring_20Oct/JoshB/DSC_1351.tif,3,3,3,1,6,6,657,843,3050,3236
/Volumes/Mark-Banfield/Josh_Williams/Scoring_20Oct/JoshB/DSC_1351.tif,3,3,3,3,1,6,2166,2310,2907,3051
/Volumes/Mark-Banfield/Josh_Williams/Scoring_20Oct/JoshB/DSC_1351.tif,3,3,3,3,2,6,2014,2200,3105,3291
/Volumes/Mark-Banfield/Josh_Williams/Scoring_20Oct/JoshB/DSC_1351.tif,3,3,3,3,3,6,2052,2254,3446,3648
/Volumes/Mark-Banfield/Josh_Williams/Scoring_20Oct/JoshB/DSC_1351.tif,3,3,3,3,4,0,2462,2680,3396,3614
/Volumes/Mark-Banfield/Josh_Williams/Scoring_20Oct/JoshB/DSC_1351.tif,3,3,3,3,5,0,2465,2701,3068,3304
/Volumes/Mark-Banfield/Josh_Williams/Scoring_20Oct/JoshB/DSC_1351.tif,3,3,3,3,6,6,2394,2570,2870,3046
/Volumes/Mark-Banfield/Josh_Williams/Scoring_20Oct/JoshB/DSC_2827.TIF,3,3,1,1,1,6,440,658,558,776
/Volumes/Mark-Banfield/Josh_Williams/Scoring_20Oct/JoshB/DSC_2827.TIF,3,3,1,1,2,0,338,566,868,1096
/Volumes/Mark-Banfield/Josh_Williams/Scoring_20Oct/JoshB/DSC_2827.TIF,3,3,1,1,3,0,296,624,1147,1475
/Volumes/Mark-Banfield/Josh_Williams/Scoring_20Oct/JoshB/DSC_2827.TIF,3,3,1,1,4,0,920,1198,1046,1324
/Volumes/Mark-Banfield/Josh_Williams/Scoring_20Oct/JoshB/DSC_2827.TIF,3,3,1,1,5,0,962,1230,726,994
/Volumes/Mark-Banfield/Josh_Williams/Scoring_20Oct/JoshB/DSC_2827.TIF,3,3,1,1,6,0,742,1012,510,780
/Volumes/Mark-Banfield/Josh_Williams/Scoring_20Oct/JoshB/DSC_2827.TIF,3,3,1,3,1,0,1888,2106,595,813
/Volumes/Mark-Banfield/Josh_Williams/Scoring_20Oct/JoshB/DSC_2827.TIF,3,3,1,3,2,5,1862,2074,877,1089
/Volumes/Mark-Banfield/Josh_Williams/Scoring_20Oct/JoshB/DSC_2827.TIF,3,3,1,3,3,2,1892,2110,1198,1416
/Volumes/Mark-Banfield/Josh_Williams/Scoring_20Oct/JoshB/DSC_2827.TIF,3,3,1,3,4,0,2342,2562,1049,1269
/Volumes/Mark-Banfield/Josh_Williams/Scoring_20Oct/JoshB/DSC_2827.TIF,3,3,1,3,5,0,2276,2486,785,995
/Volumes/Mark-Banfield/Josh_Williams/Scoring_20Oct/JoshB/DSC_2827.TIF,3,3,1,3,6,0,2136,2364,506,734
/Volumes/Mark-Banfield/Josh_Williams/Scoring_20Oct/JoshB/DSC_2827.TIF,3,3,2,2,1,0,1112,1442,1879,2209
/Volumes/Mark-Banfield/Josh_Williams/Scoring_20Oct/JoshB/DSC_2827.TIF,3,3,2,2,2,0,1046,1366,2191,2511
/Volumes/Mark-Banfield/Josh_Williams/Scoring_20Oct/JoshB/DSC_2827.TIF,3,3,2,2,3,6,1163,1417,2536,2790
/Volumes/Mark-Banfield/Josh_Williams/Scoring_20Oct/JoshB/DSC_2827.TIF,3,3,2,2,4,0,1652,1956,2355,2659
/Volumes/Mark-Banfield/Josh_Williams/Scoring_20Oct/JoshB/DSC_2827.TIF,3,3,2,2,5,0,1542,1812,2106,2376
/Volumes/Mark-Banfield/Josh_Williams/Scoring_20Oct/JoshB/DSC_2827.TIF,3,3,2,2,6,0,1492,1744,1863,2115
/Volumes/Mark-Banfield/Josh_Williams/Scoring_20Oct/JoshB/DSC_2827.TIF,3,3,3,1,1,0,440,658,3118,3336
/Volumes/Mark-Banfield/Josh_Williams/Scoring_20Oct/JoshB/DSC_2827.TIF,3,3,3,1,2,0,246,566,3371,3691
/Volumes/Mark-Banfield/Josh_Williams/Scoring_20Oct/JoshB/DSC_2827.TIF,3,3,3,1,3,0,354,600,3778,4024
/Volumes/Mark-Banfield/Josh_Williams/Scoring_20Oct/JoshB/DSC_2827.TIF,3,3,3,1,4,4,844,1046,3497,3699
/Volumes/Mark-Banfield/Josh_Williams/Scoring_20Oct/JoshB/DSC_2827.TIF,3,3,3,1,5,0,708,952,3278,3522
/Volumes/Mark-Banfield/Josh_Williams/Scoring_20Oct/JoshB/DSC_2827.TIF,3,3,3,1,6,0,642,894,3026,3278
/Volumes/Mark-Banfield/Josh_Williams/Scoring_20Oct/JoshB/DSC_2827.TIF,3,3,3,3,1,4,2124,2352,2895,3123
/Volumes/Mark-Banfield/Josh_Williams/Scoring_20Oct/JoshB/DSC_2827.TIF,3,3,3,3,2,0,1998,2284,3092,3378
/Volumes/Mark-Banfield/Josh_Williams/Scoring_20Oct/JoshB/DSC_2827.TIF,3,3,3,3,3,0,1930,2224,3426,3720
/Volumes/Mark-Banfield/Josh_Williams/Scoring_20Oct/JoshB/DSC_2827.TIF,3,3,3,3,4,0,2502,2824,3332,3654
/Volumes/Mark-Banfield/Josh_Williams/Scoring_20Oct/JoshB/DSC_2827.TIF,3,3,3,3,5,6,2444,2672,3109,3337
/Volumes/Mark-Banfield/Josh_Williams/Scoring_20Oct/JoshB/DSC_2827.TIF,3,3,3,3,6,5,2380,2584,2940,3144
/Volumes/Mark-Banfield/Josh_Williams/Scoring_20Oct/JoshB/_DSC2689.tif,3,3,1,1,1,0,519,891,810,1182
/Volumes/Mark-Banfield/Josh_Williams/Scoring_20Oct/JoshB/_DSC2689.tif,3,3,1,1,2,0,362,706,1152,1496
/Volumes/Mark-Banfield/Josh_Williams/Scoring_20Oct/JoshB/_DSC2689.tif,3,3,1,1,3,0,372,676,1505,1809
/Volumes/Mark-Banfield/Josh_Williams/Scoring_20Oct/JoshB/_DSC2689.tif,3,3,1,1,4,1,1124,1410,1576,1862
/Volumes/Mark-Banfield/Josh_Williams/Scoring_20Oct/JoshB/_DSC2689.tif,3,3,1,1,5,0,962,1248,1162,1448
/Volumes/Mark-Banfield/Josh_Williams/Scoring_20Oct/JoshB/_DSC2689.tif,3,3,1,1,6,0,952,1210,790,1048
/Volumes/Mark-Banfield/Josh_Williams/Scoring_20Oct/JoshB/_DSC2689.tif,3,3,1,3,1,0,2175,2395,838,1058
/Volumes/Mark-Banfield/Josh_Williams/Scoring_20Oct/JoshB/_DSC2689.tif,3,3,1,3,2,0,2056,2380,1181,1505
/Volumes/Mark-Banfield/Josh_Williams/Scoring_20Oct/JoshB/_DSC2689.tif,3,3,1,3,3,0,2056,2352,1609,1905
/Volumes/Mark-Banfield/Josh_Williams/Scoring_20Oct/JoshB/_DSC2689.tif,3,3,1,3,4,0,2570,2894,1505,1829
/Volumes/Mark-Banfield/Josh_Williams/Scoring_20Oct/JoshB/_DSC2689.tif,3,3,1,3,5,0,2532,2800,1133,1401
/Volumes/Mark-Banfield/Josh_Williams/Scoring_20Oct/JoshB/_DSC2689.tif,3,3,1,3,6,0,2486,2762,815,1091
/Volumes/Mark-Banfield/Josh_Williams/Scoring_20Oct/JoshB/_DSC2689.tif,3,3,2,2,1,0,1420,1762,2485,2827
/Volumes/Mark-Banfield/Josh_Williams/Scoring_20Oct/JoshB/_DSC2689.tif,3,3,2,2,2,0,1324,1676,2837,3189
/Volumes/Mark-Banfield/Josh_Williams/Scoring_20Oct/JoshB/_DSC2689.tif,3,3,2,2,3,0,1448,1772,3209,3533
/Volumes/Mark-Banfield/Josh_Williams/Scoring_20Oct/JoshB/_DSC2689.tif,3,3,2,2,4,0,1980,2294,2990,3304
/Volumes/Mark-Banfield/Josh_Williams/Scoring_20Oct/JoshB/_DSC2689.tif,3,3,2,2,5,3,2028,2286,2756,3014
/Volumes/Mark-Banfield/Josh_Williams/Scoring_20Oct/JoshB/_DSC2689.tif,3,3,2,2,6,3,1856,2094,2528,2766
/Volumes/Mark-Banfield/Josh_Williams/Scoring_20Oct/JoshB/_DSC2689.tif,3,3,3,1,1,2,496,744,3603,3851
/Volumes/Mark-Banfield/Josh_Williams/Scoring_20Oct/JoshB/_DSC2689.tif,3,3,3,1,2,0,334,668,3960,4294
/Volumes/Mark-Banfield/Josh_Williams/Scoring_20Oct/JoshB/_DSC2689.tif,3,3,3,1,3,0,296,734,4384,4822
/Volumes/Mark-Banfield/Josh_Williams/Scoring_20Oct/JoshB/_DSC2689.tif,3,3,3,1,4,0,977,1263,4226,4512
/Volumes/Mark-Banfield/Josh_Williams/Scoring_20Oct/JoshB/_DSC2689.tif,3,3,3,1,5,0,876,1124,3879,4127
/Volumes/Mark-Banfield/Josh_Williams/Scoring_20Oct/JoshB/_DSC2689.tif,3,3,3,1,6,0,757,1015,3532,3790
/Volumes/Mark-Banfield/Josh_Williams/Scoring_20Oct/JoshB/_DSC2689.tif,3,3,3,3,1,4,2428,2656,3775,4003
/Volumes/Mark-Banfield/Josh_Williams/Scoring_20Oct/JoshB/_DSC2689.tif,3,3,3,3,2,4,2352,2646,3995,4289
/Volumes/Mark-Banfield/Josh_Williams/Scoring_20Oct/JoshB/_DSC2689.tif,3,3,3,3,3,0,2894,3256,4270,4632
/Volumes/Mark-Banfield/Josh_Williams/Scoring_20Oct/JoshB/_DSC2689.tif,3,3,3,3,4,0,2990,3352,3899,4261
/Volumes/Mark-Banfield/Josh_Williams/Scoring_20Oct/JoshB/_DSC2689.tif,3,3,3,3,5,0,2714,3000,3651,3937
/Volumes/Mark-Banfield/Josh_Williams/Scoring_20Oct/JoshB/DSC_2452.tif,3,3,1,1,1,6,844,1080,334,570
/Volumes/Mark-Banfield/Josh_Williams/Scoring_20Oct/JoshB/DSC_2452.tif,3,3,1,1,2,0,734,944,587,797
/Volumes/Mark-Banfield/Josh_Williams/Scoring_20Oct/JoshB/DSC_2452.tif,3,3,1,1,3,0,645,891,834,1080
/Volumes/Mark-Banfield/Josh_Williams/Scoring_20Oct/JoshB/DSC_2452.tif,3,3,1,1,4,0,1096,1340,780,1024
/Volumes/Mark-Banfield/Josh_Williams/Scoring_20Oct/JoshB/DSC_2452.tif,3,3,1,1,5,6,1046,1240,519,713
/Volumes/Mark-Banfield/Josh_Williams/Scoring_20Oct/JoshB/DSC_2452.tif,3,3,1,3,1,4,2233,2393,430,590
/Volumes/Mark-Banfield/Josh_Williams/Scoring_20Oct/JoshB/DSC_2452.tif,3,3,1,3,2,3,2064,2334,607,877
/Volumes/Mark-Banfield/Josh_Williams/Scoring_20Oct/JoshB/DSC_2452.tif,3,3,1,3,3,0,2082,2342,920,1180
/Volumes/Mark-Banfield/Josh_Williams/Scoring_20Oct/JoshB/DSC_2452.tif,3,3,1,3,4,0,2528,2772,805,1049
/Volumes/Mark-Banfield/Josh_Williams/Scoring_20Oct/JoshB/DSC_2452.tif,3,3,1,3,5,0,2432,2734,490,792
/Volumes/Mark-Banfield/Josh_Williams/Scoring_20Oct/JoshB/DSC_2452.tif,3,3,2,2,1,6,1678,1820,1708,1850
/Volumes/Mark-Banfield/Josh_Williams/Scoring_20Oct/JoshB/DSC_2452.tif,3,3,2,2,2,6,1610,1770,1800,1960
/Volumes/Mark-Banfield/Josh_Williams/Scoring_20Oct/JoshB/DSC_2452.tif,3,3,2,2,3,0,1626,1820,2086,2280
/Volumes/Mark-Banfield/Josh_Williams/Scoring_20Oct/JoshB/DSC_2452.tif,3,3,2,2,4,0,1956,2182,1868,2094
/Volumes/Mark-Banfield/Josh_Williams/Scoring_20Oct/JoshB/DSC_2452.tif,3,3,2,2,5,0,1914,2098,1619,1803
/Volumes/Mark-Banfield/Josh_Williams/Scoring_20Oct/JoshB/DSC_2452.tif,3,3,3,1,1,0,776,952,2815,2991
/Volumes/Mark-Banfield/Josh_Williams/Scoring_20Oct/JoshB/DSC_2452.tif,3,3,3,1,2,5,776,928,3113,3265
/Volumes/Mark-Banfield/Josh_Williams/Scoring_20Oct/JoshB/DSC_2452.tif,3,3,3,1,3,6,928,1088,3248,3408
/Volumes/Mark-Banfield/Josh_Williams/Scoring_20Oct/JoshB/DSC_2452.tif,3,3,3,1,4,4,1168,1412,3068,3312
/Volumes/Mark-Banfield/Josh_Williams/Scoring_20Oct/JoshB/DSC_2452.tif,3,3,3,1,5,0,1046,1248,2815,3017
/Volumes/Mark-Banfield/Josh_Williams/Scoring_20Oct/JoshB/DSC_2452.tif,3,3,3,3,1,0,2342,2570,2793,3021
/Volumes/Mark-Banfield/Josh_Williams/Scoring_20Oct/JoshB/DSC_2452.tif,3,3,3,3,2,0,2258,2470,3029,3241
/Volumes/Mark-Banfield/Josh_Williams/Scoring_20Oct/JoshB/DSC_2452.tif,3,3,3,3,3,0,2074,2276,3228,3430
/Volumes/Mark-Banfield/Josh_Williams/Scoring_20Oct/JoshB/DSC_2452.tif,3,3,3,3,4,6,2460,2654,3278,3472
/Volumes/Mark-Banfield/Josh_Williams/Scoring_20Oct/JoshB/DSC_2452.tif,3,3,3,3,5,4,2536,2748,3021,3233
/Volumes/Mark-Banfield/Josh_Williams/Scoring_20Oct/JoshB/DSC_1179.tif,3,3,1,1,1,0,574,834,321,581
/Volumes/Mark-Banfield/Josh_Williams/Scoring_20Oct/JoshB/DSC_1179.tif,3,3,1,1,2,0,422,708,595,881
/Volumes/Mark-Banfield/Josh_Williams/Scoring_20Oct/JoshB/DSC_1179.tif,3,3,1,1,3,5,574,810,881,1117
/Volumes/Mark-Banfield/Josh_Williams/Scoring_20Oct/JoshB/DSC_1179.tif,3,3,1,1,4,4,970,1146,890,1066
/Volumes/Mark-Banfield/Josh_Williams/Scoring_20Oct/JoshB/DSC_1179.tif,3,3,1,1,5,5,928,1130,624,826
/Volumes/Mark-Banfield/Josh_Williams/Scoring_20Oct/JoshB/DSC_1179.tif,3,3,1,1,6,6,834,1028,367,561
/Volumes/Mark-Banfield/Josh_Williams/Scoring_20Oct/JoshB/DSC_1179.tif,3,3,1,3,1,5,1934,2128,430,624
/Volumes/Mark-Banfield/Josh_Williams/Scoring_20Oct/JoshB/DSC_1179.tif,3,3,1,3,2,0,1783,2035,692,944
/Volumes/Mark-Banfield/Josh_Williams/Scoring_20Oct/JoshB/DSC_1179.tif,3,3,1,3,3,0,1872,2106,1013,1247
/Volumes/Mark-Banfield/Josh_Williams/Scoring_20Oct/JoshB/DSC_1179.tif,3,3,1,3,4,3,2300,2512,889,1101
/Volumes/Mark-Banfield/Josh_Williams/Scoring_20Oct/JoshB/DSC_1179.tif,3,3,1,3,5,5,2220,2414,684,878
/Volumes/Mark-Banfield/Josh_Williams/Scoring_20Oct/JoshB/DSC_1179.tif,3,3,1,3,6,6,2179,2389,448,658
/Volumes/Mark-Banfield/Josh_Williams/Scoring_20Oct/JoshB/DSC_1179.tif,3,3,2,2,1,5,1316,1576,1602,1862
/Volumes/Mark-Banfield/Josh_Williams/Scoring_20Oct/JoshB/DSC_1179.tif,3,3,2,2,2,4,1214,1434,1841,2061
/Volumes/Mark-Banfield/Josh_Williams/Scoring_20Oct/JoshB/DSC_1179.tif,3,3,2,2,3,0,1206,1534,2225,2553
/Volumes/Mark-Banfield/Josh_Williams/Scoring_20Oct/JoshB/DSC_1179.tif,3,3,2,2,4,0,1796,2132,2057,2393
/Volumes/Mark-Banfield/Josh_Williams/Scoring_20Oct/JoshB/DSC_1179.tif,3,3,2,2,5,5,1699,1935,1804,2040
/Volumes/Mark-Banfield/Josh_Williams/Scoring_20Oct/JoshB/DSC_1179.tif,3,3,2,2,6,4,1610,1804,1602,1796
/Volumes/Mark-Banfield/Josh_Williams/Scoring_20Oct/JoshB/DSC_1179.tif,3,3,3,1,1,6,556,776,2882,3102
/Volumes/Mark-Banfield/Josh_Williams/Scoring_20Oct/JoshB/DSC_1179.tif,3,3,3,1,2,6,514,734,3159,3379
/Volumes/Mark-Banfield/Josh_Williams/Scoring_20Oct/JoshB/DSC_1179.tif,3,3,3,1,3,3,582,802,3463,3683
/Volumes/Mark-Banfield/Josh_Williams/Scoring_20Oct/JoshB/DSC_1179.tif,3,3,3,1,4,0,1070,1306,3320,3556
/Volumes/Mark-Banfield/Josh_Williams/Scoring_20Oct/JoshB/DSC_1179.tif,3,3,3,1,5,0,924,1134,3000,3210
/Volumes/Mark-Banfield/Josh_Williams/Scoring_20Oct/JoshB/DSC_1179.tif,3,3,3,1,6,6,810,978,2798,2966
/Volumes/Mark-Banfield/Josh_Williams/Scoring_20Oct/JoshB/DSC_1179.tif,3,3,3,3,1,0,2263,2491,2696,2924
/Volumes/Mark-Banfield/Josh_Williams/Scoring_20Oct/JoshB/DSC_1179.tif,3,3,3,3,2,4,2132,2334,2950,3152
/Volumes/Mark-Banfield/Josh_Williams/Scoring_20Oct/JoshB/DSC_1179.tif,3,3,3,3,3,4,2064,2352,3184,3472
/Volumes/Mark-Banfield/Josh_Williams/Scoring_20Oct/JoshB/DSC_1179.tif,3,3,3,3,4,4,2591,2777,3202,3388
/Volumes/Mark-Banfield/Josh_Williams/Scoring_20Oct/JoshB/DSC_1179.tif,3,3,3,3,5,5,2574,2744,2940,3110
/Volumes/Mark-Banfield/Josh_Williams/Scoring_20Oct/JoshB/DSC_1179.tif,3,3,3,3,6,0,2536,2730,2721,2915
/Volumes/Mark-Banfield/Josh_Williams/Scoring_20Oct/JoshB/DSC_0807.tif,3,3,1,1,1,5,448,674,385,611
/Volumes/Mark-Banfield/Josh_Williams/Scoring_20Oct/JoshB/DSC_0807.tif,3,3,1,1,2,5,372,582,692,902
/Volumes/Mark-Banfield/Josh_Williams/Scoring_20Oct/JoshB/DSC_0807.tif,3,3,1,1,3,2,330,556,962,1188
/Volumes/Mark-Banfield/Josh_Williams/Scoring_20Oct/JoshB/DSC_0807.tif,3,3,1,1,4,0,860,1078,802,1020
/Volumes/Mark-Banfield/Josh_Williams/Scoring_20Oct/JoshB/DSC_0807.tif,3,3,1,1,5,4,792,1046,531,785
/Volumes/Mark-Banfield/Josh_Williams/Scoring_20Oct/JoshB/DSC_0807.tif,3,3,1,1,6,4,742,970,316,544
/Volumes/Mark-Banfield/Josh_Williams/Scoring_20Oct/JoshB/DSC_0807.tif,3,3,1,3,1,5,1998,2234,696,932
/Volumes/Mark-Banfield/Josh_Williams/Scoring_20Oct/JoshB/DSC_0807.tif,3,3,1,3,2,6,1946,2150,977,1181
/Volumes/Mark-Banfield/Josh_Williams/Scoring_20Oct/JoshB/DSC_0807.tif,3,3,1,3,3,5,1956,2150,1386,1580
/Volumes/Mark-Banfield/Josh_Williams/Scoring_20Oct/JoshB/DSC_0807.tif,3,3,1,3,4,0,2470,2756,1227,1513
/Volumes/Mark-Banfield/Josh_Williams/Scoring_20Oct/JoshB/DSC_0807.tif,3,3,1,3,5,0,2397,2659,834,1096
/Volumes/Mark-Banfield/Josh_Williams/Scoring_20Oct/JoshB/DSC_0807.tif,3,3,1,3,6,4,2245,2465,556,776
/Volumes/Mark-Banfield/Josh_Williams/Scoring_20Oct/JoshB/DSC_0807.tif,3,3,2,2,1,2,1096,1358,1622,1884
/Volumes/Mark-Banfield/Josh_Williams/Scoring_20Oct/JoshB/DSC_0807.tif,3,3,2,2,2,3,996,1282,1858,2144
/Volumes/Mark-Banfield/Josh_Williams/Scoring_20Oct/JoshB/DSC_0807.tif,3,3,2,2,3,4,1138,1408,2132,2402
/Volumes/Mark-Banfield/Josh_Williams/Scoring_20Oct/JoshB/DSC_0807.tif,3,3,2,2,4,4,1542,1786,2107,2351
/Volumes/Mark-Banfield/Josh_Williams/Scoring_20Oct/JoshB/DSC_0807.tif,3,3,2,2,5,0,1660,1872,1833,2045
/Volumes/Mark-Banfield/Josh_Williams/Scoring_20Oct/JoshB/DSC_0807.tif,3,3,2,2,6,0,1424,1652,1539,1767
/Volumes/Mark-Banfield/Josh_Williams/Scoring_20Oct/JoshB/DSC_0807.tif,3,3,3,1,1,0,632,852,2836,3056
/Volumes/Mark-Banfield/Josh_Williams/Scoring_20Oct/JoshB/DSC_0807.tif,3,3,3,1,2,6,511,731,3050,3270
/Volumes/Mark-Banfield/Josh_Williams/Scoring_20Oct/JoshB/DSC_0807.tif,3,3,3,1,3,6,452,730,3388,3666
/Volumes/Mark-Banfield/Josh_Williams/Scoring_20Oct/JoshB/DSC_0807.tif,3,3,3,1,4,6,891,1151,3346,3606
/Volumes/Mark-Banfield/Josh_Williams/Scoring_20Oct/JoshB/DSC_0807.tif,3,3,3,1,5,6,927,1129,3110,3312
/Volumes/Mark-Banfield/Josh_Williams/Scoring_20Oct/JoshB/DSC_0807.tif,3,3,3,1,6,0,958,1160,2874,3076
/Volumes/Mark-Banfield/Josh_Williams/Scoring_20Oct/JoshB/DSC_0807.tif,3,3,3,3,1,0,2027,2281,2452,2706
/Volumes/Mark-Banfield/Josh_Williams/Scoring_20Oct/JoshB/DSC_0807.tif,3,3,3,3,2,0,1896,2158,2701,2963
/Volumes/Mark-Banfield/Josh_Williams/Scoring_20Oct/JoshB/DSC_0807.tif,3,3,3,3,3,3,1930,2242,3105,3417
/Volumes/Mark-Banfield/Josh_Williams/Scoring_20Oct/JoshB/DSC_0807.tif,3,3,3,3,4,4,2473,2727,3008,3262
/Volumes/Mark-Banfield/Josh_Williams/Scoring_20Oct/JoshB/DSC_0807.tif,3,3,3,3,5,6,2428,2630,2734,2936
/Volumes/Mark-Banfield/Josh_Williams/Scoring_20Oct/JoshB/DSC_0807.tif,3,3,3,3,6,6,2368,2570,2461,2663
/Volumes/Mark-Banfield/Josh_Williams/Scoring_20Oct/JoshB/_DSC7624.tif,3,3,1,1,1,0,592,848,1238,1494
/Volumes/Mark-Banfield/Josh_Williams/Scoring_20Oct/JoshB/_DSC7624.tif,3,3,1,1,2,1,448,706,1514,1772
/Volumes/Mark-Banfield/Josh_Williams/Scoring_20Oct/JoshB/_DSC7624.tif,3,3,1,1,3,0,506,820,1871,2185
/Volumes/Mark-Banfield/Josh_Williams/Scoring_20Oct/JoshB/_DSC7624.tif,3,3,1,1,4,0,982,1248,1824,2090
/Volumes/Mark-Banfield/Josh_Williams/Scoring_20Oct/JoshB/_DSC7624.tif,3,3,1,1,5,0,868,1152,1482,1766
/Volumes/Mark-Banfield/Josh_Williams/Scoring_20Oct/JoshB/_DSC7624.tif,3,3,1,1,6,5,876,1020,1323,1467
/Volumes/Mark-Banfield/Josh_Williams/Scoring_20Oct/JoshB/_DSC7624.tif,3,3,1,3,1,5,1980,2180,1205,1405
/Volumes/Mark-Banfield/Josh_Williams/Scoring_20Oct/JoshB/_DSC7624.tif,3,3,1,3,2,2,1762,2000,1419,1657
/Volumes/Mark-Banfield/Josh_Williams/Scoring_20Oct/JoshB/_DSC7624.tif,3,3,1,3,3,0,1833,2147,1724,2038
/Volumes/Mark-Banfield/Josh_Williams/Scoring_20Oct/JoshB/_DSC7624.tif,3,3,1,3,4,0,2357,2585,1628,1856
/Volumes/Mark-Banfield/Josh_Williams/Scoring_20Oct/JoshB/_DSC7624.tif,3,3,1,3,5,0,2457,2723,1410,1676
/Volumes/Mark-Banfield/Josh_Williams/Scoring_20Oct/JoshB/_DSC7624.tif,3,3,1,3,6,0,2276,2486,1157,1367
/Volumes/Mark-Banfield/Josh_Williams/Scoring_20Oct/JoshB/_DSC7624.tif,3,3,2,2,1,0,1228,1524,2542,2838
/Volumes/Mark-Banfield/Josh_Williams/Scoring_20Oct/JoshB/_DSC7624.tif,3,3,2,2,2,6,1120,1366,2914,3160
/Volumes/Mark-Banfield/Josh_Williams/Scoring_20Oct/JoshB/_DSC7624.tif,3,3,2,2,3,0,1152,1458,3212,3518
/Volumes/Mark-Banfield/Josh_Williams/Scoring_20Oct/JoshB/_DSC7624.tif,3,3,2,2,4,0,1756,2024,3084,3352
/Volumes/Mark-Banfield/Josh_Williams/Scoring_20Oct/JoshB/_DSC7624.tif,3,3,2,2,5,0,1772,2028,2743,2999
/Volumes/Mark-Banfield/Josh_Williams/Scoring_20Oct/JoshB/_DSC7624.tif,3,3,2,2,6,1,1542,1810,2460,2728
/Volumes/Mark-Banfield/Josh_Williams/Scoring_20Oct/JoshB/_DSC7624.tif,3,3,3,1,1,0,400,724,3879,4203
/Volumes/Mark-Banfield/Josh_Williams/Scoring_20Oct/JoshB/_DSC7624.tif,3,3,3,1,2,0,205,529,4226,4550
/Volumes/Mark-Banfield/Josh_Williams/Scoring_20Oct/JoshB/_DSC7624.tif,3,3,3,1,3,5,276,524,4664,4912
/Volumes/Mark-Banfield/Josh_Williams/Scoring_20Oct/JoshB/_DSC7624.tif,3,3,3,1,4,0,848,1106,4507,4765
/Volumes/Mark-Banfield/Josh_Williams/Scoring_20Oct/JoshB/_DSC7624.tif,3,3,3,1,5,0,838,1086,4160,4408
/Volumes/Mark-Banfield/Josh_Williams/Scoring_20Oct/JoshB/_DSC7624.tif,3,3,3,1,6,0,795,1053,3846,4104
/Volumes/Mark-Banfield/Josh_Williams/Scoring_20Oct/JoshB/_DSC7624.tif,3,3,3,3,1,0,1852,2166,4018,4332
/Volumes/Mark-Banfield/Josh_Williams/Scoring_20Oct/JoshB/_DSC7624.tif,3,3,3,3,2,0,1828,2086,4407,4665
/Volumes/Mark-Banfield/Josh_Williams/Scoring_20Oct/JoshB/_DSC7624.tif,3,3,3,3,3,0,1790,2094,4661,4965
/Volumes/Mark-Banfield/Josh_Williams/Scoring_20Oct/JoshB/_DSC7624.tif,3,3,3,3,4,4,2261,2575,4560,4874
/Volumes/Mark-Banfield/Josh_Williams/Scoring_20Oct/JoshB/_DSC7624.tif,3,3,3,3,5,0,2238,2494,4217,4473
/Volumes/Mark-Banfield/Josh_Williams/Scoring_20Oct/JoshB/_DSC7624.tif,3,3,3,3,6,0,2162,2410,3960,4208
/Volumes/Mark-Banfield/Josh_Williams/Scoring_20Oct/JoshB/DSC_7588.TIF,3,3,1,2,1,2,1484,1796,191,503
/Volumes/Mark-Banfield/Josh_Williams/Scoring_20Oct/JoshB/DSC_7588.TIF,3,3,1,2,2,0,1298,1576,494,772
/Volumes/Mark-Banfield/Josh_Williams/Scoring_20Oct/JoshB/DSC_7588.TIF,3,3,1,2,3,0,1408,1668,881,1141
/Volumes/Mark-Banfield/Josh_Williams/Scoring_20Oct/JoshB/DSC_7588.TIF,3,3,1,2,4,0,1990,2208,958,1176
/Volumes/Mark-Banfield/Josh_Williams/Scoring_20Oct/JoshB/DSC_7588.TIF,3,3,1,2,5,0,2044,2330,532,818
/Volumes/Mark-Banfield/Josh_Williams/Scoring_20Oct/JoshB/DSC_7588.TIF,3,3,1,2,6,0,1896,2074,257,435
/Volumes/Mark-Banfield/Josh_Williams/Scoring_20Oct/JoshB/DSC_7588.TIF,3,3,2,1,1,0,822,1058,1282,1518
/Volumes/Mark-Banfield/Josh_Williams/Scoring_20Oct/JoshB/DSC_7588.TIF,3,3,2,1,2,0,582,852,1626,1896
/Volumes/Mark-Banfield/Josh_Williams/Scoring_20Oct/JoshB/DSC_7588.TIF,3,3,2,1,3,0,532,792,1956,2216
/Volumes/Mark-Banfield/Josh_Williams/Scoring_20Oct/JoshB/DSC_7588.TIF,3,3,2,1,4,0,1180,1434,2111,2365
/Volumes/Mark-Banfield/Josh_Williams/Scoring_20Oct/JoshB/DSC_7588.TIF,3,3,2,1,5,0,1172,1458,1652,1938
/Volumes/Mark-Banfield/Josh_Williams/Scoring_20Oct/JoshB/DSC_7588.TIF,3,3,2,1,6,0,1117,1353,1290,1526
/Volumes/Mark-Banfield/Josh_Williams/Scoring_20Oct/JoshB/DSC_7588.TIF,3,3,2,3,1,0,2040,2342,1442,1744
/Volumes/Mark-Banfield/Josh_Williams/Scoring_20Oct/JoshB/DSC_7588.TIF,3,3,2,3,2,0,1820,2132,1724,2036
/Volumes/Mark-Banfield/Josh_Williams/Scoring_20Oct/JoshB/DSC_7588.TIF,3,3,2,3,3,0,1917,2195,2158,2436
/Volumes/Mark-Banfield/Josh_Williams/Scoring_20Oct/JoshB/DSC_7588.TIF,3,3,2,3,4,0,2642,3004,2082,2444
/Volumes/Mark-Banfield/Josh_Williams/Scoring_20Oct/JoshB/DSC_7588.TIF,3,3,2,3,5,0,2570,2882,1736,2048
/Volumes/Mark-Banfield/Josh_Williams/Scoring_20Oct/JoshB/DSC_7588.TIF,3,3,2,3,6,1,2384,2696,1395,1707
/Volumes/Mark-Banfield/Josh_Williams/Scoring_20Oct/JoshB/DSC_7588.TIF,3,3,3,1,1,0,768,1012,2895,3139
/Volumes/Mark-Banfield/Josh_Williams/Scoring_20Oct/JoshB/DSC_7588.TIF,3,3,3,1,2,0,548,750,3240,3442
/Volumes/Mark-Banfield/Josh_Williams/Scoring_20Oct/JoshB/DSC_7588.TIF,3,3,3,1,3,0,548,818,3530,3800
/Volumes/Mark-Banfield/Josh_Williams/Scoring_20Oct/JoshB/DSC_7588.TIF,3,3,3,1,4,1,1138,1458,3454,3774
/Volumes/Mark-Banfield/Josh_Williams/Scoring_20Oct/JoshB/DSC_7588.TIF,3,3,3,1,5,2,1127,1387,3118,3378
/Volumes/Mark-Banfield/Josh_Williams/Scoring_20Oct/JoshB/DSC_7588.TIF,3,3,3,1,6,1,1045,1265,2848,3068
/Volumes/Mark-Banfield/Josh_Williams/Scoring_20Oct/JoshB/DSC_7588.TIF,3,3,3,3,1,1,2241,2519,2924,3202
/Volumes/Mark-Banfield/Josh_Williams/Scoring_20Oct/JoshB/DSC_7588.TIF,3,3,3,3,2,0,2032,2318,3202,3488
/Volumes/Mark-Banfield/Josh_Williams/Scoring_20Oct/JoshB/DSC_7588.TIF,3,3,3,3,3,0,1976,2288,3606,3918
/Volumes/Mark-Banfield/Josh_Williams/Scoring_20Oct/JoshB/DSC_7588.TIF,3,3,3,3,4,0,2693,2929,3666,3902
/Volumes/Mark-Banfield/Josh_Williams/Scoring_20Oct/JoshB/DSC_7588.TIF,3,3,3,3,5,0,2672,2940,3325,3593
/Volumes/Mark-Banfield/Josh_Williams/Scoring_20Oct/JoshB/DSC_7588.TIF,3,3,3,3,6,0,2511,2797,2984,3270
/Volumes/Mark-Banfield/Josh_Williams/Scoring_20Oct/JoshB/DSC_6617.tif,3,3,1,1,1,1,600,826,550,776
/Volumes/Mark-Banfield/Josh_Williams/Scoring_20Oct/JoshB/DSC_6617.tif,3,3,1,1,2,1,556,768,830,1042
/Volumes/Mark-Banfield/Josh_Williams/Scoring_20Oct/JoshB/DSC_6617.tif,3,3,1,1,3,4,532,826,1063,1357
/Volumes/Mark-Banfield/Josh_Williams/Scoring_20Oct/JoshB/DSC_6617.tif,3,3,1,1,4,4,1096,1390,1029,1323
/Volumes/Mark-Banfield/Josh_Williams/Scoring_20Oct/JoshB/DSC_6617.tif,3,3,1,1,5,0,1096,1290,805,999
/Volumes/Mark-Banfield/Josh_Williams/Scoring_20Oct/JoshB/DSC_6617.tif,3,3,1,1,6,0,868,1062,523,717
/Volumes/Mark-Banfield/Josh_Williams/Scoring_20Oct/JoshB/DSC_6617.tif,3,3,1,3,1,0,2065,2259,632,826
/Volumes/Mark-Banfield/Josh_Williams/Scoring_20Oct/JoshB/DSC_6617.tif,3,3,1,3,2,0,1998,2276,818,1096
/Volumes/Mark-Banfield/Josh_Williams/Scoring_20Oct/JoshB/DSC_6617.tif,3,3,1,3,3,0,1938,2224,1134,1420
/Volumes/Mark-Banfield/Josh_Williams/Scoring_20Oct/JoshB/DSC_6617.tif,3,3,1,3,4,2,2368,2630,1134,1396
/Volumes/Mark-Banfield/Josh_Williams/Scoring_20Oct/JoshB/DSC_6617.tif,3,3,1,3,5,5,2376,2578,920,1122
/Volumes/Mark-Banfield/Josh_Williams/Scoring_20Oct/JoshB/DSC_6617.tif,3,3,1,3,6,0,2284,2536,624,876
/Volumes/Mark-Banfield/Josh_Williams/Scoring_20Oct/JoshB/DSC_6617.tif,3,3,2,2,1,0,1413,1647,1990,2224
/Volumes/Mark-Banfield/Josh_Williams/Scoring_20Oct/JoshB/DSC_6617.tif,3,3,2,2,2,0,1230,1458,2305,2533
/Volumes/Mark-Banfield/Josh_Williams/Scoring_20Oct/JoshB/DSC_6617.tif,3,3,2,2,3,0,1306,1568,2667,2929
/Volumes/Mark-Banfield/Josh_Williams/Scoring_20Oct/JoshB/DSC_6617.tif,3,3,2,2,4,0,1792,2060,2512,2780
/Volumes/Mark-Banfield/Josh_Williams/Scoring_20Oct/JoshB/DSC_6617.tif,3,3,2,2,5,5,1900,2120,2216,2436
/Volumes/Mark-Banfield/Josh_Williams/Scoring_20Oct/JoshB/DSC_6617.tif,3,3,2,2,6,6,1765,1959,2040,2234
/Volumes/Mark-Banfield/Josh_Williams/Scoring_20Oct/JoshB/DSC_6617.tif,3,3,3,1,1,3,422,624,3186,3388
/Volumes/Mark-Banfield/Josh_Williams/Scoring_20Oct/JoshB/DSC_6617.tif,3,3,3,1,2,0,380,608,3433,3661
/Volumes/Mark-Banfield/Josh_Williams/Scoring_20Oct/JoshB/DSC_6617.tif,3,3,3,1,3,0,304,590,3809,4095
/Volumes/Mark-Banfield/Josh_Williams/Scoring_20Oct/JoshB/DSC_6617.tif,3,3,3,1,4,0,868,1146,3657,3935
/Volumes/Mark-Banfield/Josh_Williams/Scoring_20Oct/JoshB/DSC_6617.tif,3,3,3,1,5,0,760,996,3400,3636
/Volumes/Mark-Banfield/Josh_Williams/Scoring_20Oct/JoshB/DSC_6617.tif,3,3,3,1,6,3,658,902,3097,3341
/Volumes/Mark-Banfield/Josh_Williams/Scoring_20Oct/JoshB/DSC_6617.tif,3,3,3,3,1,6,2384,2630,3226,3472
/Volumes/Mark-Banfield/Josh_Williams/Scoring_20Oct/JoshB/DSC_6617.tif,3,3,3,3,2,6,2234,2528,3418,3712
/Volumes/Mark-Banfield/Josh_Williams/Scoring_20Oct/JoshB/DSC_6617.tif,3,3,3,3,3,0,2192,2478,3712,3998
/Volumes/Mark-Banfield/Josh_Williams/Scoring_20Oct/JoshB/DSC_6617.tif,3,3,3,3,4,0,2654,3016,3699,4061
/Volumes/Mark-Banfield/Josh_Williams/Scoring_20Oct/JoshB/DSC_6617.tif,3,3,3,3,5,0,2730,3076,3391,3737
/Volumes/Mark-Banfield/Josh_Williams/Scoring_20Oct/JoshB/DSC_6617.tif,3,3,3,3,6,0,2658,2936,3110,3388
/Volumes/Mark-Banfield/Josh_Williams/Scoring_20Oct/JoshB/DSC_4390.TIF,3,3,1,1,1,0,751,1005,556,810
/Volumes/Mark-Banfield/Josh_Williams/Scoring_20Oct/JoshB/DSC_4390.TIF,3,3,1,1,2,3,718,936,877,1095
/Volumes/Mark-Banfield/Josh_Williams/Scoring_20Oct/JoshB/DSC_4390.TIF,3,3,1,1,3,0,692,962,1079,1349
/Volumes/Mark-Banfield/Josh_Williams/Scoring_20Oct/JoshB/DSC_4390.TIF,3,3,1,1,4,3,1230,1458,1020,1248
/Volumes/Mark-Banfield/Josh_Williams/Scoring_20Oct/JoshB/DSC_4390.TIF,3,3,1,1,5,0,1130,1332,742,944
/Volumes/Mark-Banfield/Josh_Williams/Scoring_20Oct/JoshB/DSC_4390.TIF,3,3,1,1,6,0,1070,1256,489,675
/Volumes/Mark-Banfield/Josh_Williams/Scoring_20Oct/JoshB/DSC_4390.TIF,3,3,1,3,1,0,2192,2428,490,726
/Volumes/Mark-Banfield/Josh_Williams/Scoring_20Oct/JoshB/DSC_4390.TIF,3,3,1,3,2,0,2082,2360,801,1079
/Volumes/Mark-Banfield/Josh_Williams/Scoring_20Oct/JoshB/DSC_4390.TIF,3,3,1,3,3,1,2098,2410,1125,1437
/Volumes/Mark-Banfield/Josh_Williams/Scoring_20Oct/JoshB/DSC_4390.TIF,3,3,1,3,4,4,2588,2856,1030,1298
/Volumes/Mark-Banfield/Josh_Williams/Scoring_20Oct/JoshB/DSC_4390.TIF,3,3,1,3,5,5,2588,2806,718,936
/Volumes/Mark-Banfield/Josh_Williams/Scoring_20Oct/JoshB/DSC_4390.TIF,3,3,1,3,6,0,2533,2717,482,666
/Volumes/Mark-Banfield/Josh_Williams/Scoring_20Oct/JoshB/DSC_4390.TIF,3,3,2,2,1,0,1458,1828,1800,2170
/Volumes/Mark-Banfield/Josh_Williams/Scoring_20Oct/JoshB/DSC_4390.TIF,3,3,2,2,2,0,1404,1640,2200,2436
/Volumes/Mark-Banfield/Josh_Williams/Scoring_20Oct/JoshB/DSC_4390.TIF,3,3,2,2,3,0,1298,1594,2494,2790
/Volumes/Mark-Banfield/Josh_Williams/Scoring_20Oct/JoshB/DSC_4390.TIF,3,3,2,2,4,1,1833,2127,2428,2722
/Volumes/Mark-Banfield/Josh_Williams/Scoring_20Oct/JoshB/DSC_4390.TIF,3,3,2,2,5,4,1838,2074,2136,2372
/Volumes/Mark-Banfield/Josh_Williams/Scoring_20Oct/JoshB/DSC_4390.TIF,3,3,2,2,6,5,1812,2048,1892,2128
/Volumes/Mark-Banfield/Josh_Williams/Scoring_20Oct/JoshB/DSC_4390.TIF,3,3,3,1,1,4,894,1138,3168,3412
/Volumes/Mark-Banfield/Josh_Williams/Scoring_20Oct/JoshB/DSC_4390.TIF,3,3,3,1,2,0,760,986,3481,3707
/Volumes/Mark-Banfield/Josh_Williams/Scoring_20Oct/JoshB/DSC_4390.TIF,3,3,3,1,3,0,768,1096,3708,4036
/Volumes/Mark-Banfield/Josh_Williams/Scoring_20Oct/JoshB/DSC_4390.TIF,3,3,3,1,4,0,1298,1594,3723,4019
/Volumes/Mark-Banfield/Josh_Williams/Scoring_20Oct/JoshB/DSC_4390.TIF,3,3,3,1,5,2,1282,1534,3438,3690
/Volumes/Mark-Banfield/Josh_Williams/Scoring_20Oct/JoshB/DSC_4390.TIF,3,3,3,1,6,4,1202,1462,3186,3446
/Volumes/Mark-Banfield/Josh_Williams/Scoring_20Oct/JoshB/DSC_4390.TIF,3,3,3,3,1,5,2284,2562,3068,3346
/Volumes/Mark-Banfield/Josh_Williams/Scoring_20Oct/JoshB/DSC_4390.TIF,3,3,3,3,2,5,2225,2427,3320,3522
/Volumes/Mark-Banfield/Josh_Williams/Scoring_20Oct/JoshB/DSC_4390.TIF,3,3,3,3,3,0,2132,2384,3531,3783
/Volumes/Mark-Banfield/Josh_Williams/Scoring_20Oct/JoshB/DSC_4390.TIF,3,3,3,3,4,0,2638,2908,3568,3838
/Volumes/Mark-Banfield/Josh_Williams/Scoring_20Oct/JoshB/DSC_4390.TIF,3,3,3,3,5,0,2570,2840,3265,3535
/Volumes/Mark-Banfield/Josh_Williams/Scoring_20Oct/JoshB/DSC_4390.TIF,3,3,3,3,6,2,2528,2756,3021,3249
/Volumes/Mark-Banfield/Josh_Williams/Scoring_20Oct/JoshB/DSC_7492.TIF,3,3,1,2,1,5,1492,1694,907,1109
/Volumes/Mark-Banfield/Josh_Williams/Scoring_20Oct/JoshB/DSC_7492.TIF,3,3,1,2,2,6,1366,1576,1214,1424
/Volumes/Mark-Banfield/Josh_Williams/Scoring_20Oct/JoshB/DSC_7492.TIF,3,3,1,2,3,6,1451,1619,1518,1686
/Volumes/Mark-Banfield/Josh_Williams/Scoring_20Oct/JoshB/DSC_7492.TIF,3,3,1,2,4,6,1892,2110,1400,1618
/Volumes/Mark-Banfield/Josh_Williams/Scoring_20Oct/JoshB/DSC_7492.TIF,3,3,1,2,5,6,1845,2081,1046,1282
/Volumes/Mark-Banfield/Josh_Williams/Scoring_20Oct/JoshB/DSC_7492.TIF,3,3,1,2,6,6,1720,1914,844,1038
/Volumes/Mark-Banfield/Josh_Williams/Scoring_20Oct/JoshB/DSC_7492.TIF,3,3,2,1,1,6,852,1062,1914,2124
/Volumes/Mark-Banfield/Josh_Williams/Scoring_20Oct/JoshB/DSC_7492.TIF,3,3,2,1,2,6,772,982,2158,2368
/Volumes/Mark-Banfield/Josh_Williams/Scoring_20Oct/JoshB/DSC_7492.TIF,3,3,2,1,3,6,789,1017,2418,2646
/Volumes/Mark-Banfield/Josh_Williams/Scoring_20Oct/JoshB/DSC_7492.TIF,3,3,2,1,4,5,1277,1513,2352,2588
/Volumes/Mark-Banfield/Josh_Williams/Scoring_20Oct/JoshB/DSC_7492.TIF,3,3,2,1,5,6,1207,1441,1990,2224
/Volumes/Mark-Banfield/Josh_Williams/Scoring_20Oct/JoshB/DSC_7492.TIF,3,3,2,1,6,6,1028,1240,1837,2049
/Volumes/Mark-Banfield/Josh_Williams/Scoring_20Oct/JoshB/DSC_7492.TIF,3,3,2,3,1,6,2268,2554,1955,2241
/Volumes/Mark-Banfield/Josh_Williams/Scoring_20Oct/JoshB/DSC_7492.TIF,3,3,2,3,2,6,2150,2360,2254,2464
/Volumes/Mark-Banfield/Josh_Williams/Scoring_20Oct/JoshB/DSC_7492.TIF,3,3,2,3,3,6,2158,2418,2542,2802
/Volumes/Mark-Banfield/Josh_Williams/Scoring_20Oct/JoshB/DSC_7492.TIF,3,3,2,3,4,5,2722,3026,2444,2748
/Volumes/Mark-Banfield/Josh_Williams/Scoring_20Oct/JoshB/DSC_7492.TIF,3,3,2,3,5,5,2722,2950,2178,2406
/Volumes/Mark-Banfield/Josh_Williams/Scoring_20Oct/JoshB/DSC_7492.TIF,3,3,2,3,6,6,2722,3008,2432,2718
/Volumes/Mark-Banfield/Josh_Williams/Scoring_20Oct/JoshB/DSC_7492.TIF,3,3,3,1,1,5,1012,1248,3433,3669
/Volumes/Mark-Banfield/Josh_Williams/Scoring_20Oct/JoshB/DSC_7492.TIF,3,3,3,1,2,5,834,1080,3677,3923
/Volumes/Mark-Banfield/Josh_Williams/Scoring_20Oct/JoshB/DSC_7492.TIF,3,3,3,1,3,5,818,1112,3914,4208
/Volumes/Mark-Banfield/Josh_Williams/Scoring_20Oct/JoshB/DSC_7492.TIF,3,3,3,1,4,5,1530,1706,4028,4204
/Volumes/Mark-Banfield/Josh_Williams/Scoring_20Oct/JoshB/DSC_7492.TIF,3,3,3,1,5,5,1420,1740,3666,3986
/Volumes/Mark-Banfield/Josh_Williams/Scoring_20Oct/JoshB/DSC_7492.TIF,3,3,3,1,6,5,1336,1538,3370,3572
/Volumes/Mark-Banfield/Josh_Williams/Scoring_20Oct/JoshB/DSC_7492.TIF,3,3,3,3,1,6,2352,2604,3422,3674
/Volumes/Mark-Banfield/Josh_Williams/Scoring_20Oct/JoshB/DSC_7492.TIF,3,3,3,3,2,6,2191,2419,3750,3978
/Volumes/Mark-Banfield/Josh_Williams/Scoring_20Oct/JoshB/DSC_7492.TIF,3,3,3,3,3,5,2230,2482,3986,4238
/Volumes/Mark-Banfield/Josh_Williams/Scoring_20Oct/JoshB/DSC_7492.TIF,3,3,3,3,4,6,2756,3008,3960,4212
/Volumes/Mark-Banfield/Josh_Williams/Scoring_20Oct/JoshB/DSC_7492.TIF,3,3,3,3,5,6,2747,3041,3700,3994
/Volumes/Mark-Banfield/Josh_Williams/Scoring_20Oct/JoshB/DSC_7492.TIF,3,3,3,3,6,6,2608,2902,3422,3716
/Volumes/Mark-Banfield/Josh_Williams/Scoring_20Oct/JoshB/DSC_5088.TIF,3,3,1,2,1,6,1492,1762,523,793
/Volumes/Mark-Banfield/Josh_Williams/Scoring_20Oct/JoshB/DSC_5088.TIF,3,3,1,2,2,0,1358,1610,826,1078
/Volumes/Mark-Banfield/Josh_Williams/Scoring_20Oct/JoshB/DSC_5088.TIF,3,3,1,2,3,4,1358,1686,1156,1484
/Volumes/Mark-Banfield/Josh_Williams/Scoring_20Oct/JoshB/DSC_5088.TIF,3,3,1,2,4,0,1998,2284,1055,1341
/Volumes/Mark-Banfield/Josh_Williams/Scoring_20Oct/JoshB/DSC_5088.TIF,3,3,1,2,5,1,1998,2326,760,1088
/Volumes/Mark-Banfield/Josh_Williams/Scoring_20Oct/JoshB/DSC_5088.TIF,3,3,1,2,6,0,1849,2119,456,726
/Volumes/Mark-Banfield/Josh_Williams/Scoring_20Oct/JoshB/DSC_5088.TIF,3,3,2,1,1,5,873,1075,1568,1770
/Volumes/Mark-Banfield/Josh_Williams/Scoring_20Oct/JoshB/DSC_5088.TIF,3,3,2,1,2,0,700,1020,1921,2241
/Volumes/Mark-Banfield/Josh_Williams/Scoring_20Oct/JoshB/DSC_5088.TIF,3,3,2,1,3,0,674,1012,2258,2596
/Volumes/Mark-Banfield/Josh_Williams/Scoring_20Oct/JoshB/DSC_5088.TIF,3,3,2,1,4,0,1374,1712,2174,2512
/Volumes/Mark-Banfield/Josh_Williams/Scoring_20Oct/JoshB/DSC_5088.TIF,3,3,2,1,5,3,1277,1631,1786,2140
/Volumes/Mark-Banfield/Josh_Williams/Scoring_20Oct/JoshB/DSC_5088.TIF,3,3,2,1,6,2,1146,1374,1543,1771
/Volumes/Mark-Banfield/Josh_Williams/Scoring_20Oct/JoshB/DSC_5088.TIF,3,3,2,3,1,1,2334,2630,1555,1851
/Volumes/Mark-Banfield/Josh_Williams/Scoring_20Oct/JoshB/DSC_5088.TIF,3,3,2,3,2,0,2149,2453,1904,2208
/Volumes/Mark-Banfield/Josh_Williams/Scoring_20Oct/JoshB/DSC_5088.TIF,3,3,2,3,3,4,2132,2520,2237,2625
/Volumes/Mark-Banfield/Josh_Williams/Scoring_20Oct/JoshB/DSC_5088.TIF,3,3,2,3,4,4,2814,3134,2192,2512
/Volumes/Mark-Banfield/Josh_Williams/Scoring_20Oct/JoshB/DSC_5088.TIF,3,3,2,3,5,2,2848,3152,1858,2162
/Volumes/Mark-Banfield/Josh_Williams/Scoring_20Oct/JoshB/DSC_5088.TIF,3,3,2,3,6,0,2709,2979,1618,1888
/Volumes/Mark-Banfield/Josh_Williams/Scoring_20Oct/JoshB/DSC_5088.TIF,3,3,3,1,1,4,860,1214,3063,3417
/Volumes/Mark-Banfield/Josh_Williams/Scoring_20Oct/JoshB/DSC_5088.TIF,3,3,3,1,2,3,788,1024,3404,3640
/Volumes/Mark-Banfield/Josh_Williams/Scoring_20Oct/JoshB/DSC_5088.TIF,3,3,3,1,3,0,792,1104,3720,4032
/Volumes/Mark-Banfield/Josh_Williams/Scoring_20Oct/JoshB/DSC_5088.TIF,3,3,3,1,4,3,1433,1845,3700,4112
/Volumes/Mark-Banfield/Josh_Williams/Scoring_20Oct/JoshB/DSC_5088.TIF,3,3,3,1,5,2,1513,1825,3320,3632
/Volumes/Mark-Banfield/Josh_Williams/Scoring_20Oct/JoshB/DSC_5088.TIF,3,3,3,1,6,1,1282,1652,2946,3316
/Volumes/Mark-Banfield/Josh_Williams/Scoring_20Oct/JoshB/DSC_5088.TIF,3,3,3,3,1,6,2259,2587,3202,3530
/Volumes/Mark-Banfield/Josh_Williams/Scoring_20Oct/JoshB/DSC_5088.TIF,3,3,3,3,2,3,2089,2419,3488,3818
/Volumes/Mark-Banfield/Josh_Williams/Scoring_20Oct/JoshB/DSC_5088.TIF,3,3,3,3,3,0,2174,2470,3909,4205
/Volumes/Mark-Banfield/Josh_Williams/Scoring_20Oct/JoshB/DSC_5088.TIF,3,3,3,3,4,0,2815,3075,3952,4212
/Volumes/Mark-Banfield/Josh_Williams/Scoring_20Oct/JoshB/DSC_5088.TIF,3,3,3,3,5,0,2790,3076,3536,3822
/Volumes/Mark-Banfield/Josh_Williams/Scoring_20Oct/JoshB/DSC_5088.TIF,3,3,3,3,6,0,2638,2924,3172,3458
/Volumes/Mark-Banfield/Josh_Williams/Scoring_20Oct/JoshB/DSC_1177.tif,3,3,1,1,1,6,472,726,367,621
/Volumes/Mark-Banfield/Josh_Williams/Scoring_20Oct/JoshB/DSC_1177.tif,3,3,1,1,2,6,396,616,645,865
/Volumes/Mark-Banfield/Josh_Williams/Scoring_20Oct/JoshB/DSC_1177.tif,3,3,1,1,3,0,524,768,907,1151
/Volumes/Mark-Banfield/Josh_Williams/Scoring_20Oct/JoshB/DSC_1177.tif,3,3,1,1,4,0,971,1273,802,1104
/Volumes/Mark-Banfield/Josh_Williams/Scoring_20Oct/JoshB/DSC_1177.tif,3,3,1,1,5,4,1020,1240,485,705
/Volumes/Mark-Banfield/Josh_Williams/Scoring_20Oct/JoshB/DSC_1177.tif,3,3,1,1,6,6,750,996,320,566
/Volumes/Mark-Banfield/Josh_Williams/Scoring_20Oct/JoshB/DSC_1177.tif,3,3,1,3,1,6,1833,2069,540,776
/Volumes/Mark-Banfield/Josh_Williams/Scoring_20Oct/JoshB/DSC_1177.tif,3,3,1,3,2,6,1770,1980,768,978
/Volumes/Mark-Banfield/Josh_Williams/Scoring_20Oct/JoshB/DSC_1177.tif,3,3,1,3,3,3,1741,1993,1038,1290
/Volumes/Mark-Banfield/Josh_Williams/Scoring_20Oct/JoshB/DSC_1177.tif,3,3,1,3,4,0,2242,2452,906,1116
/Volumes/Mark-Banfield/Josh_Williams/Scoring_20Oct/JoshB/DSC_1177.tif,3,3,1,3,5,0,2200,2384,671,855
/Volumes/Mark-Banfield/Josh_Williams/Scoring_20Oct/JoshB/DSC_1177.tif,3,3,1,3,6,4,2150,2326,448,624
/Volumes/Mark-Banfield/Josh_Williams/Scoring_20Oct/JoshB/DSC_1177.tif,3,3,2,2,1,4,1230,1458,1871,2099
/Volumes/Mark-Banfield/Josh_Williams/Scoring_20Oct/JoshB/DSC_1177.tif,3,3,2,2,2,5,1264,1390,2300,2426
/Volumes/Mark-Banfield/Josh_Williams/Scoring_20Oct/JoshB/DSC_1177.tif,3,3,2,2,3,5,1264,1484,2380,2600
/Volumes/Mark-Banfield/Josh_Williams/Scoring_20Oct/JoshB/DSC_1177.tif,3,3,2,2,4,3,1744,1980,2339,2575
/Volumes/Mark-Banfield/Josh_Williams/Scoring_20Oct/JoshB/DSC_1177.tif,3,3,2,2,5,0,1711,1955,1998,2242
/Volumes/Mark-Banfield/Josh_Williams/Scoring_20Oct/JoshB/DSC_1177.tif,3,3,2,2,6,0,1484,1728,1749,1993
/Volumes/Mark-Banfield/Josh_Williams/Scoring_20Oct/JoshB/DSC_1177.tif,3,3,3,1,1,0,396,666,2704,2974
/Volumes/Mark-Banfield/Josh_Williams/Scoring_20Oct/JoshB/DSC_1177.tif,3,3,3,1,2,3,322,556,2976,3210
/Volumes/Mark-Banfield/Josh_Williams/Scoring_20Oct/JoshB/DSC_1177.tif,3,3,3,1,3,3,394,620,3262,3488
/Volumes/Mark-Banfield/Josh_Williams/Scoring_20Oct/JoshB/DSC_1177.tif,3,3,3,1,4,3,818,1012,3270,3464
/Volumes/Mark-Banfield/Josh_Williams/Scoring_20Oct/JoshB/DSC_1177.tif,3,3,3,1,5,3,818,994,2984,3160
/Volumes/Mark-Banfield/Josh_Williams/Scoring_20Oct/JoshB/DSC_1177.tif,3,3,3,1,6,0,700,894,2726,2920
/Volumes/Mark-Banfield/Josh_Williams/Scoring_20Oct/JoshB/DSC_1177.tif,3,3,3,3,1,0,2234,2444,2638,2848
/Volumes/Mark-Banfield/Josh_Williams/Scoring_20Oct/JoshB/DSC_1177.tif,3,3,3,3,2,0,2032,2318,2903,3189
/Volumes/Mark-Banfield/Josh_Williams/Scoring_20Oct/JoshB/DSC_1177.tif,3,3,3,3,3,4,2090,2410,3198,3518
/Volumes/Mark-Banfield/Josh_Williams/Scoring_20Oct/JoshB/DSC_1177.tif,3,3,3,3,4,5,2613,2865,3244,3496
/Volumes/Mark-Banfield/Josh_Williams/Scoring_20Oct/JoshB/DSC_1177.tif,3,3,3,3,5,5,2524,2726,3016,3218
/Volumes/Mark-Banfield/Josh_Williams/Scoring_20Oct/JoshB/DSC_1177.tif,3,3,3,3,6,4,2541,2793,2714,2966
/Volumes/Mark-Banfield/Josh_Williams/Scoring_20Oct/JoshB/DSC_4542.TIF,3,3,1,1,1,4,443,655,388,600
/Volumes/Mark-Banfield/Josh_Williams/Scoring_20Oct/JoshB/DSC_4542.TIF,3,3,1,1,2,4,304,540,653,889
/Volumes/Mark-Banfield/Josh_Williams/Scoring_20Oct/JoshB/DSC_4542.TIF,3,3,1,1,3,0,278,540,936,1198
/Volumes/Mark-Banfield/Josh_Williams/Scoring_20Oct/JoshB/DSC_4542.TIF,3,3,1,1,4,0,852,1104,852,1104
/Volumes/Mark-Banfield/Josh_Williams/Scoring_20Oct/JoshB/DSC_4542.TIF,3,3,1,1,5,3,729,949,590,810
/Volumes/Mark-Banfield/Josh_Williams/Scoring_20Oct/JoshB/DSC_4542.TIF,3,3,1,1,6,4,683,851,364,532
/Volumes/Mark-Banfield/Josh_Williams/Scoring_20Oct/JoshB/DSC_4542.TIF,3,3,1,3,1,4,1980,2150,396,566
/Volumes/Mark-Banfield/Josh_Williams/Scoring_20Oct/JoshB/DSC_4542.TIF,3,3,1,3,2,4,1828,2014,577,763
/Volumes/Mark-Banfield/Josh_Williams/Scoring_20Oct/JoshB/DSC_4542.TIF,3,3,1,3,3,1,1828,2032,868,1072
/Volumes/Mark-Banfield/Josh_Williams/Scoring_20Oct/JoshB/DSC_4542.TIF,3,3,1,3,4,0,2326,2536,818,1028
/Volumes/Mark-Banfield/Josh_Williams/Scoring_20Oct/JoshB/DSC_4542.TIF,3,3,1,3,5,0,2234,2452,558,776
/Volumes/Mark-Banfield/Josh_Williams/Scoring_20Oct/JoshB/DSC_4542.TIF,3,3,1,3,6,4,2166,2360,325,519
/Volumes/Mark-Banfield/Josh_Williams/Scoring_20Oct/JoshB/DSC_4542.TIF,3,3,2,2,1,2,1248,1458,1745,1955
/Volumes/Mark-Banfield/Josh_Williams/Scoring_20Oct/JoshB/DSC_4542.TIF,3,3,2,2,2,3,1146,1366,2056,2276
/Volumes/Mark-Banfield/Josh_Williams/Scoring_20Oct/JoshB/DSC_4542.TIF,3,3,2,2,3,4,1282,1526,2368,2612
/Volumes/Mark-Banfield/Josh_Williams/Scoring_20Oct/JoshB/DSC_4542.TIF,3,3,2,2,4,4,1720,1904,2221,2405
/Volumes/Mark-Banfield/Josh_Williams/Scoring_20Oct/JoshB/DSC_4542.TIF,3,3,2,2,5,0,1678,1872,1913,2107
/Volumes/Mark-Banfield/Josh_Williams/Scoring_20Oct/JoshB/DSC_4542.TIF,3,3,2,2,6,0,1466,1744,1589,1867
/Volumes/Mark-Banfield/Josh_Williams/Scoring_20Oct/JoshB/DSC_4542.TIF,3,3,3,1,1,0,632,894,2974,3236
/Volumes/Mark-Banfield/Josh_Williams/Scoring_20Oct/JoshB/DSC_4542.TIF,3,3,3,1,2,4,489,717,3278,3506
/Volumes/Mark-Banfield/Josh_Williams/Scoring_20Oct/JoshB/DSC_4542.TIF,3,3,3,1,3,4,456,708,3611,3863
/Volumes/Mark-Banfield/Josh_Williams/Scoring_20Oct/JoshB/DSC_4542.TIF,3,3,3,1,4,4,1079,1265,3514,3700
/Volumes/Mark-Banfield/Josh_Williams/Scoring_20Oct/JoshB/DSC_4542.TIF,3,3,3,1,5,3,1028,1222,3232,3426
/Volumes/Mark-Banfield/Josh_Williams/Scoring_20Oct/JoshB/DSC_4542.TIF,3,3,3,1,6,0,961,1223,2940,3202
/Volumes/Mark-Banfield/Josh_Williams/Scoring_20Oct/JoshB/DSC_4542.TIF,3,3,3,3,1,0,2082,2268,2962,3148
/Volumes/Mark-Banfield/Josh_Williams/Scoring_20Oct/JoshB/DSC_4542.TIF,3,3,3,3,2,0,1891,2103,3252,3464
/Volumes/Mark-Banfield/Josh_Williams/Scoring_20Oct/JoshB/DSC_4542.TIF,3,3,3,3,3,4,1914,2140,3493,3719
/Volumes/Mark-Banfield/Josh_Williams/Scoring_20Oct/JoshB/DSC_4542.TIF,3,3,3,3,4,4,2402,2620,3464,3682
/Volumes/Mark-Banfield/Josh_Williams/Scoring_20Oct/JoshB/DSC_4542.TIF,3,3,3,3,5,4,2380,2600,3176,3396
/Volumes/Mark-Banfield/Josh_Williams/Scoring_20Oct/JoshB/DSC_4542.TIF,3,3,3,3,6,4,2364,2532,2958,3126
/Volumes/Mark-Banfield/Josh_Williams/Scoring_20Oct/JoshB/DSC_4547.TIF,3,3,1,1,1,4,448,666,558,776
/Volumes/Mark-Banfield/Josh_Williams/Scoring_20Oct/JoshB/DSC_4547.TIF,3,3,1,1,2,4,372,600,885,1113
/Volumes/Mark-Banfield/Josh_Williams/Scoring_20Oct/JoshB/DSC_4547.TIF,3,3,1,1,3,0,472,708,1138,1374
/Volumes/Mark-Banfield/Josh_Williams/Scoring_20Oct/JoshB/DSC_4547.TIF,3,3,1,1,4,0,902,1156,915,1169
/Volumes/Mark-Banfield/Josh_Williams/Scoring_20Oct/JoshB/DSC_4547.TIF,3,3,1,1,5,4,978,1172,666,860
/Volumes/Mark-Banfield/Josh_Williams/Scoring_20Oct/JoshB/DSC_4547.TIF,3,3,1,1,6,4,777,995,490,708
/Volumes/Mark-Banfield/Josh_Williams/Scoring_20Oct/JoshB/DSC_4547.TIF,3,3,1,3,1,0,1770,2016,472,718
/Volumes/Mark-Banfield/Josh_Williams/Scoring_20Oct/JoshB/DSC_4547.TIF,3,3,1,3,2,3,1610,1854,764,1008
/Volumes/Mark-Banfield/Josh_Williams/Scoring_20Oct/JoshB/DSC_4547.TIF,3,3,1,3,3,2,1660,1888,1112,1340
/Volumes/Mark-Banfield/Josh_Williams/Scoring_20Oct/JoshB/DSC_4547.TIF,3,3,1,3,4,3,2219,2423,1070,1274
/Volumes/Mark-Banfield/Josh_Williams/Scoring_20Oct/JoshB/DSC_4547.TIF,3,3,1,3,5,4,2234,2402,788,956
/Volumes/Mark-Banfield/Josh_Williams/Scoring_20Oct/JoshB/DSC_4547.TIF,3,3,1,3,6,0,2106,2292,532,718
/Volumes/Mark-Banfield/Josh_Williams/Scoring_20Oct/JoshB/DSC_4547.TIF,3,3,2,2,1,0,1230,1526,1719,2015
/Volumes/Mark-Banfield/Josh_Williams/Scoring_20Oct/JoshB/DSC_4547.TIF,3,3,2,2,2,0,1088,1400,1959,2271
/Volumes/Mark-Banfield/Josh_Williams/Scoring_20Oct/JoshB/DSC_4547.TIF,3,3,2,2,3,2,1100,1286,2292,2478
/Volumes/Mark-Banfield/Josh_Williams/Scoring_20Oct/JoshB/DSC_4547.TIF,3,3,2,2,4,3,1475,1703,2258,2486
/Volumes/Mark-Banfield/Josh_Williams/Scoring_20Oct/JoshB/DSC_4547.TIF,3,3,2,2,5,4,1535,1753,2006,2224
/Volumes/Mark-Banfield/Josh_Williams/Scoring_20Oct/JoshB/DSC_4547.TIF,3,3,2,2,6,4,1560,1754,1796,1990
/Volumes/Mark-Banfield/Josh_Williams/Scoring_20Oct/JoshB/DSC_4547.TIF,3,3,3,1,1,4,582,792,3152,3362
/Volumes/Mark-Banfield/Josh_Williams/Scoring_20Oct/JoshB/DSC_4547.TIF,3,3,3,1,2,0,506,742,3412,3648
/Volumes/Mark-Banfield/Josh_Williams/Scoring_20Oct/JoshB/DSC_4547.TIF,3,3,3,1,3,0,440,642,3670,3872
/Volumes/Mark-Banfield/Josh_Williams/Scoring_20Oct/JoshB/DSC_4547.TIF,3,3,3,1,4,2,940,1168,3564,3792
/Volumes/Mark-Banfield/Josh_Williams/Scoring_20Oct/JoshB/DSC_4547.TIF,3,3,3,1,5,4,861,1063,3370,3572
/Volumes/Mark-Banfield/Josh_Williams/Scoring_20Oct/JoshB/DSC_4547.TIF,3,3,3,1,6,4,852,1020,3168,3336
/Volumes/Mark-Banfield/Josh_Williams/Scoring_20Oct/JoshB/DSC_4547.TIF,3,3,3,3,1,5,2158,2342,3190,3374
/Volumes/Mark-Banfield/Josh_Williams/Scoring_20Oct/JoshB/DSC_4547.TIF,3,3,3,3,2,5,1968,2162,3370,3564
/Volumes/Mark-Banfield/Josh_Williams/Scoring_20Oct/JoshB/DSC_4547.TIF,3,3,3,3,3,2,2002,2178,3674,3850
/Volumes/Mark-Banfield/Josh_Williams/Scoring_20Oct/JoshB/DSC_4547.TIF,3,3,3,3,4,0,2512,2748,3572,3808
/Volumes/Mark-Banfield/Josh_Williams/Scoring_20Oct/JoshB/DSC_4547.TIF,3,3,3,3,5,0,2486,2680,3370,3564
/Volumes/Mark-Banfield/Josh_Williams/Scoring_20Oct/JoshB/DSC_6261.tif,2,3,1,2,1,6,1434,1786,1999,2351
/Volumes/Mark-Banfield/Josh_Williams/Scoring_20Oct/JoshB/DSC_6261.tif,2,3,1,2,2,0,1348,1736,2460,2848
/Volumes/Mark-Banfield/Josh_Williams/Scoring_20Oct/JoshB/DSC_6261.tif,2,3,1,2,3,0,1972,2242,2469,2739
/Volumes/Mark-Banfield/Josh_Williams/Scoring_20Oct/JoshB/DSC_6261.tif,2,3,1,2,4,0,1786,2216,2022,2452
/Volumes/Mark-Banfield/Josh_Williams/Scoring_20Oct/JoshB/DSC_6261.tif,2,3,2,1,1,0,801,1037,3270,3506
/Volumes/Mark-Banfield/Josh_Williams/Scoring_20Oct/JoshB/DSC_6261.tif,2,3,2,1,2,0,666,928,3691,3953
/Volumes/Mark-Banfield/Josh_Williams/Scoring_20Oct/JoshB/DSC_6261.tif,2,3,2,1,3,6,1171,1391,3598,3818
/Volumes/Mark-Banfield/Josh_Williams/Scoring_20Oct/JoshB/DSC_6261.tif,2,3,2,1,4,6,1059,1311,3236,3488
/Volumes/Mark-Banfield/Josh_Williams/Scoring_20Oct/JoshB/DSC_6261.tif,2,3,2,3,1,6,2140,2512,3445,3817
/Volumes/Mark-Banfield/Josh_Williams/Scoring_20Oct/JoshB/DSC_6261.tif,2,3,2,3,2,0,1964,2360,3939,4335
/Volumes/Mark-Banfield/Josh_Williams/Scoring_20Oct/JoshB/DSC_6261.tif,2,3,2,3,3,6,2608,2928,3876,4196
/Volumes/Mark-Banfield/Josh_Williams/Scoring_20Oct/JoshB/DSC_6261.tif,2,3,2,3,4,6,2565,2861,3454,3750
/Volumes/Mark-Banfield/Josh_Williams/Scoring_20Oct/JoshB/DSC_5085.TIF,3,3,1,2,1,2,1424,1744,203,523
/Volumes/Mark-Banfield/Josh_Williams/Scoring_20Oct/JoshB/DSC_5085.TIF,3,3,1,2,2,5,1256,1618,510,872
/Volumes/Mark-Banfield/Josh_Williams/Scoring_20Oct/JoshB/DSC_5085.TIF,3,3,1,2,3,0,1222,1534,1003,1315
/Volumes/Mark-Banfield/Josh_Williams/Scoring_20Oct/JoshB/DSC_5085.TIF,3,3,1,2,4,0,1905,2225,1028,1348
/Volumes/Mark-Banfield/Josh_Williams/Scoring_20Oct/JoshB/DSC_5085.TIF,3,3,1,2,5,0,1914,2250,566,902
/Volumes/Mark-Banfield/Josh_Williams/Scoring_20Oct/JoshB/DSC_5085.TIF,3,3,1,2,6,5,1712,2014,242,544
/Volumes/Mark-Banfield/Josh_Williams/Scoring_20Oct/JoshB/DSC_5085.TIF,3,3,2,1,1,2,540,742,1294,1496
/Volumes/Mark-Banfield/Josh_Williams/Scoring_20Oct/JoshB/DSC_5085.TIF,3,3,2,1,2,0,330,540,1548,1758
/Volumes/Mark-Banfield/Josh_Williams/Scoring_20Oct/JoshB/DSC_5085.TIF,3,3,2,1,3,1,372,658,1930,2216
/Volumes/Mark-Banfield/Josh_Williams/Scoring_20Oct/JoshB/DSC_5085.TIF,3,3,2,1,4,2,932,1218,1854,2140
/Volumes/Mark-Banfield/Josh_Williams/Scoring_20Oct/JoshB/DSC_5085.TIF,3,3,2,1,5,1,944,1214,1496,1766
/Volumes/Mark-Banfield/Josh_Williams/Scoring_20Oct/JoshB/DSC_5085.TIF,3,3,2,1,6,6,777,1029,1248,1500
/Volumes/Mark-Banfield/Josh_Williams/Scoring_20Oct/JoshB/DSC_5085.TIF,3,3,2,3,1,3,2174,2402,1584,1812
/Volumes/Mark-Banfield/Josh_Williams/Scoring_20Oct/JoshB/DSC_5085.TIF,3,3,2,3,2,0,1956,2234,1871,2149
/Volumes/Mark-Banfield/Josh_Williams/Scoring_20Oct/JoshB/DSC_5085.TIF,3,3,2,3,3,4,1956,2276,2268,2588
/Volumes/Mark-Banfield/Josh_Williams/Scoring_20Oct/JoshB/DSC_5085.TIF,3,3,2,3,4,1,2588,2940,2209,2561
/Volumes/Mark-Banfield/Josh_Williams/Scoring_20Oct/JoshB/DSC_5085.TIF,3,3,2,3,5,3,2638,2882,1922,2166
/Volumes/Mark-Banfield/Josh_Williams/Scoring_20Oct/JoshB/DSC_5085.TIF,3,3,2,3,6,3,2460,2764,1576,1880
/Volumes/Mark-Banfield/Josh_Williams/Scoring_20Oct/JoshB/DSC_5085.TIF,3,3,3,1,1,3,826,1096,2794,3064
/Volumes/Mark-Banfield/Josh_Williams/Scoring_20Oct/JoshB/DSC_5085.TIF,3,3,3,1,2,3,742,1020,3058,3336
/Volumes/Mark-Banfield/Josh_Williams/Scoring_20Oct/JoshB/DSC_5085.TIF,3,3,3,1,3,5,650,1004,3480,3834
/Volumes/Mark-Banfield/Josh_Williams/Scoring_20Oct/JoshB/DSC_5085.TIF,3,3,3,1,4,0,1382,1626,3531,3775
/Volumes/Mark-Banfield/Josh_Williams/Scoring_20Oct/JoshB/DSC_5085.TIF,3,3,3,1,5,0,1282,1552,3067,3337
/Volumes/Mark-Banfield/Josh_Williams/Scoring_20Oct/JoshB/DSC_5085.TIF,3,3,3,1,6,5,1118,1420,2756,3058
/Volumes/Mark-Banfield/Josh_Williams/Scoring_20Oct/JoshB/DSC_5085.TIF,3,3,3,3,1,2,2258,2596,3021,3359
/Volumes/Mark-Banfield/Josh_Williams/Scoring_20Oct/JoshB/DSC_5085.TIF,3,3,3,3,2,4,2019,2365,3396,3742
/Volumes/Mark-Banfield/Josh_Williams/Scoring_20Oct/JoshB/DSC_5085.TIF,3,3,3,3,3,0,2074,2360,3771,4057
/Volumes/Mark-Banfield/Josh_Williams/Scoring_20Oct/JoshB/DSC_5085.TIF,3,3,3,3,4,0,2706,3102,3838,4234
/Volumes/Mark-Banfield/Josh_Williams/Scoring_20Oct/JoshB/DSC_5085.TIF,3,3,3,3,5,4,2706,3076,3477,3847
/Volumes/Mark-Banfield/Josh_Williams/Scoring_20Oct/JoshB/DSC_5085.TIF,3,3,3,3,6,0,2630,2966,3085,3421
/Volumes/Mark-Banfield/Josh_Williams/Scoring_20Oct/JoshB/DSC_6618.tif,3,3,1,1,1,0,322,524,578,780
/Volumes/Mark-Banfield/Josh_Williams/Scoring_20Oct/JoshB/DSC_6618.tif,3,3,1,1,2,6,410,604,802,996
/Volumes/Mark-Banfield/Josh_Williams/Scoring_20Oct/JoshB/DSC_6618.tif,3,3,1,1,3,3,354,566,1053,1265
/Volumes/Mark-Banfield/Josh_Williams/Scoring_20Oct/JoshB/DSC_6618.tif,3,3,1,1,4,0,755,999,996,1240
/Volumes/Mark-Banfield/Josh_Williams/Scoring_20Oct/JoshB/DSC_6618.tif,3,3,1,1,5,0,776,952,676,852
/Volumes/Mark-Banfield/Josh_Williams/Scoring_20Oct/JoshB/DSC_6618.tif,3,3,1,1,6,0,582,784,515,717
/Volumes/Mark-Banfield/Josh_Williams/Scoring_20Oct/JoshB/DSC_6618.tif,3,3,1,3,1,0,2064,2292,557,785
/Volumes/Mark-Banfield/Josh_Williams/Scoring_20Oct/JoshB/DSC_6618.tif,3,3,1,3,2,0,1904,2140,839,1075
/Volumes/Mark-Banfield/Josh_Williams/Scoring_20Oct/JoshB/DSC_6618.tif,3,3,1,3,3,1,1914,2200,1265,1551
/Volumes/Mark-Banfield/Josh_Williams/Scoring_20Oct/JoshB/DSC_6618.tif,3,3,1,3,4,4,2402,2706,1146,1450
/Volumes/Mark-Banfield/Josh_Williams/Scoring_20Oct/JoshB/DSC_6618.tif,3,3,1,3,5,0,2502,2696,873,1067
/Volumes/Mark-Banfield/Josh_Williams/Scoring_20Oct/JoshB/DSC_6618.tif,3,3,1,3,6,0,2333,2587,556,810
/Volumes/Mark-Banfield/Josh_Williams/Scoring_20Oct/JoshB/DSC_6618.tif,3,3,2,2,1,0,1138,1424,1757,2043
/Volumes/Mark-Banfield/Josh_Williams/Scoring_20Oct/JoshB/DSC_6618.tif,3,3,2,2,2,0,1045,1399,2090,2444
/Volumes/Mark-Banfield/Josh_Williams/Scoring_20Oct/JoshB/DSC_6618.tif,3,3,2,2,3,0,1088,1434,2397,2743
/Volumes/Mark-Banfield/Josh_Williams/Scoring_20Oct/JoshB/DSC_6618.tif,3,3,2,2,4,1,1681,1959,2242,2520
/Volumes/Mark-Banfield/Josh_Williams/Scoring_20Oct/JoshB/DSC_6618.tif,3,3,2,2,5,3,1601,1855,2014,2268
/Volumes/Mark-Banfield/Josh_Williams/Scoring_20Oct/JoshB/DSC_6618.tif,3,3,2,2,6,0,1500,1736,1770,2006
/Volumes/Mark-Banfield/Josh_Williams/Scoring_20Oct/JoshB/DSC_6618.tif,3,3,3,1,1,0,523,751,3118,3346
/Volumes/Mark-Banfield/Josh_Williams/Scoring_20Oct/JoshB/DSC_6618.tif,3,3,3,1,2,0,456,708,3434,3686
/Volumes/Mark-Banfield/Josh_Williams/Scoring_20Oct/JoshB/DSC_6618.tif,3,3,3,1,3,0,406,642,3741,3977
/Volumes/Mark-Banfield/Josh_Williams/Scoring_20Oct/JoshB/DSC_6618.tif,3,3,3,1,4,0,878,1188,3696,4006
/Volumes/Mark-Banfield/Josh_Williams/Scoring_20Oct/JoshB/DSC_6618.tif,3,3,3,1,5,2,865,1143,3404,3682
/Volumes/Mark-Banfield/Josh_Williams/Scoring_20Oct/JoshB/DSC_6618.tif,3,3,3,1,6,4,868,1062,3210,3404
/Volumes/Mark-Banfield/Josh_Williams/Scoring_20Oct/JoshB/DSC_6618.tif,3,3,3,3,1,4,2448,2608,3058,3218
/Volumes/Mark-Banfield/Josh_Williams/Scoring_20Oct/JoshB/DSC_6618.tif,3,3,3,3,2,0,2310,2536,3291,3517
/Volumes/Mark-Banfield/Josh_Williams/Scoring_20Oct/JoshB/DSC_6618.tif,3,3,3,3,3,0,2217,2477,3540,3800
/Volumes/Mark-Banfield/Josh_Williams/Scoring_20Oct/JoshB/DSC_6618.tif,3,3,3,3,4,0,2706,3034,3552,3880
/Volumes/Mark-Banfield/Josh_Williams/Scoring_20Oct/JoshB/DSC_6618.tif,3,3,3,3,5,0,2647,2975,3244,3572
/Volumes/Mark-Banfield/Josh_Williams/Scoring_20Oct/JoshB/DSC_6618.tif,3,3,3,3,6,4,2616,2844,3008,3236
/Volumes/Mark-Banfield/Josh_Williams/Scoring_20Oct/JoshB/DSC_2828.TIF,3,3,1,1,1,3,396,674,330,608
/Volumes/Mark-Banfield/Josh_Williams/Scoring_20Oct/JoshB/DSC_2828.TIF,3,3,1,1,2,0,262,524,615,877
/Volumes/Mark-Banfield/Josh_Williams/Scoring_20Oct/JoshB/DSC_2828.TIF,3,3,1,1,3,0,372,608,940,1176
/Volumes/Mark-Banfield/Josh_Williams/Scoring_20Oct/JoshB/DSC_2828.TIF,3,3,1,1,4,0,826,1054,881,1109
/Volumes/Mark-Banfield/Josh_Williams/Scoring_20Oct/JoshB/DSC_2828.TIF,3,3,1,1,5,0,818,1080,560,822
/Volumes/Mark-Banfield/Josh_Williams/Scoring_20Oct/JoshB/DSC_2828.TIF,3,3,1,1,6,6,700,852,456,608
/Volumes/Mark-Banfield/Josh_Williams/Scoring_20Oct/JoshB/DSC_2828.TIF,3,3,1,3,1,4,1820,2064,460,704
/Volumes/Mark-Banfield/Josh_Williams/Scoring_20Oct/JoshB/DSC_2828.TIF,3,3,1,3,2,0,1711,1981,792,1062
/Volumes/Mark-Banfield/Josh_Williams/Scoring_20Oct/JoshB/DSC_2828.TIF,3,3,1,3,3,0,1762,1964,1176,1378
/Volumes/Mark-Banfield/Josh_Williams/Scoring_20Oct/JoshB/DSC_2828.TIF,3,3,1,3,4,0,2292,2612,932,1252
/Volumes/Mark-Banfield/Josh_Williams/Scoring_20Oct/JoshB/DSC_2828.TIF,3,3,1,3,5,0,2196,2414,650,868
/Volumes/Mark-Banfield/Josh_Williams/Scoring_20Oct/JoshB/DSC_2828.TIF,3,3,1,3,6,0,2106,2352,400,646
/Volumes/Mark-Banfield/Josh_Williams/Scoring_20Oct/JoshB/DSC_2828.TIF,3,3,2,2,1,0,1138,1390,1762,2014
/Volumes/Mark-Banfield/Josh_Williams/Scoring_20Oct/JoshB/DSC_2828.TIF,3,3,2,2,2,5,1222,1450,2035,2263
/Volumes/Mark-Banfield/Josh_Williams/Scoring_20Oct/JoshB/DSC_2828.TIF,3,3,2,2,3,0,1180,1476,2233,2529
/Volumes/Mark-Banfield/Josh_Williams/Scoring_20Oct/JoshB/DSC_2828.TIF,3,3,2,2,4,0,1610,1904,2120,2414
/Volumes/Mark-Banfield/Josh_Williams/Scoring_20Oct/JoshB/DSC_2828.TIF,3,3,2,2,5,0,1484,1744,1872,2132
/Volumes/Mark-Banfield/Josh_Williams/Scoring_20Oct/JoshB/DSC_2828.TIF,3,3,2,2,6,0,1390,1552,1719,1881
/Volumes/Mark-Banfield/Josh_Williams/Scoring_20Oct/JoshB/DSC_2828.TIF,3,3,3,1,1,0,402,746,2908,3252
/Volumes/Mark-Banfield/Josh_Williams/Scoring_20Oct/JoshB/DSC_2828.TIF,3,3,3,1,2,0,278,548,3206,3476
/Volumes/Mark-Banfield/Josh_Williams/Scoring_20Oct/JoshB/DSC_2828.TIF,3,3,3,1,3,5,532,760,3517,3745
/Volumes/Mark-Banfield/Josh_Williams/Scoring_20Oct/JoshB/DSC_2828.TIF,3,3,3,1,4,0,952,1282,3374,3704
/Volumes/Mark-Banfield/Josh_Williams/Scoring_20Oct/JoshB/DSC_2828.TIF,3,3,3,1,5,0,886,1180,3118,3412
/Volumes/Mark-Banfield/Josh_Williams/Scoring_20Oct/JoshB/DSC_2828.TIF,3,3,3,1,6,0,852,1070,2874,3092
/Volumes/Mark-Banfield/Josh_Williams/Scoring_20Oct/JoshB/DSC_2828.TIF,3,3,3,3,1,0,2150,2402,2655,2907
/Volumes/Mark-Banfield/Josh_Williams/Scoring_20Oct/JoshB/DSC_2828.TIF,3,3,3,3,2,0,2064,2284,2941,3161
/Volumes/Mark-Banfield/Josh_Williams/Scoring_20Oct/JoshB/DSC_2828.TIF,3,3,3,3,3,0,1946,2140,3328,3522
/Volumes/Mark-Banfield/Josh_Williams/Scoring_20Oct/JoshB/DSC_2828.TIF,3,3,3,3,4,5,2432,2710,3126,3404
/Volumes/Mark-Banfield/Josh_Williams/Scoring_20Oct/JoshB/DSC_2828.TIF,3,3,3,3,5,0,2418,2654,2953,3189
/Volumes/Mark-Banfield/Josh_Williams/Scoring_20Oct/JoshB/DSC_2828.TIF,3,3,3,3,6,0,2385,2663,2696,2974
/Volumes/Mark-Banfield/Josh_Williams/Scoring_20Oct/JoshB/DSC_2867.tif,3,3,1,1,2,1,616,834,368,586
/Volumes/Mark-Banfield/Josh_Williams/Scoring_20Oct/JoshB/DSC_2867.tif,3,3,1,1,3,0,532,760,637,865
/Volumes/Mark-Banfield/Josh_Williams/Scoring_20Oct/JoshB/DSC_2867.tif,3,3,1,1,4,0,590,878,889,1177
/Volumes/Mark-Banfield/Josh_Williams/Scoring_20Oct/JoshB/DSC_2867.tif,3,3,1,1,5,0,996,1172,789,965
/Volumes/Mark-Banfield/Josh_Williams/Scoring_20Oct/JoshB/DSC_2867.tif,3,3,1,3,1,5,1980,2226,514,760
/Volumes/Mark-Banfield/Josh_Williams/Scoring_20Oct/JoshB/DSC_2867.tif,3,3,1,3,2,1,1837,2031,810,1004
/Volumes/Mark-Banfield/Josh_Williams/Scoring_20Oct/JoshB/DSC_2867.tif,3,3,1,3,3,0,1956,2124,1109,1277
/Volumes/Mark-Banfield/Josh_Williams/Scoring_20Oct/JoshB/DSC_2867.tif,3,3,1,3,4,0,2302,2562,970,1230
/Volumes/Mark-Banfield/Josh_Williams/Scoring_20Oct/JoshB/DSC_2867.tif,3,3,1,3,5,0,2284,2528,586,830
/Volumes/Mark-Banfield/Josh_Williams/Scoring_20Oct/JoshB/DSC_2867.tif,3,3,2,2,1,0,1222,1476,1727,1981
/Volumes/Mark-Banfield/Josh_Williams/Scoring_20Oct/JoshB/DSC_2867.tif,3,3,2,2,2,4,1206,1518,1998,2310
/Volumes/Mark-Banfield/Josh_Williams/Scoring_20Oct/JoshB/DSC_2867.tif,3,3,2,2,3,0,1173,1365,2268,2460
/Volumes/Mark-Banfield/Josh_Williams/Scoring_20Oct/JoshB/DSC_2867.tif,3,3,2,2,4,0,1636,1938,2141,2443
/Volumes/Mark-Banfield/Josh_Williams/Scoring_20Oct/JoshB/DSC_2867.tif,3,3,2,2,5,0,1589,1833,1796,2040
/Volumes/Mark-Banfield/Josh_Williams/Scoring_20Oct/JoshB/DSC_2867.tif,3,3,3,1,1,0,524,802,3050,3328
/Volumes/Mark-Banfield/Josh_Williams/Scoring_20Oct/JoshB/DSC_2867.tif,3,3,3,1,2,0,346,574,3349,3577
/Volumes/Mark-Banfield/Josh_Williams/Scoring_20Oct/JoshB/DSC_2867.tif,3,3,3,1,3,4,435,781,3598,3944
/Volumes/Mark-Banfield/Josh_Williams/Scoring_20Oct/JoshB/DSC_2867.tif,3,3,3,1,4,0,962,1256,3561,3855
/Volumes/Mark-Banfield/Josh_Williams/Scoring_20Oct/JoshB/DSC_2867.tif,3,3,3,1,5,0,915,1209,3160,3454
/Volumes/Mark-Banfield/Josh_Williams/Scoring_20Oct/JoshB/DSC_2867.tif,3,3,3,3,1,0,2170,2414,3186,3430
/Volumes/Mark-Banfield/Josh_Williams/Scoring_20Oct/JoshB/DSC_2867.tif,3,3,3,3,2,0,1872,2234,3468,3830
/Volumes/Mark-Banfield/Josh_Williams/Scoring_20Oct/JoshB/DSC_2867.tif,3,3,3,3,3,0,2136,2422,3800,4086
/Volumes/Mark-Banfield/Josh_Williams/Scoring_20Oct/JoshB/DSC_2867.tif,3,3,3,3,4,4,2478,2814,3615,3951
/Volumes/Mark-Banfield/Josh_Williams/Scoring_20Oct/JoshB/DSC_2867.tif,3,3,3,3,5,3,2533,2827,3270,3564
/Volumes/Mark-Banfield/Josh_Williams/Scoring_20Oct/JoshB/DSC_1558.tif,2,5,1,1,1,3,270,450,572,752
/Volumes/Mark-Banfield/Josh_Williams/Scoring_20Oct/JoshB/DSC_1558.tif,2,5,1,1,2,0,136,376,731,971
/Volumes/Mark-Banfield/Josh_Williams/Scoring_20Oct/JoshB/DSC_1558.tif,2,5,1,1,3,0,226,438,969,1181
/Volumes/Mark-Banfield/Josh_Williams/Scoring_20Oct/JoshB/DSC_1558.tif,2,5,1,1,4,0,522,702,965,1145
/Volumes/Mark-Banfield/Josh_Williams/Scoring_20Oct/JoshB/DSC_1558.tif,2,5,1,1,5,6,568,764,686,882
/Volumes/Mark-Banfield/Josh_Williams/Scoring_20Oct/JoshB/DSC_1558.tif,2,5,1,1,6,6,463,643,500,680
/Volumes/Mark-Banfield/Josh_Williams/Scoring_20Oct/JoshB/DSC_1558.tif,2,5,1,2,1,6,1193,1299,528,634
/Volumes/Mark-Banfield/Josh_Williams/Scoring_20Oct/JoshB/DSC_1558.tif,2,5,1,2,2,0,1140,1308,702,870
/Volumes/Mark-Banfield/Josh_Williams/Scoring_20Oct/JoshB/DSC_1558.tif,2,5,1,2,3,0,1156,1336,946,1126
/Volumes/Mark-Banfield/Josh_Williams/Scoring_20Oct/JoshB/DSC_1558.tif,2,5,1,2,4,0,1464,1678,825,1039
/Volumes/Mark-Banfield/Josh_Williams/Scoring_20Oct/JoshB/DSC_1558.tif,2,5,1,2,5,0,1458,1644,578,764
/Volumes/Mark-Banfield/Josh_Williams/Scoring_20Oct/JoshB/DSC_1558.tif,2,5,1,2,6,6,1296,1492,416,612
/Volumes/Mark-Banfield/Josh_Williams/Scoring_20Oct/JoshB/DSC_1558.tif,2,5,1,3,1,5,2120,2288,528,696
/Volumes/Mark-Banfield/Josh_Williams/Scoring_20Oct/JoshB/DSC_1558.tif,2,5,1,3,2,5,2042,2210,674,842
/Volumes/Mark-Banfield/Josh_Williams/Scoring_20Oct/JoshB/DSC_1558.tif,2,5,1,3,3,4,2110,2278,826,994
/Volumes/Mark-Banfield/Josh_Williams/Scoring_20Oct/JoshB/DSC_1558.tif,2,5,1,3,4,0,2428,2608,794,974
/Volumes/Mark-Banfield/Josh_Williams/Scoring_20Oct/JoshB/DSC_1558.tif,2,5,1,3,5,0,2462,2620,578,736
/Volumes/Mark-Banfield/Josh_Williams/Scoring_20Oct/JoshB/DSC_1558.tif,2,5,1,3,6,0,2300,2462,438,600
/Volumes/Mark-Banfield/Josh_Williams/Scoring_20Oct/JoshB/DSC_1558.tif,2,5,1,4,1,0,3118,3248,494,624
/Volumes/Mark-Banfield/Josh_Williams/Scoring_20Oct/JoshB/DSC_1558.tif,2,5,1,4,2,5,3059,3255,662,858
/Volumes/Mark-Banfield/Josh_Williams/Scoring_20Oct/JoshB/DSC_1558.tif,2,5,1,4,3,4,3096,3338,844,1086
/Volumes/Mark-Banfield/Josh_Williams/Scoring_20Oct/JoshB/DSC_1558.tif,2,5,1,4,4,1,3387,3589,826,1028
/Volumes/Mark-Banfield/Josh_Williams/Scoring_20Oct/JoshB/DSC_1558.tif,2,5,1,4,5,1,3328,3520,578,770
/Volumes/Mark-Banfield/Josh_Williams/Scoring_20Oct/JoshB/DSC_1558.tif,2,5,1,4,6,0,3323,3429,444,550
/Volumes/Mark-Banfield/Josh_Williams/Scoring_20Oct/JoshB/DSC_1558.tif,2,5,1,5,1,0,4094,4284,445,635
/Volumes/Mark-Banfield/Josh_Williams/Scoring_20Oct/JoshB/DSC_1558.tif,2,5,1,5,2,0,4034,4220,662,848
/Volumes/Mark-Banfield/Josh_Williams/Scoring_20Oct/JoshB/DSC_1558.tif,2,5,1,5,3,4,4094,4296,872,1074
/Volumes/Mark-Banfield/Josh_Williams/Scoring_20Oct/JoshB/DSC_1558.tif,2,5,1,5,4,3,4364,4564,815,1015
/Volumes/Mark-Banfield/Josh_Williams/Scoring_20Oct/JoshB/DSC_1558.tif,2,5,1,5,5,2,4357,4571,544,758
/Volumes/Mark-Banfield/Josh_Williams/Scoring_20Oct/JoshB/DSC_1558.tif,2,5,1,5,6,0,4352,4520,346,514
/Volumes/Mark-Banfield/Josh_Williams/Scoring_20Oct/JoshB/DSC_1558.tif,2,5,2,1,1,0,282,540,1826,2084
/Volumes/Mark-Banfield/Josh_Williams/Scoring_20Oct/JoshB/DSC_1558.tif,2,5,2,1,2,0,214,366,2134,2286
/Volumes/Mark-Banfield/Josh_Williams/Scoring_20Oct/JoshB/DSC_1558.tif,2,5,2,1,3,0,304,444,2384,2524
/Volumes/Mark-Banfield/Josh_Williams/Scoring_20Oct/JoshB/DSC_1558.tif,2,5,2,1,4,3,555,719,2282,2446
/Volumes/Mark-Banfield/Josh_Williams/Scoring_20Oct/JoshB/DSC_1558.tif,2,5,2,1,5,4,641,831,2054,2244
/Volumes/Mark-Banfield/Josh_Williams/Scoring_20Oct/JoshB/DSC_1558.tif,2,5,2,1,6,0,500,708,1882,2090
/Volumes/Mark-Banfield/Josh_Williams/Scoring_20Oct/JoshB/DSC_1558.tif,2,5,2,2,1,5,1234,1386,1820,1972
/Volumes/Mark-Banfield/Josh_Williams/Scoring_20Oct/JoshB/DSC_1558.tif,2,5,2,2,2,0,1078,1268,2006,2196
/Volumes/Mark-Banfield/Josh_Williams/Scoring_20Oct/JoshB/DSC_1558.tif,2,5,2,2,3,0,1184,1370,2196,2382
/Volumes/Mark-Banfield/Josh_Williams/Scoring_20Oct/JoshB/DSC_1558.tif,2,5,2,2,4,0,1504,1678,2162,2336
/Volumes/Mark-Banfield/Josh_Williams/Scoring_20Oct/JoshB/DSC_1558.tif,2,5,2,2,5,6,1452,1632,1946,2126
/Volumes/Mark-Banfield/Josh_Williams/Scoring_20Oct/JoshB/DSC_1558.tif,2,5,2,2,6,6,1396,1576,1744,1924
/Volumes/Mark-Banfield/Josh_Williams/Scoring_20Oct/JoshB/DSC_1558.tif,2,5,2,3,1,6,2154,2334,1778,1958
/Volumes/Mark-Banfield/Josh_Williams/Scoring_20Oct/JoshB/DSC_1558.tif,2,5,2,3,2,0,2138,2294,1992,2148
/Volumes/Mark-Banfield/Josh_Williams/Scoring_20Oct/JoshB/DSC_1558.tif,2,5,2,3,3,0,2106,2302,2166,2362
/Volumes/Mark-Banfield/Josh_Williams/Scoring_20Oct/JoshB/DSC_1558.tif,2,5,2,3,4,0,2415,2595,2114,2294
/Volumes/Mark-Banfield/Josh_Williams/Scoring_20Oct/JoshB/DSC_1558.tif,2,5,2,3,5,1,2358,2538,1868,2048
/Volumes/Mark-Banfield/Josh_Williams/Scoring_20Oct/JoshB/DSC_1558.tif,2,5,2,3,6,5,2294,2484,1703,1893
/Volumes/Mark-Banfield/Josh_Williams/Scoring_20Oct/JoshB/DSC_1558.tif,2,5,2,4,1,5,3148,3354,1796,2002
/Volumes/Mark-Banfield/Josh_Williams/Scoring_20Oct/JoshB/DSC_1558.tif,2,5,2,4,2,4,2990,3186,1981,2177
/Volumes/Mark-Banfield/Josh_Williams/Scoring_20Oct/JoshB/DSC_1558.tif,2,5,2,4,3,0,3080,3276,2227,2423
/Volumes/Mark-Banfield/Josh_Williams/Scoring_20Oct/JoshB/DSC_1558.tif,2,5,2,4,4,0,3432,3674,2190,2432
/Volumes/Mark-Banfield/Josh_Williams/Scoring_20Oct/JoshB/DSC_1558.tif,2,5,2,4,5,0,3436,3648,1958,2170
/Volumes/Mark-Banfield/Josh_Williams/Scoring_20Oct/JoshB/DSC_1558.tif,2,5,2,4,6,0,3376,3566,1695,1885
/Volumes/Mark-Banfield/Josh_Williams/Scoring_20Oct/JoshB/DSC_1558.tif,2,5,2,5,1,0,4179,4363,1784,1968
/Volumes/Mark-Banfield/Josh_Williams/Scoring_20Oct/JoshB/DSC_1558.tif,2,5,2,5,2,4,4144,4374,2002,2232
/Volumes/Mark-Banfield/Josh_Williams/Scoring_20Oct/JoshB/DSC_1558.tif,2,5,2,5,3,4,4166,4368,2230,2432
/Volumes/Mark-Banfield/Josh_Williams/Scoring_20Oct/JoshB/DSC_1558.tif,2,5,2,5,4,1,4481,4739,2110,2368
/Volumes/Mark-Banfield/Josh_Williams/Scoring_20Oct/JoshB/DSC_1558.tif,2,5,2,5,5,0,4448,4682,1830,2064
/Volumes/Mark-Banfield/Josh_Williams/Scoring_20Oct/JoshB/DSC_1558.tif,2,5,2,5,6,0,4340,4514,1683,1857
