img,maxrow,maxcol,row,col,pos,score,x1,x2,y1,y2
/Volumes/Mark-Banfield/Josh_Williams/Scoring_20Oct/Mark/DSC_1175.tif,3,3,1,1,1,0,498,802,191,495
/Volumes/Mark-Banfield/Josh_Williams/Scoring_20Oct/Mark/DSC_1175.tif,3,3,1,1,2,0,396,700,510,814
/Volumes/Mark-Banfield/Josh_Williams/Scoring_20Oct/Mark/DSC_1175.tif,3,3,1,1,3,3,406,674,852,1120
/Volumes/Mark-Banfield/Josh_Williams/Scoring_20Oct/Mark/DSC_1175.tif,3,3,1,1,4,5,924,1160,810,1046
/Volumes/Mark-Banfield/Josh_Williams/Scoring_20Oct/Mark/DSC_1175.tif,3,3,1,1,5,6,970,1206,523,759
/Volumes/Mark-Banfield/Josh_Williams/Scoring_20Oct/Mark/DSC_1175.tif,3,3,1,1,6,0,834,1112,220,498
/Volumes/Mark-Banfield/Josh_Williams/Scoring_20Oct/Mark/DSC_1175.tif,3,3,1,3,1,0,1872,2158,292,578
/Volumes/Mark-Banfield/Josh_Williams/Scoring_20Oct/Mark/DSC_1175.tif,3,3,1,3,2,0,1720,2040,540,860
/Volumes/Mark-Banfield/Josh_Williams/Scoring_20Oct/Mark/DSC_1175.tif,3,3,1,3,3,0,1762,2106,853,1197
/Volumes/Mark-Banfield/Josh_Williams/Scoring_20Oct/Mark/DSC_1175.tif,3,3,1,3,4,2,2342,2620,856,1134
/Volumes/Mark-Banfield/Josh_Williams/Scoring_20Oct/Mark/DSC_1175.tif,3,3,1,3,5,6,2276,2520,540,784
/Volumes/Mark-Banfield/Josh_Williams/Scoring_20Oct/Mark/DSC_1175.tif,3,3,1,3,6,6,2158,2376,360,578
/Volumes/Mark-Banfield/Josh_Williams/Scoring_20Oct/Mark/DSC_1175.tif,3,3,2,2,1,6,1197,1441,1484,1728
/Volumes/Mark-Banfield/Josh_Williams/Scoring_20Oct/Mark/DSC_1175.tif,3,3,2,2,2,0,1033,1329,1778,2074
/Volumes/Mark-Banfield/Josh_Williams/Scoring_20Oct/Mark/DSC_1175.tif,3,3,2,2,3,0,1020,1408,2009,2397
/Volumes/Mark-Banfield/Josh_Williams/Scoring_20Oct/Mark/DSC_1175.tif,3,3,2,2,4,0,1678,2022,2011,2355
/Volumes/Mark-Banfield/Josh_Williams/Scoring_20Oct/Mark/DSC_1175.tif,3,3,2,2,5,4,1644,1904,1695,1955
/Volumes/Mark-Banfield/Josh_Williams/Scoring_20Oct/Mark/DSC_1175.tif,3,3,2,2,6,5,1518,1770,1484,1736
/Volumes/Mark-Banfield/Josh_Williams/Scoring_20Oct/Mark/DSC_1175.tif,3,3,3,1,1,5,540,792,2705,2957
/Volumes/Mark-Banfield/Josh_Williams/Scoring_20Oct/Mark/DSC_1175.tif,3,3,3,1,2,6,405,633,2924,3152
/Volumes/Mark-Banfield/Josh_Williams/Scoring_20Oct/Mark/DSC_1175.tif,3,3,3,1,3,0,322,708,3169,3555
/Volumes/Mark-Banfield/Josh_Williams/Scoring_20Oct/Mark/DSC_1175.tif,3,3,3,1,4,0,996,1332,3207,3543
/Volumes/Mark-Banfield/Josh_Williams/Scoring_20Oct/Mark/DSC_1175.tif,3,3,3,1,5,0,928,1214,2891,3177
/Volumes/Mark-Banfield/Josh_Williams/Scoring_20Oct/Mark/DSC_1175.tif,3,3,3,1,6,4,822,1116,2630,2924
/Volumes/Mark-Banfield/Josh_Williams/Scoring_20Oct/Mark/DSC_1175.tif,3,3,3,3,1,0,1998,2276,2696,2974
/Volumes/Mark-Banfield/Josh_Williams/Scoring_20Oct/Mark/DSC_1175.tif,3,3,3,3,2,6,1880,2234,2991,3345
/Volumes/Mark-Banfield/Josh_Williams/Scoring_20Oct/Mark/DSC_1175.tif,3,3,3,3,3,6,2103,2415,3328,3640
/Volumes/Mark-Banfield/Josh_Williams/Scoring_20Oct/Mark/DSC_1175.tif,3,3,3,3,4,0,2519,2823,3176,3480
/Volumes/Mark-Banfield/Josh_Williams/Scoring_20Oct/Mark/DSC_1175.tif,3,3,3,3,5,0,2428,2756,2874,3202
/Volumes/Mark-Banfield/Josh_Williams/Scoring_20Oct/Mark/DSC_1175.tif,3,3,3,3,6,0,2317,2629,2578,2890
/Volumes/Mark-Banfield/Josh_Williams/Scoring_20Oct/Mark/DSC_7584.TIF,3,2,1,1,1,0,996,1324,182,510
/Volumes/Mark-Banfield/Josh_Williams/Scoring_20Oct/Mark/DSC_7584.TIF,3,2,1,1,2,0,844,1206,439,801
/Volumes/Mark-Banfield/Josh_Williams/Scoring_20Oct/Mark/DSC_7584.TIF,3,2,1,1,3,0,894,1290,768,1164
/Volumes/Mark-Banfield/Josh_Williams/Scoring_20Oct/Mark/DSC_7584.TIF,3,2,1,1,4,0,1500,1862,801,1163
/Volumes/Mark-Banfield/Josh_Williams/Scoring_20Oct/Mark/DSC_7584.TIF,3,2,1,1,5,0,1471,1791,448,768
/Volumes/Mark-Banfield/Josh_Williams/Scoring_20Oct/Mark/DSC_7584.TIF,3,2,1,1,6,0,1348,1644,135,431
/Volumes/Mark-Banfield/Josh_Williams/Scoring_20Oct/Mark/DSC_7584.TIF,3,2,2,1,1,0,826,1146,1429,1749
/Volumes/Mark-Banfield/Josh_Williams/Scoring_20Oct/Mark/DSC_7584.TIF,3,2,2,1,2,0,586,974,1762,2150
/Volumes/Mark-Banfield/Josh_Williams/Scoring_20Oct/Mark/DSC_7584.TIF,3,2,2,1,3,0,502,948,2124,2570
/Volumes/Mark-Banfield/Josh_Williams/Scoring_20Oct/Mark/DSC_7584.TIF,3,2,2,1,4,0,1316,1720,2132,2536
/Volumes/Mark-Banfield/Josh_Williams/Scoring_20Oct/Mark/DSC_7584.TIF,3,2,2,1,5,0,1316,1686,1670,2040
/Volumes/Mark-Banfield/Josh_Williams/Scoring_20Oct/Mark/DSC_7584.TIF,3,2,2,1,6,0,1087,1459,1390,1762
/Volumes/Mark-Banfield/Josh_Williams/Scoring_20Oct/Mark/DSC_7584.TIF,3,2,2,2,1,0,2162,2432,1206,1476
/Volumes/Mark-Banfield/Josh_Williams/Scoring_20Oct/Mark/DSC_7584.TIF,3,2,2,2,2,0,1964,2344,1424,1804
/Volumes/Mark-Banfield/Josh_Williams/Scoring_20Oct/Mark/DSC_7584.TIF,3,2,2,2,3,0,1993,2315,1828,2150
/Volumes/Mark-Banfield/Josh_Williams/Scoring_20Oct/Mark/DSC_7584.TIF,3,2,2,2,4,0,2536,2840,1795,2099
/Volumes/Mark-Banfield/Josh_Williams/Scoring_20Oct/Mark/DSC_7584.TIF,3,2,2,2,5,0,2478,2822,1400,1744
/Volumes/Mark-Banfield/Josh_Williams/Scoring_20Oct/Mark/DSC_7584.TIF,3,2,2,2,6,0,2343,2679,1046,1382
/Volumes/Mark-Banfield/Josh_Williams/Scoring_20Oct/Mark/DSC_7584.TIF,3,2,3,1,1,0,898,1260,2832,3194
/Volumes/Mark-Banfield/Josh_Williams/Scoring_20Oct/Mark/DSC_7584.TIF,3,2,3,1,2,0,574,1038,3168,3632
/Volumes/Mark-Banfield/Josh_Williams/Scoring_20Oct/Mark/DSC_7584.TIF,3,2,3,1,3,0,514,1004,3559,4049
/Volumes/Mark-Banfield/Josh_Williams/Scoring_20Oct/Mark/DSC_7584.TIF,3,2,3,1,4,0,1248,1728,3682,4162
/Volumes/Mark-Banfield/Josh_Williams/Scoring_20Oct/Mark/DSC_7584.TIF,3,2,3,1,5,0,1365,1745,3336,3716
/Volumes/Mark-Banfield/Josh_Williams/Scoring_20Oct/Mark/DSC_7584.TIF,3,2,3,1,6,0,1214,1610,2908,3304
/Volumes/Mark-Banfield/Josh_Williams/Scoring_20Oct/Mark/DSC_7584.TIF,3,2,3,2,1,0,2237,2559,2780,3102
/Volumes/Mark-Banfield/Josh_Williams/Scoring_20Oct/Mark/DSC_7584.TIF,3,2,3,2,2,0,2032,2402,2984,3354
/Volumes/Mark-Banfield/Josh_Williams/Scoring_20Oct/Mark/DSC_7584.TIF,3,2,3,2,3,0,1914,2326,3304,3716
/Volumes/Mark-Banfield/Josh_Williams/Scoring_20Oct/Mark/DSC_7584.TIF,3,2,3,2,4,0,2630,2984,3324,3678
/Volumes/Mark-Banfield/Josh_Williams/Scoring_20Oct/Mark/DSC_7584.TIF,3,2,3,2,5,0,2596,2966,2962,3332
/Volumes/Mark-Banfield/Josh_Williams/Scoring_20Oct/Mark/DSC_7584.TIF,3,2,3,2,6,0,2503,2857,2654,3008
/Volumes/Mark-Banfield/Josh_Williams/Scoring_20Oct/Mark/DSC_0804.tif,3,3,1,1,1,0,768,1088,296,616
/Volumes/Mark-Banfield/Josh_Williams/Scoring_20Oct/Mark/DSC_0804.tif,3,3,1,1,2,0,490,860,544,914
/Volumes/Mark-Banfield/Josh_Williams/Scoring_20Oct/Mark/DSC_0804.tif,3,3,1,1,3,0,380,818,839,1277
/Volumes/Mark-Banfield/Josh_Williams/Scoring_20Oct/Mark/DSC_0804.tif,3,3,1,1,4,3,1070,1374,869,1173
/Volumes/Mark-Banfield/Josh_Williams/Scoring_20Oct/Mark/DSC_0804.tif,3,3,1,1,5,5,1034,1294,642,902
/Volumes/Mark-Banfield/Josh_Williams/Scoring_20Oct/Mark/DSC_0804.tif,3,3,1,1,6,5,1058,1336,354,632
/Volumes/Mark-Banfield/Josh_Williams/Scoring_20Oct/Mark/DSC_0804.tif,3,3,1,2,1,6,2182,2452,460,730
/Volumes/Mark-Banfield/Josh_Williams/Scoring_20Oct/Mark/DSC_0804.tif,3,3,1,2,2,0,1964,2376,680,1092
/Volumes/Mark-Banfield/Josh_Williams/Scoring_20Oct/Mark/DSC_0804.tif,3,3,1,2,3,0,1956,2352,1016,1412
/Volumes/Mark-Banfield/Josh_Williams/Scoring_20Oct/Mark/DSC_0804.tif,3,3,1,2,4,0,2546,2790,1024,1268
/Volumes/Mark-Banfield/Josh_Williams/Scoring_20Oct/Mark/DSC_0804.tif,3,3,1,2,5,3,2428,2738,714,1024
/Volumes/Mark-Banfield/Josh_Williams/Scoring_20Oct/Mark/DSC_0804.tif,3,3,1,2,6,4,2440,2710,490,760
/Volumes/Mark-Banfield/Josh_Williams/Scoring_20Oct/Mark/DSC_0804.tif,3,3,2,2,1,5,1459,1711,1728,1980
/Volumes/Mark-Banfield/Josh_Williams/Scoring_20Oct/Mark/DSC_0804.tif,3,3,2,2,2,6,1366,1660,2014,2308
/Volumes/Mark-Banfield/Josh_Williams/Scoring_20Oct/Mark/DSC_0804.tif,3,3,2,2,3,0,1374,1712,2275,2613
/Volumes/Mark-Banfield/Josh_Williams/Scoring_20Oct/Mark/DSC_0804.tif,3,3,2,2,4,0,1846,2150,2145,2449
/Volumes/Mark-Banfield/Josh_Williams/Scoring_20Oct/Mark/DSC_0804.tif,3,3,2,2,5,0,1736,2048,1888,2200
/Volumes/Mark-Banfield/Josh_Williams/Scoring_20Oct/Mark/DSC_0804.tif,3,3,2,2,6,2,1674,1926,1678,1930
/Volumes/Mark-Banfield/Josh_Williams/Scoring_20Oct/Mark/DSC_0804.tif,3,3,3,1,1,0,540,826,2658,2944
/Volumes/Mark-Banfield/Josh_Williams/Scoring_20Oct/Mark/DSC_0804.tif,3,3,3,1,2,2,380,760,2957,3337
/Volumes/Mark-Banfield/Josh_Williams/Scoring_20Oct/Mark/DSC_0804.tif,3,3,3,1,3,3,414,768,3392,3746
/Volumes/Mark-Banfield/Josh_Williams/Scoring_20Oct/Mark/DSC_0804.tif,3,3,3,1,4,0,1036,1366,3336,3666
/Volumes/Mark-Banfield/Josh_Williams/Scoring_20Oct/Mark/DSC_0804.tif,3,3,3,1,5,0,978,1316,2927,3265
/Volumes/Mark-Banfield/Josh_Williams/Scoring_20Oct/Mark/DSC_0804.tif,3,3,3,1,6,0,839,1117,2654,2932
/Volumes/Mark-Banfield/Josh_Williams/Scoring_20Oct/Mark/DSC_0804.tif,3,3,3,3,1,0,2258,2554,2805,3101
/Volumes/Mark-Banfield/Josh_Williams/Scoring_20Oct/Mark/DSC_0804.tif,3,3,3,3,2,2,2032,2376,3064,3408
/Volumes/Mark-Banfield/Josh_Williams/Scoring_20Oct/Mark/DSC_0804.tif,3,3,3,3,3,5,1980,2292,3421,3733
/Volumes/Mark-Banfield/Josh_Williams/Scoring_20Oct/Mark/DSC_0804.tif,3,3,3,3,4,3,2485,2789,3488,3792
/Volumes/Mark-Banfield/Josh_Williams/Scoring_20Oct/Mark/DSC_0804.tif,3,3,3,3,5,0,2563,2891,3126,3454
/Volumes/Mark-Banfield/Josh_Williams/Scoring_20Oct/Mark/DSC_0804.tif,3,3,3,3,6,0,2563,2899,2790,3126
/Volumes/Mark-Banfield/Josh_Williams/Scoring_20Oct/Mark/DSC_0805.tif,3,3,1,1,1,0,477,797,380,700
/Volumes/Mark-Banfield/Josh_Williams/Scoring_20Oct/Mark/DSC_0805.tif,3,3,1,1,2,0,346,700,733,1087
/Volumes/Mark-Banfield/Josh_Williams/Scoring_20Oct/Mark/DSC_0805.tif,3,3,1,1,3,0,346,760,1028,1442
/Volumes/Mark-Banfield/Josh_Williams/Scoring_20Oct/Mark/DSC_0805.tif,3,3,1,1,4,3,1004,1332,953,1281
/Volumes/Mark-Banfield/Josh_Williams/Scoring_20Oct/Mark/DSC_0805.tif,3,3,1,1,5,5,962,1248,650,936
/Volumes/Mark-Banfield/Josh_Williams/Scoring_20Oct/Mark/DSC_0805.tif,3,3,1,1,6,6,794,1104,364,674
/Volumes/Mark-Banfield/Josh_Williams/Scoring_20Oct/Mark/DSC_0805.tif,3,3,1,3,1,0,1938,2318,325,705
/Volumes/Mark-Banfield/Josh_Williams/Scoring_20Oct/Mark/DSC_0805.tif,3,3,1,3,2,0,1786,2166,691,1071
/Volumes/Mark-Banfield/Josh_Williams/Scoring_20Oct/Mark/DSC_0805.tif,3,3,1,3,3,4,1754,2158,1033,1437
/Volumes/Mark-Banfield/Josh_Williams/Scoring_20Oct/Mark/DSC_0805.tif,3,3,1,3,4,5,2384,2722,1100,1438
/Volumes/Mark-Banfield/Josh_Williams/Scoring_20Oct/Mark/DSC_0805.tif,3,3,1,3,5,6,2376,2670,768,1062
/Volumes/Mark-Banfield/Josh_Williams/Scoring_20Oct/Mark/DSC_0805.tif,3,3,1,3,6,0,2326,2620,524,818
/Volumes/Mark-Banfield/Josh_Williams/Scoring_20Oct/Mark/DSC_0805.tif,3,3,2,2,1,6,1332,1610,1728,2006
/Volumes/Mark-Banfield/Josh_Williams/Scoring_20Oct/Mark/DSC_0805.tif,3,3,2,2,2,0,1172,1526,2022,2376
/Volumes/Mark-Banfield/Josh_Williams/Scoring_20Oct/Mark/DSC_0805.tif,3,3,2,2,3,0,1138,1534,2394,2790
/Volumes/Mark-Banfield/Josh_Williams/Scoring_20Oct/Mark/DSC_0805.tif,3,3,2,2,4,0,1702,2056,2267,2621
/Volumes/Mark-Banfield/Josh_Williams/Scoring_20Oct/Mark/DSC_0805.tif,3,3,2,2,5,4,1712,1980,2011,2279
/Volumes/Mark-Banfield/Josh_Williams/Scoring_20Oct/Mark/DSC_0805.tif,3,3,2,2,6,6,1640,1926,1694,1980
/Volumes/Mark-Banfield/Josh_Williams/Scoring_20Oct/Mark/DSC_0805.tif,3,3,3,1,1,5,524,784,3072,3332
/Volumes/Mark-Banfield/Josh_Williams/Scoring_20Oct/Mark/DSC_0805.tif,3,3,3,1,2,6,574,818,3354,3598
/Volumes/Mark-Banfield/Josh_Williams/Scoring_20Oct/Mark/DSC_0805.tif,3,3,3,1,3,1,469,763,3700,3994
/Volumes/Mark-Banfield/Josh_Williams/Scoring_20Oct/Mark/DSC_0805.tif,3,3,3,1,4,0,962,1282,3556,3876
/Volumes/Mark-Banfield/Josh_Williams/Scoring_20Oct/Mark/DSC_0805.tif,3,3,3,1,5,0,878,1164,3278,3564
/Volumes/Mark-Banfield/Josh_Williams/Scoring_20Oct/Mark/DSC_0805.tif,3,3,3,1,6,4,776,1054,3000,3278
/Volumes/Mark-Banfield/Josh_Williams/Scoring_20Oct/Mark/DSC_0805.tif,3,3,3,3,1,3,2229,2515,3008,3294
/Volumes/Mark-Banfield/Josh_Williams/Scoring_20Oct/Mark/DSC_0805.tif,3,3,3,3,2,5,2124,2428,3286,3590
/Volumes/Mark-Banfield/Josh_Williams/Scoring_20Oct/Mark/DSC_0805.tif,3,3,3,3,3,5,2056,2368,3581,3893
/Volumes/Mark-Banfield/Josh_Williams/Scoring_20Oct/Mark/DSC_0805.tif,3,3,3,3,4,0,2620,2984,3539,3903
/Volumes/Mark-Banfield/Josh_Williams/Scoring_20Oct/Mark/DSC_0805.tif,3,3,3,3,5,0,2588,2932,3249,3593
/Volumes/Mark-Banfield/Josh_Williams/Scoring_20Oct/Mark/DSC_0805.tif,3,3,3,3,6,0,2580,2874,2958,3252
/Volumes/Mark-Banfield/Josh_Williams/Scoring_20Oct/Mark/DSC_1592.tif,2,5,1,1,1,1,584,802,501,719
/Volumes/Mark-Banfield/Josh_Williams/Scoring_20Oct/Mark/DSC_1592.tif,2,5,1,1,2,0,578,814,696,932
/Volumes/Mark-Banfield/Josh_Williams/Scoring_20Oct/Mark/DSC_1592.tif,2,5,1,1,3,0,442,710,904,1172
/Volumes/Mark-Banfield/Josh_Williams/Scoring_20Oct/Mark/DSC_1592.tif,2,5,1,1,4,0,848,1116,912,1180
/Volumes/Mark-Banfield/Josh_Williams/Scoring_20Oct/Mark/DSC_1592.tif,2,5,1,1,5,4,820,1084,682,946
/Volumes/Mark-Banfield/Josh_Williams/Scoring_20Oct/Mark/DSC_1592.tif,2,5,1,1,6,4,794,1020,488,714
/Volumes/Mark-Banfield/Josh_Williams/Scoring_20Oct/Mark/DSC_1592.tif,2,5,1,2,1,5,1392,1610,422,640
/Volumes/Mark-Banfield/Josh_Williams/Scoring_20Oct/Mark/DSC_1592.tif,2,5,1,2,2,0,1336,1570,638,872
/Volumes/Mark-Banfield/Josh_Williams/Scoring_20Oct/Mark/DSC_1592.tif,2,5,1,2,3,0,1318,1616,880,1178
/Volumes/Mark-Banfield/Josh_Williams/Scoring_20Oct/Mark/DSC_1592.tif,2,5,1,2,4,0,1706,2026,823,1143
/Volumes/Mark-Banfield/Josh_Williams/Scoring_20Oct/Mark/DSC_1592.tif,2,5,1,2,5,0,1666,1918,573,825
/Volumes/Mark-Banfield/Josh_Williams/Scoring_20Oct/Mark/DSC_1592.tif,2,5,1,2,6,3,1571,1795,400,624
/Volumes/Mark-Banfield/Josh_Williams/Scoring_20Oct/Mark/DSC_1592.tif,2,5,1,3,1,5,2244,2468,478,702
/Volumes/Mark-Banfield/Josh_Williams/Scoring_20Oct/Mark/DSC_1592.tif,2,5,1,3,2,5,2176,2396,637,857
/Volumes/Mark-Banfield/Josh_Williams/Scoring_20Oct/Mark/DSC_1592.tif,2,5,1,3,3,2,2222,2456,820,1054
/Volumes/Mark-Banfield/Josh_Williams/Scoring_20Oct/Mark/DSC_1592.tif,2,5,1,3,4,0,2540,2760,802,1022
/Volumes/Mark-Banfield/Josh_Williams/Scoring_20Oct/Mark/DSC_1592.tif,2,5,1,3,5,0,2530,2782,578,830
/Volumes/Mark-Banfield/Josh_Williams/Scoring_20Oct/Mark/DSC_1592.tif,2,5,1,3,6,0,2422,2636,404,618
/Volumes/Mark-Banfield/Josh_Williams/Scoring_20Oct/Mark/DSC_1592.tif,2,5,1,4,1,0,3034,3292,456,714
/Volumes/Mark-Banfield/Josh_Williams/Scoring_20Oct/Mark/DSC_1592.tif,2,5,1,4,2,4,2990,3230,717,957
/Volumes/Mark-Banfield/Josh_Williams/Scoring_20Oct/Mark/DSC_1592.tif,2,5,1,4,3,3,3080,3276,899,1095
/Volumes/Mark-Banfield/Josh_Williams/Scoring_20Oct/Mark/DSC_1592.tif,2,5,1,4,4,0,3314,3550,780,1016
/Volumes/Mark-Banfield/Josh_Williams/Scoring_20Oct/Mark/DSC_1592.tif,2,5,1,4,5,0,3376,3646,541,811
/Volumes/Mark-Banfield/Josh_Williams/Scoring_20Oct/Mark/DSC_1592.tif,2,5,1,4,6,0,3253,3477,404,628
/Volumes/Mark-Banfield/Josh_Williams/Scoring_20Oct/Mark/DSC_1592.tif,2,5,1,5,1,0,3988,4194,476,682
/Volumes/Mark-Banfield/Josh_Williams/Scoring_20Oct/Mark/DSC_1592.tif,2,5,1,5,2,0,3833,4091,652,910
/Volumes/Mark-Banfield/Josh_Williams/Scoring_20Oct/Mark/DSC_1592.tif,2,5,1,5,3,4,3830,4128,850,1148
/Volumes/Mark-Banfield/Josh_Williams/Scoring_20Oct/Mark/DSC_1592.tif,2,5,1,5,4,5,4156,4408,834,1086
/Volumes/Mark-Banfield/Josh_Williams/Scoring_20Oct/Mark/DSC_1592.tif,2,5,1,5,5,3,4197,4405,662,870
/Volumes/Mark-Banfield/Josh_Williams/Scoring_20Oct/Mark/DSC_1592.tif,2,5,1,5,6,5,4220,4428,472,680
/Volumes/Mark-Banfield/Josh_Williams/Scoring_20Oct/Mark/DSC_1592.tif,2,5,2,1,1,0,646,842,1689,1885
/Volumes/Mark-Banfield/Josh_Williams/Scoring_20Oct/Mark/DSC_1592.tif,2,5,2,1,2,0,556,798,1865,2107
/Volumes/Mark-Banfield/Josh_Williams/Scoring_20Oct/Mark/DSC_1592.tif,2,5,2,1,3,0,562,820,2081,2339
/Volumes/Mark-Banfield/Josh_Williams/Scoring_20Oct/Mark/DSC_1592.tif,2,5,2,1,4,3,854,1140,2005,2291
/Volumes/Mark-Banfield/Josh_Williams/Scoring_20Oct/Mark/DSC_1592.tif,2,5,2,1,5,6,882,1128,1796,2042
/Volumes/Mark-Banfield/Josh_Williams/Scoring_20Oct/Mark/DSC_1592.tif,2,5,2,1,6,6,822,1046,1622,1846
/Volumes/Mark-Banfield/Josh_Williams/Scoring_20Oct/Mark/DSC_1592.tif,2,5,2,2,1,3,1358,1598,1593,1833
/Volumes/Mark-Banfield/Josh_Williams/Scoring_20Oct/Mark/DSC_1592.tif,2,5,2,2,2,0,1240,1548,1754,2062
/Volumes/Mark-Banfield/Josh_Williams/Scoring_20Oct/Mark/DSC_1592.tif,2,5,2,2,3,0,1240,1538,2000,2298
/Volumes/Mark-Banfield/Josh_Williams/Scoring_20Oct/Mark/DSC_1592.tif,2,5,2,2,4,0,1666,1958,1989,2281
/Volumes/Mark-Banfield/Josh_Williams/Scoring_20Oct/Mark/DSC_1592.tif,2,5,2,2,5,4,1637,1891,1744,1998
/Volumes/Mark-Banfield/Josh_Williams/Scoring_20Oct/Mark/DSC_1592.tif,2,5,2,2,6,5,1607,1831,1554,1778
/Volumes/Mark-Banfield/Josh_Williams/Scoring_20Oct/Mark/DSC_1592.tif,2,5,2,3,1,6,2168,2336,1622,1790
/Volumes/Mark-Banfield/Josh_Williams/Scoring_20Oct/Mark/DSC_1592.tif,2,5,2,3,2,0,2110,2328,1804,2022
/Volumes/Mark-Banfield/Josh_Williams/Scoring_20Oct/Mark/DSC_1592.tif,2,5,2,3,3,0,2061,2297,2014,2250
/Volumes/Mark-Banfield/Josh_Williams/Scoring_20Oct/Mark/DSC_1592.tif,2,5,2,3,4,0,2452,2698,2048,2294
/Volumes/Mark-Banfield/Josh_Williams/Scoring_20Oct/Mark/DSC_1592.tif,2,5,2,3,5,0,2340,2592,1798,2050
/Volumes/Mark-Banfield/Josh_Williams/Scoring_20Oct/Mark/DSC_1592.tif,2,5,2,3,6,5,2294,2530,1621,1857
/Volumes/Mark-Banfield/Josh_Williams/Scoring_20Oct/Mark/DSC_1592.tif,2,5,2,4,1,6,2942,3206,1588,1852
/Volumes/Mark-Banfield/Josh_Williams/Scoring_20Oct/Mark/DSC_1592.tif,2,5,2,4,2,5,2894,3196,1810,2112
/Volumes/Mark-Banfield/Josh_Williams/Scoring_20Oct/Mark/DSC_1592.tif,2,5,2,4,3,0,2906,3152,2056,2302
/Volumes/Mark-Banfield/Josh_Williams/Scoring_20Oct/Mark/DSC_1592.tif,2,5,2,4,4,0,3292,3624,1994,2326
/Volumes/Mark-Banfield/Josh_Williams/Scoring_20Oct/Mark/DSC_1592.tif,2,5,2,4,5,0,3242,3578,1695,2031
/Volumes/Mark-Banfield/Josh_Williams/Scoring_20Oct/Mark/DSC_1592.tif,2,5,2,4,6,0,3217,3469,1532,1784
/Volumes/Mark-Banfield/Josh_Williams/Scoring_20Oct/Mark/DSC_1592.tif,2,5,2,5,1,0,3909,4139,1622,1852
/Volumes/Mark-Banfield/Josh_Williams/Scoring_20Oct/Mark/DSC_1592.tif,2,5,2,5,2,4,3914,4172,1829,2087
/Volumes/Mark-Banfield/Josh_Williams/Scoring_20Oct/Mark/DSC_1592.tif,2,5,2,5,3,3,3892,4106,2098,2312
/Volumes/Mark-Banfield/Josh_Williams/Scoring_20Oct/Mark/DSC_1592.tif,2,5,2,5,4,2,4246,4480,2015,2249
/Volumes/Mark-Banfield/Josh_Williams/Scoring_20Oct/Mark/DSC_1592.tif,2,5,2,5,5,1,4172,4442,1758,2028
/Volumes/Mark-Banfield/Josh_Williams/Scoring_20Oct/Mark/DSC_1592.tif,2,5,2,5,6,0,4123,4341,1566,1784
/Volumes/Mark-Banfield/Josh_Williams/Scoring_20Oct/Mark/DSC_8269.tif,3,3,1,1,1,0,600,936,351,687
/Volumes/Mark-Banfield/Josh_Williams/Scoring_20Oct/Mark/DSC_8269.tif,3,3,1,1,2,0,422,760,623,961
/Volumes/Mark-Banfield/Josh_Williams/Scoring_20Oct/Mark/DSC_8269.tif,3,3,1,1,3,6,498,902,868,1272
/Volumes/Mark-Banfield/Josh_Williams/Scoring_20Oct/Mark/DSC_8269.tif,3,3,1,1,4,6,1054,1382,890,1218
/Volumes/Mark-Banfield/Josh_Williams/Scoring_20Oct/Mark/DSC_8269.tif,3,3,1,1,5,6,1020,1348,599,927
/Volumes/Mark-Banfield/Josh_Williams/Scoring_20Oct/Mark/DSC_8269.tif,3,3,1,1,6,6,920,1214,388,682
/Volumes/Mark-Banfield/Josh_Williams/Scoring_20Oct/Mark/DSC_8269.tif,3,3,1,3,1,6,2045,2313,642,910
/Volumes/Mark-Banfield/Josh_Williams/Scoring_20Oct/Mark/DSC_8269.tif,3,3,1,3,2,0,1930,2326,835,1231
/Volumes/Mark-Banfield/Josh_Williams/Scoring_20Oct/Mark/DSC_8269.tif,3,3,1,3,3,0,1946,2376,1155,1585
/Volumes/Mark-Banfield/Josh_Williams/Scoring_20Oct/Mark/DSC_8269.tif,3,3,1,3,4,6,2394,2756,1101,1463
/Volumes/Mark-Banfield/Josh_Williams/Scoring_20Oct/Mark/DSC_8269.tif,3,3,1,3,5,6,2360,2638,868,1146
/Volumes/Mark-Banfield/Josh_Williams/Scoring_20Oct/Mark/DSC_8269.tif,3,3,1,3,6,6,2268,2546,620,898
/Volumes/Mark-Banfield/Josh_Williams/Scoring_20Oct/Mark/DSC_8269.tif,3,3,2,2,1,6,1324,1644,1766,2086
/Volumes/Mark-Banfield/Josh_Williams/Scoring_20Oct/Mark/DSC_8269.tif,3,3,2,2,2,6,1256,1560,1980,2284
/Volumes/Mark-Banfield/Josh_Williams/Scoring_20Oct/Mark/DSC_8269.tif,3,3,2,2,3,6,1206,1476,2174,2444
/Volumes/Mark-Banfield/Josh_Williams/Scoring_20Oct/Mark/DSC_8269.tif,3,3,2,2,4,0,1690,1934,2200,2444
/Volumes/Mark-Banfield/Josh_Williams/Scoring_20Oct/Mark/DSC_8269.tif,3,3,2,2,5,6,1754,2022,1935,2203
/Volumes/Mark-Banfield/Josh_Williams/Scoring_20Oct/Mark/DSC_8269.tif,3,3,2,2,6,6,1602,1854,1736,1988
/Volumes/Mark-Banfield/Josh_Williams/Scoring_20Oct/Mark/DSC_8269.tif,3,3,3,1,1,6,498,742,2950,3194
/Volumes/Mark-Banfield/Josh_Williams/Scoring_20Oct/Mark/DSC_8269.tif,3,3,3,1,2,6,464,776,3135,3447
/Volumes/Mark-Banfield/Josh_Williams/Scoring_20Oct/Mark/DSC_8269.tif,3,3,3,1,3,6,524,826,3375,3677
/Volumes/Mark-Banfield/Josh_Williams/Scoring_20Oct/Mark/DSC_8269.tif,3,3,3,1,4,0,902,1256,3210,3564
/Volumes/Mark-Banfield/Josh_Williams/Scoring_20Oct/Mark/DSC_8269.tif,3,3,3,1,5,0,818,1096,2971,3249
/Volumes/Mark-Banfield/Josh_Williams/Scoring_20Oct/Mark/DSC_8269.tif,3,3,3,1,6,6,658,886,2839,3067
/Volumes/Mark-Banfield/Josh_Williams/Scoring_20Oct/Mark/DSC_8269.tif,3,3,3,3,1,6,2150,2444,2967,3261
/Volumes/Mark-Banfield/Josh_Williams/Scoring_20Oct/Mark/DSC_8269.tif,3,3,3,3,2,6,2048,2384,3257,3593
/Volumes/Mark-Banfield/Josh_Williams/Scoring_20Oct/Mark/DSC_8269.tif,3,3,3,3,3,6,2056,2460,3506,3910
/Volumes/Mark-Banfield/Josh_Williams/Scoring_20Oct/Mark/DSC_8269.tif,3,3,3,3,4,6,2502,2916,3441,3855
/Volumes/Mark-Banfield/Josh_Williams/Scoring_20Oct/Mark/DSC_8269.tif,3,3,3,3,5,0,2494,2848,3122,3476
/Volumes/Mark-Banfield/Josh_Williams/Scoring_20Oct/Mark/DSC_8269.tif,3,3,3,3,6,0,2410,2790,2852,3232
/Volumes/Mark-Banfield/Josh_Williams/Scoring_20Oct/Mark/DSC_7811.tif,2,2,1,1,1,0,1212,1548,674,1010
/Volumes/Mark-Banfield/Josh_Williams/Scoring_20Oct/Mark/DSC_7811.tif,2,2,1,1,2,0,1203,1551,1032,1380
/Volumes/Mark-Banfield/Josh_Williams/Scoring_20Oct/Mark/DSC_7811.tif,2,2,1,1,3,3,1607,1977,1028,1398
/Volumes/Mark-Banfield/Josh_Williams/Scoring_20Oct/Mark/DSC_7811.tif,2,2,1,1,4,5,1554,1902,687,1035
/Volumes/Mark-Banfield/Josh_Williams/Scoring_20Oct/Mark/DSC_7811.tif,2,2,1,2,1,0,3060,3396,456,792
/Volumes/Mark-Banfield/Josh_Williams/Scoring_20Oct/Mark/DSC_7811.tif,2,2,1,2,2,0,2962,3422,895,1355
/Volumes/Mark-Banfield/Josh_Williams/Scoring_20Oct/Mark/DSC_7811.tif,2,2,1,2,3,1,3460,3892,833,1265
/Volumes/Mark-Banfield/Josh_Williams/Scoring_20Oct/Mark/DSC_7811.tif,2,2,1,2,4,3,3379,3755,438,814
/Volumes/Mark-Banfield/Josh_Williams/Scoring_20Oct/Mark/DSC_7811.tif,2,2,2,1,1,0,1221,1663,1936,2378
/Volumes/Mark-Banfield/Josh_Williams/Scoring_20Oct/Mark/DSC_7811.tif,2,2,2,1,2,0,1145,1649,2406,2910
/Volumes/Mark-Banfield/Josh_Williams/Scoring_20Oct/Mark/DSC_7811.tif,2,2,2,1,3,1,1660,2126,2375,2841
/Volumes/Mark-Banfield/Josh_Williams/Scoring_20Oct/Mark/DSC_7811.tif,2,2,2,1,4,0,1652,2074,1946,2368
/Volumes/Mark-Banfield/Josh_Williams/Scoring_20Oct/Mark/DSC_7811.tif,2,2,2,2,1,0,3138,3496,1998,2356
/Volumes/Mark-Banfield/Josh_Williams/Scoring_20Oct/Mark/DSC_7811.tif,2,2,2,2,2,3,3118,3544,2373,2799
/Volumes/Mark-Banfield/Josh_Williams/Scoring_20Oct/Mark/DSC_7811.tif,2,2,2,2,3,5,3624,3976,2314,2666
/Volumes/Mark-Banfield/Josh_Williams/Scoring_20Oct/Mark/DSC_7811.tif,2,2,2,2,4,5,3502,3856,1968,2322
/Volumes/Mark-Banfield/Josh_Williams/Scoring_20Oct/Mark/DSC_4543.TIF,3,3,1,1,1,3,422,726,506,810
/Volumes/Mark-Banfield/Josh_Williams/Scoring_20Oct/Mark/DSC_4543.TIF,3,3,1,1,2,0,262,590,814,1142
/Volumes/Mark-Banfield/Josh_Williams/Scoring_20Oct/Mark/DSC_4543.TIF,3,3,1,1,3,0,228,674,1105,1551
/Volumes/Mark-Banfield/Josh_Williams/Scoring_20Oct/Mark/DSC_4543.TIF,3,3,1,1,4,4,826,1130,1087,1391
/Volumes/Mark-Banfield/Josh_Williams/Scoring_20Oct/Mark/DSC_4543.TIF,3,3,1,1,5,4,784,1080,830,1126
/Volumes/Mark-Banfield/Josh_Williams/Scoring_20Oct/Mark/DSC_4543.TIF,3,3,1,1,6,4,718,1012,549,843
/Volumes/Mark-Banfield/Josh_Williams/Scoring_20Oct/Mark/DSC_4543.TIF,3,3,1,3,1,4,1837,2141,708,1012
/Volumes/Mark-Banfield/Josh_Williams/Scoring_20Oct/Mark/DSC_4543.TIF,3,3,1,3,2,5,1804,2158,957,1311
/Volumes/Mark-Banfield/Josh_Williams/Scoring_20Oct/Mark/DSC_4543.TIF,3,3,1,3,3,0,1712,2090,1295,1673
/Volumes/Mark-Banfield/Josh_Williams/Scoring_20Oct/Mark/DSC_4543.TIF,3,3,1,3,4,0,2300,2620,1197,1517
/Volumes/Mark-Banfield/Josh_Williams/Scoring_20Oct/Mark/DSC_4543.TIF,3,3,1,3,5,5,2150,2494,878,1222
/Volumes/Mark-Banfield/Josh_Williams/Scoring_20Oct/Mark/DSC_4543.TIF,3,3,1,3,6,4,2082,2376,642,936
/Volumes/Mark-Banfield/Josh_Williams/Scoring_20Oct/Mark/DSC_4543.TIF,3,3,2,2,1,5,1206,1442,2048,2284
/Volumes/Mark-Banfield/Josh_Williams/Scoring_20Oct/Mark/DSC_4543.TIF,3,3,2,2,2,4,1087,1365,2284,2562
/Volumes/Mark-Banfield/Josh_Williams/Scoring_20Oct/Mark/DSC_4543.TIF,3,3,2,2,3,0,1230,1476,2629,2875
/Volumes/Mark-Banfield/Josh_Williams/Scoring_20Oct/Mark/DSC_4543.TIF,3,3,2,2,4,0,1626,1972,2360,2706
/Volumes/Mark-Banfield/Josh_Williams/Scoring_20Oct/Mark/DSC_4543.TIF,3,3,2,2,5,0,1466,1778,2145,2457
/Volumes/Mark-Banfield/Josh_Williams/Scoring_20Oct/Mark/DSC_4543.TIF,3,3,2,2,6,4,1400,1660,1935,2195
/Volumes/Mark-Banfield/Josh_Williams/Scoring_20Oct/Mark/DSC_4543.TIF,3,3,3,1,1,4,270,582,3172,3484
/Volumes/Mark-Banfield/Josh_Williams/Scoring_20Oct/Mark/DSC_4543.TIF,3,3,3,1,2,4,220,490,3442,3712
/Volumes/Mark-Banfield/Josh_Williams/Scoring_20Oct/Mark/DSC_4543.TIF,3,3,3,1,3,4,288,632,3636,3980
/Volumes/Mark-Banfield/Josh_Williams/Scoring_20Oct/Mark/DSC_4543.TIF,3,3,3,1,4,5,818,1164,3514,3860
/Volumes/Mark-Banfield/Josh_Williams/Scoring_20Oct/Mark/DSC_4543.TIF,3,3,3,1,5,0,692,1020,3291,3619
/Volumes/Mark-Banfield/Josh_Williams/Scoring_20Oct/Mark/DSC_4543.TIF,3,3,3,1,6,0,556,860,3003,3307
/Volumes/Mark-Banfield/Josh_Williams/Scoring_20Oct/Mark/DSC_4543.TIF,3,3,3,3,1,0,1938,2216,3189,3467
/Volumes/Mark-Banfield/Josh_Williams/Scoring_20Oct/Mark/DSC_4543.TIF,3,3,3,3,2,3,1862,2182,3480,3800
/Volumes/Mark-Banfield/Josh_Williams/Scoring_20Oct/Mark/DSC_4543.TIF,3,3,3,3,3,3,1998,2326,3805,4133
/Volumes/Mark-Banfield/Josh_Williams/Scoring_20Oct/Mark/DSC_4543.TIF,3,3,3,3,4,3,2436,2730,3501,3795
/Volumes/Mark-Banfield/Josh_Williams/Scoring_20Oct/Mark/DSC_4543.TIF,3,3,3,3,5,4,2342,2638,3282,3578
/Volumes/Mark-Banfield/Josh_Williams/Scoring_20Oct/Mark/DSC_4543.TIF,3,3,3,3,6,0,2208,2520,3067,3379
/Volumes/Mark-Banfield/Josh_Williams/Scoring_20Oct/Mark/DSC_1556.tif,2,5,1,1,1,6,528,714,332,518
/Volumes/Mark-Banfield/Josh_Williams/Scoring_20Oct/Mark/DSC_1556.tif,2,5,1,1,2,0,438,674,449,685
/Volumes/Mark-Banfield/Josh_Williams/Scoring_20Oct/Mark/DSC_1556.tif,2,5,1,1,3,0,404,646,654,896
/Volumes/Mark-Banfield/Josh_Williams/Scoring_20Oct/Mark/DSC_1556.tif,2,5,1,1,4,6,686,938,612,864
/Volumes/Mark-Banfield/Josh_Williams/Scoring_20Oct/Mark/DSC_1556.tif,2,5,1,1,5,6,730,960,455,685
/Volumes/Mark-Banfield/Josh_Williams/Scoring_20Oct/Mark/DSC_1556.tif,2,5,1,1,6,0,714,920,290,496
/Volumes/Mark-Banfield/Josh_Williams/Scoring_20Oct/Mark/DSC_1556.tif,2,5,1,2,1,0,1312,1498,320,506
/Volumes/Mark-Banfield/Josh_Williams/Scoring_20Oct/Mark/DSC_1556.tif,2,5,1,2,2,6,1228,1458,455,685
/Volumes/Mark-Banfield/Josh_Williams/Scoring_20Oct/Mark/DSC_1556.tif,2,5,1,2,3,0,1282,1500,674,892
/Volumes/Mark-Banfield/Josh_Williams/Scoring_20Oct/Mark/DSC_1556.tif,2,5,1,2,4,0,1532,1772,649,889
/Volumes/Mark-Banfield/Josh_Williams/Scoring_20Oct/Mark/DSC_1556.tif,2,5,1,2,5,5,1526,1744,445,663
/Volumes/Mark-Banfield/Josh_Williams/Scoring_20Oct/Mark/DSC_1556.tif,2,5,1,2,6,6,1464,1672,286,494
/Volumes/Mark-Banfield/Josh_Williams/Scoring_20Oct/Mark/DSC_1556.tif,2,5,1,3,1,5,2064,2294,292,522
/Volumes/Mark-Banfield/Josh_Williams/Scoring_20Oct/Mark/DSC_1556.tif,2,5,1,3,2,2,2008,2226,486,704
/Volumes/Mark-Banfield/Josh_Williams/Scoring_20Oct/Mark/DSC_1556.tif,2,5,1,3,3,2,1986,2294,658,966
/Volumes/Mark-Banfield/Josh_Williams/Scoring_20Oct/Mark/DSC_1556.tif,2,5,1,3,4,0,2368,2642,612,886
/Volumes/Mark-Banfield/Josh_Williams/Scoring_20Oct/Mark/DSC_1556.tif,2,5,1,3,5,0,2340,2670,346,676
/Volumes/Mark-Banfield/Josh_Williams/Scoring_20Oct/Mark/DSC_1556.tif,2,5,1,3,6,2,2250,2518,197,465
/Volumes/Mark-Banfield/Josh_Williams/Scoring_20Oct/Mark/DSC_1556.tif,2,5,1,4,1,4,3000,3230,304,534
/Volumes/Mark-Banfield/Josh_Williams/Scoring_20Oct/Mark/DSC_1556.tif,2,5,1,4,2,5,2934,3158,492,716
/Volumes/Mark-Banfield/Josh_Williams/Scoring_20Oct/Mark/DSC_1556.tif,2,5,1,4,3,0,2962,3236,675,949
/Volumes/Mark-Banfield/Josh_Williams/Scoring_20Oct/Mark/DSC_1556.tif,2,5,1,4,4,3,3224,3510,612,898
/Volumes/Mark-Banfield/Josh_Williams/Scoring_20Oct/Mark/DSC_1556.tif,2,5,1,4,5,0,3270,3590,351,671
/Volumes/Mark-Banfield/Josh_Williams/Scoring_20Oct/Mark/DSC_1556.tif,2,5,1,4,6,0,3186,3444,217,475
/Volumes/Mark-Banfield/Josh_Williams/Scoring_20Oct/Mark/DSC_1556.tif,2,5,1,5,1,0,3892,4162,196,466
/Volumes/Mark-Banfield/Josh_Williams/Scoring_20Oct/Mark/DSC_1556.tif,2,5,1,5,2,3,3780,4066,430,716
/Volumes/Mark-Banfield/Josh_Williams/Scoring_20Oct/Mark/DSC_1556.tif,2,5,1,5,3,1,3909,4171,686,948
/Volumes/Mark-Banfield/Josh_Williams/Scoring_20Oct/Mark/DSC_1556.tif,2,5,1,5,4,0,4206,4486,691,971
/Volumes/Mark-Banfield/Josh_Williams/Scoring_20Oct/Mark/DSC_1556.tif,2,5,1,5,5,2,4200,4498,430,728
/Volumes/Mark-Banfield/Josh_Williams/Scoring_20Oct/Mark/DSC_1556.tif,2,5,1,5,6,0,4162,4436,164,438
/Volumes/Mark-Banfield/Josh_Williams/Scoring_20Oct/Mark/DSC_1556.tif,2,5,2,1,1,0,372,718,1521,1867
/Volumes/Mark-Banfield/Josh_Williams/Scoring_20Oct/Mark/DSC_1556.tif,2,5,2,1,2,0,304,590,1770,2056
/Volumes/Mark-Banfield/Josh_Williams/Scoring_20Oct/Mark/DSC_1556.tif,2,5,2,1,3,2,348,680,2016,2348
/Volumes/Mark-Banfield/Josh_Williams/Scoring_20Oct/Mark/DSC_1556.tif,2,5,2,1,4,3,718,1028,2069,2379
/Volumes/Mark-Banfield/Josh_Williams/Scoring_20Oct/Mark/DSC_1556.tif,2,5,2,1,5,0,746,1072,1804,2130
/Volumes/Mark-Banfield/Josh_Williams/Scoring_20Oct/Mark/DSC_1556.tif,2,5,2,1,6,5,714,976,1630,1892
/Volumes/Mark-Banfield/Josh_Williams/Scoring_20Oct/Mark/DSC_1556.tif,2,5,2,2,1,6,1324,1610,1598,1884
/Volumes/Mark-Banfield/Josh_Williams/Scoring_20Oct/Mark/DSC_1556.tif,2,5,2,2,2,0,1221,1489,1824,2092
/Volumes/Mark-Banfield/Josh_Williams/Scoring_20Oct/Mark/DSC_1556.tif,2,5,2,2,3,0,1324,1610,2059,2345
/Volumes/Mark-Banfield/Josh_Williams/Scoring_20Oct/Mark/DSC_1556.tif,2,5,2,2,4,1,1610,1980,2020,2390
/Volumes/Mark-Banfield/Josh_Williams/Scoring_20Oct/Mark/DSC_1556.tif,2,5,2,2,5,6,1688,1958,1820,2090
/Volumes/Mark-Banfield/Josh_Williams/Scoring_20Oct/Mark/DSC_1556.tif,2,5,2,2,6,0,1638,1908,1579,1849
/Volumes/Mark-Banfield/Josh_Williams/Scoring_20Oct/Mark/DSC_1556.tif,2,5,2,3,1,0,2272,2496,1568,1792
/Volumes/Mark-Banfield/Josh_Williams/Scoring_20Oct/Mark/DSC_1556.tif,2,5,2,3,2,4,2188,2468,1762,2042
/Volumes/Mark-Banfield/Josh_Williams/Scoring_20Oct/Mark/DSC_1556.tif,2,5,2,3,3,0,2154,2462,1983,2291
/Volumes/Mark-Banfield/Josh_Williams/Scoring_20Oct/Mark/DSC_1556.tif,2,5,2,3,4,0,2522,2836,1936,2250
/Volumes/Mark-Banfield/Josh_Williams/Scoring_20Oct/Mark/DSC_1556.tif,2,5,2,3,5,5,2540,2788,1710,1958
/Volumes/Mark-Banfield/Josh_Williams/Scoring_20Oct/Mark/DSC_1556.tif,2,5,2,3,6,6,2502,2698,1549,1745
/Volumes/Mark-Banfield/Josh_Williams/Scoring_20Oct/Mark/DSC_1556.tif,2,5,2,4,1,5,3096,3338,1618,1860
/Volumes/Mark-Banfield/Josh_Williams/Scoring_20Oct/Mark/DSC_1556.tif,2,5,2,4,2,0,3108,3354,1804,2050
/Volumes/Mark-Banfield/Josh_Williams/Scoring_20Oct/Mark/DSC_1556.tif,2,5,2,4,3,3,3071,3379,1998,2306
/Volumes/Mark-Banfield/Josh_Williams/Scoring_20Oct/Mark/DSC_1556.tif,2,5,2,4,4,0,3432,3724,1960,2252
/Volumes/Mark-Banfield/Josh_Williams/Scoring_20Oct/Mark/DSC_1556.tif,2,5,2,4,5,0,3388,3712,1686,2010
/Volumes/Mark-Banfield/Josh_Williams/Scoring_20Oct/Mark/DSC_1556.tif,2,5,2,4,6,5,3298,3556,1529,1787
/Volumes/Mark-Banfield/Josh_Williams/Scoring_20Oct/Mark/DSC_1556.tif,2,5,2,5,1,4,3966,4228,1647,1909
/Volumes/Mark-Banfield/Josh_Williams/Scoring_20Oct/Mark/DSC_1556.tif,2,5,2,5,2,4,3881,4145,1834,2098
/Volumes/Mark-Banfield/Josh_Williams/Scoring_20Oct/Mark/DSC_1556.tif,2,5,2,5,3,0,3990,4260,2070,2340
/Volumes/Mark-Banfield/Josh_Williams/Scoring_20Oct/Mark/DSC_1556.tif,2,5,2,5,4,3,4284,4564,2008,2288
/Volumes/Mark-Banfield/Josh_Williams/Scoring_20Oct/Mark/DSC_1556.tif,2,5,2,5,5,0,4290,4570,1776,2056
/Volumes/Mark-Banfield/Josh_Williams/Scoring_20Oct/Mark/DSC_1556.tif,2,5,2,5,6,0,4194,4486,1573,1865
/Volumes/Mark-Banfield/Josh_Williams/Scoring_20Oct/Mark/_DSC3042.TIF,3,3,1,1,1,3,714,1038,820,1144
/Volumes/Mark-Banfield/Josh_Williams/Scoring_20Oct/Mark/_DSC3042.TIF,3,3,1,1,2,2,724,1048,815,1139
/Volumes/Mark-Banfield/Josh_Williams/Scoring_20Oct/Mark/_DSC3042.TIF,3,3,1,1,3,0,582,914,1158,1490
/Volumes/Mark-Banfield/Josh_Williams/Scoring_20Oct/Mark/_DSC3042.TIF,3,3,1,1,4,0,696,1048,1524,1876
/Volumes/Mark-Banfield/Josh_Williams/Scoring_20Oct/Mark/_DSC3042.TIF,3,3,1,1,5,2,1086,1458,1514,1886
/Volumes/Mark-Banfield/Josh_Williams/Scoring_20Oct/Mark/_DSC3042.TIF,3,3,1,1,6,5,1144,1534,1162,1552
/Volumes/Mark-Banfield/Josh_Williams/Scoring_20Oct/Mark/_DSC3042.TIF,3,3,1,2,1,4,1033,1367,886,1220
/Volumes/Mark-Banfield/Josh_Williams/Scoring_20Oct/Mark/_DSC3042.TIF,3,3,1,3,1,3,2532,2838,1019,1325
/Volumes/Mark-Banfield/Josh_Williams/Scoring_20Oct/Mark/_DSC3042.TIF,3,3,1,3,2,0,2342,2676,1281,1615
/Volumes/Mark-Banfield/Josh_Williams/Scoring_20Oct/Mark/_DSC3042.TIF,3,3,1,3,3,2,2266,2686,1566,1986
/Volumes/Mark-Banfield/Josh_Williams/Scoring_20Oct/Mark/_DSC3042.TIF,3,3,1,3,4,0,2884,3370,1562,2048
/Volumes/Mark-Banfield/Josh_Williams/Scoring_20Oct/Mark/_DSC3042.TIF,3,3,1,3,5,0,2894,3352,1271,1729
/Volumes/Mark-Banfield/Josh_Williams/Scoring_20Oct/Mark/_DSC3042.TIF,3,3,1,3,6,6,2808,3208,1009,1409
/Volumes/Mark-Banfield/Josh_Williams/Scoring_20Oct/Mark/_DSC3042.TIF,3,3,2,2,1,6,1772,2172,2090,2490
/Volumes/Mark-Banfield/Josh_Williams/Scoring_20Oct/Mark/_DSC3042.TIF,3,3,2,2,2,1,1580,2000,2413,2833
/Volumes/Mark-Banfield/Josh_Williams/Scoring_20Oct/Mark/_DSC3042.TIF,3,3,2,2,3,0,1610,2038,2775,3203
/Volumes/Mark-Banfield/Josh_Williams/Scoring_20Oct/Mark/_DSC3042.TIF,3,3,2,2,4,1,2308,2738,2808,3238
/Volumes/Mark-Banfield/Josh_Williams/Scoring_20Oct/Mark/_DSC3042.TIF,3,3,2,2,5,2,2248,2676,2419,2847
/Volumes/Mark-Banfield/Josh_Williams/Scoring_20Oct/Mark/_DSC3042.TIF,3,3,2,2,6,0,2129,2519,2134,2524
/Volumes/Mark-Banfield/Josh_Williams/Scoring_20Oct/Mark/_DSC3042.TIF,3,3,3,1,1,3,1010,1372,3398,3760
/Volumes/Mark-Banfield/Josh_Williams/Scoring_20Oct/Mark/_DSC3042.TIF,3,3,3,1,2,6,810,1266,3703,4159
/Volumes/Mark-Banfield/Josh_Williams/Scoring_20Oct/Mark/_DSC3042.TIF,3,3,3,1,4,0,1504,1980,4070,4546
/Volumes/Mark-Banfield/Josh_Williams/Scoring_20Oct/Mark/_DSC3042.TIF,3,3,3,1,5,0,1486,1886,3703,4103
/Volumes/Mark-Banfield/Josh_Williams/Scoring_20Oct/Mark/_DSC3042.TIF,3,3,3,1,6,3,1324,1742,3351,3769
/Volumes/Mark-Banfield/Josh_Williams/Scoring_20Oct/Mark/_DSC3042.TIF,3,3,3,3,1,6,2503,2885,3760,4142
/Volumes/Mark-Banfield/Josh_Williams/Scoring_20Oct/Mark/_DSC3042.TIF,3,3,3,3,2,1,2338,2766,4104,4532
/Volumes/Mark-Banfield/Josh_Williams/Scoring_20Oct/Mark/_DSC3042.TIF,3,3,3,3,3,0,2343,2761,4542,4960
/Volumes/Mark-Banfield/Josh_Williams/Scoring_20Oct/Mark/_DSC3042.TIF,3,3,3,3,4,0,3084,3552,4526,4994
/Volumes/Mark-Banfield/Josh_Williams/Scoring_20Oct/Mark/_DSC3042.TIF,3,3,3,3,5,0,3085,3589,4066,4570
/Volumes/Mark-Banfield/Josh_Williams/Scoring_20Oct/Mark/_DSC3042.TIF,3,3,3,3,6,0,2924,3436,3605,4117
/Volumes/Mark-Banfield/Josh_Williams/Scoring_20Oct/Mark/DSC_7490.TIF,3,3,1,2,1,0,1214,1610,688,1084
/Volumes/Mark-Banfield/Josh_Williams/Scoring_20Oct/Mark/DSC_7490.TIF,3,3,1,2,2,0,1012,1466,999,1453
/Volumes/Mark-Banfield/Josh_Williams/Scoring_20Oct/Mark/DSC_7490.TIF,3,3,1,2,3,0,1080,1552,1353,1825
/Volumes/Mark-Banfield/Josh_Williams/Scoring_20Oct/Mark/DSC_7490.TIF,3,3,1,2,4,0,1820,2250,1345,1775
/Volumes/Mark-Banfield/Josh_Williams/Scoring_20Oct/Mark/DSC_7490.TIF,3,3,1,2,5,0,1652,2116,890,1354
/Volumes/Mark-Banfield/Josh_Williams/Scoring_20Oct/Mark/DSC_7490.TIF,3,3,1,2,6,2,1584,1938,633,987
/Volumes/Mark-Banfield/Josh_Williams/Scoring_20Oct/Mark/DSC_7490.TIF,3,3,2,1,1,0,536,848,1998,2310
/Volumes/Mark-Banfield/Josh_Williams/Scoring_20Oct/Mark/DSC_7490.TIF,3,3,2,1,2,0,414,768,2276,2630
/Volumes/Mark-Banfield/Josh_Williams/Scoring_20Oct/Mark/DSC_7490.TIF,3,3,2,1,3,0,406,834,2508,2936
/Volumes/Mark-Banfield/Josh_Williams/Scoring_20Oct/Mark/DSC_7490.TIF,3,3,2,1,4,0,1080,1400,2486,2806
/Volumes/Mark-Banfield/Josh_Williams/Scoring_20Oct/Mark/DSC_7490.TIF,3,3,2,1,5,0,996,1382,2129,2515
/Volumes/Mark-Banfield/Josh_Williams/Scoring_20Oct/Mark/DSC_7490.TIF,3,3,2,1,6,1,886,1214,1893,2221
/Volumes/Mark-Banfield/Josh_Williams/Scoring_20Oct/Mark/DSC_7490.TIF,3,3,2,3,1,1,2195,2507,1668,1980
/Volumes/Mark-Banfield/Josh_Williams/Scoring_20Oct/Mark/DSC_7490.TIF,3,3,2,3,2,0,1998,2326,2036,2364
/Volumes/Mark-Banfield/Josh_Williams/Scoring_20Oct/Mark/DSC_7490.TIF,3,3,2,3,3,0,2006,2418,2381,2793
/Volumes/Mark-Banfield/Josh_Williams/Scoring_20Oct/Mark/DSC_7490.TIF,3,3,2,3,4,0,2646,3076,2410,2840
/Volumes/Mark-Banfield/Josh_Williams/Scoring_20Oct/Mark/DSC_7490.TIF,3,3,2,3,5,0,2646,3042,2048,2444
/Volumes/Mark-Banfield/Josh_Williams/Scoring_20Oct/Mark/DSC_7490.TIF,3,3,2,3,6,0,2520,2898,1656,2034
/Volumes/Mark-Banfield/Josh_Williams/Scoring_20Oct/Mark/DSC_7490.TIF,3,3,3,1,1,0,448,834,3388,3774
/Volumes/Mark-Banfield/Josh_Williams/Scoring_20Oct/Mark/DSC_7490.TIF,3,3,3,1,2,0,250,628,3666,4044
/Volumes/Mark-Banfield/Josh_Williams/Scoring_20Oct/Mark/DSC_7490.TIF,3,3,3,1,3,0,322,760,4015,4453
/Volumes/Mark-Banfield/Josh_Williams/Scoring_20Oct/Mark/DSC_7490.TIF,3,3,3,1,4,0,894,1374,3901,4381
/Volumes/Mark-Banfield/Josh_Williams/Scoring_20Oct/Mark/DSC_7490.TIF,3,3,3,1,5,0,868,1316,3513,3961
/Volumes/Mark-Banfield/Josh_Williams/Scoring_20Oct/Mark/DSC_7490.TIF,3,3,3,3,1,0,1994,2380,3262,3648
/Volumes/Mark-Banfield/Josh_Williams/Scoring_20Oct/Mark/DSC_7490.TIF,3,3,3,3,2,0,1812,2242,3560,3990
/Volumes/Mark-Banfield/Josh_Williams/Scoring_20Oct/Mark/DSC_7490.TIF,3,3,3,3,3,0,1812,2310,3926,4424
/Volumes/Mark-Banfield/Josh_Williams/Scoring_20Oct/Mark/DSC_7490.TIF,3,3,3,3,4,0,2549,2979,3868,4298
/Volumes/Mark-Banfield/Josh_Williams/Scoring_20Oct/Mark/DSC_7490.TIF,3,3,3,3,5,0,2502,2932,3455,3885
/Volumes/Mark-Banfield/Josh_Williams/Scoring_20Oct/Mark/DSC_7490.TIF,3,3,3,3,6,0,2334,2780,3102,3548
/Volumes/Mark-Banfield/Josh_Williams/Scoring_20Oct/Mark/DSC_7710.TIF,3,3,1,2,1,6,1434,1686,608,860
/Volumes/Mark-Banfield/Josh_Williams/Scoring_20Oct/Mark/DSC_7710.TIF,3,3,1,2,2,4,1340,1636,910,1206
/Volumes/Mark-Banfield/Josh_Williams/Scoring_20Oct/Mark/DSC_7710.TIF,3,3,1,2,3,4,1264,1610,1130,1476
/Volumes/Mark-Banfield/Josh_Williams/Scoring_20Oct/Mark/DSC_7710.TIF,3,3,1,2,5,4,1820,2106,899,1185
/Volumes/Mark-Banfield/Josh_Williams/Scoring_20Oct/Mark/DSC_7710.TIF,3,3,1,2,6,5,1636,1956,667,987
/Volumes/Mark-Banfield/Josh_Williams/Scoring_20Oct/Mark/DSC_7710.TIF,3,3,2,1,1,6,844,1138,1741,2035
/Volumes/Mark-Banfield/Josh_Williams/Scoring_20Oct/Mark/DSC_7710.TIF,3,3,2,1,2,4,704,1032,1972,2300
/Volumes/Mark-Banfield/Josh_Williams/Scoring_20Oct/Mark/DSC_7710.TIF,3,3,2,1,3,5,700,1062,2292,2654
/Volumes/Mark-Banfield/Josh_Williams/Scoring_20Oct/Mark/DSC_7710.TIF,3,3,2,1,4,3,1214,1594,2300,2680
/Volumes/Mark-Banfield/Josh_Williams/Scoring_20Oct/Mark/DSC_7710.TIF,3,3,2,1,5,4,1214,1534,2069,2389
/Volumes/Mark-Banfield/Josh_Williams/Scoring_20Oct/Mark/DSC_7710.TIF,3,3,2,1,6,5,1118,1480,1804,2166
/Volumes/Mark-Banfield/Josh_Williams/Scoring_20Oct/Mark/DSC_7710.TIF,3,3,2,3,1,6,2123,2487,1786,2150
/Volumes/Mark-Banfield/Josh_Williams/Scoring_20Oct/Mark/DSC_7710.TIF,3,3,2,3,2,6,1990,2326,2074,2410
/Volumes/Mark-Banfield/Josh_Williams/Scoring_20Oct/Mark/DSC_7710.TIF,3,3,2,3,3,6,1998,2368,2381,2751
/Volumes/Mark-Banfield/Josh_Williams/Scoring_20Oct/Mark/DSC_7710.TIF,3,3,2,3,4,5,2578,2924,2448,2794
/Volumes/Mark-Banfield/Josh_Williams/Scoring_20Oct/Mark/DSC_7710.TIF,3,3,2,3,5,6,2587,2933,2106,2452
/Volumes/Mark-Banfield/Josh_Williams/Scoring_20Oct/Mark/DSC_7710.TIF,3,3,2,3,6,6,2478,2780,1817,2119
/Volumes/Mark-Banfield/Josh_Williams/Scoring_20Oct/Mark/DSC_7710.TIF,3,3,3,1,1,6,868,1248,3345,3725
/Volumes/Mark-Banfield/Josh_Williams/Scoring_20Oct/Mark/DSC_7710.TIF,3,3,3,1,2,6,760,1112,3603,3955
/Volumes/Mark-Banfield/Josh_Williams/Scoring_20Oct/Mark/DSC_7710.TIF,3,3,3,1,3,6,784,1180,3867,4263
/Volumes/Mark-Banfield/Josh_Williams/Scoring_20Oct/Mark/DSC_7710.TIF,3,3,3,1,4,5,1408,1812,3851,4255
/Volumes/Mark-Banfield/Josh_Williams/Scoring_20Oct/Mark/DSC_7710.TIF,3,3,3,1,5,6,1400,1736,3578,3914
/Volumes/Mark-Banfield/Josh_Williams/Scoring_20Oct/Mark/DSC_7710.TIF,3,3,3,1,6,6,1222,1568,3307,3653
/Volumes/Mark-Banfield/Josh_Williams/Scoring_20Oct/Mark/DSC_7710.TIF,3,3,3,3,1,6,2250,2630,3189,3569
/Volumes/Mark-Banfield/Josh_Williams/Scoring_20Oct/Mark/DSC_7710.TIF,3,3,3,3,2,5,2102,2466,3454,3818
/Volumes/Mark-Banfield/Josh_Williams/Scoring_20Oct/Mark/DSC_7710.TIF,3,3,3,3,3,4,2022,2376,3834,4188
/Volumes/Mark-Banfield/Josh_Williams/Scoring_20Oct/Mark/DSC_7710.TIF,3,3,3,3,4,2,2680,3026,3901,4247
/Volumes/Mark-Banfield/Josh_Williams/Scoring_20Oct/Mark/DSC_7710.TIF,3,3,3,3,5,5,2655,2991,3598,3934
/Volumes/Mark-Banfield/Josh_Williams/Scoring_20Oct/Mark/DSC_7710.TIF,3,3,3,3,6,6,2596,2908,3354,3666
/Volumes/Mark-Banfield/Josh_Williams/Scoring_20Oct/Mark/DSC_0810.tif,3,3,1,1,1,0,186,566,245,625
/Volumes/Mark-Banfield/Josh_Williams/Scoring_20Oct/Mark/DSC_0810.tif,3,3,1,1,2,5,144,506,536,898
/Volumes/Mark-Banfield/Josh_Williams/Scoring_20Oct/Mark/DSC_0810.tif,3,3,1,1,3,5,254,540,814,1100
/Volumes/Mark-Banfield/Josh_Williams/Scoring_20Oct/Mark/DSC_0810.tif,3,3,1,1,4,5,768,1130,750,1112
/Volumes/Mark-Banfield/Josh_Williams/Scoring_20Oct/Mark/DSC_0810.tif,3,3,1,1,5,6,700,1038,430,768
/Volumes/Mark-Banfield/Josh_Williams/Scoring_20Oct/Mark/DSC_0810.tif,3,3,1,1,6,0,547,843,194,490
/Volumes/Mark-Banfield/Josh_Williams/Scoring_20Oct/Mark/DSC_0810.tif,3,3,1,3,1,0,2380,2726,236,582
/Volumes/Mark-Banfield/Josh_Williams/Scoring_20Oct/Mark/DSC_0810.tif,3,3,1,3,2,0,2200,2604,456,860
/Volumes/Mark-Banfield/Josh_Williams/Scoring_20Oct/Mark/DSC_0810.tif,3,3,1,3,3,3,2106,2486,805,1185
/Volumes/Mark-Banfield/Josh_Williams/Scoring_20Oct/Mark/DSC_0810.tif,3,3,1,3,4,5,2680,3008,919,1247
/Volumes/Mark-Banfield/Josh_Williams/Scoring_20Oct/Mark/DSC_0810.tif,3,3,1,3,5,6,2798,3134,600,936
/Volumes/Mark-Banfield/Josh_Williams/Scoring_20Oct/Mark/DSC_0810.tif,3,3,1,3,6,6,2705,3017,354,666
/Volumes/Mark-Banfield/Josh_Williams/Scoring_20Oct/Mark/DSC_0810.tif,3,3,2,2,1,6,1261,1555,1080,1374
/Volumes/Mark-Banfield/Josh_Williams/Scoring_20Oct/Mark/DSC_0810.tif,3,3,2,2,2,0,1147,1467,1316,1636
/Volumes/Mark-Banfield/Josh_Williams/Scoring_20Oct/Mark/DSC_0810.tif,3,3,2,2,3,1,1138,1434,1648,1944
/Volumes/Mark-Banfield/Josh_Williams/Scoring_20Oct/Mark/DSC_0810.tif,3,3,2,2,4,2,1610,1862,1475,1727
/Volumes/Mark-Banfield/Josh_Williams/Scoring_20Oct/Mark/DSC_0810.tif,3,3,2,2,5,3,1534,1828,1257,1551
/Volumes/Mark-Banfield/Josh_Williams/Scoring_20Oct/Mark/DSC_0810.tif,3,3,3,1,1,4,574,886,2234,2546
/Volumes/Mark-Banfield/Josh_Williams/Scoring_20Oct/Mark/DSC_0810.tif,3,3,3,1,2,5,354,742,2482,2870
/Volumes/Mark-Banfield/Josh_Williams/Scoring_20Oct/Mark/DSC_0810.tif,3,3,3,1,3,0,414,768,2811,3165
/Volumes/Mark-Banfield/Josh_Williams/Scoring_20Oct/Mark/DSC_0810.tif,3,3,3,1,4,0,978,1382,2684,3088
/Volumes/Mark-Banfield/Josh_Williams/Scoring_20Oct/Mark/DSC_0810.tif,3,3,3,1,5,4,886,1240,2398,2752
/Volumes/Mark-Banfield/Josh_Williams/Scoring_20Oct/Mark/DSC_0810.tif,3,3,3,1,6,4,818,1130,2158,2470
/Volumes/Mark-Banfield/Josh_Williams/Scoring_20Oct/Mark/DSC_0810.tif,3,3,3,3,1,5,1993,2305,2048,2360
/Volumes/Mark-Banfield/Josh_Williams/Scoring_20Oct/Mark/DSC_0810.tif,3,3,3,3,2,4,1880,2182,2310,2612
/Volumes/Mark-Banfield/Josh_Williams/Scoring_20Oct/Mark/DSC_0810.tif,3,3,3,3,3,4,1914,2234,2642,2962
/Volumes/Mark-Banfield/Josh_Williams/Scoring_20Oct/Mark/DSC_0810.tif,3,3,3,3,4,0,2460,2772,2566,2878
/Volumes/Mark-Banfield/Josh_Williams/Scoring_20Oct/Mark/DSC_0810.tif,3,3,3,3,5,0,2326,2680,2225,2579
/Volumes/Mark-Banfield/Josh_Williams/Scoring_20Oct/Mark/DSC_0810.tif,3,3,3,3,6,5,2284,2570,2002,2288
/Volumes/Mark-Banfield/Josh_Williams/Scoring_20Oct/Mark/DSC_2871.tif,1,2,1,1,1,0,514,928,1571,1985
/Volumes/Mark-Banfield/Josh_Williams/Scoring_20Oct/Mark/DSC_2871.tif,1,2,1,1,2,0,423,903,1922,2402
/Volumes/Mark-Banfield/Josh_Williams/Scoring_20Oct/Mark/DSC_2871.tif,1,2,1,1,3,0,920,1400,1947,2427
/Volumes/Mark-Banfield/Josh_Williams/Scoring_20Oct/Mark/DSC_2871.tif,1,2,1,1,4,5,910,1332,1576,1998
/Volumes/Mark-Banfield/Josh_Williams/Scoring_20Oct/Mark/DSC_2871.tif,1,2,1,2,1,0,2027,2423,1660,2056
/Volumes/Mark-Banfield/Josh_Williams/Scoring_20Oct/Mark/DSC_2871.tif,1,2,1,2,2,0,1930,2436,2014,2520
/Volumes/Mark-Banfield/Josh_Williams/Scoring_20Oct/Mark/DSC_2871.tif,1,2,1,2,3,0,2460,2866,2093,2499
/Volumes/Mark-Banfield/Josh_Williams/Scoring_20Oct/Mark/DSC_2871.tif,1,2,1,2,4,5,2376,2764,1690,2078
/Volumes/Mark-Banfield/Josh_Williams/Scoring_20Oct/Mark/DSC_8264.tif,3,3,1,1,1,0,574,928,199,553
/Volumes/Mark-Banfield/Josh_Williams/Scoring_20Oct/Mark/DSC_8264.tif,3,3,1,1,2,0,556,944,156,544
/Volumes/Mark-Banfield/Josh_Williams/Scoring_20Oct/Mark/DSC_8264.tif,3,3,1,1,3,0,430,810,484,864
/Volumes/Mark-Banfield/Josh_Williams/Scoring_20Oct/Mark/DSC_8264.tif,3,3,1,1,4,0,540,928,793,1181
/Volumes/Mark-Banfield/Josh_Williams/Scoring_20Oct/Mark/DSC_8264.tif,3,3,1,1,5,2,1028,1366,717,1055
/Volumes/Mark-Banfield/Josh_Williams/Scoring_20Oct/Mark/DSC_8264.tif,3,3,1,1,6,6,1012,1274,460,722
/Volumes/Mark-Banfield/Josh_Williams/Scoring_20Oct/Mark/DSC_8264.tif,3,3,1,2,1,6,907,1133,288,514
/Volumes/Mark-Banfield/Josh_Williams/Scoring_20Oct/Mark/DSC_8264.tif,3,3,1,3,1,6,2158,2444,318,604
/Volumes/Mark-Banfield/Josh_Williams/Scoring_20Oct/Mark/DSC_8264.tif,3,3,1,3,2,0,1972,2310,498,836
/Volumes/Mark-Banfield/Josh_Williams/Scoring_20Oct/Mark/DSC_8264.tif,3,3,1,3,3,0,1922,2292,794,1164
/Volumes/Mark-Banfield/Josh_Williams/Scoring_20Oct/Mark/DSC_8264.tif,3,3,1,3,4,0,2376,2772,792,1188
/Volumes/Mark-Banfield/Josh_Williams/Scoring_20Oct/Mark/DSC_8264.tif,3,3,1,3,5,6,2453,2739,548,834
/Volumes/Mark-Banfield/Josh_Williams/Scoring_20Oct/Mark/DSC_8264.tif,3,3,1,3,6,6,2427,2697,278,548
/Volumes/Mark-Banfield/Josh_Williams/Scoring_20Oct/Mark/DSC_8264.tif,3,3,2,2,1,5,1332,1610,1446,1724
/Volumes/Mark-Banfield/Josh_Williams/Scoring_20Oct/Mark/DSC_8264.tif,3,3,2,2,2,6,1264,1560,1651,1947
/Volumes/Mark-Banfield/Josh_Williams/Scoring_20Oct/Mark/DSC_8264.tif,3,3,2,2,3,0,1274,1652,1871,2249
/Volumes/Mark-Banfield/Josh_Williams/Scoring_20Oct/Mark/DSC_8264.tif,3,3,2,2,4,0,1702,2064,1901,2263
/Volumes/Mark-Banfield/Josh_Williams/Scoring_20Oct/Mark/DSC_8264.tif,3,3,2,2,5,0,1686,2022,1551,1887
/Volumes/Mark-Banfield/Josh_Williams/Scoring_20Oct/Mark/DSC_8264.tif,3,3,2,2,6,3,1568,1830,1416,1678
/Volumes/Mark-Banfield/Josh_Williams/Scoring_20Oct/Mark/DSC_8264.tif,3,3,3,1,1,3,573,877,2764,3068
/Volumes/Mark-Banfield/Josh_Williams/Scoring_20Oct/Mark/DSC_8264.tif,3,3,3,1,2,4,590,844,3075,3329
/Volumes/Mark-Banfield/Josh_Williams/Scoring_20Oct/Mark/DSC_8264.tif,3,3,3,1,3,3,650,1012,3257,3619
/Volumes/Mark-Banfield/Josh_Williams/Scoring_20Oct/Mark/DSC_8264.tif,3,3,3,1,4,0,1104,1518,3184,3598
/Volumes/Mark-Banfield/Josh_Williams/Scoring_20Oct/Mark/DSC_8264.tif,3,3,3,1,5,0,1028,1408,2852,3232
/Volumes/Mark-Banfield/Josh_Williams/Scoring_20Oct/Mark/DSC_8264.tif,3,3,3,1,6,2,865,1177,2638,2950
/Volumes/Mark-Banfield/Josh_Williams/Scoring_20Oct/Mark/DSC_8264.tif,3,3,3,3,1,0,1964,2258,2626,2920
/Volumes/Mark-Banfield/Josh_Williams/Scoring_20Oct/Mark/DSC_8264.tif,3,3,3,3,2,1,1946,2342,2835,3231
/Volumes/Mark-Banfield/Josh_Williams/Scoring_20Oct/Mark/DSC_8264.tif,3,3,3,3,4,3,2436,2764,3009,3337
/Volumes/Mark-Banfield/Josh_Williams/Scoring_20Oct/Mark/DSC_8264.tif,3,3,3,3,5,0,2300,2696,2680,3076
/Volumes/Mark-Banfield/Josh_Williams/Scoring_20Oct/Mark/DSC_8264.tif,3,3,3,3,6,0,2234,2612,2479,2857
/Volumes/Mark-Banfield/Josh_Williams/Scoring_20Oct/Mark/DSC_1178.tif,3,3,1,1,1,6,608,936,317,645
/Volumes/Mark-Banfield/Josh_Williams/Scoring_20Oct/Mark/DSC_1178.tif,3,3,1,1,2,0,524,952,503,931
/Volumes/Mark-Banfield/Josh_Williams/Scoring_20Oct/Mark/DSC_1178.tif,3,3,1,1,3,0,524,868,832,1176
/Volumes/Mark-Banfield/Josh_Williams/Scoring_20Oct/Mark/DSC_1178.tif,3,3,1,1,4,3,970,1382,869,1281
/Volumes/Mark-Banfield/Josh_Williams/Scoring_20Oct/Mark/DSC_1178.tif,3,3,1,1,5,6,1028,1340,574,886
/Volumes/Mark-Banfield/Josh_Williams/Scoring_20Oct/Mark/DSC_1178.tif,3,3,1,1,6,6,962,1256,309,603
/Volumes/Mark-Banfield/Josh_Williams/Scoring_20Oct/Mark/DSC_1178.tif,3,3,1,3,1,6,1828,2182,363,717
/Volumes/Mark-Banfield/Josh_Williams/Scoring_20Oct/Mark/DSC_1178.tif,3,3,1,3,2,6,1770,2090,696,1016
/Volumes/Mark-Banfield/Josh_Williams/Scoring_20Oct/Mark/DSC_1178.tif,3,3,1,3,3,0,1754,2132,1063,1441
/Volumes/Mark-Banfield/Josh_Williams/Scoring_20Oct/Mark/DSC_1178.tif,3,3,1,3,4,0,2242,2662,840,1260
/Volumes/Mark-Banfield/Josh_Williams/Scoring_20Oct/Mark/DSC_1178.tif,3,3,1,3,5,6,2224,2588,586,950
/Volumes/Mark-Banfield/Josh_Williams/Scoring_20Oct/Mark/DSC_1178.tif,3,3,1,3,6,6,2136,2448,288,600
/Volumes/Mark-Banfield/Josh_Williams/Scoring_20Oct/Mark/DSC_1178.tif,3,3,2,2,1,5,1349,1653,1492,1796
/Volumes/Mark-Banfield/Josh_Williams/Scoring_20Oct/Mark/DSC_1178.tif,3,3,2,2,2,4,1298,1594,1740,2036
/Volumes/Mark-Banfield/Josh_Williams/Scoring_20Oct/Mark/DSC_1178.tif,3,3,2,2,4,0,1668,2022,1998,2352
/Volumes/Mark-Banfield/Josh_Williams/Scoring_20Oct/Mark/DSC_1178.tif,3,3,2,2,5,0,1610,1956,1698,2044
/Volumes/Mark-Banfield/Josh_Williams/Scoring_20Oct/Mark/DSC_1178.tif,3,3,2,2,6,3,1602,1946,1442,1786
/Volumes/Mark-Banfield/Josh_Williams/Scoring_20Oct/Mark/DSC_1178.tif,3,3,3,1,1,5,527,881,2620,2974
/Volumes/Mark-Banfield/Josh_Williams/Scoring_20Oct/Mark/DSC_1178.tif,3,3,3,1,2,6,338,742,2908,3312
/Volumes/Mark-Banfield/Josh_Williams/Scoring_20Oct/Mark/DSC_1178.tif,3,3,3,1,3,6,548,936,3215,3603
/Volumes/Mark-Banfield/Josh_Williams/Scoring_20Oct/Mark/DSC_1178.tif,3,3,3,1,4,4,1004,1424,3148,3568
/Volumes/Mark-Banfield/Josh_Williams/Scoring_20Oct/Mark/DSC_1178.tif,3,3,3,1,5,0,957,1295,2856,3194
/Volumes/Mark-Banfield/Josh_Williams/Scoring_20Oct/Mark/DSC_1178.tif,3,3,3,1,6,0,834,1156,2573,2895
/Volumes/Mark-Banfield/Josh_Williams/Scoring_20Oct/Mark/DSC_1178.tif,3,3,3,3,1,0,2140,2444,2701,3005
/Volumes/Mark-Banfield/Josh_Williams/Scoring_20Oct/Mark/DSC_1178.tif,3,3,3,3,2,4,1990,2360,2971,3341
/Volumes/Mark-Banfield/Josh_Williams/Scoring_20Oct/Mark/DSC_1178.tif,3,3,3,3,3,5,2048,2418,3308,3678
/Volumes/Mark-Banfield/Josh_Williams/Scoring_20Oct/Mark/DSC_1178.tif,3,3,3,3,4,5,2604,2908,3218,3522
/Volumes/Mark-Banfield/Josh_Williams/Scoring_20Oct/Mark/DSC_1178.tif,3,3,3,3,5,5,2486,2848,2886,3248
/Volumes/Mark-Banfield/Josh_Williams/Scoring_20Oct/Mark/DSC_1178.tif,3,3,3,3,6,0,2468,2798,2620,2950
/Volumes/Mark-Banfield/Josh_Williams/Scoring_20Oct/Mark/DSC_8263.tif,3,3,1,1,1,6,612,940,364,692
/Volumes/Mark-Banfield/Josh_Williams/Scoring_20Oct/Mark/DSC_8263.tif,3,3,1,1,2,0,574,952,630,1008
/Volumes/Mark-Banfield/Josh_Williams/Scoring_20Oct/Mark/DSC_8263.tif,3,3,1,1,3,0,472,928,931,1387
/Volumes/Mark-Banfield/Josh_Williams/Scoring_20Oct/Mark/DSC_8263.tif,3,3,1,1,4,0,1046,1450,907,1311
/Volumes/Mark-Banfield/Josh_Williams/Scoring_20Oct/Mark/DSC_8263.tif,3,3,1,1,5,4,962,1290,658,986
/Volumes/Mark-Banfield/Josh_Williams/Scoring_20Oct/Mark/DSC_8263.tif,3,3,1,1,6,5,873,1185,396,708
/Volumes/Mark-Banfield/Josh_Williams/Scoring_20Oct/Mark/DSC_8263.tif,3,3,1,3,1,3,2107,2335,574,802
/Volumes/Mark-Banfield/Josh_Williams/Scoring_20Oct/Mark/DSC_8263.tif,3,3,1,3,2,6,1964,2276,788,1100
/Volumes/Mark-Banfield/Josh_Williams/Scoring_20Oct/Mark/DSC_8263.tif,3,3,1,3,3,0,2048,2318,1053,1323
/Volumes/Mark-Banfield/Josh_Williams/Scoring_20Oct/Mark/DSC_8263.tif,3,3,1,3,4,0,2478,2832,979,1333
/Volumes/Mark-Banfield/Josh_Williams/Scoring_20Oct/Mark/DSC_8263.tif,3,3,1,3,5,0,2402,2706,653,957
/Volumes/Mark-Banfield/Josh_Williams/Scoring_20Oct/Mark/DSC_8263.tif,3,3,1,3,6,4,2241,2529,472,760
/Volumes/Mark-Banfield/Josh_Williams/Scoring_20Oct/Mark/DSC_8263.tif,3,3,2,2,1,5,1274,1568,1708,2002
/Volumes/Mark-Banfield/Josh_Williams/Scoring_20Oct/Mark/DSC_8263.tif,3,3,2,2,2,5,1198,1508,1893,2203
/Volumes/Mark-Banfield/Josh_Williams/Scoring_20Oct/Mark/DSC_8263.tif,3,3,2,2,3,5,1324,1644,2082,2402
/Volumes/Mark-Banfield/Josh_Williams/Scoring_20Oct/Mark/DSC_8263.tif,3,3,2,2,4,0,1686,2064,1998,2376
/Volumes/Mark-Banfield/Josh_Williams/Scoring_20Oct/Mark/DSC_8263.tif,3,3,2,2,5,0,1618,2014,1694,2090
/Volumes/Mark-Banfield/Josh_Williams/Scoring_20Oct/Mark/DSC_8263.tif,3,3,2,2,6,0,1479,1757,1568,1846
/Volumes/Mark-Banfield/Josh_Williams/Scoring_20Oct/Mark/DSC_8263.tif,3,3,3,1,1,0,878,1180,2718,3020
/Volumes/Mark-Banfield/Josh_Williams/Scoring_20Oct/Mark/DSC_8263.tif,3,3,3,1,2,4,802,1104,2984,3286
/Volumes/Mark-Banfield/Josh_Williams/Scoring_20Oct/Mark/DSC_8263.tif,3,3,3,1,3,5,700,1020,3210,3530
/Volumes/Mark-Banfield/Josh_Williams/Scoring_20Oct/Mark/DSC_8263.tif,3,3,3,1,4,6,1088,1400,3295,3607
/Volumes/Mark-Banfield/Josh_Williams/Scoring_20Oct/Mark/DSC_8263.tif,3,3,3,1,5,0,1214,1558,2992,3336
/Volumes/Mark-Banfield/Josh_Williams/Scoring_20Oct/Mark/DSC_8263.tif,3,3,3,1,6,0,1134,1438,2688,2992
/Volumes/Mark-Banfield/Josh_Williams/Scoring_20Oct/Mark/DSC_8263.tif,3,3,3,3,1,0,2082,2502,2798,3218
/Volumes/Mark-Banfield/Josh_Williams/Scoring_20Oct/Mark/DSC_8263.tif,3,3,3,3,2,0,1964,2418,3093,3547
/Volumes/Mark-Banfield/Josh_Williams/Scoring_20Oct/Mark/DSC_8263.tif,3,3,3,3,3,2,2022,2554,3420,3952
/Volumes/Mark-Banfield/Josh_Williams/Scoring_20Oct/Mark/DSC_8263.tif,3,3,3,3,4,6,2630,2958,3426,3754
/Volumes/Mark-Banfield/Josh_Williams/Scoring_20Oct/Mark/DSC_8263.tif,3,3,3,3,5,6,2620,2950,3138,3468
/Volumes/Mark-Banfield/Josh_Williams/Scoring_20Oct/Mark/DSC_8263.tif,3,3,3,3,6,0,2469,2857,2806,3194
/Volumes/Mark-Banfield/Josh_Williams/Scoring_20Oct/Mark/_DSC7622.tif,3,3,1,1,1,0,762,1134,629,1001
/Volumes/Mark-Banfield/Josh_Williams/Scoring_20Oct/Mark/_DSC7622.tif,3,3,1,1,2,0,810,1124,649,963
/Volumes/Mark-Banfield/Josh_Williams/Scoring_20Oct/Mark/_DSC7622.tif,3,3,1,1,3,0,620,944,947,1271
/Volumes/Mark-Banfield/Josh_Williams/Scoring_20Oct/Mark/_DSC7622.tif,3,3,1,1,4,0,577,901,1314,1638
/Volumes/Mark-Banfield/Josh_Williams/Scoring_20Oct/Mark/_DSC7622.tif,3,3,1,1,5,4,1248,1514,1234,1500
/Volumes/Mark-Banfield/Josh_Williams/Scoring_20Oct/Mark/_DSC7622.tif,3,3,1,1,6,5,1086,1438,914,1266
/Volumes/Mark-Banfield/Josh_Williams/Scoring_20Oct/Mark/_DSC7622.tif,3,3,1,2,1,1,1125,1439,648,962
/Volumes/Mark-Banfield/Josh_Williams/Scoring_20Oct/Mark/_DSC7622.tif,3,3,1,3,1,1,2210,2542,663,995
/Volumes/Mark-Banfield/Josh_Williams/Scoring_20Oct/Mark/_DSC7622.tif,3,3,1,3,2,0,1980,2362,928,1310
/Volumes/Mark-Banfield/Josh_Williams/Scoring_20Oct/Mark/_DSC7622.tif,3,3,1,3,3,0,2094,2504,1357,1767
/Volumes/Mark-Banfield/Josh_Williams/Scoring_20Oct/Mark/_DSC7622.tif,3,3,1,3,4,0,2600,3094,1215,1709
/Volumes/Mark-Banfield/Josh_Williams/Scoring_20Oct/Mark/_DSC7622.tif,3,3,1,3,5,6,2570,2990,900,1320
/Volumes/Mark-Banfield/Josh_Williams/Scoring_20Oct/Mark/_DSC7622.tif,3,3,1,3,6,5,2557,2871,630,944
/Volumes/Mark-Banfield/Josh_Williams/Scoring_20Oct/Mark/_DSC7622.tif,3,3,2,2,1,4,1658,1962,2176,2480
/Volumes/Mark-Banfield/Josh_Williams/Scoring_20Oct/Mark/_DSC7622.tif,3,3,2,2,2,0,1618,1924,2456,2762
/Volumes/Mark-Banfield/Josh_Williams/Scoring_20Oct/Mark/_DSC7622.tif,3,3,2,2,3,0,1410,1818,2681,3089
/Volumes/Mark-Banfield/Josh_Williams/Scoring_20Oct/Mark/_DSC7622.tif,3,3,2,2,4,0,1990,2390,2671,3071
/Volumes/Mark-Banfield/Josh_Williams/Scoring_20Oct/Mark/_DSC7622.tif,3,3,2,2,5,0,1952,2324,2375,2747
/Volumes/Mark-Banfield/Josh_Williams/Scoring_20Oct/Mark/_DSC7622.tif,3,3,2,2,6,6,1942,2228,2124,2410
/Volumes/Mark-Banfield/Josh_Williams/Scoring_20Oct/Mark/_DSC7622.tif,3,3,3,1,1,4,663,957,3580,3874
/Volumes/Mark-Banfield/Josh_Williams/Scoring_20Oct/Mark/_DSC7622.tif,3,3,3,1,2,6,610,924,3865,4179
/Volumes/Mark-Banfield/Josh_Williams/Scoring_20Oct/Mark/_DSC7622.tif,3,3,3,1,3,0,596,928,4180,4512
/Volumes/Mark-Banfield/Josh_Williams/Scoring_20Oct/Mark/_DSC7622.tif,3,3,3,1,4,0,1076,1420,4078,4422
/Volumes/Mark-Banfield/Josh_Williams/Scoring_20Oct/Mark/_DSC7622.tif,3,3,3,1,5,0,980,1324,3712,4056
/Volumes/Mark-Banfield/Josh_Williams/Scoring_20Oct/Mark/_DSC7622.tif,3,3,3,1,6,0,914,1220,3446,3752
/Volumes/Mark-Banfield/Josh_Williams/Scoring_20Oct/Mark/_DSC7622.tif,3,3,3,3,1,0,2142,2532,3566,3956
/Volumes/Mark-Banfield/Josh_Williams/Scoring_20Oct/Mark/_DSC7622.tif,3,3,3,3,2,6,2161,2457,3970,4266
/Volumes/Mark-Banfield/Josh_Williams/Scoring_20Oct/Mark/_DSC7622.tif,3,3,3,3,3,3,2210,2570,4233,4593
/Volumes/Mark-Banfield/Josh_Williams/Scoring_20Oct/Mark/_DSC7622.tif,3,3,3,3,4,0,2742,3142,4155,4555
/Volumes/Mark-Banfield/Josh_Williams/Scoring_20Oct/Mark/_DSC7622.tif,3,3,3,3,5,0,2570,3000,3760,4190
/Volumes/Mark-Banfield/Josh_Williams/Scoring_20Oct/Mark/_DSC7622.tif,3,3,3,3,6,0,2504,2884,3471,3851
/Volumes/Mark-Banfield/Josh_Williams/Scoring_20Oct/Mark/DSC_7585.TIF,3,3,1,2,1,4,1340,1652,249,561
/Volumes/Mark-Banfield/Josh_Williams/Scoring_20Oct/Mark/DSC_7585.TIF,3,3,1,2,2,4,1197,1527,556,886
/Volumes/Mark-Banfield/Josh_Williams/Scoring_20Oct/Mark/DSC_7585.TIF,3,3,1,2,3,2,1198,1560,894,1256
/Volumes/Mark-Banfield/Josh_Williams/Scoring_20Oct/Mark/DSC_7585.TIF,3,3,1,2,4,2,1778,2166,813,1201
/Volumes/Mark-Banfield/Josh_Williams/Scoring_20Oct/Mark/DSC_7585.TIF,3,3,1,2,5,2,1728,2098,494,864
/Volumes/Mark-Banfield/Josh_Williams/Scoring_20Oct/Mark/DSC_7585.TIF,3,3,1,2,6,3,1626,1946,215,535
/Volumes/Mark-Banfield/Josh_Williams/Scoring_20Oct/Mark/DSC_7585.TIF,3,3,2,1,1,4,624,970,1327,1673
/Volumes/Mark-Banfield/Josh_Williams/Scoring_20Oct/Mark/DSC_7585.TIF,3,3,2,1,2,3,405,809,1652,2056
/Volumes/Mark-Banfield/Josh_Williams/Scoring_20Oct/Mark/DSC_7585.TIF,3,3,2,1,3,2,506,902,1989,2385
/Volumes/Mark-Banfield/Josh_Williams/Scoring_20Oct/Mark/DSC_7585.TIF,3,3,2,1,4,2,1138,1518,1867,2247
/Volumes/Mark-Banfield/Josh_Williams/Scoring_20Oct/Mark/DSC_7585.TIF,3,3,2,1,5,4,986,1374,1513,1901
/Volumes/Mark-Banfield/Josh_Williams/Scoring_20Oct/Mark/DSC_7585.TIF,3,3,2,1,6,3,898,1260,1240,1602
/Volumes/Mark-Banfield/Josh_Williams/Scoring_20Oct/Mark/DSC_7585.TIF,3,3,2,3,1,5,1980,2326,1302,1648
/Volumes/Mark-Banfield/Josh_Williams/Scoring_20Oct/Mark/DSC_7585.TIF,3,3,2,3,2,3,1846,2208,1534,1896
/Volumes/Mark-Banfield/Josh_Williams/Scoring_20Oct/Mark/DSC_7585.TIF,3,3,2,3,3,1,1854,2224,1922,2292
/Volumes/Mark-Banfield/Josh_Williams/Scoring_20Oct/Mark/DSC_7585.TIF,3,3,2,3,4,0,2444,2806,1964,2326
/Volumes/Mark-Banfield/Josh_Williams/Scoring_20Oct/Mark/DSC_7585.TIF,3,3,2,3,5,2,2342,2764,1538,1960
/Volumes/Mark-Banfield/Josh_Williams/Scoring_20Oct/Mark/DSC_7585.TIF,3,3,2,3,6,2,2310,2620,1308,1618
/Volumes/Mark-Banfield/Josh_Williams/Scoring_20Oct/Mark/DSC_7585.TIF,3,3,3,1,1,3,578,1024,2806,3252
/Volumes/Mark-Banfield/Josh_Williams/Scoring_20Oct/Mark/DSC_7585.TIF,3,3,3,1,2,3,490,868,3164,3542
/Volumes/Mark-Banfield/Josh_Williams/Scoring_20Oct/Mark/DSC_7585.TIF,3,3,3,1,3,3,482,902,3485,3905
/Volumes/Mark-Banfield/Josh_Williams/Scoring_20Oct/Mark/DSC_7585.TIF,3,3,3,1,4,4,1112,1466,3429,3783
/Volumes/Mark-Banfield/Josh_Williams/Scoring_20Oct/Mark/DSC_7585.TIF,3,3,3,1,5,3,1130,1500,3038,3408
/Volumes/Mark-Banfield/Josh_Williams/Scoring_20Oct/Mark/DSC_7585.TIF,3,3,3,1,6,4,962,1306,2736,3080
/Volumes/Mark-Banfield/Josh_Williams/Scoring_20Oct/Mark/DSC_7585.TIF,3,3,3,3,1,3,1930,2268,2865,3203
/Volumes/Mark-Banfield/Josh_Williams/Scoring_20Oct/Mark/DSC_7585.TIF,3,3,3,3,2,4,1820,2224,3165,3569
/Volumes/Mark-Banfield/Josh_Williams/Scoring_20Oct/Mark/DSC_7585.TIF,3,3,3,3,3,2,1888,2342,3439,3893
/Volumes/Mark-Banfield/Josh_Williams/Scoring_20Oct/Mark/DSC_7585.TIF,3,3,3,3,4,1,2452,2866,3404,3818
/Volumes/Mark-Banfield/Josh_Williams/Scoring_20Oct/Mark/DSC_7585.TIF,3,3,3,3,5,1,2326,2714,2995,3383
/Volumes/Mark-Banfield/Josh_Williams/Scoring_20Oct/Mark/DSC_7585.TIF,3,3,3,3,6,2,2234,2654,2664,3084
/Volumes/Mark-Banfield/Josh_Williams/Scoring_20Oct/Mark/DSC_1350.tif,3,3,1,1,1,0,422,742,254,574
/Volumes/Mark-Banfield/Josh_Williams/Scoring_20Oct/Mark/DSC_1350.tif,3,3,1,1,2,0,278,658,578,958
/Volumes/Mark-Banfield/Josh_Williams/Scoring_20Oct/Mark/DSC_1350.tif,3,3,1,1,3,6,414,718,1007,1311
/Volumes/Mark-Banfield/Josh_Williams/Scoring_20Oct/Mark/DSC_1350.tif,3,3,1,1,4,6,928,1264,789,1125
/Volumes/Mark-Banfield/Josh_Williams/Scoring_20Oct/Mark/DSC_1350.tif,3,3,1,1,5,6,868,1188,502,822
/Volumes/Mark-Banfield/Josh_Williams/Scoring_20Oct/Mark/DSC_1350.tif,3,3,1,1,6,6,768,1046,241,519
/Volumes/Mark-Banfield/Josh_Williams/Scoring_20Oct/Mark/DSC_1350.tif,3,3,1,3,1,6,1956,2242,414,700
/Volumes/Mark-Banfield/Josh_Williams/Scoring_20Oct/Mark/DSC_1350.tif,3,3,1,3,2,0,1846,2174,612,940
/Volumes/Mark-Banfield/Josh_Williams/Scoring_20Oct/Mark/DSC_1350.tif,3,3,1,3,3,0,1838,2166,1054,1382
/Volumes/Mark-Banfield/Josh_Williams/Scoring_20Oct/Mark/DSC_1350.tif,3,3,1,3,4,5,2250,2604,944,1298
/Volumes/Mark-Banfield/Josh_Williams/Scoring_20Oct/Mark/DSC_1350.tif,3,3,1,3,5,6,2250,2520,662,932
/Volumes/Mark-Banfield/Josh_Williams/Scoring_20Oct/Mark/DSC_1350.tif,3,3,1,3,6,6,2198,2486,396,684
/Volumes/Mark-Banfield/Josh_Williams/Scoring_20Oct/Mark/DSC_1350.tif,3,3,2,2,1,6,1560,1914,1652,2006
/Volumes/Mark-Banfield/Josh_Williams/Scoring_20Oct/Mark/DSC_1350.tif,3,3,2,2,2,6,1324,1652,1854,2182
/Volumes/Mark-Banfield/Josh_Williams/Scoring_20Oct/Mark/DSC_1350.tif,3,3,2,2,3,0,1253,1589,2276,2612
/Volumes/Mark-Banfield/Josh_Williams/Scoring_20Oct/Mark/DSC_1350.tif,3,3,2,2,4,0,1914,2268,2296,2650
/Volumes/Mark-Banfield/Josh_Williams/Scoring_20Oct/Mark/DSC_1350.tif,3,3,2,2,5,6,1964,2292,1993,2321
/Volumes/Mark-Banfield/Josh_Williams/Scoring_20Oct/Mark/DSC_1350.tif,3,3,2,2,6,6,1897,2191,1712,2006
/Volumes/Mark-Banfield/Josh_Williams/Scoring_20Oct/Mark/DSC_1350.tif,3,3,3,1,1,6,338,650,2958,3270
/Volumes/Mark-Banfield/Josh_Williams/Scoring_20Oct/Mark/DSC_1350.tif,3,3,3,1,2,6,278,642,3256,3620
/Volumes/Mark-Banfield/Josh_Williams/Scoring_20Oct/Mark/DSC_1350.tif,3,3,3,1,3,5,380,760,3572,3952
/Volumes/Mark-Banfield/Josh_Williams/Scoring_20Oct/Mark/DSC_1350.tif,3,3,3,1,4,0,818,1256,3324,3762
/Volumes/Mark-Banfield/Josh_Williams/Scoring_20Oct/Mark/DSC_1350.tif,3,3,3,1,5,0,826,1198,2953,3325
/Volumes/Mark-Banfield/Josh_Williams/Scoring_20Oct/Mark/DSC_1350.tif,3,3,3,1,6,6,566,878,2823,3135
/Volumes/Mark-Banfield/Josh_Williams/Scoring_20Oct/Mark/DSC_1350.tif,3,3,3,3,1,6,2069,2373,3008,3312
/Volumes/Mark-Banfield/Josh_Williams/Scoring_20Oct/Mark/DSC_1350.tif,3,3,3,3,2,6,1972,2284,3257,3569
/Volumes/Mark-Banfield/Josh_Williams/Scoring_20Oct/Mark/DSC_1350.tif,3,3,3,3,3,6,2082,2410,3573,3901
/Volumes/Mark-Banfield/Josh_Williams/Scoring_20Oct/Mark/DSC_1350.tif,3,3,3,3,4,6,2512,2874,3699,4061
/Volumes/Mark-Banfield/Josh_Williams/Scoring_20Oct/Mark/DSC_1350.tif,3,3,3,3,5,0,2630,3008,3215,3593
/Volumes/Mark-Banfield/Josh_Williams/Scoring_20Oct/Mark/DSC_1350.tif,3,3,3,3,6,0,2363,2759,2908,3304
/Volumes/Mark-Banfield/Josh_Williams/Scoring_20Oct/Mark/DSC_4387.TIF,3,3,1,1,1,3,574,894,245,565
/Volumes/Mark-Banfield/Josh_Williams/Scoring_20Oct/Mark/DSC_4387.TIF,3,3,1,1,2,0,402,764,590,952
/Volumes/Mark-Banfield/Josh_Williams/Scoring_20Oct/Mark/DSC_4387.TIF,3,3,1,1,3,0,283,637,944,1298
/Volumes/Mark-Banfield/Josh_Williams/Scoring_20Oct/Mark/DSC_4387.TIF,3,3,1,1,4,0,1062,1466,861,1265
/Volumes/Mark-Banfield/Josh_Williams/Scoring_20Oct/Mark/DSC_4387.TIF,3,3,1,1,5,1,886,1146,629,889
/Volumes/Mark-Banfield/Josh_Williams/Scoring_20Oct/Mark/DSC_4387.TIF,3,3,1,1,6,5,868,1164,325,621
/Volumes/Mark-Banfield/Josh_Williams/Scoring_20Oct/Mark/DSC_4387.TIF,3,3,1,3,2,5,1990,2242,642,894
/Volumes/Mark-Banfield/Josh_Williams/Scoring_20Oct/Mark/DSC_4387.TIF,3,3,1,3,3,0,2074,2410,869,1205
/Volumes/Mark-Banfield/Josh_Williams/Scoring_20Oct/Mark/DSC_4387.TIF,3,3,1,3,4,0,2528,2916,865,1253
/Volumes/Mark-Banfield/Josh_Williams/Scoring_20Oct/Mark/DSC_4387.TIF,3,3,1,3,5,0,2528,2882,582,936
/Volumes/Mark-Banfield/Josh_Williams/Scoring_20Oct/Mark/DSC_4387.TIF,3,3,1,3,6,3,2372,2650,354,632
/Volumes/Mark-Banfield/Josh_Williams/Scoring_20Oct/Mark/DSC_4387.TIF,3,3,2,2,1,5,1324,1636,1467,1779
/Volumes/Mark-Banfield/Josh_Williams/Scoring_20Oct/Mark/DSC_4387.TIF,3,3,2,2,2,5,1164,1492,1673,2001
/Volumes/Mark-Banfield/Josh_Williams/Scoring_20Oct/Mark/DSC_4387.TIF,3,3,2,2,3,4,1264,1594,1980,2310
/Volumes/Mark-Banfield/Josh_Williams/Scoring_20Oct/Mark/DSC_4387.TIF,3,3,2,2,4,0,1796,2166,1960,2330
/Volumes/Mark-Banfield/Josh_Williams/Scoring_20Oct/Mark/DSC_4387.TIF,3,3,2,2,5,0,1744,2116,1655,2027
/Volumes/Mark-Banfield/Josh_Williams/Scoring_20Oct/Mark/DSC_4387.TIF,3,3,2,2,6,0,1623,1917,1434,1728
/Volumes/Mark-Banfield/Josh_Williams/Scoring_20Oct/Mark/DSC_4387.TIF,3,3,3,1,1,0,393,739,3008,3354
/Volumes/Mark-Banfield/Josh_Williams/Scoring_20Oct/Mark/DSC_4387.TIF,3,3,3,1,2,2,278,658,3307,3687
/Volumes/Mark-Banfield/Josh_Williams/Scoring_20Oct/Mark/DSC_4387.TIF,3,3,3,1,3,3,354,666,3661,3973
/Volumes/Mark-Banfield/Josh_Williams/Scoring_20Oct/Mark/DSC_4387.TIF,3,3,3,1,4,4,794,1088,3598,3892
/Volumes/Mark-Banfield/Josh_Williams/Scoring_20Oct/Mark/DSC_4387.TIF,3,3,3,1,5,0,830,1176,3294,3640
/Volumes/Mark-Banfield/Josh_Williams/Scoring_20Oct/Mark/DSC_4387.TIF,3,3,3,1,6,0,701,1071,2966,3336
/Volumes/Mark-Banfield/Josh_Williams/Scoring_20Oct/Mark/DSC_4387.TIF,3,3,3,3,1,0,1914,2276,2878,3240
/Volumes/Mark-Banfield/Josh_Williams/Scoring_20Oct/Mark/DSC_4387.TIF,3,3,3,3,2,0,1652,2074,3173,3595
/Volumes/Mark-Banfield/Josh_Williams/Scoring_20Oct/Mark/DSC_4387.TIF,3,3,3,3,3,0,1754,2200,3468,3914
/Volumes/Mark-Banfield/Josh_Williams/Scoring_20Oct/Mark/DSC_4387.TIF,3,3,3,3,4,4,2216,2630,3446,3860
/Volumes/Mark-Banfield/Josh_Williams/Scoring_20Oct/Mark/DSC_4387.TIF,3,3,3,3,5,6,2192,2578,3178,3564
/Volumes/Mark-Banfield/Josh_Williams/Scoring_20Oct/Mark/DSC_8266.tif,3,3,1,1,1,0,632,986,350,704
/Volumes/Mark-Banfield/Josh_Williams/Scoring_20Oct/Mark/DSC_8266.tif,3,3,1,1,2,0,624,952,384,712
/Volumes/Mark-Banfield/Josh_Williams/Scoring_20Oct/Mark/DSC_8266.tif,3,3,1,1,3,2,570,856,692,978
/Volumes/Mark-Banfield/Josh_Williams/Scoring_20Oct/Mark/DSC_8266.tif,3,3,1,1,4,4,532,878,919,1265
/Volumes/Mark-Banfield/Josh_Williams/Scoring_20Oct/Mark/DSC_8266.tif,3,3,1,1,5,3,936,1316,986,1366
/Volumes/Mark-Banfield/Josh_Williams/Scoring_20Oct/Mark/DSC_8266.tif,3,3,1,1,6,0,952,1274,674,996
/Volumes/Mark-Banfield/Josh_Williams/Scoring_20Oct/Mark/DSC_8266.tif,3,3,1,2,1,0,936,1282,388,734
/Volumes/Mark-Banfield/Josh_Williams/Scoring_20Oct/Mark/DSC_8266.tif,3,3,1,3,1,0,2056,2428,548,920
/Volumes/Mark-Banfield/Josh_Williams/Scoring_20Oct/Mark/DSC_8266.tif,3,3,1,3,2,0,1922,2276,869,1223
/Volumes/Mark-Banfield/Josh_Williams/Scoring_20Oct/Mark/DSC_8266.tif,3,3,1,3,3,3,2040,2402,1105,1467
/Volumes/Mark-Banfield/Josh_Williams/Scoring_20Oct/Mark/DSC_8266.tif,3,3,1,3,4,5,2410,2790,1066,1446
/Volumes/Mark-Banfield/Josh_Williams/Scoring_20Oct/Mark/DSC_8266.tif,3,3,1,3,5,6,2502,2848,813,1159
/Volumes/Mark-Banfield/Josh_Williams/Scoring_20Oct/Mark/DSC_8266.tif,3,3,1,3,6,0,2410,2714,620,924
/Volumes/Mark-Banfield/Josh_Williams/Scoring_20Oct/Mark/DSC_8266.tif,3,3,2,2,1,0,1298,1618,1741,2061
/Volumes/Mark-Banfield/Josh_Williams/Scoring_20Oct/Mark/DSC_8266.tif,3,3,2,2,2,0,1164,1508,2011,2355
/Volumes/Mark-Banfield/Josh_Williams/Scoring_20Oct/Mark/DSC_8266.tif,3,3,2,2,3,0,1146,1534,2279,2667
/Volumes/Mark-Banfield/Josh_Williams/Scoring_20Oct/Mark/DSC_8266.tif,3,3,2,2,4,2,1668,2022,2191,2545
/Volumes/Mark-Banfield/Josh_Williams/Scoring_20Oct/Mark/DSC_8266.tif,3,3,2,2,5,5,1610,1896,1960,2246
/Volumes/Mark-Banfield/Josh_Williams/Scoring_20Oct/Mark/DSC_8266.tif,3,3,2,2,6,6,1576,1828,1770,2022
/Volumes/Mark-Banfield/Josh_Williams/Scoring_20Oct/Mark/DSC_8266.tif,3,3,3,1,1,5,448,768,2903,3223
/Volumes/Mark-Banfield/Josh_Williams/Scoring_20Oct/Mark/DSC_8266.tif,3,3,3,1,2,0,296,692,3160,3556
/Volumes/Mark-Banfield/Josh_Williams/Scoring_20Oct/Mark/DSC_8266.tif,3,3,3,1,3,0,498,868,3417,3787
/Volumes/Mark-Banfield/Josh_Williams/Scoring_20Oct/Mark/DSC_8266.tif,3,3,3,1,4,0,878,1282,3324,3728
/Volumes/Mark-Banfield/Josh_Williams/Scoring_20Oct/Mark/DSC_8266.tif,3,3,3,1,5,5,826,1122,3113,3409
/Volumes/Mark-Banfield/Josh_Williams/Scoring_20Oct/Mark/DSC_8266.tif,3,3,3,1,6,6,721,983,2932,3194
/Volumes/Mark-Banfield/Josh_Williams/Scoring_20Oct/Mark/DSC_8266.tif,3,3,3,3,1,6,2106,2428,2864,3186
/Volumes/Mark-Banfield/Josh_Williams/Scoring_20Oct/Mark/DSC_8266.tif,3,3,3,3,2,5,2006,2334,3144,3472
/Volumes/Mark-Banfield/Josh_Williams/Scoring_20Oct/Mark/DSC_8266.tif,3,3,3,3,3,0,1913,2327,3412,3826
/Volumes/Mark-Banfield/Josh_Williams/Scoring_20Oct/Mark/DSC_8266.tif,3,3,3,3,4,0,2478,2992,3282,3796
/Volumes/Mark-Banfield/Josh_Williams/Scoring_20Oct/Mark/DSC_8266.tif,3,3,3,3,5,0,2444,2832,3008,3396
/Volumes/Mark-Banfield/Josh_Williams/Scoring_20Oct/Mark/DSC_8266.tif,3,3,3,3,6,5,2394,2714,2743,3063
/Volumes/Mark-Banfield/Josh_Williams/Scoring_20Oct/Mark/DSC_4545.TIF,3,3,1,1,1,0,406,776,296,666
/Volumes/Mark-Banfield/Josh_Williams/Scoring_20Oct/Mark/DSC_4545.TIF,3,3,1,1,2,0,288,642,587,941
/Volumes/Mark-Banfield/Josh_Williams/Scoring_20Oct/Mark/DSC_4545.TIF,3,3,1,1,3,4,322,700,915,1293
/Volumes/Mark-Banfield/Josh_Williams/Scoring_20Oct/Mark/DSC_4545.TIF,3,3,1,1,4,5,852,1206,822,1176
/Volumes/Mark-Banfield/Josh_Williams/Scoring_20Oct/Mark/DSC_4545.TIF,3,3,1,1,5,5,750,1130,535,915
/Volumes/Mark-Banfield/Josh_Williams/Scoring_20Oct/Mark/DSC_4545.TIF,3,3,1,1,6,4,784,1122,283,621
/Volumes/Mark-Banfield/Josh_Williams/Scoring_20Oct/Mark/DSC_4545.TIF,3,3,1,3,1,4,1993,2255,422,684
/Volumes/Mark-Banfield/Josh_Williams/Scoring_20Oct/Mark/DSC_4545.TIF,3,3,1,3,2,0,1762,2090,675,1003
/Volumes/Mark-Banfield/Josh_Williams/Scoring_20Oct/Mark/DSC_4545.TIF,3,3,1,3,3,0,1754,2124,1016,1386
/Volumes/Mark-Banfield/Josh_Williams/Scoring_20Oct/Mark/DSC_4545.TIF,3,3,1,3,4,1,2250,2612,886,1248
/Volumes/Mark-Banfield/Josh_Williams/Scoring_20Oct/Mark/DSC_4545.TIF,3,3,1,3,5,2,2234,2528,680,974
/Volumes/Mark-Banfield/Josh_Williams/Scoring_20Oct/Mark/DSC_4545.TIF,3,3,1,3,6,4,2200,2486,456,742
/Volumes/Mark-Banfield/Josh_Williams/Scoring_20Oct/Mark/DSC_4545.TIF,3,3,2,2,1,3,1112,1434,1614,1936
/Volumes/Mark-Banfield/Josh_Williams/Scoring_20Oct/Mark/DSC_4545.TIF,3,3,2,2,2,5,986,1340,1858,2212
/Volumes/Mark-Banfield/Josh_Williams/Scoring_20Oct/Mark/DSC_4545.TIF,3,3,2,2,3,0,978,1390,2099,2511
/Volumes/Mark-Banfield/Josh_Williams/Scoring_20Oct/Mark/DSC_4545.TIF,3,3,2,2,4,0,1518,1854,2099,2435
/Volumes/Mark-Banfield/Josh_Williams/Scoring_20Oct/Mark/DSC_4545.TIF,3,3,2,2,5,4,1476,1762,1859,2145
/Volumes/Mark-Banfield/Josh_Williams/Scoring_20Oct/Mark/DSC_4545.TIF,3,3,2,2,6,3,1442,1720,1626,1904
/Volumes/Mark-Banfield/Josh_Williams/Scoring_20Oct/Mark/DSC_4545.TIF,3,3,3,1,1,3,430,708,3042,3320
/Volumes/Mark-Banfield/Josh_Williams/Scoring_20Oct/Mark/DSC_4545.TIF,3,3,3,1,2,4,338,632,3324,3618
/Volumes/Mark-Banfield/Josh_Williams/Scoring_20Oct/Mark/DSC_4545.TIF,3,3,3,1,3,4,405,709,3640,3944
/Volumes/Mark-Banfield/Josh_Williams/Scoring_20Oct/Mark/DSC_4545.TIF,3,3,3,1,4,0,852,1240,3370,3758
/Volumes/Mark-Banfield/Josh_Williams/Scoring_20Oct/Mark/DSC_4545.TIF,3,3,3,1,5,0,760,1112,3081,3433
/Volumes/Mark-Banfield/Josh_Williams/Scoring_20Oct/Mark/DSC_4545.TIF,3,3,3,1,6,4,632,920,2894,3182
/Volumes/Mark-Banfield/Josh_Williams/Scoring_20Oct/Mark/DSC_4545.TIF,3,3,3,3,1,2,1712,2040,2899,3227
/Volumes/Mark-Banfield/Josh_Williams/Scoring_20Oct/Mark/DSC_4545.TIF,3,3,3,3,2,3,1602,1930,3228,3556
/Volumes/Mark-Banfield/Josh_Williams/Scoring_20Oct/Mark/DSC_4545.TIF,3,3,3,3,3,5,1804,2116,3489,3801
/Volumes/Mark-Banfield/Josh_Williams/Scoring_20Oct/Mark/DSC_4545.TIF,3,3,3,3,4,4,2192,2588,3354,3750
/Volumes/Mark-Banfield/Josh_Williams/Scoring_20Oct/Mark/DSC_4545.TIF,3,3,3,3,5,0,2124,2502,3021,3399
/Volumes/Mark-Banfield/Josh_Williams/Scoring_20Oct/Mark/DSC_4545.TIF,3,3,3,3,6,0,2022,2384,2743,3105
/Volumes/Mark-Banfield/Josh_Williams/Scoring_20Oct/Mark/DSC_1180.tif,3,3,1,1,1,6,440,750,592,902
/Volumes/Mark-Banfield/Josh_Williams/Scoring_20Oct/Mark/DSC_1180.tif,3,3,1,1,2,6,422,734,810,1122
/Volumes/Mark-Banfield/Josh_Williams/Scoring_20Oct/Mark/DSC_1180.tif,3,3,1,1,3,6,490,852,1003,1365
/Volumes/Mark-Banfield/Josh_Williams/Scoring_20Oct/Mark/DSC_1180.tif,3,3,1,1,4,6,886,1188,891,1193
/Volumes/Mark-Banfield/Josh_Williams/Scoring_20Oct/Mark/DSC_1180.tif,3,3,1,1,5,0,792,1130,636,974
/Volumes/Mark-Banfield/Josh_Williams/Scoring_20Oct/Mark/DSC_1180.tif,3,3,1,1,6,0,666,970,460,764
/Volumes/Mark-Banfield/Josh_Williams/Scoring_20Oct/Mark/DSC_1180.tif,3,3,1,3,1,0,1812,2192,299,679
/Volumes/Mark-Banfield/Josh_Williams/Scoring_20Oct/Mark/DSC_1180.tif,3,3,1,3,2,0,1702,2174,586,1058
/Volumes/Mark-Banfield/Josh_Williams/Scoring_20Oct/Mark/DSC_1180.tif,3,3,1,3,3,6,1686,2082,970,1366
/Volumes/Mark-Banfield/Josh_Williams/Scoring_20Oct/Mark/DSC_1180.tif,3,3,1,3,4,6,2224,2654,881,1311
/Volumes/Mark-Banfield/Josh_Williams/Scoring_20Oct/Mark/DSC_1180.tif,3,3,1,3,5,6,2200,2630,565,995
/Volumes/Mark-Banfield/Josh_Williams/Scoring_20Oct/Mark/DSC_1180.tif,3,3,1,3,6,5,2174,2528,338,692
/Volumes/Mark-Banfield/Josh_Williams/Scoring_20Oct/Mark/DSC_1180.tif,3,3,2,2,1,5,1282,1592,1476,1786
/Volumes/Mark-Banfield/Josh_Williams/Scoring_20Oct/Mark/DSC_1180.tif,3,3,2,2,2,0,1156,1542,1767,2153
/Volumes/Mark-Banfield/Josh_Williams/Scoring_20Oct/Mark/DSC_1180.tif,3,3,2,2,3,0,1012,1492,2069,2549
/Volumes/Mark-Banfield/Josh_Williams/Scoring_20Oct/Mark/DSC_1180.tif,3,3,2,2,4,3,1568,1930,2140,2502
/Volumes/Mark-Banfield/Josh_Williams/Scoring_20Oct/Mark/DSC_1180.tif,3,3,2,2,5,6,1560,1914,1795,2149
/Volumes/Mark-Banfield/Josh_Williams/Scoring_20Oct/Mark/DSC_1180.tif,3,3,3,1,1,6,406,742,2798,3134
/Volumes/Mark-Banfield/Josh_Williams/Scoring_20Oct/Mark/DSC_1180.tif,3,3,3,1,2,6,270,684,3050,3464
/Volumes/Mark-Banfield/Josh_Williams/Scoring_20Oct/Mark/DSC_1180.tif,3,3,3,1,3,0,296,718,3375,3797
/Volumes/Mark-Banfield/Josh_Williams/Scoring_20Oct/Mark/DSC_1180.tif,3,3,3,1,4,0,910,1282,3277,3649
/Volumes/Mark-Banfield/Josh_Williams/Scoring_20Oct/Mark/DSC_1180.tif,3,3,3,1,5,6,768,1112,3009,3353
/Volumes/Mark-Banfield/Josh_Williams/Scoring_20Oct/Mark/DSC_1180.tif,3,3,3,1,6,6,684,996,2763,3075
/Volumes/Mark-Banfield/Josh_Williams/Scoring_20Oct/Mark/DSC_1180.tif,3,3,3,3,1,5,2133,2477,2714,3058
/Volumes/Mark-Banfield/Josh_Williams/Scoring_20Oct/Mark/DSC_1180.tif,3,3,3,3,2,5,1990,2310,2970,3290
/Volumes/Mark-Banfield/Josh_Williams/Scoring_20Oct/Mark/DSC_1180.tif,3,3,3,3,3,4,1998,2368,3287,3657
/Volumes/Mark-Banfield/Josh_Williams/Scoring_20Oct/Mark/DSC_1180.tif,3,3,3,3,4,0,2570,2958,3223,3611
/Volumes/Mark-Banfield/Josh_Williams/Scoring_20Oct/Mark/DSC_1180.tif,3,3,3,3,5,0,2494,2814,2954,3274
/Volumes/Mark-Banfield/Josh_Williams/Scoring_20Oct/Mark/DSC_1180.tif,3,3,3,3,6,5,2447,2743,2738,3034
/Volumes/Mark-Banfield/Josh_Williams/Scoring_20Oct/Mark/DSC_7712.TIF,3,3,1,2,1,0,1526,1888,662,1024
/Volumes/Mark-Banfield/Josh_Williams/Scoring_20Oct/Mark/DSC_7712.TIF,3,3,1,2,2,0,1358,1778,928,1348
/Volumes/Mark-Banfield/Josh_Williams/Scoring_20Oct/Mark/DSC_7712.TIF,3,3,1,2,3,0,1358,1838,1223,1703
/Volumes/Mark-Banfield/Josh_Williams/Scoring_20Oct/Mark/DSC_7712.TIF,3,3,1,2,4,0,1980,2460,1215,1695
/Volumes/Mark-Banfield/Josh_Williams/Scoring_20Oct/Mark/DSC_7712.TIF,3,3,1,2,5,0,1980,2418,885,1323
/Volumes/Mark-Banfield/Josh_Williams/Scoring_20Oct/Mark/DSC_7712.TIF,3,3,1,2,6,2,1842,2212,608,978
/Volumes/Mark-Banfield/Josh_Williams/Scoring_20Oct/Mark/DSC_7712.TIF,3,3,2,1,1,3,708,1054,1669,2015
/Volumes/Mark-Banfield/Josh_Williams/Scoring_20Oct/Mark/DSC_7712.TIF,3,3,2,1,2,3,548,920,1938,2310
/Volumes/Mark-Banfield/Josh_Williams/Scoring_20Oct/Mark/DSC_7712.TIF,3,3,2,1,3,1,692,1146,2217,2671
/Volumes/Mark-Banfield/Josh_Williams/Scoring_20Oct/Mark/DSC_7712.TIF,3,3,2,1,4,0,1316,1762,2200,2646
/Volumes/Mark-Banfield/Josh_Williams/Scoring_20Oct/Mark/DSC_7712.TIF,3,3,2,1,5,0,1274,1694,1855,2275
/Volumes/Mark-Banfield/Josh_Williams/Scoring_20Oct/Mark/DSC_7712.TIF,3,3,2,1,6,0,1080,1400,1631,1951
/Volumes/Mark-Banfield/Josh_Williams/Scoring_20Oct/Mark/DSC_7712.TIF,3,3,2,3,1,3,2022,2384,1938,2300
/Volumes/Mark-Banfield/Josh_Williams/Scoring_20Oct/Mark/DSC_7712.TIF,3,3,2,3,2,1,1880,2258,2213,2591
/Volumes/Mark-Banfield/Josh_Williams/Scoring_20Oct/Mark/DSC_7712.TIF,3,3,2,3,3,1,1880,2276,2587,2983
/Volumes/Mark-Banfield/Josh_Williams/Scoring_20Oct/Mark/DSC_7712.TIF,3,3,2,3,4,0,2528,2890,2612,2974
/Volumes/Mark-Banfield/Josh_Williams/Scoring_20Oct/Mark/DSC_7712.TIF,3,3,2,3,5,0,2494,2882,2275,2663
/Volumes/Mark-Banfield/Josh_Williams/Scoring_20Oct/Mark/DSC_7712.TIF,3,3,3,1,1,0,932,1302,3152,3522
/Volumes/Mark-Banfield/Josh_Williams/Scoring_20Oct/Mark/DSC_7712.TIF,3,3,3,1,2,0,810,1198,3434,3822
/Volumes/Mark-Banfield/Josh_Williams/Scoring_20Oct/Mark/DSC_7712.TIF,3,3,3,1,3,0,810,1206,3758,4154
/Volumes/Mark-Banfield/Josh_Williams/Scoring_20Oct/Mark/DSC_7712.TIF,3,3,3,1,4,2,1458,1854,3779,4175
/Volumes/Mark-Banfield/Josh_Williams/Scoring_20Oct/Mark/DSC_7712.TIF,3,3,3,1,5,3,1390,1804,3420,3834
/Volumes/Mark-Banfield/Josh_Williams/Scoring_20Oct/Mark/DSC_7712.TIF,3,3,3,1,6,3,1274,1626,3169,3521
/Volumes/Mark-Banfield/Josh_Williams/Scoring_20Oct/Mark/DSC_7712.TIF,3,3,3,3,1,2,2082,2418,3384,3720
/Volumes/Mark-Banfield/Josh_Williams/Scoring_20Oct/Mark/DSC_7712.TIF,3,3,3,3,2,2,1922,2300,3603,3981
/Volumes/Mark-Banfield/Josh_Williams/Scoring_20Oct/Mark/DSC_7712.TIF,3,3,3,3,3,1,2022,2394,3947,4319
/Volumes/Mark-Banfield/Josh_Williams/Scoring_20Oct/Mark/DSC_7712.TIF,3,3,3,3,4,2,2680,3026,3842,4188
/Volumes/Mark-Banfield/Josh_Williams/Scoring_20Oct/Mark/DSC_7712.TIF,3,3,3,3,5,5,2536,2950,3556,3970
/Volumes/Mark-Banfield/Josh_Williams/Scoring_20Oct/Mark/DSC_7712.TIF,3,3,3,3,6,4,2402,2764,3329,3691
/Volumes/Mark-Banfield/Josh_Williams/Scoring_20Oct/Mark/DSC_4539.TIF,3,3,1,1,1,0,440,734,385,679
/Volumes/Mark-Banfield/Josh_Williams/Scoring_20Oct/Mark/DSC_4539.TIF,3,3,1,1,2,0,228,590,591,953
/Volumes/Mark-Banfield/Josh_Williams/Scoring_20Oct/Mark/DSC_4539.TIF,3,3,1,1,3,0,245,591,910,1256
/Volumes/Mark-Banfield/Josh_Williams/Scoring_20Oct/Mark/DSC_4539.TIF,3,3,1,1,4,0,750,1146,835,1231
/Volumes/Mark-Banfield/Josh_Williams/Scoring_20Oct/Mark/DSC_4539.TIF,3,3,1,1,5,5,666,1046,570,950
/Volumes/Mark-Banfield/Josh_Williams/Scoring_20Oct/Mark/DSC_4539.TIF,3,3,1,3,1,0,1778,2158,565,945
/Volumes/Mark-Banfield/Josh_Williams/Scoring_20Oct/Mark/DSC_4539.TIF,3,3,1,3,2,0,1660,2014,843,1197
/Volumes/Mark-Banfield/Josh_Williams/Scoring_20Oct/Mark/DSC_4539.TIF,3,3,1,3,3,0,1694,2040,1201,1547
/Volumes/Mark-Banfield/Josh_Williams/Scoring_20Oct/Mark/DSC_4539.TIF,3,3,1,3,4,1,2258,2620,1113,1475
/Volumes/Mark-Banfield/Josh_Williams/Scoring_20Oct/Mark/DSC_4539.TIF,3,3,1,3,5,3,2292,2680,818,1206
/Volumes/Mark-Banfield/Josh_Williams/Scoring_20Oct/Mark/DSC_4539.TIF,3,3,1,3,6,0,2150,2528,549,927
/Volumes/Mark-Banfield/Josh_Williams/Scoring_20Oct/Mark/DSC_4539.TIF,3,3,2,2,1,0,1332,1652,1648,1968
/Volumes/Mark-Banfield/Josh_Williams/Scoring_20Oct/Mark/DSC_4539.TIF,3,3,2,2,2,0,1188,1584,1909,2305
/Volumes/Mark-Banfield/Josh_Williams/Scoring_20Oct/Mark/DSC_4539.TIF,3,3,2,2,3,0,1227,1565,2258,2596
/Volumes/Mark-Banfield/Josh_Williams/Scoring_20Oct/Mark/DSC_4539.TIF,3,3,2,2,4,0,1702,2132,2157,2587
/Volumes/Mark-Banfield/Josh_Williams/Scoring_20Oct/Mark/DSC_4539.TIF,3,3,2,2,5,2,1576,1956,1900,2280
/Volumes/Mark-Banfield/Josh_Williams/Scoring_20Oct/Mark/DSC_4539.TIF,3,3,3,1,1,1,674,1012,2936,3274
/Volumes/Mark-Banfield/Josh_Williams/Scoring_20Oct/Mark/DSC_4539.TIF,3,3,3,1,2,3,540,878,3244,3582
/Volumes/Mark-Banfield/Josh_Williams/Scoring_20Oct/Mark/DSC_4539.TIF,3,3,3,1,3,3,666,962,3623,3919
/Volumes/Mark-Banfield/Josh_Williams/Scoring_20Oct/Mark/DSC_4539.TIF,3,3,3,1,4,0,1104,1500,3421,3817
/Volumes/Mark-Banfield/Josh_Williams/Scoring_20Oct/Mark/DSC_4539.TIF,3,3,3,1,5,0,1004,1390,3090,3476
/Volumes/Mark-Banfield/Josh_Williams/Scoring_20Oct/Mark/DSC_4539.TIF,3,3,3,1,6,0,962,1282,2836,3156
/Volumes/Mark-Banfield/Josh_Williams/Scoring_20Oct/Mark/DSC_4539.TIF,3,3,3,3,1,0,1981,2335,2856,3210
/Volumes/Mark-Banfield/Josh_Williams/Scoring_20Oct/Mark/DSC_4539.TIF,3,3,3,3,2,0,1956,2276,3181,3501
/Volumes/Mark-Banfield/Josh_Williams/Scoring_20Oct/Mark/DSC_4539.TIF,3,3,3,3,5,0,2310,2612,3136,3438
/Volumes/Mark-Banfield/Josh_Williams/Scoring_20Oct/Mark/DSC_4539.TIF,3,3,3,3,6,0,2268,2596,2862,3190
/Volumes/Mark-Banfield/Josh_Williams/Scoring_20Oct/Mark/DSC_1349.tif,3,3,1,1,1,5,708,986,342,620
/Volumes/Mark-Banfield/Josh_Williams/Scoring_20Oct/Mark/DSC_1349.tif,3,3,1,1,2,0,548,928,518,898
/Volumes/Mark-Banfield/Josh_Williams/Scoring_20Oct/Mark/DSC_1349.tif,3,3,1,1,3,0,456,886,834,1264
/Volumes/Mark-Banfield/Josh_Williams/Scoring_20Oct/Mark/DSC_1349.tif,3,3,1,1,4,5,1037,1341,902,1206
/Volumes/Mark-Banfield/Josh_Williams/Scoring_20Oct/Mark/DSC_1349.tif,3,3,1,1,5,5,957,1295,540,878
/Volumes/Mark-Banfield/Josh_Williams/Scoring_20Oct/Mark/DSC_1349.tif,3,3,1,1,6,6,943,1197,346,600
/Volumes/Mark-Banfield/Josh_Williams/Scoring_20Oct/Mark/DSC_1349.tif,3,3,1,3,1,5,1946,2268,422,744
/Volumes/Mark-Banfield/Josh_Williams/Scoring_20Oct/Mark/DSC_1349.tif,3,3,1,3,2,6,1796,2116,587,907
/Volumes/Mark-Banfield/Josh_Williams/Scoring_20Oct/Mark/DSC_1349.tif,3,3,1,3,3,0,1702,2064,936,1298
/Volumes/Mark-Banfield/Josh_Williams/Scoring_20Oct/Mark/DSC_1349.tif,3,3,1,3,4,0,2268,2646,920,1298
/Volumes/Mark-Banfield/Josh_Williams/Scoring_20Oct/Mark/DSC_1349.tif,3,3,1,3,5,5,2276,2662,595,981
/Volumes/Mark-Banfield/Josh_Williams/Scoring_20Oct/Mark/DSC_1349.tif,3,3,1,3,6,6,2224,2536,359,671
/Volumes/Mark-Banfield/Josh_Williams/Scoring_20Oct/Mark/DSC_1349.tif,3,3,2,2,1,6,1156,1466,1691,2001
/Volumes/Mark-Banfield/Josh_Williams/Scoring_20Oct/Mark/DSC_1349.tif,3,3,2,2,2,6,1080,1390,1994,2304
/Volumes/Mark-Banfield/Josh_Williams/Scoring_20Oct/Mark/DSC_1349.tif,3,3,2,2,3,6,1184,1438,2334,2588
/Volumes/Mark-Banfield/Josh_Williams/Scoring_20Oct/Mark/DSC_1349.tif,3,3,2,2,4,0,1678,2022,2116,2460
/Volumes/Mark-Banfield/Josh_Williams/Scoring_20Oct/Mark/DSC_1349.tif,3,3,2,2,5,0,1534,1904,1825,2195
/Volumes/Mark-Banfield/Josh_Williams/Scoring_20Oct/Mark/DSC_1349.tif,3,3,2,2,6,6,1390,1778,1547,1935
/Volumes/Mark-Banfield/Josh_Williams/Scoring_20Oct/Mark/DSC_1349.tif,3,3,3,1,1,1,456,742,2924,3210
/Volumes/Mark-Banfield/Josh_Williams/Scoring_20Oct/Mark/DSC_1349.tif,3,3,3,1,2,4,322,658,3189,3525
/Volumes/Mark-Banfield/Josh_Williams/Scoring_20Oct/Mark/DSC_1349.tif,3,3,3,1,3,3,278,624,3458,3804
/Volumes/Mark-Banfield/Josh_Williams/Scoring_20Oct/Mark/DSC_1349.tif,3,3,3,1,4,4,844,1198,3509,3863
/Volumes/Mark-Banfield/Josh_Williams/Scoring_20Oct/Mark/DSC_1349.tif,3,3,3,1,5,0,802,1222,3169,3589
/Volumes/Mark-Banfield/Josh_Williams/Scoring_20Oct/Mark/DSC_1349.tif,3,3,3,1,6,0,709,1071,2874,3236
/Volumes/Mark-Banfield/Josh_Williams/Scoring_20Oct/Mark/DSC_1349.tif,3,3,3,3,1,0,2062,2440,2748,3126
/Volumes/Mark-Banfield/Josh_Williams/Scoring_20Oct/Mark/DSC_1349.tif,3,3,3,3,2,6,1964,2292,3072,3400
/Volumes/Mark-Banfield/Josh_Williams/Scoring_20Oct/Mark/DSC_1349.tif,3,3,3,3,3,6,1967,2263,3412,3708
/Volumes/Mark-Banfield/Josh_Williams/Scoring_20Oct/Mark/DSC_1349.tif,3,3,3,3,4,5,2402,2806,3366,3770
/Volumes/Mark-Banfield/Josh_Williams/Scoring_20Oct/Mark/DSC_1349.tif,3,3,3,3,5,6,2334,2646,3143,3455
/Volumes/Mark-Banfield/Josh_Williams/Scoring_20Oct/Mark/DSC_1349.tif,3,3,3,3,6,0,2410,2738,2832,3160
/Volumes/Mark-Banfield/Josh_Williams/Scoring_20Oct/Mark/DSC_5086.TIF,3,3,1,2,1,0,1324,1754,169,599
/Volumes/Mark-Banfield/Josh_Williams/Scoring_20Oct/Mark/DSC_5086.TIF,3,3,1,2,2,1,1180,1618,482,920
/Volumes/Mark-Banfield/Josh_Williams/Scoring_20Oct/Mark/DSC_5086.TIF,3,3,1,2,3,3,1146,1636,915,1405
/Volumes/Mark-Banfield/Josh_Williams/Scoring_20Oct/Mark/DSC_5086.TIF,3,3,1,2,4,0,1872,2250,992,1370
/Volumes/Mark-Banfield/Josh_Williams/Scoring_20Oct/Mark/DSC_5086.TIF,3,3,1,2,5,5,1804,2200,645,1041
/Volumes/Mark-Banfield/Josh_Williams/Scoring_20Oct/Mark/DSC_5086.TIF,3,3,1,2,6,0,1702,2132,258,688
/Volumes/Mark-Banfield/Josh_Williams/Scoring_20Oct/Mark/DSC_5086.TIF,3,3,2,1,1,2,920,1306,1455,1841
/Volumes/Mark-Banfield/Josh_Williams/Scoring_20Oct/Mark/DSC_5086.TIF,3,3,2,1,2,0,674,1062,1753,2141
/Volumes/Mark-Banfield/Josh_Williams/Scoring_20Oct/Mark/DSC_5086.TIF,3,3,2,1,3,0,574,1070,2069,2565
/Volumes/Mark-Banfield/Josh_Williams/Scoring_20Oct/Mark/DSC_5086.TIF,3,3,2,1,4,3,1316,1702,2188,2574
/Volumes/Mark-Banfield/Josh_Williams/Scoring_20Oct/Mark/DSC_5086.TIF,3,3,2,1,5,0,1332,1686,1875,2229
/Volumes/Mark-Banfield/Josh_Williams/Scoring_20Oct/Mark/DSC_5086.TIF,3,3,2,1,6,6,1236,1598,1594,1956
/Volumes/Mark-Banfield/Josh_Williams/Scoring_20Oct/Mark/DSC_5086.TIF,3,3,2,3,1,6,2048,2410,1564,1926
/Volumes/Mark-Banfield/Josh_Williams/Scoring_20Oct/Mark/DSC_5086.TIF,3,3,2,3,2,6,1892,2246,1862,2216
/Volumes/Mark-Banfield/Josh_Williams/Scoring_20Oct/Mark/DSC_5086.TIF,3,3,2,3,3,0,1876,2322,2208,2654
/Volumes/Mark-Banfield/Josh_Williams/Scoring_20Oct/Mark/DSC_5086.TIF,3,3,2,3,4,0,2570,2984,2254,2668
/Volumes/Mark-Banfield/Josh_Williams/Scoring_20Oct/Mark/DSC_5086.TIF,3,3,2,3,5,0,2546,2992,1787,2233
/Volumes/Mark-Banfield/Josh_Williams/Scoring_20Oct/Mark/DSC_5086.TIF,3,3,2,3,6,2,2376,2738,1551,1913
/Volumes/Mark-Banfield/Josh_Williams/Scoring_20Oct/Mark/DSC_5086.TIF,3,3,3,1,1,6,1096,1450,3046,3400
/Volumes/Mark-Banfield/Josh_Williams/Scoring_20Oct/Mark/DSC_5086.TIF,3,3,3,1,2,0,890,1286,3346,3742
/Volumes/Mark-Banfield/Josh_Williams/Scoring_20Oct/Mark/DSC_5086.TIF,3,3,3,1,3,0,734,1180,3700,4146
/Volumes/Mark-Banfield/Josh_Williams/Scoring_20Oct/Mark/DSC_5086.TIF,3,3,3,1,4,0,1390,1828,3657,4095
/Volumes/Mark-Banfield/Josh_Williams/Scoring_20Oct/Mark/DSC_5086.TIF,3,3,3,1,5,4,1400,1812,3320,3732
/Volumes/Mark-Banfield/Josh_Williams/Scoring_20Oct/Mark/DSC_5086.TIF,3,3,3,3,1,1,2427,2747,3050,3370
/Volumes/Mark-Banfield/Josh_Williams/Scoring_20Oct/Mark/DSC_5086.TIF,3,3,3,3,2,0,2165,2537,3294,3666
/Volumes/Mark-Banfield/Josh_Williams/Scoring_20Oct/Mark/DSC_5086.TIF,3,3,3,3,3,3,2089,2519,3716,4146
/Volumes/Mark-Banfield/Josh_Williams/Scoring_20Oct/Mark/DSC_5086.TIF,3,3,3,3,4,0,2738,3176,3792,4230
/Volumes/Mark-Banfield/Josh_Williams/Scoring_20Oct/Mark/DSC_5086.TIF,3,3,3,3,5,4,2856,3228,3500,3872
/Volumes/Mark-Banfield/Josh_Williams/Scoring_20Oct/Mark/DSC_5086.TIF,3,3,3,3,6,1,2790,3168,3211,3589
/Volumes/Mark-Banfield/Josh_Williams/Scoring_20Oct/Mark/DSC_4541.TIF,3,3,1,1,1,0,486,814,262,590
/Volumes/Mark-Banfield/Josh_Williams/Scoring_20Oct/Mark/DSC_4541.TIF,3,3,1,1,2,1,364,726,548,910
/Volumes/Mark-Banfield/Josh_Williams/Scoring_20Oct/Mark/DSC_4541.TIF,3,3,1,1,3,2,440,792,853,1205
/Volumes/Mark-Banfield/Josh_Williams/Scoring_20Oct/Mark/DSC_4541.TIF,3,3,1,1,4,4,920,1146,870,1096
/Volumes/Mark-Banfield/Josh_Williams/Scoring_20Oct/Mark/DSC_4541.TIF,3,3,1,1,5,0,830,1100,556,826
/Volumes/Mark-Banfield/Josh_Williams/Scoring_20Oct/Mark/DSC_4541.TIF,3,3,1,1,6,0,785,1063,278,556
/Volumes/Mark-Banfield/Josh_Williams/Scoring_20Oct/Mark/DSC_4541.TIF,3,3,1,3,1,0,1917,2221,262,566
/Volumes/Mark-Banfield/Josh_Williams/Scoring_20Oct/Mark/DSC_4541.TIF,3,3,1,3,2,0,1828,2132,582,886
/Volumes/Mark-Banfield/Josh_Williams/Scoring_20Oct/Mark/DSC_4541.TIF,3,3,1,3,3,2,1820,2098,885,1163
/Volumes/Mark-Banfield/Josh_Williams/Scoring_20Oct/Mark/DSC_4541.TIF,3,3,1,3,4,3,2284,2646,869,1231
/Volumes/Mark-Banfield/Josh_Williams/Scoring_20Oct/Mark/DSC_4541.TIF,3,3,1,3,5,3,2310,2706,540,936
/Volumes/Mark-Banfield/Josh_Williams/Scoring_20Oct/Mark/DSC_4541.TIF,3,3,1,3,6,0,2271,2601,312,642
/Volumes/Mark-Banfield/Josh_Williams/Scoring_20Oct/Mark/DSC_4541.TIF,3,3,2,2,1,0,1104,1518,1576,1990
/Volumes/Mark-Banfield/Josh_Williams/Scoring_20Oct/Mark/DSC_4541.TIF,3,3,2,2,2,0,1080,1484,1888,2292
/Volumes/Mark-Banfield/Josh_Williams/Scoring_20Oct/Mark/DSC_4541.TIF,3,3,2,2,3,0,1038,1466,2184,2612
/Volumes/Mark-Banfield/Josh_Williams/Scoring_20Oct/Mark/DSC_4541.TIF,3,3,2,2,4,0,1678,2098,2166,2586
/Volumes/Mark-Banfield/Josh_Williams/Scoring_20Oct/Mark/DSC_4541.TIF,3,3,2,2,5,5,1543,1863,1888,2208
/Volumes/Mark-Banfield/Josh_Williams/Scoring_20Oct/Mark/DSC_4541.TIF,3,3,3,1,1,3,405,743,2974,3312
/Volumes/Mark-Banfield/Josh_Williams/Scoring_20Oct/Mark/DSC_4541.TIF,3,3,3,1,2,0,162,514,3254,3606
/Volumes/Mark-Banfield/Josh_Williams/Scoring_20Oct/Mark/DSC_4541.TIF,3,3,3,1,3,0,153,591,3640,4078
/Volumes/Mark-Banfield/Josh_Williams/Scoring_20Oct/Mark/DSC_4541.TIF,3,3,3,1,4,0,844,1264,3565,3985
/Volumes/Mark-Banfield/Josh_Williams/Scoring_20Oct/Mark/DSC_4541.TIF,3,3,3,1,5,0,768,1096,3287,3615
/Volumes/Mark-Banfield/Josh_Williams/Scoring_20Oct/Mark/DSC_4541.TIF,3,3,3,1,6,2,730,1050,2992,3312
/Volumes/Mark-Banfield/Josh_Williams/Scoring_20Oct/Mark/DSC_4541.TIF,3,3,3,3,2,3,2022,2310,3395,3683
/Volumes/Mark-Banfield/Josh_Williams/Scoring_20Oct/Mark/DSC_4541.TIF,3,3,3,3,3,0,1997,2351,3632,3986
/Volumes/Mark-Banfield/Josh_Williams/Scoring_20Oct/Mark/DSC_4541.TIF,3,3,3,3,4,0,2418,2798,3475,3855
/Volumes/Mark-Banfield/Josh_Williams/Scoring_20Oct/Mark/DSC_4541.TIF,3,3,3,3,5,0,2284,2722,3215,3653
/Volumes/Mark-Banfield/Josh_Williams/Scoring_20Oct/Mark/DSC_4541.TIF,3,3,3,3,6,0,2221,2499,3068,3346
/Volumes/Mark-Banfield/Josh_Williams/Scoring_20Oct/Mark/DSC_6340.tif,3,3,1,1,1,6,338,616,389,667
/Volumes/Mark-Banfield/Josh_Williams/Scoring_20Oct/Mark/DSC_6340.tif,3,3,1,1,2,0,288,616,620,948
/Volumes/Mark-Banfield/Josh_Williams/Scoring_20Oct/Mark/DSC_6340.tif,3,3,1,1,3,0,330,674,967,1311
/Volumes/Mark-Banfield/Josh_Williams/Scoring_20Oct/Mark/DSC_6340.tif,3,3,1,1,4,0,700,1062,781,1143
/Volumes/Mark-Banfield/Josh_Williams/Scoring_20Oct/Mark/DSC_6340.tif,3,3,1,1,5,0,608,996,472,860
/Volumes/Mark-Banfield/Josh_Williams/Scoring_20Oct/Mark/DSC_6340.tif,3,3,1,1,6,6,590,844,342,596
/Volumes/Mark-Banfield/Josh_Williams/Scoring_20Oct/Mark/DSC_6340.tif,3,3,1,3,1,6,1589,1875,506,792
/Volumes/Mark-Banfield/Josh_Williams/Scoring_20Oct/Mark/DSC_6340.tif,3,3,1,3,2,6,1476,1736,675,935
/Volumes/Mark-Banfield/Josh_Williams/Scoring_20Oct/Mark/DSC_6340.tif,3,3,1,3,3,0,1492,1838,843,1189
/Volumes/Mark-Banfield/Josh_Williams/Scoring_20Oct/Mark/DSC_6340.tif,3,3,1,3,4,0,1938,2216,915,1193
/Volumes/Mark-Banfield/Josh_Williams/Scoring_20Oct/Mark/DSC_6340.tif,3,3,1,3,5,0,1888,2166,649,927
/Volumes/Mark-Banfield/Josh_Williams/Scoring_20Oct/Mark/DSC_6340.tif,3,3,1,3,6,0,1812,2242,316,746
/Volumes/Mark-Banfield/Josh_Williams/Scoring_20Oct/Mark/DSC_6340.tif,3,3,2,2,1,0,1140,1450,1712,2022
/Volumes/Mark-Banfield/Josh_Williams/Scoring_20Oct/Mark/DSC_6340.tif,3,3,2,2,2,6,1156,1408,2014,2266
/Volumes/Mark-Banfield/Josh_Williams/Scoring_20Oct/Mark/DSC_6340.tif,3,3,2,2,3,5,1062,1424,2187,2549
/Volumes/Mark-Banfield/Josh_Williams/Scoring_20Oct/Mark/DSC_6340.tif,3,3,2,2,4,0,1484,1914,2140,2570
/Volumes/Mark-Banfield/Josh_Williams/Scoring_20Oct/Mark/DSC_6340.tif,3,3,2,2,5,0,1450,1804,1871,2225
/Volumes/Mark-Banfield/Josh_Williams/Scoring_20Oct/Mark/DSC_6340.tif,3,3,2,2,6,0,1450,1736,1640,1926
/Volumes/Mark-Banfield/Josh_Williams/Scoring_20Oct/Mark/DSC_6340.tif,3,3,3,1,1,0,258,570,2958,3270
/Volumes/Mark-Banfield/Josh_Williams/Scoring_20Oct/Mark/DSC_6340.tif,3,3,3,1,2,0,178,490,3232,3544
/Volumes/Mark-Banfield/Josh_Williams/Scoring_20Oct/Mark/DSC_6340.tif,3,3,3,1,3,6,330,608,3438,3716
/Volumes/Mark-Banfield/Josh_Williams/Scoring_20Oct/Mark/DSC_6340.tif,3,3,3,1,4,6,582,894,3391,3703
/Volumes/Mark-Banfield/Josh_Williams/Scoring_20Oct/Mark/DSC_6340.tif,3,3,3,1,5,0,566,928,3109,3471
/Volumes/Mark-Banfield/Josh_Williams/Scoring_20Oct/Mark/DSC_6340.tif,3,3,3,1,6,0,514,742,2974,3202
/Volumes/Mark-Banfield/Josh_Williams/Scoring_20Oct/Mark/DSC_6340.tif,3,3,3,3,1,0,2048,2428,2781,3161
/Volumes/Mark-Banfield/Josh_Williams/Scoring_20Oct/Mark/DSC_6340.tif,3,3,3,3,2,0,1938,2292,3041,3395
/Volumes/Mark-Banfield/Josh_Williams/Scoring_20Oct/Mark/DSC_6340.tif,3,3,3,3,3,0,1956,2250,3370,3664
/Volumes/Mark-Banfield/Josh_Williams/Scoring_20Oct/Mark/DSC_6340.tif,3,3,3,3,4,3,2469,2781,3312,3624
/Volumes/Mark-Banfield/Josh_Williams/Scoring_20Oct/Mark/DSC_6340.tif,3,3,3,3,5,6,2452,2714,3097,3359
/Volumes/Mark-Banfield/Josh_Williams/Scoring_20Oct/Mark/DSC_6340.tif,3,3,3,3,6,0,2436,2688,2933,3185
/Volumes/Mark-Banfield/Josh_Williams/Scoring_20Oct/Mark/_DSC3043.TIF,3,2,1,1,1,2,868,1248,392,772
/Volumes/Mark-Banfield/Josh_Williams/Scoring_20Oct/Mark/_DSC3043.TIF,3,2,1,1,2,2,868,1228,406,766
/Volumes/Mark-Banfield/Josh_Williams/Scoring_20Oct/Mark/_DSC3043.TIF,3,2,1,1,3,2,706,1096,653,1043
/Volumes/Mark-Banfield/Josh_Williams/Scoring_20Oct/Mark/_DSC3043.TIF,3,2,1,1,4,0,1314,1704,1077,1467
/Volumes/Mark-Banfield/Josh_Williams/Scoring_20Oct/Mark/_DSC3043.TIF,3,2,1,1,5,6,1390,1762,695,1067
/Volumes/Mark-Banfield/Josh_Williams/Scoring_20Oct/Mark/_DSC3043.TIF,3,2,1,1,6,0,1228,1666,381,819
/Volumes/Mark-Banfield/Josh_Williams/Scoring_20Oct/Mark/_DSC3043.TIF,3,2,1,2,1,0,2366,2766,410,810
/Volumes/Mark-Banfield/Josh_Williams/Scoring_20Oct/Mark/_DSC3043.TIF,3,2,1,2,2,1,2153,2543,772,1162
/Volumes/Mark-Banfield/Josh_Williams/Scoring_20Oct/Mark/_DSC3043.TIF,3,2,1,2,3,3,2162,2580,1134,1552
/Volumes/Mark-Banfield/Josh_Williams/Scoring_20Oct/Mark/_DSC3043.TIF,3,2,1,2,4,0,2770,3228,1114,1572
/Volumes/Mark-Banfield/Josh_Williams/Scoring_20Oct/Mark/_DSC3043.TIF,3,2,1,2,5,1,2818,3284,734,1200
/Volumes/Mark-Banfield/Josh_Williams/Scoring_20Oct/Mark/_DSC3043.TIF,3,2,1,2,6,3,2694,3000,410,716
/Volumes/Mark-Banfield/Josh_Williams/Scoring_20Oct/Mark/_DSC3043.TIF,3,2,2,1,1,0,914,1266,1938,2290
/Volumes/Mark-Banfield/Josh_Williams/Scoring_20Oct/Mark/_DSC3043.TIF,3,2,2,1,2,0,782,1124,2228,2570
/Volumes/Mark-Banfield/Josh_Williams/Scoring_20Oct/Mark/_DSC3043.TIF,3,2,2,1,3,0,815,1187,2646,3018
/Volumes/Mark-Banfield/Josh_Williams/Scoring_20Oct/Mark/_DSC3043.TIF,3,2,2,1,4,0,1372,1810,2509,2947
/Volumes/Mark-Banfield/Josh_Williams/Scoring_20Oct/Mark/_DSC3043.TIF,3,2,2,1,5,0,1276,1696,2180,2600
/Volumes/Mark-Banfield/Josh_Williams/Scoring_20Oct/Mark/_DSC3043.TIF,3,2,2,1,6,6,1248,1610,1891,2253
/Volumes/Mark-Banfield/Josh_Williams/Scoring_20Oct/Mark/_DSC3043.TIF,3,2,2,2,1,0,2266,2628,1924,2286
/Volumes/Mark-Banfield/Josh_Williams/Scoring_20Oct/Mark/_DSC3043.TIF,3,2,2,2,2,2,2142,2542,2214,2614
/Volumes/Mark-Banfield/Josh_Williams/Scoring_20Oct/Mark/_DSC3043.TIF,3,2,2,2,3,1,2162,2552,2518,2908
/Volumes/Mark-Banfield/Josh_Williams/Scoring_20Oct/Mark/_DSC3043.TIF,3,2,2,2,4,0,2790,3200,2442,2852
/Volumes/Mark-Banfield/Josh_Williams/Scoring_20Oct/Mark/_DSC3043.TIF,3,2,2,2,5,6,2780,3218,2100,2538
/Volumes/Mark-Banfield/Josh_Williams/Scoring_20Oct/Mark/_DSC3043.TIF,3,2,2,2,6,1,2580,3056,1776,2252
/Volumes/Mark-Banfield/Josh_Williams/Scoring_20Oct/Mark/_DSC3043.TIF,3,2,3,1,1,6,905,1305,3332,3732
/Volumes/Mark-Banfield/Josh_Williams/Scoring_20Oct/Mark/_DSC3043.TIF,3,2,3,1,2,1,744,1134,3528,3918
/Volumes/Mark-Banfield/Josh_Williams/Scoring_20Oct/Mark/_DSC3043.TIF,3,2,3,1,3,1,752,1190,3779,4217
/Volumes/Mark-Banfield/Josh_Williams/Scoring_20Oct/Mark/_DSC3043.TIF,3,2,3,1,4,0,1304,1686,3975,4357
/Volumes/Mark-Banfield/Josh_Williams/Scoring_20Oct/Mark/_DSC3043.TIF,3,2,3,1,5,1,1352,1856,3575,4079
/Volumes/Mark-Banfield/Josh_Williams/Scoring_20Oct/Mark/_DSC3043.TIF,3,2,3,1,6,1,1228,1658,3313,3743
/Volumes/Mark-Banfield/Josh_Williams/Scoring_20Oct/Mark/_DSC3043.TIF,3,2,3,2,1,3,2580,2914,3180,3514
/Volumes/Mark-Banfield/Josh_Williams/Scoring_20Oct/Mark/_DSC3043.TIF,3,2,3,2,2,0,2200,2638,3551,3989
/Volumes/Mark-Banfield/Josh_Williams/Scoring_20Oct/Mark/_DSC3043.TIF,3,2,3,2,3,2,2134,2666,3918,4450
/Volumes/Mark-Banfield/Josh_Williams/Scoring_20Oct/Mark/_DSC3043.TIF,3,2,3,2,4,4,2962,3370,3952,4360
/Volumes/Mark-Banfield/Josh_Williams/Scoring_20Oct/Mark/_DSC3043.TIF,3,2,3,2,5,0,2962,3380,3594,4012
/Volumes/Mark-Banfield/Josh_Williams/Scoring_20Oct/Mark/_DSC3043.TIF,3,2,3,2,6,1,2876,3266,3271,3661
/Volumes/Mark-Banfield/Josh_Williams/Scoring_20Oct/Mark/DSC_8270.tif,3,3,1,1,2,0,448,826,376,754
/Volumes/Mark-Banfield/Josh_Williams/Scoring_20Oct/Mark/DSC_8270.tif,3,3,1,1,3,6,440,784,697,1041
/Volumes/Mark-Banfield/Josh_Williams/Scoring_20Oct/Mark/DSC_8270.tif,3,3,1,1,4,6,540,878,969,1307
/Volumes/Mark-Banfield/Josh_Williams/Scoring_20Oct/Mark/DSC_8270.tif,3,3,1,1,5,6,852,1206,865,1219
/Volumes/Mark-Banfield/Josh_Williams/Scoring_20Oct/Mark/DSC_8270.tif,3,3,1,1,6,6,944,1256,657,969
/Volumes/Mark-Banfield/Josh_Williams/Scoring_20Oct/Mark/DSC_8270.tif,3,3,1,2,1,0,839,1143,414,718
/Volumes/Mark-Banfield/Josh_Williams/Scoring_20Oct/Mark/DSC_8270.tif,3,3,1,3,1,0,1744,2132,628,1016
/Volumes/Mark-Banfield/Josh_Williams/Scoring_20Oct/Mark/DSC_8270.tif,3,3,1,3,2,0,1762,2082,936,1256
/Volumes/Mark-Banfield/Josh_Williams/Scoring_20Oct/Mark/DSC_8270.tif,3,3,1,3,3,6,2015,2335,1054,1374
/Volumes/Mark-Banfield/Josh_Williams/Scoring_20Oct/Mark/DSC_8270.tif,3,3,1,3,4,6,2229,2617,868,1256
/Volumes/Mark-Banfield/Josh_Williams/Scoring_20Oct/Mark/DSC_8270.tif,3,3,1,3,5,6,2267,2603,600,936
/Volumes/Mark-Banfield/Josh_Williams/Scoring_20Oct/Mark/DSC_8270.tif,3,3,1,3,6,6,2053,2347,524,818
/Volumes/Mark-Banfield/Josh_Williams/Scoring_20Oct/Mark/DSC_8270.tif,3,3,2,2,1,6,1348,1644,1593,1889
/Volumes/Mark-Banfield/Josh_Williams/Scoring_20Oct/Mark/DSC_8270.tif,3,3,2,2,2,0,1274,1602,1813,2141
/Volumes/Mark-Banfield/Josh_Williams/Scoring_20Oct/Mark/DSC_8270.tif,3,3,2,2,3,0,1236,1598,2124,2486
/Volumes/Mark-Banfield/Josh_Williams/Scoring_20Oct/Mark/DSC_8270.tif,3,3,2,2,4,6,1628,1896,2116,2384
/Volumes/Mark-Banfield/Josh_Williams/Scoring_20Oct/Mark/DSC_8270.tif,3,3,2,2,5,6,1610,1930,1825,2145
/Volumes/Mark-Banfield/Josh_Williams/Scoring_20Oct/Mark/DSC_8270.tif,3,3,2,2,6,6,1576,1830,1668,1922
/Volumes/Mark-Banfield/Josh_Williams/Scoring_20Oct/Mark/DSC_8270.tif,3,3,3,1,1,6,742,1012,2747,3017
/Volumes/Mark-Banfield/Josh_Williams/Scoring_20Oct/Mark/DSC_8270.tif,3,3,3,1,2,6,582,868,2916,3202
/Volumes/Mark-Banfield/Josh_Williams/Scoring_20Oct/Mark/DSC_8270.tif,3,3,3,1,3,0,574,944,3178,3548
/Volumes/Mark-Banfield/Josh_Williams/Scoring_20Oct/Mark/DSC_8270.tif,3,3,3,1,4,0,1004,1416,3156,3568
/Volumes/Mark-Banfield/Josh_Williams/Scoring_20Oct/Mark/DSC_8270.tif,3,3,3,1,5,6,970,1298,2945,3273
/Volumes/Mark-Banfield/Josh_Williams/Scoring_20Oct/Mark/DSC_8270.tif,3,3,3,1,6,6,957,1235,2714,2992
/Volumes/Mark-Banfield/Josh_Williams/Scoring_20Oct/Mark/DSC_8270.tif,3,3,3,3,1,6,2137,2405,2748,3016
/Volumes/Mark-Banfield/Josh_Williams/Scoring_20Oct/Mark/DSC_8270.tif,3,3,3,3,2,6,2106,2394,2978,3266
/Volumes/Mark-Banfield/Josh_Williams/Scoring_20Oct/Mark/DSC_8270.tif,3,3,3,3,3,6,2132,2486,3160,3514
/Volumes/Mark-Banfield/Josh_Williams/Scoring_20Oct/Mark/DSC_8270.tif,3,3,3,3,4,0,2512,2908,3092,3488
/Volumes/Mark-Banfield/Josh_Williams/Scoring_20Oct/Mark/DSC_8270.tif,3,3,3,3,5,0,2460,2806,2797,3143
/Volumes/Mark-Banfield/Josh_Williams/Scoring_20Oct/Mark/DSC_8270.tif,3,3,3,3,6,6,2334,2646,2604,2916
/Volumes/Mark-Banfield/Josh_Williams/Scoring_20Oct/Mark/DSC_6337.tif,3,3,1,1,1,0,236,616,241,621
/Volumes/Mark-Banfield/Josh_Williams/Scoring_20Oct/Mark/DSC_6337.tif,3,3,1,1,2,0,144,532,523,911
/Volumes/Mark-Banfield/Josh_Williams/Scoring_20Oct/Mark/DSC_6337.tif,3,3,1,1,3,2,220,566,902,1248
/Volumes/Mark-Banfield/Josh_Williams/Scoring_20Oct/Mark/DSC_6337.tif,3,3,1,1,4,3,658,1070,823,1235
/Volumes/Mark-Banfield/Josh_Williams/Scoring_20Oct/Mark/DSC_6337.tif,3,3,1,1,5,0,642,1038,524,920
/Volumes/Mark-Banfield/Josh_Williams/Scoring_20Oct/Mark/DSC_6337.tif,3,3,1,1,6,0,566,928,212,574
/Volumes/Mark-Banfield/Josh_Williams/Scoring_20Oct/Mark/DSC_6337.tif,3,3,1,3,1,0,1909,2211,482,784
/Volumes/Mark-Banfield/Josh_Williams/Scoring_20Oct/Mark/DSC_6337.tif,3,3,1,3,2,0,1862,2174,742,1054
/Volumes/Mark-Banfield/Josh_Williams/Scoring_20Oct/Mark/DSC_6337.tif,3,3,1,3,3,0,1744,2140,1007,1403
/Volumes/Mark-Banfield/Josh_Williams/Scoring_20Oct/Mark/DSC_6337.tif,3,3,1,3,4,1,2192,2502,996,1306
/Volumes/Mark-Banfield/Josh_Williams/Scoring_20Oct/Mark/DSC_6337.tif,3,3,1,3,5,3,2166,2460,730,1024
/Volumes/Mark-Banfield/Josh_Williams/Scoring_20Oct/Mark/DSC_6337.tif,3,3,1,3,6,0,2161,2465,456,760
/Volumes/Mark-Banfield/Josh_Williams/Scoring_20Oct/Mark/DSC_6337.tif,3,3,2,2,2,0,1012,1324,1837,2149
/Volumes/Mark-Banfield/Josh_Williams/Scoring_20Oct/Mark/DSC_6337.tif,3,3,2,2,3,0,857,1261,2074,2478
/Volumes/Mark-Banfield/Josh_Williams/Scoring_20Oct/Mark/DSC_6337.tif,3,3,2,2,4,0,1332,1702,2125,2495
/Volumes/Mark-Banfield/Josh_Williams/Scoring_20Oct/Mark/DSC_6337.tif,3,3,2,2,5,6,1382,1744,1888,2250
/Volumes/Mark-Banfield/Josh_Williams/Scoring_20Oct/Mark/DSC_6337.tif,3,3,2,2,6,6,1353,1615,1694,1956
/Volumes/Mark-Banfield/Josh_Williams/Scoring_20Oct/Mark/DSC_6337.tif,3,3,3,1,1,5,608,852,2903,3147
/Volumes/Mark-Banfield/Josh_Williams/Scoring_20Oct/Mark/DSC_6337.tif,3,3,3,1,2,0,456,768,3101,3413
/Volumes/Mark-Banfield/Josh_Williams/Scoring_20Oct/Mark/DSC_6337.tif,3,3,3,1,3,0,367,679,3370,3682
/Volumes/Mark-Banfield/Josh_Williams/Scoring_20Oct/Mark/DSC_6337.tif,3,3,3,1,4,0,750,1104,3388,3742
/Volumes/Mark-Banfield/Josh_Williams/Scoring_20Oct/Mark/DSC_6337.tif,3,3,3,1,5,0,827,1087,3144,3404
/Volumes/Mark-Banfield/Josh_Williams/Scoring_20Oct/Mark/DSC_6337.tif,3,3,3,1,6,5,839,1033,2974,3168
/Volumes/Mark-Banfield/Josh_Williams/Scoring_20Oct/Mark/DSC_6337.tif,3,3,3,3,1,6,1796,2064,2832,3100
/Volumes/Mark-Banfield/Josh_Williams/Scoring_20Oct/Mark/DSC_6337.tif,3,3,3,3,2,6,1702,2040,3025,3363
/Volumes/Mark-Banfield/Josh_Williams/Scoring_20Oct/Mark/DSC_6337.tif,3,3,3,3,3,0,1712,2014,3278,3580
/Volumes/Mark-Banfield/Josh_Williams/Scoring_20Oct/Mark/DSC_6337.tif,3,3,3,3,4,0,2174,2620,3122,3568
/Volumes/Mark-Banfield/Josh_Williams/Scoring_20Oct/Mark/DSC_6337.tif,3,3,3,3,5,0,2132,2444,2911,3223
/Volumes/Mark-Banfield/Josh_Williams/Scoring_20Oct/Mark/DSC_6337.tif,3,3,3,3,6,0,2027,2371,2672,3016
/Volumes/Mark-Banfield/Josh_Williams/Scoring_20Oct/Mark/DSC_2394.tif,3,3,1,1,2,4,556,868,367,679
/Volumes/Mark-Banfield/Josh_Williams/Scoring_20Oct/Mark/DSC_2394.tif,3,3,1,1,3,0,482,768,642,928
/Volumes/Mark-Banfield/Josh_Williams/Scoring_20Oct/Mark/DSC_2394.tif,3,3,1,1,4,0,582,868,835,1121
/Volumes/Mark-Banfield/Josh_Williams/Scoring_20Oct/Mark/DSC_2394.tif,3,3,1,1,5,0,869,1197,700,1028
/Volumes/Mark-Banfield/Josh_Williams/Scoring_20Oct/Mark/DSC_2394.tif,3,3,1,2,1,4,852,1172,414,734
/Volumes/Mark-Banfield/Josh_Williams/Scoring_20Oct/Mark/DSC_2394.tif,3,3,1,3,1,6,1778,2090,392,704
/Volumes/Mark-Banfield/Josh_Williams/Scoring_20Oct/Mark/DSC_2394.tif,3,3,1,3,2,0,1762,2040,684,962
/Volumes/Mark-Banfield/Josh_Williams/Scoring_20Oct/Mark/DSC_2394.tif,3,3,1,3,3,0,1786,2132,894,1240
/Volumes/Mark-Banfield/Josh_Williams/Scoring_20Oct/Mark/DSC_2394.tif,3,3,1,3,4,0,2124,2478,641,995
/Volumes/Mark-Banfield/Josh_Williams/Scoring_20Oct/Mark/DSC_2394.tif,3,3,1,3,5,0,2082,2436,300,654
/Volumes/Mark-Banfield/Josh_Williams/Scoring_20Oct/Mark/DSC_2394.tif,3,3,2,2,1,0,1248,1618,1488,1858
/Volumes/Mark-Banfield/Josh_Williams/Scoring_20Oct/Mark/DSC_2394.tif,3,3,2,2,2,2,1130,1552,1761,2183
/Volumes/Mark-Banfield/Josh_Williams/Scoring_20Oct/Mark/DSC_2394.tif,3,3,2,2,3,0,1252,1564,2116,2428
/Volumes/Mark-Banfield/Josh_Williams/Scoring_20Oct/Mark/DSC_2394.tif,3,3,2,2,4,0,1686,2200,1947,2461
/Volumes/Mark-Banfield/Josh_Williams/Scoring_20Oct/Mark/DSC_2394.tif,3,3,2,2,5,0,1610,2032,1576,1998
/Volumes/Mark-Banfield/Josh_Williams/Scoring_20Oct/Mark/DSC_2394.tif,3,3,3,1,1,0,519,915,2748,3144
/Volumes/Mark-Banfield/Josh_Williams/Scoring_20Oct/Mark/DSC_2394.tif,3,3,3,1,2,0,448,818,3068,3438
/Volumes/Mark-Banfield/Josh_Williams/Scoring_20Oct/Mark/DSC_2394.tif,3,3,3,1,3,4,498,860,3392,3754
/Volumes/Mark-Banfield/Josh_Williams/Scoring_20Oct/Mark/DSC_2394.tif,3,3,3,1,4,0,986,1392,3176,3582
/Volumes/Mark-Banfield/Josh_Williams/Scoring_20Oct/Mark/DSC_2394.tif,3,3,3,1,5,0,878,1324,2789,3235
/Volumes/Mark-Banfield/Josh_Williams/Scoring_20Oct/Mark/DSC_2394.tif,3,3,3,3,1,0,2179,2541,2798,3160
/Volumes/Mark-Banfield/Josh_Williams/Scoring_20Oct/Mark/DSC_2394.tif,3,3,3,3,2,0,2064,2444,3025,3405
/Volumes/Mark-Banfield/Josh_Williams/Scoring_20Oct/Mark/DSC_2394.tif,3,3,3,3,3,0,2064,2428,3298,3662
/Volumes/Mark-Banfield/Josh_Williams/Scoring_20Oct/Mark/DSC_2394.tif,3,3,3,3,4,6,2486,2814,3173,3501
/Volumes/Mark-Banfield/Josh_Williams/Scoring_20Oct/Mark/DSC_2394.tif,3,3,3,3,5,5,2502,2798,2957,3253
/Volumes/Mark-Banfield/Josh_Williams/Scoring_20Oct/Mark/_DSC3044.TIF,3,3,1,1,1,1,800,1076,752,1028
/Volumes/Mark-Banfield/Josh_Williams/Scoring_20Oct/Mark/_DSC3044.TIF,3,3,1,1,2,1,648,962,990,1304
/Volumes/Mark-Banfield/Josh_Williams/Scoring_20Oct/Mark/_DSC3044.TIF,3,3,1,1,3,1,572,982,1309,1719
/Volumes/Mark-Banfield/Josh_Williams/Scoring_20Oct/Mark/_DSC3044.TIF,3,3,1,1,4,2,1182,1610,1414,1842
/Volumes/Mark-Banfield/Josh_Williams/Scoring_20Oct/Mark/_DSC3044.TIF,3,3,1,1,5,0,1144,1552,1048,1456
/Volumes/Mark-Banfield/Josh_Williams/Scoring_20Oct/Mark/_DSC3044.TIF,3,3,1,1,6,6,1029,1353,800,1124
/Volumes/Mark-Banfield/Josh_Williams/Scoring_20Oct/Mark/_DSC3044.TIF,3,3,1,3,1,5,2304,2648,724,1068
/Volumes/Mark-Banfield/Josh_Williams/Scoring_20Oct/Mark/_DSC3044.TIF,3,3,1,3,2,1,2124,2524,991,1391
/Volumes/Mark-Banfield/Josh_Williams/Scoring_20Oct/Mark/_DSC3044.TIF,3,3,1,3,4,6,2724,3200,1276,1752
/Volumes/Mark-Banfield/Josh_Williams/Scoring_20Oct/Mark/_DSC3044.TIF,3,3,1,3,5,4,2752,3160,1001,1409
/Volumes/Mark-Banfield/Josh_Williams/Scoring_20Oct/Mark/_DSC3044.TIF,3,3,1,3,6,4,2608,2952,733,1077
/Volumes/Mark-Banfield/Josh_Williams/Scoring_20Oct/Mark/_DSC3044.TIF,3,3,2,2,1,5,1486,1896,1933,2343
/Volumes/Mark-Banfield/Josh_Williams/Scoring_20Oct/Mark/_DSC3044.TIF,3,3,2,2,2,0,1314,1752,2261,2699
/Volumes/Mark-Banfield/Josh_Williams/Scoring_20Oct/Mark/_DSC3044.TIF,3,3,2,2,3,3,1334,1800,2694,3160
/Volumes/Mark-Banfield/Josh_Williams/Scoring_20Oct/Mark/_DSC3044.TIF,3,3,2,2,4,1,2028,2486,2675,3133
/Volumes/Mark-Banfield/Josh_Williams/Scoring_20Oct/Mark/_DSC3044.TIF,3,3,2,2,5,0,1990,2428,2233,2671
/Volumes/Mark-Banfield/Josh_Williams/Scoring_20Oct/Mark/_DSC3044.TIF,3,3,2,2,6,1,1828,2256,1962,2390
/Volumes/Mark-Banfield/Josh_Williams/Scoring_20Oct/Mark/_DSC3044.TIF,3,3,3,1,1,0,948,1348,3370,3770
/Volumes/Mark-Banfield/Josh_Williams/Scoring_20Oct/Mark/_DSC3044.TIF,3,3,3,1,2,6,838,1286,3627,4075
/Volumes/Mark-Banfield/Josh_Williams/Scoring_20Oct/Mark/_DSC3044.TIF,3,3,3,1,3,0,724,1220,4103,4599
/Volumes/Mark-Banfield/Josh_Williams/Scoring_20Oct/Mark/_DSC3044.TIF,3,3,3,1,4,3,1514,1934,3998,4418
/Volumes/Mark-Banfield/Josh_Williams/Scoring_20Oct/Mark/_DSC3044.TIF,3,3,3,1,5,0,1458,1972,3571,4085
/Volumes/Mark-Banfield/Josh_Williams/Scoring_20Oct/Mark/_DSC3044.TIF,3,3,3,1,6,1,1281,1709,3294,3722
/Volumes/Mark-Banfield/Josh_Williams/Scoring_20Oct/Mark/_DSC3044.TIF,3,3,3,3,1,1,2348,2738,3418,3808
/Volumes/Mark-Banfield/Josh_Williams/Scoring_20Oct/Mark/_DSC3044.TIF,3,3,3,3,2,0,2251,2613,3732,4094
/Volumes/Mark-Banfield/Josh_Williams/Scoring_20Oct/Mark/_DSC3044.TIF,3,3,3,3,3,3,2171,2543,4226,4598
/Volumes/Mark-Banfield/Josh_Williams/Scoring_20Oct/Mark/_DSC3044.TIF,3,3,3,3,4,5,2661,3023,4112,4474
/Volumes/Mark-Banfield/Josh_Williams/Scoring_20Oct/Mark/_DSC3044.TIF,3,3,3,3,5,1,2676,3046,3804,4174
/Volumes/Mark-Banfield/Josh_Williams/Scoring_20Oct/Mark/_DSC3044.TIF,3,3,3,3,6,0,2638,3046,3452,3860
/Volumes/Mark-Banfield/Josh_Williams/Scoring_20Oct/Mark/DSC_1346.tif,3,3,1,1,1,0,456,826,254,624
/Volumes/Mark-Banfield/Josh_Williams/Scoring_20Oct/Mark/DSC_1346.tif,3,3,1,1,2,0,448,834,246,632
/Volumes/Mark-Banfield/Josh_Williams/Scoring_20Oct/Mark/DSC_1346.tif,3,3,1,1,3,0,262,700,523,961
/Volumes/Mark-Banfield/Josh_Williams/Scoring_20Oct/Mark/DSC_1346.tif,3,3,1,1,4,3,312,692,923,1303
/Volumes/Mark-Banfield/Josh_Williams/Scoring_20Oct/Mark/DSC_1346.tif,3,3,1,1,5,5,822,1176,936,1290
/Volumes/Mark-Banfield/Josh_Williams/Scoring_20Oct/Mark/DSC_1346.tif,3,3,1,1,6,6,970,1316,662,1008
/Volumes/Mark-Banfield/Josh_Williams/Scoring_20Oct/Mark/DSC_1346.tif,3,3,1,2,1,0,834,1256,367,789
/Volumes/Mark-Banfield/Josh_Williams/Scoring_20Oct/Mark/DSC_1346.tif,3,3,1,3,1,0,2013,2343,354,684
/Volumes/Mark-Banfield/Josh_Williams/Scoring_20Oct/Mark/DSC_1346.tif,3,3,1,3,2,0,1728,2098,583,953
/Volumes/Mark-Banfield/Josh_Williams/Scoring_20Oct/Mark/DSC_1346.tif,3,3,1,3,3,0,1660,2064,957,1361
/Volumes/Mark-Banfield/Josh_Williams/Scoring_20Oct/Mark/DSC_1346.tif,3,3,1,3,4,3,2292,2662,945,1315
/Volumes/Mark-Banfield/Josh_Williams/Scoring_20Oct/Mark/DSC_1346.tif,3,3,1,3,5,6,2216,2528,713,1025
/Volumes/Mark-Banfield/Josh_Williams/Scoring_20Oct/Mark/DSC_1346.tif,3,3,1,3,6,6,2255,2575,380,700
/Volumes/Mark-Banfield/Josh_Williams/Scoring_20Oct/Mark/DSC_1346.tif,3,3,2,2,1,6,1235,1581,1660,2006
/Volumes/Mark-Banfield/Josh_Williams/Scoring_20Oct/Mark/DSC_1346.tif,3,3,2,2,2,0,1172,1542,2006,2376
/Volumes/Mark-Banfield/Josh_Williams/Scoring_20Oct/Mark/DSC_1346.tif,3,3,2,2,3,0,1156,1518,2258,2620
/Volumes/Mark-Banfield/Josh_Williams/Scoring_20Oct/Mark/DSC_1346.tif,3,3,2,2,4,0,1686,2098,2136,2548
/Volumes/Mark-Banfield/Josh_Williams/Scoring_20Oct/Mark/DSC_1346.tif,3,3,2,2,5,5,1610,2006,1837,2233
/Volumes/Mark-Banfield/Josh_Williams/Scoring_20Oct/Mark/DSC_1346.tif,3,3,2,2,6,6,1508,1888,1588,1968
/Volumes/Mark-Banfield/Josh_Williams/Scoring_20Oct/Mark/DSC_1346.tif,3,3,3,1,1,5,489,819,2738,3068
/Volumes/Mark-Banfield/Josh_Williams/Scoring_20Oct/Mark/DSC_1346.tif,3,3,3,1,2,5,444,704,2984,3244
/Volumes/Mark-Banfield/Josh_Williams/Scoring_20Oct/Mark/DSC_1346.tif,3,3,3,1,3,0,392,756,3336,3700
/Volumes/Mark-Banfield/Josh_Williams/Scoring_20Oct/Mark/DSC_1346.tif,3,3,3,1,4,0,936,1298,3262,3624
/Volumes/Mark-Banfield/Josh_Williams/Scoring_20Oct/Mark/DSC_1346.tif,3,3,3,1,5,0,818,1222,2946,3350
/Volumes/Mark-Banfield/Josh_Williams/Scoring_20Oct/Mark/DSC_1346.tif,3,3,3,1,6,1,802,1080,2752,3030
/Volumes/Mark-Banfield/Josh_Williams/Scoring_20Oct/Mark/DSC_1346.tif,3,3,3,3,1,3,2006,2310,2734,3038
/Volumes/Mark-Banfield/Josh_Williams/Scoring_20Oct/Mark/DSC_1346.tif,3,3,3,3,2,5,1872,2200,2950,3278
/Volumes/Mark-Banfield/Josh_Williams/Scoring_20Oct/Mark/DSC_1346.tif,3,3,3,3,3,4,1880,2268,3320,3708
/Volumes/Mark-Banfield/Josh_Williams/Scoring_20Oct/Mark/DSC_1346.tif,3,3,3,3,4,0,2502,2950,3130,3578
/Volumes/Mark-Banfield/Josh_Williams/Scoring_20Oct/Mark/DSC_1346.tif,3,3,3,3,5,0,2368,2814,2794,3240
/Volumes/Mark-Banfield/Josh_Williams/Scoring_20Oct/Mark/DSC_1346.tif,3,3,3,3,6,0,2292,2672,2549,2929
/Volumes/Mark-Banfield/Josh_Williams/Scoring_20Oct/Mark/DSC_1176.tif,3,3,1,1,1,0,456,818,296,658
/Volumes/Mark-Banfield/Josh_Williams/Scoring_20Oct/Mark/DSC_1176.tif,3,3,1,1,2,3,498,844,599,945
/Volumes/Mark-Banfield/Josh_Williams/Scoring_20Oct/Mark/DSC_1176.tif,3,3,1,1,3,5,396,784,881,1269
/Volumes/Mark-Banfield/Josh_Williams/Scoring_20Oct/Mark/DSC_1176.tif,3,3,1,1,4,5,978,1340,932,1294
/Volumes/Mark-Banfield/Josh_Williams/Scoring_20Oct/Mark/DSC_1176.tif,3,3,1,1,5,0,878,1248,565,935
/Volumes/Mark-Banfield/Josh_Williams/Scoring_20Oct/Mark/DSC_1176.tif,3,3,1,1,6,0,784,1138,278,632
/Volumes/Mark-Banfield/Josh_Williams/Scoring_20Oct/Mark/DSC_1176.tif,3,3,1,3,1,0,1964,2334,342,712
/Volumes/Mark-Banfield/Josh_Williams/Scoring_20Oct/Mark/DSC_1176.tif,3,3,1,3,2,0,1838,2200,633,995
/Volumes/Mark-Banfield/Josh_Williams/Scoring_20Oct/Mark/DSC_1176.tif,3,3,1,3,3,2,1825,2153,1062,1390
/Volumes/Mark-Banfield/Josh_Williams/Scoring_20Oct/Mark/DSC_1176.tif,3,3,1,3,4,5,2360,2772,945,1357
/Volumes/Mark-Banfield/Josh_Williams/Scoring_20Oct/Mark/DSC_1176.tif,3,3,1,3,5,6,2376,2738,650,1012
/Volumes/Mark-Banfield/Josh_Williams/Scoring_20Oct/Mark/DSC_1176.tif,3,3,1,3,6,0,2342,2620,388,666
/Volumes/Mark-Banfield/Josh_Williams/Scoring_20Oct/Mark/DSC_1176.tif,3,3,2,2,1,0,1353,1681,1610,1938
/Volumes/Mark-Banfield/Josh_Williams/Scoring_20Oct/Mark/DSC_1176.tif,3,3,2,2,2,0,1230,1560,1904,2234
/Volumes/Mark-Banfield/Josh_Williams/Scoring_20Oct/Mark/DSC_1176.tif,3,3,2,2,3,0,1171,1517,2208,2554
/Volumes/Mark-Banfield/Josh_Williams/Scoring_20Oct/Mark/DSC_1176.tif,3,3,2,2,4,1,1694,2022,2178,2506
/Volumes/Mark-Banfield/Josh_Williams/Scoring_20Oct/Mark/DSC_1176.tif,3,3,2,2,5,5,1644,2006,1896,2258
/Volumes/Mark-Banfield/Josh_Williams/Scoring_20Oct/Mark/DSC_1176.tif,3,3,2,2,6,6,1635,1913,1686,1964
/Volumes/Mark-Banfield/Josh_Williams/Scoring_20Oct/Mark/DSC_1176.tif,3,3,3,1,1,6,396,768,2705,3077
/Volumes/Mark-Banfield/Josh_Williams/Scoring_20Oct/Mark/DSC_1176.tif,3,3,3,1,2,0,296,624,2959,3287
/Volumes/Mark-Banfield/Josh_Williams/Scoring_20Oct/Mark/DSC_1176.tif,3,3,3,1,3,0,354,708,3303,3657
/Volumes/Mark-Banfield/Josh_Williams/Scoring_20Oct/Mark/DSC_1176.tif,3,3,3,1,4,0,826,1214,3214,3602
/Volumes/Mark-Banfield/Josh_Williams/Scoring_20Oct/Mark/DSC_1176.tif,3,3,3,1,5,5,852,1164,2898,3210
/Volumes/Mark-Banfield/Josh_Williams/Scoring_20Oct/Mark/DSC_1176.tif,3,3,3,1,6,6,750,1070,2646,2966
/Volumes/Mark-Banfield/Josh_Williams/Scoring_20Oct/Mark/DSC_1176.tif,3,3,3,3,1,5,2090,2384,2664,2958
/Volumes/Mark-Banfield/Josh_Williams/Scoring_20Oct/Mark/DSC_1176.tif,3,3,3,3,2,5,1972,2292,2886,3206
/Volumes/Mark-Banfield/Josh_Williams/Scoring_20Oct/Mark/DSC_1176.tif,3,3,3,3,3,0,1990,2310,3210,3530
/Volumes/Mark-Banfield/Josh_Williams/Scoring_20Oct/Mark/DSC_1176.tif,3,3,3,3,4,0,2612,2958,3156,3502
/Volumes/Mark-Banfield/Josh_Williams/Scoring_20Oct/Mark/DSC_1176.tif,3,3,3,3,5,0,2478,2874,2861,3257
/Volumes/Mark-Banfield/Josh_Williams/Scoring_20Oct/Mark/DSC_1176.tif,3,3,3,3,6,3,2410,2730,2658,2978
/Volumes/Mark-Banfield/Josh_Williams/Scoring_20Oct/Mark/DSC_2396.tif,3,3,1,1,2,4,657,927,330,600
/Volumes/Mark-Banfield/Josh_Williams/Scoring_20Oct/Mark/DSC_2396.tif,3,3,1,1,3,0,548,878,548,878
/Volumes/Mark-Banfield/Josh_Williams/Scoring_20Oct/Mark/DSC_2396.tif,3,3,1,1,4,0,600,910,840,1150
/Volumes/Mark-Banfield/Josh_Williams/Scoring_20Oct/Mark/DSC_2396.tif,3,3,1,1,5,0,911,1223,380,692
/Volumes/Mark-Banfield/Josh_Williams/Scoring_20Oct/Mark/DSC_2396.tif,3,3,1,3,1,5,1922,2250,372,700
/Volumes/Mark-Banfield/Josh_Williams/Scoring_20Oct/Mark/DSC_2396.tif,3,3,1,3,2,0,1804,2150,632,978
/Volumes/Mark-Banfield/Josh_Williams/Scoring_20Oct/Mark/DSC_2396.tif,3,3,1,3,3,0,1854,2242,894,1282
/Volumes/Mark-Banfield/Josh_Williams/Scoring_20Oct/Mark/DSC_2396.tif,3,3,1,3,4,0,2268,2620,646,998
/Volumes/Mark-Banfield/Josh_Williams/Scoring_20Oct/Mark/DSC_2396.tif,3,3,1,3,5,6,2246,2550,380,684
/Volumes/Mark-Banfield/Josh_Williams/Scoring_20Oct/Mark/DSC_2396.tif,3,3,2,2,1,0,1159,1521,1720,2082
/Volumes/Mark-Banfield/Josh_Williams/Scoring_20Oct/Mark/DSC_2396.tif,3,3,2,2,2,6,1164,1476,1989,2301
/Volumes/Mark-Banfield/Josh_Williams/Scoring_20Oct/Mark/DSC_2396.tif,3,3,2,2,3,3,1264,1626,2178,2540
/Volumes/Mark-Banfield/Josh_Williams/Scoring_20Oct/Mark/DSC_2396.tif,3,3,2,2,4,0,1576,2006,1930,2360
/Volumes/Mark-Banfield/Josh_Williams/Scoring_20Oct/Mark/DSC_2396.tif,3,3,2,2,5,0,1458,1846,1648,2036
/Volumes/Mark-Banfield/Josh_Williams/Scoring_20Oct/Mark/DSC_2396.tif,3,3,3,1,1,0,523,877,2908,3262
/Volumes/Mark-Banfield/Josh_Williams/Scoring_20Oct/Mark/DSC_2396.tif,3,3,3,1,2,0,434,822,3286,3674
/Volumes/Mark-Banfield/Josh_Williams/Scoring_20Oct/Mark/DSC_2396.tif,3,3,3,1,3,4,566,978,3581,3993
/Volumes/Mark-Banfield/Josh_Williams/Scoring_20Oct/Mark/DSC_2396.tif,3,3,3,1,4,0,978,1416,3270,3708
/Volumes/Mark-Banfield/Josh_Williams/Scoring_20Oct/Mark/DSC_2396.tif,3,3,3,1,5,0,834,1230,2953,3349
/Volumes/Mark-Banfield/Josh_Williams/Scoring_20Oct/Mark/DSC_2396.tif,3,3,3,3,1,0,2064,2436,3075,3447
/Volumes/Mark-Banfield/Josh_Williams/Scoring_20Oct/Mark/DSC_2396.tif,3,3,3,3,2,0,2006,2428,3340,3762
/Volumes/Mark-Banfield/Josh_Williams/Scoring_20Oct/Mark/DSC_2396.tif,3,3,3,3,3,0,2048,2494,3645,4091
/Volumes/Mark-Banfield/Josh_Williams/Scoring_20Oct/Mark/DSC_2396.tif,3,3,3,3,4,4,2478,2866,3404,3792
/Volumes/Mark-Banfield/Josh_Williams/Scoring_20Oct/Mark/DSC_2396.tif,3,3,3,3,5,0,2418,2814,3084,3480
/Volumes/Mark-Banfield/Josh_Williams/Scoring_20Oct/Mark/DSC_4388.TIF,3,3,1,1,1,0,603,973,246,616
/Volumes/Mark-Banfield/Josh_Williams/Scoring_20Oct/Mark/DSC_4388.TIF,3,3,1,1,2,0,346,700,507,861
/Volumes/Mark-Banfield/Josh_Williams/Scoring_20Oct/Mark/DSC_4388.TIF,3,3,1,1,3,1,430,776,864,1210
/Volumes/Mark-Banfield/Josh_Williams/Scoring_20Oct/Mark/DSC_4388.TIF,3,3,1,1,4,4,826,1138,881,1193
/Volumes/Mark-Banfield/Josh_Williams/Scoring_20Oct/Mark/DSC_4388.TIF,3,3,1,1,5,5,890,1202,624,936
/Volumes/Mark-Banfield/Josh_Williams/Scoring_20Oct/Mark/DSC_4388.TIF,3,3,1,1,6,0,890,1244,354,708
/Volumes/Mark-Banfield/Josh_Williams/Scoring_20Oct/Mark/DSC_4388.TIF,3,3,1,3,1,4,1972,2292,451,771
/Volumes/Mark-Banfield/Josh_Williams/Scoring_20Oct/Mark/DSC_4388.TIF,3,3,1,3,2,0,1862,2250,696,1084
/Volumes/Mark-Banfield/Josh_Williams/Scoring_20Oct/Mark/DSC_4388.TIF,3,3,1,3,3,0,1728,2150,982,1404
/Volumes/Mark-Banfield/Josh_Williams/Scoring_20Oct/Mark/DSC_4388.TIF,3,3,1,3,4,0,2436,2848,1037,1449
/Volumes/Mark-Banfield/Josh_Williams/Scoring_20Oct/Mark/DSC_4388.TIF,3,3,1,3,5,3,2427,2765,700,1038
/Volumes/Mark-Banfield/Josh_Williams/Scoring_20Oct/Mark/DSC_4388.TIF,3,3,1,3,6,6,2300,2620,439,759
/Volumes/Mark-Banfield/Josh_Williams/Scoring_20Oct/Mark/DSC_4388.TIF,3,3,2,2,1,5,1188,1518,1563,1893
/Volumes/Mark-Banfield/Josh_Williams/Scoring_20Oct/Mark/DSC_4388.TIF,3,3,2,2,2,6,1156,1458,1868,2170
/Volumes/Mark-Banfield/Josh_Williams/Scoring_20Oct/Mark/DSC_4388.TIF,3,3,2,2,3,0,1070,1434,2102,2466
/Volumes/Mark-Banfield/Josh_Williams/Scoring_20Oct/Mark/DSC_4388.TIF,3,3,2,2,4,0,1652,2048,2065,2461
/Volumes/Mark-Banfield/Josh_Williams/Scoring_20Oct/Mark/DSC_4388.TIF,3,3,2,2,5,0,1576,1896,1762,2082
/Volumes/Mark-Banfield/Josh_Williams/Scoring_20Oct/Mark/DSC_4388.TIF,3,3,2,2,6,2,1534,1838,1533,1837
/Volumes/Mark-Banfield/Josh_Williams/Scoring_20Oct/Mark/DSC_4388.TIF,3,3,3,1,1,4,431,801,2840,3210
/Volumes/Mark-Banfield/Josh_Williams/Scoring_20Oct/Mark/DSC_4388.TIF,3,3,3,1,2,6,451,831,3176,3556
/Volumes/Mark-Banfield/Josh_Williams/Scoring_20Oct/Mark/DSC_4388.TIF,3,3,3,1,3,6,448,792,3489,3833
/Volumes/Mark-Banfield/Josh_Williams/Scoring_20Oct/Mark/DSC_4388.TIF,3,3,3,1,4,0,928,1348,3342,3762
/Volumes/Mark-Banfield/Josh_Williams/Scoring_20Oct/Mark/DSC_4388.TIF,3,3,3,1,5,0,802,1188,3021,3407
/Volumes/Mark-Banfield/Josh_Williams/Scoring_20Oct/Mark/DSC_4388.TIF,3,3,3,1,6,0,726,1020,2786,3080
/Volumes/Mark-Banfield/Josh_Williams/Scoring_20Oct/Mark/DSC_4388.TIF,3,3,3,3,1,0,2044,2356,2806,3118
/Volumes/Mark-Banfield/Josh_Williams/Scoring_20Oct/Mark/DSC_4388.TIF,3,3,3,3,2,1,1998,2284,3118,3404
/Volumes/Mark-Banfield/Josh_Williams/Scoring_20Oct/Mark/DSC_4388.TIF,3,3,3,3,3,2,1930,2318,3299,3687
/Volumes/Mark-Banfield/Josh_Williams/Scoring_20Oct/Mark/DSC_4388.TIF,3,3,3,3,4,3,2394,2780,3379,3765
/Volumes/Mark-Banfield/Josh_Williams/Scoring_20Oct/Mark/DSC_4388.TIF,3,3,3,3,5,0,2352,2696,3047,3391
/Volumes/Mark-Banfield/Josh_Williams/Scoring_20Oct/Mark/DSC_4388.TIF,3,3,3,3,6,0,2334,2688,2730,3084
/Volumes/Mark-Banfield/Josh_Williams/Scoring_20Oct/Mark/DSC_2453.tif,3,3,1,1,1,4,684,986,398,700
/Volumes/Mark-Banfield/Josh_Williams/Scoring_20Oct/Mark/DSC_2453.tif,3,3,1,1,2,0,684,986,658,960
/Volumes/Mark-Banfield/Josh_Williams/Scoring_20Oct/Mark/DSC_2453.tif,3,3,1,1,3,0,582,928,935,1281
/Volumes/Mark-Banfield/Josh_Williams/Scoring_20Oct/Mark/DSC_2453.tif,3,3,1,1,4,0,970,1340,818,1188
/Volumes/Mark-Banfield/Josh_Williams/Scoring_20Oct/Mark/DSC_2453.tif,3,3,1,1,5,6,961,1239,532,810
/Volumes/Mark-Banfield/Josh_Williams/Scoring_20Oct/Mark/DSC_2453.tif,3,3,1,3,1,6,2006,2334,389,717
/Volumes/Mark-Banfield/Josh_Williams/Scoring_20Oct/Mark/DSC_2453.tif,3,3,1,3,2,5,1914,2360,603,1049
/Volumes/Mark-Banfield/Josh_Williams/Scoring_20Oct/Mark/DSC_2453.tif,3,3,1,3,3,0,1930,2352,936,1358
/Volumes/Mark-Banfield/Josh_Williams/Scoring_20Oct/Mark/DSC_2453.tif,3,3,1,3,4,0,2394,2856,697,1159
/Volumes/Mark-Banfield/Josh_Williams/Scoring_20Oct/Mark/DSC_2453.tif,3,3,1,3,5,0,2292,2680,392,780
/Volumes/Mark-Banfield/Josh_Williams/Scoring_20Oct/Mark/DSC_2453.tif,3,3,2,2,1,0,1412,1732,1862,2182
/Volumes/Mark-Banfield/Josh_Williams/Scoring_20Oct/Mark/DSC_2453.tif,3,3,2,2,2,6,1301,1589,2106,2394
/Volumes/Mark-Banfield/Josh_Williams/Scoring_20Oct/Mark/DSC_2453.tif,3,3,2,2,3,0,1400,1720,2352,2672
/Volumes/Mark-Banfield/Josh_Williams/Scoring_20Oct/Mark/DSC_2453.tif,3,3,2,2,4,0,1786,2182,2183,2579
/Volumes/Mark-Banfield/Josh_Williams/Scoring_20Oct/Mark/DSC_2453.tif,3,3,2,2,5,0,1757,2111,1846,2200
/Volumes/Mark-Banfield/Josh_Williams/Scoring_20Oct/Mark/DSC_2453.tif,3,3,3,1,1,0,684,1054,3038,3408
/Volumes/Mark-Banfield/Josh_Williams/Scoring_20Oct/Mark/DSC_2453.tif,3,3,3,1,2,0,616,962,3375,3721
/Volumes/Mark-Banfield/Josh_Williams/Scoring_20Oct/Mark/DSC_2453.tif,3,3,3,1,3,6,718,1112,3603,3997
/Volumes/Mark-Banfield/Josh_Williams/Scoring_20Oct/Mark/DSC_2453.tif,3,3,3,1,4,4,1130,1458,3392,3720
/Volumes/Mark-Banfield/Josh_Williams/Scoring_20Oct/Mark/DSC_2453.tif,3,3,3,1,5,0,1028,1408,3075,3455
/Volumes/Mark-Banfield/Josh_Williams/Scoring_20Oct/Mark/DSC_2453.tif,3,3,3,3,1,0,2310,2638,2802,3130
/Volumes/Mark-Banfield/Josh_Williams/Scoring_20Oct/Mark/DSC_2453.tif,3,3,3,3,2,0,2124,2478,3000,3354
/Volumes/Mark-Banfield/Josh_Williams/Scoring_20Oct/Mark/DSC_2453.tif,3,3,3,3,3,0,2182,2554,3290,3662
/Volumes/Mark-Banfield/Josh_Williams/Scoring_20Oct/Mark/DSC_2453.tif,3,3,3,3,4,6,2569,2857,3252,3540
/Volumes/Mark-Banfield/Josh_Williams/Scoring_20Oct/Mark/DSC_2453.tif,3,3,3,3,5,4,2596,2882,2950,3236
/Volumes/Mark-Banfield/Josh_Williams/Scoring_20Oct/Mark/_DSC8104.tif,3,3,1,1,1,0,714,1096,0,382
/Volumes/Mark-Banfield/Josh_Williams/Scoring_20Oct/Mark/_DSC8104.tif,3,3,1,1,2,0,724,1068,19,363
/Volumes/Mark-Banfield/Josh_Williams/Scoring_20Oct/Mark/_DSC8104.tif,3,3,1,1,3,0,476,876,291,691
/Volumes/Mark-Banfield/Josh_Williams/Scoring_20Oct/Mark/_DSC8104.tif,3,3,1,1,4,0,486,868,695,1077
/Volumes/Mark-Banfield/Josh_Williams/Scoring_20Oct/Mark/_DSC8104.tif,3,3,1,1,5,4,1086,1390,644,948
/Volumes/Mark-Banfield/Josh_Williams/Scoring_20Oct/Mark/_DSC8104.tif,3,3,1,1,6,6,1000,1324,291,615
/Volumes/Mark-Banfield/Josh_Williams/Scoring_20Oct/Mark/_DSC8104.tif,3,3,1,2,1,6,1020,1448,1,429
/Volumes/Mark-Banfield/Josh_Williams/Scoring_20Oct/Mark/_DSC8104.tif,3,3,1,3,1,4,2137,2499,86,448
/Volumes/Mark-Banfield/Josh_Williams/Scoring_20Oct/Mark/_DSC8104.tif,3,3,1,3,2,0,2010,2448,410,848
/Volumes/Mark-Banfield/Josh_Williams/Scoring_20Oct/Mark/_DSC8104.tif,3,3,1,3,3,0,1904,2400,771,1267
/Volumes/Mark-Banfield/Josh_Williams/Scoring_20Oct/Mark/_DSC8104.tif,3,3,1,3,4,0,2656,3094,662,1100
/Volumes/Mark-Banfield/Josh_Williams/Scoring_20Oct/Mark/_DSC8104.tif,3,3,1,3,5,6,2562,2952,334,724
/Volumes/Mark-Banfield/Josh_Williams/Scoring_20Oct/Mark/_DSC8104.tif,3,3,1,3,6,6,2552,2904,30,382
/Volumes/Mark-Banfield/Josh_Williams/Scoring_20Oct/Mark/_DSC8104.tif,3,3,2,2,1,6,1496,1856,1620,1980
/Volumes/Mark-Banfield/Josh_Williams/Scoring_20Oct/Mark/_DSC8104.tif,3,3,2,2,2,4,1381,1799,1924,2342
/Volumes/Mark-Banfield/Josh_Williams/Scoring_20Oct/Mark/_DSC8104.tif,3,3,2,2,3,0,1362,1818,2272,2728
/Volumes/Mark-Banfield/Josh_Williams/Scoring_20Oct/Mark/_DSC8104.tif,3,3,2,2,4,5,2034,2414,2152,2532
/Volumes/Mark-Banfield/Josh_Williams/Scoring_20Oct/Mark/_DSC8104.tif,3,3,2,2,5,0,1886,2266,1824,2204
/Volumes/Mark-Banfield/Josh_Williams/Scoring_20Oct/Mark/_DSC8104.tif,3,3,2,2,6,6,1758,2100,1534,1876
/Volumes/Mark-Banfield/Josh_Williams/Scoring_20Oct/Mark/_DSC8104.tif,3,3,3,1,1,5,362,734,3275,3647
/Volumes/Mark-Banfield/Josh_Williams/Scoring_20Oct/Mark/_DSC8104.tif,3,3,3,1,2,6,248,696,3579,4027
/Volumes/Mark-Banfield/Josh_Williams/Scoring_20Oct/Mark/_DSC8104.tif,3,3,3,1,3,4,410,782,3879,4251
/Volumes/Mark-Banfield/Josh_Williams/Scoring_20Oct/Mark/_DSC8104.tif,3,3,3,1,4,0,944,1324,3680,4060
/Volumes/Mark-Banfield/Josh_Williams/Scoring_20Oct/Mark/_DSC8104.tif,3,3,3,1,5,0,752,1182,3289,3719
/Volumes/Mark-Banfield/Josh_Williams/Scoring_20Oct/Mark/_DSC8104.tif,3,3,3,1,6,0,554,906,3018,3370
/Volumes/Mark-Banfield/Josh_Williams/Scoring_20Oct/Mark/_DSC8104.tif,3,3,3,3,1,0,2300,2728,2942,3370
/Volumes/Mark-Banfield/Josh_Williams/Scoring_20Oct/Mark/_DSC8104.tif,3,3,3,3,2,6,2200,2580,3304,3684
/Volumes/Mark-Banfield/Josh_Williams/Scoring_20Oct/Mark/_DSC8104.tif,3,3,3,3,3,6,2123,2505,3646,4028
/Volumes/Mark-Banfield/Josh_Williams/Scoring_20Oct/Mark/_DSC8104.tif,3,3,3,3,4,3,2808,3180,3679,4051
/Volumes/Mark-Banfield/Josh_Williams/Scoring_20Oct/Mark/_DSC8104.tif,3,3,3,3,5,0,2752,3160,3276,3684
/Volumes/Mark-Banfield/Josh_Williams/Scoring_20Oct/Mark/_DSC8104.tif,3,3,3,3,6,0,2704,3094,2942,3332
/Volumes/Mark-Banfield/Josh_Williams/Scoring_20Oct/Mark/DSC_7493.TIF,3,3,1,2,1,3,1306,1626,625,945
/Volumes/Mark-Banfield/Josh_Williams/Scoring_20Oct/Mark/DSC_7493.TIF,3,3,1,2,3,1,1223,1593,1324,1694
/Volumes/Mark-Banfield/Josh_Williams/Scoring_20Oct/Mark/DSC_7493.TIF,3,3,1,2,4,0,1803,2141,1188,1526
/Volumes/Mark-Banfield/Josh_Williams/Scoring_20Oct/Mark/DSC_7493.TIF,3,3,1,2,5,0,1736,2090,856,1210
/Volumes/Mark-Banfield/Josh_Williams/Scoring_20Oct/Mark/DSC_7493.TIF,3,3,1,2,6,0,1576,1956,531,911
/Volumes/Mark-Banfield/Josh_Williams/Scoring_20Oct/Mark/DSC_7493.TIF,3,3,2,1,1,0,649,995,1584,1930
/Volumes/Mark-Banfield/Josh_Williams/Scoring_20Oct/Mark/DSC_7493.TIF,3,3,2,1,2,0,524,852,1858,2186
/Volumes/Mark-Banfield/Josh_Williams/Scoring_20Oct/Mark/DSC_7493.TIF,3,3,2,1,3,0,468,798,2182,2512
/Volumes/Mark-Banfield/Josh_Williams/Scoring_20Oct/Mark/DSC_7493.TIF,3,3,2,1,4,3,1020,1458,2157,2595
/Volumes/Mark-Banfield/Josh_Williams/Scoring_20Oct/Mark/DSC_7493.TIF,3,3,2,1,5,2,986,1332,1887,2233
/Volumes/Mark-Banfield/Josh_Williams/Scoring_20Oct/Mark/DSC_7493.TIF,3,3,2,1,6,2,962,1256,1602,1896
/Volumes/Mark-Banfield/Josh_Williams/Scoring_20Oct/Mark/DSC_7493.TIF,3,3,2,3,1,1,2031,2385,1804,2158
/Volumes/Mark-Banfield/Josh_Williams/Scoring_20Oct/Mark/DSC_7493.TIF,3,3,2,3,2,1,1960,2272,2182,2494
/Volumes/Mark-Banfield/Josh_Williams/Scoring_20Oct/Mark/DSC_7493.TIF,3,3,2,3,3,0,1964,2310,2448,2794
/Volumes/Mark-Banfield/Josh_Williams/Scoring_20Oct/Mark/DSC_7493.TIF,3,3,2,3,4,0,2520,2908,2402,2790
/Volumes/Mark-Banfield/Josh_Williams/Scoring_20Oct/Mark/DSC_7493.TIF,3,3,2,3,5,0,2546,2916,2010,2380
/Volumes/Mark-Banfield/Josh_Williams/Scoring_20Oct/Mark/DSC_7493.TIF,3,3,2,3,6,0,2402,2722,1736,2056
/Volumes/Mark-Banfield/Josh_Williams/Scoring_20Oct/Mark/DSC_7493.TIF,3,3,3,1,1,0,844,1230,3035,3421
/Volumes/Mark-Banfield/Josh_Williams/Scoring_20Oct/Mark/DSC_7493.TIF,3,3,3,1,2,0,700,1122,3353,3775
/Volumes/Mark-Banfield/Josh_Williams/Scoring_20Oct/Mark/DSC_7493.TIF,3,3,3,1,3,0,700,1070,3737,4107
/Volumes/Mark-Banfield/Josh_Williams/Scoring_20Oct/Mark/DSC_7493.TIF,3,3,3,1,4,2,1282,1686,3657,4061
/Volumes/Mark-Banfield/Josh_Williams/Scoring_20Oct/Mark/DSC_7493.TIF,3,3,3,1,5,1,1274,1626,3342,3694
/Volumes/Mark-Banfield/Josh_Williams/Scoring_20Oct/Mark/DSC_7493.TIF,3,3,3,1,6,3,1196,1526,3058,3388
/Volumes/Mark-Banfield/Josh_Williams/Scoring_20Oct/Mark/DSC_7493.TIF,3,3,3,3,1,0,2082,2478,3118,3514
/Volumes/Mark-Banfield/Josh_Williams/Scoring_20Oct/Mark/DSC_7493.TIF,3,3,3,3,2,0,1980,2394,3492,3906
/Volumes/Mark-Banfield/Josh_Williams/Scoring_20Oct/Mark/DSC_7493.TIF,3,3,3,3,3,0,1964,2410,3897,4343
/Volumes/Mark-Banfield/Josh_Williams/Scoring_20Oct/Mark/DSC_7493.TIF,3,3,3,3,4,1,2688,3194,3821,4327
/Volumes/Mark-Banfield/Josh_Williams/Scoring_20Oct/Mark/DSC_7493.TIF,3,3,3,3,5,2,2588,3016,3456,3884
/Volumes/Mark-Banfield/Josh_Williams/Scoring_20Oct/Mark/DSC_7493.TIF,3,3,3,3,6,3,2457,2853,3092,3488
