img,maxrow,maxcol,row,col,pos,score,x1,x2,y1,y2
\\nbi-ufiles\shared\Research-Groups\Mark-Banfield\Josh_Williams\Scoring_20Oct\Raf\DSC_0803.tif,3,3,1,1,1,5,541,777,388,624
\\nbi-ufiles\shared\Research-Groups\Mark-Banfield\Josh_Williams\Scoring_20Oct\Raf\DSC_0803.tif,3,3,1,1,2,0,396,694,686,984
\\nbi-ufiles\shared\Research-Groups\Mark-Banfield\Josh_Williams\Scoring_20Oct\Raf\DSC_0803.tif,3,3,1,1,3,0,388,746,1016,1374
\\nbi-ufiles\shared\Research-Groups\Mark-Banfield\Josh_Williams\Scoring_20Oct\Raf\DSC_0803.tif,3,3,1,1,4,0,1001,1299,818,1116
\\nbi-ufiles\shared\Research-Groups\Mark-Banfield\Josh_Williams\Scoring_20Oct\Raf\DSC_0803.tif,3,3,1,1,5,4,870,1176,577,883
\\nbi-ufiles\shared\Research-Groups\Mark-Banfield\Josh_Williams\Scoring_20Oct\Raf\DSC_0803.tif,3,3,1,1,6,5,792,1098,282,588
\\nbi-ufiles\shared\Research-Groups\Mark-Banfield\Josh_Williams\Scoring_20Oct\Raf\DSC_0803.tif,3,3,1,3,1,5,2230,2432,352,554
\\nbi-ufiles\shared\Research-Groups\Mark-Banfield\Josh_Williams\Scoring_20Oct\Raf\DSC_0803.tif,3,3,1,3,2,6,2086,2322,598,834
\\nbi-ufiles\shared\Research-Groups\Mark-Banfield\Josh_Williams\Scoring_20Oct\Raf\DSC_0803.tif,3,3,1,3,3,1,2019,2291,932,1204
\\nbi-ufiles\shared\Research-Groups\Mark-Banfield\Josh_Williams\Scoring_20Oct\Raf\DSC_0803.tif,3,3,1,3,4,0,2589,2871,904,1186
\\nbi-ufiles\shared\Research-Groups\Mark-Banfield\Josh_Williams\Scoring_20Oct\Raf\DSC_0803.tif,3,3,1,3,5,0,2528,2800,559,831
\\nbi-ufiles\shared\Research-Groups\Mark-Banfield\Josh_Williams\Scoring_20Oct\Raf\DSC_0803.tif,3,3,1,3,6,5,2419,2699,308,588
\\nbi-ufiles\shared\Research-Groups\Mark-Banfield\Josh_Williams\Scoring_20Oct\Raf\DSC_0803.tif,3,3,2,2,1,4,1431,1677,1720,1966
\\nbi-ufiles\shared\Research-Groups\Mark-Banfield\Josh_Williams\Scoring_20Oct\Raf\DSC_0803.tif,3,3,2,2,2,5,1352,1590,2001,2239
\\nbi-ufiles\shared\Research-Groups\Mark-Banfield\Josh_Williams\Scoring_20Oct\Raf\DSC_0803.tif,3,3,2,2,3,6,1378,1634,2330,2586
\\nbi-ufiles\shared\Research-Groups\Mark-Banfield\Josh_Williams\Scoring_20Oct\Raf\DSC_0803.tif,3,3,2,2,4,0,1883,2155,2230,2502
\\nbi-ufiles\shared\Research-Groups\Mark-Banfield\Josh_Williams\Scoring_20Oct\Raf\DSC_0803.tif,3,3,2,2,5,0,1774,2090,1896,2212
\\nbi-ufiles\shared\Research-Groups\Mark-Banfield\Josh_Williams\Scoring_20Oct\Raf\DSC_0803.tif,3,3,2,2,6,0,1729,2001,1616,1888
\\nbi-ufiles\shared\Research-Groups\Mark-Banfield\Josh_Williams\Scoring_20Oct\Raf\DSC_0803.tif,3,3,3,1,1,0,466,720,2914,3168
\\nbi-ufiles\shared\Research-Groups\Mark-Banfield\Josh_Williams\Scoring_20Oct\Raf\DSC_0803.tif,3,3,3,1,2,3,518,800,3159,3441
\\nbi-ufiles\shared\Research-Groups\Mark-Banfield\Josh_Williams\Scoring_20Oct\Raf\DSC_0803.tif,3,3,3,1,3,4,554,818,3463,3727
\\nbi-ufiles\shared\Research-Groups\Mark-Banfield\Josh_Williams\Scoring_20Oct\Raf\DSC_0803.tif,3,3,3,1,4,5,958,1194,3454,3690
\\nbi-ufiles\shared\Research-Groups\Mark-Banfield\Josh_Williams\Scoring_20Oct\Raf\DSC_0803.tif,3,3,3,1,5,0,861,1141,3090,3370
\\nbi-ufiles\shared\Research-Groups\Mark-Banfield\Josh_Williams\Scoring_20Oct\Raf\DSC_0803.tif,3,3,3,1,6,0,720,1002,2803,3085
\\nbi-ufiles\shared\Research-Groups\Mark-Banfield\Josh_Williams\Scoring_20Oct\Raf\DSC_0803.tif,3,3,3,3,1,0,2248,2510,2950,3212
\\nbi-ufiles\shared\Research-Groups\Mark-Banfield\Josh_Williams\Scoring_20Oct\Raf\DSC_0803.tif,3,3,3,3,2,0,2090,2422,3236,3568
\\nbi-ufiles\shared\Research-Groups\Mark-Banfield\Josh_Williams\Scoring_20Oct\Raf\DSC_0803.tif,3,3,3,3,3,2,2046,2344,3607,3905
\\nbi-ufiles\shared\Research-Groups\Mark-Banfield\Josh_Williams\Scoring_20Oct\Raf\DSC_0803.tif,3,3,3,3,4,5,2569,2875,3520,3826
\\nbi-ufiles\shared\Research-Groups\Mark-Banfield\Josh_Williams\Scoring_20Oct\Raf\DSC_0803.tif,3,3,3,3,5,6,2652,2852,3310,3510
\\nbi-ufiles\shared\Research-Groups\Mark-Banfield\Josh_Williams\Scoring_20Oct\Raf\DSC_0803.tif,3,3,3,3,6,0,2520,2826,2976,3282
\\nbi-ufiles\shared\Research-Groups\Mark-Banfield\Josh_Williams\Scoring_20Oct\Raf\DSC_0806.tif,3,3,1,1,1,0,422,686,242,506
\\nbi-ufiles\shared\Research-Groups\Mark-Banfield\Josh_Williams\Scoring_20Oct\Raf\DSC_0806.tif,3,3,1,1,2,4,422,650,558,786
\\nbi-ufiles\shared\Research-Groups\Mark-Banfield\Josh_Williams\Scoring_20Oct\Raf\DSC_0806.tif,3,3,1,1,3,5,360,606,993,1239
\\nbi-ufiles\shared\Research-Groups\Mark-Banfield\Josh_Williams\Scoring_20Oct\Raf\DSC_0806.tif,3,3,1,1,4,5,818,1046,839,1067
\\nbi-ufiles\shared\Research-Groups\Mark-Banfield\Josh_Williams\Scoring_20Oct\Raf\DSC_0806.tif,3,3,1,1,5,0,756,1002,571,817
\\nbi-ufiles\shared\Research-Groups\Mark-Banfield\Josh_Williams\Scoring_20Oct\Raf\DSC_0806.tif,3,3,1,1,6,0,702,948,247,493
\\nbi-ufiles\shared\Research-Groups\Mark-Banfield\Josh_Williams\Scoring_20Oct\Raf\DSC_0806.tif,3,3,1,3,1,0,1764,2020,365,621
\\nbi-ufiles\shared\Research-Groups\Mark-Banfield\Josh_Williams\Scoring_20Oct\Raf\DSC_0806.tif,3,3,1,3,2,0,1602,1910,624,932
\\nbi-ufiles\shared\Research-Groups\Mark-Banfield\Josh_Williams\Scoring_20Oct\Raf\DSC_0806.tif,3,3,1,3,3,3,1597,1879,1062,1344
\\nbi-ufiles\shared\Research-Groups\Mark-Banfield\Josh_Williams\Scoring_20Oct\Raf\DSC_0806.tif,3,3,1,3,4,6,2085,2349,966,1230
\\nbi-ufiles\shared\Research-Groups\Mark-Banfield\Josh_Williams\Scoring_20Oct\Raf\DSC_0806.tif,3,3,1,3,5,6,2076,2322,668,914
\\nbi-ufiles\shared\Research-Groups\Mark-Banfield\Josh_Williams\Scoring_20Oct\Raf\DSC_0806.tif,3,3,1,3,6,0,2059,2295,370,606
\\nbi-ufiles\shared\Research-Groups\Mark-Banfield\Josh_Williams\Scoring_20Oct\Raf\DSC_0806.tif,3,3,2,2,1,0,1208,1480,1668,1940
\\nbi-ufiles\shared\Research-Groups\Mark-Banfield\Josh_Williams\Scoring_20Oct\Raf\DSC_0806.tif,3,3,2,2,2,0,1097,1361,1966,2230
\\nbi-ufiles\shared\Research-Groups\Mark-Banfield\Josh_Williams\Scoring_20Oct\Raf\DSC_0806.tif,3,3,2,2,3,0,980,1252,2238,2510
\\nbi-ufiles\shared\Research-Groups\Mark-Banfield\Josh_Williams\Scoring_20Oct\Raf\DSC_0806.tif,3,3,2,2,4,1,1536,1818,2251,2533
\\nbi-ufiles\shared\Research-Groups\Mark-Banfield\Josh_Williams\Scoring_20Oct\Raf\DSC_0806.tif,3,3,2,2,5,5,1497,1735,1984,2222
\\nbi-ufiles\shared\Research-Groups\Mark-Banfield\Josh_Williams\Scoring_20Oct\Raf\DSC_0806.tif,3,3,2,2,6,5,1492,1694,1751,1953
\\nbi-ufiles\shared\Research-Groups\Mark-Banfield\Josh_Williams\Scoring_20Oct\Raf\DSC_0806.tif,3,3,3,1,1,6,554,818,3024,3288
\\nbi-ufiles\shared\Research-Groups\Mark-Banfield\Josh_Williams\Scoring_20Oct\Raf\DSC_0806.tif,3,3,3,1,2,0,453,699,3292,3538
\\nbi-ufiles\shared\Research-Groups\Mark-Banfield\Josh_Williams\Scoring_20Oct\Raf\DSC_0806.tif,3,3,3,1,3,0,440,720,3656,3936
\\nbi-ufiles\shared\Research-Groups\Mark-Banfield\Josh_Williams\Scoring_20Oct\Raf\DSC_0806.tif,3,3,3,1,4,0,958,1300,3616,3958
\\nbi-ufiles\shared\Research-Groups\Mark-Banfield\Josh_Williams\Scoring_20Oct\Raf\DSC_0806.tif,3,3,3,1,5,3,943,1181,3300,3538
\\nbi-ufiles\shared\Research-Groups\Mark-Banfield\Josh_Williams\Scoring_20Oct\Raf\DSC_0806.tif,3,3,3,1,6,4,896,1168,3002,3274
\\nbi-ufiles\shared\Research-Groups\Mark-Banfield\Josh_Williams\Scoring_20Oct\Raf\DSC_0806.tif,3,3,3,3,1,5,1984,2194,2915,3125
\\nbi-ufiles\shared\Research-Groups\Mark-Banfield\Josh_Williams\Scoring_20Oct\Raf\DSC_0806.tif,3,3,3,3,2,6,1940,2178,3081,3319
\\nbi-ufiles\shared\Research-Groups\Mark-Banfield\Josh_Williams\Scoring_20Oct\Raf\DSC_0806.tif,3,3,3,3,3,0,1870,2168,3362,3660
\\nbi-ufiles\shared\Research-Groups\Mark-Banfield\Josh_Williams\Scoring_20Oct\Raf\DSC_0806.tif,3,3,3,3,4,0,2450,2748,3437,3735
\\nbi-ufiles\shared\Research-Groups\Mark-Banfield\Josh_Williams\Scoring_20Oct\Raf\DSC_0806.tif,3,3,3,3,5,0,2344,2624,3037,3317
\\nbi-ufiles\shared\Research-Groups\Mark-Banfield\Josh_Williams\Scoring_20Oct\Raf\DSC_0806.tif,3,3,3,3,6,3,2243,2463,2818,3038
\\nbi-ufiles\shared\Research-Groups\Mark-Banfield\Josh_Williams\Scoring_20Oct\Raf\DSC_1174.tif,3,3,1,1,1,0,518,800,176,458
\\nbi-ufiles\shared\Research-Groups\Mark-Banfield\Josh_Williams\Scoring_20Oct\Raf\DSC_1174.tif,3,3,1,1,2,0,322,584,484,746
\\nbi-ufiles\shared\Research-Groups\Mark-Banfield\Josh_Williams\Scoring_20Oct\Raf\DSC_1174.tif,3,3,1,1,3,0,360,632,878,1150
\\nbi-ufiles\shared\Research-Groups\Mark-Banfield\Josh_Williams\Scoring_20Oct\Raf\DSC_1174.tif,3,3,1,1,4,2,914,1168,751,1005
\\nbi-ufiles\shared\Research-Groups\Mark-Banfield\Josh_Williams\Scoring_20Oct\Raf\DSC_1174.tif,3,3,1,1,5,6,800,1054,492,746
\\nbi-ufiles\shared\Research-Groups\Mark-Banfield\Josh_Williams\Scoring_20Oct\Raf\DSC_1174.tif,3,3,1,1,6,6,874,1066,282,474
\\nbi-ufiles\shared\Research-Groups\Mark-Banfield\Josh_Williams\Scoring_20Oct\Raf\DSC_1174.tif,3,3,1,3,1,5,1922,2098,396,572
\\nbi-ufiles\shared\Research-Groups\Mark-Banfield\Josh_Williams\Scoring_20Oct\Raf\DSC_1174.tif,3,3,1,3,2,0,1804,2050,642,888
\\nbi-ufiles\shared\Research-Groups\Mark-Banfield\Josh_Williams\Scoring_20Oct\Raf\DSC_1174.tif,3,3,1,3,3,0,1782,2072,984,1274
\\nbi-ufiles\shared\Research-Groups\Mark-Banfield\Josh_Williams\Scoring_20Oct\Raf\DSC_1174.tif,3,3,1,3,4,0,2278,2602,826,1150
\\nbi-ufiles\shared\Research-Groups\Mark-Banfield\Josh_Williams\Scoring_20Oct\Raf\DSC_1174.tif,3,3,1,3,5,5,2238,2502,567,831
\\nbi-ufiles\shared\Research-Groups\Mark-Banfield\Josh_Williams\Scoring_20Oct\Raf\DSC_1174.tif,3,3,1,3,6,6,2106,2344,356,594
\\nbi-ufiles\shared\Research-Groups\Mark-Banfield\Josh_Williams\Scoring_20Oct\Raf\DSC_1174.tif,3,3,2,2,1,6,1221,1379,1686,1844
\\nbi-ufiles\shared\Research-Groups\Mark-Banfield\Josh_Williams\Scoring_20Oct\Raf\DSC_1174.tif,3,3,2,2,2,6,1124,1362,1904,2142
\\nbi-ufiles\shared\Research-Groups\Mark-Banfield\Josh_Williams\Scoring_20Oct\Raf\DSC_1174.tif,3,3,2,2,3,0,1080,1396,2125,2441
\\nbi-ufiles\shared\Research-Groups\Mark-Banfield\Josh_Williams\Scoring_20Oct\Raf\DSC_1174.tif,3,3,2,2,4,0,1660,1992,2038,2370
\\nbi-ufiles\shared\Research-Groups\Mark-Banfield\Josh_Williams\Scoring_20Oct\Raf\DSC_1174.tif,3,3,2,2,5,0,1528,1800,1770,2042
\\nbi-ufiles\shared\Research-Groups\Mark-Banfield\Josh_Williams\Scoring_20Oct\Raf\DSC_1174.tif,3,3,2,2,6,4,1396,1616,1563,1783
\\nbi-ufiles\shared\Research-Groups\Mark-Banfield\Josh_Williams\Scoring_20Oct\Raf\DSC_1174.tif,3,3,3,1,1,1,458,676,2858,3076
\\nbi-ufiles\shared\Research-Groups\Mark-Banfield\Josh_Williams\Scoring_20Oct\Raf\DSC_1174.tif,3,3,3,1,2,5,448,694,3173,3419
\\nbi-ufiles\shared\Research-Groups\Mark-Banfield\Josh_Williams\Scoring_20Oct\Raf\DSC_1174.tif,3,3,3,1,3,6,440,702,3424,3686
\\nbi-ufiles\shared\Research-Groups\Mark-Banfield\Josh_Williams\Scoring_20Oct\Raf\DSC_1174.tif,3,3,3,1,4,0,992,1230,3339,3577
\\nbi-ufiles\shared\Research-Groups\Mark-Banfield\Josh_Williams\Scoring_20Oct\Raf\DSC_1174.tif,3,3,3,1,5,0,774,1062,3100,3388
\\nbi-ufiles\shared\Research-Groups\Mark-Banfield\Josh_Williams\Scoring_20Oct\Raf\DSC_1174.tif,3,3,3,1,6,0,695,1001,2774,3080
\\nbi-ufiles\shared\Research-Groups\Mark-Banfield\Josh_Williams\Scoring_20Oct\Raf\DSC_1174.tif,3,3,3,3,1,0,2150,2388,2725,2963
\\nbi-ufiles\shared\Research-Groups\Mark-Banfield\Josh_Williams\Scoring_20Oct\Raf\DSC_1174.tif,3,3,3,3,2,1,2080,2336,3063,3319
\\nbi-ufiles\shared\Research-Groups\Mark-Banfield\Josh_Williams\Scoring_20Oct\Raf\DSC_1174.tif,3,3,3,3,3,1,2064,2352,3349,3637
\\nbi-ufiles\shared\Research-Groups\Mark-Banfield\Josh_Williams\Scoring_20Oct\Raf\DSC_1174.tif,3,3,3,3,4,6,2607,2827,3344,3564
\\nbi-ufiles\shared\Research-Groups\Mark-Banfield\Josh_Williams\Scoring_20Oct\Raf\DSC_1174.tif,3,3,3,3,5,0,2568,2804,2994,3230
\\nbi-ufiles\shared\Research-Groups\Mark-Banfield\Josh_Williams\Scoring_20Oct\Raf\DSC_1174.tif,3,3,3,3,6,0,2445,2691,2668,2914
\\nbi-ufiles\shared\Research-Groups\Mark-Banfield\Josh_Williams\Scoring_20Oct\Raf\DSC_1177.tif,3,3,1,1,1,5,493,703,370,580
\\nbi-ufiles\shared\Research-Groups\Mark-Banfield\Josh_Williams\Scoring_20Oct\Raf\DSC_1177.tif,3,3,1,1,2,6,404,660,619,875
\\nbi-ufiles\shared\Research-Groups\Mark-Banfield\Josh_Williams\Scoring_20Oct\Raf\DSC_1177.tif,3,3,1,1,3,0,458,720,892,1154
\\nbi-ufiles\shared\Research-Groups\Mark-Banfield\Josh_Williams\Scoring_20Oct\Raf\DSC_1177.tif,3,3,1,1,4,0,976,1238,757,1019
\\nbi-ufiles\shared\Research-Groups\Mark-Banfield\Josh_Williams\Scoring_20Oct\Raf\DSC_1177.tif,3,3,1,1,5,5,1002,1248,474,720
\\nbi-ufiles\shared\Research-Groups\Mark-Banfield\Josh_Williams\Scoring_20Oct\Raf\DSC_1177.tif,3,3,1,1,6,5,746,1018,308,580
\\nbi-ufiles\shared\Research-Groups\Mark-Banfield\Josh_Williams\Scoring_20Oct\Raf\DSC_1177.tif,3,3,1,3,1,6,1818,2064,527,773
\\nbi-ufiles\shared\Research-Groups\Mark-Banfield\Josh_Williams\Scoring_20Oct\Raf\DSC_1177.tif,3,3,1,3,2,5,1774,2002,747,975
\\nbi-ufiles\shared\Research-Groups\Mark-Banfield\Josh_Williams\Scoring_20Oct\Raf\DSC_1177.tif,3,3,1,3,3,3,1760,1988,1036,1264
\\nbi-ufiles\shared\Research-Groups\Mark-Banfield\Josh_Williams\Scoring_20Oct\Raf\DSC_1177.tif,3,3,1,3,4,0,2247,2519,878,1150
\\nbi-ufiles\shared\Research-Groups\Mark-Banfield\Josh_Williams\Scoring_20Oct\Raf\DSC_1177.tif,3,3,1,3,5,0,2199,2437,676,914
\\nbi-ufiles\shared\Research-Groups\Mark-Banfield\Josh_Williams\Scoring_20Oct\Raf\DSC_1177.tif,3,3,1,3,6,4,2101,2357,404,660
\\nbi-ufiles\shared\Research-Groups\Mark-Banfield\Josh_Williams\Scoring_20Oct\Raf\DSC_1177.tif,3,3,2,2,1,5,1217,1453,1862,2098
\\nbi-ufiles\shared\Research-Groups\Mark-Banfield\Josh_Williams\Scoring_20Oct\Raf\DSC_1177.tif,3,3,2,2,2,5,1194,1396,2150,2352
\\nbi-ufiles\shared\Research-Groups\Mark-Banfield\Josh_Williams\Scoring_20Oct\Raf\DSC_1177.tif,3,3,2,2,3,5,1264,1476,2396,2608
\\nbi-ufiles\shared\Research-Groups\Mark-Banfield\Josh_Williams\Scoring_20Oct\Raf\DSC_1177.tif,3,3,2,2,4,3,1782,1992,2358,2568
\\nbi-ufiles\shared\Research-Groups\Mark-Banfield\Josh_Williams\Scoring_20Oct\Raf\DSC_1177.tif,3,3,2,2,5,0,1678,1976,1958,2256
\\nbi-ufiles\shared\Research-Groups\Mark-Banfield\Josh_Williams\Scoring_20Oct\Raf\DSC_1177.tif,3,3,2,2,6,0,1448,1764,1681,1997
\\nbi-ufiles\shared\Research-Groups\Mark-Banfield\Josh_Williams\Scoring_20Oct\Raf\DSC_1177.tif,3,3,3,1,1,0,404,668,2685,2949
\\nbi-ufiles\shared\Research-Groups\Mark-Banfield\Josh_Williams\Scoring_20Oct\Raf\DSC_1177.tif,3,3,3,1,2,4,339,567,2984,3212
\\nbi-ufiles\shared\Research-Groups\Mark-Banfield\Josh_Williams\Scoring_20Oct\Raf\DSC_1177.tif,3,3,3,1,3,4,388,616,3261,3489
\\nbi-ufiles\shared\Research-Groups\Mark-Banfield\Josh_Williams\Scoring_20Oct\Raf\DSC_1177.tif,3,3,3,1,4,4,818,1028,3262,3472
\\nbi-ufiles\shared\Research-Groups\Mark-Banfield\Josh_Williams\Scoring_20Oct\Raf\DSC_1177.tif,3,3,3,1,5,5,777,1005,2958,3186
\\nbi-ufiles\shared\Research-Groups\Mark-Banfield\Josh_Williams\Scoring_20Oct\Raf\DSC_1177.tif,3,3,3,1,6,0,711,931,2686,2906
\\nbi-ufiles\shared\Research-Groups\Mark-Banfield\Josh_Williams\Scoring_20Oct\Raf\DSC_1177.tif,3,3,3,3,1,0,2217,2471,2590,2844
\\nbi-ufiles\shared\Research-Groups\Mark-Banfield\Josh_Williams\Scoring_20Oct\Raf\DSC_1177.tif,3,3,3,3,2,0,2041,2349,2888,3196
\\nbi-ufiles\shared\Research-Groups\Mark-Banfield\Josh_Williams\Scoring_20Oct\Raf\DSC_1177.tif,3,3,3,3,3,6,2134,2432,3213,3511
\\nbi-ufiles\shared\Research-Groups\Mark-Banfield\Josh_Williams\Scoring_20Oct\Raf\DSC_1177.tif,3,3,3,3,4,5,2577,2857,3222,3502
\\nbi-ufiles\shared\Research-Groups\Mark-Banfield\Josh_Williams\Scoring_20Oct\Raf\DSC_1177.tif,3,3,3,3,5,5,2520,2738,3020,3238
\\nbi-ufiles\shared\Research-Groups\Mark-Banfield\Josh_Williams\Scoring_20Oct\Raf\DSC_1177.tif,3,3,3,3,6,5,2537,2809,2678,2950
\\nbi-ufiles\shared\Research-Groups\Mark-Banfield\Josh_Williams\Scoring_20Oct\Raf\DSC_1345.tif,3,3,1,1,1,0,545,783,176,414
\\nbi-ufiles\shared\Research-Groups\Mark-Banfield\Josh_Williams\Scoring_20Oct\Raf\DSC_1345.tif,3,3,1,1,2,0,457,791,474,808
\\nbi-ufiles\shared\Research-Groups\Mark-Banfield\Josh_Williams\Scoring_20Oct\Raf\DSC_1345.tif,3,3,1,1,3,0,334,642,834,1142
\\nbi-ufiles\shared\Research-Groups\Mark-Banfield\Josh_Williams\Scoring_20Oct\Raf\DSC_1345.tif,3,3,1,1,4,1,948,1256,759,1067
\\nbi-ufiles\shared\Research-Groups\Mark-Banfield\Josh_Williams\Scoring_20Oct\Raf\DSC_1345.tif,3,3,1,1,5,4,878,1090,483,695
\\nbi-ufiles\shared\Research-Groups\Mark-Banfield\Josh_Williams\Scoring_20Oct\Raf\DSC_1345.tif,3,3,1,1,6,5,826,1002,277,453
\\nbi-ufiles\shared\Research-Groups\Mark-Banfield\Josh_Williams\Scoring_20Oct\Raf\DSC_1345.tif,3,3,1,3,1,6,2046,2256,370,580
\\nbi-ufiles\shared\Research-Groups\Mark-Banfield\Josh_Williams\Scoring_20Oct\Raf\DSC_1345.tif,3,3,1,3,2,0,1953,2243,632,922
\\nbi-ufiles\shared\Research-Groups\Mark-Banfield\Josh_Williams\Scoring_20Oct\Raf\DSC_1345.tif,3,3,1,3,3,0,1932,2274,980,1322
\\nbi-ufiles\shared\Research-Groups\Mark-Banfield\Josh_Williams\Scoring_20Oct\Raf\DSC_1345.tif,3,3,1,3,4,0,2401,2777,844,1220
\\nbi-ufiles\shared\Research-Groups\Mark-Banfield\Josh_Williams\Scoring_20Oct\Raf\DSC_1345.tif,3,3,1,3,5,3,2432,2624,594,786
\\nbi-ufiles\shared\Research-Groups\Mark-Banfield\Josh_Williams\Scoring_20Oct\Raf\DSC_1345.tif,3,3,1,3,6,5,2308,2520,382,594
\\nbi-ufiles\shared\Research-Groups\Mark-Banfield\Josh_Williams\Scoring_20Oct\Raf\DSC_1345.tif,3,3,2,2,1,4,1589,1765,1572,1748
\\nbi-ufiles\shared\Research-Groups\Mark-Banfield\Josh_Williams\Scoring_20Oct\Raf\DSC_1345.tif,3,3,2,2,2,5,1589,1765,1834,2010
\\nbi-ufiles\shared\Research-Groups\Mark-Banfield\Josh_Williams\Scoring_20Oct\Raf\DSC_1345.tif,3,3,2,2,3,0,1448,1720,2028,2300
\\nbi-ufiles\shared\Research-Groups\Mark-Banfield\Josh_Williams\Scoring_20Oct\Raf\DSC_1345.tif,3,3,2,2,4,0,1922,2238,1971,2287
\\nbi-ufiles\shared\Research-Groups\Mark-Banfield\Josh_Williams\Scoring_20Oct\Raf\DSC_1345.tif,3,3,2,2,5,0,1880,2160,1704,1984
\\nbi-ufiles\shared\Research-Groups\Mark-Banfield\Josh_Williams\Scoring_20Oct\Raf\DSC_1345.tif,3,3,2,2,6,2,1765,1975,1476,1686
\\nbi-ufiles\shared\Research-Groups\Mark-Banfield\Josh_Williams\Scoring_20Oct\Raf\DSC_1345.tif,3,3,3,1,1,4,418,628,2862,3072
\\nbi-ufiles\shared\Research-Groups\Mark-Banfield\Josh_Williams\Scoring_20Oct\Raf\DSC_1345.tif,3,3,3,1,2,5,352,632,3116,3396
\\nbi-ufiles\shared\Research-Groups\Mark-Banfield\Josh_Williams\Scoring_20Oct\Raf\DSC_1345.tif,3,3,3,1,3,6,502,764,3402,3664
\\nbi-ufiles\shared\Research-Groups\Mark-Banfield\Josh_Williams\Scoring_20Oct\Raf\DSC_1345.tif,3,3,3,1,4,0,948,1290,3274,3616
\\nbi-ufiles\shared\Research-Groups\Mark-Banfield\Josh_Williams\Scoring_20Oct\Raf\DSC_1345.tif,3,3,3,1,5,0,888,1194,2898,3204
\\nbi-ufiles\shared\Research-Groups\Mark-Banfield\Josh_Williams\Scoring_20Oct\Raf\DSC_1345.tif,3,3,3,1,6,0,650,914,2677,2941
\\nbi-ufiles\shared\Research-Groups\Mark-Banfield\Josh_Williams\Scoring_20Oct\Raf\DSC_1345.tif,3,3,3,3,1,0,2217,2507,2914,3204
\\nbi-ufiles\shared\Research-Groups\Mark-Banfield\Josh_Williams\Scoring_20Oct\Raf\DSC_1345.tif,3,3,3,3,2,4,2080,2336,3251,3507
\\nbi-ufiles\shared\Research-Groups\Mark-Banfield\Josh_Williams\Scoring_20Oct\Raf\DSC_1345.tif,3,3,3,3,3,5,2204,2458,3564,3818
\\nbi-ufiles\shared\Research-Groups\Mark-Banfield\Josh_Williams\Scoring_20Oct\Raf\DSC_1345.tif,3,3,3,3,4,4,2686,2914,3603,3831
\\nbi-ufiles\shared\Research-Groups\Mark-Banfield\Josh_Williams\Scoring_20Oct\Raf\DSC_1345.tif,3,3,3,3,5,0,2594,2850,3238,3494
\\nbi-ufiles\shared\Research-Groups\Mark-Banfield\Josh_Williams\Scoring_20Oct\Raf\DSC_1345.tif,3,3,3,3,6,0,2528,2808,2884,3164
\\nbi-ufiles\shared\Research-Groups\Mark-Banfield\Josh_Williams\Scoring_20Oct\Raf\DSC_1558.tif,2,5,1,1,1,3,253,445,574,766
\\nbi-ufiles\shared\Research-Groups\Mark-Banfield\Josh_Williams\Scoring_20Oct\Raf\DSC_1558.tif,2,5,1,1,2,0,152,364,756,968
\\nbi-ufiles\shared\Research-Groups\Mark-Banfield\Josh_Williams\Scoring_20Oct\Raf\DSC_1558.tif,2,5,1,1,3,0,206,416,982,1192
\\nbi-ufiles\shared\Research-Groups\Mark-Banfield\Josh_Williams\Scoring_20Oct\Raf\DSC_1558.tif,2,5,1,1,4,0,518,728,924,1134
\\nbi-ufiles\shared\Research-Groups\Mark-Banfield\Josh_Williams\Scoring_20Oct\Raf\DSC_1558.tif,2,5,1,1,5,5,553,745,690,882
\\nbi-ufiles\shared\Research-Groups\Mark-Banfield\Josh_Williams\Scoring_20Oct\Raf\DSC_1558.tif,2,5,1,1,6,5,471,617,526,672
\\nbi-ufiles\shared\Research-Groups\Mark-Banfield\Josh_Williams\Scoring_20Oct\Raf\DSC_1558.tif,2,5,1,2,2,1,1122,1298,690,866
\\nbi-ufiles\shared\Research-Groups\Mark-Banfield\Josh_Williams\Scoring_20Oct\Raf\DSC_1558.tif,2,5,1,2,3,0,1164,1326,962,1124
\\nbi-ufiles\shared\Research-Groups\Mark-Banfield\Josh_Williams\Scoring_20Oct\Raf\DSC_1558.tif,2,5,1,2,4,0,1493,1651,848,1006
\\nbi-ufiles\shared\Research-Groups\Mark-Banfield\Josh_Williams\Scoring_20Oct\Raf\DSC_1558.tif,2,5,1,2,5,0,1456,1612,548,704
\\nbi-ufiles\shared\Research-Groups\Mark-Banfield\Josh_Williams\Scoring_20Oct\Raf\DSC_1558.tif,2,5,1,2,6,5,1298,1472,422,596
\\nbi-ufiles\shared\Research-Groups\Mark-Banfield\Josh_Williams\Scoring_20Oct\Raf\DSC_1558.tif,2,5,1,3,1,5,2104,2268,526,690
\\nbi-ufiles\shared\Research-Groups\Mark-Banfield\Josh_Williams\Scoring_20Oct\Raf\DSC_1558.tif,2,5,1,3,2,5,2056,2198,677,819
\\nbi-ufiles\shared\Research-Groups\Mark-Banfield\Josh_Williams\Scoring_20Oct\Raf\DSC_1558.tif,2,5,1,3,3,3,2098,2302,819,1023
\\nbi-ufiles\shared\Research-Groups\Mark-Banfield\Josh_Williams\Scoring_20Oct\Raf\DSC_1558.tif,2,5,1,3,4,0,2442,2606,806,970
\\nbi-ufiles\shared\Research-Groups\Mark-Banfield\Josh_Williams\Scoring_20Oct\Raf\DSC_1558.tif,2,5,1,3,5,0,2448,2652,544,748
\\nbi-ufiles\shared\Research-Groups\Mark-Banfield\Josh_Williams\Scoring_20Oct\Raf\DSC_1558.tif,2,5,1,3,6,0,2284,2436,434,586
\\nbi-ufiles\shared\Research-Groups\Mark-Banfield\Josh_Williams\Scoring_20Oct\Raf\DSC_1558.tif,2,5,1,4,1,0,3114,3266,465,617
\\nbi-ufiles\shared\Research-Groups\Mark-Banfield\Josh_Williams\Scoring_20Oct\Raf\DSC_1558.tif,2,5,1,4,2,5,3052,3240,666,854
\\nbi-ufiles\shared\Research-Groups\Mark-Banfield\Josh_Williams\Scoring_20Oct\Raf\DSC_1558.tif,2,5,1,4,3,4,3108,3300,854,1046
\\nbi-ufiles\shared\Research-Groups\Mark-Banfield\Josh_Williams\Scoring_20Oct\Raf\DSC_1558.tif,2,5,1,4,4,1,3394,3604,824,1034
\\nbi-ufiles\shared\Research-Groups\Mark-Banfield\Josh_Williams\Scoring_20Oct\Raf\DSC_1558.tif,2,5,1,4,5,1,3342,3552,585,795
\\nbi-ufiles\shared\Research-Groups\Mark-Banfield\Josh_Williams\Scoring_20Oct\Raf\DSC_1558.tif,2,5,1,4,6,0,3300,3446,434,580
\\nbi-ufiles\shared\Research-Groups\Mark-Banfield\Josh_Williams\Scoring_20Oct\Raf\DSC_1558.tif,2,5,1,5,1,0,4066,4288,410,632
\\nbi-ufiles\shared\Research-Groups\Mark-Banfield\Josh_Williams\Scoring_20Oct\Raf\DSC_1558.tif,2,5,1,5,2,0,4014,4224,638,848
\\nbi-ufiles\shared\Research-Groups\Mark-Banfield\Josh_Williams\Scoring_20Oct\Raf\DSC_1558.tif,2,5,1,5,3,4,4078,4300,839,1061
\\nbi-ufiles\shared\Research-Groups\Mark-Banfield\Josh_Williams\Scoring_20Oct\Raf\DSC_1558.tif,2,5,1,5,4,2,4364,4550,810,996
\\nbi-ufiles\shared\Research-Groups\Mark-Banfield\Josh_Williams\Scoring_20Oct\Raf\DSC_1558.tif,2,5,1,5,5,1,4350,4548,556,754
\\nbi-ufiles\shared\Research-Groups\Mark-Banfield\Josh_Williams\Scoring_20Oct\Raf\DSC_1558.tif,2,5,1,5,6,1,4326,4524,346,544
\\nbi-ufiles\shared\Research-Groups\Mark-Banfield\Josh_Williams\Scoring_20Oct\Raf\DSC_1558.tif,2,5,2,1,1,1,234,486,1828,2080
\\nbi-ufiles\shared\Research-Groups\Mark-Banfield\Josh_Williams\Scoring_20Oct\Raf\DSC_1558.tif,2,5,2,1,2,0,188,386,2098,2296
\\nbi-ufiles\shared\Research-Groups\Mark-Banfield\Josh_Williams\Scoring_20Oct\Raf\DSC_1558.tif,2,5,2,1,3,0,240,462,2317,2539
\\nbi-ufiles\shared\Research-Groups\Mark-Banfield\Josh_Williams\Scoring_20Oct\Raf\DSC_1558.tif,2,5,2,1,4,3,532,714,2257,2439
\\nbi-ufiles\shared\Research-Groups\Mark-Banfield\Josh_Williams\Scoring_20Oct\Raf\DSC_1558.tif,2,5,2,1,5,4,635,833,2040,2238
\\nbi-ufiles\shared\Research-Groups\Mark-Banfield\Josh_Williams\Scoring_20Oct\Raf\DSC_1558.tif,2,5,2,1,6,1,526,732,1866,2072
\\nbi-ufiles\shared\Research-Groups\Mark-Banfield\Josh_Williams\Scoring_20Oct\Raf\DSC_1558.tif,2,5,2,2,1,4,1228,1396,1815,1983
\\nbi-ufiles\shared\Research-Groups\Mark-Banfield\Josh_Williams\Scoring_20Oct\Raf\DSC_1558.tif,2,5,2,2,2,0,1089,1283,1986,2180
\\nbi-ufiles\shared\Research-Groups\Mark-Banfield\Josh_Williams\Scoring_20Oct\Raf\DSC_1558.tif,2,5,2,2,3,0,1204,1414,2206,2416
\\nbi-ufiles\shared\Research-Groups\Mark-Banfield\Josh_Williams\Scoring_20Oct\Raf\DSC_1558.tif,2,5,2,2,4,0,1450,1694,2130,2374
\\nbi-ufiles\shared\Research-Groups\Mark-Banfield\Josh_Williams\Scoring_20Oct\Raf\DSC_1558.tif,2,5,2,2,5,5,1432,1654,1914,2136
\\nbi-ufiles\shared\Research-Groups\Mark-Banfield\Josh_Williams\Scoring_20Oct\Raf\DSC_1558.tif,2,5,2,2,6,5,1394,1568,1754,1928
\\nbi-ufiles\shared\Research-Groups\Mark-Banfield\Josh_Williams\Scoring_20Oct\Raf\DSC_1558.tif,2,5,2,3,1,5,2144,2320,1788,1964
\\nbi-ufiles\shared\Research-Groups\Mark-Banfield\Josh_Williams\Scoring_20Oct\Raf\DSC_1558.tif,2,5,2,3,2,0,2104,2320,1952,2168
\\nbi-ufiles\shared\Research-Groups\Mark-Banfield\Josh_Williams\Scoring_20Oct\Raf\DSC_1558.tif,2,5,2,3,3,0,2107,2305,2198,2396
\\nbi-ufiles\shared\Research-Groups\Mark-Banfield\Josh_Williams\Scoring_20Oct\Raf\DSC_1558.tif,2,5,2,3,4,0,2431,2623,2104,2296
\\nbi-ufiles\shared\Research-Groups\Mark-Banfield\Josh_Williams\Scoring_20Oct\Raf\DSC_1558.tif,2,5,2,3,5,3,2358,2544,1876,2062
\\nbi-ufiles\shared\Research-Groups\Mark-Banfield\Josh_Williams\Scoring_20Oct\Raf\DSC_1558.tif,2,5,2,3,6,5,2308,2484,1709,1885
\\nbi-ufiles\shared\Research-Groups\Mark-Banfield\Josh_Williams\Scoring_20Oct\Raf\DSC_1558.tif,2,5,2,4,1,5,3144,3354,1785,1995
\\nbi-ufiles\shared\Research-Groups\Mark-Banfield\Josh_Williams\Scoring_20Oct\Raf\DSC_1558.tif,2,5,2,4,2,4,3015,3207,1964,2156
\\nbi-ufiles\shared\Research-Groups\Mark-Banfield\Josh_Williams\Scoring_20Oct\Raf\DSC_1558.tif,2,5,2,4,3,0,3065,3293,2214,2442
\\nbi-ufiles\shared\Research-Groups\Mark-Banfield\Josh_Williams\Scoring_20Oct\Raf\DSC_1558.tif,2,5,2,4,4,0,3400,3646,2199,2445
\\nbi-ufiles\shared\Research-Groups\Mark-Banfield\Josh_Williams\Scoring_20Oct\Raf\DSC_1558.tif,2,5,2,4,5,0,3441,3669,1946,2174
\\nbi-ufiles\shared\Research-Groups\Mark-Banfield\Josh_Williams\Scoring_20Oct\Raf\DSC_1558.tif,2,5,2,4,6,0,3388,3610,1683,1905
\\nbi-ufiles\shared\Research-Groups\Mark-Banfield\Josh_Williams\Scoring_20Oct\Raf\DSC_1558.tif,2,5,2,5,1,0,4182,4382,1767,1967
\\nbi-ufiles\shared\Research-Groups\Mark-Banfield\Josh_Williams\Scoring_20Oct\Raf\DSC_1558.tif,2,5,2,5,2,4,4130,4398,1972,2240
\\nbi-ufiles\shared\Research-Groups\Mark-Banfield\Josh_Williams\Scoring_20Oct\Raf\DSC_1558.tif,2,5,2,5,3,3,4136,4376,2220,2460
\\nbi-ufiles\shared\Research-Groups\Mark-Banfield\Josh_Williams\Scoring_20Oct\Raf\DSC_1558.tif,2,5,2,5,4,1,4466,4746,2092,2372
\\nbi-ufiles\shared\Research-Groups\Mark-Banfield\Josh_Williams\Scoring_20Oct\Raf\DSC_1558.tif,2,5,2,5,5,0,4428,4680,1846,2098
\\nbi-ufiles\shared\Research-Groups\Mark-Banfield\Josh_Williams\Scoring_20Oct\Raf\DSC_1558.tif,2,5,2,5,6,0,4346,4562,1657,1873
\\nbi-ufiles\shared\Research-Groups\Mark-Banfield\Josh_Williams\Scoring_20Oct\Raf\DSC_2395.tif,3,3,1,1,2,3,588,818,448,678
\\nbi-ufiles\shared\Research-Groups\Mark-Banfield\Josh_Williams\Scoring_20Oct\Raf\DSC_2395.tif,3,3,1,1,3,0,466,746,681,961
\\nbi-ufiles\shared\Research-Groups\Mark-Banfield\Josh_Williams\Scoring_20Oct\Raf\DSC_2395.tif,3,3,1,1,4,0,948,1264,663,979
\\nbi-ufiles\shared\Research-Groups\Mark-Banfield\Josh_Williams\Scoring_20Oct\Raf\DSC_2395.tif,3,3,1,1,5,5,834,1072,435,673
\\nbi-ufiles\shared\Research-Groups\Mark-Banfield\Josh_Williams\Scoring_20Oct\Raf\DSC_2395.tif,3,3,1,3,1,5,2106,2300,483,677
\\nbi-ufiles\shared\Research-Groups\Mark-Banfield\Josh_Williams\Scoring_20Oct\Raf\DSC_2395.tif,3,3,1,3,2,1,1945,2191,720,966
\\nbi-ufiles\shared\Research-Groups\Mark-Banfield\Josh_Williams\Scoring_20Oct\Raf\DSC_2395.tif,3,3,1,3,3,0,1932,2230,984,1282
\\nbi-ufiles\shared\Research-Groups\Mark-Banfield\Josh_Williams\Scoring_20Oct\Raf\DSC_2395.tif,3,3,1,3,4,0,2336,2668,946,1278
\\nbi-ufiles\shared\Research-Groups\Mark-Banfield\Josh_Williams\Scoring_20Oct\Raf\DSC_2395.tif,3,3,1,3,5,0,2309,2607,546,844
\\nbi-ufiles\shared\Research-Groups\Mark-Banfield\Josh_Williams\Scoring_20Oct\Raf\DSC_2395.tif,3,3,2,2,1,0,1220,1466,1712,1958
\\nbi-ufiles\shared\Research-Groups\Mark-Banfield\Josh_Williams\Scoring_20Oct\Raf\DSC_2395.tif,3,3,2,2,2,6,1229,1439,1950,2160
\\nbi-ufiles\shared\Research-Groups\Mark-Banfield\Josh_Williams\Scoring_20Oct\Raf\DSC_2395.tif,3,3,2,2,3,0,1277,1489,2168,2380
\\nbi-ufiles\shared\Research-Groups\Mark-Banfield\Josh_Williams\Scoring_20Oct\Raf\DSC_2395.tif,3,3,2,2,4,0,1650,1940,1975,2265
\\nbi-ufiles\shared\Research-Groups\Mark-Banfield\Josh_Williams\Scoring_20Oct\Raf\DSC_2395.tif,3,3,2,2,5,0,1492,1800,1616,1924
\\nbi-ufiles\shared\Research-Groups\Mark-Banfield\Josh_Williams\Scoring_20Oct\Raf\DSC_2395.tif,3,3,3,1,1,0,632,878,3120,3366
\\nbi-ufiles\shared\Research-Groups\Mark-Banfield\Josh_Williams\Scoring_20Oct\Raf\DSC_2395.tif,3,3,3,1,2,0,518,818,3370,3670
\\nbi-ufiles\shared\Research-Groups\Mark-Banfield\Josh_Williams\Scoring_20Oct\Raf\DSC_2395.tif,3,3,3,1,3,5,624,922,3643,3941
\\nbi-ufiles\shared\Research-Groups\Mark-Banfield\Josh_Williams\Scoring_20Oct\Raf\DSC_2395.tif,3,3,3,1,4,1,948,1274,3506,3832
\\nbi-ufiles\shared\Research-Groups\Mark-Banfield\Josh_Williams\Scoring_20Oct\Raf\DSC_2395.tif,3,3,3,1,5,0,910,1234,3108,3432
\\nbi-ufiles\shared\Research-Groups\Mark-Banfield\Josh_Williams\Scoring_20Oct\Raf\DSC_2395.tif,3,3,3,3,1,0,2243,2455,2984,3196
\\nbi-ufiles\shared\Research-Groups\Mark-Banfield\Josh_Williams\Scoring_20Oct\Raf\DSC_2395.tif,3,3,3,3,2,0,2064,2352,3196,3484
\\nbi-ufiles\shared\Research-Groups\Mark-Banfield\Josh_Williams\Scoring_20Oct\Raf\DSC_2395.tif,3,3,3,3,3,0,2054,2344,3489,3779
\\nbi-ufiles\shared\Research-Groups\Mark-Banfield\Josh_Williams\Scoring_20Oct\Raf\DSC_2395.tif,3,3,3,3,4,5,2476,2696,3432,3652
\\nbi-ufiles\shared\Research-Groups\Mark-Banfield\Josh_Williams\Scoring_20Oct\Raf\DSC_2395.tif,3,3,3,3,5,4,2458,2696,3072,3310
\\nbi-ufiles\shared\Research-Groups\Mark-Banfield\Josh_Williams\Scoring_20Oct\Raf\DSC_2397.tif,3,3,1,1,1,0,756,1028,567,839
\\nbi-ufiles\shared\Research-Groups\Mark-Banfield\Josh_Williams\Scoring_20Oct\Raf\DSC_2397.tif,3,3,1,1,2,0,642,922,813,1093
\\nbi-ufiles\shared\Research-Groups\Mark-Banfield\Josh_Williams\Scoring_20Oct\Raf\DSC_2397.tif,3,3,1,1,3,0,676,922,1093,1339
\\nbi-ufiles\shared\Research-Groups\Mark-Banfield\Josh_Williams\Scoring_20Oct\Raf\DSC_2397.tif,3,3,1,1,4,0,1150,1458,922,1230
\\nbi-ufiles\shared\Research-Groups\Mark-Banfield\Josh_Williams\Scoring_20Oct\Raf\DSC_2397.tif,3,3,1,1,5,5,1086,1322,624,860
\\nbi-ufiles\shared\Research-Groups\Mark-Banfield\Josh_Williams\Scoring_20Oct\Raf\DSC_2397.tif,3,3,1,3,1,5,2028,2256,545,773
\\nbi-ufiles\shared\Research-Groups\Mark-Banfield\Josh_Williams\Scoring_20Oct\Raf\DSC_2397.tif,3,3,1,3,2,2,1879,2177,764,1062
\\nbi-ufiles\shared\Research-Groups\Mark-Banfield\Josh_Williams\Scoring_20Oct\Raf\DSC_2397.tif,3,3,1,3,3,0,1905,2203,1080,1378
\\nbi-ufiles\shared\Research-Groups\Mark-Banfield\Josh_Williams\Scoring_20Oct\Raf\DSC_2397.tif,3,3,1,3,4,0,2396,2738,888,1230
\\nbi-ufiles\shared\Research-Groups\Mark-Banfield\Josh_Williams\Scoring_20Oct\Raf\DSC_2397.tif,3,3,1,3,5,0,2301,2615,546,860
\\nbi-ufiles\shared\Research-Groups\Mark-Banfield\Josh_Williams\Scoring_20Oct\Raf\DSC_2397.tif,3,3,2,2,1,0,1520,1774,1791,2045
\\nbi-ufiles\shared\Research-Groups\Mark-Banfield\Josh_Williams\Scoring_20Oct\Raf\DSC_2397.tif,3,3,2,2,2,5,1362,1634,1988,2260
\\nbi-ufiles\shared\Research-Groups\Mark-Banfield\Josh_Williams\Scoring_20Oct\Raf\DSC_2397.tif,3,3,2,2,3,0,1326,1660,2278,2612
\\nbi-ufiles\shared\Research-Groups\Mark-Banfield\Josh_Williams\Scoring_20Oct\Raf\DSC_2397.tif,3,3,2,2,4,0,1834,2204,2234,2604
\\nbi-ufiles\shared\Research-Groups\Mark-Banfield\Josh_Williams\Scoring_20Oct\Raf\DSC_2397.tif,3,3,2,2,5,0,1778,2128,1844,2194
\\nbi-ufiles\shared\Research-Groups\Mark-Banfield\Josh_Williams\Scoring_20Oct\Raf\DSC_2397.tif,3,3,3,1,1,0,519,817,3212,3510
\\nbi-ufiles\shared\Research-Groups\Mark-Banfield\Josh_Williams\Scoring_20Oct\Raf\DSC_2397.tif,3,3,3,1,2,0,546,782,3481,3717
\\nbi-ufiles\shared\Research-Groups\Mark-Banfield\Josh_Williams\Scoring_20Oct\Raf\DSC_2397.tif,3,3,3,1,3,5,580,932,3581,3933
\\nbi-ufiles\shared\Research-Groups\Mark-Banfield\Josh_Williams\Scoring_20Oct\Raf\DSC_2397.tif,3,3,3,1,4,3,984,1282,3446,3744
\\nbi-ufiles\shared\Research-Groups\Mark-Banfield\Josh_Williams\Scoring_20Oct\Raf\DSC_2397.tif,3,3,3,1,5,0,847,1137,3142,3432
\\nbi-ufiles\shared\Research-Groups\Mark-Banfield\Josh_Williams\Scoring_20Oct\Raf\DSC_2397.tif,3,3,3,3,1,0,2080,2406,3177,3503
\\nbi-ufiles\shared\Research-Groups\Mark-Banfield\Josh_Williams\Scoring_20Oct\Raf\DSC_2397.tif,3,3,3,3,2,0,2010,2264,3538,3792
\\nbi-ufiles\shared\Research-Groups\Mark-Banfield\Josh_Williams\Scoring_20Oct\Raf\DSC_2397.tif,3,3,3,3,3,0,1976,2326,3757,4107
\\nbi-ufiles\shared\Research-Groups\Mark-Banfield\Josh_Williams\Scoring_20Oct\Raf\DSC_2397.tif,3,3,3,3,4,5,2414,2694,3586,3866
\\nbi-ufiles\shared\Research-Groups\Mark-Banfield\Josh_Williams\Scoring_20Oct\Raf\DSC_2397.tif,3,3,3,3,5,4,2428,2708,3310,3590
\\nbi-ufiles\shared\Research-Groups\Mark-Banfield\Josh_Williams\Scoring_20Oct\Raf\DSC_2454.tif,3,3,1,1,1,5,686,948,173,435
\\nbi-ufiles\shared\Research-Groups\Mark-Banfield\Josh_Williams\Scoring_20Oct\Raf\DSC_2454.tif,3,3,1,1,2,0,562,818,457,713
\\nbi-ufiles\shared\Research-Groups\Mark-Banfield\Josh_Williams\Scoring_20Oct\Raf\DSC_2454.tif,3,3,1,1,3,0,572,878,691,997
\\nbi-ufiles\shared\Research-Groups\Mark-Banfield\Josh_Williams\Scoring_20Oct\Raf\DSC_2454.tif,3,3,1,1,4,0,992,1352,540,900
\\nbi-ufiles\shared\Research-Groups\Mark-Banfield\Josh_Williams\Scoring_20Oct\Raf\DSC_2454.tif,3,3,1,1,5,5,939,1177,290,528
\\nbi-ufiles\shared\Research-Groups\Mark-Banfield\Josh_Williams\Scoring_20Oct\Raf\DSC_2454.tif,3,3,1,3,1,6,2274,2476,457,659
\\nbi-ufiles\shared\Research-Groups\Mark-Banfield\Josh_Williams\Scoring_20Oct\Raf\DSC_2454.tif,3,3,1,3,2,5,2142,2388,624,870
\\nbi-ufiles\shared\Research-Groups\Mark-Banfield\Josh_Williams\Scoring_20Oct\Raf\DSC_2454.tif,3,3,1,3,3,0,2287,2489,852,1054
\\nbi-ufiles\shared\Research-Groups\Mark-Banfield\Josh_Williams\Scoring_20Oct\Raf\DSC_2454.tif,3,3,1,3,4,0,2515,2805,694,984
\\nbi-ufiles\shared\Research-Groups\Mark-Banfield\Josh_Williams\Scoring_20Oct\Raf\DSC_2454.tif,3,3,1,3,5,0,2510,2748,404,642
\\nbi-ufiles\shared\Research-Groups\Mark-Banfield\Josh_Williams\Scoring_20Oct\Raf\DSC_2454.tif,3,3,2,2,1,0,1448,1686,1554,1792
\\nbi-ufiles\shared\Research-Groups\Mark-Banfield\Josh_Williams\Scoring_20Oct\Raf\DSC_2454.tif,3,3,2,2,2,5,1413,1633,1826,2046
\\nbi-ufiles\shared\Research-Groups\Mark-Banfield\Josh_Williams\Scoring_20Oct\Raf\DSC_2454.tif,3,3,2,2,3,0,1476,1826,1967,2317
\\nbi-ufiles\shared\Research-Groups\Mark-Banfield\Josh_Williams\Scoring_20Oct\Raf\DSC_2454.tif,3,3,2,2,4,0,1834,2160,1760,2086
\\nbi-ufiles\shared\Research-Groups\Mark-Banfield\Josh_Williams\Scoring_20Oct\Raf\DSC_2454.tif,3,3,2,2,5,0,1721,2029,1466,1774
\\nbi-ufiles\shared\Research-Groups\Mark-Banfield\Josh_Williams\Scoring_20Oct\Raf\DSC_2454.tif,3,3,3,1,1,0,774,1046,2624,2896
\\nbi-ufiles\shared\Research-Groups\Mark-Banfield\Josh_Williams\Scoring_20Oct\Raf\DSC_2454.tif,3,3,3,1,2,1,720,1054,2901,3235
\\nbi-ufiles\shared\Research-Groups\Mark-Banfield\Josh_Williams\Scoring_20Oct\Raf\DSC_2454.tif,3,3,3,1,3,3,834,1132,3169,3467
\\nbi-ufiles\shared\Research-Groups\Mark-Banfield\Josh_Williams\Scoring_20Oct\Raf\DSC_2454.tif,3,3,3,1,4,3,1151,1441,3028,3318
\\nbi-ufiles\shared\Research-Groups\Mark-Banfield\Josh_Williams\Scoring_20Oct\Raf\DSC_2454.tif,3,3,3,1,5,0,1124,1440,2659,2975
\\nbi-ufiles\shared\Research-Groups\Mark-Banfield\Josh_Williams\Scoring_20Oct\Raf\DSC_2454.tif,3,3,3,3,1,0,2160,2476,2589,2905
\\nbi-ufiles\shared\Research-Groups\Mark-Banfield\Josh_Williams\Scoring_20Oct\Raf\DSC_2454.tif,3,3,3,3,2,0,2098,2380,2910,3192
\\nbi-ufiles\shared\Research-Groups\Mark-Banfield\Josh_Williams\Scoring_20Oct\Raf\DSC_2454.tif,3,3,3,3,3,0,2212,2510,3138,3436
\\nbi-ufiles\shared\Research-Groups\Mark-Banfield\Josh_Williams\Scoring_20Oct\Raf\DSC_2454.tif,3,3,3,3,4,5,2603,2849,3010,3256
\\nbi-ufiles\shared\Research-Groups\Mark-Banfield\Josh_Williams\Scoring_20Oct\Raf\DSC_2454.tif,3,3,3,3,5,2,2466,2738,2695,2967
\\nbi-ufiles\shared\Research-Groups\Mark-Banfield\Josh_Williams\Scoring_20Oct\Raf\DSC_2828.TIF,3,3,1,1,1,3,422,676,370,624
\\nbi-ufiles\shared\Research-Groups\Mark-Banfield\Josh_Williams\Scoring_20Oct\Raf\DSC_2828.TIF,3,3,1,1,2,0,265,511,624,870
\\nbi-ufiles\shared\Research-Groups\Mark-Banfield\Josh_Williams\Scoring_20Oct\Raf\DSC_2828.TIF,3,3,1,1,3,0,357,557,976,1176
\\nbi-ufiles\shared\Research-Groups\Mark-Banfield\Josh_Williams\Scoring_20Oct\Raf\DSC_2828.TIF,3,3,1,1,4,0,790,1124,821,1155
\\nbi-ufiles\shared\Research-Groups\Mark-Banfield\Josh_Williams\Scoring_20Oct\Raf\DSC_2828.TIF,3,3,1,1,5,0,839,1067,572,800
\\nbi-ufiles\shared\Research-Groups\Mark-Banfield\Josh_Williams\Scoring_20Oct\Raf\DSC_2828.TIF,3,3,1,1,6,6,660,860,427,627
\\nbi-ufiles\shared\Research-Groups\Mark-Banfield\Josh_Williams\Scoring_20Oct\Raf\DSC_2828.TIF,3,3,1,3,1,5,1804,2050,484,730
\\nbi-ufiles\shared\Research-Groups\Mark-Banfield\Josh_Williams\Scoring_20Oct\Raf\DSC_2828.TIF,3,3,1,3,2,0,1678,1958,770,1050
\\nbi-ufiles\shared\Research-Groups\Mark-Banfield\Josh_Williams\Scoring_20Oct\Raf\DSC_2828.TIF,3,3,1,3,3,0,1716,2006,1186,1476
\\nbi-ufiles\shared\Research-Groups\Mark-Banfield\Josh_Williams\Scoring_20Oct\Raf\DSC_2828.TIF,3,3,1,3,4,0,2300,2564,966,1230
\\nbi-ufiles\shared\Research-Groups\Mark-Banfield\Josh_Williams\Scoring_20Oct\Raf\DSC_2828.TIF,3,3,1,3,5,0,2191,2445,660,914
\\nbi-ufiles\shared\Research-Groups\Mark-Banfield\Josh_Williams\Scoring_20Oct\Raf\DSC_2828.TIF,3,3,1,3,6,0,2090,2362,383,655
\\nbi-ufiles\shared\Research-Groups\Mark-Banfield\Josh_Williams\Scoring_20Oct\Raf\DSC_2828.TIF,3,3,2,2,1,0,1098,1352,1717,1971
\\nbi-ufiles\shared\Research-Groups\Mark-Banfield\Josh_Williams\Scoring_20Oct\Raf\DSC_2828.TIF,3,3,2,2,2,5,1212,1458,2002,2248
\\nbi-ufiles\shared\Research-Groups\Mark-Banfield\Josh_Williams\Scoring_20Oct\Raf\DSC_2828.TIF,3,3,2,2,3,1,1141,1397,2264,2520
\\nbi-ufiles\shared\Research-Groups\Mark-Banfield\Josh_Williams\Scoring_20Oct\Raf\DSC_2828.TIF,3,3,2,2,4,0,1624,1898,2106,2380
\\nbi-ufiles\shared\Research-Groups\Mark-Banfield\Josh_Williams\Scoring_20Oct\Raf\DSC_2828.TIF,3,3,2,2,5,0,1462,1744,1852,2134
\\nbi-ufiles\shared\Research-Groups\Mark-Banfield\Josh_Williams\Scoring_20Oct\Raf\DSC_2828.TIF,3,3,2,2,6,0,1334,1598,1624,1888
\\nbi-ufiles\shared\Research-Groups\Mark-Banfield\Josh_Williams\Scoring_20Oct\Raf\DSC_2828.TIF,3,3,3,1,1,0,414,738,2862,3186
\\nbi-ufiles\shared\Research-Groups\Mark-Banfield\Josh_Williams\Scoring_20Oct\Raf\DSC_2828.TIF,3,3,3,1,2,0,330,628,3178,3476
\\nbi-ufiles\shared\Research-Groups\Mark-Banfield\Josh_Williams\Scoring_20Oct\Raf\DSC_2828.TIF,3,3,3,1,3,5,541,769,3520,3748
\\nbi-ufiles\shared\Research-Groups\Mark-Banfield\Josh_Williams\Scoring_20Oct\Raf\DSC_2828.TIF,3,3,3,1,4,0,1002,1274,3393,3665
\\nbi-ufiles\shared\Research-Groups\Mark-Banfield\Josh_Williams\Scoring_20Oct\Raf\DSC_2828.TIF,3,3,3,1,5,0,870,1212,3081,3423
\\nbi-ufiles\shared\Research-Groups\Mark-Banfield\Josh_Williams\Scoring_20Oct\Raf\DSC_2828.TIF,3,3,3,1,6,0,770,1076,2792,3098
\\nbi-ufiles\shared\Research-Groups\Mark-Banfield\Josh_Williams\Scoring_20Oct\Raf\DSC_2828.TIF,3,3,3,3,1,0,2124,2388,2664,2928
\\nbi-ufiles\shared\Research-Groups\Mark-Banfield\Josh_Williams\Scoring_20Oct\Raf\DSC_2828.TIF,3,3,3,3,2,0,2064,2326,2920,3182
\\nbi-ufiles\shared\Research-Groups\Mark-Banfield\Josh_Williams\Scoring_20Oct\Raf\DSC_2828.TIF,3,3,3,3,3,0,1914,2238,3257,3581
\\nbi-ufiles\shared\Research-Groups\Mark-Banfield\Josh_Williams\Scoring_20Oct\Raf\DSC_2828.TIF,3,3,3,3,4,5,2432,2678,3151,3397
\\nbi-ufiles\shared\Research-Groups\Mark-Banfield\Josh_Williams\Scoring_20Oct\Raf\DSC_2828.TIF,3,3,3,3,5,0,2440,2642,2888,3090
\\nbi-ufiles\shared\Research-Groups\Mark-Banfield\Josh_Williams\Scoring_20Oct\Raf\DSC_2828.TIF,3,3,3,3,6,0,2375,2611,2652,2888
\\nbi-ufiles\shared\Research-Groups\Mark-Banfield\Josh_Williams\Scoring_20Oct\Raf\DSC_2867.tif,3,3,1,1,1,2,580,852,330,602
\\nbi-ufiles\shared\Research-Groups\Mark-Banfield\Josh_Williams\Scoring_20Oct\Raf\DSC_2867.tif,3,3,1,1,2,1,489,751,598,860
\\nbi-ufiles\shared\Research-Groups\Mark-Banfield\Josh_Williams\Scoring_20Oct\Raf\DSC_2867.tif,3,3,1,1,3,1,528,852,840,1164
\\nbi-ufiles\shared\Research-Groups\Mark-Banfield\Josh_Williams\Scoring_20Oct\Raf\DSC_2867.tif,3,3,1,1,4,1,922,1230,724,1032
\\nbi-ufiles\shared\Research-Groups\Mark-Banfield\Josh_Williams\Scoring_20Oct\Raf\DSC_2867.tif,3,3,1,1,5,5,913,1151,404,642
\\nbi-ufiles\shared\Research-Groups\Mark-Banfield\Josh_Williams\Scoring_20Oct\Raf\DSC_2867.tif,3,3,1,3,1,5,2010,2194,523,707
\\nbi-ufiles\shared\Research-Groups\Mark-Banfield\Josh_Williams\Scoring_20Oct\Raf\DSC_2867.tif,3,3,1,3,2,2,1813,2049,800,1036
\\nbi-ufiles\shared\Research-Groups\Mark-Banfield\Josh_Williams\Scoring_20Oct\Raf\DSC_2867.tif,3,3,1,3,3,0,1844,2134,1041,1331
\\nbi-ufiles\shared\Research-Groups\Mark-Banfield\Josh_Williams\Scoring_20Oct\Raf\DSC_2867.tif,3,3,1,3,4,0,2308,2634,948,1274
\\nbi-ufiles\shared\Research-Groups\Mark-Banfield\Josh_Williams\Scoring_20Oct\Raf\DSC_2867.tif,3,3,1,3,5,0,2238,2546,527,835
\\nbi-ufiles\shared\Research-Groups\Mark-Banfield\Josh_Williams\Scoring_20Oct\Raf\DSC_2867.tif,3,3,2,2,1,0,1256,1546,1677,1967
\\nbi-ufiles\shared\Research-Groups\Mark-Banfield\Josh_Williams\Scoring_20Oct\Raf\DSC_2867.tif,3,3,2,2,2,4,1194,1546,1975,2327
\\nbi-ufiles\shared\Research-Groups\Mark-Banfield\Josh_Williams\Scoring_20Oct\Raf\DSC_2867.tif,3,3,2,2,3,0,1142,1422,2252,2532
\\nbi-ufiles\shared\Research-Groups\Mark-Banfield\Josh_Williams\Scoring_20Oct\Raf\DSC_2867.tif,3,3,2,2,4,0,1598,2002,2106,2510
\\nbi-ufiles\shared\Research-Groups\Mark-Banfield\Josh_Williams\Scoring_20Oct\Raf\DSC_2867.tif,3,3,2,2,5,0,1528,1888,1720,2080
\\nbi-ufiles\shared\Research-Groups\Mark-Banfield\Josh_Williams\Scoring_20Oct\Raf\DSC_2867.tif,3,3,3,1,1,0,474,860,2989,3375
\\nbi-ufiles\shared\Research-Groups\Mark-Banfield\Josh_Williams\Scoring_20Oct\Raf\DSC_2867.tif,3,3,3,1,2,0,334,616,3344,3626
\\nbi-ufiles\shared\Research-Groups\Mark-Banfield\Josh_Williams\Scoring_20Oct\Raf\DSC_2867.tif,3,3,3,1,3,3,422,808,3603,3989
\\nbi-ufiles\shared\Research-Groups\Mark-Banfield\Josh_Williams\Scoring_20Oct\Raf\DSC_2867.tif,3,3,3,1,4,0,940,1300,3515,3875
\\nbi-ufiles\shared\Research-Groups\Mark-Banfield\Josh_Williams\Scoring_20Oct\Raf\DSC_2867.tif,3,3,3,1,5,0,888,1238,3042,3392
\\nbi-ufiles\shared\Research-Groups\Mark-Banfield\Josh_Williams\Scoring_20Oct\Raf\DSC_2867.tif,3,3,3,3,1,0,2142,2450,3155,3463
\\nbi-ufiles\shared\Research-Groups\Mark-Banfield\Josh_Williams\Scoring_20Oct\Raf\DSC_2867.tif,3,3,3,3,2,1,1950,2230,3476,3756
\\nbi-ufiles\shared\Research-Groups\Mark-Banfield\Josh_Williams\Scoring_20Oct\Raf\DSC_2867.tif,3,3,3,3,3,0,2124,2422,3788,4086
\\nbi-ufiles\shared\Research-Groups\Mark-Banfield\Josh_Williams\Scoring_20Oct\Raf\DSC_2867.tif,3,3,3,3,4,5,2494,2836,3616,3958
\\nbi-ufiles\shared\Research-Groups\Mark-Banfield\Josh_Williams\Scoring_20Oct\Raf\DSC_2867.tif,3,3,3,3,5,3,2520,2836,3274,3590
\\nbi-ufiles\shared\Research-Groups\Mark-Banfield\Josh_Williams\Scoring_20Oct\Raf\DSC_2869.tif,3,3,1,1,1,3,782,1062,291,571
\\nbi-ufiles\shared\Research-Groups\Mark-Banfield\Josh_Williams\Scoring_20Oct\Raf\DSC_2869.tif,3,3,1,1,2,0,588,914,531,857
\\nbi-ufiles\shared\Research-Groups\Mark-Banfield\Josh_Williams\Scoring_20Oct\Raf\DSC_2869.tif,3,3,1,1,3,0,730,966,835,1071
\\nbi-ufiles\shared\Research-Groups\Mark-Banfield\Josh_Williams\Scoring_20Oct\Raf\DSC_2869.tif,3,3,1,1,4,0,1054,1422,629,997
\\nbi-ufiles\shared\Research-Groups\Mark-Banfield\Josh_Williams\Scoring_20Oct\Raf\DSC_2869.tif,3,3,1,1,5,5,1090,1282,413,605
\\nbi-ufiles\shared\Research-Groups\Mark-Banfield\Josh_Williams\Scoring_20Oct\Raf\DSC_2869.tif,3,3,1,3,1,6,2178,2458,524,804
\\nbi-ufiles\shared\Research-Groups\Mark-Banfield\Josh_Williams\Scoring_20Oct\Raf\DSC_2869.tif,3,3,1,3,2,0,2036,2336,768,1068
\\nbi-ufiles\shared\Research-Groups\Mark-Banfield\Josh_Williams\Scoring_20Oct\Raf\DSC_2869.tif,3,3,1,3,3,0,2046,2362,1063,1379
\\nbi-ufiles\shared\Research-Groups\Mark-Banfield\Josh_Williams\Scoring_20Oct\Raf\DSC_2869.tif,3,3,1,3,4,0,2568,2866,940,1238
\\nbi-ufiles\shared\Research-Groups\Mark-Banfield\Josh_Williams\Scoring_20Oct\Raf\DSC_2869.tif,3,3,1,3,5,0,2502,2844,492,834
\\nbi-ufiles\shared\Research-Groups\Mark-Banfield\Josh_Williams\Scoring_20Oct\Raf\DSC_2869.tif,3,3,2,2,1,0,1541,1805,1852,2116
\\nbi-ufiles\shared\Research-Groups\Mark-Banfield\Josh_Williams\Scoring_20Oct\Raf\DSC_2869.tif,3,3,2,2,2,5,1414,1660,2049,2295
\\nbi-ufiles\shared\Research-Groups\Mark-Banfield\Josh_Williams\Scoring_20Oct\Raf\DSC_2869.tif,3,3,2,2,3,2,1448,1694,2300,2546
\\nbi-ufiles\shared\Research-Groups\Mark-Banfield\Josh_Williams\Scoring_20Oct\Raf\DSC_2869.tif,3,3,2,2,4,0,1834,2116,2277,2559
\\nbi-ufiles\shared\Research-Groups\Mark-Banfield\Josh_Williams\Scoring_20Oct\Raf\DSC_2869.tif,3,3,2,2,5,0,1812,2120,1870,2178
\\nbi-ufiles\shared\Research-Groups\Mark-Banfield\Josh_Williams\Scoring_20Oct\Raf\DSC_2869.tif,3,3,3,1,1,0,484,774,2739,3029
\\nbi-ufiles\shared\Research-Groups\Mark-Banfield\Josh_Williams\Scoring_20Oct\Raf\DSC_2869.tif,3,3,3,1,2,0,361,669,3098,3406
\\nbi-ufiles\shared\Research-Groups\Mark-Banfield\Josh_Williams\Scoring_20Oct\Raf\DSC_2869.tif,3,3,3,1,3,3,502,764,3367,3629
\\nbi-ufiles\shared\Research-Groups\Mark-Banfield\Josh_Williams\Scoring_20Oct\Raf\DSC_2869.tif,3,3,3,1,4,2,888,1150,3204,3466
\\nbi-ufiles\shared\Research-Groups\Mark-Banfield\Josh_Williams\Scoring_20Oct\Raf\DSC_2869.tif,3,3,3,1,5,0,838,1128,2826,3116
\\nbi-ufiles\shared\Research-Groups\Mark-Banfield\Josh_Williams\Scoring_20Oct\Raf\DSC_2869.tif,3,3,3,3,1,0,2393,2637,2880,3124
\\nbi-ufiles\shared\Research-Groups\Mark-Banfield\Josh_Williams\Scoring_20Oct\Raf\DSC_2869.tif,3,3,3,3,2,0,2242,2498,3212,3468
\\nbi-ufiles\shared\Research-Groups\Mark-Banfield\Josh_Williams\Scoring_20Oct\Raf\DSC_2869.tif,3,3,3,3,3,1,2396,2668,3406,3678
\\nbi-ufiles\shared\Research-Groups\Mark-Banfield\Josh_Williams\Scoring_20Oct\Raf\DSC_2869.tif,3,3,3,3,4,5,2766,3010,3257,3501
\\nbi-ufiles\shared\Research-Groups\Mark-Banfield\Josh_Williams\Scoring_20Oct\Raf\DSC_2869.tif,3,3,3,3,5,1,2673,2945,2976,3248
\\nbi-ufiles\shared\Research-Groups\Mark-Banfield\Josh_Williams\Scoring_20Oct\Raf\DSC_2870.tif,3,3,1,1,1,0,774,1080,296,602
\\nbi-ufiles\shared\Research-Groups\Mark-Banfield\Josh_Williams\Scoring_20Oct\Raf\DSC_2870.tif,3,3,1,1,2,0,492,790,598,896
\\nbi-ufiles\shared\Research-Groups\Mark-Banfield\Josh_Williams\Scoring_20Oct\Raf\DSC_2870.tif,3,3,1,1,3,0,598,966,822,1190
\\nbi-ufiles\shared\Research-Groups\Mark-Banfield\Josh_Williams\Scoring_20Oct\Raf\DSC_2870.tif,3,3,1,1,4,0,1068,1400,686,1018
\\nbi-ufiles\shared\Research-Groups\Mark-Banfield\Josh_Williams\Scoring_20Oct\Raf\DSC_2870.tif,3,3,1,3,1,5,2370,2590,391,611
\\nbi-ufiles\shared\Research-Groups\Mark-Banfield\Josh_Williams\Scoring_20Oct\Raf\DSC_2870.tif,3,3,1,3,2,2,2196,2440,660,904
\\nbi-ufiles\shared\Research-Groups\Mark-Banfield\Josh_Williams\Scoring_20Oct\Raf\DSC_2870.tif,3,3,1,3,3,0,2248,2580,883,1215
\\nbi-ufiles\shared\Research-Groups\Mark-Banfield\Josh_Williams\Scoring_20Oct\Raf\DSC_2870.tif,3,3,1,3,4,0,2642,2966,774,1098
\\nbi-ufiles\shared\Research-Groups\Mark-Banfield\Josh_Williams\Scoring_20Oct\Raf\DSC_2870.tif,3,3,1,3,5,0,2616,2896,475,755
\\nbi-ufiles\shared\Research-Groups\Mark-Banfield\Josh_Williams\Scoring_20Oct\Raf\DSC_2870.tif,3,3,2,2,1,0,1457,1695,1554,1792
\\nbi-ufiles\shared\Research-Groups\Mark-Banfield\Josh_Williams\Scoring_20Oct\Raf\DSC_2870.tif,3,3,2,2,2,6,1388,1606,1822,2040
\\nbi-ufiles\shared\Research-Groups\Mark-Banfield\Josh_Williams\Scoring_20Oct\Raf\DSC_2870.tif,3,3,2,2,3,0,1256,1544,2020,2308
\\nbi-ufiles\shared\Research-Groups\Mark-Banfield\Josh_Williams\Scoring_20Oct\Raf\DSC_2870.tif,3,3,2,2,4,0,1792,2168,1963,2339
\\nbi-ufiles\shared\Research-Groups\Mark-Banfield\Josh_Williams\Scoring_20Oct\Raf\DSC_2870.tif,3,3,2,2,5,0,1694,2020,1589,1915
\\nbi-ufiles\shared\Research-Groups\Mark-Banfield\Josh_Williams\Scoring_20Oct\Raf\DSC_2870.tif,3,3,3,1,1,0,536,834,2621,2919
\\nbi-ufiles\shared\Research-Groups\Mark-Banfield\Josh_Williams\Scoring_20Oct\Raf\DSC_2870.tif,3,3,3,1,2,1,440,720,2950,3230
\\nbi-ufiles\shared\Research-Groups\Mark-Banfield\Josh_Williams\Scoring_20Oct\Raf\DSC_2870.tif,3,3,3,1,3,4,585,891,3152,3458
\\nbi-ufiles\shared\Research-Groups\Mark-Banfield\Josh_Williams\Scoring_20Oct\Raf\DSC_2870.tif,3,3,3,1,4,0,848,1182,3160,3494
\\nbi-ufiles\shared\Research-Groups\Mark-Banfield\Josh_Williams\Scoring_20Oct\Raf\DSC_2870.tif,3,3,3,1,5,0,884,1198,2766,3080
\\nbi-ufiles\shared\Research-Groups\Mark-Banfield\Josh_Williams\Scoring_20Oct\Raf\DSC_2870.tif,3,3,3,3,1,0,2238,2572,2590,2924
\\nbi-ufiles\shared\Research-Groups\Mark-Banfield\Josh_Williams\Scoring_20Oct\Raf\DSC_2870.tif,3,3,3,3,2,0,2194,2476,2901,3183
\\nbi-ufiles\shared\Research-Groups\Mark-Banfield\Josh_Williams\Scoring_20Oct\Raf\DSC_2870.tif,3,3,3,3,4,5,2590,2880,2976,3266
\\nbi-ufiles\shared\Research-Groups\Mark-Banfield\Josh_Williams\Scoring_20Oct\Raf\DSC_2870.tif,3,3,3,3,5,2,2571,2827,2694,2950
\\nbi-ufiles\shared\Research-Groups\Mark-Banfield\Josh_Williams\Scoring_20Oct\Raf\DSC_4391.TIF,3,3,1,1,1,5,738,948,454,664
\\nbi-ufiles\shared\Research-Groups\Mark-Banfield\Josh_Williams\Scoring_20Oct\Raf\DSC_4391.TIF,3,3,1,1,2,5,580,844,672,936
\\nbi-ufiles\shared\Research-Groups\Mark-Banfield\Josh_Williams\Scoring_20Oct\Raf\DSC_4391.TIF,3,3,1,1,3,0,632,914,1001,1283
\\nbi-ufiles\shared\Research-Groups\Mark-Banfield\Josh_Williams\Scoring_20Oct\Raf\DSC_4391.TIF,3,3,1,1,4,0,1168,1476,971,1279
\\nbi-ufiles\shared\Research-Groups\Mark-Banfield\Josh_Williams\Scoring_20Oct\Raf\DSC_4391.TIF,3,3,1,1,5,5,1132,1396,707,971
\\nbi-ufiles\shared\Research-Groups\Mark-Banfield\Josh_Williams\Scoring_20Oct\Raf\DSC_4391.TIF,3,3,1,1,6,5,1072,1230,488,646
\\nbi-ufiles\shared\Research-Groups\Mark-Banfield\Josh_Williams\Scoring_20Oct\Raf\DSC_4391.TIF,3,3,1,3,1,5,2134,2380,720,966
\\nbi-ufiles\shared\Research-Groups\Mark-Banfield\Josh_Williams\Scoring_20Oct\Raf\DSC_4391.TIF,3,3,1,3,3,1,2142,2378,1212,1448
\\nbi-ufiles\shared\Research-Groups\Mark-Banfield\Josh_Williams\Scoring_20Oct\Raf\DSC_4391.TIF,3,3,1,3,4,0,2642,2958,1132,1448
\\nbi-ufiles\shared\Research-Groups\Mark-Banfield\Josh_Williams\Scoring_20Oct\Raf\DSC_4391.TIF,3,3,1,3,5,0,2519,2817,818,1116
\\nbi-ufiles\shared\Research-Groups\Mark-Banfield\Josh_Williams\Scoring_20Oct\Raf\DSC_4391.TIF,3,3,1,3,6,5,2418,2584,660,826
\\nbi-ufiles\shared\Research-Groups\Mark-Banfield\Josh_Williams\Scoring_20Oct\Raf\DSC_4391.TIF,3,3,2,2,1,4,1546,1764,1854,2072
\\nbi-ufiles\shared\Research-Groups\Mark-Banfield\Josh_Williams\Scoring_20Oct\Raf\DSC_4391.TIF,3,3,2,2,2,5,1478,1734,2150,2406
\\nbi-ufiles\shared\Research-Groups\Mark-Banfield\Josh_Williams\Scoring_20Oct\Raf\DSC_4391.TIF,3,3,2,2,3,5,1484,1712,2445,2673
\\nbi-ufiles\shared\Research-Groups\Mark-Banfield\Josh_Williams\Scoring_20Oct\Raf\DSC_4391.TIF,3,3,2,2,4,5,1984,2222,2387,2625
\\nbi-ufiles\shared\Research-Groups\Mark-Banfield\Josh_Williams\Scoring_20Oct\Raf\DSC_4391.TIF,3,3,2,2,5,0,1862,2186,2042,2366
\\nbi-ufiles\shared\Research-Groups\Mark-Banfield\Josh_Williams\Scoring_20Oct\Raf\DSC_4391.TIF,3,3,2,2,6,0,1782,2036,1756,2010
\\nbi-ufiles\shared\Research-Groups\Mark-Banfield\Josh_Williams\Scoring_20Oct\Raf\DSC_4391.TIF,3,3,3,1,1,0,650,914,2870,3134
\\nbi-ufiles\shared\Research-Groups\Mark-Banfield\Josh_Williams\Scoring_20Oct\Raf\DSC_4391.TIF,3,3,3,1,2,5,492,746,3130,3384
\\nbi-ufiles\shared\Research-Groups\Mark-Banfield\Josh_Williams\Scoring_20Oct\Raf\DSC_4391.TIF,3,3,3,1,3,4,489,699,3494,3704
\\nbi-ufiles\shared\Research-Groups\Mark-Banfield\Josh_Williams\Scoring_20Oct\Raf\DSC_4391.TIF,3,3,3,1,4,5,904,1106,3471,3673
\\nbi-ufiles\shared\Research-Groups\Mark-Banfield\Josh_Williams\Scoring_20Oct\Raf\DSC_4391.TIF,3,3,3,1,5,5,936,1172,3178,3414
\\nbi-ufiles\shared\Research-Groups\Mark-Banfield\Josh_Williams\Scoring_20Oct\Raf\DSC_4391.TIF,3,3,3,1,6,0,936,1226,2870,3160
\\nbi-ufiles\shared\Research-Groups\Mark-Banfield\Josh_Williams\Scoring_20Oct\Raf\DSC_4391.TIF,3,3,3,3,1,0,2134,2440,3073,3379
\\nbi-ufiles\shared\Research-Groups\Mark-Banfield\Josh_Williams\Scoring_20Oct\Raf\DSC_4391.TIF,3,3,3,3,2,0,2020,2326,3423,3729
\\nbi-ufiles\shared\Research-Groups\Mark-Banfield\Josh_Williams\Scoring_20Oct\Raf\DSC_4391.TIF,3,3,3,3,3,3,2064,2292,3761,3989
\\nbi-ufiles\shared\Research-Groups\Mark-Banfield\Josh_Williams\Scoring_20Oct\Raf\DSC_4391.TIF,3,3,3,3,4,5,2572,2792,3638,3858
\\nbi-ufiles\shared\Research-Groups\Mark-Banfield\Josh_Williams\Scoring_20Oct\Raf\DSC_4391.TIF,3,3,3,3,5,6,2520,2704,3375,3559
\\nbi-ufiles\shared\Research-Groups\Mark-Banfield\Josh_Williams\Scoring_20Oct\Raf\DSC_4391.TIF,3,3,3,3,6,6,2494,2660,3138,3304
\\nbi-ufiles\shared\Research-Groups\Mark-Banfield\Josh_Williams\Scoring_20Oct\Raf\DSC_4393.TIF,3,3,1,1,1,0,831,1111,580,860
\\nbi-ufiles\shared\Research-Groups\Mark-Banfield\Josh_Williams\Scoring_20Oct\Raf\DSC_4393.TIF,3,3,1,1,2,0,672,936,852,1116
\\nbi-ufiles\shared\Research-Groups\Mark-Banfield\Josh_Williams\Scoring_20Oct\Raf\DSC_4393.TIF,3,3,1,1,3,4,830,1032,1160,1362
\\nbi-ufiles\shared\Research-Groups\Mark-Banfield\Josh_Williams\Scoring_20Oct\Raf\DSC_4393.TIF,3,3,1,1,4,5,1186,1432,1054,1300
\\nbi-ufiles\shared\Research-Groups\Mark-Banfield\Josh_Williams\Scoring_20Oct\Raf\DSC_4393.TIF,3,3,1,1,5,5,1186,1484,774,1072
\\nbi-ufiles\shared\Research-Groups\Mark-Banfield\Josh_Williams\Scoring_20Oct\Raf\DSC_4393.TIF,3,3,1,1,6,5,1176,1422,484,730
\\nbi-ufiles\shared\Research-Groups\Mark-Banfield\Josh_Williams\Scoring_20Oct\Raf\DSC_4393.TIF,3,3,1,3,1,6,2362,2572,651,861
\\nbi-ufiles\shared\Research-Groups\Mark-Banfield\Josh_Williams\Scoring_20Oct\Raf\DSC_4393.TIF,3,3,1,3,2,0,2150,2450,830,1130
\\nbi-ufiles\shared\Research-Groups\Mark-Banfield\Josh_Williams\Scoring_20Oct\Raf\DSC_4393.TIF,3,3,1,3,3,0,2075,2375,1176,1476
\\nbi-ufiles\shared\Research-Groups\Mark-Banfield\Josh_Williams\Scoring_20Oct\Raf\DSC_4393.TIF,3,3,1,3,4,5,2624,2836,1220,1432
\\nbi-ufiles\shared\Research-Groups\Mark-Banfield\Josh_Williams\Scoring_20Oct\Raf\DSC_4393.TIF,3,3,1,3,5,5,2642,2906,913,1177
\\nbi-ufiles\shared\Research-Groups\Mark-Banfield\Josh_Williams\Scoring_20Oct\Raf\DSC_4393.TIF,3,3,1,3,6,5,2620,2814,702,896
\\nbi-ufiles\shared\Research-Groups\Mark-Banfield\Josh_Williams\Scoring_20Oct\Raf\DSC_4393.TIF,3,3,2,2,1,5,1572,1774,1936,2138
\\nbi-ufiles\shared\Research-Groups\Mark-Banfield\Josh_Williams\Scoring_20Oct\Raf\DSC_4393.TIF,3,3,2,2,2,4,1453,1629,2160,2336
\\nbi-ufiles\shared\Research-Groups\Mark-Banfield\Josh_Williams\Scoring_20Oct\Raf\DSC_4393.TIF,3,3,2,2,3,0,1422,1738,2366,2682
\\nbi-ufiles\shared\Research-Groups\Mark-Banfield\Josh_Williams\Scoring_20Oct\Raf\DSC_4393.TIF,3,3,2,2,4,0,2002,2362,2286,2646
\\nbi-ufiles\shared\Research-Groups\Mark-Banfield\Josh_Williams\Scoring_20Oct\Raf\DSC_4393.TIF,3,3,2,2,5,5,1940,2134,2115,2309
\\nbi-ufiles\shared\Research-Groups\Mark-Banfield\Josh_Williams\Scoring_20Oct\Raf\DSC_4393.TIF,3,3,2,2,6,5,1862,2116,1831,2085
\\nbi-ufiles\shared\Research-Groups\Mark-Banfield\Josh_Williams\Scoring_20Oct\Raf\DSC_4393.TIF,3,3,3,1,1,5,904,1106,3235,3437
\\nbi-ufiles\shared\Research-Groups\Mark-Banfield\Josh_Williams\Scoring_20Oct\Raf\DSC_4393.TIF,3,3,3,1,3,0,642,984,3835,4177
\\nbi-ufiles\shared\Research-Groups\Mark-Banfield\Josh_Williams\Scoring_20Oct\Raf\DSC_4393.TIF,3,3,3,1,4,0,1155,1471,3766,4082
\\nbi-ufiles\shared\Research-Groups\Mark-Banfield\Josh_Williams\Scoring_20Oct\Raf\DSC_4393.TIF,3,3,3,1,5,0,1072,1378,3301,3607
\\nbi-ufiles\shared\Research-Groups\Mark-Banfield\Josh_Williams\Scoring_20Oct\Raf\DSC_4393.TIF,3,3,3,3,1,5,2212,2414,3238,3440
\\nbi-ufiles\shared\Research-Groups\Mark-Banfield\Josh_Williams\Scoring_20Oct\Raf\DSC_4393.TIF,3,3,3,3,2,6,2032,2268,3520,3756
\\nbi-ufiles\shared\Research-Groups\Mark-Banfield\Josh_Williams\Scoring_20Oct\Raf\DSC_4393.TIF,3,3,3,3,3,5,1984,2222,3836,4074
\\nbi-ufiles\shared\Research-Groups\Mark-Banfield\Josh_Williams\Scoring_20Oct\Raf\DSC_4393.TIF,3,3,3,3,4,5,2554,2774,3910,4130
\\nbi-ufiles\shared\Research-Groups\Mark-Banfield\Josh_Williams\Scoring_20Oct\Raf\DSC_4393.TIF,3,3,3,3,5,0,2580,2870,3554,3844
\\nbi-ufiles\shared\Research-Groups\Mark-Banfield\Josh_Williams\Scoring_20Oct\Raf\DSC_4393.TIF,3,3,3,3,6,0,2505,2831,3212,3538
\\nbi-ufiles\shared\Research-Groups\Mark-Banfield\Josh_Williams\Scoring_20Oct\Raf\DSC_4394.TIF,3,3,1,1,1,0,708,988,466,746
\\nbi-ufiles\shared\Research-Groups\Mark-Banfield\Josh_Williams\Scoring_20Oct\Raf\DSC_4394.TIF,3,3,1,1,2,4,624,844,742,962
\\nbi-ufiles\shared\Research-Groups\Mark-Banfield\Josh_Williams\Scoring_20Oct\Raf\DSC_4394.TIF,3,3,1,1,3,5,689,945,992,1248
\\nbi-ufiles\shared\Research-Groups\Mark-Banfield\Josh_Williams\Scoring_20Oct\Raf\DSC_4394.TIF,3,3,1,1,4,5,1062,1308,896,1142
\\nbi-ufiles\shared\Research-Groups\Mark-Banfield\Josh_Williams\Scoring_20Oct\Raf\DSC_4394.TIF,3,3,1,1,5,5,1072,1274,659,861
\\nbi-ufiles\shared\Research-Groups\Mark-Banfield\Josh_Williams\Scoring_20Oct\Raf\DSC_4394.TIF,3,3,1,1,6,0,975,1273,378,676
\\nbi-ufiles\shared\Research-Groups\Mark-Banfield\Josh_Williams\Scoring_20Oct\Raf\DSC_4394.TIF,3,3,1,3,1,0,2292,2546,519,773
\\nbi-ufiles\shared\Research-Groups\Mark-Banfield\Josh_Williams\Scoring_20Oct\Raf\DSC_4394.TIF,3,3,1,3,2,0,2194,2440,790,1036
\\nbi-ufiles\shared\Research-Groups\Mark-Banfield\Josh_Williams\Scoring_20Oct\Raf\DSC_4394.TIF,3,3,1,3,3,4,2336,2510,1086,1260
\\nbi-ufiles\shared\Research-Groups\Mark-Banfield\Josh_Williams\Scoring_20Oct\Raf\DSC_4394.TIF,3,3,1,3,4,5,2660,2888,953,1181
\\nbi-ufiles\shared\Research-Groups\Mark-Banfield\Josh_Williams\Scoring_20Oct\Raf\DSC_4394.TIF,3,3,1,3,5,5,2624,2836,773,985
\\nbi-ufiles\shared\Research-Groups\Mark-Banfield\Josh_Williams\Scoring_20Oct\Raf\DSC_4394.TIF,3,3,1,3,6,5,2580,2808,576,804
\\nbi-ufiles\shared\Research-Groups\Mark-Banfield\Josh_Williams\Scoring_20Oct\Raf\DSC_4394.TIF,3,3,2,2,1,5,1800,1984,1669,1853
\\nbi-ufiles\shared\Research-Groups\Mark-Banfield\Josh_Williams\Scoring_20Oct\Raf\DSC_4394.TIF,3,3,2,2,2,0,1659,1905,1834,2080
\\nbi-ufiles\shared\Research-Groups\Mark-Banfield\Josh_Williams\Scoring_20Oct\Raf\DSC_4394.TIF,3,3,2,2,3,0,1510,1888,2147,2525
\\nbi-ufiles\shared\Research-Groups\Mark-Banfield\Josh_Williams\Scoring_20Oct\Raf\DSC_4394.TIF,3,3,2,2,4,5,2059,2287,2142,2370
\\nbi-ufiles\shared\Research-Groups\Mark-Banfield\Josh_Williams\Scoring_20Oct\Raf\DSC_4394.TIF,3,3,2,2,5,5,2019,2247,1914,2142
\\nbi-ufiles\shared\Research-Groups\Mark-Banfield\Josh_Williams\Scoring_20Oct\Raf\DSC_4394.TIF,3,3,2,2,6,6,2010,2168,1743,1901
\\nbi-ufiles\shared\Research-Groups\Mark-Banfield\Josh_Williams\Scoring_20Oct\Raf\DSC_4394.TIF,3,3,3,1,1,5,576,786,2818,3028
\\nbi-ufiles\shared\Research-Groups\Mark-Banfield\Josh_Williams\Scoring_20Oct\Raf\DSC_4394.TIF,3,3,3,1,2,5,396,606,3046,3256
\\nbi-ufiles\shared\Research-Groups\Mark-Banfield\Josh_Williams\Scoring_20Oct\Raf\DSC_4394.TIF,3,3,3,1,3,0,427,751,3230,3554
\\nbi-ufiles\shared\Research-Groups\Mark-Banfield\Josh_Williams\Scoring_20Oct\Raf\DSC_4394.TIF,3,3,3,1,4,0,948,1230,3282,3564
\\nbi-ufiles\shared\Research-Groups\Mark-Banfield\Josh_Williams\Scoring_20Oct\Raf\DSC_4394.TIF,3,3,3,1,5,5,922,1124,3002,3204
\\nbi-ufiles\shared\Research-Groups\Mark-Banfield\Josh_Williams\Scoring_20Oct\Raf\DSC_4394.TIF,3,3,3,1,6,5,818,1036,2761,2979
\\nbi-ufiles\shared\Research-Groups\Mark-Banfield\Josh_Williams\Scoring_20Oct\Raf\DSC_4394.TIF,3,3,3,3,1,5,1958,2196,3080,3318
\\nbi-ufiles\shared\Research-Groups\Mark-Banfield\Josh_Williams\Scoring_20Oct\Raf\DSC_4394.TIF,3,3,3,3,2,5,1905,2151,3362,3608
\\nbi-ufiles\shared\Research-Groups\Mark-Banfield\Josh_Williams\Scoring_20Oct\Raf\DSC_4394.TIF,3,3,3,3,3,6,1818,2036,3630,3848
\\nbi-ufiles\shared\Research-Groups\Mark-Banfield\Josh_Williams\Scoring_20Oct\Raf\DSC_4394.TIF,3,3,3,3,4,0,2362,2694,3608,3940
\\nbi-ufiles\shared\Research-Groups\Mark-Banfield\Josh_Williams\Scoring_20Oct\Raf\DSC_4394.TIF,3,3,3,3,5,0,2299,2581,3326,3608
\\nbi-ufiles\shared\Research-Groups\Mark-Banfield\Josh_Williams\Scoring_20Oct\Raf\DSC_4394.TIF,3,3,3,3,6,6,2274,2484,3090,3300
\\nbi-ufiles\shared\Research-Groups\Mark-Banfield\Josh_Williams\Scoring_20Oct\Raf\DSC_4542.TIF,3,3,1,1,1,4,422,642,396,616
\\nbi-ufiles\shared\Research-Groups\Mark-Banfield\Josh_Williams\Scoring_20Oct\Raf\DSC_4542.TIF,3,3,1,1,2,4,299,537,650,888
\\nbi-ufiles\shared\Research-Groups\Mark-Banfield\Josh_Williams\Scoring_20Oct\Raf\DSC_4542.TIF,3,3,1,1,3,0,274,536,936,1198
\\nbi-ufiles\shared\Research-Groups\Mark-Banfield\Josh_Williams\Scoring_20Oct\Raf\DSC_4542.TIF,3,3,1,1,4,0,834,1194,874,1234
\\nbi-ufiles\shared\Research-Groups\Mark-Banfield\Josh_Williams\Scoring_20Oct\Raf\DSC_4542.TIF,3,3,1,1,5,4,738,966,572,800
\\nbi-ufiles\shared\Research-Groups\Mark-Banfield\Josh_Williams\Scoring_20Oct\Raf\DSC_4542.TIF,3,3,1,1,6,4,694,870,334,510
\\nbi-ufiles\shared\Research-Groups\Mark-Banfield\Josh_Williams\Scoring_20Oct\Raf\DSC_4542.TIF,3,3,1,3,1,4,1958,2150,371,563
\\nbi-ufiles\shared\Research-Groups\Mark-Banfield\Josh_Williams\Scoring_20Oct\Raf\DSC_4542.TIF,3,3,1,3,2,3,1834,2046,588,800
\\nbi-ufiles\shared\Research-Groups\Mark-Banfield\Josh_Williams\Scoring_20Oct\Raf\DSC_4542.TIF,3,3,1,3,3,1,1800,2054,830,1084
\\nbi-ufiles\shared\Research-Groups\Mark-Banfield\Josh_Williams\Scoring_20Oct\Raf\DSC_4542.TIF,3,3,1,3,4,0,2318,2598,831,1111
\\nbi-ufiles\shared\Research-Groups\Mark-Banfield\Josh_Williams\Scoring_20Oct\Raf\DSC_4542.TIF,3,3,1,3,5,0,2282,2572,558,848
\\nbi-ufiles\shared\Research-Groups\Mark-Banfield\Josh_Williams\Scoring_20Oct\Raf\DSC_4542.TIF,3,3,1,3,6,3,2178,2362,326,510
\\nbi-ufiles\shared\Research-Groups\Mark-Banfield\Josh_Williams\Scoring_20Oct\Raf\DSC_4542.TIF,3,3,2,2,1,3,1248,1458,1756,1966
\\nbi-ufiles\shared\Research-Groups\Mark-Banfield\Josh_Williams\Scoring_20Oct\Raf\DSC_4542.TIF,3,3,2,2,2,3,1124,1370,2032,2278
\\nbi-ufiles\shared\Research-Groups\Mark-Banfield\Josh_Williams\Scoring_20Oct\Raf\DSC_4542.TIF,3,3,2,2,3,3,1274,1536,2354,2616
\\nbi-ufiles\shared\Research-Groups\Mark-Banfield\Josh_Williams\Scoring_20Oct\Raf\DSC_4542.TIF,3,3,2,2,4,3,1694,1958,2221,2485
\\nbi-ufiles\shared\Research-Groups\Mark-Banfield\Josh_Williams\Scoring_20Oct\Raf\DSC_4542.TIF,3,3,2,2,5,0,1634,1888,1848,2102
\\nbi-ufiles\shared\Research-Groups\Mark-Banfield\Josh_Williams\Scoring_20Oct\Raf\DSC_4542.TIF,3,3,2,2,6,0,1492,1774,1593,1875
\\nbi-ufiles\shared\Research-Groups\Mark-Banfield\Josh_Williams\Scoring_20Oct\Raf\DSC_4542.TIF,3,3,3,1,1,0,616,914,2967,3265
\\nbi-ufiles\shared\Research-Groups\Mark-Banfield\Josh_Williams\Scoring_20Oct\Raf\DSC_4542.TIF,3,3,3,1,2,4,474,720,3243,3489
\\nbi-ufiles\shared\Research-Groups\Mark-Banfield\Josh_Williams\Scoring_20Oct\Raf\DSC_4542.TIF,3,3,3,1,3,3,440,694,3603,3857
\\nbi-ufiles\shared\Research-Groups\Mark-Banfield\Josh_Williams\Scoring_20Oct\Raf\DSC_4542.TIF,3,3,3,1,4,3,1054,1282,3485,3713
\\nbi-ufiles\shared\Research-Groups\Mark-Banfield\Josh_Williams\Scoring_20Oct\Raf\DSC_4542.TIF,3,3,3,1,5,1,992,1256,3186,3450
\\nbi-ufiles\shared\Research-Groups\Mark-Banfield\Josh_Williams\Scoring_20Oct\Raf\DSC_4542.TIF,3,3,3,1,6,0,940,1238,2901,3199
\\nbi-ufiles\shared\Research-Groups\Mark-Banfield\Josh_Williams\Scoring_20Oct\Raf\DSC_4542.TIF,3,3,3,3,1,0,2010,2300,2874,3164
\\nbi-ufiles\shared\Research-Groups\Mark-Banfield\Josh_Williams\Scoring_20Oct\Raf\DSC_4542.TIF,3,3,3,3,2,0,1909,2199,3168,3458
\\nbi-ufiles\shared\Research-Groups\Mark-Banfield\Josh_Williams\Scoring_20Oct\Raf\DSC_4542.TIF,3,3,3,3,3,1,1906,2160,3512,3766
\\nbi-ufiles\shared\Research-Groups\Mark-Banfield\Josh_Williams\Scoring_20Oct\Raf\DSC_4542.TIF,3,3,3,3,4,3,2388,2580,3450,3642
\\nbi-ufiles\shared\Research-Groups\Mark-Banfield\Josh_Williams\Scoring_20Oct\Raf\DSC_4542.TIF,3,3,3,3,5,3,2388,2606,3196,3414
\\nbi-ufiles\shared\Research-Groups\Mark-Banfield\Josh_Williams\Scoring_20Oct\Raf\DSC_4542.TIF,3,3,3,3,6,3,2370,2572,2953,3155
\\nbi-ufiles\shared\Research-Groups\Mark-Banfield\Josh_Williams\Scoring_20Oct\Raf\DSC_4547.TIF,3,3,1,1,1,4,422,668,532,778
\\nbi-ufiles\shared\Research-Groups\Mark-Banfield\Josh_Williams\Scoring_20Oct\Raf\DSC_4547.TIF,3,3,1,1,2,4,383,603,852,1072
\\nbi-ufiles\shared\Research-Groups\Mark-Banfield\Josh_Williams\Scoring_20Oct\Raf\DSC_4547.TIF,3,3,1,1,3,0,430,668,1102,1340
\\nbi-ufiles\shared\Research-Groups\Mark-Banfield\Josh_Williams\Scoring_20Oct\Raf\DSC_4547.TIF,3,3,1,1,4,0,844,1220,919,1295
\\nbi-ufiles\shared\Research-Groups\Mark-Banfield\Josh_Williams\Scoring_20Oct\Raf\DSC_4547.TIF,3,3,1,1,5,3,976,1204,646,874
\\nbi-ufiles\shared\Research-Groups\Mark-Banfield\Josh_Williams\Scoring_20Oct\Raf\DSC_4547.TIF,3,3,1,1,6,3,782,1010,470,698
\\nbi-ufiles\shared\Research-Groups\Mark-Banfield\Josh_Williams\Scoring_20Oct\Raf\DSC_4547.TIF,3,3,1,3,1,0,1748,1976,506,734
\\nbi-ufiles\shared\Research-Groups\Mark-Banfield\Josh_Williams\Scoring_20Oct\Raf\DSC_4547.TIF,3,3,1,3,2,3,1624,1852,782,1010
\\nbi-ufiles\shared\Research-Groups\Mark-Banfield\Josh_Williams\Scoring_20Oct\Raf\DSC_4547.TIF,3,3,1,3,3,2,1668,1906,1133,1371
\\nbi-ufiles\shared\Research-Groups\Mark-Banfield\Josh_Williams\Scoring_20Oct\Raf\DSC_4547.TIF,3,3,1,3,4,2,2218,2436,1072,1290
\\nbi-ufiles\shared\Research-Groups\Mark-Banfield\Josh_Williams\Scoring_20Oct\Raf\DSC_4547.TIF,3,3,1,3,5,3,2204,2440,734,970
\\nbi-ufiles\shared\Research-Groups\Mark-Banfield\Josh_Williams\Scoring_20Oct\Raf\DSC_4547.TIF,3,3,1,3,6,0,2098,2336,469,707
\\nbi-ufiles\shared\Research-Groups\Mark-Banfield\Josh_Williams\Scoring_20Oct\Raf\DSC_4547.TIF,3,3,2,2,1,0,1230,1510,1708,1988
\\nbi-ufiles\shared\Research-Groups\Mark-Banfield\Josh_Williams\Scoring_20Oct\Raf\DSC_4547.TIF,3,3,2,2,2,0,1106,1388,1948,2230
\\nbi-ufiles\shared\Research-Groups\Mark-Banfield\Josh_Williams\Scoring_20Oct\Raf\DSC_4547.TIF,3,3,2,2,3,1,1072,1274,2274,2476
\\nbi-ufiles\shared\Research-Groups\Mark-Banfield\Josh_Williams\Scoring_20Oct\Raf\DSC_4547.TIF,3,3,2,2,4,4,1524,1760,1774,2010
\\nbi-ufiles\shared\Research-Groups\Mark-Banfield\Josh_Williams\Scoring_20Oct\Raf\DSC_4547.TIF,3,3,2,2,5,3,1567,1743,2028,2204
\\nbi-ufiles\shared\Research-Groups\Mark-Banfield\Josh_Williams\Scoring_20Oct\Raf\DSC_4547.TIF,3,3,2,2,6,3,1492,1686,2290,2484
\\nbi-ufiles\shared\Research-Groups\Mark-Banfield\Josh_Williams\Scoring_20Oct\Raf\DSC_4547.TIF,3,3,3,1,1,3,546,782,3139,3375
\\nbi-ufiles\shared\Research-Groups\Mark-Banfield\Josh_Williams\Scoring_20Oct\Raf\DSC_4547.TIF,3,3,3,1,2,0,448,756,3365,3673
\\nbi-ufiles\shared\Research-Groups\Mark-Banfield\Josh_Williams\Scoring_20Oct\Raf\DSC_4547.TIF,3,3,3,1,3,0,360,668,3620,3928
\\nbi-ufiles\shared\Research-Groups\Mark-Banfield\Josh_Williams\Scoring_20Oct\Raf\DSC_4547.TIF,3,3,3,1,4,2,932,1186,3555,3809
\\nbi-ufiles\shared\Research-Groups\Mark-Banfield\Josh_Williams\Scoring_20Oct\Raf\DSC_4547.TIF,3,3,3,1,5,4,870,1062,3380,3572
\\nbi-ufiles\shared\Research-Groups\Mark-Banfield\Josh_Williams\Scoring_20Oct\Raf\DSC_4547.TIF,3,3,3,1,6,4,844,1036,3143,3335
\\nbi-ufiles\shared\Research-Groups\Mark-Banfield\Josh_Williams\Scoring_20Oct\Raf\DSC_4547.TIF,3,3,3,3,1,3,2134,2352,3165,3383
\\nbi-ufiles\shared\Research-Groups\Mark-Banfield\Josh_Williams\Scoring_20Oct\Raf\DSC_4547.TIF,3,3,3,3,2,4,1966,2168,3370,3572
\\nbi-ufiles\shared\Research-Groups\Mark-Banfield\Josh_Williams\Scoring_20Oct\Raf\DSC_4547.TIF,3,3,3,3,3,2,1966,2168,3656,3858
\\nbi-ufiles\shared\Research-Groups\Mark-Banfield\Josh_Williams\Scoring_20Oct\Raf\DSC_4547.TIF,3,3,3,3,4,0,2476,2748,3652,3924
\\nbi-ufiles\shared\Research-Groups\Mark-Banfield\Josh_Williams\Scoring_20Oct\Raf\DSC_4547.TIF,3,3,3,3,5,0,2441,2695,3336,3590
\\nbi-ufiles\shared\Research-Groups\Mark-Banfield\Josh_Williams\Scoring_20Oct\Raf\DSC_4547.TIF,3,3,3,3,6,2,2353,2545,3108,3300
\\nbi-ufiles\shared\Research-Groups\Mark-Banfield\Josh_Williams\Scoring_20Oct\Raf\DSC_5085.TIF,3,3,1,2,1,2,1432,1704,238,510
\\nbi-ufiles\shared\Research-Groups\Mark-Banfield\Josh_Williams\Scoring_20Oct\Raf\DSC_5085.TIF,3,3,1,2,2,4,1264,1590,523,849
\\nbi-ufiles\shared\Research-Groups\Mark-Banfield\Josh_Williams\Scoring_20Oct\Raf\DSC_5085.TIF,3,3,1,2,3,0,1198,1558,966,1326
\\nbi-ufiles\shared\Research-Groups\Mark-Banfield\Josh_Williams\Scoring_20Oct\Raf\DSC_5085.TIF,3,3,1,2,4,0,1870,2256,967,1353
\\nbi-ufiles\shared\Research-Groups\Mark-Banfield\Josh_Williams\Scoring_20Oct\Raf\DSC_5085.TIF,3,3,1,2,5,0,1852,2204,562,914
\\nbi-ufiles\shared\Research-Groups\Mark-Banfield\Josh_Williams\Scoring_20Oct\Raf\DSC_5085.TIF,3,3,1,2,6,3,1738,2002,264,528
\\nbi-ufiles\shared\Research-Groups\Mark-Banfield\Josh_Williams\Scoring_20Oct\Raf\DSC_5085.TIF,3,3,2,1,1,1,509,739,1290,1520
\\nbi-ufiles\shared\Research-Groups\Mark-Banfield\Josh_Williams\Scoring_20Oct\Raf\DSC_5085.TIF,3,3,2,1,2,0,334,616,1602,1884
\\nbi-ufiles\shared\Research-Groups\Mark-Banfield\Josh_Williams\Scoring_20Oct\Raf\DSC_5085.TIF,3,3,2,1,3,0,343,641,1896,2194
\\nbi-ufiles\shared\Research-Groups\Mark-Banfield\Josh_Williams\Scoring_20Oct\Raf\DSC_5085.TIF,3,3,2,1,4,3,904,1212,1869,2177
\\nbi-ufiles\shared\Research-Groups\Mark-Banfield\Josh_Williams\Scoring_20Oct\Raf\DSC_5085.TIF,3,3,2,1,5,0,878,1212,1475,1809
\\nbi-ufiles\shared\Research-Groups\Mark-Banfield\Josh_Williams\Scoring_20Oct\Raf\DSC_5085.TIF,3,3,2,1,6,6,764,1018,1239,1493
\\nbi-ufiles\shared\Research-Groups\Mark-Banfield\Josh_Williams\Scoring_20Oct\Raf\DSC_5085.TIF,3,3,2,3,1,1,2134,2414,1572,1852
\\nbi-ufiles\shared\Research-Groups\Mark-Banfield\Josh_Williams\Scoring_20Oct\Raf\DSC_5085.TIF,3,3,2,3,2,0,1976,2274,1892,2190
\\nbi-ufiles\shared\Research-Groups\Mark-Banfield\Josh_Williams\Scoring_20Oct\Raf\DSC_5085.TIF,3,3,2,3,3,4,1940,2274,2238,2572
\\nbi-ufiles\shared\Research-Groups\Mark-Banfield\Josh_Williams\Scoring_20Oct\Raf\DSC_5085.TIF,3,3,2,3,4,0,2554,2870,2186,2502
\\nbi-ufiles\shared\Research-Groups\Mark-Banfield\Josh_Williams\Scoring_20Oct\Raf\DSC_5085.TIF,3,3,2,3,5,3,2590,2888,1870,2168
\\nbi-ufiles\shared\Research-Groups\Mark-Banfield\Josh_Williams\Scoring_20Oct\Raf\DSC_5085.TIF,3,3,2,3,6,3,2406,2712,1568,1874
\\nbi-ufiles\shared\Research-Groups\Mark-Banfield\Josh_Williams\Scoring_20Oct\Raf\DSC_5085.TIF,3,3,3,1,1,3,852,1090,2818,3056
\\nbi-ufiles\shared\Research-Groups\Mark-Banfield\Josh_Williams\Scoring_20Oct\Raf\DSC_5085.TIF,3,3,3,1,2,2,712,1028,3050,3366
\\nbi-ufiles\shared\Research-Groups\Mark-Banfield\Josh_Williams\Scoring_20Oct\Raf\DSC_5085.TIF,3,3,3,1,3,4,650,992,3445,3787
\\nbi-ufiles\shared\Research-Groups\Mark-Banfield\Josh_Williams\Scoring_20Oct\Raf\DSC_5085.TIF,3,3,3,1,4,0,1274,1590,3436,3752
\\nbi-ufiles\shared\Research-Groups\Mark-Banfield\Josh_Williams\Scoring_20Oct\Raf\DSC_5085.TIF,3,3,3,1,5,1,1220,1572,3015,3367
\\nbi-ufiles\shared\Research-Groups\Mark-Banfield\Josh_Williams\Scoring_20Oct\Raf\DSC_5085.TIF,3,3,3,1,6,4,1072,1440,2713,3081
\\nbi-ufiles\shared\Research-Groups\Mark-Banfield\Josh_Williams\Scoring_20Oct\Raf\DSC_5085.TIF,3,3,3,3,1,2,2238,2590,3015,3367
\\nbi-ufiles\shared\Research-Groups\Mark-Banfield\Josh_Williams\Scoring_20Oct\Raf\DSC_5085.TIF,3,3,3,3,2,4,2036,2352,3415,3731
\\nbi-ufiles\shared\Research-Groups\Mark-Banfield\Josh_Williams\Scoring_20Oct\Raf\DSC_5085.TIF,3,3,3,3,3,0,2037,2327,3766,4056
\\nbi-ufiles\shared\Research-Groups\Mark-Banfield\Josh_Williams\Scoring_20Oct\Raf\DSC_5085.TIF,3,3,3,3,4,0,2678,3038,3787,4147
\\nbi-ufiles\shared\Research-Groups\Mark-Banfield\Josh_Williams\Scoring_20Oct\Raf\DSC_5085.TIF,3,3,3,3,5,4,2718,3068,3468,3818
\\nbi-ufiles\shared\Research-Groups\Mark-Banfield\Josh_Williams\Scoring_20Oct\Raf\DSC_5085.TIF,3,3,3,3,6,0,2602,2972,3054,3424
\\nbi-ufiles\shared\Research-Groups\Mark-Banfield\Josh_Williams\Scoring_20Oct\Raf\DSC_5087.TIF,3,3,1,2,1,4,1612,1866,616,870
\\nbi-ufiles\shared\Research-Groups\Mark-Banfield\Josh_Williams\Scoring_20Oct\Raf\DSC_5087.TIF,3,3,1,2,2,0,1458,1756,813,1111
\\nbi-ufiles\shared\Research-Groups\Mark-Banfield\Josh_Williams\Scoring_20Oct\Raf\DSC_5087.TIF,3,3,1,2,3,0,1453,1769,1054,1370
\\nbi-ufiles\shared\Research-Groups\Mark-Banfield\Josh_Williams\Scoring_20Oct\Raf\DSC_5087.TIF,3,3,1,2,4,1,1878,2160,1172,1454
\\nbi-ufiles\shared\Research-Groups\Mark-Banfield\Josh_Williams\Scoring_20Oct\Raf\DSC_5087.TIF,3,3,1,2,5,0,1950,2274,821,1145
\\nbi-ufiles\shared\Research-Groups\Mark-Banfield\Josh_Williams\Scoring_20Oct\Raf\DSC_5087.TIF,3,3,1,2,6,2,1913,2151,580,818
\\nbi-ufiles\shared\Research-Groups\Mark-Banfield\Josh_Williams\Scoring_20Oct\Raf\DSC_5087.TIF,3,3,2,1,1,5,1054,1308,1462,1716
\\nbi-ufiles\shared\Research-Groups\Mark-Banfield\Josh_Williams\Scoring_20Oct\Raf\DSC_5087.TIF,3,3,2,1,2,0,773,1079,1730,2036
\\nbi-ufiles\shared\Research-Groups\Mark-Banfield\Josh_Williams\Scoring_20Oct\Raf\DSC_5087.TIF,3,3,2,1,3,0,800,1142,2081,2423
\\nbi-ufiles\shared\Research-Groups\Mark-Banfield\Josh_Williams\Scoring_20Oct\Raf\DSC_5087.TIF,3,3,2,1,4,0,1334,1694,2063,2423
\\nbi-ufiles\shared\Research-Groups\Mark-Banfield\Josh_Williams\Scoring_20Oct\Raf\DSC_5087.TIF,3,3,2,1,5,0,1308,1616,1782,2090
\\nbi-ufiles\shared\Research-Groups\Mark-Banfield\Josh_Williams\Scoring_20Oct\Raf\DSC_5087.TIF,3,3,2,1,6,5,1286,1506,1580,1800
\\nbi-ufiles\shared\Research-Groups\Mark-Banfield\Josh_Williams\Scoring_20Oct\Raf\DSC_5087.TIF,3,3,2,3,1,5,2305,2603,1422,1720
\\nbi-ufiles\shared\Research-Groups\Mark-Banfield\Josh_Williams\Scoring_20Oct\Raf\DSC_5087.TIF,3,3,2,3,2,0,2194,2546,1760,2112
\\nbi-ufiles\shared\Research-Groups\Mark-Banfield\Josh_Williams\Scoring_20Oct\Raf\DSC_5087.TIF,3,3,2,3,3,0,2093,2437,2150,2494
\\nbi-ufiles\shared\Research-Groups\Mark-Banfield\Josh_Williams\Scoring_20Oct\Raf\DSC_5087.TIF,3,3,2,3,4,0,2766,3098,2125,2457
\\nbi-ufiles\shared\Research-Groups\Mark-Banfield\Josh_Williams\Scoring_20Oct\Raf\DSC_5087.TIF,3,3,2,3,5,0,2757,3081,1774,2098
\\nbi-ufiles\shared\Research-Groups\Mark-Banfield\Josh_Williams\Scoring_20Oct\Raf\DSC_5087.TIF,3,3,2,3,6,4,2638,2954,1388,1704
\\nbi-ufiles\shared\Research-Groups\Mark-Banfield\Josh_Williams\Scoring_20Oct\Raf\DSC_5087.TIF,3,3,3,1,1,4,988,1226,2808,3046
\\nbi-ufiles\shared\Research-Groups\Mark-Banfield\Josh_Williams\Scoring_20Oct\Raf\DSC_5087.TIF,3,3,3,1,2,0,790,1098,3055,3363
\\nbi-ufiles\shared\Research-Groups\Mark-Banfield\Josh_Williams\Scoring_20Oct\Raf\DSC_5087.TIF,3,3,3,1,3,0,774,1098,3384,3708
\\nbi-ufiles\shared\Research-Groups\Mark-Banfield\Josh_Williams\Scoring_20Oct\Raf\DSC_5087.TIF,3,3,3,1,4,1,1414,1756,3414,3756
\\nbi-ufiles\shared\Research-Groups\Mark-Banfield\Josh_Williams\Scoring_20Oct\Raf\DSC_5087.TIF,3,3,3,1,5,1,1370,1694,3033,3357
\\nbi-ufiles\shared\Research-Groups\Mark-Banfield\Josh_Williams\Scoring_20Oct\Raf\DSC_5087.TIF,3,3,3,1,6,3,1248,1510,2792,3054
\\nbi-ufiles\shared\Research-Groups\Mark-Banfield\Josh_Williams\Scoring_20Oct\Raf\DSC_5087.TIF,3,3,3,3,1,3,2264,2520,2835,3091
\\nbi-ufiles\shared\Research-Groups\Mark-Banfield\Josh_Williams\Scoring_20Oct\Raf\DSC_5087.TIF,3,3,3,3,2,4,2106,2414,3164,3472
\\nbi-ufiles\shared\Research-Groups\Mark-Banfield\Josh_Williams\Scoring_20Oct\Raf\DSC_5087.TIF,3,3,3,3,3,1,2050,2358,3590,3898
\\nbi-ufiles\shared\Research-Groups\Mark-Banfield\Josh_Williams\Scoring_20Oct\Raf\DSC_5087.TIF,3,3,3,3,4,4,2766,3046,3476,3756
\\nbi-ufiles\shared\Research-Groups\Mark-Banfield\Josh_Williams\Scoring_20Oct\Raf\DSC_5087.TIF,3,3,3,3,5,0,2686,3054,3077,3445
\\nbi-ufiles\shared\Research-Groups\Mark-Banfield\Josh_Williams\Scoring_20Oct\Raf\DSC_5087.TIF,3,3,3,3,6,2,2581,2843,2836,3098
\\nbi-ufiles\shared\Research-Groups\Mark-Banfield\Josh_Williams\Scoring_20Oct\Raf\DSC_5088.TIF,3,3,1,2,1,4,1492,1756,544,808
\\nbi-ufiles\shared\Research-Groups\Mark-Banfield\Josh_Williams\Scoring_20Oct\Raf\DSC_5088.TIF,3,3,1,2,2,0,1352,1624,830,1102
\\nbi-ufiles\shared\Research-Groups\Mark-Banfield\Josh_Williams\Scoring_20Oct\Raf\DSC_5088.TIF,3,3,1,2,3,4,1352,1660,1172,1480
\\nbi-ufiles\shared\Research-Groups\Mark-Banfield\Josh_Williams\Scoring_20Oct\Raf\DSC_5088.TIF,3,3,1,2,4,0,1966,2292,1067,1393
\\nbi-ufiles\shared\Research-Groups\Mark-Banfield\Josh_Williams\Scoring_20Oct\Raf\DSC_5088.TIF,3,3,1,2,5,0,1966,2308,711,1053
\\nbi-ufiles\shared\Research-Groups\Mark-Banfield\Josh_Williams\Scoring_20Oct\Raf\DSC_5088.TIF,3,3,1,2,6,0,1862,2116,448,702
\\nbi-ufiles\shared\Research-Groups\Mark-Banfield\Josh_Williams\Scoring_20Oct\Raf\DSC_5088.TIF,3,3,2,1,1,5,834,1080,1550,1796
\\nbi-ufiles\shared\Research-Groups\Mark-Banfield\Josh_Williams\Scoring_20Oct\Raf\DSC_5088.TIF,3,3,2,1,2,0,650,966,1874,2190
\\nbi-ufiles\shared\Research-Groups\Mark-Banfield\Josh_Williams\Scoring_20Oct\Raf\DSC_5088.TIF,3,3,2,1,3,0,660,966,2235,2541
\\nbi-ufiles\shared\Research-Groups\Mark-Banfield\Josh_Williams\Scoring_20Oct\Raf\DSC_5088.TIF,3,3,2,1,4,0,1352,1694,2151,2493
\\nbi-ufiles\shared\Research-Groups\Mark-Banfield\Josh_Williams\Scoring_20Oct\Raf\DSC_5088.TIF,3,3,2,1,5,3,1274,1632,1748,2106
\\nbi-ufiles\shared\Research-Groups\Mark-Banfield\Josh_Williams\Scoring_20Oct\Raf\DSC_5088.TIF,3,3,2,1,6,2,1098,1370,1497,1769
\\nbi-ufiles\shared\Research-Groups\Mark-Banfield\Josh_Williams\Scoring_20Oct\Raf\DSC_5088.TIF,3,3,2,3,1,1,2248,2598,1519,1869
\\nbi-ufiles\shared\Research-Groups\Mark-Banfield\Josh_Williams\Scoring_20Oct\Raf\DSC_5088.TIF,3,3,2,3,2,0,2090,2432,1866,2208
\\nbi-ufiles\shared\Research-Groups\Mark-Banfield\Josh_Williams\Scoring_20Oct\Raf\DSC_5088.TIF,3,3,2,3,3,4,2134,2466,2248,2580
\\nbi-ufiles\shared\Research-Groups\Mark-Banfield\Josh_Williams\Scoring_20Oct\Raf\DSC_5088.TIF,3,3,2,3,4,2,2782,3116,2151,2485
\\nbi-ufiles\shared\Research-Groups\Mark-Banfield\Josh_Williams\Scoring_20Oct\Raf\DSC_5088.TIF,3,3,2,3,5,0,2822,3138,1818,2134
\\nbi-ufiles\shared\Research-Groups\Mark-Banfield\Josh_Williams\Scoring_20Oct\Raf\DSC_5088.TIF,3,3,2,3,6,0,2660,2976,1537,1853
\\nbi-ufiles\shared\Research-Groups\Mark-Banfield\Josh_Williams\Scoring_20Oct\Raf\DSC_5088.TIF,3,3,3,1,1,4,870,1176,3086,3392
\\nbi-ufiles\shared\Research-Groups\Mark-Banfield\Josh_Williams\Scoring_20Oct\Raf\DSC_5088.TIF,3,3,3,1,2,3,774,1072,3375,3673
\\nbi-ufiles\shared\Research-Groups\Mark-Banfield\Josh_Williams\Scoring_20Oct\Raf\DSC_5088.TIF,3,3,3,1,3,0,796,1076,3748,4028
\\nbi-ufiles\shared\Research-Groups\Mark-Banfield\Josh_Williams\Scoring_20Oct\Raf\DSC_5088.TIF,3,3,3,1,4,2,1466,1764,3735,4033
\\nbi-ufiles\shared\Research-Groups\Mark-Banfield\Josh_Williams\Scoring_20Oct\Raf\DSC_5088.TIF,3,3,3,1,5,1,1484,1844,3266,3626
\\nbi-ufiles\shared\Research-Groups\Mark-Banfield\Josh_Williams\Scoring_20Oct\Raf\DSC_5088.TIF,3,3,3,1,6,1,1326,1642,2980,3296
\\nbi-ufiles\shared\Research-Groups\Mark-Banfield\Josh_Williams\Scoring_20Oct\Raf\DSC_5088.TIF,3,3,3,3,1,4,2260,2550,3204,3494
\\nbi-ufiles\shared\Research-Groups\Mark-Banfield\Josh_Williams\Scoring_20Oct\Raf\DSC_5088.TIF,3,3,3,3,2,2,2116,2414,3524,3822
\\nbi-ufiles\shared\Research-Groups\Mark-Banfield\Josh_Williams\Scoring_20Oct\Raf\DSC_5088.TIF,3,3,3,3,3,1,2194,2440,3914,4160
\\nbi-ufiles\shared\Research-Groups\Mark-Banfield\Josh_Williams\Scoring_20Oct\Raf\DSC_5088.TIF,3,3,3,3,4,0,2835,3143,3888,4196
\\nbi-ufiles\shared\Research-Groups\Mark-Banfield\Josh_Williams\Scoring_20Oct\Raf\DSC_5088.TIF,3,3,3,3,5,0,2813,3129,3494,3810
\\nbi-ufiles\shared\Research-Groups\Mark-Banfield\Josh_Williams\Scoring_20Oct\Raf\DSC_5088.TIF,3,3,3,3,6,0,2616,2958,3156,3498
\\nbi-ufiles\shared\Research-Groups\Mark-Banfield\Josh_Williams\Scoring_20Oct\Raf\DSC_6261.tif,2,3,1,2,1,5,1510,1764,2098,2352
\\nbi-ufiles\shared\Research-Groups\Mark-Banfield\Josh_Williams\Scoring_20Oct\Raf\DSC_6261.tif,2,3,1,2,2,0,1388,1774,2436,2822
\\nbi-ufiles\shared\Research-Groups\Mark-Banfield\Josh_Williams\Scoring_20Oct\Raf\DSC_6261.tif,2,3,1,2,3,5,1984,2290,2450,2756
\\nbi-ufiles\shared\Research-Groups\Mark-Banfield\Josh_Williams\Scoring_20Oct\Raf\DSC_6261.tif,2,3,1,2,4,5,1862,2168,2090,2396
\\nbi-ufiles\shared\Research-Groups\Mark-Banfield\Josh_Williams\Scoring_20Oct\Raf\DSC_6261.tif,2,3,2,1,1,5,764,1046,3273,3555
\\nbi-ufiles\shared\Research-Groups\Mark-Banfield\Josh_Williams\Scoring_20Oct\Raf\DSC_6261.tif,2,3,2,1,2,0,611,971,3616,3976
\\nbi-ufiles\shared\Research-Groups\Mark-Banfield\Josh_Williams\Scoring_20Oct\Raf\DSC_6261.tif,2,3,2,1,3,6,1146,1408,3608,3870
\\nbi-ufiles\shared\Research-Groups\Mark-Banfield\Josh_Williams\Scoring_20Oct\Raf\DSC_6261.tif,2,3,2,1,4,5,1028,1318,3208,3498
\\nbi-ufiles\shared\Research-Groups\Mark-Banfield\Josh_Williams\Scoring_20Oct\Raf\DSC_6261.tif,2,3,2,3,1,5,2142,2510,3423,3791
\\nbi-ufiles\shared\Research-Groups\Mark-Banfield\Josh_Williams\Scoring_20Oct\Raf\DSC_6261.tif,2,3,2,3,2,0,2010,2388,3896,4274
\\nbi-ufiles\shared\Research-Groups\Mark-Banfield\Josh_Williams\Scoring_20Oct\Raf\DSC_6261.tif,2,3,2,3,3,6,2616,2906,3893,4183
\\nbi-ufiles\shared\Research-Groups\Mark-Banfield\Josh_Williams\Scoring_20Oct\Raf\DSC_6261.tif,2,3,2,3,4,5,2577,2883,3468,3774
\\nbi-ufiles\shared\Research-Groups\Mark-Banfield\Josh_Williams\Scoring_20Oct\Raf\DSC_6339.tif,3,3,1,1,1,4,440,624,502,686
\\nbi-ufiles\shared\Research-Groups\Mark-Banfield\Josh_Williams\Scoring_20Oct\Raf\DSC_6339.tif,3,3,1,1,2,4,430,632,703,905
\\nbi-ufiles\shared\Research-Groups\Mark-Banfield\Josh_Williams\Scoring_20Oct\Raf\DSC_6339.tif,3,3,1,1,3,0,370,616,914,1160
\\nbi-ufiles\shared\Research-Groups\Mark-Banfield\Josh_Williams\Scoring_20Oct\Raf\DSC_6339.tif,3,3,1,1,4,0,860,1116,821,1077
\\nbi-ufiles\shared\Research-Groups\Mark-Banfield\Josh_Williams\Scoring_20Oct\Raf\DSC_6339.tif,3,3,1,1,5,0,734,1014,546,826
\\nbi-ufiles\shared\Research-Groups\Mark-Banfield\Josh_Williams\Scoring_20Oct\Raf\DSC_6339.tif,3,3,1,1,6,0,642,922,335,615
\\nbi-ufiles\shared\Research-Groups\Mark-Banfield\Josh_Williams\Scoring_20Oct\Raf\DSC_6339.tif,3,3,1,3,1,0,1870,2098,348,576
\\nbi-ufiles\shared\Research-Groups\Mark-Banfield\Josh_Williams\Scoring_20Oct\Raf\DSC_6339.tif,3,3,1,3,2,4,1826,2046,681,901
\\nbi-ufiles\shared\Research-Groups\Mark-Banfield\Josh_Williams\Scoring_20Oct\Raf\DSC_6339.tif,3,3,1,3,3,2,1800,2010,940,1150
\\nbi-ufiles\shared\Research-Groups\Mark-Banfield\Josh_Williams\Scoring_20Oct\Raf\DSC_6339.tif,3,3,1,3,4,0,2230,2520,847,1137
\\nbi-ufiles\shared\Research-Groups\Mark-Banfield\Josh_Williams\Scoring_20Oct\Raf\DSC_6339.tif,3,3,1,3,5,0,2194,2510,523,839
\\nbi-ufiles\shared\Research-Groups\Mark-Banfield\Josh_Williams\Scoring_20Oct\Raf\DSC_6339.tif,3,3,1,3,6,0,2160,2362,325,527
\\nbi-ufiles\shared\Research-Groups\Mark-Banfield\Josh_Williams\Scoring_20Oct\Raf\DSC_6339.tif,3,3,2,2,1,0,1238,1484,1664,1910
\\nbi-ufiles\shared\Research-Groups\Mark-Banfield\Josh_Williams\Scoring_20Oct\Raf\DSC_6339.tif,3,3,2,2,2,0,1132,1432,1873,2173
\\nbi-ufiles\shared\Research-Groups\Mark-Banfield\Josh_Williams\Scoring_20Oct\Raf\DSC_6339.tif,3,3,2,2,3,3,1212,1440,2222,2450
\\nbi-ufiles\shared\Research-Groups\Mark-Banfield\Josh_Williams\Scoring_20Oct\Raf\DSC_6339.tif,3,3,2,2,4,3,1606,1862,2203,2459
\\nbi-ufiles\shared\Research-Groups\Mark-Banfield\Josh_Williams\Scoring_20Oct\Raf\DSC_6339.tif,3,3,2,2,5,0,1520,1844,1857,2181
\\nbi-ufiles\shared\Research-Groups\Mark-Banfield\Josh_Williams\Scoring_20Oct\Raf\DSC_6339.tif,3,3,2,2,6,0,1510,1730,1668,1888
\\nbi-ufiles\shared\Research-Groups\Mark-Banfield\Josh_Williams\Scoring_20Oct\Raf\DSC_6339.tif,3,3,3,1,1,0,474,694,2879,3099
\\nbi-ufiles\shared\Research-Groups\Mark-Banfield\Josh_Williams\Scoring_20Oct\Raf\DSC_6339.tif,3,3,3,1,2,0,351,651,3054,3354
\\nbi-ufiles\shared\Research-Groups\Mark-Banfield\Josh_Williams\Scoring_20Oct\Raf\DSC_6339.tif,3,3,3,1,3,0,326,616,3344,3634
\\nbi-ufiles\shared\Research-Groups\Mark-Banfield\Josh_Williams\Scoring_20Oct\Raf\DSC_6339.tif,3,3,3,1,4,1,808,1046,3445,3683
\\nbi-ufiles\shared\Research-Groups\Mark-Banfield\Josh_Williams\Scoring_20Oct\Raf\DSC_6339.tif,3,3,3,1,5,0,738,1010,3182,3454
\\nbi-ufiles\shared\Research-Groups\Mark-Banfield\Josh_Williams\Scoring_20Oct\Raf\DSC_6339.tif,3,3,3,1,6,0,777,1015,2896,3134
\\nbi-ufiles\shared\Research-Groups\Mark-Banfield\Josh_Williams\Scoring_20Oct\Raf\DSC_6339.tif,3,3,3,3,1,0,1992,2212,2914,3134
\\nbi-ufiles\shared\Research-Groups\Mark-Banfield\Josh_Williams\Scoring_20Oct\Raf\DSC_6339.tif,3,3,3,3,2,0,1782,2002,3125,3345
\\nbi-ufiles\shared\Research-Groups\Mark-Banfield\Josh_Williams\Scoring_20Oct\Raf\DSC_6339.tif,3,3,3,3,3,0,1862,2090,3353,3581
\\nbi-ufiles\shared\Research-Groups\Mark-Banfield\Josh_Williams\Scoring_20Oct\Raf\DSC_6339.tif,3,3,3,3,4,0,2274,2520,3292,3538
\\nbi-ufiles\shared\Research-Groups\Mark-Banfield\Josh_Williams\Scoring_20Oct\Raf\DSC_6339.tif,3,3,3,3,5,6,2282,2484,3094,3296
\\nbi-ufiles\shared\Research-Groups\Mark-Banfield\Josh_Williams\Scoring_20Oct\Raf\DSC_6339.tif,3,3,3,3,6,6,2230,2380,2935,3085
\\nbi-ufiles\shared\Research-Groups\Mark-Banfield\Josh_Williams\Scoring_20Oct\Raf\DSC_6618.tif,3,3,1,1,1,0,295,523,546,774
\\nbi-ufiles\shared\Research-Groups\Mark-Banfield\Josh_Williams\Scoring_20Oct\Raf\DSC_6618.tif,3,3,1,1,2,5,404,588,774,958
\\nbi-ufiles\shared\Research-Groups\Mark-Banfield\Josh_Williams\Scoring_20Oct\Raf\DSC_6618.tif,3,3,1,1,3,4,316,562,1041,1287
\\nbi-ufiles\shared\Research-Groups\Mark-Banfield\Josh_Williams\Scoring_20Oct\Raf\DSC_6618.tif,3,3,1,1,4,0,781,1011,1018,1248
\\nbi-ufiles\shared\Research-Groups\Mark-Banfield\Josh_Williams\Scoring_20Oct\Raf\DSC_6618.tif,3,3,1,1,5,0,782,992,677,887
\\nbi-ufiles\shared\Research-Groups\Mark-Banfield\Josh_Williams\Scoring_20Oct\Raf\DSC_6618.tif,3,3,1,1,6,0,527,791,430,694
\\nbi-ufiles\shared\Research-Groups\Mark-Banfield\Josh_Williams\Scoring_20Oct\Raf\DSC_6618.tif,3,3,1,3,1,0,2020,2336,505,821
\\nbi-ufiles\shared\Research-Groups\Mark-Banfield\Josh_Williams\Scoring_20Oct\Raf\DSC_6618.tif,3,3,1,3,2,0,1905,2203,834,1132
\\nbi-ufiles\shared\Research-Groups\Mark-Banfield\Josh_Williams\Scoring_20Oct\Raf\DSC_6618.tif,3,3,1,3,3,0,1896,2194,1234,1532
\\nbi-ufiles\shared\Research-Groups\Mark-Banfield\Josh_Williams\Scoring_20Oct\Raf\DSC_6618.tif,3,3,1,3,4,5,2440,2678,1176,1414
\\nbi-ufiles\shared\Research-Groups\Mark-Banfield\Josh_Williams\Scoring_20Oct\Raf\DSC_6618.tif,3,3,1,3,5,0,2466,2738,817,1089
\\nbi-ufiles\shared\Research-Groups\Mark-Banfield\Josh_Williams\Scoring_20Oct\Raf\DSC_6618.tif,3,3,1,3,6,0,2379,2669,528,818
\\nbi-ufiles\shared\Research-Groups\Mark-Banfield\Josh_Williams\Scoring_20Oct\Raf\DSC_6618.tif,3,3,2,2,1,0,1137,1401,1756,2020
\\nbi-ufiles\shared\Research-Groups\Mark-Banfield\Josh_Williams\Scoring_20Oct\Raf\DSC_6618.tif,3,3,2,2,2,0,1028,1370,2045,2387
\\nbi-ufiles\shared\Research-Groups\Mark-Banfield\Josh_Williams\Scoring_20Oct\Raf\DSC_6618.tif,3,3,2,2,3,0,1132,1422,2471,2761
\\nbi-ufiles\shared\Research-Groups\Mark-Banfield\Josh_Williams\Scoring_20Oct\Raf\DSC_6618.tif,3,3,2,2,4,1,1730,1966,2248,2484
\\nbi-ufiles\shared\Research-Groups\Mark-Banfield\Josh_Williams\Scoring_20Oct\Raf\DSC_6618.tif,3,3,2,2,5,5,1602,1830,2028,2256
\\nbi-ufiles\shared\Research-Groups\Mark-Banfield\Josh_Williams\Scoring_20Oct\Raf\DSC_6618.tif,3,3,2,2,6,0,1470,1778,1694,2002
\\nbi-ufiles\shared\Research-Groups\Mark-Banfield\Josh_Williams\Scoring_20Oct\Raf\DSC_6618.tif,3,3,3,1,1,0,510,764,3085,3339
\\nbi-ufiles\shared\Research-Groups\Mark-Banfield\Josh_Williams\Scoring_20Oct\Raf\DSC_6618.tif,3,3,3,1,2,0,440,746,3384,3690
\\nbi-ufiles\shared\Research-Groups\Mark-Banfield\Josh_Williams\Scoring_20Oct\Raf\DSC_6618.tif,3,3,3,1,3,0,352,668,3704,4020
\\nbi-ufiles\shared\Research-Groups\Mark-Banfield\Josh_Williams\Scoring_20Oct\Raf\DSC_6618.tif,3,3,3,1,4,0,860,1186,3694,4020
\\nbi-ufiles\shared\Research-Groups\Mark-Banfield\Josh_Williams\Scoring_20Oct\Raf\DSC_6618.tif,3,3,3,1,5,3,888,1116,3419,3647
\\nbi-ufiles\shared\Research-Groups\Mark-Banfield\Josh_Williams\Scoring_20Oct\Raf\DSC_6618.tif,3,3,3,1,6,4,852,1054,3182,3384
\\nbi-ufiles\shared\Research-Groups\Mark-Banfield\Josh_Williams\Scoring_20Oct\Raf\DSC_6618.tif,3,3,3,3,1,5,2414,2606,3020,3212
\\nbi-ufiles\shared\Research-Groups\Mark-Banfield\Josh_Williams\Scoring_20Oct\Raf\DSC_6618.tif,3,3,3,3,2,0,2264,2528,3248,3512
\\nbi-ufiles\shared\Research-Groups\Mark-Banfield\Josh_Williams\Scoring_20Oct\Raf\DSC_6618.tif,3,3,3,3,3,0,2173,2489,3538,3854
\\nbi-ufiles\shared\Research-Groups\Mark-Banfield\Josh_Williams\Scoring_20Oct\Raf\DSC_6618.tif,3,3,3,3,4,0,2699,2997,3520,3818
\\nbi-ufiles\shared\Research-Groups\Mark-Banfield\Josh_Williams\Scoring_20Oct\Raf\DSC_6618.tif,3,3,3,3,5,0,2634,2966,3209,3541
\\nbi-ufiles\shared\Research-Groups\Mark-Banfield\Josh_Williams\Scoring_20Oct\Raf\DSC_6618.tif,3,3,3,3,6,4,2594,2822,2984,3212
\\nbi-ufiles\shared\Research-Groups\Mark-Banfield\Josh_Williams\Scoring_20Oct\Raf\DSC_7489.TIF,3,3,1,2,1,0,1374,1700,518,844
\\nbi-ufiles\shared\Research-Groups\Mark-Banfield\Josh_Williams\Scoring_20Oct\Raf\DSC_7489.TIF,3,3,1,2,2,0,1186,1492,984,1290
\\nbi-ufiles\shared\Research-Groups\Mark-Banfield\Josh_Williams\Scoring_20Oct\Raf\DSC_7489.TIF,3,3,1,2,3,0,1238,1536,1365,1663
\\nbi-ufiles\shared\Research-Groups\Mark-Banfield\Josh_Williams\Scoring_20Oct\Raf\DSC_7489.TIF,3,3,1,2,4,0,1906,2274,1178,1546
\\nbi-ufiles\shared\Research-Groups\Mark-Banfield\Josh_Williams\Scoring_20Oct\Raf\DSC_7489.TIF,3,3,1,2,5,0,1818,2194,822,1198
\\nbi-ufiles\shared\Research-Groups\Mark-Banfield\Josh_Williams\Scoring_20Oct\Raf\DSC_7489.TIF,3,3,1,2,6,0,1694,2064,452,822
\\nbi-ufiles\shared\Research-Groups\Mark-Banfield\Josh_Williams\Scoring_20Oct\Raf\DSC_7489.TIF,3,3,2,1,1,0,509,861,1668,2020
\\nbi-ufiles\shared\Research-Groups\Mark-Banfield\Josh_Williams\Scoring_20Oct\Raf\DSC_7489.TIF,3,3,2,1,2,0,430,720,2023,2313
\\nbi-ufiles\shared\Research-Groups\Mark-Banfield\Josh_Williams\Scoring_20Oct\Raf\DSC_7489.TIF,3,3,2,1,3,0,396,756,2375,2735
\\nbi-ufiles\shared\Research-Groups\Mark-Banfield\Josh_Williams\Scoring_20Oct\Raf\DSC_7489.TIF,3,3,2,1,4,0,1062,1404,2313,2655
\\nbi-ufiles\shared\Research-Groups\Mark-Banfield\Josh_Williams\Scoring_20Oct\Raf\DSC_7489.TIF,3,3,2,1,5,0,1045,1353,1984,2292
\\nbi-ufiles\shared\Research-Groups\Mark-Banfield\Josh_Williams\Scoring_20Oct\Raf\DSC_7489.TIF,3,3,2,1,6,0,852,1204,1585,1937
\\nbi-ufiles\shared\Research-Groups\Mark-Banfield\Josh_Williams\Scoring_20Oct\Raf\DSC_7489.TIF,3,3,2,3,1,0,2028,2344,1857,2173
\\nbi-ufiles\shared\Research-Groups\Mark-Banfield\Josh_Williams\Scoring_20Oct\Raf\DSC_7489.TIF,3,3,2,3,2,0,1862,2204,2142,2484
\\nbi-ufiles\shared\Research-Groups\Mark-Banfield\Josh_Williams\Scoring_20Oct\Raf\DSC_7489.TIF,3,3,2,3,3,0,1870,2212,2528,2870
\\nbi-ufiles\shared\Research-Groups\Mark-Banfield\Josh_Williams\Scoring_20Oct\Raf\DSC_7489.TIF,3,3,2,3,4,0,2440,2914,2422,2896
\\nbi-ufiles\shared\Research-Groups\Mark-Banfield\Josh_Williams\Scoring_20Oct\Raf\DSC_7489.TIF,3,3,2,3,5,0,2432,2694,2138,2400
\\nbi-ufiles\shared\Research-Groups\Mark-Banfield\Josh_Williams\Scoring_20Oct\Raf\DSC_7489.TIF,3,3,2,3,6,0,2340,2602,1844,2106
\\nbi-ufiles\shared\Research-Groups\Mark-Banfield\Josh_Williams\Scoring_20Oct\Raf\DSC_7489.TIF,3,3,3,1,1,0,694,992,3226,3524
\\nbi-ufiles\shared\Research-Groups\Mark-Banfield\Josh_Williams\Scoring_20Oct\Raf\DSC_7489.TIF,3,3,3,1,2,0,606,940,3595,3929
\\nbi-ufiles\shared\Research-Groups\Mark-Banfield\Josh_Williams\Scoring_20Oct\Raf\DSC_7489.TIF,3,3,3,1,3,0,597,923,3958,4284
\\nbi-ufiles\shared\Research-Groups\Mark-Banfield\Josh_Williams\Scoring_20Oct\Raf\DSC_7489.TIF,3,3,3,1,4,0,1256,1634,3783,4161
\\nbi-ufiles\shared\Research-Groups\Mark-Banfield\Josh_Williams\Scoring_20Oct\Raf\DSC_7489.TIF,3,3,3,1,5,0,1142,1492,3463,3813
\\nbi-ufiles\shared\Research-Groups\Mark-Banfield\Josh_Williams\Scoring_20Oct\Raf\DSC_7489.TIF,3,3,3,1,6,0,1002,1308,3086,3392
\\nbi-ufiles\shared\Research-Groups\Mark-Banfield\Josh_Williams\Scoring_20Oct\Raf\DSC_7489.TIF,3,3,3,3,1,0,2234,2532,3538,3836
\\nbi-ufiles\shared\Research-Groups\Mark-Banfield\Josh_Williams\Scoring_20Oct\Raf\DSC_7489.TIF,3,3,3,3,2,0,2090,2388,3849,4147
\\nbi-ufiles\shared\Research-Groups\Mark-Banfield\Josh_Williams\Scoring_20Oct\Raf\DSC_7489.TIF,3,3,3,3,3,0,2194,2554,4063,4423
\\nbi-ufiles\shared\Research-Groups\Mark-Banfield\Josh_Williams\Scoring_20Oct\Raf\DSC_7489.TIF,3,3,3,3,4,0,2756,3054,3990,4288
\\nbi-ufiles\shared\Research-Groups\Mark-Banfield\Josh_Williams\Scoring_20Oct\Raf\DSC_7489.TIF,3,3,3,3,5,2,2660,2976,3690,4006
\\nbi-ufiles\shared\Research-Groups\Mark-Banfield\Josh_Williams\Scoring_20Oct\Raf\DSC_7489.TIF,3,3,3,3,6,2,2494,2826,3411,3743
\\nbi-ufiles\shared\Research-Groups\Mark-Banfield\Josh_Williams\Scoring_20Oct\Raf\DSC_7491.TIF,3,3,1,2,1,6,1536,1748,816,1028
\\nbi-ufiles\shared\Research-Groups\Mark-Banfield\Josh_Williams\Scoring_20Oct\Raf\DSC_7491.TIF,3,3,1,2,2,5,1388,1634,1015,1261
\\nbi-ufiles\shared\Research-Groups\Mark-Banfield\Josh_Williams\Scoring_20Oct\Raf\DSC_7491.TIF,3,3,1,2,3,6,1458,1678,1290,1510
\\nbi-ufiles\shared\Research-Groups\Mark-Banfield\Josh_Williams\Scoring_20Oct\Raf\DSC_7491.TIF,3,3,1,2,4,6,1914,2160,1256,1502
\\nbi-ufiles\shared\Research-Groups\Mark-Banfield\Josh_Williams\Scoring_20Oct\Raf\DSC_7491.TIF,3,3,1,2,5,6,1892,2164,984,1256
\\nbi-ufiles\shared\Research-Groups\Mark-Banfield\Josh_Williams\Scoring_20Oct\Raf\DSC_7491.TIF,3,3,1,2,6,6,1818,2054,774,1010
\\nbi-ufiles\shared\Research-Groups\Mark-Banfield\Josh_Williams\Scoring_20Oct\Raf\DSC_7491.TIF,3,3,2,1,1,5,878,1080,1997,2199
\\nbi-ufiles\shared\Research-Groups\Mark-Banfield\Josh_Williams\Scoring_20Oct\Raf\DSC_7491.TIF,3,3,2,1,2,5,764,976,2225,2437
\\nbi-ufiles\shared\Research-Groups\Mark-Banfield\Josh_Williams\Scoring_20Oct\Raf\DSC_7491.TIF,3,3,2,1,3,5,848,1084,2494,2730
\\nbi-ufiles\shared\Research-Groups\Mark-Banfield\Josh_Williams\Scoring_20Oct\Raf\DSC_7491.TIF,3,3,2,1,4,4,1217,1461,2450,2694
\\nbi-ufiles\shared\Research-Groups\Mark-Banfield\Josh_Williams\Scoring_20Oct\Raf\DSC_7491.TIF,3,3,2,1,5,6,1230,1476,2156,2402
\\nbi-ufiles\shared\Research-Groups\Mark-Banfield\Josh_Williams\Scoring_20Oct\Raf\DSC_7491.TIF,3,3,2,1,6,5,1106,1326,1922,2142
\\nbi-ufiles\shared\Research-Groups\Mark-Banfield\Josh_Williams\Scoring_20Oct\Raf\DSC_7491.TIF,3,3,2,3,1,5,2230,2466,2090,2326
\\nbi-ufiles\shared\Research-Groups\Mark-Banfield\Josh_Williams\Scoring_20Oct\Raf\DSC_7491.TIF,3,3,2,3,2,6,2111,2349,2326,2564
\\nbi-ufiles\shared\Research-Groups\Mark-Banfield\Josh_Williams\Scoring_20Oct\Raf\DSC_7491.TIF,3,3,2,3,3,4,2134,2344,2595,2805
\\nbi-ufiles\shared\Research-Groups\Mark-Banfield\Josh_Williams\Scoring_20Oct\Raf\DSC_7491.TIF,3,3,2,3,4,4,2668,2888,2550,2770
\\nbi-ufiles\shared\Research-Groups\Mark-Banfield\Josh_Williams\Scoring_20Oct\Raf\DSC_7491.TIF,3,3,2,3,5,4,2731,2941,2274,2484
\\nbi-ufiles\shared\Research-Groups\Mark-Banfield\Josh_Williams\Scoring_20Oct\Raf\DSC_7491.TIF,3,3,2,3,6,4,2510,2774,2014,2278
\\nbi-ufiles\shared\Research-Groups\Mark-Banfield\Josh_Williams\Scoring_20Oct\Raf\DSC_7491.TIF,3,3,3,1,1,4,546,764,3476,3694
\\nbi-ufiles\shared\Research-Groups\Mark-Banfield\Josh_Williams\Scoring_20Oct\Raf\DSC_7491.TIF,3,3,3,1,3,4,553,799,3880,4126
\\nbi-ufiles\shared\Research-Groups\Mark-Banfield\Josh_Williams\Scoring_20Oct\Raf\DSC_7491.TIF,3,3,3,1,4,4,1046,1282,3880,4116
\\nbi-ufiles\shared\Research-Groups\Mark-Banfield\Josh_Williams\Scoring_20Oct\Raf\DSC_7491.TIF,3,3,3,1,5,5,976,1204,3572,3800
\\nbi-ufiles\shared\Research-Groups\Mark-Banfield\Josh_Williams\Scoring_20Oct\Raf\DSC_7491.TIF,3,3,3,1,6,6,774,992,3384,3602
\\nbi-ufiles\shared\Research-Groups\Mark-Banfield\Josh_Williams\Scoring_20Oct\Raf\DSC_7491.TIF,3,3,3,3,1,5,2230,2466,3310,3546
\\nbi-ufiles\shared\Research-Groups\Mark-Banfield\Josh_Williams\Scoring_20Oct\Raf\DSC_7491.TIF,3,3,3,3,2,6,2064,2326,3661,3923
\\nbi-ufiles\shared\Research-Groups\Mark-Banfield\Josh_Williams\Scoring_20Oct\Raf\DSC_7491.TIF,3,3,3,3,3,5,2106,2326,4038,4258
\\nbi-ufiles\shared\Research-Groups\Mark-Banfield\Josh_Williams\Scoring_20Oct\Raf\DSC_7491.TIF,3,3,3,3,4,5,2712,2924,3909,4121
\\nbi-ufiles\shared\Research-Groups\Mark-Banfield\Josh_Williams\Scoring_20Oct\Raf\DSC_7491.TIF,3,3,3,3,5,6,2630,2884,3608,3862
\\nbi-ufiles\shared\Research-Groups\Mark-Banfield\Josh_Williams\Scoring_20Oct\Raf\DSC_7491.TIF,3,3,3,3,6,6,2502,2722,3379,3599
\\nbi-ufiles\shared\Research-Groups\Mark-Banfield\Josh_Williams\Scoring_20Oct\Raf\DSC_7492.TIF,3,3,1,2,1,5,1466,1712,887,1133
\\nbi-ufiles\shared\Research-Groups\Mark-Banfield\Josh_Williams\Scoring_20Oct\Raf\DSC_7492.TIF,3,3,1,2,2,5,1378,1562,1239,1423
\\nbi-ufiles\shared\Research-Groups\Mark-Banfield\Josh_Williams\Scoring_20Oct\Raf\DSC_7492.TIF,3,3,1,2,3,5,1432,1634,1515,1717
\\nbi-ufiles\shared\Research-Groups\Mark-Banfield\Josh_Williams\Scoring_20Oct\Raf\DSC_7492.TIF,3,3,1,2,4,6,1901,2147,1378,1624
\\nbi-ufiles\shared\Research-Groups\Mark-Banfield\Josh_Williams\Scoring_20Oct\Raf\DSC_7492.TIF,3,3,1,2,5,6,1826,2054,1045,1273
\\nbi-ufiles\shared\Research-Groups\Mark-Banfield\Josh_Williams\Scoring_20Oct\Raf\DSC_7492.TIF,3,3,1,2,6,5,1694,1906,807,1019
\\nbi-ufiles\shared\Research-Groups\Mark-Banfield\Josh_Williams\Scoring_20Oct\Raf\DSC_7492.TIF,3,3,2,1,1,6,844,1054,1923,2133
\\nbi-ufiles\shared\Research-Groups\Mark-Banfield\Josh_Williams\Scoring_20Oct\Raf\DSC_7492.TIF,3,3,2,1,2,6,765,1001,2134,2370
\\nbi-ufiles\shared\Research-Groups\Mark-Banfield\Josh_Williams\Scoring_20Oct\Raf\DSC_7492.TIF,3,3,2,1,3,5,764,992,2405,2633
\\nbi-ufiles\shared\Research-Groups\Mark-Banfield\Josh_Williams\Scoring_20Oct\Raf\DSC_7492.TIF,3,3,2,1,4,5,1282,1520,2343,2581
\\nbi-ufiles\shared\Research-Groups\Mark-Banfield\Josh_Williams\Scoring_20Oct\Raf\DSC_7492.TIF,3,3,2,1,5,6,1226,1436,2020,2230
\\nbi-ufiles\shared\Research-Groups\Mark-Banfield\Josh_Williams\Scoring_20Oct\Raf\DSC_7492.TIF,3,3,2,1,6,6,1036,1274,1826,2064
\\nbi-ufiles\shared\Research-Groups\Mark-Banfield\Josh_Williams\Scoring_20Oct\Raf\DSC_7492.TIF,3,3,2,3,1,6,2274,2536,1958,2220
\\nbi-ufiles\shared\Research-Groups\Mark-Banfield\Josh_Williams\Scoring_20Oct\Raf\DSC_7492.TIF,3,3,2,3,2,6,2125,2397,2222,2494
\\nbi-ufiles\shared\Research-Groups\Mark-Banfield\Josh_Williams\Scoring_20Oct\Raf\DSC_7492.TIF,3,3,2,3,3,6,2133,2431,2520,2818
\\nbi-ufiles\shared\Research-Groups\Mark-Banfield\Josh_Williams\Scoring_20Oct\Raf\DSC_7492.TIF,3,3,2,3,4,5,2756,3020,2462,2726
\\nbi-ufiles\shared\Research-Groups\Mark-Banfield\Josh_Williams\Scoring_20Oct\Raf\DSC_7492.TIF,3,3,2,3,5,5,2703,2985,2150,2432
\\nbi-ufiles\shared\Research-Groups\Mark-Banfield\Josh_Williams\Scoring_20Oct\Raf\DSC_7492.TIF,3,3,2,3,6,5,2580,2792,1927,2139
\\nbi-ufiles\shared\Research-Groups\Mark-Banfield\Josh_Williams\Scoring_20Oct\Raf\DSC_7492.TIF,3,3,3,1,1,5,1010,1264,3424,3678
\\nbi-ufiles\shared\Research-Groups\Mark-Banfield\Josh_Williams\Scoring_20Oct\Raf\DSC_7492.TIF,3,3,3,1,2,4,844,1054,3709,3919
\\nbi-ufiles\shared\Research-Groups\Mark-Banfield\Josh_Williams\Scoring_20Oct\Raf\DSC_7492.TIF,3,3,3,1,3,4,852,1132,3924,4204
\\nbi-ufiles\shared\Research-Groups\Mark-Banfield\Josh_Williams\Scoring_20Oct\Raf\DSC_7492.TIF,3,3,3,1,5,5,1458,1720,3696,3958
\\nbi-ufiles\shared\Research-Groups\Mark-Banfield\Josh_Williams\Scoring_20Oct\Raf\DSC_7492.TIF,3,3,3,1,6,5,1317,1529,3370,3582
\\nbi-ufiles\shared\Research-Groups\Mark-Banfield\Josh_Williams\Scoring_20Oct\Raf\DSC_7492.TIF,3,3,3,3,1,6,2370,2590,3440,3660
\\nbi-ufiles\shared\Research-Groups\Mark-Banfield\Josh_Williams\Scoring_20Oct\Raf\DSC_7492.TIF,3,3,3,3,2,5,2207,2427,3756,3976
\\nbi-ufiles\shared\Research-Groups\Mark-Banfield\Josh_Williams\Scoring_20Oct\Raf\DSC_7492.TIF,3,3,3,3,3,4,2222,2502,3985,4265
\\nbi-ufiles\shared\Research-Groups\Mark-Banfield\Josh_Williams\Scoring_20Oct\Raf\DSC_7492.TIF,3,3,3,3,4,5,2766,3002,3994,4230
\\nbi-ufiles\shared\Research-Groups\Mark-Banfield\Josh_Williams\Scoring_20Oct\Raf\DSC_7492.TIF,3,3,3,3,5,5,2743,3015,3722,3994
\\nbi-ufiles\shared\Research-Groups\Mark-Banfield\Josh_Williams\Scoring_20Oct\Raf\DSC_7492.TIF,3,3,3,3,6,5,2660,2924,3445,3709
\\nbi-ufiles\shared\Research-Groups\Mark-Banfield\Josh_Williams\Scoring_20Oct\Raf\DSC_7583.TIF,3,3,1,2,1,0,1576,1892,230,546
\\nbi-ufiles\shared\Research-Groups\Mark-Banfield\Josh_Williams\Scoring_20Oct\Raf\DSC_7583.TIF,3,3,1,2,2,0,1466,1782,575,891
\\nbi-ufiles\shared\Research-Groups\Mark-Banfield\Josh_Williams\Scoring_20Oct\Raf\DSC_7583.TIF,3,3,1,2,3,0,1422,1808,900,1286
\\nbi-ufiles\shared\Research-Groups\Mark-Banfield\Josh_Williams\Scoring_20Oct\Raf\DSC_7583.TIF,3,3,1,2,4,0,2142,2502,896,1256
\\nbi-ufiles\shared\Research-Groups\Mark-Banfield\Josh_Williams\Scoring_20Oct\Raf\DSC_7583.TIF,3,3,1,2,5,0,2160,2520,462,822
\\nbi-ufiles\shared\Research-Groups\Mark-Banfield\Josh_Williams\Scoring_20Oct\Raf\DSC_7583.TIF,3,3,1,2,6,0,1875,2207,186,518
\\nbi-ufiles\shared\Research-Groups\Mark-Banfield\Josh_Williams\Scoring_20Oct\Raf\DSC_7583.TIF,3,3,2,1,1,0,764,1090,1299,1625
\\nbi-ufiles\shared\Research-Groups\Mark-Banfield\Josh_Williams\Scoring_20Oct\Raf\DSC_7583.TIF,3,3,2,1,2,0,588,932,1584,1928
\\nbi-ufiles\shared\Research-Groups\Mark-Banfield\Josh_Williams\Scoring_20Oct\Raf\DSC_7583.TIF,3,3,2,1,3,0,562,914,2019,2371
\\nbi-ufiles\shared\Research-Groups\Mark-Banfield\Josh_Williams\Scoring_20Oct\Raf\DSC_7583.TIF,3,3,2,1,4,0,1186,1546,1909,2269
\\nbi-ufiles\shared\Research-Groups\Mark-Banfield\Josh_Williams\Scoring_20Oct\Raf\DSC_7583.TIF,3,3,2,1,5,0,1326,1572,1541,1787
\\nbi-ufiles\shared\Research-Groups\Mark-Banfield\Josh_Williams\Scoring_20Oct\Raf\DSC_7583.TIF,3,3,2,1,6,0,1058,1304,1300,1546
\\nbi-ufiles\shared\Research-Groups\Mark-Banfield\Josh_Williams\Scoring_20Oct\Raf\DSC_7583.TIF,3,3,2,3,1,0,2194,2520,1510,1836
\\nbi-ufiles\shared\Research-Groups\Mark-Banfield\Josh_Williams\Scoring_20Oct\Raf\DSC_7583.TIF,3,3,2,3,2,0,2015,2365,1800,2150
\\nbi-ufiles\shared\Research-Groups\Mark-Banfield\Josh_Williams\Scoring_20Oct\Raf\DSC_7583.TIF,3,3,2,3,3,0,1967,2291,2134,2458
\\nbi-ufiles\shared\Research-Groups\Mark-Banfield\Josh_Williams\Scoring_20Oct\Raf\DSC_7583.TIF,3,3,2,3,4,0,2634,2976,2204,2546
\\nbi-ufiles\shared\Research-Groups\Mark-Banfield\Josh_Williams\Scoring_20Oct\Raf\DSC_7583.TIF,3,3,2,3,5,0,2642,3028,1791,2177
\\nbi-ufiles\shared\Research-Groups\Mark-Banfield\Josh_Williams\Scoring_20Oct\Raf\DSC_7583.TIF,3,3,2,3,6,0,2510,2870,1471,1831
\\nbi-ufiles\shared\Research-Groups\Mark-Banfield\Josh_Williams\Scoring_20Oct\Raf\DSC_7583.TIF,3,3,3,1,1,0,676,1002,2725,3051
\\nbi-ufiles\shared\Research-Groups\Mark-Banfield\Josh_Williams\Scoring_20Oct\Raf\DSC_7583.TIF,3,3,3,1,2,0,426,768,3028,3370
\\nbi-ufiles\shared\Research-Groups\Mark-Banfield\Josh_Williams\Scoring_20Oct\Raf\DSC_7583.TIF,3,3,3,1,3,0,414,800,3467,3853
\\nbi-ufiles\shared\Research-Groups\Mark-Banfield\Josh_Williams\Scoring_20Oct\Raf\DSC_7583.TIF,3,3,3,1,4,0,1176,1606,3467,3897
\\nbi-ufiles\shared\Research-Groups\Mark-Banfield\Josh_Williams\Scoring_20Oct\Raf\DSC_7583.TIF,3,3,3,1,5,0,1194,1536,3134,3476
\\nbi-ufiles\shared\Research-Groups\Mark-Banfield\Josh_Williams\Scoring_20Oct\Raf\DSC_7583.TIF,3,3,3,1,6,0,1054,1386,2766,3098
\\nbi-ufiles\shared\Research-Groups\Mark-Banfield\Josh_Williams\Scoring_20Oct\Raf\DSC_7583.TIF,3,3,3,3,1,0,2064,2352,3078,3366
\\nbi-ufiles\shared\Research-Groups\Mark-Banfield\Josh_Williams\Scoring_20Oct\Raf\DSC_7583.TIF,3,3,3,3,2,0,1906,2264,3346,3704
\\nbi-ufiles\shared\Research-Groups\Mark-Banfield\Josh_Williams\Scoring_20Oct\Raf\DSC_7583.TIF,3,3,3,3,3,0,1896,2222,3686,4012
\\nbi-ufiles\shared\Research-Groups\Mark-Banfield\Josh_Williams\Scoring_20Oct\Raf\DSC_7583.TIF,3,3,3,3,4,0,2564,2888,3604,3928
\\nbi-ufiles\shared\Research-Groups\Mark-Banfield\Josh_Williams\Scoring_20Oct\Raf\DSC_7583.TIF,3,3,3,3,5,0,2462,2796,3230,3564
\\nbi-ufiles\shared\Research-Groups\Mark-Banfield\Josh_Williams\Scoring_20Oct\Raf\DSC_7583.TIF,3,3,3,3,6,0,2362,2624,2942,3204
\\nbi-ufiles\shared\Research-Groups\Mark-Banfield\Josh_Williams\Scoring_20Oct\Raf\DSC_7709.TIF,3,3,1,2,1,0,1440,1712,725,997
\\nbi-ufiles\shared\Research-Groups\Mark-Banfield\Josh_Williams\Scoring_20Oct\Raf\DSC_7709.TIF,3,3,1,2,2,0,1264,1546,1000,1282
\\nbi-ufiles\shared\Research-Groups\Mark-Banfield\Josh_Williams\Scoring_20Oct\Raf\DSC_7709.TIF,3,3,1,2,3,0,1256,1554,1344,1642
\\nbi-ufiles\shared\Research-Groups\Mark-Banfield\Josh_Williams\Scoring_20Oct\Raf\DSC_7709.TIF,3,3,1,2,4,0,1844,2212,1335,1703
\\nbi-ufiles\shared\Research-Groups\Mark-Banfield\Josh_Williams\Scoring_20Oct\Raf\DSC_7709.TIF,3,3,1,2,5,2,1906,2194,976,1264
\\nbi-ufiles\shared\Research-Groups\Mark-Banfield\Josh_Williams\Scoring_20Oct\Raf\DSC_7709.TIF,3,3,1,2,6,2,1712,2020,698,1006
\\nbi-ufiles\shared\Research-Groups\Mark-Banfield\Josh_Williams\Scoring_20Oct\Raf\DSC_7709.TIF,3,3,2,1,1,0,730,1002,1773,2045
\\nbi-ufiles\shared\Research-Groups\Mark-Banfield\Josh_Williams\Scoring_20Oct\Raf\DSC_7709.TIF,3,3,2,1,2,0,580,922,2072,2414
\\nbi-ufiles\shared\Research-Groups\Mark-Banfield\Josh_Williams\Scoring_20Oct\Raf\DSC_7709.TIF,3,3,2,1,3,0,676,992,2423,2739
\\nbi-ufiles\shared\Research-Groups\Mark-Banfield\Josh_Williams\Scoring_20Oct\Raf\DSC_7709.TIF,3,3,2,1,4,0,1238,1562,2358,2682
\\nbi-ufiles\shared\Research-Groups\Mark-Banfield\Josh_Williams\Scoring_20Oct\Raf\DSC_7709.TIF,3,3,2,1,5,0,1204,1520,2076,2392
\\nbi-ufiles\shared\Research-Groups\Mark-Banfield\Josh_Williams\Scoring_20Oct\Raf\DSC_7709.TIF,3,3,2,1,6,0,992,1370,1677,2055
\\nbi-ufiles\shared\Research-Groups\Mark-Banfield\Josh_Williams\Scoring_20Oct\Raf\DSC_7709.TIF,3,3,2,3,1,0,2028,2318,1822,2112
\\nbi-ufiles\shared\Research-Groups\Mark-Banfield\Josh_Williams\Scoring_20Oct\Raf\DSC_7709.TIF,3,3,2,3,2,0,1810,2142,2090,2422
\\nbi-ufiles\shared\Research-Groups\Mark-Banfield\Josh_Williams\Scoring_20Oct\Raf\DSC_7709.TIF,3,3,2,3,3,0,1831,2163,2494,2826
\\nbi-ufiles\shared\Research-Groups\Mark-Banfield\Josh_Williams\Scoring_20Oct\Raf\DSC_7709.TIF,3,3,2,3,4,0,2463,2823,2458,2818
\\nbi-ufiles\shared\Research-Groups\Mark-Banfield\Josh_Williams\Scoring_20Oct\Raf\DSC_7709.TIF,3,3,2,3,5,0,2536,2818,2031,2313
\\nbi-ufiles\shared\Research-Groups\Mark-Banfield\Josh_Williams\Scoring_20Oct\Raf\DSC_7709.TIF,3,3,2,3,6,1,2322,2620,1756,2054
\\nbi-ufiles\shared\Research-Groups\Mark-Banfield\Josh_Williams\Scoring_20Oct\Raf\DSC_7709.TIF,3,3,3,1,1,1,720,1002,3186,3468
\\nbi-ufiles\shared\Research-Groups\Mark-Banfield\Josh_Williams\Scoring_20Oct\Raf\DSC_7709.TIF,3,3,3,1,2,0,559,847,3538,3826
\\nbi-ufiles\shared\Research-Groups\Mark-Banfield\Josh_Williams\Scoring_20Oct\Raf\DSC_7709.TIF,3,3,3,1,3,0,668,1002,3927,4261
\\nbi-ufiles\shared\Research-Groups\Mark-Banfield\Josh_Williams\Scoring_20Oct\Raf\DSC_7709.TIF,3,3,3,1,4,0,1383,1699,3774,4090
\\nbi-ufiles\shared\Research-Groups\Mark-Banfield\Josh_Williams\Scoring_20Oct\Raf\DSC_7709.TIF,3,3,3,1,5,0,1308,1590,3418,3700
\\nbi-ufiles\shared\Research-Groups\Mark-Banfield\Josh_Williams\Scoring_20Oct\Raf\DSC_7709.TIF,3,3,3,1,6,0,1002,1290,3100,3388
\\nbi-ufiles\shared\Research-Groups\Mark-Banfield\Josh_Williams\Scoring_20Oct\Raf\DSC_7709.TIF,3,3,3,3,1,2,2178,2466,3196,3484
\\nbi-ufiles\shared\Research-Groups\Mark-Banfield\Josh_Williams\Scoring_20Oct\Raf\DSC_7709.TIF,3,3,3,3,2,2,1888,2238,3520,3870
\\nbi-ufiles\shared\Research-Groups\Mark-Banfield\Josh_Williams\Scoring_20Oct\Raf\DSC_7709.TIF,3,3,3,3,3,1,1906,2256,3946,4296
\\nbi-ufiles\shared\Research-Groups\Mark-Banfield\Josh_Williams\Scoring_20Oct\Raf\DSC_7709.TIF,3,3,3,3,4,0,2572,2888,3840,4156
\\nbi-ufiles\shared\Research-Groups\Mark-Banfield\Josh_Williams\Scoring_20Oct\Raf\DSC_7709.TIF,3,3,3,3,5,0,2572,2896,3437,3761
\\nbi-ufiles\shared\Research-Groups\Mark-Banfield\Josh_Williams\Scoring_20Oct\Raf\DSC_7709.TIF,3,3,3,3,6,0,2422,2712,3159,3449
\\nbi-ufiles\shared\Research-Groups\Mark-Banfield\Josh_Williams\Scoring_20Oct\Raf\DSC_7713.TIF,3,3,1,2,1,0,1362,1678,708,1024
\\nbi-ufiles\shared\Research-Groups\Mark-Banfield\Josh_Williams\Scoring_20Oct\Raf\DSC_7713.TIF,3,3,1,2,2,0,1352,1624,1054,1326
\\nbi-ufiles\shared\Research-Groups\Mark-Banfield\Josh_Williams\Scoring_20Oct\Raf\DSC_7713.TIF,3,3,1,2,3,0,1396,1668,1352,1624
\\nbi-ufiles\shared\Research-Groups\Mark-Banfield\Josh_Williams\Scoring_20Oct\Raf\DSC_7713.TIF,3,3,1,2,4,0,1888,2186,1217,1515
\\nbi-ufiles\shared\Research-Groups\Mark-Banfield\Josh_Williams\Scoring_20Oct\Raf\DSC_7713.TIF,3,3,1,2,5,1,1844,2116,918,1190
\\nbi-ufiles\shared\Research-Groups\Mark-Banfield\Josh_Williams\Scoring_20Oct\Raf\DSC_7713.TIF,3,3,1,2,6,2,1712,1976,667,931
\\nbi-ufiles\shared\Research-Groups\Mark-Banfield\Josh_Williams\Scoring_20Oct\Raf\DSC_7713.TIF,3,3,2,1,1,0,826,1132,1700,2006
\\nbi-ufiles\shared\Research-Groups\Mark-Banfield\Josh_Williams\Scoring_20Oct\Raf\DSC_7713.TIF,3,3,2,1,2,0,712,1080,2050,2418
\\nbi-ufiles\shared\Research-Groups\Mark-Banfield\Josh_Williams\Scoring_20Oct\Raf\DSC_7713.TIF,3,3,2,1,3,0,756,1036,2410,2690
\\nbi-ufiles\shared\Research-Groups\Mark-Banfield\Josh_Williams\Scoring_20Oct\Raf\DSC_7713.TIF,3,3,2,1,4,0,1334,1660,2330,2656
\\nbi-ufiles\shared\Research-Groups\Mark-Banfield\Josh_Williams\Scoring_20Oct\Raf\DSC_7713.TIF,3,3,2,1,5,4,1308,1580,2028,2300
\\nbi-ufiles\shared\Research-Groups\Mark-Banfield\Josh_Williams\Scoring_20Oct\Raf\DSC_7713.TIF,3,3,2,1,6,4,1142,1440,1673,1971
\\nbi-ufiles\shared\Research-Groups\Mark-Banfield\Josh_Williams\Scoring_20Oct\Raf\DSC_7713.TIF,3,3,2,3,1,0,2010,2352,1805,2147
\\nbi-ufiles\shared\Research-Groups\Mark-Banfield\Josh_Williams\Scoring_20Oct\Raf\DSC_7713.TIF,3,3,2,3,2,0,1914,2274,2142,2502
\\nbi-ufiles\shared\Research-Groups\Mark-Banfield\Josh_Williams\Scoring_20Oct\Raf\DSC_7713.TIF,3,3,2,3,3,0,1878,2212,2502,2836
\\nbi-ufiles\shared\Research-Groups\Mark-Banfield\Josh_Williams\Scoring_20Oct\Raf\DSC_7713.TIF,3,3,2,3,4,0,2510,2818,2431,2739
\\nbi-ufiles\shared\Research-Groups\Mark-Banfield\Josh_Williams\Scoring_20Oct\Raf\DSC_7713.TIF,3,3,2,3,5,1,2568,2866,2046,2344
\\nbi-ufiles\shared\Research-Groups\Mark-Banfield\Josh_Williams\Scoring_20Oct\Raf\DSC_7713.TIF,3,3,2,3,6,2,2422,2678,1803,2059
\\nbi-ufiles\shared\Research-Groups\Mark-Banfield\Josh_Williams\Scoring_20Oct\Raf\DSC_7713.TIF,3,3,3,1,1,0,826,1150,3187,3511
\\nbi-ufiles\shared\Research-Groups\Mark-Banfield\Josh_Williams\Scoring_20Oct\Raf\DSC_7713.TIF,3,3,3,1,2,0,694,1046,3475,3827
\\nbi-ufiles\shared\Research-Groups\Mark-Banfield\Josh_Williams\Scoring_20Oct\Raf\DSC_7713.TIF,3,3,3,1,3,0,712,1028,3805,4121
\\nbi-ufiles\shared\Research-Groups\Mark-Banfield\Josh_Williams\Scoring_20Oct\Raf\DSC_7713.TIF,3,3,3,1,4,1,1414,1748,3822,4156
\\nbi-ufiles\shared\Research-Groups\Mark-Banfield\Josh_Williams\Scoring_20Oct\Raf\DSC_7713.TIF,3,3,3,1,5,2,1427,1683,3484,3740
\\nbi-ufiles\shared\Research-Groups\Mark-Banfield\Josh_Williams\Scoring_20Oct\Raf\DSC_7713.TIF,3,3,3,1,6,2,1238,1510,3199,3471
\\nbi-ufiles\shared\Research-Groups\Mark-Banfield\Josh_Williams\Scoring_20Oct\Raf\DSC_7713.TIF,3,3,3,3,1,3,2204,2440,3362,3598
\\nbi-ufiles\shared\Research-Groups\Mark-Banfield\Josh_Williams\Scoring_20Oct\Raf\DSC_7713.TIF,3,3,3,3,2,4,2120,2402,3616,3898
\\nbi-ufiles\shared\Research-Groups\Mark-Banfield\Josh_Williams\Scoring_20Oct\Raf\DSC_7713.TIF,3,3,3,3,3,2,2160,2422,3964,4226
\\nbi-ufiles\shared\Research-Groups\Mark-Banfield\Josh_Williams\Scoring_20Oct\Raf\DSC_7713.TIF,3,3,3,3,4,0,2730,3038,3905,4213
\\nbi-ufiles\shared\Research-Groups\Mark-Banfield\Josh_Williams\Scoring_20Oct\Raf\DSC_7713.TIF,3,3,3,3,5,0,2712,3002,3581,3871
\\nbi-ufiles\shared\Research-Groups\Mark-Banfield\Josh_Williams\Scoring_20Oct\Raf\DSC_7713.TIF,3,3,3,3,6,1,2554,2888,3305,3639
\\nbi-ufiles\shared\Research-Groups\Mark-Banfield\Josh_Williams\Scoring_20Oct\Raf\DSC_8268.tif,3,3,1,1,1,5,720,940,448,668
\\nbi-ufiles\shared\Research-Groups\Mark-Banfield\Josh_Williams\Scoring_20Oct\Raf\DSC_8268.tif,3,3,1,1,2,0,528,826,694,992
\\nbi-ufiles\shared\Research-Groups\Mark-Banfield\Josh_Williams\Scoring_20Oct\Raf\DSC_8268.tif,3,3,1,1,3,0,554,914,975,1335
\\nbi-ufiles\shared\Research-Groups\Mark-Banfield\Josh_Williams\Scoring_20Oct\Raf\DSC_8268.tif,3,3,1,1,4,6,984,1282,878,1176
\\nbi-ufiles\shared\Research-Groups\Mark-Banfield\Josh_Williams\Scoring_20Oct\Raf\DSC_8268.tif,3,3,1,1,5,6,984,1194,686,896
\\nbi-ufiles\shared\Research-Groups\Mark-Banfield\Josh_Williams\Scoring_20Oct\Raf\DSC_8268.tif,3,3,1,1,6,5,932,1132,480,680
\\nbi-ufiles\shared\Research-Groups\Mark-Banfield\Josh_Williams\Scoring_20Oct\Raf\DSC_8268.tif,3,3,1,3,1,5,2103,2349,510,756
\\nbi-ufiles\shared\Research-Groups\Mark-Banfield\Josh_Williams\Scoring_20Oct\Raf\DSC_8268.tif,3,3,1,3,2,5,1967,2195,720,948
\\nbi-ufiles\shared\Research-Groups\Mark-Banfield\Josh_Williams\Scoring_20Oct\Raf\DSC_8268.tif,3,3,1,3,3,5,2071,2309,992,1230
\\nbi-ufiles\shared\Research-Groups\Mark-Banfield\Josh_Williams\Scoring_20Oct\Raf\DSC_8268.tif,3,3,1,3,4,0,2450,2730,985,1265
\\nbi-ufiles\shared\Research-Groups\Mark-Banfield\Josh_Williams\Scoring_20Oct\Raf\DSC_8268.tif,3,3,1,3,5,0,2450,2738,695,983
\\nbi-ufiles\shared\Research-Groups\Mark-Banfield\Josh_Williams\Scoring_20Oct\Raf\DSC_8268.tif,3,3,1,3,6,5,2396,2634,461,699
\\nbi-ufiles\shared\Research-Groups\Mark-Banfield\Josh_Williams\Scoring_20Oct\Raf\DSC_8268.tif,3,3,2,2,1,6,1340,1576,1730,1966
\\nbi-ufiles\shared\Research-Groups\Mark-Banfield\Josh_Williams\Scoring_20Oct\Raf\DSC_8268.tif,3,3,2,2,2,6,1264,1510,1975,2221
\\nbi-ufiles\shared\Research-Groups\Mark-Banfield\Josh_Williams\Scoring_20Oct\Raf\DSC_8268.tif,3,3,2,2,3,0,1309,1571,2292,2554
\\nbi-ufiles\shared\Research-Groups\Mark-Banfield\Josh_Williams\Scoring_20Oct\Raf\DSC_8268.tif,3,3,2,2,4,0,1792,2080,2121,2409
\\nbi-ufiles\shared\Research-Groups\Mark-Banfield\Josh_Williams\Scoring_20Oct\Raf\DSC_8268.tif,3,3,2,2,5,5,1668,1888,1896,2116
\\nbi-ufiles\shared\Research-Groups\Mark-Banfield\Josh_Williams\Scoring_20Oct\Raf\DSC_8268.tif,3,3,2,2,6,5,1620,1812,1704,1896
\\nbi-ufiles\shared\Research-Groups\Mark-Banfield\Josh_Williams\Scoring_20Oct\Raf\DSC_8268.tif,3,3,3,1,1,6,686,896,2748,2958
\\nbi-ufiles\shared\Research-Groups\Mark-Banfield\Josh_Williams\Scoring_20Oct\Raf\DSC_8268.tif,3,3,3,1,2,6,496,768,2932,3204
\\nbi-ufiles\shared\Research-Groups\Mark-Banfield\Josh_Williams\Scoring_20Oct\Raf\DSC_8268.tif,3,3,3,1,3,5,518,790,3204,3476
\\nbi-ufiles\shared\Research-Groups\Mark-Banfield\Josh_Williams\Scoring_20Oct\Raf\DSC_8268.tif,3,3,3,1,4,5,914,1186,3186,3458
\\nbi-ufiles\shared\Research-Groups\Mark-Banfield\Josh_Williams\Scoring_20Oct\Raf\DSC_8268.tif,3,3,3,1,5,0,914,1202,2880,3168
\\nbi-ufiles\shared\Research-Groups\Mark-Banfield\Josh_Williams\Scoring_20Oct\Raf\DSC_8268.tif,3,3,3,1,6,0,896,1132,2648,2884
\\nbi-ufiles\shared\Research-Groups\Mark-Banfield\Josh_Williams\Scoring_20Oct\Raf\DSC_8268.tif,3,3,3,3,1,0,2204,2494,2848,3138
\\nbi-ufiles\shared\Research-Groups\Mark-Banfield\Josh_Williams\Scoring_20Oct\Raf\DSC_8268.tif,3,3,3,3,2,6,2178,2380,3182,3384
\\nbi-ufiles\shared\Research-Groups\Mark-Banfield\Josh_Williams\Scoring_20Oct\Raf\DSC_8268.tif,3,3,3,3,3,5,2212,2442,3396,3626
\\nbi-ufiles\shared\Research-Groups\Mark-Banfield\Josh_Williams\Scoring_20Oct\Raf\DSC_8268.tif,3,3,3,3,4,6,2520,2782,3358,3620
\\nbi-ufiles\shared\Research-Groups\Mark-Banfield\Josh_Williams\Scoring_20Oct\Raf\DSC_8268.tif,3,3,3,3,5,6,2576,2830,3072,3326
\\nbi-ufiles\shared\Research-Groups\Mark-Banfield\Josh_Williams\Scoring_20Oct\Raf\DSC_9227_s2.TIF,3,3,1,1,1,0,528,800,497,769
\\nbi-ufiles\shared\Research-Groups\Mark-Banfield\Josh_Williams\Scoring_20Oct\Raf\DSC_9227_s2.TIF,3,3,1,1,2,0,435,707,826,1098
\\nbi-ufiles\shared\Research-Groups\Mark-Banfield\Josh_Williams\Scoring_20Oct\Raf\DSC_9227_s2.TIF,3,3,1,1,3,0,571,897,1132,1458
\\nbi-ufiles\shared\Research-Groups\Mark-Banfield\Josh_Williams\Scoring_20Oct\Raf\DSC_9227_s2.TIF,3,3,1,1,4,6,1018,1264,1054,1300
\\nbi-ufiles\shared\Research-Groups\Mark-Banfield\Josh_Williams\Scoring_20Oct\Raf\DSC_9227_s2.TIF,3,3,1,1,5,6,914,1150,774,1010
\\nbi-ufiles\shared\Research-Groups\Mark-Banfield\Josh_Williams\Scoring_20Oct\Raf\DSC_9227_s2.TIF,3,3,1,1,6,3,826,1036,510,720
\\nbi-ufiles\shared\Research-Groups\Mark-Banfield\Josh_Williams\Scoring_20Oct\Raf\DSC_9227_s2.TIF,3,3,1,3,1,4,2072,2336,400,664
\\nbi-ufiles\shared\Research-Groups\Mark-Banfield\Josh_Williams\Scoring_20Oct\Raf\DSC_9227_s2.TIF,3,3,1,3,2,0,1888,2204,703,1019
\\nbi-ufiles\shared\Research-Groups\Mark-Banfield\Josh_Williams\Scoring_20Oct\Raf\DSC_9227_s2.TIF,3,3,1,3,3,0,1914,2238,1006,1330
\\nbi-ufiles\shared\Research-Groups\Mark-Banfield\Josh_Williams\Scoring_20Oct\Raf\DSC_9227_s2.TIF,3,3,1,3,4,0,2476,2844,971,1339
\\nbi-ufiles\shared\Research-Groups\Mark-Banfield\Josh_Williams\Scoring_20Oct\Raf\DSC_9227_s2.TIF,3,3,1,3,5,6,2484,2748,694,958
\\nbi-ufiles\shared\Research-Groups\Mark-Banfield\Josh_Williams\Scoring_20Oct\Raf\DSC_9227_s2.TIF,3,3,1,3,6,6,2362,2634,422,694
\\nbi-ufiles\shared\Research-Groups\Mark-Banfield\Josh_Williams\Scoring_20Oct\Raf\DSC_9227_s2.TIF,3,3,2,2,1,6,1554,1712,1848,2006
\\nbi-ufiles\shared\Research-Groups\Mark-Banfield\Josh_Williams\Scoring_20Oct\Raf\DSC_9227_s2.TIF,3,3,2,2,2,4,1444,1672,2028,2256
\\nbi-ufiles\shared\Research-Groups\Mark-Banfield\Josh_Williams\Scoring_20Oct\Raf\DSC_9227_s2.TIF,3,3,2,2,3,0,1388,1704,2286,2602
\\nbi-ufiles\shared\Research-Groups\Mark-Banfield\Josh_Williams\Scoring_20Oct\Raf\DSC_9227_s2.TIF,3,3,2,2,4,0,1878,2142,2207,2471
\\nbi-ufiles\shared\Research-Groups\Mark-Banfield\Josh_Williams\Scoring_20Oct\Raf\DSC_9227_s2.TIF,3,3,2,2,5,0,1826,2098,1936,2208
\\nbi-ufiles\shared\Research-Groups\Mark-Banfield\Josh_Williams\Scoring_20Oct\Raf\DSC_9227_s2.TIF,3,3,2,2,6,5,1730,1940,1804,2014
\\nbi-ufiles\shared\Research-Groups\Mark-Banfield\Josh_Williams\Scoring_20Oct\Raf\DSC_9227_s2.TIF,3,3,3,1,1,5,746,992,3041,3287
\\nbi-ufiles\shared\Research-Groups\Mark-Banfield\Josh_Williams\Scoring_20Oct\Raf\DSC_9227_s2.TIF,3,3,3,1,2,6,694,940,3353,3599
\\nbi-ufiles\shared\Research-Groups\Mark-Banfield\Josh_Williams\Scoring_20Oct\Raf\DSC_9227_s2.TIF,3,3,3,1,3,3,676,976,3612,3912
\\nbi-ufiles\shared\Research-Groups\Mark-Banfield\Josh_Williams\Scoring_20Oct\Raf\DSC_9227_s2.TIF,3,3,3,1,4,0,1168,1484,3467,3783
\\nbi-ufiles\shared\Research-Groups\Mark-Banfield\Josh_Williams\Scoring_20Oct\Raf\DSC_9227_s2.TIF,3,3,3,1,5,0,1116,1370,3151,3405
\\nbi-ufiles\shared\Research-Groups\Mark-Banfield\Josh_Williams\Scoring_20Oct\Raf\DSC_9227_s2.TIF,3,3,3,1,6,0,1002,1282,2880,3160
\\nbi-ufiles\shared\Research-Groups\Mark-Banfield\Josh_Williams\Scoring_20Oct\Raf\DSC_9227_s2.TIF,3,3,3,3,1,0,2160,2388,2984,3212
\\nbi-ufiles\shared\Research-Groups\Mark-Banfield\Josh_Williams\Scoring_20Oct\Raf\DSC_9227_s2.TIF,3,3,3,3,2,5,2182,2400,3336,3554
\\nbi-ufiles\shared\Research-Groups\Mark-Banfield\Josh_Williams\Scoring_20Oct\Raf\DSC_9227_s2.TIF,3,3,3,3,3,5,2168,2380,3612,3824
\\nbi-ufiles\shared\Research-Groups\Mark-Banfield\Josh_Williams\Scoring_20Oct\Raf\DSC_9227_s2.TIF,3,3,3,3,4,2,2590,2836,3550,3796
\\nbi-ufiles\shared\Research-Groups\Mark-Banfield\Josh_Williams\Scoring_20Oct\Raf\DSC_9227_s2.TIF,3,3,3,3,5,0,2536,2782,3269,3515
\\nbi-ufiles\shared\Research-Groups\Mark-Banfield\Josh_Williams\Scoring_20Oct\Raf\DSC_9227_s2.TIF,3,3,3,3,6,0,2422,2686,2936,3200
\\nbi-ufiles\shared\Research-Groups\Mark-Banfield\Josh_Williams\Scoring_20Oct\Raf\_DSC2690.tif,3,3,1,1,1,0,536,884,804,1152
\\nbi-ufiles\shared\Research-Groups\Mark-Banfield\Josh_Williams\Scoring_20Oct\Raf\_DSC2690.tif,3,3,1,1,2,1,466,774,1190,1498
\\nbi-ufiles\shared\Research-Groups\Mark-Banfield\Josh_Williams\Scoring_20Oct\Raf\_DSC2690.tif,3,3,1,1,3,0,526,864,1468,1806
\\nbi-ufiles\shared\Research-Groups\Mark-Banfield\Josh_Williams\Scoring_20Oct\Raf\_DSC2690.tif,3,3,1,1,4,0,1023,1369,1360,1706
\\nbi-ufiles\shared\Research-Groups\Mark-Banfield\Josh_Williams\Scoring_20Oct\Raf\_DSC2690.tif,3,3,1,1,5,0,942,1260,992,1310
\\nbi-ufiles\shared\Research-Groups\Mark-Banfield\Josh_Williams\Scoring_20Oct\Raf\_DSC2690.tif,3,3,1,1,6,0,864,1180,641,957
\\nbi-ufiles\shared\Research-Groups\Mark-Banfield\Josh_Williams\Scoring_20Oct\Raf\_DSC2690.tif,3,3,1,3,1,0,2271,2589,754,1072
\\nbi-ufiles\shared\Research-Groups\Mark-Banfield\Josh_Williams\Scoring_20Oct\Raf\_DSC2690.tif,3,3,1,3,2,0,2213,2559,1102,1448
\\nbi-ufiles\shared\Research-Groups\Mark-Banfield\Josh_Williams\Scoring_20Oct\Raf\_DSC2690.tif,3,3,1,3,3,0,2360,2638,1488,1766
\\nbi-ufiles\shared\Research-Groups\Mark-Banfield\Josh_Williams\Scoring_20Oct\Raf\_DSC2690.tif,3,3,1,3,4,1,2768,3084,1211,1527
\\nbi-ufiles\shared\Research-Groups\Mark-Banfield\Josh_Williams\Scoring_20Oct\Raf\_DSC2690.tif,3,3,1,3,5,0,2698,3006,957,1265
\\nbi-ufiles\shared\Research-Groups\Mark-Banfield\Josh_Williams\Scoring_20Oct\Raf\_DSC2690.tif,3,3,1,3,6,0,2638,2886,719,967
\\nbi-ufiles\shared\Research-Groups\Mark-Banfield\Josh_Williams\Scoring_20Oct\Raf\_DSC2690.tif,3,3,2,2,1,0,1548,1864,2178,2494
\\nbi-ufiles\shared\Research-Groups\Mark-Banfield\Josh_Williams\Scoring_20Oct\Raf\_DSC2690.tif,3,3,2,2,2,0,1398,1746,2484,2832
\\nbi-ufiles\shared\Research-Groups\Mark-Banfield\Josh_Williams\Scoring_20Oct\Raf\_DSC2690.tif,3,3,2,2,3,0,1390,1746,2822,3178
\\nbi-ufiles\shared\Research-Groups\Mark-Banfield\Josh_Williams\Scoring_20Oct\Raf\_DSC2690.tif,3,3,2,2,4,0,2024,2370,2792,3138
\\nbi-ufiles\shared\Research-Groups\Mark-Banfield\Josh_Williams\Scoring_20Oct\Raf\_DSC2690.tif,3,3,2,2,5,0,2019,2355,2490,2826
\\nbi-ufiles\shared\Research-Groups\Mark-Banfield\Josh_Williams\Scoring_20Oct\Raf\_DSC2690.tif,3,3,2,2,6,0,1954,2282,2182,2510
\\nbi-ufiles\shared\Research-Groups\Mark-Banfield\Josh_Williams\Scoring_20Oct\Raf\_DSC2690.tif,3,3,3,1,1,0,770,1126,3610,3966
\\nbi-ufiles\shared\Research-Groups\Mark-Banfield\Josh_Williams\Scoring_20Oct\Raf\_DSC2690.tif,3,3,3,1,2,0,626,982,3957,4313
\\nbi-ufiles\shared\Research-Groups\Mark-Banfield\Josh_Williams\Scoring_20Oct\Raf\_DSC2690.tif,3,3,3,1,3,0,696,1092,4339,4735
\\nbi-ufiles\shared\Research-Groups\Mark-Banfield\Josh_Williams\Scoring_20Oct\Raf\_DSC2690.tif,3,3,3,1,4,0,1280,1686,4274,4680
\\nbi-ufiles\shared\Research-Groups\Mark-Banfield\Josh_Williams\Scoring_20Oct\Raf\_DSC2690.tif,3,3,3,1,5,1,1211,1527,3888,4204
\\nbi-ufiles\shared\Research-Groups\Mark-Banfield\Josh_Williams\Scoring_20Oct\Raf\_DSC2690.tif,3,3,3,1,6,2,1142,1428,3556,3842
\\nbi-ufiles\shared\Research-Groups\Mark-Banfield\Josh_Williams\Scoring_20Oct\Raf\_DSC2690.tif,3,3,3,3,1,1,2510,2806,3551,3847
\\nbi-ufiles\shared\Research-Groups\Mark-Banfield\Josh_Williams\Scoring_20Oct\Raf\_DSC2690.tif,3,3,3,3,2,0,2420,2708,3873,4161
\\nbi-ufiles\shared\Research-Groups\Mark-Banfield\Josh_Williams\Scoring_20Oct\Raf\_DSC2690.tif,3,3,3,3,3,0,2425,2753,4264,4592
\\nbi-ufiles\shared\Research-Groups\Mark-Banfield\Josh_Williams\Scoring_20Oct\Raf\_DSC2690.tif,3,3,3,3,4,1,2906,3252,4111,4457
\\nbi-ufiles\shared\Research-Groups\Mark-Banfield\Josh_Williams\Scoring_20Oct\Raf\_DSC2690.tif,3,3,3,3,5,0,2826,3154,3818,4146
\\nbi-ufiles\shared\Research-Groups\Mark-Banfield\Josh_Williams\Scoring_20Oct\Raf\_DSC2690.tif,3,3,3,3,6,2,2792,3098,3472,3778
\\nbi-ufiles\shared\Research-Groups\Mark-Banfield\Josh_Williams\Scoring_20Oct\Raf\_DSC2692.tif,3,3,1,1,1,3,676,924,834,1082
\\nbi-ufiles\shared\Research-Groups\Mark-Banfield\Josh_Williams\Scoring_20Oct\Raf\_DSC2692.tif,3,3,1,1,2,0,566,854,1107,1395
\\nbi-ufiles\shared\Research-Groups\Mark-Banfield\Josh_Williams\Scoring_20Oct\Raf\_DSC2692.tif,3,3,1,1,3,0,536,824,1582,1870
\\nbi-ufiles\shared\Research-Groups\Mark-Banfield\Josh_Williams\Scoring_20Oct\Raf\_DSC2692.tif,3,3,1,1,4,0,1142,1478,1325,1661
\\nbi-ufiles\shared\Research-Groups\Mark-Banfield\Josh_Williams\Scoring_20Oct\Raf\_DSC2692.tif,3,3,1,1,5,0,992,1290,1027,1325
\\nbi-ufiles\shared\Research-Groups\Mark-Banfield\Josh_Williams\Scoring_20Oct\Raf\_DSC2692.tif,3,3,1,1,6,3,942,1210,779,1047
\\nbi-ufiles\shared\Research-Groups\Mark-Banfield\Josh_Williams\Scoring_20Oct\Raf\_DSC2692.tif,3,3,1,3,1,1,2262,2520,884,1142
\\nbi-ufiles\shared\Research-Groups\Mark-Banfield\Josh_Williams\Scoring_20Oct\Raf\_DSC2692.tif,3,3,1,3,2,0,2084,2370,1156,1442
\\nbi-ufiles\shared\Research-Groups\Mark-Banfield\Josh_Williams\Scoring_20Oct\Raf\_DSC2692.tif,3,3,1,3,3,0,2172,2490,1473,1791
\\nbi-ufiles\shared\Research-Groups\Mark-Banfield\Josh_Williams\Scoring_20Oct\Raf\_DSC2692.tif,3,3,1,3,4,0,2628,2926,1413,1711
\\nbi-ufiles\shared\Research-Groups\Mark-Banfield\Josh_Williams\Scoring_20Oct\Raf\_DSC2692.tif,3,3,1,3,5,0,2728,3044,1038,1354
\\nbi-ufiles\shared\Research-Groups\Mark-Banfield\Josh_Williams\Scoring_20Oct\Raf\_DSC2692.tif,3,3,1,3,6,0,2568,2826,829,1087
\\nbi-ufiles\shared\Research-Groups\Mark-Banfield\Josh_Williams\Scoring_20Oct\Raf\_DSC2692.tif,3,3,2,2,1,0,1474,1760,2510,2796
\\nbi-ufiles\shared\Research-Groups\Mark-Banfield\Josh_Williams\Scoring_20Oct\Raf\_DSC2692.tif,3,3,2,2,2,0,1433,1771,2876,3214
\\nbi-ufiles\shared\Research-Groups\Mark-Banfield\Josh_Williams\Scoring_20Oct\Raf\_DSC2692.tif,3,3,2,2,3,0,1558,1884,3185,3511
\\nbi-ufiles\shared\Research-Groups\Mark-Banfield\Josh_Williams\Scoring_20Oct\Raf\_DSC2692.tif,3,3,2,2,4,0,2152,2410,3069,3327
\\nbi-ufiles\shared\Research-Groups\Mark-Banfield\Josh_Williams\Scoring_20Oct\Raf\_DSC2692.tif,3,3,2,2,5,0,2034,2370,2654,2990
\\nbi-ufiles\shared\Research-Groups\Mark-Banfield\Josh_Williams\Scoring_20Oct\Raf\_DSC2692.tif,3,3,2,2,6,0,1736,2074,2360,2698
\\nbi-ufiles\shared\Research-Groups\Mark-Banfield\Josh_Williams\Scoring_20Oct\Raf\_DSC2692.tif,3,3,3,1,1,0,645,963,3600,3918
\\nbi-ufiles\shared\Research-Groups\Mark-Banfield\Josh_Williams\Scoring_20Oct\Raf\_DSC2692.tif,3,3,3,1,2,0,526,804,3937,4215
\\nbi-ufiles\shared\Research-Groups\Mark-Banfield\Josh_Williams\Scoring_20Oct\Raf\_DSC2692.tif,3,3,3,1,3,3,724,1062,4174,4512
\\nbi-ufiles\shared\Research-Groups\Mark-Banfield\Josh_Williams\Scoring_20Oct\Raf\_DSC2692.tif,3,3,3,1,4,3,1171,1527,4126,4482
\\nbi-ufiles\shared\Research-Groups\Mark-Banfield\Josh_Williams\Scoring_20Oct\Raf\_DSC2692.tif,3,3,3,1,5,0,1062,1390,3778,4106
\\nbi-ufiles\shared\Research-Groups\Mark-Banfield\Josh_Williams\Scoring_20Oct\Raf\_DSC2692.tif,3,3,3,1,6,0,913,1231,3500,3818
\\nbi-ufiles\shared\Research-Groups\Mark-Banfield\Josh_Williams\Scoring_20Oct\Raf\_DSC2692.tif,3,3,3,3,1,0,2811,3099,3500,3788
\\nbi-ufiles\shared\Research-Groups\Mark-Banfield\Josh_Williams\Scoring_20Oct\Raf\_DSC2692.tif,3,3,3,3,2,0,2648,2956,3828,4136
\\nbi-ufiles\shared\Research-Groups\Mark-Banfield\Josh_Williams\Scoring_20Oct\Raf\_DSC2692.tif,3,3,3,3,3,0,2758,3054,4141,4437
\\nbi-ufiles\shared\Research-Groups\Mark-Banfield\Josh_Williams\Scoring_20Oct\Raf\_DSC2692.tif,3,3,3,3,4,0,3164,3500,3957,4293
\\nbi-ufiles\shared\Research-Groups\Mark-Banfield\Josh_Williams\Scoring_20Oct\Raf\_DSC2692.tif,3,3,3,3,5,1,3184,3412,3778,4006
\\nbi-ufiles\shared\Research-Groups\Mark-Banfield\Josh_Williams\Scoring_20Oct\Raf\_DSC2692.tif,3,3,3,3,6,0,3084,3372,3485,3773
\\nbi-ufiles\shared\Research-Groups\Mark-Banfield\Josh_Williams\Scoring_20Oct\Raf\_DSC3041.TIF,3,2,1,1,1,3,744,1082,506,844
\\nbi-ufiles\shared\Research-Groups\Mark-Banfield\Josh_Williams\Scoring_20Oct\Raf\_DSC3041.TIF,3,2,1,1,2,3,556,894,982,1320
\\nbi-ufiles\shared\Research-Groups\Mark-Banfield\Josh_Williams\Scoring_20Oct\Raf\_DSC3041.TIF,3,2,1,1,3,3,656,1022,1305,1671
\\nbi-ufiles\shared\Research-Groups\Mark-Banfield\Josh_Williams\Scoring_20Oct\Raf\_DSC3041.TIF,3,2,1,1,4,0,1190,1568,1274,1652
\\nbi-ufiles\shared\Research-Groups\Mark-Banfield\Josh_Williams\Scoring_20Oct\Raf\_DSC3041.TIF,3,2,1,1,5,0,1270,1618,873,1221
\\nbi-ufiles\shared\Research-Groups\Mark-Banfield\Josh_Williams\Scoring_20Oct\Raf\_DSC3041.TIF,3,2,1,1,6,0,1112,1458,547,893
\\nbi-ufiles\shared\Research-Groups\Mark-Banfield\Josh_Williams\Scoring_20Oct\Raf\_DSC3041.TIF,3,2,1,2,1,0,2276,2634,774,1132
\\nbi-ufiles\shared\Research-Groups\Mark-Banfield\Josh_Williams\Scoring_20Oct\Raf\_DSC3041.TIF,3,2,1,2,2,1,2103,2449,1062,1408
\\nbi-ufiles\shared\Research-Groups\Mark-Banfield\Josh_Williams\Scoring_20Oct\Raf\_DSC3041.TIF,3,2,1,2,3,3,2192,2490,1488,1786
\\nbi-ufiles\shared\Research-Groups\Mark-Banfield\Josh_Williams\Scoring_20Oct\Raf\_DSC3041.TIF,3,2,1,2,4,0,2796,3114,1354,1672
\\nbi-ufiles\shared\Research-Groups\Mark-Banfield\Josh_Williams\Scoring_20Oct\Raf\_DSC3041.TIF,3,2,1,2,5,0,2886,3204,997,1315
\\nbi-ufiles\shared\Research-Groups\Mark-Banfield\Josh_Williams\Scoring_20Oct\Raf\_DSC3041.TIF,3,2,1,2,6,0,2558,2876,635,953
\\nbi-ufiles\shared\Research-Groups\Mark-Banfield\Josh_Williams\Scoring_20Oct\Raf\_DSC3041.TIF,3,2,2,1,1,1,962,1250,2072,2360
\\nbi-ufiles\shared\Research-Groups\Mark-Banfield\Josh_Williams\Scoring_20Oct\Raf\_DSC3041.TIF,3,2,2,1,2,0,834,1250,2351,2767
\\nbi-ufiles\shared\Research-Groups\Mark-Banfield\Josh_Williams\Scoring_20Oct\Raf\_DSC3041.TIF,3,2,2,1,3,0,650,1088,2796,3234
\\nbi-ufiles\shared\Research-Groups\Mark-Banfield\Josh_Williams\Scoring_20Oct\Raf\_DSC3041.TIF,3,2,2,1,4,1,1350,1716,2812,3178
\\nbi-ufiles\shared\Research-Groups\Mark-Banfield\Josh_Williams\Scoring_20Oct\Raf\_DSC3041.TIF,3,2,2,1,5,0,1360,1706,2490,2836
\\nbi-ufiles\shared\Research-Groups\Mark-Banfield\Josh_Williams\Scoring_20Oct\Raf\_DSC3041.TIF,3,2,2,1,6,6,1330,1568,2207,2445
\\nbi-ufiles\shared\Research-Groups\Mark-Banfield\Josh_Williams\Scoring_20Oct\Raf\_DSC3041.TIF,3,2,2,2,1,1,2540,2866,2213,2539
\\nbi-ufiles\shared\Research-Groups\Mark-Banfield\Josh_Williams\Scoring_20Oct\Raf\_DSC3041.TIF,3,2,2,2,2,0,2450,2748,2573,2871
\\nbi-ufiles\shared\Research-Groups\Mark-Banfield\Josh_Williams\Scoring_20Oct\Raf\_DSC3041.TIF,3,2,2,2,3,0,2500,2758,3034,3292
\\nbi-ufiles\shared\Research-Groups\Mark-Banfield\Josh_Williams\Scoring_20Oct\Raf\_DSC3041.TIF,3,2,2,2,4,0,2966,3282,2995,3311
\\nbi-ufiles\shared\Research-Groups\Mark-Banfield\Josh_Williams\Scoring_20Oct\Raf\_DSC3041.TIF,3,2,2,2,5,4,3024,3332,2608,2916
\\nbi-ufiles\shared\Research-Groups\Mark-Banfield\Josh_Williams\Scoring_20Oct\Raf\_DSC3041.TIF,3,2,2,2,6,0,2926,3262,2213,2549
\\nbi-ufiles\shared\Research-Groups\Mark-Banfield\Josh_Williams\Scoring_20Oct\Raf\_DSC3041.TIF,3,2,3,1,1,2,992,1370,3708,4086
\\nbi-ufiles\shared\Research-Groups\Mark-Banfield\Josh_Williams\Scoring_20Oct\Raf\_DSC3041.TIF,3,2,3,1,2,3,829,1137,4046,4354
\\nbi-ufiles\shared\Research-Groups\Mark-Banfield\Josh_Williams\Scoring_20Oct\Raf\_DSC3041.TIF,3,2,3,1,3,4,819,1127,4472,4780
\\nbi-ufiles\shared\Research-Groups\Mark-Banfield\Josh_Williams\Scoring_20Oct\Raf\_DSC3041.TIF,3,2,3,1,4,0,1398,1826,4362,4790
\\nbi-ufiles\shared\Research-Groups\Mark-Banfield\Josh_Williams\Scoring_20Oct\Raf\_DSC3041.TIF,3,2,3,1,5,4,1592,1890,3966,4264
\\nbi-ufiles\shared\Research-Groups\Mark-Banfield\Josh_Williams\Scoring_20Oct\Raf\_DSC3041.TIF,3,2,3,1,6,0,1295,1643,3728,4076
\\nbi-ufiles\shared\Research-Groups\Mark-Banfield\Josh_Williams\Scoring_20Oct\Raf\_DSC3041.TIF,3,2,3,2,1,0,2510,2836,3824,4150
\\nbi-ufiles\shared\Research-Groups\Mark-Banfield\Josh_Williams\Scoring_20Oct\Raf\_DSC3041.TIF,3,2,3,2,2,6,2410,2728,4101,4419
\\nbi-ufiles\shared\Research-Groups\Mark-Banfield\Josh_Williams\Scoring_20Oct\Raf\_DSC3041.TIF,3,2,3,2,3,0,2286,2624,4452,4790
\\nbi-ufiles\shared\Research-Groups\Mark-Banfield\Josh_Williams\Scoring_20Oct\Raf\_DSC3041.TIF,3,2,3,2,4,3,2986,3312,4369,4695
\\nbi-ufiles\shared\Research-Groups\Mark-Banfield\Josh_Williams\Scoring_20Oct\Raf\_DSC3041.TIF,3,2,3,2,5,1,2920,3268,3976,4324
\\nbi-ufiles\shared\Research-Groups\Mark-Banfield\Josh_Williams\Scoring_20Oct\Raf\_DSC3041.TIF,3,2,3,2,6,0,2786,3114,3718,4046
\\nbi-ufiles\shared\Research-Groups\Mark-Banfield\Josh_Williams\Scoring_20Oct\Raf\_DSC3535.TIF,3,3,1,2,1,4,1578,1904,587,913
\\nbi-ufiles\shared\Research-Groups\Mark-Banfield\Josh_Williams\Scoring_20Oct\Raf\_DSC3535.TIF,3,3,1,2,2,2,1319,1727,942,1350
\\nbi-ufiles\shared\Research-Groups\Mark-Banfield\Josh_Williams\Scoring_20Oct\Raf\_DSC3535.TIF,3,3,1,2,3,0,1340,1756,1434,1850
\\nbi-ufiles\shared\Research-Groups\Mark-Banfield\Josh_Williams\Scoring_20Oct\Raf\_DSC3535.TIF,3,3,1,2,4,0,2054,2460,1345,1751
\\nbi-ufiles\shared\Research-Groups\Mark-Banfield\Josh_Williams\Scoring_20Oct\Raf\_DSC3535.TIF,3,3,1,2,5,0,2073,2421,952,1300
\\nbi-ufiles\shared\Research-Groups\Mark-Banfield\Josh_Williams\Scoring_20Oct\Raf\_DSC3535.TIF,3,3,1,2,6,4,1914,2262,561,909
\\nbi-ufiles\shared\Research-Groups\Mark-Banfield\Josh_Williams\Scoring_20Oct\Raf\_DSC3535.TIF,3,3,2,1,1,5,814,1170,2034,2390
\\nbi-ufiles\shared\Research-Groups\Mark-Banfield\Josh_Williams\Scoring_20Oct\Raf\_DSC3535.TIF,3,3,2,1,2,4,616,934,2420,2738
\\nbi-ufiles\shared\Research-Groups\Mark-Banfield\Josh_Williams\Scoring_20Oct\Raf\_DSC3535.TIF,3,3,2,1,3,0,655,1013,2836,3194
\\nbi-ufiles\shared\Research-Groups\Mark-Banfield\Josh_Williams\Scoring_20Oct\Raf\_DSC3535.TIF,3,3,2,1,4,0,1310,1666,2792,3148
\\nbi-ufiles\shared\Research-Groups\Mark-Banfield\Josh_Williams\Scoring_20Oct\Raf\_DSC3535.TIF,3,3,2,1,5,1,1260,1646,2366,2752
\\nbi-ufiles\shared\Research-Groups\Mark-Banfield\Josh_Williams\Scoring_20Oct\Raf\_DSC3535.TIF,3,3,2,1,6,1,1117,1503,1954,2340
\\nbi-ufiles\shared\Research-Groups\Mark-Banfield\Josh_Williams\Scoring_20Oct\Raf\_DSC3535.TIF,3,3,2,3,1,0,2182,2530,2013,2361
\\nbi-ufiles\shared\Research-Groups\Mark-Banfield\Josh_Williams\Scoring_20Oct\Raf\_DSC3535.TIF,3,3,2,3,2,5,1994,2350,2465,2821
\\nbi-ufiles\shared\Research-Groups\Mark-Banfield\Josh_Williams\Scoring_20Oct\Raf\_DSC3535.TIF,3,3,2,3,3,1,2013,2341,2846,3174
\\nbi-ufiles\shared\Research-Groups\Mark-Banfield\Josh_Williams\Scoring_20Oct\Raf\_DSC3535.TIF,3,3,2,3,4,3,2728,3074,2792,3138
\\nbi-ufiles\shared\Research-Groups\Mark-Banfield\Josh_Williams\Scoring_20Oct\Raf\_DSC3535.TIF,3,3,2,3,5,0,2758,3134,2421,2797
\\nbi-ufiles\shared\Research-Groups\Mark-Banfield\Josh_Williams\Scoring_20Oct\Raf\_DSC3535.TIF,3,3,2,3,6,0,2540,2886,2004,2350
\\nbi-ufiles\shared\Research-Groups\Mark-Banfield\Josh_Williams\Scoring_20Oct\Raf\_DSC3535.TIF,3,3,3,1,1,0,774,1152,3708,4086
\\nbi-ufiles\shared\Research-Groups\Mark-Banfield\Josh_Williams\Scoring_20Oct\Raf\_DSC3535.TIF,3,3,3,1,2,3,566,972,4076,4482
\\nbi-ufiles\shared\Research-Groups\Mark-Banfield\Josh_Williams\Scoring_20Oct\Raf\_DSC3535.TIF,3,3,3,1,3,2,646,1022,4503,4879
\\nbi-ufiles\shared\Research-Groups\Mark-Banfield\Josh_Williams\Scoring_20Oct\Raf\_DSC3535.TIF,3,3,3,1,4,4,1260,1696,4483,4919
\\nbi-ufiles\shared\Research-Groups\Mark-Banfield\Josh_Williams\Scoring_20Oct\Raf\_DSC3535.TIF,3,3,3,1,5,0,1330,1736,4066,4472
\\nbi-ufiles\shared\Research-Groups\Mark-Banfield\Josh_Williams\Scoring_20Oct\Raf\_DSC3535.TIF,3,3,3,1,6,1,1160,1518,3684,4042
\\nbi-ufiles\shared\Research-Groups\Mark-Banfield\Josh_Williams\Scoring_20Oct\Raf\_DSC3535.TIF,3,3,3,3,1,0,2330,2658,3683,4011
\\nbi-ufiles\shared\Research-Groups\Mark-Banfield\Josh_Williams\Scoring_20Oct\Raf\_DSC3535.TIF,3,3,3,3,2,2,2132,2510,4016,4394
\\nbi-ufiles\shared\Research-Groups\Mark-Banfield\Josh_Williams\Scoring_20Oct\Raf\_DSC3535.TIF,3,3,3,3,3,3,2172,2500,4482,4810
\\nbi-ufiles\shared\Research-Groups\Mark-Banfield\Josh_Williams\Scoring_20Oct\Raf\_DSC3535.TIF,3,3,3,3,4,1,2778,3124,4458,4804
\\nbi-ufiles\shared\Research-Groups\Mark-Banfield\Josh_Williams\Scoring_20Oct\Raf\_DSC3535.TIF,3,3,3,3,5,4,2758,3144,4026,4412
\\nbi-ufiles\shared\Research-Groups\Mark-Banfield\Josh_Williams\Scoring_20Oct\Raf\_DSC3535.TIF,3,3,3,3,6,2,2678,3034,3699,4055
\\nbi-ufiles\shared\Research-Groups\Mark-Banfield\Josh_Williams\Scoring_20Oct\Raf\_DSC3538.TIF,3,3,1,2,1,1,1418,1736,541,859
\\nbi-ufiles\shared\Research-Groups\Mark-Banfield\Josh_Williams\Scoring_20Oct\Raf\_DSC3538.TIF,3,3,1,2,2,0,1250,1608,908,1266
\\nbi-ufiles\shared\Research-Groups\Mark-Banfield\Josh_Williams\Scoring_20Oct\Raf\_DSC3538.TIF,3,3,1,2,3,1,1260,1626,1285,1651
\\nbi-ufiles\shared\Research-Groups\Mark-Banfield\Josh_Williams\Scoring_20Oct\Raf\_DSC3538.TIF,3,3,1,2,4,0,1914,2282,1290,1658
\\nbi-ufiles\shared\Research-Groups\Mark-Banfield\Josh_Williams\Scoring_20Oct\Raf\_DSC3538.TIF,3,3,1,2,5,4,1970,2316,874,1220
\\nbi-ufiles\shared\Research-Groups\Mark-Banfield\Josh_Williams\Scoring_20Oct\Raf\_DSC3538.TIF,3,3,1,2,6,4,1766,2092,587,913
\\nbi-ufiles\shared\Research-Groups\Mark-Banfield\Josh_Williams\Scoring_20Oct\Raf\_DSC3538.TIF,3,3,2,1,1,0,844,1170,1757,2083
\\nbi-ufiles\shared\Research-Groups\Mark-Banfield\Josh_Williams\Scoring_20Oct\Raf\_DSC3538.TIF,3,3,2,1,2,0,506,834,2172,2500
\\nbi-ufiles\shared\Research-Groups\Mark-Banfield\Josh_Williams\Scoring_20Oct\Raf\_DSC3538.TIF,3,3,2,1,3,0,551,889,2628,2966
\\nbi-ufiles\shared\Research-Groups\Mark-Banfield\Josh_Williams\Scoring_20Oct\Raf\_DSC3538.TIF,3,3,2,1,4,0,1210,1498,2796,3084
\\nbi-ufiles\shared\Research-Groups\Mark-Banfield\Josh_Williams\Scoring_20Oct\Raf\_DSC3538.TIF,3,3,2,1,5,5,1309,1647,2360,2698
\\nbi-ufiles\shared\Research-Groups\Mark-Banfield\Josh_Williams\Scoring_20Oct\Raf\_DSC3538.TIF,3,3,2,1,6,6,1200,1588,1864,2252
\\nbi-ufiles\shared\Research-Groups\Mark-Banfield\Josh_Williams\Scoring_20Oct\Raf\_DSC3538.TIF,3,3,2,3,1,6,2292,2530,1864,2102
\\nbi-ufiles\shared\Research-Groups\Mark-Banfield\Josh_Williams\Scoring_20Oct\Raf\_DSC3538.TIF,3,3,2,3,2,2,1984,2370,2222,2608
\\nbi-ufiles\shared\Research-Groups\Mark-Banfield\Josh_Williams\Scoring_20Oct\Raf\_DSC3538.TIF,3,3,2,3,3,0,2084,2460,2649,3025
\\nbi-ufiles\shared\Research-Groups\Mark-Banfield\Josh_Williams\Scoring_20Oct\Raf\_DSC3538.TIF,3,3,2,3,4,0,2866,3262,2599,2995
\\nbi-ufiles\shared\Research-Groups\Mark-Banfield\Josh_Williams\Scoring_20Oct\Raf\_DSC3538.TIF,3,3,2,3,5,6,2826,3184,2187,2545
\\nbi-ufiles\shared\Research-Groups\Mark-Banfield\Josh_Williams\Scoring_20Oct\Raf\_DSC3538.TIF,3,3,2,3,6,0,2608,2956,1820,2168
\\nbi-ufiles\shared\Research-Groups\Mark-Banfield\Josh_Williams\Scoring_20Oct\Raf\_DSC3538.TIF,3,3,3,1,1,0,824,1092,3575,3843
\\nbi-ufiles\shared\Research-Groups\Mark-Banfield\Josh_Williams\Scoring_20Oct\Raf\_DSC3538.TIF,3,3,3,1,2,2,492,858,3848,4214
\\nbi-ufiles\shared\Research-Groups\Mark-Banfield\Josh_Williams\Scoring_20Oct\Raf\_DSC3538.TIF,3,3,3,1,3,0,536,894,4269,4627
\\nbi-ufiles\shared\Research-Groups\Mark-Banfield\Josh_Williams\Scoring_20Oct\Raf\_DSC3538.TIF,3,3,3,1,4,1,1190,1578,4288,4676
\\nbi-ufiles\shared\Research-Groups\Mark-Banfield\Josh_Williams\Scoring_20Oct\Raf\_DSC3538.TIF,3,3,3,1,5,0,1285,1631,3868,4214
\\nbi-ufiles\shared\Research-Groups\Mark-Banfield\Josh_Williams\Scoring_20Oct\Raf\_DSC3538.TIF,3,3,3,1,6,6,1062,1370,3530,3838
\\nbi-ufiles\shared\Research-Groups\Mark-Banfield\Josh_Williams\Scoring_20Oct\Raf\_DSC3538.TIF,3,3,3,3,1,0,2172,2530,3500,3858
\\nbi-ufiles\shared\Research-Groups\Mark-Banfield\Josh_Williams\Scoring_20Oct\Raf\_DSC3538.TIF,3,3,3,3,2,3,2014,2370,3913,4269
\\nbi-ufiles\shared\Research-Groups\Mark-Banfield\Josh_Williams\Scoring_20Oct\Raf\_DSC3538.TIF,3,3,3,3,3,2,2122,2440,4254,4572
\\nbi-ufiles\shared\Research-Groups\Mark-Banfield\Josh_Williams\Scoring_20Oct\Raf\_DSC3538.TIF,3,3,3,3,4,4,2748,3114,4280,4646
\\nbi-ufiles\shared\Research-Groups\Mark-Banfield\Josh_Williams\Scoring_20Oct\Raf\_DSC3538.TIF,3,3,3,3,5,1,2806,3184,3872,4250
\\nbi-ufiles\shared\Research-Groups\Mark-Banfield\Josh_Williams\Scoring_20Oct\Raf\_DSC3538.TIF,3,3,3,3,6,0,2644,3020,3462,3838
\\nbi-ufiles\shared\Research-Groups\Mark-Banfield\Josh_Williams\Scoring_20Oct\Raf\_DSC8103.tif,3,3,1,1,1,6,686,962,419,695
\\nbi-ufiles\shared\Research-Groups\Mark-Banfield\Josh_Williams\Scoring_20Oct\Raf\_DSC8103.tif,3,3,1,1,2,0,522,848,686,1012
\\nbi-ufiles\shared\Research-Groups\Mark-Banfield\Josh_Williams\Scoring_20Oct\Raf\_DSC8103.tif,3,3,1,1,3,0,556,914,1091,1449
\\nbi-ufiles\shared\Research-Groups\Mark-Banfield\Josh_Williams\Scoring_20Oct\Raf\_DSC8103.tif,3,3,1,1,4,0,1092,1508,1042,1458
\\nbi-ufiles\shared\Research-Groups\Mark-Banfield\Josh_Williams\Scoring_20Oct\Raf\_DSC8103.tif,3,3,1,1,5,6,1122,1360,804,1042
\\nbi-ufiles\shared\Research-Groups\Mark-Banfield\Josh_Williams\Scoring_20Oct\Raf\_DSC8103.tif,3,3,1,1,6,6,1122,1310,556,744
\\nbi-ufiles\shared\Research-Groups\Mark-Banfield\Josh_Williams\Scoring_20Oct\Raf\_DSC8103.tif,3,3,1,3,1,6,2491,2737,458,704
\\nbi-ufiles\shared\Research-Groups\Mark-Banfield\Josh_Williams\Scoring_20Oct\Raf\_DSC8103.tif,3,3,1,3,2,5,2340,2578,794,1032
\\nbi-ufiles\shared\Research-Groups\Mark-Banfield\Josh_Williams\Scoring_20Oct\Raf\_DSC8103.tif,3,3,1,3,3,0,2247,2663,1132,1548
\\nbi-ufiles\shared\Research-Groups\Mark-Banfield\Josh_Williams\Scoring_20Oct\Raf\_DSC8103.tif,3,3,1,3,4,0,2876,3262,1097,1483
\\nbi-ufiles\shared\Research-Groups\Mark-Banfield\Josh_Williams\Scoring_20Oct\Raf\_DSC8103.tif,3,3,1,3,5,0,2871,3189,704,1022
\\nbi-ufiles\shared\Research-Groups\Mark-Banfield\Josh_Williams\Scoring_20Oct\Raf\_DSC8103.tif,3,3,1,3,6,6,2738,2996,433,691
\\nbi-ufiles\shared\Research-Groups\Mark-Banfield\Josh_Williams\Scoring_20Oct\Raf\_DSC8103.tif,3,3,2,2,1,5,1380,1636,1965,2221
\\nbi-ufiles\shared\Research-Groups\Mark-Banfield\Josh_Williams\Scoring_20Oct\Raf\_DSC8103.tif,3,3,2,2,2,6,1270,1568,2267,2565
\\nbi-ufiles\shared\Research-Groups\Mark-Banfield\Josh_Williams\Scoring_20Oct\Raf\_DSC8103.tif,3,3,2,2,3,1,1290,1618,2603,2931
\\nbi-ufiles\shared\Research-Groups\Mark-Banfield\Josh_Williams\Scoring_20Oct\Raf\_DSC8103.tif,3,3,2,2,4,0,1914,2340,2500,2926
\\nbi-ufiles\shared\Research-Groups\Mark-Banfield\Josh_Williams\Scoring_20Oct\Raf\_DSC8103.tif,3,3,2,2,5,0,1874,2272,2137,2535
\\nbi-ufiles\shared\Research-Groups\Mark-Banfield\Josh_Williams\Scoring_20Oct\Raf\_DSC8103.tif,3,3,2,2,6,0,1752,2088,1836,2172
\\nbi-ufiles\shared\Research-Groups\Mark-Banfield\Josh_Williams\Scoring_20Oct\Raf\_DSC8103.tif,3,3,3,1,1,0,318,754,3333,3769
\\nbi-ufiles\shared\Research-Groups\Mark-Banfield\Josh_Williams\Scoring_20Oct\Raf\_DSC8103.tif,3,3,3,1,2,6,383,601,3788,4006
\\nbi-ufiles\shared\Research-Groups\Mark-Banfield\Josh_Williams\Scoring_20Oct\Raf\_DSC8103.tif,3,3,3,1,3,4,428,636,4061,4269
\\nbi-ufiles\shared\Research-Groups\Mark-Banfield\Josh_Williams\Scoring_20Oct\Raf\_DSC8103.tif,3,3,3,1,4,2,952,1230,3918,4196
\\nbi-ufiles\shared\Research-Groups\Mark-Banfield\Josh_Williams\Scoring_20Oct\Raf\_DSC8103.tif,3,3,3,1,5,0,868,1216,3530,3878
\\nbi-ufiles\shared\Research-Groups\Mark-Banfield\Josh_Williams\Scoring_20Oct\Raf\_DSC8103.tif,3,3,3,1,6,0,676,992,3194,3510
\\nbi-ufiles\shared\Research-Groups\Mark-Banfield\Josh_Williams\Scoring_20Oct\Raf\_DSC8103.tif,3,3,3,3,1,0,2510,2836,3219,3545
\\nbi-ufiles\shared\Research-Groups\Mark-Banfield\Josh_Williams\Scoring_20Oct\Raf\_DSC8103.tif,3,3,3,3,2,0,2292,2638,3596,3942
\\nbi-ufiles\shared\Research-Groups\Mark-Banfield\Josh_Williams\Scoring_20Oct\Raf\_DSC8103.tif,3,3,3,3,3,4,2370,2618,3976,4224
\\nbi-ufiles\shared\Research-Groups\Mark-Banfield\Josh_Williams\Scoring_20Oct\Raf\_DSC8103.tif,3,3,3,3,4,6,3084,3352,3823,4091
\\nbi-ufiles\shared\Research-Groups\Mark-Banfield\Josh_Williams\Scoring_20Oct\Raf\_DSC8103.tif,3,3,3,3,5,5,2996,3254,3560,3818
\\nbi-ufiles\shared\Research-Groups\Mark-Banfield\Josh_Williams\Scoring_20Oct\Raf\_DSC8103.tif,3,3,3,3,6,0,2892,3248,3164,3520
\\nbi-ufiles\shared\Research-Groups\Mark-Banfield\Josh_Williams\Scoring_20Oct\Raf\_DSC8105.tif,3,3,1,1,1,6,764,992,616,844
\\nbi-ufiles\shared\Research-Groups\Mark-Banfield\Josh_Williams\Scoring_20Oct\Raf\_DSC8105.tif,3,3,1,1,2,1,536,874,898,1236
\\nbi-ufiles\shared\Research-Groups\Mark-Banfield\Josh_Williams\Scoring_20Oct\Raf\_DSC8105.tif,3,3,1,1,3,0,542,928,1380,1766
\\nbi-ufiles\shared\Research-Groups\Mark-Banfield\Josh_Williams\Scoring_20Oct\Raf\_DSC8105.tif,3,3,1,1,4,0,1122,1558,1280,1716
\\nbi-ufiles\shared\Research-Groups\Mark-Banfield\Josh_Williams\Scoring_20Oct\Raf\_DSC8105.tif,3,3,1,1,5,0,1132,1588,740,1196
\\nbi-ufiles\shared\Research-Groups\Mark-Banfield\Josh_Williams\Scoring_20Oct\Raf\_DSC8105.tif,3,3,1,1,6,0,1097,1395,506,804
\\nbi-ufiles\shared\Research-Groups\Mark-Banfield\Josh_Williams\Scoring_20Oct\Raf\_DSC8105.tif,3,3,1,3,1,0,2253,2549,676,972
\\nbi-ufiles\shared\Research-Groups\Mark-Banfield\Josh_Williams\Scoring_20Oct\Raf\_DSC8105.tif,3,3,1,3,2,6,2331,2539,952,1160
\\nbi-ufiles\shared\Research-Groups\Mark-Banfield\Josh_Williams\Scoring_20Oct\Raf\_DSC8105.tif,3,3,1,3,3,1,2147,2445,1210,1508
\\nbi-ufiles\shared\Research-Groups\Mark-Banfield\Josh_Williams\Scoring_20Oct\Raf\_DSC8105.tif,3,3,1,3,4,0,2628,2986,1339,1697
\\nbi-ufiles\shared\Research-Groups\Mark-Banfield\Josh_Williams\Scoring_20Oct\Raf\_DSC8105.tif,3,3,1,3,5,0,2674,3000,924,1250
\\nbi-ufiles\shared\Research-Groups\Mark-Banfield\Josh_Williams\Scoring_20Oct\Raf\_DSC8105.tif,3,3,1,3,6,0,2593,2911,556,874
\\nbi-ufiles\shared\Research-Groups\Mark-Banfield\Josh_Williams\Scoring_20Oct\Raf\_DSC8105.tif,3,3,2,2,1,0,1380,1786,2044,2450
\\nbi-ufiles\shared\Research-Groups\Mark-Banfield\Josh_Williams\Scoring_20Oct\Raf\_DSC8105.tif,3,3,2,2,2,0,1240,1548,2479,2787
\\nbi-ufiles\shared\Research-Groups\Mark-Banfield\Josh_Williams\Scoring_20Oct\Raf\_DSC8105.tif,3,3,2,2,3,6,1413,1671,2906,3164
\\nbi-ufiles\shared\Research-Groups\Mark-Banfield\Josh_Williams\Scoring_20Oct\Raf\_DSC8105.tif,3,3,2,2,4,0,1924,2262,2786,3124
\\nbi-ufiles\shared\Research-Groups\Mark-Banfield\Josh_Williams\Scoring_20Oct\Raf\_DSC8105.tif,3,3,2,2,5,0,2013,2341,2360,2688
\\nbi-ufiles\shared\Research-Groups\Mark-Banfield\Josh_Williams\Scoring_20Oct\Raf\_DSC8105.tif,3,3,2,2,6,0,1786,2132,2049,2395
\\nbi-ufiles\shared\Research-Groups\Mark-Banfield\Josh_Williams\Scoring_20Oct\Raf\_DSC8105.tif,3,3,3,1,1,0,486,814,3287,3615
\\nbi-ufiles\shared\Research-Groups\Mark-Banfield\Josh_Williams\Scoring_20Oct\Raf\_DSC8105.tif,3,3,3,1,2,0,294,650,3700,4056
\\nbi-ufiles\shared\Research-Groups\Mark-Banfield\Josh_Williams\Scoring_20Oct\Raf\_DSC8105.tif,3,3,3,1,3,0,328,764,4170,4606
\\nbi-ufiles\shared\Research-Groups\Mark-Banfield\Josh_Williams\Scoring_20Oct\Raf\_DSC8105.tif,3,3,3,1,4,6,1042,1270,4046,4274
\\nbi-ufiles\shared\Research-Groups\Mark-Banfield\Josh_Williams\Scoring_20Oct\Raf\_DSC8105.tif,3,3,3,1,5,0,952,1200,3660,3908
\\nbi-ufiles\shared\Research-Groups\Mark-Banfield\Josh_Williams\Scoring_20Oct\Raf\_DSC8105.tif,3,3,3,1,6,0,834,1142,3262,3570
\\nbi-ufiles\shared\Research-Groups\Mark-Banfield\Josh_Williams\Scoring_20Oct\Raf\_DSC8105.tif,3,3,3,3,1,0,2598,2826,3312,3540
\\nbi-ufiles\shared\Research-Groups\Mark-Banfield\Josh_Williams\Scoring_20Oct\Raf\_DSC8105.tif,3,3,3,3,2,0,2420,2758,3595,3933
\\nbi-ufiles\shared\Research-Groups\Mark-Banfield\Josh_Williams\Scoring_20Oct\Raf\_DSC8105.tif,3,3,3,3,3,0,2395,2743,4006,4354
\\nbi-ufiles\shared\Research-Groups\Mark-Banfield\Josh_Williams\Scoring_20Oct\Raf\_DSC8105.tif,3,3,3,3,4,0,3015,3341,3918,4244
\\nbi-ufiles\shared\Research-Groups\Mark-Banfield\Josh_Williams\Scoring_20Oct\Raf\_DSC8105.tif,3,3,3,3,5,6,3034,3302,3600,3868
\\nbi-ufiles\shared\Research-Groups\Mark-Banfield\Josh_Williams\Scoring_20Oct\Raf\_DSC8105.tif,3,3,3,3,6,1,2926,3244,3287,3605
