img,maxrow,maxcol,row,col,pos,score,x1,x2,y1,y2
\\nbi-ufiles\shared\Research-Groups\Mark-Banfield\Josh_Williams\Scoring_20Oct\Yuxuan\DSC_0806.tif,3,3,1,1,1,0,401,707,264,570
\\nbi-ufiles\shared\Research-Groups\Mark-Banfield\Josh_Williams\Scoring_20Oct\Yuxuan\DSC_0806.tif,3,3,1,1,2,4,428,658,560,790
\\nbi-ufiles\shared\Research-Groups\Mark-Banfield\Josh_Williams\Scoring_20Oct\Yuxuan\DSC_0806.tif,3,3,1,1,3,4,363,617,990,1244
\\nbi-ufiles\shared\Research-Groups\Mark-Banfield\Josh_Williams\Scoring_20Oct\Yuxuan\DSC_0806.tif,3,3,1,1,4,5,822,1032,854,1064
\\nbi-ufiles\shared\Research-Groups\Mark-Banfield\Josh_Williams\Scoring_20Oct\Yuxuan\DSC_0806.tif,3,3,1,1,5,0,738,990,576,828
\\nbi-ufiles\shared\Research-Groups\Mark-Banfield\Josh_Williams\Scoring_20Oct\Yuxuan\DSC_0806.tif,3,3,1,1,6,0,723,923,286,486
\\nbi-ufiles\shared\Research-Groups\Mark-Banfield\Josh_Williams\Scoring_20Oct\Yuxuan\DSC_0806.tif,3,3,1,3,1,0,1743,1985,402,644
\\nbi-ufiles\shared\Research-Groups\Mark-Banfield\Josh_Williams\Scoring_20Oct\Yuxuan\DSC_0806.tif,3,3,1,3,2,0,1676,1928,644,896
\\nbi-ufiles\shared\Research-Groups\Mark-Banfield\Josh_Williams\Scoring_20Oct\Yuxuan\DSC_0806.tif,3,3,1,3,3,3,1612,1874,1076,1338
\\nbi-ufiles\shared\Research-Groups\Mark-Banfield\Josh_Williams\Scoring_20Oct\Yuxuan\DSC_0806.tif,3,3,1,3,4,6,2065,2329,948,1212
\\nbi-ufiles\shared\Research-Groups\Mark-Banfield\Josh_Williams\Scoring_20Oct\Yuxuan\DSC_0806.tif,3,3,1,3,5,6,2070,2302,686,918
\\nbi-ufiles\shared\Research-Groups\Mark-Banfield\Josh_Williams\Scoring_20Oct\Yuxuan\DSC_0806.tif,3,3,1,3,6,0,2076,2286,486,696
\\nbi-ufiles\shared\Research-Groups\Mark-Banfield\Josh_Williams\Scoring_20Oct\Yuxuan\DSC_0806.tif,3,3,2,2,1,0,1232,1476,1690,1934
\\nbi-ufiles\shared\Research-Groups\Mark-Banfield\Josh_Williams\Scoring_20Oct\Yuxuan\DSC_0806.tif,3,3,2,2,2,0,1107,1349,1950,2192
\\nbi-ufiles\shared\Research-Groups\Mark-Banfield\Josh_Williams\Scoring_20Oct\Yuxuan\DSC_0806.tif,3,3,2,2,3,0,1023,1265,2192,2434
\\nbi-ufiles\shared\Research-Groups\Mark-Banfield\Josh_Williams\Scoring_20Oct\Yuxuan\DSC_0806.tif,3,3,2,2,4,2,1506,1748,2207,2449
\\nbi-ufiles\shared\Research-Groups\Mark-Banfield\Josh_Williams\Scoring_20Oct\Yuxuan\DSC_0806.tif,3,3,2,2,5,5,1502,1722,1992,2212
\\nbi-ufiles\shared\Research-Groups\Mark-Banfield\Josh_Williams\Scoring_20Oct\Yuxuan\DSC_0806.tif,3,3,2,2,6,5,1506,1676,1774,1944
\\nbi-ufiles\shared\Research-Groups\Mark-Banfield\Josh_Williams\Scoring_20Oct\Yuxuan\DSC_0806.tif,3,3,3,1,1,6,570,780,3076,3286
\\nbi-ufiles\shared\Research-Groups\Mark-Banfield\Josh_Williams\Scoring_20Oct\Yuxuan\DSC_0806.tif,3,3,3,1,2,0,438,712,3286,3560
\\nbi-ufiles\shared\Research-Groups\Mark-Banfield\Josh_Williams\Scoring_20Oct\Yuxuan\DSC_0806.tif,3,3,3,1,3,0,380,696,3644,3960
\\nbi-ufiles\shared\Research-Groups\Mark-Banfield\Josh_Williams\Scoring_20Oct\Yuxuan\DSC_0806.tif,3,3,3,1,4,0,906,1222,3597,3913
\\nbi-ufiles\shared\Research-Groups\Mark-Banfield\Josh_Williams\Scoring_20Oct\Yuxuan\DSC_0806.tif,3,3,3,1,5,3,933,1185,3308,3560
\\nbi-ufiles\shared\Research-Groups\Mark-Banfield\Josh_Williams\Scoring_20Oct\Yuxuan\DSC_0806.tif,3,3,3,1,6,4,912,1154,3034,3276
\\nbi-ufiles\shared\Research-Groups\Mark-Banfield\Josh_Williams\Scoring_20Oct\Yuxuan\DSC_0806.tif,3,3,3,3,1,5,1997,2165,2918,3086
\\nbi-ufiles\shared\Research-Groups\Mark-Banfield\Josh_Williams\Scoring_20Oct\Yuxuan\DSC_0806.tif,3,3,3,3,2,4,1960,2150,3107,3297
\\nbi-ufiles\shared\Research-Groups\Mark-Banfield\Josh_Williams\Scoring_20Oct\Yuxuan\DSC_0806.tif,3,3,3,3,3,0,1933,2185,3402,3654
\\nbi-ufiles\shared\Research-Groups\Mark-Banfield\Josh_Williams\Scoring_20Oct\Yuxuan\DSC_0806.tif,3,3,3,3,4,0,2434,2686,3387,3639
\\nbi-ufiles\shared\Research-Groups\Mark-Banfield\Josh_Williams\Scoring_20Oct\Yuxuan\DSC_0806.tif,3,3,3,3,5,0,2350,2560,3076,3286
\\nbi-ufiles\shared\Research-Groups\Mark-Banfield\Josh_Williams\Scoring_20Oct\Yuxuan\DSC_0806.tif,3,3,3,3,6,2,2249,2449,2824,3024
\\nbi-ufiles\shared\Research-Groups\Mark-Banfield\Josh_Williams\Scoring_20Oct\Yuxuan\DSC_1173.tif,3,3,1,1,1,6,696,884,444,632
\\nbi-ufiles\shared\Research-Groups\Mark-Banfield\Josh_Williams\Scoring_20Oct\Yuxuan\DSC_1173.tif,3,3,1,1,2,0,496,770,632,906
\\nbi-ufiles\shared\Research-Groups\Mark-Banfield\Josh_Williams\Scoring_20Oct\Yuxuan\DSC_1173.tif,3,3,1,1,3,0,674,896,943,1165
\\nbi-ufiles\shared\Research-Groups\Mark-Banfield\Josh_Williams\Scoring_20Oct\Yuxuan\DSC_1173.tif,3,3,1,1,4,0,1138,1348,896,1106
\\nbi-ufiles\shared\Research-Groups\Mark-Banfield\Josh_Williams\Scoring_20Oct\Yuxuan\DSC_1173.tif,3,3,1,1,5,4,1032,1244,554,766
\\nbi-ufiles\shared\Research-Groups\Mark-Banfield\Josh_Williams\Scoring_20Oct\Yuxuan\DSC_1173.tif,3,3,1,1,6,5,917,1107,370,560
\\nbi-ufiles\shared\Research-Groups\Mark-Banfield\Josh_Williams\Scoring_20Oct\Yuxuan\DSC_1173.tif,3,3,1,3,1,6,2150,2318,454,622
\\nbi-ufiles\shared\Research-Groups\Mark-Banfield\Josh_Williams\Scoring_20Oct\Yuxuan\DSC_1173.tif,3,3,1,3,2,6,2023,2171,580,728
\\nbi-ufiles\shared\Research-Groups\Mark-Banfield\Josh_Williams\Scoring_20Oct\Yuxuan\DSC_1173.tif,3,3,1,3,3,0,2013,2255,844,1086
\\nbi-ufiles\shared\Research-Groups\Mark-Banfield\Josh_Williams\Scoring_20Oct\Yuxuan\DSC_1173.tif,3,3,1,3,4,0,2454,2666,826,1038
\\nbi-ufiles\shared\Research-Groups\Mark-Banfield\Josh_Williams\Scoring_20Oct\Yuxuan\DSC_1173.tif,3,3,1,3,5,1,2402,2592,559,749
\\nbi-ufiles\shared\Research-Groups\Mark-Banfield\Josh_Williams\Scoring_20Oct\Yuxuan\DSC_1173.tif,3,3,1,3,6,6,2328,2518,385,575
\\nbi-ufiles\shared\Research-Groups\Mark-Banfield\Josh_Williams\Scoring_20Oct\Yuxuan\DSC_1173.tif,3,3,2,2,1,4,1517,1717,1728,1928
\\nbi-ufiles\shared\Research-Groups\Mark-Banfield\Josh_Williams\Scoring_20Oct\Yuxuan\DSC_1173.tif,3,3,2,2,2,5,1449,1649,1950,2150
\\nbi-ufiles\shared\Research-Groups\Mark-Banfield\Josh_Williams\Scoring_20Oct\Yuxuan\DSC_1173.tif,3,3,2,2,3,6,1402,1580,2192,2370
\\nbi-ufiles\shared\Research-Groups\Mark-Banfield\Josh_Williams\Scoring_20Oct\Yuxuan\DSC_1173.tif,3,3,2,2,4,0,1906,2106,2175,2375
\\nbi-ufiles\shared\Research-Groups\Mark-Banfield\Josh_Williams\Scoring_20Oct\Yuxuan\DSC_1173.tif,3,3,2,2,5,0,1839,2049,1896,2106
\\nbi-ufiles\shared\Research-Groups\Mark-Banfield\Josh_Williams\Scoring_20Oct\Yuxuan\DSC_1173.tif,3,3,2,2,6,0,1780,1980,1691,1891
\\nbi-ufiles\shared\Research-Groups\Mark-Banfield\Josh_Williams\Scoring_20Oct\Yuxuan\DSC_1173.tif,3,3,3,1,1,0,548,738,2928,3118
\\nbi-ufiles\shared\Research-Groups\Mark-Banfield\Josh_Williams\Scoring_20Oct\Yuxuan\DSC_1173.tif,3,3,3,1,2,4,474,686,3138,3350
\\nbi-ufiles\shared\Research-Groups\Mark-Banfield\Josh_Williams\Scoring_20Oct\Yuxuan\DSC_1173.tif,3,3,3,1,3,5,481,659,3392,3570
\\nbi-ufiles\shared\Research-Groups\Mark-Banfield\Josh_Williams\Scoring_20Oct\Yuxuan\DSC_1173.tif,3,3,3,1,4,6,875,1097,3360,3582
\\nbi-ufiles\shared\Research-Groups\Mark-Banfield\Josh_Williams\Scoring_20Oct\Yuxuan\DSC_1173.tif,3,3,3,1,5,0,965,1175,3108,3318
\\nbi-ufiles\shared\Research-Groups\Mark-Banfield\Josh_Williams\Scoring_20Oct\Yuxuan\DSC_1173.tif,3,3,3,1,6,0,812,1012,2896,3096
\\nbi-ufiles\shared\Research-Groups\Mark-Banfield\Josh_Williams\Scoring_20Oct\Yuxuan\DSC_1173.tif,3,3,3,3,1,0,1959,2191,2928,3160
\\nbi-ufiles\shared\Research-Groups\Mark-Banfield\Josh_Williams\Scoring_20Oct\Yuxuan\DSC_1173.tif,3,3,3,3,2,0,1854,2128,3207,3481
\\nbi-ufiles\shared\Research-Groups\Mark-Banfield\Josh_Williams\Scoring_20Oct\Yuxuan\DSC_1173.tif,3,3,3,3,3,3,1812,2076,3480,3744
\\nbi-ufiles\shared\Research-Groups\Mark-Banfield\Josh_Williams\Scoring_20Oct\Yuxuan\DSC_1173.tif,3,3,3,3,4,5,2512,2734,3444,3666
\\nbi-ufiles\shared\Research-Groups\Mark-Banfield\Josh_Williams\Scoring_20Oct\Yuxuan\DSC_1173.tif,3,3,3,3,5,6,2396,2596,3182,3382
\\nbi-ufiles\shared\Research-Groups\Mark-Banfield\Josh_Williams\Scoring_20Oct\Yuxuan\DSC_1173.tif,3,3,3,3,6,0,2275,2497,2854,3076
\\nbi-ufiles\shared\Research-Groups\Mark-Banfield\Josh_Williams\Scoring_20Oct\Yuxuan\DSC_1176.tif,3,3,1,1,1,0,538,790,391,643
\\nbi-ufiles\shared\Research-Groups\Mark-Banfield\Josh_Williams\Scoring_20Oct\Yuxuan\DSC_1176.tif,3,3,1,1,2,3,550,780,644,874
\\nbi-ufiles\shared\Research-Groups\Mark-Banfield\Josh_Williams\Scoring_20Oct\Yuxuan\DSC_1176.tif,3,3,1,1,3,3,454,718,917,1181
\\nbi-ufiles\shared\Research-Groups\Mark-Banfield\Josh_Williams\Scoring_20Oct\Yuxuan\DSC_1176.tif,3,3,1,1,4,4,1012,1264,980,1232
\\nbi-ufiles\shared\Research-Groups\Mark-Banfield\Josh_Williams\Scoring_20Oct\Yuxuan\DSC_1176.tif,3,3,1,1,5,0,917,1171,632,886
\\nbi-ufiles\shared\Research-Groups\Mark-Banfield\Josh_Williams\Scoring_20Oct\Yuxuan\DSC_1176.tif,3,3,1,1,6,0,822,1064,338,580
\\nbi-ufiles\shared\Research-Groups\Mark-Banfield\Josh_Williams\Scoring_20Oct\Yuxuan\DSC_1176.tif,3,3,1,3,1,0,2064,2276,443,655
\\nbi-ufiles\shared\Research-Groups\Mark-Banfield\Josh_Williams\Scoring_20Oct\Yuxuan\DSC_1176.tif,3,3,1,3,2,0,1938,2150,717,929
\\nbi-ufiles\shared\Research-Groups\Mark-Banfield\Josh_Williams\Scoring_20Oct\Yuxuan\DSC_1176.tif,3,3,1,3,3,3,1860,2122,1118,1380
\\nbi-ufiles\shared\Research-Groups\Mark-Banfield\Josh_Williams\Scoring_20Oct\Yuxuan\DSC_1176.tif,3,3,1,3,4,5,2391,2665,1002,1276
\\nbi-ufiles\shared\Research-Groups\Mark-Banfield\Josh_Williams\Scoring_20Oct\Yuxuan\DSC_1176.tif,3,3,1,3,5,6,2402,2622,728,948
\\nbi-ufiles\shared\Research-Groups\Mark-Banfield\Josh_Williams\Scoring_20Oct\Yuxuan\DSC_1176.tif,3,3,1,3,6,0,2350,2560,454,664
\\nbi-ufiles\shared\Research-Groups\Mark-Banfield\Josh_Williams\Scoring_20Oct\Yuxuan\DSC_1176.tif,3,3,2,2,1,0,1412,1622,1686,1896
\\nbi-ufiles\shared\Research-Groups\Mark-Banfield\Josh_Williams\Scoring_20Oct\Yuxuan\DSC_1176.tif,3,3,2,2,2,0,1264,1496,1959,2191
\\nbi-ufiles\shared\Research-Groups\Mark-Banfield\Josh_Williams\Scoring_20Oct\Yuxuan\DSC_1176.tif,3,3,2,2,3,0,1196,1418,2264,2486
\\nbi-ufiles\shared\Research-Groups\Mark-Banfield\Josh_Williams\Scoring_20Oct\Yuxuan\DSC_1176.tif,3,3,2,2,4,1,1706,1950,2191,2435
\\nbi-ufiles\shared\Research-Groups\Mark-Banfield\Josh_Williams\Scoring_20Oct\Yuxuan\DSC_1176.tif,3,3,2,2,5,4,1701,1891,1980,2170
\\nbi-ufiles\shared\Research-Groups\Mark-Banfield\Josh_Williams\Scoring_20Oct\Yuxuan\DSC_1176.tif,3,3,2,2,6,6,1638,1808,1748,1918
\\nbi-ufiles\shared\Research-Groups\Mark-Banfield\Josh_Williams\Scoring_20Oct\Yuxuan\DSC_1176.tif,3,3,3,1,1,6,496,674,2792,2970
\\nbi-ufiles\shared\Research-Groups\Mark-Banfield\Josh_Williams\Scoring_20Oct\Yuxuan\DSC_1176.tif,3,3,3,1,2,0,328,580,3018,3270
\\nbi-ufiles\shared\Research-Groups\Mark-Banfield\Josh_Williams\Scoring_20Oct\Yuxuan\DSC_1176.tif,3,3,3,1,3,0,432,664,3386,3618
\\nbi-ufiles\shared\Research-Groups\Mark-Banfield\Josh_Williams\Scoring_20Oct\Yuxuan\DSC_1176.tif,3,3,3,1,4,0,874,1086,3260,3472
\\nbi-ufiles\shared\Research-Groups\Mark-Banfield\Josh_Williams\Scoring_20Oct\Yuxuan\DSC_1176.tif,3,3,3,1,5,4,864,1096,2933,3165
\\nbi-ufiles\shared\Research-Groups\Mark-Banfield\Josh_Williams\Scoring_20Oct\Yuxuan\DSC_1176.tif,3,3,3,1,6,6,780,990,2708,2918
\\nbi-ufiles\shared\Research-Groups\Mark-Banfield\Josh_Williams\Scoring_20Oct\Yuxuan\DSC_1176.tif,3,3,3,3,1,4,2159,2339,2728,2908
\\nbi-ufiles\shared\Research-Groups\Mark-Banfield\Josh_Williams\Scoring_20Oct\Yuxuan\DSC_1176.tif,3,3,3,3,2,5,2011,2223,2938,3150
\\nbi-ufiles\shared\Research-Groups\Mark-Banfield\Josh_Williams\Scoring_20Oct\Yuxuan\DSC_1176.tif,3,3,3,3,3,0,1992,2264,3229,3501
\\nbi-ufiles\shared\Research-Groups\Mark-Banfield\Josh_Williams\Scoring_20Oct\Yuxuan\DSC_1176.tif,3,3,3,3,4,0,2634,2876,3202,3444
\\nbi-ufiles\shared\Research-Groups\Mark-Banfield\Josh_Williams\Scoring_20Oct\Yuxuan\DSC_1176.tif,3,3,3,3,5,0,2528,2802,2970,3244
\\nbi-ufiles\shared\Research-Groups\Mark-Banfield\Josh_Williams\Scoring_20Oct\Yuxuan\DSC_1176.tif,3,3,3,3,6,2,2422,2644,2717,2939
\\nbi-ufiles\shared\Research-Groups\Mark-Banfield\Josh_Williams\Scoring_20Oct\Yuxuan\DSC_1346.tif,3,3,1,1,1,0,506,780,317,591
\\nbi-ufiles\shared\Research-Groups\Mark-Banfield\Josh_Williams\Scoring_20Oct\Yuxuan\DSC_1346.tif,3,3,1,1,2,0,390,602,638,850
\\nbi-ufiles\shared\Research-Groups\Mark-Banfield\Josh_Williams\Scoring_20Oct\Yuxuan\DSC_1346.tif,3,3,1,1,3,3,360,602,980,1222
\\nbi-ufiles\shared\Research-Groups\Mark-Banfield\Josh_Williams\Scoring_20Oct\Yuxuan\DSC_1346.tif,3,3,1,1,4,5,864,1096,996,1228
\\nbi-ufiles\shared\Research-Groups\Mark-Banfield\Josh_Williams\Scoring_20Oct\Yuxuan\DSC_1346.tif,3,3,1,1,5,6,1001,1223,738,960
\\nbi-ufiles\shared\Research-Groups\Mark-Banfield\Josh_Williams\Scoring_20Oct\Yuxuan\DSC_1346.tif,3,3,1,1,6,0,865,1139,432,706
\\nbi-ufiles\shared\Research-Groups\Mark-Banfield\Josh_Williams\Scoring_20Oct\Yuxuan\DSC_1346.tif,3,3,1,3,1,0,2012,2244,427,659
\\nbi-ufiles\shared\Research-Groups\Mark-Banfield\Josh_Williams\Scoring_20Oct\Yuxuan\DSC_1346.tif,3,3,1,3,2,0,1802,2044,644,886
\\nbi-ufiles\shared\Research-Groups\Mark-Banfield\Josh_Williams\Scoring_20Oct\Yuxuan\DSC_1346.tif,3,3,1,3,3,0,1743,1997,1032,1286
\\nbi-ufiles\shared\Research-Groups\Mark-Banfield\Josh_Williams\Scoring_20Oct\Yuxuan\DSC_1346.tif,3,3,1,3,4,2,2328,2570,985,1227
\\nbi-ufiles\shared\Research-Groups\Mark-Banfield\Josh_Williams\Scoring_20Oct\Yuxuan\DSC_1346.tif,3,3,1,3,5,5,2243,2465,738,960
\\nbi-ufiles\shared\Research-Groups\Mark-Banfield\Josh_Williams\Scoring_20Oct\Yuxuan\DSC_1346.tif,3,3,1,3,6,6,2281,2491,444,654
\\nbi-ufiles\shared\Research-Groups\Mark-Banfield\Josh_Williams\Scoring_20Oct\Yuxuan\DSC_1346.tif,3,3,2,2,1,6,1296,1476,1727,1907
\\nbi-ufiles\shared\Research-Groups\Mark-Banfield\Josh_Williams\Scoring_20Oct\Yuxuan\DSC_1346.tif,3,3,2,2,2,0,1222,1506,2029,2313
\\nbi-ufiles\shared\Research-Groups\Mark-Banfield\Josh_Williams\Scoring_20Oct\Yuxuan\DSC_1346.tif,3,3,2,2,3,0,1227,1491,2328,2592
\\nbi-ufiles\shared\Research-Groups\Mark-Banfield\Josh_Williams\Scoring_20Oct\Yuxuan\DSC_1346.tif,3,3,2,2,4,0,1706,1960,2201,2455
\\nbi-ufiles\shared\Research-Groups\Mark-Banfield\Josh_Williams\Scoring_20Oct\Yuxuan\DSC_1346.tif,3,3,2,2,5,4,1676,1896,1934,2154
\\nbi-ufiles\shared\Research-Groups\Mark-Banfield\Josh_Williams\Scoring_20Oct\Yuxuan\DSC_1346.tif,3,3,2,2,6,5,1570,1792,1675,1897
\\nbi-ufiles\shared\Research-Groups\Mark-Banfield\Josh_Williams\Scoring_20Oct\Yuxuan\DSC_1346.tif,3,3,3,1,1,4,544,744,2824,3024
\\nbi-ufiles\shared\Research-Groups\Mark-Banfield\Josh_Williams\Scoring_20Oct\Yuxuan\DSC_1346.tif,3,3,3,1,2,4,485,665,3054,3234
\\nbi-ufiles\shared\Research-Groups\Mark-Banfield\Josh_Williams\Scoring_20Oct\Yuxuan\DSC_1346.tif,3,3,3,1,3,0,428,722,3402,3696
\\nbi-ufiles\shared\Research-Groups\Mark-Banfield\Josh_Williams\Scoring_20Oct\Yuxuan\DSC_1346.tif,3,3,3,1,4,0,980,1222,3350,3592
\\nbi-ufiles\shared\Research-Groups\Mark-Banfield\Josh_Williams\Scoring_20Oct\Yuxuan\DSC_1346.tif,3,3,3,1,5,0,874,1138,3039,3303
\\nbi-ufiles\shared\Research-Groups\Mark-Banfield\Josh_Williams\Scoring_20Oct\Yuxuan\DSC_1346.tif,3,3,3,1,6,1,802,1012,2792,3002
\\nbi-ufiles\shared\Research-Groups\Mark-Banfield\Josh_Williams\Scoring_20Oct\Yuxuan\DSC_1346.tif,3,3,3,3,1,3,2058,2270,2780,2992
\\nbi-ufiles\shared\Research-Groups\Mark-Banfield\Josh_Williams\Scoring_20Oct\Yuxuan\DSC_1346.tif,3,3,3,3,2,5,1896,2138,3018,3260
\\nbi-ufiles\shared\Research-Groups\Mark-Banfield\Josh_Williams\Scoring_20Oct\Yuxuan\DSC_1346.tif,3,3,3,3,3,4,1928,2160,3391,3623
\\nbi-ufiles\shared\Research-Groups\Mark-Banfield\Josh_Williams\Scoring_20Oct\Yuxuan\DSC_1346.tif,3,3,3,3,4,0,2508,2770,3239,3501
\\nbi-ufiles\shared\Research-Groups\Mark-Banfield\Josh_Williams\Scoring_20Oct\Yuxuan\DSC_1346.tif,3,3,3,3,5,0,2434,2666,2923,3155
\\nbi-ufiles\shared\Research-Groups\Mark-Banfield\Josh_Williams\Scoring_20Oct\Yuxuan\DSC_1346.tif,3,3,3,3,6,0,2338,2560,2649,2871
\\nbi-ufiles\shared\Research-Groups\Mark-Banfield\Josh_Williams\Scoring_20Oct\Yuxuan\DSC_1347.tif,3,3,1,1,1,0,560,802,212,454
\\nbi-ufiles\shared\Research-Groups\Mark-Banfield\Josh_Williams\Scoring_20Oct\Yuxuan\DSC_1347.tif,3,3,1,1,2,2,480,712,506,738
\\nbi-ufiles\shared\Research-Groups\Mark-Banfield\Josh_Williams\Scoring_20Oct\Yuxuan\DSC_1347.tif,3,3,1,1,3,3,448,690,844,1086
\\nbi-ufiles\shared\Research-Groups\Mark-Banfield\Josh_Williams\Scoring_20Oct\Yuxuan\DSC_1347.tif,3,3,1,1,4,3,949,1171,780,1002
\\nbi-ufiles\shared\Research-Groups\Mark-Banfield\Josh_Williams\Scoring_20Oct\Yuxuan\DSC_1347.tif,3,3,1,1,5,0,928,1180,512,764
\\nbi-ufiles\shared\Research-Groups\Mark-Banfield\Josh_Williams\Scoring_20Oct\Yuxuan\DSC_1347.tif,3,3,1,1,6,0,906,1118,253,465
\\nbi-ufiles\shared\Research-Groups\Mark-Banfield\Josh_Williams\Scoring_20Oct\Yuxuan\DSC_1347.tif,3,3,1,3,1,0,1934,2186,338,590
\\nbi-ufiles\shared\Research-Groups\Mark-Banfield\Josh_Williams\Scoring_20Oct\Yuxuan\DSC_1347.tif,3,3,1,3,2,0,1844,2076,633,865
\\nbi-ufiles\shared\Research-Groups\Mark-Banfield\Josh_Williams\Scoring_20Oct\Yuxuan\DSC_1347.tif,3,3,1,3,3,0,1864,2096,1022,1254
\\nbi-ufiles\shared\Research-Groups\Mark-Banfield\Josh_Williams\Scoring_20Oct\Yuxuan\DSC_1347.tif,3,3,1,3,4,4,2307,2561,822,1076
\\nbi-ufiles\shared\Research-Groups\Mark-Banfield\Josh_Williams\Scoring_20Oct\Yuxuan\DSC_1347.tif,3,3,1,3,5,5,2380,2612,590,822
\\nbi-ufiles\shared\Research-Groups\Mark-Banfield\Josh_Williams\Scoring_20Oct\Yuxuan\DSC_1347.tif,3,3,1,3,6,0,2308,2528,365,585
\\nbi-ufiles\shared\Research-Groups\Mark-Banfield\Josh_Williams\Scoring_20Oct\Yuxuan\DSC_1347.tif,3,3,2,2,1,0,1476,1696,1671,1891
\\nbi-ufiles\shared\Research-Groups\Mark-Banfield\Josh_Williams\Scoring_20Oct\Yuxuan\DSC_1347.tif,3,3,2,2,2,0,1401,1645,1906,2150
\\nbi-ufiles\shared\Research-Groups\Mark-Banfield\Josh_Williams\Scoring_20Oct\Yuxuan\DSC_1347.tif,3,3,2,2,3,0,1238,1480,2234,2476
\\nbi-ufiles\shared\Research-Groups\Mark-Banfield\Josh_Williams\Scoring_20Oct\Yuxuan\DSC_1347.tif,3,3,2,2,4,1,1760,2012,2128,2380
\\nbi-ufiles\shared\Research-Groups\Mark-Banfield\Josh_Williams\Scoring_20Oct\Yuxuan\DSC_1347.tif,3,3,2,2,5,4,1738,1960,1895,2117
\\nbi-ufiles\shared\Research-Groups\Mark-Banfield\Josh_Williams\Scoring_20Oct\Yuxuan\DSC_1347.tif,3,3,2,2,6,6,1706,1896,1685,1875
\\nbi-ufiles\shared\Research-Groups\Mark-Banfield\Josh_Williams\Scoring_20Oct\Yuxuan\DSC_1347.tif,3,3,3,1,1,6,611,823,2738,2950
\\nbi-ufiles\shared\Research-Groups\Mark-Banfield\Josh_Williams\Scoring_20Oct\Yuxuan\DSC_1347.tif,3,3,3,1,2,0,412,674,2998,3260
\\nbi-ufiles\shared\Research-Groups\Mark-Banfield\Josh_Williams\Scoring_20Oct\Yuxuan\DSC_1347.tif,3,3,3,1,3,0,454,706,3276,3528
\\nbi-ufiles\shared\Research-Groups\Mark-Banfield\Josh_Williams\Scoring_20Oct\Yuxuan\DSC_1347.tif,3,3,3,1,4,0,886,1128,3203,3445
\\nbi-ufiles\shared\Research-Groups\Mark-Banfield\Josh_Williams\Scoring_20Oct\Yuxuan\DSC_1347.tif,3,3,3,1,5,3,976,1164,2950,3138
\\nbi-ufiles\shared\Research-Groups\Mark-Banfield\Josh_Williams\Scoring_20Oct\Yuxuan\DSC_1347.tif,3,3,3,1,6,5,833,1043,2770,2980
\\nbi-ufiles\shared\Research-Groups\Mark-Banfield\Josh_Williams\Scoring_20Oct\Yuxuan\DSC_1347.tif,3,3,3,3,1,5,2222,2412,3013,3203
\\nbi-ufiles\shared\Research-Groups\Mark-Banfield\Josh_Williams\Scoring_20Oct\Yuxuan\DSC_1347.tif,3,3,3,3,2,6,2138,2318,3223,3403
\\nbi-ufiles\shared\Research-Groups\Mark-Banfield\Josh_Williams\Scoring_20Oct\Yuxuan\DSC_1347.tif,3,3,3,3,3,0,2150,2380,3471,3701
\\nbi-ufiles\shared\Research-Groups\Mark-Banfield\Josh_Williams\Scoring_20Oct\Yuxuan\DSC_1347.tif,3,3,3,3,4,0,2602,2854,3439,3691
\\nbi-ufiles\shared\Research-Groups\Mark-Banfield\Josh_Williams\Scoring_20Oct\Yuxuan\DSC_1347.tif,3,3,3,3,5,0,2602,2834,3155,3387
\\nbi-ufiles\shared\Research-Groups\Mark-Banfield\Josh_Williams\Scoring_20Oct\Yuxuan\DSC_1347.tif,3,3,3,3,6,3,2476,2686,2923,3133
\\nbi-ufiles\shared\Research-Groups\Mark-Banfield\Josh_Williams\Scoring_20Oct\Yuxuan\DSC_2394.tif,3,3,1,1,2,3,596,818,422,644
\\nbi-ufiles\shared\Research-Groups\Mark-Banfield\Josh_Williams\Scoring_20Oct\Yuxuan\DSC_2394.tif,3,3,1,1,3,0,516,728,680,892
\\nbi-ufiles\shared\Research-Groups\Mark-Banfield\Josh_Williams\Scoring_20Oct\Yuxuan\DSC_2394.tif,3,3,1,1,4,0,654,822,896,1064
\\nbi-ufiles\shared\Research-Groups\Mark-Banfield\Josh_Williams\Scoring_20Oct\Yuxuan\DSC_2394.tif,3,3,1,1,5,0,918,1096,733,911
\\nbi-ufiles\shared\Research-Groups\Mark-Banfield\Josh_Williams\Scoring_20Oct\Yuxuan\DSC_2394.tif,3,3,1,2,1,5,880,1122,486,728
\\nbi-ufiles\shared\Research-Groups\Mark-Banfield\Josh_Williams\Scoring_20Oct\Yuxuan\DSC_2394.tif,3,3,1,3,1,5,1817,2007,454,644
\\nbi-ufiles\shared\Research-Groups\Mark-Banfield\Josh_Williams\Scoring_20Oct\Yuxuan\DSC_2394.tif,3,3,1,3,2,1,1765,1997,706,938
\\nbi-ufiles\shared\Research-Groups\Mark-Banfield\Josh_Williams\Scoring_20Oct\Yuxuan\DSC_2394.tif,3,3,1,3,3,0,1844,2034,959,1149
\\nbi-ufiles\shared\Research-Groups\Mark-Banfield\Josh_Williams\Scoring_20Oct\Yuxuan\DSC_2394.tif,3,3,1,3,4,0,2180,2434,701,955
\\nbi-ufiles\shared\Research-Groups\Mark-Banfield\Josh_Williams\Scoring_20Oct\Yuxuan\DSC_2394.tif,3,3,1,3,5,0,2138,2328,422,612
\\nbi-ufiles\shared\Research-Groups\Mark-Banfield\Josh_Williams\Scoring_20Oct\Yuxuan\DSC_2394.tif,3,3,2,2,1,0,1328,1560,1602,1834
\\nbi-ufiles\shared\Research-Groups\Mark-Banfield\Josh_Williams\Scoring_20Oct\Yuxuan\DSC_2394.tif,3,3,2,2,2,3,1196,1418,1854,2076
\\nbi-ufiles\shared\Research-Groups\Mark-Banfield\Josh_Williams\Scoring_20Oct\Yuxuan\DSC_2394.tif,3,3,2,2,3,0,1244,1538,2128,2422
\\nbi-ufiles\shared\Research-Groups\Mark-Banfield\Josh_Williams\Scoring_20Oct\Yuxuan\DSC_2394.tif,3,3,2,2,4,0,1748,2054,2028,2334
\\nbi-ufiles\shared\Research-Groups\Mark-Banfield\Josh_Williams\Scoring_20Oct\Yuxuan\DSC_2394.tif,3,3,2,2,5,0,1643,1907,1686,1950
\\nbi-ufiles\shared\Research-Groups\Mark-Banfield\Josh_Williams\Scoring_20Oct\Yuxuan\DSC_2394.tif,3,3,3,1,1,0,580,832,2881,3133
\\nbi-ufiles\shared\Research-Groups\Mark-Banfield\Josh_Williams\Scoring_20Oct\Yuxuan\DSC_2394.tif,3,3,3,1,2,0,496,748,3171,3423
\\nbi-ufiles\shared\Research-Groups\Mark-Banfield\Josh_Williams\Scoring_20Oct\Yuxuan\DSC_2394.tif,3,3,3,1,3,3,554,828,3434,3708
\\nbi-ufiles\shared\Research-Groups\Mark-Banfield\Josh_Williams\Scoring_20Oct\Yuxuan\DSC_2394.tif,3,3,3,1,4,0,1044,1318,3254,3528
\\nbi-ufiles\shared\Research-Groups\Mark-Banfield\Josh_Williams\Scoring_20Oct\Yuxuan\DSC_2394.tif,3,3,3,1,5,0,933,1185,2918,3170
\\nbi-ufiles\shared\Research-Groups\Mark-Banfield\Josh_Williams\Scoring_20Oct\Yuxuan\DSC_2394.tif,3,3,3,3,1,0,2276,2486,2897,3107
\\nbi-ufiles\shared\Research-Groups\Mark-Banfield\Josh_Williams\Scoring_20Oct\Yuxuan\DSC_2394.tif,3,3,3,3,2,0,2134,2376,3108,3350
\\nbi-ufiles\shared\Research-Groups\Mark-Banfield\Josh_Williams\Scoring_20Oct\Yuxuan\DSC_2394.tif,3,3,3,3,3,0,2160,2350,3338,3528
\\nbi-ufiles\shared\Research-Groups\Mark-Banfield\Josh_Williams\Scoring_20Oct\Yuxuan\DSC_2394.tif,3,3,3,3,4,5,2518,2760,3224,3466
\\nbi-ufiles\shared\Research-Groups\Mark-Banfield\Josh_Williams\Scoring_20Oct\Yuxuan\DSC_2394.tif,3,3,3,3,5,4,2501,2745,2980,3224
\\nbi-ufiles\shared\Research-Groups\Mark-Banfield\Josh_Williams\Scoring_20Oct\Yuxuan\DSC_2396.tif,3,3,1,1,1,3,685,895,370,580
\\nbi-ufiles\shared\Research-Groups\Mark-Banfield\Josh_Williams\Scoring_20Oct\Yuxuan\DSC_2396.tif,3,3,1,1,2,0,602,802,617,817
\\nbi-ufiles\shared\Research-Groups\Mark-Banfield\Josh_Williams\Scoring_20Oct\Yuxuan\DSC_2396.tif,3,3,1,1,3,0,643,843,864,1064
\\nbi-ufiles\shared\Research-Groups\Mark-Banfield\Josh_Williams\Scoring_20Oct\Yuxuan\DSC_2396.tif,3,3,1,1,4,0,970,1170,706,906
\\nbi-ufiles\shared\Research-Groups\Mark-Banfield\Josh_Williams\Scoring_20Oct\Yuxuan\DSC_2396.tif,3,3,1,1,5,0,927,1149,432,654
\\nbi-ufiles\shared\Research-Groups\Mark-Banfield\Josh_Williams\Scoring_20Oct\Yuxuan\DSC_2396.tif,3,3,1,3,1,3,1950,2192,433,675
\\nbi-ufiles\shared\Research-Groups\Mark-Banfield\Josh_Williams\Scoring_20Oct\Yuxuan\DSC_2396.tif,3,3,1,3,2,0,1854,2106,692,944
\\nbi-ufiles\shared\Research-Groups\Mark-Banfield\Josh_Williams\Scoring_20Oct\Yuxuan\DSC_2396.tif,3,3,1,3,3,0,1938,2180,927,1169
\\nbi-ufiles\shared\Research-Groups\Mark-Banfield\Josh_Williams\Scoring_20Oct\Yuxuan\DSC_2396.tif,3,3,1,3,4,0,2307,2571,706,970
\\nbi-ufiles\shared\Research-Groups\Mark-Banfield\Josh_Williams\Scoring_20Oct\Yuxuan\DSC_2396.tif,3,3,1,3,5,5,2243,2465,432,654
\\nbi-ufiles\shared\Research-Groups\Mark-Banfield\Josh_Williams\Scoring_20Oct\Yuxuan\DSC_2396.tif,3,3,2,2,1,0,1254,1444,1802,1992
\\nbi-ufiles\shared\Research-Groups\Mark-Banfield\Josh_Williams\Scoring_20Oct\Yuxuan\DSC_2396.tif,3,3,2,2,2,5,1202,1422,2023,2243
\\nbi-ufiles\shared\Research-Groups\Mark-Banfield\Josh_Williams\Scoring_20Oct\Yuxuan\DSC_2396.tif,3,3,2,2,3,3,1338,1538,2228,2428
\\nbi-ufiles\shared\Research-Groups\Mark-Banfield\Josh_Williams\Scoring_20Oct\Yuxuan\DSC_2396.tif,3,3,2,2,4,0,1612,1896,1986,2270
\\nbi-ufiles\shared\Research-Groups\Mark-Banfield\Josh_Williams\Scoring_20Oct\Yuxuan\DSC_2396.tif,3,3,2,2,5,0,1506,1780,1712,1986
\\nbi-ufiles\shared\Research-Groups\Mark-Banfield\Josh_Williams\Scoring_20Oct\Yuxuan\DSC_2396.tif,3,3,3,1,1,0,606,838,2970,3202
\\nbi-ufiles\shared\Research-Groups\Mark-Banfield\Josh_Williams\Scoring_20Oct\Yuxuan\DSC_2396.tif,3,3,3,1,2,0,516,738,3333,3555
\\nbi-ufiles\shared\Research-Groups\Mark-Banfield\Josh_Williams\Scoring_20Oct\Yuxuan\DSC_2396.tif,3,3,3,1,3,3,622,864,3634,3876
\\nbi-ufiles\shared\Research-Groups\Mark-Banfield\Josh_Williams\Scoring_20Oct\Yuxuan\DSC_2396.tif,3,3,3,1,4,0,1032,1348,3328,3644
\\nbi-ufiles\shared\Research-Groups\Mark-Banfield\Josh_Williams\Scoring_20Oct\Yuxuan\DSC_2396.tif,3,3,3,1,5,0,896,1170,3033,3307
\\nbi-ufiles\shared\Research-Groups\Mark-Banfield\Josh_Williams\Scoring_20Oct\Yuxuan\DSC_2396.tif,3,3,3,3,1,0,2123,2355,3138,3370
\\nbi-ufiles\shared\Research-Groups\Mark-Banfield\Josh_Williams\Scoring_20Oct\Yuxuan\DSC_2396.tif,3,3,3,3,2,0,2086,2338,3402,3654
\\nbi-ufiles\shared\Research-Groups\Mark-Banfield\Josh_Williams\Scoring_20Oct\Yuxuan\DSC_2396.tif,3,3,3,3,3,0,2128,2402,3650,3924
\\nbi-ufiles\shared\Research-Groups\Mark-Banfield\Josh_Williams\Scoring_20Oct\Yuxuan\DSC_2396.tif,3,3,3,3,4,4,2517,2781,3454,3718
\\nbi-ufiles\shared\Research-Groups\Mark-Banfield\Josh_Williams\Scoring_20Oct\Yuxuan\DSC_2396.tif,3,3,3,3,5,0,2444,2708,3154,3418
\\nbi-ufiles\shared\Research-Groups\Mark-Banfield\Josh_Williams\Scoring_20Oct\Yuxuan\DSC_2451.tif,3,3,1,1,1,2,1027,1237,412,622
\\nbi-ufiles\shared\Research-Groups\Mark-Banfield\Josh_Williams\Scoring_20Oct\Yuxuan\DSC_2451.tif,3,3,1,1,2,0,843,1033,632,822
\\nbi-ufiles\shared\Research-Groups\Mark-Banfield\Josh_Williams\Scoring_20Oct\Yuxuan\DSC_2451.tif,3,3,1,1,3,0,864,1096,843,1075
\\nbi-ufiles\shared\Research-Groups\Mark-Banfield\Josh_Williams\Scoring_20Oct\Yuxuan\DSC_2451.tif,3,3,1,1,4,0,1234,1444,718,928
\\nbi-ufiles\shared\Research-Groups\Mark-Banfield\Josh_Williams\Scoring_20Oct\Yuxuan\DSC_2451.tif,3,3,1,1,5,6,1201,1433,474,706
\\nbi-ufiles\shared\Research-Groups\Mark-Banfield\Josh_Williams\Scoring_20Oct\Yuxuan\DSC_2451.tif,3,3,1,3,1,6,2123,2291,602,770
\\nbi-ufiles\shared\Research-Groups\Mark-Banfield\Josh_Williams\Scoring_20Oct\Yuxuan\DSC_2451.tif,3,3,1,3,2,3,2054,2234,774,954
\\nbi-ufiles\shared\Research-Groups\Mark-Banfield\Josh_Williams\Scoring_20Oct\Yuxuan\DSC_2451.tif,3,3,1,3,3,0,2044,2286,985,1227
\\nbi-ufiles\shared\Research-Groups\Mark-Banfield\Josh_Williams\Scoring_20Oct\Yuxuan\DSC_2451.tif,3,3,1,3,4,0,2401,2613,948,1160
\\nbi-ufiles\shared\Research-Groups\Mark-Banfield\Josh_Williams\Scoring_20Oct\Yuxuan\DSC_2451.tif,3,3,1,3,5,0,2322,2534,632,844
\\nbi-ufiles\shared\Research-Groups\Mark-Banfield\Josh_Williams\Scoring_20Oct\Yuxuan\DSC_2451.tif,3,3,2,2,1,0,1476,1676,1638,1838
\\nbi-ufiles\shared\Research-Groups\Mark-Banfield\Josh_Williams\Scoring_20Oct\Yuxuan\DSC_2451.tif,3,3,2,2,2,6,1401,1613,1822,2034
\\nbi-ufiles\shared\Research-Groups\Mark-Banfield\Josh_Williams\Scoring_20Oct\Yuxuan\DSC_2451.tif,3,3,2,2,3,3,1407,1617,2076,2286
\\nbi-ufiles\shared\Research-Groups\Mark-Banfield\Josh_Williams\Scoring_20Oct\Yuxuan\DSC_2451.tif,3,3,2,2,4,0,1786,2050,1928,2192
\\nbi-ufiles\shared\Research-Groups\Mark-Banfield\Josh_Williams\Scoring_20Oct\Yuxuan\DSC_2451.tif,3,3,2,2,5,0,1723,1975,1654,1906
\\nbi-ufiles\shared\Research-Groups\Mark-Banfield\Josh_Williams\Scoring_20Oct\Yuxuan\DSC_2451.tif,3,3,3,1,1,0,938,1192,2770,3024
\\nbi-ufiles\shared\Research-Groups\Mark-Banfield\Josh_Williams\Scoring_20Oct\Yuxuan\DSC_2451.tif,3,3,3,1,2,0,880,1080,3076,3276
\\nbi-ufiles\shared\Research-Groups\Mark-Banfield\Josh_Williams\Scoring_20Oct\Yuxuan\DSC_2451.tif,3,3,3,1,3,6,990,1202,3291,3503
\\nbi-ufiles\shared\Research-Groups\Mark-Banfield\Josh_Williams\Scoring_20Oct\Yuxuan\DSC_2451.tif,3,3,3,1,4,3,1249,1491,3076,3318
\\nbi-ufiles\shared\Research-Groups\Mark-Banfield\Josh_Williams\Scoring_20Oct\Yuxuan\DSC_2451.tif,3,3,3,1,5,0,1164,1428,2780,3044
\\nbi-ufiles\shared\Research-Groups\Mark-Banfield\Josh_Williams\Scoring_20Oct\Yuxuan\DSC_2451.tif,3,3,3,3,1,0,2291,2543,2728,2980
\\nbi-ufiles\shared\Research-Groups\Mark-Banfield\Josh_Williams\Scoring_20Oct\Yuxuan\DSC_2451.tif,3,3,3,3,2,0,2054,2350,2928,3224
\\nbi-ufiles\shared\Research-Groups\Mark-Banfield\Josh_Williams\Scoring_20Oct\Yuxuan\DSC_2451.tif,3,3,3,3,3,0,2086,2318,3218,3450
\\nbi-ufiles\shared\Research-Groups\Mark-Banfield\Josh_Williams\Scoring_20Oct\Yuxuan\DSC_2451.tif,3,3,3,3,4,5,2454,2696,3212,3454
\\nbi-ufiles\shared\Research-Groups\Mark-Banfield\Josh_Williams\Scoring_20Oct\Yuxuan\DSC_2451.tif,3,3,3,3,5,4,2591,2823,2970,3202
\\nbi-ufiles\shared\Research-Groups\Mark-Banfield\Josh_Williams\Scoring_20Oct\Yuxuan\DSC_2453.tif,3,3,1,1,1,3,718,948,444,674
\\nbi-ufiles\shared\Research-Groups\Mark-Banfield\Josh_Williams\Scoring_20Oct\Yuxuan\DSC_2453.tif,3,3,1,1,2,0,674,948,691,965
\\nbi-ufiles\shared\Research-Groups\Mark-Banfield\Josh_Williams\Scoring_20Oct\Yuxuan\DSC_2453.tif,3,3,1,1,3,0,602,874,944,1216
\\nbi-ufiles\shared\Research-Groups\Mark-Banfield\Josh_Williams\Scoring_20Oct\Yuxuan\DSC_2453.tif,3,3,1,1,4,0,1012,1276,843,1107
\\nbi-ufiles\shared\Research-Groups\Mark-Banfield\Josh_Williams\Scoring_20Oct\Yuxuan\DSC_2453.tif,3,3,1,1,5,6,959,1191,548,780
\\nbi-ufiles\shared\Research-Groups\Mark-Banfield\Josh_Williams\Scoring_20Oct\Yuxuan\DSC_2453.tif,3,3,1,3,1,6,2075,2285,454,664
\\nbi-ufiles\shared\Research-Groups\Mark-Banfield\Josh_Williams\Scoring_20Oct\Yuxuan\DSC_2453.tif,3,3,1,3,2,5,1980,2276,690,986
\\nbi-ufiles\shared\Research-Groups\Mark-Banfield\Josh_Williams\Scoring_20Oct\Yuxuan\DSC_2453.tif,3,3,1,3,3,0,2022,2318,1006,1302
\\nbi-ufiles\shared\Research-Groups\Mark-Banfield\Josh_Williams\Scoring_20Oct\Yuxuan\DSC_2453.tif,3,3,1,3,4,0,2454,2780,764,1090
\\nbi-ufiles\shared\Research-Groups\Mark-Banfield\Josh_Williams\Scoring_20Oct\Yuxuan\DSC_2453.tif,3,3,1,3,5,0,2370,2644,470,744
\\nbi-ufiles\shared\Research-Groups\Mark-Banfield\Josh_Williams\Scoring_20Oct\Yuxuan\DSC_2453.tif,3,3,2,2,1,0,1459,1669,1960,2170
\\nbi-ufiles\shared\Research-Groups\Mark-Banfield\Josh_Williams\Scoring_20Oct\Yuxuan\DSC_2453.tif,3,3,2,2,2,6,1350,1580,2150,2380
\\nbi-ufiles\shared\Research-Groups\Mark-Banfield\Josh_Williams\Scoring_20Oct\Yuxuan\DSC_2453.tif,3,3,2,2,3,0,1464,1654,2380,2570
\\nbi-ufiles\shared\Research-Groups\Mark-Banfield\Josh_Williams\Scoring_20Oct\Yuxuan\DSC_2453.tif,3,3,2,2,4,0,1780,2086,2206,2512
\\nbi-ufiles\shared\Research-Groups\Mark-Banfield\Josh_Williams\Scoring_20Oct\Yuxuan\DSC_2453.tif,3,3,2,2,5,0,1755,2007,1960,2212
\\nbi-ufiles\shared\Research-Groups\Mark-Banfield\Josh_Williams\Scoring_20Oct\Yuxuan\DSC_2453.tif,3,3,3,1,1,0,744,1018,3086,3360
\\nbi-ufiles\shared\Research-Groups\Mark-Banfield\Josh_Williams\Scoring_20Oct\Yuxuan\DSC_2453.tif,3,3,3,1,2,0,686,938,3392,3644
\\nbi-ufiles\shared\Research-Groups\Mark-Banfield\Josh_Williams\Scoring_20Oct\Yuxuan\DSC_2453.tif,3,3,3,1,3,5,821,1033,3696,3908
\\nbi-ufiles\shared\Research-Groups\Mark-Banfield\Josh_Williams\Scoring_20Oct\Yuxuan\DSC_2453.tif,3,3,3,1,4,3,1160,1402,3434,3676
\\nbi-ufiles\shared\Research-Groups\Mark-Banfield\Josh_Williams\Scoring_20Oct\Yuxuan\DSC_2453.tif,3,3,3,1,5,0,1054,1306,3134,3386
\\nbi-ufiles\shared\Research-Groups\Mark-Banfield\Josh_Williams\Scoring_20Oct\Yuxuan\DSC_2453.tif,3,3,3,3,1,0,2370,2622,2834,3086
\\nbi-ufiles\shared\Research-Groups\Mark-Banfield\Josh_Williams\Scoring_20Oct\Yuxuan\DSC_2453.tif,3,3,3,3,2,0,2192,2402,3086,3296
\\nbi-ufiles\shared\Research-Groups\Mark-Banfield\Josh_Williams\Scoring_20Oct\Yuxuan\DSC_2453.tif,3,3,3,3,3,0,2254,2508,3307,3561
\\nbi-ufiles\shared\Research-Groups\Mark-Banfield\Josh_Williams\Scoring_20Oct\Yuxuan\DSC_2453.tif,3,3,3,3,4,5,2549,2791,3266,3508
\\nbi-ufiles\shared\Research-Groups\Mark-Banfield\Josh_Williams\Scoring_20Oct\Yuxuan\DSC_2453.tif,3,3,3,3,5,1,2612,2812,3012,3212
\\nbi-ufiles\shared\Research-Groups\Mark-Banfield\Josh_Williams\Scoring_20Oct\Yuxuan\DSC_2868.tif,3,3,1,1,1,1,780,990,444,654
\\nbi-ufiles\shared\Research-Groups\Mark-Banfield\Josh_Williams\Scoring_20Oct\Yuxuan\DSC_2868.tif,3,3,1,1,2,1,622,854,717,949
\\nbi-ufiles\shared\Research-Groups\Mark-Banfield\Josh_Williams\Scoring_20Oct\Yuxuan\DSC_2868.tif,3,3,1,1,3,1,654,906,954,1206
\\nbi-ufiles\shared\Research-Groups\Mark-Banfield\Josh_Williams\Scoring_20Oct\Yuxuan\DSC_2868.tif,3,3,1,1,4,1,1022,1318,843,1139
\\nbi-ufiles\shared\Research-Groups\Mark-Banfield\Josh_Williams\Scoring_20Oct\Yuxuan\DSC_2868.tif,3,3,1,1,5,6,1027,1269,570,812
\\nbi-ufiles\shared\Research-Groups\Mark-Banfield\Josh_Williams\Scoring_20Oct\Yuxuan\DSC_2868.tif,3,3,1,3,1,4,2412,2654,586,828
\\nbi-ufiles\shared\Research-Groups\Mark-Banfield\Josh_Williams\Scoring_20Oct\Yuxuan\DSC_2868.tif,3,3,1,3,2,3,2296,2528,912,1144
\\nbi-ufiles\shared\Research-Groups\Mark-Banfield\Josh_Williams\Scoring_20Oct\Yuxuan\DSC_2868.tif,3,3,1,3,3,0,2217,2471,1190,1444
\\nbi-ufiles\shared\Research-Groups\Mark-Banfield\Josh_Williams\Scoring_20Oct\Yuxuan\DSC_2868.tif,3,3,1,3,4,0,2666,2928,1081,1343
\\nbi-ufiles\shared\Research-Groups\Mark-Banfield\Josh_Williams\Scoring_20Oct\Yuxuan\DSC_2868.tif,3,3,1,3,5,0,2644,2908,738,1002
\\nbi-ufiles\shared\Research-Groups\Mark-Banfield\Josh_Williams\Scoring_20Oct\Yuxuan\DSC_2868.tif,3,3,2,2,1,0,1318,1560,1718,1960
\\nbi-ufiles\shared\Research-Groups\Mark-Banfield\Josh_Williams\Scoring_20Oct\Yuxuan\DSC_2868.tif,3,3,2,2,2,4,1232,1496,1975,2239
\\nbi-ufiles\shared\Research-Groups\Mark-Banfield\Josh_Williams\Scoring_20Oct\Yuxuan\DSC_2868.tif,3,3,2,2,3,1,1180,1476,2228,2524
\\nbi-ufiles\shared\Research-Groups\Mark-Banfield\Josh_Williams\Scoring_20Oct\Yuxuan\DSC_2868.tif,3,3,2,2,4,0,1738,2022,2150,2434
\\nbi-ufiles\shared\Research-Groups\Mark-Banfield\Josh_Williams\Scoring_20Oct\Yuxuan\DSC_2868.tif,3,3,2,2,5,0,1586,1954,1718,2086
\\nbi-ufiles\shared\Research-Groups\Mark-Banfield\Josh_Williams\Scoring_20Oct\Yuxuan\DSC_2868.tif,3,3,3,1,1,0,496,758,2708,2970
\\nbi-ufiles\shared\Research-Groups\Mark-Banfield\Josh_Williams\Scoring_20Oct\Yuxuan\DSC_2868.tif,3,3,3,1,2,2,348,590,2997,3239
\\nbi-ufiles\shared\Research-Groups\Mark-Banfield\Josh_Williams\Scoring_20Oct\Yuxuan\DSC_2868.tif,3,3,3,1,3,5,496,760,3207,3471
\\nbi-ufiles\shared\Research-Groups\Mark-Banfield\Josh_Williams\Scoring_20Oct\Yuxuan\DSC_2868.tif,3,3,3,1,4,3,797,1049,3086,3338
\\nbi-ufiles\shared\Research-Groups\Mark-Banfield\Josh_Williams\Scoring_20Oct\Yuxuan\DSC_2868.tif,3,3,3,1,5,0,807,1069,2718,2980
\\nbi-ufiles\shared\Research-Groups\Mark-Banfield\Josh_Williams\Scoring_20Oct\Yuxuan\DSC_2868.tif,3,3,3,3,1,0,2380,2676,2628,2924
\\nbi-ufiles\shared\Research-Groups\Mark-Banfield\Josh_Williams\Scoring_20Oct\Yuxuan\DSC_2868.tif,3,3,3,3,2,0,2222,2508,2938,3224
\\nbi-ufiles\shared\Research-Groups\Mark-Banfield\Josh_Williams\Scoring_20Oct\Yuxuan\DSC_2868.tif,3,3,3,3,3,0,2207,2491,3276,3560
\\nbi-ufiles\shared\Research-Groups\Mark-Banfield\Josh_Williams\Scoring_20Oct\Yuxuan\DSC_2868.tif,3,3,3,3,4,4,2708,3012,3150,3454
\\nbi-ufiles\shared\Research-Groups\Mark-Banfield\Josh_Williams\Scoring_20Oct\Yuxuan\DSC_2868.tif,3,3,3,3,5,1,2696,3024,2780,3108
\\nbi-ufiles\shared\Research-Groups\Mark-Banfield\Josh_Williams\Scoring_20Oct\Yuxuan\DSC_4388.TIF,3,3,1,1,1,0,622,906,285,569
\\nbi-ufiles\shared\Research-Groups\Mark-Banfield\Josh_Williams\Scoring_20Oct\Yuxuan\DSC_4388.TIF,3,3,1,1,2,0,348,632,538,822
\\nbi-ufiles\shared\Research-Groups\Mark-Banfield\Josh_Williams\Scoring_20Oct\Yuxuan\DSC_4388.TIF,3,3,1,1,3,1,454,728,870,1144
\\nbi-ufiles\shared\Research-Groups\Mark-Banfield\Josh_Williams\Scoring_20Oct\Yuxuan\DSC_4388.TIF,3,3,1,1,4,4,832,1096,874,1138
\\nbi-ufiles\shared\Research-Groups\Mark-Banfield\Josh_Williams\Scoring_20Oct\Yuxuan\DSC_4388.TIF,3,3,1,1,5,5,949,1129,706,886
\\nbi-ufiles\shared\Research-Groups\Mark-Banfield\Josh_Williams\Scoring_20Oct\Yuxuan\DSC_4388.TIF,3,3,1,1,6,0,906,1128,453,675
\\nbi-ufiles\shared\Research-Groups\Mark-Banfield\Josh_Williams\Scoring_20Oct\Yuxuan\DSC_4388.TIF,3,3,1,3,1,4,1980,2234,501,755
\\nbi-ufiles\shared\Research-Groups\Mark-Banfield\Josh_Williams\Scoring_20Oct\Yuxuan\DSC_4388.TIF,3,3,1,3,2,0,1891,2143,770,1022
\\nbi-ufiles\shared\Research-Groups\Mark-Banfield\Josh_Williams\Scoring_20Oct\Yuxuan\DSC_4388.TIF,3,3,1,3,3,0,1802,2076,1075,1349
\\nbi-ufiles\shared\Research-Groups\Mark-Banfield\Josh_Williams\Scoring_20Oct\Yuxuan\DSC_4388.TIF,3,3,1,3,4,0,2412,2750,1043,1381
\\nbi-ufiles\shared\Research-Groups\Mark-Banfield\Josh_Williams\Scoring_20Oct\Yuxuan\DSC_4388.TIF,3,3,1,3,5,3,2666,2666,980,980
\\nbi-ufiles\shared\Research-Groups\Mark-Banfield\Josh_Williams\Scoring_20Oct\Yuxuan\DSC_4388.TIF,3,3,1,3,6,4,2318,2580,481,743
\\nbi-ufiles\shared\Research-Groups\Mark-Banfield\Josh_Williams\Scoring_20Oct\Yuxuan\DSC_4388.TIF,3,3,2,2,1,5,1232,1464,1623,1855
\\nbi-ufiles\shared\Research-Groups\Mark-Banfield\Josh_Williams\Scoring_20Oct\Yuxuan\DSC_4388.TIF,3,3,2,2,2,6,1184,1396,1906,2118
\\nbi-ufiles\shared\Research-Groups\Mark-Banfield\Josh_Williams\Scoring_20Oct\Yuxuan\DSC_4388.TIF,3,3,2,2,3,0,1096,1402,2164,2470
\\nbi-ufiles\shared\Research-Groups\Mark-Banfield\Josh_Williams\Scoring_20Oct\Yuxuan\DSC_4388.TIF,3,3,2,2,4,0,1664,1918,2064,2318
\\nbi-ufiles\shared\Research-Groups\Mark-Banfield\Josh_Williams\Scoring_20Oct\Yuxuan\DSC_4388.TIF,3,3,2,2,5,0,1612,1864,1818,2070
\\nbi-ufiles\shared\Research-Groups\Mark-Banfield\Josh_Williams\Scoring_20Oct\Yuxuan\DSC_4388.TIF,3,3,2,2,6,2,1528,1728,1607,1807
\\nbi-ufiles\shared\Research-Groups\Mark-Banfield\Josh_Williams\Scoring_20Oct\Yuxuan\DSC_4388.TIF,3,3,3,1,1,2,516,738,2928,3150
\\nbi-ufiles\shared\Research-Groups\Mark-Banfield\Josh_Williams\Scoring_20Oct\Yuxuan\DSC_4388.TIF,3,3,3,1,2,6,496,780,3212,3496
\\nbi-ufiles\shared\Research-Groups\Mark-Banfield\Josh_Williams\Scoring_20Oct\Yuxuan\DSC_4388.TIF,3,3,3,1,3,5,486,738,3524,3776
\\nbi-ufiles\shared\Research-Groups\Mark-Banfield\Josh_Williams\Scoring_20Oct\Yuxuan\DSC_4388.TIF,3,3,3,1,4,0,960,1212,3402,3654
\\nbi-ufiles\shared\Research-Groups\Mark-Banfield\Josh_Williams\Scoring_20Oct\Yuxuan\DSC_4388.TIF,3,3,3,1,5,0,864,1138,3060,3334
\\nbi-ufiles\shared\Research-Groups\Mark-Banfield\Josh_Williams\Scoring_20Oct\Yuxuan\DSC_4388.TIF,3,3,3,1,6,0,738,990,2813,3065
\\nbi-ufiles\shared\Research-Groups\Mark-Banfield\Josh_Williams\Scoring_20Oct\Yuxuan\DSC_4388.TIF,3,3,3,3,1,0,2064,2296,2892,3124
\\nbi-ufiles\shared\Research-Groups\Mark-Banfield\Josh_Williams\Scoring_20Oct\Yuxuan\DSC_4388.TIF,3,3,3,3,2,2,2039,2239,3138,3338
\\nbi-ufiles\shared\Research-Groups\Mark-Banfield\Josh_Williams\Scoring_20Oct\Yuxuan\DSC_4388.TIF,3,3,3,3,3,3,2022,2254,3402,3634
\\nbi-ufiles\shared\Research-Groups\Mark-Banfield\Josh_Williams\Scoring_20Oct\Yuxuan\DSC_4388.TIF,3,3,3,3,4,3,2464,2666,3475,3677
\\nbi-ufiles\shared\Research-Groups\Mark-Banfield\Josh_Williams\Scoring_20Oct\Yuxuan\DSC_4388.TIF,3,3,3,3,5,0,2422,2718,3122,3418
\\nbi-ufiles\shared\Research-Groups\Mark-Banfield\Josh_Williams\Scoring_20Oct\Yuxuan\DSC_4388.TIF,3,3,3,3,6,0,2349,2613,2844,3108
\\nbi-ufiles\shared\Research-Groups\Mark-Banfield\Josh_Williams\Scoring_20Oct\Yuxuan\DSC_4389.TIF,3,3,1,1,1,1,612,864,485,737
\\nbi-ufiles\shared\Research-Groups\Mark-Banfield\Josh_Williams\Scoring_20Oct\Yuxuan\DSC_4389.TIF,3,3,1,1,2,0,412,706,770,1064
\\nbi-ufiles\shared\Research-Groups\Mark-Banfield\Josh_Williams\Scoring_20Oct\Yuxuan\DSC_4389.TIF,3,3,1,1,3,0,464,748,1059,1343
\\nbi-ufiles\shared\Research-Groups\Mark-Banfield\Josh_Williams\Scoring_20Oct\Yuxuan\DSC_4389.TIF,3,3,1,1,4,1,896,1180,1091,1375
\\nbi-ufiles\shared\Research-Groups\Mark-Banfield\Josh_Williams\Scoring_20Oct\Yuxuan\DSC_4389.TIF,3,3,1,1,5,4,896,1148,796,1048
\\nbi-ufiles\shared\Research-Groups\Mark-Banfield\Josh_Williams\Scoring_20Oct\Yuxuan\DSC_4389.TIF,3,3,1,1,6,2,933,1133,590,790
\\nbi-ufiles\shared\Research-Groups\Mark-Banfield\Josh_Williams\Scoring_20Oct\Yuxuan\DSC_4389.TIF,3,3,1,3,1,0,2096,2350,690,944
\\nbi-ufiles\shared\Research-Groups\Mark-Banfield\Josh_Williams\Scoring_20Oct\Yuxuan\DSC_4389.TIF,3,3,1,3,2,0,1907,2181,948,1222
\\nbi-ufiles\shared\Research-Groups\Mark-Banfield\Josh_Williams\Scoring_20Oct\Yuxuan\DSC_4389.TIF,3,3,1,3,3,0,1928,2212,1244,1528
\\nbi-ufiles\shared\Research-Groups\Mark-Banfield\Josh_Williams\Scoring_20Oct\Yuxuan\DSC_4389.TIF,3,3,1,3,4,3,2464,2686,1232,1454
\\nbi-ufiles\shared\Research-Groups\Mark-Banfield\Josh_Williams\Scoring_20Oct\Yuxuan\DSC_4389.TIF,3,3,1,3,5,3,2370,2612,975,1217
\\nbi-ufiles\shared\Research-Groups\Mark-Banfield\Josh_Williams\Scoring_20Oct\Yuxuan\DSC_4389.TIF,3,3,1,3,6,0,2407,2659,760,1012
\\nbi-ufiles\shared\Research-Groups\Mark-Banfield\Josh_Williams\Scoring_20Oct\Yuxuan\DSC_4389.TIF,3,3,2,2,1,4,1428,1670,1992,2234
\\nbi-ufiles\shared\Research-Groups\Mark-Banfield\Josh_Williams\Scoring_20Oct\Yuxuan\DSC_4389.TIF,3,3,2,2,2,0,1264,1548,2239,2523
\\nbi-ufiles\shared\Research-Groups\Mark-Banfield\Josh_Williams\Scoring_20Oct\Yuxuan\DSC_4389.TIF,3,3,2,2,3,0,1291,1533,2634,2876
\\nbi-ufiles\shared\Research-Groups\Mark-Banfield\Josh_Williams\Scoring_20Oct\Yuxuan\DSC_4389.TIF,3,3,2,2,4,0,1885,2107,2580,2802
\\nbi-ufiles\shared\Research-Groups\Mark-Banfield\Josh_Williams\Scoring_20Oct\Yuxuan\DSC_4389.TIF,3,3,2,2,5,3,1890,2144,2264,2518
\\nbi-ufiles\shared\Research-Groups\Mark-Banfield\Josh_Williams\Scoring_20Oct\Yuxuan\DSC_4389.TIF,3,3,2,2,6,4,1760,1980,2034,2254
\\nbi-ufiles\shared\Research-Groups\Mark-Banfield\Josh_Williams\Scoring_20Oct\Yuxuan\DSC_4389.TIF,3,3,3,1,1,4,718,918,3144,3344
\\nbi-ufiles\shared\Research-Groups\Mark-Banfield\Josh_Williams\Scoring_20Oct\Yuxuan\DSC_4389.TIF,3,3,3,1,2,2,602,822,3392,3612
\\nbi-ufiles\shared\Research-Groups\Mark-Banfield\Josh_Williams\Scoring_20Oct\Yuxuan\DSC_4389.TIF,3,3,3,1,3,0,453,695,3624,3866
\\nbi-ufiles\shared\Research-Groups\Mark-Banfield\Josh_Williams\Scoring_20Oct\Yuxuan\DSC_4389.TIF,3,3,3,1,4,0,970,1254,3666,3950
\\nbi-ufiles\shared\Research-Groups\Mark-Banfield\Josh_Williams\Scoring_20Oct\Yuxuan\DSC_4389.TIF,3,3,3,1,5,0,974,1164,3412,3602
\\nbi-ufiles\shared\Research-Groups\Mark-Banfield\Josh_Williams\Scoring_20Oct\Yuxuan\DSC_4389.TIF,3,3,3,1,6,1,933,1133,3182,3382
\\nbi-ufiles\shared\Research-Groups\Mark-Banfield\Josh_Williams\Scoring_20Oct\Yuxuan\DSC_4389.TIF,3,3,3,3,1,4,2133,2375,3150,3392
\\nbi-ufiles\shared\Research-Groups\Mark-Banfield\Josh_Williams\Scoring_20Oct\Yuxuan\DSC_4389.TIF,3,3,3,3,2,5,2106,2380,3465,3739
\\nbi-ufiles\shared\Research-Groups\Mark-Banfield\Josh_Williams\Scoring_20Oct\Yuxuan\DSC_4389.TIF,3,3,3,3,3,5,2150,2360,3719,3929
\\nbi-ufiles\shared\Research-Groups\Mark-Banfield\Josh_Williams\Scoring_20Oct\Yuxuan\DSC_4389.TIF,3,3,3,3,4,0,2570,2834,3681,3945
\\nbi-ufiles\shared\Research-Groups\Mark-Banfield\Josh_Williams\Scoring_20Oct\Yuxuan\DSC_4389.TIF,3,3,3,3,5,0,2496,2750,3349,3603
\\nbi-ufiles\shared\Research-Groups\Mark-Banfield\Josh_Williams\Scoring_20Oct\Yuxuan\DSC_4389.TIF,3,3,3,3,6,0,2444,2696,3102,3354
\\nbi-ufiles\shared\Research-Groups\Mark-Banfield\Josh_Williams\Scoring_20Oct\Yuxuan\DSC_4391.TIF,3,3,1,1,1,4,718,1012,449,743
\\nbi-ufiles\shared\Research-Groups\Mark-Banfield\Josh_Williams\Scoring_20Oct\Yuxuan\DSC_4391.TIF,3,3,1,1,2,5,612,854,691,933
\\nbi-ufiles\shared\Research-Groups\Mark-Banfield\Josh_Williams\Scoring_20Oct\Yuxuan\DSC_4391.TIF,3,3,1,1,3,0,612,918,991,1297
\\nbi-ufiles\shared\Research-Groups\Mark-Banfield\Josh_Williams\Scoring_20Oct\Yuxuan\DSC_4391.TIF,3,3,1,1,4,0,1170,1506,949,1285
\\nbi-ufiles\shared\Research-Groups\Mark-Banfield\Josh_Williams\Scoring_20Oct\Yuxuan\DSC_4391.TIF,3,3,1,1,5,4,1138,1360,712,934
\\nbi-ufiles\shared\Research-Groups\Mark-Banfield\Josh_Williams\Scoring_20Oct\Yuxuan\DSC_4391.TIF,3,3,1,1,6,5,1060,1218,496,654
\\nbi-ufiles\shared\Research-Groups\Mark-Banfield\Josh_Williams\Scoring_20Oct\Yuxuan\DSC_4391.TIF,3,3,1,3,1,6,2202,2360,780,938
\\nbi-ufiles\shared\Research-Groups\Mark-Banfield\Josh_Williams\Scoring_20Oct\Yuxuan\DSC_4391.TIF,3,3,1,3,2,4,2054,2212,975,1133
\\nbi-ufiles\shared\Research-Groups\Mark-Banfield\Josh_Williams\Scoring_20Oct\Yuxuan\DSC_4391.TIF,3,3,1,3,3,2,2170,2338,1249,1417
\\nbi-ufiles\shared\Research-Groups\Mark-Banfield\Josh_Williams\Scoring_20Oct\Yuxuan\DSC_4391.TIF,3,3,1,3,4,0,2654,2896,1128,1370
\\nbi-ufiles\shared\Research-Groups\Mark-Banfield\Josh_Williams\Scoring_20Oct\Yuxuan\DSC_4391.TIF,3,3,1,3,5,0,2538,2780,838,1080
\\nbi-ufiles\shared\Research-Groups\Mark-Banfield\Josh_Williams\Scoring_20Oct\Yuxuan\DSC_4391.TIF,3,3,1,3,6,4,2401,2581,664,844
\\nbi-ufiles\shared\Research-Groups\Mark-Banfield\Josh_Williams\Scoring_20Oct\Yuxuan\DSC_4391.TIF,3,3,2,2,1,4,1548,1770,1859,2081
\\nbi-ufiles\shared\Research-Groups\Mark-Banfield\Josh_Williams\Scoring_20Oct\Yuxuan\DSC_4391.TIF,3,3,2,2,2,4,1502,1744,2138,2380
\\nbi-ufiles\shared\Research-Groups\Mark-Banfield\Josh_Williams\Scoring_20Oct\Yuxuan\DSC_4391.TIF,3,3,2,2,3,4,1490,1712,2444,2666
\\nbi-ufiles\shared\Research-Groups\Mark-Banfield\Josh_Williams\Scoring_20Oct\Yuxuan\DSC_4391.TIF,3,3,2,2,4,4,1980,2222,2375,2617
\\nbi-ufiles\shared\Research-Groups\Mark-Banfield\Josh_Williams\Scoring_20Oct\Yuxuan\DSC_4391.TIF,3,3,2,2,5,0,1896,2128,2076,2308
\\nbi-ufiles\shared\Research-Groups\Mark-Banfield\Josh_Williams\Scoring_20Oct\Yuxuan\DSC_4391.TIF,3,3,2,2,6,0,1818,2018,1822,2022
\\nbi-ufiles\shared\Research-Groups\Mark-Banfield\Josh_Williams\Scoring_20Oct\Yuxuan\DSC_4391.TIF,3,3,3,1,1,0,706,906,2902,3102
\\nbi-ufiles\shared\Research-Groups\Mark-Banfield\Josh_Williams\Scoring_20Oct\Yuxuan\DSC_4391.TIF,3,3,3,1,2,4,522,744,3128,3350
\\nbi-ufiles\shared\Research-Groups\Mark-Banfield\Josh_Williams\Scoring_20Oct\Yuxuan\DSC_4391.TIF,3,3,3,1,3,3,502,722,3508,3728
\\nbi-ufiles\shared\Research-Groups\Mark-Banfield\Josh_Williams\Scoring_20Oct\Yuxuan\DSC_4391.TIF,3,3,3,1,4,5,917,1149,3444,3676
\\nbi-ufiles\shared\Research-Groups\Mark-Banfield\Josh_Williams\Scoring_20Oct\Yuxuan\DSC_4391.TIF,3,3,3,1,5,5,938,1138,3176,3376
\\nbi-ufiles\shared\Research-Groups\Mark-Banfield\Josh_Williams\Scoring_20Oct\Yuxuan\DSC_4391.TIF,3,3,3,1,6,0,964,1206,2918,3160
\\nbi-ufiles\shared\Research-Groups\Mark-Banfield\Josh_Williams\Scoring_20Oct\Yuxuan\DSC_4391.TIF,3,3,3,3,1,0,2138,2412,3134,3408
\\nbi-ufiles\shared\Research-Groups\Mark-Banfield\Josh_Williams\Scoring_20Oct\Yuxuan\DSC_4391.TIF,3,3,3,3,2,0,2002,2244,3465,3707
\\nbi-ufiles\shared\Research-Groups\Mark-Banfield\Josh_Williams\Scoring_20Oct\Yuxuan\DSC_4391.TIF,3,3,3,3,3,3,2054,2276,3771,3993
\\nbi-ufiles\shared\Research-Groups\Mark-Banfield\Josh_Williams\Scoring_20Oct\Yuxuan\DSC_4391.TIF,3,3,3,3,4,4,2560,2760,3629,3829
\\nbi-ufiles\shared\Research-Groups\Mark-Banfield\Josh_Williams\Scoring_20Oct\Yuxuan\DSC_4391.TIF,3,3,3,3,5,5,2512,2712,3360,3560
\\nbi-ufiles\shared\Research-Groups\Mark-Banfield\Josh_Williams\Scoring_20Oct\Yuxuan\DSC_4391.TIF,3,3,3,3,6,4,2476,2654,3118,3296
\\nbi-ufiles\shared\Research-Groups\Mark-Banfield\Josh_Williams\Scoring_20Oct\Yuxuan\DSC_4393.TIF,3,3,1,1,1,0,832,1076,611,855
\\nbi-ufiles\shared\Research-Groups\Mark-Banfield\Josh_Williams\Scoring_20Oct\Yuxuan\DSC_4393.TIF,3,3,1,1,2,0,706,948,838,1080
\\nbi-ufiles\shared\Research-Groups\Mark-Banfield\Josh_Williams\Scoring_20Oct\Yuxuan\DSC_4393.TIF,3,3,1,1,3,4,832,1022,1138,1328
\\nbi-ufiles\shared\Research-Groups\Mark-Banfield\Josh_Williams\Scoring_20Oct\Yuxuan\DSC_4393.TIF,3,3,1,1,4,4,1181,1423,1022,1264
\\nbi-ufiles\shared\Research-Groups\Mark-Banfield\Josh_Williams\Scoring_20Oct\Yuxuan\DSC_4393.TIF,3,3,1,1,5,4,1202,1444,796,1038
\\nbi-ufiles\shared\Research-Groups\Mark-Banfield\Josh_Williams\Scoring_20Oct\Yuxuan\DSC_4393.TIF,3,3,1,1,6,4,1202,1370,533,701
\\nbi-ufiles\shared\Research-Groups\Mark-Banfield\Josh_Williams\Scoring_20Oct\Yuxuan\DSC_4393.TIF,3,3,1,3,1,5,2355,2575,654,874
\\nbi-ufiles\shared\Research-Groups\Mark-Banfield\Josh_Williams\Scoring_20Oct\Yuxuan\DSC_4393.TIF,3,3,1,3,2,0,2128,2422,843,1137
\\nbi-ufiles\shared\Research-Groups\Mark-Banfield\Josh_Williams\Scoring_20Oct\Yuxuan\DSC_4393.TIF,3,3,1,3,3,0,2103,2323,1170,1390
\\nbi-ufiles\shared\Research-Groups\Mark-Banfield\Josh_Williams\Scoring_20Oct\Yuxuan\DSC_4393.TIF,3,3,1,3,4,4,2612,2834,1201,1423
\\nbi-ufiles\shared\Research-Groups\Mark-Banfield\Josh_Williams\Scoring_20Oct\Yuxuan\DSC_4393.TIF,3,3,1,3,5,5,2644,2866,938,1160
\\nbi-ufiles\shared\Research-Groups\Mark-Banfield\Josh_Williams\Scoring_20Oct\Yuxuan\DSC_4393.TIF,3,3,1,3,6,5,2612,2780,738,906
\\nbi-ufiles\shared\Research-Groups\Mark-Banfield\Josh_Williams\Scoring_20Oct\Yuxuan\DSC_4393.TIF,3,3,2,2,1,5,1581,1781,1950,2150
\\nbi-ufiles\shared\Research-Groups\Mark-Banfield\Josh_Williams\Scoring_20Oct\Yuxuan\DSC_4393.TIF,3,3,2,2,2,4,1454,1622,2160,2328
\\nbi-ufiles\shared\Research-Groups\Mark-Banfield\Josh_Williams\Scoring_20Oct\Yuxuan\DSC_4393.TIF,3,3,2,2,3,0,1434,1706,2371,2643
\\nbi-ufiles\shared\Research-Groups\Mark-Banfield\Josh_Williams\Scoring_20Oct\Yuxuan\DSC_4393.TIF,3,3,2,2,4,0,2002,2296,2297,2591
\\nbi-ufiles\shared\Research-Groups\Mark-Banfield\Josh_Williams\Scoring_20Oct\Yuxuan\DSC_4393.TIF,3,3,2,2,5,4,1906,2128,2091,2313
\\nbi-ufiles\shared\Research-Groups\Mark-Banfield\Josh_Williams\Scoring_20Oct\Yuxuan\DSC_4393.TIF,3,3,2,2,6,4,1860,2060,1864,2064
\\nbi-ufiles\shared\Research-Groups\Mark-Banfield\Josh_Williams\Scoring_20Oct\Yuxuan\DSC_4393.TIF,3,3,3,1,1,4,918,1086,3239,3407
\\nbi-ufiles\shared\Research-Groups\Mark-Banfield\Josh_Williams\Scoring_20Oct\Yuxuan\DSC_4393.TIF,3,3,3,1,2,4,748,918,3554,3724
\\nbi-ufiles\shared\Research-Groups\Mark-Banfield\Josh_Williams\Scoring_20Oct\Yuxuan\DSC_4393.TIF,3,3,3,1,3,0,733,965,3908,4140
\\nbi-ufiles\shared\Research-Groups\Mark-Banfield\Josh_Williams\Scoring_20Oct\Yuxuan\DSC_4393.TIF,3,3,3,1,5,0,1202,1412,3613,3823
\\nbi-ufiles\shared\Research-Groups\Mark-Banfield\Josh_Williams\Scoring_20Oct\Yuxuan\DSC_4393.TIF,3,3,3,1,6,0,1106,1338,3328,3560
\\nbi-ufiles\shared\Research-Groups\Mark-Banfield\Josh_Williams\Scoring_20Oct\Yuxuan\DSC_4393.TIF,3,3,3,3,1,3,2202,2392,3254,3444
\\nbi-ufiles\shared\Research-Groups\Mark-Banfield\Josh_Williams\Scoring_20Oct\Yuxuan\DSC_4393.TIF,3,3,3,3,2,5,2038,2270,3496,3728
\\nbi-ufiles\shared\Research-Groups\Mark-Banfield\Josh_Williams\Scoring_20Oct\Yuxuan\DSC_4393.TIF,3,3,3,3,3,4,1980,2222,3828,4070
\\nbi-ufiles\shared\Research-Groups\Mark-Banfield\Josh_Williams\Scoring_20Oct\Yuxuan\DSC_4393.TIF,3,3,3,3,4,4,2538,2770,3918,4150
\\nbi-ufiles\shared\Research-Groups\Mark-Banfield\Josh_Williams\Scoring_20Oct\Yuxuan\DSC_4393.TIF,3,3,3,3,5,0,2592,2792,3612,3812
\\nbi-ufiles\shared\Research-Groups\Mark-Banfield\Josh_Williams\Scoring_20Oct\Yuxuan\DSC_4393.TIF,3,3,3,3,6,0,2549,2791,3254,3496
\\nbi-ufiles\shared\Research-Groups\Mark-Banfield\Josh_Williams\Scoring_20Oct\Yuxuan\DSC_4540.TIF,3,3,1,1,1,0,380,622,375,617
\\nbi-ufiles\shared\Research-Groups\Mark-Banfield\Josh_Williams\Scoring_20Oct\Yuxuan\DSC_4540.TIF,3,3,1,1,2,0,264,474,712,922
\\nbi-ufiles\shared\Research-Groups\Mark-Banfield\Josh_Williams\Scoring_20Oct\Yuxuan\DSC_4540.TIF,3,3,1,1,3,1,285,517,1044,1276
\\nbi-ufiles\shared\Research-Groups\Mark-Banfield\Josh_Williams\Scoring_20Oct\Yuxuan\DSC_4540.TIF,3,3,1,1,4,2,853,1107,874,1128
\\nbi-ufiles\shared\Research-Groups\Mark-Banfield\Josh_Williams\Scoring_20Oct\Yuxuan\DSC_4540.TIF,3,3,1,1,5,3,802,1054,607,859
\\nbi-ufiles\shared\Research-Groups\Mark-Banfield\Josh_Williams\Scoring_20Oct\Yuxuan\DSC_4540.TIF,3,3,1,3,1,0,1718,1928,475,685
\\nbi-ufiles\shared\Research-Groups\Mark-Banfield\Josh_Williams\Scoring_20Oct\Yuxuan\DSC_4540.TIF,3,3,1,3,2,0,1622,1834,711,923
\\nbi-ufiles\shared\Research-Groups\Mark-Banfield\Josh_Williams\Scoring_20Oct\Yuxuan\DSC_4540.TIF,3,3,1,3,3,0,1634,1950,949,1265
\\nbi-ufiles\shared\Research-Groups\Mark-Banfield\Josh_Williams\Scoring_20Oct\Yuxuan\DSC_4540.TIF,3,3,1,3,4,1,2106,2380,864,1138
\\nbi-ufiles\shared\Research-Groups\Mark-Banfield\Josh_Williams\Scoring_20Oct\Yuxuan\DSC_4540.TIF,3,3,1,3,5,2,2054,2276,669,891
\\nbi-ufiles\shared\Research-Groups\Mark-Banfield\Josh_Williams\Scoring_20Oct\Yuxuan\DSC_4540.TIF,3,3,1,3,6,3,1970,2160,443,633
\\nbi-ufiles\shared\Research-Groups\Mark-Banfield\Josh_Williams\Scoring_20Oct\Yuxuan\DSC_4540.TIF,3,3,2,2,1,3,1170,1380,1823,2033
\\nbi-ufiles\shared\Research-Groups\Mark-Banfield\Josh_Williams\Scoring_20Oct\Yuxuan\DSC_4540.TIF,3,3,2,2,5,2,1518,1738,2076,2296
\\nbi-ufiles\shared\Research-Groups\Mark-Banfield\Josh_Williams\Scoring_20Oct\Yuxuan\DSC_4540.TIF,3,3,2,2,6,3,1422,1622,1828,2028
\\nbi-ufiles\shared\Research-Groups\Mark-Banfield\Josh_Williams\Scoring_20Oct\Yuxuan\DSC_4540.TIF,3,3,3,1,1,2,374,596,3212,3434
\\nbi-ufiles\shared\Research-Groups\Mark-Banfield\Josh_Williams\Scoring_20Oct\Yuxuan\DSC_4540.TIF,3,3,3,1,2,3,274,506,3470,3702
\\nbi-ufiles\shared\Research-Groups\Mark-Banfield\Josh_Williams\Scoring_20Oct\Yuxuan\DSC_4540.TIF,3,3,3,1,3,0,274,528,3754,4008
\\nbi-ufiles\shared\Research-Groups\Mark-Banfield\Josh_Williams\Scoring_20Oct\Yuxuan\DSC_4540.TIF,3,3,3,1,4,0,864,1138,3665,3939
\\nbi-ufiles\shared\Research-Groups\Mark-Banfield\Josh_Williams\Scoring_20Oct\Yuxuan\DSC_4540.TIF,3,3,3,1,6,0,674,886,3117,3329
\\nbi-ufiles\shared\Research-Groups\Mark-Banfield\Josh_Williams\Scoring_20Oct\Yuxuan\DSC_4540.TIF,3,3,3,3,1,0,2049,2249,3118,3318
\\nbi-ufiles\shared\Research-Groups\Mark-Banfield\Josh_Williams\Scoring_20Oct\Yuxuan\DSC_4540.TIF,3,3,3,3,2,3,1854,2054,3407,3607
\\nbi-ufiles\shared\Research-Groups\Mark-Banfield\Josh_Williams\Scoring_20Oct\Yuxuan\DSC_4540.TIF,3,3,3,3,3,3,1797,2039,3740,3982
\\nbi-ufiles\shared\Research-Groups\Mark-Banfield\Josh_Williams\Scoring_20Oct\Yuxuan\DSC_4540.TIF,3,3,3,3,4,0,2264,2550,3781,4067
\\nbi-ufiles\shared\Research-Groups\Mark-Banfield\Josh_Williams\Scoring_20Oct\Yuxuan\DSC_4540.TIF,3,3,3,3,5,0,2312,2586,3444,3718
\\nbi-ufiles\shared\Research-Groups\Mark-Banfield\Josh_Williams\Scoring_20Oct\Yuxuan\DSC_4541.TIF,3,3,1,1,1,0,549,781,328,560
\\nbi-ufiles\shared\Research-Groups\Mark-Banfield\Josh_Williams\Scoring_20Oct\Yuxuan\DSC_4541.TIF,3,3,1,1,2,1,454,664,649,859
\\nbi-ufiles\shared\Research-Groups\Mark-Banfield\Josh_Williams\Scoring_20Oct\Yuxuan\DSC_4541.TIF,3,3,1,1,3,2,528,728,928,1128
\\nbi-ufiles\shared\Research-Groups\Mark-Banfield\Josh_Williams\Scoring_20Oct\Yuxuan\DSC_4541.TIF,3,3,1,1,4,2,922,1102,906,1086
\\nbi-ufiles\shared\Research-Groups\Mark-Banfield\Josh_Williams\Scoring_20Oct\Yuxuan\DSC_4541.TIF,3,3,1,1,5,0,864,1064,633,833
\\nbi-ufiles\shared\Research-Groups\Mark-Banfield\Josh_Williams\Scoring_20Oct\Yuxuan\DSC_4541.TIF,3,3,1,1,6,0,775,1007,348,580
\\nbi-ufiles\shared\Research-Groups\Mark-Banfield\Josh_Williams\Scoring_20Oct\Yuxuan\DSC_4541.TIF,3,3,1,3,1,0,1970,2212,328,570
\\nbi-ufiles\shared\Research-Groups\Mark-Banfield\Josh_Williams\Scoring_20Oct\Yuxuan\DSC_4541.TIF,3,3,1,3,3,2,1864,2106,912,1154
\\nbi-ufiles\shared\Research-Groups\Mark-Banfield\Josh_Williams\Scoring_20Oct\Yuxuan\DSC_4541.TIF,3,3,1,3,4,3,2308,2550,933,1175
\\nbi-ufiles\shared\Research-Groups\Mark-Banfield\Josh_Williams\Scoring_20Oct\Yuxuan\DSC_4541.TIF,3,3,1,3,5,3,2371,2581,654,864
\\nbi-ufiles\shared\Research-Groups\Mark-Banfield\Josh_Williams\Scoring_20Oct\Yuxuan\DSC_4541.TIF,3,3,1,3,6,0,2255,2485,360,590
\\nbi-ufiles\shared\Research-Groups\Mark-Banfield\Josh_Williams\Scoring_20Oct\Yuxuan\DSC_4541.TIF,3,3,2,2,1,0,1212,1444,1686,1918
\\nbi-ufiles\shared\Research-Groups\Mark-Banfield\Josh_Williams\Scoring_20Oct\Yuxuan\DSC_4541.TIF,3,3,2,2,2,0,1138,1402,1944,2208
\\nbi-ufiles\shared\Research-Groups\Mark-Banfield\Josh_Williams\Scoring_20Oct\Yuxuan\DSC_4541.TIF,3,3,2,2,3,0,1138,1370,2286,2518
\\nbi-ufiles\shared\Research-Groups\Mark-Banfield\Josh_Williams\Scoring_20Oct\Yuxuan\DSC_4541.TIF,3,3,2,2,4,1,1706,1970,2202,2466
\\nbi-ufiles\shared\Research-Groups\Mark-Banfield\Josh_Williams\Scoring_20Oct\Yuxuan\DSC_4541.TIF,3,3,2,2,5,4,1602,1792,1949,2139
\\nbi-ufiles\shared\Research-Groups\Mark-Banfield\Josh_Williams\Scoring_20Oct\Yuxuan\DSC_4541.TIF,3,3,2,2,6,3,1506,1676,1727,1897
\\nbi-ufiles\shared\Research-Groups\Mark-Banfield\Josh_Williams\Scoring_20Oct\Yuxuan\DSC_4541.TIF,3,3,3,1,1,3,464,686,3049,3271
\\nbi-ufiles\shared\Research-Groups\Mark-Banfield\Josh_Williams\Scoring_20Oct\Yuxuan\DSC_4541.TIF,3,3,3,1,2,0,227,491,3296,3560
\\nbi-ufiles\shared\Research-Groups\Mark-Banfield\Josh_Williams\Scoring_20Oct\Yuxuan\DSC_4541.TIF,3,3,3,1,3,0,259,523,3696,3960
\\nbi-ufiles\shared\Research-Groups\Mark-Banfield\Josh_Williams\Scoring_20Oct\Yuxuan\DSC_4541.TIF,3,3,3,1,4,0,874,1128,3602,3856
\\nbi-ufiles\shared\Research-Groups\Mark-Banfield\Josh_Williams\Scoring_20Oct\Yuxuan\DSC_4541.TIF,3,3,3,1,5,0,802,1022,3318,3538
\\nbi-ufiles\shared\Research-Groups\Mark-Banfield\Josh_Williams\Scoring_20Oct\Yuxuan\DSC_4541.TIF,3,3,3,1,6,3,760,970,3024,3234
\\nbi-ufiles\shared\Research-Groups\Mark-Banfield\Josh_Williams\Scoring_20Oct\Yuxuan\DSC_4541.TIF,3,3,3,3,1,3,2075,2275,3192,3392
\\nbi-ufiles\shared\Research-Groups\Mark-Banfield\Josh_Williams\Scoring_20Oct\Yuxuan\DSC_4541.TIF,3,3,3,3,2,3,2034,2264,3403,3633
\\nbi-ufiles\shared\Research-Groups\Mark-Banfield\Josh_Williams\Scoring_20Oct\Yuxuan\DSC_4541.TIF,3,3,3,3,3,0,2044,2286,3691,3933
\\nbi-ufiles\shared\Research-Groups\Mark-Banfield\Josh_Williams\Scoring_20Oct\Yuxuan\DSC_4541.TIF,3,3,3,3,4,0,2454,2654,3512,3712
\\nbi-ufiles\shared\Research-Groups\Mark-Banfield\Josh_Williams\Scoring_20Oct\Yuxuan\DSC_4541.TIF,3,3,3,3,5,0,2360,2550,3312,3502
\\nbi-ufiles\shared\Research-Groups\Mark-Banfield\Josh_Williams\Scoring_20Oct\Yuxuan\DSC_4541.TIF,3,3,3,3,6,1,2254,2444,3112,3302
\\nbi-ufiles\shared\Research-Groups\Mark-Banfield\Josh_Williams\Scoring_20Oct\Yuxuan\DSC_5087.TIF,3,3,1,2,1,4,1612,1864,596,848
\\nbi-ufiles\shared\Research-Groups\Mark-Banfield\Josh_Williams\Scoring_20Oct\Yuxuan\DSC_5087.TIF,3,3,1,2,2,0,1528,1728,849,1049
\\nbi-ufiles\shared\Research-Groups\Mark-Banfield\Josh_Williams\Scoring_20Oct\Yuxuan\DSC_5087.TIF,3,3,1,2,3,1,1476,1738,1086,1348
\\nbi-ufiles\shared\Research-Groups\Mark-Banfield\Josh_Williams\Scoring_20Oct\Yuxuan\DSC_5087.TIF,3,3,1,2,4,2,1950,2170,1202,1422
\\nbi-ufiles\shared\Research-Groups\Mark-Banfield\Josh_Williams\Scoring_20Oct\Yuxuan\DSC_5087.TIF,3,3,1,2,5,0,2001,2223,896,1118
\\nbi-ufiles\shared\Research-Groups\Mark-Banfield\Josh_Williams\Scoring_20Oct\Yuxuan\DSC_5087.TIF,3,3,1,2,6,3,1896,2138,570,812
\\nbi-ufiles\shared\Research-Groups\Mark-Banfield\Josh_Williams\Scoring_20Oct\Yuxuan\DSC_5087.TIF,3,3,2,1,1,5,1044,1296,1496,1748
\\nbi-ufiles\shared\Research-Groups\Mark-Banfield\Josh_Williams\Scoring_20Oct\Yuxuan\DSC_5087.TIF,3,3,2,1,2,0,817,1101,1728,2012
\\nbi-ufiles\shared\Research-Groups\Mark-Banfield\Josh_Williams\Scoring_20Oct\Yuxuan\DSC_5087.TIF,3,3,2,1,3,0,801,1107,2138,2444
\\nbi-ufiles\shared\Research-Groups\Mark-Banfield\Josh_Williams\Scoring_20Oct\Yuxuan\DSC_5087.TIF,3,3,2,1,4,0,1396,1628,2106,2338
\\nbi-ufiles\shared\Research-Groups\Mark-Banfield\Josh_Williams\Scoring_20Oct\Yuxuan\DSC_5087.TIF,3,3,2,1,5,0,1370,1592,1817,2039
\\nbi-ufiles\shared\Research-Groups\Mark-Banfield\Josh_Williams\Scoring_20Oct\Yuxuan\DSC_5087.TIF,3,3,2,1,6,5,1286,1496,1602,1812
\\nbi-ufiles\shared\Research-Groups\Mark-Banfield\Josh_Williams\Scoring_20Oct\Yuxuan\DSC_5087.TIF,3,3,2,3,1,4,2333,2597,1454,1718
\\nbi-ufiles\shared\Research-Groups\Mark-Banfield\Josh_Williams\Scoring_20Oct\Yuxuan\DSC_5087.TIF,3,3,2,3,2,0,2238,2554,1770,2086
\\nbi-ufiles\shared\Research-Groups\Mark-Banfield\Josh_Williams\Scoring_20Oct\Yuxuan\DSC_5087.TIF,3,3,2,3,3,0,2160,2464,2224,2528
\\nbi-ufiles\shared\Research-Groups\Mark-Banfield\Josh_Williams\Scoring_20Oct\Yuxuan\DSC_5087.TIF,3,3,2,3,4,0,2792,3118,2138,2464
\\nbi-ufiles\shared\Research-Groups\Mark-Banfield\Josh_Williams\Scoring_20Oct\Yuxuan\DSC_5087.TIF,3,3,2,3,5,0,2812,3066,1853,2107
\\nbi-ufiles\shared\Research-Groups\Mark-Banfield\Josh_Williams\Scoring_20Oct\Yuxuan\DSC_5087.TIF,3,3,2,3,6,5,2639,2965,1402,1728
\\nbi-ufiles\shared\Research-Groups\Mark-Banfield\Josh_Williams\Scoring_20Oct\Yuxuan\DSC_5087.TIF,3,3,3,1,1,4,948,1232,2802,3086
\\nbi-ufiles\shared\Research-Groups\Mark-Banfield\Josh_Williams\Scoring_20Oct\Yuxuan\DSC_5087.TIF,3,3,3,1,2,0,802,1128,3097,3423
\\nbi-ufiles\shared\Research-Groups\Mark-Banfield\Josh_Williams\Scoring_20Oct\Yuxuan\DSC_5087.TIF,3,3,3,1,3,0,786,1102,3402,3718
\\nbi-ufiles\shared\Research-Groups\Mark-Banfield\Josh_Williams\Scoring_20Oct\Yuxuan\DSC_5087.TIF,3,3,3,1,4,1,1385,1701,3412,3728
\\nbi-ufiles\shared\Research-Groups\Mark-Banfield\Josh_Williams\Scoring_20Oct\Yuxuan\DSC_5087.TIF,3,3,3,1,5,2,1422,1644,3065,3287
\\nbi-ufiles\shared\Research-Groups\Mark-Banfield\Josh_Williams\Scoring_20Oct\Yuxuan\DSC_5087.TIF,3,3,3,1,6,3,1253,1507,2780,3034
\\nbi-ufiles\shared\Research-Groups\Mark-Banfield\Josh_Williams\Scoring_20Oct\Yuxuan\DSC_5087.TIF,3,3,3,3,1,3,2276,2528,2839,3091
\\nbi-ufiles\shared\Research-Groups\Mark-Banfield\Josh_Williams\Scoring_20Oct\Yuxuan\DSC_5087.TIF,3,3,3,3,2,4,2107,2391,3182,3466
\\nbi-ufiles\shared\Research-Groups\Mark-Banfield\Josh_Williams\Scoring_20Oct\Yuxuan\DSC_5087.TIF,3,3,3,3,3,2,2064,2380,3581,3897
\\nbi-ufiles\shared\Research-Groups\Mark-Banfield\Josh_Williams\Scoring_20Oct\Yuxuan\DSC_5087.TIF,3,3,3,3,4,4,2738,3044,3434,3740
\\nbi-ufiles\shared\Research-Groups\Mark-Banfield\Josh_Williams\Scoring_20Oct\Yuxuan\DSC_5087.TIF,3,3,3,3,6,3,2592,2834,2824,3066
\\nbi-ufiles\shared\Research-Groups\Mark-Banfield\Josh_Williams\Scoring_20Oct\Yuxuan\DSC_6337.tif,3,3,1,1,1,0,296,570,316,590
\\nbi-ufiles\shared\Research-Groups\Mark-Banfield\Josh_Williams\Scoring_20Oct\Yuxuan\DSC_6337.tif,3,3,1,1,2,0,232,486,548,802
\\nbi-ufiles\shared\Research-Groups\Mark-Banfield\Josh_Williams\Scoring_20Oct\Yuxuan\DSC_6337.tif,3,3,1,1,3,2,264,528,922,1186
\\nbi-ufiles\shared\Research-Groups\Mark-Banfield\Josh_Williams\Scoring_20Oct\Yuxuan\DSC_6337.tif,3,3,1,1,4,2,733,943,938,1148
\\nbi-ufiles\shared\Research-Groups\Mark-Banfield\Josh_Williams\Scoring_20Oct\Yuxuan\DSC_6337.tif,3,3,1,1,5,0,706,948,601,843
\\nbi-ufiles\shared\Research-Groups\Mark-Banfield\Josh_Williams\Scoring_20Oct\Yuxuan\DSC_6337.tif,3,3,1,1,6,0,611,875,296,560
\\nbi-ufiles\shared\Research-Groups\Mark-Banfield\Josh_Williams\Scoring_20Oct\Yuxuan\DSC_6337.tif,3,3,1,3,1,0,1897,2171,496,770
\\nbi-ufiles\shared\Research-Groups\Mark-Banfield\Josh_Williams\Scoring_20Oct\Yuxuan\DSC_6337.tif,3,3,1,3,2,0,1834,2118,818,1102
\\nbi-ufiles\shared\Research-Groups\Mark-Banfield\Josh_Williams\Scoring_20Oct\Yuxuan\DSC_6337.tif,3,3,1,3,3,0,1864,2086,1138,1360
\\nbi-ufiles\shared\Research-Groups\Mark-Banfield\Josh_Williams\Scoring_20Oct\Yuxuan\DSC_6337.tif,3,3,1,3,4,1,2202,2434,1027,1259
\\nbi-ufiles\shared\Research-Groups\Mark-Banfield\Josh_Williams\Scoring_20Oct\Yuxuan\DSC_6337.tif,3,3,1,3,5,2,2201,2413,790,1002
\\nbi-ufiles\shared\Research-Groups\Mark-Banfield\Josh_Williams\Scoring_20Oct\Yuxuan\DSC_6337.tif,3,3,1,3,6,0,2154,2408,516,770
\\nbi-ufiles\shared\Research-Groups\Mark-Banfield\Josh_Williams\Scoring_20Oct\Yuxuan\DSC_6337.tif,3,3,2,2,1,0,1144,1374,1676,1906
\\nbi-ufiles\shared\Research-Groups\Mark-Banfield\Josh_Williams\Scoring_20Oct\Yuxuan\DSC_6337.tif,3,3,2,2,2,0,1032,1286,1890,2144
\\nbi-ufiles\shared\Research-Groups\Mark-Banfield\Josh_Williams\Scoring_20Oct\Yuxuan\DSC_6337.tif,3,3,2,2,3,0,980,1232,2150,2402
\\nbi-ufiles\shared\Research-Groups\Mark-Banfield\Josh_Williams\Scoring_20Oct\Yuxuan\DSC_6337.tif,3,3,2,2,4,0,1360,1612,2170,2422
\\nbi-ufiles\shared\Research-Groups\Mark-Banfield\Josh_Williams\Scoring_20Oct\Yuxuan\DSC_6337.tif,3,3,2,2,5,4,1397,1649,1928,2180
\\nbi-ufiles\shared\Research-Groups\Mark-Banfield\Josh_Williams\Scoring_20Oct\Yuxuan\DSC_6337.tif,3,3,2,2,6,5,1380,1528,1780,1928
\\nbi-ufiles\shared\Research-Groups\Mark-Banfield\Josh_Williams\Scoring_20Oct\Yuxuan\DSC_6337.tif,3,3,3,1,1,3,628,806,2960,3138
\\nbi-ufiles\shared\Research-Groups\Mark-Banfield\Josh_Williams\Scoring_20Oct\Yuxuan\DSC_6337.tif,3,3,3,1,2,0,480,754,3138,3412
\\nbi-ufiles\shared\Research-Groups\Mark-Banfield\Josh_Williams\Scoring_20Oct\Yuxuan\DSC_6337.tif,3,3,3,1,3,0,385,637,3402,3654
\\nbi-ufiles\shared\Research-Groups\Mark-Banfield\Josh_Williams\Scoring_20Oct\Yuxuan\DSC_6337.tif,3,3,3,1,4,0,770,1022,3423,3675
\\nbi-ufiles\shared\Research-Groups\Mark-Banfield\Josh_Williams\Scoring_20Oct\Yuxuan\DSC_6337.tif,3,3,3,1,5,0,822,1054,3171,3403
\\nbi-ufiles\shared\Research-Groups\Mark-Banfield\Josh_Williams\Scoring_20Oct\Yuxuan\DSC_6337.tif,3,3,3,1,6,4,827,985,3002,3160
\\nbi-ufiles\shared\Research-Groups\Mark-Banfield\Josh_Williams\Scoring_20Oct\Yuxuan\DSC_6337.tif,3,3,3,3,1,5,1823,2013,2886,3076
\\nbi-ufiles\shared\Research-Groups\Mark-Banfield\Josh_Williams\Scoring_20Oct\Yuxuan\DSC_6337.tif,3,3,3,3,2,5,1728,1960,3086,3318
\\nbi-ufiles\shared\Research-Groups\Mark-Banfield\Josh_Williams\Scoring_20Oct\Yuxuan\DSC_6337.tif,3,3,3,3,3,0,1748,1960,3333,3545
\\nbi-ufiles\shared\Research-Groups\Mark-Banfield\Josh_Williams\Scoring_20Oct\Yuxuan\DSC_6337.tif,3,3,3,3,4,0,2222,2464,3218,3460
\\nbi-ufiles\shared\Research-Groups\Mark-Banfield\Josh_Williams\Scoring_20Oct\Yuxuan\DSC_6337.tif,3,3,3,3,5,0,2128,2360,2934,3166
\\nbi-ufiles\shared\Research-Groups\Mark-Banfield\Josh_Williams\Scoring_20Oct\Yuxuan\DSC_6337.tif,3,3,3,3,6,0,2081,2281,2738,2938
\\nbi-ufiles\shared\Research-Groups\Mark-Banfield\Josh_Williams\Scoring_20Oct\Yuxuan\DSC_6340.tif,3,3,1,1,1,6,402,580,444,622
\\nbi-ufiles\shared\Research-Groups\Mark-Banfield\Josh_Williams\Scoring_20Oct\Yuxuan\DSC_6340.tif,3,3,1,1,2,0,286,560,633,907
\\nbi-ufiles\shared\Research-Groups\Mark-Banfield\Josh_Williams\Scoring_20Oct\Yuxuan\DSC_6340.tif,3,3,1,1,3,0,370,654,996,1280
\\nbi-ufiles\shared\Research-Groups\Mark-Banfield\Josh_Williams\Scoring_20Oct\Yuxuan\DSC_6340.tif,3,3,1,1,4,0,737,991,822,1076
\\nbi-ufiles\shared\Research-Groups\Mark-Banfield\Josh_Williams\Scoring_20Oct\Yuxuan\DSC_6340.tif,3,3,1,1,5,0,664,886,559,781
\\nbi-ufiles\shared\Research-Groups\Mark-Banfield\Josh_Williams\Scoring_20Oct\Yuxuan\DSC_6340.tif,3,3,1,1,6,5,627,795,402,570
\\nbi-ufiles\shared\Research-Groups\Mark-Banfield\Josh_Williams\Scoring_20Oct\Yuxuan\DSC_6340.tif,3,3,1,3,1,5,1644,1812,597,765
\\nbi-ufiles\shared\Research-Groups\Mark-Banfield\Josh_Williams\Scoring_20Oct\Yuxuan\DSC_6340.tif,3,3,1,3,2,5,1507,1707,728,928
\\nbi-ufiles\shared\Research-Groups\Mark-Banfield\Josh_Williams\Scoring_20Oct\Yuxuan\DSC_6340.tif,3,3,1,3,3,0,1586,1776,928,1118
\\nbi-ufiles\shared\Research-Groups\Mark-Banfield\Josh_Williams\Scoring_20Oct\Yuxuan\DSC_6340.tif,3,3,1,3,4,0,1918,2192,886,1160
\\nbi-ufiles\shared\Research-Groups\Mark-Banfield\Josh_Williams\Scoring_20Oct\Yuxuan\DSC_6340.tif,3,3,1,3,5,0,1950,2150,702,902
\\nbi-ufiles\shared\Research-Groups\Mark-Banfield\Josh_Williams\Scoring_20Oct\Yuxuan\DSC_6340.tif,3,3,1,3,6,0,1844,2064,428,648
\\nbi-ufiles\shared\Research-Groups\Mark-Banfield\Josh_Williams\Scoring_20Oct\Yuxuan\DSC_6340.tif,3,3,2,2,1,0,1148,1380,1802,2034
\\nbi-ufiles\shared\Research-Groups\Mark-Banfield\Josh_Williams\Scoring_20Oct\Yuxuan\DSC_6340.tif,3,3,2,2,2,5,1160,1360,2033,2233
\\nbi-ufiles\shared\Research-Groups\Mark-Banfield\Josh_Williams\Scoring_20Oct\Yuxuan\DSC_6340.tif,3,3,2,2,3,4,1143,1333,2254,2444
\\nbi-ufiles\shared\Research-Groups\Mark-Banfield\Josh_Williams\Scoring_20Oct\Yuxuan\DSC_6340.tif,3,3,2,2,4,0,1538,1802,2233,2497
\\nbi-ufiles\shared\Research-Groups\Mark-Banfield\Josh_Williams\Scoring_20Oct\Yuxuan\DSC_6340.tif,3,3,2,2,5,0,1528,1728,1960,2160
\\nbi-ufiles\shared\Research-Groups\Mark-Banfield\Josh_Williams\Scoring_20Oct\Yuxuan\DSC_6340.tif,3,3,2,2,6,0,1486,1686,1706,1906
\\nbi-ufiles\shared\Research-Groups\Mark-Banfield\Josh_Williams\Scoring_20Oct\Yuxuan\DSC_6340.tif,3,3,3,1,1,0,323,543,3034,3254
\\nbi-ufiles\shared\Research-Groups\Mark-Banfield\Josh_Williams\Scoring_20Oct\Yuxuan\DSC_6340.tif,3,3,3,1,3,5,338,548,3466,3676
\\nbi-ufiles\shared\Research-Groups\Mark-Banfield\Josh_Williams\Scoring_20Oct\Yuxuan\DSC_6340.tif,3,3,3,1,4,5,611,823,3412,3624
\\nbi-ufiles\shared\Research-Groups\Mark-Banfield\Josh_Williams\Scoring_20Oct\Yuxuan\DSC_6340.tif,3,3,3,1,5,0,612,812,3181,3381
\\nbi-ufiles\shared\Research-Groups\Mark-Banfield\Josh_Williams\Scoring_20Oct\Yuxuan\DSC_6340.tif,3,3,3,1,6,0,532,712,3002,3182
\\nbi-ufiles\shared\Research-Groups\Mark-Banfield\Josh_Williams\Scoring_20Oct\Yuxuan\DSC_6340.tif,3,3,3,3,1,0,2076,2350,2860,3134
\\nbi-ufiles\shared\Research-Groups\Mark-Banfield\Josh_Williams\Scoring_20Oct\Yuxuan\DSC_6340.tif,3,3,3,3,2,0,2022,2244,3107,3329
\\nbi-ufiles\shared\Research-Groups\Mark-Banfield\Josh_Williams\Scoring_20Oct\Yuxuan\DSC_6340.tif,3,3,3,3,3,0,2013,2223,3402,3612
\\nbi-ufiles\shared\Research-Groups\Mark-Banfield\Josh_Williams\Scoring_20Oct\Yuxuan\DSC_6340.tif,3,3,3,3,4,3,2497,2729,3328,3560
\\nbi-ufiles\shared\Research-Groups\Mark-Banfield\Josh_Williams\Scoring_20Oct\Yuxuan\DSC_6340.tif,3,3,3,3,5,4,2454,2666,3102,3314
\\nbi-ufiles\shared\Research-Groups\Mark-Banfield\Josh_Williams\Scoring_20Oct\Yuxuan\DSC_6340.tif,3,3,3,3,6,0,2422,2602,2949,3129
\\nbi-ufiles\shared\Research-Groups\Mark-Banfield\Josh_Williams\Scoring_20Oct\Yuxuan\DSC_6619.tif,3,3,1,1,1,4,496,706,533,743
\\nbi-ufiles\shared\Research-Groups\Mark-Banfield\Josh_Williams\Scoring_20Oct\Yuxuan\DSC_6619.tif,3,3,1,1,2,4,412,664,844,1096
\\nbi-ufiles\shared\Research-Groups\Mark-Banfield\Josh_Williams\Scoring_20Oct\Yuxuan\DSC_6619.tif,3,3,1,1,3,0,412,644,1159,1391
\\nbi-ufiles\shared\Research-Groups\Mark-Banfield\Josh_Williams\Scoring_20Oct\Yuxuan\DSC_6619.tif,3,3,1,1,4,0,1002,1232,1097,1327
\\nbi-ufiles\shared\Research-Groups\Mark-Banfield\Josh_Williams\Scoring_20Oct\Yuxuan\DSC_6619.tif,3,3,1,1,5,0,918,1160,759,1001
\\nbi-ufiles\shared\Research-Groups\Mark-Banfield\Josh_Williams\Scoring_20Oct\Yuxuan\DSC_6619.tif,3,3,1,1,6,0,812,1032,486,706
\\nbi-ufiles\shared\Research-Groups\Mark-Banfield\Josh_Williams\Scoring_20Oct\Yuxuan\DSC_6619.tif,3,3,1,3,1,0,1959,2181,706,928
\\nbi-ufiles\shared\Research-Groups\Mark-Banfield\Josh_Williams\Scoring_20Oct\Yuxuan\DSC_6619.tif,3,3,1,3,2,3,1918,2160,1011,1253
\\nbi-ufiles\shared\Research-Groups\Mark-Banfield\Josh_Williams\Scoring_20Oct\Yuxuan\DSC_6619.tif,3,3,1,3,3,2,1992,2234,1259,1501
\\nbi-ufiles\shared\Research-Groups\Mark-Banfield\Josh_Williams\Scoring_20Oct\Yuxuan\DSC_6619.tif,3,3,1,3,4,0,2518,2792,1081,1355
\\nbi-ufiles\shared\Research-Groups\Mark-Banfield\Josh_Williams\Scoring_20Oct\Yuxuan\DSC_6619.tif,3,3,1,3,5,0,2496,2718,785,1007
\\nbi-ufiles\shared\Research-Groups\Mark-Banfield\Josh_Williams\Scoring_20Oct\Yuxuan\DSC_6619.tif,3,3,1,3,6,0,2254,2496,549,791
\\nbi-ufiles\shared\Research-Groups\Mark-Banfield\Josh_Williams\Scoring_20Oct\Yuxuan\DSC_6619.tif,3,3,2,2,1,0,1464,1622,1944,2102
\\nbi-ufiles\shared\Research-Groups\Mark-Banfield\Josh_Williams\Scoring_20Oct\Yuxuan\DSC_6619.tif,3,3,2,2,2,0,1338,1528,2180,2370
\\nbi-ufiles\shared\Research-Groups\Mark-Banfield\Josh_Williams\Scoring_20Oct\Yuxuan\DSC_6619.tif,3,3,2,2,3,3,1580,1580,2676,2676
\\nbi-ufiles\shared\Research-Groups\Mark-Banfield\Josh_Williams\Scoring_20Oct\Yuxuan\DSC_6619.tif,3,3,2,2,4,4,1760,1992,2364,2596
\\nbi-ufiles\shared\Research-Groups\Mark-Banfield\Josh_Williams\Scoring_20Oct\Yuxuan\DSC_6619.tif,3,3,2,2,5,0,1770,1992,2096,2318
\\nbi-ufiles\shared\Research-Groups\Mark-Banfield\Josh_Williams\Scoring_20Oct\Yuxuan\DSC_6619.tif,3,3,2,2,6,0,1738,1950,1875,2087
\\nbi-ufiles\shared\Research-Groups\Mark-Banfield\Josh_Williams\Scoring_20Oct\Yuxuan\DSC_6619.tif,3,3,3,1,1,0,770,1032,3256,3518
\\nbi-ufiles\shared\Research-Groups\Mark-Banfield\Josh_Williams\Scoring_20Oct\Yuxuan\DSC_6619.tif,3,3,3,1,2,0,696,990,3540,3834
\\nbi-ufiles\shared\Research-Groups\Mark-Banfield\Josh_Williams\Scoring_20Oct\Yuxuan\DSC_6619.tif,3,3,3,1,3,0,644,928,3828,4112
\\nbi-ufiles\shared\Research-Groups\Mark-Banfield\Josh_Williams\Scoring_20Oct\Yuxuan\DSC_6619.tif,3,3,3,1,4,2,1118,1360,3797,4039
\\nbi-ufiles\shared\Research-Groups\Mark-Banfield\Josh_Williams\Scoring_20Oct\Yuxuan\DSC_6619.tif,3,3,3,1,5,4,1064,1306,3565,3807
\\nbi-ufiles\shared\Research-Groups\Mark-Banfield\Josh_Williams\Scoring_20Oct\Yuxuan\DSC_6619.tif,3,3,3,1,6,3,1054,1254,3397,3597
\\nbi-ufiles\shared\Research-Groups\Mark-Banfield\Josh_Williams\Scoring_20Oct\Yuxuan\DSC_6619.tif,3,3,3,3,1,0,2064,2308,3006,3250
\\nbi-ufiles\shared\Research-Groups\Mark-Banfield\Josh_Williams\Scoring_20Oct\Yuxuan\DSC_6619.tif,3,3,3,3,2,0,1960,2244,3281,3565
\\nbi-ufiles\shared\Research-Groups\Mark-Banfield\Josh_Williams\Scoring_20Oct\Yuxuan\DSC_6619.tif,3,3,3,3,3,0,1992,2254,3645,3907
\\nbi-ufiles\shared\Research-Groups\Mark-Banfield\Josh_Williams\Scoring_20Oct\Yuxuan\DSC_6619.tif,3,3,3,3,4,0,2538,2792,3513,3767
\\nbi-ufiles\shared\Research-Groups\Mark-Banfield\Josh_Williams\Scoring_20Oct\Yuxuan\DSC_6619.tif,3,3,3,3,5,4,2508,2728,3219,3439
\\nbi-ufiles\shared\Research-Groups\Mark-Banfield\Josh_Williams\Scoring_20Oct\Yuxuan\DSC_6619.tif,3,3,3,3,6,4,2413,2633,2918,3138
\\nbi-ufiles\shared\Research-Groups\Mark-Banfield\Josh_Williams\Scoring_20Oct\Yuxuan\DSC_7491.TIF,3,3,1,2,1,5,1548,1748,801,1001
\\nbi-ufiles\shared\Research-Groups\Mark-Banfield\Josh_Williams\Scoring_20Oct\Yuxuan\DSC_7491.TIF,3,3,1,2,2,5,1412,1612,1006,1206
\\nbi-ufiles\shared\Research-Groups\Mark-Banfield\Josh_Williams\Scoring_20Oct\Yuxuan\DSC_7491.TIF,3,3,1,2,3,5,1454,1654,1296,1496
\\nbi-ufiles\shared\Research-Groups\Mark-Banfield\Josh_Williams\Scoring_20Oct\Yuxuan\DSC_7491.TIF,3,3,1,2,4,4,1928,2170,1276,1518
\\nbi-ufiles\shared\Research-Groups\Mark-Banfield\Josh_Williams\Scoring_20Oct\Yuxuan\DSC_7491.TIF,3,3,1,2,5,5,1913,2123,1022,1232
\\nbi-ufiles\shared\Research-Groups\Mark-Banfield\Josh_Williams\Scoring_20Oct\Yuxuan\DSC_7491.TIF,3,3,1,2,6,5,1812,2044,796,1028
\\nbi-ufiles\shared\Research-Groups\Mark-Banfield\Josh_Williams\Scoring_20Oct\Yuxuan\DSC_7491.TIF,3,3,2,1,1,6,896,1076,1991,2171
\\nbi-ufiles\shared\Research-Groups\Mark-Banfield\Josh_Williams\Scoring_20Oct\Yuxuan\DSC_7491.TIF,3,3,2,1,2,5,770,1022,2202,2454
\\nbi-ufiles\shared\Research-Groups\Mark-Banfield\Josh_Williams\Scoring_20Oct\Yuxuan\DSC_7491.TIF,3,3,2,1,3,5,854,1076,2475,2697
\\nbi-ufiles\shared\Research-Groups\Mark-Banfield\Josh_Williams\Scoring_20Oct\Yuxuan\DSC_7491.TIF,3,3,2,1,4,4,1227,1471,2464,2708
\\nbi-ufiles\shared\Research-Groups\Mark-Banfield\Josh_Williams\Scoring_20Oct\Yuxuan\DSC_7491.TIF,3,3,2,1,5,4,1232,1486,2128,2382
\\nbi-ufiles\shared\Research-Groups\Mark-Banfield\Josh_Williams\Scoring_20Oct\Yuxuan\DSC_7491.TIF,3,3,2,1,6,4,1118,1318,1934,2134
\\nbi-ufiles\shared\Research-Groups\Mark-Banfield\Josh_Williams\Scoring_20Oct\Yuxuan\DSC_7491.TIF,3,3,2,3,1,3,2254,2422,2118,2286
\\nbi-ufiles\shared\Research-Groups\Mark-Banfield\Josh_Williams\Scoring_20Oct\Yuxuan\DSC_7491.TIF,3,3,2,3,2,4,2112,2344,2328,2560
\\nbi-ufiles\shared\Research-Groups\Mark-Banfield\Josh_Williams\Scoring_20Oct\Yuxuan\DSC_7491.TIF,3,3,2,3,3,3,2150,2350,2612,2812
\\nbi-ufiles\shared\Research-Groups\Mark-Banfield\Josh_Williams\Scoring_20Oct\Yuxuan\DSC_7491.TIF,3,3,2,3,4,3,2654,2918,2538,2802
\\nbi-ufiles\shared\Research-Groups\Mark-Banfield\Josh_Williams\Scoring_20Oct\Yuxuan\DSC_7491.TIF,3,3,2,3,5,4,2739,2949,2286,2496
\\nbi-ufiles\shared\Research-Groups\Mark-Banfield\Josh_Williams\Scoring_20Oct\Yuxuan\DSC_7491.TIF,3,3,2,3,6,5,2508,2728,2076,2296
\\nbi-ufiles\shared\Research-Groups\Mark-Banfield\Josh_Williams\Scoring_20Oct\Yuxuan\DSC_7491.TIF,3,3,3,1,1,4,560,748,3492,3680
\\nbi-ufiles\shared\Research-Groups\Mark-Banfield\Josh_Williams\Scoring_20Oct\Yuxuan\DSC_7491.TIF,3,3,3,1,2,3,495,665,3728,3898
\\nbi-ufiles\shared\Research-Groups\Mark-Banfield\Josh_Williams\Scoring_20Oct\Yuxuan\DSC_7491.TIF,3,3,3,1,3,3,548,790,3897,4139
\\nbi-ufiles\shared\Research-Groups\Mark-Banfield\Josh_Williams\Scoring_20Oct\Yuxuan\DSC_7491.TIF,3,3,3,1,4,3,1022,1264,3871,4113
\\nbi-ufiles\shared\Research-Groups\Mark-Banfield\Josh_Williams\Scoring_20Oct\Yuxuan\DSC_7491.TIF,3,3,3,1,5,4,980,1190,3619,3829
\\nbi-ufiles\shared\Research-Groups\Mark-Banfield\Josh_Williams\Scoring_20Oct\Yuxuan\DSC_7491.TIF,3,3,3,1,6,6,764,976,3370,3582
\\nbi-ufiles\shared\Research-Groups\Mark-Banfield\Josh_Williams\Scoring_20Oct\Yuxuan\DSC_7491.TIF,3,3,3,3,1,4,2222,2454,3297,3529
\\nbi-ufiles\shared\Research-Groups\Mark-Banfield\Josh_Williams\Scoring_20Oct\Yuxuan\DSC_7491.TIF,3,3,3,3,2,5,2064,2308,3654,3898
\\nbi-ufiles\shared\Research-Groups\Mark-Banfield\Josh_Williams\Scoring_20Oct\Yuxuan\DSC_7491.TIF,3,3,3,3,3,4,2086,2308,4023,4245
\\nbi-ufiles\shared\Research-Groups\Mark-Banfield\Josh_Williams\Scoring_20Oct\Yuxuan\DSC_7491.TIF,3,3,3,3,4,4,2718,2876,3929,4087
\\nbi-ufiles\shared\Research-Groups\Mark-Banfield\Josh_Williams\Scoring_20Oct\Yuxuan\DSC_7491.TIF,3,3,3,3,5,5,2612,2834,3643,3865
\\nbi-ufiles\shared\Research-Groups\Mark-Banfield\Josh_Williams\Scoring_20Oct\Yuxuan\DSC_7491.TIF,3,3,3,3,6,5,2508,2696,3382,3570
\\nbi-ufiles\shared\Research-Groups\Mark-Banfield\Josh_Williams\Scoring_20Oct\Yuxuan\DSC_7493.TIF,3,3,1,2,1,1,1333,1565,674,906
\\nbi-ufiles\shared\Research-Groups\Mark-Banfield\Josh_Williams\Scoring_20Oct\Yuxuan\DSC_7493.TIF,3,3,1,2,2,2,1275,1591,938,1254
\\nbi-ufiles\shared\Research-Groups\Mark-Banfield\Josh_Williams\Scoring_20Oct\Yuxuan\DSC_7493.TIF,3,3,1,2,3,0,1276,1518,1338,1580
\\nbi-ufiles\shared\Research-Groups\Mark-Banfield\Josh_Williams\Scoring_20Oct\Yuxuan\DSC_7493.TIF,3,3,1,2,4,0,1792,2086,1207,1501
\\nbi-ufiles\shared\Research-Groups\Mark-Banfield\Josh_Williams\Scoring_20Oct\Yuxuan\DSC_7493.TIF,3,3,1,2,5,0,1728,1980,880,1132
\\nbi-ufiles\shared\Research-Groups\Mark-Banfield\Josh_Williams\Scoring_20Oct\Yuxuan\DSC_7493.TIF,3,3,1,2,6,0,1644,1834,674,864
\\nbi-ufiles\shared\Research-Groups\Mark-Banfield\Josh_Williams\Scoring_20Oct\Yuxuan\DSC_7493.TIF,3,3,2,1,1,0,664,918,1669,1923
\\nbi-ufiles\shared\Research-Groups\Mark-Banfield\Josh_Williams\Scoring_20Oct\Yuxuan\DSC_7493.TIF,3,3,2,1,2,0,570,802,1944,2176
\\nbi-ufiles\shared\Research-Groups\Mark-Banfield\Josh_Williams\Scoring_20Oct\Yuxuan\DSC_7493.TIF,3,3,2,1,3,0,543,785,2234,2476
\\nbi-ufiles\shared\Research-Groups\Mark-Banfield\Josh_Williams\Scoring_20Oct\Yuxuan\DSC_7493.TIF,3,3,2,1,4,2,1054,1402,2254,2602
\\nbi-ufiles\shared\Research-Groups\Mark-Banfield\Josh_Williams\Scoring_20Oct\Yuxuan\DSC_7493.TIF,3,3,2,1,5,2,1002,1286,1886,2170
\\nbi-ufiles\shared\Research-Groups\Mark-Banfield\Josh_Williams\Scoring_20Oct\Yuxuan\DSC_7493.TIF,3,3,2,1,6,2,979,1191,1664,1876
\\nbi-ufiles\shared\Research-Groups\Mark-Banfield\Josh_Williams\Scoring_20Oct\Yuxuan\DSC_7493.TIF,3,3,2,3,1,1,2060,2344,1834,2118
\\nbi-ufiles\shared\Research-Groups\Mark-Banfield\Josh_Williams\Scoring_20Oct\Yuxuan\DSC_7493.TIF,3,3,2,3,2,1,2007,2259,2212,2464
\\nbi-ufiles\shared\Research-Groups\Mark-Banfield\Josh_Williams\Scoring_20Oct\Yuxuan\DSC_7493.TIF,3,3,2,3,3,1,2018,2270,2486,2738
\\nbi-ufiles\shared\Research-Groups\Mark-Banfield\Josh_Williams\Scoring_20Oct\Yuxuan\DSC_7493.TIF,3,3,2,3,4,0,2580,2812,2470,2702
\\nbi-ufiles\shared\Research-Groups\Mark-Banfield\Josh_Williams\Scoring_20Oct\Yuxuan\DSC_7493.TIF,3,3,2,3,5,0,2592,2854,2071,2333
\\nbi-ufiles\shared\Research-Groups\Mark-Banfield\Josh_Williams\Scoring_20Oct\Yuxuan\DSC_7493.TIF,3,3,2,3,6,0,2418,2660,1760,2002
\\nbi-ufiles\shared\Research-Groups\Mark-Banfield\Josh_Williams\Scoring_20Oct\Yuxuan\DSC_7493.TIF,3,3,3,2,1,0,864,1148,3076,3360
\\nbi-ufiles\shared\Research-Groups\Mark-Banfield\Josh_Williams\Scoring_20Oct\Yuxuan\DSC_7493.TIF,3,3,3,2,2,0,764,1028,3454,3718
\\nbi-ufiles\shared\Research-Groups\Mark-Banfield\Josh_Williams\Scoring_20Oct\Yuxuan\DSC_7493.TIF,3,3,3,2,3,0,775,1037,3782,4044
\\nbi-ufiles\shared\Research-Groups\Mark-Banfield\Josh_Williams\Scoring_20Oct\Yuxuan\DSC_7493.TIF,3,3,3,2,4,1,1286,1580,3676,3970
\\nbi-ufiles\shared\Research-Groups\Mark-Banfield\Josh_Williams\Scoring_20Oct\Yuxuan\DSC_7493.TIF,3,3,3,2,5,2,1296,1538,3387,3629
\\nbi-ufiles\shared\Research-Groups\Mark-Banfield\Josh_Williams\Scoring_20Oct\Yuxuan\DSC_7493.TIF,3,3,3,2,6,3,1201,1465,3086,3350
\\nbi-ufiles\shared\Research-Groups\Mark-Banfield\Josh_Williams\Scoring_20Oct\Yuxuan\DSC_7583.TIF,3,3,1,2,1,0,1592,1918,206,532
\\nbi-ufiles\shared\Research-Groups\Mark-Banfield\Josh_Williams\Scoring_20Oct\Yuxuan\DSC_7583.TIF,3,3,1,2,2,0,1464,1728,601,865
\\nbi-ufiles\shared\Research-Groups\Mark-Banfield\Josh_Williams\Scoring_20Oct\Yuxuan\DSC_7583.TIF,3,3,1,2,3,0,1497,1813,896,1212
\\nbi-ufiles\shared\Research-Groups\Mark-Banfield\Josh_Williams\Scoring_20Oct\Yuxuan\DSC_7583.TIF,3,3,1,2,4,0,2222,2528,933,1239
\\nbi-ufiles\shared\Research-Groups\Mark-Banfield\Josh_Williams\Scoring_20Oct\Yuxuan\DSC_7583.TIF,3,3,1,2,5,0,2096,2464,470,838
\\nbi-ufiles\shared\Research-Groups\Mark-Banfield\Josh_Williams\Scoring_20Oct\Yuxuan\DSC_7583.TIF,3,3,1,2,6,0,1918,2180,239,501
\\nbi-ufiles\shared\Research-Groups\Mark-Banfield\Josh_Williams\Scoring_20Oct\Yuxuan\DSC_7583.TIF,3,3,2,1,1,0,807,1059,1318,1570
\\nbi-ufiles\shared\Research-Groups\Mark-Banfield\Josh_Williams\Scoring_20Oct\Yuxuan\DSC_7583.TIF,3,3,2,1,2,0,638,880,1644,1886
\\nbi-ufiles\shared\Research-Groups\Mark-Banfield\Josh_Williams\Scoring_20Oct\Yuxuan\DSC_7583.TIF,3,3,2,1,3,0,632,886,2028,2282
\\nbi-ufiles\shared\Research-Groups\Mark-Banfield\Josh_Williams\Scoring_20Oct\Yuxuan\DSC_7583.TIF,3,3,2,1,4,0,1212,1486,1886,2160
\\nbi-ufiles\shared\Research-Groups\Mark-Banfield\Josh_Williams\Scoring_20Oct\Yuxuan\DSC_7583.TIF,3,3,2,1,5,0,1348,1570,1549,1771
\\nbi-ufiles\shared\Research-Groups\Mark-Banfield\Josh_Williams\Scoring_20Oct\Yuxuan\DSC_7583.TIF,3,3,2,1,6,0,1075,1307,1306,1538
\\nbi-ufiles\shared\Research-Groups\Mark-Banfield\Josh_Williams\Scoring_20Oct\Yuxuan\DSC_7583.TIF,3,3,2,3,1,0,2213,2465,1560,1812
\\nbi-ufiles\shared\Research-Groups\Mark-Banfield\Josh_Williams\Scoring_20Oct\Yuxuan\DSC_7583.TIF,3,3,2,3,2,0,2033,2297,1822,2086
\\nbi-ufiles\shared\Research-Groups\Mark-Banfield\Josh_Williams\Scoring_20Oct\Yuxuan\DSC_7583.TIF,3,3,2,3,3,0,2002,2296,2139,2433
\\nbi-ufiles\shared\Research-Groups\Mark-Banfield\Josh_Williams\Scoring_20Oct\Yuxuan\DSC_7583.TIF,3,3,2,3,4,0,2622,2908,2206,2492
\\nbi-ufiles\shared\Research-Groups\Mark-Banfield\Josh_Williams\Scoring_20Oct\Yuxuan\DSC_7583.TIF,3,3,2,3,5,0,2686,2960,1875,2149
\\nbi-ufiles\shared\Research-Groups\Mark-Banfield\Josh_Williams\Scoring_20Oct\Yuxuan\DSC_7583.TIF,3,3,2,3,6,0,2560,2802,1549,1791
\\nbi-ufiles\shared\Research-Groups\Mark-Banfield\Josh_Williams\Scoring_20Oct\Yuxuan\DSC_7583.TIF,3,3,3,1,1,0,738,1012,2780,3054
\\nbi-ufiles\shared\Research-Groups\Mark-Banfield\Josh_Williams\Scoring_20Oct\Yuxuan\DSC_7583.TIF,3,3,3,1,2,0,432,706,3060,3334
\\nbi-ufiles\shared\Research-Groups\Mark-Banfield\Josh_Williams\Scoring_20Oct\Yuxuan\DSC_7583.TIF,3,3,3,1,3,0,454,822,3471,3839
\\nbi-ufiles\shared\Research-Groups\Mark-Banfield\Josh_Williams\Scoring_20Oct\Yuxuan\DSC_7583.TIF,3,3,3,1,4,0,1244,1570,3565,3891
\\nbi-ufiles\shared\Research-Groups\Mark-Banfield\Josh_Williams\Scoring_20Oct\Yuxuan\DSC_7583.TIF,3,3,3,1,5,0,1264,1528,3171,3435
\\nbi-ufiles\shared\Research-Groups\Mark-Banfield\Josh_Williams\Scoring_20Oct\Yuxuan\DSC_7583.TIF,3,3,3,3,1,0,2080,2396,3034,3350
\\nbi-ufiles\shared\Research-Groups\Mark-Banfield\Josh_Williams\Scoring_20Oct\Yuxuan\DSC_7583.TIF,3,3,3,3,2,0,1928,2202,3370,3644
\\nbi-ufiles\shared\Research-Groups\Mark-Banfield\Josh_Williams\Scoring_20Oct\Yuxuan\DSC_7583.TIF,3,3,3,3,3,0,1896,2150,3675,3929
\\nbi-ufiles\shared\Research-Groups\Mark-Banfield\Josh_Williams\Scoring_20Oct\Yuxuan\DSC_7583.TIF,3,3,3,3,4,0,2601,2875,3634,3908
\\nbi-ufiles\shared\Research-Groups\Mark-Banfield\Josh_Williams\Scoring_20Oct\Yuxuan\DSC_7583.TIF,3,3,3,3,5,0,2496,2760,3238,3502
\\nbi-ufiles\shared\Research-Groups\Mark-Banfield\Josh_Williams\Scoring_20Oct\Yuxuan\DSC_7583.TIF,3,3,3,3,6,0,2401,2633,2980,3212
\\nbi-ufiles\shared\Research-Groups\Mark-Banfield\Josh_Williams\Scoring_20Oct\Yuxuan\DSC_7709.TIF,3,3,1,2,1,0,1444,1696,738,990
\\nbi-ufiles\shared\Research-Groups\Mark-Banfield\Josh_Williams\Scoring_20Oct\Yuxuan\DSC_7709.TIF,3,3,1,2,2,0,1276,1528,1007,1259
\\nbi-ufiles\shared\Research-Groups\Mark-Banfield\Josh_Williams\Scoring_20Oct\Yuxuan\DSC_7709.TIF,3,3,1,2,3,0,1276,1602,1291,1617
\\nbi-ufiles\shared\Research-Groups\Mark-Banfield\Josh_Williams\Scoring_20Oct\Yuxuan\DSC_7709.TIF,3,3,1,2,4,0,1864,2160,1327,1623
\\nbi-ufiles\shared\Research-Groups\Mark-Banfield\Josh_Williams\Scoring_20Oct\Yuxuan\DSC_7709.TIF,3,3,1,2,5,2,1945,2175,1002,1232
\\nbi-ufiles\shared\Research-Groups\Mark-Banfield\Josh_Williams\Scoring_20Oct\Yuxuan\DSC_7709.TIF,3,3,1,2,6,3,1718,2002,707,991
\\nbi-ufiles\shared\Research-Groups\Mark-Banfield\Josh_Williams\Scoring_20Oct\Yuxuan\DSC_7709.TIF,3,3,2,1,1,0,738,980,1780,2022
\\nbi-ufiles\shared\Research-Groups\Mark-Banfield\Josh_Williams\Scoring_20Oct\Yuxuan\DSC_7709.TIF,3,3,2,1,2,0,616,848,2096,2328
\\nbi-ufiles\shared\Research-Groups\Mark-Banfield\Josh_Williams\Scoring_20Oct\Yuxuan\DSC_7709.TIF,3,3,2,1,3,0,706,928,2486,2708
\\nbi-ufiles\shared\Research-Groups\Mark-Banfield\Josh_Williams\Scoring_20Oct\Yuxuan\DSC_7709.TIF,3,3,2,1,4,0,1296,1538,2370,2612
\\nbi-ufiles\shared\Research-Groups\Mark-Banfield\Josh_Williams\Scoring_20Oct\Yuxuan\DSC_7709.TIF,3,3,2,1,5,0,1202,1496,2065,2359
\\nbi-ufiles\shared\Research-Groups\Mark-Banfield\Josh_Williams\Scoring_20Oct\Yuxuan\DSC_7709.TIF,3,3,2,1,6,0,1086,1318,1812,2044
\\nbi-ufiles\shared\Research-Groups\Mark-Banfield\Josh_Williams\Scoring_20Oct\Yuxuan\DSC_7709.TIF,3,3,2,3,1,0,2044,2286,1833,2075
\\nbi-ufiles\shared\Research-Groups\Mark-Banfield\Josh_Williams\Scoring_20Oct\Yuxuan\DSC_7709.TIF,3,3,2,3,2,0,1854,2148,2118,2412
\\nbi-ufiles\shared\Research-Groups\Mark-Banfield\Josh_Williams\Scoring_20Oct\Yuxuan\DSC_7709.TIF,3,3,2,3,3,0,1854,2138,2508,2792
\\nbi-ufiles\shared\Research-Groups\Mark-Banfield\Josh_Williams\Scoring_20Oct\Yuxuan\DSC_7709.TIF,3,3,2,3,4,0,2560,2834,2412,2686
\\nbi-ufiles\shared\Research-Groups\Mark-Banfield\Josh_Williams\Scoring_20Oct\Yuxuan\DSC_7709.TIF,3,3,2,3,5,0,2564,2818,2022,2276
\\nbi-ufiles\shared\Research-Groups\Mark-Banfield\Josh_Williams\Scoring_20Oct\Yuxuan\DSC_7709.TIF,3,3,2,3,6,0,2360,2622,1792,2054
\\nbi-ufiles\shared\Research-Groups\Mark-Banfield\Josh_Williams\Scoring_20Oct\Yuxuan\DSC_7709.TIF,3,3,3,1,1,1,748,1022,3218,3492
\\nbi-ufiles\shared\Research-Groups\Mark-Banfield\Josh_Williams\Scoring_20Oct\Yuxuan\DSC_7709.TIF,3,3,3,1,2,0,590,864,3529,3803
\\nbi-ufiles\shared\Research-Groups\Mark-Banfield\Josh_Williams\Scoring_20Oct\Yuxuan\DSC_7709.TIF,3,3,3,1,3,0,664,980,3939,4255
\\nbi-ufiles\shared\Research-Groups\Mark-Banfield\Josh_Williams\Scoring_20Oct\Yuxuan\DSC_7709.TIF,3,3,3,1,4,0,1385,1659,3792,4066
\\nbi-ufiles\shared\Research-Groups\Mark-Banfield\Josh_Williams\Scoring_20Oct\Yuxuan\DSC_7709.TIF,3,3,3,1,5,0,1285,1581,3412,3708
\\nbi-ufiles\shared\Research-Groups\Mark-Banfield\Josh_Williams\Scoring_20Oct\Yuxuan\DSC_7709.TIF,3,3,3,1,6,0,1032,1286,3112,3366
\\nbi-ufiles\shared\Research-Groups\Mark-Banfield\Josh_Williams\Scoring_20Oct\Yuxuan\DSC_7709.TIF,3,3,3,3,1,2,2422,2422,3454,3454
\\nbi-ufiles\shared\Research-Groups\Mark-Banfield\Josh_Williams\Scoring_20Oct\Yuxuan\DSC_7709.TIF,3,3,3,3,2,3,1918,2222,3540,3844
\\nbi-ufiles\shared\Research-Groups\Mark-Banfield\Josh_Williams\Scoring_20Oct\Yuxuan\DSC_7709.TIF,3,3,3,3,3,2,1960,2234,4007,4281
\\nbi-ufiles\shared\Research-Groups\Mark-Banfield\Josh_Williams\Scoring_20Oct\Yuxuan\DSC_7709.TIF,3,3,3,3,4,0,2518,2886,3818,4186
\\nbi-ufiles\shared\Research-Groups\Mark-Banfield\Josh_Williams\Scoring_20Oct\Yuxuan\DSC_7709.TIF,3,3,3,3,5,0,2570,2854,3476,3760
\\nbi-ufiles\shared\Research-Groups\Mark-Banfield\Josh_Williams\Scoring_20Oct\Yuxuan\DSC_7709.TIF,3,3,3,3,6,0,2470,2702,3244,3476
\\nbi-ufiles\shared\Research-Groups\Mark-Banfield\Josh_Williams\Scoring_20Oct\Yuxuan\DSC_7713.TIF,3,3,1,2,1,0,1450,1702,738,990
\\nbi-ufiles\shared\Research-Groups\Mark-Banfield\Josh_Williams\Scoring_20Oct\Yuxuan\DSC_7713.TIF,3,3,1,2,2,0,1412,1676,1012,1276
\\nbi-ufiles\shared\Research-Groups\Mark-Banfield\Josh_Williams\Scoring_20Oct\Yuxuan\DSC_7713.TIF,3,3,1,2,3,0,1433,1687,1306,1560
\\nbi-ufiles\shared\Research-Groups\Mark-Banfield\Josh_Williams\Scoring_20Oct\Yuxuan\DSC_7713.TIF,3,3,1,2,4,0,1906,2150,1216,1460
\\nbi-ufiles\shared\Research-Groups\Mark-Banfield\Josh_Williams\Scoring_20Oct\Yuxuan\DSC_7713.TIF,3,3,1,2,5,2,1875,2097,948,1170
\\nbi-ufiles\shared\Research-Groups\Mark-Banfield\Josh_Williams\Scoring_20Oct\Yuxuan\DSC_7713.TIF,3,3,1,2,6,3,1685,1939,674,928
\\nbi-ufiles\shared\Research-Groups\Mark-Banfield\Josh_Williams\Scoring_20Oct\Yuxuan\DSC_7713.TIF,3,3,2,1,1,0,854,1086,1728,1960
\\nbi-ufiles\shared\Research-Groups\Mark-Banfield\Josh_Williams\Scoring_20Oct\Yuxuan\DSC_7713.TIF,3,3,2,1,2,0,732,1038,2106,2412
\\nbi-ufiles\shared\Research-Groups\Mark-Banfield\Josh_Williams\Scoring_20Oct\Yuxuan\DSC_7713.TIF,3,3,2,1,3,0,760,1054,2428,2722
\\nbi-ufiles\shared\Research-Groups\Mark-Banfield\Josh_Williams\Scoring_20Oct\Yuxuan\DSC_7713.TIF,3,3,2,1,4,0,1338,1580,2323,2565
\\nbi-ufiles\shared\Research-Groups\Mark-Banfield\Josh_Williams\Scoring_20Oct\Yuxuan\DSC_7713.TIF,3,3,2,1,5,4,1570,1580,2308,2318
\\nbi-ufiles\shared\Research-Groups\Mark-Banfield\Josh_Williams\Scoring_20Oct\Yuxuan\DSC_7713.TIF,3,3,2,1,6,4,1170,1422,1671,1923
\\nbi-ufiles\shared\Research-Groups\Mark-Banfield\Josh_Williams\Scoring_20Oct\Yuxuan\DSC_7713.TIF,3,3,2,3,1,0,2064,2350,1843,2129
\\nbi-ufiles\shared\Research-Groups\Mark-Banfield\Josh_Williams\Scoring_20Oct\Yuxuan\DSC_7713.TIF,3,3,2,3,2,0,1908,2202,2150,2444
\\nbi-ufiles\shared\Research-Groups\Mark-Banfield\Josh_Williams\Scoring_20Oct\Yuxuan\DSC_7713.TIF,3,3,2,3,3,0,1934,2238,2508,2812
\\nbi-ufiles\shared\Research-Groups\Mark-Banfield\Josh_Williams\Scoring_20Oct\Yuxuan\DSC_7713.TIF,3,3,2,3,4,0,2537,2781,2464,2708
\\nbi-ufiles\shared\Research-Groups\Mark-Banfield\Josh_Williams\Scoring_20Oct\Yuxuan\DSC_7713.TIF,3,3,2,3,5,1,2591,2823,2076,2308
\\nbi-ufiles\shared\Research-Groups\Mark-Banfield\Josh_Williams\Scoring_20Oct\Yuxuan\DSC_7713.TIF,3,3,2,3,6,2,2412,2654,1807,2049
\\nbi-ufiles\shared\Research-Groups\Mark-Banfield\Josh_Williams\Scoring_20Oct\Yuxuan\DSC_7713.TIF,3,3,3,1,1,0,865,1223,3224,3582
\\nbi-ufiles\shared\Research-Groups\Mark-Banfield\Josh_Williams\Scoring_20Oct\Yuxuan\DSC_7713.TIF,3,3,3,1,2,0,706,1012,3517,3823
\\nbi-ufiles\shared\Research-Groups\Mark-Banfield\Josh_Williams\Scoring_20Oct\Yuxuan\DSC_7713.TIF,3,3,3,1,3,0,728,1002,3881,4155
\\nbi-ufiles\shared\Research-Groups\Mark-Banfield\Josh_Williams\Scoring_20Oct\Yuxuan\DSC_7713.TIF,3,3,3,1,4,1,1454,1718,3834,4098
\\nbi-ufiles\shared\Research-Groups\Mark-Banfield\Josh_Williams\Scoring_20Oct\Yuxuan\DSC_7713.TIF,3,3,3,1,5,2,1417,1681,3486,3750
\\nbi-ufiles\shared\Research-Groups\Mark-Banfield\Josh_Williams\Scoring_20Oct\Yuxuan\DSC_7713.TIF,3,3,3,1,6,3,1243,1497,3212,3466
\\nbi-ufiles\shared\Research-Groups\Mark-Banfield\Josh_Williams\Scoring_20Oct\Yuxuan\DSC_7713.TIF,3,3,3,3,1,4,2217,2461,3338,3582
\\nbi-ufiles\shared\Research-Groups\Mark-Banfield\Josh_Williams\Scoring_20Oct\Yuxuan\DSC_7713.TIF,3,3,3,3,2,4,2138,2370,3639,3871
\\nbi-ufiles\shared\Research-Groups\Mark-Banfield\Josh_Williams\Scoring_20Oct\Yuxuan\DSC_7713.TIF,3,3,3,3,3,3,2160,2402,3955,4197
\\nbi-ufiles\shared\Research-Groups\Mark-Banfield\Josh_Williams\Scoring_20Oct\Yuxuan\DSC_7713.TIF,3,3,3,3,4,0,2750,2992,3887,4129
\\nbi-ufiles\shared\Research-Groups\Mark-Banfield\Josh_Williams\Scoring_20Oct\Yuxuan\DSC_7713.TIF,3,3,3,3,5,0,2728,2950,3613,3835
\\nbi-ufiles\shared\Research-Groups\Mark-Banfield\Josh_Williams\Scoring_20Oct\Yuxuan\DSC_7713.TIF,3,3,3,3,6,2,2539,2813,3296,3570
\\nbi-ufiles\shared\Research-Groups\Mark-Banfield\Josh_Williams\Scoring_20Oct\Yuxuan\DSC_8265.tif,3,3,1,1,1,0,918,1138,481,701
\\nbi-ufiles\shared\Research-Groups\Mark-Banfield\Josh_Williams\Scoring_20Oct\Yuxuan\DSC_8265.tif,3,3,1,1,2,0,700,954,664,918
\\nbi-ufiles\shared\Research-Groups\Mark-Banfield\Josh_Williams\Scoring_20Oct\Yuxuan\DSC_8265.tif,3,3,1,1,3,1,647,901,1032,1286
\\nbi-ufiles\shared\Research-Groups\Mark-Banfield\Josh_Williams\Scoring_20Oct\Yuxuan\DSC_8265.tif,3,3,1,1,4,5,1160,1390,997,1227
\\nbi-ufiles\shared\Research-Groups\Mark-Banfield\Josh_Williams\Scoring_20Oct\Yuxuan\DSC_8265.tif,3,3,1,1,5,6,1338,1528,812,1002
\\nbi-ufiles\shared\Research-Groups\Mark-Banfield\Josh_Williams\Scoring_20Oct\Yuxuan\DSC_8265.tif,3,3,1,1,6,0,1212,1434,527,749
\\nbi-ufiles\shared\Research-Groups\Mark-Banfield\Josh_Williams\Scoring_20Oct\Yuxuan\DSC_8265.tif,3,3,1,3,1,0,2128,2350,527,749
\\nbi-ufiles\shared\Research-Groups\Mark-Banfield\Josh_Williams\Scoring_20Oct\Yuxuan\DSC_8265.tif,3,3,1,3,2,0,1997,2281,780,1064
\\nbi-ufiles\shared\Research-Groups\Mark-Banfield\Josh_Williams\Scoring_20Oct\Yuxuan\DSC_8265.tif,3,3,1,3,3,1,2081,2323,1086,1328
\\nbi-ufiles\shared\Research-Groups\Mark-Banfield\Josh_Williams\Scoring_20Oct\Yuxuan\DSC_8265.tif,3,3,1,3,4,3,2522,2744,1054,1276
\\nbi-ufiles\shared\Research-Groups\Mark-Banfield\Josh_Williams\Scoring_20Oct\Yuxuan\DSC_8265.tif,3,3,1,3,5,4,2486,2708,785,1007
\\nbi-ufiles\shared\Research-Groups\Mark-Banfield\Josh_Williams\Scoring_20Oct\Yuxuan\DSC_8265.tif,3,3,1,3,6,6,2392,2612,565,785
\\nbi-ufiles\shared\Research-Groups\Mark-Banfield\Josh_Williams\Scoring_20Oct\Yuxuan\DSC_8265.tif,3,3,2,2,1,3,1622,1822,1923,2123
\\nbi-ufiles\shared\Research-Groups\Mark-Banfield\Josh_Williams\Scoring_20Oct\Yuxuan\DSC_8265.tif,3,3,2,2,2,0,1528,1780,2144,2396
\\nbi-ufiles\shared\Research-Groups\Mark-Banfield\Josh_Williams\Scoring_20Oct\Yuxuan\DSC_8265.tif,3,3,2,2,3,0,1592,1854,2439,2701
\\nbi-ufiles\shared\Research-Groups\Mark-Banfield\Josh_Williams\Scoring_20Oct\Yuxuan\DSC_8265.tif,3,3,2,2,4,0,2034,2296,2392,2654
\\nbi-ufiles\shared\Research-Groups\Mark-Banfield\Josh_Williams\Scoring_20Oct\Yuxuan\DSC_8265.tif,3,3,2,2,5,3,1950,2202,2118,2370
\\nbi-ufiles\shared\Research-Groups\Mark-Banfield\Josh_Williams\Scoring_20Oct\Yuxuan\DSC_8265.tif,3,3,2,2,6,4,1864,2064,1886,2086
\\nbi-ufiles\shared\Research-Groups\Mark-Banfield\Josh_Williams\Scoring_20Oct\Yuxuan\DSC_8265.tif,3,3,3,1,1,4,886,1086,2965,3165
\\nbi-ufiles\shared\Research-Groups\Mark-Banfield\Josh_Williams\Scoring_20Oct\Yuxuan\DSC_8265.tif,3,3,3,1,2,5,760,948,3182,3370
\\nbi-ufiles\shared\Research-Groups\Mark-Banfield\Josh_Williams\Scoring_20Oct\Yuxuan\DSC_8265.tif,3,3,3,1,3,0,732,1060,3412,3740
\\nbi-ufiles\shared\Research-Groups\Mark-Banfield\Josh_Williams\Scoring_20Oct\Yuxuan\DSC_8265.tif,3,3,3,1,4,0,1233,1507,3402,3676
\\nbi-ufiles\shared\Research-Groups\Mark-Banfield\Josh_Williams\Scoring_20Oct\Yuxuan\DSC_8265.tif,3,3,3,1,6,4,1076,1348,2829,3101
\\nbi-ufiles\shared\Research-Groups\Mark-Banfield\Josh_Williams\Scoring_20Oct\Yuxuan\DSC_8265.tif,3,3,3,3,1,3,2307,2581,3170,3444
\\nbi-ufiles\shared\Research-Groups\Mark-Banfield\Josh_Williams\Scoring_20Oct\Yuxuan\DSC_8265.tif,3,3,3,3,2,5,2223,2487,3444,3708
\\nbi-ufiles\shared\Research-Groups\Mark-Banfield\Josh_Williams\Scoring_20Oct\Yuxuan\DSC_8265.tif,3,3,3,3,3,5,2318,2580,3766,4028
\\nbi-ufiles\shared\Research-Groups\Mark-Banfield\Josh_Williams\Scoring_20Oct\Yuxuan\DSC_8265.tif,3,3,3,3,4,0,2750,2992,3649,3891
\\nbi-ufiles\shared\Research-Groups\Mark-Banfield\Josh_Williams\Scoring_20Oct\Yuxuan\DSC_8265.tif,3,3,3,3,5,0,2718,2980,3340,3602
\\nbi-ufiles\shared\Research-Groups\Mark-Banfield\Josh_Williams\Scoring_20Oct\Yuxuan\DSC_8265.tif,3,3,3,3,6,0,2592,2844,3082,3334
\\nbi-ufiles\shared\Research-Groups\Mark-Banfield\Josh_Williams\Scoring_20Oct\Yuxuan\DSC_8267.tif,3,3,1,1,1,5,718,928,549,759
\\nbi-ufiles\shared\Research-Groups\Mark-Banfield\Josh_Williams\Scoring_20Oct\Yuxuan\DSC_8267.tif,3,3,1,1,2,4,612,844,738,970
\\nbi-ufiles\shared\Research-Groups\Mark-Banfield\Josh_Williams\Scoring_20Oct\Yuxuan\DSC_8267.tif,3,3,1,1,3,2,606,838,980,1212
\\nbi-ufiles\shared\Research-Groups\Mark-Banfield\Josh_Williams\Scoring_20Oct\Yuxuan\DSC_8267.tif,3,3,1,1,4,0,1012,1232,1002,1222
\\nbi-ufiles\shared\Research-Groups\Mark-Banfield\Josh_Williams\Scoring_20Oct\Yuxuan\DSC_8267.tif,3,3,1,1,5,5,960,1160,728,928
\\nbi-ufiles\shared\Research-Groups\Mark-Banfield\Josh_Williams\Scoring_20Oct\Yuxuan\DSC_8267.tif,3,3,1,1,6,5,918,1076,560,718
\\nbi-ufiles\shared\Research-Groups\Mark-Banfield\Josh_Williams\Scoring_20Oct\Yuxuan\DSC_8267.tif,3,3,1,3,1,6,1965,2197,738,970
\\nbi-ufiles\shared\Research-Groups\Mark-Banfield\Josh_Williams\Scoring_20Oct\Yuxuan\DSC_8267.tif,3,3,1,3,2,6,1938,2138,1002,1202
\\nbi-ufiles\shared\Research-Groups\Mark-Banfield\Josh_Williams\Scoring_20Oct\Yuxuan\DSC_8267.tif,3,3,1,3,3,6,1970,2192,1206,1428
\\nbi-ufiles\shared\Research-Groups\Mark-Banfield\Josh_Williams\Scoring_20Oct\Yuxuan\DSC_8267.tif,3,3,1,3,4,0,2496,2728,1075,1307
\\nbi-ufiles\shared\Research-Groups\Mark-Banfield\Josh_Williams\Scoring_20Oct\Yuxuan\DSC_8267.tif,3,3,1,3,5,0,2328,2622,754,1048
\\nbi-ufiles\shared\Research-Groups\Mark-Banfield\Josh_Williams\Scoring_20Oct\Yuxuan\DSC_8267.tif,3,3,1,3,6,6,2138,2380,617,859
\\nbi-ufiles\shared\Research-Groups\Mark-Banfield\Josh_Williams\Scoring_20Oct\Yuxuan\DSC_8267.tif,3,3,2,2,1,4,1496,1748,1733,1985
\\nbi-ufiles\shared\Research-Groups\Mark-Banfield\Josh_Williams\Scoring_20Oct\Yuxuan\DSC_8267.tif,3,3,2,2,2,4,1439,1669,1992,2222
\\nbi-ufiles\shared\Research-Groups\Mark-Banfield\Josh_Williams\Scoring_20Oct\Yuxuan\DSC_8267.tif,3,3,2,2,3,5,1528,1748,2281,2501
\\nbi-ufiles\shared\Research-Groups\Mark-Banfield\Josh_Williams\Scoring_20Oct\Yuxuan\DSC_8267.tif,3,3,2,2,4,5,1833,2087,2180,2434
\\nbi-ufiles\shared\Research-Groups\Mark-Banfield\Josh_Williams\Scoring_20Oct\Yuxuan\DSC_8267.tif,3,3,2,2,5,0,1906,2150,1864,2108
\\nbi-ufiles\shared\Research-Groups\Mark-Banfield\Josh_Williams\Scoring_20Oct\Yuxuan\DSC_8267.tif,3,3,2,2,6,2,1780,2012,1607,1839
\\nbi-ufiles\shared\Research-Groups\Mark-Banfield\Josh_Williams\Scoring_20Oct\Yuxuan\DSC_8267.tif,3,3,3,1,1,1,733,975,3012,3254
\\nbi-ufiles\shared\Research-Groups\Mark-Banfield\Josh_Williams\Scoring_20Oct\Yuxuan\DSC_8267.tif,3,3,3,1,2,5,659,869,3266,3476
\\nbi-ufiles\shared\Research-Groups\Mark-Banfield\Josh_Williams\Scoring_20Oct\Yuxuan\DSC_8267.tif,3,3,3,1,3,5,738,948,3524,3734
\\nbi-ufiles\shared\Research-Groups\Mark-Banfield\Josh_Williams\Scoring_20Oct\Yuxuan\DSC_8267.tif,3,3,3,1,4,5,1044,1276,3376,3608
\\nbi-ufiles\shared\Research-Groups\Mark-Banfield\Josh_Williams\Scoring_20Oct\Yuxuan\DSC_8267.tif,3,3,3,1,5,5,1039,1249,3182,3392
\\nbi-ufiles\shared\Research-Groups\Mark-Banfield\Josh_Williams\Scoring_20Oct\Yuxuan\DSC_8267.tif,3,3,3,1,6,0,1022,1232,2960,3170
\\nbi-ufiles\shared\Research-Groups\Mark-Banfield\Josh_Williams\Scoring_20Oct\Yuxuan\DSC_8267.tif,3,3,3,3,1,1,2340,2570,2824,3054
\\nbi-ufiles\shared\Research-Groups\Mark-Banfield\Josh_Williams\Scoring_20Oct\Yuxuan\DSC_8267.tif,3,3,3,3,2,1,2222,2486,3028,3292
\\nbi-ufiles\shared\Research-Groups\Mark-Banfield\Josh_Williams\Scoring_20Oct\Yuxuan\DSC_8267.tif,3,3,3,3,3,4,2233,2465,3308,3540
\\nbi-ufiles\shared\Research-Groups\Mark-Banfield\Josh_Williams\Scoring_20Oct\Yuxuan\DSC_8267.tif,3,3,3,3,4,4,2580,2854,3307,3581
\\nbi-ufiles\shared\Research-Groups\Mark-Banfield\Josh_Williams\Scoring_20Oct\Yuxuan\DSC_8267.tif,3,3,3,3,5,4,2666,2918,3107,3359
\\nbi-ufiles\shared\Research-Groups\Mark-Banfield\Josh_Williams\Scoring_20Oct\Yuxuan\DSC_8267.tif,3,3,3,3,6,4,2613,2845,2834,3066
\\nbi-ufiles\shared\Research-Groups\Mark-Banfield\Josh_Williams\Scoring_20Oct\Yuxuan\DSC_8268.tif,3,3,1,1,1,4,691,943,412,664
\\nbi-ufiles\shared\Research-Groups\Mark-Banfield\Josh_Williams\Scoring_20Oct\Yuxuan\DSC_8268.tif,3,3,1,1,2,0,496,790,702,996
\\nbi-ufiles\shared\Research-Groups\Mark-Banfield\Josh_Williams\Scoring_20Oct\Yuxuan\DSC_8268.tif,3,3,1,1,3,0,644,906,1045,1307
\\nbi-ufiles\shared\Research-Groups\Mark-Banfield\Josh_Williams\Scoring_20Oct\Yuxuan\DSC_8268.tif,3,3,1,1,4,4,980,1276,874,1170
\\nbi-ufiles\shared\Research-Groups\Mark-Banfield\Josh_Williams\Scoring_20Oct\Yuxuan\DSC_8268.tif,3,3,1,1,5,5,979,1191,674,886
\\nbi-ufiles\shared\Research-Groups\Mark-Banfield\Josh_Williams\Scoring_20Oct\Yuxuan\DSC_8268.tif,3,3,1,1,6,5,896,1106,464,674
\\nbi-ufiles\shared\Research-Groups\Mark-Banfield\Josh_Williams\Scoring_20Oct\Yuxuan\DSC_8268.tif,3,3,1,3,1,4,2091,2333,496,738
\\nbi-ufiles\shared\Research-Groups\Mark-Banfield\Josh_Williams\Scoring_20Oct\Yuxuan\DSC_8268.tif,3,3,1,3,2,5,1960,2212,713,965
\\nbi-ufiles\shared\Research-Groups\Mark-Banfield\Josh_Williams\Scoring_20Oct\Yuxuan\DSC_8268.tif,3,3,1,3,3,5,2054,2318,969,1233
\\nbi-ufiles\shared\Research-Groups\Mark-Banfield\Josh_Williams\Scoring_20Oct\Yuxuan\DSC_8268.tif,3,3,1,3,4,0,2444,2738,1007,1301
\\nbi-ufiles\shared\Research-Groups\Mark-Banfield\Josh_Williams\Scoring_20Oct\Yuxuan\DSC_8268.tif,3,3,1,3,5,0,2422,2686,701,965
\\nbi-ufiles\shared\Research-Groups\Mark-Banfield\Josh_Williams\Scoring_20Oct\Yuxuan\DSC_8268.tif,3,3,1,3,6,4,2392,2612,486,706
\\nbi-ufiles\shared\Research-Groups\Mark-Banfield\Josh_Williams\Scoring_20Oct\Yuxuan\DSC_8268.tif,3,3,2,2,1,5,1360,1570,1760,1970
\\nbi-ufiles\shared\Research-Groups\Mark-Banfield\Josh_Williams\Scoring_20Oct\Yuxuan\DSC_8268.tif,3,3,2,2,2,5,1264,1518,1980,2234
\\nbi-ufiles\shared\Research-Groups\Mark-Banfield\Josh_Williams\Scoring_20Oct\Yuxuan\DSC_8268.tif,3,3,2,2,3,0,1355,1607,2318,2570
\\nbi-ufiles\shared\Research-Groups\Mark-Banfield\Josh_Williams\Scoring_20Oct\Yuxuan\DSC_8268.tif,3,3,2,2,4,0,1780,2054,2128,2402
\\nbi-ufiles\shared\Research-Groups\Mark-Banfield\Josh_Williams\Scoring_20Oct\Yuxuan\DSC_8268.tif,3,3,2,2,5,5,1629,1881,1886,2138
\\nbi-ufiles\shared\Research-Groups\Mark-Banfield\Josh_Williams\Scoring_20Oct\Yuxuan\DSC_8268.tif,3,3,2,2,6,5,1634,1802,1723,1891
\\nbi-ufiles\shared\Research-Groups\Mark-Banfield\Josh_Williams\Scoring_20Oct\Yuxuan\DSC_8268.tif,3,3,3,1,1,6,674,886,2764,2976
\\nbi-ufiles\shared\Research-Groups\Mark-Banfield\Josh_Williams\Scoring_20Oct\Yuxuan\DSC_8268.tif,3,3,3,1,2,6,538,758,2950,3170
\\nbi-ufiles\shared\Research-Groups\Mark-Banfield\Josh_Williams\Scoring_20Oct\Yuxuan\DSC_8268.tif,3,3,3,1,3,6,559,791,3192,3424
\\nbi-ufiles\shared\Research-Groups\Mark-Banfield\Josh_Williams\Scoring_20Oct\Yuxuan\DSC_8268.tif,3,3,3,1,4,5,938,1190,3182,3434
\\nbi-ufiles\shared\Research-Groups\Mark-Banfield\Josh_Williams\Scoring_20Oct\Yuxuan\DSC_8268.tif,3,3,3,1,5,0,933,1165,2928,3160
\\nbi-ufiles\shared\Research-Groups\Mark-Banfield\Josh_Williams\Scoring_20Oct\Yuxuan\DSC_8268.tif,3,3,3,1,6,0,885,1107,2696,2918
\\nbi-ufiles\shared\Research-Groups\Mark-Banfield\Josh_Williams\Scoring_20Oct\Yuxuan\DSC_8268.tif,3,3,3,3,1,0,2239,2439,2918,3118
\\nbi-ufiles\shared\Research-Groups\Mark-Banfield\Josh_Williams\Scoring_20Oct\Yuxuan\DSC_8268.tif,3,3,3,3,2,6,2164,2376,3170,3382
\\nbi-ufiles\shared\Research-Groups\Mark-Banfield\Josh_Williams\Scoring_20Oct\Yuxuan\DSC_8268.tif,3,3,3,3,3,5,2212,2434,3402,3624
\\nbi-ufiles\shared\Research-Groups\Mark-Banfield\Josh_Williams\Scoring_20Oct\Yuxuan\DSC_8268.tif,3,3,3,3,4,5,2533,2775,3350,3592
\\nbi-ufiles\shared\Research-Groups\Mark-Banfield\Josh_Williams\Scoring_20Oct\Yuxuan\DSC_8268.tif,3,3,3,3,5,5,2622,2792,3117,3287
\\nbi-ufiles\shared\Research-Groups\Mark-Banfield\Josh_Williams\Scoring_20Oct\Yuxuan\DSC_8270.tif,3,3,1,1,1,0,570,802,501,733
\\nbi-ufiles\shared\Research-Groups\Mark-Banfield\Josh_Williams\Scoring_20Oct\Yuxuan\DSC_8270.tif,3,3,1,1,2,6,485,707,738,960
\\nbi-ufiles\shared\Research-Groups\Mark-Banfield\Josh_Williams\Scoring_20Oct\Yuxuan\DSC_8270.tif,3,3,1,1,3,5,612,822,1023,1233
\\nbi-ufiles\shared\Research-Groups\Mark-Banfield\Josh_Williams\Scoring_20Oct\Yuxuan\DSC_8270.tif,3,3,1,1,4,5,902,1134,896,1128
\\nbi-ufiles\shared\Research-Groups\Mark-Banfield\Josh_Williams\Scoring_20Oct\Yuxuan\DSC_8270.tif,3,3,1,1,5,6,996,1196,706,906
\\nbi-ufiles\shared\Research-Groups\Mark-Banfield\Josh_Williams\Scoring_20Oct\Yuxuan\DSC_8270.tif,3,3,1,1,6,0,886,1074,486,674
\\nbi-ufiles\shared\Research-Groups\Mark-Banfield\Josh_Williams\Scoring_20Oct\Yuxuan\DSC_8270.tif,3,3,1,3,1,0,1848,2092,674,918
\\nbi-ufiles\shared\Research-Groups\Mark-Banfield\Josh_Williams\Scoring_20Oct\Yuxuan\DSC_8270.tif,3,3,1,3,2,0,1822,2064,960,1202
\\nbi-ufiles\shared\Research-Groups\Mark-Banfield\Josh_Williams\Scoring_20Oct\Yuxuan\DSC_8270.tif,3,3,1,3,3,4,2038,2270,1096,1328
\\nbi-ufiles\shared\Research-Groups\Mark-Banfield\Josh_Williams\Scoring_20Oct\Yuxuan\DSC_8270.tif,3,3,1,3,4,4,2287,2529,938,1180
\\nbi-ufiles\shared\Research-Groups\Mark-Banfield\Josh_Williams\Scoring_20Oct\Yuxuan\DSC_8270.tif,3,3,1,3,5,5,2276,2518,644,886
\\nbi-ufiles\shared\Research-Groups\Mark-Banfield\Josh_Williams\Scoring_20Oct\Yuxuan\DSC_8270.tif,3,3,1,3,6,5,2096,2296,590,790
\\nbi-ufiles\shared\Research-Groups\Mark-Banfield\Josh_Williams\Scoring_20Oct\Yuxuan\DSC_8270.tif,3,3,2,2,1,4,1402,1592,1685,1875
\\nbi-ufiles\shared\Research-Groups\Mark-Banfield\Josh_Williams\Scoring_20Oct\Yuxuan\DSC_8270.tif,3,3,2,2,2,0,1306,1528,1901,2123
\\nbi-ufiles\shared\Research-Groups\Mark-Banfield\Josh_Williams\Scoring_20Oct\Yuxuan\DSC_8270.tif,3,3,2,2,3,0,1280,1554,2160,2434
\\nbi-ufiles\shared\Research-Groups\Mark-Banfield\Josh_Williams\Scoring_20Oct\Yuxuan\DSC_8270.tif,3,3,2,2,4,4,1602,1854,2113,2365
\\nbi-ufiles\shared\Research-Groups\Mark-Banfield\Josh_Williams\Scoring_20Oct\Yuxuan\DSC_8270.tif,3,3,2,2,5,5,1634,1834,1901,2101
\\nbi-ufiles\shared\Research-Groups\Mark-Banfield\Josh_Williams\Scoring_20Oct\Yuxuan\DSC_8270.tif,3,3,2,2,6,5,1617,1797,1738,1918
\\nbi-ufiles\shared\Research-Groups\Mark-Banfield\Josh_Williams\Scoring_20Oct\Yuxuan\DSC_8270.tif,3,3,3,1,1,6,760,980,2787,3007
\\nbi-ufiles\shared\Research-Groups\Mark-Banfield\Josh_Williams\Scoring_20Oct\Yuxuan\DSC_8270.tif,3,3,3,1,2,6,627,837,2992,3202
\\nbi-ufiles\shared\Research-Groups\Mark-Banfield\Josh_Williams\Scoring_20Oct\Yuxuan\DSC_8270.tif,3,3,3,1,3,0,617,923,3244,3550
\\nbi-ufiles\shared\Research-Groups\Mark-Banfield\Josh_Williams\Scoring_20Oct\Yuxuan\DSC_8270.tif,3,3,3,1,4,0,1096,1318,3244,3466
\\nbi-ufiles\shared\Research-Groups\Mark-Banfield\Josh_Williams\Scoring_20Oct\Yuxuan\DSC_8270.tif,3,3,3,1,5,5,1001,1233,2970,3202
\\nbi-ufiles\shared\Research-Groups\Mark-Banfield\Josh_Williams\Scoring_20Oct\Yuxuan\DSC_8270.tif,3,3,3,1,6,5,986,1164,2792,2970
\\nbi-ufiles\shared\Research-Groups\Mark-Banfield\Josh_Williams\Scoring_20Oct\Yuxuan\DSC_8270.tif,3,3,3,3,1,4,2165,2365,2792,2992
\\nbi-ufiles\shared\Research-Groups\Mark-Banfield\Josh_Williams\Scoring_20Oct\Yuxuan\DSC_8270.tif,3,3,3,3,2,5,2150,2360,3034,3244
\\nbi-ufiles\shared\Research-Groups\Mark-Banfield\Josh_Williams\Scoring_20Oct\Yuxuan\DSC_8270.tif,3,3,3,3,3,4,2234,2444,3244,3454
\\nbi-ufiles\shared\Research-Groups\Mark-Banfield\Josh_Williams\Scoring_20Oct\Yuxuan\DSC_8270.tif,3,3,3,3,4,0,2570,2834,3160,3424
\\nbi-ufiles\shared\Research-Groups\Mark-Banfield\Josh_Williams\Scoring_20Oct\Yuxuan\DSC_8270.tif,3,3,3,3,5,0,2508,2760,2845,3097
\\nbi-ufiles\shared\Research-Groups\Mark-Banfield\Josh_Williams\Scoring_20Oct\Yuxuan\DSC_8270.tif,3,3,3,3,6,5,2376,2596,2666,2886
\\nbi-ufiles\shared\Research-Groups\Mark-Banfield\Josh_Williams\Scoring_20Oct\Yuxuan\DSC_8534.tif,3,3,1,2,1,0,1333,1711,960,1338
\\nbi-ufiles\shared\Research-Groups\Mark-Banfield\Josh_Williams\Scoring_20Oct\Yuxuan\DSC_8534.tif,3,3,1,2,2,0,1249,1649,1612,2012
\\nbi-ufiles\shared\Research-Groups\Mark-Banfield\Josh_Williams\Scoring_20Oct\Yuxuan\DSC_8534.tif,3,3,1,2,3,2,1834,2192,1581,1939
\\nbi-ufiles\shared\Research-Groups\Mark-Banfield\Josh_Williams\Scoring_20Oct\Yuxuan\DSC_8534.tif,3,3,1,2,4,0,1823,2181,1022,1380
\\nbi-ufiles\shared\Research-Groups\Mark-Banfield\Josh_Williams\Scoring_20Oct\Yuxuan\DSC_8534.tif,3,3,2,1,1,0,570,906,2213,2549
\\nbi-ufiles\shared\Research-Groups\Mark-Banfield\Josh_Williams\Scoring_20Oct\Yuxuan\DSC_8534.tif,3,3,2,1,2,1,449,817,2634,3002
\\nbi-ufiles\shared\Research-Groups\Mark-Banfield\Josh_Williams\Scoring_20Oct\Yuxuan\DSC_8534.tif,3,3,2,1,3,6,1023,1369,2634,2980
\\nbi-ufiles\shared\Research-Groups\Mark-Banfield\Josh_Williams\Scoring_20Oct\Yuxuan\DSC_8534.tif,3,3,2,1,4,4,960,1286,2170,2496
\\nbi-ufiles\shared\Research-Groups\Mark-Banfield\Josh_Williams\Scoring_20Oct\Yuxuan\DSC_8534.tif,3,3,2,3,1,0,2317,2613,2370,2666
\\nbi-ufiles\shared\Research-Groups\Mark-Banfield\Josh_Williams\Scoring_20Oct\Yuxuan\DSC_8534.tif,3,3,2,3,2,0,2239,2513,2728,3002
\\nbi-ufiles\shared\Research-Groups\Mark-Banfield\Josh_Williams\Scoring_20Oct\Yuxuan\DSC_8534.tif,3,3,2,3,3,4,2644,2970,2718,3044
\\nbi-ufiles\shared\Research-Groups\Mark-Banfield\Josh_Williams\Scoring_20Oct\Yuxuan\DSC_8534.tif,3,3,2,3,4,3,2634,2896,2392,2654
\\nbi-ufiles\shared\Research-Groups\Mark-Banfield\Josh_Williams\Scoring_20Oct\Yuxuan\DSC_8534.tif,3,3,3,1,1,0,822,1086,3581,3845
\\nbi-ufiles\shared\Research-Groups\Mark-Banfield\Josh_Williams\Scoring_20Oct\Yuxuan\DSC_8534.tif,3,3,3,1,2,1,686,1032,3898,4244
\\nbi-ufiles\shared\Research-Groups\Mark-Banfield\Josh_Williams\Scoring_20Oct\Yuxuan\DSC_8534.tif,3,3,3,1,3,4,1190,1476,3981,4267
\\nbi-ufiles\shared\Research-Groups\Mark-Banfield\Josh_Williams\Scoring_20Oct\Yuxuan\DSC_8534.tif,3,3,3,1,4,3,1101,1417,3486,3802
\\nbi-ufiles\shared\Research-Groups\Mark-Banfield\Josh_Williams\Scoring_20Oct\Yuxuan\DSC_8534.tif,3,3,3,3,1,0,2264,2644,3591,3971
\\nbi-ufiles\shared\Research-Groups\Mark-Banfield\Josh_Williams\Scoring_20Oct\Yuxuan\DSC_8534.tif,3,3,3,3,2,0,2223,2581,4086,4444
\\nbi-ufiles\shared\Research-Groups\Mark-Banfield\Josh_Williams\Scoring_20Oct\Yuxuan\DSC_8534.tif,3,3,3,3,3,5,2729,3087,3982,4340
\\nbi-ufiles\shared\Research-Groups\Mark-Banfield\Josh_Williams\Scoring_20Oct\Yuxuan\DSC_8534.tif,3,3,3,3,4,0,2676,2970,3634,3928
\\nbi-ufiles\shared\Research-Groups\Mark-Banfield\Josh_Williams\Scoring_20Oct\Yuxuan\DSC_9227_s2.TIF,3,3,1,1,1,0,549,813,506,770
\\nbi-ufiles\shared\Research-Groups\Mark-Banfield\Josh_Williams\Scoring_20Oct\Yuxuan\DSC_9227_s2.TIF,3,3,1,1,2,0,496,718,853,1075
\\nbi-ufiles\shared\Research-Groups\Mark-Banfield\Josh_Williams\Scoring_20Oct\Yuxuan\DSC_9227_s2.TIF,3,3,1,1,3,0,612,886,1112,1386
\\nbi-ufiles\shared\Research-Groups\Mark-Banfield\Josh_Williams\Scoring_20Oct\Yuxuan\DSC_9227_s2.TIF,3,3,1,1,4,5,1012,1244,1044,1276
\\nbi-ufiles\shared\Research-Groups\Mark-Banfield\Josh_Williams\Scoring_20Oct\Yuxuan\DSC_9227_s2.TIF,3,3,1,1,5,6,943,1133,790,980
\\nbi-ufiles\shared\Research-Groups\Mark-Banfield\Josh_Williams\Scoring_20Oct\Yuxuan\DSC_9227_s2.TIF,3,3,1,1,6,3,812,1012,506,706
\\nbi-ufiles\shared\Research-Groups\Mark-Banfield\Josh_Williams\Scoring_20Oct\Yuxuan\DSC_9227_s2.TIF,3,3,1,3,1,5,2096,2308,432,644
\\nbi-ufiles\shared\Research-Groups\Mark-Banfield\Josh_Williams\Scoring_20Oct\Yuxuan\DSC_9227_s2.TIF,3,3,1,3,2,0,1959,2223,748,1012
\\nbi-ufiles\shared\Research-Groups\Mark-Banfield\Josh_Williams\Scoring_20Oct\Yuxuan\DSC_9227_s2.TIF,3,3,1,3,3,0,1992,2276,1022,1306
\\nbi-ufiles\shared\Research-Groups\Mark-Banfield\Josh_Williams\Scoring_20Oct\Yuxuan\DSC_9227_s2.TIF,3,3,1,3,4,0,2497,2771,1032,1306
\\nbi-ufiles\shared\Research-Groups\Mark-Banfield\Josh_Williams\Scoring_20Oct\Yuxuan\DSC_9227_s2.TIF,3,3,1,3,5,6,2481,2713,728,960
\\nbi-ufiles\shared\Research-Groups\Mark-Banfield\Josh_Williams\Scoring_20Oct\Yuxuan\DSC_9227_s2.TIF,3,3,1,3,6,6,2370,2612,412,654
\\nbi-ufiles\shared\Research-Groups\Mark-Banfield\Josh_Williams\Scoring_20Oct\Yuxuan\DSC_9227_s2.TIF,3,3,2,2,1,6,1528,1716,1834,2022
\\nbi-ufiles\shared\Research-Groups\Mark-Banfield\Josh_Williams\Scoring_20Oct\Yuxuan\DSC_9227_s2.TIF,3,3,2,2,2,3,1444,1664,2034,2254
\\nbi-ufiles\shared\Research-Groups\Mark-Banfield\Josh_Williams\Scoring_20Oct\Yuxuan\DSC_9227_s2.TIF,3,3,2,2,3,0,1397,1711,2308,2622
\\nbi-ufiles\shared\Research-Groups\Mark-Banfield\Josh_Williams\Scoring_20Oct\Yuxuan\DSC_9227_s2.TIF,3,3,2,2,4,0,1876,2128,2239,2491
\\nbi-ufiles\shared\Research-Groups\Mark-Banfield\Josh_Williams\Scoring_20Oct\Yuxuan\DSC_9227_s2.TIF,3,3,2,2,5,0,1864,2064,1981,2181
\\nbi-ufiles\shared\Research-Groups\Mark-Banfield\Josh_Williams\Scoring_20Oct\Yuxuan\DSC_9227_s2.TIF,3,3,2,2,6,6,1728,1928,1818,2018
\\nbi-ufiles\shared\Research-Groups\Mark-Banfield\Josh_Williams\Scoring_20Oct\Yuxuan\DSC_9227_s2.TIF,3,3,3,1,1,5,759,991,3034,3266
\\nbi-ufiles\shared\Research-Groups\Mark-Banfield\Josh_Williams\Scoring_20Oct\Yuxuan\DSC_9227_s2.TIF,3,3,3,1,2,6,706,928,3370,3592
\\nbi-ufiles\shared\Research-Groups\Mark-Banfield\Josh_Williams\Scoring_20Oct\Yuxuan\DSC_9227_s2.TIF,3,3,3,1,3,3,696,970,3639,3913
\\nbi-ufiles\shared\Research-Groups\Mark-Banfield\Josh_Williams\Scoring_20Oct\Yuxuan\DSC_9227_s2.TIF,3,3,3,1,4,0,1160,1434,3450,3724
\\nbi-ufiles\shared\Research-Groups\Mark-Banfield\Josh_Williams\Scoring_20Oct\Yuxuan\DSC_9227_s2.TIF,3,3,3,1,5,0,1139,1369,3182,3412
\\nbi-ufiles\shared\Research-Groups\Mark-Banfield\Josh_Williams\Scoring_20Oct\Yuxuan\DSC_9227_s2.TIF,3,3,3,3,2,5,2201,2391,3328,3518
\\nbi-ufiles\shared\Research-Groups\Mark-Banfield\Josh_Williams\Scoring_20Oct\Yuxuan\DSC_9227_s2.TIF,3,3,3,3,3,4,2175,2397,3602,3824
\\nbi-ufiles\shared\Research-Groups\Mark-Banfield\Josh_Williams\Scoring_20Oct\Yuxuan\DSC_9227_s2.TIF,3,3,3,3,4,2,2612,2824,3549,3761
\\nbi-ufiles\shared\Research-Groups\Mark-Banfield\Josh_Williams\Scoring_20Oct\Yuxuan\DSC_9227_s2.TIF,3,3,3,3,5,0,2486,2738,3255,3507
\\nbi-ufiles\shared\Research-Groups\Mark-Banfield\Josh_Williams\Scoring_20Oct\Yuxuan\DSC_9227_s2.TIF,3,3,3,3,6,0,2417,2671,2980,3234
\\nbi-ufiles\shared\Research-Groups\Mark-Banfield\Josh_Williams\Scoring_20Oct\Yuxuan\_DSC2690.tif,3,3,1,1,1,0,578,864,846,1132
\\nbi-ufiles\shared\Research-Groups\Mark-Banfield\Josh_Williams\Scoring_20Oct\Yuxuan\_DSC2690.tif,3,3,1,1,2,0,584,846,1482,1744
\\nbi-ufiles\shared\Research-Groups\Mark-Banfield\Josh_Williams\Scoring_20Oct\Yuxuan\_DSC2690.tif,3,3,1,1,3,0,1060,1334,1369,1643
\\nbi-ufiles\shared\Research-Groups\Mark-Banfield\Josh_Williams\Scoring_20Oct\Yuxuan\_DSC2690.tif,3,3,1,1,4,0,1048,1404,1316,1672
\\nbi-ufiles\shared\Research-Groups\Mark-Banfield\Josh_Williams\Scoring_20Oct\Yuxuan\_DSC2690.tif,3,3,1,1,5,0,964,1238,970,1244
\\nbi-ufiles\shared\Research-Groups\Mark-Banfield\Josh_Williams\Scoring_20Oct\Yuxuan\_DSC2690.tif,3,3,1,1,6,0,906,1156,702,952
\\nbi-ufiles\shared\Research-Groups\Mark-Banfield\Josh_Williams\Scoring_20Oct\Yuxuan\_DSC2690.tif,3,3,1,3,1,0,2368,2606,906,1144
\\nbi-ufiles\shared\Research-Groups\Mark-Banfield\Josh_Williams\Scoring_20Oct\Yuxuan\_DSC2690.tif,3,3,1,3,2,0,2273,2583,1166,1476
\\nbi-ufiles\shared\Research-Groups\Mark-Banfield\Josh_Williams\Scoring_20Oct\Yuxuan\_DSC2690.tif,3,3,1,3,3,0,2368,2618,1458,1708
\\nbi-ufiles\shared\Research-Groups\Mark-Banfield\Josh_Williams\Scoring_20Oct\Yuxuan\_DSC2690.tif,3,3,1,3,4,1,2784,3022,1250,1488
\\nbi-ufiles\shared\Research-Groups\Mark-Banfield\Josh_Williams\Scoring_20Oct\Yuxuan\_DSC2690.tif,3,3,1,3,5,0,2702,2952,1000,1250
\\nbi-ufiles\shared\Research-Groups\Mark-Banfield\Josh_Williams\Scoring_20Oct\Yuxuan\_DSC2690.tif,3,3,1,3,6,0,2660,2874,762,976
\\nbi-ufiles\shared\Research-Groups\Mark-Banfield\Josh_Williams\Scoring_20Oct\Yuxuan\_DSC2690.tif,3,3,2,2,1,0,1620,1880,2281,2541
\\nbi-ufiles\shared\Research-Groups\Mark-Banfield\Josh_Williams\Scoring_20Oct\Yuxuan\_DSC2690.tif,3,3,2,2,2,0,1452,1726,2594,2868
\\nbi-ufiles\shared\Research-Groups\Mark-Banfield\Josh_Williams\Scoring_20Oct\Yuxuan\_DSC2690.tif,3,3,2,2,3,0,1554,1804,2940,3190
\\nbi-ufiles\shared\Research-Groups\Mark-Banfield\Josh_Williams\Scoring_20Oct\Yuxuan\_DSC2690.tif,3,3,2,2,4,0,2036,2310,2820,3094
\\nbi-ufiles\shared\Research-Groups\Mark-Banfield\Josh_Williams\Scoring_20Oct\Yuxuan\_DSC2690.tif,3,3,2,2,5,0,2048,2298,2558,2808
\\nbi-ufiles\shared\Research-Groups\Mark-Banfield\Josh_Williams\Scoring_20Oct\Yuxuan\_DSC2690.tif,3,3,2,2,6,0,1988,2250,2232,2494
\\nbi-ufiles\shared\Research-Groups\Mark-Banfield\Josh_Williams\Scoring_20Oct\Yuxuan\_DSC2690.tif,3,3,3,1,1,0,834,1108,3672,3946
\\nbi-ufiles\shared\Research-Groups\Mark-Banfield\Josh_Williams\Scoring_20Oct\Yuxuan\_DSC2690.tif,3,3,3,1,2,0,656,1000,3987,4331
\\nbi-ufiles\shared\Research-Groups\Mark-Banfield\Josh_Williams\Scoring_20Oct\Yuxuan\_DSC2690.tif,3,3,3,1,3,0,702,1024,4408,4730
\\nbi-ufiles\shared\Research-Groups\Mark-Banfield\Josh_Williams\Scoring_20Oct\Yuxuan\_DSC2690.tif,3,3,3,1,4,0,1334,1678,4255,4599
\\nbi-ufiles\shared\Research-Groups\Mark-Banfield\Josh_Williams\Scoring_20Oct\Yuxuan\_DSC2690.tif,3,3,3,1,5,2,1227,1523,3904,4200
\\nbi-ufiles\shared\Research-Groups\Mark-Banfield\Josh_Williams\Scoring_20Oct\Yuxuan\_DSC2690.tif,3,3,3,1,6,2,1144,1370,3570,3796
\\nbi-ufiles\shared\Research-Groups\Mark-Banfield\Josh_Williams\Scoring_20Oct\Yuxuan\_DSC2690.tif,3,3,3,3,1,1,2535,2785,3558,3808
\\nbi-ufiles\shared\Research-Groups\Mark-Banfield\Josh_Williams\Scoring_20Oct\Yuxuan\_DSC2690.tif,3,3,3,3,2,0,2446,2696,3880,4130
\\nbi-ufiles\shared\Research-Groups\Mark-Banfield\Josh_Williams\Scoring_20Oct\Yuxuan\_DSC2690.tif,3,3,3,3,3,0,2446,2720,4260,4534
\\nbi-ufiles\shared\Research-Groups\Mark-Banfield\Josh_Williams\Scoring_20Oct\Yuxuan\_DSC2690.tif,3,3,3,3,4,0,2928,3248,4107,4427
\\nbi-ufiles\shared\Research-Groups\Mark-Banfield\Josh_Williams\Scoring_20Oct\Yuxuan\_DSC2690.tif,3,3,3,3,5,0,2862,3100,3844,4082
\\nbi-ufiles\shared\Research-Groups\Mark-Banfield\Josh_Williams\Scoring_20Oct\Yuxuan\_DSC2690.tif,3,3,3,3,6,2,2850,3088,3522,3760
\\nbi-ufiles\shared\Research-Groups\Mark-Banfield\Josh_Williams\Scoring_20Oct\Yuxuan\_DSC2692.tif,3,3,1,1,1,2,692,940,841,1089
\\nbi-ufiles\shared\Research-Groups\Mark-Banfield\Josh_Williams\Scoring_20Oct\Yuxuan\_DSC2692.tif,3,3,1,1,2,0,596,906,1107,1417
\\nbi-ufiles\shared\Research-Groups\Mark-Banfield\Josh_Williams\Scoring_20Oct\Yuxuan\_DSC2692.tif,3,3,1,1,3,0,596,882,1607,1893
\\nbi-ufiles\shared\Research-Groups\Mark-Banfield\Josh_Williams\Scoring_20Oct\Yuxuan\_DSC2692.tif,3,3,1,1,4,0,1096,1416,1346,1666
\\nbi-ufiles\shared\Research-Groups\Mark-Banfield\Josh_Williams\Scoring_20Oct\Yuxuan\_DSC2692.tif,3,3,1,1,5,0,1024,1310,1072,1358
\\nbi-ufiles\shared\Research-Groups\Mark-Banfield\Josh_Williams\Scoring_20Oct\Yuxuan\_DSC2692.tif,3,3,1,1,6,3,935,1161,798,1024
\\nbi-ufiles\shared\Research-Groups\Mark-Banfield\Josh_Williams\Scoring_20Oct\Yuxuan\_DSC2692.tif,3,3,1,3,1,0,2268,2530,894,1156
\\nbi-ufiles\shared\Research-Groups\Mark-Banfield\Josh_Williams\Scoring_20Oct\Yuxuan\_DSC2692.tif,3,3,1,3,2,0,2112,2386,1166,1440
\\nbi-ufiles\shared\Research-Groups\Mark-Banfield\Josh_Williams\Scoring_20Oct\Yuxuan\_DSC2692.tif,3,3,1,3,3,0,2202,2464,1476,1738
\\nbi-ufiles\shared\Research-Groups\Mark-Banfield\Josh_Williams\Scoring_20Oct\Yuxuan\_DSC2692.tif,3,3,1,3,4,0,2606,2904,1428,1726
\\nbi-ufiles\shared\Research-Groups\Mark-Banfield\Josh_Williams\Scoring_20Oct\Yuxuan\_DSC2692.tif,3,3,1,3,5,0,2750,3000,1066,1316
\\nbi-ufiles\shared\Research-Groups\Mark-Banfield\Josh_Williams\Scoring_20Oct\Yuxuan\_DSC2692.tif,3,3,1,3,6,0,2548,2820,847,1119
\\nbi-ufiles\shared\Research-Groups\Mark-Banfield\Josh_Williams\Scoring_20Oct\Yuxuan\_DSC2692.tif,3,3,2,2,1,0,1506,1756,2512,2762
\\nbi-ufiles\shared\Research-Groups\Mark-Banfield\Josh_Williams\Scoring_20Oct\Yuxuan\_DSC2692.tif,3,3,2,2,2,0,1494,1768,2904,3178
\\nbi-ufiles\shared\Research-Groups\Mark-Banfield\Josh_Williams\Scoring_20Oct\Yuxuan\_DSC2692.tif,3,3,2,2,3,0,1666,1928,3190,3452
\\nbi-ufiles\shared\Research-Groups\Mark-Banfield\Josh_Williams\Scoring_20Oct\Yuxuan\_DSC2692.tif,3,3,2,2,4,0,2118,2368,3058,3308
\\nbi-ufiles\shared\Research-Groups\Mark-Banfield\Josh_Williams\Scoring_20Oct\Yuxuan\_DSC2692.tif,3,3,2,2,5,0,2054,2328,2654,2928
\\nbi-ufiles\shared\Research-Groups\Mark-Banfield\Josh_Williams\Scoring_20Oct\Yuxuan\_DSC2692.tif,3,3,2,2,6,0,1798,2084,2422,2708
\\nbi-ufiles\shared\Research-Groups\Mark-Banfield\Josh_Williams\Scoring_20Oct\Yuxuan\_DSC2692.tif,3,3,3,1,1,0,680,918,3654,3892
\\nbi-ufiles\shared\Research-Groups\Mark-Banfield\Josh_Williams\Scoring_20Oct\Yuxuan\_DSC2692.tif,3,3,3,1,2,0,620,834,3962,4176
\\nbi-ufiles\shared\Research-Groups\Mark-Banfield\Josh_Williams\Scoring_20Oct\Yuxuan\_DSC2692.tif,3,3,3,1,3,3,756,1042,4212,4498
\\nbi-ufiles\shared\Research-Groups\Mark-Banfield\Josh_Williams\Scoring_20Oct\Yuxuan\_DSC2692.tif,3,3,3,1,4,3,1196,1422,4188,4414
\\nbi-ufiles\shared\Research-Groups\Mark-Banfield\Josh_Williams\Scoring_20Oct\Yuxuan\_DSC2692.tif,3,3,3,1,5,0,1096,1392,3863,4159
\\nbi-ufiles\shared\Research-Groups\Mark-Banfield\Josh_Williams\Scoring_20Oct\Yuxuan\_DSC2692.tif,3,3,3,1,6,0,976,1238,3552,3814
\\nbi-ufiles\shared\Research-Groups\Mark-Banfield\Josh_Williams\Scoring_20Oct\Yuxuan\_DSC2692.tif,3,3,3,3,1,0,2826,3076,3534,3784
\\nbi-ufiles\shared\Research-Groups\Mark-Banfield\Josh_Williams\Scoring_20Oct\Yuxuan\_DSC2692.tif,3,3,3,3,2,0,2714,2952,3856,4094
\\nbi-ufiles\shared\Research-Groups\Mark-Banfield\Josh_Williams\Scoring_20Oct\Yuxuan\_DSC2692.tif,3,3,3,3,3,0,2784,3034,4171,4421
\\nbi-ufiles\shared\Research-Groups\Mark-Banfield\Josh_Williams\Scoring_20Oct\Yuxuan\_DSC2692.tif,3,3,3,3,4,1,3410,3434,4236,4260
\\nbi-ufiles\shared\Research-Groups\Mark-Banfield\Josh_Williams\Scoring_20Oct\Yuxuan\_DSC2692.tif,3,3,3,3,5,1,3166,3452,3760,4046
\\nbi-ufiles\shared\Research-Groups\Mark-Banfield\Josh_Williams\Scoring_20Oct\Yuxuan\_DSC2692.tif,3,3,3,3,6,0,3118,3392,3528,3802
\\nbi-ufiles\shared\Research-Groups\Mark-Banfield\Josh_Williams\Scoring_20Oct\Yuxuan\_DSC3040.TIF,3,2,1,1,1,3,976,1202,590,816
\\nbi-ufiles\shared\Research-Groups\Mark-Banfield\Josh_Williams\Scoring_20Oct\Yuxuan\_DSC3040.TIF,3,2,1,1,2,0,756,1042,858,1144
\\nbi-ufiles\shared\Research-Groups\Mark-Banfield\Josh_Williams\Scoring_20Oct\Yuxuan\_DSC3040.TIF,3,2,1,1,3,0,744,1006,1262,1524
\\nbi-ufiles\shared\Research-Groups\Mark-Banfield\Josh_Williams\Scoring_20Oct\Yuxuan\_DSC3040.TIF,3,2,1,1,4,0,1370,1642,1209,1481
\\nbi-ufiles\shared\Research-Groups\Mark-Banfield\Josh_Williams\Scoring_20Oct\Yuxuan\_DSC3040.TIF,3,2,1,1,5,0,1428,1666,882,1120
\\nbi-ufiles\shared\Research-Groups\Mark-Banfield\Josh_Williams\Scoring_20Oct\Yuxuan\_DSC3040.TIF,3,2,1,1,6,5,1024,2106,584,1666
\\nbi-ufiles\shared\Research-Groups\Mark-Banfield\Josh_Williams\Scoring_20Oct\Yuxuan\_DSC3040.TIF,3,2,1,2,1,3,2570,2856,632,918
\\nbi-ufiles\shared\Research-Groups\Mark-Banfield\Josh_Williams\Scoring_20Oct\Yuxuan\_DSC3040.TIF,3,2,1,2,2,0,2446,2708,976,1238
\\nbi-ufiles\shared\Research-Groups\Mark-Banfield\Josh_Williams\Scoring_20Oct\Yuxuan\_DSC3040.TIF,3,2,1,2,3,0,2434,2708,1322,1596
\\nbi-ufiles\shared\Research-Groups\Mark-Banfield\Josh_Williams\Scoring_20Oct\Yuxuan\_DSC3040.TIF,3,2,1,2,4,2,3028,3350,1298,1620
\\nbi-ufiles\shared\Research-Groups\Mark-Banfield\Josh_Williams\Scoring_20Oct\Yuxuan\_DSC3040.TIF,3,2,1,2,5,4,3094,3380,917,1203
\\nbi-ufiles\shared\Research-Groups\Mark-Banfield\Josh_Williams\Scoring_20Oct\Yuxuan\_DSC3040.TIF,3,2,1,2,6,1,2976,3226,644,894
\\nbi-ufiles\shared\Research-Groups\Mark-Banfield\Josh_Williams\Scoring_20Oct\Yuxuan\_DSC3040.TIF,3,2,2,1,2,1,775,1059,2524,2808
\\nbi-ufiles\shared\Research-Groups\Mark-Banfield\Josh_Williams\Scoring_20Oct\Yuxuan\_DSC3040.TIF,3,2,2,1,3,4,750,1036,2922,3208
\\nbi-ufiles\shared\Research-Groups\Mark-Banfield\Josh_Williams\Scoring_20Oct\Yuxuan\_DSC3040.TIF,3,2,2,1,4,0,1310,1572,2952,3214
\\nbi-ufiles\shared\Research-Groups\Mark-Banfield\Josh_Williams\Scoring_20Oct\Yuxuan\_DSC3040.TIF,3,2,2,1,5,0,1358,1620,2618,2880
\\nbi-ufiles\shared\Research-Groups\Mark-Banfield\Josh_Williams\Scoring_20Oct\Yuxuan\_DSC3040.TIF,3,2,2,1,6,1,1280,1506,2262,2488
\\nbi-ufiles\shared\Research-Groups\Mark-Banfield\Josh_Williams\Scoring_20Oct\Yuxuan\_DSC3040.TIF,3,2,2,2,1,0,2488,2784,2131,2427
\\nbi-ufiles\shared\Research-Groups\Mark-Banfield\Josh_Williams\Scoring_20Oct\Yuxuan\_DSC3040.TIF,3,2,2,2,2,3,2298,2606,2459,2767
\\nbi-ufiles\shared\Research-Groups\Mark-Banfield\Josh_Williams\Scoring_20Oct\Yuxuan\_DSC3040.TIF,3,2,2,2,3,0,2362,2648,2904,3190
\\nbi-ufiles\shared\Research-Groups\Mark-Banfield\Josh_Williams\Scoring_20Oct\Yuxuan\_DSC3040.TIF,3,2,2,2,4,5,3046,3296,2868,3118
\\nbi-ufiles\shared\Research-Groups\Mark-Banfield\Josh_Williams\Scoring_20Oct\Yuxuan\_DSC3040.TIF,3,2,2,2,5,0,3035,3343,2476,2784
\\nbi-ufiles\shared\Research-Groups\Mark-Banfield\Josh_Williams\Scoring_20Oct\Yuxuan\_DSC3040.TIF,3,2,2,2,6,4,2928,3166,2100,2338
\\nbi-ufiles\shared\Research-Groups\Mark-Banfield\Josh_Williams\Scoring_20Oct\Yuxuan\_DSC3040.TIF,3,2,3,1,1,6,1214,1452,3713,3951
\\nbi-ufiles\shared\Research-Groups\Mark-Banfield\Josh_Williams\Scoring_20Oct\Yuxuan\_DSC3040.TIF,3,2,3,1,2,1,1072,1358,3998,4284
\\nbi-ufiles\shared\Research-Groups\Mark-Banfield\Josh_Williams\Scoring_20Oct\Yuxuan\_DSC3040.TIF,3,2,3,1,3,0,1060,1358,4361,4659
\\nbi-ufiles\shared\Research-Groups\Mark-Banfield\Josh_Williams\Scoring_20Oct\Yuxuan\_DSC3040.TIF,3,2,3,1,4,4,1726,1988,4402,4664
\\nbi-ufiles\shared\Research-Groups\Mark-Banfield\Josh_Williams\Scoring_20Oct\Yuxuan\_DSC3040.TIF,3,2,3,1,5,0,1584,1916,4041,4373
\\nbi-ufiles\shared\Research-Groups\Mark-Banfield\Josh_Williams\Scoring_20Oct\Yuxuan\_DSC3040.TIF,3,2,3,1,6,4,1440,1714,3724,3998
\\nbi-ufiles\shared\Research-Groups\Mark-Banfield\Josh_Williams\Scoring_20Oct\Yuxuan\_DSC3040.TIF,3,2,3,2,2,1,2267,2577,4094,4404
\\nbi-ufiles\shared\Research-Groups\Mark-Banfield\Josh_Williams\Scoring_20Oct\Yuxuan\_DSC3040.TIF,3,2,3,2,3,0,2338,2600,4510,4772
\\nbi-ufiles\shared\Research-Groups\Mark-Banfield\Josh_Williams\Scoring_20Oct\Yuxuan\_DSC3040.TIF,3,2,3,2,4,0,2999,3295,4404,4700
\\nbi-ufiles\shared\Research-Groups\Mark-Banfield\Josh_Williams\Scoring_20Oct\Yuxuan\_DSC3040.TIF,3,2,3,2,5,3,3004,3302,3998,4296
\\nbi-ufiles\shared\Research-Groups\Mark-Banfield\Josh_Williams\Scoring_20Oct\Yuxuan\_DSC3040.TIF,3,2,3,2,6,5,2832,3058,3760,3986
\\nbi-ufiles\shared\Research-Groups\Mark-Banfield\Josh_Williams\Scoring_20Oct\Yuxuan\_DSC3041.TIF,3,2,1,1,1,2,810,1108,536,834
\\nbi-ufiles\shared\Research-Groups\Mark-Banfield\Josh_Williams\Scoring_20Oct\Yuxuan\_DSC3041.TIF,3,2,1,1,2,2,584,952,959,1327
\\nbi-ufiles\shared\Research-Groups\Mark-Banfield\Josh_Williams\Scoring_20Oct\Yuxuan\_DSC3041.TIF,3,2,1,1,3,3,673,947,1346,1620
\\nbi-ufiles\shared\Research-Groups\Mark-Banfield\Josh_Williams\Scoring_20Oct\Yuxuan\_DSC3041.TIF,3,2,1,1,4,0,1268,1542,1286,1560
\\nbi-ufiles\shared\Research-Groups\Mark-Banfield\Josh_Williams\Scoring_20Oct\Yuxuan\_DSC3041.TIF,3,2,1,1,5,0,1298,1536,952,1190
\\nbi-ufiles\shared\Research-Groups\Mark-Banfield\Josh_Williams\Scoring_20Oct\Yuxuan\_DSC3041.TIF,3,2,1,1,6,0,1160,1422,608,870
\\nbi-ufiles\shared\Research-Groups\Mark-Banfield\Josh_Williams\Scoring_20Oct\Yuxuan\_DSC3041.TIF,3,2,1,2,1,0,2314,2612,798,1096
\\nbi-ufiles\shared\Research-Groups\Mark-Banfield\Josh_Williams\Scoring_20Oct\Yuxuan\_DSC3041.TIF,3,2,1,2,2,1,2160,2422,1108,1370
\\nbi-ufiles\shared\Research-Groups\Mark-Banfield\Josh_Williams\Scoring_20Oct\Yuxuan\_DSC3041.TIF,3,2,1,2,3,3,2226,2476,1512,1762
\\nbi-ufiles\shared\Research-Groups\Mark-Banfield\Josh_Williams\Scoring_20Oct\Yuxuan\_DSC3041.TIF,3,2,1,2,4,0,2844,3094,1370,1620
\\nbi-ufiles\shared\Research-Groups\Mark-Banfield\Josh_Williams\Scoring_20Oct\Yuxuan\_DSC3041.TIF,3,2,1,2,5,0,2880,3142,1000,1262
\\nbi-ufiles\shared\Research-Groups\Mark-Banfield\Josh_Williams\Scoring_20Oct\Yuxuan\_DSC3041.TIF,3,2,1,2,6,0,2630,2880,674,924
\\nbi-ufiles\shared\Research-Groups\Mark-Banfield\Josh_Williams\Scoring_20Oct\Yuxuan\_DSC3041.TIF,3,2,2,1,1,1,1001,1237,2084,2320
\\nbi-ufiles\shared\Research-Groups\Mark-Banfield\Josh_Williams\Scoring_20Oct\Yuxuan\_DSC3041.TIF,3,2,2,1,2,0,922,1232,2428,2738
\\nbi-ufiles\shared\Research-Groups\Mark-Banfield\Josh_Williams\Scoring_20Oct\Yuxuan\_DSC3041.TIF,3,2,2,1,3,0,750,1012,2838,3100
\\nbi-ufiles\shared\Research-Groups\Mark-Banfield\Josh_Williams\Scoring_20Oct\Yuxuan\_DSC3041.TIF,3,2,2,1,4,0,1370,1666,2839,3135
\\nbi-ufiles\shared\Research-Groups\Mark-Banfield\Josh_Williams\Scoring_20Oct\Yuxuan\_DSC3041.TIF,3,2,2,1,6,5,1334,1620,2178,2464
\\nbi-ufiles\shared\Research-Groups\Mark-Banfield\Josh_Williams\Scoring_20Oct\Yuxuan\_DSC3041.TIF,3,2,2,2,1,0,2606,2868,2292,2554
\\nbi-ufiles\shared\Research-Groups\Mark-Banfield\Josh_Williams\Scoring_20Oct\Yuxuan\_DSC3041.TIF,3,2,2,2,2,0,2428,2702,2570,2844
\\nbi-ufiles\shared\Research-Groups\Mark-Banfield\Josh_Williams\Scoring_20Oct\Yuxuan\_DSC3041.TIF,3,2,2,2,3,0,2482,2744,2976,3238
\\nbi-ufiles\shared\Research-Groups\Mark-Banfield\Josh_Williams\Scoring_20Oct\Yuxuan\_DSC3041.TIF,3,2,2,2,4,0,2988,3226,3000,3238
\\nbi-ufiles\shared\Research-Groups\Mark-Banfield\Josh_Williams\Scoring_20Oct\Yuxuan\_DSC3041.TIF,3,2,2,2,5,3,3028,3338,2618,2928
\\nbi-ufiles\shared\Research-Groups\Mark-Banfield\Josh_Williams\Scoring_20Oct\Yuxuan\_DSC3041.TIF,3,2,2,2,6,0,2970,3208,2320,2558
\\nbi-ufiles\shared\Research-Groups\Mark-Banfield\Josh_Williams\Scoring_20Oct\Yuxuan\_DSC3041.TIF,3,2,3,1,1,3,1000,1322,3742,4064
\\nbi-ufiles\shared\Research-Groups\Mark-Banfield\Josh_Williams\Scoring_20Oct\Yuxuan\_DSC3041.TIF,3,2,3,1,2,4,816,1162,4034,4380
\\nbi-ufiles\shared\Research-Groups\Mark-Banfield\Josh_Williams\Scoring_20Oct\Yuxuan\_DSC3041.TIF,3,2,3,1,3,4,846,1108,4474,4736
\\nbi-ufiles\shared\Research-Groups\Mark-Banfield\Josh_Williams\Scoring_20Oct\Yuxuan\_DSC3041.TIF,3,2,3,1,4,0,1416,1750,4355,4689
\\nbi-ufiles\shared\Research-Groups\Mark-Banfield\Josh_Williams\Scoring_20Oct\Yuxuan\_DSC3041.TIF,3,2,3,1,5,3,1584,1846,3962,4224
\\nbi-ufiles\shared\Research-Groups\Mark-Banfield\Josh_Williams\Scoring_20Oct\Yuxuan\_DSC3041.TIF,3,2,3,1,6,0,1346,1596,3802,4052
\\nbi-ufiles\shared\Research-Groups\Mark-Banfield\Josh_Williams\Scoring_20Oct\Yuxuan\_DSC3041.TIF,3,2,3,2,1,0,2558,2820,3856,4118
\\nbi-ufiles\shared\Research-Groups\Mark-Banfield\Josh_Williams\Scoring_20Oct\Yuxuan\_DSC3041.TIF,3,2,3,2,2,6,2428,2726,4094,4392
\\nbi-ufiles\shared\Research-Groups\Mark-Banfield\Josh_Williams\Scoring_20Oct\Yuxuan\_DSC3041.TIF,3,2,3,2,3,0,2344,2606,4522,4784
\\nbi-ufiles\shared\Research-Groups\Mark-Banfield\Josh_Williams\Scoring_20Oct\Yuxuan\_DSC3041.TIF,3,2,3,2,4,3,2988,3272,4357,4641
\\nbi-ufiles\shared\Research-Groups\Mark-Banfield\Josh_Williams\Scoring_20Oct\Yuxuan\_DSC3041.TIF,3,2,3,2,5,1,2946,3220,3998,4272
\\nbi-ufiles\shared\Research-Groups\Mark-Banfield\Josh_Williams\Scoring_20Oct\Yuxuan\_DSC3041.TIF,3,2,3,2,6,0,2784,3058,3766,4040
\\nbi-ufiles\shared\Research-Groups\Mark-Banfield\Josh_Williams\Scoring_20Oct\Yuxuan\_DSC3043.TIF,3,2,1,1,1,2,928,1132,494,698
\\nbi-ufiles\shared\Research-Groups\Mark-Banfield\Josh_Williams\Scoring_20Oct\Yuxuan\_DSC3043.TIF,3,2,1,1,2,2,768,1030,714,976
\\nbi-ufiles\shared\Research-Groups\Mark-Banfield\Josh_Williams\Scoring_20Oct\Yuxuan\_DSC3043.TIF,3,2,1,1,3,0,697,1005,1084,1392
\\nbi-ufiles\shared\Research-Groups\Mark-Banfield\Josh_Williams\Scoring_20Oct\Yuxuan\_DSC3043.TIF,3,2,1,1,4,0,1317,1625,1132,1440
\\nbi-ufiles\shared\Research-Groups\Mark-Banfield\Josh_Williams\Scoring_20Oct\Yuxuan\_DSC3043.TIF,3,2,1,1,5,6,1422,1696,714,988
\\nbi-ufiles\shared\Research-Groups\Mark-Banfield\Josh_Williams\Scoring_20Oct\Yuxuan\_DSC3043.TIF,3,2,1,1,6,0,1250,1476,494,720
\\nbi-ufiles\shared\Research-Groups\Mark-Banfield\Josh_Williams\Scoring_20Oct\Yuxuan\_DSC3043.TIF,3,2,1,2,1,0,2428,2666,530,768
\\nbi-ufiles\shared\Research-Groups\Mark-Banfield\Josh_Williams\Scoring_20Oct\Yuxuan\_DSC3043.TIF,3,2,1,2,2,1,2208,2494,858,1144
\\nbi-ufiles\shared\Research-Groups\Mark-Banfield\Josh_Williams\Scoring_20Oct\Yuxuan\_DSC3043.TIF,3,2,1,2,3,3,2268,2530,1190,1452
\\nbi-ufiles\shared\Research-Groups\Mark-Banfield\Josh_Williams\Scoring_20Oct\Yuxuan\_DSC3043.TIF,3,2,1,2,4,0,2778,3100,1190,1512
\\nbi-ufiles\shared\Research-Groups\Mark-Banfield\Josh_Williams\Scoring_20Oct\Yuxuan\_DSC3043.TIF,3,2,1,2,5,1,2874,3136,810,1072
\\nbi-ufiles\shared\Research-Groups\Mark-Banfield\Josh_Williams\Scoring_20Oct\Yuxuan\_DSC3043.TIF,3,2,1,2,6,4,2726,2952,465,691
\\nbi-ufiles\shared\Research-Groups\Mark-Banfield\Josh_Williams\Scoring_20Oct\Yuxuan\_DSC3043.TIF,3,2,2,1,2,1,811,1131,2250,2570
\\nbi-ufiles\shared\Research-Groups\Mark-Banfield\Josh_Williams\Scoring_20Oct\Yuxuan\_DSC3043.TIF,3,2,2,1,3,1,858,1166,2673,2981
\\nbi-ufiles\shared\Research-Groups\Mark-Banfield\Josh_Williams\Scoring_20Oct\Yuxuan\_DSC3043.TIF,3,2,2,1,4,0,1440,1726,2547,2833
\\nbi-ufiles\shared\Research-Groups\Mark-Banfield\Josh_Williams\Scoring_20Oct\Yuxuan\_DSC3043.TIF,3,2,2,1,5,0,1322,1642,2227,2547
\\nbi-ufiles\shared\Research-Groups\Mark-Banfield\Josh_Williams\Scoring_20Oct\Yuxuan\_DSC3043.TIF,3,2,2,1,6,5,1274,1536,1952,2214
\\nbi-ufiles\shared\Research-Groups\Mark-Banfield\Josh_Williams\Scoring_20Oct\Yuxuan\_DSC3043.TIF,3,2,2,2,1,0,2308,2570,2036,2298
\\nbi-ufiles\shared\Research-Groups\Mark-Banfield\Josh_Williams\Scoring_20Oct\Yuxuan\_DSC3043.TIF,3,2,2,2,2,3,2173,2445,2286,2558
\\nbi-ufiles\shared\Research-Groups\Mark-Banfield\Josh_Williams\Scoring_20Oct\Yuxuan\_DSC3043.TIF,3,2,2,2,3,0,2238,2512,2570,2844
\\nbi-ufiles\shared\Research-Groups\Mark-Banfield\Josh_Williams\Scoring_20Oct\Yuxuan\_DSC3043.TIF,3,2,2,2,4,0,2802,3052,2500,2750
\\nbi-ufiles\shared\Research-Groups\Mark-Banfield\Josh_Williams\Scoring_20Oct\Yuxuan\_DSC3043.TIF,3,2,2,2,5,5,2838,3124,2154,2440
\\nbi-ufiles\shared\Research-Groups\Mark-Banfield\Josh_Williams\Scoring_20Oct\Yuxuan\_DSC3043.TIF,3,2,2,2,6,1,2630,2904,1910,2184
\\nbi-ufiles\shared\Research-Groups\Mark-Banfield\Josh_Williams\Scoring_20Oct\Yuxuan\_DSC3043.TIF,3,2,3,1,1,6,1018,1268,3416,3666
\\nbi-ufiles\shared\Research-Groups\Mark-Banfield\Josh_Williams\Scoring_20Oct\Yuxuan\_DSC3043.TIF,3,2,3,1,2,1,858,1072,3672,3886
\\nbi-ufiles\shared\Research-Groups\Mark-Banfield\Josh_Williams\Scoring_20Oct\Yuxuan\_DSC3043.TIF,3,2,3,1,3,2,882,1108,3916,4142
\\nbi-ufiles\shared\Research-Groups\Mark-Banfield\Josh_Williams\Scoring_20Oct\Yuxuan\_DSC3043.TIF,3,2,3,1,4,0,1358,1608,4070,4320
\\nbi-ufiles\shared\Research-Groups\Mark-Banfield\Josh_Williams\Scoring_20Oct\Yuxuan\_DSC3043.TIF,3,2,3,1,5,1,1702,1702,3974,3974
\\nbi-ufiles\shared\Research-Groups\Mark-Banfield\Josh_Williams\Scoring_20Oct\Yuxuan\_DSC3043.TIF,3,2,3,1,6,2,1268,1518,3404,3654
\\nbi-ufiles\shared\Research-Groups\Mark-Banfield\Josh_Williams\Scoring_20Oct\Yuxuan\_DSC3043.TIF,3,2,3,2,1,3,2619,2867,3238,3486
\\nbi-ufiles\shared\Research-Groups\Mark-Banfield\Josh_Williams\Scoring_20Oct\Yuxuan\_DSC3043.TIF,3,2,3,2,2,0,2292,2554,3654,3916
\\nbi-ufiles\shared\Research-Groups\Mark-Banfield\Josh_Williams\Scoring_20Oct\Yuxuan\_DSC3043.TIF,3,2,3,2,3,2,2250,2548,3998,4296
\\nbi-ufiles\shared\Research-Groups\Mark-Banfield\Josh_Williams\Scoring_20Oct\Yuxuan\_DSC3043.TIF,3,2,3,2,4,4,2976,3238,3986,4248
\\nbi-ufiles\shared\Research-Groups\Mark-Banfield\Josh_Williams\Scoring_20Oct\Yuxuan\_DSC3043.TIF,3,2,3,2,5,0,3034,3296,3660,3922
\\nbi-ufiles\shared\Research-Groups\Mark-Banfield\Josh_Williams\Scoring_20Oct\Yuxuan\_DSC3043.TIF,3,2,3,2,6,1,2874,3124,3368,3618
\\nbi-ufiles\shared\Research-Groups\Mark-Banfield\Josh_Williams\Scoring_20Oct\Yuxuan\_DSC3044.TIF,3,3,1,1,1,1,798,1048,756,1006
\\nbi-ufiles\shared\Research-Groups\Mark-Banfield\Josh_Williams\Scoring_20Oct\Yuxuan\_DSC3044.TIF,3,3,1,1,2,2,656,952,1031,1327
\\nbi-ufiles\shared\Research-Groups\Mark-Banfield\Josh_Williams\Scoring_20Oct\Yuxuan\_DSC3044.TIF,3,3,1,1,3,0,608,918,1392,1702
\\nbi-ufiles\shared\Research-Groups\Mark-Banfield\Josh_Williams\Scoring_20Oct\Yuxuan\_DSC3044.TIF,3,3,1,1,4,1,1256,1506,1476,1726
\\nbi-ufiles\shared\Research-Groups\Mark-Banfield\Josh_Williams\Scoring_20Oct\Yuxuan\_DSC3044.TIF,3,3,1,1,5,0,1178,1428,1126,1376
\\nbi-ufiles\shared\Research-Groups\Mark-Banfield\Josh_Williams\Scoring_20Oct\Yuxuan\_DSC3044.TIF,3,3,1,1,6,5,1024,1262,840,1078
\\nbi-ufiles\shared\Research-Groups\Mark-Banfield\Josh_Williams\Scoring_20Oct\Yuxuan\_DSC3044.TIF,3,3,1,3,1,4,2344,2548,809,1013
\\nbi-ufiles\shared\Research-Groups\Mark-Banfield\Josh_Williams\Scoring_20Oct\Yuxuan\_DSC3044.TIF,3,3,1,3,2,2,2202,2416,1072,1286
\\nbi-ufiles\shared\Research-Groups\Mark-Banfield\Josh_Williams\Scoring_20Oct\Yuxuan\_DSC3044.TIF,3,3,1,3,3,3,2118,2368,1398,1648
\\nbi-ufiles\shared\Research-Groups\Mark-Banfield\Josh_Williams\Scoring_20Oct\Yuxuan\_DSC3044.TIF,3,3,1,3,4,4,2768,3028,1382,1642
\\nbi-ufiles\shared\Research-Groups\Mark-Banfield\Josh_Williams\Scoring_20Oct\Yuxuan\_DSC3044.TIF,3,3,1,3,5,4,2796,3034,1096,1334
\\nbi-ufiles\shared\Research-Groups\Mark-Banfield\Josh_Williams\Scoring_20Oct\Yuxuan\_DSC3044.TIF,3,3,1,3,6,4,2654,2880,786,1012
\\nbi-ufiles\shared\Research-Groups\Mark-Banfield\Josh_Williams\Scoring_20Oct\Yuxuan\_DSC3044.TIF,3,3,2,2,1,4,1578,1840,2048,2310
\\nbi-ufiles\shared\Research-Groups\Mark-Banfield\Josh_Williams\Scoring_20Oct\Yuxuan\_DSC3044.TIF,3,3,2,2,2,0,1392,1678,2344,2630
\\nbi-ufiles\shared\Research-Groups\Mark-Banfield\Josh_Williams\Scoring_20Oct\Yuxuan\_DSC3044.TIF,3,3,2,2,3,2,1416,1690,2773,3047
\\nbi-ufiles\shared\Research-Groups\Mark-Banfield\Josh_Williams\Scoring_20Oct\Yuxuan\_DSC3044.TIF,3,3,2,2,4,1,2048,2332,2745,3029
\\nbi-ufiles\shared\Research-Groups\Mark-Banfield\Josh_Williams\Scoring_20Oct\Yuxuan\_DSC3044.TIF,3,3,2,2,5,0,2094,2368,2380,2654
\\nbi-ufiles\shared\Research-Groups\Mark-Banfield\Josh_Williams\Scoring_20Oct\Yuxuan\_DSC3044.TIF,3,3,2,2,6,1,1874,2136,2048,2310
\\nbi-ufiles\shared\Research-Groups\Mark-Banfield\Josh_Williams\Scoring_20Oct\Yuxuan\_DSC3044.TIF,3,3,3,1,2,5,940,1214,3736,4010
\\nbi-ufiles\shared\Research-Groups\Mark-Banfield\Josh_Williams\Scoring_20Oct\Yuxuan\_DSC3044.TIF,3,3,3,1,3,1,798,1108,4176,4486
\\nbi-ufiles\shared\Research-Groups\Mark-Banfield\Josh_Williams\Scoring_20Oct\Yuxuan\_DSC3044.TIF,3,3,3,1,4,3,1518,1816,4058,4356
\\nbi-ufiles\shared\Research-Groups\Mark-Banfield\Josh_Williams\Scoring_20Oct\Yuxuan\_DSC3044.TIF,3,3,3,1,5,1,1476,1762,3688,3974
\\nbi-ufiles\shared\Research-Groups\Mark-Banfield\Josh_Williams\Scoring_20Oct\Yuxuan\_DSC3044.TIF,3,3,3,1,6,2,1322,1584,3332,3594
\\nbi-ufiles\shared\Research-Groups\Mark-Banfield\Josh_Williams\Scoring_20Oct\Yuxuan\_DSC3044.TIF,3,3,3,3,1,3,2422,2636,3546,3760
\\nbi-ufiles\shared\Research-Groups\Mark-Banfield\Josh_Williams\Scoring_20Oct\Yuxuan\_DSC3044.TIF,3,3,3,3,2,0,2262,2570,3851,4159
\\nbi-ufiles\shared\Research-Groups\Mark-Banfield\Josh_Williams\Scoring_20Oct\Yuxuan\_DSC3044.TIF,3,3,3,3,3,3,2232,2494,4284,4546
\\nbi-ufiles\shared\Research-Groups\Mark-Banfield\Josh_Williams\Scoring_20Oct\Yuxuan\_DSC3044.TIF,3,3,3,3,4,5,2642,2916,4136,4410
\\nbi-ufiles\shared\Research-Groups\Mark-Banfield\Josh_Williams\Scoring_20Oct\Yuxuan\_DSC3044.TIF,3,3,3,3,5,2,2690,2952,3856,4118
\\nbi-ufiles\shared\Research-Groups\Mark-Banfield\Josh_Williams\Scoring_20Oct\Yuxuan\_DSC3044.TIF,3,3,3,3,6,0,2648,2838,3642,3832
\\nbi-ufiles\shared\Research-Groups\Mark-Banfield\Josh_Williams\Scoring_20Oct\Yuxuan\_DSC3535.TIF,3,3,1,2,1,3,1620,1880,633,893
\\nbi-ufiles\shared\Research-Groups\Mark-Banfield\Josh_Williams\Scoring_20Oct\Yuxuan\_DSC3535.TIF,3,3,1,2,2,3,1382,1690,1013,1321
\\nbi-ufiles\shared\Research-Groups\Mark-Banfield\Josh_Williams\Scoring_20Oct\Yuxuan\_DSC3535.TIF,3,3,1,2,3,0,1416,1702,1500,1786
\\nbi-ufiles\shared\Research-Groups\Mark-Banfield\Josh_Williams\Scoring_20Oct\Yuxuan\_DSC3535.TIF,3,3,1,2,4,0,2084,2356,1471,1743
\\nbi-ufiles\shared\Research-Groups\Mark-Banfield\Josh_Williams\Scoring_20Oct\Yuxuan\_DSC3535.TIF,3,3,1,2,5,0,2124,2422,1000,1298
\\nbi-ufiles\shared\Research-Groups\Mark-Banfield\Josh_Williams\Scoring_20Oct\Yuxuan\_DSC3535.TIF,3,3,1,2,6,3,1940,2226,614,900
\\nbi-ufiles\shared\Research-Groups\Mark-Banfield\Josh_Williams\Scoring_20Oct\Yuxuan\_DSC3535.TIF,3,3,2,1,1,4,834,1096,2118,2380
\\nbi-ufiles\shared\Research-Groups\Mark-Banfield\Josh_Williams\Scoring_20Oct\Yuxuan\_DSC3535.TIF,3,3,2,1,2,3,638,936,2464,2762
\\nbi-ufiles\shared\Research-Groups\Mark-Banfield\Josh_Williams\Scoring_20Oct\Yuxuan\_DSC3535.TIF,3,3,2,1,3,0,708,1042,2868,3202
\\nbi-ufiles\shared\Research-Groups\Mark-Banfield\Josh_Williams\Scoring_20Oct\Yuxuan\_DSC3535.TIF,3,3,2,1,4,0,1334,1584,2850,3100
\\nbi-ufiles\shared\Research-Groups\Mark-Banfield\Josh_Williams\Scoring_20Oct\Yuxuan\_DSC3535.TIF,3,3,2,1,5,2,1322,1642,2387,2707
\\nbi-ufiles\shared\Research-Groups\Mark-Banfield\Josh_Williams\Scoring_20Oct\Yuxuan\_DSC3535.TIF,3,3,2,1,6,2,1178,1428,2042,2292
\\nbi-ufiles\shared\Research-Groups\Mark-Banfield\Josh_Williams\Scoring_20Oct\Yuxuan\_DSC3535.TIF,3,3,2,3,1,0,2178,2488,2082,2392
\\nbi-ufiles\shared\Research-Groups\Mark-Banfield\Josh_Williams\Scoring_20Oct\Yuxuan\_DSC3535.TIF,3,3,2,3,2,5,2000,2332,2476,2808
\\nbi-ufiles\shared\Research-Groups\Mark-Banfield\Josh_Williams\Scoring_20Oct\Yuxuan\_DSC3535.TIF,3,3,2,3,3,3,2012,2310,2808,3106
\\nbi-ufiles\shared\Research-Groups\Mark-Banfield\Josh_Williams\Scoring_20Oct\Yuxuan\_DSC3535.TIF,3,3,2,3,4,3,2726,3034,2803,3111
\\nbi-ufiles\shared\Research-Groups\Mark-Banfield\Josh_Williams\Scoring_20Oct\Yuxuan\_DSC3535.TIF,3,3,2,3,5,0,2796,3106,2452,2762
\\nbi-ufiles\shared\Research-Groups\Mark-Banfield\Josh_Williams\Scoring_20Oct\Yuxuan\_DSC3535.TIF,3,3,2,3,6,1,2577,2909,2024,2356
\\nbi-ufiles\shared\Research-Groups\Mark-Banfield\Josh_Williams\Scoring_20Oct\Yuxuan\_DSC3535.TIF,3,3,3,1,1,0,834,1108,3790,4064
\\nbi-ufiles\shared\Research-Groups\Mark-Banfield\Josh_Williams\Scoring_20Oct\Yuxuan\_DSC3535.TIF,3,3,3,1,2,3,596,976,4070,4450
\\nbi-ufiles\shared\Research-Groups\Mark-Banfield\Josh_Williams\Scoring_20Oct\Yuxuan\_DSC3535.TIF,3,3,3,1,3,3,702,976,4564,4838
\\nbi-ufiles\shared\Research-Groups\Mark-Banfield\Josh_Williams\Scoring_20Oct\Yuxuan\_DSC3535.TIF,3,3,3,1,4,4,1262,1642,4487,4867
\\nbi-ufiles\shared\Research-Groups\Mark-Banfield\Josh_Williams\Scoring_20Oct\Yuxuan\_DSC3535.TIF,3,3,3,1,5,0,1334,1666,4112,4444
\\nbi-ufiles\shared\Research-Groups\Mark-Banfield\Josh_Williams\Scoring_20Oct\Yuxuan\_DSC3535.TIF,3,3,3,1,6,2,1196,1458,3748,4010
\\nbi-ufiles\shared\Research-Groups\Mark-Banfield\Josh_Williams\Scoring_20Oct\Yuxuan\_DSC3535.TIF,3,3,3,3,1,0,2356,2630,3748,4022
\\nbi-ufiles\shared\Research-Groups\Mark-Banfield\Josh_Williams\Scoring_20Oct\Yuxuan\_DSC3535.TIF,3,3,3,3,2,3,2184,2518,4046,4380
\\nbi-ufiles\shared\Research-Groups\Mark-Banfield\Josh_Williams\Scoring_20Oct\Yuxuan\_DSC3535.TIF,3,3,3,3,3,4,2226,2524,4498,4796
\\nbi-ufiles\shared\Research-Groups\Mark-Banfield\Josh_Williams\Scoring_20Oct\Yuxuan\_DSC3535.TIF,3,3,3,3,4,2,2832,3046,4486,4700
\\nbi-ufiles\shared\Research-Groups\Mark-Banfield\Josh_Williams\Scoring_20Oct\Yuxuan\_DSC3535.TIF,3,3,3,3,5,4,2796,3094,4058,4356
\\nbi-ufiles\shared\Research-Groups\Mark-Banfield\Josh_Williams\Scoring_20Oct\Yuxuan\_DSC3535.TIF,3,3,3,3,6,2,2732,2982,3796,4046
\\nbi-ufiles\shared\Research-Groups\Mark-Banfield\Josh_Williams\Scoring_20Oct\Yuxuan\_DSC3536.TIF,3,3,1,2,1,2,1630,1916,708,994
\\nbi-ufiles\shared\Research-Groups\Mark-Banfield\Josh_Williams\Scoring_20Oct\Yuxuan\_DSC3536.TIF,3,3,1,2,2,3,1422,1732,964,1274
\\nbi-ufiles\shared\Research-Groups\Mark-Banfield\Josh_Williams\Scoring_20Oct\Yuxuan\_DSC3536.TIF,3,3,1,2,3,0,1358,1714,1399,1755
\\nbi-ufiles\shared\Research-Groups\Mark-Banfield\Josh_Williams\Scoring_20Oct\Yuxuan\_DSC3536.TIF,3,3,1,2,4,0,2058,2392,1476,1810
\\nbi-ufiles\shared\Research-Groups\Mark-Banfield\Josh_Williams\Scoring_20Oct\Yuxuan\_DSC3536.TIF,3,3,1,2,5,0,2148,2410,1096,1358
\\nbi-ufiles\shared\Research-Groups\Mark-Banfield\Josh_Williams\Scoring_20Oct\Yuxuan\_DSC3536.TIF,3,3,1,2,6,5,1940,2202,750,1012
\\nbi-ufiles\shared\Research-Groups\Mark-Banfield\Josh_Williams\Scoring_20Oct\Yuxuan\_DSC3536.TIF,3,3,2,1,1,4,858,1144,2012,2298
\\nbi-ufiles\shared\Research-Groups\Mark-Banfield\Josh_Williams\Scoring_20Oct\Yuxuan\_DSC3536.TIF,3,3,2,1,2,0,579,899,2464,2784
\\nbi-ufiles\shared\Research-Groups\Mark-Banfield\Josh_Williams\Scoring_20Oct\Yuxuan\_DSC3536.TIF,3,3,2,1,3,0,583,941,2832,3190
\\nbi-ufiles\shared\Research-Groups\Mark-Banfield\Josh_Williams\Scoring_20Oct\Yuxuan\_DSC3536.TIF,3,3,2,1,4,5,1298,1608,2862,3172
\\nbi-ufiles\shared\Research-Groups\Mark-Banfield\Josh_Williams\Scoring_20Oct\Yuxuan\_DSC3536.TIF,3,3,2,1,5,3,1404,1690,2464,2750
\\nbi-ufiles\shared\Research-Groups\Mark-Banfield\Josh_Williams\Scoring_20Oct\Yuxuan\_DSC3536.TIF,3,3,2,1,6,3,1167,1487,2048,2368
\\nbi-ufiles\shared\Research-Groups\Mark-Banfield\Josh_Williams\Scoring_20Oct\Yuxuan\_DSC3536.TIF,3,3,2,3,1,2,2314,2648,2094,2428
\\nbi-ufiles\shared\Research-Groups\Mark-Banfield\Josh_Williams\Scoring_20Oct\Yuxuan\_DSC3536.TIF,3,3,2,3,2,4,2142,2500,2446,2804
\\nbi-ufiles\shared\Research-Groups\Mark-Banfield\Josh_Williams\Scoring_20Oct\Yuxuan\_DSC3536.TIF,3,3,2,3,3,5,2178,2536,2844,3202
\\nbi-ufiles\shared\Research-Groups\Mark-Banfield\Josh_Williams\Scoring_20Oct\Yuxuan\_DSC3536.TIF,3,3,2,3,4,0,2952,3248,2905,3201
\\nbi-ufiles\shared\Research-Groups\Mark-Banfield\Josh_Williams\Scoring_20Oct\Yuxuan\_DSC3536.TIF,3,3,2,3,5,1,2981,3255,2464,2738
\\nbi-ufiles\shared\Research-Groups\Mark-Banfield\Josh_Williams\Scoring_20Oct\Yuxuan\_DSC3536.TIF,3,3,2,3,6,0,2756,3064,2048,2356
\\nbi-ufiles\shared\Research-Groups\Mark-Banfield\Josh_Williams\Scoring_20Oct\Yuxuan\_DSC3536.TIF,3,3,3,1,1,2,882,1190,3589,3897
\\nbi-ufiles\shared\Research-Groups\Mark-Banfield\Josh_Williams\Scoring_20Oct\Yuxuan\_DSC3536.TIF,3,3,3,1,2,4,922,1244,3986,4308
\\nbi-ufiles\shared\Research-Groups\Mark-Banfield\Josh_Williams\Scoring_20Oct\Yuxuan\_DSC3536.TIF,3,3,3,1,3,1,798,1166,4469,4837
\\nbi-ufiles\shared\Research-Groups\Mark-Banfield\Josh_Williams\Scoring_20Oct\Yuxuan\_DSC3536.TIF,3,3,3,1,4,5,1512,1868,4475,4831
\\nbi-ufiles\shared\Research-Groups\Mark-Banfield\Josh_Williams\Scoring_20Oct\Yuxuan\_DSC3536.TIF,3,3,3,1,5,0,1572,1904,4065,4397
\\nbi-ufiles\shared\Research-Groups\Mark-Banfield\Josh_Williams\Scoring_20Oct\Yuxuan\_DSC3536.TIF,3,3,3,1,6,0,1376,1648,3690,3962
\\nbi-ufiles\shared\Research-Groups\Mark-Banfield\Josh_Williams\Scoring_20Oct\Yuxuan\_DSC3536.TIF,3,3,3,3,1,5,2738,2738,3940,3940
\\nbi-ufiles\shared\Research-Groups\Mark-Banfield\Josh_Williams\Scoring_20Oct\Yuxuan\_DSC3536.TIF,3,3,3,3,2,3,2291,2589,4010,4308
\\nbi-ufiles\shared\Research-Groups\Mark-Banfield\Josh_Williams\Scoring_20Oct\Yuxuan\_DSC3536.TIF,3,3,3,3,3,0,2302,2672,4462,4832
\\nbi-ufiles\shared\Research-Groups\Mark-Banfield\Josh_Williams\Scoring_20Oct\Yuxuan\_DSC3536.TIF,3,3,3,3,4,0,2998,3332,4426,4760
\\nbi-ufiles\shared\Research-Groups\Mark-Banfield\Josh_Williams\Scoring_20Oct\Yuxuan\_DSC3536.TIF,3,3,3,3,5,0,2940,3226,3998,4284
\\nbi-ufiles\shared\Research-Groups\Mark-Banfield\Josh_Williams\Scoring_20Oct\Yuxuan\_DSC3536.TIF,3,3,3,3,6,4,2768,3100,3630,3962
\\nbi-ufiles\shared\Research-Groups\Mark-Banfield\Josh_Williams\Scoring_20Oct\Yuxuan\_DSC7360.tif,2,5,1,1,1,1,438,698,395,655
\\nbi-ufiles\shared\Research-Groups\Mark-Banfield\Josh_Williams\Scoring_20Oct\Yuxuan\_DSC7360.tif,2,5,1,1,2,0,358,580,714,936
\\nbi-ufiles\shared\Research-Groups\Mark-Banfield\Josh_Williams\Scoring_20Oct\Yuxuan\_DSC7360.tif,2,5,1,1,3,0,334,564,960,1190
\\nbi-ufiles\shared\Research-Groups\Mark-Banfield\Josh_Williams\Scoring_20Oct\Yuxuan\_DSC7360.tif,2,5,1,1,4,0,834,1064,886,1116
\\nbi-ufiles\shared\Research-Groups\Mark-Banfield\Josh_Williams\Scoring_20Oct\Yuxuan\_DSC7360.tif,2,5,1,1,5,5,734,980,596,842
\\nbi-ufiles\shared\Research-Groups\Mark-Banfield\Josh_Williams\Scoring_20Oct\Yuxuan\_DSC7360.tif,2,5,1,1,6,5,706,890,397,581
\\nbi-ufiles\shared\Research-Groups\Mark-Banfield\Josh_Williams\Scoring_20Oct\Yuxuan\_DSC7360.tif,2,5,1,2,1,5,1560,1726,422,588
\\nbi-ufiles\shared\Research-Groups\Mark-Banfield\Josh_Williams\Scoring_20Oct\Yuxuan\_DSC7360.tif,2,5,1,2,2,0,1425,1631,644,850
\\nbi-ufiles\shared\Research-Groups\Mark-Banfield\Josh_Williams\Scoring_20Oct\Yuxuan\_DSC7360.tif,2,5,1,2,3,0,1377,1569,968,1160
\\nbi-ufiles\shared\Research-Groups\Mark-Banfield\Josh_Williams\Scoring_20Oct\Yuxuan\_DSC7360.tif,2,5,1,2,4,0,1932,2170,874,1112
\\nbi-ufiles\shared\Research-Groups\Mark-Banfield\Josh_Williams\Scoring_20Oct\Yuxuan\_DSC7360.tif,2,5,1,2,5,0,1896,2126,624,854
\\nbi-ufiles\shared\Research-Groups\Mark-Banfield\Josh_Williams\Scoring_20Oct\Yuxuan\_DSC7360.tif,2,5,1,2,6,4,1778,1976,366,564
\\nbi-ufiles\shared\Research-Groups\Mark-Banfield\Josh_Williams\Scoring_20Oct\Yuxuan\_DSC7360.tif,2,5,1,3,1,4,2642,2848,342,548
\\nbi-ufiles\shared\Research-Groups\Mark-Banfield\Josh_Williams\Scoring_20Oct\Yuxuan\_DSC7360.tif,2,5,1,3,2,5,2539,2737,508,706
\\nbi-ufiles\shared\Research-Groups\Mark-Banfield\Josh_Williams\Scoring_20Oct\Yuxuan\_DSC7360.tif,2,5,1,3,3,1,2586,2800,703,917
\\nbi-ufiles\shared\Research-Groups\Mark-Banfield\Josh_Williams\Scoring_20Oct\Yuxuan\_DSC7360.tif,2,5,1,3,4,0,2984,3182,695,893
\\nbi-ufiles\shared\Research-Groups\Mark-Banfield\Josh_Williams\Scoring_20Oct\Yuxuan\_DSC7360.tif,2,5,1,3,5,0,2991,3159,516,684
\\nbi-ufiles\shared\Research-Groups\Mark-Banfield\Josh_Williams\Scoring_20Oct\Yuxuan\_DSC7360.tif,2,5,1,3,6,0,2872,3046,302,476
\\nbi-ufiles\shared\Research-Groups\Mark-Banfield\Josh_Williams\Scoring_20Oct\Yuxuan\_DSC7360.tif,2,5,1,4,1,0,3736,3896,365,525
\\nbi-ufiles\shared\Research-Groups\Mark-Banfield\Josh_Williams\Scoring_20Oct\Yuxuan\_DSC7360.tif,2,5,1,4,2,5,3654,3836,588,770
\\nbi-ufiles\shared\Research-Groups\Mark-Banfield\Josh_Williams\Scoring_20Oct\Yuxuan\_DSC7360.tif,2,5,1,4,3,4,3720,3928,817,1025
\\nbi-ufiles\shared\Research-Groups\Mark-Banfield\Josh_Williams\Scoring_20Oct\Yuxuan\_DSC7360.tif,2,5,1,4,4,0,4110,4300,738,928
\\nbi-ufiles\shared\Research-Groups\Mark-Banfield\Josh_Williams\Scoring_20Oct\Yuxuan\_DSC7360.tif,2,5,1,4,5,0,4041,4217,476,652
\\nbi-ufiles\shared\Research-Groups\Mark-Banfield\Josh_Williams\Scoring_20Oct\Yuxuan\_DSC7360.tif,2,5,1,4,6,0,3982,4150,254,422
\\nbi-ufiles\shared\Research-Groups\Mark-Banfield\Josh_Williams\Scoring_20Oct\Yuxuan\_DSC7360.tif,2,5,1,5,1,0,4701,4867,390,556
\\nbi-ufiles\shared\Research-Groups\Mark-Banfield\Josh_Williams\Scoring_20Oct\Yuxuan\_DSC7360.tif,2,5,1,5,2,0,4689,4871,588,770
\\nbi-ufiles\shared\Research-Groups\Mark-Banfield\Josh_Williams\Scoring_20Oct\Yuxuan\_DSC7360.tif,2,5,1,5,3,4,4684,4898,810,1024
\\nbi-ufiles\shared\Research-Groups\Mark-Banfield\Josh_Williams\Scoring_20Oct\Yuxuan\_DSC7360.tif,2,5,1,5,4,3,4994,5184,810,1000
\\nbi-ufiles\shared\Research-Groups\Mark-Banfield\Josh_Williams\Scoring_20Oct\Yuxuan\_DSC7360.tif,2,5,1,5,5,2,5038,5236,572,770
\\nbi-ufiles\shared\Research-Groups\Mark-Banfield\Josh_Williams\Scoring_20Oct\Yuxuan\_DSC7360.tif,2,5,1,5,6,2,4958,5148,350,540
\\nbi-ufiles\shared\Research-Groups\Mark-Banfield\Josh_Williams\Scoring_20Oct\Yuxuan\_DSC7360.tif,2,5,2,1,1,0,458,648,1936,2126
\\nbi-ufiles\shared\Research-Groups\Mark-Banfield\Josh_Williams\Scoring_20Oct\Yuxuan\_DSC7360.tif,2,5,2,1,2,0,366,588,2166,2388
\\nbi-ufiles\shared\Research-Groups\Mark-Banfield\Josh_Williams\Scoring_20Oct\Yuxuan\_DSC7360.tif,2,5,2,1,3,0,414,628,2480,2694
\\nbi-ufiles\shared\Research-Groups\Mark-Banfield\Josh_Williams\Scoring_20Oct\Yuxuan\_DSC7360.tif,2,5,2,1,4,4,826,1024,2341,2539
\\nbi-ufiles\shared\Research-Groups\Mark-Banfield\Josh_Williams\Scoring_20Oct\Yuxuan\_DSC7360.tif,2,5,2,1,5,5,778,976,2150,2348
\\nbi-ufiles\shared\Research-Groups\Mark-Banfield\Josh_Williams\Scoring_20Oct\Yuxuan\_DSC7360.tif,2,5,2,1,6,3,746,914,1955,2123
\\nbi-ufiles\shared\Research-Groups\Mark-Banfield\Josh_Williams\Scoring_20Oct\Yuxuan\_DSC7360.tif,2,5,2,2,1,0,1516,1706,1952,2142
\\nbi-ufiles\shared\Research-Groups\Mark-Banfield\Josh_Williams\Scoring_20Oct\Yuxuan\_DSC7360.tif,2,5,2,2,2,0,1392,1638,2190,2436
\\nbi-ufiles\shared\Research-Groups\Mark-Banfield\Josh_Williams\Scoring_20Oct\Yuxuan\_DSC7360.tif,2,5,2,2,3,0,1468,1666,2468,2666
\\nbi-ufiles\shared\Research-Groups\Mark-Banfield\Josh_Williams\Scoring_20Oct\Yuxuan\_DSC7360.tif,2,5,2,2,4,0,1856,2088,2312,2544
\\nbi-ufiles\shared\Research-Groups\Mark-Banfield\Josh_Williams\Scoring_20Oct\Yuxuan\_DSC7360.tif,2,5,2,2,5,5,1755,2135,2080,2460
\\nbi-ufiles\shared\Research-Groups\Mark-Banfield\Josh_Williams\Scoring_20Oct\Yuxuan\_DSC7360.tif,2,5,2,2,6,5,1777,1953,1872,2048
\\nbi-ufiles\shared\Research-Groups\Mark-Banfield\Josh_Williams\Scoring_20Oct\Yuxuan\_DSC7360.tif,2,5,2,3,1,4,2813,3003,1786,1976
\\nbi-ufiles\shared\Research-Groups\Mark-Banfield\Josh_Williams\Scoring_20Oct\Yuxuan\_DSC7360.tif,2,5,2,3,2,0,2674,2904,1992,2222
\\nbi-ufiles\shared\Research-Groups\Mark-Banfield\Josh_Williams\Scoring_20Oct\Yuxuan\_DSC7360.tif,2,5,2,3,3,0,2563,2801,2270,2508
\\nbi-ufiles\shared\Research-Groups\Mark-Banfield\Josh_Williams\Scoring_20Oct\Yuxuan\_DSC7360.tif,2,5,2,3,4,0,3038,3252,2198,2412
\\nbi-ufiles\shared\Research-Groups\Mark-Banfield\Josh_Williams\Scoring_20Oct\Yuxuan\_DSC7360.tif,2,5,2,3,5,0,3038,3268,1952,2182
\\nbi-ufiles\shared\Research-Groups\Mark-Banfield\Josh_Williams\Scoring_20Oct\Yuxuan\_DSC7360.tif,2,5,2,3,6,5,2980,3154,1770,1944
\\nbi-ufiles\shared\Research-Groups\Mark-Banfield\Josh_Williams\Scoring_20Oct\Yuxuan\_DSC7360.tif,2,5,2,4,1,4,3736,3944,1860,2068
\\nbi-ufiles\shared\Research-Groups\Mark-Banfield\Josh_Williams\Scoring_20Oct\Yuxuan\_DSC7360.tif,2,5,2,4,2,3,3578,3792,2056,2270
\\nbi-ufiles\shared\Research-Groups\Mark-Banfield\Josh_Williams\Scoring_20Oct\Yuxuan\_DSC7360.tif,2,5,2,4,3,0,3618,3880,2344,2606
\\nbi-ufiles\shared\Research-Groups\Mark-Banfield\Josh_Williams\Scoring_20Oct\Yuxuan\_DSC7360.tif,2,5,2,4,4,0,4046,4340,2324,2618
\\nbi-ufiles\shared\Research-Groups\Mark-Banfield\Josh_Williams\Scoring_20Oct\Yuxuan\_DSC7360.tif,2,5,2,4,5,0,4126,4356,2084,2314
\\nbi-ufiles\shared\Research-Groups\Mark-Banfield\Josh_Williams\Scoring_20Oct\Yuxuan\_DSC7360.tif,2,5,2,4,6,0,3998,4212,1865,2079
\\nbi-ufiles\shared\Research-Groups\Mark-Banfield\Josh_Williams\Scoring_20Oct\Yuxuan\_DSC7360.tif,2,5,2,5,1,0,4768,4950,1912,2094
\\nbi-ufiles\shared\Research-Groups\Mark-Banfield\Josh_Williams\Scoring_20Oct\Yuxuan\_DSC7360.tif,2,5,2,5,2,3,4661,4859,2166,2364
\\nbi-ufiles\shared\Research-Groups\Mark-Banfield\Josh_Williams\Scoring_20Oct\Yuxuan\_DSC7360.tif,2,5,2,5,3,3,4672,4832,2407,2567
\\nbi-ufiles\shared\Research-Groups\Mark-Banfield\Josh_Williams\Scoring_20Oct\Yuxuan\_DSC7360.tif,2,5,2,5,4,0,5124,5284,2372,2532
\\nbi-ufiles\shared\Research-Groups\Mark-Banfield\Josh_Williams\Scoring_20Oct\Yuxuan\_DSC7360.tif,2,5,2,5,5,0,5070,5268,2103,2301
\\nbi-ufiles\shared\Research-Groups\Mark-Banfield\Josh_Williams\Scoring_20Oct\Yuxuan\_DSC7360.tif,2,5,2,5,6,0,4993,5193,1864,2064
\\nbi-ufiles\shared\Research-Groups\Mark-Banfield\Josh_Williams\Scoring_20Oct\Yuxuan\_DSC7623.tif,3,3,1,1,1,6,620,858,786,1024
\\nbi-ufiles\shared\Research-Groups\Mark-Banfield\Josh_Williams\Scoring_20Oct\Yuxuan\_DSC7623.tif,3,3,1,1,2,0,476,786,1119,1429
\\nbi-ufiles\shared\Research-Groups\Mark-Banfield\Josh_Williams\Scoring_20Oct\Yuxuan\_DSC7623.tif,3,3,1,1,3,0,524,822,1410,1708
\\nbi-ufiles\shared\Research-Groups\Mark-Banfield\Josh_Williams\Scoring_20Oct\Yuxuan\_DSC7623.tif,3,3,1,1,4,0,1060,1370,1458,1768
\\nbi-ufiles\shared\Research-Groups\Mark-Banfield\Josh_Williams\Scoring_20Oct\Yuxuan\_DSC7623.tif,3,3,1,1,5,0,1072,1346,1084,1358
\\nbi-ufiles\shared\Research-Groups\Mark-Banfield\Josh_Williams\Scoring_20Oct\Yuxuan\_DSC7623.tif,3,3,1,1,6,0,922,1184,762,1024
\\nbi-ufiles\shared\Research-Groups\Mark-Banfield\Josh_Williams\Scoring_20Oct\Yuxuan\_DSC7623.tif,3,3,1,3,1,0,2362,2564,762,964
\\nbi-ufiles\shared\Research-Groups\Mark-Banfield\Josh_Williams\Scoring_20Oct\Yuxuan\_DSC7623.tif,3,3,1,3,2,5,2262,2524,1012,1274
\\nbi-ufiles\shared\Research-Groups\Mark-Banfield\Josh_Williams\Scoring_20Oct\Yuxuan\_DSC7623.tif,3,3,1,3,3,0,2012,2250,1404,1642
\\nbi-ufiles\shared\Research-Groups\Mark-Banfield\Josh_Williams\Scoring_20Oct\Yuxuan\_DSC7623.tif,3,3,1,3,4,0,2601,2921,1382,1702
\\nbi-ufiles\shared\Research-Groups\Mark-Banfield\Josh_Williams\Scoring_20Oct\Yuxuan\_DSC7623.tif,3,3,1,3,5,0,2654,2916,1066,1328
\\nbi-ufiles\shared\Research-Groups\Mark-Banfield\Josh_Williams\Scoring_20Oct\Yuxuan\_DSC7623.tif,3,3,1,3,6,0,2624,2898,750,1024
\\nbi-ufiles\shared\Research-Groups\Mark-Banfield\Josh_Williams\Scoring_20Oct\Yuxuan\_DSC7623.tif,3,3,2,2,1,0,1428,1642,2392,2606
\\nbi-ufiles\shared\Research-Groups\Mark-Banfield\Josh_Williams\Scoring_20Oct\Yuxuan\_DSC7623.tif,3,3,2,2,2,0,1310,1584,2773,3047
\\nbi-ufiles\shared\Research-Groups\Mark-Banfield\Josh_Williams\Scoring_20Oct\Yuxuan\_DSC7623.tif,3,3,2,2,3,4,1404,1666,3124,3386
\\nbi-ufiles\shared\Research-Groups\Mark-Banfield\Josh_Williams\Scoring_20Oct\Yuxuan\_DSC7623.tif,3,3,2,2,4,0,1982,2220,2904,3142
\\nbi-ufiles\shared\Research-Groups\Mark-Banfield\Josh_Williams\Scoring_20Oct\Yuxuan\_DSC7623.tif,3,3,2,2,5,0,1964,2190,2594,2820
\\nbi-ufiles\shared\Research-Groups\Mark-Banfield\Josh_Williams\Scoring_20Oct\Yuxuan\_DSC7623.tif,3,3,2,2,6,0,1720,1994,2320,2594
\\nbi-ufiles\shared\Research-Groups\Mark-Banfield\Josh_Williams\Scoring_20Oct\Yuxuan\_DSC7623.tif,3,3,3,1,1,0,620,894,3694,3968
\\nbi-ufiles\shared\Research-Groups\Mark-Banfield\Josh_Williams\Scoring_20Oct\Yuxuan\_DSC7623.tif,3,3,3,1,2,0,464,738,3968,4242
\\nbi-ufiles\shared\Research-Groups\Mark-Banfield\Josh_Williams\Scoring_20Oct\Yuxuan\_DSC7623.tif,3,3,3,1,3,0,382,668,4302,4588
\\nbi-ufiles\shared\Research-Groups\Mark-Banfield\Josh_Williams\Scoring_20Oct\Yuxuan\_DSC7623.tif,3,3,3,1,4,4,952,1238,4278,4564
\\nbi-ufiles\shared\Research-Groups\Mark-Banfield\Josh_Williams\Scoring_20Oct\Yuxuan\_DSC7623.tif,3,3,3,1,5,0,1012,1286,3992,4266
\\nbi-ufiles\shared\Research-Groups\Mark-Banfield\Josh_Williams\Scoring_20Oct\Yuxuan\_DSC7623.tif,3,3,3,1,6,0,952,1178,3707,3933
\\nbi-ufiles\shared\Research-Groups\Mark-Banfield\Josh_Williams\Scoring_20Oct\Yuxuan\_DSC7623.tif,3,3,3,3,1,0,2696,2958,3534,3796
\\nbi-ufiles\shared\Research-Groups\Mark-Banfield\Josh_Williams\Scoring_20Oct\Yuxuan\_DSC7623.tif,3,3,3,3,2,0,2476,2702,3742,3968
\\nbi-ufiles\shared\Research-Groups\Mark-Banfield\Josh_Williams\Scoring_20Oct\Yuxuan\_DSC7623.tif,3,3,3,3,3,0,2392,2666,4112,4386
\\nbi-ufiles\shared\Research-Groups\Mark-Banfield\Josh_Williams\Scoring_20Oct\Yuxuan\_DSC7623.tif,3,3,3,3,4,0,2988,3226,4118,4356
\\nbi-ufiles\shared\Research-Groups\Mark-Banfield\Josh_Williams\Scoring_20Oct\Yuxuan\_DSC7623.tif,3,3,3,3,5,6,2910,3160,3820,4070
\\nbi-ufiles\shared\Research-Groups\Mark-Banfield\Josh_Williams\Scoring_20Oct\Yuxuan\_DSC7623.tif,3,3,3,3,6,0,2928,3130,3594,3796
\\nbi-ufiles\shared\Research-Groups\Mark-Banfield\Josh_Williams\Scoring_20Oct\Yuxuan\_DSC8104.tif,3,3,1,1,1,6,774,1012,96,334
\\nbi-ufiles\shared\Research-Groups\Mark-Banfield\Josh_Williams\Scoring_20Oct\Yuxuan\_DSC8104.tif,3,3,1,1,2,6,524,822,382,680
\\nbi-ufiles\shared\Research-Groups\Mark-Banfield\Josh_Williams\Scoring_20Oct\Yuxuan\_DSC8104.tif,3,3,1,1,3,6,542,816,738,1012
\\nbi-ufiles\shared\Research-Groups\Mark-Banfield\Josh_Williams\Scoring_20Oct\Yuxuan\_DSC8104.tif,3,3,1,1,4,3,1114,1364,656,906
\\nbi-ufiles\shared\Research-Groups\Mark-Banfield\Josh_Williams\Scoring_20Oct\Yuxuan\_DSC8104.tif,3,3,1,1,5,5,1030,1244,334,548
\\nbi-ufiles\shared\Research-Groups\Mark-Banfield\Josh_Williams\Scoring_20Oct\Yuxuan\_DSC8104.tif,3,3,1,1,6,5,1078,1328,108,358
\\nbi-ufiles\shared\Research-Groups\Mark-Banfield\Josh_Williams\Scoring_20Oct\Yuxuan\_DSC8104.tif,3,3,1,3,1,3,2172,2482,108,418
\\nbi-ufiles\shared\Research-Groups\Mark-Banfield\Josh_Williams\Scoring_20Oct\Yuxuan\_DSC8104.tif,3,3,1,3,2,0,2060,2404,471,815
\\nbi-ufiles\shared\Research-Groups\Mark-Banfield\Josh_Williams\Scoring_20Oct\Yuxuan\_DSC8104.tif,3,3,1,3,3,0,2024,2368,840,1184
\\nbi-ufiles\shared\Research-Groups\Mark-Banfield\Josh_Williams\Scoring_20Oct\Yuxuan\_DSC8104.tif,3,3,1,3,4,0,2750,3024,726,1000
\\nbi-ufiles\shared\Research-Groups\Mark-Banfield\Josh_Williams\Scoring_20Oct\Yuxuan\_DSC8104.tif,3,3,1,3,5,5,2612,2874,394,656
\\nbi-ufiles\shared\Research-Groups\Mark-Banfield\Josh_Williams\Scoring_20Oct\Yuxuan\_DSC8104.tif,3,3,1,3,6,5,2576,2838,84,346
\\nbi-ufiles\shared\Research-Groups\Mark-Banfield\Josh_Williams\Scoring_20Oct\Yuxuan\_DSC8104.tif,3,3,2,2,1,6,1524,1786,1666,1928
\\nbi-ufiles\shared\Research-Groups\Mark-Banfield\Josh_Williams\Scoring_20Oct\Yuxuan\_DSC8104.tif,3,3,2,2,2,3,1428,1690,2006,2268
\\nbi-ufiles\shared\Research-Groups\Mark-Banfield\Josh_Williams\Scoring_20Oct\Yuxuan\_DSC8104.tif,3,3,2,2,3,0,1416,1714,2434,2732
\\nbi-ufiles\shared\Research-Groups\Mark-Banfield\Josh_Williams\Scoring_20Oct\Yuxuan\_DSC8104.tif,3,3,2,2,4,4,2042,2292,2190,2440
\\nbi-ufiles\shared\Research-Groups\Mark-Banfield\Josh_Williams\Scoring_20Oct\Yuxuan\_DSC8104.tif,3,3,2,2,5,0,1904,2178,1862,2136
\\nbi-ufiles\shared\Research-Groups\Mark-Banfield\Josh_Williams\Scoring_20Oct\Yuxuan\_DSC8104.tif,3,3,2,2,6,5,1762,2036,1572,1846
\\nbi-ufiles\shared\Research-Groups\Mark-Banfield\Josh_Williams\Scoring_20Oct\Yuxuan\_DSC8104.tif,3,3,3,1,1,5,400,638,3332,3570
\\nbi-ufiles\shared\Research-Groups\Mark-Banfield\Josh_Williams\Scoring_20Oct\Yuxuan\_DSC8104.tif,3,3,3,1,2,6,340,590,3678,3928
\\nbi-ufiles\shared\Research-Groups\Mark-Banfield\Josh_Williams\Scoring_20Oct\Yuxuan\_DSC8104.tif,3,3,3,1,3,4,500,726,3951,4177
\\nbi-ufiles\shared\Research-Groups\Mark-Banfield\Josh_Williams\Scoring_20Oct\Yuxuan\_DSC8104.tif,3,3,3,1,4,0,1012,1274,3724,3986
\\nbi-ufiles\shared\Research-Groups\Mark-Banfield\Josh_Williams\Scoring_20Oct\Yuxuan\_DSC8104.tif,3,3,3,1,5,0,798,1072,3374,3648
\\nbi-ufiles\shared\Research-Groups\Mark-Banfield\Josh_Williams\Scoring_20Oct\Yuxuan\_DSC8104.tif,3,3,3,1,6,0,656,918,3040,3302
\\nbi-ufiles\shared\Research-Groups\Mark-Banfield\Josh_Williams\Scoring_20Oct\Yuxuan\_DSC8104.tif,3,3,3,3,1,0,2398,2672,3058,3332
\\nbi-ufiles\shared\Research-Groups\Mark-Banfield\Josh_Williams\Scoring_20Oct\Yuxuan\_DSC8104.tif,3,3,3,3,2,5,2250,2512,3404,3666
\\nbi-ufiles\shared\Research-Groups\Mark-Banfield\Josh_Williams\Scoring_20Oct\Yuxuan\_DSC8104.tif,3,3,3,3,3,4,2178,2440,3690,3952
\\nbi-ufiles\shared\Research-Groups\Mark-Banfield\Josh_Williams\Scoring_20Oct\Yuxuan\_DSC8104.tif,3,3,3,3,4,3,2784,3094,3700,4010
\\nbi-ufiles\shared\Research-Groups\Mark-Banfield\Josh_Williams\Scoring_20Oct\Yuxuan\_DSC8104.tif,3,3,3,3,5,0,2796,3058,3380,3642
\\nbi-ufiles\shared\Research-Groups\Mark-Banfield\Josh_Williams\Scoring_20Oct\Yuxuan\_DSC8104.tif,3,3,3,3,6,0,2726,2952,3034,3260
